Dataname,Value,Time
featureId,UNAVAILABLE,2025-07-31 13:21:00.834934
partKindId,NONE,2025-07-31 13:21:00.834934
processKindId,NONE,2025-07-31 13:21:00.834934
A_Axis_Load,0,2025-07-31 13:21:00.834934
A_Position,-89.9995631963877,2025-07-31 13:21:00.834934
C_Axis_Load,11,2025-07-31 13:21:00.834934
C_Position,120.0005,2025-07-31 13:21:00.834934
Machine_Time,2758021.162,2025-07-31 13:21:00.834934
Spindle_Time,767248.463999999,2025-07-31 13:21:00.834934
Feed_Override,100,2025-07-31 13:21:00.834934
Feed_Rate,0,2025-07-31 13:21:00.834934
Program_Runtime_Seconds,46,2025-07-31 13:21:00.834934
Rapid_Override,100,2025-07-31 13:21:00.834934
Rapid_Speed,0,2025-07-31 13:21:00.834934
S_Axis_Load,0,2025-07-31 13:21:00.834934
Spindle_Override,100,2025-07-31 13:21:00.834934
Spindle_Speed,0,2025-07-31 13:21:00.834934
X_Axis_Load,4,2025-07-31 13:21:00.834934
X_Position,379.84679454674,2025-07-31 13:21:00.834934
Y_Axis_Load,5,2025-07-31 13:21:00.834934
Y_Position,496.953400028809,2025-07-31 13:21:00.834934
Z_Axis_Load,40,2025-07-31 13:21:00.834934
Z_Position,-4.30259193467025,2025-07-31 13:21:00.834934
COR_Status,1,2025-07-31 13:21:00.834934
Controller_Mode,AUTO,2025-07-31 13:21:00.834934
EStop_State,ARMED,2025-07-31 13:21:00.834934
Machine_Mode,4,2025-07-31 13:21:00.834934
Block_Number,66,2025-07-31 13:21:00.834934
Current_Tool,72,2025-07-31 13:21:00.834934
Part_Count,27,2025-07-31 13:21:00.834934
Program_Name_Running,000454_D_A_PROGRAM_4.NC,2025-07-31 13:21:00.834934
spindle motor v_rms,0.0,2025-07-31 13:21:00.834934
spindle motor a_peak,200,2025-07-31 13:21:00.834934
spindle motor a_rms,100,2025-07-31 13:21:00.834934
spindle motor temp,35.9,2025-07-31 13:21:00.834934
spindle motor crest,3.7,2025-07-31 13:21:00.834934
z-axis bearing v_rms,0.0,2025-07-31 13:21:00.834934
z-axis bearing a_peak,200,2025-07-31 13:21:00.834934
z-axis bearing a_rms,0,2025-07-31 13:21:00.834934
z-axis bearing temp,24.6,2025-07-31 13:21:00.834934
z-axis bearing crest,3.9,2025-07-31 13:21:00.834934
z-axis motor v_rms,0.0,2025-07-31 13:21:00.834934
z-axis motor a_peak,900,2025-07-31 13:21:00.834934
z-axis motor a_rms,500,2025-07-31 13:21:00.834934
z-axis motor temp,29.8,2025-07-31 13:21:00.834934
z-axis motor crest,1.9,2025-07-31 13:21:00.834934
y-axis bearing v_rms,0.0,2025-07-31 13:21:00.834934
y-axis bearing a_peak,200,2025-07-31 13:21:00.834934
y-axis bearing a_rms,0,2025-07-31 13:21:00.834934
y-axis bearing temp,23.3,2025-07-31 13:21:00.834934
y-axis bearing crest,4.3,2025-07-31 13:21:00.834934
y-axis motor v_rms,0.0,2025-07-31 13:21:00.834934
y-axis motor a_peak,500,2025-07-31 13:21:00.834934
y-axis motor a_rms,200,2025-07-31 13:21:00.834934
y-axis motor temp,25.7,2025-07-31 13:21:00.834934
y-axis motor crest,2.8,2025-07-31 13:21:00.834934
x-axis motor v_rms,0.0,2025-07-31 13:21:00.834934
x-axis motor a_peak,300,2025-07-31 13:21:00.834934
x-axis motor a_rms,0,2025-07-31 13:21:00.834934
x-axis motor temp,23.5,2025-07-31 13:21:00.834934
x-axis motor crest,6.3,2025-07-31 13:21:00.834934
voltage,133.53333333333333,2025-07-31 13:21:00.834934
current,3.7033333333333336,2025-07-31 13:21:00.834934
active power,406.6666666666667,2025-07-31 13:21:00.834934
forward kWh,54.23733333333333,2025-07-31 13:21:00.834934
reverse kWh,1.8043333333333333,2025-07-31 13:21:00.834934
frequency,59.98,2025-07-31 13:21:00.834934
power factor,0.7766666666666667,2025-07-31 13:21:00.834934
featureId,UNAVAILABLE,2025-07-31 13:21:01.835218
partKindId,NONE,2025-07-31 13:21:01.835218
processKindId,NONE,2025-07-31 13:21:01.835218
A_Axis_Load,0,2025-07-31 13:21:01.835218
A_Position,-89.9995631963877,2025-07-31 13:21:01.835218
C_Axis_Load,11,2025-07-31 13:21:01.835218
C_Position,120.0005,2025-07-31 13:21:01.835218
Machine_Time,2758021.162,2025-07-31 13:21:01.835218
Spindle_Time,767248.463999999,2025-07-31 13:21:01.835218
Feed_Override,100,2025-07-31 13:21:01.835218
Feed_Rate,0,2025-07-31 13:21:01.835218
Program_Runtime_Seconds,46,2025-07-31 13:21:01.835218
Rapid_Override,100,2025-07-31 13:21:01.835218
Rapid_Speed,0,2025-07-31 13:21:01.835218
S_Axis_Load,0,2025-07-31 13:21:01.835218
Spindle_Override,100,2025-07-31 13:21:01.835218
Spindle_Speed,0,2025-07-31 13:21:01.835218
X_Axis_Load,3,2025-07-31 13:21:01.835218
X_Position,379.846805990744,2025-07-31 13:21:01.835218
Y_Axis_Load,6,2025-07-31 13:21:01.835218
Y_Position,496.953388584717,2025-07-31 13:21:01.835218
Z_Axis_Load,40,2025-07-31 13:21:01.835218
Z_Position,-4.30259193467025,2025-07-31 13:21:01.835218
COR_Status,1,2025-07-31 13:21:01.835218
Controller_Mode,AUTO,2025-07-31 13:21:01.835218
EStop_State,ARMED,2025-07-31 13:21:01.835218
Machine_Mode,4,2025-07-31 13:21:01.835218
Block_Number,66,2025-07-31 13:21:01.835218
Current_Tool,72,2025-07-31 13:21:01.835218
Part_Count,27,2025-07-31 13:21:01.835218
Program_Name_Running,000454_D_A_PROGRAM_4.NC,2025-07-31 13:21:01.835218
spindle motor v_rms,0.0,2025-07-31 13:21:01.835218
spindle motor a_peak,200,2025-07-31 13:21:01.835218
spindle motor a_rms,100,2025-07-31 13:21:01.835218
spindle motor temp,35.9,2025-07-31 13:21:01.835218
spindle motor crest,3.9,2025-07-31 13:21:01.835218
z-axis bearing v_rms,0.0,2025-07-31 13:21:01.835218
z-axis bearing a_peak,200,2025-07-31 13:21:01.835218
z-axis bearing a_rms,0,2025-07-31 13:21:01.835218
z-axis bearing temp,24.6,2025-07-31 13:21:01.835218
z-axis bearing crest,4.4,2025-07-31 13:21:01.835218
z-axis motor v_rms,0.0,2025-07-31 13:21:01.835218
z-axis motor a_peak,900,2025-07-31 13:21:01.835218
z-axis motor a_rms,500,2025-07-31 13:21:01.835218
z-axis motor temp,29.8,2025-07-31 13:21:01.835218
z-axis motor crest,1.9,2025-07-31 13:21:01.835218
y-axis bearing v_rms,0.0,2025-07-31 13:21:01.835218
y-axis bearing a_peak,400,2025-07-31 13:21:01.835218
y-axis bearing a_rms,100,2025-07-31 13:21:01.835218
y-axis bearing temp,23.3,2025-07-31 13:21:01.835218
y-axis bearing crest,8.1,2025-07-31 13:21:01.835218
y-axis motor v_rms,0.1,2025-07-31 13:21:01.835218
y-axis motor a_peak,800,2025-07-31 13:21:01.835218
y-axis motor a_rms,200,2025-07-31 13:21:01.835218
y-axis motor temp,25.7,2025-07-31 13:21:01.835218
y-axis motor crest,4.6,2025-07-31 13:21:01.835218
x-axis motor v_rms,0.0,2025-07-31 13:21:01.835218
x-axis motor a_peak,700,2025-07-31 13:21:01.835218
x-axis motor a_rms,100,2025-07-31 13:21:01.835218
x-axis motor temp,23.5,2025-07-31 13:21:01.835218
x-axis motor crest,8.6,2025-07-31 13:21:01.835218
voltage,133.53333333333333,2025-07-31 13:21:01.835218
current,3.7099999999999995,2025-07-31 13:21:01.835218
active power,407.0,2025-07-31 13:21:01.835218
forward kWh,54.23733333333333,2025-07-31 13:21:01.835218
reverse kWh,1.8043333333333333,2025-07-31 13:21:01.835218
frequency,59.98,2025-07-31 13:21:01.835218
power factor,0.7766666666666667,2025-07-31 13:21:01.835218
featureId,UNAVAILABLE,2025-07-31 13:21:02.835543
partKindId,NONE,2025-07-31 13:21:02.835543
processKindId,NONE,2025-07-31 13:21:02.835543
A_Axis_Load,0,2025-07-31 13:21:02.835543
A_Position,-89.9995631963877,2025-07-31 13:21:02.835543
C_Axis_Load,11,2025-07-31 13:21:02.835543
C_Position,120,2025-07-31 13:21:02.835543
Machine_Time,2758021.162,2025-07-31 13:21:02.835543
Spindle_Time,767248.463999999,2025-07-31 13:21:02.835543
Feed_Override,100,2025-07-31 13:21:02.835543
Feed_Rate,0,2025-07-31 13:21:02.835543
Program_Runtime_Seconds,46,2025-07-31 13:21:02.835543
Rapid_Override,100,2025-07-31 13:21:02.835543
Rapid_Speed,0,2025-07-31 13:21:02.835543
S_Axis_Load,0,2025-07-31 13:21:02.835543
Spindle_Override,100,2025-07-31 13:21:02.835543
Spindle_Speed,0,2025-07-31 13:21:02.835543
X_Axis_Load,3,2025-07-31 13:21:02.835543
X_Position,379.846805990744,2025-07-31 13:21:02.835543
Y_Axis_Load,6,2025-07-31 13:21:02.835543
Y_Position,496.953388584717,2025-07-31 13:21:02.835543
Z_Axis_Load,40,2025-07-31 13:21:02.835543
Z_Position,-4.30259193467025,2025-07-31 13:21:02.835543
COR_Status,1,2025-07-31 13:21:02.835543
Controller_Mode,AUTO,2025-07-31 13:21:02.835543
EStop_State,ARMED,2025-07-31 13:21:02.835543
Machine_Mode,4,2025-07-31 13:21:02.835543
Block_Number,66,2025-07-31 13:21:02.835543
Current_Tool,72,2025-07-31 13:21:02.835543
Part_Count,27,2025-07-31 13:21:02.835543
Program_Name_Running,000454_D_A_PROGRAM_4.NC,2025-07-31 13:21:02.835543
spindle motor v_rms,0.0,2025-07-31 13:21:02.835543
spindle motor a_peak,200,2025-07-31 13:21:02.835543
spindle motor a_rms,100,2025-07-31 13:21:02.835543
spindle motor temp,35.8,2025-07-31 13:21:02.835543
spindle motor crest,4.1,2025-07-31 13:21:02.835543
z-axis bearing v_rms,0.0,2025-07-31 13:21:02.835543
z-axis bearing a_peak,200,2025-07-31 13:21:02.835543
z-axis bearing a_rms,0,2025-07-31 13:21:02.835543
z-axis bearing temp,24.6,2025-07-31 13:21:02.835543
z-axis bearing crest,4.3,2025-07-31 13:21:02.835543
z-axis motor v_rms,0.1,2025-07-31 13:21:02.835543
z-axis motor a_peak,900,2025-07-31 13:21:02.835543
z-axis motor a_rms,500,2025-07-31 13:21:02.835543
z-axis motor temp,29.8,2025-07-31 13:21:02.835543
z-axis motor crest,1.9,2025-07-31 13:21:02.835543
y-axis bearing v_rms,0.0,2025-07-31 13:21:02.835543
y-axis bearing a_peak,200,2025-07-31 13:21:02.835543
y-axis bearing a_rms,0,2025-07-31 13:21:02.835543
y-axis bearing temp,23.3,2025-07-31 13:21:02.835543
y-axis bearing crest,4.4,2025-07-31 13:21:02.835543
y-axis motor v_rms,0.0,2025-07-31 13:21:02.835543
y-axis motor a_peak,400,2025-07-31 13:21:02.835543
y-axis motor a_rms,200,2025-07-31 13:21:02.835543
y-axis motor temp,25.7,2025-07-31 13:21:02.835543
y-axis motor crest,2.5,2025-07-31 13:21:02.835543
x-axis motor v_rms,0.0,2025-07-31 13:21:02.835543
x-axis motor a_peak,200,2025-07-31 13:21:02.835543
x-axis motor a_rms,0,2025-07-31 13:21:02.835543
x-axis motor temp,23.5,2025-07-31 13:21:02.835543
x-axis motor crest,4.0,2025-07-31 13:21:02.835543
voltage,133.56666666666666,2025-07-31 13:21:02.835543
current,3.6733333333333333,2025-07-31 13:21:02.835543
active power,403.3333333333333,2025-07-31 13:21:02.835543
forward kWh,54.23766666666666,2025-07-31 13:21:02.835543
reverse kWh,1.8043333333333333,2025-07-31 13:21:02.835543
frequency,59.98,2025-07-31 13:21:02.835543
power factor,0.7799999999999999,2025-07-31 13:21:02.835543
featureId,UNAVAILABLE,2025-07-31 13:21:03.835832
partKindId,NONE,2025-07-31 13:21:03.835832
processKindId,NONE,2025-07-31 13:21:03.835832
A_Axis_Load,0,2025-07-31 13:21:03.835832
A_Position,-89.9990632651426,2025-07-31 13:21:03.835832
C_Axis_Load,11,2025-07-31 13:21:03.835832
C_Position,120,2025-07-31 13:21:03.835832
Machine_Time,2758021.162,2025-07-31 13:21:03.835832
Spindle_Time,767248.463999999,2025-07-31 13:21:03.835832
Feed_Override,100,2025-07-31 13:21:03.835832
Feed_Rate,0,2025-07-31 13:21:03.835832
Program_Runtime_Seconds,46,2025-07-31 13:21:03.835832
Rapid_Override,100,2025-07-31 13:21:03.835832
Rapid_Speed,0,2025-07-31 13:21:03.835832
S_Axis_Load,0,2025-07-31 13:21:03.835832
Spindle_Override,100,2025-07-31 13:21:03.835832
Spindle_Speed,0,2025-07-31 13:21:03.835832
X_Axis_Load,3,2025-07-31 13:21:03.835832
X_Position,379.846805990744,2025-07-31 13:21:03.835832
Y_Axis_Load,6,2025-07-31 13:21:03.835832
Y_Position,496.953354252441,2025-07-31 13:21:03.835832
Z_Axis_Load,40,2025-07-31 13:21:03.835832
Z_Position,-4.30259193467025,2025-07-31 13:21:03.835832
COR_Status,1,2025-07-31 13:21:03.835832
Controller_Mode,AUTO,2025-07-31 13:21:03.835832
EStop_State,ARMED,2025-07-31 13:21:03.835832
Machine_Mode,4,2025-07-31 13:21:03.835832
Block_Number,66,2025-07-31 13:21:03.835832
Current_Tool,72,2025-07-31 13:21:03.835832
Part_Count,27,2025-07-31 13:21:03.835832
Program_Name_Running,000454_D_A_PROGRAM_4.NC,2025-07-31 13:21:03.835832
spindle motor v_rms,0.0,2025-07-31 13:21:03.835832
spindle motor a_peak,200,2025-07-31 13:21:03.835832
spindle motor a_rms,100,2025-07-31 13:21:03.835832
spindle motor temp,35.8,2025-07-31 13:21:03.835832
spindle motor crest,3.9,2025-07-31 13:21:03.835832
z-axis bearing v_rms,0.0,2025-07-31 13:21:03.835832
z-axis bearing a_peak,200,2025-07-31 13:21:03.835832
z-axis bearing a_rms,0,2025-07-31 13:21:03.835832
z-axis bearing temp,24.6,2025-07-31 13:21:03.835832
z-axis bearing crest,4.9,2025-07-31 13:21:03.835832
z-axis motor v_rms,0.0,2025-07-31 13:21:03.835832
z-axis motor a_peak,900,2025-07-31 13:21:03.835832
z-axis motor a_rms,500,2025-07-31 13:21:03.835832
z-axis motor temp,29.8,2025-07-31 13:21:03.835832
z-axis motor crest,1.9,2025-07-31 13:21:03.835832
y-axis bearing v_rms,0.0,2025-07-31 13:21:03.835832
y-axis bearing a_peak,200,2025-07-31 13:21:03.835832
y-axis bearing a_rms,0,2025-07-31 13:21:03.835832
y-axis bearing temp,23.3,2025-07-31 13:21:03.835832
y-axis bearing crest,3.9,2025-07-31 13:21:03.835832
y-axis motor v_rms,0.0,2025-07-31 13:21:03.835832
y-axis motor a_peak,400,2025-07-31 13:21:03.835832
y-axis motor a_rms,100,2025-07-31 13:21:03.835832
y-axis motor temp,25.7,2025-07-31 13:21:03.835832
y-axis motor crest,2.9,2025-07-31 13:21:03.835832
x-axis motor v_rms,0.0,2025-07-31 13:21:03.835832
x-axis motor a_peak,200,2025-07-31 13:21:03.835832
x-axis motor a_rms,0,2025-07-31 13:21:03.835832
x-axis motor temp,23.5,2025-07-31 13:21:03.835832
x-axis motor crest,3.9,2025-07-31 13:21:03.835832
voltage,133.53333333333333,2025-07-31 13:21:03.835832
current,3.7066666666666666,2025-07-31 13:21:03.835832
active power,407.0,2025-07-31 13:21:03.835832
forward kWh,54.23766666666666,2025-07-31 13:21:03.835832
reverse kWh,1.8043333333333333,2025-07-31 13:21:03.835832
frequency,59.98,2025-07-31 13:21:03.835832
power factor,0.7733333333333333,2025-07-31 13:21:03.835832
featureId,UNAVAILABLE,2025-07-31 13:21:04.836153
partKindId,NONE,2025-07-31 13:21:04.836153
processKindId,NONE,2025-07-31 13:21:04.836153
A_Axis_Load,0,2025-07-31 13:21:04.836153
A_Position,-89.9995631963877,2025-07-31 13:21:04.836153
C_Axis_Load,11,2025-07-31 13:21:04.836153
C_Position,120.0005,2025-07-31 13:21:04.836153
Machine_Time,2758021.162,2025-07-31 13:21:04.836153
Spindle_Time,767248.463999999,2025-07-31 13:21:04.836153
Feed_Override,100,2025-07-31 13:21:04.836153
Feed_Rate,0,2025-07-31 13:21:04.836153
Program_Runtime_Seconds,46,2025-07-31 13:21:04.836153
Rapid_Override,100,2025-07-31 13:21:04.836153
Rapid_Speed,0,2025-07-31 13:21:04.836153
S_Axis_Load,0,2025-07-31 13:21:04.836153
Spindle_Override,100,2025-07-31 13:21:04.836153
Spindle_Speed,0,2025-07-31 13:21:04.836153
X_Axis_Load,4,2025-07-31 13:21:04.836153
X_Position,379.84679454674,2025-07-31 13:21:04.836153
Y_Axis_Load,6,2025-07-31 13:21:04.836153
Y_Position,496.953400028809,2025-07-31 13:21:04.836153
Z_Axis_Load,40,2025-07-31 13:21:04.836153
Z_Position,-4.30259193467025,2025-07-31 13:21:04.836153
COR_Status,1,2025-07-31 13:21:04.836153
Controller_Mode,AUTO,2025-07-31 13:21:04.836153
EStop_State,ARMED,2025-07-31 13:21:04.836153
Machine_Mode,4,2025-07-31 13:21:04.836153
Block_Number,66,2025-07-31 13:21:04.836153
Current_Tool,72,2025-07-31 13:21:04.836153
Part_Count,27,2025-07-31 13:21:04.836153
Program_Name_Running,000454_D_A_PROGRAM_4.NC,2025-07-31 13:21:04.836153
spindle motor v_rms,0.0,2025-07-31 13:21:04.836153
spindle motor a_peak,200,2025-07-31 13:21:04.836153
spindle motor a_rms,100,2025-07-31 13:21:04.836153
spindle motor temp,35.8,2025-07-31 13:21:04.836153
spindle motor crest,4.3,2025-07-31 13:21:04.836153
z-axis bearing v_rms,0.0,2025-07-31 13:21:04.836153
z-axis bearing a_peak,200,2025-07-31 13:21:04.836153
z-axis bearing a_rms,0,2025-07-31 13:21:04.836153
z-axis bearing temp,24.6,2025-07-31 13:21:04.836153
z-axis bearing crest,4.0,2025-07-31 13:21:04.836153
z-axis motor v_rms,0.0,2025-07-31 13:21:04.836153
z-axis motor a_peak,900,2025-07-31 13:21:04.836153
z-axis motor a_rms,500,2025-07-31 13:21:04.836153
z-axis motor temp,29.8,2025-07-31 13:21:04.836153
z-axis motor crest,1.9,2025-07-31 13:21:04.836153
y-axis bearing v_rms,0.0,2025-07-31 13:21:04.836153
y-axis bearing a_peak,200,2025-07-31 13:21:04.836153
y-axis bearing a_rms,0,2025-07-31 13:21:04.836153
y-axis bearing temp,23.3,2025-07-31 13:21:04.836153
y-axis bearing crest,4.0,2025-07-31 13:21:04.836153
y-axis motor v_rms,0.0,2025-07-31 13:21:04.836153
y-axis motor a_peak,400,2025-07-31 13:21:04.836153
y-axis motor a_rms,200,2025-07-31 13:21:04.836153
y-axis motor temp,25.7,2025-07-31 13:21:04.836153
y-axis motor crest,2.4,2025-07-31 13:21:04.836153
x-axis motor v_rms,0.0,2025-07-31 13:21:04.836153
x-axis motor a_peak,200,2025-07-31 13:21:04.836153
x-axis motor a_rms,0,2025-07-31 13:21:04.836153
x-axis motor temp,23.5,2025-07-31 13:21:04.836153
x-axis motor crest,3.7,2025-07-31 13:21:04.836153
voltage,133.53333333333333,2025-07-31 13:21:04.836153
current,3.6766666666666663,2025-07-31 13:21:04.836153
active power,403.3333333333333,2025-07-31 13:21:04.836153
forward kWh,54.23766666666666,2025-07-31 13:21:04.836153
reverse kWh,1.8043333333333333,2025-07-31 13:21:04.836153
frequency,59.98,2025-07-31 13:21:04.836153
power factor,0.7799999999999999,2025-07-31 13:21:04.836153
featureId,UNAVAILABLE,2025-07-31 13:21:05.836448
partKindId,NONE,2025-07-31 13:21:05.836448
processKindId,NONE,2025-07-31 13:21:05.836448
A_Axis_Load,0,2025-07-31 13:21:05.836448
A_Position,-89.9995631963877,2025-07-31 13:21:05.836448
C_Axis_Load,11,2025-07-31 13:21:05.836448
C_Position,120.0005,2025-07-31 13:21:05.836448
Machine_Time,2758021.162,2025-07-31 13:21:05.836448
Spindle_Time,767248.463999999,2025-07-31 13:21:05.836448
Feed_Override,100,2025-07-31 13:21:05.836448
Feed_Rate,0,2025-07-31 13:21:05.836448
Program_Runtime_Seconds,46,2025-07-31 13:21:05.836448
Rapid_Override,100,2025-07-31 13:21:05.836448
Rapid_Speed,0,2025-07-31 13:21:05.836448
S_Axis_Load,0,2025-07-31 13:21:05.836448
Spindle_Override,100,2025-07-31 13:21:05.836448
Spindle_Speed,0,2025-07-31 13:21:05.836448
X_Axis_Load,4,2025-07-31 13:21:05.836448
X_Position,379.846805990744,2025-07-31 13:21:05.836448
Y_Axis_Load,6,2025-07-31 13:21:05.836448
Y_Position,496.953400028809,2025-07-31 13:21:05.836448
Z_Axis_Load,40,2025-07-31 13:21:05.836448
Z_Position,-4.30260337827589,2025-07-31 13:21:05.836448
COR_Status,1,2025-07-31 13:21:05.836448
Controller_Mode,AUTO,2025-07-31 13:21:05.836448
EStop_State,ARMED,2025-07-31 13:21:05.836448
Machine_Mode,4,2025-07-31 13:21:05.836448
Block_Number,66,2025-07-31 13:21:05.836448
Current_Tool,72,2025-07-31 13:21:05.836448
Part_Count,27,2025-07-31 13:21:05.836448
Program_Name_Running,000454_D_A_PROGRAM_4.NC,2025-07-31 13:21:05.836448
spindle motor v_rms,0.0,2025-07-31 13:21:05.836448
spindle motor a_peak,200,2025-07-31 13:21:05.836448
spindle motor a_rms,100,2025-07-31 13:21:05.836448
spindle motor temp,35.8,2025-07-31 13:21:05.836448
spindle motor crest,4.2,2025-07-31 13:21:05.836448
z-axis bearing v_rms,0.0,2025-07-31 13:21:05.836448
z-axis bearing a_peak,200,2025-07-31 13:21:05.836448
z-axis bearing a_rms,0,2025-07-31 13:21:05.836448
z-axis bearing temp,24.6,2025-07-31 13:21:05.836448
z-axis bearing crest,5.2,2025-07-31 13:21:05.836448
z-axis motor v_rms,0.1,2025-07-31 13:21:05.836448
z-axis motor a_peak,900,2025-07-31 13:21:05.836448
z-axis motor a_rms,500,2025-07-31 13:21:05.836448
z-axis motor temp,29.8,2025-07-31 13:21:05.836448
z-axis motor crest,2.0,2025-07-31 13:21:05.836448
y-axis bearing v_rms,0.0,2025-07-31 13:21:05.836448
y-axis bearing a_peak,200,2025-07-31 13:21:05.836448
y-axis bearing a_rms,100,2025-07-31 13:21:05.836448
y-axis bearing temp,23.3,2025-07-31 13:21:05.836448
y-axis bearing crest,3.6,2025-07-31 13:21:05.836448
y-axis motor v_rms,0.0,2025-07-31 13:21:05.836448
y-axis motor a_peak,400,2025-07-31 13:21:05.836448
y-axis motor a_rms,200,2025-07-31 13:21:05.836448
y-axis motor temp,25.7,2025-07-31 13:21:05.836448
y-axis motor crest,2.5,2025-07-31 13:21:05.836448
x-axis motor v_rms,0.0,2025-07-31 13:21:05.836448
x-axis motor a_peak,200,2025-07-31 13:21:05.836448
x-axis motor a_rms,0,2025-07-31 13:21:05.836448
x-axis motor temp,23.5,2025-07-31 13:21:05.836448
x-axis motor crest,4.1,2025-07-31 13:21:05.836448
voltage,133.5,2025-07-31 13:21:05.836448
current,3.6966666666666668,2025-07-31 13:21:05.836448
active power,405.6666666666667,2025-07-31 13:21:05.836448
forward kWh,54.23766666666666,2025-07-31 13:21:05.836448
reverse kWh,1.8043333333333333,2025-07-31 13:21:05.836448
frequency,59.98,2025-07-31 13:21:05.836448
power factor,0.7733333333333333,2025-07-31 13:21:05.836448
featureId,UNAVAILABLE,2025-07-31 13:21:06.836778
partKindId,NONE,2025-07-31 13:21:06.836778
processKindId,NONE,2025-07-31 13:21:06.836778
A_Axis_Load,0,2025-07-31 13:21:06.836778
A_Position,-89.9995631963877,2025-07-31 13:21:06.836778
C_Axis_Load,11,2025-07-31 13:21:06.836778
C_Position,120.0005,2025-07-31 13:21:06.836778
Machine_Time,2758021.162,2025-07-31 13:21:06.836778
Spindle_Time,767248.463999999,2025-07-31 13:21:06.836778
Feed_Override,100,2025-07-31 13:21:06.836778
Feed_Rate,0,2025-07-31 13:21:06.836778
Program_Runtime_Seconds,46,2025-07-31 13:21:06.836778
Rapid_Override,100,2025-07-31 13:21:06.836778
Rapid_Speed,0,2025-07-31 13:21:06.836778
S_Axis_Load,0,2025-07-31 13:21:06.836778
Spindle_Override,100,2025-07-31 13:21:06.836778
Spindle_Speed,0,2025-07-31 13:21:06.836778
X_Axis_Load,4,2025-07-31 13:21:06.836778
X_Position,379.84679454674,2025-07-31 13:21:06.836778
Y_Axis_Load,6,2025-07-31 13:21:06.836778
Y_Position,496.953400028809,2025-07-31 13:21:06.836778
Z_Axis_Load,40,2025-07-31 13:21:06.836778
Z_Position,-4.30260337827589,2025-07-31 13:21:06.836778
COR_Status,1,2025-07-31 13:21:06.836778
Controller_Mode,AUTO,2025-07-31 13:21:06.836778
EStop_State,ARMED,2025-07-31 13:21:06.836778
Machine_Mode,4,2025-07-31 13:21:06.836778
Block_Number,66,2025-07-31 13:21:06.836778
Current_Tool,72,2025-07-31 13:21:06.836778
Part_Count,27,2025-07-31 13:21:06.836778
Program_Name_Running,000454_D_A_PROGRAM_4.NC,2025-07-31 13:21:06.836778
spindle motor v_rms,0.1,2025-07-31 13:21:06.836778
spindle motor a_peak,200,2025-07-31 13:21:06.836778
spindle motor a_rms,100,2025-07-31 13:21:06.836778
spindle motor temp,35.8,2025-07-31 13:21:06.836778
spindle motor crest,3.9,2025-07-31 13:21:06.836778
z-axis bearing v_rms,0.0,2025-07-31 13:21:06.836778
z-axis bearing a_peak,200,2025-07-31 13:21:06.836778
z-axis bearing a_rms,0,2025-07-31 13:21:06.836778
z-axis bearing temp,24.6,2025-07-31 13:21:06.836778
z-axis bearing crest,4.1,2025-07-31 13:21:06.836778
z-axis motor v_rms,0.1,2025-07-31 13:21:06.836778
z-axis motor a_peak,900,2025-07-31 13:21:06.836778
z-axis motor a_rms,500,2025-07-31 13:21:06.836778
z-axis motor temp,29.8,2025-07-31 13:21:06.836778
z-axis motor crest,1.9,2025-07-31 13:21:06.836778
y-axis bearing v_rms,0.0,2025-07-31 13:21:06.836778
y-axis bearing a_peak,200,2025-07-31 13:21:06.836778
y-axis bearing a_rms,0,2025-07-31 13:21:06.836778
y-axis bearing temp,23.3,2025-07-31 13:21:06.836778
y-axis bearing crest,3.7,2025-07-31 13:21:06.836778
y-axis motor v_rms,0.0,2025-07-31 13:21:06.836778
y-axis motor a_peak,400,2025-07-31 13:21:06.836778
y-axis motor a_rms,200,2025-07-31 13:21:06.836778
y-axis motor temp,25.7,2025-07-31 13:21:06.836778
y-axis motor crest,2.4,2025-07-31 13:21:06.836778
x-axis motor v_rms,0.1,2025-07-31 13:21:06.836778
x-axis motor a_peak,200,2025-07-31 13:21:06.836778
x-axis motor a_rms,0,2025-07-31 13:21:06.836778
x-axis motor temp,23.5,2025-07-31 13:21:06.836778
x-axis motor crest,3.8,2025-07-31 13:21:06.836778
voltage,133.5,2025-07-31 13:21:06.836778
current,3.69,2025-07-31 13:21:06.836778
active power,405.3333333333333,2025-07-31 13:21:06.836778
forward kWh,54.238,2025-07-31 13:21:06.836778
reverse kWh,1.8043333333333333,2025-07-31 13:21:06.836778
frequency,59.98,2025-07-31 13:21:06.836778
power factor,0.7766666666666667,2025-07-31 13:21:06.836778
featureId,UNAVAILABLE,2025-07-31 13:21:07.837118
partKindId,NONE,2025-07-31 13:21:07.837118
processKindId,NONE,2025-07-31 13:21:07.837118
A_Axis_Load,0,2025-07-31 13:21:07.837118
A_Position,-89.9995631963877,2025-07-31 13:21:07.837118
C_Axis_Load,11,2025-07-31 13:21:07.837118
C_Position,120.0005,2025-07-31 13:21:07.837118
Machine_Time,2758021.162,2025-07-31 13:21:07.837118
Spindle_Time,767248.463999999,2025-07-31 13:21:07.837118
Feed_Override,100,2025-07-31 13:21:07.837118
Feed_Rate,0,2025-07-31 13:21:07.837118
Program_Runtime_Seconds,46,2025-07-31 13:21:07.837118
Rapid_Override,100,2025-07-31 13:21:07.837118
Rapid_Speed,0,2025-07-31 13:21:07.837118
S_Axis_Load,0,2025-07-31 13:21:07.837118
Spindle_Override,100,2025-07-31 13:21:07.837118
Spindle_Speed,0,2025-07-31 13:21:07.837118
X_Axis_Load,4,2025-07-31 13:21:07.837118
X_Position,379.846805990744,2025-07-31 13:21:07.837118
Y_Axis_Load,6,2025-07-31 13:21:07.837118
Y_Position,496.953400028809,2025-07-31 13:21:07.837118
Z_Axis_Load,40,2025-07-31 13:21:07.837118
Z_Position,-4.30260337827589,2025-07-31 13:21:07.837118
COR_Status,1,2025-07-31 13:21:07.837118
Controller_Mode,AUTO,2025-07-31 13:21:07.837118
EStop_State,ARMED,2025-07-31 13:21:07.837118
Machine_Mode,4,2025-07-31 13:21:07.837118
Block_Number,66,2025-07-31 13:21:07.837118
Current_Tool,72,2025-07-31 13:21:07.837118
Part_Count,27,2025-07-31 13:21:07.837118
Program_Name_Running,000454_D_A_PROGRAM_4.NC,2025-07-31 13:21:07.837118
spindle motor v_rms,0.3,2025-07-31 13:21:07.837118
spindle motor a_peak,300,2025-07-31 13:21:07.837118
spindle motor a_rms,100,2025-07-31 13:21:07.837118
spindle motor temp,35.8,2025-07-31 13:21:07.837118
spindle motor crest,4.2,2025-07-31 13:21:07.837118
z-axis bearing v_rms,0.2,2025-07-31 13:21:07.837118
z-axis bearing a_peak,200,2025-07-31 13:21:07.837118
z-axis bearing a_rms,0,2025-07-31 13:21:07.837118
z-axis bearing temp,24.6,2025-07-31 13:21:07.837118
z-axis bearing crest,4.0,2025-07-31 13:21:07.837118
z-axis motor v_rms,0.3,2025-07-31 13:21:07.837118
z-axis motor a_peak,900,2025-07-31 13:21:07.837118
z-axis motor a_rms,500,2025-07-31 13:21:07.837118
z-axis motor temp,29.8,2025-07-31 13:21:07.837118
z-axis motor crest,1.9,2025-07-31 13:21:07.837118
y-axis bearing v_rms,0.1,2025-07-31 13:21:07.837118
y-axis bearing a_peak,200,2025-07-31 13:21:07.837118
y-axis bearing a_rms,100,2025-07-31 13:21:07.837118
y-axis bearing temp,23.3,2025-07-31 13:21:07.837118
y-axis bearing crest,3.8,2025-07-31 13:21:07.837118
y-axis motor v_rms,0.1,2025-07-31 13:21:07.837118
y-axis motor a_peak,400,2025-07-31 13:21:07.837118
y-axis motor a_rms,200,2025-07-31 13:21:07.837118
y-axis motor temp,25.7,2025-07-31 13:21:07.837118
y-axis motor crest,2.6,2025-07-31 13:21:07.837118
x-axis motor v_rms,0.0,2025-07-31 13:21:07.837118
x-axis motor a_peak,200,2025-07-31 13:21:07.837118
x-axis motor a_rms,0,2025-07-31 13:21:07.837118
x-axis motor temp,23.5,2025-07-31 13:21:07.837118
x-axis motor crest,4.3,2025-07-31 13:21:07.837118
voltage,133.56666666666666,2025-07-31 13:21:07.837118
current,3.6966666666666668,2025-07-31 13:21:07.837118
active power,406.0,2025-07-31 13:21:07.837118
forward kWh,54.238,2025-07-31 13:21:07.837118
reverse kWh,1.8043333333333333,2025-07-31 13:21:07.837118
frequency,59.99,2025-07-31 13:21:07.837118
power factor,0.7766666666666667,2025-07-31 13:21:07.837118
featureId,UNAVAILABLE,2025-07-31 13:21:08.837422
partKindId,NONE,2025-07-31 13:21:08.837422
processKindId,NONE,2025-07-31 13:21:08.837422
A_Axis_Load,0,2025-07-31 13:21:08.837422
A_Position,-89.9995631963877,2025-07-31 13:21:08.837422
C_Axis_Load,11,2025-07-31 13:21:08.837422
C_Position,120.0005,2025-07-31 13:21:08.837422
Machine_Time,2758021.162,2025-07-31 13:21:08.837422
Spindle_Time,767248.463999999,2025-07-31 13:21:08.837422
Feed_Override,100,2025-07-31 13:21:08.837422
Feed_Rate,0,2025-07-31 13:21:08.837422
Program_Runtime_Seconds,46,2025-07-31 13:21:08.837422
Rapid_Override,100,2025-07-31 13:21:08.837422
Rapid_Speed,0,2025-07-31 13:21:08.837422
S_Axis_Load,0,2025-07-31 13:21:08.837422
Spindle_Override,100,2025-07-31 13:21:08.837422
Spindle_Speed,0,2025-07-31 13:21:08.837422
X_Axis_Load,4,2025-07-31 13:21:08.837422
X_Position,379.84679454674,2025-07-31 13:21:08.837422
Y_Axis_Load,5,2025-07-31 13:21:08.837422
Y_Position,496.953388584717,2025-07-31 13:21:08.837422
Z_Axis_Load,40,2025-07-31 13:21:08.837422
Z_Position,-4.30260337827589,2025-07-31 13:21:08.837422
COR_Status,1,2025-07-31 13:21:08.837422
Controller_Mode,AUTO,2025-07-31 13:21:08.837422
EStop_State,ARMED,2025-07-31 13:21:08.837422
Machine_Mode,4,2025-07-31 13:21:08.837422
Block_Number,66,2025-07-31 13:21:08.837422
Current_Tool,72,2025-07-31 13:21:08.837422
Part_Count,27,2025-07-31 13:21:08.837422
Program_Name_Running,000454_D_A_PROGRAM_4.NC,2025-07-31 13:21:08.837422
spindle motor v_rms,0.8,2025-07-31 13:21:08.837422
spindle motor a_peak,400,2025-07-31 13:21:08.837422
spindle motor a_rms,100,2025-07-31 13:21:08.837422
spindle motor temp,35.8,2025-07-31 13:21:08.837422
spindle motor crest,4.2,2025-07-31 13:21:08.837422
z-axis bearing v_rms,0.3,2025-07-31 13:21:08.837422
z-axis bearing a_peak,200,2025-07-31 13:21:08.837422
z-axis bearing a_rms,100,2025-07-31 13:21:08.837422
z-axis bearing temp,24.6,2025-07-31 13:21:08.837422
z-axis bearing crest,3.9,2025-07-31 13:21:08.837422
z-axis motor v_rms,0.6,2025-07-31 13:21:08.837422
z-axis motor a_peak,1000,2025-07-31 13:21:08.837422
z-axis motor a_rms,500,2025-07-31 13:21:08.837422
z-axis motor temp,29.8,2025-07-31 13:21:08.837422
z-axis motor crest,2.2,2025-07-31 13:21:08.837422
y-axis bearing v_rms,0.1,2025-07-31 13:21:08.837422
y-axis bearing a_peak,200,2025-07-31 13:21:08.837422
y-axis bearing a_rms,100,2025-07-31 13:21:08.837422
y-axis bearing temp,23.3,2025-07-31 13:21:08.837422
y-axis bearing crest,3.8,2025-07-31 13:21:08.837422
y-axis motor v_rms,0.1,2025-07-31 13:21:08.837422
y-axis motor a_peak,400,2025-07-31 13:21:08.837422
y-axis motor a_rms,200,2025-07-31 13:21:08.837422
y-axis motor temp,25.7,2025-07-31 13:21:08.837422
y-axis motor crest,2.5,2025-07-31 13:21:08.837422
x-axis motor v_rms,0.1,2025-07-31 13:21:08.837422
x-axis motor a_peak,200,2025-07-31 13:21:08.837422
x-axis motor a_rms,0,2025-07-31 13:21:08.837422
x-axis motor temp,23.5,2025-07-31 13:21:08.837422
x-axis motor crest,4.5,2025-07-31 13:21:08.837422
voltage,133.56666666666666,2025-07-31 13:21:08.837422
current,3.6966666666666668,2025-07-31 13:21:08.837422
active power,406.0,2025-07-31 13:21:08.837422
forward kWh,54.238,2025-07-31 13:21:08.837422
reverse kWh,1.8043333333333333,2025-07-31 13:21:08.837422
frequency,59.99,2025-07-31 13:21:08.837422
power factor,0.7766666666666667,2025-07-31 13:21:08.837422
featureId,UNAVAILABLE,2025-07-31 13:21:09.837671
partKindId,NONE,2025-07-31 13:21:09.837671
processKindId,NONE,2025-07-31 13:21:09.837671
A_Axis_Load,0,2025-07-31 13:21:09.837671
A_Position,-89.9995631963877,2025-07-31 13:21:09.837671
C_Axis_Load,11,2025-07-31 13:21:09.837671
C_Position,120.0005,2025-07-31 13:21:09.837671
Machine_Time,2758021.162,2025-07-31 13:21:09.837671
Spindle_Time,767248.463999999,2025-07-31 13:21:09.837671
Feed_Override,100,2025-07-31 13:21:09.837671
Feed_Rate,0,2025-07-31 13:21:09.837671
Program_Runtime_Seconds,46,2025-07-31 13:21:09.837671
Rapid_Override,100,2025-07-31 13:21:09.837671
Rapid_Speed,0,2025-07-31 13:21:09.837671
S_Axis_Load,0,2025-07-31 13:21:09.837671
Spindle_Override,100,2025-07-31 13:21:09.837671
Spindle_Speed,0,2025-07-31 13:21:09.837671
X_Axis_Load,4,2025-07-31 13:21:09.837671
X_Position,379.84679454674,2025-07-31 13:21:09.837671
Y_Axis_Load,5,2025-07-31 13:21:09.837671
Y_Position,496.953400028809,2025-07-31 13:21:09.837671
Z_Axis_Load,40,2025-07-31 13:21:09.837671
Z_Position,-4.30260337827589,2025-07-31 13:21:09.837671
COR_Status,1,2025-07-31 13:21:09.837671
Controller_Mode,AUTO,2025-07-31 13:21:09.837671
EStop_State,ARMED,2025-07-31 13:21:09.837671
Machine_Mode,4,2025-07-31 13:21:09.837671
Block_Number,66,2025-07-31 13:21:09.837671
Current_Tool,72,2025-07-31 13:21:09.837671
Part_Count,27,2025-07-31 13:21:09.837671
Program_Name_Running,000454_D_A_PROGRAM_4.NC,2025-07-31 13:21:09.837671
spindle motor v_rms,0.1,2025-07-31 13:21:09.837671
spindle motor a_peak,200,2025-07-31 13:21:09.837671
spindle motor a_rms,100,2025-07-31 13:21:09.837671
spindle motor temp,35.8,2025-07-31 13:21:09.837671
spindle motor crest,3.9,2025-07-31 13:21:09.837671
z-axis bearing v_rms,0.0,2025-07-31 13:21:09.837671
z-axis bearing a_peak,200,2025-07-31 13:21:09.837671
z-axis bearing a_rms,0,2025-07-31 13:21:09.837671
z-axis bearing temp,24.6,2025-07-31 13:21:09.837671
z-axis bearing crest,3.8,2025-07-31 13:21:09.837671
z-axis motor v_rms,0.1,2025-07-31 13:21:09.837671
z-axis motor a_peak,800,2025-07-31 13:21:09.837671
z-axis motor a_rms,500,2025-07-31 13:21:09.837671
z-axis motor temp,29.8,2025-07-31 13:21:09.837671
z-axis motor crest,1.8,2025-07-31 13:21:09.837671
y-axis bearing v_rms,0.0,2025-07-31 13:21:09.837671
y-axis bearing a_peak,200,2025-07-31 13:21:09.837671
y-axis bearing a_rms,0,2025-07-31 13:21:09.837671
y-axis bearing temp,23.3,2025-07-31 13:21:09.837671
y-axis bearing crest,3.8,2025-07-31 13:21:09.837671
y-axis motor v_rms,0.0,2025-07-31 13:21:09.837671
y-axis motor a_peak,400,2025-07-31 13:21:09.837671
y-axis motor a_rms,200,2025-07-31 13:21:09.837671
y-axis motor temp,25.7,2025-07-31 13:21:09.837671
y-axis motor crest,2.5,2025-07-31 13:21:09.837671
x-axis motor v_rms,0.0,2025-07-31 13:21:09.837671
x-axis motor a_peak,200,2025-07-31 13:21:09.837671
x-axis motor a_rms,0,2025-07-31 13:21:09.837671
x-axis motor temp,23.5,2025-07-31 13:21:09.837671
x-axis motor crest,4.5,2025-07-31 13:21:09.837671
voltage,133.56666666666666,2025-07-31 13:21:09.837671
current,3.703333333333333,2025-07-31 13:21:09.837671
active power,406.3333333333333,2025-07-31 13:21:09.837671
forward kWh,54.238,2025-07-31 13:21:09.837671
reverse kWh,1.8043333333333333,2025-07-31 13:21:09.837671
frequency,59.99,2025-07-31 13:21:09.837671
power factor,0.7733333333333333,2025-07-31 13:21:09.837671
featureId,UNAVAILABLE,2025-07-31 13:21:10.837999
partKindId,NONE,2025-07-31 13:21:10.837999
processKindId,NONE,2025-07-31 13:21:10.837999
A_Axis_Load,0,2025-07-31 13:21:10.837999
A_Position,-89.9995631963877,2025-07-31 13:21:10.837999
C_Axis_Load,11,2025-07-31 13:21:10.837999
C_Position,120.0005,2025-07-31 13:21:10.837999
Machine_Time,2758021.162,2025-07-31 13:21:10.837999
Spindle_Time,767248.463999999,2025-07-31 13:21:10.837999
Feed_Override,100,2025-07-31 13:21:10.837999
Feed_Rate,0,2025-07-31 13:21:10.837999
Program_Runtime_Seconds,46,2025-07-31 13:21:10.837999
Rapid_Override,100,2025-07-31 13:21:10.837999
Rapid_Speed,0,2025-07-31 13:21:10.837999
S_Axis_Load,0,2025-07-31 13:21:10.837999
Spindle_Override,100,2025-07-31 13:21:10.837999
Spindle_Speed,0,2025-07-31 13:21:10.837999
X_Axis_Load,4,2025-07-31 13:21:10.837999
X_Position,379.84679454674,2025-07-31 13:21:10.837999
Y_Axis_Load,5,2025-07-31 13:21:10.837999
Y_Position,496.953400028809,2025-07-31 13:21:10.837999
Z_Axis_Load,40,2025-07-31 13:21:10.837999
Z_Position,-4.30260337827589,2025-07-31 13:21:10.837999
COR_Status,1,2025-07-31 13:21:10.837999
Controller_Mode,AUTO,2025-07-31 13:21:10.837999
EStop_State,ARMED,2025-07-31 13:21:10.837999
Machine_Mode,4,2025-07-31 13:21:10.837999
Block_Number,0,2025-07-31 13:21:10.837999
Current_Tool,72,2025-07-31 13:21:10.837999
Part_Count,27,2025-07-31 13:21:10.837999
Program_Name_Running,000454_D_A_PROGRAM_4.NC,2025-07-31 13:21:10.837999
spindle motor v_rms,0.0,2025-07-31 13:21:10.837999
spindle motor a_peak,200,2025-07-31 13:21:10.837999
spindle motor a_rms,100,2025-07-31 13:21:10.837999
spindle motor temp,35.8,2025-07-31 13:21:10.837999
spindle motor crest,4.1,2025-07-31 13:21:10.837999
z-axis bearing v_rms,0.0,2025-07-31 13:21:10.837999
z-axis bearing a_peak,200,2025-07-31 13:21:10.837999
z-axis bearing a_rms,0,2025-07-31 13:21:10.837999
z-axis bearing temp,24.6,2025-07-31 13:21:10.837999
z-axis bearing crest,3.8,2025-07-31 13:21:10.837999
z-axis motor v_rms,0.0,2025-07-31 13:21:10.837999
z-axis motor a_peak,900,2025-07-31 13:21:10.837999
z-axis motor a_rms,500,2025-07-31 13:21:10.837999
z-axis motor temp,29.8,2025-07-31 13:21:10.837999
z-axis motor crest,1.9,2025-07-31 13:21:10.837999
y-axis bearing v_rms,0.0,2025-07-31 13:21:10.837999
y-axis bearing a_peak,200,2025-07-31 13:21:10.837999
y-axis bearing a_rms,0,2025-07-31 13:21:10.837999
y-axis bearing temp,23.3,2025-07-31 13:21:10.837999
y-axis bearing crest,4.4,2025-07-31 13:21:10.837999
y-axis motor v_rms,0.0,2025-07-31 13:21:10.837999
y-axis motor a_peak,400,2025-07-31 13:21:10.837999
y-axis motor a_rms,200,2025-07-31 13:21:10.837999
y-axis motor temp,25.7,2025-07-31 13:21:10.837999
y-axis motor crest,2.4,2025-07-31 13:21:10.837999
x-axis motor v_rms,0.0,2025-07-31 13:21:10.837999
x-axis motor a_peak,200,2025-07-31 13:21:10.837999
x-axis motor a_rms,0,2025-07-31 13:21:10.837999
x-axis motor temp,23.5,2025-07-31 13:21:10.837999
x-axis motor crest,3.7,2025-07-31 13:21:10.837999
voltage,133.53333333333333,2025-07-31 13:21:10.837999
current,3.6733333333333333,2025-07-31 13:21:10.837999
active power,403.3333333333333,2025-07-31 13:21:10.837999
forward kWh,54.23866666666667,2025-07-31 13:21:10.837999
reverse kWh,1.8043333333333333,2025-07-31 13:21:10.837999
frequency,59.99,2025-07-31 13:21:10.837999
power factor,0.7733333333333333,2025-07-31 13:21:10.837999
featureId,UNAVAILABLE,2025-07-31 13:21:11.838350
partKindId,NONE,2025-07-31 13:21:11.838350
processKindId,NONE,2025-07-31 13:21:11.838350
A_Axis_Load,0,2025-07-31 13:21:11.838350
A_Position,-89.9995631963877,2025-07-31 13:21:11.838350
C_Axis_Load,11,2025-07-31 13:21:11.838350
C_Position,120.0005,2025-07-31 13:21:11.838350
Machine_Time,2758021.162,2025-07-31 13:21:11.838350
Spindle_Time,767248.463999999,2025-07-31 13:21:11.838350
Feed_Override,100,2025-07-31 13:21:11.838350
Feed_Rate,0,2025-07-31 13:21:11.838350
Program_Runtime_Seconds,46,2025-07-31 13:21:11.838350
Rapid_Override,100,2025-07-31 13:21:11.838350
Rapid_Speed,0,2025-07-31 13:21:11.838350
S_Axis_Load,0,2025-07-31 13:21:11.838350
Spindle_Override,100,2025-07-31 13:21:11.838350
Spindle_Speed,0,2025-07-31 13:21:11.838350
X_Axis_Load,4,2025-07-31 13:21:11.838350
X_Position,379.84679454674,2025-07-31 13:21:11.838350
Y_Axis_Load,5,2025-07-31 13:21:11.838350
Y_Position,496.953400028809,2025-07-31 13:21:11.838350
Z_Axis_Load,40,2025-07-31 13:21:11.838350
Z_Position,-4.30259193467025,2025-07-31 13:21:11.838350
COR_Status,1,2025-07-31 13:21:11.838350
Controller_Mode,AUTO,2025-07-31 13:21:11.838350
EStop_State,ARMED,2025-07-31 13:21:11.838350
Machine_Mode,4,2025-07-31 13:21:11.838350
Block_Number,0,2025-07-31 13:21:11.838350
Current_Tool,72,2025-07-31 13:21:11.838350
Part_Count,27,2025-07-31 13:21:11.838350
Program_Name_Running,000454_D_A_PROGRAM_4.NC,2025-07-31 13:21:11.838350
spindle motor v_rms,0.0,2025-07-31 13:21:11.838350
spindle motor a_peak,200,2025-07-31 13:21:11.838350
spindle motor a_rms,100,2025-07-31 13:21:11.838350
spindle motor temp,35.8,2025-07-31 13:21:11.838350
spindle motor crest,3.7,2025-07-31 13:21:11.838350
z-axis bearing v_rms,0.0,2025-07-31 13:21:11.838350
z-axis bearing a_peak,200,2025-07-31 13:21:11.838350
z-axis bearing a_rms,0,2025-07-31 13:21:11.838350
z-axis bearing temp,24.6,2025-07-31 13:21:11.838350
z-axis bearing crest,4.3,2025-07-31 13:21:11.838350
z-axis motor v_rms,0.0,2025-07-31 13:21:11.838350
z-axis motor a_peak,900,2025-07-31 13:21:11.838350
z-axis motor a_rms,500,2025-07-31 13:21:11.838350
z-axis motor temp,29.8,2025-07-31 13:21:11.838350
z-axis motor crest,1.9,2025-07-31 13:21:11.838350
y-axis bearing v_rms,0.0,2025-07-31 13:21:11.838350
y-axis bearing a_peak,200,2025-07-31 13:21:11.838350
y-axis bearing a_rms,0,2025-07-31 13:21:11.838350
y-axis bearing temp,23.3,2025-07-31 13:21:11.838350
y-axis bearing crest,3.8,2025-07-31 13:21:11.838350
y-axis motor v_rms,0.0,2025-07-31 13:21:11.838350
y-axis motor a_peak,400,2025-07-31 13:21:11.838350
y-axis motor a_rms,200,2025-07-31 13:21:11.838350
y-axis motor temp,25.7,2025-07-31 13:21:11.838350
y-axis motor crest,2.3,2025-07-31 13:21:11.838350
x-axis motor v_rms,0.0,2025-07-31 13:21:11.838350
x-axis motor a_peak,200,2025-07-31 13:21:11.838350
x-axis motor a_rms,0,2025-07-31 13:21:11.838350
x-axis motor temp,23.5,2025-07-31 13:21:11.838350
x-axis motor crest,4.6,2025-07-31 13:21:11.838350
voltage,133.56666666666666,2025-07-31 13:21:11.838350
current,3.72,2025-07-31 13:21:11.838350
active power,407.0,2025-07-31 13:21:11.838350
forward kWh,54.239000000000004,2025-07-31 13:21:11.838350
reverse kWh,1.8043333333333333,2025-07-31 13:21:11.838350
frequency,59.99,2025-07-31 13:21:11.838350
power factor,0.7733333333333333,2025-07-31 13:21:11.838350
featureId,UNAVAILABLE,2025-07-31 13:21:12.838626
partKindId,NONE,2025-07-31 13:21:12.838626
processKindId,NONE,2025-07-31 13:21:12.838626
A_Axis_Load,0,2025-07-31 13:21:12.838626
A_Position,-89.9995631963877,2025-07-31 13:21:12.838626
C_Axis_Load,11,2025-07-31 13:21:12.838626
C_Position,120.0005,2025-07-31 13:21:12.838626
Machine_Time,2758021.162,2025-07-31 13:21:12.838626
Spindle_Time,767248.463999999,2025-07-31 13:21:12.838626
Feed_Override,100,2025-07-31 13:21:12.838626
Feed_Rate,0,2025-07-31 13:21:12.838626
Program_Runtime_Seconds,46,2025-07-31 13:21:12.838626
Rapid_Override,100,2025-07-31 13:21:12.838626
Rapid_Speed,0,2025-07-31 13:21:12.838626
S_Axis_Load,0,2025-07-31 13:21:12.838626
Spindle_Override,100,2025-07-31 13:21:12.838626
Spindle_Speed,0,2025-07-31 13:21:12.838626
X_Axis_Load,4,2025-07-31 13:21:12.838626
X_Position,379.84679454674,2025-07-31 13:21:12.838626
Y_Axis_Load,5,2025-07-31 13:21:12.838626
Y_Position,496.953400028809,2025-07-31 13:21:12.838626
Z_Axis_Load,40,2025-07-31 13:21:12.838626
Z_Position,-4.30259193467025,2025-07-31 13:21:12.838626
COR_Status,1,2025-07-31 13:21:12.838626
Controller_Mode,AUTO,2025-07-31 13:21:12.838626
EStop_State,ARMED,2025-07-31 13:21:12.838626
Machine_Mode,5,2025-07-31 13:21:12.838626
Block_Number,0,2025-07-31 13:21:12.838626
Current_Tool,72,2025-07-31 13:21:12.838626
Part_Count,27,2025-07-31 13:21:12.838626
Program_Name_Running,000454_D_A_PROGRAM_4.NC,2025-07-31 13:21:12.838626
spindle motor v_rms,0.1,2025-07-31 13:21:12.838626
spindle motor a_peak,200,2025-07-31 13:21:12.838626
spindle motor a_rms,100,2025-07-31 13:21:12.838626
spindle motor temp,35.8,2025-07-31 13:21:12.838626
spindle motor crest,4.3,2025-07-31 13:21:12.838626
z-axis bearing v_rms,0.0,2025-07-31 13:21:12.838626
z-axis bearing a_peak,200,2025-07-31 13:21:12.838626
z-axis bearing a_rms,0,2025-07-31 13:21:12.838626
z-axis bearing temp,24.6,2025-07-31 13:21:12.838626
z-axis bearing crest,4.3,2025-07-31 13:21:12.838626
z-axis motor v_rms,0.0,2025-07-31 13:21:12.838626
z-axis motor a_peak,900,2025-07-31 13:21:12.838626
z-axis motor a_rms,500,2025-07-31 13:21:12.838626
z-axis motor temp,29.8,2025-07-31 13:21:12.838626
z-axis motor crest,1.9,2025-07-31 13:21:12.838626
y-axis bearing v_rms,0.0,2025-07-31 13:21:12.838626
y-axis bearing a_peak,200,2025-07-31 13:21:12.838626
y-axis bearing a_rms,0,2025-07-31 13:21:12.838626
y-axis bearing temp,23.3,2025-07-31 13:21:12.838626
y-axis bearing crest,4.2,2025-07-31 13:21:12.838626
y-axis motor v_rms,0.1,2025-07-31 13:21:12.838626
y-axis motor a_peak,2400,2025-07-31 13:21:12.838626
y-axis motor a_rms,300,2025-07-31 13:21:12.838626
y-axis motor temp,25.7,2025-07-31 13:21:12.838626
y-axis motor crest,9.3,2025-07-31 13:21:12.838626
x-axis motor v_rms,0.1,2025-07-31 13:21:12.838626
x-axis motor a_peak,1700,2025-07-31 13:21:12.838626
x-axis motor a_rms,300,2025-07-31 13:21:12.838626
x-axis motor temp,23.5,2025-07-31 13:21:12.838626
x-axis motor crest,6.3,2025-07-31 13:21:12.838626
voltage,133.56666666666666,2025-07-31 13:21:12.838626
current,3.67,2025-07-31 13:21:12.838626
active power,403.0,2025-07-31 13:21:12.838626
forward kWh,54.239000000000004,2025-07-31 13:21:12.838626
reverse kWh,1.8043333333333333,2025-07-31 13:21:12.838626
frequency,59.99,2025-07-31 13:21:12.838626
power factor,0.7766666666666667,2025-07-31 13:21:12.838626
featureId,UNAVAILABLE,2025-07-31 13:21:13.838914
partKindId,NONE,2025-07-31 13:21:13.838914
processKindId,NONE,2025-07-31 13:21:13.838914
A_Axis_Load,0,2025-07-31 13:21:13.838914
A_Position,-89.9995631963877,2025-07-31 13:21:13.838914
C_Axis_Load,11,2025-07-31 13:21:13.838914
C_Position,120.0005,2025-07-31 13:21:13.838914
Machine_Time,2758021.162,2025-07-31 13:21:13.838914
Spindle_Time,767248.463999999,2025-07-31 13:21:13.838914
Feed_Override,100,2025-07-31 13:21:13.838914
Feed_Rate,633.3333,2025-07-31 13:21:13.838914
Program_Runtime_Seconds,0,2025-07-31 13:21:13.838914
Rapid_Override,100,2025-07-31 13:21:13.838914
Rapid_Speed,0,2025-07-31 13:21:13.838914
S_Axis_Load,0,2025-07-31 13:21:13.838914
Spindle_Override,100,2025-07-31 13:21:13.838914
Spindle_Speed,0,2025-07-31 13:21:13.838914
X_Axis_Load,24,2025-07-31 13:21:13.838914
X_Position,63.5208536312133,2025-07-31 13:21:13.838914
Y_Axis_Load,5,2025-07-31 13:21:13.838914
Y_Position,496.953422916992,2025-07-31 13:21:13.838914
Z_Axis_Load,40,2025-07-31 13:21:13.838914
Z_Position,-4.30261482188154,2025-07-31 13:21:13.838914
COR_Status,1,2025-07-31 13:21:13.838914
Controller_Mode,AUTO,2025-07-31 13:21:13.838914
EStop_State,ARMED,2025-07-31 13:21:13.838914
Machine_Mode,5,2025-07-31 13:21:13.838914
Block_Number,10,2025-07-31 13:21:13.838914
Current_Tool,72,2025-07-31 13:21:13.838914
Part_Count,27,2025-07-31 13:21:13.838914
Program_Name_Running,000454_D_A_PROGRAM_3.NC,2025-07-31 13:21:13.838914
spindle motor v_rms,0.1,2025-07-31 13:21:13.838914
spindle motor a_peak,300,2025-07-31 13:21:13.838914
spindle motor a_rms,100,2025-07-31 13:21:13.838914
spindle motor temp,35.8,2025-07-31 13:21:13.838914
spindle motor crest,4.3,2025-07-31 13:21:13.838914
z-axis bearing v_rms,0.2,2025-07-31 13:21:13.838914
z-axis bearing a_peak,1600,2025-07-31 13:21:13.838914
z-axis bearing a_rms,400,2025-07-31 13:21:13.838914
z-axis bearing temp,24.6,2025-07-31 13:21:13.838914
z-axis bearing crest,4.5,2025-07-31 13:21:13.838914
z-axis motor v_rms,0.4,2025-07-31 13:21:13.838914
z-axis motor a_peak,6000,2025-07-31 13:21:13.838914
z-axis motor a_rms,700,2025-07-31 13:21:13.838914
z-axis motor temp,29.8,2025-07-31 13:21:13.838914
z-axis motor crest,8.6,2025-07-31 13:21:13.838914
y-axis bearing v_rms,0.2,2025-07-31 13:21:13.838914
y-axis bearing a_peak,2100,2025-07-31 13:21:13.838914
y-axis bearing a_rms,400,2025-07-31 13:21:13.838914
y-axis bearing temp,23.3,2025-07-31 13:21:13.838914
y-axis bearing crest,5.6,2025-07-31 13:21:13.838914
y-axis motor v_rms,0.1,2025-07-31 13:21:13.838914
y-axis motor a_peak,2500,2025-07-31 13:21:13.838914
y-axis motor a_rms,300,2025-07-31 13:21:13.838914
y-axis motor temp,25.7,2025-07-31 13:21:13.838914
y-axis motor crest,7.1,2025-07-31 13:21:13.838914
x-axis motor v_rms,0.1,2025-07-31 13:21:13.838914
x-axis motor a_peak,3800,2025-07-31 13:21:13.838914
x-axis motor a_rms,200,2025-07-31 13:21:13.838914
x-axis motor temp,23.5,2025-07-31 13:21:13.838914
x-axis motor crest,16.9,2025-07-31 13:21:13.838914
voltage,133.46666666666667,2025-07-31 13:21:13.838914
current,4.976666666666667,2025-07-31 13:21:13.838914
active power,517.6666666666666,2025-07-31 13:21:13.838914
forward kWh,54.239000000000004,2025-07-31 13:21:13.838914
reverse kWh,1.8043333333333333,2025-07-31 13:21:13.838914
frequency,59.99,2025-07-31 13:21:13.838914
power factor,1.0,2025-07-31 13:21:13.838914
featureId,UNAVAILABLE,2025-07-31 13:21:14.839223
partKindId,NONE,2025-07-31 13:21:14.839223
processKindId,NONE,2025-07-31 13:21:14.839223
A_Axis_Load,0,2025-07-31 13:21:14.839223
A_Position,-89.9995631963877,2025-07-31 13:21:14.839223
C_Axis_Load,11,2025-07-31 13:21:14.839223
C_Position,120.0005,2025-07-31 13:21:14.839223
Machine_Time,2758021.162,2025-07-31 13:21:14.839223
Spindle_Time,767248.463999999,2025-07-31 13:21:14.839223
Feed_Override,100,2025-07-31 13:21:14.839223
Feed_Rate,0,2025-07-31 13:21:14.839223
Program_Runtime_Seconds,1,2025-07-31 13:21:14.839223
Rapid_Override,100,2025-07-31 13:21:14.839223
Rapid_Speed,0,2025-07-31 13:21:14.839223
S_Axis_Load,1,2025-07-31 13:21:14.839223
Spindle_Override,100,2025-07-31 13:21:14.839223
Spindle_Speed,2.16678433423218,2025-07-31 13:21:14.839223
X_Axis_Load,6,2025-07-31 13:21:14.839223
X_Position,1.38679621920055,2025-07-31 13:21:14.839223
Y_Axis_Load,5,2025-07-31 13:21:14.839223
Y_Position,496.953400028809,2025-07-31 13:21:14.839223
Z_Axis_Load,29,2025-07-31 13:21:14.839223
Z_Position,-99.867081305929,2025-07-31 13:21:14.839223
COR_Status,1,2025-07-31 13:21:14.839223
Controller_Mode,AUTO,2025-07-31 13:21:14.839223
EStop_State,ARMED,2025-07-31 13:21:14.839223
Machine_Mode,5,2025-07-31 13:21:14.839223
Block_Number,11,2025-07-31 13:21:14.839223
Current_Tool,72,2025-07-31 13:21:14.839223
Part_Count,27,2025-07-31 13:21:14.839223
Program_Name_Running,000454_D_A_PROGRAM_3.NC,2025-07-31 13:21:14.839223
spindle motor v_rms,0.1,2025-07-31 13:21:14.839223
spindle motor a_peak,4200,2025-07-31 13:21:14.839223
spindle motor a_rms,600,2025-07-31 13:21:14.839223
spindle motor temp,35.8,2025-07-31 13:21:14.839223
spindle motor crest,6.5,2025-07-31 13:21:14.839223
z-axis bearing v_rms,0.0,2025-07-31 13:21:14.839223
z-axis bearing a_peak,700,2025-07-31 13:21:14.839223
z-axis bearing a_rms,100,2025-07-31 13:21:14.839223
z-axis bearing temp,24.6,2025-07-31 13:21:14.839223
z-axis bearing crest,8.1,2025-07-31 13:21:14.839223
z-axis motor v_rms,0.1,2025-07-31 13:21:14.839223
z-axis motor a_peak,700,2025-07-31 13:21:14.839223
z-axis motor a_rms,100,2025-07-31 13:21:14.839223
z-axis motor temp,29.8,2025-07-31 13:21:14.839223
z-axis motor crest,6.6,2025-07-31 13:21:14.839223
y-axis bearing v_rms,0.0,2025-07-31 13:21:14.839223
y-axis bearing a_peak,200,2025-07-31 13:21:14.839223
y-axis bearing a_rms,100,2025-07-31 13:21:14.839223
y-axis bearing temp,23.3,2025-07-31 13:21:14.839223
y-axis bearing crest,3.8,2025-07-31 13:21:14.839223
y-axis motor v_rms,0.0,2025-07-31 13:21:14.839223
y-axis motor a_peak,500,2025-07-31 13:21:14.839223
y-axis motor a_rms,200,2025-07-31 13:21:14.839223
y-axis motor temp,25.7,2025-07-31 13:21:14.839223
y-axis motor crest,2.7,2025-07-31 13:21:14.839223
x-axis motor v_rms,0.0,2025-07-31 13:21:14.839223
x-axis motor a_peak,200,2025-07-31 13:21:14.839223
x-axis motor a_rms,0,2025-07-31 13:21:14.839223
x-axis motor temp,23.5,2025-07-31 13:21:14.839223
x-axis motor crest,3.8,2025-07-31 13:21:14.839223
voltage,132.93333333333334,2025-07-31 13:21:14.839223
current,12.913333333333334,2025-07-31 13:21:14.839223
active power,1281.6666666666667,2025-07-31 13:21:14.839223
forward kWh,54.23933333333334,2025-07-31 13:21:14.839223
reverse kWh,1.8043333333333333,2025-07-31 13:21:14.839223
frequency,59.99,2025-07-31 13:21:14.839223
power factor,1.0,2025-07-31 13:21:14.839223
featureId,UNAVAILABLE,2025-07-31 13:21:15.839548
partKindId,NONE,2025-07-31 13:21:15.839548
processKindId,NONE,2025-07-31 13:21:15.839548
A_Axis_Load,0,2025-07-31 13:21:15.839548
A_Position,-89.9995631963877,2025-07-31 13:21:15.839548
C_Axis_Load,11,2025-07-31 13:21:15.839548
C_Position,120.0005,2025-07-31 13:21:15.839548
Machine_Time,2758021.162,2025-07-31 13:21:15.839548
Spindle_Time,767248.463999999,2025-07-31 13:21:15.839548
Feed_Override,100,2025-07-31 13:21:15.839548
Feed_Rate,0,2025-07-31 13:21:15.839548
Program_Runtime_Seconds,3,2025-07-31 13:21:15.839548
Rapid_Override,100,2025-07-31 13:21:15.839548
Rapid_Speed,0,2025-07-31 13:21:15.839548
S_Axis_Load,0,2025-07-31 13:21:15.839548
Spindle_Override,100,2025-07-31 13:21:15.839548
Spindle_Speed,0,2025-07-31 13:21:15.839548
X_Axis_Load,6,2025-07-31 13:21:15.839548
X_Position,1.38679621920055,2025-07-31 13:21:15.839548
Y_Axis_Load,5,2025-07-31 13:21:15.839548
Y_Position,496.953400028809,2025-07-31 13:21:15.839548
Z_Axis_Load,30,2025-07-31 13:21:15.839548
Z_Position,-99.8670012020172,2025-07-31 13:21:15.839548
COR_Status,1,2025-07-31 13:21:15.839548
Controller_Mode,AUTO,2025-07-31 13:21:15.839548
EStop_State,ARMED,2025-07-31 13:21:15.839548
Machine_Mode,5,2025-07-31 13:21:15.839548
Block_Number,11,2025-07-31 13:21:15.839548
Current_Tool,72,2025-07-31 13:21:15.839548
Part_Count,27,2025-07-31 13:21:15.839548
Program_Name_Running,000454_D_A_PROGRAM_3.NC,2025-07-31 13:21:15.839548
spindle motor v_rms,0.1,2025-07-31 13:21:15.839548
spindle motor a_peak,600,2025-07-31 13:21:15.839548
spindle motor a_rms,200,2025-07-31 13:21:15.839548
spindle motor temp,35.8,2025-07-31 13:21:15.839548
spindle motor crest,2.7,2025-07-31 13:21:15.839548
z-axis bearing v_rms,0.0,2025-07-31 13:21:15.839548
z-axis bearing a_peak,500,2025-07-31 13:21:15.839548
z-axis bearing a_rms,100,2025-07-31 13:21:15.839548
z-axis bearing temp,24.6,2025-07-31 13:21:15.839548
z-axis bearing crest,7.0,2025-07-31 13:21:15.839548
z-axis motor v_rms,0.1,2025-07-31 13:21:15.839548
z-axis motor a_peak,400,2025-07-31 13:21:15.839548
z-axis motor a_rms,100,2025-07-31 13:21:15.839548
z-axis motor temp,29.8,2025-07-31 13:21:15.839548
z-axis motor crest,4.1,2025-07-31 13:21:15.839548
y-axis bearing v_rms,0.0,2025-07-31 13:21:15.839548
y-axis bearing a_peak,200,2025-07-31 13:21:15.839548
y-axis bearing a_rms,100,2025-07-31 13:21:15.839548
y-axis bearing temp,23.3,2025-07-31 13:21:15.839548
y-axis bearing crest,3.9,2025-07-31 13:21:15.839548
y-axis motor v_rms,0.0,2025-07-31 13:21:15.839548
y-axis motor a_peak,500,2025-07-31 13:21:15.839548
y-axis motor a_rms,200,2025-07-31 13:21:15.839548
y-axis motor temp,25.7,2025-07-31 13:21:15.839548
y-axis motor crest,2.9,2025-07-31 13:21:15.839548
x-axis motor v_rms,0.0,2025-07-31 13:21:15.839548
x-axis motor a_peak,200,2025-07-31 13:21:15.839548
x-axis motor a_rms,0,2025-07-31 13:21:15.839548
x-axis motor temp,23.5,2025-07-31 13:21:15.839548
x-axis motor crest,3.6,2025-07-31 13:21:15.839548
voltage,133.20000000000002,2025-07-31 13:21:15.839548
current,6.010000000000001,2025-07-31 13:21:15.839548
active power,640.3333333333334,2025-07-31 13:21:15.839548
forward kWh,54.239666666666665,2025-07-31 13:21:15.839548
reverse kWh,1.8043333333333333,2025-07-31 13:21:15.839548
frequency,59.99,2025-07-31 13:21:15.839548
power factor,0.77,2025-07-31 13:21:15.839548
featureId,UNAVAILABLE,2025-07-31 13:21:16.839859
partKindId,NONE,2025-07-31 13:21:16.839859
processKindId,NONE,2025-07-31 13:21:16.839859
A_Axis_Load,0,2025-07-31 13:21:16.839859
A_Position,-89.9995631963877,2025-07-31 13:21:16.839859
C_Axis_Load,11,2025-07-31 13:21:16.839859
C_Position,120.0005,2025-07-31 13:21:16.839859
Machine_Time,2758021.162,2025-07-31 13:21:16.839859
Spindle_Time,767248.463999999,2025-07-31 13:21:16.839859
Feed_Override,100,2025-07-31 13:21:16.839859
Feed_Rate,0,2025-07-31 13:21:16.839859
Program_Runtime_Seconds,4,2025-07-31 13:21:16.839859
Rapid_Override,100,2025-07-31 13:21:16.839859
Rapid_Speed,0,2025-07-31 13:21:16.839859
S_Axis_Load,2,2025-07-31 13:21:16.839859
Spindle_Override,100,2025-07-31 13:21:16.839859
Spindle_Speed,0,2025-07-31 13:21:16.839859
X_Axis_Load,6,2025-07-31 13:21:16.839859
X_Position,1.38679621920055,2025-07-31 13:21:16.839859
Y_Axis_Load,5,2025-07-31 13:21:16.839859
Y_Position,496.953400028809,2025-07-31 13:21:16.839859
Z_Axis_Load,30,2025-07-31 13:21:16.839859
Z_Position,-99.8669897586013,2025-07-31 13:21:16.839859
COR_Status,1,2025-07-31 13:21:16.839859
Controller_Mode,AUTO,2025-07-31 13:21:16.839859
EStop_State,ARMED,2025-07-31 13:21:16.839859
Machine_Mode,5,2025-07-31 13:21:16.839859
Block_Number,11,2025-07-31 13:21:16.839859
Current_Tool,72,2025-07-31 13:21:16.839859
Part_Count,27,2025-07-31 13:21:16.839859
Program_Name_Running,000454_D_A_PROGRAM_3.NC,2025-07-31 13:21:16.839859
spindle motor v_rms,0.1,2025-07-31 13:21:16.839859
spindle motor a_peak,600,2025-07-31 13:21:16.839859
spindle motor a_rms,200,2025-07-31 13:21:16.839859
spindle motor temp,35.8,2025-07-31 13:21:16.839859
spindle motor crest,2.7,2025-07-31 13:21:16.839859
z-axis bearing v_rms,0.0,2025-07-31 13:21:16.839859
z-axis bearing a_peak,300,2025-07-31 13:21:16.839859
z-axis bearing a_rms,100,2025-07-31 13:21:16.839859
z-axis bearing temp,24.6,2025-07-31 13:21:16.839859
z-axis bearing crest,4.0,2025-07-31 13:21:16.839859
z-axis motor v_rms,0.1,2025-07-31 13:21:16.839859
z-axis motor a_peak,300,2025-07-31 13:21:16.839859
z-axis motor a_rms,100,2025-07-31 13:21:16.839859
z-axis motor temp,29.8,2025-07-31 13:21:16.839859
z-axis motor crest,3.5,2025-07-31 13:21:16.839859
y-axis bearing v_rms,0.0,2025-07-31 13:21:16.839859
y-axis bearing a_peak,200,2025-07-31 13:21:16.839859
y-axis bearing a_rms,100,2025-07-31 13:21:16.839859
y-axis bearing temp,23.3,2025-07-31 13:21:16.839859
y-axis bearing crest,4.0,2025-07-31 13:21:16.839859
y-axis motor v_rms,0.1,2025-07-31 13:21:16.839859
y-axis motor a_peak,500,2025-07-31 13:21:16.839859
y-axis motor a_rms,200,2025-07-31 13:21:16.839859
y-axis motor temp,25.7,2025-07-31 13:21:16.839859
y-axis motor crest,2.8,2025-07-31 13:21:16.839859
x-axis motor v_rms,0.0,2025-07-31 13:21:16.839859
x-axis motor a_peak,200,2025-07-31 13:21:16.839859
x-axis motor a_rms,0,2025-07-31 13:21:16.839859
x-axis motor temp,23.5,2025-07-31 13:21:16.839859
x-axis motor crest,4.5,2025-07-31 13:21:16.839859
voltage,133.23333333333335,2025-07-31 13:21:16.839859
current,6.176666666666667,2025-07-31 13:21:16.839859
active power,661.3333333333334,2025-07-31 13:21:16.839859
forward kWh,54.239666666666665,2025-07-31 13:21:16.839859
reverse kWh,1.8043333333333333,2025-07-31 13:21:16.839859
frequency,59.99,2025-07-31 13:21:16.839859
power factor,0.7966666666666665,2025-07-31 13:21:16.839859
featureId,UNAVAILABLE,2025-07-31 13:21:17.840130
partKindId,NONE,2025-07-31 13:21:17.840130
processKindId,NONE,2025-07-31 13:21:17.840130
A_Axis_Load,0,2025-07-31 13:21:17.840130
A_Position,-89.9995631963877,2025-07-31 13:21:17.840130
C_Axis_Load,11,2025-07-31 13:21:17.840130
C_Position,120.0005,2025-07-31 13:21:17.840130
Machine_Time,2758021.162,2025-07-31 13:21:17.840130
Spindle_Time,767248.463999999,2025-07-31 13:21:17.840130
Feed_Override,100,2025-07-31 13:21:17.840130
Feed_Rate,0,2025-07-31 13:21:17.840130
Program_Runtime_Seconds,5,2025-07-31 13:21:17.840130
Rapid_Override,100,2025-07-31 13:21:17.840130
Rapid_Speed,0,2025-07-31 13:21:17.840130
S_Axis_Load,1,2025-07-31 13:21:17.840130
Spindle_Override,100,2025-07-31 13:21:17.840130
Spindle_Speed,0,2025-07-31 13:21:17.840130
X_Axis_Load,5,2025-07-31 13:21:17.840130
X_Position,1.38678477438427,2025-07-31 13:21:17.840130
Y_Axis_Load,5,2025-07-31 13:21:17.840130
Y_Position,496.953400028809,2025-07-31 13:21:17.840130
Z_Axis_Load,30,2025-07-31 13:21:17.840130
Z_Position,-99.8670012020172,2025-07-31 13:21:17.840130
COR_Status,1,2025-07-31 13:21:17.840130
Controller_Mode,AUTO,2025-07-31 13:21:17.840130
EStop_State,ARMED,2025-07-31 13:21:17.840130
Machine_Mode,5,2025-07-31 13:21:17.840130
Block_Number,11,2025-07-31 13:21:17.840130
Current_Tool,72,2025-07-31 13:21:17.840130
Part_Count,27,2025-07-31 13:21:17.840130
Program_Name_Running,000454_D_A_PROGRAM_3.NC,2025-07-31 13:21:17.840130
spindle motor v_rms,0.1,2025-07-31 13:21:17.840130
spindle motor a_peak,600,2025-07-31 13:21:17.840130
spindle motor a_rms,200,2025-07-31 13:21:17.840130
spindle motor temp,35.8,2025-07-31 13:21:17.840130
spindle motor crest,2.7,2025-07-31 13:21:17.840130
z-axis bearing v_rms,0.1,2025-07-31 13:21:17.840130
z-axis bearing a_peak,300,2025-07-31 13:21:17.840130
z-axis bearing a_rms,100,2025-07-31 13:21:17.840130
z-axis bearing temp,24.6,2025-07-31 13:21:17.840130
z-axis bearing crest,4.6,2025-07-31 13:21:17.840130
z-axis motor v_rms,0.1,2025-07-31 13:21:17.840130
z-axis motor a_peak,500,2025-07-31 13:21:17.840130
z-axis motor a_rms,100,2025-07-31 13:21:17.840130
z-axis motor temp,29.8,2025-07-31 13:21:17.840130
z-axis motor crest,4.1,2025-07-31 13:21:17.840130
y-axis bearing v_rms,0.0,2025-07-31 13:21:17.840130
y-axis bearing a_peak,1000,2025-07-31 13:21:17.840130
y-axis bearing a_rms,100,2025-07-31 13:21:17.840130
y-axis bearing temp,23.3,2025-07-31 13:21:17.840130
y-axis bearing crest,10.4,2025-07-31 13:21:17.840130
y-axis motor v_rms,0.1,2025-07-31 13:21:17.840130
y-axis motor a_peak,1500,2025-07-31 13:21:17.840130
y-axis motor a_rms,200,2025-07-31 13:21:17.840130
y-axis motor temp,25.7,2025-07-31 13:21:17.840130
y-axis motor crest,7.1,2025-07-31 13:21:17.840130
x-axis motor v_rms,0.0,2025-07-31 13:21:17.840130
x-axis motor a_peak,400,2025-07-31 13:21:17.840130
x-axis motor a_rms,100,2025-07-31 13:21:17.840130
x-axis motor temp,23.5,2025-07-31 13:21:17.840130
x-axis motor crest,6.6,2025-07-31 13:21:17.840130
voltage,133.26666666666668,2025-07-31 13:21:17.840130
current,6.246666666666666,2025-07-31 13:21:17.840130
active power,671.6666666666666,2025-07-31 13:21:17.840130
forward kWh,54.239666666666665,2025-07-31 13:21:17.840130
reverse kWh,1.8043333333333333,2025-07-31 13:21:17.840130
frequency,59.99,2025-07-31 13:21:17.840130
power factor,0.7933333333333333,2025-07-31 13:21:17.840130
featureId,UNAVAILABLE,2025-07-31 13:21:18.840305
partKindId,NONE,2025-07-31 13:21:18.840305
processKindId,NONE,2025-07-31 13:21:18.840305
A_Axis_Load,0,2025-07-31 13:21:18.840305
A_Position,-89.9995631963877,2025-07-31 13:21:18.840305
C_Axis_Load,11,2025-07-31 13:21:18.840305
C_Position,120.0005,2025-07-31 13:21:18.840305
Machine_Time,2758021.162,2025-07-31 13:21:18.840305
Spindle_Time,767248.463999999,2025-07-31 13:21:18.840305
Feed_Override,100,2025-07-31 13:21:18.840305
Feed_Rate,0,2025-07-31 13:21:18.840305
Program_Runtime_Seconds,6,2025-07-31 13:21:18.840305
Rapid_Override,100,2025-07-31 13:21:18.840305
Rapid_Speed,0,2025-07-31 13:21:18.840305
S_Axis_Load,2,2025-07-31 13:21:18.840305
Spindle_Override,100,2025-07-31 13:21:18.840305
Spindle_Speed,0,2025-07-31 13:21:18.840305
X_Axis_Load,5,2025-07-31 13:21:18.840305
X_Position,1.38679621920055,2025-07-31 13:21:18.840305
Y_Axis_Load,5,2025-07-31 13:21:18.840305
Y_Position,496.953400028809,2025-07-31 13:21:18.840305
Z_Axis_Load,30,2025-07-31 13:21:18.840305
Z_Position,-99.8670012020172,2025-07-31 13:21:18.840305
COR_Status,1,2025-07-31 13:21:18.840305
Controller_Mode,AUTO,2025-07-31 13:21:18.840305
EStop_State,ARMED,2025-07-31 13:21:18.840305
Machine_Mode,5,2025-07-31 13:21:18.840305
Block_Number,11,2025-07-31 13:21:18.840305
Current_Tool,72,2025-07-31 13:21:18.840305
Part_Count,27,2025-07-31 13:21:18.840305
Program_Name_Running,000454_D_A_PROGRAM_3.NC,2025-07-31 13:21:18.840305
spindle motor v_rms,0.0,2025-07-31 13:21:18.840305
spindle motor a_peak,600,2025-07-31 13:21:18.840305
spindle motor a_rms,200,2025-07-31 13:21:18.840305
spindle motor temp,35.8,2025-07-31 13:21:18.840305
spindle motor crest,2.9,2025-07-31 13:21:18.840305
z-axis bearing v_rms,0.0,2025-07-31 13:21:18.840305
z-axis bearing a_peak,600,2025-07-31 13:21:18.840305
z-axis bearing a_rms,100,2025-07-31 13:21:18.840305
z-axis bearing temp,24.6,2025-07-31 13:21:18.840305
z-axis bearing crest,8.7,2025-07-31 13:21:18.840305
z-axis motor v_rms,0.1,2025-07-31 13:21:18.840305
z-axis motor a_peak,700,2025-07-31 13:21:18.840305
z-axis motor a_rms,100,2025-07-31 13:21:18.840305
z-axis motor temp,29.8,2025-07-31 13:21:18.840305
z-axis motor crest,5.7,2025-07-31 13:21:18.840305
y-axis bearing v_rms,0.0,2025-07-31 13:21:18.840305
y-axis bearing a_peak,300,2025-07-31 13:21:18.840305
y-axis bearing a_rms,100,2025-07-31 13:21:18.840305
y-axis bearing temp,23.3,2025-07-31 13:21:18.840305
y-axis bearing crest,5.9,2025-07-31 13:21:18.840305
y-axis motor v_rms,0.1,2025-07-31 13:21:18.840305
y-axis motor a_peak,1200,2025-07-31 13:21:18.840305
y-axis motor a_rms,200,2025-07-31 13:21:18.840305
y-axis motor temp,25.7,2025-07-31 13:21:18.840305
y-axis motor crest,6.1,2025-07-31 13:21:18.840305
x-axis motor v_rms,0.0,2025-07-31 13:21:18.840305
x-axis motor a_peak,300,2025-07-31 13:21:18.840305
x-axis motor a_rms,100,2025-07-31 13:21:18.840305
x-axis motor temp,23.5,2025-07-31 13:21:18.840305
x-axis motor crest,6.0,2025-07-31 13:21:18.840305
voltage,133.26666666666668,2025-07-31 13:21:18.840305
current,6.246666666666666,2025-07-31 13:21:18.840305
active power,671.6666666666666,2025-07-31 13:21:18.840305
forward kWh,54.239666666666665,2025-07-31 13:21:18.840305
reverse kWh,1.8043333333333333,2025-07-31 13:21:18.840305
frequency,59.99,2025-07-31 13:21:18.840305
power factor,0.7933333333333333,2025-07-31 13:21:18.840305
featureId,UNAVAILABLE,2025-07-31 13:21:19.840639
partKindId,NONE,2025-07-31 13:21:19.840639
processKindId,NONE,2025-07-31 13:21:19.840639
A_Axis_Load,0,2025-07-31 13:21:19.840639
A_Position,-89.9995631963877,2025-07-31 13:21:19.840639
C_Axis_Load,11,2025-07-31 13:21:19.840639
C_Position,120.0005,2025-07-31 13:21:19.840639
Machine_Time,2758021.162,2025-07-31 13:21:19.840639
Spindle_Time,767248.463999999,2025-07-31 13:21:19.840639
Feed_Override,100,2025-07-31 13:21:19.840639
Feed_Rate,0,2025-07-31 13:21:19.840639
Program_Runtime_Seconds,7,2025-07-31 13:21:19.840639
Rapid_Override,100,2025-07-31 13:21:19.840639
Rapid_Speed,0,2025-07-31 13:21:19.840639
S_Axis_Load,0,2025-07-31 13:21:19.840639
Spindle_Override,100,2025-07-31 13:21:19.840639
Spindle_Speed,0,2025-07-31 13:21:19.840639
X_Axis_Load,5,2025-07-31 13:21:19.840639
X_Position,1.38677332956798,2025-07-31 13:21:19.840639
Y_Axis_Load,5,2025-07-31 13:21:19.840639
Y_Position,496.9534114729,2025-07-31 13:21:19.840639
Z_Axis_Load,31,2025-07-31 13:21:19.840639
Z_Position,-99.8669668717693,2025-07-31 13:21:19.840639
COR_Status,1,2025-07-31 13:21:19.840639
Controller_Mode,AUTO,2025-07-31 13:21:19.840639
EStop_State,ARMED,2025-07-31 13:21:19.840639
Machine_Mode,5,2025-07-31 13:21:19.840639
Block_Number,11,2025-07-31 13:21:19.840639
Current_Tool,72,2025-07-31 13:21:19.840639
Part_Count,27,2025-07-31 13:21:19.840639
Program_Name_Running,000454_D_A_PROGRAM_3.NC,2025-07-31 13:21:19.840639
spindle motor v_rms,0.1,2025-07-31 13:21:19.840639
spindle motor a_peak,17300,2025-07-31 13:21:19.840639
spindle motor a_rms,600,2025-07-31 13:21:19.840639
spindle motor temp,35.8,2025-07-31 13:21:19.840639
spindle motor crest,28.6,2025-07-31 13:21:19.840639
z-axis bearing v_rms,0.1,2025-07-31 13:21:19.840639
z-axis bearing a_peak,3600,2025-07-31 13:21:19.840639
z-axis bearing a_rms,400,2025-07-31 13:21:19.840639
z-axis bearing temp,24.6,2025-07-31 13:21:19.840639
z-axis bearing crest,9.8,2025-07-31 13:21:19.840639
z-axis motor v_rms,0.2,2025-07-31 13:21:19.840639
z-axis motor a_peak,1600,2025-07-31 13:21:19.840639
z-axis motor a_rms,200,2025-07-31 13:21:19.840639
z-axis motor temp,29.8,2025-07-31 13:21:19.840639
z-axis motor crest,7.8,2025-07-31 13:21:19.840639
y-axis bearing v_rms,0.1,2025-07-31 13:21:19.840639
y-axis bearing a_peak,800,2025-07-31 13:21:19.840639
y-axis bearing a_rms,100,2025-07-31 13:21:19.840639
y-axis bearing temp,23.3,2025-07-31 13:21:19.840639
y-axis bearing crest,8.7,2025-07-31 13:21:19.840639
y-axis motor v_rms,0.1,2025-07-31 13:21:19.840639
y-axis motor a_peak,1900,2025-07-31 13:21:19.840639
y-axis motor a_rms,300,2025-07-31 13:21:19.840639
y-axis motor temp,25.7,2025-07-31 13:21:19.840639
y-axis motor crest,6.7,2025-07-31 13:21:19.840639
x-axis motor v_rms,0.2,2025-07-31 13:21:19.840639
x-axis motor a_peak,600,2025-07-31 13:21:19.840639
x-axis motor a_rms,100,2025-07-31 13:21:19.840639
x-axis motor temp,23.5,2025-07-31 13:21:19.840639
x-axis motor crest,7.1,2025-07-31 13:21:19.840639
voltage,133.3,2025-07-31 13:21:19.840639
current,7.140000000000001,2025-07-31 13:21:19.840639
active power,744.6666666666666,2025-07-31 13:21:19.840639
forward kWh,54.239666666666665,2025-07-31 13:21:19.840639
reverse kWh,1.8043333333333333,2025-07-31 13:21:19.840639
frequency,59.99,2025-07-31 13:21:19.840639
power factor,0.5966666666666667,2025-07-31 13:21:19.840639
featureId,UNAVAILABLE,2025-07-31 13:21:20.840955
partKindId,NONE,2025-07-31 13:21:20.840955
processKindId,NONE,2025-07-31 13:21:20.840955
A_Axis_Load,0,2025-07-31 13:21:20.840955
A_Position,-89.9995631963877,2025-07-31 13:21:20.840955
C_Axis_Load,11,2025-07-31 13:21:20.840955
C_Position,120.0005,2025-07-31 13:21:20.840955
Machine_Time,2758021.162,2025-07-31 13:21:20.840955
Spindle_Time,767248.463999999,2025-07-31 13:21:20.840955
Feed_Override,100,2025-07-31 13:21:20.840955
Feed_Rate,0,2025-07-31 13:21:20.840955
Program_Runtime_Seconds,8,2025-07-31 13:21:20.840955
Rapid_Override,100,2025-07-31 13:21:20.840955
Rapid_Speed,0,2025-07-31 13:21:20.840955
S_Axis_Load,0,2025-07-31 13:21:20.840955
Spindle_Override,100,2025-07-31 13:21:20.840955
Spindle_Speed,0,2025-07-31 13:21:20.840955
X_Axis_Load,5,2025-07-31 13:21:20.840955
X_Position,1.38680766401684,2025-07-31 13:21:20.840955
Y_Axis_Load,5,2025-07-31 13:21:20.840955
Y_Position,496.953400028809,2025-07-31 13:21:20.840955
Z_Axis_Load,30,2025-07-31 13:21:20.840955
Z_Position,-99.8667952205299,2025-07-31 13:21:20.840955
COR_Status,1,2025-07-31 13:21:20.840955
Controller_Mode,AUTO,2025-07-31 13:21:20.840955
EStop_State,ARMED,2025-07-31 13:21:20.840955
Machine_Mode,5,2025-07-31 13:21:20.840955
Block_Number,11,2025-07-31 13:21:20.840955
Current_Tool,4,2025-07-31 13:21:20.840955
Part_Count,27,2025-07-31 13:21:20.840955
Program_Name_Running,000454_D_A_PROGRAM_3.NC,2025-07-31 13:21:20.840955
spindle motor v_rms,0.2,2025-07-31 13:21:20.840955
spindle motor a_peak,5300,2025-07-31 13:21:20.840955
spindle motor a_rms,500,2025-07-31 13:21:20.840955
spindle motor temp,35.8,2025-07-31 13:21:20.840955
spindle motor crest,11.6,2025-07-31 13:21:20.840955
z-axis bearing v_rms,0.1,2025-07-31 13:21:20.840955
z-axis bearing a_peak,4500,2025-07-31 13:21:20.840955
z-axis bearing a_rms,500,2025-07-31 13:21:20.840955
z-axis bearing temp,24.6,2025-07-31 13:21:20.840955
z-axis bearing crest,9.6,2025-07-31 13:21:20.840955
z-axis motor v_rms,0.2,2025-07-31 13:21:20.840955
z-axis motor a_peak,1900,2025-07-31 13:21:20.840955
z-axis motor a_rms,200,2025-07-31 13:21:20.840955
z-axis motor temp,29.8,2025-07-31 13:21:20.840955
z-axis motor crest,8.4,2025-07-31 13:21:20.840955
y-axis bearing v_rms,0.1,2025-07-31 13:21:20.840955
y-axis bearing a_peak,1200,2025-07-31 13:21:20.840955
y-axis bearing a_rms,100,2025-07-31 13:21:20.840955
y-axis bearing temp,23.3,2025-07-31 13:21:20.840955
y-axis bearing crest,9.4,2025-07-31 13:21:20.840955
y-axis motor v_rms,0.1,2025-07-31 13:21:20.840955
y-axis motor a_peak,1800,2025-07-31 13:21:20.840955
y-axis motor a_rms,300,2025-07-31 13:21:20.840955
y-axis motor temp,25.7,2025-07-31 13:21:20.840955
y-axis motor crest,6.0,2025-07-31 13:21:20.840955
x-axis motor v_rms,0.1,2025-07-31 13:21:20.840955
x-axis motor a_peak,800,2025-07-31 13:21:20.840955
x-axis motor a_rms,100,2025-07-31 13:21:20.840955
x-axis motor temp,23.5,2025-07-31 13:21:20.840955
x-axis motor crest,8.4,2025-07-31 13:21:20.840955
voltage,133.3,2025-07-31 13:21:20.840955
current,7.140000000000001,2025-07-31 13:21:20.840955
active power,744.6666666666666,2025-07-31 13:21:20.840955
forward kWh,54.239666666666665,2025-07-31 13:21:20.840955
reverse kWh,1.8043333333333333,2025-07-31 13:21:20.840955
frequency,59.99,2025-07-31 13:21:20.840955
power factor,0.5966666666666667,2025-07-31 13:21:20.840955
featureId,UNAVAILABLE,2025-07-31 13:21:21.841260
partKindId,5E4A09CE-E1D5-4FCC-B912-38239DF9FDA0,2025-07-31 13:21:21.841260
processKindId,NONE,2025-07-31 13:21:21.841260
A_Axis_Load,0,2025-07-31 13:21:21.841260
A_Position,-89.9995631963877,2025-07-31 13:21:21.841260
C_Axis_Load,11,2025-07-31 13:21:21.841260
C_Position,120.0005,2025-07-31 13:21:21.841260
Machine_Time,2758021.162,2025-07-31 13:21:21.841260
Spindle_Time,767248.463999999,2025-07-31 13:21:21.841260
Feed_Override,100,2025-07-31 13:21:21.841260
Feed_Rate,0,2025-07-31 13:21:21.841260
Program_Runtime_Seconds,9,2025-07-31 13:21:21.841260
Rapid_Override,100,2025-07-31 13:21:21.841260
Rapid_Speed,0,2025-07-31 13:21:21.841260
S_Axis_Load,1,2025-07-31 13:21:21.841260
Spindle_Override,100,2025-07-31 13:21:21.841260
Spindle_Speed,0,2025-07-31 13:21:21.841260
X_Axis_Load,5,2025-07-31 13:21:21.841260
X_Position,1.38680766401684,2025-07-31 13:21:21.841260
Y_Axis_Load,5,2025-07-31 13:21:21.841260
Y_Position,496.953388584717,2025-07-31 13:21:21.841260
Z_Axis_Load,31,2025-07-31 13:21:21.841260
Z_Position,-99.8670126454332,2025-07-31 13:21:21.841260
COR_Status,1,2025-07-31 13:21:21.841260
Controller_Mode,AUTO,2025-07-31 13:21:21.841260
EStop_State,ARMED,2025-07-31 13:21:21.841260
Machine_Mode,5,2025-07-31 13:21:21.841260
Block_Number,4,2025-07-31 13:21:21.841260
Current_Tool,4,2025-07-31 13:21:21.841260
Part_Count,27,2025-07-31 13:21:21.841260
Program_Name_Running,O9735.FNC,2025-07-31 13:21:21.841260
spindle motor v_rms,0.1,2025-07-31 13:21:21.841260
spindle motor a_peak,2300,2025-07-31 13:21:21.841260
spindle motor a_rms,200,2025-07-31 13:21:21.841260
spindle motor temp,35.8,2025-07-31 13:21:21.841260
spindle motor crest,12.4,2025-07-31 13:21:21.841260
z-axis bearing v_rms,0.0,2025-07-31 13:21:21.841260
z-axis bearing a_peak,1400,2025-07-31 13:21:21.841260
z-axis bearing a_rms,100,2025-07-31 13:21:21.841260
z-axis bearing temp,24.6,2025-07-31 13:21:21.841260
z-axis bearing crest,9.8,2025-07-31 13:21:21.841260
z-axis motor v_rms,0.1,2025-07-31 13:21:21.841260
z-axis motor a_peak,600,2025-07-31 13:21:21.841260
z-axis motor a_rms,200,2025-07-31 13:21:21.841260
z-axis motor temp,29.8,2025-07-31 13:21:21.841260
z-axis motor crest,2.6,2025-07-31 13:21:21.841260
y-axis bearing v_rms,0.0,2025-07-31 13:21:21.841260
y-axis bearing a_peak,300,2025-07-31 13:21:21.841260
y-axis bearing a_rms,100,2025-07-31 13:21:21.841260
y-axis bearing temp,23.3,2025-07-31 13:21:21.841260
y-axis bearing crest,5.1,2025-07-31 13:21:21.841260
y-axis motor v_rms,0.0,2025-07-31 13:21:21.841260
y-axis motor a_peak,500,2025-07-31 13:21:21.841260
y-axis motor a_rms,200,2025-07-31 13:21:21.841260
y-axis motor temp,25.7,2025-07-31 13:21:21.841260
y-axis motor crest,2.5,2025-07-31 13:21:21.841260
x-axis motor v_rms,0.0,2025-07-31 13:21:21.841260
x-axis motor a_peak,200,2025-07-31 13:21:21.841260
x-axis motor a_rms,0,2025-07-31 13:21:21.841260
x-axis motor temp,23.5,2025-07-31 13:21:21.841260
x-axis motor crest,4.2,2025-07-31 13:21:21.841260
voltage,133.26666666666668,2025-07-31 13:21:21.841260
current,6.913333333333334,2025-07-31 13:21:21.841260
active power,724.0,2025-07-31 13:21:21.841260
forward kWh,54.24033333333333,2025-07-31 13:21:21.841260
reverse kWh,1.8043333333333333,2025-07-31 13:21:21.841260
frequency,59.99,2025-07-31 13:21:21.841260
power factor,0.85,2025-07-31 13:21:21.841260
featureId,UNAVAILABLE,2025-07-31 13:21:22.841586
partKindId,5E4A09CE-E1D5-4FCC-B912-38239DF9FDA0,2025-07-31 13:21:22.841586
processKindId,27D6DC59-16BC-4185-AA97-4E474C98E615,2025-07-31 13:21:22.841586
A_Axis_Load,0,2025-07-31 13:21:22.841586
A_Position,-89.9995631963877,2025-07-31 13:21:22.841586
C_Axis_Load,11,2025-07-31 13:21:22.841586
C_Position,120.0005,2025-07-31 13:21:22.841586
Machine_Time,2758021.162,2025-07-31 13:21:22.841586
Spindle_Time,767248.463999999,2025-07-31 13:21:22.841586
Feed_Override,100,2025-07-31 13:21:22.841586
Feed_Rate,633.3333,2025-07-31 13:21:22.841586
Program_Runtime_Seconds,10,2025-07-31 13:21:22.841586
Rapid_Override,100,2025-07-31 13:21:22.841586
Rapid_Speed,0,2025-07-31 13:21:22.841586
S_Axis_Load,21,2025-07-31 13:21:22.841586
Spindle_Override,100,2025-07-31 13:21:22.841586
Spindle_Speed,1006.91649168148,2025-07-31 13:21:22.841586
X_Axis_Load,26,2025-07-31 13:21:22.841586
X_Position,129.54420461671,2025-07-31 13:21:22.841586
Y_Axis_Load,18,2025-07-31 13:21:22.841586
Y_Position,362.520056235233,2025-07-31 13:21:22.841586
Z_Axis_Load,31,2025-07-31 13:21:22.841586
Z_Position,-99.8670126454332,2025-07-31 13:21:22.841586
COR_Status,1,2025-07-31 13:21:22.841586
Controller_Mode,AUTO,2025-07-31 13:21:22.841586
EStop_State,ARMED,2025-07-31 13:21:22.841586
Machine_Mode,5,2025-07-31 13:21:22.841586
Block_Number,14,2025-07-31 13:21:22.841586
Current_Tool,4,2025-07-31 13:21:22.841586
Part_Count,27,2025-07-31 13:21:22.841586
Program_Name_Running,000454_D_A_PROGRAM_3.NC,2025-07-31 13:21:22.841586
spindle motor v_rms,0.1,2025-07-31 13:21:22.841586
spindle motor a_peak,4700,2025-07-31 13:21:22.841586
spindle motor a_rms,1200,2025-07-31 13:21:22.841586
spindle motor temp,35.7,2025-07-31 13:21:22.841586
spindle motor crest,3.8,2025-07-31 13:21:22.841586
z-axis bearing v_rms,0.1,2025-07-31 13:21:22.841586
z-axis bearing a_peak,4000,2025-07-31 13:21:22.841586
z-axis bearing a_rms,1100,2025-07-31 13:21:22.841586
z-axis bearing temp,24.6,2025-07-31 13:21:22.841586
z-axis bearing crest,3.8,2025-07-31 13:21:22.841586
z-axis motor v_rms,0.1,2025-07-31 13:21:22.841586
z-axis motor a_peak,900,2025-07-31 13:21:22.841586
z-axis motor a_rms,300,2025-07-31 13:21:22.841586
z-axis motor temp,29.8,2025-07-31 13:21:22.841586
z-axis motor crest,3.5,2025-07-31 13:21:22.841586
y-axis bearing v_rms,0.1,2025-07-31 13:21:22.841586
y-axis bearing a_peak,10500,2025-07-31 13:21:22.841586
y-axis bearing a_rms,1900,2025-07-31 13:21:22.841586
y-axis bearing temp,23.3,2025-07-31 13:21:22.841586
y-axis bearing crest,5.4,2025-07-31 13:21:22.841586
y-axis motor v_rms,0.3,2025-07-31 13:21:22.841586
y-axis motor a_peak,35000,2025-07-31 13:21:22.841586
y-axis motor a_rms,9500,2025-07-31 13:21:22.841586
y-axis motor temp,25.7,2025-07-31 13:21:22.841586
y-axis motor crest,3.7,2025-07-31 13:21:22.841586
x-axis motor v_rms,0.2,2025-07-31 13:21:22.841586
x-axis motor a_peak,1700,2025-07-31 13:21:22.841586
x-axis motor a_rms,500,2025-07-31 13:21:22.841586
x-axis motor temp,23.5,2025-07-31 13:21:22.841586
x-axis motor crest,3.6,2025-07-31 13:21:22.841586
voltage,133.36666666666667,2025-07-31 13:21:22.841586
current,8.896666666666667,2025-07-31 13:21:22.841586
active power,723.6666666666666,2025-07-31 13:21:22.841586
forward kWh,54.24066666666667,2025-07-31 13:21:22.841586
reverse kWh,1.8043333333333333,2025-07-31 13:21:22.841586
frequency,59.99,2025-07-31 13:21:22.841586
power factor,1.0,2025-07-31 13:21:22.841586
featureId,UNAVAILABLE,2025-07-31 13:21:23.841881
partKindId,5E4A09CE-E1D5-4FCC-B912-38239DF9FDA0,2025-07-31 13:21:23.841881
processKindId,27D6DC59-16BC-4185-AA97-4E474C98E615,2025-07-31 13:21:23.841881
A_Axis_Load,0,2025-07-31 13:21:23.841881
A_Position,-89.9995631963877,2025-07-31 13:21:23.841881
C_Axis_Load,11,2025-07-31 13:21:23.841881
C_Position,120.0005,2025-07-31 13:21:23.841881
Machine_Time,2758021.162,2025-07-31 13:21:23.841881
Spindle_Time,767248.463999999,2025-07-31 13:21:23.841881
Feed_Override,100,2025-07-31 13:21:23.841881
Feed_Rate,134.9167,2025-07-31 13:21:23.841881
Program_Runtime_Seconds,10,2025-07-31 13:21:23.841881
Rapid_Override,100,2025-07-31 13:21:23.841881
Rapid_Speed,0,2025-07-31 13:21:23.841881
S_Axis_Load,19,2025-07-31 13:21:23.841881
Spindle_Override,100,2025-07-31 13:21:23.841881
Spindle_Speed,4454.03371462975,2025-07-31 13:21:23.841881
X_Axis_Load,6,2025-07-31 13:21:23.841881
X_Position,379.84685176676,2025-07-31 13:21:23.841881
Y_Axis_Load,8,2025-07-31 13:21:23.841881
Y_Position,99.9537758465112,2025-07-31 13:21:23.841881
Z_Axis_Load,31,2025-07-31 13:21:23.841881
Z_Position,-155.517963344976,2025-07-31 13:21:23.841881
COR_Status,1,2025-07-31 13:21:23.841881
Controller_Mode,AUTO,2025-07-31 13:21:23.841881
EStop_State,ARMED,2025-07-31 13:21:23.841881
Machine_Mode,5,2025-07-31 13:21:23.841881
Block_Number,15,2025-07-31 13:21:23.841881
Current_Tool,4,2025-07-31 13:21:23.841881
Part_Count,27,2025-07-31 13:21:23.841881
Program_Name_Running,000454_D_A_PROGRAM_3.NC,2025-07-31 13:21:23.841881
spindle motor v_rms,0.2,2025-07-31 13:21:23.841881
spindle motor a_peak,11300,2025-07-31 13:21:23.841881
spindle motor a_rms,2400,2025-07-31 13:21:23.841881
spindle motor temp,35.7,2025-07-31 13:21:23.841881
spindle motor crest,4.7,2025-07-31 13:21:23.841881
z-axis bearing v_rms,0.1,2025-07-31 13:21:23.841881
z-axis bearing a_peak,28800,2025-07-31 13:21:23.841881
z-axis bearing a_rms,6300,2025-07-31 13:21:23.841881
z-axis bearing temp,24.6,2025-07-31 13:21:23.841881
z-axis bearing crest,4.6,2025-07-31 13:21:23.841881
z-axis motor v_rms,1.4,2025-07-31 13:21:23.841881
z-axis motor a_peak,46700,2025-07-31 13:21:23.841881
z-axis motor a_rms,14500,2025-07-31 13:21:23.841881
z-axis motor temp,29.8,2025-07-31 13:21:23.841881
z-axis motor crest,3.2,2025-07-31 13:21:23.841881
y-axis bearing v_rms,0.1,2025-07-31 13:21:23.841881
y-axis bearing a_peak,2500,2025-07-31 13:21:23.841881
y-axis bearing a_rms,400,2025-07-31 13:21:23.841881
y-axis bearing temp,23.3,2025-07-31 13:21:23.841881
y-axis bearing crest,5.9,2025-07-31 13:21:23.841881
y-axis motor v_rms,0.2,2025-07-31 13:21:23.841881
y-axis motor a_peak,3200,2025-07-31 13:21:23.841881
y-axis motor a_rms,800,2025-07-31 13:21:23.841881
y-axis motor temp,25.7,2025-07-31 13:21:23.841881
y-axis motor crest,3.8,2025-07-31 13:21:23.841881
x-axis motor v_rms,0.1,2025-07-31 13:21:23.841881
x-axis motor a_peak,600,2025-07-31 13:21:23.841881
x-axis motor a_rms,200,2025-07-31 13:21:23.841881
x-axis motor temp,23.5,2025-07-31 13:21:23.841881
x-axis motor crest,3.8,2025-07-31 13:21:23.841881
voltage,133.36666666666667,2025-07-31 13:21:23.841881
current,8.896666666666667,2025-07-31 13:21:23.841881
active power,723.6666666666666,2025-07-31 13:21:23.841881
forward kWh,54.24066666666667,2025-07-31 13:21:23.841881
reverse kWh,1.8043333333333333,2025-07-31 13:21:23.841881
frequency,59.99,2025-07-31 13:21:23.841881
power factor,1.0,2025-07-31 13:21:23.841881
featureId,UNAVAILABLE,2025-07-31 13:21:24.842193
partKindId,5E4A09CE-E1D5-4FCC-B912-38239DF9FDA0,2025-07-31 13:21:24.842193
processKindId,27D6DC59-16BC-4185-AA97-4E474C98E615,2025-07-31 13:21:24.842193
A_Axis_Load,0,2025-07-31 13:21:24.842193
A_Position,-89.9995631963877,2025-07-31 13:21:24.842193
C_Axis_Load,11,2025-07-31 13:21:24.842193
C_Position,120.0005,2025-07-31 13:21:24.842193
Machine_Time,2758021.162,2025-07-31 13:21:24.842193
Spindle_Time,767248.463999999,2025-07-31 13:21:24.842193
Feed_Override,100,2025-07-31 13:21:24.842193
Feed_Rate,23.65,2025-07-31 13:21:24.842193
Program_Runtime_Seconds,12,2025-07-31 13:21:24.842193
Rapid_Override,100,2025-07-31 13:21:24.842193
Rapid_Speed,0,2025-07-31 13:21:24.842193
S_Axis_Load,1,2025-07-31 13:21:24.842193
Spindle_Override,100,2025-07-31 13:21:24.842193
Spindle_Speed,6420,2025-07-31 13:21:24.842193
X_Axis_Load,5,2025-07-31 13:21:24.842193
X_Position,379.846817434748,2025-07-31 13:21:24.842193
Y_Axis_Load,6,2025-07-31 13:21:24.842193
Y_Position,99.9539017288695,2025-07-31 13:21:24.842193
Z_Axis_Load,27,2025-07-31 13:21:24.842193
Z_Position,-454.06187029109,2025-07-31 13:21:24.842193
COR_Status,1,2025-07-31 13:21:24.842193
Controller_Mode,AUTO,2025-07-31 13:21:24.842193
EStop_State,ARMED,2025-07-31 13:21:24.842193
Machine_Mode,5,2025-07-31 13:21:24.842193
Block_Number,16,2025-07-31 13:21:24.842193
Current_Tool,4,2025-07-31 13:21:24.842193
Part_Count,27,2025-07-31 13:21:24.842193
Program_Name_Running,000454_D_A_PROGRAM_3.NC,2025-07-31 13:21:24.842193
spindle motor v_rms,0.3,2025-07-31 13:21:24.842193
spindle motor a_peak,7600,2025-07-31 13:21:24.842193
spindle motor a_rms,1000,2025-07-31 13:21:24.842193
spindle motor temp,35.7,2025-07-31 13:21:24.842193
spindle motor crest,8.0,2025-07-31 13:21:24.842193
z-axis bearing v_rms,0.1,2025-07-31 13:21:24.842193
z-axis bearing a_peak,4600,2025-07-31 13:21:24.842193
z-axis bearing a_rms,400,2025-07-31 13:21:24.842193
z-axis bearing temp,24.6,2025-07-31 13:21:24.842193
z-axis bearing crest,11.9,2025-07-31 13:21:24.842193
z-axis motor v_rms,0.2,2025-07-31 13:21:24.842193
z-axis motor a_peak,3100,2025-07-31 13:21:24.842193
z-axis motor a_rms,500,2025-07-31 13:21:24.842193
z-axis motor temp,29.8,2025-07-31 13:21:24.842193
z-axis motor crest,5.7,2025-07-31 13:21:24.842193
y-axis bearing v_rms,0.1,2025-07-31 13:21:24.842193
y-axis bearing a_peak,300,2025-07-31 13:21:24.842193
y-axis bearing a_rms,100,2025-07-31 13:21:24.842193
y-axis bearing temp,23.3,2025-07-31 13:21:24.842193
y-axis bearing crest,3.3,2025-07-31 13:21:24.842193
y-axis motor v_rms,0.1,2025-07-31 13:21:24.842193
y-axis motor a_peak,1600,2025-07-31 13:21:24.842193
y-axis motor a_rms,500,2025-07-31 13:21:24.842193
y-axis motor temp,25.7,2025-07-31 13:21:24.842193
y-axis motor crest,2.9,2025-07-31 13:21:24.842193
x-axis motor v_rms,0.1,2025-07-31 13:21:24.842193
x-axis motor a_peak,400,2025-07-31 13:21:24.842193
x-axis motor a_rms,100,2025-07-31 13:21:24.842193
x-axis motor temp,23.5,2025-07-31 13:21:24.842193
x-axis motor crest,3.9,2025-07-31 13:21:24.842193
voltage,130.46666666666667,2025-07-31 13:21:24.842193
current,49.583333333333336,2025-07-31 13:21:24.842193
active power,5887.666666666667,2025-07-31 13:21:24.842193
forward kWh,54.24366666666666,2025-07-31 13:21:24.842193
reverse kWh,1.8043333333333333,2025-07-31 13:21:24.842193
frequency,60.0,2025-07-31 13:21:24.842193
power factor,0.9166666666666666,2025-07-31 13:21:24.842193
featureId,UNAVAILABLE,2025-07-31 13:21:25.842491
partKindId,5E4A09CE-E1D5-4FCC-B912-38239DF9FDA0,2025-07-31 13:21:25.842491
processKindId,NONE,2025-07-31 13:21:25.842491
A_Axis_Load,0,2025-07-31 13:21:25.842491
A_Position,-89.9995631963877,2025-07-31 13:21:25.842491
C_Axis_Load,11,2025-07-31 13:21:25.842491
C_Position,120.0005,2025-07-31 13:21:25.842491
Machine_Time,2758021.162,2025-07-31 13:21:25.842491
Spindle_Time,767248.463999999,2025-07-31 13:21:25.842491
Feed_Override,100,2025-07-31 13:21:25.842491
Feed_Rate,0,2025-07-31 13:21:25.842491
Program_Runtime_Seconds,12,2025-07-31 13:21:25.842491
Rapid_Override,100,2025-07-31 13:21:25.842491
Rapid_Speed,0,2025-07-31 13:21:25.842491
S_Axis_Load,1,2025-07-31 13:21:25.842491
Spindle_Override,100,2025-07-31 13:21:25.842491
Spindle_Speed,6420,2025-07-31 13:21:25.842491
X_Axis_Load,5,2025-07-31 13:21:25.842491
X_Position,379.846805990744,2025-07-31 13:21:25.842491
Y_Axis_Load,6,2025-07-31 13:21:25.842491
Y_Position,99.9538902850187,2025-07-31 13:21:25.842491
Z_Axis_Load,40,2025-07-31 13:21:25.842491
Z_Position,-442.100483497009,2025-07-31 13:21:25.842491
COR_Status,1,2025-07-31 13:21:25.842491
Controller_Mode,AUTO,2025-07-31 13:21:25.842491
EStop_State,ARMED,2025-07-31 13:21:25.842491
Machine_Mode,5,2025-07-31 13:21:25.842491
Block_Number,4,2025-07-31 13:21:25.842491
Current_Tool,4,2025-07-31 13:21:25.842491
Part_Count,27,2025-07-31 13:21:25.842491
Program_Name_Running,O9735.FNC,2025-07-31 13:21:25.842491
spindle motor v_rms,0.2,2025-07-31 13:21:25.842491
spindle motor a_peak,6200,2025-07-31 13:21:25.842491
spindle motor a_rms,800,2025-07-31 13:21:25.842491
spindle motor temp,35.7,2025-07-31 13:21:25.842491
spindle motor crest,7.8,2025-07-31 13:21:25.842491
z-axis bearing v_rms,0.1,2025-07-31 13:21:25.842491
z-axis bearing a_peak,9900,2025-07-31 13:21:25.842491
z-axis bearing a_rms,700,2025-07-31 13:21:25.842491
z-axis bearing temp,24.6,2025-07-31 13:21:25.842491
z-axis bearing crest,13.9,2025-07-31 13:21:25.842491
z-axis motor v_rms,0.2,2025-07-31 13:21:25.842491
z-axis motor a_peak,24900,2025-07-31 13:21:25.842491
z-axis motor a_rms,2500,2025-07-31 13:21:25.842491
z-axis motor temp,29.8,2025-07-31 13:21:25.842491
z-axis motor crest,10.0,2025-07-31 13:21:25.842491
y-axis bearing v_rms,0.1,2025-07-31 13:21:25.842491
y-axis bearing a_peak,2400,2025-07-31 13:21:25.842491
y-axis bearing a_rms,200,2025-07-31 13:21:25.842491
y-axis bearing temp,23.3,2025-07-31 13:21:25.842491
y-axis bearing crest,10.2,2025-07-31 13:21:25.842491
y-axis motor v_rms,0.2,2025-07-31 13:21:25.842491
y-axis motor a_peak,3700,2025-07-31 13:21:25.842491
y-axis motor a_rms,700,2025-07-31 13:21:25.842491
y-axis motor temp,25.7,2025-07-31 13:21:25.842491
y-axis motor crest,5.7,2025-07-31 13:21:25.842491
x-axis motor v_rms,0.1,2025-07-31 13:21:25.842491
x-axis motor a_peak,1300,2025-07-31 13:21:25.842491
x-axis motor a_rms,200,2025-07-31 13:21:25.842491
x-axis motor temp,23.5,2025-07-31 13:21:25.842491
x-axis motor crest,7.5,2025-07-31 13:21:25.842491
voltage,130.46666666666667,2025-07-31 13:21:25.842491
current,49.583333333333336,2025-07-31 13:21:25.842491
active power,5887.666666666667,2025-07-31 13:21:25.842491
forward kWh,54.24366666666666,2025-07-31 13:21:25.842491
reverse kWh,1.8043333333333333,2025-07-31 13:21:25.842491
frequency,60.0,2025-07-31 13:21:25.842491
power factor,0.9166666666666666,2025-07-31 13:21:25.842491
featureId,UNAVAILABLE,2025-07-31 13:21:26.842793
partKindId,5E4A09CE-E1D5-4FCC-B912-38239DF9FDA0,2025-07-31 13:21:26.842793
processKindId,NONE,2025-07-31 13:21:26.842793
A_Axis_Load,0,2025-07-31 13:21:26.842793
A_Position,-89.9995631963877,2025-07-31 13:21:26.842793
C_Axis_Load,11,2025-07-31 13:21:26.842793
C_Position,120.0005,2025-07-31 13:21:26.842793
Machine_Time,2758021.162,2025-07-31 13:21:26.842793
Spindle_Time,767248.463999999,2025-07-31 13:21:26.842793
Feed_Override,100,2025-07-31 13:21:26.842793
Feed_Rate,533.3333,2025-07-31 13:21:26.842793
Program_Runtime_Seconds,14,2025-07-31 13:21:26.842793
Rapid_Override,100,2025-07-31 13:21:26.842793
Rapid_Speed,0,2025-07-31 13:21:26.842793
S_Axis_Load,17,2025-07-31 13:21:26.842793
Spindle_Override,100,2025-07-31 13:21:26.842793
Spindle_Speed,4596.58709280014,2025-07-31 13:21:26.842793
X_Axis_Load,5,2025-07-31 13:21:26.842793
X_Position,379.84679454674,2025-07-31 13:21:26.842793
Y_Axis_Load,6,2025-07-31 13:21:26.842793
Y_Position,99.9538902850187,2025-07-31 13:21:26.842793
Z_Axis_Load,53,2025-07-31 13:21:26.842793
Z_Position,-93.7434627841158,2025-07-31 13:21:26.842793
COR_Status,1,2025-07-31 13:21:26.842793
Controller_Mode,AUTO,2025-07-31 13:21:26.842793
EStop_State,ARMED,2025-07-31 13:21:26.842793
Machine_Mode,5,2025-07-31 13:21:26.842793
Block_Number,24,2025-07-31 13:21:26.842793
Current_Tool,4,2025-07-31 13:21:26.842793
Part_Count,27,2025-07-31 13:21:26.842793
Program_Name_Running,000454_D_A_PROGRAM_3.NC,2025-07-31 13:21:26.842793
spindle motor v_rms,0.2,2025-07-31 13:21:26.842793
spindle motor a_peak,12800,2025-07-31 13:21:26.842793
spindle motor a_rms,3100,2025-07-31 13:21:26.842793
spindle motor temp,35.7,2025-07-31 13:21:26.842793
spindle motor crest,4.1,2025-07-31 13:21:26.842793
z-axis bearing v_rms,0.2,2025-07-31 13:21:26.842793
z-axis bearing a_peak,32500,2025-07-31 13:21:26.842793
z-axis bearing a_rms,7200,2025-07-31 13:21:26.842793
z-axis bearing temp,24.6,2025-07-31 13:21:26.842793
z-axis bearing crest,4.5,2025-07-31 13:21:26.842793
z-axis motor v_rms,1.4,2025-07-31 13:21:26.842793
z-axis motor a_peak,46800,2025-07-31 13:21:26.842793
z-axis motor a_rms,12800,2025-07-31 13:21:26.842793
z-axis motor temp,29.8,2025-07-31 13:21:26.842793
z-axis motor crest,3.6,2025-07-31 13:21:26.842793
y-axis bearing v_rms,0.0,2025-07-31 13:21:26.842793
y-axis bearing a_peak,1700,2025-07-31 13:21:26.842793
y-axis bearing a_rms,300,2025-07-31 13:21:26.842793
y-axis bearing temp,23.3,2025-07-31 13:21:26.842793
y-axis bearing crest,5.0,2025-07-31 13:21:26.842793
y-axis motor v_rms,0.1,2025-07-31 13:21:26.842793
y-axis motor a_peak,15700,2025-07-31 13:21:26.842793
y-axis motor a_rms,1800,2025-07-31 13:21:26.842793
y-axis motor temp,25.7,2025-07-31 13:21:26.842793
y-axis motor crest,8.9,2025-07-31 13:21:26.842793
x-axis motor v_rms,0.7,2025-07-31 13:21:26.842793
x-axis motor a_peak,1200,2025-07-31 13:21:26.842793
x-axis motor a_rms,200,2025-07-31 13:21:26.842793
x-axis motor temp,23.5,2025-07-31 13:21:26.842793
x-axis motor crest,7.0,2025-07-31 13:21:26.842793
voltage,133.1,2025-07-31 13:21:26.842793
current,9.366666666666667,2025-07-31 13:21:26.842793
active power,1041.0,2025-07-31 13:21:26.842793
forward kWh,54.24400000000001,2025-07-31 13:21:26.842793
reverse kWh,1.8043333333333333,2025-07-31 13:21:26.842793
frequency,59.99,2025-07-31 13:21:26.842793
power factor,0.77,2025-07-31 13:21:26.842793
featureId,UNAVAILABLE,2025-07-31 13:21:27.843092
partKindId,5E4A09CE-E1D5-4FCC-B912-38239DF9FDA0,2025-07-31 13:21:27.843092
processKindId,NONE,2025-07-31 13:21:27.843092
A_Axis_Load,0,2025-07-31 13:21:27.843092
A_Position,-89.9995631963877,2025-07-31 13:21:27.843092
C_Axis_Load,11,2025-07-31 13:21:27.843092
C_Position,120.0005,2025-07-31 13:21:27.843092
Machine_Time,2758021.162,2025-07-31 13:21:27.843092
Spindle_Time,767248.463999999,2025-07-31 13:21:27.843092
Feed_Override,100,2025-07-31 13:21:27.843092
Feed_Rate,633.3333,2025-07-31 13:21:27.843092
Program_Runtime_Seconds,15,2025-07-31 13:21:27.843092
Rapid_Override,100,2025-07-31 13:21:27.843092
Rapid_Speed,0,2025-07-31 13:21:27.843092
S_Axis_Load,75,2025-07-31 13:21:27.843092
Spindle_Override,100,2025-07-31 13:21:27.843092
Spindle_Speed,1025.74353075999,2025-07-31 13:21:27.843092
X_Axis_Load,19,2025-07-31 13:21:27.843092
X_Position,189.527501802259,2025-07-31 13:21:27.843092
Y_Axis_Load,19,2025-07-31 13:21:27.843092
Y_Position,299.596662038204,2025-07-31 13:21:27.843092
Z_Axis_Load,39,2025-07-31 13:21:27.843092
Z_Position,-12.8405974471964,2025-07-31 13:21:27.843092
COR_Status,1,2025-07-31 13:21:27.843092
Controller_Mode,AUTO,2025-07-31 13:21:27.843092
EStop_State,ARMED,2025-07-31 13:21:27.843092
Machine_Mode,5,2025-07-31 13:21:27.843092
Block_Number,25,2025-07-31 13:21:27.843092
Current_Tool,4,2025-07-31 13:21:27.843092
Part_Count,27,2025-07-31 13:21:27.843092
Program_Name_Running,000454_D_A_PROGRAM_3.NC,2025-07-31 13:21:27.843092
spindle motor v_rms,0.1,2025-07-31 13:21:27.843092
spindle motor a_peak,6500,2025-07-31 13:21:27.843092
spindle motor a_rms,1200,2025-07-31 13:21:27.843092
spindle motor temp,35.7,2025-07-31 13:21:27.843092
spindle motor crest,5.3,2025-07-31 13:21:27.843092
z-axis bearing v_rms,0.1,2025-07-31 13:21:27.843092
z-axis bearing a_peak,4400,2025-07-31 13:21:27.843092
z-axis bearing a_rms,1100,2025-07-31 13:21:27.843092
z-axis bearing temp,24.6,2025-07-31 13:21:27.843092
z-axis bearing crest,4.1,2025-07-31 13:21:27.843092
z-axis motor v_rms,0.2,2025-07-31 13:21:27.843092
z-axis motor a_peak,1800,2025-07-31 13:21:27.843092
z-axis motor a_rms,800,2025-07-31 13:21:27.843092
z-axis motor temp,29.8,2025-07-31 13:21:27.843092
z-axis motor crest,2.3,2025-07-31 13:21:27.843092
y-axis bearing v_rms,0.2,2025-07-31 13:21:27.843092
y-axis bearing a_peak,11000,2025-07-31 13:21:27.843092
y-axis bearing a_rms,2100,2025-07-31 13:21:27.843092
y-axis bearing temp,23.3,2025-07-31 13:21:27.843092
y-axis bearing crest,5.1,2025-07-31 13:21:27.843092
y-axis motor v_rms,0.3,2025-07-31 13:21:27.843092
y-axis motor a_peak,33900,2025-07-31 13:21:27.843092
y-axis motor a_rms,8500,2025-07-31 13:21:27.843092
y-axis motor temp,25.7,2025-07-31 13:21:27.843092
y-axis motor crest,4.0,2025-07-31 13:21:27.843092
x-axis motor v_rms,0.6,2025-07-31 13:21:27.843092
x-axis motor a_peak,5800,2025-07-31 13:21:27.843092
x-axis motor a_rms,500,2025-07-31 13:21:27.843092
x-axis motor temp,23.5,2025-07-31 13:21:27.843092
x-axis motor crest,12.1,2025-07-31 13:21:27.843092
voltage,135.03333333333333,2025-07-31 13:21:27.843092
current,24.926666666666666,2025-07-31 13:21:27.843092
active power,-2843.3333333333335,2025-07-31 13:21:27.843092
forward kWh,54.24433333333334,2025-07-31 13:21:27.843092
reverse kWh,1.8043333333333333,2025-07-31 13:21:27.843092
frequency,59.99,2025-07-31 13:21:27.843092
power factor,1.0,2025-07-31 13:21:27.843092
featureId,UNAVAILABLE,2025-07-31 13:21:28.843378
partKindId,5E4A09CE-E1D5-4FCC-B912-38239DF9FDA0,2025-07-31 13:21:28.843378
processKindId,NONE,2025-07-31 13:21:28.843378
A_Axis_Load,0,2025-07-31 13:21:28.843378
A_Position,-89.9995631963877,2025-07-31 13:21:28.843378
C_Axis_Load,11,2025-07-31 13:21:28.843378
C_Position,120.0005,2025-07-31 13:21:28.843378
Machine_Time,2758021.162,2025-07-31 13:21:28.843378
Spindle_Time,767248.463999999,2025-07-31 13:21:28.843378
Feed_Override,100,2025-07-31 13:21:28.843378
Feed_Rate,45.5,2025-07-31 13:21:28.843378
Program_Runtime_Seconds,16,2025-07-31 13:21:28.843378
Rapid_Override,100,2025-07-31 13:21:28.843378
Rapid_Speed,0,2025-07-31 13:21:28.843378
S_Axis_Load,1,2025-07-31 13:21:28.843378
Spindle_Override,100,2025-07-31 13:21:28.843378
Spindle_Speed,248.8,2025-07-31 13:21:28.843378
X_Axis_Load,6,2025-07-31 13:21:28.843378
X_Position,1.38678477438427,2025-07-31 13:21:28.843378
Y_Axis_Load,6,2025-07-31 13:21:28.843378
Y_Position,496.953434361084,2025-07-31 13:21:28.843378
Z_Axis_Load,54,2025-07-31 13:21:28.843378
Z_Position,-92.7161249998469,2025-07-31 13:21:28.843378
COR_Status,1,2025-07-31 13:21:28.843378
Controller_Mode,AUTO,2025-07-31 13:21:28.843378
EStop_State,ARMED,2025-07-31 13:21:28.843378
Machine_Mode,5,2025-07-31 13:21:28.843378
Block_Number,30,2025-07-31 13:21:28.843378
Current_Tool,4,2025-07-31 13:21:28.843378
Part_Count,27,2025-07-31 13:21:28.843378
Program_Name_Running,000454_D_A_PROGRAM_3.NC,2025-07-31 13:21:28.843378
spindle motor v_rms,0.1,2025-07-31 13:21:28.843378
spindle motor a_peak,7800,2025-07-31 13:21:28.843378
spindle motor a_rms,2000,2025-07-31 13:21:28.843378
spindle motor temp,35.7,2025-07-31 13:21:28.843378
spindle motor crest,3.8,2025-07-31 13:21:28.843378
z-axis bearing v_rms,0.1,2025-07-31 13:21:28.843378
z-axis bearing a_peak,15500,2025-07-31 13:21:28.843378
z-axis bearing a_rms,2000,2025-07-31 13:21:28.843378
z-axis bearing temp,24.6,2025-07-31 13:21:28.843378
z-axis bearing crest,7.8,2025-07-31 13:21:28.843378
z-axis motor v_rms,0.4,2025-07-31 13:21:28.843378
z-axis motor a_peak,31100,2025-07-31 13:21:28.843378
z-axis motor a_rms,4300,2025-07-31 13:21:28.843378
z-axis motor temp,29.8,2025-07-31 13:21:28.843378
z-axis motor crest,7.2,2025-07-31 13:21:28.843378
y-axis bearing v_rms,0.0,2025-07-31 13:21:28.843378
y-axis bearing a_peak,600,2025-07-31 13:21:28.843378
y-axis bearing a_rms,100,2025-07-31 13:21:28.843378
y-axis bearing temp,23.3,2025-07-31 13:21:28.843378
y-axis bearing crest,8.2,2025-07-31 13:21:28.843378
y-axis motor v_rms,0.0,2025-07-31 13:21:28.843378
y-axis motor a_peak,700,2025-07-31 13:21:28.843378
y-axis motor a_rms,200,2025-07-31 13:21:28.843378
y-axis motor temp,25.7,2025-07-31 13:21:28.843378
y-axis motor crest,3.6,2025-07-31 13:21:28.843378
x-axis motor v_rms,0.0,2025-07-31 13:21:28.843378
x-axis motor a_peak,200,2025-07-31 13:21:28.843378
x-axis motor a_rms,0,2025-07-31 13:21:28.843378
x-axis motor temp,23.6,2025-07-31 13:21:28.843378
x-axis motor crest,4.0,2025-07-31 13:21:28.843378
voltage,133.06666666666663,2025-07-31 13:21:28.843378
current,10.86,2025-07-31 13:21:28.843378
active power,925.3333333333334,2025-07-31 13:21:28.843378
forward kWh,54.24433333333334,2025-07-31 13:21:28.843378
reverse kWh,1.8043333333333333,2025-07-31 13:21:28.843378
frequency,59.99,2025-07-31 13:21:28.843378
power factor,0.4666666666666666,2025-07-31 13:21:28.843378
featureId,UNAVAILABLE,2025-07-31 13:21:29.843706
partKindId,5E4A09CE-E1D5-4FCC-B912-38239DF9FDA0,2025-07-31 13:21:29.843706
processKindId,NONE,2025-07-31 13:21:29.843706
A_Axis_Load,0,2025-07-31 13:21:29.843706
A_Position,-89.9995631963877,2025-07-31 13:21:29.843706
C_Axis_Load,11,2025-07-31 13:21:29.843706
C_Position,120.0005,2025-07-31 13:21:29.843706
Machine_Time,2758021.162,2025-07-31 13:21:29.843706
Spindle_Time,767248.463999999,2025-07-31 13:21:29.843706
Feed_Override,100,2025-07-31 13:21:29.843706
Feed_Rate,0,2025-07-31 13:21:29.843706
Program_Runtime_Seconds,17,2025-07-31 13:21:29.843706
Rapid_Override,100,2025-07-31 13:21:29.843706
Rapid_Speed,0,2025-07-31 13:21:29.843706
S_Axis_Load,0,2025-07-31 13:21:29.843706
Spindle_Override,100,2025-07-31 13:21:29.843706
Spindle_Speed,0,2025-07-31 13:21:29.843706
X_Axis_Load,6,2025-07-31 13:21:29.843706
X_Position,1.38679621920055,2025-07-31 13:21:29.843706
Y_Axis_Load,6,2025-07-31 13:21:29.843706
Y_Position,496.9534114729,2025-07-31 13:21:29.843706
Z_Axis_Load,30,2025-07-31 13:21:29.843706
Z_Position,-99.8670012020172,2025-07-31 13:21:29.843706
COR_Status,1,2025-07-31 13:21:29.843706
Controller_Mode,AUTO,2025-07-31 13:21:29.843706
EStop_State,ARMED,2025-07-31 13:21:29.843706
Machine_Mode,5,2025-07-31 13:21:29.843706
Block_Number,30,2025-07-31 13:21:29.843706
Current_Tool,4,2025-07-31 13:21:29.843706
Part_Count,27,2025-07-31 13:21:29.843706
Program_Name_Running,000454_D_A_PROGRAM_3.NC,2025-07-31 13:21:29.843706
spindle motor v_rms,0.1,2025-07-31 13:21:29.843706
spindle motor a_peak,700,2025-07-31 13:21:29.843706
spindle motor a_rms,300,2025-07-31 13:21:29.843706
spindle motor temp,35.7,2025-07-31 13:21:29.843706
spindle motor crest,2.5,2025-07-31 13:21:29.843706
z-axis bearing v_rms,0.1,2025-07-31 13:21:29.843706
z-axis bearing a_peak,600,2025-07-31 13:21:29.843706
z-axis bearing a_rms,100,2025-07-31 13:21:29.843706
z-axis bearing temp,24.6,2025-07-31 13:21:29.843706
z-axis bearing crest,6.8,2025-07-31 13:21:29.843706
z-axis motor v_rms,0.1,2025-07-31 13:21:29.843706
z-axis motor a_peak,400,2025-07-31 13:21:29.843706
z-axis motor a_rms,100,2025-07-31 13:21:29.843706
z-axis motor temp,29.8,2025-07-31 13:21:29.843706
z-axis motor crest,3.6,2025-07-31 13:21:29.843706
y-axis bearing v_rms,0.0,2025-07-31 13:21:29.843706
y-axis bearing a_peak,200,2025-07-31 13:21:29.843706
y-axis bearing a_rms,100,2025-07-31 13:21:29.843706
y-axis bearing temp,23.3,2025-07-31 13:21:29.843706
y-axis bearing crest,4.5,2025-07-31 13:21:29.843706
y-axis motor v_rms,0.1,2025-07-31 13:21:29.843706
y-axis motor a_peak,500,2025-07-31 13:21:29.843706
y-axis motor a_rms,200,2025-07-31 13:21:29.843706
y-axis motor temp,25.7,2025-07-31 13:21:29.843706
y-axis motor crest,3.0,2025-07-31 13:21:29.843706
x-axis motor v_rms,0.0,2025-07-31 13:21:29.843706
x-axis motor a_peak,200,2025-07-31 13:21:29.843706
x-axis motor a_rms,0,2025-07-31 13:21:29.843706
x-axis motor temp,23.6,2025-07-31 13:21:29.843706
x-axis motor crest,4.0,2025-07-31 13:21:29.843706
voltage,133.23333333333335,2025-07-31 13:21:29.843706
current,6.136666666666667,2025-07-31 13:21:29.843706
active power,644.0,2025-07-31 13:21:29.843706
forward kWh,54.24433333333334,2025-07-31 13:21:29.843706
reverse kWh,1.8043333333333333,2025-07-31 13:21:29.843706
frequency,59.99,2025-07-31 13:21:29.843706
power factor,0.6133333333333333,2025-07-31 13:21:29.843706
featureId,UNAVAILABLE,2025-07-31 13:21:30.843973
partKindId,5E4A09CE-E1D5-4FCC-B912-38239DF9FDA0,2025-07-31 13:21:30.843973
processKindId,NONE,2025-07-31 13:21:30.843973
A_Axis_Load,0,2025-07-31 13:21:30.843973
A_Position,-89.9995631963877,2025-07-31 13:21:30.843973
C_Axis_Load,11,2025-07-31 13:21:30.843973
C_Position,120.0005,2025-07-31 13:21:30.843973
Machine_Time,2758021.162,2025-07-31 13:21:30.843973
Spindle_Time,767248.463999999,2025-07-31 13:21:30.843973
Feed_Override,100,2025-07-31 13:21:30.843973
Feed_Rate,0,2025-07-31 13:21:30.843973
Program_Runtime_Seconds,18,2025-07-31 13:21:30.843973
Rapid_Override,100,2025-07-31 13:21:30.843973
Rapid_Speed,0,2025-07-31 13:21:30.843973
S_Axis_Load,1,2025-07-31 13:21:30.843973
Spindle_Override,100,2025-07-31 13:21:30.843973
Spindle_Speed,0,2025-07-31 13:21:30.843973
X_Axis_Load,6,2025-07-31 13:21:30.843973
X_Position,1.38679621920055,2025-07-31 13:21:30.843973
Y_Axis_Load,6,2025-07-31 13:21:30.843973
Y_Position,496.953400028809,2025-07-31 13:21:30.843973
Z_Axis_Load,30,2025-07-31 13:21:30.843973
Z_Position,-99.8670012020172,2025-07-31 13:21:30.843973
COR_Status,1,2025-07-31 13:21:30.843973
Controller_Mode,AUTO,2025-07-31 13:21:30.843973
EStop_State,ARMED,2025-07-31 13:21:30.843973
Machine_Mode,5,2025-07-31 13:21:30.843973
Block_Number,30,2025-07-31 13:21:30.843973
Current_Tool,4,2025-07-31 13:21:30.843973
Part_Count,27,2025-07-31 13:21:30.843973
Program_Name_Running,000454_D_A_PROGRAM_3.NC,2025-07-31 13:21:30.843973
spindle motor v_rms,0.1,2025-07-31 13:21:30.843973
spindle motor a_peak,700,2025-07-31 13:21:30.843973
spindle motor a_rms,300,2025-07-31 13:21:30.843973
spindle motor temp,35.7,2025-07-31 13:21:30.843973
spindle motor crest,2.6,2025-07-31 13:21:30.843973
z-axis bearing v_rms,0.0,2025-07-31 13:21:30.843973
z-axis bearing a_peak,2300,2025-07-31 13:21:30.843973
z-axis bearing a_rms,200,2025-07-31 13:21:30.843973
z-axis bearing temp,24.6,2025-07-31 13:21:30.843973
z-axis bearing crest,13.6,2025-07-31 13:21:30.843973
z-axis motor v_rms,0.1,2025-07-31 13:21:30.843973
z-axis motor a_peak,800,2025-07-31 13:21:30.843973
z-axis motor a_rms,100,2025-07-31 13:21:30.843973
z-axis motor temp,29.8,2025-07-31 13:21:30.843973
z-axis motor crest,6.9,2025-07-31 13:21:30.843973
y-axis bearing v_rms,0.0,2025-07-31 13:21:30.843973
y-axis bearing a_peak,700,2025-07-31 13:21:30.843973
y-axis bearing a_rms,100,2025-07-31 13:21:30.843973
y-axis bearing temp,23.3,2025-07-31 13:21:30.843973
y-axis bearing crest,9.8,2025-07-31 13:21:30.843973
y-axis motor v_rms,0.1,2025-07-31 13:21:30.843973
y-axis motor a_peak,1600,2025-07-31 13:21:30.843973
y-axis motor a_rms,200,2025-07-31 13:21:30.843973
y-axis motor temp,25.7,2025-07-31 13:21:30.843973
y-axis motor crest,7.5,2025-07-31 13:21:30.843973
x-axis motor v_rms,0.0,2025-07-31 13:21:30.843973
x-axis motor a_peak,300,2025-07-31 13:21:30.843973
x-axis motor a_rms,0,2025-07-31 13:21:30.843973
x-axis motor temp,23.6,2025-07-31 13:21:30.843973
x-axis motor crest,6.5,2025-07-31 13:21:30.843973
voltage,133.20000000000002,2025-07-31 13:21:30.843973
current,6.096666666666667,2025-07-31 13:21:30.843973
active power,647.3333333333334,2025-07-31 13:21:30.843973
forward kWh,54.24433333333334,2025-07-31 13:21:30.843973
reverse kWh,1.8043333333333333,2025-07-31 13:21:30.843973
frequency,59.99,2025-07-31 13:21:30.843973
power factor,0.7933333333333333,2025-07-31 13:21:30.843973
featureId,UNAVAILABLE,2025-07-31 13:21:31.844256
partKindId,5E4A09CE-E1D5-4FCC-B912-38239DF9FDA0,2025-07-31 13:21:31.844256
processKindId,NONE,2025-07-31 13:21:31.844256
A_Axis_Load,0,2025-07-31 13:21:31.844256
A_Position,-89.9995631963877,2025-07-31 13:21:31.844256
C_Axis_Load,11,2025-07-31 13:21:31.844256
C_Position,120.0005,2025-07-31 13:21:31.844256
Machine_Time,2758021.162,2025-07-31 13:21:31.844256
Spindle_Time,767248.463999999,2025-07-31 13:21:31.844256
Feed_Override,100,2025-07-31 13:21:31.844256
Feed_Rate,0,2025-07-31 13:21:31.844256
Program_Runtime_Seconds,19,2025-07-31 13:21:31.844256
Rapid_Override,100,2025-07-31 13:21:31.844256
Rapid_Speed,0,2025-07-31 13:21:31.844256
S_Axis_Load,1,2025-07-31 13:21:31.844256
Spindle_Override,100,2025-07-31 13:21:31.844256
Spindle_Speed,0,2025-07-31 13:21:31.844256
X_Axis_Load,6,2025-07-31 13:21:31.844256
X_Position,1.38679621920055,2025-07-31 13:21:31.844256
Y_Axis_Load,6,2025-07-31 13:21:31.844256
Y_Position,496.9534114729,2025-07-31 13:21:31.844256
Z_Axis_Load,30,2025-07-31 13:21:31.844256
Z_Position,-99.8670012020172,2025-07-31 13:21:31.844256
COR_Status,1,2025-07-31 13:21:31.844256
Controller_Mode,AUTO,2025-07-31 13:21:31.844256
EStop_State,ARMED,2025-07-31 13:21:31.844256
Machine_Mode,5,2025-07-31 13:21:31.844256
Block_Number,30,2025-07-31 13:21:31.844256
Current_Tool,4,2025-07-31 13:21:31.844256
Part_Count,27,2025-07-31 13:21:31.844256
Program_Name_Running,000454_D_A_PROGRAM_3.NC,2025-07-31 13:21:31.844256
spindle motor v_rms,0.1,2025-07-31 13:21:31.844256
spindle motor a_peak,700,2025-07-31 13:21:31.844256
spindle motor a_rms,300,2025-07-31 13:21:31.844256
spindle motor temp,35.7,2025-07-31 13:21:31.844256
spindle motor crest,2.6,2025-07-31 13:21:31.844256
z-axis bearing v_rms,0.1,2025-07-31 13:21:31.844256
z-axis bearing a_peak,500,2025-07-31 13:21:31.844256
z-axis bearing a_rms,100,2025-07-31 13:21:31.844256
z-axis bearing temp,24.6,2025-07-31 13:21:31.844256
z-axis bearing crest,7.9,2025-07-31 13:21:31.844256
z-axis motor v_rms,0.2,2025-07-31 13:21:31.844256
z-axis motor a_peak,700,2025-07-31 13:21:31.844256
z-axis motor a_rms,100,2025-07-31 13:21:31.844256
z-axis motor temp,29.8,2025-07-31 13:21:31.844256
z-axis motor crest,6.0,2025-07-31 13:21:31.844256
y-axis bearing v_rms,0.1,2025-07-31 13:21:31.844256
y-axis bearing a_peak,600,2025-07-31 13:21:31.844256
y-axis bearing a_rms,100,2025-07-31 13:21:31.844256
y-axis bearing temp,23.3,2025-07-31 13:21:31.844256
y-axis bearing crest,9.7,2025-07-31 13:21:31.844256
y-axis motor v_rms,0.1,2025-07-31 13:21:31.844256
y-axis motor a_peak,1200,2025-07-31 13:21:31.844256
y-axis motor a_rms,200,2025-07-31 13:21:31.844256
y-axis motor temp,25.7,2025-07-31 13:21:31.844256
y-axis motor crest,6.3,2025-07-31 13:21:31.844256
x-axis motor v_rms,0.1,2025-07-31 13:21:31.844256
x-axis motor a_peak,400,2025-07-31 13:21:31.844256
x-axis motor a_rms,100,2025-07-31 13:21:31.844256
x-axis motor temp,23.6,2025-07-31 13:21:31.844256
x-axis motor crest,6.4,2025-07-31 13:21:31.844256
voltage,133.3,2025-07-31 13:21:31.844256
current,5.136666666666667,2025-07-31 13:21:31.844256
active power,575.6666666666666,2025-07-31 13:21:31.844256
forward kWh,54.24433333333334,2025-07-31 13:21:31.844256
reverse kWh,1.8043333333333333,2025-07-31 13:21:31.844256
frequency,59.99,2025-07-31 13:21:31.844256
power factor,0.7000000000000001,2025-07-31 13:21:31.844256
featureId,UNAVAILABLE,2025-07-31 13:21:32.844468
partKindId,5E4A09CE-E1D5-4FCC-B912-38239DF9FDA0,2025-07-31 13:21:32.844468
processKindId,NONE,2025-07-31 13:21:32.844468
A_Axis_Load,0,2025-07-31 13:21:32.844468
A_Position,-89.9995631963877,2025-07-31 13:21:32.844468
C_Axis_Load,11,2025-07-31 13:21:32.844468
C_Position,120.0005,2025-07-31 13:21:32.844468
Machine_Time,2758021.162,2025-07-31 13:21:32.844468
Spindle_Time,767248.463999999,2025-07-31 13:21:32.844468
Feed_Override,100,2025-07-31 13:21:32.844468
Feed_Rate,0,2025-07-31 13:21:32.844468
Program_Runtime_Seconds,19,2025-07-31 13:21:32.844468
Rapid_Override,100,2025-07-31 13:21:32.844468
Rapid_Speed,0,2025-07-31 13:21:32.844468
S_Axis_Load,0,2025-07-31 13:21:32.844468
Spindle_Override,100,2025-07-31 13:21:32.844468
Spindle_Speed,0,2025-07-31 13:21:32.844468
X_Axis_Load,5,2025-07-31 13:21:32.844468
X_Position,1.38679621920055,2025-07-31 13:21:32.844468
Y_Axis_Load,6,2025-07-31 13:21:32.844468
Y_Position,496.953400028809,2025-07-31 13:21:32.844468
Z_Axis_Load,38,2025-07-31 13:21:32.844468
Z_Position,-99.8668295507778,2025-07-31 13:21:32.844468
COR_Status,1,2025-07-31 13:21:32.844468
Controller_Mode,AUTO,2025-07-31 13:21:32.844468
EStop_State,ARMED,2025-07-31 13:21:32.844468
Machine_Mode,5,2025-07-31 13:21:32.844468
Block_Number,30,2025-07-31 13:21:32.844468
Current_Tool,4,2025-07-31 13:21:32.844468
Part_Count,27,2025-07-31 13:21:32.844468
Program_Name_Running,000454_D_A_PROGRAM_3.NC,2025-07-31 13:21:32.844468
spindle motor v_rms,0.3,2025-07-31 13:21:32.844468
spindle motor a_peak,3000,2025-07-31 13:21:32.844468
spindle motor a_rms,300,2025-07-31 13:21:32.844468
spindle motor temp,35.7,2025-07-31 13:21:32.844468
spindle motor crest,9.0,2025-07-31 13:21:32.844468
z-axis bearing v_rms,0.2,2025-07-31 13:21:32.844468
z-axis bearing a_peak,4800,2025-07-31 13:21:32.844468
z-axis bearing a_rms,400,2025-07-31 13:21:32.844468
z-axis bearing temp,24.6,2025-07-31 13:21:32.844468
z-axis bearing crest,13.2,2025-07-31 13:21:32.844468
z-axis motor v_rms,0.4,2025-07-31 13:21:32.844468
z-axis motor a_peak,1700,2025-07-31 13:21:32.844468
z-axis motor a_rms,300,2025-07-31 13:21:32.844468
z-axis motor temp,29.8,2025-07-31 13:21:32.844468
z-axis motor crest,5.5,2025-07-31 13:21:32.844468
y-axis bearing v_rms,0.1,2025-07-31 13:21:32.844468
y-axis bearing a_peak,1100,2025-07-31 13:21:32.844468
y-axis bearing a_rms,100,2025-07-31 13:21:32.844468
y-axis bearing temp,23.3,2025-07-31 13:21:32.844468
y-axis bearing crest,10.4,2025-07-31 13:21:32.844468
y-axis motor v_rms,0.1,2025-07-31 13:21:32.844468
y-axis motor a_peak,3000,2025-07-31 13:21:32.844468
y-axis motor a_rms,300,2025-07-31 13:21:32.844468
y-axis motor temp,25.7,2025-07-31 13:21:32.844468
y-axis motor crest,10.0,2025-07-31 13:21:32.844468
x-axis motor v_rms,0.2,2025-07-31 13:21:32.844468
x-axis motor a_peak,800,2025-07-31 13:21:32.844468
x-axis motor a_rms,100,2025-07-31 13:21:32.844468
x-axis motor temp,23.6,2025-07-31 13:21:32.844468
x-axis motor crest,9.2,2025-07-31 13:21:32.844468
voltage,133.20000000000002,2025-07-31 13:21:32.844468
current,7.3,2025-07-31 13:21:32.844468
active power,743.3333333333334,2025-07-31 13:21:32.844468
forward kWh,54.24433333333334,2025-07-31 13:21:32.844468
reverse kWh,1.8043333333333333,2025-07-31 13:21:32.844468
frequency,59.99,2025-07-31 13:21:32.844468
power factor,1.0,2025-07-31 13:21:32.844468
featureId,UNAVAILABLE,2025-07-31 13:21:33.844807
partKindId,5E4A09CE-E1D5-4FCC-B912-38239DF9FDA0,2025-07-31 13:21:33.844807
processKindId,NONE,2025-07-31 13:21:33.844807
A_Axis_Load,0,2025-07-31 13:21:33.844807
A_Position,-89.9995631963877,2025-07-31 13:21:33.844807
C_Axis_Load,11,2025-07-31 13:21:33.844807
C_Position,120.0005,2025-07-31 13:21:33.844807
Machine_Time,2758021.162,2025-07-31 13:21:33.844807
Spindle_Time,767248.463999999,2025-07-31 13:21:33.844807
Feed_Override,100,2025-07-31 13:21:33.844807
Feed_Rate,0,2025-07-31 13:21:33.844807
Program_Runtime_Seconds,21,2025-07-31 13:21:33.844807
Rapid_Override,100,2025-07-31 13:21:33.844807
Rapid_Speed,0,2025-07-31 13:21:33.844807
S_Axis_Load,0,2025-07-31 13:21:33.844807
Spindle_Override,100,2025-07-31 13:21:33.844807
Spindle_Speed,0,2025-07-31 13:21:33.844807
X_Axis_Load,5,2025-07-31 13:21:33.844807
X_Position,1.38678477438427,2025-07-31 13:21:33.844807
Y_Axis_Load,5,2025-07-31 13:21:33.844807
Y_Position,496.9534114729,2025-07-31 13:21:33.844807
Z_Axis_Load,26,2025-07-31 13:21:33.844807
Z_Position,-99.8669668717693,2025-07-31 13:21:33.844807
COR_Status,1,2025-07-31 13:21:33.844807
Controller_Mode,AUTO,2025-07-31 13:21:33.844807
EStop_State,ARMED,2025-07-31 13:21:33.844807
Machine_Mode,5,2025-07-31 13:21:33.844807
Block_Number,30,2025-07-31 13:21:33.844807
Current_Tool,85,2025-07-31 13:21:33.844807
Part_Count,27,2025-07-31 13:21:33.844807
Program_Name_Running,000454_D_A_PROGRAM_3.NC,2025-07-31 13:21:33.844807
spindle motor v_rms,0.2,2025-07-31 13:21:33.844807
spindle motor a_peak,14600,2025-07-31 13:21:33.844807
spindle motor a_rms,700,2025-07-31 13:21:33.844807
spindle motor temp,35.7,2025-07-31 13:21:33.844807
spindle motor crest,20.8,2025-07-31 13:21:33.844807
z-axis bearing v_rms,0.1,2025-07-31 13:21:33.844807
z-axis bearing a_peak,9800,2025-07-31 13:21:33.844807
z-axis bearing a_rms,800,2025-07-31 13:21:33.844807
z-axis bearing temp,24.6,2025-07-31 13:21:33.844807
z-axis bearing crest,12.9,2025-07-31 13:21:33.844807
z-axis motor v_rms,0.3,2025-07-31 13:21:33.844807
z-axis motor a_peak,3100,2025-07-31 13:21:33.844807
z-axis motor a_rms,300,2025-07-31 13:21:33.844807
z-axis motor temp,29.8,2025-07-31 13:21:33.844807
z-axis motor crest,10.4,2025-07-31 13:21:33.844807
y-axis bearing v_rms,0.1,2025-07-31 13:21:33.844807
y-axis bearing a_peak,1200,2025-07-31 13:21:33.844807
y-axis bearing a_rms,100,2025-07-31 13:21:33.844807
y-axis bearing temp,23.3,2025-07-31 13:21:33.844807
y-axis bearing crest,10.0,2025-07-31 13:21:33.844807
y-axis motor v_rms,0.1,2025-07-31 13:21:33.844807
y-axis motor a_peak,2300,2025-07-31 13:21:33.844807
y-axis motor a_rms,300,2025-07-31 13:21:33.844807
y-axis motor temp,25.7,2025-07-31 13:21:33.844807
y-axis motor crest,7.1,2025-07-31 13:21:33.844807
x-axis motor v_rms,0.2,2025-07-31 13:21:33.844807
x-axis motor a_peak,600,2025-07-31 13:21:33.844807
x-axis motor a_rms,100,2025-07-31 13:21:33.844807
x-axis motor temp,23.6,2025-07-31 13:21:33.844807
x-axis motor crest,6.4,2025-07-31 13:21:33.844807
voltage,133.20000000000002,2025-07-31 13:21:33.844807
current,6.489999999999999,2025-07-31 13:21:33.844807
active power,719.6666666666666,2025-07-31 13:21:33.844807
forward kWh,54.24433333333334,2025-07-31 13:21:33.844807
reverse kWh,1.8043333333333333,2025-07-31 13:21:33.844807
frequency,59.99,2025-07-31 13:21:33.844807
power factor,0.7433333333333333,2025-07-31 13:21:33.844807
featureId,UNAVAILABLE,2025-07-31 13:21:34.845081
partKindId,5E4A09CE-E1D5-4FCC-B912-38239DF9FDA0,2025-07-31 13:21:34.845081
processKindId,94AE40F8-AC19-405A-A87C-42158C42D530,2025-07-31 13:21:34.845081
A_Axis_Load,0,2025-07-31 13:21:34.845081
A_Position,-89.9995631963877,2025-07-31 13:21:34.845081
C_Axis_Load,11,2025-07-31 13:21:34.845081
C_Position,120.0005,2025-07-31 13:21:34.845081
Machine_Time,2758021.162,2025-07-31 13:21:34.845081
Spindle_Time,767248.463999999,2025-07-31 13:21:34.845081
Feed_Override,100,2025-07-31 13:21:34.845081
Feed_Rate,0,2025-07-31 13:21:34.845081
Program_Runtime_Seconds,22,2025-07-31 13:21:34.845081
Rapid_Override,100,2025-07-31 13:21:34.845081
Rapid_Speed,0,2025-07-31 13:21:34.845081
S_Axis_Load,0,2025-07-31 13:21:34.845081
Spindle_Override,100,2025-07-31 13:21:34.845081
Spindle_Speed,0,2025-07-31 13:21:34.845081
X_Axis_Load,38,2025-07-31 13:21:34.845081
X_Position,6.26951268615077,2025-07-31 13:21:34.845081
Y_Axis_Load,33,2025-07-31 13:21:34.845081
Y_Position,491.832666447754,2025-07-31 13:21:34.845081
Z_Axis_Load,35,2025-07-31 13:21:34.845081
Z_Position,-99.8670012020172,2025-07-31 13:21:34.845081
COR_Status,1,2025-07-31 13:21:34.845081
Controller_Mode,AUTO,2025-07-31 13:21:34.845081
EStop_State,ARMED,2025-07-31 13:21:34.845081
Machine_Mode,5,2025-07-31 13:21:34.845081
Block_Number,4,2025-07-31 13:21:34.845081
Current_Tool,85,2025-07-31 13:21:34.845081
Part_Count,27,2025-07-31 13:21:34.845081
Program_Name_Running,O9735.FNC,2025-07-31 13:21:34.845081
spindle motor v_rms,0.1,2025-07-31 13:21:34.845081
spindle motor a_peak,3600,2025-07-31 13:21:34.845081
spindle motor a_rms,600,2025-07-31 13:21:34.845081
spindle motor temp,35.7,2025-07-31 13:21:34.845081
spindle motor crest,5.8,2025-07-31 13:21:34.845081
z-axis bearing v_rms,0.1,2025-07-31 13:21:34.845081
z-axis bearing a_peak,2900,2025-07-31 13:21:34.845081
z-axis bearing a_rms,400,2025-07-31 13:21:34.845081
z-axis bearing temp,24.6,2025-07-31 13:21:34.845081
z-axis bearing crest,7.1,2025-07-31 13:21:34.845081
z-axis motor v_rms,0.2,2025-07-31 13:21:34.845081
z-axis motor a_peak,700,2025-07-31 13:21:34.845081
z-axis motor a_rms,100,2025-07-31 13:21:34.845081
z-axis motor temp,29.8,2025-07-31 13:21:34.845081
z-axis motor crest,5.4,2025-07-31 13:21:34.845081
y-axis bearing v_rms,0.1,2025-07-31 13:21:34.845081
y-axis bearing a_peak,7700,2025-07-31 13:21:34.845081
y-axis bearing a_rms,1200,2025-07-31 13:21:34.845081
y-axis bearing temp,23.3,2025-07-31 13:21:34.845081
y-axis bearing crest,6.4,2025-07-31 13:21:34.845081
y-axis motor v_rms,0.2,2025-07-31 13:21:34.845081
y-axis motor a_peak,37100,2025-07-31 13:21:34.845081
y-axis motor a_rms,8300,2025-07-31 13:21:34.845081
y-axis motor temp,25.7,2025-07-31 13:21:34.845081
y-axis motor crest,4.5,2025-07-31 13:21:34.845081
x-axis motor v_rms,0.4,2025-07-31 13:21:34.845081
x-axis motor a_peak,2200,2025-07-31 13:21:34.845081
x-axis motor a_rms,500,2025-07-31 13:21:34.845081
x-axis motor temp,23.6,2025-07-31 13:21:34.845081
x-axis motor crest,4.7,2025-07-31 13:21:34.845081
voltage,133.20000000000002,2025-07-31 13:21:34.845081
current,7.346666666666667,2025-07-31 13:21:34.845081
active power,754.0,2025-07-31 13:21:34.845081
forward kWh,54.24433333333334,2025-07-31 13:21:34.845081
reverse kWh,1.8043333333333333,2025-07-31 13:21:34.845081
frequency,59.99,2025-07-31 13:21:34.845081
power factor,0.9866666666666667,2025-07-31 13:21:34.845081
featureId,UNAVAILABLE,2025-07-31 13:21:35.845297
partKindId,5E4A09CE-E1D5-4FCC-B912-38239DF9FDA0,2025-07-31 13:21:35.845297
processKindId,94AE40F8-AC19-405A-A87C-42158C42D530,2025-07-31 13:21:35.845297
A_Axis_Load,0,2025-07-31 13:21:35.845297
A_Position,-89.9995631963877,2025-07-31 13:21:35.845297
C_Axis_Load,11,2025-07-31 13:21:35.845297
C_Position,120.0005,2025-07-31 13:21:35.845297
Machine_Time,2758021.162,2025-07-31 13:21:35.845297
Spindle_Time,767248.463999999,2025-07-31 13:21:35.845297
Feed_Override,100,2025-07-31 13:21:35.845297
Feed_Rate,633.3333,2025-07-31 13:21:35.845297
Program_Runtime_Seconds,22,2025-07-31 13:21:35.845297
Rapid_Override,100,2025-07-31 13:21:35.845297
Rapid_Speed,0,2025-07-31 13:21:35.845297
S_Axis_Load,30,2025-07-31 13:21:35.845297
Spindle_Override,100,2025-07-31 13:21:35.845297
Spindle_Speed,2627.65368745355,2025-07-31 13:21:35.845297
X_Axis_Load,18,2025-07-31 13:21:35.845297
X_Position,333.116381929604,2025-07-31 13:21:35.845297
Y_Axis_Load,18,2025-07-31 13:21:35.845297
Y_Position,148.974159290977,2025-07-31 13:21:35.845297
Z_Axis_Load,35,2025-07-31 13:21:35.845297
Z_Position,-99.8670012020172,2025-07-31 13:21:35.845297
COR_Status,1,2025-07-31 13:21:35.845297
Controller_Mode,AUTO,2025-07-31 13:21:35.845297
EStop_State,ARMED,2025-07-31 13:21:35.845297
Machine_Mode,5,2025-07-31 13:21:35.845297
Block_Number,32,2025-07-31 13:21:35.845297
Current_Tool,85,2025-07-31 13:21:35.845297
Part_Count,27,2025-07-31 13:21:35.845297
Program_Name_Running,000454_D_A_PROGRAM_3.NC,2025-07-31 13:21:35.845297
spindle motor v_rms,0.1,2025-07-31 13:21:35.845297
spindle motor a_peak,6200,2025-07-31 13:21:35.845297
spindle motor a_rms,1600,2025-07-31 13:21:35.845297
spindle motor temp,35.7,2025-07-31 13:21:35.845297
spindle motor crest,3.8,2025-07-31 13:21:35.845297
z-axis bearing v_rms,0.0,2025-07-31 13:21:35.845297
z-axis bearing a_peak,4200,2025-07-31 13:21:35.845297
z-axis bearing a_rms,800,2025-07-31 13:21:35.845297
z-axis bearing temp,24.6,2025-07-31 13:21:35.845297
z-axis bearing crest,5.2,2025-07-31 13:21:35.845297
z-axis motor v_rms,0.1,2025-07-31 13:21:35.845297
z-axis motor a_peak,7700,2025-07-31 13:21:35.845297
z-axis motor a_rms,700,2025-07-31 13:21:35.845297
z-axis motor temp,29.8,2025-07-31 13:21:35.845297
z-axis motor crest,11.0,2025-07-31 13:21:35.845297
y-axis bearing v_rms,0.1,2025-07-31 13:21:35.845297
y-axis bearing a_peak,9500,2025-07-31 13:21:35.845297
y-axis bearing a_rms,1300,2025-07-31 13:21:35.845297
y-axis bearing temp,23.3,2025-07-31 13:21:35.845297
y-axis bearing crest,7.2,2025-07-31 13:21:35.845297
y-axis motor v_rms,0.2,2025-07-31 13:21:35.845297
y-axis motor a_peak,28600,2025-07-31 13:21:35.845297
y-axis motor a_rms,5300,2025-07-31 13:21:35.845297
y-axis motor temp,25.7,2025-07-31 13:21:35.845297
y-axis motor crest,5.4,2025-07-31 13:21:35.845297
x-axis motor v_rms,0.3,2025-07-31 13:21:35.845297
x-axis motor a_peak,1300,2025-07-31 13:21:35.845297
x-axis motor a_rms,200,2025-07-31 13:21:35.845297
x-axis motor temp,23.6,2025-07-31 13:21:35.845297
x-axis motor crest,7.0,2025-07-31 13:21:35.845297
voltage,132.33333333333334,2025-07-31 13:21:35.845297
current,15.920000000000002,2025-07-31 13:21:35.845297
active power,2587.0,2025-07-31 13:21:35.845297
forward kWh,54.24533333333333,2025-07-31 13:21:35.845297
reverse kWh,1.8043333333333333,2025-07-31 13:21:35.845297
frequency,59.98,2025-07-31 13:21:35.845297
power factor,1.0,2025-07-31 13:21:35.845297
featureId,UNAVAILABLE,2025-07-31 13:21:36.845510
partKindId,5E4A09CE-E1D5-4FCC-B912-38239DF9FDA0,2025-07-31 13:21:36.845510
processKindId,94AE40F8-AC19-405A-A87C-42158C42D530,2025-07-31 13:21:36.845510
A_Axis_Load,0,2025-07-31 13:21:36.845510
A_Position,-89.9995631963877,2025-07-31 13:21:36.845510
C_Axis_Load,11,2025-07-31 13:21:36.845510
C_Position,120.0005,2025-07-31 13:21:36.845510
Machine_Time,2758021.162,2025-07-31 13:21:36.845510
Spindle_Time,767248.463999999,2025-07-31 13:21:36.845510
Feed_Override,100,2025-07-31 13:21:36.845510
Feed_Rate,508.7,2025-07-31 13:21:36.845510
Program_Runtime_Seconds,23,2025-07-31 13:21:36.845510
Rapid_Override,100,2025-07-31 13:21:36.845510
Rapid_Speed,0,2025-07-31 13:21:36.845510
S_Axis_Load,0,2025-07-31 13:21:36.845510
Spindle_Override,100,2025-07-31 13:21:36.845510
Spindle_Speed,3036,2025-07-31 13:21:36.845510
X_Axis_Load,5,2025-07-31 13:21:36.845510
X_Position,379.84679454674,2025-07-31 13:21:36.845510
Y_Axis_Load,6,2025-07-31 13:21:36.845510
Y_Position,99.953878841168,2025-07-31 13:21:36.845510
Z_Axis_Load,15,2025-07-31 13:21:36.845510
Z_Position,-385.466300642116,2025-07-31 13:21:36.845510
COR_Status,1,2025-07-31 13:21:36.845510
Controller_Mode,AUTO,2025-07-31 13:21:36.845510
EStop_State,ARMED,2025-07-31 13:21:36.845510
Machine_Mode,5,2025-07-31 13:21:36.845510
Block_Number,33,2025-07-31 13:21:36.845510
Current_Tool,85,2025-07-31 13:21:36.845510
Part_Count,27,2025-07-31 13:21:36.845510
Program_Name_Running,000454_D_A_PROGRAM_3.NC,2025-07-31 13:21:36.845510
spindle motor v_rms,0.3,2025-07-31 13:21:36.845510
spindle motor a_peak,10100,2025-07-31 13:21:36.845510
spindle motor a_rms,1500,2025-07-31 13:21:36.845510
spindle motor temp,35.7,2025-07-31 13:21:36.845510
spindle motor crest,6.7,2025-07-31 13:21:36.845510
z-axis bearing v_rms,0.1,2025-07-31 13:21:36.845510
z-axis bearing a_peak,33800,2025-07-31 13:21:36.845510
z-axis bearing a_rms,4000,2025-07-31 13:21:36.845510
z-axis bearing temp,24.6,2025-07-31 13:21:36.845510
z-axis bearing crest,8.5,2025-07-31 13:21:36.845510
z-axis motor v_rms,0.8,2025-07-31 13:21:36.845510
z-axis motor a_peak,55600,2025-07-31 13:21:36.845510
z-axis motor a_rms,9100,2025-07-31 13:21:36.845510
z-axis motor temp,29.8,2025-07-31 13:21:36.845510
z-axis motor crest,6.1,2025-07-31 13:21:36.845510
y-axis bearing v_rms,0.0,2025-07-31 13:21:36.845510
y-axis bearing a_peak,1800,2025-07-31 13:21:36.845510
y-axis bearing a_rms,200,2025-07-31 13:21:36.845510
y-axis bearing temp,23.3,2025-07-31 13:21:36.845510
y-axis bearing crest,9.8,2025-07-31 13:21:36.845510
y-axis motor v_rms,0.1,2025-07-31 13:21:36.845510
y-axis motor a_peak,1800,2025-07-31 13:21:36.845510
y-axis motor a_rms,500,2025-07-31 13:21:36.845510
y-axis motor temp,25.7,2025-07-31 13:21:36.845510
y-axis motor crest,3.6,2025-07-31 13:21:36.845510
x-axis motor v_rms,0.1,2025-07-31 13:21:36.845510
x-axis motor a_peak,200,2025-07-31 13:21:36.845510
x-axis motor a_rms,100,2025-07-31 13:21:36.845510
x-axis motor temp,23.6,2025-07-31 13:21:36.845510
x-axis motor crest,4.5,2025-07-31 13:21:36.845510
voltage,132.79999999999998,2025-07-31 13:21:36.845510
current,26.126666666666665,2025-07-31 13:21:36.845510
active power,901.0,2025-07-31 13:21:36.845510
forward kWh,54.24533333333333,2025-07-31 13:21:36.845510
reverse kWh,1.8043333333333333,2025-07-31 13:21:36.845510
frequency,59.98,2025-07-31 13:21:36.845510
power factor,0.25666666666666665,2025-07-31 13:21:36.845510
featureId,UNAVAILABLE,2025-07-31 13:21:37.845873
partKindId,5E4A09CE-E1D5-4FCC-B912-38239DF9FDA0,2025-07-31 13:21:37.845873
processKindId,94AE40F8-AC19-405A-A87C-42158C42D530,2025-07-31 13:21:37.845873
A_Axis_Load,0,2025-07-31 13:21:37.845873
A_Position,-89.9995631963877,2025-07-31 13:21:37.845873
C_Axis_Load,11,2025-07-31 13:21:37.845873
C_Position,120.0005,2025-07-31 13:21:37.845873
Machine_Time,2758021.162,2025-07-31 13:21:37.845873
Spindle_Time,767248.463999999,2025-07-31 13:21:37.845873
Feed_Override,100,2025-07-31 13:21:37.845873
Feed_Rate,18.56667,2025-07-31 13:21:37.845873
Program_Runtime_Seconds,25,2025-07-31 13:21:37.845873
Rapid_Override,100,2025-07-31 13:21:37.845873
Rapid_Speed,0,2025-07-31 13:21:37.845873
S_Axis_Load,2,2025-07-31 13:21:37.845873
Spindle_Override,100,2025-07-31 13:21:37.845873
Spindle_Speed,3036,2025-07-31 13:21:37.845873
X_Axis_Load,5,2025-07-31 13:21:37.845873
X_Position,379.846805990744,2025-07-31 13:21:37.845873
Y_Axis_Load,6,2025-07-31 13:21:37.845873
Y_Position,99.9539017288695,2025-07-31 13:21:37.845873
Z_Axis_Load,24,2025-07-31 13:21:37.845873
Z_Position,-408.975624840259,2025-07-31 13:21:37.845873
COR_Status,1,2025-07-31 13:21:37.845873
Controller_Mode,AUTO,2025-07-31 13:21:37.845873
EStop_State,ARMED,2025-07-31 13:21:37.845873
Machine_Mode,5,2025-07-31 13:21:37.845873
Block_Number,36,2025-07-31 13:21:37.845873
Current_Tool,85,2025-07-31 13:21:37.845873
Part_Count,27,2025-07-31 13:21:37.845873
Program_Name_Running,000454_D_A_PROGRAM_3.NC,2025-07-31 13:21:37.845873
spindle motor v_rms,0.4,2025-07-31 13:21:37.845873
spindle motor a_peak,5300,2025-07-31 13:21:37.845873
spindle motor a_rms,1100,2025-07-31 13:21:37.845873
spindle motor temp,35.7,2025-07-31 13:21:37.845873
spindle motor crest,5.0,2025-07-31 13:21:37.845873
z-axis bearing v_rms,0.1,2025-07-31 13:21:37.845873
z-axis bearing a_peak,5700,2025-07-31 13:21:37.845873
z-axis bearing a_rms,800,2025-07-31 13:21:37.845873
z-axis bearing temp,24.6,2025-07-31 13:21:37.845873
z-axis bearing crest,7.3,2025-07-31 13:21:37.845873
z-axis motor v_rms,0.1,2025-07-31 13:21:37.845873
z-axis motor a_peak,5900,2025-07-31 13:21:37.845873
z-axis motor a_rms,900,2025-07-31 13:21:37.845873
z-axis motor temp,29.8,2025-07-31 13:21:37.845873
z-axis motor crest,6.3,2025-07-31 13:21:37.845873
y-axis bearing v_rms,0.1,2025-07-31 13:21:37.845873
y-axis bearing a_peak,800,2025-07-31 13:21:37.845873
y-axis bearing a_rms,100,2025-07-31 13:21:37.845873
y-axis bearing temp,23.3,2025-07-31 13:21:37.845873
y-axis bearing crest,5.4,2025-07-31 13:21:37.845873
y-axis motor v_rms,0.1,2025-07-31 13:21:37.845873
y-axis motor a_peak,1800,2025-07-31 13:21:37.845873
y-axis motor a_rms,500,2025-07-31 13:21:37.845873
y-axis motor temp,25.7,2025-07-31 13:21:37.845873
y-axis motor crest,3.5,2025-07-31 13:21:37.845873
x-axis motor v_rms,0.1,2025-07-31 13:21:37.845873
x-axis motor a_peak,700,2025-07-31 13:21:37.845873
x-axis motor a_rms,100,2025-07-31 13:21:37.845873
x-axis motor temp,23.6,2025-07-31 13:21:37.845873
x-axis motor crest,5.9,2025-07-31 13:21:37.845873
voltage,133.20000000000002,2025-07-31 13:21:37.845873
current,7.533333333333334,2025-07-31 13:21:37.845873
active power,779.0,2025-07-31 13:21:37.845873
forward kWh,54.245666666666665,2025-07-31 13:21:37.845873
reverse kWh,1.8043333333333333,2025-07-31 13:21:37.845873
frequency,59.98,2025-07-31 13:21:37.845873
power factor,0.77,2025-07-31 13:21:37.845873
featureId,UNAVAILABLE,2025-07-31 13:21:38.846141
partKindId,5E4A09CE-E1D5-4FCC-B912-38239DF9FDA0,2025-07-31 13:21:38.846141
processKindId,94AE40F8-AC19-405A-A87C-42158C42D530,2025-07-31 13:21:38.846141
A_Axis_Load,0,2025-07-31 13:21:38.846141
A_Position,-89.9995631963877,2025-07-31 13:21:38.846141
C_Axis_Load,11,2025-07-31 13:21:38.846141
C_Position,120.0005,2025-07-31 13:21:38.846141
Machine_Time,2758021.162,2025-07-31 13:21:38.846141
Spindle_Time,767248.463999999,2025-07-31 13:21:38.846141
Feed_Override,100,2025-07-31 13:21:38.846141
Feed_Rate,13.75,2025-07-31 13:21:38.846141
Program_Runtime_Seconds,25,2025-07-31 13:21:38.846141
Rapid_Override,100,2025-07-31 13:21:38.846141
Rapid_Speed,0,2025-07-31 13:21:38.846141
S_Axis_Load,0,2025-07-31 13:21:38.846141
Spindle_Override,100,2025-07-31 13:21:38.846141
Spindle_Speed,3036,2025-07-31 13:21:38.846141
X_Axis_Load,5,2025-07-31 13:21:38.846141
X_Position,379.846805990744,2025-07-31 13:21:38.846141
Y_Axis_Load,6,2025-07-31 13:21:38.846141
Y_Position,99.9538902850187,2025-07-31 13:21:38.846141
Z_Axis_Load,25,2025-07-31 13:21:38.846141
Z_Position,-414.534337397552,2025-07-31 13:21:38.846141
COR_Status,1,2025-07-31 13:21:38.846141
Controller_Mode,AUTO,2025-07-31 13:21:38.846141
EStop_State,ARMED,2025-07-31 13:21:38.846141
Machine_Mode,5,2025-07-31 13:21:38.846141
Block_Number,39,2025-07-31 13:21:38.846141
Current_Tool,85,2025-07-31 13:21:38.846141
Part_Count,27,2025-07-31 13:21:38.846141
Program_Name_Running,000454_D_A_PROGRAM_3.NC,2025-07-31 13:21:38.846141
spindle motor v_rms,0.4,2025-07-31 13:21:38.846141
spindle motor a_peak,4000,2025-07-31 13:21:38.846141
spindle motor a_rms,800,2025-07-31 13:21:38.846141
spindle motor temp,35.7,2025-07-31 13:21:38.846141
spindle motor crest,4.7,2025-07-31 13:21:38.846141
z-axis bearing v_rms,0.1,2025-07-31 13:21:38.846141
z-axis bearing a_peak,4300,2025-07-31 13:21:38.846141
z-axis bearing a_rms,600,2025-07-31 13:21:38.846141
z-axis bearing temp,24.6,2025-07-31 13:21:38.846141
z-axis bearing crest,7.5,2025-07-31 13:21:38.846141
z-axis motor v_rms,0.2,2025-07-31 13:21:38.846141
z-axis motor a_peak,6300,2025-07-31 13:21:38.846141
z-axis motor a_rms,500,2025-07-31 13:21:38.846141
z-axis motor temp,29.8,2025-07-31 13:21:38.846141
z-axis motor crest,13.4,2025-07-31 13:21:38.846141
y-axis bearing v_rms,0.1,2025-07-31 13:21:38.846141
y-axis bearing a_peak,500,2025-07-31 13:21:38.846141
y-axis bearing a_rms,100,2025-07-31 13:21:38.846141
y-axis bearing temp,23.3,2025-07-31 13:21:38.846141
y-axis bearing crest,5.3,2025-07-31 13:21:38.846141
y-axis motor v_rms,0.1,2025-07-31 13:21:38.846141
y-axis motor a_peak,1700,2025-07-31 13:21:38.846141
y-axis motor a_rms,500,2025-07-31 13:21:38.846141
y-axis motor temp,25.7,2025-07-31 13:21:38.846141
y-axis motor crest,3.3,2025-07-31 13:21:38.846141
x-axis motor v_rms,0.1,2025-07-31 13:21:38.846141
x-axis motor a_peak,500,2025-07-31 13:21:38.846141
x-axis motor a_rms,100,2025-07-31 13:21:38.846141
x-axis motor temp,23.6,2025-07-31 13:21:38.846141
x-axis motor crest,5.3,2025-07-31 13:21:38.846141
voltage,133.16666666666666,2025-07-31 13:21:38.846141
current,7.543333333333334,2025-07-31 13:21:38.846141
active power,860.3333333333334,2025-07-31 13:21:38.846141
forward kWh,54.245666666666665,2025-07-31 13:21:38.846141
reverse kWh,1.8043333333333333,2025-07-31 13:21:38.846141
frequency,59.98,2025-07-31 13:21:38.846141
power factor,1.0,2025-07-31 13:21:38.846141
featureId,UNAVAILABLE,2025-07-31 13:21:39.846440
partKindId,5E4A09CE-E1D5-4FCC-B912-38239DF9FDA0,2025-07-31 13:21:39.846440
processKindId,94AE40F8-AC19-405A-A87C-42158C42D530,2025-07-31 13:21:39.846440
A_Axis_Load,0,2025-07-31 13:21:39.846440
A_Position,-89.9995631963877,2025-07-31 13:21:39.846440
C_Axis_Load,11,2025-07-31 13:21:39.846440
C_Position,120.0005,2025-07-31 13:21:39.846440
Machine_Time,2758021.162,2025-07-31 13:21:39.846440
Spindle_Time,767248.463999999,2025-07-31 13:21:39.846440
Feed_Override,100,2025-07-31 13:21:39.846440
Feed_Rate,13.75,2025-07-31 13:21:39.846440
Program_Runtime_Seconds,26,2025-07-31 13:21:39.846440
Rapid_Override,100,2025-07-31 13:21:39.846440
Rapid_Speed,0,2025-07-31 13:21:39.846440
S_Axis_Load,1,2025-07-31 13:21:39.846440
Spindle_Override,100,2025-07-31 13:21:39.846440
Spindle_Speed,3036,2025-07-31 13:21:39.846440
X_Axis_Load,5,2025-07-31 13:21:39.846440
X_Position,379.846805990744,2025-07-31 13:21:39.846440
Y_Axis_Load,6,2025-07-31 13:21:39.846440
Y_Position,99.9539017288695,2025-07-31 13:21:39.846440
Z_Axis_Load,26,2025-07-31 13:21:39.846440
Z_Position,-423.170284737828,2025-07-31 13:21:39.846440
COR_Status,1,2025-07-31 13:21:39.846440
Controller_Mode,AUTO,2025-07-31 13:21:39.846440
EStop_State,ARMED,2025-07-31 13:21:39.846440
Machine_Mode,5,2025-07-31 13:21:39.846440
Block_Number,41,2025-07-31 13:21:39.846440
Current_Tool,85,2025-07-31 13:21:39.846440
Part_Count,27,2025-07-31 13:21:39.846440
Program_Name_Running,000454_D_A_PROGRAM_3.NC,2025-07-31 13:21:39.846440
spindle motor v_rms,0.2,2025-07-31 13:21:39.846440
spindle motor a_peak,2200,2025-07-31 13:21:39.846440
spindle motor a_rms,400,2025-07-31 13:21:39.846440
spindle motor temp,35.7,2025-07-31 13:21:39.846440
spindle motor crest,5.4,2025-07-31 13:21:39.846440
z-axis bearing v_rms,0.1,2025-07-31 13:21:39.846440
z-axis bearing a_peak,2100,2025-07-31 13:21:39.846440
z-axis bearing a_rms,200,2025-07-31 13:21:39.846440
z-axis bearing temp,24.6,2025-07-31 13:21:39.846440
z-axis bearing crest,9.0,2025-07-31 13:21:39.846440
z-axis motor v_rms,0.2,2025-07-31 13:21:39.846440
z-axis motor a_peak,2500,2025-07-31 13:21:39.846440
z-axis motor a_rms,500,2025-07-31 13:21:39.846440
z-axis motor temp,29.8,2025-07-31 13:21:39.846440
z-axis motor crest,5.3,2025-07-31 13:21:39.846440
y-axis bearing v_rms,0.0,2025-07-31 13:21:39.846440
y-axis bearing a_peak,200,2025-07-31 13:21:39.846440
y-axis bearing a_rms,100,2025-07-31 13:21:39.846440
y-axis bearing temp,23.3,2025-07-31 13:21:39.846440
y-axis bearing crest,3.9,2025-07-31 13:21:39.846440
y-axis motor v_rms,0.1,2025-07-31 13:21:39.846440
y-axis motor a_peak,1300,2025-07-31 13:21:39.846440
y-axis motor a_rms,500,2025-07-31 13:21:39.846440
y-axis motor temp,25.7,2025-07-31 13:21:39.846440
y-axis motor crest,2.8,2025-07-31 13:21:39.846440
x-axis motor v_rms,0.1,2025-07-31 13:21:39.846440
x-axis motor a_peak,300,2025-07-31 13:21:39.846440
x-axis motor a_rms,100,2025-07-31 13:21:39.846440
x-axis motor temp,23.6,2025-07-31 13:21:39.846440
x-axis motor crest,4.9,2025-07-31 13:21:39.846440
voltage,133.03333333333333,2025-07-31 13:21:39.846440
current,9.21,2025-07-31 13:21:39.846440
active power,1040.6666666666667,2025-07-31 13:21:39.846440
forward kWh,54.245666666666665,2025-07-31 13:21:39.846440
reverse kWh,1.8043333333333333,2025-07-31 13:21:39.846440
frequency,59.98,2025-07-31 13:21:39.846440
power factor,0.6766666666666667,2025-07-31 13:21:39.846440
featureId,UNAVAILABLE,2025-07-31 13:21:40.846610
partKindId,5E4A09CE-E1D5-4FCC-B912-38239DF9FDA0,2025-07-31 13:21:40.846610
processKindId,NONE,2025-07-31 13:21:40.846610
A_Axis_Load,0,2025-07-31 13:21:40.846610
A_Position,-89.9995631963877,2025-07-31 13:21:40.846610
C_Axis_Load,11,2025-07-31 13:21:40.846610
C_Position,120.0005,2025-07-31 13:21:40.846610
Machine_Time,2758021.162,2025-07-31 13:21:40.846610
Spindle_Time,767248.463999999,2025-07-31 13:21:40.846610
Feed_Override,100,2025-07-31 13:21:40.846610
Feed_Rate,0,2025-07-31 13:21:40.846610
Program_Runtime_Seconds,27,2025-07-31 13:21:40.846610
Rapid_Override,100,2025-07-31 13:21:40.846610
Rapid_Speed,0,2025-07-31 13:21:40.846610
S_Axis_Load,0,2025-07-31 13:21:40.846610
Spindle_Override,100,2025-07-31 13:21:40.846610
Spindle_Speed,3036,2025-07-31 13:21:40.846610
X_Axis_Load,5,2025-07-31 13:21:40.846610
X_Position,379.846805990744,2025-07-31 13:21:40.846610
Y_Axis_Load,6,2025-07-31 13:21:40.846610
Y_Position,99.9539017288695,2025-07-31 13:21:40.846610
Z_Axis_Load,39,2025-07-31 13:21:40.846610
Z_Position,-389.184281796434,2025-07-31 13:21:40.846610
COR_Status,1,2025-07-31 13:21:40.846610
Controller_Mode,AUTO,2025-07-31 13:21:40.846610
EStop_State,ARMED,2025-07-31 13:21:40.846610
Machine_Mode,5,2025-07-31 13:21:40.846610
Block_Number,29,2025-07-31 13:21:40.846610
Current_Tool,85,2025-07-31 13:21:40.846610
Part_Count,27,2025-07-31 13:21:40.846610
Program_Name_Running,O9735.FNC,2025-07-31 13:21:40.846610
spindle motor v_rms,0.1,2025-07-31 13:21:40.846610
spindle motor a_peak,4900,2025-07-31 13:21:40.846610
spindle motor a_rms,900,2025-07-31 13:21:40.846610
spindle motor temp,35.7,2025-07-31 13:21:40.846610
spindle motor crest,5.3,2025-07-31 13:21:40.846610
z-axis bearing v_rms,0.1,2025-07-31 13:21:40.846610
z-axis bearing a_peak,12500,2025-07-31 13:21:40.846610
z-axis bearing a_rms,1100,2025-07-31 13:21:40.846610
z-axis bearing temp,24.6,2025-07-31 13:21:40.846610
z-axis bearing crest,11.0,2025-07-31 13:21:40.846610
z-axis motor v_rms,0.5,2025-07-31 13:21:40.846610
z-axis motor a_peak,56600,2025-07-31 13:21:40.846610
z-axis motor a_rms,7100,2025-07-31 13:21:40.846610
z-axis motor temp,29.8,2025-07-31 13:21:40.846610
z-axis motor crest,8.0,2025-07-31 13:21:40.846610
y-axis bearing v_rms,0.1,2025-07-31 13:21:40.846610
y-axis bearing a_peak,3100,2025-07-31 13:21:40.846610
y-axis bearing a_rms,300,2025-07-31 13:21:40.846610
y-axis bearing temp,23.3,2025-07-31 13:21:40.846610
y-axis bearing crest,9.7,2025-07-31 13:21:40.846610
y-axis motor v_rms,0.1,2025-07-31 13:21:40.846610
y-axis motor a_peak,3400,2025-07-31 13:21:40.846610
y-axis motor a_rms,600,2025-07-31 13:21:40.846610
y-axis motor temp,25.7,2025-07-31 13:21:40.846610
y-axis motor crest,5.6,2025-07-31 13:21:40.846610
x-axis motor v_rms,0.1,2025-07-31 13:21:40.846610
x-axis motor a_peak,1600,2025-07-31 13:21:40.846610
x-axis motor a_rms,200,2025-07-31 13:21:40.846610
x-axis motor temp,23.6,2025-07-31 13:21:40.846610
x-axis motor crest,7.4,2025-07-31 13:21:40.846610
voltage,133.16666666666666,2025-07-31 13:21:40.846610
current,7.673333333333333,2025-07-31 13:21:40.846610
active power,854.6666666666666,2025-07-31 13:21:40.846610
forward kWh,54.24633333333333,2025-07-31 13:21:40.846610
reverse kWh,1.8043333333333333,2025-07-31 13:21:40.846610
frequency,59.98,2025-07-31 13:21:40.846610
power factor,0.9933333333333333,2025-07-31 13:21:40.846610
featureId,UNAVAILABLE,2025-07-31 13:21:41.846710
partKindId,5E4A09CE-E1D5-4FCC-B912-38239DF9FDA0,2025-07-31 13:21:41.846710
processKindId,NONE,2025-07-31 13:21:41.846710
A_Axis_Load,0,2025-07-31 13:21:41.846710
A_Position,-89.9995631963877,2025-07-31 13:21:41.846710
C_Axis_Load,11,2025-07-31 13:21:41.846710
C_Position,120.0005,2025-07-31 13:21:41.846710
Machine_Time,2758021.162,2025-07-31 13:21:41.846710
Spindle_Time,767248.463999999,2025-07-31 13:21:41.846710
Feed_Override,100,2025-07-31 13:21:41.846710
Feed_Rate,236.2833,2025-07-31 13:21:41.846710
Program_Runtime_Seconds,29,2025-07-31 13:21:41.846710
Rapid_Override,100,2025-07-31 13:21:41.846710
Rapid_Speed,0,2025-07-31 13:21:41.846710
S_Axis_Load,0,2025-07-31 13:21:41.846710
Spindle_Override,100,2025-07-31 13:21:41.846710
Spindle_Speed,0,2025-07-31 13:21:41.846710
X_Axis_Load,5,2025-07-31 13:21:41.846710
X_Position,379.848128767728,2025-07-31 13:21:41.846710
Y_Axis_Load,6,2025-07-31 13:21:41.846710
Y_Position,99.9520572100884,2025-07-31 13:21:41.846710
Z_Axis_Load,29,2025-07-31 13:21:41.846710
Z_Position,-36.1252638321413,2025-07-31 13:21:41.846710
COR_Status,1,2025-07-31 13:21:41.846710
Controller_Mode,AUTO,2025-07-31 13:21:41.846710
EStop_State,ARMED,2025-07-31 13:21:41.846710
Machine_Mode,5,2025-07-31 13:21:41.846710
Block_Number,48,2025-07-31 13:21:41.846710
Current_Tool,85,2025-07-31 13:21:41.846710
Part_Count,27,2025-07-31 13:21:41.846710
Program_Name_Running,000454_D_A_PROGRAM_3.NC,2025-07-31 13:21:41.846710
spindle motor v_rms,0.2,2025-07-31 13:21:41.846710
spindle motor a_peak,12900,2025-07-31 13:21:41.846710
spindle motor a_rms,1500,2025-07-31 13:21:41.846710
spindle motor temp,35.6,2025-07-31 13:21:41.846710
spindle motor crest,8.4,2025-07-31 13:21:41.846710
z-axis bearing v_rms,0.2,2025-07-31 13:21:41.846710
z-axis bearing a_peak,35000,2025-07-31 13:21:41.846710
z-axis bearing a_rms,4000,2025-07-31 13:21:41.846710
z-axis bearing temp,24.6,2025-07-31 13:21:41.846710
z-axis bearing crest,8.7,2025-07-31 13:21:41.846710
z-axis motor v_rms,0.7,2025-07-31 13:21:41.846710
z-axis motor a_peak,44900,2025-07-31 13:21:41.846710
z-axis motor a_rms,6600,2025-07-31 13:21:41.846710
z-axis motor temp,29.8,2025-07-31 13:21:41.846710
z-axis motor crest,6.8,2025-07-31 13:21:41.846710
y-axis bearing v_rms,0.1,2025-07-31 13:21:41.846710
y-axis bearing a_peak,6500,2025-07-31 13:21:41.846710
y-axis bearing a_rms,700,2025-07-31 13:21:41.846710
y-axis bearing temp,23.3,2025-07-31 13:21:41.846710
y-axis bearing crest,8.8,2025-07-31 13:21:41.846710
y-axis motor v_rms,0.3,2025-07-31 13:21:41.846710
y-axis motor a_peak,36400,2025-07-31 13:21:41.846710
y-axis motor a_rms,6200,2025-07-31 13:21:41.846710
y-axis motor temp,25.7,2025-07-31 13:21:41.846710
y-axis motor crest,5.9,2025-07-31 13:21:41.846710
x-axis motor v_rms,0.9,2025-07-31 13:21:41.846710
x-axis motor a_peak,2200,2025-07-31 13:21:41.846710
x-axis motor a_rms,400,2025-07-31 13:21:41.846710
x-axis motor temp,23.5,2025-07-31 13:21:41.846710
x-axis motor crest,5.7,2025-07-31 13:21:41.846710
voltage,133.16666666666666,2025-07-31 13:21:41.846710
current,7.673333333333333,2025-07-31 13:21:41.846710
active power,854.6666666666666,2025-07-31 13:21:41.846710
forward kWh,54.24633333333333,2025-07-31 13:21:41.846710
reverse kWh,1.8043333333333333,2025-07-31 13:21:41.846710
frequency,59.98,2025-07-31 13:21:41.846710
power factor,0.9933333333333333,2025-07-31 13:21:41.846710
featureId,UNAVAILABLE,2025-07-31 13:21:42.847061
partKindId,5E4A09CE-E1D5-4FCC-B912-38239DF9FDA0,2025-07-31 13:21:42.847061
processKindId,NONE,2025-07-31 13:21:42.847061
A_Axis_Load,0,2025-07-31 13:21:42.847061
A_Position,-89.9995631963877,2025-07-31 13:21:42.847061
C_Axis_Load,11,2025-07-31 13:21:42.847061
C_Position,120.0005,2025-07-31 13:21:42.847061
Machine_Time,2758021.162,2025-07-31 13:21:42.847061
Spindle_Time,767248.463999999,2025-07-31 13:21:42.847061
Feed_Override,100,2025-07-31 13:21:42.847061
Feed_Rate,633.3333,2025-07-31 13:21:42.847061
Program_Runtime_Seconds,30,2025-07-31 13:21:42.847061
Rapid_Override,100,2025-07-31 13:21:42.847061
Rapid_Speed,0,2025-07-31 13:21:42.847061
S_Axis_Load,0,2025-07-31 13:21:42.847061
Spindle_Override,100,2025-07-31 13:21:42.847061
Spindle_Speed,0,2025-07-31 13:21:42.847061
X_Axis_Load,18,2025-07-31 13:21:42.847061
X_Position,12.0725694022681,2025-07-31 13:21:42.847061
Y_Axis_Load,17,2025-07-31 13:21:42.847061
Y_Position,485.747253788574,2025-07-31 13:21:42.847061
Z_Axis_Load,39,2025-07-31 13:21:42.847061
Z_Position,-36.1242911364227,2025-07-31 13:21:42.847061
COR_Status,1,2025-07-31 13:21:42.847061
Controller_Mode,AUTO,2025-07-31 13:21:42.847061
EStop_State,ARMED,2025-07-31 13:21:42.847061
Machine_Mode,5,2025-07-31 13:21:42.847061
Block_Number,49,2025-07-31 13:21:42.847061
Current_Tool,85,2025-07-31 13:21:42.847061
Part_Count,27,2025-07-31 13:21:42.847061
Program_Name_Running,000454_D_A_PROGRAM_3.NC,2025-07-31 13:21:42.847061
spindle motor v_rms,0.1,2025-07-31 13:21:42.847061
spindle motor a_peak,400,2025-07-31 13:21:42.847061
spindle motor a_rms,100,2025-07-31 13:21:42.847061
spindle motor temp,35.6,2025-07-31 13:21:42.847061
spindle motor crest,4.9,2025-07-31 13:21:42.847061
z-axis bearing v_rms,0.1,2025-07-31 13:21:42.847061
z-axis bearing a_peak,3800,2025-07-31 13:21:42.847061
z-axis bearing a_rms,800,2025-07-31 13:21:42.847061
z-axis bearing temp,24.6,2025-07-31 13:21:42.847061
z-axis bearing crest,4.8,2025-07-31 13:21:42.847061
z-axis motor v_rms,0.2,2025-07-31 13:21:42.847061
z-axis motor a_peak,2700,2025-07-31 13:21:42.847061
z-axis motor a_rms,500,2025-07-31 13:21:42.847061
z-axis motor temp,29.8,2025-07-31 13:21:42.847061
z-axis motor crest,5.6,2025-07-31 13:21:42.847061
y-axis bearing v_rms,0.1,2025-07-31 13:21:42.847061
y-axis bearing a_peak,10400,2025-07-31 13:21:42.847061
y-axis bearing a_rms,1400,2025-07-31 13:21:42.847061
y-axis bearing temp,23.3,2025-07-31 13:21:42.847061
y-axis bearing crest,7.5,2025-07-31 13:21:42.847061
y-axis motor v_rms,0.2,2025-07-31 13:21:42.847061
y-axis motor a_peak,35900,2025-07-31 13:21:42.847061
y-axis motor a_rms,5600,2025-07-31 13:21:42.847061
y-axis motor temp,25.7,2025-07-31 13:21:42.847061
y-axis motor crest,6.4,2025-07-31 13:21:42.847061
x-axis motor v_rms,0.7,2025-07-31 13:21:42.847061
x-axis motor a_peak,3500,2025-07-31 13:21:42.847061
x-axis motor a_rms,200,2025-07-31 13:21:42.847061
x-axis motor temp,23.5,2025-07-31 13:21:42.847061
x-axis motor crest,14.9,2025-07-31 13:21:42.847061
voltage,133.46666666666667,2025-07-31 13:21:42.847061
current,13.24,2025-07-31 13:21:42.847061
active power,75.33333333333333,2025-07-31 13:21:42.847061
forward kWh,54.24699999999999,2025-07-31 13:21:42.847061
reverse kWh,1.8043333333333333,2025-07-31 13:21:42.847061
frequency,59.98,2025-07-31 13:21:42.847061
power factor,0.2066666666666667,2025-07-31 13:21:42.847061
featureId,UNAVAILABLE,2025-07-31 13:21:43.847426
partKindId,5E4A09CE-E1D5-4FCC-B912-38239DF9FDA0,2025-07-31 13:21:43.847426
processKindId,NONE,2025-07-31 13:21:43.847426
A_Axis_Load,0,2025-07-31 13:21:43.847426
A_Position,-89.9995631963877,2025-07-31 13:21:43.847426
C_Axis_Load,11,2025-07-31 13:21:43.847426
C_Position,120.0005,2025-07-31 13:21:43.847426
Machine_Time,2758021.162,2025-07-31 13:21:43.847426
Spindle_Time,767248.463999999,2025-07-31 13:21:43.847426
Feed_Override,100,2025-07-31 13:21:43.847426
Feed_Rate,0,2025-07-31 13:21:43.847426
Program_Runtime_Seconds,31,2025-07-31 13:21:43.847426
Rapid_Override,100,2025-07-31 13:21:43.847426
Rapid_Speed,0,2025-07-31 13:21:43.847426
S_Axis_Load,0,2025-07-31 13:21:43.847426
Spindle_Override,100,2025-07-31 13:21:43.847426
Spindle_Speed,11.8060055096421,2025-07-31 13:21:43.847426
X_Axis_Load,6,2025-07-31 13:21:43.847426
X_Position,1.38679621920055,2025-07-31 13:21:43.847426
Y_Axis_Load,6,2025-07-31 13:21:43.847426
Y_Position,496.9534114729,2025-07-31 13:21:43.847426
Z_Axis_Load,29,2025-07-31 13:21:43.847426
Z_Position,-99.8670240888492,2025-07-31 13:21:43.847426
COR_Status,1,2025-07-31 13:21:43.847426
Controller_Mode,AUTO,2025-07-31 13:21:43.847426
EStop_State,ARMED,2025-07-31 13:21:43.847426
Machine_Mode,5,2025-07-31 13:21:43.847426
Block_Number,54,2025-07-31 13:21:43.847426
Current_Tool,85,2025-07-31 13:21:43.847426
Part_Count,27,2025-07-31 13:21:43.847426
Program_Name_Running,000454_D_A_PROGRAM_3.NC,2025-07-31 13:21:43.847426
spindle motor v_rms,0.1,2025-07-31 13:21:43.847426
spindle motor a_peak,4600,2025-07-31 13:21:43.847426
spindle motor a_rms,1100,2025-07-31 13:21:43.847426
spindle motor temp,35.6,2025-07-31 13:21:43.847426
spindle motor crest,4.1,2025-07-31 13:21:43.847426
z-axis bearing v_rms,0.1,2025-07-31 13:21:43.847426
z-axis bearing a_peak,900,2025-07-31 13:21:43.847426
z-axis bearing a_rms,100,2025-07-31 13:21:43.847426
z-axis bearing temp,24.6,2025-07-31 13:21:43.847426
z-axis bearing crest,12.2,2025-07-31 13:21:43.847426
z-axis motor v_rms,0.1,2025-07-31 13:21:43.847426
z-axis motor a_peak,400,2025-07-31 13:21:43.847426
z-axis motor a_rms,100,2025-07-31 13:21:43.847426
z-axis motor temp,29.8,2025-07-31 13:21:43.847426
z-axis motor crest,3.8,2025-07-31 13:21:43.847426
y-axis bearing v_rms,0.0,2025-07-31 13:21:43.847426
y-axis bearing a_peak,200,2025-07-31 13:21:43.847426
y-axis bearing a_rms,100,2025-07-31 13:21:43.847426
y-axis bearing temp,23.3,2025-07-31 13:21:43.847426
y-axis bearing crest,4.1,2025-07-31 13:21:43.847426
y-axis motor v_rms,0.1,2025-07-31 13:21:43.847426
y-axis motor a_peak,500,2025-07-31 13:21:43.847426
y-axis motor a_rms,200,2025-07-31 13:21:43.847426
y-axis motor temp,25.7,2025-07-31 13:21:43.847426
y-axis motor crest,2.9,2025-07-31 13:21:43.847426
x-axis motor v_rms,0.0,2025-07-31 13:21:43.847426
x-axis motor a_peak,200,2025-07-31 13:21:43.847426
x-axis motor a_rms,0,2025-07-31 13:21:43.847426
x-axis motor temp,23.5,2025-07-31 13:21:43.847426
x-axis motor crest,4.4,2025-07-31 13:21:43.847426
voltage,132.93333333333334,2025-07-31 13:21:43.847426
current,11.496666666666668,2025-07-31 13:21:43.847426
active power,1170.0,2025-07-31 13:21:43.847426
forward kWh,54.24733333333333,2025-07-31 13:21:43.847426
reverse kWh,1.8043333333333333,2025-07-31 13:21:43.847426
frequency,59.98,2025-07-31 13:21:43.847426
power factor,0.7000000000000001,2025-07-31 13:21:43.847426
featureId,UNAVAILABLE,2025-07-31 13:21:44.847544
partKindId,5E4A09CE-E1D5-4FCC-B912-38239DF9FDA0,2025-07-31 13:21:44.847544
processKindId,NONE,2025-07-31 13:21:44.847544
A_Axis_Load,0,2025-07-31 13:21:44.847544
A_Position,-89.9995631963877,2025-07-31 13:21:44.847544
C_Axis_Load,11,2025-07-31 13:21:44.847544
C_Position,120.0005,2025-07-31 13:21:44.847544
Machine_Time,2758021.162,2025-07-31 13:21:44.847544
Spindle_Time,767248.463999999,2025-07-31 13:21:44.847544
Feed_Override,100,2025-07-31 13:21:44.847544
Feed_Rate,0,2025-07-31 13:21:44.847544
Program_Runtime_Seconds,32,2025-07-31 13:21:44.847544
Rapid_Override,100,2025-07-31 13:21:44.847544
Rapid_Speed,0,2025-07-31 13:21:44.847544
S_Axis_Load,1,2025-07-31 13:21:44.847544
Spindle_Override,100,2025-07-31 13:21:44.847544
Spindle_Speed,0,2025-07-31 13:21:44.847544
X_Axis_Load,6,2025-07-31 13:21:44.847544
X_Position,1.38679621920055,2025-07-31 13:21:44.847544
Y_Axis_Load,6,2025-07-31 13:21:44.847544
Y_Position,496.953400028809,2025-07-31 13:21:44.847544
Z_Axis_Load,30,2025-07-31 13:21:44.847544
Z_Position,-99.8670012020172,2025-07-31 13:21:44.847544
COR_Status,1,2025-07-31 13:21:44.847544
Controller_Mode,AUTO,2025-07-31 13:21:44.847544
EStop_State,ARMED,2025-07-31 13:21:44.847544
Machine_Mode,5,2025-07-31 13:21:44.847544
Block_Number,54,2025-07-31 13:21:44.847544
Current_Tool,85,2025-07-31 13:21:44.847544
Part_Count,27,2025-07-31 13:21:44.847544
Program_Name_Running,000454_D_A_PROGRAM_3.NC,2025-07-31 13:21:44.847544
spindle motor v_rms,0.1,2025-07-31 13:21:44.847544
spindle motor a_peak,500,2025-07-31 13:21:44.847544
spindle motor a_rms,200,2025-07-31 13:21:44.847544
spindle motor temp,35.6,2025-07-31 13:21:44.847544
spindle motor crest,2.9,2025-07-31 13:21:44.847544
z-axis bearing v_rms,0.0,2025-07-31 13:21:44.847544
z-axis bearing a_peak,400,2025-07-31 13:21:44.847544
z-axis bearing a_rms,100,2025-07-31 13:21:44.847544
z-axis bearing temp,24.6,2025-07-31 13:21:44.847544
z-axis bearing crest,4.8,2025-07-31 13:21:44.847544
z-axis motor v_rms,0.1,2025-07-31 13:21:44.847544
z-axis motor a_peak,500,2025-07-31 13:21:44.847544
z-axis motor a_rms,100,2025-07-31 13:21:44.847544
z-axis motor temp,29.8,2025-07-31 13:21:44.847544
z-axis motor crest,4.2,2025-07-31 13:21:44.847544
y-axis bearing v_rms,0.0,2025-07-31 13:21:44.847544
y-axis bearing a_peak,200,2025-07-31 13:21:44.847544
y-axis bearing a_rms,100,2025-07-31 13:21:44.847544
y-axis bearing temp,23.3,2025-07-31 13:21:44.847544
y-axis bearing crest,4.0,2025-07-31 13:21:44.847544
y-axis motor v_rms,0.0,2025-07-31 13:21:44.847544
y-axis motor a_peak,500,2025-07-31 13:21:44.847544
y-axis motor a_rms,200,2025-07-31 13:21:44.847544
y-axis motor temp,25.7,2025-07-31 13:21:44.847544
y-axis motor crest,2.9,2025-07-31 13:21:44.847544
x-axis motor v_rms,0.0,2025-07-31 13:21:44.847544
x-axis motor a_peak,200,2025-07-31 13:21:44.847544
x-axis motor a_rms,0,2025-07-31 13:21:44.847544
x-axis motor temp,23.5,2025-07-31 13:21:44.847544
x-axis motor crest,3.8,2025-07-31 13:21:44.847544
voltage,133.0,2025-07-31 13:21:44.847544
current,10.113333333333333,2025-07-31 13:21:44.847544
active power,1030.6666666666667,2025-07-31 13:21:44.847544
forward kWh,54.24733333333333,2025-07-31 13:21:44.847544
reverse kWh,1.8043333333333333,2025-07-31 13:21:44.847544
frequency,59.98,2025-07-31 13:21:44.847544
power factor,0.5733333333333334,2025-07-31 13:21:44.847544
featureId,UNAVAILABLE,2025-07-31 13:21:45.847839
partKindId,5E4A09CE-E1D5-4FCC-B912-38239DF9FDA0,2025-07-31 13:21:45.847839
processKindId,NONE,2025-07-31 13:21:45.847839
A_Axis_Load,0,2025-07-31 13:21:45.847839
A_Position,-89.9995631963877,2025-07-31 13:21:45.847839
C_Axis_Load,11,2025-07-31 13:21:45.847839
C_Position,120.0005,2025-07-31 13:21:45.847839
Machine_Time,2758021.162,2025-07-31 13:21:45.847839
Spindle_Time,767248.463999999,2025-07-31 13:21:45.847839
Feed_Override,100,2025-07-31 13:21:45.847839
Feed_Rate,0,2025-07-31 13:21:45.847839
Program_Runtime_Seconds,33,2025-07-31 13:21:45.847839
Rapid_Override,100,2025-07-31 13:21:45.847839
Rapid_Speed,0,2025-07-31 13:21:45.847839
S_Axis_Load,0,2025-07-31 13:21:45.847839
Spindle_Override,100,2025-07-31 13:21:45.847839
Spindle_Speed,0,2025-07-31 13:21:45.847839
X_Axis_Load,6,2025-07-31 13:21:45.847839
X_Position,1.38679621920055,2025-07-31 13:21:45.847839
Y_Axis_Load,6,2025-07-31 13:21:45.847839
Y_Position,496.9534114729,2025-07-31 13:21:45.847839
Z_Axis_Load,30,2025-07-31 13:21:45.847839
Z_Position,-99.8670012020172,2025-07-31 13:21:45.847839
COR_Status,1,2025-07-31 13:21:45.847839
Controller_Mode,AUTO,2025-07-31 13:21:45.847839
EStop_State,ARMED,2025-07-31 13:21:45.847839
Machine_Mode,5,2025-07-31 13:21:45.847839
Block_Number,54,2025-07-31 13:21:45.847839
Current_Tool,85,2025-07-31 13:21:45.847839
Part_Count,27,2025-07-31 13:21:45.847839
Program_Name_Running,000454_D_A_PROGRAM_3.NC,2025-07-31 13:21:45.847839
spindle motor v_rms,0.1,2025-07-31 13:21:45.847839
spindle motor a_peak,700,2025-07-31 13:21:45.847839
spindle motor a_rms,200,2025-07-31 13:21:45.847839
spindle motor temp,35.6,2025-07-31 13:21:45.847839
spindle motor crest,3.8,2025-07-31 13:21:45.847839
z-axis bearing v_rms,0.1,2025-07-31 13:21:45.847839
z-axis bearing a_peak,2200,2025-07-31 13:21:45.847839
z-axis bearing a_rms,100,2025-07-31 13:21:45.847839
z-axis bearing temp,24.6,2025-07-31 13:21:45.847839
z-axis bearing crest,14.9,2025-07-31 13:21:45.847839
z-axis motor v_rms,0.1,2025-07-31 13:21:45.847839
z-axis motor a_peak,1400,2025-07-31 13:21:45.847839
z-axis motor a_rms,100,2025-07-31 13:21:45.847839
z-axis motor temp,29.8,2025-07-31 13:21:45.847839
z-axis motor crest,11.3,2025-07-31 13:21:45.847839
y-axis bearing v_rms,0.0,2025-07-31 13:21:45.847839
y-axis bearing a_peak,1100,2025-07-31 13:21:45.847839
y-axis bearing a_rms,100,2025-07-31 13:21:45.847839
y-axis bearing temp,23.3,2025-07-31 13:21:45.847839
y-axis bearing crest,10.9,2025-07-31 13:21:45.847839
y-axis motor v_rms,0.1,2025-07-31 13:21:45.847839
y-axis motor a_peak,1400,2025-07-31 13:21:45.847839
y-axis motor a_rms,200,2025-07-31 13:21:45.847839
y-axis motor temp,25.7,2025-07-31 13:21:45.847839
y-axis motor crest,7.2,2025-07-31 13:21:45.847839
x-axis motor v_rms,0.0,2025-07-31 13:21:45.847839
x-axis motor a_peak,400,2025-07-31 13:21:45.847839
x-axis motor a_rms,100,2025-07-31 13:21:45.847839
x-axis motor temp,23.5,2025-07-31 13:21:45.847839
x-axis motor crest,6.9,2025-07-31 13:21:45.847839
voltage,133.20000000000002,2025-07-31 13:21:45.847839
current,5.953333333333333,2025-07-31 13:21:45.847839
active power,633.0,2025-07-31 13:21:45.847839
forward kWh,54.24733333333333,2025-07-31 13:21:45.847839
reverse kWh,1.8043333333333333,2025-07-31 13:21:45.847839
frequency,59.98,2025-07-31 13:21:45.847839
power factor,0.7733333333333333,2025-07-31 13:21:45.847839
featureId,UNAVAILABLE,2025-07-31 13:21:46.848005
partKindId,5E4A09CE-E1D5-4FCC-B912-38239DF9FDA0,2025-07-31 13:21:46.848005
processKindId,NONE,2025-07-31 13:21:46.848005
A_Axis_Load,0,2025-07-31 13:21:46.848005
A_Position,-89.9995631963877,2025-07-31 13:21:46.848005
C_Axis_Load,11,2025-07-31 13:21:46.848005
C_Position,120.0005,2025-07-31 13:21:46.848005
Machine_Time,2758021.162,2025-07-31 13:21:46.848005
Spindle_Time,767248.463999999,2025-07-31 13:21:46.848005
Feed_Override,100,2025-07-31 13:21:46.848005
Feed_Rate,0,2025-07-31 13:21:46.848005
Program_Runtime_Seconds,34,2025-07-31 13:21:46.848005
Rapid_Override,100,2025-07-31 13:21:46.848005
Rapid_Speed,0,2025-07-31 13:21:46.848005
S_Axis_Load,0,2025-07-31 13:21:46.848005
Spindle_Override,100,2025-07-31 13:21:46.848005
Spindle_Speed,0,2025-07-31 13:21:46.848005
X_Axis_Load,5,2025-07-31 13:21:46.848005
X_Position,1.38680766401684,2025-07-31 13:21:46.848005
Y_Axis_Load,6,2025-07-31 13:21:46.848005
Y_Position,496.953400028809,2025-07-31 13:21:46.848005
Z_Axis_Load,30,2025-07-31 13:21:46.848005
Z_Position,-99.8670012020172,2025-07-31 13:21:46.848005
COR_Status,1,2025-07-31 13:21:46.848005
Controller_Mode,AUTO,2025-07-31 13:21:46.848005
EStop_State,ARMED,2025-07-31 13:21:46.848005
Machine_Mode,5,2025-07-31 13:21:46.848005
Block_Number,54,2025-07-31 13:21:46.848005
Current_Tool,85,2025-07-31 13:21:46.848005
Part_Count,27,2025-07-31 13:21:46.848005
Program_Name_Running,000454_D_A_PROGRAM_3.NC,2025-07-31 13:21:46.848005
spindle motor v_rms,0.0,2025-07-31 13:21:46.848005
spindle motor a_peak,600,2025-07-31 13:21:46.848005
spindle motor a_rms,200,2025-07-31 13:21:46.848005
spindle motor temp,35.6,2025-07-31 13:21:46.848005
spindle motor crest,3.3,2025-07-31 13:21:46.848005
z-axis bearing v_rms,0.1,2025-07-31 13:21:46.848005
z-axis bearing a_peak,2700,2025-07-31 13:21:46.848005
z-axis bearing a_rms,200,2025-07-31 13:21:46.848005
z-axis bearing temp,24.6,2025-07-31 13:21:46.848005
z-axis bearing crest,14.6,2025-07-31 13:21:46.848005
z-axis motor v_rms,0.1,2025-07-31 13:21:46.848005
z-axis motor a_peak,1000,2025-07-31 13:21:46.848005
z-axis motor a_rms,100,2025-07-31 13:21:46.848005
z-axis motor temp,29.8,2025-07-31 13:21:46.848005
z-axis motor crest,6.9,2025-07-31 13:21:46.848005
y-axis bearing v_rms,0.0,2025-07-31 13:21:46.848005
y-axis bearing a_peak,800,2025-07-31 13:21:46.848005
y-axis bearing a_rms,100,2025-07-31 13:21:46.848005
y-axis bearing temp,23.3,2025-07-31 13:21:46.848005
y-axis bearing crest,11.5,2025-07-31 13:21:46.848005
y-axis motor v_rms,0.1,2025-07-31 13:21:46.848005
y-axis motor a_peak,1300,2025-07-31 13:21:46.848005
y-axis motor a_rms,200,2025-07-31 13:21:46.848005
y-axis motor temp,25.7,2025-07-31 13:21:46.848005
y-axis motor crest,5.7,2025-07-31 13:21:46.848005
x-axis motor v_rms,0.1,2025-07-31 13:21:46.848005
x-axis motor a_peak,300,2025-07-31 13:21:46.848005
x-axis motor a_rms,100,2025-07-31 13:21:46.848005
x-axis motor temp,23.5,2025-07-31 13:21:46.848005
x-axis motor crest,5.5,2025-07-31 13:21:46.848005
voltage,133.13333333333333,2025-07-31 13:21:46.848005
current,6.136666666666667,2025-07-31 13:21:46.848005
active power,656.3333333333334,2025-07-31 13:21:46.848005
forward kWh,54.24766666666667,2025-07-31 13:21:46.848005
reverse kWh,1.8043333333333333,2025-07-31 13:21:46.848005
frequency,59.98,2025-07-31 13:21:46.848005
power factor,0.7966666666666665,2025-07-31 13:21:46.848005
featureId,UNAVAILABLE,2025-07-31 13:21:47.848218
partKindId,5E4A09CE-E1D5-4FCC-B912-38239DF9FDA0,2025-07-31 13:21:47.848218
processKindId,NONE,2025-07-31 13:21:47.848218
A_Axis_Load,0,2025-07-31 13:21:47.848218
A_Position,-89.9995631963877,2025-07-31 13:21:47.848218
C_Axis_Load,11,2025-07-31 13:21:47.848218
C_Position,120.0005,2025-07-31 13:21:47.848218
Machine_Time,2758021.162,2025-07-31 13:21:47.848218
Spindle_Time,767248.463999999,2025-07-31 13:21:47.848218
Feed_Override,100,2025-07-31 13:21:47.848218
Feed_Rate,0,2025-07-31 13:21:47.848218
Program_Runtime_Seconds,35,2025-07-31 13:21:47.848218
Rapid_Override,100,2025-07-31 13:21:47.848218
Rapid_Speed,0,2025-07-31 13:21:47.848218
S_Axis_Load,0,2025-07-31 13:21:47.848218
Spindle_Override,100,2025-07-31 13:21:47.848218
Spindle_Speed,0,2025-07-31 13:21:47.848218
X_Axis_Load,5,2025-07-31 13:21:47.848218
X_Position,1.38679621920055,2025-07-31 13:21:47.848218
Y_Axis_Load,5,2025-07-31 13:21:47.848218
Y_Position,496.9534114729,2025-07-31 13:21:47.848218
Z_Axis_Load,31,2025-07-31 13:21:47.848218
Z_Position,-99.8672415137525,2025-07-31 13:21:47.848218
COR_Status,1,2025-07-31 13:21:47.848218
Controller_Mode,AUTO,2025-07-31 13:21:47.848218
EStop_State,ARMED,2025-07-31 13:21:47.848218
Machine_Mode,5,2025-07-31 13:21:47.848218
Block_Number,54,2025-07-31 13:21:47.848218
Current_Tool,85,2025-07-31 13:21:47.848218
Part_Count,27,2025-07-31 13:21:47.848218
Program_Name_Running,000454_D_A_PROGRAM_3.NC,2025-07-31 13:21:47.848218
spindle motor v_rms,0.2,2025-07-31 13:21:47.848218
spindle motor a_peak,7600,2025-07-31 13:21:47.848218
spindle motor a_rms,400,2025-07-31 13:21:47.848218
spindle motor temp,35.6,2025-07-31 13:21:47.848218
spindle motor crest,18.6,2025-07-31 13:21:47.848218
z-axis bearing v_rms,0.1,2025-07-31 13:21:47.848218
z-axis bearing a_peak,5100,2025-07-31 13:21:47.848218
z-axis bearing a_rms,400,2025-07-31 13:21:47.848218
z-axis bearing temp,24.6,2025-07-31 13:21:47.848218
z-axis bearing crest,14.2,2025-07-31 13:21:47.848218
z-axis motor v_rms,0.3,2025-07-31 13:21:47.848218
z-axis motor a_peak,1600,2025-07-31 13:21:47.848218
z-axis motor a_rms,300,2025-07-31 13:21:47.848218
z-axis motor temp,29.8,2025-07-31 13:21:47.848218
z-axis motor crest,5.0,2025-07-31 13:21:47.848218
y-axis bearing v_rms,0.1,2025-07-31 13:21:47.848218
y-axis bearing a_peak,1000,2025-07-31 13:21:47.848218
y-axis bearing a_rms,100,2025-07-31 13:21:47.848218
y-axis bearing temp,23.3,2025-07-31 13:21:47.848218
y-axis bearing crest,8.9,2025-07-31 13:21:47.848218
y-axis motor v_rms,0.2,2025-07-31 13:21:47.848218
y-axis motor a_peak,3200,2025-07-31 13:21:47.848218
y-axis motor a_rms,400,2025-07-31 13:21:47.848218
y-axis motor temp,25.7,2025-07-31 13:21:47.848218
y-axis motor crest,8.8,2025-07-31 13:21:47.848218
x-axis motor v_rms,0.2,2025-07-31 13:21:47.848218
x-axis motor a_peak,700,2025-07-31 13:21:47.848218
x-axis motor a_rms,100,2025-07-31 13:21:47.848218
x-axis motor temp,23.5,2025-07-31 13:21:47.848218
x-axis motor crest,7.2,2025-07-31 13:21:47.848218
voltage,133.36666666666667,2025-07-31 13:21:47.848218
current,4.706666666666666,2025-07-31 13:21:47.848218
active power,545.3333333333334,2025-07-31 13:21:47.848218
forward kWh,54.248,2025-07-31 13:21:47.848218
reverse kWh,1.8043333333333333,2025-07-31 13:21:47.848218
frequency,59.97,2025-07-31 13:21:47.848218
power factor,0.8333333333333334,2025-07-31 13:21:47.848218
featureId,UNAVAILABLE,2025-07-31 13:21:48.848421
partKindId,5E4A09CE-E1D5-4FCC-B912-38239DF9FDA0,2025-07-31 13:21:48.848421
processKindId,NONE,2025-07-31 13:21:48.848421
A_Axis_Load,0,2025-07-31 13:21:48.848421
A_Position,-89.9995631963877,2025-07-31 13:21:48.848421
C_Axis_Load,11,2025-07-31 13:21:48.848421
C_Position,120.0005,2025-07-31 13:21:48.848421
Machine_Time,2758021.162,2025-07-31 13:21:48.848421
Spindle_Time,767248.463999999,2025-07-31 13:21:48.848421
Feed_Override,100,2025-07-31 13:21:48.848421
Feed_Rate,0,2025-07-31 13:21:48.848421
Program_Runtime_Seconds,36,2025-07-31 13:21:48.848421
Rapid_Override,100,2025-07-31 13:21:48.848421
Rapid_Speed,0,2025-07-31 13:21:48.848421
S_Axis_Load,0,2025-07-31 13:21:48.848421
Spindle_Override,100,2025-07-31 13:21:48.848421
Spindle_Speed,0,2025-07-31 13:21:48.848421
X_Axis_Load,5,2025-07-31 13:21:48.848421
X_Position,1.38679621920055,2025-07-31 13:21:48.848421
Y_Axis_Load,4,2025-07-31 13:21:48.848421
Y_Position,496.953400028809,2025-07-31 13:21:48.848421
Z_Axis_Load,30,2025-07-31 13:21:48.848421
Z_Position,-99.8669668717693,2025-07-31 13:21:48.848421
COR_Status,1,2025-07-31 13:21:48.848421
Controller_Mode,AUTO,2025-07-31 13:21:48.848421
EStop_State,ARMED,2025-07-31 13:21:48.848421
Machine_Mode,5,2025-07-31 13:21:48.848421
Block_Number,54,2025-07-31 13:21:48.848421
Current_Tool,72,2025-07-31 13:21:48.848421
Part_Count,27,2025-07-31 13:21:48.848421
Program_Name_Running,000454_D_A_PROGRAM_3.NC,2025-07-31 13:21:48.848421
spindle motor v_rms,0.2,2025-07-31 13:21:48.848421
spindle motor a_peak,11700,2025-07-31 13:21:48.848421
spindle motor a_rms,600,2025-07-31 13:21:48.848421
spindle motor temp,35.6,2025-07-31 13:21:48.848421
spindle motor crest,20.2,2025-07-31 13:21:48.848421
z-axis bearing v_rms,0.1,2025-07-31 13:21:48.848421
z-axis bearing a_peak,7600,2025-07-31 13:21:48.848421
z-axis bearing a_rms,500,2025-07-31 13:21:48.848421
z-axis bearing temp,24.6,2025-07-31 13:21:48.848421
z-axis bearing crest,15.3,2025-07-31 13:21:48.848421
z-axis motor v_rms,0.3,2025-07-31 13:21:48.848421
z-axis motor a_peak,3400,2025-07-31 13:21:48.848421
z-axis motor a_rms,300,2025-07-31 13:21:48.848421
z-axis motor temp,29.8,2025-07-31 13:21:48.848421
z-axis motor crest,12.4,2025-07-31 13:21:48.848421
y-axis bearing v_rms,0.1,2025-07-31 13:21:48.848421
y-axis bearing a_peak,1500,2025-07-31 13:21:48.848421
y-axis bearing a_rms,100,2025-07-31 13:21:48.848421
y-axis bearing temp,23.3,2025-07-31 13:21:48.848421
y-axis bearing crest,10.9,2025-07-31 13:21:48.848421
y-axis motor v_rms,0.1,2025-07-31 13:21:48.848421
y-axis motor a_peak,1900,2025-07-31 13:21:48.848421
y-axis motor a_rms,300,2025-07-31 13:21:48.848421
y-axis motor temp,25.7,2025-07-31 13:21:48.848421
y-axis motor crest,6.2,2025-07-31 13:21:48.848421
x-axis motor v_rms,0.1,2025-07-31 13:21:48.848421
x-axis motor a_peak,500,2025-07-31 13:21:48.848421
x-axis motor a_rms,100,2025-07-31 13:21:48.848421
x-axis motor temp,23.5,2025-07-31 13:21:48.848421
x-axis motor crest,5.7,2025-07-31 13:21:48.848421
voltage,133.33333333333334,2025-07-31 13:21:48.848421
current,4.886666666666667,2025-07-31 13:21:48.848421
active power,560.6666666666666,2025-07-31 13:21:48.848421
forward kWh,54.248,2025-07-31 13:21:48.848421
reverse kWh,1.8043333333333333,2025-07-31 13:21:48.848421
frequency,59.97,2025-07-31 13:21:48.848421
power factor,0.65,2025-07-31 13:21:48.848421
featureId,UNAVAILABLE,2025-07-31 13:21:49.848762
partKindId,5E4A09CE-E1D5-4FCC-B912-38239DF9FDA0,2025-07-31 13:21:49.848762
processKindId,3C44659E-1CC5-4F24-88FD-04F834435743,2025-07-31 13:21:49.848762
A_Axis_Load,0,2025-07-31 13:21:49.848762
A_Position,-89.9995631963877,2025-07-31 13:21:49.848762
C_Axis_Load,11,2025-07-31 13:21:49.848762
C_Position,120.0005,2025-07-31 13:21:49.848762
Machine_Time,2758021.162,2025-07-31 13:21:49.848762
Spindle_Time,767248.463999999,2025-07-31 13:21:49.848762
Feed_Override,100,2025-07-31 13:21:49.848762
Feed_Rate,281.45,2025-07-31 13:21:49.848762
Program_Runtime_Seconds,37,2025-07-31 13:21:49.848762
Rapid_Override,100,2025-07-31 13:21:49.848762
Rapid_Speed,0,2025-07-31 13:21:49.848762
S_Axis_Load,0,2025-07-31 13:21:49.848762
Spindle_Override,100,2025-07-31 13:21:49.848762
Spindle_Speed,0,2025-07-31 13:21:49.848762
X_Axis_Load,27,2025-07-31 13:21:49.848762
X_Position,18.0776863971488,2025-07-31 13:21:49.848762
Y_Axis_Load,20,2025-07-31 13:21:49.848762
Y_Position,479.444796153739,2025-07-31 13:21:49.848762
Z_Axis_Load,31,2025-07-31 13:21:49.848762
Z_Position,-99.8670012020172,2025-07-31 13:21:49.848762
COR_Status,1,2025-07-31 13:21:49.848762
Controller_Mode,AUTO,2025-07-31 13:21:49.848762
EStop_State,ARMED,2025-07-31 13:21:49.848762
Machine_Mode,5,2025-07-31 13:21:49.848762
Block_Number,56,2025-07-31 13:21:49.848762
Current_Tool,72,2025-07-31 13:21:49.848762
Part_Count,27,2025-07-31 13:21:49.848762
Program_Name_Running,000454_D_A_PROGRAM_3.NC,2025-07-31 13:21:49.848762
spindle motor v_rms,0.2,2025-07-31 13:21:49.848762
spindle motor a_peak,400,2025-07-31 13:21:49.848762
spindle motor a_rms,100,2025-07-31 13:21:49.848762
spindle motor temp,35.6,2025-07-31 13:21:49.848762
spindle motor crest,4.9,2025-07-31 13:21:49.848762
z-axis bearing v_rms,0.1,2025-07-31 13:21:49.848762
z-axis bearing a_peak,3000,2025-07-31 13:21:49.848762
z-axis bearing a_rms,500,2025-07-31 13:21:49.848762
z-axis bearing temp,24.6,2025-07-31 13:21:49.848762
z-axis bearing crest,6.5,2025-07-31 13:21:49.848762
z-axis motor v_rms,0.2,2025-07-31 13:21:49.848762
z-axis motor a_peak,900,2025-07-31 13:21:49.848762
z-axis motor a_rms,200,2025-07-31 13:21:49.848762
z-axis motor temp,29.8,2025-07-31 13:21:49.848762
z-axis motor crest,3.5,2025-07-31 13:21:49.848762
y-axis bearing v_rms,0.1,2025-07-31 13:21:49.848762
y-axis bearing a_peak,9000,2025-07-31 13:21:49.848762
y-axis bearing a_rms,1200,2025-07-31 13:21:49.848762
y-axis bearing temp,23.3,2025-07-31 13:21:49.848762
y-axis bearing crest,7.4,2025-07-31 13:21:49.848762
y-axis motor v_rms,0.3,2025-07-31 13:21:49.848762
y-axis motor a_peak,36300,2025-07-31 13:21:49.848762
y-axis motor a_rms,8200,2025-07-31 13:21:49.848762
y-axis motor temp,25.7,2025-07-31 13:21:49.848762
y-axis motor crest,4.4,2025-07-31 13:21:49.848762
x-axis motor v_rms,0.9,2025-07-31 13:21:49.848762
x-axis motor a_peak,2200,2025-07-31 13:21:49.848762
x-axis motor a_rms,500,2025-07-31 13:21:49.848762
x-axis motor temp,23.5,2025-07-31 13:21:49.848762
x-axis motor crest,4.6,2025-07-31 13:21:49.848762
voltage,133.23333333333335,2025-07-31 13:21:49.848762
current,5.776666666666667,2025-07-31 13:21:49.848762
active power,666.0,2025-07-31 13:21:49.848762
forward kWh,54.248,2025-07-31 13:21:49.848762
reverse kWh,1.8043333333333333,2025-07-31 13:21:49.848762
frequency,59.97,2025-07-31 13:21:49.848762
power factor,0.82,2025-07-31 13:21:49.848762
featureId,UNAVAILABLE,2025-07-31 13:21:50.848969
partKindId,5E4A09CE-E1D5-4FCC-B912-38239DF9FDA0,2025-07-31 13:21:50.848969
processKindId,3C44659E-1CC5-4F24-88FD-04F834435743,2025-07-31 13:21:50.848969
A_Axis_Load,0,2025-07-31 13:21:50.848969
A_Position,-89.9995631963877,2025-07-31 13:21:50.848969
C_Axis_Load,11,2025-07-31 13:21:50.848969
C_Position,120.0005,2025-07-31 13:21:50.848969
Machine_Time,2758021.162,2025-07-31 13:21:50.848969
Spindle_Time,767248.463999999,2025-07-31 13:21:50.848969
Feed_Override,100,2025-07-31 13:21:50.848969
Feed_Rate,485.3333,2025-07-31 13:21:50.848969
Program_Runtime_Seconds,38,2025-07-31 13:21:50.848969
Rapid_Override,100,2025-07-31 13:21:50.848969
Rapid_Speed,0,2025-07-31 13:21:50.848969
S_Axis_Load,0,2025-07-31 13:21:50.848969
Spindle_Override,100,2025-07-31 13:21:50.848969
Spindle_Speed,0,2025-07-31 13:21:50.848969
X_Axis_Load,20,2025-07-31 13:21:50.848969
X_Position,379.410537672594,2025-07-31 13:21:50.848969
Y_Axis_Load,17,2025-07-31 13:21:50.848969
Y_Position,100.413646988902,2025-07-31 13:21:50.848969
Z_Axis_Load,31,2025-07-31 13:21:50.848969
Z_Position,-99.8670012020172,2025-07-31 13:21:50.848969
COR_Status,1,2025-07-31 13:21:50.848969
Controller_Mode,AUTO,2025-07-31 13:21:50.848969
EStop_State,ARMED,2025-07-31 13:21:50.848969
Machine_Mode,5,2025-07-31 13:21:50.848969
Block_Number,56,2025-07-31 13:21:50.848969
Current_Tool,72,2025-07-31 13:21:50.848969
Part_Count,27,2025-07-31 13:21:50.848969
Program_Name_Running,000454_D_A_PROGRAM_3.NC,2025-07-31 13:21:50.848969
spindle motor v_rms,0.1,2025-07-31 13:21:50.848969
spindle motor a_peak,300,2025-07-31 13:21:50.848969
spindle motor a_rms,100,2025-07-31 13:21:50.848969
spindle motor temp,35.6,2025-07-31 13:21:50.848969
spindle motor crest,4.2,2025-07-31 13:21:50.848969
z-axis bearing v_rms,0.1,2025-07-31 13:21:50.848969
z-axis bearing a_peak,7700,2025-07-31 13:21:50.848969
z-axis bearing a_rms,800,2025-07-31 13:21:50.848969
z-axis bearing temp,24.6,2025-07-31 13:21:50.848969
z-axis bearing crest,10.2,2025-07-31 13:21:50.848969
z-axis motor v_rms,0.4,2025-07-31 13:21:50.848969
z-axis motor a_peak,22500,2025-07-31 13:21:50.848969
z-axis motor a_rms,2700,2025-07-31 13:21:50.848969
z-axis motor temp,29.8,2025-07-31 13:21:50.848969
z-axis motor crest,8.3,2025-07-31 13:21:50.848969
y-axis bearing v_rms,0.1,2025-07-31 13:21:50.848969
y-axis bearing a_peak,8800,2025-07-31 13:21:50.848969
y-axis bearing a_rms,1000,2025-07-31 13:21:50.848969
y-axis bearing temp,23.3,2025-07-31 13:21:50.848969
y-axis bearing crest,9.1,2025-07-31 13:21:50.848969
y-axis motor v_rms,0.2,2025-07-31 13:21:50.848969
y-axis motor a_peak,25500,2025-07-31 13:21:50.848969
y-axis motor a_rms,3200,2025-07-31 13:21:50.848969
y-axis motor temp,25.7,2025-07-31 13:21:50.848969
y-axis motor crest,8.0,2025-07-31 13:21:50.848969
x-axis motor v_rms,0.5,2025-07-31 13:21:50.848969
x-axis motor a_peak,500,2025-07-31 13:21:50.848969
x-axis motor a_rms,100,2025-07-31 13:21:50.848969
x-axis motor temp,23.5,2025-07-31 13:21:50.848969
x-axis motor crest,4.9,2025-07-31 13:21:50.848969
voltage,133.3,2025-07-31 13:21:50.848969
current,5.333333333333333,2025-07-31 13:21:50.848969
active power,599.3333333333334,2025-07-31 13:21:50.848969
forward kWh,54.248,2025-07-31 13:21:50.848969
reverse kWh,1.8043333333333333,2025-07-31 13:21:50.848969
frequency,59.97,2025-07-31 13:21:50.848969
power factor,0.7200000000000001,2025-07-31 13:21:50.848969
featureId,UNAVAILABLE,2025-07-31 13:21:51.849173
partKindId,5E4A09CE-E1D5-4FCC-B912-38239DF9FDA0,2025-07-31 13:21:51.849173
processKindId,3C44659E-1CC5-4F24-88FD-04F834435743,2025-07-31 13:21:51.849173
A_Axis_Load,0,2025-07-31 13:21:51.849173
A_Position,-89.9995631963877,2025-07-31 13:21:51.849173
C_Axis_Load,11,2025-07-31 13:21:51.849173
C_Position,120.0005,2025-07-31 13:21:51.849173
Machine_Time,2758021.162,2025-07-31 13:21:51.849173
Spindle_Time,767248.463999999,2025-07-31 13:21:51.849173
Feed_Override,100,2025-07-31 13:21:51.849173
Feed_Rate,503.2333,2025-07-31 13:21:51.849173
Program_Runtime_Seconds,39,2025-07-31 13:21:51.849173
Rapid_Override,100,2025-07-31 13:21:51.849173
Rapid_Speed,0,2025-07-31 13:21:51.849173
S_Axis_Load,0,2025-07-31 13:21:51.849173
Spindle_Override,100,2025-07-31 13:21:51.849173
Spindle_Speed,0,2025-07-31 13:21:51.849173
X_Axis_Load,5,2025-07-31 13:21:51.849173
X_Position,379.84679454674,2025-07-31 13:21:51.849173
Y_Axis_Load,6,2025-07-31 13:21:51.849173
Y_Position,99.953878841168,2025-07-31 13:21:51.849173
Z_Axis_Load,16,2025-07-31 13:21:51.849173
Z_Position,-465.040341260147,2025-07-31 13:21:51.849173
COR_Status,1,2025-07-31 13:21:51.849173
Controller_Mode,AUTO,2025-07-31 13:21:51.849173
EStop_State,ARMED,2025-07-31 13:21:51.849173
Machine_Mode,5,2025-07-31 13:21:51.849173
Block_Number,58,2025-07-31 13:21:51.849173
Current_Tool,72,2025-07-31 13:21:51.849173
Part_Count,27,2025-07-31 13:21:51.849173
Program_Name_Running,000454_D_A_PROGRAM_3.NC,2025-07-31 13:21:51.849173
spindle motor v_rms,0.2,2025-07-31 13:21:51.849173
spindle motor a_peak,9500,2025-07-31 13:21:51.849173
spindle motor a_rms,1800,2025-07-31 13:21:51.849173
spindle motor temp,35.6,2025-07-31 13:21:51.849173
spindle motor crest,5.4,2025-07-31 13:21:51.849173
z-axis bearing v_rms,0.1,2025-07-31 13:21:51.849173
z-axis bearing a_peak,28400,2025-07-31 13:21:51.849173
z-axis bearing a_rms,4900,2025-07-31 13:21:51.849173
z-axis bearing temp,24.6,2025-07-31 13:21:51.849173
z-axis bearing crest,5.8,2025-07-31 13:21:51.849173
z-axis motor v_rms,1.0,2025-07-31 13:21:51.849173
z-axis motor a_peak,55300,2025-07-31 13:21:51.849173
z-axis motor a_rms,10900,2025-07-31 13:21:51.849173
z-axis motor temp,29.8,2025-07-31 13:21:51.849173
z-axis motor crest,5.1,2025-07-31 13:21:51.849173
y-axis bearing v_rms,0.0,2025-07-31 13:21:51.849173
y-axis bearing a_peak,1800,2025-07-31 13:21:51.849173
y-axis bearing a_rms,300,2025-07-31 13:21:51.849173
y-axis bearing temp,23.3,2025-07-31 13:21:51.849173
y-axis bearing crest,6.7,2025-07-31 13:21:51.849173
y-axis motor v_rms,0.1,2025-07-31 13:21:51.849173
y-axis motor a_peak,2300,2025-07-31 13:21:51.849173
y-axis motor a_rms,500,2025-07-31 13:21:51.849173
y-axis motor temp,25.7,2025-07-31 13:21:51.849173
y-axis motor crest,4.6,2025-07-31 13:21:51.849173
x-axis motor v_rms,0.0,2025-07-31 13:21:51.849173
x-axis motor a_peak,300,2025-07-31 13:21:51.849173
x-axis motor a_rms,100,2025-07-31 13:21:51.849173
x-axis motor temp,23.5,2025-07-31 13:21:51.849173
x-axis motor crest,6.1,2025-07-31 13:21:51.849173
voltage,133.13333333333333,2025-07-31 13:21:51.849173
current,8.693333333333333,2025-07-31 13:21:51.849173
active power,893.6666666666666,2025-07-31 13:21:51.849173
forward kWh,54.249,2025-07-31 13:21:51.849173
reverse kWh,1.8043333333333333,2025-07-31 13:21:51.849173
frequency,59.97,2025-07-31 13:21:51.849173
power factor,0.9833333333333334,2025-07-31 13:21:51.849173
featureId,UNAVAILABLE,2025-07-31 13:21:52.849322
partKindId,5E4A09CE-E1D5-4FCC-B912-38239DF9FDA0,2025-07-31 13:21:52.849322
processKindId,3C44659E-1CC5-4F24-88FD-04F834435743,2025-07-31 13:21:52.849322
A_Axis_Load,0,2025-07-31 13:21:52.849322
A_Position,-89.9995631963877,2025-07-31 13:21:52.849322
C_Axis_Load,11,2025-07-31 13:21:52.849322
C_Position,120.0005,2025-07-31 13:21:52.849322
Machine_Time,2758021.162,2025-07-31 13:21:52.849322
Spindle_Time,767248.463999999,2025-07-31 13:21:52.849322
Feed_Override,100,2025-07-31 13:21:52.849322
Feed_Rate,14.28333,2025-07-31 13:21:52.849322
Program_Runtime_Seconds,39,2025-07-31 13:21:52.849322
Rapid_Override,100,2025-07-31 13:21:52.849322
Rapid_Speed,0,2025-07-31 13:21:52.849322
S_Axis_Load,5,2025-07-31 13:21:52.849322
Spindle_Override,100,2025-07-31 13:21:52.849322
Spindle_Speed,599.999999999987,2025-07-31 13:21:52.849322
X_Axis_Load,5,2025-07-31 13:21:52.849322
X_Position,379.84679454674,2025-07-31 13:21:52.849322
Y_Axis_Load,6,2025-07-31 13:21:52.849322
Y_Position,99.9539017288695,2025-07-31 13:21:52.849322
Z_Axis_Load,24,2025-07-31 13:21:52.849322
Z_Position,-476.822409729881,2025-07-31 13:21:52.849322
COR_Status,1,2025-07-31 13:21:52.849322
Controller_Mode,AUTO,2025-07-31 13:21:52.849322
EStop_State,ARMED,2025-07-31 13:21:52.849322
Machine_Mode,5,2025-07-31 13:21:52.849322
Block_Number,58,2025-07-31 13:21:52.849322
Current_Tool,72,2025-07-31 13:21:52.849322
Part_Count,27,2025-07-31 13:21:52.849322
Program_Name_Running,000454_D_A_PROGRAM_3.NC,2025-07-31 13:21:52.849322
spindle motor v_rms,0.1,2025-07-31 13:21:52.849322
spindle motor a_peak,8200,2025-07-31 13:21:52.849322
spindle motor a_rms,2600,2025-07-31 13:21:52.849322
spindle motor temp,35.6,2025-07-31 13:21:52.849322
spindle motor crest,3.2,2025-07-31 13:21:52.849322
z-axis bearing v_rms,0.0,2025-07-31 13:21:52.849322
z-axis bearing a_peak,1600,2025-07-31 13:21:52.849322
z-axis bearing a_rms,400,2025-07-31 13:21:52.849322
z-axis bearing temp,24.6,2025-07-31 13:21:52.849322
z-axis bearing crest,4.1,2025-07-31 13:21:52.849322
z-axis motor v_rms,0.1,2025-07-31 13:21:52.849322
z-axis motor a_peak,4700,2025-07-31 13:21:52.849322
z-axis motor a_rms,1000,2025-07-31 13:21:52.849322
z-axis motor temp,29.8,2025-07-31 13:21:52.849322
z-axis motor crest,4.8,2025-07-31 13:21:52.849322
y-axis bearing v_rms,0.0,2025-07-31 13:21:52.849322
y-axis bearing a_peak,300,2025-07-31 13:21:52.849322
y-axis bearing a_rms,100,2025-07-31 13:21:52.849322
y-axis bearing temp,23.3,2025-07-31 13:21:52.849322
y-axis bearing crest,3.8,2025-07-31 13:21:52.849322
y-axis motor v_rms,0.1,2025-07-31 13:21:52.849322
y-axis motor a_peak,1300,2025-07-31 13:21:52.849322
y-axis motor a_rms,500,2025-07-31 13:21:52.849322
y-axis motor temp,25.7,2025-07-31 13:21:52.849322
y-axis motor crest,2.8,2025-07-31 13:21:52.849322
x-axis motor v_rms,0.1,2025-07-31 13:21:52.849322
x-axis motor a_peak,300,2025-07-31 13:21:52.849322
x-axis motor a_rms,100,2025-07-31 13:21:52.849322
x-axis motor temp,23.5,2025-07-31 13:21:52.849322
x-axis motor crest,4.3,2025-07-31 13:21:52.849322
voltage,133.13333333333333,2025-07-31 13:21:52.849322
current,5.486666666666667,2025-07-31 13:21:52.849322
active power,654.3333333333334,2025-07-31 13:21:52.849322
forward kWh,54.249,2025-07-31 13:21:52.849322
reverse kWh,1.8043333333333333,2025-07-31 13:21:52.849322
frequency,59.97,2025-07-31 13:21:52.849322
power factor,0.9133333333333334,2025-07-31 13:21:52.849322
featureId,UNAVAILABLE,2025-07-31 13:21:53.849599
partKindId,5E4A09CE-E1D5-4FCC-B912-38239DF9FDA0,2025-07-31 13:21:53.849599
processKindId,3C44659E-1CC5-4F24-88FD-04F834435743,2025-07-31 13:21:53.849599
A_Axis_Load,0,2025-07-31 13:21:53.849599
A_Position,-89.9995631963877,2025-07-31 13:21:53.849599
C_Axis_Load,11,2025-07-31 13:21:53.849599
C_Position,120.0005,2025-07-31 13:21:53.849599
Machine_Time,2758021.162,2025-07-31 13:21:53.849599
Spindle_Time,767248.463999999,2025-07-31 13:21:53.849599
Feed_Override,100,2025-07-31 13:21:53.849599
Feed_Rate,14.56667,2025-07-31 13:21:53.849599
Program_Runtime_Seconds,41,2025-07-31 13:21:53.849599
Rapid_Override,100,2025-07-31 13:21:53.849599
Rapid_Speed,0,2025-07-31 13:21:53.849599
S_Axis_Load,11,2025-07-31 13:21:53.849599
Spindle_Override,100,2025-07-31 13:21:53.849599
Spindle_Speed,599.999999999881,2025-07-31 13:21:53.849599
X_Axis_Load,4,2025-07-31 13:21:53.849599
X_Position,379.84685176676,2025-07-31 13:21:53.849599
Y_Axis_Load,6,2025-07-31 13:21:53.849599
Y_Position,99.9538673973172,2025-07-31 13:21:53.849599
Z_Axis_Load,24,2025-07-31 13:21:53.849599
Z_Position,-492.075100259466,2025-07-31 13:21:53.849599
COR_Status,1,2025-07-31 13:21:53.849599
Controller_Mode,AUTO,2025-07-31 13:21:53.849599
EStop_State,ARMED,2025-07-31 13:21:53.849599
Machine_Mode,5,2025-07-31 13:21:53.849599
Block_Number,58,2025-07-31 13:21:53.849599
Current_Tool,72,2025-07-31 13:21:53.849599
Part_Count,27,2025-07-31 13:21:53.849599
Program_Name_Running,000454_D_A_PROGRAM_3.NC,2025-07-31 13:21:53.849599
spindle motor v_rms,0.1,2025-07-31 13:21:53.849599
spindle motor a_peak,6400,2025-07-31 13:21:53.849599
spindle motor a_rms,2300,2025-07-31 13:21:53.849599
spindle motor temp,35.6,2025-07-31 13:21:53.849599
spindle motor crest,2.8,2025-07-31 13:21:53.849599
z-axis bearing v_rms,0.0,2025-07-31 13:21:53.849599
z-axis bearing a_peak,1400,2025-07-31 13:21:53.849599
z-axis bearing a_rms,300,2025-07-31 13:21:53.849599
z-axis bearing temp,24.6,2025-07-31 13:21:53.849599
z-axis bearing crest,4.3,2025-07-31 13:21:53.849599
z-axis motor v_rms,0.1,2025-07-31 13:21:53.849599
z-axis motor a_peak,5000,2025-07-31 13:21:53.849599
z-axis motor a_rms,1000,2025-07-31 13:21:53.849599
z-axis motor temp,29.8,2025-07-31 13:21:53.849599
z-axis motor crest,5.1,2025-07-31 13:21:53.849599
y-axis bearing v_rms,0.0,2025-07-31 13:21:53.849599
y-axis bearing a_peak,300,2025-07-31 13:21:53.849599
y-axis bearing a_rms,100,2025-07-31 13:21:53.849599
y-axis bearing temp,23.3,2025-07-31 13:21:53.849599
y-axis bearing crest,3.8,2025-07-31 13:21:53.849599
y-axis motor v_rms,0.1,2025-07-31 13:21:53.849599
y-axis motor a_peak,1200,2025-07-31 13:21:53.849599
y-axis motor a_rms,500,2025-07-31 13:21:53.849599
y-axis motor temp,25.7,2025-07-31 13:21:53.849599
y-axis motor crest,2.7,2025-07-31 13:21:53.849599
x-axis motor v_rms,0.0,2025-07-31 13:21:53.849599
x-axis motor a_peak,200,2025-07-31 13:21:53.849599
x-axis motor a_rms,100,2025-07-31 13:21:53.849599
x-axis motor temp,23.5,2025-07-31 13:21:53.849599
x-axis motor crest,4.2,2025-07-31 13:21:53.849599
voltage,133.1,2025-07-31 13:21:53.849599
current,7.833333333333333,2025-07-31 13:21:53.849599
active power,931.6666666666666,2025-07-31 13:21:53.849599
forward kWh,54.249,2025-07-31 13:21:53.849599
reverse kWh,1.8043333333333333,2025-07-31 13:21:53.849599
frequency,59.97,2025-07-31 13:21:53.849599
power factor,0.8700000000000001,2025-07-31 13:21:53.849599
featureId,UNAVAILABLE,2025-07-31 13:21:54.849747
partKindId,5E4A09CE-E1D5-4FCC-B912-38239DF9FDA0,2025-07-31 13:21:54.849747
processKindId,3C44659E-1CC5-4F24-88FD-04F834435743,2025-07-31 13:21:54.849747
A_Axis_Load,0,2025-07-31 13:21:54.849747
A_Position,-89.9995631963877,2025-07-31 13:21:54.849747
C_Axis_Load,11,2025-07-31 13:21:54.849747
C_Position,120.0005,2025-07-31 13:21:54.849747
Machine_Time,2758021.162,2025-07-31 13:21:54.849747
Spindle_Time,767248.463999999,2025-07-31 13:21:54.849747
Feed_Override,100,2025-07-31 13:21:54.849747
Feed_Rate,25.15,2025-07-31 13:21:54.849747
Program_Runtime_Seconds,42,2025-07-31 13:21:54.849747
Rapid_Override,100,2025-07-31 13:21:54.849747
Rapid_Speed,0,2025-07-31 13:21:54.849747
S_Axis_Load,23,2025-07-31 13:21:54.849747
Spindle_Override,100,2025-07-31 13:21:54.849747
Spindle_Speed,-1081.81425485967,2025-07-31 13:21:54.849747
X_Axis_Load,1,2025-07-31 13:21:54.849747
X_Position,379.846771658732,2025-07-31 13:21:54.849747
Y_Axis_Load,6,2025-07-31 13:21:54.849747
Y_Position,99.953787290362,2025-07-31 13:21:54.849747
Z_Axis_Load,41,2025-07-31 13:21:54.849747
Z_Position,-486.569299800835,2025-07-31 13:21:54.849747
COR_Status,1,2025-07-31 13:21:54.849747
Controller_Mode,AUTO,2025-07-31 13:21:54.849747
EStop_State,ARMED,2025-07-31 13:21:54.849747
Machine_Mode,5,2025-07-31 13:21:54.849747
Block_Number,58,2025-07-31 13:21:54.849747
Current_Tool,72,2025-07-31 13:21:54.849747
Part_Count,27,2025-07-31 13:21:54.849747
Program_Name_Running,000454_D_A_PROGRAM_3.NC,2025-07-31 13:21:54.849747
spindle motor v_rms,0.2,2025-07-31 13:21:54.849747
spindle motor a_peak,5300,2025-07-31 13:21:54.849747
spindle motor a_rms,1600,2025-07-31 13:21:54.849747
spindle motor temp,35.6,2025-07-31 13:21:54.849747
spindle motor crest,3.4,2025-07-31 13:21:54.849747
z-axis bearing v_rms,0.1,2025-07-31 13:21:54.849747
z-axis bearing a_peak,1700,2025-07-31 13:21:54.849747
z-axis bearing a_rms,300,2025-07-31 13:21:54.849747
z-axis bearing temp,24.6,2025-07-31 13:21:54.849747
z-axis bearing crest,5.1,2025-07-31 13:21:54.849747
z-axis motor v_rms,0.2,2025-07-31 13:21:54.849747
z-axis motor a_peak,7400,2025-07-31 13:21:54.849747
z-axis motor a_rms,1800,2025-07-31 13:21:54.849747
z-axis motor temp,29.8,2025-07-31 13:21:54.849747
z-axis motor crest,4.2,2025-07-31 13:21:54.849747
y-axis bearing v_rms,0.1,2025-07-31 13:21:54.849747
y-axis bearing a_peak,500,2025-07-31 13:21:54.849747
y-axis bearing a_rms,100,2025-07-31 13:21:54.849747
y-axis bearing temp,23.3,2025-07-31 13:21:54.849747
y-axis bearing crest,5.0,2025-07-31 13:21:54.849747
y-axis motor v_rms,0.1,2025-07-31 13:21:54.849747
y-axis motor a_peak,2200,2025-07-31 13:21:54.849747
y-axis motor a_rms,700,2025-07-31 13:21:54.849747
y-axis motor temp,25.7,2025-07-31 13:21:54.849747
y-axis motor crest,3.1,2025-07-31 13:21:54.849747
x-axis motor v_rms,0.1,2025-07-31 13:21:54.849747
x-axis motor a_peak,600,2025-07-31 13:21:54.849747
x-axis motor a_rms,100,2025-07-31 13:21:54.849747
x-axis motor temp,23.5,2025-07-31 13:21:54.849747
x-axis motor crest,5.7,2025-07-31 13:21:54.849747
voltage,133.16666666666666,2025-07-31 13:21:54.849747
current,7.400000000000001,2025-07-31 13:21:54.849747
active power,858.6666666666666,2025-07-31 13:21:54.849747
forward kWh,54.249,2025-07-31 13:21:54.849747
reverse kWh,1.8043333333333333,2025-07-31 13:21:54.849747
frequency,59.97,2025-07-31 13:21:54.849747
power factor,0.6466666666666666,2025-07-31 13:21:54.849747
featureId,UNAVAILABLE,2025-07-31 13:21:55.850082
partKindId,5E4A09CE-E1D5-4FCC-B912-38239DF9FDA0,2025-07-31 13:21:55.850082
processKindId,3C44659E-1CC5-4F24-88FD-04F834435743,2025-07-31 13:21:55.850082
A_Axis_Load,0,2025-07-31 13:21:55.850082
A_Position,-89.9995631963877,2025-07-31 13:21:55.850082
C_Axis_Load,11,2025-07-31 13:21:55.850082
C_Position,120.0005,2025-07-31 13:21:55.850082
Machine_Time,2758021.162,2025-07-31 13:21:55.850082
Spindle_Time,767248.463999999,2025-07-31 13:21:55.850082
Feed_Override,100,2025-07-31 13:21:55.850082
Feed_Rate,40.78333,2025-07-31 13:21:55.850082
Program_Runtime_Seconds,43,2025-07-31 13:21:55.850082
Rapid_Override,100,2025-07-31 13:21:55.850082
Rapid_Speed,0,2025-07-31 13:21:55.850082
S_Axis_Load,2,2025-07-31 13:21:55.850082
Spindle_Override,100,2025-07-31 13:21:55.850082
Spindle_Speed,0,2025-07-31 13:21:55.850082
X_Axis_Load,2,2025-07-31 13:21:55.850082
X_Position,379.846805990744,2025-07-31 13:21:55.850082
Y_Axis_Load,3,2025-07-31 13:21:55.850082
Y_Position,99.9539017288695,2025-07-31 13:21:55.850082
Z_Axis_Load,32,2025-07-31 13:21:55.850082
Z_Position,-467.198963165464,2025-07-31 13:21:55.850082
COR_Status,1,2025-07-31 13:21:55.850082
Controller_Mode,AUTO,2025-07-31 13:21:55.850082
EStop_State,ARMED,2025-07-31 13:21:55.850082
Machine_Mode,5,2025-07-31 13:21:55.850082
Block_Number,58,2025-07-31 13:21:55.850082
Current_Tool,72,2025-07-31 13:21:55.850082
Part_Count,27,2025-07-31 13:21:55.850082
Program_Name_Running,000454_D_A_PROGRAM_3.NC,2025-07-31 13:21:55.850082
spindle motor v_rms,0.2,2025-07-31 13:21:55.850082
spindle motor a_peak,4500,2025-07-31 13:21:55.850082
spindle motor a_rms,700,2025-07-31 13:21:55.850082
spindle motor temp,35.6,2025-07-31 13:21:55.850082
spindle motor crest,6.2,2025-07-31 13:21:55.850082
z-axis bearing v_rms,0.0,2025-07-31 13:21:55.850082
z-axis bearing a_peak,4600,2025-07-31 13:21:55.850082
z-axis bearing a_rms,500,2025-07-31 13:21:55.850082
z-axis bearing temp,24.6,2025-07-31 13:21:55.850082
z-axis bearing crest,9.4,2025-07-31 13:21:55.850082
z-axis motor v_rms,0.2,2025-07-31 13:21:55.850082
z-axis motor a_peak,14800,2025-07-31 13:21:55.850082
z-axis motor a_rms,2400,2025-07-31 13:21:55.850082
z-axis motor temp,29.8,2025-07-31 13:21:55.850082
z-axis motor crest,6.2,2025-07-31 13:21:55.850082
y-axis bearing v_rms,0.0,2025-07-31 13:21:55.850082
y-axis bearing a_peak,400,2025-07-31 13:21:55.850082
y-axis bearing a_rms,100,2025-07-31 13:21:55.850082
y-axis bearing temp,23.3,2025-07-31 13:21:55.850082
y-axis bearing crest,5.9,2025-07-31 13:21:55.850082
y-axis motor v_rms,0.1,2025-07-31 13:21:55.850082
y-axis motor a_peak,1400,2025-07-31 13:21:55.850082
y-axis motor a_rms,700,2025-07-31 13:21:55.850082
y-axis motor temp,25.7,2025-07-31 13:21:55.850082
y-axis motor crest,2.0,2025-07-31 13:21:55.850082
x-axis motor v_rms,0.1,2025-07-31 13:21:55.850082
x-axis motor a_peak,200,2025-07-31 13:21:55.850082
x-axis motor a_rms,0,2025-07-31 13:21:55.850082
x-axis motor temp,23.5,2025-07-31 13:21:55.850082
x-axis motor crest,5.0,2025-07-31 13:21:55.850082
voltage,133.3,2025-07-31 13:21:55.850082
current,7.93,2025-07-31 13:21:55.850082
active power,560.6666666666666,2025-07-31 13:21:55.850082
forward kWh,54.24966666666666,2025-07-31 13:21:55.850082
reverse kWh,1.8043333333333333,2025-07-31 13:21:55.850082
frequency,59.97,2025-07-31 13:21:55.850082
power factor,0.3433333333333333,2025-07-31 13:21:55.850082
featureId,UNAVAILABLE,2025-07-31 13:21:56.850381
partKindId,NONE,2025-07-31 13:21:56.850381
processKindId,NONE,2025-07-31 13:21:56.850381
A_Axis_Load,0,2025-07-31 13:21:56.850381
A_Position,-89.9995631963877,2025-07-31 13:21:56.850381
C_Axis_Load,11,2025-07-31 13:21:56.850381
C_Position,120.0005,2025-07-31 13:21:56.850381
Machine_Time,2758021.162,2025-07-31 13:21:56.850381
Spindle_Time,767248.463999999,2025-07-31 13:21:56.850381
Feed_Override,100,2025-07-31 13:21:56.850381
Feed_Rate,0,2025-07-31 13:21:56.850381
Program_Runtime_Seconds,44,2025-07-31 13:21:56.850381
Rapid_Override,100,2025-07-31 13:21:56.850381
Rapid_Speed,0,2025-07-31 13:21:56.850381
S_Axis_Load,0,2025-07-31 13:21:56.850381
Spindle_Override,100,2025-07-31 13:21:56.850381
Spindle_Speed,0,2025-07-31 13:21:56.850381
X_Axis_Load,2,2025-07-31 13:21:56.850381
X_Position,379.84679454674,2025-07-31 13:21:56.850381
Y_Axis_Load,3,2025-07-31 13:21:56.850381
Y_Position,99.9538902850187,2025-07-31 13:21:56.850381
Z_Axis_Load,38,2025-07-31 13:21:56.850381
Z_Position,-458.818994100677,2025-07-31 13:21:56.850381
COR_Status,1,2025-07-31 13:21:56.850381
Controller_Mode,AUTO,2025-07-31 13:21:56.850381
EStop_State,ARMED,2025-07-31 13:21:56.850381
Machine_Mode,5,2025-07-31 13:21:56.850381
Block_Number,65,2025-07-31 13:21:56.850381
Current_Tool,72,2025-07-31 13:21:56.850381
Part_Count,27,2025-07-31 13:21:56.850381
Program_Name_Running,000454_D_A_PROGRAM_3.NC,2025-07-31 13:21:56.850381
spindle motor v_rms,0.1,2025-07-31 13:21:56.850381
spindle motor a_peak,3700,2025-07-31 13:21:56.850381
spindle motor a_rms,300,2025-07-31 13:21:56.850381
spindle motor temp,35.6,2025-07-31 13:21:56.850381
spindle motor crest,10.8,2025-07-31 13:21:56.850381
z-axis bearing v_rms,0.0,2025-07-31 13:21:56.850381
z-axis bearing a_peak,24500,2025-07-31 13:21:56.850381
z-axis bearing a_rms,2600,2025-07-31 13:21:56.850381
z-axis bearing temp,24.6,2025-07-31 13:21:56.850381
z-axis bearing crest,9.6,2025-07-31 13:21:56.850381
z-axis motor v_rms,0.9,2025-07-31 13:21:56.850381
z-axis motor a_peak,65700,2025-07-31 13:21:56.850381
z-axis motor a_rms,9800,2025-07-31 13:21:56.850381
z-axis motor temp,29.8,2025-07-31 13:21:56.850381
z-axis motor crest,6.7,2025-07-31 13:21:56.850381
y-axis bearing v_rms,0.0,2025-07-31 13:21:56.850381
y-axis bearing a_peak,1900,2025-07-31 13:21:56.850381
y-axis bearing a_rms,300,2025-07-31 13:21:56.850381
y-axis bearing temp,23.3,2025-07-31 13:21:56.850381
y-axis bearing crest,7.4,2025-07-31 13:21:56.850381
y-axis motor v_rms,0.1,2025-07-31 13:21:56.850381
y-axis motor a_peak,4900,2025-07-31 13:21:56.850381
y-axis motor a_rms,900,2025-07-31 13:21:56.850381
y-axis motor temp,25.7,2025-07-31 13:21:56.850381
y-axis motor crest,5.6,2025-07-31 13:21:56.850381
x-axis motor v_rms,0.1,2025-07-31 13:21:56.850381
x-axis motor a_peak,800,2025-07-31 13:21:56.850381
x-axis motor a_rms,200,2025-07-31 13:21:56.850381
x-axis motor temp,23.5,2025-07-31 13:21:56.850381
x-axis motor crest,4.3,2025-07-31 13:21:56.850381
voltage,133.16666666666666,2025-07-31 13:21:56.850381
current,6.633333333333333,2025-07-31 13:21:56.850381
active power,794.3333333333334,2025-07-31 13:21:56.850381
forward kWh,54.24966666666666,2025-07-31 13:21:56.850381
reverse kWh,1.8043333333333333,2025-07-31 13:21:56.850381
frequency,59.97,2025-07-31 13:21:56.850381
power factor,0.8700000000000001,2025-07-31 13:21:56.850381
featureId,UNAVAILABLE,2025-07-31 13:21:57.850639
partKindId,NONE,2025-07-31 13:21:57.850639
processKindId,NONE,2025-07-31 13:21:57.850639
A_Axis_Load,0,2025-07-31 13:21:57.850639
A_Position,-89.9995631963877,2025-07-31 13:21:57.850639
C_Axis_Load,11,2025-07-31 13:21:57.850639
C_Position,120.0005,2025-07-31 13:21:57.850639
Machine_Time,2758021.162,2025-07-31 13:21:57.850639
Spindle_Time,767248.463999999,2025-07-31 13:21:57.850639
Feed_Override,100,2025-07-31 13:21:57.850639
Feed_Rate,441.1667,2025-07-31 13:21:57.850639
Program_Runtime_Seconds,45,2025-07-31 13:21:57.850639
Rapid_Override,100,2025-07-31 13:21:57.850639
Rapid_Speed,0,2025-07-31 13:21:57.850639
S_Axis_Load,0,2025-07-31 13:21:57.850639
Spindle_Override,100,2025-07-31 13:21:57.850639
Spindle_Speed,0,2025-07-31 13:21:57.850639
X_Axis_Load,2,2025-07-31 13:21:57.850639
X_Position,379.846805990744,2025-07-31 13:21:57.850639
Y_Axis_Load,3,2025-07-31 13:21:57.850639
Y_Position,99.9539131727202,2025-07-31 13:21:57.850639
Z_Axis_Load,36,2025-07-31 13:21:57.850639
Z_Position,-13.2790591976092,2025-07-31 13:21:57.850639
COR_Status,1,2025-07-31 13:21:57.850639
Controller_Mode,AUTO,2025-07-31 13:21:57.850639
EStop_State,ARMED,2025-07-31 13:21:57.850639
Machine_Mode,5,2025-07-31 13:21:57.850639
Block_Number,65,2025-07-31 13:21:57.850639
Current_Tool,72,2025-07-31 13:21:57.850639
Part_Count,27,2025-07-31 13:21:57.850639
Program_Name_Running,000454_D_A_PROGRAM_3.NC,2025-07-31 13:21:57.850639
spindle motor v_rms,0.1,2025-07-31 13:21:57.850639
spindle motor a_peak,9300,2025-07-31 13:21:57.850639
spindle motor a_rms,1700,2025-07-31 13:21:57.850639
spindle motor temp,35.6,2025-07-31 13:21:57.850639
spindle motor crest,5.4,2025-07-31 13:21:57.850639
z-axis bearing v_rms,0.1,2025-07-31 13:21:57.850639
z-axis bearing a_peak,35100,2025-07-31 13:21:57.850639
z-axis bearing a_rms,5500,2025-07-31 13:21:57.850639
z-axis bearing temp,24.6,2025-07-31 13:21:57.850639
z-axis bearing crest,6.4,2025-07-31 13:21:57.850639
z-axis motor v_rms,1.1,2025-07-31 13:21:57.850639
z-axis motor a_peak,46200,2025-07-31 13:21:57.850639
z-axis motor a_rms,10100,2025-07-31 13:21:57.850639
z-axis motor temp,29.8,2025-07-31 13:21:57.850639
z-axis motor crest,4.6,2025-07-31 13:21:57.850639
y-axis bearing v_rms,0.0,2025-07-31 13:21:57.850639
y-axis bearing a_peak,3700,2025-07-31 13:21:57.850639
y-axis bearing a_rms,400,2025-07-31 13:21:57.850639
y-axis bearing temp,23.3,2025-07-31 13:21:57.850639
y-axis bearing crest,8.7,2025-07-31 13:21:57.850639
y-axis motor v_rms,0.2,2025-07-31 13:21:57.850639
y-axis motor a_peak,38000,2025-07-31 13:21:57.850639
y-axis motor a_rms,5300,2025-07-31 13:21:57.850639
y-axis motor temp,25.7,2025-07-31 13:21:57.850639
y-axis motor crest,7.1,2025-07-31 13:21:57.850639
x-axis motor v_rms,1.0,2025-07-31 13:21:57.850639
x-axis motor a_peak,2200,2025-07-31 13:21:57.850639
x-axis motor a_rms,300,2025-07-31 13:21:57.850639
x-axis motor temp,23.5,2025-07-31 13:21:57.850639
x-axis motor crest,6.9,2025-07-31 13:21:57.850639
voltage,132.66666666666666,2025-07-31 13:21:57.850639
current,20.583333333333332,2025-07-31 13:21:57.850639
active power,2061.3333333333335,2025-07-31 13:21:57.850639
forward kWh,54.25033333333334,2025-07-31 13:21:57.850639
reverse kWh,1.8043333333333333,2025-07-31 13:21:57.850639
frequency,59.97,2025-07-31 13:21:57.850639
power factor,0.7533333333333333,2025-07-31 13:21:57.850639
featureId,UNAVAILABLE,2025-07-31 13:21:58.850916
partKindId,NONE,2025-07-31 13:21:58.850916
processKindId,NONE,2025-07-31 13:21:58.850916
A_Axis_Load,0,2025-07-31 13:21:58.850916
A_Position,-89.9995631963877,2025-07-31 13:21:58.850916
C_Axis_Load,11,2025-07-31 13:21:58.850916
C_Position,120.0005,2025-07-31 13:21:58.850916
Machine_Time,2758021.162,2025-07-31 13:21:58.850916
Spindle_Time,767248.463999999,2025-07-31 13:21:58.850916
Feed_Override,100,2025-07-31 13:21:58.850916
Feed_Rate,426.85,2025-07-31 13:21:58.850916
Program_Runtime_Seconds,46,2025-07-31 13:21:58.850916
Rapid_Override,100,2025-07-31 13:21:58.850916
Rapid_Speed,0,2025-07-31 13:21:58.850916
S_Axis_Load,0,2025-07-31 13:21:58.850916
Spindle_Override,100,2025-07-31 13:21:58.850916
Spindle_Speed,0,2025-07-31 13:21:58.850916
X_Axis_Load,2,2025-07-31 13:21:58.850916
X_Position,379.846805990744,2025-07-31 13:21:58.850916
Y_Axis_Load,1,2025-07-31 13:21:58.850916
Y_Position,494.157940281494,2025-07-31 13:21:58.850916
Z_Axis_Load,40,2025-07-31 13:21:58.850916
Z_Position,-4.30259193467025,2025-07-31 13:21:58.850916
COR_Status,1,2025-07-31 13:21:58.850916
Controller_Mode,AUTO,2025-07-31 13:21:58.850916
EStop_State,ARMED,2025-07-31 13:21:58.850916
Machine_Mode,5,2025-07-31 13:21:58.850916
Block_Number,66,2025-07-31 13:21:58.850916
Current_Tool,72,2025-07-31 13:21:58.850916
Part_Count,27,2025-07-31 13:21:58.850916
Program_Name_Running,000454_D_A_PROGRAM_3.NC,2025-07-31 13:21:58.850916
spindle motor v_rms,0.3,2025-07-31 13:21:58.850916
spindle motor a_peak,400,2025-07-31 13:21:58.850916
spindle motor a_rms,100,2025-07-31 13:21:58.850916
spindle motor temp,35.6,2025-07-31 13:21:58.850916
spindle motor crest,4.7,2025-07-31 13:21:58.850916
z-axis bearing v_rms,0.1,2025-07-31 13:21:58.850916
z-axis bearing a_peak,4500,2025-07-31 13:21:58.850916
z-axis bearing a_rms,700,2025-07-31 13:21:58.850916
z-axis bearing temp,24.6,2025-07-31 13:21:58.850916
z-axis bearing crest,6.1,2025-07-31 13:21:58.850916
z-axis motor v_rms,0.1,2025-07-31 13:21:58.850916
z-axis motor a_peak,1400,2025-07-31 13:21:58.850916
z-axis motor a_rms,500,2025-07-31 13:21:58.850916
z-axis motor temp,29.8,2025-07-31 13:21:58.850916
z-axis motor crest,3.0,2025-07-31 13:21:58.850916
y-axis bearing v_rms,0.1,2025-07-31 13:21:58.850916
y-axis bearing a_peak,13800,2025-07-31 13:21:58.850916
y-axis bearing a_rms,1100,2025-07-31 13:21:58.850916
y-axis bearing temp,23.3,2025-07-31 13:21:58.850916
y-axis bearing crest,12.5,2025-07-31 13:21:58.850916
y-axis motor v_rms,0.2,2025-07-31 13:21:58.850916
y-axis motor a_peak,28300,2025-07-31 13:21:58.850916
y-axis motor a_rms,1900,2025-07-31 13:21:58.850916
y-axis motor temp,25.7,2025-07-31 13:21:58.850916
y-axis motor crest,15.0,2025-07-31 13:21:58.850916
x-axis motor v_rms,0.6,2025-07-31 13:21:58.850916
x-axis motor a_peak,300,2025-07-31 13:21:58.850916
x-axis motor a_rms,100,2025-07-31 13:21:58.850916
x-axis motor temp,23.5,2025-07-31 13:21:58.850916
x-axis motor crest,4.9,2025-07-31 13:21:58.850916
voltage,133.13333333333333,2025-07-31 13:21:58.850916
current,11.56,2025-07-31 13:21:58.850916
active power,1006.6666666666666,2025-07-31 13:21:58.850916
forward kWh,54.25033333333334,2025-07-31 13:21:58.850916
reverse kWh,1.8043333333333333,2025-07-31 13:21:58.850916
frequency,59.97,2025-07-31 13:21:58.850916
power factor,0.65,2025-07-31 13:21:58.850916
featureId,UNAVAILABLE,2025-07-31 13:21:59.851120
partKindId,NONE,2025-07-31 13:21:59.851120
processKindId,NONE,2025-07-31 13:21:59.851120
A_Axis_Load,0,2025-07-31 13:21:59.851120
A_Position,-89.9995631963877,2025-07-31 13:21:59.851120
C_Axis_Load,11,2025-07-31 13:21:59.851120
C_Position,120.0005,2025-07-31 13:21:59.851120
Machine_Time,2758021.162,2025-07-31 13:21:59.851120
Spindle_Time,767248.463999999,2025-07-31 13:21:59.851120
Feed_Override,100,2025-07-31 13:21:59.851120
Feed_Rate,0,2025-07-31 13:21:59.851120
Program_Runtime_Seconds,46,2025-07-31 13:21:59.851120
Rapid_Override,100,2025-07-31 13:21:59.851120
Rapid_Speed,0,2025-07-31 13:21:59.851120
S_Axis_Load,0,2025-07-31 13:21:59.851120
Spindle_Override,100,2025-07-31 13:21:59.851120
Spindle_Speed,0,2025-07-31 13:21:59.851120
X_Axis_Load,2,2025-07-31 13:21:59.851120
X_Position,379.84679454674,2025-07-31 13:21:59.851120
Y_Axis_Load,6,2025-07-31 13:21:59.851120
Y_Position,496.953400028809,2025-07-31 13:21:59.851120
Z_Axis_Load,41,2025-07-31 13:21:59.851120
Z_Position,-4.30259193467025,2025-07-31 13:21:59.851120
COR_Status,1,2025-07-31 13:21:59.851120
Controller_Mode,AUTO,2025-07-31 13:21:59.851120
EStop_State,ARMED,2025-07-31 13:21:59.851120
Machine_Mode,4,2025-07-31 13:21:59.851120
Block_Number,66,2025-07-31 13:21:59.851120
Current_Tool,72,2025-07-31 13:21:59.851120
Part_Count,28,2025-07-31 13:21:59.851120
Program_Name_Running,000454_D_A_PROGRAM_3.NC,2025-07-31 13:21:59.851120
spindle motor v_rms,0.1,2025-07-31 13:21:59.851120
spindle motor a_peak,200,2025-07-31 13:21:59.851120
spindle motor a_rms,100,2025-07-31 13:21:59.851120
spindle motor temp,35.6,2025-07-31 13:21:59.851120
spindle motor crest,3.9,2025-07-31 13:21:59.851120
z-axis bearing v_rms,0.0,2025-07-31 13:21:59.851120
z-axis bearing a_peak,200,2025-07-31 13:21:59.851120
z-axis bearing a_rms,0,2025-07-31 13:21:59.851120
z-axis bearing temp,24.6,2025-07-31 13:21:59.851120
z-axis bearing crest,4.0,2025-07-31 13:21:59.851120
z-axis motor v_rms,0.0,2025-07-31 13:21:59.851120
z-axis motor a_peak,800,2025-07-31 13:21:59.851120
z-axis motor a_rms,500,2025-07-31 13:21:59.851120
z-axis motor temp,29.8,2025-07-31 13:21:59.851120
z-axis motor crest,1.8,2025-07-31 13:21:59.851120
y-axis bearing v_rms,0.0,2025-07-31 13:21:59.851120
y-axis bearing a_peak,200,2025-07-31 13:21:59.851120
y-axis bearing a_rms,0,2025-07-31 13:21:59.851120
y-axis bearing temp,23.3,2025-07-31 13:21:59.851120
y-axis bearing crest,4.0,2025-07-31 13:21:59.851120
y-axis motor v_rms,0.0,2025-07-31 13:21:59.851120
y-axis motor a_peak,400,2025-07-31 13:21:59.851120
y-axis motor a_rms,200,2025-07-31 13:21:59.851120
y-axis motor temp,25.7,2025-07-31 13:21:59.851120
y-axis motor crest,2.4,2025-07-31 13:21:59.851120
x-axis motor v_rms,0.0,2025-07-31 13:21:59.851120
x-axis motor a_peak,200,2025-07-31 13:21:59.851120
x-axis motor a_rms,0,2025-07-31 13:21:59.851120
x-axis motor temp,23.5,2025-07-31 13:21:59.851120
x-axis motor crest,3.7,2025-07-31 13:21:59.851120
voltage,133.13333333333333,2025-07-31 13:21:59.851120
current,11.56,2025-07-31 13:21:59.851120
active power,1006.6666666666666,2025-07-31 13:21:59.851120
forward kWh,54.25033333333334,2025-07-31 13:21:59.851120
reverse kWh,1.8043333333333333,2025-07-31 13:21:59.851120
frequency,59.97,2025-07-31 13:21:59.851120
power factor,0.65,2025-07-31 13:21:59.851120
