program,run,source_file,operation,segment_id,sample_index,Time,A_Axis_Load,A_Position,Block_Number,COR_Status,C_Axis_Load,C_Position,Controller_Mode,Current_Tool,EStop_State,Feed_Override,Feed_Rate,Machine_Mode,Machine_Time,Part_Count,Program_Name_Running,Program_Runtime_Seconds,Rapid_Override,Rapid_Speed,S_Axis_Load,Spindle_Override,Spindle_Speed,Spindle_Time,X_Axis_Load,X_Position,Y_Axis_Load,Y_Position,Z_Axis_Load,Z_Position,active power,current,featureId,forward kWh,frequency,partKindId,power factor,processKindId,reverse kWh,spindle motor a_peak,spindle motor a_rms,spindle motor crest,spindle motor temp,spindle motor v_rms,voltage,x-axis motor a_peak,x-axis motor a_rms,x-axis motor crest,x-axis motor temp,x-axis motor v_rms,y-axis bearing a_peak,y-axis bearing a_rms,y-axis bearing crest,y-axis bearing temp,y-axis bearing v_rms,y-axis motor a_peak,y-axis motor a_rms,y-axis motor crest,y-axis motor temp,y-axis motor v_rms,z-axis bearing a_peak,z-axis bearing a_rms,z-axis bearing crest,z-axis bearing temp,z-axis bearing v_rms,z-axis motor a_peak,z-axis motor a_rms,z-axis motor crest,z-axis motor temp,z-axis motor v_rms
body_p2,01,Al6061_body01_p2,DE045126-2C5E-4E72-8491-E202079EAC7C,5,110,2025-07-11 10:09:51.230961,16,-0.0003322253479433,277,1,45,30.0005,AUTO,21,ARMED,100,410.0667,5,2589769.7,1,000454_D_A_PROGRAM_2.NC,59,100,0,0,100,62.214848610535,690148.000000001,79,47.3211602872706,47,481.07454003623,35,-99.8670097108772,663.3333333333334,6.576666666666667,NONE,16.054,59.96,EDB34637-67D8-465A-AFBA-010AD86D34F6,0.98,DE045126-2C5E-4E72-8491-E202079EAC7C,0.3506666666666667,4500.0,1000.0,4.4,22.9,0.1,132.66666666666666,1900.0,500.0,4.3,21.5,0.3,5700.0,1000.0,5.5,21.1,0.1,30100.0,8300.0,3.6,23.8,0.3,2800.0,500.0,5.7,22.3,0.1,800.0,200.0,4.7,25.2,0.1
body_p2,01,Al6061_body01_p2,DE045126-2C5E-4E72-8491-E202079EAC7C,5,111,2025-07-11 10:09:52.231113,16,0.0001678978379825,278,1,45,30.0005,AUTO,21,ARMED,100,7.283333,5,2589769.7,1,000454_D_A_PROGRAM_2.NC,0,100,0,21,100,3861.63089879203,690148.000000001,7,418.073892998747,6,217.837871394923,34,-107.1120091315,2540.6666666666665,23.71666666666667,NONE,16.055333333333333,59.96,EDB34637-67D8-465A-AFBA-010AD86D34F6,1.0,DE045126-2C5E-4E72-8491-E202079EAC7C,0.3506666666666667,11600.0,2600.0,4.4,22.9,0.2,131.66666666666666,400.0,100.0,4.3,21.5,0.1,1400.0,300.0,4.7,21.1,0.1,3200.0,600.0,5.3,23.8,0.2,26800.0,4100.0,6.5,22.3,0.1,50800.0,11000.0,4.6,25.2,1.1
body_p2,01,Al6061_body01_p2,DE045126-2C5E-4E72-8491-E202079EAC7C,5,112,2025-07-11 10:09:53.231263,16,0.0001678978379825,279,1,45,30.0005,AUTO,21,ARMED,100,0.0,5,2589769.7,1,000454_D_A_PROGRAM_2.NC,1,100,0,14,100,6229.66774922559,690148.000000001,6,418.073801431166,5,217.837997272315,29,-335.42801975701,5706.333333333333,47.35,NONE,16.05666666666667,59.96,EDB34637-67D8-465A-AFBA-010AD86D34F6,0.87,DE045126-2C5E-4E72-8491-E202079EAC7C,0.3506666666666667,9700.0,2800.0,3.4,23.0,0.2,129.93333333333337,200.0,100.0,4.0,21.5,0.1,400.0,100.0,4.9,21.1,0.1,1900.0,600.0,3.0,23.8,0.2,1000.0,300.0,3.8,22.3,0.1,500.0,100.0,3.7,25.2,0.1
body_p2,01,Al6061_body01_p2,DE045126-2C5E-4E72-8491-E202079EAC7C,5,113,2025-07-11 10:09:54.231413,16,0.0001678978379825,279,1,45,30.0005,AUTO,21,ARMED,100,0.0,5,2589769.7,1,000454_D_A_PROGRAM_2.NC,2,100,0,10,100,7892.48134673301,690148.000000001,6,418.073801431166,5,217.838008715715,30,-335.42803119977,5794.666666666667,48.03,NONE,16.058000000000003,59.95000000000001,EDB34637-67D8-465A-AFBA-010AD86D34F6,0.9266666666666667,DE045126-2C5E-4E72-8491-E202079EAC7C,0.3506666666666667,11100.0,3100.0,3.6,23.0,0.2,129.86666666666667,300.0,100.0,3.3,21.5,0.1,400.0,100.0,3.5,21.1,0.1,1400.0,500.0,2.7,23.8,0.2,900.0,200.0,4.1,22.3,0.1,800.0,200.0,4.0,25.2,0.2
body_p2,01,Al6061_body01_p2,DE045126-2C5E-4E72-8491-E202079EAC7C,5,114,2025-07-11 10:09:55.231564,16,0.0001678978379825,279,1,45,30.0005,AUTO,21,ARMED,100,0.0,5,2589769.7,1,000454_D_A_PROGRAM_2.NC,3,100,0,7,100,10000.0,690148.000000001,6,418.073801431166,5,217.837997272315,30,-335.427962543213,5183.333333333333,42.98333333333333,NONE,16.05933333333333,59.95000000000001,EDB34637-67D8-465A-AFBA-010AD86D34F6,0.8833333333333333,DE045126-2C5E-4E72-8491-E202079EAC7C,0.3506666666666667,7700.0,2000.0,3.8,23.0,0.4,130.20000000000002,600.0,100.0,4.4,21.5,0.4,400.0,100.0,3.7,21.1,0.1,2600.0,700.0,4.0,23.8,0.3,3000.0,300.0,8.7,22.3,0.1,4500.0,800.0,5.4,25.2,0.8
body_p2,01,Al6061_body01_p2,DE045126-2C5E-4E72-8491-E202079EAC7C,5,115,2025-07-11 10:09:56.231711,16,0.0001678978379825,285,1,45,30.0005,AUTO,21,ARMED,100,25.33333,5,2589769.7,1,000454_D_A_PROGRAM_2.NC,4,100,0,0,100,10000.0,690148.000000001,3,422.297771823135,8,216.565043486843,31,-338.476039049475,4869.333333333333,40.48333333333333,NONE,16.061666666666667,59.95000000000001,EDB34637-67D8-465A-AFBA-010AD86D34F6,0.9233333333333332,DE045126-2C5E-4E72-8491-E202079EAC7C,0.3506666666666667,7800.0,1600.0,4.7,23.0,0.5,130.4,700.0,300.0,2.9,21.5,0.1,600.0,200.0,3.2,21.1,0.1,4800.0,1600.0,3.0,23.8,0.6,1500.0,400.0,4.0,22.3,0.2,2800.0,1600.0,1.8,25.2,1.5
body_p2,01,Al6061_body01_p2,DE045126-2C5E-4E72-8491-E202079EAC7C,5,116,2025-07-11 10:09:57.231860,16,0.0001678978379825,291,1,45,30.0005,AUTO,21,ARMED,100,195.6833,5,2589769.7,1,000454_D_A_PROGRAM_2.NC,5,100,0,0,100,10000.0,690148.000000001,49,397.446630355491,5,215.629086937302,40,-335.427818615207,2890.6666666666665,27.206666666666667,NONE,16.062,59.96,EDB34637-67D8-465A-AFBA-010AD86D34F6,0.3433333333333333,DE045126-2C5E-4E72-8491-E202079EAC7C,0.3506666666666667,3500.0,1000.0,3.5,23.0,0.5,131.43333333333334,1000.0,200.0,5.8,21.5,0.1,1500.0,300.0,5.5,21.1,0.1,3100.0,1100.0,2.8,23.8,0.4,1800.0,300.0,5.5,22.3,0.2,3700.0,1800.0,2.1,25.2,1.7
body_p2,01,Al6061_body01_p2,DE045126-2C5E-4E72-8491-E202079EAC7C,5,117,2025-07-11 10:09:58.232016,16,0.0001678978379825,297,1,45,30.0005,AUTO,21,ARMED,100,25.33333,5,2589769.7,1,000454_D_A_PROGRAM_2.NC,6,100,0,0,100,10000.0,690148.000000001,9,343.196458451319,4,210.723651576804,31,-338.475913179121,1236.6666666666667,10.996666666666664,NONE,16.062,59.95000000000001,EDB34637-67D8-465A-AFBA-010AD86D34F6,0.8133333333333334,DE045126-2C5E-4E72-8491-E202079EAC7C,0.3506666666666667,3700.0,1000.0,3.6,23.0,0.4,132.36666666666665,800.0,300.0,2.8,21.5,0.1,600.0,200.0,3.5,21.1,0.1,3200.0,1200.0,2.7,23.8,0.4,1200.0,300.0,4.0,22.3,0.2,2600.0,1600.0,1.6,25.2,1.5
body_p2,01,Al6061_body01_p2,DE045126-2C5E-4E72-8491-E202079EAC7C,5,118,2025-07-11 10:09:59.232167,16,0.0001678978379825,302,1,45,30.0005,AUTO,21,ARMED,100,25.15,5,2589769.7,1,000454_D_A_PROGRAM_2.NC,7,100,0,0,100,10000.0,690148.000000001,5,339.440583819251,6,214.911782752009,40,-335.653866905629,1020.6666666666666,8.72,NONE,16.062666666666665,59.95000000000001,EDB34637-67D8-465A-AFBA-010AD86D34F6,0.8766666666666666,DE045126-2C5E-4E72-8491-E202079EAC7C,0.3506666666666667,3400.0,1000.0,3.5,23.0,0.5,132.4,600.0,100.0,5.3,21.5,0.6,2600.0,300.0,7.5,21.1,0.1,21800.0,3500.0,6.2,23.8,0.4,2100.0,400.0,5.9,22.3,0.2,6600.0,1900.0,3.5,25.2,1.6
body_p2,01,Al6061_body01_p2,DE045126-2C5E-4E72-8491-E202079EAC7C,5,119,2025-07-11 10:10:00.232273,16,0.0001678978379825,310,1,45,30.0005,AUTO,21,ARMED,100,25.35,5,2589769.7,1,000454_D_A_PROGRAM_2.NC,8,100,0,0,100,10000.0,690148.000000001,2,361.412575566224,8,248.25920961081,32,-338.476039049475,1130.0,9.943333333333332,NONE,16.063,59.95000000000001,EDB34637-67D8-465A-AFBA-010AD86D34F6,0.8766666666666666,DE045126-2C5E-4E72-8491-E202079EAC7C,0.3506666666666667,3700.0,1000.0,3.7,23.0,0.4,132.36666666666665,1000.0,400.0,2.7,21.5,0.2,600.0,200.0,3.3,21.1,0.1,3900.0,1200.0,3.3,23.8,0.4,1200.0,300.0,4.0,22.3,0.2,2800.0,1700.0,1.7,25.2,1.6
body_p2,01,Al6061_body01_p2,DE045126-2C5E-4E72-8491-E202079EAC7C,5,120,2025-07-11 10:10:01.232425,16,0.0001678978379825,313,1,45,30.0005,AUTO,21,ARMED,100,14.45,5,2589769.7,1,000454_D_A_PROGRAM_2.NC,9,100,0,1,100,10000.0,690148.000000001,4,358.411454197326,9,253.955747768287,32,-337.745105392753,1026.3333333333333,8.753333333333332,NONE,16.063,59.95000000000001,EDB34637-67D8-465A-AFBA-010AD86D34F6,0.8866666666666667,DE045126-2C5E-4E72-8491-E202079EAC7C,0.3506666666666667,3700.0,1000.0,3.7,23.0,0.4,132.46666666666667,500.0,100.0,4.8,21.5,0.4,500.0,100.0,3.6,21.1,0.1,9300.0,1300.0,7.1,23.8,0.4,1800.0,300.0,5.6,22.3,0.2,6500.0,1800.0,3.5,25.2,1.6
body_p2,01,Al6061_body01_p2,DE045126-2C5E-4E72-8491-E202079EAC7C,5,121,2025-07-11 10:10:02.232576,16,0.0001678978379825,321,1,45,30.0005,AUTO,21,ARMED,100,25.2,5,2589769.7,1,000454_D_A_PROGRAM_2.NC,10,100,0,0,100,10000.0,690148.000000001,5,338.175159795604,17,290.644972647297,30,-338.476107706032,1134.0,8.92,NONE,16.063,59.95000000000001,EDB34637-67D8-465A-AFBA-010AD86D34F6,0.9566666666666668,DE045126-2C5E-4E72-8491-E202079EAC7C,0.3506666666666667,3800.0,1000.0,3.8,23.0,0.4,132.36666666666665,1000.0,200.0,4.5,21.5,0.1,600.0,200.0,3.3,21.1,0.1,4200.0,1100.0,3.7,23.8,0.4,1100.0,300.0,3.9,22.3,0.2,2800.0,1700.0,1.7,25.2,1.6
body_p2,01,Al6061_body01_p2,DE045126-2C5E-4E72-8491-E202079EAC7C,5,122,2025-07-11 10:10:03.232816,16,0.0001678978379825,324,1,45,30.0005,AUTO,21,ARMED,100,25.33333,5,2589769.7,1,000454_D_A_PROGRAM_2.NC,11,100,0,0,100,10000.0,690148.000000001,9,342.533428586231,4,294.415108251457,31,-338.475901736361,1019.6666666666666,8.656666666666666,NONE,16.063,59.95000000000001,EDB34637-67D8-465A-AFBA-010AD86D34F6,0.8866666666666667,DE045126-2C5E-4E72-8491-E202079EAC7C,0.3506666666666667,4100.0,1000.0,4.1,23.0,0.4,132.4,500.0,100.0,5.0,21.5,0.4,600.0,200.0,3.7,21.1,0.1,3800.0,1100.0,3.5,23.8,0.4,1700.0,300.0,6.0,22.3,0.2,5500.0,1800.0,3.0,25.2,1.6
body_p2,01,Al6061_body01_p2,DE045126-2C5E-4E72-8491-E202079EAC7C,5,123,2025-07-11 10:10:04.232966,16,0.0001678978379825,331,1,45,30.0005,AUTO,21,ARMED,100,13.1,5,2589769.7,1,000454_D_A_PROGRAM_2.NC,12,100,0,0,100,10000.0,690148.000000001,7,418.075854935768,6,293.837494417003,30,-338.035252510531,1026.6666666666667,8.773333333333333,NONE,16.064000000000004,59.95000000000001,EDB34637-67D8-465A-AFBA-010AD86D34F6,0.9333333333333332,DE045126-2C5E-4E72-8491-E202079EAC7C,0.3506666666666667,3400.0,1000.0,3.5,23.0,0.4,132.4,500.0,100.0,4.2,21.5,0.4,600.0,100.0,4.1,21.1,0.1,3700.0,1100.0,3.4,23.8,0.4,1900.0,300.0,6.4,22.3,0.2,5000.0,1700.0,3.0,25.2,1.6
body_p2,01,Al6061_body01_p2,DE045126-2C5E-4E72-8491-E202079EAC7C,5,124,2025-07-11 10:10:05.233117,16,0.0001678978379825,337,1,45,30.0005,AUTO,21,ARMED,100,25.33333,5,2589769.7,1,000454_D_A_PROGRAM_2.NC,13,100,0,1,100,10000.0,690148.000000001,11,420.961095113018,7,294.267934512084,30,-338.475993278437,1026.3333333333333,8.763333333333334,NONE,16.064000000000004,59.95000000000001,EDB34637-67D8-465A-AFBA-010AD86D34F6,0.8866666666666667,DE045126-2C5E-4E72-8491-E202079EAC7C,0.3506666666666667,3500.0,1000.0,3.5,23.0,0.4,132.43333333333334,700.0,200.0,3.4,21.5,0.2,600.0,200.0,3.1,21.1,0.1,3800.0,1100.0,3.3,23.8,0.4,1300.0,300.0,3.9,22.3,0.1,2900.0,1700.0,1.7,25.2,1.6
body_p2,02,Al6061_body02_p2,DE045126-2C5E-4E72-8491-E202079EAC7C,6,210,2025-07-11 10:19:32.994172,16,-0.0003322253479433,275,1,45,30.0005,AUTO,21,ARMED,100,0.0,5,2590490.28,2,000454_D_A_PROGRAM_2.NC,9,100,0,0,100,0.0,690508.343999999,4,32.4255969705485,5,491.650001896484,37,-99.8669982674121,675.3333333333334,5.796666666666667,NONE,16.183,59.97,EDB34637-67D8-465A-AFBA-010AD86D34F6,0.8266666666666667,DE045126-2C5E-4E72-8491-E202079EAC7C,0.3563333333333333,2900.0,300.0,10.2,24.0,0.1,132.56666666666666,200.0,0.0,4.4,21.4,0.0,200.0,100.0,4.1,21.3,0.0,700.0,300.0,2.1,24.0,0.0,1400.0,200.0,8.8,22.4,0.1,400.0,100.0,4.3,25.2,0.2
body_p2,02,Al6061_body02_p2,DE045126-2C5E-4E72-8491-E202079EAC7C,6,211,2025-07-11 10:19:33.994325,16,0.0001678978379825,277,1,45,30.0005,AUTO,21,ARMED,100,633.3333,5,2590490.28,2,000454_D_A_PROGRAM_2.NC,10,100,0,26,100,1434.05226047282,690508.343999999,24,217.564254756334,17,360.201390763349,37,-99.8669982674121,682.6666666666666,6.446666666666666,NONE,16.183,59.97,EDB34637-67D8-465A-AFBA-010AD86D34F6,0.6466666666666666,DE045126-2C5E-4E72-8491-E202079EAC7C,0.3563333333333333,5000.0,1400.0,3.6,24.0,0.1,132.6,1700.0,400.0,4.1,21.4,0.2,5800.0,1300.0,4.5,21.3,0.1,30600.0,8700.0,3.5,24.0,0.4,3000.0,800.0,3.8,22.4,0.1,1000.0,200.0,5.2,25.3,0.1
body_p2,02,Al6061_body02_p2,DE045126-2C5E-4E72-8491-E202079EAC7C,6,212,2025-07-11 10:19:34.994476,16,0.0001678978379825,278,1,45,30.0005,AUTO,21,ARMED,100,533.3333,5,2590490.28,2,000454_D_A_PROGRAM_2.NC,11,100,0,19,100,4548.68533036688,690508.343999999,6,418.073812877113,6,217.837974385517,9,-281.290215156594,1856.0,19.44333333333333,NONE,16.183333333333334,59.97,EDB34637-67D8-465A-AFBA-010AD86D34F6,1.0,DE045126-2C5E-4E72-8491-E202079EAC7C,0.3563333333333333,11400.0,2600.0,4.4,24.0,0.3,132.03333333333333,500.0,100.0,5.6,21.4,0.1,1600.0,300.0,4.8,21.3,0.1,3700.0,700.0,5.0,24.0,0.2,25800.0,6100.0,4.2,22.4,0.2,53500.0,14400.0,3.7,25.3,1.3
body_p2,02,Al6061_body02_p2,DE045126-2C5E-4E72-8491-E202079EAC7C,6,213,2025-07-11 10:19:35.994627,16,0.0001678978379825,279,1,45,30.0005,AUTO,21,ARMED,100,0.0,5,2590490.28,2,000454_D_A_PROGRAM_2.NC,12,100,0,12,100,6857.26370119297,690508.343999999,6,418.073812877113,5,217.838008715715,29,-335.427996871491,5856.666666666667,48.6,NONE,16.18466666666667,59.97,EDB34637-67D8-465A-AFBA-010AD86D34F6,0.8933333333333334,DE045126-2C5E-4E72-8491-E202079EAC7C,0.3563333333333333,9200.0,2800.0,3.3,24.1,0.2,129.9,300.0,100.0,3.8,21.4,0.1,300.0,100.0,3.7,21.3,0.1,1800.0,500.0,3.5,24.0,0.2,1100.0,300.0,4.1,22.4,0.1,500.0,100.0,3.7,25.3,0.1
body_p2,02,Al6061_body02_p2,DE045126-2C5E-4E72-8491-E202079EAC7C,6,214,2025-07-11 10:19:36.994789,16,0.0001678978379825,279,1,45,30.0005,AUTO,21,ARMED,100,0.0,5,2590490.28,2,000454_D_A_PROGRAM_2.NC,13,100,0,8,100,8285.26811599733,690508.343999999,6,418.073789985218,5,217.837997272315,30,-335.427996871491,5804.333333333333,48.05,NONE,16.186666666666667,59.97,EDB34637-67D8-465A-AFBA-010AD86D34F6,0.9233333333333332,DE045126-2C5E-4E72-8491-E202079EAC7C,0.3563333333333333,8800.0,2300.0,3.8,24.1,0.2,129.86666666666667,300.0,100.0,3.6,21.4,0.1,400.0,100.0,3.8,21.3,0.1,1800.0,500.0,3.5,24.0,0.2,900.0,300.0,3.6,22.4,0.1,1100.0,400.0,2.9,25.3,0.4
body_p2,02,Al6061_body02_p2,DE045126-2C5E-4E72-8491-E202079EAC7C,6,215,2025-07-11 10:19:37.994940,16,0.0001678978379825,280,1,45,30.0005,AUTO,21,ARMED,100,19.7,5,2590490.28,2,000454_D_A_PROGRAM_2.NC,14,100,0,6,100,10000.0,690508.343999999,9,415.810937505017,7,218.258118790602,28,-338.47615347707,5687.666666666667,47.75,NONE,16.188333333333333,59.97,EDB34637-67D8-465A-AFBA-010AD86D34F6,0.8933333333333334,DE045126-2C5E-4E72-8491-E202079EAC7C,0.3563333333333333,7300.0,2100.0,3.5,24.1,0.5,129.86666666666667,600.0,100.0,4.7,21.4,0.4,500.0,100.0,3.9,21.3,0.1,4100.0,1100.0,3.6,24.0,0.4,1800.0,400.0,4.8,22.4,0.2,3300.0,1000.0,3.4,25.3,0.9
body_p2,02,Al6061_body02_p2,DE045126-2C5E-4E72-8491-E202079EAC7C,6,216,2025-07-11 10:19:38.995092,16,0.0001678978379825,285,1,45,30.0005,AUTO,21,ARMED,100,25.33333,5,2590490.28,2,000454_D_A_PROGRAM_2.NC,15,100,0,0,100,10000.0,690508.343999999,12,416.2384767247,4,218.529510448262,31,-338.47593606464,4912.666666666667,40.85333333333333,NONE,16.189333333333334,59.97,EDB34637-67D8-465A-AFBA-010AD86D34F6,0.8833333333333333,DE045126-2C5E-4E72-8491-E202079EAC7C,0.3563333333333333,4300.0,1000.0,4.1,24.1,0.4,130.29999999999998,700.0,100.0,4.9,21.4,0.4,600.0,200.0,3.4,21.3,0.1,3800.0,1200.0,3.2,24.0,0.4,2100.0,400.0,6.0,22.4,0.2,5300.0,1700.0,3.2,25.3,1.5
body_p2,02,Al6061_body02_p2,DE045126-2C5E-4E72-8491-E202079EAC7C,6,217,2025-07-11 10:19:39.995383,16,0.0001678978379825,292,1,45,30.0005,AUTO,21,ARMED,100,10.56667,5,2590490.28,2,000454_D_A_PROGRAM_2.NC,16,100,0,0,100,10000.0,690508.343999999,5,342.074427736707,6,217.838088581192,31,-336.810877243352,1639.3333333333333,16.793333333333337,NONE,16.189999999999998,59.97,EDB34637-67D8-465A-AFBA-010AD86D34F6,0.4766666666666667,DE045126-2C5E-4E72-8491-E202079EAC7C,0.3563333333333333,5100.0,1000.0,5.1,24.1,0.4,132.16666666666666,1000.0,200.0,6.6,21.4,0.4,500.0,100.0,4.0,21.3,0.1,3400.0,1100.0,3.1,24.0,0.4,3000.0,400.0,8.1,22.4,0.2,5900.0,1700.0,3.6,25.3,1.5
body_p2,02,Al6061_body02_p2,DE045126-2C5E-4E72-8491-E202079EAC7C,6,218,2025-07-11 10:19:40.995598,16,0.0001678978379825,298,1,45,30.0005,AUTO,21,ARMED,100,25.33333,5,2590490.28,2,000454_D_A_PROGRAM_2.NC,17,100,0,0,100,10000.0,690508.343999999,11,344.908997444801,7,218.307932131883,31,-338.476016163956,1161.0,10.26,NONE,16.19033333333333,59.97,EDB34637-67D8-465A-AFBA-010AD86D34F6,0.7400000000000001,DE045126-2C5E-4E72-8491-E202079EAC7C,0.3563333333333333,4200.0,1000.0,4.1,24.1,0.4,132.4,900.0,300.0,3.4,21.4,0.2,600.0,200.0,3.0,21.3,0.1,3600.0,1200.0,3.1,24.0,0.4,1300.0,400.0,3.5,22.4,0.2,2700.0,1600.0,1.7,25.3,1.5
body_p2,02,Al6061_body02_p2,DE045126-2C5E-4E72-8491-E202079EAC7C,6,219,2025-07-11 10:19:41.995749,16,0.0001678978379825,305,1,45,30.0005,AUTO,21,ARMED,100,124.55,5,2590490.28,2,000454_D_A_PROGRAM_2.NC,18,100,0,0,100,10000.0,690508.343999999,47,358.557685679655,61,250.457593618237,37,-335.427864387869,1025.6666666666667,8.746666666666666,NONE,16.191,59.97,EDB34637-67D8-465A-AFBA-010AD86D34F6,0.88,DE045126-2C5E-4E72-8491-E202079EAC7C,0.3563333333333333,3400.0,1000.0,3.5,24.1,0.4,132.46666666666667,600.0,100.0,4.7,21.4,0.7,2600.0,300.0,8.2,21.3,0.1,18300.0,2200.0,8.2,24.0,0.4,1700.0,300.0,4.8,22.4,0.2,4200.0,1700.0,2.5,25.3,1.6
body_p2,02,Al6061_body02_p2,DE045126-2C5E-4E72-8491-E202079EAC7C,6,220,2025-07-11 10:19:42.995902,16,0.0001678978379825,311,1,45,30.0005,AUTO,21,ARMED,100,25.35,5,2590490.28,2,000454_D_A_PROGRAM_2.NC,19,100,0,0,100,10000.0,690508.343999999,8,365.678476806422,9,249.46383248708,32,-338.475901736361,1167.6666666666667,10.303333333333333,NONE,16.191,59.98,EDB34637-67D8-465A-AFBA-010AD86D34F6,0.7599999999999999,DE045126-2C5E-4E72-8491-E202079EAC7C,0.3563333333333333,4000.0,1000.0,3.9,24.1,0.4,132.26666666666665,900.0,400.0,2.4,21.4,0.2,700.0,200.0,3.1,21.3,0.1,3500.0,1200.0,3.0,24.0,0.4,1400.0,400.0,3.6,22.4,0.2,2800.0,1500.0,1.8,25.3,1.5
body_p2,02,Al6061_body02_p2,DE045126-2C5E-4E72-8491-E202079EAC7C,6,221,2025-07-11 10:19:43.996055,16,0.0001678978379825,315,1,45,30.0005,AUTO,21,ARMED,100,21.93333,5,2590490.28,2,000454_D_A_PROGRAM_2.NC,20,100,0,1,100,10000.0,690508.343999999,5,359.108286617483,6,253.133288339998,42,-335.625728161772,1024.6666666666667,8.723333333333333,NONE,16.191333333333336,59.98,EDB34637-67D8-465A-AFBA-010AD86D34F6,0.88,DE045126-2C5E-4E72-8491-E202079EAC7C,0.3563333333333333,3700.0,1000.0,3.8,24.1,0.4,132.4,600.0,100.0,4.4,21.4,0.7,2500.0,300.0,7.6,21.3,0.1,22800.0,3500.0,6.5,24.0,0.4,2900.0,400.0,7.7,22.4,0.2,7100.0,1800.0,3.9,25.3,1.6
body_p2,02,Al6061_body02_p2,DE045126-2C5E-4E72-8491-E202079EAC7C,6,222,2025-07-11 10:19:44.996205,16,0.0001678978379825,323,1,45,30.0005,AUTO,21,ARMED,100,25.33333,5,2590490.28,2,000454_D_A_PROGRAM_2.NC,21,100,0,1,100,10000.0,690508.343999999,2,343.219449514972,9,286.727496553777,31,-338.476039049475,1110.6666666666667,9.366666666666667,NONE,16.191666666666666,59.98,EDB34637-67D8-465A-AFBA-010AD86D34F6,0.93,DE045126-2C5E-4E72-8491-E202079EAC7C,0.3563333333333333,3500.0,1000.0,3.6,24.1,0.4,132.36666666666667,800.0,300.0,2.7,21.3,0.1,600.0,200.0,3.3,21.3,0.1,3400.0,1100.0,3.0,24.0,0.4,1300.0,300.0,4.2,22.4,0.2,2800.0,1600.0,1.7,25.3,1.5
body_p2,02,Al6061_body02_p2,DE045126-2C5E-4E72-8491-E202079EAC7C,6,223,2025-07-11 10:19:45.996356,16,0.0001678978379825,328,1,45,30.0005,AUTO,21,ARMED,100,0.25,5,2590490.28,2,000454_D_A_PROGRAM_2.NC,22,100,0,0,100,10000.0,690508.343999999,5,339.44054948715,6,290.911187919532,40,-335.653695258147,1018.3333333333334,8.716666666666667,NONE,16.191666666666666,59.98,EDB34637-67D8-465A-AFBA-010AD86D34F6,0.8766666666666666,DE045126-2C5E-4E72-8491-E202079EAC7C,0.3563333333333333,3600.0,1000.0,3.8,24.1,0.4,132.43333333333334,1200.0,200.0,5.7,21.3,0.1,1300.0,200.0,6.5,21.3,0.1,3000.0,1000.0,2.9,24.0,0.4,2600.0,300.0,8.1,22.4,0.2,6200.0,1800.0,3.4,25.3,1.5
body_p2,02,Al6061_body02_p2,DE045126-2C5E-4E72-8491-E202079EAC7C,6,224,2025-07-11 10:19:46.996635,16,0.0001678978379825,336,1,45,30.0005,AUTO,21,ARMED,100,25.33333,5,2590490.28,2,000454_D_A_PROGRAM_2.NC,23,100,0,1,100,10000.0,690508.343999999,3,414.748890995419,9,288.753141315604,31,-338.476073377754,1053.6666666666667,9.036666666666669,NONE,16.192,59.98,EDB34637-67D8-465A-AFBA-010AD86D34F6,0.9933333333333332,DE045126-2C5E-4E72-8491-E202079EAC7C,0.3563333333333333,3400.0,1000.0,3.6,24.1,0.5,132.43333333333334,700.0,200.0,4.1,21.3,0.2,600.0,200.0,3.5,21.3,0.1,3500.0,1100.0,3.1,24.0,0.4,1000.0,300.0,3.7,22.4,0.2,2700.0,1600.0,1.7,25.3,1.5
body_p2,02,Al6061_body02_p2,DE045126-2C5E-4E72-8491-E202079EAC7C,6,225,2025-07-11 10:19:47.996740,16,0.0001678978379825,337,1,45,30.0005,AUTO,21,ARMED,100,25.33333,5,2590490.28,2,000454_D_A_PROGRAM_2.NC,24,100,0,0,100,10000.0,690508.343999999,5,414.730981196427,12,290.95150588033,31,-338.44860831867,1019.0,8.703333333333333,NONE,16.192333333333334,59.98,EDB34637-67D8-465A-AFBA-010AD86D34F6,0.88,DE045126-2C5E-4E72-8491-E202079EAC7C,0.3563333333333333,4200.0,1000.0,4.3,24.1,0.4,132.43333333333334,400.0,100.0,3.9,21.3,0.4,600.0,200.0,4.0,21.3,0.1,3900.0,1000.0,3.8,24.0,0.4,2400.0,300.0,7.7,22.4,0.2,6000.0,1800.0,3.4,25.3,1.5
body_p2,03,Al6061_body03_p2,DE045126-2C5E-4E72-8491-E202079EAC7C,6,218,2025-07-11 10:25:38.075375,16,-0.0003322253479433,277,1,45,30.0005,AUTO,21,ARMED,100,0.0,5,2590850.753,3,000454_D_A_PROGRAM_2.NC,10,100,0,0,100,0.0,690508.343999999,5,34.846508832956,5,489.933256199951,35,-99.8669982674121,539.6666666666666,4.966666666666666,NONE,16.287,59.97,EDB34637-67D8-465A-AFBA-010AD86D34F6,0.7399999999999999,DE045126-2C5E-4E72-8491-E202079EAC7C,0.3626666666666667,3000.0,500.0,6.7,24.9,0.1,132.4,2200.0,400.0,4.9,21.1,0.4,4500.0,700.0,6.9,21.4,0.1,31000.0,6400.0,4.9,24.3,0.2,2200.0,200.0,9.9,22.5,0.0,500.0,100.0,4.3,25.5,0.1
body_p2,03,Al6061_body03_p2,DE045126-2C5E-4E72-8491-E202079EAC7C,6,219,2025-07-11 10:25:39.075527,16,0.0001678978379825,277,1,45,30.0005,AUTO,21,ARMED,100,334.8333,5,2590850.753,3,000454_D_A_PROGRAM_2.NC,12,100,0,31,100,2963.55860629562,690508.343999999,7,417.636657799201,7,218.150287639053,35,-99.8670097108772,460.3333333333333,4.343333333333333,NONE,16.287333333333333,59.97,EDB34637-67D8-465A-AFBA-010AD86D34F6,0.6533333333333333,DE045126-2C5E-4E72-8491-E202079EAC7C,0.3626666666666667,9100.0,2400.0,3.7,25.0,0.2,132.43333333333334,500.0,100.0,5.0,21.1,0.2,2800.0,400.0,7.1,21.4,0.1,13400.0,1200.0,11.4,24.3,0.1,16200.0,1800.0,9.1,22.5,0.1,44900.0,5800.0,7.7,25.5,0.6
body_p2,03,Al6061_body03_p2,DE045126-2C5E-4E72-8491-E202079EAC7C,6,220,2025-07-11 10:25:40.075831,16,0.0001678978379825,279,1,45,30.0005,AUTO,21,ARMED,100,0.0,5,2590850.753,3,000454_D_A_PROGRAM_2.NC,12,100,0,14,100,5980.03715174879,690508.343999999,6,418.073789985218,4,217.837997272315,29,-335.428065528048,6021.666666666667,42.71666666666667,NONE,16.289,59.97,EDB34637-67D8-465A-AFBA-010AD86D34F6,1.0,DE045126-2C5E-4E72-8491-E202079EAC7C,0.3626666666666667,9200.0,2700.0,3.4,25.0,0.2,129.79999999999998,200.0,100.0,3.7,21.1,0.1,400.0,100.0,4.6,21.4,0.1,1500.0,400.0,3.6,24.3,0.2,1200.0,300.0,4.3,22.5,0.1,500.0,100.0,3.9,25.5,0.1
body_p2,03,Al6061_body03_p2,DE045126-2C5E-4E72-8491-E202079EAC7C,6,221,2025-07-11 10:25:41.075981,16,0.0001678978379825,279,1,45,30.0005,AUTO,21,ARMED,100,0.0,5,2590850.753,3,000454_D_A_PROGRAM_2.NC,14,100,0,10,100,7788.10685748807,690508.343999999,5,418.073789985218,4,217.837997272315,30,-335.427985428732,5842.333333333333,48.580000000000005,NONE,16.29,59.97,EDB34637-67D8-465A-AFBA-010AD86D34F6,0.9233333333333332,DE045126-2C5E-4E72-8491-E202079EAC7C,0.3626666666666667,11500.0,3500.0,3.3,25.0,0.2,129.43333333333337,300.0,100.0,2.9,21.1,0.1,500.0,100.0,3.8,21.4,0.1,1900.0,600.0,3.0,24.3,0.2,1200.0,300.0,4.4,22.5,0.1,600.0,100.0,4.3,25.5,0.1
body_p2,03,Al6061_body03_p2,DE045126-2C5E-4E72-8491-E202079EAC7C,6,222,2025-07-11 10:25:42.076261,16,0.0001678978379825,279,1,45,30.0005,AUTO,21,ARMED,100,0.0,5,2590850.753,3,000454_D_A_PROGRAM_2.NC,14,100,0,7,100,9010.26512583687,690508.343999999,6,418.073801431166,4,217.838008715715,30,-335.42801975701,5791.666666666667,48.153333333333336,NONE,16.291999999999998,59.97,EDB34637-67D8-465A-AFBA-010AD86D34F6,0.93,DE045126-2C5E-4E72-8491-E202079EAC7C,0.3626666666666667,6800.0,1900.0,3.5,25.0,0.2,129.5,400.0,100.0,3.3,21.1,0.2,300.0,100.0,3.9,21.4,0.1,1500.0,500.0,3.2,24.3,0.2,2800.0,300.0,9.2,22.5,0.1,6600.0,700.0,9.7,25.5,0.6
body_p2,03,Al6061_body03_p2,DE045126-2C5E-4E72-8491-E202079EAC7C,6,223,2025-07-11 10:25:43.076412,16,0.0001678978379825,285,1,45,30.0005,AUTO,21,ARMED,100,25.33333,5,2590850.753,3,000454_D_A_PROGRAM_2.NC,15,100,0,5,100,10000.0,690508.343999999,11,419.608039143664,3,210.825818346266,30,-338.475913179121,4895.333333333333,40.72,NONE,16.293333333333333,59.97,EDB34637-67D8-465A-AFBA-010AD86D34F6,0.9233333333333332,DE045126-2C5E-4E72-8491-E202079EAC7C,0.3626666666666667,7300.0,2000.0,3.7,25.0,0.5,130.03333333333333,700.0,200.0,3.0,21.1,0.1,600.0,200.0,3.6,21.4,0.1,4700.0,1800.0,2.6,24.3,0.7,1500.0,400.0,3.6,22.5,0.2,2900.0,1600.0,1.8,25.5,1.6
body_p2,03,Al6061_body03_p2,DE045126-2C5E-4E72-8491-E202079EAC7C,6,224,2025-07-11 10:25:44.076758,16,0.0001678978379825,289,1,45,30.0005,AUTO,21,ARMED,100,9.983333,5,2590850.753,3,000454_D_A_PROGRAM_2.NC,16,100,0,0,100,10000.0,690508.343999999,6,412.274813991315,6,215.036890440924,40,-335.427910160531,4175.333333333333,35.376666666666665,NONE,16.29433333333333,59.97,EDB34637-67D8-465A-AFBA-010AD86D34F6,0.8433333333333333,DE045126-2C5E-4E72-8491-E202079EAC7C,0.3626666666666667,3500.0,1000.0,3.6,25.0,0.5,130.36666666666667,1200.0,200.0,5.8,21.1,0.1,1600.0,300.0,5.7,21.4,0.1,3100.0,1100.0,2.9,24.3,0.4,3900.0,400.0,10.0,22.5,0.2,6400.0,2000.0,3.3,25.5,1.7
body_p2,03,Al6061_body03_p2,DE045126-2C5E-4E72-8491-E202079EAC7C,6,225,2025-07-11 10:25:45.077047,16,0.0001678978379825,297,1,45,30.0005,AUTO,21,ARMED,100,25.33333,5,2590850.753,3,000454_D_A_PROGRAM_2.NC,17,100,0,0,100,10000.0,690508.343999999,10,339.130038521438,5,212.206654706065,31,-338.47593606464,1115.0,9.783333333333331,NONE,16.294666666666668,59.96,EDB34637-67D8-465A-AFBA-010AD86D34F6,0.94,DE045126-2C5E-4E72-8491-E202079EAC7C,0.3626666666666667,3500.0,1000.0,3.6,25.0,0.5,132.0,800.0,200.0,3.5,21.1,0.1,500.0,200.0,3.4,21.4,0.1,4100.0,1200.0,3.5,24.3,0.4,1000.0,300.0,3.5,22.5,0.2,2900.0,1800.0,1.7,25.5,1.7
body_p2,03,Al6061_body03_p2,DE045126-2C5E-4E72-8491-E202079EAC7C,6,226,2025-07-11 10:25:46.077335,16,0.0001678978379825,301,1,45,30.0005,AUTO,21,ARMED,100,16.68333,5,2590850.753,3,000454_D_A_PROGRAM_2.NC,19,100,0,0,100,10000.0,690508.343999999,6,339.440538043117,7,214.911885742602,34,-338.476016163956,1015.3333333333334,8.69,NONE,16.294666666666668,59.96,EDB34637-67D8-465A-AFBA-010AD86D34F6,0.8833333333333333,DE045126-2C5E-4E72-8491-E202079EAC7C,0.3626666666666667,3600.0,1000.0,3.7,25.0,0.4,132.1,700.0,100.0,6.0,21.1,0.4,1400.0,200.0,7.9,21.4,0.1,19800.0,2700.0,7.3,24.3,0.4,2300.0,300.0,7.6,22.5,0.2,6400.0,2000.0,3.2,25.5,1.7
body_p2,03,Al6061_body03_p2,DE045126-2C5E-4E72-8491-E202079EAC7C,6,227,2025-07-11 10:25:47.077484,16,0.0001678978379825,308,1,45,30.0005,AUTO,21,ARMED,100,24.46667,5,2590850.753,3,000454_D_A_PROGRAM_2.NC,19,100,0,1,100,10000.0,690508.343999999,5,358.094792221892,9,254.849681889266,30,-338.476233576387,1039.6666666666667,8.93,NONE,16.295,59.96,EDB34637-67D8-465A-AFBA-010AD86D34F6,0.8966666666666666,DE045126-2C5E-4E72-8491-E202079EAC7C,0.3626666666666667,3600.0,1000.0,3.7,25.0,0.5,132.1,1000.0,200.0,4.0,21.1,0.2,600.0,200.0,3.6,21.4,0.1,5100.0,1200.0,4.3,24.3,0.4,1500.0,300.0,4.8,22.5,0.2,3100.0,1800.0,1.7,25.5,1.7
body_p2,03,Al6061_body03_p2,DE045126-2C5E-4E72-8491-E202079EAC7C,6,228,2025-07-11 10:25:48.077787,16,0.0001678978379825,311,1,45,30.0005,AUTO,21,ARMED,100,25.35,5,2590850.753,3,000454_D_A_PROGRAM_2.NC,21,100,0,0,100,10000.0,690508.343999999,6,358.597293638062,9,255.734736144955,31,-338.476107706032,1006.3333333333334,8.613333333333333,NONE,16.295,59.96,EDB34637-67D8-465A-AFBA-010AD86D34F6,0.88,DE045126-2C5E-4E72-8491-E202079EAC7C,0.3626666666666667,3500.0,1000.0,3.5,25.0,0.4,132.1,700.0,100.0,6.0,21.1,0.4,600.0,200.0,3.6,21.4,0.1,4200.0,1200.0,3.6,24.3,0.4,2000.0,300.0,5.9,22.5,0.2,5500.0,1900.0,2.9,25.5,1.8
body_p2,03,Al6061_body03_p2,DE045126-2C5E-4E72-8491-E202079EAC7C,6,229,2025-07-11 10:25:49.078073,16,0.0001678978379825,318,1,45,30.0005,AUTO,21,ARMED,100,67.83333,5,2590850.753,3,000454_D_A_PROGRAM_2.NC,21,100,0,1,100,10000.0,690508.343999999,6,342.07441629287,7,293.83752874967,29,-337.444691692409,1017.3333333333334,8.7,NONE,16.295333333333332,59.96,EDB34637-67D8-465A-AFBA-010AD86D34F6,0.88,DE045126-2C5E-4E72-8491-E202079EAC7C,0.3626666666666667,3200.0,1000.0,3.3,25.0,0.5,132.1,500.0,100.0,4.3,21.1,0.4,600.0,100.0,4.2,21.4,0.1,3700.0,1100.0,3.4,24.3,0.4,3000.0,300.0,9.1,22.5,0.2,9100.0,1800.0,5.0,25.5,1.7
body_p2,03,Al6061_body03_p2,DE045126-2C5E-4E72-8491-E202079EAC7C,6,230,2025-07-11 10:25:50.078356,16,0.0001678978379825,324,1,45,30.0005,AUTO,21,ARMED,100,25.33333,5,2590850.753,3,000454_D_A_PROGRAM_2.NC,22,100,0,0,100,10000.0,690508.343999999,10,344.385178703739,6,294.634801951413,32,-338.475970392918,1001.0,8.553333333333335,NONE,16.296,59.96,EDB34637-67D8-465A-AFBA-010AD86D34F6,0.8966666666666666,DE045126-2C5E-4E72-8491-E202079EAC7C,0.3626666666666667,3700.0,1000.0,3.8,25.0,0.4,132.1,900.0,200.0,4.2,21.1,0.4,600.0,200.0,3.2,21.4,0.1,5000.0,1100.0,4.5,24.3,0.4,1500.0,300.0,4.5,22.5,0.1,3100.0,1800.0,1.7,25.5,1.8
body_p2,03,Al6061_body03_p2,DE045126-2C5E-4E72-8491-E202079EAC7C,6,231,2025-07-11 10:25:51.078665,16,0.0001678978379825,330,1,45,30.0005,AUTO,21,ARMED,100,294.2667,5,2590850.753,3,000454_D_A_PROGRAM_2.NC,24,100,0,1,100,10000.0,690508.343999999,75,418.072405025554,3,293.83743719589,27,-335.657309771999,1020.6666666666666,8.733333333333333,NONE,16.296333333333333,59.96,EDB34637-67D8-465A-AFBA-010AD86D34F6,0.8933333333333334,DE045126-2C5E-4E72-8491-E202079EAC7C,0.3626666666666667,3500.0,1000.0,3.6,25.0,0.4,132.03333333333333,600.0,100.0,4.7,21.1,0.4,1200.0,200.0,6.7,21.4,0.1,4100.0,1000.0,3.9,24.3,0.4,1900.0,300.0,5.8,22.5,0.2,4700.0,1900.0,2.5,25.5,1.8
body_p2,03,Al6061_body03_p2,DE045126-2C5E-4E72-8491-E202079EAC7C,6,232,2025-07-11 10:25:52.079008,16,0.0001678978379825,337,1,45,30.0005,AUTO,21,ARMED,100,25.33333,5,2590850.753,3,000454_D_A_PROGRAM_2.NC,25,100,0,1,100,10000.0,690508.343999999,7,421.457853078327,8,287.952680677438,31,-338.476096263273,1021.0,8.786666666666667,NONE,16.296666666666667,59.96,EDB34637-67D8-465A-AFBA-010AD86D34F6,0.8633333333333333,DE045126-2C5E-4E72-8491-E202079EAC7C,0.3626666666666667,3500.0,1000.0,3.5,25.0,0.4,132.1,800.0,200.0,3.4,21.1,0.1,600.0,200.0,3.1,21.4,0.1,3300.0,1100.0,2.9,24.3,0.4,1200.0,300.0,3.9,22.5,0.1,3100.0,1800.0,1.7,25.5,1.7
body_p2,04,Al6061_body04_p2,DE045126-2C5E-4E72-8491-E202079EAC7C,6,201,2025-07-11 10:31:23.748226,16,0.0001678978379825,277,1,45,30.0005,AUTO,21,ARMED,100,633.3333,5,2591211.214,4,000454_D_A_PROGRAM_2.NC,11,100,0,41,100,2063.49411565917,690868.816999999,19,340.080946167587,19,273.213195826399,37,-99.8669982674121,644.3333333333334,6.02,NONE,16.38866666666667,59.98,EDB34637-67D8-465A-AFBA-010AD86D34F6,0.7400000000000001,DE045126-2C5E-4E72-8491-E202079EAC7C,0.3693333333333333,7600.0,1900.0,3.9,26.0,0.1,132.06666666666663,1700.0,300.0,6.0,21.1,0.3,5000.0,1000.0,5.2,21.5,0.1,29900.0,5800.0,5.1,24.3,0.2,4900.0,800.0,6.2,22.6,0.1,1000.0,200.0,5.1,25.7,0.1
body_p2,04,Al6061_body04_p2,DE045126-2C5E-4E72-8491-E202079EAC7C,6,202,2025-07-11 10:31:24.748504,16,0.0001678978379825,278,1,45,30.0005,AUTO,21,ARMED,100,380.9667,5,2591211.214,4,000454_D_A_PROGRAM_2.NC,12,100,0,15,100,5398.96129360521,690868.816999999,6,418.073801431166,5,217.837997272315,30,-335.416371027833,3035.0,26.89333333333333,NONE,16.39,59.98,EDB34637-67D8-465A-AFBA-010AD86D34F6,1.0,DE045126-2C5E-4E72-8491-E202079EAC7C,0.3693333333333333,10000.0,2600.0,3.8,26.0,0.3,130.9,200.0,100.0,3.9,21.1,0.1,1300.0,200.0,7.7,21.5,0.1,2400.0,400.0,5.5,24.3,0.2,26600.0,4100.0,6.4,22.6,0.1,55200.0,9400.0,5.9,25.7,0.8
body_p2,04,Al6061_body04_p2,DE045126-2C5E-4E72-8491-E202079EAC7C,6,203,2025-07-11 10:31:25.748807,16,0.0001678978379825,279,1,45,30.0005,AUTO,21,ARMED,100,0.0,5,2591211.214,4,000454_D_A_PROGRAM_2.NC,13,100,0,11,100,7246.95481807343,690868.816999999,6,418.073801431166,5,217.838008715715,30,-335.428008314251,5421.0,46.19333333333333,NONE,16.391333333333332,59.98,EDB34637-67D8-465A-AFBA-010AD86D34F6,1.0,DE045126-2C5E-4E72-8491-E202079EAC7C,0.3693333333333333,11000.0,3300.0,3.3,26.0,0.2,129.56666666666666,300.0,100.0,3.3,21.1,0.1,400.0,100.0,4.2,21.5,0.1,1900.0,600.0,3.0,24.3,0.2,1100.0,300.0,4.2,22.6,0.1,500.0,100.0,3.7,25.7,0.1
body_p2,04,Al6061_body04_p2,DE045126-2C5E-4E72-8491-E202079EAC7C,6,204,2025-07-11 10:31:26.749103,16,0.0001678978379825,279,1,45,30.0005,AUTO,21,ARMED,100,0.0,5,2591211.214,4,000454_D_A_PROGRAM_2.NC,14,100,0,8,100,8570.07059721932,690868.816999999,6,418.073789985218,5,217.837997272315,30,-335.427973985972,5833.666666666667,48.54,NONE,16.392666666666667,59.98,EDB34637-67D8-465A-AFBA-010AD86D34F6,0.9333333333333336,DE045126-2C5E-4E72-8491-E202079EAC7C,0.3693333333333333,7100.0,2100.0,3.4,26.0,0.2,129.23333333333332,300.0,100.0,3.1,21.1,0.1,300.0,100.0,3.3,21.5,0.1,1600.0,500.0,3.4,24.3,0.2,1000.0,300.0,3.9,22.6,0.1,1100.0,500.0,2.4,25.7,0.5
body_p2,04,Al6061_body04_p2,DE045126-2C5E-4E72-8491-E202079EAC7C,6,205,2025-07-11 10:31:27.749417,16,0.0001678978379825,284,1,45,30.0005,AUTO,21,ARMED,100,25.33333,5,2591211.214,4,000454_D_A_PROGRAM_2.NC,15,100,0,6,100,10000.0,690868.816999999,8,414.219028362171,2,215.527746605815,29,-338.476119148792,5546.0,46.120000000000005,NONE,16.395333333333333,59.98,EDB34637-67D8-465A-AFBA-010AD86D34F6,0.89,DE045126-2C5E-4E72-8491-E202079EAC7C,0.3693333333333333,8100.0,2100.0,3.9,26.0,0.5,129.46666666666667,600.0,100.0,4.0,21.1,0.1,600.0,200.0,3.7,21.5,0.1,5000.0,1700.0,2.9,24.3,0.7,1400.0,400.0,3.6,22.6,0.2,2800.0,1300.0,2.1,25.7,1.3
body_p2,04,Al6061_body04_p2,DE045126-2C5E-4E72-8491-E202079EAC7C,6,206,2025-07-11 10:31:28.749682,16,0.0001678978379825,287,1,45,30.0005,AUTO,21,ARMED,100,24.65,5,2591211.214,4,000454_D_A_PROGRAM_2.NC,16,100,0,0,100,10000.0,690868.816999999,7,414.842578856372,10,217.222720022467,31,-338.476084820513,4712.0,39.26,NONE,16.396,59.98,EDB34637-67D8-465A-AFBA-010AD86D34F6,0.8833333333333333,DE045126-2C5E-4E72-8491-E202079EAC7C,0.3693333333333333,3500.0,1000.0,3.6,26.0,0.4,129.9,1000.0,100.0,6.6,21.1,0.4,600.0,100.0,3.8,21.5,0.1,3400.0,1200.0,2.9,24.3,0.4,2700.0,300.0,7.8,22.6,0.2,7100.0,1900.0,3.6,25.7,1.7
body_p2,04,Al6061_body04_p2,DE045126-2C5E-4E72-8491-E202079EAC7C,6,207,2025-07-11 10:31:29.749996,16,0.0001678978379825,293,1,45,30.0005,AUTO,21,ARMED,100,23.63333,5,2591211.214,4,000454_D_A_PROGRAM_2.NC,17,100,0,1,100,10000.0,690868.816999999,16,341.428526144846,13,218.274711911033,36,-338.474849002487,3814.3333333333335,33.21666666666667,NONE,16.396333333333335,59.98,EDB34637-67D8-465A-AFBA-010AD86D34F6,0.38,DE045126-2C5E-4E72-8491-E202079EAC7C,0.3693333333333333,3100.0,900.0,3.2,26.0,0.5,130.4,700.0,200.0,4.6,21.1,0.4,600.0,200.0,3.8,21.5,0.1,3700.0,1200.0,3.0,24.3,0.4,1600.0,300.0,5.1,22.6,0.2,4600.0,1800.0,2.6,25.7,1.7
body_p2,04,Al6061_body04_p2,DE045126-2C5E-4E72-8491-E202079EAC7C,6,208,2025-07-11 10:31:30.750287,16,0.0001678978379825,298,1,45,30.0005,AUTO,21,ARMED,100,25.33333,5,2591211.214,4,000454_D_A_PROGRAM_2.NC,18,100,0,0,100,10000.0,690868.816999999,9,343.154645822152,7,219.059432346639,32,-338.476004721197,1166.3333333333333,10.343333333333334,NONE,16.396333333333335,59.98,EDB34637-67D8-465A-AFBA-010AD86D34F6,0.8433333333333334,DE045126-2C5E-4E72-8491-E202079EAC7C,0.3693333333333333,3600.0,1000.0,3.6,26.0,0.4,131.83333333333334,700.0,100.0,5.5,21.1,0.4,600.0,200.0,3.4,21.5,0.1,3700.0,1200.0,3.1,24.3,0.4,2900.0,300.0,8.5,22.6,0.2,5900.0,2000.0,3.0,25.7,1.8
body_p2,04,Al6061_body04_p2,DE045126-2C5E-4E72-8491-E202079EAC7C,6,209,2025-07-11 10:31:31.750560,16,0.0001678978379825,308,1,45,30.0005,AUTO,21,ARMED,100,9.966667,5,2591211.214,4,000454_D_A_PROGRAM_2.NC,19,100,0,0,100,10000.0,690868.816999999,2,361.591960327963,6,256.095624186613,35,-337.911796578217,1010.0,8.65,NONE,16.397000000000002,59.98,EDB34637-67D8-465A-AFBA-010AD86D34F6,0.8833333333333334,DE045126-2C5E-4E72-8491-E202079EAC7C,0.3693333333333333,3800.0,1000.0,4.0,26.0,0.5,131.86666666666665,600.0,100.0,4.1,21.1,0.4,700.0,200.0,4.3,21.5,0.1,3800.0,1200.0,3.2,24.3,0.4,3400.0,300.0,10.0,22.6,0.2,5500.0,1800.0,3.0,25.7,1.7
body_p2,04,Al6061_body04_p2,DE045126-2C5E-4E72-8491-E202079EAC7C,6,210,2025-07-11 10:31:32.750835,16,0.0001678978379825,311,1,45,30.0005,AUTO,21,ARMED,100,25.35,5,2591211.214,4,000454_D_A_PROGRAM_2.NC,20,100,0,0,100,10000.0,690868.816999999,2,366.029929197056,8,255.942877752575,31,-338.475878850842,1054.6666666666667,9.116666666666664,NONE,16.397000000000002,59.98,EDB34637-67D8-465A-AFBA-010AD86D34F6,0.9666666666666668,DE045126-2C5E-4E72-8491-E202079EAC7C,0.3693333333333333,3500.0,1000.0,3.5,26.0,0.4,131.83333333333334,800.0,200.0,3.3,21.1,0.2,700.0,200.0,3.5,21.5,0.2,5100.0,1200.0,4.2,24.3,0.4,1300.0,400.0,3.6,22.6,0.2,3200.0,1800.0,1.8,25.7,1.7
body_p2,04,Al6061_body04_p2,DE045126-2C5E-4E72-8491-E202079EAC7C,6,211,2025-07-11 10:31:33.751097,16,0.0001678978379825,317,1,45,30.0005,AUTO,21,ARMED,100,149.95,5,2591211.214,4,000454_D_A_PROGRAM_2.NC,21,100,0,0,100,10000.0,690868.816999999,13,351.424660355491,14,271.496211585854,38,-335.427841501538,1005.6666666666666,8.616666666666665,NONE,16.397333333333332,59.98,EDB34637-67D8-465A-AFBA-010AD86D34F6,0.8933333333333334,DE045126-2C5E-4E72-8491-E202079EAC7C,0.3693333333333333,3300.0,1000.0,3.5,26.0,0.5,131.86666666666665,600.0,100.0,5.3,21.1,0.7,2700.0,300.0,8.5,21.5,0.1,20200.0,2700.0,7.4,24.3,0.4,1600.0,300.0,5.0,22.6,0.2,4000.0,1900.0,2.1,25.7,1.8
body_p2,04,Al6061_body04_p2,DE045126-2C5E-4E72-8491-E202079EAC7C,6,212,2025-07-11 10:31:34.751393,16,0.0001678978379825,324,1,45,30.0005,AUTO,21,ARMED,100,25.33333,5,2591211.214,4,000454_D_A_PROGRAM_2.NC,22,100,0,0,100,10000.0,690868.816999999,8,344.956733935119,5,287.507340204716,32,-338.476016163956,1021.0,8.763333333333334,NONE,16.397333333333332,59.98,EDB34637-67D8-465A-AFBA-010AD86D34F6,0.88,DE045126-2C5E-4E72-8491-E202079EAC7C,0.3693333333333333,3400.0,1000.0,3.5,26.0,0.4,131.86666666666665,800.0,300.0,2.8,21.1,0.1,700.0,200.0,3.6,21.5,0.2,3600.0,1200.0,3.0,24.3,0.4,1300.0,300.0,3.9,22.6,0.2,3200.0,1800.0,1.8,25.7,1.7
body_p2,04,Al6061_body04_p2,DE045126-2C5E-4E72-8491-E202079EAC7C,6,213,2025-07-11 10:31:35.751728,16,0.0001678978379825,330,1,45,30.0005,AUTO,21,ARMED,100,85.45,5,2591211.214,4,000454_D_A_PROGRAM_2.NC,23,100,0,0,100,10000.0,690868.816999999,4,343.564155253306,7,291.063620889244,40,-335.427944490027,998.3333333333334,8.536666666666667,NONE,16.398,59.98,EDB34637-67D8-465A-AFBA-010AD86D34F6,0.86,DE045126-2C5E-4E72-8491-E202079EAC7C,0.3693333333333333,3700.0,1000.0,3.8,26.0,0.5,131.83333333333334,1100.0,200.0,5.2,21.1,0.1,1100.0,200.0,5.1,21.5,0.1,3400.0,1100.0,3.0,24.3,0.4,2800.0,400.0,7.6,22.6,0.2,4300.0,1900.0,2.2,25.7,1.8
body_p2,04,Al6061_body04_p2,DE045126-2C5E-4E72-8491-E202079EAC7C,6,214,2025-07-11 10:31:36.752006,16,0.0001678978379825,336,1,45,30.0005,AUTO,21,ARMED,100,25.33333,5,2591211.214,4,000454_D_A_PROGRAM_2.NC,24,100,0,1,100,10000.0,690868.816999999,11,416.058353188319,5,287.364088573674,32,-338.475913179121,1027.3333333333333,8.673333333333334,NONE,16.398,59.98,EDB34637-67D8-465A-AFBA-010AD86D34F6,0.8966666666666666,DE045126-2C5E-4E72-8491-E202079EAC7C,0.3693333333333333,3800.0,1000.0,3.9,26.0,0.4,131.86666666666665,700.0,200.0,3.4,21.1,0.1,600.0,200.0,3.4,21.5,0.1,4100.0,1200.0,3.5,24.3,0.4,1100.0,300.0,3.9,22.6,0.2,3100.0,1800.0,1.7,25.7,1.7
body_p2,04,Al6061_body04_p2,DE045126-2C5E-4E72-8491-E202079EAC7C,6,215,2025-07-11 10:31:37.752287,16,0.0001678978379825,341,1,45,30.0005,AUTO,21,ARMED,100,13.51667,5,2591211.214,4,000454_D_A_PROGRAM_2.NC,25,100,0,0,100,10000.0,690868.816999999,6,415.440031651287,7,290.911165031107,42,-335.656750583324,1005.0,8.623333333333333,NONE,16.398,59.98,EDB34637-67D8-465A-AFBA-010AD86D34F6,0.8833333333333334,DE045126-2C5E-4E72-8491-E202079EAC7C,0.3693333333333333,3200.0,1000.0,3.4,26.0,0.5,131.83333333333334,300.0,100.0,3.7,21.1,0.2,400.0,100.0,3.2,21.5,0.1,2300.0,1100.0,2.2,24.3,0.4,3500.0,300.0,10.4,22.6,0.2,6700.0,1900.0,3.5,25.7,1.7
body_p2,05,Al6061_body05_p2,DE045126-2C5E-4E72-8491-E202079EAC7C,9,289,2025-07-11 10:36:52.426562,16,-0.0003322253479433,277,1,45,30.0005,AUTO,21,ARMED,100,633.3333,5,2591571.227,5,000454_D_A_PROGRAM_2.NC,11,100,0,13,100,578.598092077973,690868.816999999,87,114.063856820929,50,433.685756911543,35,-99.8669982674121,616.3333333333334,5.673333333333333,NONE,16.488666666666667,59.99,EDB34637-67D8-465A-AFBA-010AD86D34F6,0.66,DE045126-2C5E-4E72-8491-E202079EAC7C,0.3746666666666667,5200.0,1200.0,4.2,26.8,0.1,132.33333333333334,1800.0,500.0,3.9,21.1,0.3,5400.0,1200.0,4.5,21.6,0.1,30000.0,8900.0,3.4,24.3,0.3,3400.0,600.0,5.7,22.7,0.1,900.0,200.0,5.5,25.8,0.1
body_p2,05,Al6061_body05_p2,DE045126-2C5E-4E72-8491-E202079EAC7C,9,290,2025-07-11 10:36:53.426729,16,0.0001678978379825,278,1,45,30.0005,AUTO,21,ARMED,100,79.08333,5,2591571.227,5,000454_D_A_PROGRAM_2.NC,12,100,0,19,100,4252.28021825028,690868.816999999,6,418.073847214956,6,217.83791716852,38,-174.236318398098,3147.333333333333,27.7,NONE,16.489,59.99,EDB34637-67D8-465A-AFBA-010AD86D34F6,1.0,DE045126-2C5E-4E72-8491-E202079EAC7C,0.3746666666666667,9700.0,2400.0,4.0,26.8,0.2,131.1,600.0,100.0,4.2,21.1,0.1,1600.0,400.0,4.4,21.6,0.1,3600.0,700.0,5.0,24.3,0.2,26100.0,5400.0,4.8,22.7,0.1,50000.0,12800.0,3.9,25.8,1.3
body_p2,05,Al6061_body05_p2,DE045126-2C5E-4E72-8491-E202079EAC7C,9,291,2025-07-11 10:36:54.426924,16,0.0001678978379825,279,1,45,30.0005,AUTO,21,ARMED,100,0.0,5,2591571.227,5,000454_D_A_PROGRAM_2.NC,13,100,0,13,100,6290.4157524037,690868.816999999,6,418.073801431166,5,217.837997272315,30,-335.428008314251,5768.666666666667,47.96,NONE,16.491,59.99,EDB34637-67D8-465A-AFBA-010AD86D34F6,0.88,DE045126-2C5E-4E72-8491-E202079EAC7C,0.3746666666666667,9100.0,2500.0,3.6,26.8,0.2,129.56666666666666,200.0,100.0,3.8,21.1,0.1,400.0,100.0,4.4,21.6,0.1,2000.0,600.0,3.2,24.3,0.2,1200.0,300.0,4.1,22.7,0.1,500.0,100.0,3.8,25.8,0.1
body_p2,05,Al6061_body05_p2,DE045126-2C5E-4E72-8491-E202079EAC7C,9,292,2025-07-11 10:36:55.427135,16,0.0001678978379825,279,1,45,30.0005,AUTO,21,ARMED,100,0.0,5,2591571.227,5,000454_D_A_PROGRAM_2.NC,14,100,0,9,100,8153.59089829279,690868.816999999,6,418.073801431166,5,217.837997272315,30,-335.427973985972,5837.333333333333,48.44333333333333,NONE,16.493,59.99,EDB34637-67D8-465A-AFBA-010AD86D34F6,0.93,DE045126-2C5E-4E72-8491-E202079EAC7C,0.3746666666666667,11500.0,3100.0,3.7,26.8,0.2,129.53333333333333,300.0,100.0,3.5,21.1,0.1,400.0,100.0,3.7,21.6,0.1,1800.0,600.0,2.9,24.3,0.2,900.0,300.0,3.7,22.7,0.1,800.0,300.0,3.2,25.8,0.3
body_p2,05,Al6061_body05_p2,DE045126-2C5E-4E72-8491-E202079EAC7C,9,293,2025-07-11 10:36:56.427459,16,0.0001678978379825,280,1,45,30.0005,AUTO,21,ARMED,100,4.6,5,2591571.227,5,000454_D_A_PROGRAM_2.NC,15,100,0,7,100,10000.0,690868.816999999,6,418.073789985218,5,217.837997272315,30,-335.652492370246,5480.333333333333,45.47666666666667,NONE,16.494,59.99,EDB34637-67D8-465A-AFBA-010AD86D34F6,0.8866666666666667,DE045126-2C5E-4E72-8491-E202079EAC7C,0.3746666666666667,7400.0,2100.0,3.5,26.9,0.4,129.73333333333332,500.0,100.0,3.9,21.1,0.4,600.0,100.0,4.8,21.6,0.1,4400.0,800.0,5.4,24.3,0.3,4100.0,400.0,10.1,22.7,0.2,6000.0,1000.0,6.0,25.8,0.9
body_p2,05,Al6061_body05_p2,DE045126-2C5E-4E72-8491-E202079EAC7C,9,294,2025-07-11 10:36:57.427610,16,0.0001678978379825,285,1,45,30.0005,AUTO,21,ARMED,100,25.33333,5,2591571.227,5,000454_D_A_PROGRAM_2.NC,16,100,0,2,100,10000.0,690868.816999999,5,421.980079038579,11,215.979129422862,31,-338.476073377754,4881.0,40.68,NONE,16.49566666666667,59.99,EDB34637-67D8-465A-AFBA-010AD86D34F6,0.9266666666666667,DE045126-2C5E-4E72-8491-E202079EAC7C,0.3746666666666667,7000.0,1400.0,4.9,26.9,0.5,129.96666666666667,700.0,200.0,3.8,21.1,0.2,600.0,200.0,3.5,21.6,0.1,4200.0,1400.0,2.9,24.3,0.5,1500.0,400.0,4.0,22.7,0.2,3200.0,1800.0,1.8,25.8,1.7
body_p2,05,Al6061_body05_p2,DE045126-2C5E-4E72-8491-E202079EAC7C,9,295,2025-07-11 10:36:58.427763,16,0.0001678978379825,291,1,45,30.0005,AUTO,21,ARMED,100,212.8,5,2591571.227,5,000454_D_A_PROGRAM_2.NC,17,100,0,0,100,10000.0,690868.816999999,87,370.091505698555,9,216.720605209969,38,-335.427944490027,1297.3333333333333,13.0,NONE,16.496,59.99,EDB34637-67D8-465A-AFBA-010AD86D34F6,0.6,DE045126-2C5E-4E72-8491-E202079EAC7C,0.3746666666666667,3300.0,1000.0,3.4,26.9,0.4,131.96666666666667,800.0,100.0,5.7,21.1,0.3,1400.0,300.0,5.4,21.6,0.1,3100.0,1100.0,2.7,24.3,0.4,1700.0,300.0,5.3,22.7,0.2,7100.0,2000.0,3.6,25.8,1.9
body_p2,05,Al6061_body05_p2,DE045126-2C5E-4E72-8491-E202079EAC7C,9,296,2025-07-11 10:36:59.427913,16,0.0001678978379825,298,1,45,30.0005,AUTO,21,ARMED,100,25.33333,5,2591571.227,5,000454_D_A_PROGRAM_2.NC,18,100,0,0,100,10000.0,690868.816999999,10,343.861093595079,6,210.90997318751,31,-338.475947507399,1095.3333333333333,9.623333333333331,NONE,16.496333333333336,59.99,EDB34637-67D8-465A-AFBA-010AD86D34F6,0.7799999999999999,DE045126-2C5E-4E72-8491-E202079EAC7C,0.3746666666666667,3400.0,1000.0,3.5,26.9,0.4,132.1,800.0,300.0,2.8,21.1,0.1,700.0,200.0,3.6,21.6,0.1,3600.0,1200.0,3.0,24.3,0.4,1100.0,300.0,3.6,22.7,0.2,3300.0,1900.0,1.7,25.8,1.8
body_p2,05,Al6061_body05_p2,DE045126-2C5E-4E72-8491-E202079EAC7C,9,297,2025-07-11 10:37:00.428065,16,0.0001678978379825,304,1,45,30.0005,AUTO,21,ARMED,100,43.4,5,2591571.227,5,000454_D_A_PROGRAM_2.NC,19,100,0,0,100,10000.0,690868.816999999,5,339.711052111134,7,215.411776570805,31,-335.452146784967,1018.6666666666666,8.719999999999999,NONE,16.496333333333336,59.99,EDB34637-67D8-465A-AFBA-010AD86D34F6,0.8833333333333333,DE045126-2C5E-4E72-8491-E202079EAC7C,0.3746666666666667,3400.0,1000.0,3.5,26.9,0.5,132.16666666666666,600.0,100.0,4.5,21.1,0.6,2500.0,400.0,7.1,21.6,0.1,20400.0,3500.0,5.8,24.3,0.4,2700.0,400.0,7.3,22.7,0.2,5600.0,2000.0,2.7,25.8,1.9
body_p2,05,Al6061_body05_p2,DE045126-2C5E-4E72-8491-E202079EAC7C,9,298,2025-07-11 10:37:01.428365,16,0.0001678978379825,310,1,45,30.0005,AUTO,21,ARMED,100,25.35,5,2591571.227,5,000454_D_A_PROGRAM_2.NC,20,100,0,0,100,10000.0,690868.816999999,10,362.09635480156,6,248.163777885378,32,-338.475970392918,1004.6666666666666,9.08,NONE,16.497,59.99,EDB34637-67D8-465A-AFBA-010AD86D34F6,0.7533333333333334,DE045126-2C5E-4E72-8491-E202079EAC7C,0.3746666666666667,3600.0,1000.0,3.7,26.9,0.4,132.1,800.0,300.0,2.7,21.0,0.1,600.0,200.0,3.6,21.6,0.1,3500.0,1200.0,2.9,24.3,0.4,1300.0,300.0,4.4,22.7,0.2,3300.0,1900.0,1.7,25.8,1.8
body_p2,05,Al6061_body05_p2,DE045126-2C5E-4E72-8491-E202079EAC7C,9,299,2025-07-11 10:37:02.428629,16,0.0001678978379825,315,1,45,30.0005,AUTO,21,ARMED,100,23.75,5,2591571.227,5,000454_D_A_PROGRAM_2.NC,21,100,0,0,100,10000.0,690868.816999999,5,359.107707396956,2,253.13389510467,30,-335.872133843541,1011.6666666666666,8.64,NONE,16.497,59.99,EDB34637-67D8-465A-AFBA-010AD86D34F6,0.88,DE045126-2C5E-4E72-8491-E202079EAC7C,0.3746666666666667,3600.0,900.0,3.8,26.9,0.5,132.1,700.0,100.0,5.7,21.0,0.4,1200.0,200.0,6.8,21.6,0.1,21200.0,2800.0,7.6,24.3,0.4,1700.0,300.0,5.8,22.7,0.2,6900.0,2100.0,3.3,25.8,1.8
body_p2,05,Al6061_body05_p2,DE045126-2C5E-4E72-8491-E202079EAC7C,9,300,2025-07-11 10:37:03.428781,16,0.0001678978379825,323,1,45,30.0005,AUTO,21,ARMED,100,25.33333,5,2591571.227,5,000454_D_A_PROGRAM_2.NC,22,100,0,0,100,10000.0,690868.816999999,21,338.495436445888,14,292.514659427716,28,-338.476199248108,1116.0,9.636666666666663,NONE,16.497,59.99,EDB34637-67D8-465A-AFBA-010AD86D34F6,0.8766666666666666,DE045126-2C5E-4E72-8491-E202079EAC7C,0.3746666666666667,3200.0,900.0,3.4,26.9,0.5,132.06666666666666,800.0,200.0,4.5,21.0,0.2,600.0,200.0,3.4,21.6,0.1,4000.0,1200.0,3.4,24.3,0.4,1900.0,300.0,6.5,22.7,0.2,3300.0,1900.0,1.7,25.8,1.8
body_p2,05,Al6061_body05_p2,DE045126-2C5E-4E72-8491-E202079EAC7C,9,301,2025-07-11 10:37:04.428932,16,0.0001678978379825,324,1,45,30.0005,AUTO,21,ARMED,100,25.33333,5,2591571.227,5,000454_D_A_PROGRAM_2.NC,23,100,0,0,100,10000.0,690868.816999999,12,339.406904028145,3,290.950601787539,31,-338.447772967592,1011.0,8.643333333333333,NONE,16.497333333333334,59.99,EDB34637-67D8-465A-AFBA-010AD86D34F6,0.8833333333333334,DE045126-2C5E-4E72-8491-E202079EAC7C,0.3746666666666667,3600.0,1000.0,3.8,26.9,0.4,132.13333333333333,500.0,100.0,5.3,21.0,0.4,500.0,100.0,3.4,21.6,0.1,3800.0,1100.0,3.4,24.3,0.4,2300.0,300.0,7.1,22.7,0.2,7000.0,2100.0,3.4,25.8,1.8
body_p2,05,Al6061_body05_p2,DE045126-2C5E-4E72-8491-E202079EAC7C,9,302,2025-07-11 10:37:05.429083,16,0.0001678978379825,332,1,45,30.0005,AUTO,21,ARMED,100,10.05,5,2591571.227,5,000454_D_A_PROGRAM_2.NC,24,100,0,1,100,10000.0,690868.816999999,6,418.052848648949,6,293.85387109934,24,-338.424329219266,1022.3333333333334,8.770000000000001,NONE,16.498333333333335,59.99,EDB34637-67D8-465A-AFBA-010AD86D34F6,0.8833333333333334,DE045126-2C5E-4E72-8491-E202079EAC7C,0.3746666666666667,3300.0,1000.0,3.4,26.9,0.5,132.16666666666666,500.0,100.0,4.2,21.0,0.4,700.0,200.0,4.5,21.6,0.1,4500.0,1200.0,3.8,24.3,0.4,2000.0,300.0,6.2,22.7,0.2,7600.0,1900.0,4.0,25.8,1.8
body_p2,05,Al6061_body05_p2,DE045126-2C5E-4E72-8491-E202079EAC7C,9,303,2025-07-11 10:37:06.429253,16,0.0001678978379825,337,1,45,30.0005,AUTO,21,ARMED,100,25.33333,5,2591571.227,5,000454_D_A_PROGRAM_2.NC,25,100,0,1,100,10000.0,690868.816999999,11,419.143312306444,3,295.060630024844,32,-338.475913179121,1003.6666666666666,8.583333333333334,NONE,16.498333333333335,59.99,EDB34637-67D8-465A-AFBA-010AD86D34F6,0.7999999999999999,DE045126-2C5E-4E72-8491-E202079EAC7C,0.3746666666666667,4400.0,1000.0,4.4,26.9,0.4,132.16666666666666,600.0,100.0,4.3,21.0,0.4,600.0,200.0,3.3,21.6,0.1,4200.0,1200.0,3.6,24.3,0.4,1300.0,300.0,3.8,22.7,0.1,3300.0,2000.0,1.7,25.8,1.9
body_p2,16,Al6061_body16_p2,DE045126-2C5E-4E72-8491-E202079EAC7C,6,213,2025-07-29 13:37:38.974654,7,0.0006680210239097,277,1,3,30.0005,AUTO,21,ARMED,100,489.05,5,2712981.521,16,000454_D_A_PROGRAM_2.NC,28,100,0,22,100,1325.17627540439,740584.913,22,198.069462829761,16,374.042534243252,35,-99.8670097108772,560.6666666666666,5.013333333333334,UNAVAILABLE,42.309333333333335,59.99,EDB34637-67D8-465A-AFBA-010AD86D34F6,0.7566666666666667,DE045126-2C5E-4E72-8491-E202079EAC7C,1.2976666666666663,8200.0,1900.0,4.2,37.2,0.1,132.86666666666667,700.0,200.0,4.0,23.0,0.3,5100.0,1300.0,3.8,22.9,0.1,29200.0,8500.0,3.4,25.3,0.4,3700.0,800.0,4.5,24.4,0.1,1000.0,200.0,4.8,30.0,0.1
body_p2,16,Al6061_body16_p2,DE045126-2C5E-4E72-8491-E202079EAC7C,6,214,2025-07-29 13:37:39.975008,7,0.0006680210239097,278,1,3,30.0005,AUTO,21,ARMED,100,424.5167,5,2712981.521,16,000454_D_A_PROGRAM_2.NC,29,100,0,19,100,4657.33295186512,740584.913,5,418.073812877113,5,217.837962942118,33,-261.024568099475,3362.333333333333,29.870000000000005,UNAVAILABLE,42.311,59.99,EDB34637-67D8-465A-AFBA-010AD86D34F6,1.0,DE045126-2C5E-4E72-8491-E202079EAC7C,1.2976666666666663,10700.0,2500.0,4.3,37.2,0.3,131.43333333333334,200.0,100.0,3.7,23.0,0.1,1700.0,300.0,5.5,22.9,0.1,3200.0,600.0,5.3,25.3,0.2,32000.0,6400.0,5.0,24.4,0.2,61500.0,13900.0,4.4,30.0,1.3
body_p2,16,Al6061_body16_p2,DE045126-2C5E-4E72-8491-E202079EAC7C,6,215,2025-07-29 13:37:40.975263,7,0.0006680210239097,279,1,3,30.0005,AUTO,21,ARMED,100,0.0,5,2712981.521,16,000454_D_A_PROGRAM_2.NC,30,100,0,12,100,6863.76782326638,740584.913,5,418.073801431166,5,217.837997272315,29,-335.563891083389,5928.0,49.223333333333336,UNAVAILABLE,42.312333333333335,59.99,EDB34637-67D8-465A-AFBA-010AD86D34F6,0.94,DE045126-2C5E-4E72-8491-E202079EAC7C,1.2976666666666663,8500.0,2200.0,3.9,37.2,0.2,129.96666666666667,300.0,100.0,3.0,23.0,0.1,400.0,100.0,4.1,22.9,0.1,1900.0,600.0,3.2,25.3,0.2,1200.0,300.0,4.1,24.4,0.1,800.0,300.0,2.5,30.0,0.1
body_p2,16,Al6061_body16_p2,DE045126-2C5E-4E72-8491-E202079EAC7C,6,216,2025-07-29 13:37:41.975516,7,0.0006680210239097,279,1,3,30.0005,AUTO,21,ARMED,100,0.0,5,2712981.521,16,000454_D_A_PROGRAM_2.NC,31,100,0,8,100,8374.01536950382,740584.913,5,418.073801431166,5,217.837997272315,29,-335.563936854427,1065.0,9.146666666666668,UNAVAILABLE,42.31733333333333,59.98,EDB34637-67D8-465A-AFBA-010AD86D34F6,0.8433333333333334,DE045126-2C5E-4E72-8491-E202079EAC7C,1.2976666666666663,9000.0,2500.0,3.5,37.2,0.3,132.6,500.0,100.0,4.0,23.0,0.4,700.0,100.0,5.0,22.9,0.1,4200.0,1400.0,3.0,25.3,0.5,1000.0,200.0,4.0,24.4,0.1,1500.0,500.0,3.1,30.0,0.4
body_p2,16,Al6061_body16_p2,DE045126-2C5E-4E72-8491-E202079EAC7C,6,217,2025-07-29 13:37:45.677247,7,0.0006680210239097,298,1,3,30.0005,AUTO,21,ARMED,100,25.33333,5,2712981.521,16,000454_D_A_PROGRAM_2.NC,34,100,0,1,100,10000.0,740584.913,6,341.910332170753,5,210.684270637568,30,-338.611933261373,1032.0,8.836666666666668,UNAVAILABLE,42.31733333333333,59.98,EDB34637-67D8-465A-AFBA-010AD86D34F6,0.8866666666666667,DE045126-2C5E-4E72-8491-E202079EAC7C,1.2976666666666663,3900.0,1100.0,3.5,37.2,0.5,132.6,400.0,100.0,3.0,23.0,0.1,600.0,200.0,3.6,22.9,0.1,3600.0,1400.0,2.5,25.3,0.5,1000.0,300.0,3.6,24.4,0.2,3600.0,2100.0,1.7,30.0,2.0
body_p2,16,Al6061_body16_p2,DE045126-2C5E-4E72-8491-E202079EAC7C,6,218,2025-07-29 13:37:46.709067,7,0.0006680210239097,304,1,3,30.0005,AUTO,21,ARMED,100,43.2,5,2712981.521,16,000454_D_A_PROGRAM_2.NC,35,100,0,0,100,10000.0,740584.913,45,343.356022612853,62,222.190715664452,38,-335.563797750323,1032.0,8.836666666666668,UNAVAILABLE,42.31733333333333,59.98,EDB34637-67D8-465A-AFBA-010AD86D34F6,0.8866666666666667,DE045126-2C5E-4E72-8491-E202079EAC7C,1.2976666666666663,3400.0,1100.0,3.1,37.2,0.6,132.6,500.0,100.0,3.9,23.0,0.6,2500.0,400.0,6.7,22.9,0.1,20900.0,3600.0,5.8,25.3,0.6,2300.0,400.0,6.0,24.4,0.2,6300.0,2200.0,2.8,30.0,2.0
body_p2,16,Al6061_body16_p2,DE045126-2C5E-4E72-8491-E202079EAC7C,6,219,2025-07-29 13:37:47.709221,7,0.0006680210239097,310,1,3,30.0005,AUTO,21,ARMED,100,25.35,5,2712981.521,16,000454_D_A_PROGRAM_2.NC,36,100,0,0,100,10000.0,740584.913,11,360.201548181424,6,248.698202414212,31,-338.611887490335,1040.0,8.903333333333334,UNAVAILABLE,42.31733333333333,59.98,EDB34637-67D8-465A-AFBA-010AD86D34F6,0.88,DE045126-2C5E-4E72-8491-E202079EAC7C,1.2976666666666663,3800.0,1100.0,3.3,37.3,0.6,132.56666666666666,400.0,100.0,2.7,23.0,0.1,700.0,200.0,3.8,22.9,0.1,3900.0,1400.0,2.7,25.3,0.5,1200.0,300.0,4.1,24.4,0.2,3600.0,2100.0,1.7,30.0,2.0
body_p2,16,Al6061_body16_p2,DE045126-2C5E-4E72-8491-E202079EAC7C,6,220,2025-07-29 13:37:48.709421,7,0.0006680210239097,313,1,3,30.0005,AUTO,21,ARMED,100,23.86667,5,2712981.521,16,000454_D_A_PROGRAM_2.NC,37,100,0,2,100,10000.0,740584.913,7,359.064952598241,2,253.179018895698,40,-338.58933636745,1024.0,8.746666666666666,UNAVAILABLE,42.31766666666667,59.98,EDB34637-67D8-465A-AFBA-010AD86D34F6,0.8466666666666667,DE045126-2C5E-4E72-8491-E202079EAC7C,1.2976666666666663,3500.0,1100.0,3.2,37.3,0.6,132.6,500.0,100.0,3.7,23.0,0.4,2400.0,300.0,9.0,22.9,0.1,21100.0,3400.0,6.2,25.3,0.5,2100.0,300.0,6.4,24.4,0.2,7000.0,2300.0,3.1,30.0,2.0
body_p2,16,Al6061_body16_p2,DE045126-2C5E-4E72-8491-E202079EAC7C,6,221,2025-07-29 13:37:49.709647,7,0.0006680210239097,321,1,3,30.0005,AUTO,21,ARMED,100,24.78333,5,2712981.521,16,000454_D_A_PROGRAM_2.NC,38,100,0,0,100,10000.0,740584.913,17,338.298728335428,8,291.919880813298,28,-338.61199047517,1044.3333333333333,8.950000000000001,UNAVAILABLE,42.318333333333335,59.98,EDB34637-67D8-465A-AFBA-010AD86D34F6,0.89,DE045126-2C5E-4E72-8491-E202079EAC7C,1.2976666666666663,4000.0,1100.0,3.7,37.3,0.6,132.56666666666666,300.0,100.0,3.2,23.0,0.2,700.0,200.0,4.0,22.9,0.1,4200.0,1400.0,3.0,25.3,0.5,1900.0,300.0,6.5,24.4,0.2,4200.0,2100.0,2.0,30.0,2.1
body_p2,16,Al6061_body16_p2,DE045126-2C5E-4E72-8491-E202079EAC7C,6,222,2025-07-29 13:37:50.709798,7,0.0006680210239097,324,1,3,30.0005,AUTO,21,ARMED,100,25.2,5,2712981.521,16,000454_D_A_PROGRAM_2.NC,39,100,0,0,100,10000.0,740584.913,6,339.067250638417,11,293.534121325487,31,-338.611933261373,1041.6666666666667,8.959999999999999,UNAVAILABLE,42.318333333333335,59.98,EDB34637-67D8-465A-AFBA-010AD86D34F6,0.7599999999999999,DE045126-2C5E-4E72-8491-E202079EAC7C,1.2976666666666663,4000.0,1100.0,3.6,37.3,0.5,132.6,400.0,100.0,3.9,23.0,0.4,500.0,100.0,3.2,22.9,0.1,4000.0,1300.0,3.0,25.3,0.5,2200.0,300.0,7.5,24.4,0.2,6900.0,2300.0,3.0,30.0,2.0
body_p2,16,Al6061_body16_p2,DE045126-2C5E-4E72-8491-E202079EAC7C,6,223,2025-07-29 13:37:51.710095,7,0.0006680210239097,332,1,3,30.0005,AUTO,21,ARMED,100,23.81667,5,2712981.521,16,000454_D_A_PROGRAM_2.NC,40,100,0,0,100,10000.0,740584.913,5,416.815133309896,6,294.477352338839,26,-338.612047688968,1040.3333333333333,8.903333333333334,UNAVAILABLE,42.318333333333335,59.98,EDB34637-67D8-465A-AFBA-010AD86D34F6,0.8833333333333334,DE045126-2C5E-4E72-8491-E202079EAC7C,1.2976666666666663,3500.0,1100.0,3.2,37.3,0.6,132.6,400.0,100.0,3.5,23.0,0.4,700.0,200.0,4.2,22.9,0.1,4500.0,1400.0,3.2,25.3,0.5,2600.0,300.0,8.4,24.4,0.2,4900.0,2100.0,2.3,30.0,2.0
body_p2,16,Al6061_body16_p2,DE045126-2C5E-4E72-8491-E202079EAC7C,6,224,2025-07-29 13:37:52.710357,7,0.0006680210239097,337,1,3,30.0005,AUTO,21,ARMED,100,25.33333,5,2712981.521,16,000454_D_A_PROGRAM_2.NC,41,100,0,0,100,10000.0,740584.913,3,419.780346087149,8,294.896062105901,31,-338.611807391018,1152.3333333333333,10.176666666666668,UNAVAILABLE,42.318666666666665,59.99,EDB34637-67D8-465A-AFBA-010AD86D34F6,0.8033333333333333,DE045126-2C5E-4E72-8491-E202079EAC7C,1.2976666666666663,3900.0,1100.0,3.5,37.3,0.5,132.53333333333333,400.0,100.0,3.0,23.0,0.4,600.0,200.0,3.3,22.9,0.1,4300.0,1400.0,3.1,25.3,0.5,1900.0,300.0,6.4,24.4,0.2,6800.0,2200.0,3.0,30.0,2.1
body_p2,17,Al6061_body17_p2,DE045126-2C5E-4E72-8491-E202079EAC7C,6,227,2025-07-29 13:43:59.256970,7,0.0006680210239097,277,1,3,30.0005,AUTO,21,ARMED,100,633.1667,5,2713341.9,17,000454_D_A_PROGRAM_2.NC,25,100,0,22,100,1110.53504769804,740584.913,21,190.710680191962,16,379.267087407722,38,-99.8670097108772,617.3333333333334,5.59,UNAVAILABLE,42.41866666666667,59.99,EDB34637-67D8-465A-AFBA-010AD86D34F6,0.77,DE045126-2C5E-4E72-8491-E202079EAC7C,1.304,7800.0,1800.0,4.3,37.0,0.1,132.73333333333332,800.0,200.0,4.0,23.0,0.4,5500.0,1300.0,4.1,23.0,0.1,28700.0,8600.0,3.3,25.3,0.3,3300.0,800.0,4.1,24.3,0.1,800.0,200.0,3.4,29.9,0.2
body_p2,17,Al6061_body17_p2,DE045126-2C5E-4E72-8491-E202079EAC7C,6,228,2025-07-29 13:44:00.257254,7,0.0006680210239097,278,1,3,30.0005,AUTO,21,ARMED,100,528.0167,5,2713341.9,17,000454_D_A_PROGRAM_2.NC,26,100,0,19,100,4663.01085128307,740584.913,6,418.073812877113,6,217.837951498718,38,-225.957852178392,3100.6666666666665,27.37333333333333,UNAVAILABLE,42.41966666666666,59.99,EDB34637-67D8-465A-AFBA-010AD86D34F6,1.0,DE045126-2C5E-4E72-8491-E202079EAC7C,1.304,13800.0,2500.0,5.5,37.0,0.3,131.43333333333334,200.0,100.0,3.7,23.0,0.1,1700.0,300.0,4.8,23.0,0.1,3900.0,600.0,6.2,25.3,0.2,30600.0,6500.0,4.7,24.3,0.2,59900.0,13900.0,4.3,29.9,1.3
body_p2,17,Al6061_body17_p2,DE045126-2C5E-4E72-8491-E202079EAC7C,6,229,2025-07-29 13:44:01.257500,7,0.0006680210239097,279,1,3,30.0005,AUTO,21,ARMED,100,0.0,5,2713341.9,17,000454_D_A_PROGRAM_2.NC,27,100,0,11,100,7130.8666979654,740584.913,5,418.073789985218,5,217.837997272315,29,-335.563879640629,5862.666666666667,48.74333333333333,UNAVAILABLE,42.42166666666666,59.99,EDB34637-67D8-465A-AFBA-010AD86D34F6,0.9233333333333332,DE045126-2C5E-4E72-8491-E202079EAC7C,1.304,10000.0,2600.0,3.9,37.0,0.2,129.83333333333334,500.0,200.0,2.6,23.0,0.2,400.0,100.0,3.5,23.0,0.1,2400.0,700.0,3.2,25.3,0.3,1100.0,300.0,4.1,24.3,0.1,800.0,300.0,2.7,29.9,0.1
body_p2,17,Al6061_body17_p2,DE045126-2C5E-4E72-8491-E202079EAC7C,6,230,2025-07-29 13:44:02.678635,7,0.0006680210239097,279,1,3,30.0005,AUTO,21,ARMED,100,0.0,5,2713341.9,17,000454_D_A_PROGRAM_2.NC,29,100,0,7,100,9034.93786729464,740584.913,5,418.073801431166,5,217.837997272315,29,-335.563879640629,5925.333333333333,49.25,UNAVAILABLE,42.423,59.99,EDB34637-67D8-465A-AFBA-010AD86D34F6,0.9266666666666667,DE045126-2C5E-4E72-8491-E202079EAC7C,1.304,8300.0,2100.0,3.9,37.0,0.4,129.83333333333334,500.0,200.0,3.0,23.0,0.5,400.0,100.0,3.7,23.0,0.1,3000.0,900.0,3.6,25.3,0.4,4300.0,400.0,12.0,24.3,0.1,7900.0,800.0,9.7,29.9,0.7
body_p2,17,Al6061_body17_p2,DE045126-2C5E-4E72-8491-E202079EAC7C,6,231,2025-07-29 13:44:03.845397,7,0.0006680210239097,285,1,3,30.0005,AUTO,21,ARMED,100,25.33333,5,2713341.9,17,000454_D_A_PROGRAM_2.NC,30,100,0,1,100,10000.0,740584.913,4,421.283222255304,9,211.782075506137,30,-338.611944704132,5063.0,42.10333333333333,UNAVAILABLE,42.42433333333333,59.99,EDB34637-67D8-465A-AFBA-010AD86D34F6,0.89,DE045126-2C5E-4E72-8491-E202079EAC7C,1.304,6500.0,1600.0,4.0,37.0,0.5,130.33333333333334,400.0,200.0,2.7,23.0,0.2,700.0,200.0,3.8,23.0,0.1,4900.0,1800.0,2.7,25.3,0.7,1400.0,400.0,3.6,24.3,0.2,2900.0,1600.0,1.8,29.9,1.5
body_p2,17,Al6061_body17_p2,DE045126-2C5E-4E72-8491-E202079EAC7C,6,232,2025-07-29 13:44:04.845622,7,0.0006680210239097,291,1,3,30.0005,AUTO,21,ARMED,100,82.96667,5,2713341.9,17,000454_D_A_PROGRAM_2.NC,31,100,0,1,100,10000.0,740584.913,1,397.374642052939,4,215.632096554279,41,-335.563797750323,4488.666666666667,37.54,UNAVAILABLE,42.42533333333333,59.99,EDB34637-67D8-465A-AFBA-010AD86D34F6,0.8733333333333334,DE045126-2C5E-4E72-8491-E202079EAC7C,1.304,3500.0,1100.0,3.3,37.0,0.5,130.53333333333333,700.0,200.0,3.9,23.0,0.3,1500.0,300.0,5.4,23.0,0.1,3500.0,1300.0,2.7,25.3,0.5,1600.0,300.0,5.0,24.3,0.2,5200.0,1900.0,2.8,29.9,1.7
body_p2,17,Al6061_body17_p2,DE045126-2C5E-4E72-8491-E202079EAC7C,6,233,2025-07-29 13:44:05.845933,7,0.0006680210239097,298,1,3,30.0005,AUTO,21,ARMED,100,25.33333,5,2713341.9,17,000454_D_A_PROGRAM_2.NC,32,100,0,1,100,10000.0,740584.913,10,343.202832778076,4,210.72500189925,31,-338.611887490335,1091.6666666666667,9.473333333333334,UNAVAILABLE,42.42533333333333,59.99,EDB34637-67D8-465A-AFBA-010AD86D34F6,0.8966666666666666,DE045126-2C5E-4E72-8491-E202079EAC7C,1.304,3900.0,1100.0,3.5,37.0,0.5,132.43333333333337,500.0,200.0,3.2,23.0,0.2,600.0,200.0,3.2,23.0,0.1,3700.0,1400.0,2.6,25.3,0.5,1100.0,300.0,4.0,24.3,0.2,3000.0,1800.0,1.7,29.9,1.7
body_p2,17,Al6061_body17_p2,DE045126-2C5E-4E72-8491-E202079EAC7C,6,234,2025-07-29 13:44:06.846179,7,0.0006680210239097,302,1,3,30.0005,AUTO,21,ARMED,100,14.0,5,2713341.9,17,000454_D_A_PROGRAM_2.NC,33,100,0,0,100,10000.0,740584.913,5,339.440515155049,6,214.911771308609,30,-335.789514188947,1025.6666666666667,8.806666666666667,UNAVAILABLE,42.425666666666665,59.99,EDB34637-67D8-465A-AFBA-010AD86D34F6,0.8866666666666667,DE045126-2C5E-4E72-8491-E202079EAC7C,1.304,3700.0,1100.0,3.4,37.0,0.5,132.46666666666667,400.0,100.0,3.5,23.0,0.6,2800.0,400.0,7.8,23.0,0.1,19300.0,3600.0,5.4,25.3,0.5,2000.0,400.0,5.6,24.3,0.2,7100.0,2000.0,3.6,29.9,1.7
body_p2,17,Al6061_body17_p2,DE045126-2C5E-4E72-8491-E202079EAC7C,6,235,2025-07-29 13:44:07.846364,7,0.0006680210239097,310,1,3,30.0005,AUTO,21,ARMED,100,25.33333,5,2713341.9,17,000454_D_A_PROGRAM_2.NC,34,100,0,0,100,10000.0,740584.913,2,357.827684112409,9,251.673603167951,30,-338.61200191793,1043.0,8.963333333333333,UNAVAILABLE,42.42666666666667,59.99,EDB34637-67D8-465A-AFBA-010AD86D34F6,0.8766666666666666,DE045126-2C5E-4E72-8491-E202079EAC7C,1.304,3800.0,1100.0,3.5,37.0,0.6,132.5,400.0,100.0,3.0,23.0,0.1,700.0,200.0,3.8,23.0,0.1,4200.0,1400.0,3.0,25.3,0.5,1000.0,300.0,3.7,24.3,0.2,3000.0,1800.0,1.7,29.9,1.7
body_p2,17,Al6061_body17_p2,DE045126-2C5E-4E72-8491-E202079EAC7C,6,236,2025-07-29 13:44:08.846671,7,0.0006680210239097,313,1,3,30.0005,AUTO,21,ARMED,100,14.95,5,2713341.9,17,000454_D_A_PROGRAM_2.NC,35,100,0,0,100,10000.0,740584.913,4,358.426960822663,9,256.227068746587,32,-338.611921818613,1026.6666666666667,10.016666666666667,UNAVAILABLE,42.42666666666667,59.99,EDB34637-67D8-465A-AFBA-010AD86D34F6,0.77,DE045126-2C5E-4E72-8491-E202079EAC7C,1.304,4000.0,1100.0,3.6,37.0,0.5,132.46666666666667,500.0,100.0,4.1,23.0,0.4,600.0,200.0,4.2,23.0,0.1,5400.0,1400.0,3.8,25.3,0.5,2100.0,300.0,6.8,24.3,0.2,6200.0,1900.0,3.2,29.9,1.7
body_p2,17,Al6061_body17_p2,DE045126-2C5E-4E72-8491-E202079EAC7C,6,237,2025-07-29 13:44:09.846950,7,0.0006680210239097,321,1,3,30.0005,AUTO,21,ARMED,100,19.13333,5,2713341.9,17,000454_D_A_PROGRAM_2.NC,36,100,0,0,100,10000.0,740584.913,15,340.81536537002,5,294.477455336841,28,-338.611921818613,1045.3333333333333,8.9,UNAVAILABLE,42.42666666666667,59.99,EDB34637-67D8-465A-AFBA-010AD86D34F6,0.8866666666666667,DE045126-2C5E-4E72-8491-E202079EAC7C,1.304,3300.0,1100.0,3.0,37.0,0.6,132.46666666666667,400.0,100.0,2.9,23.0,0.2,700.0,200.0,4.1,23.0,0.1,4200.0,1400.0,3.1,25.3,0.5,1200.0,300.0,4.3,24.3,0.2,4000.0,1700.0,2.3,29.9,1.6
body_p2,17,Al6061_body17_p2,DE045126-2C5E-4E72-8491-E202079EAC7C,6,238,2025-07-29 13:44:10.847167,7,0.0006680210239097,324,1,3,30.0005,AUTO,21,ARMED,100,25.33333,5,2713341.9,17,000454_D_A_PROGRAM_2.NC,37,100,0,0,100,10000.0,740584.913,11,342.501637607648,5,295.124328567044,30,-338.611853162056,1107.0,9.713333333333331,UNAVAILABLE,42.427,59.99,EDB34637-67D8-465A-AFBA-010AD86D34F6,0.82,DE045126-2C5E-4E72-8491-E202079EAC7C,1.304,3800.0,1100.0,3.4,37.0,0.5,132.43333333333337,400.0,100.0,3.0,23.0,0.4,700.0,200.0,4.1,23.0,0.1,4500.0,1300.0,3.4,25.3,0.5,2100.0,300.0,7.2,24.3,0.2,6000.0,1800.0,3.4,29.9,1.7
body_p2,17,Al6061_body17_p2,DE045126-2C5E-4E72-8491-E202079EAC7C,6,239,2025-07-29 13:44:11.847402,7,0.0006680210239097,331,1,3,30.0005,AUTO,21,ARMED,100,0.7833333,5,2713341.9,17,000454_D_A_PROGRAM_2.NC,38,100,0,0,100,10000.0,740584.913,58,418.075820598027,5,293.837505861225,28,-338.202488440717,1039.6666666666667,8.926666666666668,UNAVAILABLE,42.428,59.99,EDB34637-67D8-465A-AFBA-010AD86D34F6,0.8866666666666667,DE045126-2C5E-4E72-8491-E202079EAC7C,1.304,3500.0,1100.0,3.2,37.0,0.5,132.46666666666667,400.0,100.0,3.2,23.0,0.5,600.0,100.0,4.0,23.0,0.1,4000.0,1300.0,3.0,25.3,0.5,2500.0,300.0,7.9,24.3,0.2,7000.0,1800.0,4.0,29.9,1.6
body_p2,17,Al6061_body17_p2,DE045126-2C5E-4E72-8491-E202079EAC7C,6,240,2025-07-29 13:44:12.847681,7,0.0006680210239097,337,1,3,30.0005,AUTO,21,ARMED,100,25.33333,5,2713341.9,17,000454_D_A_PROGRAM_2.NC,39,100,0,0,100,10000.0,740584.913,2,420.930454401667,7,294.290719958998,31,-338.611921818613,1258.6666666666667,11.246666666666668,UNAVAILABLE,42.428,59.99,EDB34637-67D8-465A-AFBA-010AD86D34F6,0.9766666666666668,DE045126-2C5E-4E72-8491-E202079EAC7C,1.304,3800.0,1100.0,3.3,37.0,0.5,132.36666666666667,400.0,100.0,3.3,23.0,0.2,700.0,200.0,3.5,23.0,0.1,4100.0,1400.0,2.9,25.3,0.5,1200.0,300.0,4.1,24.3,0.2,3000.0,1700.0,1.7,29.9,1.7
body_p2,18,Al6061_body18_p2,DE045126-2C5E-4E72-8491-E202079EAC7C,6,176,2025-07-29 13:49:53.323787,7,0.0006680210239097,277,1,3,30.0005,AUTO,21,ARMED,100,618.5,5,2713702.399,18,000454_D_A_PROGRAM_2.NC,26,100,0,21,100,1324.13936126088,740945.404000001,21,224.534624195308,15,355.251723464527,35,-99.8669982674121,601.3333333333334,5.343333333333334,UNAVAILABLE,42.52433333333333,59.99,EDB34637-67D8-465A-AFBA-010AD86D34F6,0.6900000000000001,DE045126-2C5E-4E72-8491-E202079EAC7C,1.3103333333333331,7400.0,1800.0,4.0,36.8,0.1,134.29999999999998,700.0,200.0,4.4,23.0,0.3,5600.0,1300.0,4.4,23.0,0.1,30300.0,7700.0,4.0,25.4,0.3,4100.0,900.0,4.7,24.3,0.1,900.0,200.0,4.5,29.9,0.1
body_p2,18,Al6061_body18_p2,DE045126-2C5E-4E72-8491-E202079EAC7C,6,177,2025-07-29 13:49:54.695831,7,0.0006680210239097,278,1,3,30.0005,AUTO,21,ARMED,100,137.65,5,2713702.399,18,000454_D_A_PROGRAM_2.NC,27,100,0,15,100,5277.73995713676,740945.404000001,5,418.073812877113,5,217.837997272315,79,-335.551784643831,3197.0,28.203333333333333,UNAVAILABLE,42.52533333333333,59.99,EDB34637-67D8-465A-AFBA-010AD86D34F6,1.0,DE045126-2C5E-4E72-8491-E202079EAC7C,1.3103333333333331,11900.0,2300.0,5.1,36.8,0.2,132.86666666666667,200.0,100.0,3.5,23.0,0.1,900.0,100.0,8.8,23.0,0.1,1900.0,500.0,3.9,25.4,0.2,25400.0,2900.0,8.9,24.3,0.1,56700.0,6800.0,8.3,29.9,0.6
body_p2,18,Al6061_body18_p2,DE045126-2C5E-4E72-8491-E202079EAC7C,6,178,2025-07-29 13:49:55.696063,7,0.0006680210239097,279,1,3,30.0005,AUTO,21,ARMED,100,0.0,5,2713702.399,18,000454_D_A_PROGRAM_2.NC,28,100,0,11,100,7382.40324498258,740945.404000001,5,418.073812877113,5,217.838008715715,29,-335.563936854427,5910.333333333333,48.04666666666666,UNAVAILABLE,42.528,60.0,EDB34637-67D8-465A-AFBA-010AD86D34F6,0.9333333333333332,DE045126-2C5E-4E72-8491-E202079EAC7C,1.3103333333333331,9800.0,2600.0,3.8,36.8,0.2,131.36666666666667,400.0,200.0,2.5,23.0,0.2,500.0,100.0,4.0,23.0,0.1,2400.0,700.0,3.3,25.4,0.3,1200.0,300.0,4.3,24.3,0.1,800.0,300.0,2.7,29.9,0.1
body_p2,18,Al6061_body18_p2,DE045126-2C5E-4E72-8491-E202079EAC7C,6,179,2025-07-29 13:49:56.696210,7,0.0006680210239097,279,1,3,30.0005,AUTO,21,ARMED,100,0.0,5,2713702.399,18,000454_D_A_PROGRAM_2.NC,29,100,0,7,100,8802.80082466721,740945.404000001,5,418.073789985218,5,217.837997272315,30,-335.563902526148,5919.333333333333,48.86333333333334,UNAVAILABLE,42.52933333333333,60.0,EDB34637-67D8-465A-AFBA-010AD86D34F6,0.9233333333333332,DE045126-2C5E-4E72-8491-E202079EAC7C,1.3103333333333331,7100.0,2100.0,3.4,36.8,0.3,131.33333333333334,400.0,200.0,2.7,23.0,0.2,300.0,100.0,3.5,23.0,0.1,1800.0,600.0,2.9,25.4,0.2,1000.0,300.0,3.7,24.3,0.1,1300.0,500.0,2.7,29.9,0.4
body_p2,18,Al6061_body18_p2,DE045126-2C5E-4E72-8491-E202079EAC7C,6,180,2025-07-29 13:49:57.696467,7,0.0006680210239097,284,1,3,30.0005,AUTO,21,ARMED,100,25.33333,5,2713702.399,18,000454_D_A_PROGRAM_2.NC,30,100,0,6,100,10000.0,740945.404000001,1,416.419324038792,9,211.150142866232,30,-338.611864604816,5002.666666666667,41.24,UNAVAILABLE,42.53033333333333,60.0,EDB34637-67D8-465A-AFBA-010AD86D34F6,0.8833333333333333,DE045126-2C5E-4E72-8491-E202079EAC7C,1.3103333333333331,7100.0,2200.0,3.2,36.8,0.6,131.83333333333334,300.0,100.0,2.9,23.0,0.1,600.0,200.0,3.5,23.0,0.1,4900.0,1800.0,2.8,25.4,0.7,1300.0,400.0,3.1,24.3,0.2,2900.0,1500.0,2.0,29.9,1.4
body_p2,18,Al6061_body18_p2,DE045126-2C5E-4E72-8491-E202079EAC7C,6,181,2025-07-29 13:49:58.696763,7,0.0006680210239097,287,1,3,30.0005,AUTO,21,ARMED,100,24.46667,5,2713702.399,18,000454_D_A_PROGRAM_2.NC,31,100,0,0,100,10000.0,740945.404000001,6,415.439779840439,4,214.91224048798,39,-336.791901153415,4878.666666666667,40.29333333333333,UNAVAILABLE,42.531666666666666,60.0,EDB34637-67D8-465A-AFBA-010AD86D34F6,0.8766666666666666,DE045126-2C5E-4E72-8491-E202079EAC7C,1.3103333333333331,3600.0,1100.0,3.4,36.8,0.5,131.9,500.0,100.0,3.5,23.0,0.3,1000.0,200.0,5.5,23.0,0.1,3900.0,1400.0,2.7,25.4,0.6,2200.0,300.0,7.0,24.3,0.2,7200.0,2300.0,3.1,29.9,2.0
body_p2,18,Al6061_body18_p2,DE045126-2C5E-4E72-8491-E202079EAC7C,6,182,2025-07-29 13:49:59.696931,7,0.0006680210239097,295,1,3,30.0005,AUTO,21,ARMED,100,25.1,5,2713702.399,18,000454_D_A_PROGRAM_2.NC,32,100,0,0,100,10000.0,740945.404000001,4,338.501970876691,10,216.530966535135,31,-338.611876047575,1066.0,9.926666666666668,UNAVAILABLE,42.531666666666666,60.0,EDB34637-67D8-465A-AFBA-010AD86D34F6,0.8033333333333333,DE045126-2C5E-4E72-8491-E202079EAC7C,1.3103333333333331,3600.0,1100.0,3.4,36.8,0.6,133.93333333333334,400.0,100.0,3.7,23.0,0.1,600.0,200.0,3.4,23.0,0.1,4100.0,1500.0,2.8,25.4,0.5,1300.0,300.0,4.8,24.3,0.2,3700.0,2200.0,1.6,29.9,2.2
body_p2,18,Al6061_body18_p2,DE045126-2C5E-4E72-8491-E202079EAC7C,6,183,2025-07-29 13:50:00.697155,7,0.0006680210239097,298,1,3,30.0005,AUTO,21,ARMED,100,25.2,5,2713702.399,18,000454_D_A_PROGRAM_2.NC,33,100,0,0,100,10000.0,740945.404000001,9,340.596891081998,3,218.720981405252,32,-338.611944704132,1043.3333333333333,8.99,UNAVAILABLE,42.532,59.99,EDB34637-67D8-465A-AFBA-010AD86D34F6,0.85,DE045126-2C5E-4E72-8491-E202079EAC7C,1.3103333333333331,3900.0,1100.0,3.5,36.8,0.5,133.93333333333334,400.0,100.0,3.8,23.0,0.4,600.0,200.0,4.0,23.0,0.1,4100.0,1400.0,2.9,25.4,0.5,2000.0,300.0,6.8,24.3,0.2,6800.0,2300.0,2.9,29.9,2.1
body_p2,18,Al6061_body18_p2,DE045126-2C5E-4E72-8491-E202079EAC7C,6,184,2025-07-29 13:50:01.697407,7,0.0006680210239097,307,1,3,30.0005,AUTO,21,ARMED,100,17.5,5,2713702.399,18,000454_D_A_PROGRAM_2.NC,34,100,0,0,100,10000.0,740945.404000001,5,361.591960327963,6,256.095624186613,26,-338.070416110494,1038.6666666666667,8.826666666666668,UNAVAILABLE,42.533,59.99,EDB34637-67D8-465A-AFBA-010AD86D34F6,0.8700000000000001,DE045126-2C5E-4E72-8491-E202079EAC7C,1.3103333333333331,4100.0,1100.0,3.8,36.8,0.6,133.93333333333334,500.0,100.0,4.1,23.0,0.4,700.0,200.0,4.3,23.0,0.1,4200.0,1400.0,3.1,25.4,0.5,3500.0,300.0,10.3,24.3,0.2,7700.0,2200.0,3.5,29.9,2.1
body_p2,18,Al6061_body18_p2,DE045126-2C5E-4E72-8491-E202079EAC7C,6,185,2025-07-29 13:50:02.697597,7,0.0006680210239097,311,1,3,30.0005,AUTO,21,ARMED,100,25.35,5,2713702.399,18,000454_D_A_PROGRAM_2.NC,35,100,0,0,100,10000.0,740945.404000001,2,366.013449613387,8,255.962321537053,31,-338.611887490335,1027.6666666666667,8.713333333333333,UNAVAILABLE,42.533,59.99,EDB34637-67D8-465A-AFBA-010AD86D34F6,0.8099999999999999,DE045126-2C5E-4E72-8491-E202079EAC7C,1.3103333333333331,3700.0,1100.0,3.2,36.8,0.5,133.93333333333334,300.0,100.0,3.2,23.0,0.3,600.0,200.0,3.4,23.0,0.2,4600.0,1400.0,3.2,25.4,0.5,1400.0,300.0,4.5,24.3,0.2,3700.0,2200.0,1.7,29.9,2.1
body_p2,18,Al6061_body18_p2,DE045126-2C5E-4E72-8491-E202079EAC7C,6,186,2025-07-29 13:50:03.697852,7,0.0006680210239097,318,1,3,30.0005,AUTO,21,ARMED,100,132.3,5,2713702.399,18,000454_D_A_PROGRAM_2.NC,36,100,0,0,100,10000.0,740945.404000001,5,342.076315969776,7,293.832115632447,30,-335.789622400171,1043.6666666666667,8.87,UNAVAILABLE,42.533,59.99,EDB34637-67D8-465A-AFBA-010AD86D34F6,0.8766666666666666,DE045126-2C5E-4E72-8491-E202079EAC7C,1.3103333333333331,3600.0,1100.0,3.3,36.8,0.5,133.93333333333334,400.0,100.0,3.8,23.0,0.7,1600.0,200.0,8.6,23.0,0.1,6300.0,1400.0,4.7,25.4,0.5,2000.0,400.0,5.5,24.3,0.2,7700.0,2200.0,3.5,29.9,2.0
body_p2,18,Al6061_body18_p2,DE045126-2C5E-4E72-8491-E202079EAC7C,6,187,2025-07-29 13:50:05.991441,7,0.0006680210239097,331,1,3,30.0005,AUTO,21,ARMED,100,25.26667,5,2713702.399,18,000454_D_A_PROGRAM_2.NC,38,100,0,0,100,10000.0,740945.404000001,77,418.069017025055,4,293.837311309443,27,-335.789656728449,1211.0,10.71,UNAVAILABLE,42.53433333333333,59.99,EDB34637-67D8-465A-AFBA-010AD86D34F6,0.8733333333333334,DE045126-2C5E-4E72-8491-E202079EAC7C,1.3103333333333331,3400.0,1100.0,3.1,36.8,0.5,133.83333333333334,400.0,100.0,3.3,23.0,0.5,700.0,100.0,4.8,23.0,0.1,3900.0,1300.0,2.9,25.4,0.5,1800.0,300.0,5.8,24.3,0.2,4800.0,2100.0,2.3,29.9,2.0
body_p2,18,Al6061_body18_p2,DE045126-2C5E-4E72-8491-E202079EAC7C,6,188,2025-07-29 13:50:07.052908,7,0.0006680210239097,337,1,3,30.0005,AUTO,21,ARMED,100,25.33333,5,2713702.399,18,000454_D_A_PROGRAM_2.NC,39,100,0,1,100,10000.0,740945.404000001,3,421.846219076215,7,293.360442003851,31,-338.611864604816,1211.0,10.71,UNAVAILABLE,42.53433333333333,59.99,EDB34637-67D8-465A-AFBA-010AD86D34F6,0.8733333333333334,DE045126-2C5E-4E72-8491-E202079EAC7C,1.3103333333333331,3800.0,1100.0,3.3,36.8,0.5,133.83333333333334,400.0,100.0,2.9,23.0,0.2,700.0,200.0,3.6,23.0,0.1,4400.0,1400.0,3.1,25.4,0.5,1100.0,300.0,3.8,24.3,0.2,3400.0,2100.0,1.7,29.9,2.0
body_p2,19,Al6061_body19_p2,DE045126-2C5E-4E72-8491-E202079EAC7C,6,239,2025-07-29 13:56:17.358139,7,0.0006680210239097,278,1,3,30.0005,AUTO,21,ARMED,100,224.7833,5,2714062.879,19,000454_D_A_PROGRAM_2.NC,26,100,0,27,100,3729.83750071763,741305.643000001,45,418.073892998747,22,217.837825621326,38,-110.218236830904,587.3333333333334,6.656666666666666,UNAVAILABLE,42.63333333333333,60.01,EDB34637-67D8-465A-AFBA-010AD86D34F6,0.91,DE045126-2C5E-4E72-8491-E202079EAC7C,1.3163333333333334,9500.0,2100.0,4.5,36.5,0.2,132.5,200.0,100.0,4.0,23.0,0.1,1700.0,400.0,4.5,23.0,0.1,3200.0,700.0,4.8,25.4,0.2,26600.0,5300.0,5.0,24.3,0.1,52000.0,12600.0,4.1,29.8,1.3
body_p2,19,Al6061_body19_p2,DE045126-2C5E-4E72-8491-E202079EAC7C,6,240,2025-07-29 13:56:18.358435,7,0.0006680210239097,279,1,3,30.0005,AUTO,21,ARMED,100,0.0,5,2714062.879,19,000454_D_A_PROGRAM_2.NC,27,100,0,13,100,6285.11021256166,741305.643000001,5,418.073789985218,5,217.837997272315,29,-335.563902526148,5633.0,47.84,UNAVAILABLE,42.63433333333333,60.0,EDB34637-67D8-465A-AFBA-010AD86D34F6,1.0,DE045126-2C5E-4E72-8491-E202079EAC7C,1.3163333333333334,7400.0,2000.0,3.8,36.5,0.2,129.66666666666666,300.0,100.0,3.1,23.0,0.1,300.0,100.0,3.9,23.1,0.1,1900.0,600.0,3.0,25.4,0.2,1100.0,300.0,3.9,24.3,0.1,800.0,300.0,2.5,29.8,0.1
body_p2,19,Al6061_body19_p2,DE045126-2C5E-4E72-8491-E202079EAC7C,6,241,2025-07-29 13:56:19.520311,7,0.0006680210239097,279,1,3,30.0005,AUTO,21,ARMED,100,0.0,5,2714062.879,19,000454_D_A_PROGRAM_2.NC,28,100,0,9,100,8095.40413936324,741305.643000001,5,418.073801431166,5,217.837997272315,29,-335.563925411667,5925.0,49.36666666666667,UNAVAILABLE,42.638,60.01,EDB34637-67D8-465A-AFBA-010AD86D34F6,0.9266666666666667,DE045126-2C5E-4E72-8491-E202079EAC7C,1.3163333333333334,10600.0,3000.0,3.5,36.5,0.3,129.5,400.0,100.0,2.8,23.0,0.2,500.0,100.0,3.7,23.0,0.1,2200.0,800.0,2.8,25.4,0.3,1300.0,300.0,4.9,24.3,0.1,1200.0,400.0,3.2,29.8,0.3
body_p2,19,Al6061_body19_p2,DE045126-2C5E-4E72-8491-E202079EAC7C,6,242,2025-07-29 13:56:20.520568,7,0.0006680210239097,279,1,3,30.0005,AUTO,21,ARMED,100,14.13333,5,2714062.879,19,000454_D_A_PROGRAM_2.NC,29,100,0,7,100,10000.0,741305.643000001,5,418.073824323061,5,217.837997272315,30,-336.095761988003,5098.333333333333,43.836666666666666,UNAVAILABLE,42.639333333333326,60.01,EDB34637-67D8-465A-AFBA-010AD86D34F6,0.8833333333333333,DE045126-2C5E-4E72-8491-E202079EAC7C,1.3163333333333334,7900.0,2200.0,3.6,36.5,0.5,129.93333333333334,500.0,200.0,3.0,23.0,0.5,600.0,100.0,4.4,23.0,0.1,4200.0,1100.0,3.9,25.4,0.4,2900.0,400.0,7.8,24.3,0.2,4700.0,1000.0,4.7,29.8,0.9
body_p2,19,Al6061_body19_p2,DE045126-2C5E-4E72-8491-E202079EAC7C,6,243,2025-07-29 13:56:21.520726,7,0.0006680210239097,285,1,3,30.0005,AUTO,21,ARMED,100,25.33333,5,2714062.879,19,000454_D_A_PROGRAM_2.NC,30,100,0,0,100,10000.0,741305.643000001,9,419.407346646916,7,219.005785637943,30,-338.611784505499,5098.333333333333,43.836666666666666,UNAVAILABLE,42.639333333333326,60.01,EDB34637-67D8-465A-AFBA-010AD86D34F6,0.8833333333333333,DE045126-2C5E-4E72-8491-E202079EAC7C,1.3163333333333334,6400.0,1400.0,4.7,36.5,0.5,129.93333333333334,400.0,200.0,2.7,23.0,0.2,700.0,200.0,3.7,23.0,0.1,4800.0,1700.0,2.9,25.4,0.6,1600.0,300.0,4.8,24.3,0.2,2800.0,1600.0,1.8,29.8,1.5
body_p2,19,Al6061_body19_p2,DE045126-2C5E-4E72-8491-E202079EAC7C,6,244,2025-07-29 13:56:22.521032,7,0.0006680210239097,291,1,3,30.0005,AUTO,21,ARMED,100,266.6667,5,2714062.879,19,000454_D_A_PROGRAM_2.NC,31,100,0,0,100,10000.0,741305.643000001,82,347.736918283724,8,217.612355864524,38,-335.563809193489,4561.0,38.10333333333333,UNAVAILABLE,42.64033333333333,60.01,EDB34637-67D8-465A-AFBA-010AD86D34F6,0.6433333333333334,DE045126-2C5E-4E72-8491-E202079EAC7C,1.3163333333333334,3600.0,1100.0,3.3,36.5,0.5,130.16666666666666,500.0,100.0,4.0,23.0,0.4,1700.0,300.0,6.4,23.0,0.1,3700.0,1400.0,2.7,25.4,0.5,1400.0,300.0,4.6,24.3,0.2,6800.0,1700.0,4.0,29.8,1.6
body_p2,19,Al6061_body19_p2,DE045126-2C5E-4E72-8491-E202079EAC7C,6,245,2025-07-29 13:56:23.521183,7,0.0006680210239097,298,1,3,30.0005,AUTO,21,ARMED,100,25.33333,5,2714062.879,19,000454_D_A_PROGRAM_2.NC,32,100,0,0,100,10000.0,741305.643000001,8,345.460031092126,3,211.955042656722,32,-338.611853162056,1235.3333333333333,9.346666666666668,UNAVAILABLE,42.64033333333333,60.0,EDB34637-67D8-465A-AFBA-010AD86D34F6,0.9866666666666668,DE045126-2C5E-4E72-8491-E202079EAC7C,1.3163333333333334,6200.0,1100.0,5.4,36.5,0.6,132.1,400.0,100.0,3.2,23.0,0.1,600.0,200.0,3.5,23.0,0.1,3800.0,1400.0,2.7,25.4,0.5,1100.0,300.0,4.0,24.3,0.2,2900.0,1600.0,1.8,29.8,1.6
body_p2,19,Al6061_body19_p2,DE045126-2C5E-4E72-8491-E202079EAC7C,6,246,2025-07-29 13:56:24.521474,7,0.0006680210239097,304,1,3,30.0005,AUTO,21,ARMED,100,91.71667,5,2714062.879,19,000454_D_A_PROGRAM_2.NC,33,100,0,0,100,10000.0,741305.643000001,12,343.35591961655,11,222.190807211737,41,-335.563774863992,1039.6666666666667,8.936666666666666,UNAVAILABLE,42.641333333333336,60.0,EDB34637-67D8-465A-AFBA-010AD86D34F6,0.8766666666666666,DE045126-2C5E-4E72-8491-E202079EAC7C,1.3163333333333334,3700.0,1100.0,3.4,36.5,0.6,132.13333333333333,500.0,100.0,3.2,23.0,0.6,2900.0,400.0,7.7,23.0,0.1,18500.0,3600.0,5.1,25.4,0.5,2200.0,400.0,5.9,24.3,0.2,7600.0,1800.0,4.3,29.8,1.6
body_p2,19,Al6061_body19_p2,DE045126-2C5E-4E72-8491-E202079EAC7C,6,247,2025-07-29 13:56:25.521757,7,0.0006680210239097,311,1,3,30.0005,AUTO,21,ARMED,100,25.35,5,2714062.879,19,000454_D_A_PROGRAM_2.NC,35,100,0,0,100,10000.0,741305.643000001,9,363.997089415737,4,248.425840362545,31,-338.611956146892,1145.6666666666667,10.103333333333332,UNAVAILABLE,42.64166666666667,60.0,EDB34637-67D8-465A-AFBA-010AD86D34F6,0.7733333333333333,DE045126-2C5E-4E72-8491-E202079EAC7C,1.3163333333333334,3900.0,1200.0,3.4,36.5,0.6,132.06666666666666,400.0,200.0,2.6,23.0,0.2,700.0,200.0,3.7,23.0,0.1,5400.0,1400.0,3.9,25.4,0.5,1100.0,300.0,3.8,24.3,0.2,2900.0,1600.0,1.8,29.7,1.5
body_p2,19,Al6061_body19_p2,DE045126-2C5E-4E72-8491-E202079EAC7C,6,248,2025-07-29 13:56:26.522006,7,0.0006680210239097,315,1,3,30.0005,AUTO,21,ARMED,100,13.33333,5,2714062.879,19,000454_D_A_PROGRAM_2.NC,36,100,0,0,100,10000.0,741305.643000001,5,359.107776060979,7,253.180323514561,39,-338.590263263852,1039.0,8.953333333333333,UNAVAILABLE,42.64233333333333,60.0,EDB34637-67D8-465A-AFBA-010AD86D34F6,0.8766666666666666,DE045126-2C5E-4E72-8491-E202079EAC7C,1.3163333333333334,3600.0,1100.0,3.2,36.5,0.6,132.1,500.0,100.0,3.8,23.0,0.4,2200.0,300.0,6.7,23.0,0.1,21800.0,3600.0,6.1,25.4,0.5,2600.0,300.0,7.6,24.3,0.2,5600.0,1800.0,3.1,29.7,1.6
body_p2,19,Al6061_body19_p2,DE045126-2C5E-4E72-8491-E202079EAC7C,6,249,2025-07-29 13:56:27.522185,7,0.0006680210239097,323,1,3,30.0005,AUTO,21,ARMED,100,25.33333,5,2714062.879,19,000454_D_A_PROGRAM_2.NC,36,100,0,0,100,10000.0,741305.643000001,5,338.175960877962,10,290.632292459797,30,-338.611864604816,1120.0,9.806666666666668,UNAVAILABLE,42.64233333333333,60.0,EDB34637-67D8-465A-AFBA-010AD86D34F6,0.8766666666666666,DE045126-2C5E-4E72-8491-E202079EAC7C,1.3163333333333334,3800.0,1100.0,3.3,36.5,0.6,132.13333333333335,300.0,100.0,2.9,23.0,0.1,700.0,200.0,3.7,23.0,0.1,5300.0,1400.0,3.9,25.4,0.5,1100.0,300.0,3.9,24.3,0.2,2900.0,1700.0,1.8,29.7,1.6
body_p2,19,Al6061_body19_p2,DE045126-2C5E-4E72-8491-E202079EAC7C,6,250,2025-07-29 13:56:28.522365,7,0.0006680210239097,328,1,3,30.0005,AUTO,21,ARMED,100,11.35,5,2714062.879,19,000454_D_A_PROGRAM_2.NC,38,100,0,0,100,10000.0,741305.643000001,6,339.440057393702,7,290.912046235473,41,-337.188601370286,1026.6666666666667,8.826666666666666,UNAVAILABLE,42.64266666666666,60.0,EDB34637-67D8-465A-AFBA-010AD86D34F6,0.8833333333333334,DE045126-2C5E-4E72-8491-E202079EAC7C,1.3163333333333334,3900.0,1100.0,3.5,36.5,0.6,132.13333333333333,500.0,100.0,3.8,23.0,0.2,1200.0,200.0,5.9,23.0,0.1,3300.0,1300.0,2.6,25.4,0.5,2200.0,300.0,6.9,24.3,0.2,6800.0,1800.0,3.7,29.7,1.5
body_p2,19,Al6061_body19_p2,DE045126-2C5E-4E72-8491-E202079EAC7C,6,251,2025-07-29 13:56:29.797541,7,0.0006680210239097,336,1,3,30.0005,AUTO,21,ARMED,100,25.33333,5,2714062.879,19,000454_D_A_PROGRAM_2.NC,39,100,0,0,100,10000.0,741305.643000001,1,414.17526588389,8,290.632590009323,31,-338.611830276537,1082.3333333333333,9.386666666666668,UNAVAILABLE,42.643,60.0,EDB34637-67D8-465A-AFBA-010AD86D34F6,0.9866666666666668,DE045126-2C5E-4E72-8491-E202079EAC7C,1.3163333333333334,3800.0,1100.0,3.4,36.5,0.6,132.1,300.0,100.0,2.8,23.0,0.1,700.0,200.0,3.8,23.0,0.1,3700.0,1400.0,2.8,25.4,0.5,1200.0,300.0,4.2,24.3,0.2,2900.0,1600.0,1.7,29.7,1.6
body_p2,19,Al6061_body19_p2,DE045126-2C5E-4E72-8491-E202079EAC7C,6,252,2025-07-29 13:56:30.797751,7,0.0006680210239097,341,1,3,30.0005,AUTO,21,ARMED,100,25.18333,5,2714062.879,19,000454_D_A_PROGRAM_2.NC,40,100,0,1,100,10000.0,741305.643000001,5,415.152498000821,3,291.238240625659,31,-338.613012276779,1045.6666666666667,9.003333333333332,UNAVAILABLE,42.64333333333333,60.01,EDB34637-67D8-465A-AFBA-010AD86D34F6,0.8700000000000001,DE045126-2C5E-4E72-8491-E202079EAC7C,1.3163333333333334,4100.0,1100.0,3.7,36.5,0.6,132.1,400.0,100.0,3.4,23.0,0.4,700.0,100.0,5.1,23.0,0.1,4500.0,1300.0,3.4,25.4,0.5,2400.0,300.0,7.6,24.3,0.2,6300.0,1800.0,3.5,29.7,1.5
body_p2,20,Al6061_body20_p2,DE045126-2C5E-4E72-8491-E202079EAC7C,6,232,2025-07-29 14:01:56.810582,7,0.0006680210239097,28,1,3,30.0005,AUTO,21,ARMED,100,0.0,5,2714423.162,20,O9735.FNC,25,100,0,0,100,0.0,741305.643000001,4,32.4256084152549,4,491.650001896484,35,-99.8669982674121,623.0,5.656666666666666,UNAVAILABLE,42.73766666666666,60.02,EDB34637-67D8-465A-AFBA-010AD86D34F6,0.63,DE045126-2C5E-4E72-8491-E202079EAC7C,1.3226666666666669,700.0,100.0,6.1,36.4,0.0,133.46666666666667,400.0,100.0,5.0,23.0,0.3,2200.0,300.0,7.0,23.1,0.0,20500.0,3300.0,6.3,25.4,0.1,1600.0,100.0,12.5,24.3,0.1,500.0,100.0,3.7,29.8,0.1
body_p2,20,Al6061_body20_p2,DE045126-2C5E-4E72-8491-E202079EAC7C,6,233,2025-07-29 14:01:57.843612,7,0.0006680210239097,277,1,3,30.0005,AUTO,21,ARMED,100,620.7833,5,2714423.162,20,000454_D_A_PROGRAM_2.NC,26,100,0,41,100,2200.51797209411,741305.643000001,23,357.86487712521,15,260.585837357715,35,-99.8669982674121,623.0,5.656666666666666,UNAVAILABLE,42.73766666666666,60.02,EDB34637-67D8-465A-AFBA-010AD86D34F6,0.63,DE045126-2C5E-4E72-8491-E202079EAC7C,1.3226666666666669,6700.0,1900.0,3.4,36.4,0.1,133.46666666666667,500.0,100.0,5.8,23.0,0.3,5500.0,800.0,6.7,23.1,0.1,26400.0,4400.0,6.0,25.4,0.2,3100.0,700.0,4.5,24.3,0.1,10900.0,900.0,12.0,29.8,0.1
body_p2,20,Al6061_body20_p2,DE045126-2C5E-4E72-8491-E202079EAC7C,6,234,2025-07-29 14:01:58.843871,7,0.0006680210239097,278,1,3,30.0005,AUTO,21,ARMED,100,0.0,5,2714423.162,20,000454_D_A_PROGRAM_2.NC,27,100,0,17,100,5156.54537890515,741305.643000001,5,418.073812877113,5,217.837997272315,28,-335.563673670958,2638.333333333333,23.97666666666667,UNAVAILABLE,42.73766666666666,60.02,EDB34637-67D8-465A-AFBA-010AD86D34F6,1.0,DE045126-2C5E-4E72-8491-E202079EAC7C,1.3226666666666669,9100.0,2300.0,4.0,36.4,0.2,132.46666666666667,200.0,100.0,3.5,23.0,0.1,500.0,100.0,6.1,23.1,0.1,1400.0,400.0,3.5,25.4,0.2,19000.0,1900.0,10.0,24.3,0.1,61400.0,3600.0,16.8,29.8,0.4
body_p2,20,Al6061_body20_p2,DE045126-2C5E-4E72-8491-E202079EAC7C,6,235,2025-07-29 14:01:59.844165,7,0.0006680210239097,279,1,3,30.0005,AUTO,21,ARMED,100,0.0,5,2714423.162,20,000454_D_A_PROGRAM_2.NC,28,100,0,11,100,7386.12489701524,741305.643000001,5,418.073801431166,5,217.837997272315,30,-335.563925411667,5911.0,48.84333333333333,UNAVAILABLE,42.74099999999999,60.03,EDB34637-67D8-465A-AFBA-010AD86D34F6,0.9333333333333332,DE045126-2C5E-4E72-8491-E202079EAC7C,1.3226666666666669,9500.0,2500.0,3.7,36.4,0.2,130.6,400.0,200.0,2.5,23.0,0.2,500.0,100.0,3.9,23.1,0.1,2200.0,700.0,3.3,25.4,0.3,1100.0,300.0,4.0,24.3,0.1,800.0,300.0,2.8,29.8,0.1
body_p2,20,Al6061_body20_p2,DE045126-2C5E-4E72-8491-E202079EAC7C,6,236,2025-07-29 14:02:00.844368,7,0.0006680210239097,279,1,3,30.0005,AUTO,21,ARMED,100,0.0,5,2714423.162,20,000454_D_A_PROGRAM_2.NC,29,100,0,8,100,8747.62649049762,741305.643000001,5,418.073789985218,5,217.837997272315,30,-335.563925411667,5929.0,48.98666666666667,UNAVAILABLE,42.74333333333334,60.02,EDB34637-67D8-465A-AFBA-010AD86D34F6,0.8966666666666666,DE045126-2C5E-4E72-8491-E202079EAC7C,1.3226666666666669,6900.0,2100.0,3.4,36.4,0.3,130.6,400.0,200.0,2.6,23.0,0.2,400.0,100.0,3.7,23.1,0.1,2000.0,600.0,3.2,25.4,0.3,1100.0,300.0,4.1,24.3,0.1,1400.0,500.0,2.8,29.8,0.5
body_p2,20,Al6061_body20_p2,DE045126-2C5E-4E72-8491-E202079EAC7C,6,237,2025-07-29 14:02:01.844551,7,0.0006680210239097,284,1,3,30.0005,AUTO,21,ARMED,100,25.33333,5,2714423.162,20,000454_D_A_PROGRAM_2.NC,30,100,0,5,100,10000.0,741305.643000001,10,415.378727155769,7,211.928454225824,32,-338.611830276537,5000.333333333333,41.42666666666667,UNAVAILABLE,42.74433333333334,60.02,EDB34637-67D8-465A-AFBA-010AD86D34F6,0.92,DE045126-2C5E-4E72-8491-E202079EAC7C,1.3226666666666669,7100.0,2100.0,3.3,36.4,0.6,131.1,400.0,100.0,2.5,23.0,0.2,700.0,200.0,3.7,23.1,0.1,5000.0,1900.0,2.6,25.4,0.8,1600.0,400.0,3.6,24.3,0.2,2700.0,1400.0,1.9,29.8,1.4
body_p2,20,Al6061_body20_p2,DE045126-2C5E-4E72-8491-E202079EAC7C,6,238,2025-07-29 14:02:02.844807,7,0.0006680210239097,289,1,3,30.0005,AUTO,21,ARMED,100,22.45,5,2714423.162,20,000454_D_A_PROGRAM_2.NC,31,100,0,0,100,10000.0,741305.643000001,7,415.439688272858,7,214.912229044581,44,-336.791786721761,2014.0,20.45,UNAVAILABLE,42.745000000000005,60.03,EDB34637-67D8-465A-AFBA-010AD86D34F6,0.43,DE045126-2C5E-4E72-8491-E202079EAC7C,1.3226666666666669,4000.0,1100.0,3.5,36.4,0.6,132.73333333333332,500.0,100.0,3.4,23.0,0.3,1500.0,200.0,7.1,23.1,0.1,4600.0,1400.0,3.2,25.4,0.6,2100.0,300.0,6.5,24.3,0.2,6900.0,2100.0,3.3,29.8,1.8
body_p2,20,Al6061_body20_p2,DE045126-2C5E-4E72-8491-E202079EAC7C,6,239,2025-07-29 14:02:03.845003,7,0.0006680210239097,295,1,3,30.0005,AUTO,21,ARMED,100,20.26667,5,2714423.162,20,000454_D_A_PROGRAM_2.NC,32,100,0,1,100,10000.0,741305.643000001,16,340.185748357901,4,218.428808534473,29,-338.61200191793,1234.3333333333333,10.95,UNAVAILABLE,42.745000000000005,60.02,EDB34637-67D8-465A-AFBA-010AD86D34F6,0.9233333333333332,DE045126-2C5E-4E72-8491-E202079EAC7C,1.3226666666666669,3500.0,1100.0,3.2,36.4,0.6,133.13333333333333,400.0,100.0,2.8,23.0,0.2,600.0,200.0,3.4,23.1,0.1,4100.0,1400.0,2.9,25.4,0.5,1700.0,300.0,5.6,24.3,0.2,3900.0,1900.0,2.0,29.8,1.8
body_p2,20,Al6061_body20_p2,DE045126-2C5E-4E72-8491-E202079EAC7C,6,240,2025-07-29 14:02:04.845299,7,0.0006680210239097,298,1,3,30.0005,AUTO,21,ARMED,100,25.33333,5,2714423.162,20,000454_D_A_PROGRAM_2.NC,33,100,0,0,100,10000.0,741305.643000001,10,340.591214938954,4,218.718269319619,30,-338.611841719297,1048.0,8.933333333333334,UNAVAILABLE,42.74533333333333,60.02,EDB34637-67D8-465A-AFBA-010AD86D34F6,0.88,DE045126-2C5E-4E72-8491-E202079EAC7C,1.3226666666666669,4000.0,1100.0,3.5,36.4,0.5,133.26666666666665,300.0,100.0,2.9,23.0,0.4,600.0,200.0,3.9,23.1,0.1,4000.0,1400.0,2.8,25.4,0.5,1900.0,300.0,6.5,24.3,0.2,6800.0,2100.0,3.2,29.8,1.9
body_p2,20,Al6061_body20_p2,DE045126-2C5E-4E72-8491-E202079EAC7C,6,241,2025-07-29 14:02:05.845511,7,0.0006680210239097,306,1,3,30.0005,AUTO,21,ARMED,100,22.78333,5,2714423.162,20,000454_D_A_PROGRAM_2.NC,34,100,0,0,100,10000.0,741305.643000001,19,360.463846815741,14,256.693323145969,29,-338.611807391018,1164.6666666666667,10.213333333333331,UNAVAILABLE,42.745666666666665,60.02,EDB34637-67D8-465A-AFBA-010AD86D34F6,0.9533333333333333,DE045126-2C5E-4E72-8491-E202079EAC7C,1.3226666666666669,3500.0,1100.0,3.1,36.4,0.6,133.23333333333332,400.0,200.0,2.7,23.0,0.4,700.0,200.0,4.1,23.1,0.1,4000.0,1400.0,2.8,25.4,0.5,2700.0,300.0,8.6,24.3,0.2,4700.0,2000.0,2.4,29.8,1.9
body_p2,20,Al6061_body20_p2,DE045126-2C5E-4E72-8491-E202079EAC7C,6,242,2025-07-29 14:02:06.845810,7,0.0006680210239097,311,1,3,30.0005,AUTO,21,ARMED,100,25.35,5,2714423.162,20,000454_D_A_PROGRAM_2.NC,35,100,0,1,100,10000.0,741305.643000001,0,363.870794744335,7,257.395542460616,31,-338.61199047517,1045.0,8.92,UNAVAILABLE,42.746,60.02,EDB34637-67D8-465A-AFBA-010AD86D34F6,0.8766666666666666,DE045126-2C5E-4E72-8491-E202079EAC7C,1.3226666666666669,4100.0,1200.0,3.6,36.4,0.5,133.26666666666665,400.0,200.0,2.6,23.0,0.3,600.0,200.0,3.4,23.1,0.1,5800.0,1400.0,4.1,25.4,0.5,1200.0,300.0,3.9,24.3,0.2,3500.0,2000.0,1.8,29.8,1.9
body_p2,20,Al6061_body20_p2,DE045126-2C5E-4E72-8491-E202079EAC7C,6,243,2025-07-29 14:02:07.846122,7,0.0006680210239097,318,1,3,30.0005,AUTO,21,ARMED,100,33.21667,5,2714423.162,20,000454_D_A_PROGRAM_2.NC,36,100,0,0,100,10000.0,741305.643000001,16,342.883163682152,36,291.905824108356,36,-335.571145792916,1045.0,8.92,UNAVAILABLE,42.746,60.02,EDB34637-67D8-465A-AFBA-010AD86D34F6,0.8766666666666666,DE045126-2C5E-4E72-8491-E202079EAC7C,1.3226666666666669,3500.0,1100.0,3.1,36.4,0.6,133.26666666666665,500.0,100.0,3.9,23.0,0.8,2200.0,300.0,7.9,23.1,0.1,17100.0,1900.0,9.2,25.4,0.5,1800.0,400.0,5.1,24.3,0.2,7500.0,2000.0,3.8,29.8,1.9
body_p2,20,Al6061_body20_p2,DE045126-2C5E-4E72-8491-E202079EAC7C,6,244,2025-07-29 14:02:08.846269,7,0.0006680210239097,324,1,3,30.0005,AUTO,21,ARMED,100,25.33333,5,2714423.162,20,000454_D_A_PROGRAM_2.NC,37,100,0,1,100,10000.0,741305.643000001,9,346.45162227799,3,289.633127414691,31,-338.611853162056,1075.3333333333333,9.233333333333334,UNAVAILABLE,42.746,60.02,EDB34637-67D8-465A-AFBA-010AD86D34F6,0.9,DE045126-2C5E-4E72-8491-E202079EAC7C,1.3226666666666669,4000.0,1200.0,3.5,36.4,0.5,133.23333333333332,300.0,100.0,2.8,23.0,0.1,800.0,200.0,4.3,23.1,0.1,4700.0,1400.0,3.3,25.4,0.5,1100.0,300.0,3.7,24.3,0.2,3300.0,2000.0,1.7,29.8,1.9
body_p2,20,Al6061_body20_p2,DE045126-2C5E-4E72-8491-E202079EAC7C,6,245,2025-07-29 14:02:09.846575,7,0.0006680210239097,330,1,3,30.0005,AUTO,21,ARMED,100,229.4333,5,2714423.162,20,000454_D_A_PROGRAM_2.NC,38,100,0,0,100,10000.0,741305.643000001,13,389.023538859005,2,292.756599050089,43,-335.563706205,1034.0,8.826666666666666,UNAVAILABLE,42.74633333333333,60.02,EDB34637-67D8-465A-AFBA-010AD86D34F6,0.8933333333333334,DE045126-2C5E-4E72-8491-E202079EAC7C,1.3226666666666669,3700.0,1100.0,3.3,36.4,0.6,133.26666666666665,500.0,100.0,3.5,23.0,0.2,1200.0,200.0,5.1,23.1,0.2,4800.0,1400.0,3.5,25.4,0.5,2000.0,300.0,5.6,24.3,0.2,5200.0,2100.0,2.5,29.8,1.9
body_p2,20,Al6061_body20_p2,DE045126-2C5E-4E72-8491-E202079EAC7C,6,246,2025-07-29 14:02:10.846722,7,0.0006680210239097,337,1,3,30.0005,AUTO,21,ARMED,100,25.33333,5,2714423.162,20,000454_D_A_PROGRAM_2.NC,39,100,0,0,100,10000.0,741305.643000001,10,417.262306635947,5,286.811527659336,32,-338.611933261373,1047.0,8.973333333333334,UNAVAILABLE,42.74766666666667,60.02,EDB34637-67D8-465A-AFBA-010AD86D34F6,0.73,DE045126-2C5E-4E72-8491-E202079EAC7C,1.3226666666666669,4000.0,1100.0,3.4,36.4,0.6,133.26666666666665,400.0,100.0,2.7,23.0,0.2,800.0,200.0,4.0,23.1,0.1,3700.0,1400.0,2.6,25.4,0.5,1100.0,300.0,3.7,24.3,0.2,3300.0,2000.0,1.7,29.8,1.9
body_p2,20,Al6061_body20_p2,DE045126-2C5E-4E72-8491-E202079EAC7C,6,247,2025-07-29 14:02:11.846862,7,0.0006680210239097,341,1,3,30.0005,AUTO,21,ARMED,100,2.3,5,2714423.162,20,000454_D_A_PROGRAM_2.NC,40,100,0,1,100,10000.0,741305.643000001,6,415.439997313444,7,290.911153586895,31,-335.564266920107,1051.0,8.956666666666667,UNAVAILABLE,42.74766666666667,60.02,EDB34637-67D8-465A-AFBA-010AD86D34F6,0.88,DE045126-2C5E-4E72-8491-E202079EAC7C,1.3226666666666669,4000.0,1100.0,3.6,36.4,0.6,133.29999999999998,300.0,100.0,2.9,23.0,0.1,400.0,100.0,3.1,23.1,0.1,2600.0,1300.0,2.0,25.4,0.5,2400.0,400.0,6.8,24.3,0.2,6800.0,2000.0,3.4,29.8,1.8
body_p2,21,Al6061_body21_p2,DE045126-2C5E-4E72-8491-E202079EAC7C,6,223,2025-07-30 13:49:43.782424,2,0.0001678978379824,277,1,20,30.0005,AUTO,21,ARMED,100,359.2167,5,2736760.487,21,000454_D_A_PROGRAM_2.NC,10,100,0,0,100,0.0,753915.714999998,86,51.3286443445713,47,478.22866571935,38,-99.8669982674121,730.6666666666666,7.09,UNAVAILABLE,48.336666666666666,60.0,EDB34637-67D8-465A-AFBA-010AD86D34F6,0.9466666666666668,DE045126-2C5E-4E72-8491-E202079EAC7C,1.538333333333333,11000.0,800.0,13.7,36.5,0.3,131.49999999999997,200.0,0.0,4.2,23.4,0.0,500.0,100.0,7.3,22.4,0.1,1200.0,300.0,3.6,25.5,0.1,7600.0,400.0,17.3,24.8,0.2,800.0,200.0,4.3,30.0,0.4
body_p2,21,Al6061_body21_p2,DE045126-2C5E-4E72-8491-E202079EAC7C,6,224,2025-07-30 13:49:44.782663,2,0.0006680210239083,278,1,20,30.0005,AUTO,21,ARMED,100,377.65,5,2736760.487,21,000454_D_A_PROGRAM_2.NC,11,100,0,24,100,3808.29295587101,753915.714999998,1,418.073892998747,2,217.837859951524,38,-111.537213230594,1876.0,19.596666666666664,UNAVAILABLE,48.337,59.99,EDB34637-67D8-465A-AFBA-010AD86D34F6,1.0,DE045126-2C5E-4E72-8491-E202079EAC7C,1.538333333333333,7100.0,1600.0,4.4,36.5,0.1,130.96666666666667,1800.0,500.0,3.5,23.4,0.3,5300.0,1100.0,4.7,22.4,0.1,30100.0,8900.0,3.4,25.5,0.4,3000.0,500.0,5.6,24.8,0.0,1100.0,200.0,5.2,30.1,0.2
body_p2,21,Al6061_body21_p2,DE045126-2C5E-4E72-8491-E202079EAC7C,6,225,2025-07-30 13:49:45.782860,2,0.0006680210239083,279,1,20,30.0005,AUTO,21,ARMED,100,0.0,5,2736760.487,21,000454_D_A_PROGRAM_2.NC,12,100,0,13,100,6431.08626706531,753915.714999998,5,418.073801431166,5,217.838008715715,29,-336.105705746014,6143.666666666667,51.59,UNAVAILABLE,48.33833333333333,60.0,EDB34637-67D8-465A-AFBA-010AD86D34F6,0.9966666666666668,DE045126-2C5E-4E72-8491-E202079EAC7C,1.538333333333333,9500.0,2200.0,4.4,36.5,0.2,128.5666666666667,600.0,100.0,4.1,23.4,0.1,1900.0,400.0,5.2,22.4,0.1,3100.0,700.0,4.7,25.5,0.2,29500.0,5300.0,5.6,24.8,0.1,47600.0,12500.0,3.8,30.1,1.3
body_p2,21,Al6061_body21_p2,DE045126-2C5E-4E72-8491-E202079EAC7C,6,226,2025-07-30 13:49:46.783056,2,0.0006680210239083,279,1,20,30.0005,AUTO,21,ARMED,100,0.0,5,2736760.487,21,000454_D_A_PROGRAM_2.NC,13,100,0,9,100,8124.9923863118,753915.714999998,5,418.073812877113,5,217.837997272315,29,-336.105694303255,5909.0,49.59333333333333,UNAVAILABLE,48.34066666666666,59.99,EDB34637-67D8-465A-AFBA-010AD86D34F6,0.9266666666666667,DE045126-2C5E-4E72-8491-E202079EAC7C,1.538333333333333,7900.0,2100.0,3.9,36.5,0.2,128.66666666666666,300.0,100.0,3.7,23.4,0.1,400.0,100.0,4.6,22.4,0.1,1500.0,400.0,3.4,25.5,0.2,1000.0,300.0,3.6,24.8,0.1,500.0,100.0,3.8,30.1,0.1
body_p2,21,Al6061_body21_p2,DE045126-2C5E-4E72-8491-E202079EAC7C,6,227,2025-07-30 13:49:47.783203,2,0.0006680210239083,279,1,20,30.0005,AUTO,21,ARMED,100,0.0,5,2736760.487,21,000454_D_A_PROGRAM_2.NC,14,100,0,7,100,10000.0,753915.714999998,5,418.073824323061,5,217.838008715715,29,-336.105740074293,5506.333333333333,46.84333333333333,UNAVAILABLE,48.342000000000006,59.99,EDB34637-67D8-465A-AFBA-010AD86D34F6,0.8833333333333333,DE045126-2C5E-4E72-8491-E202079EAC7C,1.538333333333333,10800.0,3100.0,3.5,36.5,0.2,128.86666666666667,300.0,100.0,3.3,23.4,0.1,400.0,100.0,3.2,22.4,0.1,1700.0,600.0,2.6,25.5,0.3,1200.0,300.0,4.4,24.8,0.1,900.0,300.0,3.4,30.1,0.3
body_p2,21,Al6061_body21_p2,DE045126-2C5E-4E72-8491-E202079EAC7C,6,228,2025-07-30 13:49:48.783425,2,0.0006680210239083,285,1,20,30.0005,AUTO,21,ARMED,100,25.33333,5,2736760.487,21,000454_D_A_PROGRAM_2.NC,15,100,0,4,100,10000.0,753915.714999998,6,422.375840970315,11,213.414180493565,31,-339.15371359572,4904.333333333333,41.09,UNAVAILABLE,48.34333333333333,59.99,EDB34637-67D8-465A-AFBA-010AD86D34F6,0.8866666666666667,DE045126-2C5E-4E72-8491-E202079EAC7C,1.538333333333333,7200.0,2100.0,3.4,36.5,0.5,129.26666666666668,400.0,100.0,3.9,23.4,0.4,500.0,100.0,4.7,22.4,0.1,3700.0,1000.0,3.8,25.5,0.4,2300.0,400.0,6.0,24.8,0.1,5400.0,1000.0,5.4,30.1,0.9
body_p2,21,Al6061_body21_p2,DE045126-2C5E-4E72-8491-E202079EAC7C,6,229,2025-07-30 13:49:49.783650,2,0.0006680210239083,291,1,20,30.0005,AUTO,21,ARMED,100,228.0333,5,2736760.487,21,000454_D_A_PROGRAM_2.NC,16,100,0,0,100,10000.0,753915.714999998,90,388.941057903049,9,215.969093551802,38,-336.105597305179,3407.333333333333,31.063333333333333,UNAVAILABLE,48.34433333333334,59.99,EDB34637-67D8-465A-AFBA-010AD86D34F6,0.3466666666666667,DE045126-2C5E-4E72-8491-E202079EAC7C,1.538333333333333,6400.0,1400.0,4.6,36.5,0.5,130.03333333333333,700.0,200.0,3.7,23.4,0.2,800.0,200.0,4.4,22.4,0.1,4200.0,1600.0,2.6,25.5,0.6,1500.0,300.0,4.4,24.8,0.2,2600.0,1300.0,1.9,30.1,1.3
body_p2,21,Al6061_body21_p2,DE045126-2C5E-4E72-8491-E202079EAC7C,6,230,2025-07-30 13:49:50.783882,2,0.0006680210239083,298,1,20,30.0005,AUTO,21,ARMED,100,25.33333,5,2736760.487,21,000454_D_A_PROGRAM_2.NC,17,100,0,0,100,10000.0,753915.714999998,8,344.998744982742,4,211.540058816245,30,-339.153747923998,1195.3333333333333,10.673333333333334,UNAVAILABLE,48.34466666666666,59.99,EDB34637-67D8-465A-AFBA-010AD86D34F6,0.84,DE045126-2C5E-4E72-8491-E202079EAC7C,1.538333333333333,3800.0,1100.0,3.5,36.5,0.5,131.23333333333335,900.0,100.0,6.2,23.4,0.3,1500.0,300.0,5.5,22.4,0.1,4000.0,1300.0,3.1,25.5,0.5,2200.0,300.0,7.1,24.8,0.2,4000.0,1400.0,2.8,30.1,1.3
body_p2,21,Al6061_body21_p2,DE045126-2C5E-4E72-8491-E202079EAC7C,6,231,2025-07-30 13:49:51.784080,2,0.0006680210239083,302,1,20,30.0005,AUTO,21,ARMED,100,9.35,5,2736760.487,21,000454_D_A_PROGRAM_2.NC,18,100,0,0,100,10000.0,753915.714999998,18,341.529303069534,18,218.793224286828,40,-336.105677407337,1015.6666666666666,8.756666666666668,UNAVAILABLE,48.34466666666666,59.99,EDB34637-67D8-465A-AFBA-010AD86D34F6,0.8966666666666666,DE045126-2C5E-4E72-8491-E202079EAC7C,1.538333333333333,3600.0,1100.0,3.3,36.5,0.5,131.33333333333334,700.0,300.0,2.8,23.4,0.1,600.0,200.0,3.3,22.4,0.2,3600.0,1400.0,2.6,25.5,0.5,1000.0,300.0,3.7,24.8,0.2,2600.0,1400.0,1.8,30.1,1.4
body_p2,21,Al6061_body21_p2,DE045126-2C5E-4E72-8491-E202079EAC7C,6,232,2025-07-30 13:49:52.784231,2,0.0006680210239083,311,1,20,30.0005,AUTO,21,ARMED,100,25.35,5,2736760.487,21,000454_D_A_PROGRAM_2.NC,19,100,0,0,100,10000.0,753915.714999998,9,358.719252127261,7,249.91756329019,31,-339.153622053644,1176.3333333333333,9.34,UNAVAILABLE,48.345333333333336,59.99,EDB34637-67D8-465A-AFBA-010AD86D34F6,0.9533333333333333,DE045126-2C5E-4E72-8491-E202079EAC7C,1.538333333333333,3400.0,1100.0,3.2,36.5,0.5,131.29999999999998,800.0,100.0,5.8,23.4,0.6,2800.0,400.0,7.2,22.4,0.1,19800.0,3600.0,5.5,25.5,0.5,2100.0,300.0,6.0,24.8,0.2,3200.0,1400.0,2.3,30.1,1.3
body_p2,21,Al6061_body21_p2,DE045126-2C5E-4E72-8491-E202079EAC7C,6,233,2025-07-30 13:49:53.784474,2,0.0006680210239083,316,1,20,30.0005,AUTO,21,ARMED,100,15.68333,5,2736760.487,21,000454_D_A_PROGRAM_2.NC,20,100,0,0,100,10000.0,753915.714999998,5,358.896993177716,7,253.637521664502,33,-336.131127007311,1031.6666666666667,8.903333333333334,UNAVAILABLE,48.345666666666666,59.99,EDB34637-67D8-465A-AFBA-010AD86D34F6,0.8733333333333334,DE045126-2C5E-4E72-8491-E202079EAC7C,1.538333333333333,3500.0,1100.0,3.3,36.5,0.5,131.36666666666667,800.0,200.0,3.2,23.4,0.1,600.0,200.0,3.6,22.4,0.1,3600.0,1400.0,2.7,25.5,0.5,1100.0,300.0,4.0,24.8,0.2,2500.0,1400.0,1.8,30.1,1.3
body_p2,21,Al6061_body21_p2,DE045126-2C5E-4E72-8491-E202079EAC7C,6,234,2025-07-30 13:49:54.784741,2,0.0006680210239083,323,1,20,30.0005,AUTO,21,ARMED,100,25.33333,5,2736760.487,21,000454_D_A_PROGRAM_2.NC,21,100,0,0,100,10000.0,753915.714999998,3,338.762398939619,10,288.731099762241,30,-339.153690710201,1032.3333333333333,8.926666666666668,UNAVAILABLE,48.345666666666666,59.99,EDB34637-67D8-465A-AFBA-010AD86D34F6,0.92,DE045126-2C5E-4E72-8491-E202079EAC7C,1.538333333333333,3400.0,1100.0,3.2,36.5,0.5,131.29999999999998,600.0,100.0,4.7,23.4,0.6,2300.0,400.0,6.3,22.4,0.1,19700.0,3600.0,5.5,25.5,0.5,2300.0,400.0,6.5,24.8,0.2,6300.0,1500.0,4.2,30.1,1.3
body_p2,21,Al6061_body21_p2,DE045126-2C5E-4E72-8491-E202079EAC7C,6,235,2025-07-30 13:49:55.784890,2,0.0006680210239083,326,1,20,30.0005,AUTO,21,ARMED,100,25.2,5,2736760.487,21,000454_D_A_PROGRAM_2.NC,22,100,0,1,100,10000.0,753915.714999998,3,339.439050318739,13,290.913671313655,32,-338.346226317333,1037.6666666666667,8.853333333333333,UNAVAILABLE,48.346,59.99,EDB34637-67D8-465A-AFBA-010AD86D34F6,0.8966666666666666,DE045126-2C5E-4E72-8491-E202079EAC7C,1.538333333333333,3800.0,1100.0,3.5,36.7,0.5,131.29999999999998,800.0,200.0,3.7,23.4,0.1,600.0,200.0,3.5,22.4,0.1,3900.0,1400.0,2.9,25.5,0.5,1000.0,300.0,4.0,24.8,0.2,2600.0,1400.0,1.9,30.1,1.3
body_p2,21,Al6061_body21_p2,DE045126-2C5E-4E72-8491-E202079EAC7C,6,236,2025-07-30 13:49:56.785113,2,0.0006680210239083,333,1,20,30.0005,AUTO,21,ARMED,100,10.08333,5,2736760.487,21,000454_D_A_PROGRAM_2.NC,23,100,0,0,100,10000.0,753915.714999998,6,418.07392733659,6,293.837517305448,20,-338.160642269202,1041.3333333333333,8.736666666666666,UNAVAILABLE,48.34633333333333,60.0,EDB34637-67D8-465A-AFBA-010AD86D34F6,0.9066666666666666,DE045126-2C5E-4E72-8491-E202079EAC7C,1.538333333333333,3700.0,1100.0,3.4,36.7,0.5,131.26666666666665,1000.0,200.0,4.8,23.4,0.2,1000.0,200.0,6.0,22.4,0.1,3500.0,1300.0,2.8,25.5,0.5,2100.0,300.0,7.2,24.8,0.2,5500.0,1500.0,3.7,30.1,1.3
body_p2,21,Al6061_body21_p2,DE045126-2C5E-4E72-8491-E202079EAC7C,6,237,2025-07-30 13:49:57.785313,2,0.0006680210239083,337,1,20,30.0005,AUTO,21,ARMED,100,25.33333,5,2736760.487,21,000454_D_A_PROGRAM_2.NC,24,100,0,0,100,10000.0,753915.714999998,8,420.350478501456,5,294.652220057993,32,-339.153644939163,1147.0,11.006666666666666,UNAVAILABLE,48.34666666666666,60.0,EDB34637-67D8-465A-AFBA-010AD86D34F6,0.79,DE045126-2C5E-4E72-8491-E202079EAC7C,1.538333333333333,3300.0,1100.0,3.1,36.7,0.5,131.16666666666666,500.0,100.0,4.2,23.4,0.4,500.0,200.0,3.4,22.4,0.1,4100.0,1400.0,3.0,25.5,0.5,2000.0,300.0,6.9,24.8,0.2,6500.0,1300.0,4.9,30.1,1.2
body_p2,22,Al6061_body22_p2,DE045126-2C5E-4E72-8491-E202079EAC7C,6,201,2025-07-30 14:01:21.941693,2,0.0001678978379824,4,1,20,30.0005,AUTO,21,ARMED,100,0.0,5,2737481.401,22,O9735.FNC,0,100,0,0,100,0.0,754276.087000001,5,32.4255855258421,4,491.650001896484,35,-99.8669982674121,731.3333333333334,6.866666666666667,UNAVAILABLE,48.507,60.02,EDB34637-67D8-465A-AFBA-010AD86D34F6,0.8366666666666666,DE045126-2C5E-4E72-8491-E202079EAC7C,1.5463333333333331,8400.0,700.0,11.9,35.9,0.2,131.36666666666667,700.0,100.0,7.3,23.4,0.2,1400.0,100.0,10.8,22.5,0.1,2100.0,400.0,5.4,25.5,0.1,6600.0,600.0,10.7,24.6,0.1,3700.0,400.0,9.1,29.9,0.3
body_p2,22,Al6061_body22_p2,DE045126-2C5E-4E72-8491-E202079EAC7C,6,202,2025-07-30 14:01:22.941957,2,0.0001678978379824,277,1,20,30.0005,AUTO,21,ARMED,100,545.4833,5,2737481.401,22,000454_D_A_PROGRAM_2.NC,1,100,0,35,100,2519.95372688671,754276.087000001,36,411.490527299205,17,222.512042270614,35,-99.8670097108772,730.6666666666666,7.233333333333333,UNAVAILABLE,48.508,60.02,EDB34637-67D8-465A-AFBA-010AD86D34F6,1.0,DE045126-2C5E-4E72-8491-E202079EAC7C,1.5463333333333331,4400.0,200.0,17.5,35.9,0.1,131.39999999999998,1900.0,300.0,5.5,23.4,0.3,3300.0,500.0,7.1,22.5,0.1,29500.0,5200.0,5.6,25.5,0.2,1700.0,200.0,10.6,24.6,0.1,500.0,100.0,3.5,29.9,0.1
body_p2,22,Al6061_body22_p2,DE045126-2C5E-4E72-8491-E202079EAC7C,6,203,2025-07-30 14:01:23.942130,2,0.0006680210239083,279,1,20,30.0005,AUTO,21,ARMED,100,0.0,5,2737481.401,22,000454_D_A_PROGRAM_2.NC,2,100,0,14,100,5701.37206308806,754276.087000001,5,418.073801431166,5,217.837985828916,28,-336.232583063421,2022.0,7.043333333333333,UNAVAILABLE,48.508,60.02,EDB34637-67D8-465A-AFBA-010AD86D34F6,1.0,DE045126-2C5E-4E72-8491-E202079EAC7C,1.5463333333333331,7000.0,1900.0,3.6,35.9,0.1,130.76666666666668,600.0,100.0,5.6,23.4,0.2,5900.0,500.0,11.8,22.5,0.1,18600.0,2100.0,8.7,25.5,0.1,9300.0,900.0,10.3,24.6,0.0,33900.0,3800.0,8.9,29.9,0.4
body_p2,22,Al6061_body22_p2,DE045126-2C5E-4E72-8491-E202079EAC7C,6,204,2025-07-30 14:01:24.942382,2,0.0006680210239083,279,1,20,30.0005,AUTO,21,ARMED,100,0.0,5,2737481.401,22,000454_D_A_PROGRAM_2.NC,3,100,0,10,100,7692.43039968745,754276.087000001,5,418.073801431166,5,217.837997272315,29,-336.232502964104,6189.333333333333,48.06,UNAVAILABLE,48.50899999999999,60.02,EDB34637-67D8-465A-AFBA-010AD86D34F6,0.9966666666666668,DE045126-2C5E-4E72-8491-E202079EAC7C,1.5463333333333331,7300.0,2200.0,3.3,35.9,0.2,128.46666666666667,200.0,100.0,4.2,23.4,0.1,300.0,100.0,3.8,22.5,0.1,1300.0,400.0,3.1,25.5,0.2,11200.0,800.0,14.4,24.6,0.1,6600.0,400.0,16.5,29.9,0.2
body_p2,22,Al6061_body22_p2,DE045126-2C5E-4E72-8491-E202079EAC7C,6,205,2025-07-30 14:01:25.942620,2,0.0006680210239083,279,1,20,30.0005,AUTO,21,ARMED,100,0.0,5,2737481.401,22,000454_D_A_PROGRAM_2.NC,4,100,0,7,100,8905.09340095143,754276.087000001,5,418.073789985218,5,217.837997272315,29,-336.232502964104,5947.666666666667,49.803333333333335,UNAVAILABLE,48.511,60.02,EDB34637-67D8-465A-AFBA-010AD86D34F6,0.9266666666666667,DE045126-2C5E-4E72-8491-E202079EAC7C,1.5463333333333331,10200.0,2900.0,3.6,35.9,0.2,128.53333333333333,300.0,100.0,2.9,23.4,0.1,400.0,100.0,3.4,22.5,0.1,2000.0,700.0,3.1,25.5,0.3,900.0,300.0,3.7,24.6,0.1,600.0,200.0,3.9,29.9,0.1
body_p2,22,Al6061_body22_p2,DE045126-2C5E-4E72-8491-E202079EAC7C,6,206,2025-07-30 14:01:26.942899,2,0.0006680210239083,284,1,20,30.0005,AUTO,21,ARMED,100,25.33333,5,2737481.401,22,000454_D_A_PROGRAM_2.NC,5,100,0,6,100,10000.0,754276.087000001,2,415.88404285183,8,211.483798059452,32,-339.280476485531,5849.666666666667,48.953333333333326,UNAVAILABLE,48.513,60.02,EDB34637-67D8-465A-AFBA-010AD86D34F6,0.9166666666666666,DE045126-2C5E-4E72-8491-E202079EAC7C,1.5463333333333331,7700.0,2100.0,3.7,35.9,0.3,128.63333333333333,300.0,100.0,3.2,23.4,0.1,400.0,100.0,3.7,22.5,0.1,2100.0,700.0,3.0,25.5,0.3,900.0,300.0,3.4,24.6,0.1,3700.0,500.0,8.0,29.9,0.5
body_p2,22,Al6061_body22_p2,DE045126-2C5E-4E72-8491-E202079EAC7C,6,207,2025-07-30 14:01:27.943122,2,0.0006680210239083,289,1,20,30.0005,AUTO,21,ARMED,100,0.2,5,2737481.401,22,000454_D_A_PROGRAM_2.NC,6,100,0,0,100,10000.0,754276.087000001,6,415.43991719181,2,214.911931516199,32,-336.839848016677,4942.666666666667,41.42000000000001,UNAVAILABLE,48.51466666666667,60.02,EDB34637-67D8-465A-AFBA-010AD86D34F6,0.9266666666666667,DE045126-2C5E-4E72-8491-E202079EAC7C,1.5463333333333331,7000.0,2100.0,3.3,35.9,0.5,129.16666666666666,700.0,200.0,3.4,23.4,0.1,700.0,200.0,4.2,22.5,0.1,5100.0,2000.0,2.6,25.5,0.8,1400.0,400.0,3.2,24.6,0.2,3200.0,1600.0,2.0,29.9,1.6
body_p2,22,Al6061_body22_p2,DE045126-2C5E-4E72-8491-E202079EAC7C,6,208,2025-07-30 14:01:28.943415,2,0.0006680210239083,297,1,20,30.0005,AUTO,21,ARMED,100,25.2,5,2737481.401,22,000454_D_A_PROGRAM_2.NC,7,100,0,0,100,10000.0,754276.087000001,4,338.469408789464,9,213.326276893005,30,-339.280453600012,3119.333333333333,29.2,UNAVAILABLE,48.51466666666667,60.02,EDB34637-67D8-465A-AFBA-010AD86D34F6,0.43,DE045126-2C5E-4E72-8491-E202079EAC7C,1.5463333333333331,4000.0,1100.0,3.7,35.9,0.5,130.13333333333333,1100.0,200.0,5.6,23.4,0.2,1300.0,200.0,6.4,22.5,0.1,3600.0,1400.0,2.5,25.5,0.5,2100.0,300.0,7.2,24.6,0.2,6200.0,2000.0,3.1,29.9,1.8
body_p2,22,Al6061_body22_p2,DE045126-2C5E-4E72-8491-E202079EAC7C,6,209,2025-07-30 14:01:29.943641,2,0.0006680210239083,299,1,20,30.0005,AUTO,21,ARMED,100,25.13333,5,2737481.401,22,000454_D_A_PROGRAM_2.NC,8,100,0,0,100,10000.0,754276.087000001,3,338.637624640457,13,216.322685224582,31,-339.280579470366,1231.0,11.046666666666669,UNAVAILABLE,48.51566666666667,60.02,EDB34637-67D8-465A-AFBA-010AD86D34F6,0.9933333333333332,DE045126-2C5E-4E72-8491-E202079EAC7C,1.5463333333333331,3700.0,1100.0,3.4,35.9,0.5,131.1,800.0,200.0,3.6,23.4,0.1,600.0,200.0,3.7,22.5,0.1,4200.0,1500.0,2.9,25.5,0.5,1100.0,300.0,4.1,24.6,0.2,3400.0,2000.0,1.7,29.9,1.9
body_p2,22,Al6061_body22_p2,DE045126-2C5E-4E72-8491-E202079EAC7C,6,210,2025-07-30 14:01:30.943923,2,0.0006680210239083,310,1,20,30.0005,AUTO,21,ARMED,100,17.33333,5,2737481.401,22,000454_D_A_PROGRAM_2.NC,9,100,0,0,100,10000.0,754276.087000001,5,359.808840585709,6,256.6859039627,25,-339.280785440038,1031.0,8.9,UNAVAILABLE,48.51566666666667,60.02,EDB34637-67D8-465A-AFBA-010AD86D34F6,0.8766666666666666,DE045126-2C5E-4E72-8491-E202079EAC7C,1.5463333333333331,3700.0,1100.0,3.4,35.9,0.5,131.26666666666668,500.0,100.0,4.7,23.4,0.4,600.0,100.0,3.9,22.5,0.1,11800.0,1600.0,7.1,25.5,0.5,1400.0,300.0,4.9,24.6,0.2,9500.0,2000.0,4.7,29.9,1.8
body_p2,22,Al6061_body22_p2,DE045126-2C5E-4E72-8491-E202079EAC7C,6,211,2025-07-30 14:01:31.944208,2,0.0006680210239083,311,1,20,30.0005,AUTO,21,ARMED,100,25.35,5,2737481.401,22,000454_D_A_PROGRAM_2.NC,10,100,0,0,100,10000.0,754276.087000001,8,363.213465350772,6,257.558199617055,31,-339.280453600012,1085.3333333333333,9.506666666666666,UNAVAILABLE,48.51566666666667,60.02,EDB34637-67D8-465A-AFBA-010AD86D34F6,0.91,DE045126-2C5E-4E72-8491-E202079EAC7C,1.5463333333333331,3700.0,1100.0,3.4,35.9,0.5,131.3,1000.0,300.0,3.3,23.4,0.3,600.0,200.0,3.6,22.5,0.1,4700.0,1400.0,3.3,25.5,0.5,1600.0,300.0,5.5,24.6,0.2,3900.0,1900.0,2.1,29.9,1.8
body_p2,22,Al6061_body22_p2,DE045126-2C5E-4E72-8491-E202079EAC7C,6,212,2025-07-30 14:01:32.944499,2,0.0006680210239083,317,1,20,30.0005,AUTO,21,ARMED,100,22.1,5,2737481.401,22,000454_D_A_PROGRAM_2.NC,11,100,0,0,100,10000.0,754276.087000001,5,342.074931265526,5,293.835835004746,32,-336.462456659144,1028.3333333333333,8.883333333333333,UNAVAILABLE,48.516,60.02,EDB34637-67D8-465A-AFBA-010AD86D34F6,0.89,DE045126-2C5E-4E72-8491-E202079EAC7C,1.5463333333333331,4400.0,1100.0,3.9,35.9,0.5,131.33333333333334,900.0,200.0,3.6,23.4,0.3,600.0,200.0,3.8,22.5,0.1,5200.0,1400.0,3.6,25.5,0.5,1200.0,300.0,4.1,24.6,0.2,3200.0,1900.0,1.7,29.9,1.8
body_p2,22,Al6061_body22_p2,DE045126-2C5E-4E72-8491-E202079EAC7C,6,213,2025-07-30 14:01:33.944768,2,0.0006680210239083,324,1,20,30.0005,AUTO,21,ARMED,100,25.33333,5,2737481.401,22,000454_D_A_PROGRAM_2.NC,12,100,0,0,100,10000.0,754276.087000001,11,346.18857861084,6,292.797786806715,32,-339.280419271733,1041.3333333333333,9.003333333333336,UNAVAILABLE,48.51666666666667,60.02,EDB34637-67D8-465A-AFBA-010AD86D34F6,0.89,DE045126-2C5E-4E72-8491-E202079EAC7C,1.5463333333333331,3700.0,1100.0,3.5,35.9,0.5,131.3,600.0,100.0,5.1,23.4,0.5,900.0,100.0,6.6,22.5,0.1,4200.0,1400.0,3.1,25.5,0.5,2000.0,300.0,6.2,24.6,0.2,5600.0,1900.0,3.0,29.9,1.8
body_p2,22,Al6061_body22_p2,DE045126-2C5E-4E72-8491-E202079EAC7C,6,214,2025-07-30 14:01:34.945024,2,0.0006680210239083,331,1,20,30.0005,AUTO,21,ARMED,100,255.0833,5,2737481.401,22,000454_D_A_PROGRAM_2.NC,13,100,0,0,100,10000.0,754276.087000001,93,360.65953721905,3,291.700674976578,36,-336.232364692103,1010.0,8.713333333333333,UNAVAILABLE,48.51666666666667,60.02,EDB34637-67D8-465A-AFBA-010AD86D34F6,0.8733333333333334,DE045126-2C5E-4E72-8491-E202079EAC7C,1.5463333333333331,3600.0,1100.0,3.2,35.9,0.5,131.26666666666668,800.0,300.0,3.2,23.4,0.2,600.0,200.0,3.5,22.5,0.1,4300.0,1400.0,3.0,25.5,0.5,1200.0,300.0,3.7,24.6,0.2,3500.0,2000.0,1.8,29.9,1.9
body_p2,22,Al6061_body22_p2,DE045126-2C5E-4E72-8491-E202079EAC7C,6,215,2025-07-30 14:01:35.945329,2,0.0006680210239083,337,1,20,30.0005,AUTO,21,ARMED,100,25.33333,5,2737481.401,22,000454_D_A_PROGRAM_2.NC,14,100,0,0,100,10000.0,754276.087000001,8,421.462065187056,5,287.957224033754,32,-339.280533699328,1028.6666666666667,8.876666666666667,UNAVAILABLE,48.51666666666667,60.02,EDB34637-67D8-465A-AFBA-010AD86D34F6,0.8733333333333334,DE045126-2C5E-4E72-8491-E202079EAC7C,1.5463333333333331,3400.0,1100.0,3.1,35.9,0.5,131.26666666666668,900.0,200.0,5.7,23.4,0.4,1200.0,200.0,5.6,22.5,0.1,3700.0,1300.0,2.8,25.5,0.5,1500.0,300.0,4.9,24.6,0.2,4600.0,1800.0,2.5,29.9,1.8
body_p2,23,Al6061_body23_p2,DE045126-2C5E-4E72-8491-E202079EAC7C,6,199,2025-07-30 14:07:19.706191,2,0.0001678978379824,29,1,20,30.0005,AUTO,21,ARMED,100,0.0,5,2737841.417,23,O9735.FNC,13,100,0,0,100,0.0,754276.087000001,4,32.4256084152549,5,491.650001896484,38,-99.8669982674121,673.3333333333334,5.936666666666667,UNAVAILABLE,48.61366666666667,60.0,EDB34637-67D8-465A-AFBA-010AD86D34F6,0.7833333333333333,DE045126-2C5E-4E72-8491-E202079EAC7C,1.5536666666666663,6600.0,600.0,11.3,36.0,0.2,131.4,600.0,100.0,6.7,23.4,0.2,800.0,100.0,7.4,22.5,0.2,2700.0,400.0,6.8,25.5,0.1,8200.0,700.0,11.6,24.6,0.1,2100.0,300.0,8.1,29.9,0.2
body_p2,23,Al6061_body23_p2,DE045126-2C5E-4E72-8491-E202079EAC7C,6,200,2025-07-30 14:07:20.706402,2,0.0006680210239083,277,1,20,30.0005,AUTO,21,ARMED,100,633.3333,5,2737841.417,23,000454_D_A_PROGRAM_2.NC,14,100,0,0,100,2208.34574868837,754276.087000001,22,379.310517078169,16,245.358286572518,38,-99.8670097108772,612.3333333333334,5.536666666666666,UNAVAILABLE,48.61366666666667,60.0,EDB34637-67D8-465A-AFBA-010AD86D34F6,0.7466666666666667,DE045126-2C5E-4E72-8491-E202079EAC7C,1.5536666666666663,1100.0,200.0,7.4,36.0,0.1,131.4333333333333,1100.0,200.0,7.2,23.4,0.2,700.0,100.0,8.4,22.5,0.0,13000.0,1600.0,7.9,25.5,0.1,1600.0,100.0,11.9,24.6,0.1,400.0,100.0,3.2,29.9,0.1
body_p2,23,Al6061_body23_p2,DE045126-2C5E-4E72-8491-E202079EAC7C,6,201,2025-07-30 14:07:21.706689,2,0.0006680210239083,278,1,20,30.0005,AUTO,21,ARMED,100,388.5333,5,2737841.417,23,000454_D_A_PROGRAM_2.NC,15,100,0,15,100,5521.48230513306,754276.087000001,5,418.073801431166,5,217.837985828916,62,-336.155790704374,2769.6666666666665,25.090000000000003,UNAVAILABLE,48.614,60.0,EDB34637-67D8-465A-AFBA-010AD86D34F6,0.9966666666666668,DE045126-2C5E-4E72-8491-E202079EAC7C,1.5536666666666663,5500.0,1500.0,3.6,36.0,0.1,130.3,1800.0,300.0,6.1,23.4,0.3,5300.0,1100.0,4.9,22.5,0.1,27200.0,6600.0,4.1,25.5,0.3,3100.0,800.0,4.1,24.6,0.1,800.0,200.0,3.8,29.9,0.1
body_p2,23,Al6061_body23_p2,DE045126-2C5E-4E72-8491-E202079EAC7C,6,202,2025-07-30 14:07:22.706860,2,0.0006680210239083,279,1,20,30.0005,AUTO,21,ARMED,100,0.0,5,2737841.417,23,000454_D_A_PROGRAM_2.NC,16,100,0,11,100,7219.64544583648,754276.087000001,5,418.07377853927,5,217.837997272315,29,-336.156305628551,6081.0,51.09666666666667,UNAVAILABLE,48.61533333333333,60.0,EDB34637-67D8-465A-AFBA-010AD86D34F6,0.8866666666666667,DE045126-2C5E-4E72-8491-E202079EAC7C,1.5536666666666663,10000.0,2200.0,4.5,36.0,0.2,128.4333333333333,200.0,100.0,3.7,23.4,0.1,300.0,100.0,4.4,22.5,0.1,1100.0,400.0,3.0,25.5,0.2,15200.0,1500.0,10.0,24.6,0.1,34600.0,2600.0,13.2,29.9,0.3
body_p2,23,Al6061_body23_p2,DE045126-2C5E-4E72-8491-E202079EAC7C,6,203,2025-07-30 14:07:23.707089,2,0.0006680210239083,279,1,20,30.0005,AUTO,21,ARMED,100,0.0,5,2737841.417,23,000454_D_A_PROGRAM_2.NC,17,100,0,8,100,8694.75317309393,754276.087000001,5,418.073812877113,5,217.837997272315,29,-336.156317071311,5953.333333333333,49.92333333333334,UNAVAILABLE,48.618,60.0,EDB34637-67D8-465A-AFBA-010AD86D34F6,0.9233333333333332,DE045126-2C5E-4E72-8491-E202079EAC7C,1.5536666666666663,9300.0,2600.0,3.5,36.0,0.2,128.5,300.0,100.0,3.2,23.4,0.1,400.0,100.0,4.1,22.5,0.1,2000.0,600.0,3.3,25.5,0.2,1000.0,300.0,3.9,24.6,0.1,500.0,100.0,3.7,29.9,0.1
body_p2,23,Al6061_body23_p2,DE045126-2C5E-4E72-8491-E202079EAC7C,6,204,2025-07-30 14:07:24.707376,2,0.0006680210239083,284,1,20,30.0005,AUTO,21,ARMED,100,25.33333,5,2737841.417,23,000454_D_A_PROGRAM_2.NC,18,100,0,6,100,10000.0,754276.087000001,8,414.625560909683,7,212.980022517162,31,-339.204324921016,5688.0,47.673333333333325,UNAVAILABLE,48.619,60.0,EDB34637-67D8-465A-AFBA-010AD86D34F6,0.8866666666666667,DE045126-2C5E-4E72-8491-E202079EAC7C,1.5536666666666663,7900.0,2300.0,3.5,36.0,0.3,128.63333333333333,400.0,100.0,3.6,23.4,0.1,300.0,100.0,3.6,22.5,0.1,2300.0,700.0,3.2,25.5,0.3,1000.0,300.0,4.0,24.6,0.1,1200.0,400.0,2.8,29.9,0.4
body_p2,23,Al6061_body23_p2,DE045126-2C5E-4E72-8491-E202079EAC7C,6,205,2025-07-30 14:07:25.707614,2,0.0006680210239083,285,1,20,30.0005,AUTO,21,ARMED,100,25.31667,5,2737841.417,23,000454_D_A_PROGRAM_2.NC,19,100,0,0,100,10000.0,754276.087000001,0,415.337613311875,2,215.02816212283,48,-339.200790470438,4815.0,42.01,UNAVAILABLE,48.620666666666665,60.0,EDB34637-67D8-465A-AFBA-010AD86D34F6,0.89,DE045126-2C5E-4E72-8491-E202079EAC7C,1.5536666666666663,7200.0,2100.0,3.4,36.0,0.6,129.0,500.0,100.0,3.4,23.4,0.1,600.0,200.0,3.6,22.5,0.1,4800.0,1800.0,2.6,25.5,0.7,1500.0,400.0,3.7,24.6,0.2,2400.0,1200.0,2.0,29.9,1.1
body_p2,23,Al6061_body23_p2,DE045126-2C5E-4E72-8491-E202079EAC7C,6,206,2025-07-30 14:07:26.707861,2,0.0006680210239083,293,1,20,30.0005,AUTO,21,ARMED,100,18.03333,5,2737841.417,23,000454_D_A_PROGRAM_2.NC,20,100,0,0,100,10000.0,754276.087000001,14,339.174067410949,12,217.63641035035,41,-339.204393577573,1069.6666666666667,9.556666666666668,UNAVAILABLE,48.621333333333325,60.0,EDB34637-67D8-465A-AFBA-010AD86D34F6,0.4633333333333334,DE045126-2C5E-4E72-8491-E202079EAC7C,1.5536666666666663,3400.0,1100.0,3.2,36.0,0.5,131.16666666666669,1200.0,200.0,6.9,23.4,0.4,500.0,200.0,3.4,22.5,0.1,4500.0,1400.0,3.3,25.5,0.5,1400.0,300.0,5.0,24.6,0.2,6100.0,1500.0,4.1,29.9,1.3
body_p2,23,Al6061_body23_p2,DE045126-2C5E-4E72-8491-E202079EAC7C,6,207,2025-07-30 14:07:27.708087,2,0.0006680210239083,298,1,20,30.0005,AUTO,21,ARMED,100,25.33333,5,2737841.417,23,000454_D_A_PROGRAM_2.NC,21,100,0,0,100,10000.0,754276.087000001,8,340.591237826628,3,218.718131998828,32,-339.204302035497,1027.6666666666667,8.943333333333333,UNAVAILABLE,48.621333333333325,60.0,EDB34637-67D8-465A-AFBA-010AD86D34F6,0.73,DE045126-2C5E-4E72-8491-E202079EAC7C,1.5536666666666663,4100.0,1100.0,3.8,36.0,0.5,131.20000000000002,700.0,100.0,4.7,23.4,0.3,600.0,200.0,3.5,22.5,0.1,3800.0,1400.0,2.7,25.5,0.5,1600.0,300.0,5.5,24.6,0.2,3300.0,1400.0,2.4,29.9,1.3
body_p2,23,Al6061_body23_p2,DE045126-2C5E-4E72-8491-E202079EAC7C,6,208,2025-07-30 14:07:28.708336,2,0.0006680210239083,308,1,20,30.0005,AUTO,21,ARMED,100,22.85,5,2737841.417,23,000454_D_A_PROGRAM_2.NC,22,100,0,1,100,10000.0,754276.087000001,5,361.445984225742,6,256.19897722818,28,-339.199702046176,1026.3333333333333,8.87,UNAVAILABLE,48.62199999999999,60.0,EDB34637-67D8-465A-AFBA-010AD86D34F6,0.8733333333333334,DE045126-2C5E-4E72-8491-E202079EAC7C,1.5536666666666663,3500.0,1100.0,3.2,36.0,0.5,131.16666666666669,500.0,100.0,4.3,23.4,0.4,700.0,200.0,3.8,22.5,0.1,4200.0,1400.0,3.1,25.5,0.5,1400.0,300.0,5.0,24.6,0.2,6100.0,1500.0,4.1,29.9,1.3
body_p2,23,Al6061_body23_p2,DE045126-2C5E-4E72-8491-E202079EAC7C,6,209,2025-07-30 14:07:29.708579,2,0.0006680210239083,311,1,20,30.0005,AUTO,21,ARMED,100,25.35,5,2737841.417,23,000454_D_A_PROGRAM_2.NC,23,100,0,1,100,10000.0,754276.087000001,2,366.013575499096,9,255.962264315792,32,-339.204382134814,1058.3333333333333,9.25,UNAVAILABLE,48.62199999999999,60.0,EDB34637-67D8-465A-AFBA-010AD86D34F6,0.7733333333333333,DE045126-2C5E-4E72-8491-E202079EAC7C,1.5536666666666663,3300.0,1100.0,3.1,36.0,0.5,131.20000000000002,700.0,200.0,3.7,23.4,0.4,600.0,200.0,3.9,22.5,0.1,5100.0,1400.0,3.8,25.5,0.5,2200.0,300.0,7.2,24.6,0.2,4800.0,1400.0,3.5,29.9,1.2
body_p2,23,Al6061_body23_p2,DE045126-2C5E-4E72-8491-E202079EAC7C,6,210,2025-07-30 14:07:30.708790,2,0.0006680210239083,317,1,20,30.0005,AUTO,21,ARMED,100,165.3833,5,2737841.417,23,000454_D_A_PROGRAM_2.NC,24,100,0,0,100,10000.0,754276.087000001,16,342.100039043427,20,293.773154998345,37,-336.326837073474,1020.3333333333334,8.83,UNAVAILABLE,48.62266666666667,60.0,EDB34637-67D8-465A-AFBA-010AD86D34F6,0.8833333333333334,DE045126-2C5E-4E72-8491-E202079EAC7C,1.5536666666666663,3900.0,1100.0,3.5,36.0,0.5,131.23333333333335,900.0,300.0,3.0,23.4,0.2,700.0,200.0,3.6,22.5,0.1,3800.0,1400.0,2.7,25.5,0.5,1100.0,300.0,3.4,24.6,0.2,2500.0,1300.0,1.9,29.9,1.3
body_p2,23,Al6061_body23_p2,DE045126-2C5E-4E72-8491-E202079EAC7C,6,211,2025-07-30 14:07:31.709042,2,0.0006680210239083,324,1,20,30.0005,AUTO,21,ARMED,100,25.33333,5,2737841.417,23,000454_D_A_PROGRAM_2.NC,25,100,0,0,100,10000.0,754276.087000001,9,346.451542169754,3,289.633138858914,32,-339.204199050662,1169.3333333333333,10.4,UNAVAILABLE,48.62266666666667,60.0,EDB34637-67D8-465A-AFBA-010AD86D34F6,0.9566666666666668,DE045126-2C5E-4E72-8491-E202079EAC7C,1.5536666666666663,3600.0,1100.0,3.3,36.0,0.5,131.16666666666669,700.0,100.0,6.0,23.4,0.7,3000.0,400.0,8.4,22.5,0.1,17400.0,2400.0,7.2,25.5,0.5,2000.0,300.0,5.8,24.6,0.2,4200.0,1400.0,3.1,29.9,1.2
body_p2,23,Al6061_body23_p2,DE045126-2C5E-4E72-8491-E202079EAC7C,6,212,2025-07-30 14:07:32.709254,2,0.0006680210239083,330,1,20,30.0005,AUTO,21,ARMED,100,192.9167,5,2737841.417,23,000454_D_A_PROGRAM_2.NC,26,100,0,0,100,10000.0,754276.087000001,96,353.403861291705,10,291.430465440128,38,-336.156118880668,1023.6666666666666,8.866666666666667,UNAVAILABLE,48.62266666666667,60.0,EDB34637-67D8-465A-AFBA-010AD86D34F6,0.8833333333333333,DE045126-2C5E-4E72-8491-E202079EAC7C,1.5536666666666663,3900.0,1100.0,3.5,36.0,0.5,131.23333333333335,700.0,300.0,2.6,23.4,0.1,700.0,200.0,3.7,22.5,0.2,4500.0,1400.0,3.2,25.5,0.5,1100.0,300.0,3.5,24.6,0.2,2700.0,1400.0,1.9,29.9,1.3
body_p2,23,Al6061_body23_p2,DE045126-2C5E-4E72-8491-E202079EAC7C,6,213,2025-07-30 14:07:33.709554,2,0.0006680210239083,336,1,20,30.0005,AUTO,21,ARMED,100,25.33333,5,2737841.417,23,000454_D_A_PROGRAM_2.NC,27,100,0,1,100,10000.0,754276.087000001,10,418.558445745803,6,286.653349436473,32,-339.204302035497,1201.0,10.74,UNAVAILABLE,48.623,60.0,EDB34637-67D8-465A-AFBA-010AD86D34F6,0.99,DE045126-2C5E-4E72-8491-E202079EAC7C,1.5536666666666663,3700.0,1100.0,3.4,36.0,0.5,131.13333333333335,1000.0,200.0,5.1,23.4,0.1,1300.0,200.0,6.1,22.5,0.2,3400.0,1300.0,2.6,25.5,0.5,1600.0,300.0,4.8,24.6,0.2,3200.0,1300.0,2.5,29.9,1.2
body_p2,23,Al6061_body23_p2,DE045126-2C5E-4E72-8491-E202079EAC7C,6,214,2025-07-30 14:07:34.709765,2,0.0006680210239083,341,1,20,30.0005,AUTO,21,ARMED,100,18.45,5,2737841.417,23,000454_D_A_PROGRAM_2.NC,28,100,0,1,100,10000.0,754276.087000001,6,415.440031651287,7,290.911165031107,40,-336.38481054231,1027.3333333333333,8.889999999999999,UNAVAILABLE,48.623333333333335,60.0,EDB34637-67D8-465A-AFBA-010AD86D34F6,0.88,DE045126-2C5E-4E72-8491-E202079EAC7C,1.5536666666666663,3600.0,1100.0,3.3,36.0,0.5,131.16666666666669,700.0,200.0,3.4,23.4,0.1,600.0,200.0,3.4,22.5,0.1,3900.0,1400.0,2.8,25.5,0.5,1200.0,300.0,4.1,24.6,0.2,2600.0,1300.0,1.9,29.9,1.3
body_p2,24,Al6061_body24_p2,DE045126-2C5E-4E72-8491-E202079EAC7C,6,223,2025-07-30 14:12:45.257863,2,0.0001678978379824,277,1,20,30.0005,AUTO,21,ARMED,100,459.6833,5,2738201.845,24,000454_D_A_PROGRAM_2.NC,15,100,0,14,100,364.993778515137,754636.210999999,62,111.245359135594,36,435.686237117343,35,-99.8669982674121,587.3333333333334,5.163333333333333,UNAVAILABLE,48.715,59.99,EDB34637-67D8-465A-AFBA-010AD86D34F6,0.7533333333333333,DE045126-2C5E-4E72-8491-E202079EAC7C,1.5606666666666669,12900.0,700.0,18.5,36.0,0.2,131.46666666666667,200.0,0.0,5.0,23.4,0.0,400.0,100.0,5.7,22.6,0.1,1000.0,300.0,2.9,25.5,0.1,7900.0,400.0,21.3,24.6,0.1,900.0,200.0,5.4,29.9,0.3
body_p2,24,Al6061_body24_p2,DE045126-2C5E-4E72-8491-E202079EAC7C,6,224,2025-07-30 14:12:46.258080,2,0.0006680210239083,278,1,20,30.0005,AUTO,21,ARMED,100,469.9833,5,2738201.845,24,000454_D_A_PROGRAM_2.NC,16,100,0,22,100,4125.44190889339,754636.210999999,7,418.073824323061,7,217.83791716852,29,-171.437259302637,519.6666666666666,4.68,UNAVAILABLE,48.71533333333334,59.99,EDB34637-67D8-465A-AFBA-010AD86D34F6,0.71,DE045126-2C5E-4E72-8491-E202079EAC7C,1.5606666666666669,6000.0,1400.0,4.3,36.0,0.1,131.46666666666667,2000.0,500.0,3.9,23.4,0.3,5800.0,1200.0,4.9,22.6,0.1,28200.0,9000.0,3.1,25.5,0.3,3100.0,600.0,5.0,24.6,0.1,1000.0,200.0,4.5,29.9,0.2
body_p2,24,Al6061_body24_p2,DE045126-2C5E-4E72-8491-E202079EAC7C,6,225,2025-07-30 14:12:47.258232,2,0.0006680210239083,279,1,20,30.0005,AUTO,21,ARMED,100,0.0,5,2738201.845,24,000454_D_A_PROGRAM_2.NC,17,100,0,13,100,6432.87680598899,754636.210999999,6,418.073801431166,5,217.837997272315,29,-336.156305628551,3472.333333333333,31.166666666666668,UNAVAILABLE,48.71533333333334,59.99,EDB34637-67D8-465A-AFBA-010AD86D34F6,1.0,DE045126-2C5E-4E72-8491-E202079EAC7C,1.5606666666666669,10900.0,2300.0,4.7,36.0,0.3,129.9,500.0,100.0,4.4,23.4,0.1,1800.0,400.0,4.6,22.6,0.1,3500.0,800.0,4.6,25.5,0.2,29300.0,5900.0,5.0,24.6,0.1,61300.0,14700.0,4.2,29.9,1.4
body_p2,24,Al6061_body24_p2,DE045126-2C5E-4E72-8491-E202079EAC7C,6,226,2025-07-30 14:12:48.258495,2,0.0006680210239083,279,1,20,30.0005,AUTO,21,ARMED,100,0.0,5,2738201.845,24,000454_D_A_PROGRAM_2.NC,18,100,0,9,100,8126.26141821,754636.210999999,6,418.073812877113,5,217.837997272315,29,-336.156317071311,5824.0,48.806666666666665,UNAVAILABLE,48.718,59.99,EDB34637-67D8-465A-AFBA-010AD86D34F6,0.9433333333333334,DE045126-2C5E-4E72-8491-E202079EAC7C,1.5606666666666669,6800.0,2000.0,3.4,36.0,0.2,128.56666666666666,300.0,100.0,4.0,23.4,0.1,400.0,100.0,4.2,22.6,0.1,1700.0,500.0,3.2,25.5,0.2,1100.0,300.0,3.8,24.6,0.1,500.0,100.0,3.8,29.9,0.1
body_p2,24,Al6061_body24_p2,DE045126-2C5E-4E72-8491-E202079EAC7C,6,227,2025-07-30 14:12:49.258750,2,0.0006680210239083,280,1,20,30.0005,AUTO,21,ARMED,100,23.63333,5,2738201.845,24,000454_D_A_PROGRAM_2.NC,19,100,0,6,100,10000.0,754636.210999999,6,418.073824323061,5,217.838020159114,17,-336.380274760369,5910.0,49.54333333333333,UNAVAILABLE,48.719,59.99,EDB34637-67D8-465A-AFBA-010AD86D34F6,0.92,DE045126-2C5E-4E72-8491-E202079EAC7C,1.5606666666666669,10500.0,3000.0,3.4,36.0,0.2,128.5,300.0,100.0,3.3,23.4,0.1,400.0,100.0,3.4,22.6,0.1,2100.0,800.0,2.7,25.5,0.3,1100.0,300.0,4.2,24.6,0.1,800.0,200.0,3.5,29.9,0.2
body_p2,24,Al6061_body24_p2,DE045126-2C5E-4E72-8491-E202079EAC7C,6,228,2025-07-30 14:12:50.258962,2,0.0006680210239083,285,1,20,30.0005,AUTO,21,ARMED,100,25.33333,5,2738201.845,24,000454_D_A_PROGRAM_2.NC,20,100,0,0,100,10000.0,754636.210999999,4,422.503351881624,9,215.973133075729,31,-339.204199050662,5365.333333333333,44.95666666666667,UNAVAILABLE,48.721,59.99,EDB34637-67D8-465A-AFBA-010AD86D34F6,0.8866666666666667,DE045126-2C5E-4E72-8491-E202079EAC7C,1.5606666666666669,8300.0,2100.0,3.9,36.0,0.5,128.8,500.0,100.0,4.1,23.4,0.4,700.0,200.0,4.3,22.6,0.1,3800.0,1100.0,3.5,25.5,0.4,2800.0,400.0,7.1,24.6,0.2,4200.0,1000.0,4.1,29.9,1.0
body_p2,24,Al6061_body24_p2,DE045126-2C5E-4E72-8491-E202079EAC7C,6,229,2025-07-30 14:12:51.259242,2,0.0006680210239083,291,1,20,30.0005,AUTO,21,ARMED,100,196.8667,5,2738201.845,24,000454_D_A_PROGRAM_2.NC,21,100,0,0,100,10000.0,754636.210999999,16,344.089263972208,7,217.75788171659,36,-336.164750385067,4766.666666666667,39.98333333333333,UNAVAILABLE,48.72233333333333,59.99,EDB34637-67D8-465A-AFBA-010AD86D34F6,0.88,DE045126-2C5E-4E72-8491-E202079EAC7C,1.5606666666666669,7100.0,1500.0,4.7,36.0,0.5,129.13333333333333,700.0,200.0,3.2,23.4,0.2,600.0,200.0,3.4,22.6,0.1,4400.0,1700.0,2.6,25.5,0.6,1400.0,300.0,4.1,24.6,0.2,3400.0,1900.0,1.8,29.9,1.8
body_p2,24,Al6061_body24_p2,DE045126-2C5E-4E72-8491-E202079EAC7C,6,230,2025-07-30 14:12:52.259454,2,0.0006680210239083,298,1,20,30.0005,AUTO,21,ARMED,100,25.33333,5,2738201.845,24,000454_D_A_PROGRAM_2.NC,22,100,0,0,100,10000.0,754636.210999999,4,343.861162259281,10,210.909938857278,32,-339.204393577573,1058.0,9.313333333333334,UNAVAILABLE,48.72299999999999,59.99,EDB34637-67D8-465A-AFBA-010AD86D34F6,0.8700000000000001,DE045126-2C5E-4E72-8491-E202079EAC7C,1.5606666666666669,3600.0,1100.0,3.4,36.0,0.5,131.16666666666669,800.0,100.0,5.3,23.4,0.4,1500.0,200.0,6.0,22.6,0.1,3500.0,1400.0,2.5,25.5,0.5,1600.0,300.0,5.3,24.6,0.2,5500.0,1900.0,2.9,29.9,1.8
body_p2,24,Al6061_body24_p2,DE045126-2C5E-4E72-8491-E202079EAC7C,6,231,2025-07-30 14:12:53.259758,2,0.0006680210239083,304,1,20,30.0005,AUTO,21,ARMED,100,31.2,5,2738201.845,24,000454_D_A_PROGRAM_2.NC,23,100,0,1,100,10000.0,754636.210999999,42,346.147943400382,53,227.383060214461,37,-336.156198982826,1019.6666666666666,8.806666666666667,UNAVAILABLE,48.72299999999999,59.99,EDB34637-67D8-465A-AFBA-010AD86D34F6,0.8833333333333333,DE045126-2C5E-4E72-8491-E202079EAC7C,1.5606666666666669,3900.0,1100.0,3.6,36.0,0.5,131.16666666666669,700.0,300.0,2.4,23.4,0.1,500.0,200.0,3.3,22.6,0.1,3800.0,1400.0,2.7,25.5,0.5,1100.0,300.0,4.2,24.6,0.2,3400.0,2000.0,1.7,29.9,1.9
body_p2,24,Al6061_body24_p2,DE045126-2C5E-4E72-8491-E202079EAC7C,6,232,2025-07-30 14:12:54.259936,2,0.0006680210239083,310,1,20,30.0005,AUTO,21,ARMED,100,25.35,5,2738201.845,24,000454_D_A_PROGRAM_2.NC,24,100,0,0,100,10000.0,754636.210999999,11,359.672446103322,4,249.022812186593,32,-339.204210493421,1025.0,8.876666666666667,UNAVAILABLE,48.72299999999999,59.99,EDB34637-67D8-465A-AFBA-010AD86D34F6,0.8833333333333334,DE045126-2C5E-4E72-8491-E202079EAC7C,1.5606666666666669,3500.0,1100.0,3.2,36.0,0.5,131.13333333333335,800.0,100.0,6.1,23.4,0.6,2300.0,400.0,6.3,22.6,0.1,21800.0,3600.0,6.0,25.5,0.5,2000.0,400.0,5.4,24.6,0.2,5000.0,1900.0,2.6,29.9,1.8
body_p2,24,Al6061_body24_p2,DE045126-2C5E-4E72-8491-E202079EAC7C,6,233,2025-07-30 14:12:55.260165,2,0.0006680210239083,315,1,20,30.0005,AUTO,21,ARMED,100,23.75,5,2738201.845,24,000454_D_A_PROGRAM_2.NC,25,100,0,0,100,10000.0,754636.210999999,5,359.107695952952,7,253.133906548695,50,-336.597127034185,1030.3333333333333,8.96,UNAVAILABLE,48.723333333333336,59.99,EDB34637-67D8-465A-AFBA-010AD86D34F6,0.8166666666666668,DE045126-2C5E-4E72-8491-E202079EAC7C,1.5606666666666669,4100.0,1100.0,3.6,36.0,0.5,131.16666666666669,900.0,300.0,2.7,23.4,0.1,800.0,200.0,4.6,22.6,0.1,4300.0,1400.0,3.1,25.5,0.5,900.0,300.0,3.5,24.6,0.2,3400.0,2000.0,1.7,29.9,1.9
body_p2,24,Al6061_body24_p2,DE045126-2C5E-4E72-8491-E202079EAC7C,6,234,2025-07-30 14:12:56.260404,2,0.0006680210239083,323,1,20,30.0005,AUTO,21,ARMED,100,25.33333,5,2738201.845,24,000454_D_A_PROGRAM_2.NC,26,100,0,0,100,10000.0,754636.210999999,9,338.4952533445,2,292.514647983503,29,-339.204393577573,1025.3333333333333,8.833333333333334,UNAVAILABLE,48.723333333333336,59.99,EDB34637-67D8-465A-AFBA-010AD86D34F6,0.8833333333333334,DE045126-2C5E-4E72-8491-E202079EAC7C,1.5606666666666669,3500.0,1100.0,3.2,36.0,0.5,131.20000000000002,700.0,100.0,5.9,23.4,0.4,1800.0,200.0,9.6,22.6,0.1,19600.0,2900.0,6.7,25.5,0.5,2900.0,300.0,9.3,24.6,0.2,6600.0,2000.0,3.3,29.9,1.8
body_p2,24,Al6061_body24_p2,DE045126-2C5E-4E72-8491-E202079EAC7C,6,235,2025-07-30 14:12:57.260556,2,0.0006680210239083,326,1,20,30.0005,AUTO,21,ARMED,100,25.11667,5,2738201.845,24,000454_D_A_PROGRAM_2.NC,27,100,0,0,100,10000.0,754636.210999999,4,339.407899659075,10,290.949594696835,32,-339.174814484852,1018.3333333333334,8.813333333333333,UNAVAILABLE,48.724,59.99,EDB34637-67D8-465A-AFBA-010AD86D34F6,0.7599999999999999,DE045126-2C5E-4E72-8491-E202079EAC7C,1.5606666666666669,4200.0,1100.0,3.9,36.0,0.5,131.16666666666669,700.0,200.0,3.3,23.4,0.1,600.0,200.0,3.6,22.6,0.1,4300.0,1400.0,3.1,25.5,0.5,1100.0,300.0,4.1,24.6,0.2,3500.0,2000.0,1.8,29.9,1.9
body_p2,24,Al6061_body24_p2,DE045126-2C5E-4E72-8491-E202079EAC7C,6,236,2025-07-30 14:12:58.260784,2,0.0006680210239083,334,1,20,30.0005,AUTO,21,ARMED,100,23.8,5,2738201.845,24,000454_D_A_PROGRAM_2.NC,28,100,0,0,100,10000.0,754636.210999999,2,418.05106308639,7,293.854878190916,39,-339.155670307595,1026.0,8.846666666666666,UNAVAILABLE,48.724,59.99,EDB34637-67D8-465A-AFBA-010AD86D34F6,0.8766666666666666,DE045126-2C5E-4E72-8491-E202079EAC7C,1.5606666666666669,4000.0,1100.0,3.6,36.0,0.5,131.20000000000002,600.0,100.0,5.9,23.3,0.4,500.0,100.0,3.9,22.6,0.1,3500.0,1300.0,2.7,25.5,0.5,1900.0,300.0,6.4,24.6,0.2,6600.0,2000.0,3.2,29.9,1.8
body_p2,24,Al6061_body24_p2,DE045126-2C5E-4E72-8491-E202079EAC7C,6,237,2025-07-30 14:12:59.261014,2,0.0006680210239083,337,1,20,30.0005,AUTO,21,ARMED,100,25.33333,5,2738201.845,24,000454_D_A_PROGRAM_2.NC,29,100,0,0,100,10000.0,754636.210999999,9,419.130950719496,7,295.062747205998,31,-339.204279149978,1066.3333333333333,9.266666666666667,UNAVAILABLE,48.72433333333333,59.99,EDB34637-67D8-465A-AFBA-010AD86D34F6,0.9166666666666666,DE045126-2C5E-4E72-8491-E202079EAC7C,1.5606666666666669,3700.0,1100.0,3.4,36.0,0.5,131.16666666666669,500.0,100.0,4.4,23.3,0.4,600.0,100.0,4.0,22.6,0.1,4400.0,1400.0,3.2,25.5,0.5,2200.0,300.0,7.9,24.6,0.2,4800.0,1900.0,2.5,29.9,1.8
body_p2,25,Al6061_body25_p2,DE045126-2C5E-4E72-8491-E202079EAC7C,6,253,2025-07-30 14:18:13.338422,2,0.0001678978379824,277,1,20,30.0005,AUTO,21,ARMED,100,440.7,5,2738562.182,25,000454_D_A_PROGRAM_2.NC,15,100,0,11,100,578.598092077973,754636.210999999,57,124.491495891981,32,426.28230013666,38,-99.8669982674121,619.6666666666666,5.4433333333333325,UNAVAILABLE,48.81533333333334,59.99,EDB34637-67D8-465A-AFBA-010AD86D34F6,0.8466666666666667,DE045126-2C5E-4E72-8491-E202079EAC7C,1.5656666666666668,16700.0,800.0,21.4,36.0,0.2,131.46666666666667,200.0,0.0,4.1,23.4,0.1,1000.0,100.0,9.4,22.6,0.2,2800.0,400.0,6.8,25.5,0.1,9000.0,600.0,15.9,24.6,0.2,3500.0,300.0,11.6,30.0,0.5
body_p2,25,Al6061_body25_p2,DE045126-2C5E-4E72-8491-E202079EAC7C,6,254,2025-07-30 14:18:14.338654,2,0.0006680210239083,278,1,20,30.0005,AUTO,21,ARMED,100,279.6,5,2738562.182,25,000454_D_A_PROGRAM_2.NC,16,100,0,22,100,4131.95124890312,754636.210999999,7,418.073847214956,7,217.837894281722,29,-157.70447683188,556.6666666666666,5.023333333333333,UNAVAILABLE,48.815666666666665,59.99,EDB34637-67D8-465A-AFBA-010AD86D34F6,1.0,DE045126-2C5E-4E72-8491-E202079EAC7C,1.5656666666666668,6000.0,1400.0,4.3,36.0,0.1,131.56666666666666,1900.0,500.0,3.7,23.4,0.3,5800.0,1200.0,4.7,22.6,0.1,29800.0,9100.0,3.3,25.6,0.4,3100.0,600.0,5.0,24.6,0.1,900.0,200.0,4.5,30.0,0.1
body_p2,25,Al6061_body25_p2,DE045126-2C5E-4E72-8491-E202079EAC7C,6,255,2025-07-30 14:18:15.338892,2,0.0006680210239083,279,1,20,30.0005,AUTO,21,ARMED,100,0.0,5,2738562.182,25,000454_D_A_PROGRAM_2.NC,17,100,0,13,100,6339.01928850177,754636.210999999,5,418.073801431166,5,217.837997272315,29,-336.156317071311,5992.0,50.51666666666667,UNAVAILABLE,48.81666666666666,59.99,EDB34637-67D8-465A-AFBA-010AD86D34F6,1.0,DE045126-2C5E-4E72-8491-E202079EAC7C,1.5656666666666668,10500.0,2300.0,4.6,36.0,0.2,128.53333333333333,800.0,100.0,5.7,23.4,0.1,2000.0,400.0,5.0,22.6,0.1,3900.0,700.0,5.3,25.6,0.2,29200.0,5600.0,5.2,24.6,0.1,51000.0,13700.0,3.7,30.0,1.4
body_p2,25,Al6061_body25_p2,DE045126-2C5E-4E72-8491-E202079EAC7C,6,256,2025-07-30 14:18:16.339132,2,0.0006680210239083,279,1,20,30.0005,AUTO,21,ARMED,100,0.0,5,2738562.182,25,000454_D_A_PROGRAM_2.NC,18,100,0,9,100,8134.22372234191,754636.210999999,6,418.07377853927,5,217.837997272315,29,-336.156259857513,5851.666666666667,48.89000000000001,UNAVAILABLE,48.81933333333333,60.0,EDB34637-67D8-465A-AFBA-010AD86D34F6,0.9366666666666666,DE045126-2C5E-4E72-8491-E202079EAC7C,1.5656666666666668,8900.0,2100.0,4.2,36.0,0.2,128.53333333333333,300.0,100.0,4.3,23.4,0.1,400.0,100.0,4.6,22.6,0.1,1600.0,500.0,3.2,25.6,0.2,1100.0,300.0,3.9,24.6,0.1,500.0,100.0,3.8,30.0,0.1
body_p2,25,Al6061_body25_p2,DE045126-2C5E-4E72-8491-E202079EAC7C,6,257,2025-07-30 14:18:17.339390,2,0.0006680210239083,280,1,20,30.0005,AUTO,21,ARMED,100,0.0,5,2738562.182,25,000454_D_A_PROGRAM_2.NC,19,100,0,6,100,10000.0,754636.210999999,5,418.073789985218,5,217.837997272315,27,-338.580591543085,5919.666666666667,49.59666666666666,UNAVAILABLE,48.82033333333334,59.99,EDB34637-67D8-465A-AFBA-010AD86D34F6,0.9266666666666667,DE045126-2C5E-4E72-8491-E202079EAC7C,1.5656666666666668,9900.0,3000.0,3.3,36.0,0.2,128.53333333333333,300.0,100.0,3.7,23.4,0.1,400.0,100.0,3.8,22.6,0.1,2100.0,700.0,2.9,25.6,0.3,1100.0,300.0,4.2,24.6,0.1,1000.0,300.0,3.5,30.0,0.3
body_p2,25,Al6061_body25_p2,DE045126-2C5E-4E72-8491-E202079EAC7C,6,258,2025-07-30 14:18:18.339638,2,0.0006680210239083,285,1,20,30.0005,AUTO,21,ARMED,100,25.33333,5,2738562.182,25,000454_D_A_PROGRAM_2.NC,19,100,0,1,100,10000.0,754636.210999999,3,422.501772345514,8,215.979129422862,31,-339.204393577573,5002.0,43.82,UNAVAILABLE,48.821666666666665,59.99,EDB34637-67D8-465A-AFBA-010AD86D34F6,0.8866666666666667,DE045126-2C5E-4E72-8491-E202079EAC7C,1.5656666666666668,7900.0,2100.0,3.7,36.0,0.5,129.06666666666666,400.0,100.0,3.9,23.4,0.4,500.0,100.0,4.4,22.6,0.1,4000.0,1100.0,3.7,25.6,0.4,3100.0,400.0,8.2,24.6,0.2,4800.0,1100.0,4.4,30.0,1.0
body_p2,25,Al6061_body25_p2,DE045126-2C5E-4E72-8491-E202079EAC7C,6,259,2025-07-30 14:18:19.339888,2,0.0006680210239083,291,1,20,30.0005,AUTO,21,ARMED,100,271.0333,5,2738562.182,25,000454_D_A_PROGRAM_2.NC,20,100,0,0,100,10000.0,754636.210999999,23,342.136247343008,6,217.835147624678,36,-336.330063931655,4237.0,36.21333333333333,UNAVAILABLE,48.823,60.0,EDB34637-67D8-465A-AFBA-010AD86D34F6,0.84,DE045126-2C5E-4E72-8491-E202079EAC7C,1.5656666666666668,6100.0,1300.0,4.7,36.0,0.5,129.46666666666667,800.0,200.0,3.9,23.4,0.2,600.0,200.0,3.2,22.6,0.1,4100.0,1600.0,2.6,25.6,0.6,1300.0,300.0,4.0,24.6,0.2,2800.0,1600.0,1.8,30.0,1.5
body_p2,25,Al6061_body25_p2,DE045126-2C5E-4E72-8491-E202079EAC7C,6,260,2025-07-30 14:18:20.340155,2,0.0006680210239083,298,1,20,30.0005,AUTO,21,ARMED,100,25.33333,5,2738562.182,25,000454_D_A_PROGRAM_2.NC,22,100,0,0,100,10000.0,754636.210999999,4,346.459495773159,9,213.65995062212,31,-339.204279149978,1113.0,9.806666666666668,UNAVAILABLE,48.823,60.0,EDB34637-67D8-465A-AFBA-010AD86D34F6,0.9533333333333333,DE045126-2C5E-4E72-8491-E202079EAC7C,1.5656666666666668,3500.0,1100.0,3.2,36.0,0.5,131.16666666666669,600.0,100.0,4.8,23.4,0.4,1500.0,200.0,6.1,22.6,0.1,3300.0,1400.0,2.4,25.6,0.5,1500.0,300.0,4.9,24.6,0.2,4300.0,1500.0,2.8,30.0,1.4
body_p2,25,Al6061_body25_p2,DE045126-2C5E-4E72-8491-E202079EAC7C,6,261,2025-07-30 14:18:21.340418,2,0.0006680210239083,304,1,20,30.0005,AUTO,21,ARMED,100,128.8,5,2738562.182,25,000454_D_A_PROGRAM_2.NC,23,100,0,1,100,10000.0,754636.210999999,23,341.544386305918,26,218.821546727959,39,-336.15616465333,1025.0,8.833333333333334,UNAVAILABLE,48.82333333333333,60.0,EDB34637-67D8-465A-AFBA-010AD86D34F6,0.8733333333333334,DE045126-2C5E-4E72-8491-E202079EAC7C,1.5656666666666668,3700.0,1100.0,3.3,36.0,0.5,131.26666666666665,700.0,300.0,2.6,23.4,0.1,700.0,200.0,4.0,22.6,0.1,3800.0,1400.0,2.7,25.6,0.5,1100.0,300.0,3.7,24.6,0.2,3000.0,1600.0,1.9,30.0,1.5
body_p2,25,Al6061_body25_p2,DE045126-2C5E-4E72-8491-E202079EAC7C,6,262,2025-07-30 14:18:22.340711,2,0.0006680210239083,311,1,20,30.0005,AUTO,21,ARMED,100,25.35,5,2738562.182,25,000454_D_A_PROGRAM_2.NC,23,100,0,0,100,10000.0,754636.210999999,10,360.839906165128,5,248.419963831597,31,-339.204324921016,1046.6666666666667,9.06,UNAVAILABLE,48.82399999999999,59.99,EDB34637-67D8-465A-AFBA-010AD86D34F6,0.8966666666666666,DE045126-2C5E-4E72-8491-E202079EAC7C,1.5656666666666668,3700.0,1100.0,3.4,36.0,0.5,131.20000000000002,700.0,100.0,5.3,23.4,0.6,2400.0,400.0,6.5,22.6,0.1,21500.0,3600.0,6.0,25.6,0.5,1900.0,400.0,5.2,24.6,0.2,4300.0,1600.0,2.8,30.0,1.5
body_p2,25,Al6061_body25_p2,DE045126-2C5E-4E72-8491-E202079EAC7C,6,263,2025-07-30 14:18:23.340958,2,0.0006680210239083,313,1,20,30.0005,AUTO,21,ARMED,100,22.88333,5,2738562.182,25,000454_D_A_PROGRAM_2.NC,24,100,0,0,100,10000.0,754636.210999999,6,359.107203860783,8,253.134604634227,44,-337.771859513589,1014.3333333333334,8.743333333333334,UNAVAILABLE,48.824333333333335,59.99,EDB34637-67D8-465A-AFBA-010AD86D34F6,0.89,DE045126-2C5E-4E72-8491-E202079EAC7C,1.5656666666666668,3800.0,1200.0,3.3,36.0,0.5,131.29999999999998,900.0,400.0,2.4,23.4,0.2,800.0,200.0,3.8,22.6,0.1,3700.0,1400.0,2.7,25.6,0.5,1200.0,300.0,4.0,24.6,0.2,2900.0,1600.0,1.8,30.0,1.5
body_p2,25,Al6061_body25_p2,DE045126-2C5E-4E72-8491-E202079EAC7C,6,264,2025-07-30 14:18:24.341253,2,0.0006680210239083,324,1,20,30.0005,AUTO,21,ARMED,100,25.33333,5,2738562.182,25,000454_D_A_PROGRAM_2.NC,26,100,0,0,100,10000.0,754636.210999999,11,338.762398939619,7,288.731122650666,32,-339.204439348611,1029.6666666666667,8.906666666666666,UNAVAILABLE,48.824333333333335,60.0,EDB34637-67D8-465A-AFBA-010AD86D34F6,0.88,DE045126-2C5E-4E72-8491-E202079EAC7C,1.5656666666666668,3800.0,1100.0,3.5,36.0,0.5,131.23333333333332,600.0,100.0,4.7,23.4,0.5,2700.0,300.0,8.2,22.6,0.1,20000.0,3600.0,5.6,25.6,0.5,1900.0,300.0,5.8,24.6,0.2,5900.0,1700.0,3.6,30.0,1.4
body_p2,25,Al6061_body25_p2,DE045126-2C5E-4E72-8491-E202079EAC7C,6,265,2025-07-30 14:18:25.341487,2,0.0006680210239083,326,1,20,30.0005,AUTO,21,ARMED,100,24.91667,5,2738562.182,25,000454_D_A_PROGRAM_2.NC,27,100,0,0,100,10000.0,754996.344000001,5,339.439073206806,7,290.913705646292,49,-338.397125517282,1002.0,8.64,UNAVAILABLE,48.824666666666666,60.0,EDB34637-67D8-465A-AFBA-010AD86D34F6,0.82,DE045126-2C5E-4E72-8491-E202079EAC7C,1.5656666666666668,3400.0,1100.0,3.1,36.0,0.5,131.20000000000002,800.0,200.0,3.4,23.4,0.1,600.0,200.0,3.4,22.6,0.1,4300.0,1400.0,3.1,25.6,0.5,1000.0,300.0,3.8,24.6,0.2,2900.0,1600.0,1.8,30.0,1.5
body_p2,25,Al6061_body25_p2,DE045126-2C5E-4E72-8491-E202079EAC7C,6,266,2025-07-30 14:18:26.341692,2,0.0006680210239083,332,1,20,30.0005,AUTO,21,ARMED,100,16.06667,5,2738562.182,25,000454_D_A_PROGRAM_2.NC,27,100,0,1,100,10000.0,754996.344000001,18,417.392350744871,15,294.293935785508,30,-339.203214973344,1027.0,8.856666666666667,UNAVAILABLE,48.825,60.0,EDB34637-67D8-465A-AFBA-010AD86D34F6,0.8733333333333334,DE045126-2C5E-4E72-8491-E202079EAC7C,1.5656666666666668,3400.0,1100.0,3.1,36.0,0.5,131.23333333333332,1200.0,200.0,6.0,23.4,0.3,700.0,100.0,4.4,22.6,0.1,3900.0,1300.0,3.0,25.6,0.5,3600.0,300.0,10.7,24.6,0.2,6200.0,1700.0,3.7,30.0,1.5
body_p2,25,Al6061_body25_p2,DE045126-2C5E-4E72-8491-E202079EAC7C,6,267,2025-07-30 14:18:27.341932,2,0.0006680210239083,337,1,20,30.0005,AUTO,21,ARMED,100,25.33333,5,2738562.182,25,000454_D_A_PROGRAM_2.NC,29,100,0,1,100,10000.0,754996.344000001,7,417.819065858757,8,295.091003444397,31,-339.204347806535,1039.6666666666667,9.04,UNAVAILABLE,48.825,60.0,EDB34637-67D8-465A-AFBA-010AD86D34F6,0.7233333333333333,DE045126-2C5E-4E72-8491-E202079EAC7C,1.5656666666666668,3900.0,1100.0,3.5,36.0,0.5,131.29999999999998,600.0,100.0,4.4,23.4,0.4,600.0,200.0,3.9,22.6,0.1,3700.0,1400.0,2.7,25.6,0.5,2700.0,300.0,8.5,24.6,0.2,4300.0,1500.0,2.8,30.0,1.4
body_p2,26,Al6061_body26_p2,DE045126-2C5E-4E72-8491-E202079EAC7C,6,237,2025-07-31 12:50:57.815691,20,0.000167897837986,277,1,27,30.0005,AUTO,21,ARMED,100,0.0,5,2756218.907,26,000454_D_A_PROGRAM_2.NC,3,100,0,0,100,42.4192149617284,766167.463000001,74,63.2120932928214,44,469.791175701482,38,-99.8670097108772,745.3333333333334,7.15,UNAVAILABLE,53.74633333333333,59.99,EDB34637-67D8-465A-AFBA-010AD86D34F6,0.95,DE045126-2C5E-4E72-8491-E202079EAC7C,1.775,6500.0,1400.0,4.7,37.2,0.1,133.16666666666666,2400.0,600.0,4.2,23.4,0.3,5400.0,1000.0,5.6,23.1,0.1,29700.0,7900.0,3.8,25.6,0.3,3500.0,500.0,7.3,24.8,0.0,900.0,200.0,5.2,29.9,0.1
body_p2,26,Al6061_body26_p2,DE045126-2C5E-4E72-8491-E202079EAC7C,6,238,2025-07-31 12:50:58.815998,20,0.000668021023912,277,1,27,30.0005,AUTO,21,ARMED,100,170.9167,5,2756218.907,26,000454_D_A_PROGRAM_2.NC,4,100,0,21,100,3887.42803277697,766167.463000001,7,418.073892998747,7,217.837882838323,30,-108.56860372106,1850.0,19.16,UNAVAILABLE,53.74733333333333,59.98,EDB34637-67D8-465A-AFBA-010AD86D34F6,1.0,DE045126-2C5E-4E72-8491-E202079EAC7C,1.775,9400.0,1900.0,4.8,37.2,0.2,132.70000000000002,900.0,200.0,3.8,23.4,0.2,1700.0,300.0,5.6,23.1,0.1,2800.0,500.0,5.6,25.6,0.1,24100.0,3700.0,6.5,24.8,0.1,45000.0,9500.0,4.7,29.9,1.0
body_p2,26,Al6061_body26_p2,DE045126-2C5E-4E72-8491-E202079EAC7C,6,239,2025-07-31 12:50:59.816168,20,0.000668021023912,279,1,27,30.0005,AUTO,21,ARMED,100,0.0,5,2756218.907,26,000454_D_A_PROGRAM_2.NC,5,100,0,13,100,6078.77524157052,766167.463000001,5,418.073801431166,5,217.837997272315,29,-336.15632851407,5981.333333333333,51.17666666666667,UNAVAILABLE,53.748,59.99,EDB34637-67D8-465A-AFBA-010AD86D34F6,0.8966666666666666,DE045126-2C5E-4E72-8491-E202079EAC7C,1.775,7400.0,2000.0,3.7,37.2,0.2,130.36666666666667,200.0,100.0,3.7,23.4,0.1,300.0,100.0,3.9,23.1,0.1,1700.0,600.0,3.0,25.6,0.2,1300.0,300.0,4.4,24.8,0.1,500.0,100.0,4.3,29.9,0.1
body_p2,26,Al6061_body26_p2,DE045126-2C5E-4E72-8491-E202079EAC7C,6,240,2025-07-31 12:51:00.816383,20,0.000668021023912,279,1,27,30.0005,AUTO,21,ARMED,100,0.0,5,2756218.907,26,000454_D_A_PROGRAM_2.NC,6,100,0,10,100,8029.58481047749,766167.463000001,5,418.073812877113,5,217.837997272315,29,-336.15632851407,5932.0,49.18,UNAVAILABLE,53.75,59.99,EDB34637-67D8-465A-AFBA-010AD86D34F6,0.9266666666666667,DE045126-2C5E-4E72-8491-E202079EAC7C,1.775,10000.0,3000.0,3.3,37.2,0.2,130.4,300.0,100.0,3.7,23.4,0.1,400.0,100.0,3.3,23.1,0.1,1700.0,600.0,2.8,25.6,0.2,1100.0,300.0,4.3,24.8,0.1,700.0,200.0,3.8,29.9,0.2
body_p2,26,Al6061_body26_p2,DE045126-2C5E-4E72-8491-E202079EAC7C,6,241,2025-07-31 12:51:01.816597,20,0.000668021023912,279,1,27,30.0005,AUTO,21,ARMED,100,0.0,5,2756218.907,26,000454_D_A_PROGRAM_2.NC,7,100,0,7,100,10000.0,766167.463000001,5,418.073801431166,5,217.838008715715,29,-336.383627488904,5538.333333333333,46.47666666666667,UNAVAILABLE,53.75133333333333,59.99,EDB34637-67D8-465A-AFBA-010AD86D34F6,0.8833333333333333,DE045126-2C5E-4E72-8491-E202079EAC7C,1.775,7700.0,2100.0,3.6,37.2,0.4,130.56666666666663,400.0,100.0,3.6,23.4,0.4,400.0,100.0,3.8,23.1,0.1,3100.0,800.0,3.8,25.6,0.3,2200.0,400.0,5.9,24.8,0.1,4700.0,900.0,5.2,29.9,0.8
body_p2,26,Al6061_body26_p2,DE045126-2C5E-4E72-8491-E202079EAC7C,6,242,2025-07-31 12:51:02.816744,20,0.000668021023912,285,1,27,30.0005,AUTO,21,ARMED,100,25.33333,5,2756218.907,26,000454_D_A_PROGRAM_2.NC,8,100,0,0,100,10000.0,766167.463000001,2,422.625090621231,8,215.307012147147,31,-339.204267707219,4958.666666666667,41.03,UNAVAILABLE,53.75299999999999,59.99,EDB34637-67D8-465A-AFBA-010AD86D34F6,0.8933333333333334,DE045126-2C5E-4E72-8491-E202079EAC7C,1.775,6300.0,1600.0,3.9,37.2,0.5,130.93333333333334,700.0,200.0,2.7,23.4,0.1,700.0,200.0,4.2,23.1,0.1,4700.0,1800.0,2.7,25.6,0.7,1500.0,400.0,3.6,24.8,0.2,2600.0,1300.0,2.0,29.9,1.2
body_p2,26,Al6061_body26_p2,DE045126-2C5E-4E72-8491-E202079EAC7C,6,243,2025-07-31 12:51:03.816897,20,0.000668021023912,291,1,27,30.0005,AUTO,21,ARMED,100,233.1,5,2756218.907,26,000454_D_A_PROGRAM_2.NC,9,100,0,0,100,10000.0,766167.463000001,73,380.011814521343,6,216.324960733336,39,-336.156187539661,3286.0,29.94,UNAVAILABLE,53.75366666666667,59.99,EDB34637-67D8-465A-AFBA-010AD86D34F6,0.3433333333333333,DE045126-2C5E-4E72-8491-E202079EAC7C,1.775,4100.0,1100.0,3.7,37.2,0.5,131.79999999999998,1700.0,200.0,7.8,23.4,0.1,1400.0,300.0,5.3,23.1,0.1,3600.0,1400.0,2.6,25.6,0.5,1400.0,300.0,4.7,24.8,0.2,6100.0,1300.0,4.8,29.9,1.2
body_p2,26,Al6061_body26_p2,DE045126-2C5E-4E72-8491-E202079EAC7C,6,244,2025-07-31 12:51:04.817238,20,0.000668021023912,298,1,27,30.0005,AUTO,21,ARMED,100,25.33333,5,2756218.907,26,000454_D_A_PROGRAM_2.NC,10,100,0,0,100,10000.0,766167.463000001,10,341.910183398315,4,210.684259194168,31,-339.204347806535,1183.3333333333333,10.743333333333334,UNAVAILABLE,53.75366666666667,59.99,EDB34637-67D8-465A-AFBA-010AD86D34F6,0.7866666666666666,DE045126-2C5E-4E72-8491-E202079EAC7C,1.775,3800.0,1100.0,3.4,37.2,0.5,132.9,800.0,300.0,2.7,23.4,0.1,700.0,200.0,4.2,23.1,0.1,3700.0,1400.0,2.6,25.6,0.5,1100.0,300.0,4.1,24.8,0.2,2500.0,1300.0,1.9,29.9,1.2
body_p2,26,Al6061_body26_p2,DE045126-2C5E-4E72-8491-E202079EAC7C,6,245,2025-07-31 12:51:05.817452,20,0.000668021023912,302,1,27,30.0005,AUTO,21,ARMED,100,2.516667,5,2756218.907,26,000454_D_A_PROGRAM_2.NC,11,100,0,0,100,10000.0,766167.463000001,0,339.44064103942,0,214.911794195408,45,-336.401895188336,1035.0,8.83,UNAVAILABLE,53.754333333333335,59.99,EDB34637-67D8-465A-AFBA-010AD86D34F6,0.8700000000000001,DE045126-2C5E-4E72-8491-E202079EAC7C,1.775,3900.0,1100.0,3.6,37.2,0.5,132.96666666666667,1000.0,200.0,5.1,23.4,0.5,2300.0,400.0,6.4,23.1,0.1,19000.0,3600.0,5.2,25.6,0.6,2800.0,400.0,7.9,24.8,0.2,5700.0,1400.0,4.1,29.9,1.2
body_p2,26,Al6061_body26_p2,DE045126-2C5E-4E72-8491-E202079EAC7C,6,246,2025-07-31 12:51:06.817665,20,0.000668021023912,310,1,27,30.0005,AUTO,21,ARMED,100,25.35,5,2756218.907,26,000454_D_A_PROGRAM_2.NC,12,100,0,0,100,10000.0,766167.463000001,1,360.190287281548,8,248.704141863247,32,-339.204405020333,1088.0,9.42,UNAVAILABLE,53.754333333333335,59.99,EDB34637-67D8-465A-AFBA-010AD86D34F6,0.92,DE045126-2C5E-4E72-8491-E202079EAC7C,1.775,3800.0,1100.0,3.4,37.2,0.5,132.93333333333334,900.0,300.0,2.9,23.3,0.1,700.0,200.0,3.8,23.1,0.1,4100.0,1400.0,2.8,25.6,0.5,1100.0,300.0,3.9,24.8,0.2,2400.0,1300.0,1.9,29.9,1.2
body_p2,26,Al6061_body26_p2,DE045126-2C5E-4E72-8491-E202079EAC7C,6,247,2025-07-31 12:51:07.817820,20,0.000668021023912,313,1,27,30.0005,AUTO,21,ARMED,100,25.26667,5,2756218.907,26,000454_D_A_PROGRAM_2.NC,13,100,0,1,100,10000.0,766167.463000001,2,359.062469249386,10,253.181502249148,31,-339.183454074772,1028.0,8.786666666666667,UNAVAILABLE,53.75466666666667,59.99,EDB34637-67D8-465A-AFBA-010AD86D34F6,0.8933333333333334,DE045126-2C5E-4E72-8491-E202079EAC7C,1.775,3400.0,1100.0,3.1,37.2,0.5,133.03333333333333,1000.0,100.0,6.7,23.3,0.4,600.0,200.0,3.7,23.1,0.1,12100.0,1700.0,7.3,25.5,0.5,2900.0,300.0,8.8,24.8,0.2,5300.0,1400.0,3.7,29.9,1.2
body_p2,26,Al6061_body26_p2,DE045126-2C5E-4E72-8491-E202079EAC7C,6,248,2025-07-31 12:51:08.817991,20,0.000668021023912,321,1,27,30.0005,AUTO,21,ARMED,100,19.28333,5,2756218.907,26,000454_D_A_PROGRAM_2.NC,14,100,0,0,100,10000.0,766167.463000001,5,339.639041943273,7,294.135652025307,25,-339.204496562409,1046.6666666666667,8.94,UNAVAILABLE,53.75533333333333,59.99,EDB34637-67D8-465A-AFBA-010AD86D34F6,0.92,DE045126-2C5E-4E72-8491-E202079EAC7C,1.775,3500.0,1100.0,3.2,37.2,0.5,132.96666666666667,700.0,100.0,5.1,23.3,0.3,600.0,200.0,3.5,23.1,0.1,4300.0,1400.0,3.1,25.5,0.5,2800.0,300.0,9.5,24.8,0.2,3300.0,1300.0,2.5,29.9,1.2
body_p2,26,Al6061_body26_p2,DE045126-2C5E-4E72-8491-E202079EAC7C,6,249,2025-07-31 12:51:09.818206,20,0.000668021023912,324,1,27,30.0005,AUTO,21,ARMED,100,25.33333,5,2756218.907,26,000454_D_A_PROGRAM_2.NC,15,100,0,0,100,10000.0,766167.463000001,8,341.244062939743,4,294.96598686655,31,-339.204279149978,1015.6666666666666,8.653333333333334,UNAVAILABLE,53.75533333333333,59.99,EDB34637-67D8-465A-AFBA-010AD86D34F6,0.8799999999999999,DE045126-2C5E-4E72-8491-E202079EAC7C,1.775,3600.0,1100.0,3.2,37.2,0.5,132.96666666666667,400.0,100.0,3.9,23.3,0.4,600.0,200.0,3.8,23.1,0.1,4000.0,1400.0,2.8,25.5,0.5,1800.0,300.0,6.2,24.8,0.2,5400.0,1400.0,3.7,29.9,1.3
body_p2,26,Al6061_body26_p2,DE045126-2C5E-4E72-8491-E202079EAC7C,6,250,2025-07-31 12:51:10.818419,20,0.000668021023912,331,1,27,30.0005,AUTO,21,ARMED,100,172.85,5,2756218.907,26,000454_D_A_PROGRAM_2.NC,16,100,0,0,100,10000.0,766167.463000001,6,418.073835769008,6,293.837517305448,30,-337.483883143718,1044.6666666666667,8.913333333333334,UNAVAILABLE,53.75533333333333,59.99,EDB34637-67D8-465A-AFBA-010AD86D34F6,0.89,DE045126-2C5E-4E72-8491-E202079EAC7C,1.775,3600.0,1100.0,3.3,37.2,0.5,133.06666666666663,400.0,100.0,3.4,23.3,0.4,600.0,100.0,4.0,23.1,0.1,4100.0,1400.0,2.9,25.5,0.5,1900.0,300.0,6.4,24.8,0.2,5000.0,1300.0,3.9,29.9,1.1
body_p2,26,Al6061_body26_p2,DE045126-2C5E-4E72-8491-E202079EAC7C,6,251,2025-07-31 12:51:11.818573,20,0.000668021023912,337,1,27,30.0005,AUTO,21,ARMED,100,25.33333,5,2756218.907,26,000454_D_A_PROGRAM_2.NC,17,100,0,1,100,10000.0,766167.463000001,13,421.871938044614,6,293.324243928217,33,-339.204336363776,1028.3333333333333,8.783333333333333,UNAVAILABLE,53.756,59.99,EDB34637-67D8-465A-AFBA-010AD86D34F6,0.8733333333333334,DE045126-2C5E-4E72-8491-E202079EAC7C,1.775,3600.0,1100.0,3.2,37.2,0.5,132.96666666666667,500.0,200.0,3.2,23.3,0.3,600.0,200.0,3.5,23.1,0.1,4000.0,1500.0,2.7,25.5,0.5,1100.0,300.0,3.7,24.8,0.2,2500.0,1300.0,1.9,29.9,1.2
body_p2,27,Al6061_body27_p2,DE045126-2C5E-4E72-8491-E202079EAC7C,6,204,2025-07-31 12:56:24.894286,20,0.000167897837986,277,1,27,30.0005,AUTO,21,ARMED,100,435.1333,5,2756579.4,27,000454_D_A_PROGRAM_2.NC,1,100,0,0,100,0.0,766527.655,7,43.0951072220313,5,484.075162938232,35,-99.8669982674121,609.6666666666666,6.523333333333333,UNAVAILABLE,53.846,60.0,EDB34637-67D8-465A-AFBA-010AD86D34F6,0.68,DE045126-2C5E-4E72-8491-E202079EAC7C,1.7813333333333334,6600.0,1300.0,5.1,37.1,0.1,133.63333333333333,2300.0,600.0,3.7,23.3,0.3,5400.0,1000.0,5.5,23.1,0.1,30500.0,8000.0,3.8,25.5,0.3,2700.0,400.0,6.0,24.7,0.0,1000.0,200.0,5.9,29.7,0.1
body_p2,27,Al6061_body27_p2,DE045126-2C5E-4E72-8491-E202079EAC7C,6,205,2025-07-31 12:56:25.894489,20,0.000668021023912,278,1,27,30.0005,AUTO,21,ARMED,100,46.15,5,2756579.4,27,000454_D_A_PROGRAM_2.NC,3,100,0,25,100,3528.46195941037,766527.655,7,418.073274917575,7,217.838397791291,35,-100.209742953575,609.6666666666666,6.523333333333333,UNAVAILABLE,53.846,60.0,EDB34637-67D8-465A-AFBA-010AD86D34F6,0.68,DE045126-2C5E-4E72-8491-E202079EAC7C,1.7813333333333334,9400.0,2000.0,4.7,37.1,0.2,133.63333333333333,1100.0,300.0,4.0,23.3,0.1,2100.0,300.0,6.6,23.1,0.0,3000.0,600.0,5.2,25.5,0.1,23100.0,3900.0,6.0,24.7,0.1,45100.0,10000.0,4.5,29.7,1.0
body_p2,27,Al6061_body27_p2,DE045126-2C5E-4E72-8491-E202079EAC7C,6,206,2025-07-31 12:56:26.894701,20,0.000668021023912,279,1,27,30.0005,AUTO,21,ARMED,100,0.0,5,2756579.4,27,000454_D_A_PROGRAM_2.NC,3,100,0,13,100,6282.66935930135,766527.655,5,418.073789985218,5,217.837997272315,29,-336.156305628551,5882.0,48.96333333333333,UNAVAILABLE,53.848333333333336,60.0,EDB34637-67D8-465A-AFBA-010AD86D34F6,0.9166666666666666,DE045126-2C5E-4E72-8491-E202079EAC7C,1.7813333333333334,6900.0,2000.0,3.4,37.1,0.2,130.66666666666666,300.0,100.0,4.8,23.3,0.1,400.0,100.0,4.5,23.1,0.1,1600.0,500.0,3.1,25.5,0.2,1000.0,300.0,3.7,24.7,0.1,600.0,100.0,4.2,29.7,0.1
body_p2,27,Al6061_body27_p2,DE045126-2C5E-4E72-8491-E202079EAC7C,6,207,2025-07-31 12:56:27.894886,20,0.000668021023912,279,1,27,30.0005,AUTO,21,ARMED,100,0.0,5,2756579.4,27,000454_D_A_PROGRAM_2.NC,5,100,0,9,100,8031.99736522447,766527.655,5,418.073801431166,5,217.838008715715,29,-336.156294185792,5962.0,49.156666666666666,UNAVAILABLE,53.85,60.0,EDB34637-67D8-465A-AFBA-010AD86D34F6,0.9266666666666667,DE045126-2C5E-4E72-8491-E202079EAC7C,1.7813333333333334,9900.0,3000.0,3.3,37.1,0.3,130.70000000000002,300.0,100.0,3.3,23.3,0.1,400.0,100.0,3.4,23.1,0.1,2200.0,700.0,3.2,25.5,0.3,1100.0,300.0,4.2,24.7,0.1,800.0,200.0,4.0,29.7,0.2
body_p2,27,Al6061_body27_p2,DE045126-2C5E-4E72-8491-E202079EAC7C,6,208,2025-07-31 12:56:28.895040,20,0.000668021023912,279,1,27,30.0005,AUTO,21,ARMED,100,0.0,5,2756579.4,27,000454_D_A_PROGRAM_2.NC,6,100,0,7,100,10000.0,766527.655,5,418.073812877113,5,217.838008715715,29,-336.383581717866,5345.0,44.07333333333333,UNAVAILABLE,53.851333333333336,60.0,EDB34637-67D8-465A-AFBA-010AD86D34F6,0.8866666666666667,DE045126-2C5E-4E72-8491-E202079EAC7C,1.7813333333333334,7900.0,2200.0,3.6,37.1,0.4,131.0,500.0,100.0,4.4,23.3,0.4,400.0,100.0,3.9,23.1,0.1,2900.0,800.0,3.5,25.5,0.3,2300.0,400.0,6.2,24.7,0.1,4700.0,800.0,5.6,29.7,0.7
body_p2,27,Al6061_body27_p2,DE045126-2C5E-4E72-8491-E202079EAC7C,6,209,2025-07-31 12:56:29.895196,20,0.000668021023912,285,1,27,30.0005,AUTO,21,ARMED,100,25.33333,5,2756579.4,27,000454_D_A_PROGRAM_2.NC,6,100,0,3,100,10000.0,766527.655,3,422.09004710389,11,212.80050471557,31,-339.204221936181,4754.0,39.27333333333333,UNAVAILABLE,53.85233333333334,60.0,EDB34637-67D8-465A-AFBA-010AD86D34F6,0.8766666666666666,DE045126-2C5E-4E72-8491-E202079EAC7C,1.7813333333333334,6600.0,1700.0,3.9,37.1,0.5,131.29999999999998,700.0,200.0,2.9,23.3,0.1,700.0,200.0,3.6,23.1,0.1,5000.0,1900.0,2.6,25.5,0.7,1600.0,400.0,4.0,24.7,0.2,2900.0,1500.0,1.9,29.7,1.5
body_p2,27,Al6061_body27_p2,DE045126-2C5E-4E72-8491-E202079EAC7C,6,210,2025-07-31 12:56:30.895319,20,0.000668021023912,291,1,27,30.0005,AUTO,21,ARMED,100,222.0167,5,2756579.4,27,000454_D_A_PROGRAM_2.NC,7,100,0,0,100,10000.0,766527.655,6,397.37514562771,6,215.6319020163,40,-336.156130323833,1062.6666666666667,9.133333333333333,UNAVAILABLE,53.85333333333333,60.0,EDB34637-67D8-465A-AFBA-010AD86D34F6,0.6333333333333334,DE045126-2C5E-4E72-8491-E202079EAC7C,1.7813333333333334,4200.0,1100.0,3.7,37.1,0.5,133.36666666666665,1400.0,200.0,5.8,23.3,0.1,1700.0,300.0,6.2,23.1,0.1,3900.0,1400.0,2.9,25.5,0.5,2300.0,300.0,6.8,24.7,0.2,4900.0,1600.0,3.1,29.7,1.5
body_p2,27,Al6061_body27_p2,DE045126-2C5E-4E72-8491-E202079EAC7C,6,211,2025-07-31 12:56:31.895470,20,0.000668021023912,298,1,27,30.0005,AUTO,21,ARMED,100,25.33333,5,2756579.4,27,000454_D_A_PROGRAM_2.NC,8,100,0,1,100,10000.0,766527.655,12,341.904060840299,6,210.68504878872,31,-339.204313478257,1031.3333333333333,8.773333333333333,UNAVAILABLE,53.85399999999999,60.0,EDB34637-67D8-465A-AFBA-010AD86D34F6,0.79,DE045126-2C5E-4E72-8491-E202079EAC7C,1.7813333333333334,3500.0,1100.0,3.1,37.1,0.5,133.33333333333334,700.0,300.0,2.9,23.3,0.1,700.0,200.0,3.9,23.1,0.1,4100.0,1400.0,2.8,25.5,0.5,1100.0,300.0,3.9,24.7,0.2,3100.0,1700.0,1.8,29.7,1.6
body_p2,27,Al6061_body27_p2,DE045126-2C5E-4E72-8491-E202079EAC7C,6,212,2025-07-31 12:56:32.895762,20,0.000167897837986,303,1,27,30.0005,AUTO,21,ARMED,100,14.08333,5,2756579.4,27,000454_D_A_PROGRAM_2.NC,9,100,0,0,100,10000.0,766527.655,5,339.44054948715,7,214.91175986521,43,-336.156565164121,1044.6666666666667,8.903333333333334,UNAVAILABLE,53.85399999999999,60.01,EDB34637-67D8-465A-AFBA-010AD86D34F6,0.8866666666666667,DE045126-2C5E-4E72-8491-E202079EAC7C,1.7813333333333334,3900.0,1100.0,3.5,37.1,0.5,133.29999999999998,1100.0,200.0,5.3,23.3,0.5,2600.0,400.0,7.1,23.1,0.1,20900.0,3600.0,5.8,25.5,0.6,2200.0,300.0,6.7,24.7,0.2,6200.0,1700.0,3.6,29.7,1.5
body_p2,27,Al6061_body27_p2,DE045126-2C5E-4E72-8491-E202079EAC7C,6,213,2025-07-31 12:56:33.895975,20,0.000668021023912,310,1,27,30.0005,AUTO,21,ARMED,100,25.35,5,2756579.4,27,000454_D_A_PROGRAM_2.NC,11,100,0,0,100,10000.0,766527.655,9,360.19037883358,7,248.704096087146,31,-339.204405020333,1044.6666666666667,8.903333333333334,UNAVAILABLE,53.85399999999999,60.01,EDB34637-67D8-465A-AFBA-010AD86D34F6,0.8866666666666667,DE045126-2C5E-4E72-8491-E202079EAC7C,1.7813333333333334,4100.0,1100.0,3.6,37.1,0.5,133.29999999999998,900.0,300.0,2.7,23.3,0.1,700.0,200.0,3.7,23.1,0.1,3800.0,1400.0,2.7,25.5,0.5,1100.0,300.0,3.9,24.7,0.2,2900.0,1600.0,1.8,29.7,1.6
body_p2,27,Al6061_body27_p2,DE045126-2C5E-4E72-8491-E202079EAC7C,6,214,2025-07-31 12:56:34.896127,20,0.000668021023912,313,1,27,30.0005,AUTO,21,ARMED,100,21.43333,5,2756579.4,27,000454_D_A_PROGRAM_2.NC,11,100,0,0,100,10000.0,766527.655,5,358.408604640345,8,253.961332452543,32,-339.204221936181,1039.0,8.883333333333333,UNAVAILABLE,53.85433333333333,60.01,EDB34637-67D8-465A-AFBA-010AD86D34F6,0.7633333333333333,DE045126-2C5E-4E72-8491-E202079EAC7C,1.7813333333333334,3600.0,1100.0,3.2,37.1,0.5,133.33333333333334,800.0,100.0,6.1,23.3,0.4,500.0,200.0,3.6,23.1,0.1,5800.0,1500.0,3.8,25.5,0.5,1500.0,300.0,5.3,24.7,0.2,5900.0,1700.0,3.4,29.7,1.5
body_p2,27,Al6061_body27_p2,DE045126-2C5E-4E72-8491-E202079EAC7C,6,215,2025-07-31 12:56:35.896322,20,0.000668021023912,319,1,27,30.0005,AUTO,21,ARMED,100,11.16667,5,2756579.4,27,000454_D_A_PROGRAM_2.NC,12,100,0,1,100,10000.0,766527.655,11,339.643836910885,11,294.139600278635,39,-339.204508005168,1050.3333333333333,8.97,UNAVAILABLE,53.855,60.01,EDB34637-67D8-465A-AFBA-010AD86D34F6,0.8833333333333334,DE045126-2C5E-4E72-8491-E202079EAC7C,1.7813333333333334,3600.0,1100.0,3.2,37.1,0.6,133.33333333333334,500.0,100.0,3.8,23.3,0.3,700.0,200.0,4.2,23.1,0.1,5500.0,1400.0,3.8,25.5,0.5,1900.0,300.0,6.5,24.7,0.2,4200.0,1600.0,2.6,29.7,1.5
body_p2,27,Al6061_body27_p2,DE045126-2C5E-4E72-8491-E202079EAC7C,6,216,2025-07-31 12:56:36.896491,20,0.000668021023912,324,1,27,30.0005,AUTO,21,ARMED,100,25.33333,5,2756579.4,27,000454_D_A_PROGRAM_2.NC,13,100,0,2,100,10000.0,766527.655,7,340.074663034249,3,294.425591150148,31,-339.204256264459,1027.0,8.743333333333334,UNAVAILABLE,53.855,60.02,EDB34637-67D8-465A-AFBA-010AD86D34F6,0.8733333333333334,DE045126-2C5E-4E72-8491-E202079EAC7C,1.7813333333333334,3500.0,1100.0,3.0,37.1,0.5,133.33333333333334,400.0,100.0,4.1,23.3,0.4,600.0,200.0,3.7,23.1,0.1,5000.0,1400.0,3.6,25.5,0.5,1900.0,300.0,6.4,24.7,0.2,6200.0,1700.0,3.5,29.7,1.6
body_p2,27,Al6061_body27_p2,DE045126-2C5E-4E72-8491-E202079EAC7C,6,217,2025-07-31 12:56:37.896828,20,0.000668021023912,331,1,27,30.0005,AUTO,21,ARMED,100,18.88333,5,2756579.4,27,000454_D_A_PROGRAM_2.NC,14,100,0,0,100,10000.0,766527.655,6,418.073892998747,6,293.83752874967,22,-337.471193123426,1053.0,8.97,UNAVAILABLE,53.85566666666667,60.02,EDB34637-67D8-465A-AFBA-010AD86D34F6,0.8933333333333334,DE045126-2C5E-4E72-8491-E202079EAC7C,1.7813333333333334,3900.0,1100.0,3.5,37.1,0.6,133.33333333333334,600.0,100.0,4.5,23.3,0.4,500.0,100.0,3.6,23.1,0.1,4200.0,1400.0,3.0,25.5,0.5,2700.0,300.0,8.5,24.7,0.2,4100.0,1600.0,2.6,29.7,1.4
body_p2,27,Al6061_body27_p2,DE045126-2C5E-4E72-8491-E202079EAC7C,6,218,2025-07-31 12:56:38.897040,20,0.000668021023912,337,1,27,30.0005,AUTO,21,ARMED,100,25.33333,5,2756579.4,27,000454_D_A_PROGRAM_2.NC,15,100,0,0,100,10000.0,766527.655,2,421.87568085844,9,293.319002474331,31,-339.204347806535,1016.3333333333334,8.67,UNAVAILABLE,53.856,60.02,EDB34637-67D8-465A-AFBA-010AD86D34F6,0.8033333333333333,DE045126-2C5E-4E72-8491-E202079EAC7C,1.7813333333333334,3600.0,1200.0,3.1,37.1,0.5,133.33333333333334,600.0,200.0,3.2,23.3,0.2,600.0,200.0,3.3,23.1,0.1,4700.0,1400.0,3.2,25.5,0.5,1100.0,300.0,3.8,24.7,0.2,3000.0,1600.0,1.9,29.7,1.5
body_p2,28,Al6061_body28_p2,DE045126-2C5E-4E72-8491-E202079EAC7C,6,237,2025-07-31 13:01:57.970760,20,0.000167897837986,277,1,27,30.0005,AUTO,21,ARMED,100,632.8333,5,2756939.873,28,000454_D_A_PROGRAM_2.NC,2,100,0,17,100,1433.01534632931,766527.655,21,241.317994161564,19,343.3354014114,38,-99.8669982674121,586.6666666666666,5.34,UNAVAILABLE,53.948,60.0,EDB34637-67D8-465A-AFBA-010AD86D34F6,0.99,DE045126-2C5E-4E72-8491-E202079EAC7C,1.7873333333333334,5800.0,1500.0,3.8,37.0,0.1,133.56666666666666,2500.0,600.0,4.0,23.3,0.2,5600.0,1300.0,4.2,23.2,0.1,29800.0,8500.0,3.5,25.6,0.3,3000.0,800.0,3.7,24.7,0.1,900.0,200.0,4.3,29.8,0.1
body_p2,28,Al6061_body28_p2,DE045126-2C5E-4E72-8491-E202079EAC7C,6,238,2025-07-31 13:01:58.970973,20,0.000668021023912,278,1,27,30.0005,AUTO,21,ARMED,100,505.5667,5,2756939.873,28,000454_D_A_PROGRAM_2.NC,3,100,0,17,100,4725.44364907752,766527.655,6,418.073812877113,5,217.837962942118,12,-278.357080852855,3094.6666666666665,27.110000000000003,UNAVAILABLE,53.949333333333335,60.0,EDB34637-67D8-465A-AFBA-010AD86D34F6,1.0,DE045126-2C5E-4E72-8491-E202079EAC7C,1.7873333333333334,11500.0,2500.0,4.5,37.0,0.3,132.33333333333334,1000.0,200.0,4.6,23.3,0.1,1500.0,300.0,4.4,23.2,0.1,3200.0,700.0,4.5,25.6,0.2,26200.0,5700.0,4.6,24.7,0.2,63200.0,13800.0,4.6,29.8,1.4
body_p2,28,Al6061_body28_p2,DE045126-2C5E-4E72-8491-E202079EAC7C,6,239,2025-07-31 13:01:59.971109,20,0.000668021023912,279,1,27,30.0005,AUTO,21,ARMED,100,0.0,5,2756939.873,28,000454_D_A_PROGRAM_2.NC,4,100,0,12,100,6913.2948101955,766527.655,5,418.073812877113,5,217.837997272315,29,-336.156294185792,3094.6666666666665,27.110000000000003,UNAVAILABLE,53.949333333333335,60.0,EDB34637-67D8-465A-AFBA-010AD86D34F6,1.0,DE045126-2C5E-4E72-8491-E202079EAC7C,1.7873333333333334,9100.0,2300.0,3.9,37.0,0.2,132.33333333333334,300.0,100.0,3.5,23.3,0.1,400.0,100.0,4.0,23.2,0.1,2000.0,600.0,3.4,25.6,0.2,1100.0,300.0,4.0,24.7,0.1,600.0,100.0,4.3,29.8,0.1
body_p2,28,Al6061_body28_p2,DE045126-2C5E-4E72-8491-E202079EAC7C,6,240,2025-07-31 13:02:00.971417,20,0.000668021023912,279,1,27,30.0005,AUTO,21,ARMED,100,0.0,5,2756939.873,28,000454_D_A_PROGRAM_2.NC,5,100,0,9,100,8413.21545706063,766527.655,5,418.073789985218,5,217.837997272315,29,-336.156305628551,5886.666666666667,48.56,UNAVAILABLE,53.95166666666666,60.0,EDB34637-67D8-465A-AFBA-010AD86D34F6,0.9366666666666666,DE045126-2C5E-4E72-8491-E202079EAC7C,1.7873333333333334,10400.0,2500.0,4.1,37.0,0.3,130.70000000000002,300.0,100.0,3.3,23.3,0.1,300.0,100.0,3.4,23.2,0.1,1800.0,600.0,2.8,25.6,0.3,1000.0,200.0,4.2,24.7,0.1,1200.0,400.0,3.2,29.8,0.4
body_p2,28,Al6061_body28_p2,DE045126-2C5E-4E72-8491-E202079EAC7C,6,241,2025-07-31 13:02:01.971565,20,0.000668021023912,282,1,27,30.0005,AUTO,21,ARMED,100,25.05,5,2756939.873,28,000454_D_A_PROGRAM_2.NC,6,100,0,6,100,10000.0,766527.655,16,417.046432336784,12,218.431280654288,35,-339.20399308099,5147.333333333333,43.73,UNAVAILABLE,53.95433333333333,60.0,EDB34637-67D8-465A-AFBA-010AD86D34F6,0.8866666666666667,DE045126-2C5E-4E72-8491-E202079EAC7C,1.7873333333333334,7600.0,2100.0,3.6,37.0,0.6,131.03333333333333,500.0,100.0,4.1,23.3,0.4,600.0,200.0,3.7,23.2,0.1,3800.0,1300.0,2.8,25.6,0.5,2100.0,400.0,5.5,24.7,0.2,3300.0,1100.0,3.0,29.8,1.1
body_p2,28,Al6061_body28_p2,DE045126-2C5E-4E72-8491-E202079EAC7C,6,242,2025-07-31 13:02:02.971778,20,0.000668021023912,285,1,27,30.0005,AUTO,21,ARMED,100,25.33333,5,2756939.873,28,000454_D_A_PROGRAM_2.NC,7,100,0,1,100,10000.0,766527.655,7,418.739294439703,7,219.112735753018,31,-339.204256264459,4725.666666666667,39.03666666666667,UNAVAILABLE,53.955000000000005,60.0,EDB34637-67D8-465A-AFBA-010AD86D34F6,0.8733333333333334,DE045126-2C5E-4E72-8491-E202079EAC7C,1.7873333333333334,4100.0,1100.0,3.6,37.0,0.5,131.29999999999998,700.0,100.0,5.3,23.3,0.4,500.0,200.0,3.4,23.2,0.1,4300.0,1500.0,2.9,25.6,0.6,1500.0,300.0,5.3,24.7,0.2,5400.0,1500.0,3.7,29.8,1.3
body_p2,28,Al6061_body28_p2,DE045126-2C5E-4E72-8491-E202079EAC7C,6,243,2025-07-31 13:02:03.971943,20,0.000668021023912,292,1,27,30.0005,AUTO,21,ARMED,100,10.51667,5,2756939.873,28,000454_D_A_PROGRAM_2.NC,8,100,0,0,100,10000.0,766527.655,5,342.074370517523,6,217.838100024602,27,-338.804549232143,1057.3333333333333,9.06,UNAVAILABLE,53.955333333333336,60.0,EDB34637-67D8-465A-AFBA-010AD86D34F6,0.8933333333333332,DE045126-2C5E-4E72-8491-E202079EAC7C,1.7873333333333334,3300.0,1100.0,3.0,37.0,0.5,133.3,600.0,100.0,4.2,23.3,0.4,500.0,100.0,3.9,23.2,0.1,4000.0,1400.0,2.8,25.6,0.5,1400.0,300.0,4.8,24.7,0.2,4000.0,1400.0,2.9,29.8,1.2
body_p2,28,Al6061_body28_p2,DE045126-2C5E-4E72-8491-E202079EAC7C,6,244,2025-07-31 13:02:04.972155,20,0.000668021023912,298,1,27,30.0005,AUTO,21,ARMED,100,25.33333,5,2756939.873,28,000454_D_A_PROGRAM_2.NC,9,100,0,0,100,10000.0,766527.655,0,344.919010801986,8,218.300368037504,32,-339.204370692054,1019.6666666666666,8.683333333333334,UNAVAILABLE,53.95566666666667,60.0,EDB34637-67D8-465A-AFBA-010AD86D34F6,0.8833333333333334,DE045126-2C5E-4E72-8491-E202079EAC7C,1.7873333333333334,3900.0,1100.0,3.4,37.0,0.5,133.3,800.0,200.0,3.1,23.3,0.2,600.0,200.0,3.4,23.2,0.1,4200.0,1400.0,2.9,25.6,0.5,1200.0,300.0,4.1,24.7,0.2,2600.0,1400.0,1.9,29.8,1.3
body_p2,28,Al6061_body28_p2,DE045126-2C5E-4E72-8491-E202079EAC7C,6,245,2025-07-31 13:02:05.972369,20,0.000668021023912,305,1,27,30.0005,AUTO,21,ARMED,100,22.3,5,2756939.873,28,000454_D_A_PROGRAM_2.NC,10,100,0,0,100,10000.0,766527.655,33,361.242071351541,48,255.443668027603,37,-336.208095558077,1045.0,8.916666666666666,UNAVAILABLE,53.95566666666667,60.0,EDB34637-67D8-465A-AFBA-010AD86D34F6,0.88,DE045126-2C5E-4E72-8491-E202079EAC7C,1.7873333333333334,3800.0,1100.0,3.4,37.0,0.5,133.26666666666668,800.0,200.0,4.8,23.3,0.7,2400.0,300.0,7.9,23.2,0.1,18700.0,2100.0,8.8,25.6,0.5,1800.0,300.0,5.3,24.7,0.2,5900.0,1400.0,4.3,29.8,1.2
body_p2,28,Al6061_body28_p2,DE045126-2C5E-4E72-8491-E202079EAC7C,6,246,2025-07-31 13:02:06.972580,20,0.000668021023912,311,1,27,30.0005,AUTO,21,ARMED,100,25.35,5,2756939.873,28,000454_D_A_PROGRAM_2.NC,11,100,0,0,100,10000.0,766527.655,8,365.669413155302,4,249.455180836111,32,-339.204256264459,1018.3333333333334,8.673333333333334,UNAVAILABLE,53.956,59.99,EDB34637-67D8-465A-AFBA-010AD86D34F6,0.8733333333333334,DE045126-2C5E-4E72-8491-E202079EAC7C,1.7873333333333334,3900.0,1200.0,3.4,37.0,0.5,133.33333333333334,900.0,400.0,2.2,23.3,0.2,700.0,200.0,4.0,23.2,0.1,3700.0,1400.0,2.6,25.6,0.5,1100.0,300.0,3.6,24.7,0.2,2600.0,1400.0,1.9,29.8,1.3
body_p2,28,Al6061_body28_p2,DE045126-2C5E-4E72-8491-E202079EAC7C,6,247,2025-07-31 13:02:07.972793,20,0.000167897837986,315,1,27,30.0005,AUTO,21,ARMED,100,122.9333,5,2756939.873,28,000454_D_A_PROGRAM_2.NC,12,100,0,0,100,10000.0,766527.655,5,359.108389614881,7,253.132933576533,29,-336.354634915002,1042.3333333333333,8.879999999999999,UNAVAILABLE,53.95733333333334,59.99,EDB34637-67D8-465A-AFBA-010AD86D34F6,0.8733333333333334,DE045126-2C5E-4E72-8491-E202079EAC7C,1.7873333333333334,3400.0,1100.0,3.1,37.0,0.5,133.26666666666668,900.0,200.0,5.5,23.3,0.6,2200.0,400.0,6.1,23.2,0.1,22700.0,3600.0,6.3,25.6,0.5,1500.0,300.0,4.5,24.7,0.2,5700.0,1400.0,4.1,29.8,1.3
body_p2,28,Al6061_body28_p2,DE045126-2C5E-4E72-8491-E202079EAC7C,6,248,2025-07-31 13:02:08.973072,20,0.000668021023912,324,1,27,30.0005,AUTO,21,ARMED,100,25.33333,5,2756939.873,28,000454_D_A_PROGRAM_2.NC,13,100,0,0,100,10000.0,766527.655,10,340.645102695678,5,287.038031514038,31,-339.204336363776,1042.3333333333333,8.879999999999999,UNAVAILABLE,53.95733333333334,59.99,EDB34637-67D8-465A-AFBA-010AD86D34F6,0.8733333333333334,DE045126-2C5E-4E72-8491-E202079EAC7C,1.7873333333333334,4700.0,1100.0,4.2,37.0,0.5,133.26666666666668,800.0,300.0,2.6,23.3,0.1,700.0,200.0,3.7,23.2,0.1,3700.0,1400.0,2.6,25.6,0.5,1100.0,300.0,4.2,24.7,0.2,2700.0,1400.0,1.9,29.8,1.3
body_p2,28,Al6061_body28_p2,DE045126-2C5E-4E72-8491-E202079EAC7C,6,249,2025-07-31 13:02:09.973286,20,0.000668021023912,328,1,27,30.0005,AUTO,21,ARMED,100,11.55,5,2756939.873,28,000454_D_A_PROGRAM_2.NC,14,100,0,1,100,10000.0,766527.655,5,339.440400714713,8,290.911485469059,32,-337.145861147307,1036.6666666666667,8.83,UNAVAILABLE,53.95733333333334,59.99,EDB34637-67D8-465A-AFBA-010AD86D34F6,0.8766666666666666,DE045126-2C5E-4E72-8491-E202079EAC7C,1.7873333333333334,3800.0,1100.0,3.4,37.0,0.5,133.23333333333335,1300.0,300.0,5.0,23.3,0.1,1100.0,200.0,5.5,23.2,0.1,3600.0,1400.0,2.7,25.6,0.5,2500.0,300.0,8.2,24.7,0.2,5600.0,1500.0,3.8,29.8,1.2
body_p2,28,Al6061_body28_p2,DE045126-2C5E-4E72-8491-E202079EAC7C,6,250,2025-07-31 13:02:10.973619,20,0.000668021023912,336,1,27,30.0005,AUTO,21,ARMED,100,24.85,5,2756939.873,28,000454_D_A_PROGRAM_2.NC,15,100,0,0,100,10000.0,766527.655,6,414.190161767465,12,288.780527316225,30,-339.204347806535,1250.0,11.126666666666663,UNAVAILABLE,53.95766666666666,59.99,EDB34637-67D8-465A-AFBA-010AD86D34F6,0.7133333333333334,DE045126-2C5E-4E72-8491-E202079EAC7C,1.7873333333333334,3900.0,1100.0,3.5,37.0,0.5,133.13333333333333,700.0,200.0,4.0,23.3,0.1,700.0,200.0,3.9,23.2,0.1,3900.0,1400.0,2.8,25.6,0.5,900.0,300.0,3.7,24.7,0.2,2500.0,1400.0,1.9,29.8,1.3
body_p2,28,Al6061_body28_p2,DE045126-2C5E-4E72-8491-E202079EAC7C,6,251,2025-07-31 13:02:11.973831,20,0.000668021023912,340,1,27,30.0005,AUTO,21,ARMED,100,7.883333,5,2756939.873,28,000454_D_A_PROGRAM_2.NC,16,100,0,1,100,10000.0,766527.655,4,414.739737320515,10,293.004368726753,32,-339.204256264459,1035.3333333333333,8.82,UNAVAILABLE,53.958333333333336,59.99,EDB34637-67D8-465A-AFBA-010AD86D34F6,0.88,DE045126-2C5E-4E72-8491-E202079EAC7C,1.7873333333333334,3500.0,1100.0,3.2,37.0,0.5,133.23333333333335,400.0,100.0,3.5,23.3,0.4,600.0,100.0,4.3,23.2,0.1,3800.0,1300.0,2.8,25.6,0.5,1700.0,300.0,6.0,24.7,0.2,5800.0,1500.0,4.0,29.8,1.3
body_p2,29,Al6061_body29_p2,DE045126-2C5E-4E72-8491-E202079EAC7C,6,212,2025-07-31 13:07:33.039592,20,0.000167897837986,277,1,27,30.0005,AUTO,21,ARMED,100,0.0,5,2757300.223,29,000454_D_A_PROGRAM_2.NC,1,100,0,30,100,206.682354831739,766888.115,81,76.7913400665646,49,460.149286447772,35,-99.8670097108772,672.0,5.833333333333333,UNAVAILABLE,54.05,59.97,EDB34637-67D8-465A-AFBA-010AD86D34F6,0.8133333333333334,DE045126-2C5E-4E72-8491-E202079EAC7C,1.7939999999999998,5700.0,1200.0,4.7,36.9,0.1,133.66666666666666,2300.0,600.0,4.1,23.3,0.4,5400.0,1000.0,5.4,23.2,0.1,30800.0,8100.0,3.8,25.7,0.3,2800.0,500.0,6.0,24.7,0.1,700.0,200.0,4.1,29.9,0.1
body_p2,29,Al6061_body29_p2,DE045126-2C5E-4E72-8491-E202079EAC7C,6,213,2025-07-31 13:07:34.039908,20,0.000668021023912,277,1,27,30.0005,AUTO,21,ARMED,100,3.6,5,2757300.223,29,000454_D_A_PROGRAM_2.NC,2,100,0,24,100,3714.2845938345,766888.115,3,418.073412268946,5,217.838271913899,35,-100.422968123245,605.6666666666666,5.390000000000001,UNAVAILABLE,54.05033333333333,59.98,EDB34637-67D8-465A-AFBA-010AD86D34F6,0.6733333333333333,DE045126-2C5E-4E72-8491-E202079EAC7C,1.7939999999999998,11300.0,1900.0,5.9,36.9,0.2,133.76666666666668,1000.0,200.0,4.0,23.3,0.1,1900.0,300.0,6.1,23.2,0.0,2700.0,500.0,5.0,25.7,0.1,22700.0,3600.0,6.4,24.7,0.1,46000.0,10000.0,4.6,29.9,1.0
body_p2,29,Al6061_body29_p2,DE045126-2C5E-4E72-8491-E202079EAC7C,6,214,2025-07-31 13:07:35.040060,20,0.000668021023912,279,1,27,30.0005,AUTO,21,ARMED,100,0.0,5,2757300.223,29,000454_D_A_PROGRAM_2.NC,3,100,0,13,100,6182.33571486515,766888.115,5,418.073801431166,5,217.838008715715,29,-336.156305628551,3420.6666666666665,25.966666666666665,UNAVAILABLE,54.052,59.97,EDB34637-67D8-465A-AFBA-010AD86D34F6,0.9933333333333332,DE045126-2C5E-4E72-8491-E202079EAC7C,1.7939999999999998,7600.0,2000.0,3.8,36.9,0.2,132.29999999999998,300.0,100.0,4.0,23.3,0.1,400.0,100.0,4.6,23.2,0.1,1600.0,500.0,3.4,25.7,0.2,1100.0,300.0,4.0,24.7,0.1,500.0,100.0,4.1,29.9,0.1
body_p2,29,Al6061_body29_p2,DE045126-2C5E-4E72-8491-E202079EAC7C,6,215,2025-07-31 13:07:36.040325,20,0.000668021023912,279,1,27,30.0005,AUTO,21,ARMED,100,0.0,5,2757300.223,29,000454_D_A_PROGRAM_2.NC,5,100,0,9,100,8106.41519550269,766888.115,5,418.07377853927,5,217.837997272315,29,-336.156282743032,5947.333333333333,48.2,UNAVAILABLE,54.053,59.98,EDB34637-67D8-465A-AFBA-010AD86D34F6,0.9433333333333334,DE045126-2C5E-4E72-8491-E202079EAC7C,1.7939999999999998,9900.0,3000.0,3.3,36.9,0.2,130.93333333333334,300.0,100.0,3.2,23.3,0.1,400.0,100.0,3.3,23.2,0.1,1700.0,700.0,2.6,25.7,0.3,1000.0,300.0,4.0,24.7,0.1,800.0,200.0,3.6,29.9,0.2
body_p2,29,Al6061_body29_p2,DE045126-2C5E-4E72-8491-E202079EAC7C,6,216,2025-07-31 13:07:37.040541,20,0.000668021023912,279,1,27,30.0005,AUTO,21,ARMED,100,0.0,5,2757300.223,29,000454_D_A_PROGRAM_2.NC,5,100,0,7,100,9045.4628090449,766888.115,5,418.073812877113,5,217.837997272315,29,-336.183997106557,5906.666666666667,48.64666666666667,UNAVAILABLE,54.05466666666666,59.98,EDB34637-67D8-465A-AFBA-010AD86D34F6,0.92,DE045126-2C5E-4E72-8491-E202079EAC7C,1.7939999999999998,8100.0,2200.0,3.7,36.9,0.5,130.86666666666665,500.0,100.0,4.1,23.3,0.4,500.0,100.0,4.7,23.2,0.1,3500.0,900.0,3.8,25.7,0.4,2900.0,400.0,7.7,24.7,0.1,5700.0,900.0,6.3,29.9,0.8
body_p2,29,Al6061_body29_p2,DE045126-2C5E-4E72-8491-E202079EAC7C,6,217,2025-07-31 13:07:38.040906,20,0.000668021023912,285,1,27,30.0005,AUTO,21,ARMED,100,25.33333,5,2757300.223,29,000454_D_A_PROGRAM_2.NC,6,100,0,0,100,10000.0,766888.115,9,422.550036847327,4,214.015783473421,31,-339.204279149978,5160.333333333333,42.50666666666667,UNAVAILABLE,54.057,59.98,EDB34637-67D8-465A-AFBA-010AD86D34F6,0.8833333333333333,DE045126-2C5E-4E72-8491-E202079EAC7C,1.7939999999999998,7200.0,1700.0,4.3,36.9,0.5,131.29999999999998,800.0,300.0,3.1,23.3,0.2,600.0,200.0,3.6,23.2,0.1,4800.0,1700.0,2.9,25.7,0.6,1500.0,400.0,4.1,24.7,0.2,3100.0,1600.0,1.9,29.9,1.6
body_p2,29,Al6061_body29_p2,DE045126-2C5E-4E72-8491-E202079EAC7C,6,218,2025-07-31 13:07:39.041236,20,0.000668021023912,291,1,27,30.0005,AUTO,21,ARMED,100,155.1,5,2757300.223,29,000454_D_A_PROGRAM_2.NC,7,100,0,0,100,10000.0,766888.115,81,380.012501170662,10,216.324914959693,37,-336.156198982826,4617.0,38.09333333333333,UNAVAILABLE,54.05766666666667,59.98,EDB34637-67D8-465A-AFBA-010AD86D34F6,0.8866666666666667,DE045126-2C5E-4E72-8491-E202079EAC7C,1.7939999999999998,3400.0,1100.0,3.1,36.9,0.5,131.6,1200.0,200.0,5.8,23.3,0.2,1400.0,300.0,5.3,23.2,0.1,3600.0,1300.0,2.7,25.7,0.5,1300.0,300.0,4.1,24.7,0.2,4800.0,1700.0,2.9,29.9,1.5
body_p2,29,Al6061_body29_p2,DE045126-2C5E-4E72-8491-E202079EAC7C,6,219,2025-07-31 13:07:40.041518,20,0.000668021023912,298,1,27,30.0005,AUTO,21,ARMED,100,25.33333,5,2757300.223,29,000454_D_A_PROGRAM_2.NC,8,100,0,0,100,10000.0,766888.115,10,343.20888667189,6,210.726008919379,31,-339.204267707219,1064.6666666666667,9.093333333333332,UNAVAILABLE,54.058,59.98,EDB34637-67D8-465A-AFBA-010AD86D34F6,0.86,DE045126-2C5E-4E72-8491-E202079EAC7C,1.7939999999999998,3800.0,1100.0,3.5,36.9,0.5,133.53333333333333,800.0,300.0,2.6,23.3,0.1,600.0,200.0,3.3,23.2,0.1,3700.0,1400.0,2.8,25.7,0.5,1000.0,300.0,3.7,24.7,0.2,3100.0,1700.0,1.8,29.9,1.7
body_p2,29,Al6061_body29_p2,DE045126-2C5E-4E72-8491-E202079EAC7C,6,220,2025-07-31 13:07:41.041793,20,0.000668021023912,302,1,27,30.0005,AUTO,21,ARMED,100,9.783333,5,2757300.223,29,000454_D_A_PROGRAM_2.NC,10,100,0,0,100,10000.0,766888.115,6,339.440663927487,7,214.911794195408,34,-336.401242927905,1030.6666666666667,8.773333333333333,UNAVAILABLE,54.058,59.98,EDB34637-67D8-465A-AFBA-010AD86D34F6,0.8666666666666667,DE045126-2C5E-4E72-8491-E202079EAC7C,1.7939999999999998,3700.0,1100.0,3.4,36.9,0.5,133.5,900.0,200.0,4.8,23.3,0.6,3400.0,400.0,9.1,23.2,0.1,20300.0,3600.0,5.6,25.7,0.5,1600.0,300.0,4.8,24.7,0.2,6300.0,1700.0,3.6,29.9,1.5
body_p2,29,Al6061_body29_p2,DE045126-2C5E-4E72-8491-E202079EAC7C,6,221,2025-07-31 13:07:42.042141,20,0.000668021023912,310,1,27,30.0005,AUTO,21,ARMED,100,25.33333,5,2757300.223,29,000454_D_A_PROGRAM_2.NC,10,100,0,0,100,10000.0,766888.115,6,359.144076441473,8,249.456540738442,30,-339.204324921016,1034.3333333333333,8.799999999999999,UNAVAILABLE,54.058,59.98,EDB34637-67D8-465A-AFBA-010AD86D34F6,0.8666666666666667,DE045126-2C5E-4E72-8491-E202079EAC7C,1.7939999999999998,3800.0,1100.0,3.5,36.9,0.5,133.46666666666667,1000.0,400.0,2.7,23.3,0.1,600.0,200.0,3.5,23.2,0.1,3600.0,1400.0,2.7,25.7,0.5,1200.0,300.0,4.3,24.7,0.2,3100.0,1700.0,1.8,29.9,1.6
body_p2,29,Al6061_body29_p2,DE045126-2C5E-4E72-8491-E202079EAC7C,6,222,2025-07-31 13:07:43.042411,20,0.000668021023912,313,1,27,30.0005,AUTO,21,ARMED,100,23.11667,5,2757300.223,29,000454_D_A_PROGRAM_2.NC,11,100,0,0,100,10000.0,766888.115,6,358.299585381435,9,255.195081476663,31,-339.204279149978,1019.3333333333334,8.666666666666668,UNAVAILABLE,54.058666666666674,59.98,EDB34637-67D8-465A-AFBA-010AD86D34F6,0.8366666666666666,DE045126-2C5E-4E72-8491-E202079EAC7C,1.7939999999999998,4000.0,1100.0,3.7,36.9,0.5,133.53333333333333,900.0,200.0,5.7,23.3,0.4,1000.0,200.0,6.0,23.2,0.1,17500.0,2400.0,7.3,25.7,0.5,1600.0,300.0,5.2,24.7,0.2,6000.0,1800.0,3.4,29.9,1.6
body_p2,29,Al6061_body29_p2,DE045126-2C5E-4E72-8491-E202079EAC7C,6,223,2025-07-31 13:07:44.042660,20,0.000668021023912,321,1,27,30.0005,AUTO,21,ARMED,100,24.73333,5,2757300.223,29,000454_D_A_PROGRAM_2.NC,12,100,0,1,100,10000.0,766888.115,21,340.833801391077,15,294.475120715459,28,-339.204176165143,1033.3333333333333,8.799999999999999,UNAVAILABLE,54.059000000000005,59.98,EDB34637-67D8-465A-AFBA-010AD86D34F6,0.8766666666666666,DE045126-2C5E-4E72-8491-E202079EAC7C,1.7939999999999998,3800.0,1100.0,3.5,36.9,0.5,133.46666666666667,700.0,200.0,3.7,23.3,0.2,600.0,200.0,3.5,23.2,0.1,4300.0,1400.0,3.2,25.7,0.5,1900.0,300.0,6.8,24.7,0.2,3100.0,1700.0,1.8,29.9,1.6
body_p2,29,Al6061_body29_p2,DE045126-2C5E-4E72-8491-E202079EAC7C,6,224,2025-07-31 13:07:45.042904,20,0.000668021023912,324,1,27,30.0005,AUTO,21,ARMED,100,25.33333,5,2757300.223,29,000454_D_A_PROGRAM_2.NC,13,100,0,0,100,10000.0,766888.115,8,340.048365097322,9,294.407944174403,32,-339.204290592738,1042.0,8.876666666666667,UNAVAILABLE,54.059666666666665,59.98,EDB34637-67D8-465A-AFBA-010AD86D34F6,0.88,DE045126-2C5E-4E72-8491-E202079EAC7C,1.7939999999999998,4100.0,1100.0,3.7,36.9,0.5,133.5,600.0,100.0,4.7,23.3,0.1,1500.0,200.0,8.0,23.2,0.1,4500.0,1500.0,3.1,25.7,0.6,12000.0,1100.0,10.5,24.7,0.2,61400.0,7800.0,7.8,29.9,1.6
body_p2,30,Al6061_body30_p2,DE045126-2C5E-4E72-8491-E202079EAC7C,6,187,2025-07-31 13:13:07.728868,20,0.000167897837986,277,1,27,30.0005,AUTO,21,ARMED,100,415.2833,5,2757660.7,30,000454_D_A_PROGRAM_2.NC,1,100,0,33,100,398.175031107422,766888.115,83,78.160699388364,49,459.178275115128,38,-99.8669982674121,614.0,7.113333333333333,UNAVAILABLE,54.15133333333333,59.98,EDB34637-67D8-465A-AFBA-010AD86D34F6,0.63,DE045126-2C5E-4E72-8491-E202079EAC7C,1.7993333333333332,6000.0,1300.0,4.6,36.8,0.1,133.63333333333333,2500.0,600.0,4.0,23.3,0.3,5600.0,1200.0,4.9,23.3,0.1,29300.0,8700.0,3.3,25.7,0.3,3000.0,600.0,5.4,24.7,0.0,700.0,200.0,4.0,29.9,0.1
body_p2,30,Al6061_body30_p2,DE045126-2C5E-4E72-8491-E202079EAC7C,6,188,2025-07-31 13:13:08.729081,20,0.000668021023912,278,1,27,30.0005,AUTO,21,ARMED,100,65.85,5,2757660.7,30,000454_D_A_PROGRAM_2.NC,2,100,0,20,100,3982.26544507639,766888.115,6,418.073870106851,6,217.837859951524,35,-133.785227442279,3268.6666666666665,24.363333333333333,UNAVAILABLE,54.15200000000001,59.98,EDB34637-67D8-465A-AFBA-010AD86D34F6,0.9966666666666668,DE045126-2C5E-4E72-8491-E202079EAC7C,1.7993333333333332,9700.0,2100.0,4.7,36.8,0.2,132.56666666666663,1200.0,300.0,4.5,23.3,0.1,1600.0,400.0,4.6,23.3,0.1,4000.0,600.0,6.3,25.7,0.2,26200.0,4600.0,5.6,24.7,0.1,47700.0,11900.0,4.0,29.9,1.2
body_p2,30,Al6061_body30_p2,DE045126-2C5E-4E72-8491-E202079EAC7C,6,189,2025-07-31 13:13:09.729226,20,0.000668021023912,279,1,27,30.0005,AUTO,21,ARMED,100,0.0,5,2757660.7,30,000454_D_A_PROGRAM_2.NC,3,100,0,12,100,6644.84574249725,766888.115,5,418.073812877113,5,217.837997272315,29,-336.156305628551,5843.333333333333,48.18,UNAVAILABLE,54.153333333333336,59.98,EDB34637-67D8-465A-AFBA-010AD86D34F6,0.8766666666666666,DE045126-2C5E-4E72-8491-E202079EAC7C,1.7993333333333332,9100.0,2200.0,4.2,36.8,0.2,130.83333333333334,200.0,100.0,3.7,23.3,0.1,400.0,100.0,4.2,23.3,0.1,1500.0,500.0,3.2,25.7,0.2,1200.0,300.0,4.3,24.7,0.1,500.0,100.0,3.8,29.9,0.1
body_p2,30,Al6061_body30_p2,DE045126-2C5E-4E72-8491-E202079EAC7C,6,190,2025-07-31 13:13:10.729564,20,0.000668021023912,279,1,27,30.0005,AUTO,21,ARMED,100,0.0,5,2757660.7,30,000454_D_A_PROGRAM_2.NC,4,100,0,9,100,8078.44243722409,766888.115,5,418.073812877113,5,217.838008715715,29,-336.15632851407,5969.666666666667,49.2,UNAVAILABLE,54.156000000000006,59.98,EDB34637-67D8-465A-AFBA-010AD86D34F6,0.9366666666666666,DE045126-2C5E-4E72-8491-E202079EAC7C,1.7993333333333332,9800.0,3000.0,3.3,36.8,0.2,130.70000000000002,300.0,100.0,3.7,23.3,0.1,400.0,100.0,3.3,23.3,0.1,1900.0,700.0,2.8,25.7,0.3,1000.0,300.0,3.9,24.7,0.1,900.0,200.0,3.6,29.9,0.3
body_p2,30,Al6061_body30_p2,DE045126-2C5E-4E72-8491-E202079EAC7C,6,191,2025-07-31 13:13:11.729914,20,0.000668021023912,279,1,27,30.0005,AUTO,21,ARMED,100,0.0,5,2757660.7,30,000454_D_A_PROGRAM_2.NC,5,100,0,6,100,10000.0,766888.115,5,418.073847214956,5,217.838008715715,36,-336.381350379763,5555.0,47.24666666666667,UNAVAILABLE,54.157,59.98,EDB34637-67D8-465A-AFBA-010AD86D34F6,0.8866666666666667,DE045126-2C5E-4E72-8491-E202079EAC7C,1.7993333333333332,7800.0,2200.0,3.6,36.8,0.5,130.9,500.0,100.0,3.9,23.3,0.4,500.0,100.0,4.1,23.3,0.1,3800.0,1000.0,3.9,25.7,0.4,2900.0,400.0,7.7,24.7,0.2,5200.0,1000.0,5.2,29.9,0.9
body_p2,30,Al6061_body30_p2,DE045126-2C5E-4E72-8491-E202079EAC7C,6,192,2025-07-31 13:13:12.730061,20,0.000668021023912,285,1,27,30.0005,AUTO,21,ARMED,100,25.33333,5,2757660.7,30,000454_D_A_PROGRAM_2.NC,6,100,0,1,100,10000.0,766888.115,6,422.636476643845,9,214.686962389471,31,-339.204210493421,4860.333333333333,40.14333333333334,UNAVAILABLE,54.15833333333334,59.98,EDB34637-67D8-465A-AFBA-010AD86D34F6,0.8966666666666666,DE045126-2C5E-4E72-8491-E202079EAC7C,1.7993333333333332,7800.0,1500.0,5.3,36.8,0.5,131.4,700.0,200.0,2.9,23.3,0.2,600.0,200.0,3.7,23.3,0.1,4600.0,1700.0,2.8,25.7,0.6,1300.0,300.0,3.9,24.7,0.2,2700.0,1400.0,1.9,29.9,1.3
body_p2,30,Al6061_body30_p2,DE045126-2C5E-4E72-8491-E202079EAC7C,6,193,2025-07-31 13:13:13.730214,20,0.000668021023912,291,1,27,30.0005,AUTO,21,ARMED,100,165.4167,5,2757660.7,30,000454_D_A_PROGRAM_2.NC,7,100,0,0,100,10000.0,766888.115,87,389.025818692986,9,215.965500320887,37,-336.156130323833,1082.0,9.576666666666666,UNAVAILABLE,54.15833333333334,59.98,EDB34637-67D8-465A-AFBA-010AD86D34F6,0.4366666666666667,DE045126-2C5E-4E72-8491-E202079EAC7C,1.7993333333333332,3500.0,1100.0,3.2,36.8,0.5,133.4,1300.0,200.0,7.0,23.3,0.2,1600.0,300.0,6.1,23.3,0.1,3500.0,1400.0,2.5,25.7,0.5,1600.0,300.0,5.4,24.7,0.2,4100.0,1400.0,2.9,29.9,1.3
body_p2,30,Al6061_body30_p2,DE045126-2C5E-4E72-8491-E202079EAC7C,6,194,2025-07-31 13:13:14.730408,20,0.000668021023912,298,1,27,30.0005,AUTO,21,ARMED,100,25.33333,5,2757660.7,30,000454_D_A_PROGRAM_2.NC,8,100,0,0,100,10000.0,766888.115,5,345.891963255133,11,212.483819771787,32,-339.204267707219,1040.6666666666667,8.946666666666667,UNAVAILABLE,54.159333333333336,59.98,EDB34637-67D8-465A-AFBA-010AD86D34F6,0.7233333333333333,DE045126-2C5E-4E72-8491-E202079EAC7C,1.7993333333333332,3800.0,1100.0,3.4,36.8,0.5,133.36666666666665,800.0,300.0,2.5,23.3,0.1,500.0,200.0,3.1,23.3,0.1,3700.0,1400.0,2.6,25.7,0.5,1100.0,300.0,3.9,24.7,0.2,2700.0,1500.0,1.8,29.9,1.4
body_p2,30,Al6061_body30_p2,DE045126-2C5E-4E72-8491-E202079EAC7C,6,195,2025-07-31 13:13:15.730558,20,0.000167897837986,302,1,27,30.0005,AUTO,21,ARMED,100,242.4333,5,2757660.7,30,000454_D_A_PROGRAM_2.NC,9,100,0,0,100,10000.0,766888.115,40,341.514265609284,53,218.764547099969,38,-336.156233312322,1036.3333333333333,8.826666666666666,UNAVAILABLE,54.15966666666667,59.98,EDB34637-67D8-465A-AFBA-010AD86D34F6,0.8766666666666666,DE045126-2C5E-4E72-8491-E202079EAC7C,1.7993333333333332,3500.0,1100.0,3.2,36.8,0.5,133.4,1000.0,200.0,4.8,23.3,0.6,2200.0,400.0,6.1,23.3,0.1,21800.0,3600.0,6.0,25.8,0.5,1700.0,400.0,4.9,24.7,0.2,6400.0,1400.0,4.5,29.9,1.3
body_p2,30,Al6061_body30_p2,DE045126-2C5E-4E72-8491-E202079EAC7C,6,196,2025-07-31 13:13:16.730708,20,0.000668021023912,311,1,27,30.0005,AUTO,21,ARMED,100,25.35,5,2757660.7,30,000454_D_A_PROGRAM_2.NC,10,100,0,1,100,10000.0,766888.115,9,359.662089279758,7,249.030090586566,31,-339.204336363776,1077.3333333333333,9.333333333333334,UNAVAILABLE,54.15966666666667,59.98,EDB34637-67D8-465A-AFBA-010AD86D34F6,0.7766666666666667,DE045126-2C5E-4E72-8491-E202079EAC7C,1.7993333333333332,3500.0,1100.0,3.0,36.8,0.5,133.36666666666665,900.0,400.0,2.4,23.3,0.2,700.0,200.0,3.6,23.3,0.1,3800.0,1400.0,2.7,25.8,0.5,1000.0,300.0,3.5,24.7,0.2,2700.0,1400.0,1.9,29.9,1.3
body_p2,30,Al6061_body30_p2,DE045126-2C5E-4E72-8491-E202079EAC7C,6,197,2025-07-31 13:13:17.730921,20,0.000668021023912,315,1,27,30.0005,AUTO,21,ARMED,100,17.86667,5,2757660.7,30,000454_D_A_PROGRAM_2.NC,11,100,0,0,100,10000.0,766888.115,9,359.107295412814,1,253.134673298378,31,-337.797400658888,1026.0,8.723333333333334,UNAVAILABLE,54.15966666666667,59.98,EDB34637-67D8-465A-AFBA-010AD86D34F6,0.8700000000000001,DE045126-2C5E-4E72-8491-E202079EAC7C,1.7993333333333332,3700.0,1100.0,3.3,36.8,0.5,133.4,1000.0,200.0,6.2,23.3,0.4,1300.0,200.0,7.3,23.3,0.1,22300.0,2800.0,8.1,25.8,0.5,2000.0,300.0,6.3,24.7,0.2,6000.0,1500.0,3.9,30.0,1.3
body_p2,30,Al6061_body30_p2,DE045126-2C5E-4E72-8491-E202079EAC7C,6,198,2025-07-31 13:13:18.731115,20,0.000668021023912,323,1,27,30.0005,AUTO,21,ARMED,100,24.91667,5,2757660.7,30,000454_D_A_PROGRAM_2.NC,12,100,0,0,100,10000.0,766888.115,18,338.502680394572,14,292.532134740273,31,-339.204370692054,1178.3333333333333,10.323333333333334,UNAVAILABLE,54.16066666666666,59.98,EDB34637-67D8-465A-AFBA-010AD86D34F6,0.9533333333333333,DE045126-2C5E-4E72-8491-E202079EAC7C,1.7993333333333332,3800.0,1100.0,3.5,36.8,0.5,133.3,700.0,200.0,4.1,23.3,0.2,500.0,200.0,3.3,23.3,0.1,4300.0,1400.0,3.0,25.8,0.5,1900.0,300.0,6.6,24.7,0.2,2900.0,1400.0,2.0,30.0,1.3
body_p2,30,Al6061_body30_p2,DE045126-2C5E-4E72-8491-E202079EAC7C,6,199,2025-07-31 13:13:19.731309,20,0.000668021023912,324,1,27,30.0005,AUTO,21,ARMED,100,25.33333,5,2757660.7,30,000454_D_A_PROGRAM_2.NC,13,100,0,0,100,10000.0,766888.115,6,339.530977792533,4,294.001171083684,32,-339.204302035497,1033.3333333333333,8.8,UNAVAILABLE,54.16066666666666,59.98,EDB34637-67D8-465A-AFBA-010AD86D34F6,0.88,DE045126-2C5E-4E72-8491-E202079EAC7C,1.7993333333333332,3900.0,1100.0,3.5,36.8,0.5,133.36666666666665,600.0,100.0,5.2,23.3,0.4,600.0,100.0,3.9,23.3,0.1,3900.0,1400.0,2.9,25.8,0.5,1900.0,300.0,6.8,24.7,0.2,5900.0,1500.0,3.8,30.0,1.3
body_p2,30,Al6061_body30_p2,DE045126-2C5E-4E72-8491-E202079EAC7C,6,200,2025-07-31 13:13:20.731415,20,0.000668021023912,332,1,27,30.0005,AUTO,21,ARMED,100,16.43333,5,2757660.7,30,000454_D_A_PROGRAM_2.NC,14,100,0,0,100,10000.0,766888.115,94,418.073812877113,4,293.85168525285,33,-339.146184259964,1172.6666666666667,10.3,UNAVAILABLE,54.16066666666666,59.98,EDB34637-67D8-465A-AFBA-010AD86D34F6,0.97,DE045126-2C5E-4E72-8491-E202079EAC7C,1.7993333333333332,3600.0,1100.0,3.4,36.8,0.5,133.33333333333334,500.0,100.0,4.2,23.3,0.4,600.0,200.0,4.0,23.3,0.1,4300.0,1400.0,3.0,25.8,0.5,2500.0,300.0,8.6,24.7,0.2,5900.0,1400.0,4.3,30.0,1.3
body_p2,30,Al6061_body30_p2,DE045126-2C5E-4E72-8491-E202079EAC7C,6,201,2025-07-31 13:13:21.731737,20,0.000668021023912,337,1,27,30.0005,AUTO,21,ARMED,100,25.33333,5,2757660.7,30,000454_D_A_PROGRAM_2.NC,15,100,0,0,100,10000.0,767248.463999999,8,420.395346483711,4,294.628713625065,32,-339.204347806535,1030.0,8.763333333333334,UNAVAILABLE,54.16133333333333,59.98,EDB34637-67D8-465A-AFBA-010AD86D34F6,0.8733333333333334,DE045126-2C5E-4E72-8491-E202079EAC7C,1.7993333333333332,3700.0,1100.0,3.3,36.8,0.5,133.36666666666665,700.0,200.0,3.9,23.3,0.4,600.0,200.0,3.6,23.3,0.1,4300.0,1400.0,3.0,25.8,0.5,1100.0,300.0,3.8,24.7,0.2,2600.0,1400.0,1.9,30.0,1.3
