Dataname,Value,Time
featureId,NONE,2025-07-11 10:22:00.020465
partKindId,NONE,2025-07-11 10:22:00.020465
processKindId,NONE,2025-07-11 10:22:00.020465
A_Axis_Load,16,2025-07-11 10:22:00.020465
A_Position,0.000167897837982586,2025-07-11 10:22:00.020465
C_Axis_Load,45,2025-07-11 10:22:00.020465
C_Position,30.0005,2025-07-11 10:22:00.020465
Machine_Time,2590490.28,2025-07-11 10:22:00.020465
Spindle_Time,690508.343999999,2025-07-11 10:22:00.020465
Feed_Override,100,2025-07-11 10:22:00.020465
Feed_Rate,0,2025-07-11 10:22:00.020465
Program_Runtime_Seconds,10,2025-07-11 10:22:00.020465
Rapid_Override,100,2025-07-11 10:22:00.020465
Rapid_Speed,0,2025-07-11 10:22:00.020465
S_Axis_Load,0,2025-07-11 10:22:00.020465
Spindle_Override,100,2025-07-11 10:22:00.020465
Spindle_Speed,0,2025-07-11 10:22:00.020465
X_Axis_Load,3,2025-07-11 10:22:00.020465
X_Position,415.76750021304,2025-07-11 10:22:00.020465
Y_Axis_Load,5,2025-07-11 10:22:00.020465
Y_Position,491.650001896484,2025-07-11 10:22:00.020465
Z_Axis_Load,36,2025-07-11 10:22:00.020465
Z_Position,-244.749990582039,2025-07-11 10:22:00.020465
COR_Status,1,2025-07-11 10:22:00.020465
Controller_Mode,AUTO,2025-07-11 10:22:00.020465
EStop_State,ARMED,2025-07-11 10:22:00.020465
Machine_Mode,4,2025-07-11 10:22:00.020465
Block_Number,638,2025-07-11 10:22:00.020465
Current_Tool,21,2025-07-11 10:22:00.020465
Part_Count,3,2025-07-11 10:22:00.020465
Program_Name_Running,000454_D_A_PROGRAM_2.NC,2025-07-11 10:22:00.020465
spindle motor v_rms,0.0,2025-07-11 10:22:00.020465
spindle motor a_peak,300,2025-07-11 10:22:00.020465
spindle motor a_rms,100,2025-07-11 10:22:00.020465
spindle motor temp,24.5,2025-07-11 10:22:00.020465
spindle motor crest,4.1,2025-07-11 10:22:00.020465
z-axis bearing v_rms,0.0,2025-07-11 10:22:00.020465
z-axis bearing a_peak,1000,2025-07-11 10:22:00.020465
z-axis bearing a_rms,200,2025-07-11 10:22:00.020465
z-axis bearing temp,22.4,2025-07-11 10:22:00.020465
z-axis bearing crest,5.4,2025-07-11 10:22:00.020465
z-axis motor v_rms,0.1,2025-07-11 10:22:00.020465
z-axis motor a_peak,1000,2025-07-11 10:22:00.020465
z-axis motor a_rms,500,2025-07-11 10:22:00.020465
z-axis motor temp,25.3,2025-07-11 10:22:00.020465
z-axis motor crest,1.9,2025-07-11 10:22:00.020465
y-axis bearing v_rms,0.0,2025-07-11 10:22:00.020465
y-axis bearing a_peak,300,2025-07-11 10:22:00.020465
y-axis bearing a_rms,100,2025-07-11 10:22:00.020465
y-axis bearing temp,21.3,2025-07-11 10:22:00.020465
y-axis bearing crest,4.8,2025-07-11 10:22:00.020465
y-axis motor v_rms,0.0,2025-07-11 10:22:00.020465
y-axis motor a_peak,700,2025-07-11 10:22:00.020465
y-axis motor a_rms,300,2025-07-11 10:22:00.020465
y-axis motor temp,24.1,2025-07-11 10:22:00.020465
y-axis motor crest,2.4,2025-07-11 10:22:00.020465
x-axis motor v_rms,0.0,2025-07-11 10:22:00.020465
x-axis motor a_peak,200,2025-07-11 10:22:00.020465
x-axis motor a_rms,100,2025-07-11 10:22:00.020465
x-axis motor temp,21.3,2025-07-11 10:22:00.020465
x-axis motor crest,4.5,2025-07-11 10:22:00.020465
voltage,132.66666666666666,2025-07-11 10:22:00.020465
current,3.66,2025-07-11 10:22:00.020465
active power,398.6666666666667,2025-07-11 10:22:00.020465
forward kWh,16.215666666666667,2025-07-11 10:22:00.020465
reverse kWh,0.3606666666666667,2025-07-11 10:22:00.020465
frequency,59.99,2025-07-11 10:22:00.020465
power factor,0.7766666666666667,2025-07-11 10:22:00.020465
featureId,NONE,2025-07-11 10:22:01.020616
partKindId,NONE,2025-07-11 10:22:01.020616
processKindId,NONE,2025-07-11 10:22:01.020616
A_Axis_Load,16,2025-07-11 10:22:01.020616
A_Position,0.000167897837982586,2025-07-11 10:22:01.020616
C_Axis_Load,45,2025-07-11 10:22:01.020616
C_Position,30.0005,2025-07-11 10:22:01.020616
Machine_Time,2590490.28,2025-07-11 10:22:01.020616
Spindle_Time,690508.343999999,2025-07-11 10:22:01.020616
Feed_Override,100,2025-07-11 10:22:01.020616
Feed_Rate,0,2025-07-11 10:22:01.020616
Program_Runtime_Seconds,10,2025-07-11 10:22:01.020616
Rapid_Override,100,2025-07-11 10:22:01.020616
Rapid_Speed,0,2025-07-11 10:22:01.020616
S_Axis_Load,0,2025-07-11 10:22:01.020616
Spindle_Override,100,2025-07-11 10:22:01.020616
Spindle_Speed,0,2025-07-11 10:22:01.020616
X_Axis_Load,3,2025-07-11 10:22:01.020616
X_Position,415.767511658988,2025-07-11 10:22:01.020616
Y_Axis_Load,5,2025-07-11 10:22:01.020616
Y_Position,491.650001896484,2025-07-11 10:22:01.020616
Z_Axis_Load,37,2025-07-11 10:22:01.020616
Z_Position,-244.750002025558,2025-07-11 10:22:01.020616
COR_Status,1,2025-07-11 10:22:01.020616
Controller_Mode,AUTO,2025-07-11 10:22:01.020616
EStop_State,ARMED,2025-07-11 10:22:01.020616
Machine_Mode,4,2025-07-11 10:22:01.020616
Block_Number,638,2025-07-11 10:22:01.020616
Current_Tool,21,2025-07-11 10:22:01.020616
Part_Count,3,2025-07-11 10:22:01.020616
Program_Name_Running,000454_D_A_PROGRAM_2.NC,2025-07-11 10:22:01.020616
spindle motor v_rms,0.0,2025-07-11 10:22:01.020616
spindle motor a_peak,200,2025-07-11 10:22:01.020616
spindle motor a_rms,100,2025-07-11 10:22:01.020616
spindle motor temp,24.5,2025-07-11 10:22:01.020616
spindle motor crest,4.2,2025-07-11 10:22:01.020616
z-axis bearing v_rms,0.0,2025-07-11 10:22:01.020616
z-axis bearing a_peak,200,2025-07-11 10:22:01.020616
z-axis bearing a_rms,0,2025-07-11 10:22:01.020616
z-axis bearing temp,22.4,2025-07-11 10:22:01.020616
z-axis bearing crest,3.9,2025-07-11 10:22:01.020616
z-axis motor v_rms,0.0,2025-07-11 10:22:01.020616
z-axis motor a_peak,1000,2025-07-11 10:22:01.020616
z-axis motor a_rms,500,2025-07-11 10:22:01.020616
z-axis motor temp,25.3,2025-07-11 10:22:01.020616
z-axis motor crest,2.0,2025-07-11 10:22:01.020616
y-axis bearing v_rms,0.0,2025-07-11 10:22:01.020616
y-axis bearing a_peak,200,2025-07-11 10:22:01.020616
y-axis bearing a_rms,0,2025-07-11 10:22:01.020616
y-axis bearing temp,21.3,2025-07-11 10:22:01.020616
y-axis bearing crest,4.1,2025-07-11 10:22:01.020616
y-axis motor v_rms,0.0,2025-07-11 10:22:01.020616
y-axis motor a_peak,600,2025-07-11 10:22:01.020616
y-axis motor a_rms,300,2025-07-11 10:22:01.020616
y-axis motor temp,24.1,2025-07-11 10:22:01.020616
y-axis motor crest,2.1,2025-07-11 10:22:01.020616
x-axis motor v_rms,0.0,2025-07-11 10:22:01.020616
x-axis motor a_peak,200,2025-07-11 10:22:01.020616
x-axis motor a_rms,0,2025-07-11 10:22:01.020616
x-axis motor temp,21.3,2025-07-11 10:22:01.020616
x-axis motor crest,4.0,2025-07-11 10:22:01.020616
voltage,132.66666666666666,2025-07-11 10:22:01.020616
current,3.6599999999999997,2025-07-11 10:22:01.020616
active power,399.3333333333333,2025-07-11 10:22:01.020616
forward kWh,16.215666666666667,2025-07-11 10:22:01.020616
reverse kWh,0.3606666666666667,2025-07-11 10:22:01.020616
frequency,59.99,2025-07-11 10:22:01.020616
power factor,0.7799999999999999,2025-07-11 10:22:01.020616
featureId,NONE,2025-07-11 10:22:02.020720
partKindId,NONE,2025-07-11 10:22:02.020720
processKindId,NONE,2025-07-11 10:22:02.020720
A_Axis_Load,16,2025-07-11 10:22:02.020720
A_Position,0.000167897837982586,2025-07-11 10:22:02.020720
C_Axis_Load,45,2025-07-11 10:22:02.020720
C_Position,30.0005,2025-07-11 10:22:02.020720
Machine_Time,2590490.28,2025-07-11 10:22:02.020720
Spindle_Time,690508.343999999,2025-07-11 10:22:02.020720
Feed_Override,100,2025-07-11 10:22:02.020720
Feed_Rate,0,2025-07-11 10:22:02.020720
Program_Runtime_Seconds,10,2025-07-11 10:22:02.020720
Rapid_Override,100,2025-07-11 10:22:02.020720
Rapid_Speed,0,2025-07-11 10:22:02.020720
S_Axis_Load,0,2025-07-11 10:22:02.020720
Spindle_Override,100,2025-07-11 10:22:02.020720
Spindle_Speed,0,2025-07-11 10:22:02.020720
X_Axis_Load,3,2025-07-11 10:22:02.020720
X_Position,415.76750021304,2025-07-11 10:22:02.020720
Y_Axis_Load,5,2025-07-11 10:22:02.020720
Y_Position,491.649990452393,2025-07-11 10:22:02.020720
Z_Axis_Load,36,2025-07-11 10:22:02.020720
Z_Position,-244.750002025558,2025-07-11 10:22:02.020720
COR_Status,1,2025-07-11 10:22:02.020720
Controller_Mode,AUTO,2025-07-11 10:22:02.020720
EStop_State,ARMED,2025-07-11 10:22:02.020720
Machine_Mode,4,2025-07-11 10:22:02.020720
Block_Number,638,2025-07-11 10:22:02.020720
Current_Tool,21,2025-07-11 10:22:02.020720
Part_Count,3,2025-07-11 10:22:02.020720
Program_Name_Running,000454_D_A_PROGRAM_2.NC,2025-07-11 10:22:02.020720
spindle motor v_rms,0.0,2025-07-11 10:22:02.020720
spindle motor a_peak,200,2025-07-11 10:22:02.020720
spindle motor a_rms,100,2025-07-11 10:22:02.020720
spindle motor temp,24.5,2025-07-11 10:22:02.020720
spindle motor crest,3.6,2025-07-11 10:22:02.020720
z-axis bearing v_rms,0.0,2025-07-11 10:22:02.020720
z-axis bearing a_peak,200,2025-07-11 10:22:02.020720
z-axis bearing a_rms,0,2025-07-11 10:22:02.020720
z-axis bearing temp,22.4,2025-07-11 10:22:02.020720
z-axis bearing crest,4.0,2025-07-11 10:22:02.020720
z-axis motor v_rms,0.1,2025-07-11 10:22:02.020720
z-axis motor a_peak,1000,2025-07-11 10:22:02.020720
z-axis motor a_rms,500,2025-07-11 10:22:02.020720
z-axis motor temp,25.3,2025-07-11 10:22:02.020720
z-axis motor crest,1.9,2025-07-11 10:22:02.020720
y-axis bearing v_rms,0.0,2025-07-11 10:22:02.020720
y-axis bearing a_peak,200,2025-07-11 10:22:02.020720
y-axis bearing a_rms,0,2025-07-11 10:22:02.020720
y-axis bearing temp,21.3,2025-07-11 10:22:02.020720
y-axis bearing crest,4.0,2025-07-11 10:22:02.020720
y-axis motor v_rms,0.0,2025-07-11 10:22:02.020720
y-axis motor a_peak,600,2025-07-11 10:22:02.020720
y-axis motor a_rms,300,2025-07-11 10:22:02.020720
y-axis motor temp,24.1,2025-07-11 10:22:02.020720
y-axis motor crest,2.0,2025-07-11 10:22:02.020720
x-axis motor v_rms,0.0,2025-07-11 10:22:02.020720
x-axis motor a_peak,200,2025-07-11 10:22:02.020720
x-axis motor a_rms,0,2025-07-11 10:22:02.020720
x-axis motor temp,21.3,2025-07-11 10:22:02.020720
x-axis motor crest,3.9,2025-07-11 10:22:02.020720
voltage,132.63333333333333,2025-07-11 10:22:02.020720
current,3.6666666666666665,2025-07-11 10:22:02.020720
active power,399.3333333333333,2025-07-11 10:22:02.020720
forward kWh,16.215666666666667,2025-07-11 10:22:02.020720
reverse kWh,0.3606666666666667,2025-07-11 10:22:02.020720
frequency,59.99,2025-07-11 10:22:02.020720
power factor,0.7766666666666667,2025-07-11 10:22:02.020720
featureId,NONE,2025-07-11 10:22:03.021012
partKindId,NONE,2025-07-11 10:22:03.021012
processKindId,NONE,2025-07-11 10:22:03.021012
A_Axis_Load,16,2025-07-11 10:22:03.021012
A_Position,0.000167897837982586,2025-07-11 10:22:03.021012
C_Axis_Load,45,2025-07-11 10:22:03.021012
C_Position,30.0005,2025-07-11 10:22:03.021012
Machine_Time,2590490.28,2025-07-11 10:22:03.021012
Spindle_Time,690508.343999999,2025-07-11 10:22:03.021012
Feed_Override,100,2025-07-11 10:22:03.021012
Feed_Rate,0,2025-07-11 10:22:03.021012
Program_Runtime_Seconds,10,2025-07-11 10:22:03.021012
Rapid_Override,100,2025-07-11 10:22:03.021012
Rapid_Speed,0,2025-07-11 10:22:03.021012
S_Axis_Load,0,2025-07-11 10:22:03.021012
Spindle_Override,100,2025-07-11 10:22:03.021012
Spindle_Speed,0,2025-07-11 10:22:03.021012
X_Axis_Load,3,2025-07-11 10:22:03.021012
X_Position,415.767488767093,2025-07-11 10:22:03.021012
Y_Axis_Load,5,2025-07-11 10:22:03.021012
Y_Position,491.650001896484,2025-07-11 10:22:03.021012
Z_Axis_Load,36,2025-07-11 10:22:03.021012
Z_Position,-244.750002025558,2025-07-11 10:22:03.021012
COR_Status,1,2025-07-11 10:22:03.021012
Controller_Mode,AUTO,2025-07-11 10:22:03.021012
EStop_State,ARMED,2025-07-11 10:22:03.021012
Machine_Mode,4,2025-07-11 10:22:03.021012
Block_Number,638,2025-07-11 10:22:03.021012
Current_Tool,21,2025-07-11 10:22:03.021012
Part_Count,3,2025-07-11 10:22:03.021012
Program_Name_Running,000454_D_A_PROGRAM_2.NC,2025-07-11 10:22:03.021012
spindle motor v_rms,0.0,2025-07-11 10:22:03.021012
spindle motor a_peak,200,2025-07-11 10:22:03.021012
spindle motor a_rms,100,2025-07-11 10:22:03.021012
spindle motor temp,24.5,2025-07-11 10:22:03.021012
spindle motor crest,3.9,2025-07-11 10:22:03.021012
z-axis bearing v_rms,0.0,2025-07-11 10:22:03.021012
z-axis bearing a_peak,300,2025-07-11 10:22:03.021012
z-axis bearing a_rms,100,2025-07-11 10:22:03.021012
z-axis bearing temp,22.4,2025-07-11 10:22:03.021012
z-axis bearing crest,5.0,2025-07-11 10:22:03.021012
z-axis motor v_rms,0.0,2025-07-11 10:22:03.021012
z-axis motor a_peak,1000,2025-07-11 10:22:03.021012
z-axis motor a_rms,500,2025-07-11 10:22:03.021012
z-axis motor temp,25.3,2025-07-11 10:22:03.021012
z-axis motor crest,1.9,2025-07-11 10:22:03.021012
y-axis bearing v_rms,0.0,2025-07-11 10:22:03.021012
y-axis bearing a_peak,300,2025-07-11 10:22:03.021012
y-axis bearing a_rms,100,2025-07-11 10:22:03.021012
y-axis bearing temp,21.3,2025-07-11 10:22:03.021012
y-axis bearing crest,5.8,2025-07-11 10:22:03.021012
y-axis motor v_rms,0.0,2025-07-11 10:22:03.021012
y-axis motor a_peak,700,2025-07-11 10:22:03.021012
y-axis motor a_rms,300,2025-07-11 10:22:03.021012
y-axis motor temp,24.1,2025-07-11 10:22:03.021012
y-axis motor crest,2.6,2025-07-11 10:22:03.021012
x-axis motor v_rms,0.0,2025-07-11 10:22:03.021012
x-axis motor a_peak,600,2025-07-11 10:22:03.021012
x-axis motor a_rms,100,2025-07-11 10:22:03.021012
x-axis motor temp,21.3,2025-07-11 10:22:03.021012
x-axis motor crest,6.9,2025-07-11 10:22:03.021012
voltage,132.66666666666666,2025-07-11 10:22:03.021012
current,3.6666666666666665,2025-07-11 10:22:03.021012
active power,399.6666666666667,2025-07-11 10:22:03.021012
forward kWh,16.216,2025-07-11 10:22:03.021012
reverse kWh,0.3606666666666667,2025-07-11 10:22:03.021012
frequency,59.99,2025-07-11 10:22:03.021012
power factor,0.7766666666666667,2025-07-11 10:22:03.021012
featureId,NONE,2025-07-11 10:22:04.021163
partKindId,NONE,2025-07-11 10:22:04.021163
processKindId,NONE,2025-07-11 10:22:04.021163
A_Axis_Load,16,2025-07-11 10:22:04.021163
A_Position,0.000167897837982586,2025-07-11 10:22:04.021163
C_Axis_Load,45,2025-07-11 10:22:04.021163
C_Position,30.0005,2025-07-11 10:22:04.021163
Machine_Time,2590490.28,2025-07-11 10:22:04.021163
Spindle_Time,690508.343999999,2025-07-11 10:22:04.021163
Feed_Override,100,2025-07-11 10:22:04.021163
Feed_Rate,0,2025-07-11 10:22:04.021163
Program_Runtime_Seconds,10,2025-07-11 10:22:04.021163
Rapid_Override,100,2025-07-11 10:22:04.021163
Rapid_Speed,0,2025-07-11 10:22:04.021163
S_Axis_Load,0,2025-07-11 10:22:04.021163
Spindle_Override,100,2025-07-11 10:22:04.021163
Spindle_Speed,0,2025-07-11 10:22:04.021163
X_Axis_Load,3,2025-07-11 10:22:04.021163
X_Position,415.76750021304,2025-07-11 10:22:04.021163
Y_Axis_Load,5,2025-07-11 10:22:04.021163
Y_Position,491.650001896484,2025-07-11 10:22:04.021163
Z_Axis_Load,36,2025-07-11 10:22:04.021163
Z_Position,-244.750002025558,2025-07-11 10:22:04.021163
COR_Status,1,2025-07-11 10:22:04.021163
Controller_Mode,AUTO,2025-07-11 10:22:04.021163
EStop_State,ARMED,2025-07-11 10:22:04.021163
Machine_Mode,4,2025-07-11 10:22:04.021163
Block_Number,638,2025-07-11 10:22:04.021163
Current_Tool,21,2025-07-11 10:22:04.021163
Part_Count,3,2025-07-11 10:22:04.021163
Program_Name_Running,000454_D_A_PROGRAM_2.NC,2025-07-11 10:22:04.021163
spindle motor v_rms,0.0,2025-07-11 10:22:04.021163
spindle motor a_peak,200,2025-07-11 10:22:04.021163
spindle motor a_rms,100,2025-07-11 10:22:04.021163
spindle motor temp,24.5,2025-07-11 10:22:04.021163
spindle motor crest,3.6,2025-07-11 10:22:04.021163
z-axis bearing v_rms,0.0,2025-07-11 10:22:04.021163
z-axis bearing a_peak,200,2025-07-11 10:22:04.021163
z-axis bearing a_rms,0,2025-07-11 10:22:04.021163
z-axis bearing temp,22.4,2025-07-11 10:22:04.021163
z-axis bearing crest,4.2,2025-07-11 10:22:04.021163
z-axis motor v_rms,0.0,2025-07-11 10:22:04.021163
z-axis motor a_peak,1000,2025-07-11 10:22:04.021163
z-axis motor a_rms,500,2025-07-11 10:22:04.021163
z-axis motor temp,25.4,2025-07-11 10:22:04.021163
z-axis motor crest,2.0,2025-07-11 10:22:04.021163
y-axis bearing v_rms,0.0,2025-07-11 10:22:04.021163
y-axis bearing a_peak,200,2025-07-11 10:22:04.021163
y-axis bearing a_rms,0,2025-07-11 10:22:04.021163
y-axis bearing temp,21.3,2025-07-11 10:22:04.021163
y-axis bearing crest,4.2,2025-07-11 10:22:04.021163
y-axis motor v_rms,0.0,2025-07-11 10:22:04.021163
y-axis motor a_peak,600,2025-07-11 10:22:04.021163
y-axis motor a_rms,300,2025-07-11 10:22:04.021163
y-axis motor temp,24.1,2025-07-11 10:22:04.021163
y-axis motor crest,2.0,2025-07-11 10:22:04.021163
x-axis motor v_rms,0.0,2025-07-11 10:22:04.021163
x-axis motor a_peak,200,2025-07-11 10:22:04.021163
x-axis motor a_rms,0,2025-07-11 10:22:04.021163
x-axis motor temp,21.3,2025-07-11 10:22:04.021163
x-axis motor crest,4.2,2025-07-11 10:22:04.021163
voltage,132.63333333333333,2025-07-11 10:22:04.021163
current,3.6633333333333336,2025-07-11 10:22:04.021163
active power,400.0,2025-07-11 10:22:04.021163
forward kWh,16.216,2025-07-11 10:22:04.021163
reverse kWh,0.3606666666666667,2025-07-11 10:22:04.021163
frequency,59.98,2025-07-11 10:22:04.021163
power factor,0.7833333333333333,2025-07-11 10:22:04.021163
featureId,NONE,2025-07-11 10:22:05.021469
partKindId,NONE,2025-07-11 10:22:05.021469
processKindId,NONE,2025-07-11 10:22:05.021469
A_Axis_Load,16,2025-07-11 10:22:05.021469
A_Position,0.000167897837982586,2025-07-11 10:22:05.021469
C_Axis_Load,45,2025-07-11 10:22:05.021469
C_Position,30.0005,2025-07-11 10:22:05.021469
Machine_Time,2590490.28,2025-07-11 10:22:05.021469
Spindle_Time,690508.343999999,2025-07-11 10:22:05.021469
Feed_Override,100,2025-07-11 10:22:05.021469
Feed_Rate,0,2025-07-11 10:22:05.021469
Program_Runtime_Seconds,10,2025-07-11 10:22:05.021469
Rapid_Override,100,2025-07-11 10:22:05.021469
Rapid_Speed,0,2025-07-11 10:22:05.021469
S_Axis_Load,0,2025-07-11 10:22:05.021469
Spindle_Override,100,2025-07-11 10:22:05.021469
Spindle_Speed,0,2025-07-11 10:22:05.021469
X_Axis_Load,3,2025-07-11 10:22:05.021469
X_Position,415.76750021304,2025-07-11 10:22:05.021469
Y_Axis_Load,5,2025-07-11 10:22:05.021469
Y_Position,491.650001896484,2025-07-11 10:22:05.021469
Z_Axis_Load,36,2025-07-11 10:22:05.021469
Z_Position,-244.750002025558,2025-07-11 10:22:05.021469
COR_Status,1,2025-07-11 10:22:05.021469
Controller_Mode,AUTO,2025-07-11 10:22:05.021469
EStop_State,ARMED,2025-07-11 10:22:05.021469
Machine_Mode,4,2025-07-11 10:22:05.021469
Block_Number,638,2025-07-11 10:22:05.021469
Current_Tool,21,2025-07-11 10:22:05.021469
Part_Count,3,2025-07-11 10:22:05.021469
Program_Name_Running,000454_D_A_PROGRAM_2.NC,2025-07-11 10:22:05.021469
spindle motor v_rms,0.0,2025-07-11 10:22:05.021469
spindle motor a_peak,300,2025-07-11 10:22:05.021469
spindle motor a_rms,100,2025-07-11 10:22:05.021469
spindle motor temp,24.5,2025-07-11 10:22:05.021469
spindle motor crest,4.2,2025-07-11 10:22:05.021469
z-axis bearing v_rms,0.0,2025-07-11 10:22:05.021469
z-axis bearing a_peak,200,2025-07-11 10:22:05.021469
z-axis bearing a_rms,0,2025-07-11 10:22:05.021469
z-axis bearing temp,22.4,2025-07-11 10:22:05.021469
z-axis bearing crest,3.8,2025-07-11 10:22:05.021469
z-axis motor v_rms,0.1,2025-07-11 10:22:05.021469
z-axis motor a_peak,900,2025-07-11 10:22:05.021469
z-axis motor a_rms,500,2025-07-11 10:22:05.021469
z-axis motor temp,25.4,2025-07-11 10:22:05.021469
z-axis motor crest,1.9,2025-07-11 10:22:05.021469
y-axis bearing v_rms,0.0,2025-07-11 10:22:05.021469
y-axis bearing a_peak,200,2025-07-11 10:22:05.021469
y-axis bearing a_rms,0,2025-07-11 10:22:05.021469
y-axis bearing temp,21.3,2025-07-11 10:22:05.021469
y-axis bearing crest,3.9,2025-07-11 10:22:05.021469
y-axis motor v_rms,0.0,2025-07-11 10:22:05.021469
y-axis motor a_peak,500,2025-07-11 10:22:05.021469
y-axis motor a_rms,300,2025-07-11 10:22:05.021469
y-axis motor temp,24.1,2025-07-11 10:22:05.021469
y-axis motor crest,2.0,2025-07-11 10:22:05.021469
x-axis motor v_rms,0.0,2025-07-11 10:22:05.021469
x-axis motor a_peak,300,2025-07-11 10:22:05.021469
x-axis motor a_rms,0,2025-07-11 10:22:05.021469
x-axis motor temp,21.3,2025-07-11 10:22:05.021469
x-axis motor crest,6.1,2025-07-11 10:22:05.021469
voltage,132.70000000000002,2025-07-11 10:22:05.021469
current,3.6199999999999997,2025-07-11 10:22:05.021469
active power,394.0,2025-07-11 10:22:05.021469
forward kWh,16.216333333333335,2025-07-11 10:22:05.021469
reverse kWh,0.3606666666666667,2025-07-11 10:22:05.021469
frequency,59.98,2025-07-11 10:22:05.021469
power factor,0.77,2025-07-11 10:22:05.021469
featureId,NONE,2025-07-11 10:22:06.021623
partKindId,NONE,2025-07-11 10:22:06.021623
processKindId,NONE,2025-07-11 10:22:06.021623
A_Axis_Load,16,2025-07-11 10:22:06.021623
A_Position,0.000167897837982586,2025-07-11 10:22:06.021623
C_Axis_Load,45,2025-07-11 10:22:06.021623
C_Position,30.0005,2025-07-11 10:22:06.021623
Machine_Time,2590490.28,2025-07-11 10:22:06.021623
Spindle_Time,690508.343999999,2025-07-11 10:22:06.021623
Feed_Override,100,2025-07-11 10:22:06.021623
Feed_Rate,0,2025-07-11 10:22:06.021623
Program_Runtime_Seconds,10,2025-07-11 10:22:06.021623
Rapid_Override,100,2025-07-11 10:22:06.021623
Rapid_Speed,0,2025-07-11 10:22:06.021623
S_Axis_Load,0,2025-07-11 10:22:06.021623
Spindle_Override,100,2025-07-11 10:22:06.021623
Spindle_Speed,0,2025-07-11 10:22:06.021623
X_Axis_Load,3,2025-07-11 10:22:06.021623
X_Position,415.76750021304,2025-07-11 10:22:06.021623
Y_Axis_Load,5,2025-07-11 10:22:06.021623
Y_Position,491.650001896484,2025-07-11 10:22:06.021623
Z_Axis_Load,37,2025-07-11 10:22:06.021623
Z_Position,-244.750002025558,2025-07-11 10:22:06.021623
COR_Status,1,2025-07-11 10:22:06.021623
Controller_Mode,AUTO,2025-07-11 10:22:06.021623
EStop_State,ARMED,2025-07-11 10:22:06.021623
Machine_Mode,4,2025-07-11 10:22:06.021623
Block_Number,638,2025-07-11 10:22:06.021623
Current_Tool,21,2025-07-11 10:22:06.021623
Part_Count,3,2025-07-11 10:22:06.021623
Program_Name_Running,000454_D_A_PROGRAM_2.NC,2025-07-11 10:22:06.021623
spindle motor v_rms,0.2,2025-07-11 10:22:06.021623
spindle motor a_peak,200,2025-07-11 10:22:06.021623
spindle motor a_rms,100,2025-07-11 10:22:06.021623
spindle motor temp,24.5,2025-07-11 10:22:06.021623
spindle motor crest,3.7,2025-07-11 10:22:06.021623
z-axis bearing v_rms,0.1,2025-07-11 10:22:06.021623
z-axis bearing a_peak,200,2025-07-11 10:22:06.021623
z-axis bearing a_rms,0,2025-07-11 10:22:06.021623
z-axis bearing temp,22.4,2025-07-11 10:22:06.021623
z-axis bearing crest,3.9,2025-07-11 10:22:06.021623
z-axis motor v_rms,0.1,2025-07-11 10:22:06.021623
z-axis motor a_peak,1000,2025-07-11 10:22:06.021623
z-axis motor a_rms,500,2025-07-11 10:22:06.021623
z-axis motor temp,25.4,2025-07-11 10:22:06.021623
z-axis motor crest,1.9,2025-07-11 10:22:06.021623
y-axis bearing v_rms,0.0,2025-07-11 10:22:06.021623
y-axis bearing a_peak,200,2025-07-11 10:22:06.021623
y-axis bearing a_rms,0,2025-07-11 10:22:06.021623
y-axis bearing temp,21.3,2025-07-11 10:22:06.021623
y-axis bearing crest,3.9,2025-07-11 10:22:06.021623
y-axis motor v_rms,0.0,2025-07-11 10:22:06.021623
y-axis motor a_peak,600,2025-07-11 10:22:06.021623
y-axis motor a_rms,300,2025-07-11 10:22:06.021623
y-axis motor temp,24.1,2025-07-11 10:22:06.021623
y-axis motor crest,2.0,2025-07-11 10:22:06.021623
x-axis motor v_rms,0.0,2025-07-11 10:22:06.021623
x-axis motor a_peak,200,2025-07-11 10:22:06.021623
x-axis motor a_rms,0,2025-07-11 10:22:06.021623
x-axis motor temp,21.3,2025-07-11 10:22:06.021623
x-axis motor crest,3.8,2025-07-11 10:22:06.021623
voltage,132.66666666666666,2025-07-11 10:22:06.021623
current,3.686666666666667,2025-07-11 10:22:06.021623
active power,402.3333333333333,2025-07-11 10:22:06.021623
forward kWh,16.216333333333335,2025-07-11 10:22:06.021623
reverse kWh,0.3606666666666667,2025-07-11 10:22:06.021623
frequency,59.98,2025-07-11 10:22:06.021623
power factor,0.7799999999999999,2025-07-11 10:22:06.021623
featureId,NONE,2025-07-11 10:22:07.021826
partKindId,NONE,2025-07-11 10:22:07.021826
processKindId,NONE,2025-07-11 10:22:07.021826
A_Axis_Load,16,2025-07-11 10:22:07.021826
A_Position,0.000167897837982586,2025-07-11 10:22:07.021826
C_Axis_Load,45,2025-07-11 10:22:07.021826
C_Position,30.0005,2025-07-11 10:22:07.021826
Machine_Time,2590490.28,2025-07-11 10:22:07.021826
Spindle_Time,690508.343999999,2025-07-11 10:22:07.021826
Feed_Override,100,2025-07-11 10:22:07.021826
Feed_Rate,0,2025-07-11 10:22:07.021826
Program_Runtime_Seconds,10,2025-07-11 10:22:07.021826
Rapid_Override,100,2025-07-11 10:22:07.021826
Rapid_Speed,0,2025-07-11 10:22:07.021826
S_Axis_Load,0,2025-07-11 10:22:07.021826
Spindle_Override,100,2025-07-11 10:22:07.021826
Spindle_Speed,0,2025-07-11 10:22:07.021826
X_Axis_Load,3,2025-07-11 10:22:07.021826
X_Position,415.767523104936,2025-07-11 10:22:07.021826
Y_Axis_Load,5,2025-07-11 10:22:07.021826
Y_Position,491.649990452393,2025-07-11 10:22:07.021826
Z_Axis_Load,36,2025-07-11 10:22:07.021826
Z_Position,-244.750002025558,2025-07-11 10:22:07.021826
COR_Status,1,2025-07-11 10:22:07.021826
Controller_Mode,AUTO,2025-07-11 10:22:07.021826
EStop_State,ARMED,2025-07-11 10:22:07.021826
Machine_Mode,4,2025-07-11 10:22:07.021826
Block_Number,638,2025-07-11 10:22:07.021826
Current_Tool,21,2025-07-11 10:22:07.021826
Part_Count,3,2025-07-11 10:22:07.021826
Program_Name_Running,000454_D_A_PROGRAM_2.NC,2025-07-11 10:22:07.021826
spindle motor v_rms,0.1,2025-07-11 10:22:07.021826
spindle motor a_peak,300,2025-07-11 10:22:07.021826
spindle motor a_rms,100,2025-07-11 10:22:07.021826
spindle motor temp,24.5,2025-07-11 10:22:07.021826
spindle motor crest,4.4,2025-07-11 10:22:07.021826
z-axis bearing v_rms,0.0,2025-07-11 10:22:07.021826
z-axis bearing a_peak,200,2025-07-11 10:22:07.021826
z-axis bearing a_rms,0,2025-07-11 10:22:07.021826
z-axis bearing temp,22.4,2025-07-11 10:22:07.021826
z-axis bearing crest,4.6,2025-07-11 10:22:07.021826
z-axis motor v_rms,0.0,2025-07-11 10:22:07.021826
z-axis motor a_peak,1000,2025-07-11 10:22:07.021826
z-axis motor a_rms,500,2025-07-11 10:22:07.021826
z-axis motor temp,25.4,2025-07-11 10:22:07.021826
z-axis motor crest,1.9,2025-07-11 10:22:07.021826
y-axis bearing v_rms,0.0,2025-07-11 10:22:07.021826
y-axis bearing a_peak,200,2025-07-11 10:22:07.021826
y-axis bearing a_rms,0,2025-07-11 10:22:07.021826
y-axis bearing temp,21.3,2025-07-11 10:22:07.021826
y-axis bearing crest,4.0,2025-07-11 10:22:07.021826
y-axis motor v_rms,0.0,2025-07-11 10:22:07.021826
y-axis motor a_peak,600,2025-07-11 10:22:07.021826
y-axis motor a_rms,300,2025-07-11 10:22:07.021826
y-axis motor temp,24.1,2025-07-11 10:22:07.021826
y-axis motor crest,2.0,2025-07-11 10:22:07.021826
x-axis motor v_rms,0.0,2025-07-11 10:22:07.021826
x-axis motor a_peak,200,2025-07-11 10:22:07.021826
x-axis motor a_rms,0,2025-07-11 10:22:07.021826
x-axis motor temp,21.3,2025-07-11 10:22:07.021826
x-axis motor crest,4.4,2025-07-11 10:22:07.021826
voltage,132.70000000000002,2025-07-11 10:22:07.021826
current,3.606666666666667,2025-07-11 10:22:07.021826
active power,392.3333333333333,2025-07-11 10:22:07.021826
forward kWh,16.21666666666667,2025-07-11 10:22:07.021826
reverse kWh,0.3606666666666667,2025-07-11 10:22:07.021826
frequency,59.98,2025-07-11 10:22:07.021826
power factor,0.7766666666666667,2025-07-11 10:22:07.021826
featureId,NONE,2025-07-11 10:22:08.021977
partKindId,NONE,2025-07-11 10:22:08.021977
processKindId,NONE,2025-07-11 10:22:08.021977
A_Axis_Load,16,2025-07-11 10:22:08.021977
A_Position,0.000167897837982586,2025-07-11 10:22:08.021977
C_Axis_Load,45,2025-07-11 10:22:08.021977
C_Position,30.0005,2025-07-11 10:22:08.021977
Machine_Time,2590490.28,2025-07-11 10:22:08.021977
Spindle_Time,690508.343999999,2025-07-11 10:22:08.021977
Feed_Override,100,2025-07-11 10:22:08.021977
Feed_Rate,0,2025-07-11 10:22:08.021977
Program_Runtime_Seconds,10,2025-07-11 10:22:08.021977
Rapid_Override,100,2025-07-11 10:22:08.021977
Rapid_Speed,0,2025-07-11 10:22:08.021977
S_Axis_Load,0,2025-07-11 10:22:08.021977
Spindle_Override,100,2025-07-11 10:22:08.021977
Spindle_Speed,0,2025-07-11 10:22:08.021977
X_Axis_Load,3,2025-07-11 10:22:08.021977
X_Position,415.76750021304,2025-07-11 10:22:08.021977
Y_Axis_Load,5,2025-07-11 10:22:08.021977
Y_Position,491.650001896484,2025-07-11 10:22:08.021977
Z_Axis_Load,36,2025-07-11 10:22:08.021977
Z_Position,-244.749990582039,2025-07-11 10:22:08.021977
COR_Status,1,2025-07-11 10:22:08.021977
Controller_Mode,AUTO,2025-07-11 10:22:08.021977
EStop_State,ARMED,2025-07-11 10:22:08.021977
Machine_Mode,4,2025-07-11 10:22:08.021977
Block_Number,638,2025-07-11 10:22:08.021977
Current_Tool,21,2025-07-11 10:22:08.021977
Part_Count,3,2025-07-11 10:22:08.021977
Program_Name_Running,000454_D_A_PROGRAM_2.NC,2025-07-11 10:22:08.021977
spindle motor v_rms,0.0,2025-07-11 10:22:08.021977
spindle motor a_peak,200,2025-07-11 10:22:08.021977
spindle motor a_rms,100,2025-07-11 10:22:08.021977
spindle motor temp,24.5,2025-07-11 10:22:08.021977
spindle motor crest,3.6,2025-07-11 10:22:08.021977
z-axis bearing v_rms,0.0,2025-07-11 10:22:08.021977
z-axis bearing a_peak,200,2025-07-11 10:22:08.021977
z-axis bearing a_rms,0,2025-07-11 10:22:08.021977
z-axis bearing temp,22.4,2025-07-11 10:22:08.021977
z-axis bearing crest,4.1,2025-07-11 10:22:08.021977
z-axis motor v_rms,0.0,2025-07-11 10:22:08.021977
z-axis motor a_peak,900,2025-07-11 10:22:08.021977
z-axis motor a_rms,500,2025-07-11 10:22:08.021977
z-axis motor temp,25.4,2025-07-11 10:22:08.021977
z-axis motor crest,1.8,2025-07-11 10:22:08.021977
y-axis bearing v_rms,0.0,2025-07-11 10:22:08.021977
y-axis bearing a_peak,200,2025-07-11 10:22:08.021977
y-axis bearing a_rms,0,2025-07-11 10:22:08.021977
y-axis bearing temp,21.3,2025-07-11 10:22:08.021977
y-axis bearing crest,3.9,2025-07-11 10:22:08.021977
y-axis motor v_rms,0.0,2025-07-11 10:22:08.021977
y-axis motor a_peak,600,2025-07-11 10:22:08.021977
y-axis motor a_rms,300,2025-07-11 10:22:08.021977
y-axis motor temp,24.1,2025-07-11 10:22:08.021977
y-axis motor crest,2.0,2025-07-11 10:22:08.021977
x-axis motor v_rms,0.2,2025-07-11 10:22:08.021977
x-axis motor a_peak,4900,2025-07-11 10:22:08.021977
x-axis motor a_rms,400,2025-07-11 10:22:08.021977
x-axis motor temp,21.3,2025-07-11 10:22:08.021977
x-axis motor crest,11.7,2025-07-11 10:22:08.021977
voltage,132.66666666666666,2025-07-11 10:22:08.021977
current,3.6700000000000004,2025-07-11 10:22:08.021977
active power,400.3333333333333,2025-07-11 10:22:08.021977
forward kWh,16.21666666666667,2025-07-11 10:22:08.021977
reverse kWh,0.3606666666666667,2025-07-11 10:22:08.021977
frequency,59.98,2025-07-11 10:22:08.021977
power factor,0.7799999999999999,2025-07-11 10:22:08.021977
featureId,NONE,2025-07-11 10:22:09.022259
partKindId,NONE,2025-07-11 10:22:09.022259
processKindId,NONE,2025-07-11 10:22:09.022259
A_Axis_Load,16,2025-07-11 10:22:09.022259
A_Position,0.000167897837982586,2025-07-11 10:22:09.022259
C_Axis_Load,45,2025-07-11 10:22:09.022259
C_Position,30.0005,2025-07-11 10:22:09.022259
Machine_Time,2590490.28,2025-07-11 10:22:09.022259
Spindle_Time,690508.343999999,2025-07-11 10:22:09.022259
Feed_Override,100,2025-07-11 10:22:09.022259
Feed_Rate,0,2025-07-11 10:22:09.022259
Program_Runtime_Seconds,10,2025-07-11 10:22:09.022259
Rapid_Override,100,2025-07-11 10:22:09.022259
Rapid_Speed,0,2025-07-11 10:22:09.022259
S_Axis_Load,0,2025-07-11 10:22:09.022259
Spindle_Override,100,2025-07-11 10:22:09.022259
Spindle_Speed,0,2025-07-11 10:22:09.022259
X_Axis_Load,2,2025-07-11 10:22:09.022259
X_Position,415.76750021304,2025-07-11 10:22:09.022259
Y_Axis_Load,4,2025-07-11 10:22:09.022259
Y_Position,491.650013340576,2025-07-11 10:22:09.022259
Z_Axis_Load,36,2025-07-11 10:22:09.022259
Z_Position,-244.750002025558,2025-07-11 10:22:09.022259
COR_Status,1,2025-07-11 10:22:09.022259
Controller_Mode,AUTO,2025-07-11 10:22:09.022259
EStop_State,ARMED,2025-07-11 10:22:09.022259
Machine_Mode,4,2025-07-11 10:22:09.022259
Block_Number,638,2025-07-11 10:22:09.022259
Current_Tool,21,2025-07-11 10:22:09.022259
Part_Count,3,2025-07-11 10:22:09.022259
Program_Name_Running,000454_D_A_PROGRAM_2.NC,2025-07-11 10:22:09.022259
spindle motor v_rms,0.1,2025-07-11 10:22:09.022259
spindle motor a_peak,1500,2025-07-11 10:22:09.022259
spindle motor a_rms,100,2025-07-11 10:22:09.022259
spindle motor temp,24.5,2025-07-11 10:22:09.022259
spindle motor crest,11.1,2025-07-11 10:22:09.022259
z-axis bearing v_rms,0.1,2025-07-11 10:22:09.022259
z-axis bearing a_peak,7900,2025-07-11 10:22:09.022259
z-axis bearing a_rms,500,2025-07-11 10:22:09.022259
z-axis bearing temp,22.4,2025-07-11 10:22:09.022259
z-axis bearing crest,16.2,2025-07-11 10:22:09.022259
z-axis motor v_rms,0.1,2025-07-11 10:22:09.022259
z-axis motor a_peak,2100,2025-07-11 10:22:09.022259
z-axis motor a_rms,500,2025-07-11 10:22:09.022259
z-axis motor temp,25.4,2025-07-11 10:22:09.022259
z-axis motor crest,4.0,2025-07-11 10:22:09.022259
y-axis bearing v_rms,0.1,2025-07-11 10:22:09.022259
y-axis bearing a_peak,12200,2025-07-11 10:22:09.022259
y-axis bearing a_rms,800,2025-07-11 10:22:09.022259
y-axis bearing temp,21.3,2025-07-11 10:22:09.022259
y-axis bearing crest,14.9,2025-07-11 10:22:09.022259
y-axis motor v_rms,0.2,2025-07-11 10:22:09.022259
y-axis motor a_peak,10500,2025-07-11 10:22:09.022259
y-axis motor a_rms,800,2025-07-11 10:22:09.022259
y-axis motor temp,24.1,2025-07-11 10:22:09.022259
y-axis motor crest,13.7,2025-07-11 10:22:09.022259
x-axis motor v_rms,0.2,2025-07-11 10:22:09.022259
x-axis motor a_peak,6000,2025-07-11 10:22:09.022259
x-axis motor a_rms,400,2025-07-11 10:22:09.022259
x-axis motor temp,21.3,2025-07-11 10:22:09.022259
x-axis motor crest,13.6,2025-07-11 10:22:09.022259
voltage,132.63333333333333,2025-07-11 10:22:09.022259
current,3.6633333333333336,2025-07-11 10:22:09.022259
active power,399.0,2025-07-11 10:22:09.022259
forward kWh,16.21666666666667,2025-07-11 10:22:09.022259
reverse kWh,0.3606666666666667,2025-07-11 10:22:09.022259
frequency,59.98,2025-07-11 10:22:09.022259
power factor,0.7866666666666666,2025-07-11 10:22:09.022259
featureId,NONE,2025-07-11 10:22:10.022426
partKindId,NONE,2025-07-11 10:22:10.022426
processKindId,NONE,2025-07-11 10:22:10.022426
A_Axis_Load,16,2025-07-11 10:22:10.022426
A_Position,0.000167897837982586,2025-07-11 10:22:10.022426
C_Axis_Load,45,2025-07-11 10:22:10.022426
C_Position,30.0005,2025-07-11 10:22:10.022426
Machine_Time,2590490.28,2025-07-11 10:22:10.022426
Spindle_Time,690508.343999999,2025-07-11 10:22:10.022426
Feed_Override,100,2025-07-11 10:22:10.022426
Feed_Rate,0,2025-07-11 10:22:10.022426
Program_Runtime_Seconds,10,2025-07-11 10:22:10.022426
Rapid_Override,100,2025-07-11 10:22:10.022426
Rapid_Speed,0,2025-07-11 10:22:10.022426
S_Axis_Load,0,2025-07-11 10:22:10.022426
Spindle_Override,100,2025-07-11 10:22:10.022426
Spindle_Speed,0,2025-07-11 10:22:10.022426
X_Axis_Load,2,2025-07-11 10:22:10.022426
X_Position,415.767488767093,2025-07-11 10:22:10.022426
Y_Axis_Load,3,2025-07-11 10:22:10.022426
Y_Position,491.650013340576,2025-07-11 10:22:10.022426
Z_Axis_Load,37,2025-07-11 10:22:10.022426
Z_Position,-244.750002025558,2025-07-11 10:22:10.022426
COR_Status,1,2025-07-11 10:22:10.022426
Controller_Mode,AUTO,2025-07-11 10:22:10.022426
EStop_State,ARMED,2025-07-11 10:22:10.022426
Machine_Mode,4,2025-07-11 10:22:10.022426
Block_Number,638,2025-07-11 10:22:10.022426
Current_Tool,21,2025-07-11 10:22:10.022426
Part_Count,3,2025-07-11 10:22:10.022426
Program_Name_Running,000454_D_A_PROGRAM_2.NC,2025-07-11 10:22:10.022426
spindle motor v_rms,0.0,2025-07-11 10:22:10.022426
spindle motor a_peak,200,2025-07-11 10:22:10.022426
spindle motor a_rms,100,2025-07-11 10:22:10.022426
spindle motor temp,24.5,2025-07-11 10:22:10.022426
spindle motor crest,3.8,2025-07-11 10:22:10.022426
z-axis bearing v_rms,0.0,2025-07-11 10:22:10.022426
z-axis bearing a_peak,200,2025-07-11 10:22:10.022426
z-axis bearing a_rms,0,2025-07-11 10:22:10.022426
z-axis bearing temp,22.4,2025-07-11 10:22:10.022426
z-axis bearing crest,4.1,2025-07-11 10:22:10.022426
z-axis motor v_rms,0.0,2025-07-11 10:22:10.022426
z-axis motor a_peak,1000,2025-07-11 10:22:10.022426
z-axis motor a_rms,500,2025-07-11 10:22:10.022426
z-axis motor temp,25.4,2025-07-11 10:22:10.022426
z-axis motor crest,2.0,2025-07-11 10:22:10.022426
y-axis bearing v_rms,0.0,2025-07-11 10:22:10.022426
y-axis bearing a_peak,300,2025-07-11 10:22:10.022426
y-axis bearing a_rms,100,2025-07-11 10:22:10.022426
y-axis bearing temp,21.3,2025-07-11 10:22:10.022426
y-axis bearing crest,6.1,2025-07-11 10:22:10.022426
y-axis motor v_rms,0.0,2025-07-11 10:22:10.022426
y-axis motor a_peak,1000,2025-07-11 10:22:10.022426
y-axis motor a_rms,400,2025-07-11 10:22:10.022426
y-axis motor temp,24.1,2025-07-11 10:22:10.022426
y-axis motor crest,2.3,2025-07-11 10:22:10.022426
x-axis motor v_rms,0.0,2025-07-11 10:22:10.022426
x-axis motor a_peak,500,2025-07-11 10:22:10.022426
x-axis motor a_rms,100,2025-07-11 10:22:10.022426
x-axis motor temp,21.3,2025-07-11 10:22:10.022426
x-axis motor crest,7.8,2025-07-11 10:22:10.022426
voltage,132.63333333333333,2025-07-11 10:22:10.022426
current,3.6566666666666667,2025-07-11 10:22:10.022426
active power,398.0,2025-07-11 10:22:10.022426
forward kWh,16.21666666666667,2025-07-11 10:22:10.022426
reverse kWh,0.3606666666666667,2025-07-11 10:22:10.022426
frequency,59.98,2025-07-11 10:22:10.022426
power factor,0.7766666666666667,2025-07-11 10:22:10.022426
featureId,NONE,2025-07-11 10:22:11.022578
partKindId,NONE,2025-07-11 10:22:11.022578
processKindId,NONE,2025-07-11 10:22:11.022578
A_Axis_Load,16,2025-07-11 10:22:11.022578
A_Position,0.000167897837982586,2025-07-11 10:22:11.022578
C_Axis_Load,45,2025-07-11 10:22:11.022578
C_Position,30.0005,2025-07-11 10:22:11.022578
Machine_Time,2590490.28,2025-07-11 10:22:11.022578
Spindle_Time,690508.343999999,2025-07-11 10:22:11.022578
Feed_Override,100,2025-07-11 10:22:11.022578
Feed_Rate,0,2025-07-11 10:22:11.022578
Program_Runtime_Seconds,10,2025-07-11 10:22:11.022578
Rapid_Override,100,2025-07-11 10:22:11.022578
Rapid_Speed,0,2025-07-11 10:22:11.022578
S_Axis_Load,0,2025-07-11 10:22:11.022578
Spindle_Override,100,2025-07-11 10:22:11.022578
Spindle_Speed,0,2025-07-11 10:22:11.022578
X_Axis_Load,2,2025-07-11 10:22:11.022578
X_Position,415.76750021304,2025-07-11 10:22:11.022578
Y_Axis_Load,3,2025-07-11 10:22:11.022578
Y_Position,491.650001896484,2025-07-11 10:22:11.022578
Z_Axis_Load,37,2025-07-11 10:22:11.022578
Z_Position,-244.750002025558,2025-07-11 10:22:11.022578
COR_Status,1,2025-07-11 10:22:11.022578
Controller_Mode,AUTO,2025-07-11 10:22:11.022578
EStop_State,ARMED,2025-07-11 10:22:11.022578
Machine_Mode,4,2025-07-11 10:22:11.022578
Block_Number,638,2025-07-11 10:22:11.022578
Current_Tool,21,2025-07-11 10:22:11.022578
Part_Count,3,2025-07-11 10:22:11.022578
Program_Name_Running,000454_D_A_PROGRAM_2.NC,2025-07-11 10:22:11.022578
spindle motor v_rms,0.0,2025-07-11 10:22:11.022578
spindle motor a_peak,200,2025-07-11 10:22:11.022578
spindle motor a_rms,100,2025-07-11 10:22:11.022578
spindle motor temp,24.5,2025-07-11 10:22:11.022578
spindle motor crest,3.6,2025-07-11 10:22:11.022578
z-axis bearing v_rms,0.0,2025-07-11 10:22:11.022578
z-axis bearing a_peak,200,2025-07-11 10:22:11.022578
z-axis bearing a_rms,0,2025-07-11 10:22:11.022578
z-axis bearing temp,22.4,2025-07-11 10:22:11.022578
z-axis bearing crest,3.9,2025-07-11 10:22:11.022578
z-axis motor v_rms,0.0,2025-07-11 10:22:11.022578
z-axis motor a_peak,1000,2025-07-11 10:22:11.022578
z-axis motor a_rms,500,2025-07-11 10:22:11.022578
z-axis motor temp,25.4,2025-07-11 10:22:11.022578
z-axis motor crest,2.0,2025-07-11 10:22:11.022578
y-axis bearing v_rms,0.0,2025-07-11 10:22:11.022578
y-axis bearing a_peak,200,2025-07-11 10:22:11.022578
y-axis bearing a_rms,0,2025-07-11 10:22:11.022578
y-axis bearing temp,21.3,2025-07-11 10:22:11.022578
y-axis bearing crest,4.6,2025-07-11 10:22:11.022578
y-axis motor v_rms,0.0,2025-07-11 10:22:11.022578
y-axis motor a_peak,800,2025-07-11 10:22:11.022578
y-axis motor a_rms,400,2025-07-11 10:22:11.022578
y-axis motor temp,24.1,2025-07-11 10:22:11.022578
y-axis motor crest,1.9,2025-07-11 10:22:11.022578
x-axis motor v_rms,0.0,2025-07-11 10:22:11.022578
x-axis motor a_peak,200,2025-07-11 10:22:11.022578
x-axis motor a_rms,0,2025-07-11 10:22:11.022578
x-axis motor temp,21.3,2025-07-11 10:22:11.022578
x-axis motor crest,4.1,2025-07-11 10:22:11.022578
voltage,132.63333333333333,2025-07-11 10:22:11.022578
current,3.6299999999999994,2025-07-11 10:22:11.022578
active power,395.6666666666667,2025-07-11 10:22:11.022578
forward kWh,16.217333333333332,2025-07-11 10:22:11.022578
reverse kWh,0.3606666666666667,2025-07-11 10:22:11.022578
frequency,59.98,2025-07-11 10:22:11.022578
power factor,0.7799999999999999,2025-07-11 10:22:11.022578
featureId,NONE,2025-07-11 10:22:12.022730
partKindId,NONE,2025-07-11 10:22:12.022730
processKindId,NONE,2025-07-11 10:22:12.022730
A_Axis_Load,16,2025-07-11 10:22:12.022730
A_Position,0.000167897837982586,2025-07-11 10:22:12.022730
C_Axis_Load,45,2025-07-11 10:22:12.022730
C_Position,30.0005,2025-07-11 10:22:12.022730
Machine_Time,2590490.28,2025-07-11 10:22:12.022730
Spindle_Time,690508.343999999,2025-07-11 10:22:12.022730
Feed_Override,100,2025-07-11 10:22:12.022730
Feed_Rate,0,2025-07-11 10:22:12.022730
Program_Runtime_Seconds,10,2025-07-11 10:22:12.022730
Rapid_Override,100,2025-07-11 10:22:12.022730
Rapid_Speed,0,2025-07-11 10:22:12.022730
S_Axis_Load,0,2025-07-11 10:22:12.022730
Spindle_Override,100,2025-07-11 10:22:12.022730
Spindle_Speed,0,2025-07-11 10:22:12.022730
X_Axis_Load,2,2025-07-11 10:22:12.022730
X_Position,415.76750021304,2025-07-11 10:22:12.022730
Y_Axis_Load,3,2025-07-11 10:22:12.022730
Y_Position,491.650001896484,2025-07-11 10:22:12.022730
Z_Axis_Load,37,2025-07-11 10:22:12.022730
Z_Position,-244.750002025558,2025-07-11 10:22:12.022730
COR_Status,1,2025-07-11 10:22:12.022730
Controller_Mode,AUTO,2025-07-11 10:22:12.022730
EStop_State,ARMED,2025-07-11 10:22:12.022730
Machine_Mode,4,2025-07-11 10:22:12.022730
Block_Number,638,2025-07-11 10:22:12.022730
Current_Tool,21,2025-07-11 10:22:12.022730
Part_Count,3,2025-07-11 10:22:12.022730
Program_Name_Running,000454_D_A_PROGRAM_2.NC,2025-07-11 10:22:12.022730
spindle motor v_rms,0.0,2025-07-11 10:22:12.022730
spindle motor a_peak,200,2025-07-11 10:22:12.022730
spindle motor a_rms,100,2025-07-11 10:22:12.022730
spindle motor temp,24.5,2025-07-11 10:22:12.022730
spindle motor crest,3.8,2025-07-11 10:22:12.022730
z-axis bearing v_rms,0.0,2025-07-11 10:22:12.022730
z-axis bearing a_peak,200,2025-07-11 10:22:12.022730
z-axis bearing a_rms,0,2025-07-11 10:22:12.022730
z-axis bearing temp,22.4,2025-07-11 10:22:12.022730
z-axis bearing crest,3.9,2025-07-11 10:22:12.022730
z-axis motor v_rms,0.0,2025-07-11 10:22:12.022730
z-axis motor a_peak,1000,2025-07-11 10:22:12.022730
z-axis motor a_rms,500,2025-07-11 10:22:12.022730
z-axis motor temp,25.4,2025-07-11 10:22:12.022730
z-axis motor crest,1.9,2025-07-11 10:22:12.022730
y-axis bearing v_rms,0.0,2025-07-11 10:22:12.022730
y-axis bearing a_peak,200,2025-07-11 10:22:12.022730
y-axis bearing a_rms,0,2025-07-11 10:22:12.022730
y-axis bearing temp,21.3,2025-07-11 10:22:12.022730
y-axis bearing crest,4.2,2025-07-11 10:22:12.022730
y-axis motor v_rms,0.0,2025-07-11 10:22:12.022730
y-axis motor a_peak,800,2025-07-11 10:22:12.022730
y-axis motor a_rms,400,2025-07-11 10:22:12.022730
y-axis motor temp,24.1,2025-07-11 10:22:12.022730
y-axis motor crest,1.8,2025-07-11 10:22:12.022730
x-axis motor v_rms,0.0,2025-07-11 10:22:12.022730
x-axis motor a_peak,200,2025-07-11 10:22:12.022730
x-axis motor a_rms,0,2025-07-11 10:22:12.022730
x-axis motor temp,21.3,2025-07-11 10:22:12.022730
x-axis motor crest,3.5,2025-07-11 10:22:12.022730
voltage,132.66666666666666,2025-07-11 10:22:12.022730
current,3.633333333333333,2025-07-11 10:22:12.022730
active power,396.0,2025-07-11 10:22:12.022730
forward kWh,16.217333333333332,2025-07-11 10:22:12.022730
reverse kWh,0.3606666666666667,2025-07-11 10:22:12.022730
frequency,59.98,2025-07-11 10:22:12.022730
power factor,0.7766666666666667,2025-07-11 10:22:12.022730
featureId,NONE,2025-07-11 10:22:13.022882
partKindId,NONE,2025-07-11 10:22:13.022882
processKindId,NONE,2025-07-11 10:22:13.022882
A_Axis_Load,16,2025-07-11 10:22:13.022882
A_Position,0.000167897837982586,2025-07-11 10:22:13.022882
C_Axis_Load,45,2025-07-11 10:22:13.022882
C_Position,30.0005,2025-07-11 10:22:13.022882
Machine_Time,2590490.28,2025-07-11 10:22:13.022882
Spindle_Time,690508.343999999,2025-07-11 10:22:13.022882
Feed_Override,100,2025-07-11 10:22:13.022882
Feed_Rate,0,2025-07-11 10:22:13.022882
Program_Runtime_Seconds,10,2025-07-11 10:22:13.022882
Rapid_Override,100,2025-07-11 10:22:13.022882
Rapid_Speed,0,2025-07-11 10:22:13.022882
S_Axis_Load,0,2025-07-11 10:22:13.022882
Spindle_Override,100,2025-07-11 10:22:13.022882
Spindle_Speed,0,2025-07-11 10:22:13.022882
X_Axis_Load,2,2025-07-11 10:22:13.022882
X_Position,415.76750021304,2025-07-11 10:22:13.022882
Y_Axis_Load,3,2025-07-11 10:22:13.022882
Y_Position,491.649990452393,2025-07-11 10:22:13.022882
Z_Axis_Load,37,2025-07-11 10:22:13.022882
Z_Position,-244.750002025558,2025-07-11 10:22:13.022882
COR_Status,1,2025-07-11 10:22:13.022882
Controller_Mode,AUTO,2025-07-11 10:22:13.022882
EStop_State,ARMED,2025-07-11 10:22:13.022882
Machine_Mode,4,2025-07-11 10:22:13.022882
Block_Number,638,2025-07-11 10:22:13.022882
Current_Tool,21,2025-07-11 10:22:13.022882
Part_Count,3,2025-07-11 10:22:13.022882
Program_Name_Running,000454_D_A_PROGRAM_2.NC,2025-07-11 10:22:13.022882
spindle motor v_rms,0.0,2025-07-11 10:22:13.022882
spindle motor a_peak,200,2025-07-11 10:22:13.022882
spindle motor a_rms,100,2025-07-11 10:22:13.022882
spindle motor temp,24.5,2025-07-11 10:22:13.022882
spindle motor crest,4.0,2025-07-11 10:22:13.022882
z-axis bearing v_rms,0.0,2025-07-11 10:22:13.022882
z-axis bearing a_peak,200,2025-07-11 10:22:13.022882
z-axis bearing a_rms,0,2025-07-11 10:22:13.022882
z-axis bearing temp,22.4,2025-07-11 10:22:13.022882
z-axis bearing crest,4.0,2025-07-11 10:22:13.022882
z-axis motor v_rms,0.0,2025-07-11 10:22:13.022882
z-axis motor a_peak,1000,2025-07-11 10:22:13.022882
z-axis motor a_rms,500,2025-07-11 10:22:13.022882
z-axis motor temp,25.4,2025-07-11 10:22:13.022882
z-axis motor crest,1.9,2025-07-11 10:22:13.022882
y-axis bearing v_rms,0.0,2025-07-11 10:22:13.022882
y-axis bearing a_peak,200,2025-07-11 10:22:13.022882
y-axis bearing a_rms,0,2025-07-11 10:22:13.022882
y-axis bearing temp,21.3,2025-07-11 10:22:13.022882
y-axis bearing crest,3.7,2025-07-11 10:22:13.022882
y-axis motor v_rms,0.0,2025-07-11 10:22:13.022882
y-axis motor a_peak,800,2025-07-11 10:22:13.022882
y-axis motor a_rms,400,2025-07-11 10:22:13.022882
y-axis motor temp,24.1,2025-07-11 10:22:13.022882
y-axis motor crest,1.8,2025-07-11 10:22:13.022882
x-axis motor v_rms,0.0,2025-07-11 10:22:13.022882
x-axis motor a_peak,200,2025-07-11 10:22:13.022882
x-axis motor a_rms,0,2025-07-11 10:22:13.022882
x-axis motor temp,21.3,2025-07-11 10:22:13.022882
x-axis motor crest,4.0,2025-07-11 10:22:13.022882
voltage,132.66666666666666,2025-07-11 10:22:13.022882
current,3.6500000000000004,2025-07-11 10:22:13.022882
active power,397.6666666666667,2025-07-11 10:22:13.022882
forward kWh,16.217333333333332,2025-07-11 10:22:13.022882
reverse kWh,0.3606666666666667,2025-07-11 10:22:13.022882
frequency,59.98,2025-07-11 10:22:13.022882
power factor,0.7766666666666667,2025-07-11 10:22:13.022882
featureId,NONE,2025-07-11 10:22:14.023036
partKindId,NONE,2025-07-11 10:22:14.023036
processKindId,NONE,2025-07-11 10:22:14.023036
A_Axis_Load,16,2025-07-11 10:22:14.023036
A_Position,-0.000332225347943367,2025-07-11 10:22:14.023036
C_Axis_Load,45,2025-07-11 10:22:14.023036
C_Position,30.0005,2025-07-11 10:22:14.023036
Machine_Time,2590490.28,2025-07-11 10:22:14.023036
Spindle_Time,690508.343999999,2025-07-11 10:22:14.023036
Feed_Override,100,2025-07-11 10:22:14.023036
Feed_Rate,0,2025-07-11 10:22:14.023036
Program_Runtime_Seconds,10,2025-07-11 10:22:14.023036
Rapid_Override,100,2025-07-11 10:22:14.023036
Rapid_Speed,0,2025-07-11 10:22:14.023036
S_Axis_Load,0,2025-07-11 10:22:14.023036
Spindle_Override,100,2025-07-11 10:22:14.023036
Spindle_Speed,0,2025-07-11 10:22:14.023036
X_Axis_Load,2,2025-07-11 10:22:14.023036
X_Position,415.76750021304,2025-07-11 10:22:14.023036
Y_Axis_Load,3,2025-07-11 10:22:14.023036
Y_Position,491.650001896484,2025-07-11 10:22:14.023036
Z_Axis_Load,37,2025-07-11 10:22:14.023036
Z_Position,-244.750002025558,2025-07-11 10:22:14.023036
COR_Status,1,2025-07-11 10:22:14.023036
Controller_Mode,AUTO,2025-07-11 10:22:14.023036
EStop_State,ARMED,2025-07-11 10:22:14.023036
Machine_Mode,4,2025-07-11 10:22:14.023036
Block_Number,638,2025-07-11 10:22:14.023036
Current_Tool,21,2025-07-11 10:22:14.023036
Part_Count,3,2025-07-11 10:22:14.023036
Program_Name_Running,000454_D_A_PROGRAM_2.NC,2025-07-11 10:22:14.023036
spindle motor v_rms,0.0,2025-07-11 10:22:14.023036
spindle motor a_peak,200,2025-07-11 10:22:14.023036
spindle motor a_rms,100,2025-07-11 10:22:14.023036
spindle motor temp,24.5,2025-07-11 10:22:14.023036
spindle motor crest,3.7,2025-07-11 10:22:14.023036
z-axis bearing v_rms,0.0,2025-07-11 10:22:14.023036
z-axis bearing a_peak,200,2025-07-11 10:22:14.023036
z-axis bearing a_rms,0,2025-07-11 10:22:14.023036
z-axis bearing temp,22.4,2025-07-11 10:22:14.023036
z-axis bearing crest,4.4,2025-07-11 10:22:14.023036
z-axis motor v_rms,0.0,2025-07-11 10:22:14.023036
z-axis motor a_peak,1000,2025-07-11 10:22:14.023036
z-axis motor a_rms,500,2025-07-11 10:22:14.023036
z-axis motor temp,25.4,2025-07-11 10:22:14.023036
z-axis motor crest,1.9,2025-07-11 10:22:14.023036
y-axis bearing v_rms,0.0,2025-07-11 10:22:14.023036
y-axis bearing a_peak,200,2025-07-11 10:22:14.023036
y-axis bearing a_rms,0,2025-07-11 10:22:14.023036
y-axis bearing temp,21.3,2025-07-11 10:22:14.023036
y-axis bearing crest,3.9,2025-07-11 10:22:14.023036
y-axis motor v_rms,0.0,2025-07-11 10:22:14.023036
y-axis motor a_peak,800,2025-07-11 10:22:14.023036
y-axis motor a_rms,400,2025-07-11 10:22:14.023036
y-axis motor temp,24.1,2025-07-11 10:22:14.023036
y-axis motor crest,1.9,2025-07-11 10:22:14.023036
x-axis motor v_rms,0.0,2025-07-11 10:22:14.023036
x-axis motor a_peak,200,2025-07-11 10:22:14.023036
x-axis motor a_rms,0,2025-07-11 10:22:14.023036
x-axis motor temp,21.3,2025-07-11 10:22:14.023036
x-axis motor crest,3.9,2025-07-11 10:22:14.023036
voltage,132.6,2025-07-11 10:22:14.023036
current,3.643333333333334,2025-07-11 10:22:14.023036
active power,398.0,2025-07-11 10:22:14.023036
forward kWh,16.217333333333332,2025-07-11 10:22:14.023036
reverse kWh,0.3606666666666667,2025-07-11 10:22:14.023036
frequency,59.98,2025-07-11 10:22:14.023036
power factor,0.79,2025-07-11 10:22:14.023036
featureId,NONE,2025-07-11 10:22:15.023190
partKindId,NONE,2025-07-11 10:22:15.023190
processKindId,NONE,2025-07-11 10:22:15.023190
A_Axis_Load,16,2025-07-11 10:22:15.023190
A_Position,0.000167897837982586,2025-07-11 10:22:15.023190
C_Axis_Load,45,2025-07-11 10:22:15.023190
C_Position,30.0005,2025-07-11 10:22:15.023190
Machine_Time,2590490.28,2025-07-11 10:22:15.023190
Spindle_Time,690508.343999999,2025-07-11 10:22:15.023190
Feed_Override,100,2025-07-11 10:22:15.023190
Feed_Rate,0,2025-07-11 10:22:15.023190
Program_Runtime_Seconds,10,2025-07-11 10:22:15.023190
Rapid_Override,100,2025-07-11 10:22:15.023190
Rapid_Speed,0,2025-07-11 10:22:15.023190
S_Axis_Load,0,2025-07-11 10:22:15.023190
Spindle_Override,100,2025-07-11 10:22:15.023190
Spindle_Speed,0,2025-07-11 10:22:15.023190
X_Axis_Load,2,2025-07-11 10:22:15.023190
X_Position,415.76750021304,2025-07-11 10:22:15.023190
Y_Axis_Load,3,2025-07-11 10:22:15.023190
Y_Position,491.650001896484,2025-07-11 10:22:15.023190
Z_Axis_Load,37,2025-07-11 10:22:15.023190
Z_Position,-244.750002025558,2025-07-11 10:22:15.023190
COR_Status,1,2025-07-11 10:22:15.023190
Controller_Mode,AUTO,2025-07-11 10:22:15.023190
EStop_State,ARMED,2025-07-11 10:22:15.023190
Machine_Mode,4,2025-07-11 10:22:15.023190
Block_Number,638,2025-07-11 10:22:15.023190
Current_Tool,21,2025-07-11 10:22:15.023190
Part_Count,3,2025-07-11 10:22:15.023190
Program_Name_Running,000454_D_A_PROGRAM_2.NC,2025-07-11 10:22:15.023190
spindle motor v_rms,0.0,2025-07-11 10:22:15.023190
spindle motor a_peak,200,2025-07-11 10:22:15.023190
spindle motor a_rms,100,2025-07-11 10:22:15.023190
spindle motor temp,24.5,2025-07-11 10:22:15.023190
spindle motor crest,3.8,2025-07-11 10:22:15.023190
z-axis bearing v_rms,0.0,2025-07-11 10:22:15.023190
z-axis bearing a_peak,200,2025-07-11 10:22:15.023190
z-axis bearing a_rms,0,2025-07-11 10:22:15.023190
z-axis bearing temp,22.4,2025-07-11 10:22:15.023190
z-axis bearing crest,4.7,2025-07-11 10:22:15.023190
z-axis motor v_rms,0.0,2025-07-11 10:22:15.023190
z-axis motor a_peak,1000,2025-07-11 10:22:15.023190
z-axis motor a_rms,500,2025-07-11 10:22:15.023190
z-axis motor temp,25.4,2025-07-11 10:22:15.023190
z-axis motor crest,1.9,2025-07-11 10:22:15.023190
y-axis bearing v_rms,0.0,2025-07-11 10:22:15.023190
y-axis bearing a_peak,200,2025-07-11 10:22:15.023190
y-axis bearing a_rms,0,2025-07-11 10:22:15.023190
y-axis bearing temp,21.3,2025-07-11 10:22:15.023190
y-axis bearing crest,3.8,2025-07-11 10:22:15.023190
y-axis motor v_rms,0.0,2025-07-11 10:22:15.023190
y-axis motor a_peak,700,2025-07-11 10:22:15.023190
y-axis motor a_rms,400,2025-07-11 10:22:15.023190
y-axis motor temp,24.1,2025-07-11 10:22:15.023190
y-axis motor crest,1.8,2025-07-11 10:22:15.023190
x-axis motor v_rms,0.0,2025-07-11 10:22:15.023190
x-axis motor a_peak,200,2025-07-11 10:22:15.023190
x-axis motor a_rms,0,2025-07-11 10:22:15.023190
x-axis motor temp,21.3,2025-07-11 10:22:15.023190
x-axis motor crest,4.1,2025-07-11 10:22:15.023190
voltage,132.70000000000002,2025-07-11 10:22:15.023190
current,3.6300000000000003,2025-07-11 10:22:15.023190
active power,395.3333333333333,2025-07-11 10:22:15.023190
forward kWh,16.217333333333332,2025-07-11 10:22:15.023190
reverse kWh,0.3606666666666667,2025-07-11 10:22:15.023190
frequency,59.98,2025-07-11 10:22:15.023190
power factor,0.7766666666666667,2025-07-11 10:22:15.023190
featureId,NONE,2025-07-11 10:22:16.023403
partKindId,NONE,2025-07-11 10:22:16.023403
processKindId,NONE,2025-07-11 10:22:16.023403
A_Axis_Load,16,2025-07-11 10:22:16.023403
A_Position,0.000167897837982586,2025-07-11 10:22:16.023403
C_Axis_Load,45,2025-07-11 10:22:16.023403
C_Position,30.0005,2025-07-11 10:22:16.023403
Machine_Time,2590490.28,2025-07-11 10:22:16.023403
Spindle_Time,690508.343999999,2025-07-11 10:22:16.023403
Feed_Override,100,2025-07-11 10:22:16.023403
Feed_Rate,0,2025-07-11 10:22:16.023403
Program_Runtime_Seconds,10,2025-07-11 10:22:16.023403
Rapid_Override,100,2025-07-11 10:22:16.023403
Rapid_Speed,0,2025-07-11 10:22:16.023403
S_Axis_Load,0,2025-07-11 10:22:16.023403
Spindle_Override,100,2025-07-11 10:22:16.023403
Spindle_Speed,0,2025-07-11 10:22:16.023403
X_Axis_Load,3,2025-07-11 10:22:16.023403
X_Position,415.767511658988,2025-07-11 10:22:16.023403
Y_Axis_Load,3,2025-07-11 10:22:16.023403
Y_Position,491.650001896484,2025-07-11 10:22:16.023403
Z_Axis_Load,37,2025-07-11 10:22:16.023403
Z_Position,-244.750002025558,2025-07-11 10:22:16.023403
COR_Status,1,2025-07-11 10:22:16.023403
Controller_Mode,AUTO,2025-07-11 10:22:16.023403
EStop_State,ARMED,2025-07-11 10:22:16.023403
Machine_Mode,4,2025-07-11 10:22:16.023403
Block_Number,638,2025-07-11 10:22:16.023403
Current_Tool,21,2025-07-11 10:22:16.023403
Part_Count,3,2025-07-11 10:22:16.023403
Program_Name_Running,000454_D_A_PROGRAM_2.NC,2025-07-11 10:22:16.023403
spindle motor v_rms,0.1,2025-07-11 10:22:16.023403
spindle motor a_peak,200,2025-07-11 10:22:16.023403
spindle motor a_rms,100,2025-07-11 10:22:16.023403
spindle motor temp,24.5,2025-07-11 10:22:16.023403
spindle motor crest,3.8,2025-07-11 10:22:16.023403
z-axis bearing v_rms,0.0,2025-07-11 10:22:16.023403
z-axis bearing a_peak,200,2025-07-11 10:22:16.023403
z-axis bearing a_rms,0,2025-07-11 10:22:16.023403
z-axis bearing temp,22.4,2025-07-11 10:22:16.023403
z-axis bearing crest,4.6,2025-07-11 10:22:16.023403
z-axis motor v_rms,0.1,2025-07-11 10:22:16.023403
z-axis motor a_peak,1000,2025-07-11 10:22:16.023403
z-axis motor a_rms,500,2025-07-11 10:22:16.023403
z-axis motor temp,25.4,2025-07-11 10:22:16.023403
z-axis motor crest,1.9,2025-07-11 10:22:16.023403
y-axis bearing v_rms,0.0,2025-07-11 10:22:16.023403
y-axis bearing a_peak,200,2025-07-11 10:22:16.023403
y-axis bearing a_rms,100,2025-07-11 10:22:16.023403
y-axis bearing temp,21.3,2025-07-11 10:22:16.023403
y-axis bearing crest,3.9,2025-07-11 10:22:16.023403
y-axis motor v_rms,0.0,2025-07-11 10:22:16.023403
y-axis motor a_peak,800,2025-07-11 10:22:16.023403
y-axis motor a_rms,400,2025-07-11 10:22:16.023403
y-axis motor temp,24.1,2025-07-11 10:22:16.023403
y-axis motor crest,1.9,2025-07-11 10:22:16.023403
x-axis motor v_rms,0.0,2025-07-11 10:22:16.023403
x-axis motor a_peak,200,2025-07-11 10:22:16.023403
x-axis motor a_rms,0,2025-07-11 10:22:16.023403
x-axis motor temp,21.3,2025-07-11 10:22:16.023403
x-axis motor crest,4.1,2025-07-11 10:22:16.023403
voltage,132.66666666666666,2025-07-11 10:22:16.023403
current,3.65,2025-07-11 10:22:16.023403
active power,398.3333333333333,2025-07-11 10:22:16.023403
forward kWh,16.217333333333332,2025-07-11 10:22:16.023403
reverse kWh,0.3606666666666667,2025-07-11 10:22:16.023403
frequency,59.98,2025-07-11 10:22:16.023403
power factor,0.7766666666666667,2025-07-11 10:22:16.023403
featureId,NONE,2025-07-11 10:22:17.023553
partKindId,NONE,2025-07-11 10:22:17.023553
processKindId,NONE,2025-07-11 10:22:17.023553
A_Axis_Load,16,2025-07-11 10:22:17.023553
A_Position,0.000167897837982586,2025-07-11 10:22:17.023553
C_Axis_Load,45,2025-07-11 10:22:17.023553
C_Position,30.0005,2025-07-11 10:22:17.023553
Machine_Time,2590490.28,2025-07-11 10:22:17.023553
Spindle_Time,690508.343999999,2025-07-11 10:22:17.023553
Feed_Override,100,2025-07-11 10:22:17.023553
Feed_Rate,0,2025-07-11 10:22:17.023553
Program_Runtime_Seconds,10,2025-07-11 10:22:17.023553
Rapid_Override,100,2025-07-11 10:22:17.023553
Rapid_Speed,0,2025-07-11 10:22:17.023553
S_Axis_Load,0,2025-07-11 10:22:17.023553
Spindle_Override,100,2025-07-11 10:22:17.023553
Spindle_Speed,0,2025-07-11 10:22:17.023553
X_Axis_Load,2,2025-07-11 10:22:17.023553
X_Position,415.76750021304,2025-07-11 10:22:17.023553
Y_Axis_Load,3,2025-07-11 10:22:17.023553
Y_Position,491.649990452393,2025-07-11 10:22:17.023553
Z_Axis_Load,37,2025-07-11 10:22:17.023553
Z_Position,-244.750002025558,2025-07-11 10:22:17.023553
COR_Status,1,2025-07-11 10:22:17.023553
Controller_Mode,AUTO,2025-07-11 10:22:17.023553
EStop_State,ARMED,2025-07-11 10:22:17.023553
Machine_Mode,4,2025-07-11 10:22:17.023553
Block_Number,638,2025-07-11 10:22:17.023553
Current_Tool,21,2025-07-11 10:22:17.023553
Part_Count,3,2025-07-11 10:22:17.023553
Program_Name_Running,000454_D_A_PROGRAM_2.NC,2025-07-11 10:22:17.023553
spindle motor v_rms,0.1,2025-07-11 10:22:17.023553
spindle motor a_peak,200,2025-07-11 10:22:17.023553
spindle motor a_rms,100,2025-07-11 10:22:17.023553
spindle motor temp,24.5,2025-07-11 10:22:17.023553
spindle motor crest,3.8,2025-07-11 10:22:17.023553
z-axis bearing v_rms,0.0,2025-07-11 10:22:17.023553
z-axis bearing a_peak,200,2025-07-11 10:22:17.023553
z-axis bearing a_rms,0,2025-07-11 10:22:17.023553
z-axis bearing temp,22.4,2025-07-11 10:22:17.023553
z-axis bearing crest,4.1,2025-07-11 10:22:17.023553
z-axis motor v_rms,0.1,2025-07-11 10:22:17.023553
z-axis motor a_peak,1000,2025-07-11 10:22:17.023553
z-axis motor a_rms,500,2025-07-11 10:22:17.023553
z-axis motor temp,25.4,2025-07-11 10:22:17.023553
z-axis motor crest,1.9,2025-07-11 10:22:17.023553
y-axis bearing v_rms,0.0,2025-07-11 10:22:17.023553
y-axis bearing a_peak,200,2025-07-11 10:22:17.023553
y-axis bearing a_rms,0,2025-07-11 10:22:17.023553
y-axis bearing temp,21.3,2025-07-11 10:22:17.023553
y-axis bearing crest,4.0,2025-07-11 10:22:17.023553
y-axis motor v_rms,0.0,2025-07-11 10:22:17.023553
y-axis motor a_peak,800,2025-07-11 10:22:17.023553
y-axis motor a_rms,400,2025-07-11 10:22:17.023553
y-axis motor temp,24.1,2025-07-11 10:22:17.023553
y-axis motor crest,1.9,2025-07-11 10:22:17.023553
x-axis motor v_rms,0.0,2025-07-11 10:22:17.023553
x-axis motor a_peak,200,2025-07-11 10:22:17.023553
x-axis motor a_rms,0,2025-07-11 10:22:17.023553
x-axis motor temp,21.3,2025-07-11 10:22:17.023553
x-axis motor crest,3.7,2025-07-11 10:22:17.023553
voltage,132.66666666666666,2025-07-11 10:22:17.023553
current,3.6566666666666667,2025-07-11 10:22:17.023553
active power,399.3333333333333,2025-07-11 10:22:17.023553
forward kWh,16.217666666666663,2025-07-11 10:22:17.023553
reverse kWh,0.3606666666666667,2025-07-11 10:22:17.023553
frequency,59.98,2025-07-11 10:22:17.023553
power factor,0.7799999999999999,2025-07-11 10:22:17.023553
featureId,NONE,2025-07-11 10:22:18.023704
partKindId,NONE,2025-07-11 10:22:18.023704
processKindId,NONE,2025-07-11 10:22:18.023704
A_Axis_Load,16,2025-07-11 10:22:18.023704
A_Position,0.000167897837982586,2025-07-11 10:22:18.023704
C_Axis_Load,45,2025-07-11 10:22:18.023704
C_Position,30.0005,2025-07-11 10:22:18.023704
Machine_Time,2590490.28,2025-07-11 10:22:18.023704
Spindle_Time,690508.343999999,2025-07-11 10:22:18.023704
Feed_Override,100,2025-07-11 10:22:18.023704
Feed_Rate,0,2025-07-11 10:22:18.023704
Program_Runtime_Seconds,10,2025-07-11 10:22:18.023704
Rapid_Override,100,2025-07-11 10:22:18.023704
Rapid_Speed,0,2025-07-11 10:22:18.023704
S_Axis_Load,0,2025-07-11 10:22:18.023704
Spindle_Override,100,2025-07-11 10:22:18.023704
Spindle_Speed,0,2025-07-11 10:22:18.023704
X_Axis_Load,2,2025-07-11 10:22:18.023704
X_Position,415.76750021304,2025-07-11 10:22:18.023704
Y_Axis_Load,3,2025-07-11 10:22:18.023704
Y_Position,491.650001896484,2025-07-11 10:22:18.023704
Z_Axis_Load,37,2025-07-11 10:22:18.023704
Z_Position,-244.750002025558,2025-07-11 10:22:18.023704
COR_Status,1,2025-07-11 10:22:18.023704
Controller_Mode,AUTO,2025-07-11 10:22:18.023704
EStop_State,ARMED,2025-07-11 10:22:18.023704
Machine_Mode,4,2025-07-11 10:22:18.023704
Block_Number,638,2025-07-11 10:22:18.023704
Current_Tool,21,2025-07-11 10:22:18.023704
Part_Count,3,2025-07-11 10:22:18.023704
Program_Name_Running,000454_D_A_PROGRAM_2.NC,2025-07-11 10:22:18.023704
spindle motor v_rms,0.5,2025-07-11 10:22:18.023704
spindle motor a_peak,300,2025-07-11 10:22:18.023704
spindle motor a_rms,100,2025-07-11 10:22:18.023704
spindle motor temp,24.5,2025-07-11 10:22:18.023704
spindle motor crest,3.9,2025-07-11 10:22:18.023704
z-axis bearing v_rms,0.4,2025-07-11 10:22:18.023704
z-axis bearing a_peak,200,2025-07-11 10:22:18.023704
z-axis bearing a_rms,100,2025-07-11 10:22:18.023704
z-axis bearing temp,22.4,2025-07-11 10:22:18.023704
z-axis bearing crest,3.8,2025-07-11 10:22:18.023704
z-axis motor v_rms,0.7,2025-07-11 10:22:18.023704
z-axis motor a_peak,1000,2025-07-11 10:22:18.023704
z-axis motor a_rms,500,2025-07-11 10:22:18.023704
z-axis motor temp,25.4,2025-07-11 10:22:18.023704
z-axis motor crest,2.0,2025-07-11 10:22:18.023704
y-axis bearing v_rms,0.1,2025-07-11 10:22:18.023704
y-axis bearing a_peak,200,2025-07-11 10:22:18.023704
y-axis bearing a_rms,0,2025-07-11 10:22:18.023704
y-axis bearing temp,21.3,2025-07-11 10:22:18.023704
y-axis bearing crest,3.8,2025-07-11 10:22:18.023704
y-axis motor v_rms,0.1,2025-07-11 10:22:18.023704
y-axis motor a_peak,800,2025-07-11 10:22:18.023704
y-axis motor a_rms,400,2025-07-11 10:22:18.023704
y-axis motor temp,24.1,2025-07-11 10:22:18.023704
y-axis motor crest,1.8,2025-07-11 10:22:18.023704
x-axis motor v_rms,0.1,2025-07-11 10:22:18.023704
x-axis motor a_peak,200,2025-07-11 10:22:18.023704
x-axis motor a_rms,0,2025-07-11 10:22:18.023704
x-axis motor temp,21.3,2025-07-11 10:22:18.023704
x-axis motor crest,4.0,2025-07-11 10:22:18.023704
voltage,132.70000000000002,2025-07-11 10:22:18.023704
current,3.6200000000000006,2025-07-11 10:22:18.023704
active power,393.3333333333333,2025-07-11 10:22:18.023704
forward kWh,16.218,2025-07-11 10:22:18.023704
reverse kWh,0.3606666666666667,2025-07-11 10:22:18.023704
frequency,59.98,2025-07-11 10:22:18.023704
power factor,0.7766666666666667,2025-07-11 10:22:18.023704
featureId,NONE,2025-07-11 10:22:19.023857
partKindId,NONE,2025-07-11 10:22:19.023857
processKindId,NONE,2025-07-11 10:22:19.023857
A_Axis_Load,16,2025-07-11 10:22:19.023857
A_Position,0.000167897837982586,2025-07-11 10:22:19.023857
C_Axis_Load,45,2025-07-11 10:22:19.023857
C_Position,30.0005,2025-07-11 10:22:19.023857
Machine_Time,2590490.28,2025-07-11 10:22:19.023857
Spindle_Time,690508.343999999,2025-07-11 10:22:19.023857
Feed_Override,100,2025-07-11 10:22:19.023857
Feed_Rate,0,2025-07-11 10:22:19.023857
Program_Runtime_Seconds,10,2025-07-11 10:22:19.023857
Rapid_Override,100,2025-07-11 10:22:19.023857
Rapid_Speed,0,2025-07-11 10:22:19.023857
S_Axis_Load,0,2025-07-11 10:22:19.023857
Spindle_Override,100,2025-07-11 10:22:19.023857
Spindle_Speed,0,2025-07-11 10:22:19.023857
X_Axis_Load,2,2025-07-11 10:22:19.023857
X_Position,415.76750021304,2025-07-11 10:22:19.023857
Y_Axis_Load,3,2025-07-11 10:22:19.023857
Y_Position,491.650001896484,2025-07-11 10:22:19.023857
Z_Axis_Load,37,2025-07-11 10:22:19.023857
Z_Position,-244.750002025558,2025-07-11 10:22:19.023857
COR_Status,1,2025-07-11 10:22:19.023857
Controller_Mode,AUTO,2025-07-11 10:22:19.023857
EStop_State,ARMED,2025-07-11 10:22:19.023857
Machine_Mode,4,2025-07-11 10:22:19.023857
Block_Number,638,2025-07-11 10:22:19.023857
Current_Tool,21,2025-07-11 10:22:19.023857
Part_Count,3,2025-07-11 10:22:19.023857
Program_Name_Running,000454_D_A_PROGRAM_2.NC,2025-07-11 10:22:19.023857
spindle motor v_rms,0.1,2025-07-11 10:22:19.023857
spindle motor a_peak,200,2025-07-11 10:22:19.023857
spindle motor a_rms,100,2025-07-11 10:22:19.023857
spindle motor temp,24.5,2025-07-11 10:22:19.023857
spindle motor crest,3.8,2025-07-11 10:22:19.023857
z-axis bearing v_rms,0.1,2025-07-11 10:22:19.023857
z-axis bearing a_peak,200,2025-07-11 10:22:19.023857
z-axis bearing a_rms,0,2025-07-11 10:22:19.023857
z-axis bearing temp,22.4,2025-07-11 10:22:19.023857
z-axis bearing crest,4.0,2025-07-11 10:22:19.023857
z-axis motor v_rms,0.1,2025-07-11 10:22:19.023857
z-axis motor a_peak,1000,2025-07-11 10:22:19.023857
z-axis motor a_rms,500,2025-07-11 10:22:19.023857
z-axis motor temp,25.4,2025-07-11 10:22:19.023857
z-axis motor crest,2.1,2025-07-11 10:22:19.023857
y-axis bearing v_rms,0.0,2025-07-11 10:22:19.023857
y-axis bearing a_peak,200,2025-07-11 10:22:19.023857
y-axis bearing a_rms,0,2025-07-11 10:22:19.023857
y-axis bearing temp,21.3,2025-07-11 10:22:19.023857
y-axis bearing crest,4.4,2025-07-11 10:22:19.023857
y-axis motor v_rms,0.0,2025-07-11 10:22:19.023857
y-axis motor a_peak,800,2025-07-11 10:22:19.023857
y-axis motor a_rms,400,2025-07-11 10:22:19.023857
y-axis motor temp,24.1,2025-07-11 10:22:19.023857
y-axis motor crest,1.9,2025-07-11 10:22:19.023857
x-axis motor v_rms,0.0,2025-07-11 10:22:19.023857
x-axis motor a_peak,200,2025-07-11 10:22:19.023857
x-axis motor a_rms,0,2025-07-11 10:22:19.023857
x-axis motor temp,21.3,2025-07-11 10:22:19.023857
x-axis motor crest,3.7,2025-07-11 10:22:19.023857
voltage,132.70000000000002,2025-07-11 10:22:19.023857
current,3.65,2025-07-11 10:22:19.023857
active power,398.0,2025-07-11 10:22:19.023857
forward kWh,16.218,2025-07-11 10:22:19.023857
reverse kWh,0.3606666666666667,2025-07-11 10:22:19.023857
frequency,59.98,2025-07-11 10:22:19.023857
power factor,0.7799999999999999,2025-07-11 10:22:19.023857
featureId,NONE,2025-07-11 10:22:20.024149
partKindId,NONE,2025-07-11 10:22:20.024149
processKindId,NONE,2025-07-11 10:22:20.024149
A_Axis_Load,16,2025-07-11 10:22:20.024149
A_Position,0.000167897837982586,2025-07-11 10:22:20.024149
C_Axis_Load,45,2025-07-11 10:22:20.024149
C_Position,30.0005,2025-07-11 10:22:20.024149
Machine_Time,2590490.28,2025-07-11 10:22:20.024149
Spindle_Time,690508.343999999,2025-07-11 10:22:20.024149
Feed_Override,100,2025-07-11 10:22:20.024149
Feed_Rate,0,2025-07-11 10:22:20.024149
Program_Runtime_Seconds,10,2025-07-11 10:22:20.024149
Rapid_Override,100,2025-07-11 10:22:20.024149
Rapid_Speed,0,2025-07-11 10:22:20.024149
S_Axis_Load,0,2025-07-11 10:22:20.024149
Spindle_Override,100,2025-07-11 10:22:20.024149
Spindle_Speed,0,2025-07-11 10:22:20.024149
X_Axis_Load,2,2025-07-11 10:22:20.024149
X_Position,415.767511658988,2025-07-11 10:22:20.024149
Y_Axis_Load,3,2025-07-11 10:22:20.024149
Y_Position,491.650001896484,2025-07-11 10:22:20.024149
Z_Axis_Load,37,2025-07-11 10:22:20.024149
Z_Position,-244.749990582039,2025-07-11 10:22:20.024149
COR_Status,1,2025-07-11 10:22:20.024149
Controller_Mode,AUTO,2025-07-11 10:22:20.024149
EStop_State,ARMED,2025-07-11 10:22:20.024149
Machine_Mode,4,2025-07-11 10:22:20.024149
Block_Number,638,2025-07-11 10:22:20.024149
Current_Tool,21,2025-07-11 10:22:20.024149
Part_Count,3,2025-07-11 10:22:20.024149
Program_Name_Running,000454_D_A_PROGRAM_2.NC,2025-07-11 10:22:20.024149
spindle motor v_rms,0.1,2025-07-11 10:22:20.024149
spindle motor a_peak,200,2025-07-11 10:22:20.024149
spindle motor a_rms,100,2025-07-11 10:22:20.024149
spindle motor temp,24.5,2025-07-11 10:22:20.024149
spindle motor crest,3.9,2025-07-11 10:22:20.024149
z-axis bearing v_rms,0.1,2025-07-11 10:22:20.024149
z-axis bearing a_peak,200,2025-07-11 10:22:20.024149
z-axis bearing a_rms,0,2025-07-11 10:22:20.024149
z-axis bearing temp,22.4,2025-07-11 10:22:20.024149
z-axis bearing crest,3.9,2025-07-11 10:22:20.024149
z-axis motor v_rms,0.3,2025-07-11 10:22:20.024149
z-axis motor a_peak,1200,2025-07-11 10:22:20.024149
z-axis motor a_rms,500,2025-07-11 10:22:20.024149
z-axis motor temp,25.4,2025-07-11 10:22:20.024149
z-axis motor crest,2.3,2025-07-11 10:22:20.024149
y-axis bearing v_rms,0.1,2025-07-11 10:22:20.024149
y-axis bearing a_peak,300,2025-07-11 10:22:20.024149
y-axis bearing a_rms,100,2025-07-11 10:22:20.024149
y-axis bearing temp,21.3,2025-07-11 10:22:20.024149
y-axis bearing crest,4.7,2025-07-11 10:22:20.024149
y-axis motor v_rms,0.1,2025-07-11 10:22:20.024149
y-axis motor a_peak,800,2025-07-11 10:22:20.024149
y-axis motor a_rms,400,2025-07-11 10:22:20.024149
y-axis motor temp,24.1,2025-07-11 10:22:20.024149
y-axis motor crest,2.0,2025-07-11 10:22:20.024149
x-axis motor v_rms,0.3,2025-07-11 10:22:20.024149
x-axis motor a_peak,300,2025-07-11 10:22:20.024149
x-axis motor a_rms,100,2025-07-11 10:22:20.024149
x-axis motor temp,21.3,2025-07-11 10:22:20.024149
x-axis motor crest,4.2,2025-07-11 10:22:20.024149
voltage,132.63333333333333,2025-07-11 10:22:20.024149
current,3.6266666666666665,2025-07-11 10:22:20.024149
active power,395.0,2025-07-11 10:22:20.024149
forward kWh,16.218,2025-07-11 10:22:20.024149
reverse kWh,0.3606666666666667,2025-07-11 10:22:20.024149
frequency,59.98,2025-07-11 10:22:20.024149
power factor,0.7766666666666667,2025-07-11 10:22:20.024149
featureId,NONE,2025-07-11 10:22:21.024300
partKindId,NONE,2025-07-11 10:22:21.024300
processKindId,NONE,2025-07-11 10:22:21.024300
A_Axis_Load,16,2025-07-11 10:22:21.024300
A_Position,0.000167897837982586,2025-07-11 10:22:21.024300
C_Axis_Load,45,2025-07-11 10:22:21.024300
C_Position,30.0005,2025-07-11 10:22:21.024300
Machine_Time,2590490.28,2025-07-11 10:22:21.024300
Spindle_Time,690508.343999999,2025-07-11 10:22:21.024300
Feed_Override,100,2025-07-11 10:22:21.024300
Feed_Rate,0,2025-07-11 10:22:21.024300
Program_Runtime_Seconds,10,2025-07-11 10:22:21.024300
Rapid_Override,100,2025-07-11 10:22:21.024300
Rapid_Speed,0,2025-07-11 10:22:21.024300
S_Axis_Load,0,2025-07-11 10:22:21.024300
Spindle_Override,100,2025-07-11 10:22:21.024300
Spindle_Speed,0,2025-07-11 10:22:21.024300
X_Axis_Load,2,2025-07-11 10:22:21.024300
X_Position,415.76750021304,2025-07-11 10:22:21.024300
Y_Axis_Load,3,2025-07-11 10:22:21.024300
Y_Position,491.650001896484,2025-07-11 10:22:21.024300
Z_Axis_Load,37,2025-07-11 10:22:21.024300
Z_Position,-244.750002025558,2025-07-11 10:22:21.024300
COR_Status,1,2025-07-11 10:22:21.024300
Controller_Mode,AUTO,2025-07-11 10:22:21.024300
EStop_State,ARMED,2025-07-11 10:22:21.024300
Machine_Mode,4,2025-07-11 10:22:21.024300
Block_Number,638,2025-07-11 10:22:21.024300
Current_Tool,21,2025-07-11 10:22:21.024300
Part_Count,3,2025-07-11 10:22:21.024300
Program_Name_Running,000454_D_A_PROGRAM_2.NC,2025-07-11 10:22:21.024300
spindle motor v_rms,0.4,2025-07-11 10:22:21.024300
spindle motor a_peak,300,2025-07-11 10:22:21.024300
spindle motor a_rms,100,2025-07-11 10:22:21.024300
spindle motor temp,24.5,2025-07-11 10:22:21.024300
spindle motor crest,3.6,2025-07-11 10:22:21.024300
z-axis bearing v_rms,0.2,2025-07-11 10:22:21.024300
z-axis bearing a_peak,200,2025-07-11 10:22:21.024300
z-axis bearing a_rms,100,2025-07-11 10:22:21.024300
z-axis bearing temp,22.4,2025-07-11 10:22:21.024300
z-axis bearing crest,4.0,2025-07-11 10:22:21.024300
z-axis motor v_rms,0.3,2025-07-11 10:22:21.024300
z-axis motor a_peak,1000,2025-07-11 10:22:21.024300
z-axis motor a_rms,500,2025-07-11 10:22:21.024300
z-axis motor temp,25.4,2025-07-11 10:22:21.024300
z-axis motor crest,2.0,2025-07-11 10:22:21.024300
y-axis bearing v_rms,0.1,2025-07-11 10:22:21.024300
y-axis bearing a_peak,200,2025-07-11 10:22:21.024300
y-axis bearing a_rms,0,2025-07-11 10:22:21.024300
y-axis bearing temp,21.3,2025-07-11 10:22:21.024300
y-axis bearing crest,4.3,2025-07-11 10:22:21.024300
y-axis motor v_rms,0.0,2025-07-11 10:22:21.024300
y-axis motor a_peak,800,2025-07-11 10:22:21.024300
y-axis motor a_rms,400,2025-07-11 10:22:21.024300
y-axis motor temp,24.1,2025-07-11 10:22:21.024300
y-axis motor crest,1.8,2025-07-11 10:22:21.024300
x-axis motor v_rms,0.1,2025-07-11 10:22:21.024300
x-axis motor a_peak,200,2025-07-11 10:22:21.024300
x-axis motor a_rms,0,2025-07-11 10:22:21.024300
x-axis motor temp,21.3,2025-07-11 10:22:21.024300
x-axis motor crest,4.0,2025-07-11 10:22:21.024300
voltage,132.70000000000002,2025-07-11 10:22:21.024300
current,3.6366666666666663,2025-07-11 10:22:21.024300
active power,396.3333333333333,2025-07-11 10:22:21.024300
forward kWh,16.218,2025-07-11 10:22:21.024300
reverse kWh,0.3606666666666667,2025-07-11 10:22:21.024300
frequency,59.98,2025-07-11 10:22:21.024300
power factor,0.77,2025-07-11 10:22:21.024300
featureId,NONE,2025-07-11 10:22:22.024514
partKindId,NONE,2025-07-11 10:22:22.024514
processKindId,NONE,2025-07-11 10:22:22.024514
A_Axis_Load,16,2025-07-11 10:22:22.024514
A_Position,0.000167897837982586,2025-07-11 10:22:22.024514
C_Axis_Load,45,2025-07-11 10:22:22.024514
C_Position,30.0005,2025-07-11 10:22:22.024514
Machine_Time,2590490.28,2025-07-11 10:22:22.024514
Spindle_Time,690508.343999999,2025-07-11 10:22:22.024514
Feed_Override,100,2025-07-11 10:22:22.024514
Feed_Rate,0,2025-07-11 10:22:22.024514
Program_Runtime_Seconds,10,2025-07-11 10:22:22.024514
Rapid_Override,100,2025-07-11 10:22:22.024514
Rapid_Speed,0,2025-07-11 10:22:22.024514
S_Axis_Load,0,2025-07-11 10:22:22.024514
Spindle_Override,100,2025-07-11 10:22:22.024514
Spindle_Speed,0,2025-07-11 10:22:22.024514
X_Axis_Load,2,2025-07-11 10:22:22.024514
X_Position,415.76750021304,2025-07-11 10:22:22.024514
Y_Axis_Load,3,2025-07-11 10:22:22.024514
Y_Position,491.650001896484,2025-07-11 10:22:22.024514
Z_Axis_Load,37,2025-07-11 10:22:22.024514
Z_Position,-244.750002025558,2025-07-11 10:22:22.024514
COR_Status,1,2025-07-11 10:22:22.024514
Controller_Mode,AUTO,2025-07-11 10:22:22.024514
EStop_State,ARMED,2025-07-11 10:22:22.024514
Machine_Mode,4,2025-07-11 10:22:22.024514
Block_Number,638,2025-07-11 10:22:22.024514
Current_Tool,21,2025-07-11 10:22:22.024514
Part_Count,3,2025-07-11 10:22:22.024514
Program_Name_Running,000454_D_A_PROGRAM_2.NC,2025-07-11 10:22:22.024514
spindle motor v_rms,0.1,2025-07-11 10:22:22.024514
spindle motor a_peak,200,2025-07-11 10:22:22.024514
spindle motor a_rms,100,2025-07-11 10:22:22.024514
spindle motor temp,24.5,2025-07-11 10:22:22.024514
spindle motor crest,3.9,2025-07-11 10:22:22.024514
z-axis bearing v_rms,0.0,2025-07-11 10:22:22.024514
z-axis bearing a_peak,200,2025-07-11 10:22:22.024514
z-axis bearing a_rms,0,2025-07-11 10:22:22.024514
z-axis bearing temp,22.4,2025-07-11 10:22:22.024514
z-axis bearing crest,3.7,2025-07-11 10:22:22.024514
z-axis motor v_rms,0.0,2025-07-11 10:22:22.024514
z-axis motor a_peak,1000,2025-07-11 10:22:22.024514
z-axis motor a_rms,500,2025-07-11 10:22:22.024514
z-axis motor temp,25.4,2025-07-11 10:22:22.024514
z-axis motor crest,1.9,2025-07-11 10:22:22.024514
y-axis bearing v_rms,0.0,2025-07-11 10:22:22.024514
y-axis bearing a_peak,200,2025-07-11 10:22:22.024514
y-axis bearing a_rms,0,2025-07-11 10:22:22.024514
y-axis bearing temp,21.3,2025-07-11 10:22:22.024514
y-axis bearing crest,3.9,2025-07-11 10:22:22.024514
y-axis motor v_rms,0.0,2025-07-11 10:22:22.024514
y-axis motor a_peak,800,2025-07-11 10:22:22.024514
y-axis motor a_rms,400,2025-07-11 10:22:22.024514
y-axis motor temp,24.1,2025-07-11 10:22:22.024514
y-axis motor crest,1.9,2025-07-11 10:22:22.024514
x-axis motor v_rms,0.0,2025-07-11 10:22:22.024514
x-axis motor a_peak,200,2025-07-11 10:22:22.024514
x-axis motor a_rms,0,2025-07-11 10:22:22.024514
x-axis motor temp,21.3,2025-07-11 10:22:22.024514
x-axis motor crest,4.0,2025-07-11 10:22:22.024514
voltage,132.73333333333335,2025-07-11 10:22:22.024514
current,3.626666666666667,2025-07-11 10:22:22.024514
active power,396.6666666666667,2025-07-11 10:22:22.024514
forward kWh,16.218,2025-07-11 10:22:22.024514
reverse kWh,0.3606666666666667,2025-07-11 10:22:22.024514
frequency,59.98,2025-07-11 10:22:22.024514
power factor,0.7799999999999999,2025-07-11 10:22:22.024514
featureId,NONE,2025-07-11 10:22:23.024810
partKindId,NONE,2025-07-11 10:22:23.024810
processKindId,NONE,2025-07-11 10:22:23.024810
A_Axis_Load,16,2025-07-11 10:22:23.024810
A_Position,0.000167897837982586,2025-07-11 10:22:23.024810
C_Axis_Load,45,2025-07-11 10:22:23.024810
C_Position,30.0005,2025-07-11 10:22:23.024810
Machine_Time,2590490.28,2025-07-11 10:22:23.024810
Spindle_Time,690508.343999999,2025-07-11 10:22:23.024810
Feed_Override,100,2025-07-11 10:22:23.024810
Feed_Rate,0,2025-07-11 10:22:23.024810
Program_Runtime_Seconds,10,2025-07-11 10:22:23.024810
Rapid_Override,100,2025-07-11 10:22:23.024810
Rapid_Speed,0,2025-07-11 10:22:23.024810
S_Axis_Load,0,2025-07-11 10:22:23.024810
Spindle_Override,100,2025-07-11 10:22:23.024810
Spindle_Speed,0,2025-07-11 10:22:23.024810
X_Axis_Load,2,2025-07-11 10:22:23.024810
X_Position,415.76750021304,2025-07-11 10:22:23.024810
Y_Axis_Load,3,2025-07-11 10:22:23.024810
Y_Position,491.650001896484,2025-07-11 10:22:23.024810
Z_Axis_Load,36,2025-07-11 10:22:23.024810
Z_Position,-244.750002025558,2025-07-11 10:22:23.024810
COR_Status,1,2025-07-11 10:22:23.024810
Controller_Mode,AUTO,2025-07-11 10:22:23.024810
EStop_State,ARMED,2025-07-11 10:22:23.024810
Machine_Mode,4,2025-07-11 10:22:23.024810
Block_Number,638,2025-07-11 10:22:23.024810
Current_Tool,21,2025-07-11 10:22:23.024810
Part_Count,3,2025-07-11 10:22:23.024810
Program_Name_Running,000454_D_A_PROGRAM_2.NC,2025-07-11 10:22:23.024810
spindle motor v_rms,0.0,2025-07-11 10:22:23.024810
spindle motor a_peak,200,2025-07-11 10:22:23.024810
spindle motor a_rms,100,2025-07-11 10:22:23.024810
spindle motor temp,24.5,2025-07-11 10:22:23.024810
spindle motor crest,3.8,2025-07-11 10:22:23.024810
z-axis bearing v_rms,0.0,2025-07-11 10:22:23.024810
z-axis bearing a_peak,200,2025-07-11 10:22:23.024810
z-axis bearing a_rms,0,2025-07-11 10:22:23.024810
z-axis bearing temp,22.4,2025-07-11 10:22:23.024810
z-axis bearing crest,3.8,2025-07-11 10:22:23.024810
z-axis motor v_rms,0.0,2025-07-11 10:22:23.024810
z-axis motor a_peak,1000,2025-07-11 10:22:23.024810
z-axis motor a_rms,500,2025-07-11 10:22:23.024810
z-axis motor temp,25.4,2025-07-11 10:22:23.024810
z-axis motor crest,1.9,2025-07-11 10:22:23.024810
y-axis bearing v_rms,0.0,2025-07-11 10:22:23.024810
y-axis bearing a_peak,200,2025-07-11 10:22:23.024810
y-axis bearing a_rms,0,2025-07-11 10:22:23.024810
y-axis bearing temp,21.3,2025-07-11 10:22:23.024810
y-axis bearing crest,4.1,2025-07-11 10:22:23.024810
y-axis motor v_rms,0.0,2025-07-11 10:22:23.024810
y-axis motor a_peak,800,2025-07-11 10:22:23.024810
y-axis motor a_rms,400,2025-07-11 10:22:23.024810
y-axis motor temp,24.1,2025-07-11 10:22:23.024810
y-axis motor crest,1.9,2025-07-11 10:22:23.024810
x-axis motor v_rms,0.0,2025-07-11 10:22:23.024810
x-axis motor a_peak,200,2025-07-11 10:22:23.024810
x-axis motor a_rms,0,2025-07-11 10:22:23.024810
x-axis motor temp,21.3,2025-07-11 10:22:23.024810
x-axis motor crest,4.2,2025-07-11 10:22:23.024810
voltage,132.66666666666666,2025-07-11 10:22:23.024810
current,3.6333333333333333,2025-07-11 10:22:23.024810
active power,394.0,2025-07-11 10:22:23.024810
forward kWh,16.218,2025-07-11 10:22:23.024810
reverse kWh,0.3606666666666667,2025-07-11 10:22:23.024810
frequency,59.98,2025-07-11 10:22:23.024810
power factor,0.7766666666666667,2025-07-11 10:22:23.024810
featureId,NONE,2025-07-11 10:22:24.024962
partKindId,NONE,2025-07-11 10:22:24.024962
processKindId,NONE,2025-07-11 10:22:24.024962
A_Axis_Load,16,2025-07-11 10:22:24.024962
A_Position,0.000167897837982586,2025-07-11 10:22:24.024962
C_Axis_Load,45,2025-07-11 10:22:24.024962
C_Position,30.0005,2025-07-11 10:22:24.024962
Machine_Time,2590490.28,2025-07-11 10:22:24.024962
Spindle_Time,690508.343999999,2025-07-11 10:22:24.024962
Feed_Override,100,2025-07-11 10:22:24.024962
Feed_Rate,0,2025-07-11 10:22:24.024962
Program_Runtime_Seconds,10,2025-07-11 10:22:24.024962
Rapid_Override,100,2025-07-11 10:22:24.024962
Rapid_Speed,0,2025-07-11 10:22:24.024962
S_Axis_Load,0,2025-07-11 10:22:24.024962
Spindle_Override,100,2025-07-11 10:22:24.024962
Spindle_Speed,0,2025-07-11 10:22:24.024962
X_Axis_Load,3,2025-07-11 10:22:24.024962
X_Position,415.76750021304,2025-07-11 10:22:24.024962
Y_Axis_Load,3,2025-07-11 10:22:24.024962
Y_Position,491.650001896484,2025-07-11 10:22:24.024962
Z_Axis_Load,37,2025-07-11 10:22:24.024962
Z_Position,-244.749990582039,2025-07-11 10:22:24.024962
COR_Status,1,2025-07-11 10:22:24.024962
Controller_Mode,AUTO,2025-07-11 10:22:24.024962
EStop_State,ARMED,2025-07-11 10:22:24.024962
Machine_Mode,4,2025-07-11 10:22:24.024962
Block_Number,638,2025-07-11 10:22:24.024962
Current_Tool,21,2025-07-11 10:22:24.024962
Part_Count,3,2025-07-11 10:22:24.024962
Program_Name_Running,000454_D_A_PROGRAM_2.NC,2025-07-11 10:22:24.024962
spindle motor v_rms,0.0,2025-07-11 10:22:24.024962
spindle motor a_peak,200,2025-07-11 10:22:24.024962
spindle motor a_rms,100,2025-07-11 10:22:24.024962
spindle motor temp,24.5,2025-07-11 10:22:24.024962
spindle motor crest,3.9,2025-07-11 10:22:24.024962
z-axis bearing v_rms,0.0,2025-07-11 10:22:24.024962
z-axis bearing a_peak,200,2025-07-11 10:22:24.024962
z-axis bearing a_rms,0,2025-07-11 10:22:24.024962
z-axis bearing temp,22.4,2025-07-11 10:22:24.024962
z-axis bearing crest,4.0,2025-07-11 10:22:24.024962
z-axis motor v_rms,0.0,2025-07-11 10:22:24.024962
z-axis motor a_peak,1000,2025-07-11 10:22:24.024962
z-axis motor a_rms,500,2025-07-11 10:22:24.024962
z-axis motor temp,25.4,2025-07-11 10:22:24.024962
z-axis motor crest,1.9,2025-07-11 10:22:24.024962
y-axis bearing v_rms,0.0,2025-07-11 10:22:24.024962
y-axis bearing a_peak,200,2025-07-11 10:22:24.024962
y-axis bearing a_rms,0,2025-07-11 10:22:24.024962
y-axis bearing temp,21.3,2025-07-11 10:22:24.024962
y-axis bearing crest,3.9,2025-07-11 10:22:24.024962
y-axis motor v_rms,0.0,2025-07-11 10:22:24.024962
y-axis motor a_peak,700,2025-07-11 10:22:24.024962
y-axis motor a_rms,400,2025-07-11 10:22:24.024962
y-axis motor temp,24.1,2025-07-11 10:22:24.024962
y-axis motor crest,1.8,2025-07-11 10:22:24.024962
x-axis motor v_rms,0.0,2025-07-11 10:22:24.024962
x-axis motor a_peak,200,2025-07-11 10:22:24.024962
x-axis motor a_rms,0,2025-07-11 10:22:24.024962
x-axis motor temp,21.3,2025-07-11 10:22:24.024962
x-axis motor crest,4.1,2025-07-11 10:22:24.024962
voltage,132.63333333333333,2025-07-11 10:22:24.024962
current,3.6666666666666665,2025-07-11 10:22:24.024962
active power,400.3333333333333,2025-07-11 10:22:24.024962
forward kWh,16.218,2025-07-11 10:22:24.024962
reverse kWh,0.3606666666666667,2025-07-11 10:22:24.024962
frequency,59.98,2025-07-11 10:22:24.024962
power factor,0.7799999999999999,2025-07-11 10:22:24.024962
featureId,NONE,2025-07-11 10:22:25.025173
partKindId,NONE,2025-07-11 10:22:25.025173
processKindId,NONE,2025-07-11 10:22:25.025173
A_Axis_Load,16,2025-07-11 10:22:25.025173
A_Position,0.000167897837982586,2025-07-11 10:22:25.025173
C_Axis_Load,45,2025-07-11 10:22:25.025173
C_Position,30.0005,2025-07-11 10:22:25.025173
Machine_Time,2590490.28,2025-07-11 10:22:25.025173
Spindle_Time,690508.343999999,2025-07-11 10:22:25.025173
Feed_Override,100,2025-07-11 10:22:25.025173
Feed_Rate,0,2025-07-11 10:22:25.025173
Program_Runtime_Seconds,10,2025-07-11 10:22:25.025173
Rapid_Override,100,2025-07-11 10:22:25.025173
Rapid_Speed,0,2025-07-11 10:22:25.025173
S_Axis_Load,0,2025-07-11 10:22:25.025173
Spindle_Override,100,2025-07-11 10:22:25.025173
Spindle_Speed,0,2025-07-11 10:22:25.025173
X_Axis_Load,2,2025-07-11 10:22:25.025173
X_Position,415.76750021304,2025-07-11 10:22:25.025173
Y_Axis_Load,3,2025-07-11 10:22:25.025173
Y_Position,491.650001896484,2025-07-11 10:22:25.025173
Z_Axis_Load,37,2025-07-11 10:22:25.025173
Z_Position,-244.750002025558,2025-07-11 10:22:25.025173
COR_Status,1,2025-07-11 10:22:25.025173
Controller_Mode,AUTO,2025-07-11 10:22:25.025173
EStop_State,ARMED,2025-07-11 10:22:25.025173
Machine_Mode,4,2025-07-11 10:22:25.025173
Block_Number,638,2025-07-11 10:22:25.025173
Current_Tool,21,2025-07-11 10:22:25.025173
Part_Count,3,2025-07-11 10:22:25.025173
Program_Name_Running,000454_D_A_PROGRAM_2.NC,2025-07-11 10:22:25.025173
spindle motor v_rms,0.0,2025-07-11 10:22:25.025173
spindle motor a_peak,300,2025-07-11 10:22:25.025173
spindle motor a_rms,100,2025-07-11 10:22:25.025173
spindle motor temp,24.5,2025-07-11 10:22:25.025173
spindle motor crest,4.2,2025-07-11 10:22:25.025173
z-axis bearing v_rms,0.0,2025-07-11 10:22:25.025173
z-axis bearing a_peak,200,2025-07-11 10:22:25.025173
z-axis bearing a_rms,0,2025-07-11 10:22:25.025173
z-axis bearing temp,22.4,2025-07-11 10:22:25.025173
z-axis bearing crest,3.7,2025-07-11 10:22:25.025173
z-axis motor v_rms,0.0,2025-07-11 10:22:25.025173
z-axis motor a_peak,1000,2025-07-11 10:22:25.025173
z-axis motor a_rms,500,2025-07-11 10:22:25.025173
z-axis motor temp,25.4,2025-07-11 10:22:25.025173
z-axis motor crest,1.9,2025-07-11 10:22:25.025173
y-axis bearing v_rms,0.0,2025-07-11 10:22:25.025173
y-axis bearing a_peak,200,2025-07-11 10:22:25.025173
y-axis bearing a_rms,0,2025-07-11 10:22:25.025173
y-axis bearing temp,21.3,2025-07-11 10:22:25.025173
y-axis bearing crest,3.9,2025-07-11 10:22:25.025173
y-axis motor v_rms,0.0,2025-07-11 10:22:25.025173
y-axis motor a_peak,800,2025-07-11 10:22:25.025173
y-axis motor a_rms,400,2025-07-11 10:22:25.025173
y-axis motor temp,24.2,2025-07-11 10:22:25.025173
y-axis motor crest,1.8,2025-07-11 10:22:25.025173
x-axis motor v_rms,0.0,2025-07-11 10:22:25.025173
x-axis motor a_peak,200,2025-07-11 10:22:25.025173
x-axis motor a_rms,0,2025-07-11 10:22:25.025173
x-axis motor temp,21.3,2025-07-11 10:22:25.025173
x-axis motor crest,3.8,2025-07-11 10:22:25.025173
voltage,132.70000000000002,2025-07-11 10:22:25.025173
current,3.643333333333334,2025-07-11 10:22:25.025173
active power,396.6666666666667,2025-07-11 10:22:25.025173
forward kWh,16.218,2025-07-11 10:22:25.025173
reverse kWh,0.3606666666666667,2025-07-11 10:22:25.025173
frequency,59.98,2025-07-11 10:22:25.025173
power factor,0.7766666666666667,2025-07-11 10:22:25.025173
featureId,NONE,2025-07-11 10:22:26.025386
partKindId,NONE,2025-07-11 10:22:26.025386
processKindId,NONE,2025-07-11 10:22:26.025386
A_Axis_Load,16,2025-07-11 10:22:26.025386
A_Position,0.000167897837982586,2025-07-11 10:22:26.025386
C_Axis_Load,45,2025-07-11 10:22:26.025386
C_Position,30.0005,2025-07-11 10:22:26.025386
Machine_Time,2590490.28,2025-07-11 10:22:26.025386
Spindle_Time,690508.343999999,2025-07-11 10:22:26.025386
Feed_Override,100,2025-07-11 10:22:26.025386
Feed_Rate,0,2025-07-11 10:22:26.025386
Program_Runtime_Seconds,10,2025-07-11 10:22:26.025386
Rapid_Override,100,2025-07-11 10:22:26.025386
Rapid_Speed,0,2025-07-11 10:22:26.025386
S_Axis_Load,0,2025-07-11 10:22:26.025386
Spindle_Override,100,2025-07-11 10:22:26.025386
Spindle_Speed,0,2025-07-11 10:22:26.025386
X_Axis_Load,3,2025-07-11 10:22:26.025386
X_Position,415.76750021304,2025-07-11 10:22:26.025386
Y_Axis_Load,3,2025-07-11 10:22:26.025386
Y_Position,491.650001896484,2025-07-11 10:22:26.025386
Z_Axis_Load,37,2025-07-11 10:22:26.025386
Z_Position,-244.750002025558,2025-07-11 10:22:26.025386
COR_Status,1,2025-07-11 10:22:26.025386
Controller_Mode,AUTO,2025-07-11 10:22:26.025386
EStop_State,ARMED,2025-07-11 10:22:26.025386
Machine_Mode,4,2025-07-11 10:22:26.025386
Block_Number,638,2025-07-11 10:22:26.025386
Current_Tool,21,2025-07-11 10:22:26.025386
Part_Count,3,2025-07-11 10:22:26.025386
Program_Name_Running,000454_D_A_PROGRAM_2.NC,2025-07-11 10:22:26.025386
spindle motor v_rms,0.0,2025-07-11 10:22:26.025386
spindle motor a_peak,200,2025-07-11 10:22:26.025386
spindle motor a_rms,100,2025-07-11 10:22:26.025386
spindle motor temp,24.5,2025-07-11 10:22:26.025386
spindle motor crest,3.6,2025-07-11 10:22:26.025386
z-axis bearing v_rms,0.0,2025-07-11 10:22:26.025386
z-axis bearing a_peak,200,2025-07-11 10:22:26.025386
z-axis bearing a_rms,0,2025-07-11 10:22:26.025386
z-axis bearing temp,22.4,2025-07-11 10:22:26.025386
z-axis bearing crest,4.1,2025-07-11 10:22:26.025386
z-axis motor v_rms,0.0,2025-07-11 10:22:26.025386
z-axis motor a_peak,1000,2025-07-11 10:22:26.025386
z-axis motor a_rms,500,2025-07-11 10:22:26.025386
z-axis motor temp,25.4,2025-07-11 10:22:26.025386
z-axis motor crest,2.0,2025-07-11 10:22:26.025386
y-axis bearing v_rms,0.0,2025-07-11 10:22:26.025386
y-axis bearing a_peak,200,2025-07-11 10:22:26.025386
y-axis bearing a_rms,0,2025-07-11 10:22:26.025386
y-axis bearing temp,21.3,2025-07-11 10:22:26.025386
y-axis bearing crest,3.7,2025-07-11 10:22:26.025386
y-axis motor v_rms,0.0,2025-07-11 10:22:26.025386
y-axis motor a_peak,800,2025-07-11 10:22:26.025386
y-axis motor a_rms,400,2025-07-11 10:22:26.025386
y-axis motor temp,24.2,2025-07-11 10:22:26.025386
y-axis motor crest,2.0,2025-07-11 10:22:26.025386
x-axis motor v_rms,0.0,2025-07-11 10:22:26.025386
x-axis motor a_peak,200,2025-07-11 10:22:26.025386
x-axis motor a_rms,0,2025-07-11 10:22:26.025386
x-axis motor temp,21.3,2025-07-11 10:22:26.025386
x-axis motor crest,4.2,2025-07-11 10:22:26.025386
voltage,132.73333333333335,2025-07-11 10:22:26.025386
current,3.633333333333333,2025-07-11 10:22:26.025386
active power,396.0,2025-07-11 10:22:26.025386
forward kWh,16.218333333333334,2025-07-11 10:22:26.025386
reverse kWh,0.3606666666666667,2025-07-11 10:22:26.025386
frequency,59.98,2025-07-11 10:22:26.025386
power factor,0.7799999999999999,2025-07-11 10:22:26.025386
featureId,NONE,2025-07-11 10:22:27.025597
partKindId,NONE,2025-07-11 10:22:27.025597
processKindId,NONE,2025-07-11 10:22:27.025597
A_Axis_Load,16,2025-07-11 10:22:27.025597
A_Position,0.000167897837982586,2025-07-11 10:22:27.025597
C_Axis_Load,45,2025-07-11 10:22:27.025597
C_Position,30.0005,2025-07-11 10:22:27.025597
Machine_Time,2590490.28,2025-07-11 10:22:27.025597
Spindle_Time,690508.343999999,2025-07-11 10:22:27.025597
Feed_Override,100,2025-07-11 10:22:27.025597
Feed_Rate,0,2025-07-11 10:22:27.025597
Program_Runtime_Seconds,10,2025-07-11 10:22:27.025597
Rapid_Override,100,2025-07-11 10:22:27.025597
Rapid_Speed,0,2025-07-11 10:22:27.025597
S_Axis_Load,0,2025-07-11 10:22:27.025597
Spindle_Override,100,2025-07-11 10:22:27.025597
Spindle_Speed,0,2025-07-11 10:22:27.025597
X_Axis_Load,2,2025-07-11 10:22:27.025597
X_Position,415.76750021304,2025-07-11 10:22:27.025597
Y_Axis_Load,3,2025-07-11 10:22:27.025597
Y_Position,491.650001896484,2025-07-11 10:22:27.025597
Z_Axis_Load,37,2025-07-11 10:22:27.025597
Z_Position,-244.750002025558,2025-07-11 10:22:27.025597
COR_Status,1,2025-07-11 10:22:27.025597
Controller_Mode,AUTO,2025-07-11 10:22:27.025597
EStop_State,ARMED,2025-07-11 10:22:27.025597
Machine_Mode,4,2025-07-11 10:22:27.025597
Block_Number,638,2025-07-11 10:22:27.025597
Current_Tool,21,2025-07-11 10:22:27.025597
Part_Count,3,2025-07-11 10:22:27.025597
Program_Name_Running,000454_D_A_PROGRAM_2.NC,2025-07-11 10:22:27.025597
spindle motor v_rms,0.0,2025-07-11 10:22:27.025597
spindle motor a_peak,200,2025-07-11 10:22:27.025597
spindle motor a_rms,100,2025-07-11 10:22:27.025597
spindle motor temp,24.5,2025-07-11 10:22:27.025597
spindle motor crest,3.9,2025-07-11 10:22:27.025597
z-axis bearing v_rms,0.0,2025-07-11 10:22:27.025597
z-axis bearing a_peak,200,2025-07-11 10:22:27.025597
z-axis bearing a_rms,0,2025-07-11 10:22:27.025597
z-axis bearing temp,22.4,2025-07-11 10:22:27.025597
z-axis bearing crest,4.3,2025-07-11 10:22:27.025597
z-axis motor v_rms,0.0,2025-07-11 10:22:27.025597
z-axis motor a_peak,1000,2025-07-11 10:22:27.025597
z-axis motor a_rms,500,2025-07-11 10:22:27.025597
z-axis motor temp,25.4,2025-07-11 10:22:27.025597
z-axis motor crest,2.0,2025-07-11 10:22:27.025597
y-axis bearing v_rms,0.0,2025-07-11 10:22:27.025597
y-axis bearing a_peak,200,2025-07-11 10:22:27.025597
y-axis bearing a_rms,0,2025-07-11 10:22:27.025597
y-axis bearing temp,21.3,2025-07-11 10:22:27.025597
y-axis bearing crest,4.1,2025-07-11 10:22:27.025597
y-axis motor v_rms,0.0,2025-07-11 10:22:27.025597
y-axis motor a_peak,800,2025-07-11 10:22:27.025597
y-axis motor a_rms,400,2025-07-11 10:22:27.025597
y-axis motor temp,24.2,2025-07-11 10:22:27.025597
y-axis motor crest,1.9,2025-07-11 10:22:27.025597
x-axis motor v_rms,0.0,2025-07-11 10:22:27.025597
x-axis motor a_peak,200,2025-07-11 10:22:27.025597
x-axis motor a_rms,0,2025-07-11 10:22:27.025597
x-axis motor temp,21.3,2025-07-11 10:22:27.025597
x-axis motor crest,4.0,2025-07-11 10:22:27.025597
voltage,132.73333333333335,2025-07-11 10:22:27.025597
current,3.653333333333333,2025-07-11 10:22:27.025597
active power,398.3333333333333,2025-07-11 10:22:27.025597
forward kWh,16.218666666666667,2025-07-11 10:22:27.025597
reverse kWh,0.3606666666666667,2025-07-11 10:22:27.025597
frequency,59.98,2025-07-11 10:22:27.025597
power factor,0.7766666666666667,2025-07-11 10:22:27.025597
featureId,NONE,2025-07-11 10:22:28.025747
partKindId,NONE,2025-07-11 10:22:28.025747
processKindId,NONE,2025-07-11 10:22:28.025747
A_Axis_Load,16,2025-07-11 10:22:28.025747
A_Position,0.000167897837982586,2025-07-11 10:22:28.025747
C_Axis_Load,45,2025-07-11 10:22:28.025747
C_Position,30.0005,2025-07-11 10:22:28.025747
Machine_Time,2590490.28,2025-07-11 10:22:28.025747
Spindle_Time,690508.343999999,2025-07-11 10:22:28.025747
Feed_Override,100,2025-07-11 10:22:28.025747
Feed_Rate,0,2025-07-11 10:22:28.025747
Program_Runtime_Seconds,0,2025-07-11 10:22:28.025747
Rapid_Override,100,2025-07-11 10:22:28.025747
Rapid_Speed,0,2025-07-11 10:22:28.025747
S_Axis_Load,0,2025-07-11 10:22:28.025747
Spindle_Override,100,2025-07-11 10:22:28.025747
Spindle_Speed,0,2025-07-11 10:22:28.025747
X_Axis_Load,3,2025-07-11 10:22:28.025747
X_Position,415.76750021304,2025-07-11 10:22:28.025747
Y_Axis_Load,3,2025-07-11 10:22:28.025747
Y_Position,491.649990452393,2025-07-11 10:22:28.025747
Z_Axis_Load,37,2025-07-11 10:22:28.025747
Z_Position,-244.750002025558,2025-07-11 10:22:28.025747
COR_Status,1,2025-07-11 10:22:28.025747
Controller_Mode,AUTO,2025-07-11 10:22:28.025747
EStop_State,ARMED,2025-07-11 10:22:28.025747
Machine_Mode,5,2025-07-11 10:22:28.025747
Block_Number,0,2025-07-11 10:22:28.025747
Current_Tool,21,2025-07-11 10:22:28.025747
Part_Count,3,2025-07-11 10:22:28.025747
Program_Name_Running,000454_D_A_PROGRAM_2.NC,2025-07-11 10:22:28.025747
spindle motor v_rms,0.0,2025-07-11 10:22:28.025747
spindle motor a_peak,200,2025-07-11 10:22:28.025747
spindle motor a_rms,100,2025-07-11 10:22:28.025747
spindle motor temp,24.5,2025-07-11 10:22:28.025747
spindle motor crest,3.6,2025-07-11 10:22:28.025747
z-axis bearing v_rms,0.0,2025-07-11 10:22:28.025747
z-axis bearing a_peak,200,2025-07-11 10:22:28.025747
z-axis bearing a_rms,0,2025-07-11 10:22:28.025747
z-axis bearing temp,22.4,2025-07-11 10:22:28.025747
z-axis bearing crest,3.9,2025-07-11 10:22:28.025747
z-axis motor v_rms,0.0,2025-07-11 10:22:28.025747
z-axis motor a_peak,1000,2025-07-11 10:22:28.025747
z-axis motor a_rms,500,2025-07-11 10:22:28.025747
z-axis motor temp,25.4,2025-07-11 10:22:28.025747
z-axis motor crest,2.0,2025-07-11 10:22:28.025747
y-axis bearing v_rms,0.0,2025-07-11 10:22:28.025747
y-axis bearing a_peak,200,2025-07-11 10:22:28.025747
y-axis bearing a_rms,0,2025-07-11 10:22:28.025747
y-axis bearing temp,21.3,2025-07-11 10:22:28.025747
y-axis bearing crest,4.2,2025-07-11 10:22:28.025747
y-axis motor v_rms,0.0,2025-07-11 10:22:28.025747
y-axis motor a_peak,700,2025-07-11 10:22:28.025747
y-axis motor a_rms,400,2025-07-11 10:22:28.025747
y-axis motor temp,24.2,2025-07-11 10:22:28.025747
y-axis motor crest,1.8,2025-07-11 10:22:28.025747
x-axis motor v_rms,0.0,2025-07-11 10:22:28.025747
x-axis motor a_peak,200,2025-07-11 10:22:28.025747
x-axis motor a_rms,0,2025-07-11 10:22:28.025747
x-axis motor temp,21.3,2025-07-11 10:22:28.025747
x-axis motor crest,4.1,2025-07-11 10:22:28.025747
voltage,132.66666666666666,2025-07-11 10:22:28.025747
current,3.6333333333333333,2025-07-11 10:22:28.025747
active power,395.0,2025-07-11 10:22:28.025747
forward kWh,16.218666666666667,2025-07-11 10:22:28.025747
reverse kWh,0.3606666666666667,2025-07-11 10:22:28.025747
frequency,59.98,2025-07-11 10:22:28.025747
power factor,0.7799999999999999,2025-07-11 10:22:28.025747
featureId,NONE,2025-07-11 10:22:29.025898
partKindId,NONE,2025-07-11 10:22:29.025898
processKindId,NONE,2025-07-11 10:22:29.025898
A_Axis_Load,16,2025-07-11 10:22:29.025898
A_Position,-0.000332225347943367,2025-07-11 10:22:29.025898
C_Axis_Load,45,2025-07-11 10:22:29.025898
C_Position,30.0005,2025-07-11 10:22:29.025898
Machine_Time,2590490.28,2025-07-11 10:22:29.025898
Spindle_Time,690508.343999999,2025-07-11 10:22:29.025898
Feed_Override,100,2025-07-11 10:22:29.025898
Feed_Rate,633.3333,2025-07-11 10:22:29.025898
Program_Runtime_Seconds,1,2025-07-11 10:22:29.025898
Rapid_Override,100,2025-07-11 10:22:29.025898
Rapid_Speed,0,2025-07-11 10:22:29.025898
S_Axis_Load,0,2025-07-11 10:22:29.025898
Spindle_Override,100,2025-07-11 10:22:29.025898
Spindle_Speed,0,2025-07-11 10:22:29.025898
X_Axis_Load,40,2025-07-11 10:22:29.025898
X_Position,225.918954108659,2025-07-11 10:22:29.025898
Y_Axis_Load,3,2025-07-11 10:22:29.025898
Y_Position,491.650001896484,2025-07-11 10:22:29.025898
Z_Axis_Load,37,2025-07-11 10:22:29.025898
Z_Position,-244.750013469078,2025-07-11 10:22:29.025898
COR_Status,1,2025-07-11 10:22:29.025898
Controller_Mode,AUTO,2025-07-11 10:22:29.025898
EStop_State,ARMED,2025-07-11 10:22:29.025898
Machine_Mode,5,2025-07-11 10:22:29.025898
Block_Number,10,2025-07-11 10:22:29.025898
Current_Tool,21,2025-07-11 10:22:29.025898
Part_Count,3,2025-07-11 10:22:29.025898
Program_Name_Running,000454_D_A_PROGRAM_2.NC,2025-07-11 10:22:29.025898
spindle motor v_rms,0.1,2025-07-11 10:22:29.025898
spindle motor a_peak,300,2025-07-11 10:22:29.025898
spindle motor a_rms,100,2025-07-11 10:22:29.025898
spindle motor temp,24.5,2025-07-11 10:22:29.025898
spindle motor crest,4.1,2025-07-11 10:22:29.025898
z-axis bearing v_rms,0.2,2025-07-11 10:22:29.025898
z-axis bearing a_peak,1600,2025-07-11 10:22:29.025898
z-axis bearing a_rms,400,2025-07-11 10:22:29.025898
z-axis bearing temp,22.4,2025-07-11 10:22:29.025898
z-axis bearing crest,3.7,2025-07-11 10:22:29.025898
z-axis motor v_rms,0.4,2025-07-11 10:22:29.025898
z-axis motor a_peak,1300,2025-07-11 10:22:29.025898
z-axis motor a_rms,500,2025-07-11 10:22:29.025898
z-axis motor temp,25.4,2025-07-11 10:22:29.025898
z-axis motor crest,2.5,2025-07-11 10:22:29.025898
y-axis bearing v_rms,0.2,2025-07-11 10:22:29.025898
y-axis bearing a_peak,3200,2025-07-11 10:22:29.025898
y-axis bearing a_rms,600,2025-07-11 10:22:29.025898
y-axis bearing temp,21.3,2025-07-11 10:22:29.025898
y-axis bearing crest,5.1,2025-07-11 10:22:29.025898
y-axis motor v_rms,0.1,2025-07-11 10:22:29.025898
y-axis motor a_peak,2800,2025-07-11 10:22:29.025898
y-axis motor a_rms,700,2025-07-11 10:22:29.025898
y-axis motor temp,24.2,2025-07-11 10:22:29.025898
y-axis motor crest,4.1,2025-07-11 10:22:29.025898
x-axis motor v_rms,0.2,2025-07-11 10:22:29.025898
x-axis motor a_peak,7200,2025-07-11 10:22:29.025898
x-axis motor a_rms,500,2025-07-11 10:22:29.025898
x-axis motor temp,21.3,2025-07-11 10:22:29.025898
x-axis motor crest,15.5,2025-07-11 10:22:29.025898
voltage,132.63333333333333,2025-07-11 10:22:29.025898
current,3.6466666666666665,2025-07-11 10:22:29.025898
active power,397.6666666666667,2025-07-11 10:22:29.025898
forward kWh,16.218666666666667,2025-07-11 10:22:29.025898
reverse kWh,0.3606666666666667,2025-07-11 10:22:29.025898
frequency,59.98,2025-07-11 10:22:29.025898
power factor,0.7766666666666667,2025-07-11 10:22:29.025898
featureId,NONE,2025-07-11 10:22:30.026050
partKindId,NONE,2025-07-11 10:22:30.026050
processKindId,NONE,2025-07-11 10:22:30.026050
A_Axis_Load,16,2025-07-11 10:22:30.026050
A_Position,-0.000332225347943367,2025-07-11 10:22:30.026050
C_Axis_Load,45,2025-07-11 10:22:30.026050
C_Position,30.0005,2025-07-11 10:22:30.026050
Machine_Time,2590490.28,2025-07-11 10:22:30.026050
Spindle_Time,690508.343999999,2025-07-11 10:22:30.026050
Feed_Override,100,2025-07-11 10:22:30.026050
Feed_Rate,412.4667,2025-07-11 10:22:30.026050
Program_Runtime_Seconds,2,2025-07-11 10:22:30.026050
Rapid_Override,100,2025-07-11 10:22:30.026050
Rapid_Speed,0,2025-07-11 10:22:30.026050
S_Axis_Load,1,2025-07-11 10:22:30.026050
Spindle_Override,100,2025-07-11 10:22:30.026050
Spindle_Speed,248.8,2025-07-11 10:22:30.026050
X_Axis_Load,6,2025-07-11 10:22:30.026050
X_Position,32.4255855258421,2025-07-11 10:22:30.026050
Y_Axis_Load,3,2025-07-11 10:22:30.026050
Y_Position,491.650001896484,2025-07-11 10:22:30.026050
Z_Axis_Load,2,2025-07-11 10:22:30.026050
Z_Position,-103.920693506579,2025-07-11 10:22:30.026050
COR_Status,1,2025-07-11 10:22:30.026050
Controller_Mode,AUTO,2025-07-11 10:22:30.026050
EStop_State,ARMED,2025-07-11 10:22:30.026050
Machine_Mode,5,2025-07-11 10:22:30.026050
Block_Number,11,2025-07-11 10:22:30.026050
Current_Tool,21,2025-07-11 10:22:30.026050
Part_Count,3,2025-07-11 10:22:30.026050
Program_Name_Running,000454_D_A_PROGRAM_2.NC,2025-07-11 10:22:30.026050
spindle motor v_rms,0.1,2025-07-11 10:22:30.026050
spindle motor a_peak,8200,2025-07-11 10:22:30.026050
spindle motor a_rms,2200,2025-07-11 10:22:30.026050
spindle motor temp,24.5,2025-07-11 10:22:30.026050
spindle motor crest,3.8,2025-07-11 10:22:30.026050
z-axis bearing v_rms,0.1,2025-07-11 10:22:30.026050
z-axis bearing a_peak,26700,2025-07-11 10:22:30.026050
z-axis bearing a_rms,4100,2025-07-11 10:22:30.026050
z-axis bearing temp,22.4,2025-07-11 10:22:30.026050
z-axis bearing crest,6.6,2025-07-11 10:22:30.026050
z-axis motor v_rms,0.8,2025-07-11 10:22:30.026050
z-axis motor a_peak,48100,2025-07-11 10:22:30.026050
z-axis motor a_rms,8500,2025-07-11 10:22:30.026050
z-axis motor temp,25.4,2025-07-11 10:22:30.026050
z-axis motor crest,5.6,2025-07-11 10:22:30.026050
y-axis bearing v_rms,0.0,2025-07-11 10:22:30.026050
y-axis bearing a_peak,1300,2025-07-11 10:22:30.026050
y-axis bearing a_rms,200,2025-07-11 10:22:30.026050
y-axis bearing temp,21.3,2025-07-11 10:22:30.026050
y-axis bearing crest,6.9,2025-07-11 10:22:30.026050
y-axis motor v_rms,0.1,2025-07-11 10:22:30.026050
y-axis motor a_peak,2400,2025-07-11 10:22:30.026050
y-axis motor a_rms,500,2025-07-11 10:22:30.026050
y-axis motor temp,24.2,2025-07-11 10:22:30.026050
y-axis motor crest,5.3,2025-07-11 10:22:30.026050
x-axis motor v_rms,0.0,2025-07-11 10:22:30.026050
x-axis motor a_peak,200,2025-07-11 10:22:30.026050
x-axis motor a_rms,0,2025-07-11 10:22:30.026050
x-axis motor temp,21.3,2025-07-11 10:22:30.026050
x-axis motor crest,4.9,2025-07-11 10:22:30.026050
voltage,132.1,2025-07-11 10:22:30.026050
current,11.910000000000002,2025-07-11 10:22:30.026050
active power,1200.3333333333333,2025-07-11 10:22:30.026050
forward kWh,16.218666666666667,2025-07-11 10:22:30.026050
reverse kWh,0.3606666666666667,2025-07-11 10:22:30.026050
frequency,59.98,2025-07-11 10:22:30.026050
power factor,0.59,2025-07-11 10:22:30.026050
featureId,NONE,2025-07-11 10:22:31.026201
partKindId,NONE,2025-07-11 10:22:31.026201
processKindId,NONE,2025-07-11 10:22:31.026201
A_Axis_Load,16,2025-07-11 10:22:31.026201
A_Position,-0.000332225347943367,2025-07-11 10:22:31.026201
C_Axis_Load,45,2025-07-11 10:22:31.026201
C_Position,30.0005,2025-07-11 10:22:31.026201
Machine_Time,2590490.28,2025-07-11 10:22:31.026201
Spindle_Time,690508.343999999,2025-07-11 10:22:31.026201
Feed_Override,100,2025-07-11 10:22:31.026201
Feed_Rate,0,2025-07-11 10:22:31.026201
Program_Runtime_Seconds,3,2025-07-11 10:22:31.026201
Rapid_Override,100,2025-07-11 10:22:31.026201
Rapid_Speed,0,2025-07-11 10:22:31.026201
S_Axis_Load,2,2025-07-11 10:22:31.026201
Spindle_Override,100,2025-07-11 10:22:31.026201
Spindle_Speed,0,2025-07-11 10:22:31.026201
X_Axis_Load,6,2025-07-11 10:22:31.026201
X_Position,32.4255969705485,2025-07-11 10:22:31.026201
Y_Axis_Load,3,2025-07-11 10:22:31.026201
Y_Position,491.649990452393,2025-07-11 10:22:31.026201
Z_Axis_Load,39,2025-07-11 10:22:31.026201
Z_Position,-99.8669982674121,2025-07-11 10:22:31.026201
COR_Status,1,2025-07-11 10:22:31.026201
Controller_Mode,AUTO,2025-07-11 10:22:31.026201
EStop_State,ARMED,2025-07-11 10:22:31.026201
Machine_Mode,5,2025-07-11 10:22:31.026201
Block_Number,11,2025-07-11 10:22:31.026201
Current_Tool,21,2025-07-11 10:22:31.026201
Part_Count,3,2025-07-11 10:22:31.026201
Program_Name_Running,000454_D_A_PROGRAM_2.NC,2025-07-11 10:22:31.026201
spindle motor v_rms,0.1,2025-07-11 10:22:31.026201
spindle motor a_peak,800,2025-07-11 10:22:31.026201
spindle motor a_rms,400,2025-07-11 10:22:31.026201
spindle motor temp,24.5,2025-07-11 10:22:31.026201
spindle motor crest,2.2,2025-07-11 10:22:31.026201
z-axis bearing v_rms,0.0,2025-07-11 10:22:31.026201
z-axis bearing a_peak,300,2025-07-11 10:22:31.026201
z-axis bearing a_rms,100,2025-07-11 10:22:31.026201
z-axis bearing temp,22.4,2025-07-11 10:22:31.026201
z-axis bearing crest,4.1,2025-07-11 10:22:31.026201
z-axis motor v_rms,0.1,2025-07-11 10:22:31.026201
z-axis motor a_peak,500,2025-07-11 10:22:31.026201
z-axis motor a_rms,100,2025-07-11 10:22:31.026201
z-axis motor temp,25.4,2025-07-11 10:22:31.026201
z-axis motor crest,3.7,2025-07-11 10:22:31.026201
y-axis bearing v_rms,0.0,2025-07-11 10:22:31.026201
y-axis bearing a_peak,300,2025-07-11 10:22:31.026201
y-axis bearing a_rms,100,2025-07-11 10:22:31.026201
y-axis bearing temp,21.3,2025-07-11 10:22:31.026201
y-axis bearing crest,4.8,2025-07-11 10:22:31.026201
y-axis motor v_rms,0.0,2025-07-11 10:22:31.026201
y-axis motor a_peak,900,2025-07-11 10:22:31.026201
y-axis motor a_rms,400,2025-07-11 10:22:31.026201
y-axis motor temp,24.2,2025-07-11 10:22:31.026201
y-axis motor crest,2.0,2025-07-11 10:22:31.026201
x-axis motor v_rms,0.0,2025-07-11 10:22:31.026201
x-axis motor a_peak,200,2025-07-11 10:22:31.026201
x-axis motor a_rms,0,2025-07-11 10:22:31.026201
x-axis motor temp,21.4,2025-07-11 10:22:31.026201
x-axis motor crest,3.7,2025-07-11 10:22:31.026201
voltage,132.20000000000002,2025-07-11 10:22:31.026201
current,13.36,2025-07-11 10:22:31.026201
active power,1226.3333333333333,2025-07-11 10:22:31.026201
forward kWh,16.219,2025-07-11 10:22:31.026201
reverse kWh,0.3606666666666667,2025-07-11 10:22:31.026201
frequency,59.98,2025-07-11 10:22:31.026201
power factor,0.4366666666666667,2025-07-11 10:22:31.026201
featureId,NONE,2025-07-11 10:22:32.026354
partKindId,NONE,2025-07-11 10:22:32.026354
processKindId,NONE,2025-07-11 10:22:32.026354
A_Axis_Load,16,2025-07-11 10:22:32.026354
A_Position,-0.000332225347943367,2025-07-11 10:22:32.026354
C_Axis_Load,45,2025-07-11 10:22:32.026354
C_Position,30.0005,2025-07-11 10:22:32.026354
Machine_Time,2590490.28,2025-07-11 10:22:32.026354
Spindle_Time,690508.343999999,2025-07-11 10:22:32.026354
Feed_Override,100,2025-07-11 10:22:32.026354
Feed_Rate,0,2025-07-11 10:22:32.026354
Program_Runtime_Seconds,4,2025-07-11 10:22:32.026354
Rapid_Override,100,2025-07-11 10:22:32.026354
Rapid_Speed,0,2025-07-11 10:22:32.026354
S_Axis_Load,0,2025-07-11 10:22:32.026354
Spindle_Override,100,2025-07-11 10:22:32.026354
Spindle_Speed,0,2025-07-11 10:22:32.026354
X_Axis_Load,6,2025-07-11 10:22:32.026354
X_Position,32.4255969705485,2025-07-11 10:22:32.026354
Y_Axis_Load,3,2025-07-11 10:22:32.026354
Y_Position,491.649990452393,2025-07-11 10:22:32.026354
Z_Axis_Load,39,2025-07-11 10:22:32.026354
Z_Position,-99.8669982674121,2025-07-11 10:22:32.026354
COR_Status,1,2025-07-11 10:22:32.026354
Controller_Mode,AUTO,2025-07-11 10:22:32.026354
EStop_State,ARMED,2025-07-11 10:22:32.026354
Machine_Mode,5,2025-07-11 10:22:32.026354
Block_Number,11,2025-07-11 10:22:32.026354
Current_Tool,21,2025-07-11 10:22:32.026354
Part_Count,3,2025-07-11 10:22:32.026354
Program_Name_Running,000454_D_A_PROGRAM_2.NC,2025-07-11 10:22:32.026354
spindle motor v_rms,0.1,2025-07-11 10:22:32.026354
spindle motor a_peak,800,2025-07-11 10:22:32.026354
spindle motor a_rms,400,2025-07-11 10:22:32.026354
spindle motor temp,24.5,2025-07-11 10:22:32.026354
spindle motor crest,2.2,2025-07-11 10:22:32.026354
z-axis bearing v_rms,0.1,2025-07-11 10:22:32.026354
z-axis bearing a_peak,400,2025-07-11 10:22:32.026354
z-axis bearing a_rms,100,2025-07-11 10:22:32.026354
z-axis bearing temp,22.4,2025-07-11 10:22:32.026354
z-axis bearing crest,5.2,2025-07-11 10:22:32.026354
z-axis motor v_rms,0.1,2025-07-11 10:22:32.026354
z-axis motor a_peak,400,2025-07-11 10:22:32.026354
z-axis motor a_rms,100,2025-07-11 10:22:32.026354
z-axis motor temp,25.4,2025-07-11 10:22:32.026354
z-axis motor crest,3.6,2025-07-11 10:22:32.026354
y-axis bearing v_rms,0.0,2025-07-11 10:22:32.026354
y-axis bearing a_peak,200,2025-07-11 10:22:32.026354
y-axis bearing a_rms,100,2025-07-11 10:22:32.026354
y-axis bearing temp,21.3,2025-07-11 10:22:32.026354
y-axis bearing crest,4.0,2025-07-11 10:22:32.026354
y-axis motor v_rms,0.0,2025-07-11 10:22:32.026354
y-axis motor a_peak,900,2025-07-11 10:22:32.026354
y-axis motor a_rms,400,2025-07-11 10:22:32.026354
y-axis motor temp,24.2,2025-07-11 10:22:32.026354
y-axis motor crest,2.2,2025-07-11 10:22:32.026354
x-axis motor v_rms,0.0,2025-07-11 10:22:32.026354
x-axis motor a_peak,200,2025-07-11 10:22:32.026354
x-axis motor a_rms,0,2025-07-11 10:22:32.026354
x-axis motor temp,21.4,2025-07-11 10:22:32.026354
x-axis motor crest,4.2,2025-07-11 10:22:32.026354
voltage,132.46666666666667,2025-07-11 10:22:32.026354
current,5.613333333333333,2025-07-11 10:22:32.026354
active power,625.6666666666666,2025-07-11 10:22:32.026354
forward kWh,16.219333333333335,2025-07-11 10:22:32.026354
reverse kWh,0.3606666666666667,2025-07-11 10:22:32.026354
frequency,59.98,2025-07-11 10:22:32.026354
power factor,0.8333333333333334,2025-07-11 10:22:32.026354
featureId,NONE,2025-07-11 10:22:33.026503
partKindId,NONE,2025-07-11 10:22:33.026503
processKindId,NONE,2025-07-11 10:22:33.026503
A_Axis_Load,16,2025-07-11 10:22:33.026503
A_Position,-0.000332225347943367,2025-07-11 10:22:33.026503
C_Axis_Load,45,2025-07-11 10:22:33.026503
C_Position,30.0005,2025-07-11 10:22:33.026503
Machine_Time,2590490.28,2025-07-11 10:22:33.026503
Spindle_Time,690508.343999999,2025-07-11 10:22:33.026503
Feed_Override,100,2025-07-11 10:22:33.026503
Feed_Rate,0,2025-07-11 10:22:33.026503
Program_Runtime_Seconds,5,2025-07-11 10:22:33.026503
Rapid_Override,100,2025-07-11 10:22:33.026503
Rapid_Speed,0,2025-07-11 10:22:33.026503
S_Axis_Load,0,2025-07-11 10:22:33.026503
Spindle_Override,100,2025-07-11 10:22:33.026503
Spindle_Speed,0,2025-07-11 10:22:33.026503
X_Axis_Load,6,2025-07-11 10:22:33.026503
X_Position,32.4255969705485,2025-07-11 10:22:33.026503
Y_Axis_Load,3,2025-07-11 10:22:33.026503
Y_Position,491.650001896484,2025-07-11 10:22:33.026503
Z_Axis_Load,39,2025-07-11 10:22:33.026503
Z_Position,-99.8669982674121,2025-07-11 10:22:33.026503
COR_Status,1,2025-07-11 10:22:33.026503
Controller_Mode,AUTO,2025-07-11 10:22:33.026503
EStop_State,ARMED,2025-07-11 10:22:33.026503
Machine_Mode,5,2025-07-11 10:22:33.026503
Block_Number,11,2025-07-11 10:22:33.026503
Current_Tool,21,2025-07-11 10:22:33.026503
Part_Count,3,2025-07-11 10:22:33.026503
Program_Name_Running,000454_D_A_PROGRAM_2.NC,2025-07-11 10:22:33.026503
spindle motor v_rms,0.1,2025-07-11 10:22:33.026503
spindle motor a_peak,800,2025-07-11 10:22:33.026503
spindle motor a_rms,400,2025-07-11 10:22:33.026503
spindle motor temp,24.6,2025-07-11 10:22:33.026503
spindle motor crest,2.3,2025-07-11 10:22:33.026503
z-axis bearing v_rms,0.0,2025-07-11 10:22:33.026503
z-axis bearing a_peak,300,2025-07-11 10:22:33.026503
z-axis bearing a_rms,100,2025-07-11 10:22:33.026503
z-axis bearing temp,22.4,2025-07-11 10:22:33.026503
z-axis bearing crest,4.1,2025-07-11 10:22:33.026503
z-axis motor v_rms,0.1,2025-07-11 10:22:33.026503
z-axis motor a_peak,500,2025-07-11 10:22:33.026503
z-axis motor a_rms,100,2025-07-11 10:22:33.026503
z-axis motor temp,25.4,2025-07-11 10:22:33.026503
z-axis motor crest,3.9,2025-07-11 10:22:33.026503
y-axis bearing v_rms,0.0,2025-07-11 10:22:33.026503
y-axis bearing a_peak,200,2025-07-11 10:22:33.026503
y-axis bearing a_rms,100,2025-07-11 10:22:33.026503
y-axis bearing temp,21.3,2025-07-11 10:22:33.026503
y-axis bearing crest,4.1,2025-07-11 10:22:33.026503
y-axis motor v_rms,0.0,2025-07-11 10:22:33.026503
y-axis motor a_peak,900,2025-07-11 10:22:33.026503
y-axis motor a_rms,400,2025-07-11 10:22:33.026503
y-axis motor temp,24.2,2025-07-11 10:22:33.026503
y-axis motor crest,2.2,2025-07-11 10:22:33.026503
x-axis motor v_rms,0.0,2025-07-11 10:22:33.026503
x-axis motor a_peak,200,2025-07-11 10:22:33.026503
x-axis motor a_rms,0,2025-07-11 10:22:33.026503
x-axis motor temp,21.4,2025-07-11 10:22:33.026503
x-axis motor crest,3.8,2025-07-11 10:22:33.026503
voltage,132.46666666666667,2025-07-11 10:22:33.026503
current,5.663333333333334,2025-07-11 10:22:33.026503
active power,633.0,2025-07-11 10:22:33.026503
forward kWh,16.22,2025-07-11 10:22:33.026503
reverse kWh,0.3606666666666667,2025-07-11 10:22:33.026503
frequency,59.98,2025-07-11 10:22:33.026503
power factor,0.83,2025-07-11 10:22:33.026503
featureId,NONE,2025-07-11 10:22:34.026657
partKindId,NONE,2025-07-11 10:22:34.026657
processKindId,NONE,2025-07-11 10:22:34.026657
A_Axis_Load,16,2025-07-11 10:22:34.026657
A_Position,-0.000332225347943367,2025-07-11 10:22:34.026657
C_Axis_Load,45,2025-07-11 10:22:34.026657
C_Position,30.0005,2025-07-11 10:22:34.026657
Machine_Time,2590490.28,2025-07-11 10:22:34.026657
Spindle_Time,690508.343999999,2025-07-11 10:22:34.026657
Feed_Override,100,2025-07-11 10:22:34.026657
Feed_Rate,0,2025-07-11 10:22:34.026657
Program_Runtime_Seconds,6,2025-07-11 10:22:34.026657
Rapid_Override,100,2025-07-11 10:22:34.026657
Rapid_Speed,0,2025-07-11 10:22:34.026657
S_Axis_Load,1,2025-07-11 10:22:34.026657
Spindle_Override,100,2025-07-11 10:22:34.026657
Spindle_Speed,0,2025-07-11 10:22:34.026657
X_Axis_Load,6,2025-07-11 10:22:34.026657
X_Position,32.4255969705485,2025-07-11 10:22:34.026657
Y_Axis_Load,3,2025-07-11 10:22:34.026657
Y_Position,491.650001896484,2025-07-11 10:22:34.026657
Z_Axis_Load,39,2025-07-11 10:22:34.026657
Z_Position,-99.8670097108772,2025-07-11 10:22:34.026657
COR_Status,1,2025-07-11 10:22:34.026657
Controller_Mode,AUTO,2025-07-11 10:22:34.026657
EStop_State,ARMED,2025-07-11 10:22:34.026657
Machine_Mode,5,2025-07-11 10:22:34.026657
Block_Number,11,2025-07-11 10:22:34.026657
Current_Tool,21,2025-07-11 10:22:34.026657
Part_Count,3,2025-07-11 10:22:34.026657
Program_Name_Running,000454_D_A_PROGRAM_2.NC,2025-07-11 10:22:34.026657
spindle motor v_rms,0.1,2025-07-11 10:22:34.026657
spindle motor a_peak,800,2025-07-11 10:22:34.026657
spindle motor a_rms,300,2025-07-11 10:22:34.026657
spindle motor temp,24.6,2025-07-11 10:22:34.026657
spindle motor crest,2.3,2025-07-11 10:22:34.026657
z-axis bearing v_rms,0.0,2025-07-11 10:22:34.026657
z-axis bearing a_peak,400,2025-07-11 10:22:34.026657
z-axis bearing a_rms,100,2025-07-11 10:22:34.026657
z-axis bearing temp,22.4,2025-07-11 10:22:34.026657
z-axis bearing crest,5.7,2025-07-11 10:22:34.026657
z-axis motor v_rms,0.1,2025-07-11 10:22:34.026657
z-axis motor a_peak,500,2025-07-11 10:22:34.026657
z-axis motor a_rms,100,2025-07-11 10:22:34.026657
z-axis motor temp,25.4,2025-07-11 10:22:34.026657
z-axis motor crest,3.7,2025-07-11 10:22:34.026657
y-axis bearing v_rms,0.0,2025-07-11 10:22:34.026657
y-axis bearing a_peak,200,2025-07-11 10:22:34.026657
y-axis bearing a_rms,100,2025-07-11 10:22:34.026657
y-axis bearing temp,21.3,2025-07-11 10:22:34.026657
y-axis bearing crest,3.9,2025-07-11 10:22:34.026657
y-axis motor v_rms,0.1,2025-07-11 10:22:34.026657
y-axis motor a_peak,1000,2025-07-11 10:22:34.026657
y-axis motor a_rms,400,2025-07-11 10:22:34.026657
y-axis motor temp,24.2,2025-07-11 10:22:34.026657
y-axis motor crest,2.3,2025-07-11 10:22:34.026657
x-axis motor v_rms,0.0,2025-07-11 10:22:34.026657
x-axis motor a_peak,200,2025-07-11 10:22:34.026657
x-axis motor a_rms,0,2025-07-11 10:22:34.026657
x-axis motor temp,21.4,2025-07-11 10:22:34.026657
x-axis motor crest,4.2,2025-07-11 10:22:34.026657
voltage,132.43333333333334,2025-07-11 10:22:34.026657
current,5.6066666666666665,2025-07-11 10:22:34.026657
active power,625.0,2025-07-11 10:22:34.026657
forward kWh,16.22,2025-07-11 10:22:34.026657
reverse kWh,0.3606666666666667,2025-07-11 10:22:34.026657
frequency,59.98,2025-07-11 10:22:34.026657
power factor,0.8266666666666667,2025-07-11 10:22:34.026657
featureId,NONE,2025-07-11 10:22:35.026809
partKindId,NONE,2025-07-11 10:22:35.026809
processKindId,NONE,2025-07-11 10:22:35.026809
A_Axis_Load,16,2025-07-11 10:22:35.026809
A_Position,-0.000332225347943367,2025-07-11 10:22:35.026809
C_Axis_Load,45,2025-07-11 10:22:35.026809
C_Position,30.0005,2025-07-11 10:22:35.026809
Machine_Time,2590490.28,2025-07-11 10:22:35.026809
Spindle_Time,690508.343999999,2025-07-11 10:22:35.026809
Feed_Override,100,2025-07-11 10:22:35.026809
Feed_Rate,0,2025-07-11 10:22:35.026809
Program_Runtime_Seconds,7,2025-07-11 10:22:35.026809
Rapid_Override,100,2025-07-11 10:22:35.026809
Rapid_Speed,0,2025-07-11 10:22:35.026809
S_Axis_Load,0,2025-07-11 10:22:35.026809
Spindle_Override,100,2025-07-11 10:22:35.026809
Spindle_Speed,0,2025-07-11 10:22:35.026809
X_Axis_Load,6,2025-07-11 10:22:35.026809
X_Position,32.4256084152549,2025-07-11 10:22:35.026809
Y_Axis_Load,3,2025-07-11 10:22:35.026809
Y_Position,491.650001896484,2025-07-11 10:22:35.026809
Z_Axis_Load,39,2025-07-11 10:22:35.026809
Z_Position,-99.8670097108772,2025-07-11 10:22:35.026809
COR_Status,1,2025-07-11 10:22:35.026809
Controller_Mode,AUTO,2025-07-11 10:22:35.026809
EStop_State,ARMED,2025-07-11 10:22:35.026809
Machine_Mode,5,2025-07-11 10:22:35.026809
Block_Number,11,2025-07-11 10:22:35.026809
Current_Tool,21,2025-07-11 10:22:35.026809
Part_Count,3,2025-07-11 10:22:35.026809
Program_Name_Running,000454_D_A_PROGRAM_2.NC,2025-07-11 10:22:35.026809
spindle motor v_rms,0.1,2025-07-11 10:22:35.026809
spindle motor a_peak,800,2025-07-11 10:22:35.026809
spindle motor a_rms,300,2025-07-11 10:22:35.026809
spindle motor temp,24.6,2025-07-11 10:22:35.026809
spindle motor crest,2.3,2025-07-11 10:22:35.026809
z-axis bearing v_rms,0.1,2025-07-11 10:22:35.026809
z-axis bearing a_peak,2600,2025-07-11 10:22:35.026809
z-axis bearing a_rms,200,2025-07-11 10:22:35.026809
z-axis bearing temp,22.4,2025-07-11 10:22:35.026809
z-axis bearing crest,13.8,2025-07-11 10:22:35.026809
z-axis motor v_rms,0.1,2025-07-11 10:22:35.026809
z-axis motor a_peak,1100,2025-07-11 10:22:35.026809
z-axis motor a_rms,100,2025-07-11 10:22:35.026809
z-axis motor temp,25.4,2025-07-11 10:22:35.026809
z-axis motor crest,8.0,2025-07-11 10:22:35.026809
y-axis bearing v_rms,0.0,2025-07-11 10:22:35.026809
y-axis bearing a_peak,1000,2025-07-11 10:22:35.026809
y-axis bearing a_rms,100,2025-07-11 10:22:35.026809
y-axis bearing temp,21.3,2025-07-11 10:22:35.026809
y-axis bearing crest,10.0,2025-07-11 10:22:35.026809
y-axis motor v_rms,0.1,2025-07-11 10:22:35.026809
y-axis motor a_peak,2200,2025-07-11 10:22:35.026809
y-axis motor a_rms,400,2025-07-11 10:22:35.026809
y-axis motor temp,24.2,2025-07-11 10:22:35.026809
y-axis motor crest,4.9,2025-07-11 10:22:35.026809
x-axis motor v_rms,0.0,2025-07-11 10:22:35.026809
x-axis motor a_peak,400,2025-07-11 10:22:35.026809
x-axis motor a_rms,100,2025-07-11 10:22:35.026809
x-axis motor temp,21.4,2025-07-11 10:22:35.026809
x-axis motor crest,7.2,2025-07-11 10:22:35.026809
voltage,132.46666666666667,2025-07-11 10:22:35.026809
current,5.69,2025-07-11 10:22:35.026809
active power,637.3333333333334,2025-07-11 10:22:35.026809
forward kWh,16.22,2025-07-11 10:22:35.026809
reverse kWh,0.3606666666666667,2025-07-11 10:22:35.026809
frequency,59.98,2025-07-11 10:22:35.026809
power factor,0.8366666666666668,2025-07-11 10:22:35.026809
featureId,NONE,2025-07-11 10:22:36.026961
partKindId,NONE,2025-07-11 10:22:36.026961
processKindId,NONE,2025-07-11 10:22:36.026961
A_Axis_Load,16,2025-07-11 10:22:36.026961
A_Position,-0.000332225347943367,2025-07-11 10:22:36.026961
C_Axis_Load,45,2025-07-11 10:22:36.026961
C_Position,30.0005,2025-07-11 10:22:36.026961
Machine_Time,2590490.28,2025-07-11 10:22:36.026961
Spindle_Time,690508.343999999,2025-07-11 10:22:36.026961
Feed_Override,100,2025-07-11 10:22:36.026961
Feed_Rate,0,2025-07-11 10:22:36.026961
Program_Runtime_Seconds,8,2025-07-11 10:22:36.026961
Rapid_Override,100,2025-07-11 10:22:36.026961
Rapid_Speed,0,2025-07-11 10:22:36.026961
S_Axis_Load,0,2025-07-11 10:22:36.026961
Spindle_Override,100,2025-07-11 10:22:36.026961
Spindle_Speed,0,2025-07-11 10:22:36.026961
X_Axis_Load,6,2025-07-11 10:22:36.026961
X_Position,32.4255855258421,2025-07-11 10:22:36.026961
Y_Axis_Load,3,2025-07-11 10:22:36.026961
Y_Position,491.650001896484,2025-07-11 10:22:36.026961
Z_Axis_Load,39,2025-07-11 10:22:36.026961
Z_Position,-99.8670097108772,2025-07-11 10:22:36.026961
COR_Status,1,2025-07-11 10:22:36.026961
Controller_Mode,AUTO,2025-07-11 10:22:36.026961
EStop_State,ARMED,2025-07-11 10:22:36.026961
Machine_Mode,5,2025-07-11 10:22:36.026961
Block_Number,11,2025-07-11 10:22:36.026961
Current_Tool,21,2025-07-11 10:22:36.026961
Part_Count,3,2025-07-11 10:22:36.026961
Program_Name_Running,000454_D_A_PROGRAM_2.NC,2025-07-11 10:22:36.026961
spindle motor v_rms,0.1,2025-07-11 10:22:36.026961
spindle motor a_peak,900,2025-07-11 10:22:36.026961
spindle motor a_rms,300,2025-07-11 10:22:36.026961
spindle motor temp,24.6,2025-07-11 10:22:36.026961
spindle motor crest,2.5,2025-07-11 10:22:36.026961
z-axis bearing v_rms,0.1,2025-07-11 10:22:36.026961
z-axis bearing a_peak,2600,2025-07-11 10:22:36.026961
z-axis bearing a_rms,200,2025-07-11 10:22:36.026961
z-axis bearing temp,22.4,2025-07-11 10:22:36.026961
z-axis bearing crest,14.3,2025-07-11 10:22:36.026961
z-axis motor v_rms,0.1,2025-07-11 10:22:36.026961
z-axis motor a_peak,1000,2025-07-11 10:22:36.026961
z-axis motor a_rms,200,2025-07-11 10:22:36.026961
z-axis motor temp,25.4,2025-07-11 10:22:36.026961
z-axis motor crest,6.3,2025-07-11 10:22:36.026961
y-axis bearing v_rms,0.0,2025-07-11 10:22:36.026961
y-axis bearing a_peak,500,2025-07-11 10:22:36.026961
y-axis bearing a_rms,100,2025-07-11 10:22:36.026961
y-axis bearing temp,21.3,2025-07-11 10:22:36.026961
y-axis bearing crest,9.0,2025-07-11 10:22:36.026961
y-axis motor v_rms,0.1,2025-07-11 10:22:36.026961
y-axis motor a_peak,1300,2025-07-11 10:22:36.026961
y-axis motor a_rms,400,2025-07-11 10:22:36.026961
y-axis motor temp,24.2,2025-07-11 10:22:36.026961
y-axis motor crest,3.1,2025-07-11 10:22:36.026961
x-axis motor v_rms,0.1,2025-07-11 10:22:36.026961
x-axis motor a_peak,500,2025-07-11 10:22:36.026961
x-axis motor a_rms,100,2025-07-11 10:22:36.026961
x-axis motor temp,21.4,2025-07-11 10:22:36.026961
x-axis motor crest,7.6,2025-07-11 10:22:36.026961
voltage,132.56666666666663,2025-07-11 10:22:36.026961
current,4.886666666666667,2025-07-11 10:22:36.026961
active power,540.0,2025-07-11 10:22:36.026961
forward kWh,16.22,2025-07-11 10:22:36.026961
reverse kWh,0.3606666666666667,2025-07-11 10:22:36.026961
frequency,59.98,2025-07-11 10:22:36.026961
power factor,0.7133333333333333,2025-07-11 10:22:36.026961
featureId,NONE,2025-07-11 10:22:37.027112
partKindId,NONE,2025-07-11 10:22:37.027112
processKindId,NONE,2025-07-11 10:22:37.027112
A_Axis_Load,16,2025-07-11 10:22:37.027112
A_Position,-0.000332225347943367,2025-07-11 10:22:37.027112
C_Axis_Load,45,2025-07-11 10:22:37.027112
C_Position,30.0005,2025-07-11 10:22:37.027112
Machine_Time,2590490.28,2025-07-11 10:22:37.027112
Spindle_Time,690508.343999999,2025-07-11 10:22:37.027112
Feed_Override,100,2025-07-11 10:22:37.027112
Feed_Rate,0,2025-07-11 10:22:37.027112
Program_Runtime_Seconds,9,2025-07-11 10:22:37.027112
Rapid_Override,100,2025-07-11 10:22:37.027112
Rapid_Speed,0,2025-07-11 10:22:37.027112
S_Axis_Load,0,2025-07-11 10:22:37.027112
Spindle_Override,100,2025-07-11 10:22:37.027112
Spindle_Speed,0,2025-07-11 10:22:37.027112
X_Axis_Load,5,2025-07-11 10:22:37.027112
X_Position,32.4255855258421,2025-07-11 10:22:37.027112
Y_Axis_Load,3,2025-07-11 10:22:37.027112
Y_Position,491.650001896484,2025-07-11 10:22:37.027112
Z_Axis_Load,36,2025-07-11 10:22:37.027112
Z_Position,-99.8666435199948,2025-07-11 10:22:37.027112
COR_Status,1,2025-07-11 10:22:37.027112
Controller_Mode,AUTO,2025-07-11 10:22:37.027112
EStop_State,ARMED,2025-07-11 10:22:37.027112
Machine_Mode,5,2025-07-11 10:22:37.027112
Block_Number,11,2025-07-11 10:22:37.027112
Current_Tool,21,2025-07-11 10:22:37.027112
Part_Count,3,2025-07-11 10:22:37.027112
Program_Name_Running,000454_D_A_PROGRAM_2.NC,2025-07-11 10:22:37.027112
spindle motor v_rms,0.2,2025-07-11 10:22:37.027112
spindle motor a_peak,3800,2025-07-11 10:22:37.027112
spindle motor a_rms,500,2025-07-11 10:22:37.027112
spindle motor temp,24.6,2025-07-11 10:22:37.027112
spindle motor crest,8.3,2025-07-11 10:22:37.027112
z-axis bearing v_rms,0.1,2025-07-11 10:22:37.027112
z-axis bearing a_peak,4700,2025-07-11 10:22:37.027112
z-axis bearing a_rms,400,2025-07-11 10:22:37.027112
z-axis bearing temp,22.4,2025-07-11 10:22:37.027112
z-axis bearing crest,12.6,2025-07-11 10:22:37.027112
z-axis motor v_rms,0.3,2025-07-11 10:22:37.027112
z-axis motor a_peak,1700,2025-07-11 10:22:37.027112
z-axis motor a_rms,300,2025-07-11 10:22:37.027112
z-axis motor temp,25.4,2025-07-11 10:22:37.027112
z-axis motor crest,6.1,2025-07-11 10:22:37.027112
y-axis bearing v_rms,0.1,2025-07-11 10:22:37.027112
y-axis bearing a_peak,1200,2025-07-11 10:22:37.027112
y-axis bearing a_rms,100,2025-07-11 10:22:37.027112
y-axis bearing temp,21.3,2025-07-11 10:22:37.027112
y-axis bearing crest,10.5,2025-07-11 10:22:37.027112
y-axis motor v_rms,0.2,2025-07-11 10:22:37.027112
y-axis motor a_peak,3700,2025-07-11 10:22:37.027112
y-axis motor a_rms,600,2025-07-11 10:22:37.027112
y-axis motor temp,24.2,2025-07-11 10:22:37.027112
y-axis motor crest,6.3,2025-07-11 10:22:37.027112
x-axis motor v_rms,0.3,2025-07-11 10:22:37.027112
x-axis motor a_peak,900,2025-07-11 10:22:37.027112
x-axis motor a_rms,100,2025-07-11 10:22:37.027112
x-axis motor temp,21.4,2025-07-11 10:22:37.027112
x-axis motor crest,7.7,2025-07-11 10:22:37.027112
voltage,132.46666666666667,2025-07-11 10:22:37.027112
current,5.4366666666666665,2025-07-11 10:22:37.027112
active power,693.6666666666666,2025-07-11 10:22:37.027112
forward kWh,16.22066666666667,2025-07-11 10:22:37.027112
reverse kWh,0.3606666666666667,2025-07-11 10:22:37.027112
frequency,59.98,2025-07-11 10:22:37.027112
power factor,1.0,2025-07-11 10:22:37.027112
featureId,NONE,2025-07-11 10:22:38.027263
partKindId,NONE,2025-07-11 10:22:38.027263
processKindId,NONE,2025-07-11 10:22:38.027263
A_Axis_Load,16,2025-07-11 10:22:38.027263
A_Position,-0.000332225347943367,2025-07-11 10:22:38.027263
C_Axis_Load,45,2025-07-11 10:22:38.027263
C_Position,30.0005,2025-07-11 10:22:38.027263
Machine_Time,2590490.28,2025-07-11 10:22:38.027263
Spindle_Time,690508.343999999,2025-07-11 10:22:38.027263
Feed_Override,100,2025-07-11 10:22:38.027263
Feed_Rate,0,2025-07-11 10:22:38.027263
Program_Runtime_Seconds,10,2025-07-11 10:22:38.027263
Rapid_Override,100,2025-07-11 10:22:38.027263
Rapid_Speed,0,2025-07-11 10:22:38.027263
S_Axis_Load,0,2025-07-11 10:22:38.027263
Spindle_Override,100,2025-07-11 10:22:38.027263
Spindle_Speed,0,2025-07-11 10:22:38.027263
X_Axis_Load,5,2025-07-11 10:22:38.027263
X_Position,32.4256084152549,2025-07-11 10:22:38.027263
Y_Axis_Load,4,2025-07-11 10:22:38.027263
Y_Position,491.650001896484,2025-07-11 10:22:38.027263
Z_Axis_Load,35,2025-07-11 10:22:38.027263
Z_Position,-99.8669410500867,2025-07-11 10:22:38.027263
COR_Status,1,2025-07-11 10:22:38.027263
Controller_Mode,AUTO,2025-07-11 10:22:38.027263
EStop_State,ARMED,2025-07-11 10:22:38.027263
Machine_Mode,5,2025-07-11 10:22:38.027263
Block_Number,11,2025-07-11 10:22:38.027263
Current_Tool,6,2025-07-11 10:22:38.027263
Part_Count,3,2025-07-11 10:22:38.027263
Program_Name_Running,000454_D_A_PROGRAM_2.NC,2025-07-11 10:22:38.027263
spindle motor v_rms,0.2,2025-07-11 10:22:38.027263
spindle motor a_peak,9800,2025-07-11 10:22:38.027263
spindle motor a_rms,700,2025-07-11 10:22:38.027263
spindle motor temp,24.6,2025-07-11 10:22:38.027263
spindle motor crest,13.5,2025-07-11 10:22:38.027263
z-axis bearing v_rms,0.1,2025-07-11 10:22:38.027263
z-axis bearing a_peak,11400,2025-07-11 10:22:38.027263
z-axis bearing a_rms,500,2025-07-11 10:22:38.027263
z-axis bearing temp,22.4,2025-07-11 10:22:38.027263
z-axis bearing crest,23.0,2025-07-11 10:22:38.027263
z-axis motor v_rms,0.3,2025-07-11 10:22:38.027263
z-axis motor a_peak,2500,2025-07-11 10:22:38.027263
z-axis motor a_rms,200,2025-07-11 10:22:38.027263
z-axis motor temp,25.4,2025-07-11 10:22:38.027263
z-axis motor crest,10.0,2025-07-11 10:22:38.027263
y-axis bearing v_rms,0.1,2025-07-11 10:22:38.027263
y-axis bearing a_peak,1300,2025-07-11 10:22:38.027263
y-axis bearing a_rms,100,2025-07-11 10:22:38.027263
y-axis bearing temp,21.3,2025-07-11 10:22:38.027263
y-axis bearing crest,10.4,2025-07-11 10:22:38.027263
y-axis motor v_rms,0.1,2025-07-11 10:22:38.027263
y-axis motor a_peak,2100,2025-07-11 10:22:38.027263
y-axis motor a_rms,400,2025-07-11 10:22:38.027263
y-axis motor temp,24.2,2025-07-11 10:22:38.027263
y-axis motor crest,4.8,2025-07-11 10:22:38.027263
x-axis motor v_rms,0.2,2025-07-11 10:22:38.027263
x-axis motor a_peak,500,2025-07-11 10:22:38.027263
x-axis motor a_rms,100,2025-07-11 10:22:38.027263
x-axis motor temp,21.4,2025-07-11 10:22:38.027263
x-axis motor crest,5.9,2025-07-11 10:22:38.027263
voltage,132.5,2025-07-11 10:22:38.027263
current,6.543333333333333,2025-07-11 10:22:38.027263
active power,697.0,2025-07-11 10:22:38.027263
forward kWh,16.22066666666667,2025-07-11 10:22:38.027263
reverse kWh,0.3606666666666667,2025-07-11 10:22:38.027263
frequency,59.98,2025-07-11 10:22:38.027263
power factor,0.7933333333333333,2025-07-11 10:22:38.027263
featureId,NONE,2025-07-11 10:22:39.027414
partKindId,EDB34637-67D8-465A-AFBA-010AD86D34F6,2025-07-11 10:22:39.027414
processKindId,AF6B782E-23DD-4144-8665-11C813BE7660,2025-07-11 10:22:39.027414
A_Axis_Load,16,2025-07-11 10:22:39.027414
A_Position,-0.000332225347943367,2025-07-11 10:22:39.027414
C_Axis_Load,45,2025-07-11 10:22:39.027414
C_Position,30.0005,2025-07-11 10:22:39.027414
Machine_Time,2590490.28,2025-07-11 10:22:39.027414
Spindle_Time,690508.343999999,2025-07-11 10:22:39.027414
Feed_Override,100,2025-07-11 10:22:39.027414
Feed_Rate,0,2025-07-11 10:22:39.027414
Program_Runtime_Seconds,11,2025-07-11 10:22:39.027414
Rapid_Override,100,2025-07-11 10:22:39.027414
Rapid_Speed,0,2025-07-11 10:22:39.027414
S_Axis_Load,0,2025-07-11 10:22:39.027414
Spindle_Override,100,2025-07-11 10:22:39.027414
Spindle_Speed,0,2025-07-11 10:22:39.027414
X_Axis_Load,5,2025-07-11 10:22:39.027414
X_Position,32.4255969705485,2025-07-11 10:22:39.027414
Y_Axis_Load,4,2025-07-11 10:22:39.027414
Y_Position,491.650001896484,2025-07-11 10:22:39.027414
Z_Axis_Load,35,2025-07-11 10:22:39.027414
Z_Position,-99.8669982674121,2025-07-11 10:22:39.027414
COR_Status,1,2025-07-11 10:22:39.027414
Controller_Mode,AUTO,2025-07-11 10:22:39.027414
EStop_State,ARMED,2025-07-11 10:22:39.027414
Machine_Mode,5,2025-07-11 10:22:39.027414
Block_Number,4,2025-07-11 10:22:39.027414
Current_Tool,6,2025-07-11 10:22:39.027414
Part_Count,3,2025-07-11 10:22:39.027414
Program_Name_Running,O9735.FNC,2025-07-11 10:22:39.027414
spindle motor v_rms,0.1,2025-07-11 10:22:39.027414
spindle motor a_peak,500,2025-07-11 10:22:39.027414
spindle motor a_rms,100,2025-07-11 10:22:39.027414
spindle motor temp,24.6,2025-07-11 10:22:39.027414
spindle motor crest,5.5,2025-07-11 10:22:39.027414
z-axis bearing v_rms,0.1,2025-07-11 10:22:39.027414
z-axis bearing a_peak,1600,2025-07-11 10:22:39.027414
z-axis bearing a_rms,100,2025-07-11 10:22:39.027414
z-axis bearing temp,22.4,2025-07-11 10:22:39.027414
z-axis bearing crest,11.9,2025-07-11 10:22:39.027414
z-axis motor v_rms,0.1,2025-07-11 10:22:39.027414
z-axis motor a_peak,400,2025-07-11 10:22:39.027414
z-axis motor a_rms,100,2025-07-11 10:22:39.027414
z-axis motor temp,25.4,2025-07-11 10:22:39.027414
z-axis motor crest,3.8,2025-07-11 10:22:39.027414
y-axis bearing v_rms,0.0,2025-07-11 10:22:39.027414
y-axis bearing a_peak,200,2025-07-11 10:22:39.027414
y-axis bearing a_rms,0,2025-07-11 10:22:39.027414
y-axis bearing temp,21.3,2025-07-11 10:22:39.027414
y-axis bearing crest,4.2,2025-07-11 10:22:39.027414
y-axis motor v_rms,0.0,2025-07-11 10:22:39.027414
y-axis motor a_peak,2300,2025-07-11 10:22:39.027414
y-axis motor a_rms,400,2025-07-11 10:22:39.027414
y-axis motor temp,24.2,2025-07-11 10:22:39.027414
y-axis motor crest,5.8,2025-07-11 10:22:39.027414
x-axis motor v_rms,0.1,2025-07-11 10:22:39.027414
x-axis motor a_peak,500,2025-07-11 10:22:39.027414
x-axis motor a_rms,100,2025-07-11 10:22:39.027414
x-axis motor temp,21.4,2025-07-11 10:22:39.027414
x-axis motor crest,9.5,2025-07-11 10:22:39.027414
voltage,132.43333333333334,2025-07-11 10:22:39.027414
current,6.986666666666667,2025-07-11 10:22:39.027414
active power,704.6666666666666,2025-07-11 10:22:39.027414
forward kWh,16.221,2025-07-11 10:22:39.027414
reverse kWh,0.3606666666666667,2025-07-11 10:22:39.027414
frequency,59.98,2025-07-11 10:22:39.027414
power factor,1.0,2025-07-11 10:22:39.027414
featureId,NONE,2025-07-11 10:22:40.027585
partKindId,EDB34637-67D8-465A-AFBA-010AD86D34F6,2025-07-11 10:22:40.027585
processKindId,AF6B782E-23DD-4144-8665-11C813BE7660,2025-07-11 10:22:40.027585
A_Axis_Load,16,2025-07-11 10:22:40.027585
A_Position,0.000167897837982586,2025-07-11 10:22:40.027585
C_Axis_Load,45,2025-07-11 10:22:40.027585
C_Position,30.0005,2025-07-11 10:22:40.027585
Machine_Time,2590490.28,2025-07-11 10:22:40.027585
Spindle_Time,690508.343999999,2025-07-11 10:22:40.027585
Feed_Override,100,2025-07-11 10:22:40.027585
Feed_Rate,633.3333,2025-07-11 10:22:40.027585
Program_Runtime_Seconds,12,2025-07-11 10:22:40.027585
Rapid_Override,100,2025-07-11 10:22:40.027585
Rapid_Speed,0,2025-07-11 10:22:40.027585
S_Axis_Load,30,2025-07-11 10:22:40.027585
Spindle_Override,100,2025-07-11 10:22:40.027585
Spindle_Speed,1941.85960813938,2025-07-11 10:22:40.027585
X_Axis_Load,27,2025-07-11 10:22:40.027585
X_Position,328.145760959083,2025-07-11 10:22:40.027585
Y_Axis_Load,18,2025-07-11 10:22:40.027585
Y_Position,335.456517911717,2025-07-11 10:22:40.027585
Z_Axis_Load,35,2025-07-11 10:22:40.027585
Z_Position,-99.8670097108772,2025-07-11 10:22:40.027585
COR_Status,1,2025-07-11 10:22:40.027585
Controller_Mode,AUTO,2025-07-11 10:22:40.027585
EStop_State,ARMED,2025-07-11 10:22:40.027585
Machine_Mode,5,2025-07-11 10:22:40.027585
Block_Number,14,2025-07-11 10:22:40.027585
Current_Tool,6,2025-07-11 10:22:40.027585
Part_Count,3,2025-07-11 10:22:40.027585
Program_Name_Running,000454_D_A_PROGRAM_2.NC,2025-07-11 10:22:40.027585
spindle motor v_rms,0.1,2025-07-11 10:22:40.027585
spindle motor a_peak,6100,2025-07-11 10:22:40.027585
spindle motor a_rms,1600,2025-07-11 10:22:40.027585
spindle motor temp,24.6,2025-07-11 10:22:40.027585
spindle motor crest,3.8,2025-07-11 10:22:40.027585
z-axis bearing v_rms,0.1,2025-07-11 10:22:40.027585
z-axis bearing a_peak,2500,2025-07-11 10:22:40.027585
z-axis bearing a_rms,600,2025-07-11 10:22:40.027585
z-axis bearing temp,22.4,2025-07-11 10:22:40.027585
z-axis bearing crest,4.4,2025-07-11 10:22:40.027585
z-axis motor v_rms,0.1,2025-07-11 10:22:40.027585
z-axis motor a_peak,700,2025-07-11 10:22:40.027585
z-axis motor a_rms,200,2025-07-11 10:22:40.027585
z-axis motor temp,25.4,2025-07-11 10:22:40.027585
z-axis motor crest,4.8,2025-07-11 10:22:40.027585
y-axis bearing v_rms,0.1,2025-07-11 10:22:40.027585
y-axis bearing a_peak,3600,2025-07-11 10:22:40.027585
y-axis bearing a_rms,700,2025-07-11 10:22:40.027585
y-axis bearing temp,21.3,2025-07-11 10:22:40.027585
y-axis bearing crest,4.8,2025-07-11 10:22:40.027585
y-axis motor v_rms,0.2,2025-07-11 10:22:40.027585
y-axis motor a_peak,22400,2025-07-11 10:22:40.027585
y-axis motor a_rms,5100,2025-07-11 10:22:40.027585
y-axis motor temp,24.2,2025-07-11 10:22:40.027585
y-axis motor crest,4.4,2025-07-11 10:22:40.027585
x-axis motor v_rms,0.2,2025-07-11 10:22:40.027585
x-axis motor a_peak,1700,2025-07-11 10:22:40.027585
x-axis motor a_rms,300,2025-07-11 10:22:40.027585
x-axis motor temp,21.4,2025-07-11 10:22:40.027585
x-axis motor crest,5.9,2025-07-11 10:22:40.027585
voltage,132.66666666666666,2025-07-11 10:22:40.027585
current,3.903333333333333,2025-07-11 10:22:40.027585
active power,418.0,2025-07-11 10:22:40.027585
forward kWh,16.221,2025-07-11 10:22:40.027585
reverse kWh,0.3606666666666667,2025-07-11 10:22:40.027585
frequency,59.98,2025-07-11 10:22:40.027585
power factor,0.7166666666666667,2025-07-11 10:22:40.027585
featureId,NONE,2025-07-11 10:22:41.027738
partKindId,EDB34637-67D8-465A-AFBA-010AD86D34F6,2025-07-11 10:22:41.027738
processKindId,AF6B782E-23DD-4144-8665-11C813BE7660,2025-07-11 10:22:41.027738
A_Axis_Load,16,2025-07-11 10:22:41.027738
A_Position,0.000167897837982586,2025-07-11 10:22:41.027738
C_Axis_Load,45,2025-07-11 10:22:41.027738
C_Position,30.0005,2025-07-11 10:22:41.027738
Machine_Time,2590490.28,2025-07-11 10:22:41.027738
Spindle_Time,690508.343999999,2025-07-11 10:22:41.027738
Feed_Override,100,2025-07-11 10:22:41.027738
Feed_Rate,261.5167,2025-07-11 10:22:41.027738
Program_Runtime_Seconds,13,2025-07-11 10:22:41.027738
Rapid_Override,100,2025-07-11 10:22:41.027738
Rapid_Speed,0,2025-07-11 10:22:41.027738
S_Axis_Load,18,2025-07-11 10:22:41.027738
Spindle_Override,100,2025-07-11 10:22:41.027738
Spindle_Speed,4940.20264045414,2025-07-11 10:22:41.027738
X_Axis_Load,6,2025-07-11 10:22:41.027738
X_Position,377.230603694324,2025-07-11 10:22:41.027738
Y_Axis_Load,5,2025-07-11 10:22:41.027738
Y_Position,309.531980823394,2025-07-11 10:22:41.027738
Z_Axis_Load,43,2025-07-11 10:22:41.027738
Z_Position,-292.174906991159,2025-07-11 10:22:41.027738
COR_Status,1,2025-07-11 10:22:41.027738
Controller_Mode,AUTO,2025-07-11 10:22:41.027738
EStop_State,ARMED,2025-07-11 10:22:41.027738
Machine_Mode,5,2025-07-11 10:22:41.027738
Block_Number,15,2025-07-11 10:22:41.027738
Current_Tool,6,2025-07-11 10:22:41.027738
Part_Count,3,2025-07-11 10:22:41.027738
Program_Name_Running,000454_D_A_PROGRAM_2.NC,2025-07-11 10:22:41.027738
spindle motor v_rms,0.3,2025-07-11 10:22:41.027738
spindle motor a_peak,10100,2025-07-11 10:22:41.027738
spindle motor a_rms,2300,2025-07-11 10:22:41.027738
spindle motor temp,24.6,2025-07-11 10:22:41.027738
spindle motor crest,4.5,2025-07-11 10:22:41.027738
z-axis bearing v_rms,0.1,2025-07-11 10:22:41.027738
z-axis bearing a_peak,23100,2025-07-11 10:22:41.027738
z-axis bearing a_rms,3000,2025-07-11 10:22:41.027738
z-axis bearing temp,22.4,2025-07-11 10:22:41.027738
z-axis bearing crest,7.6,2025-07-11 10:22:41.027738
z-axis motor v_rms,0.7,2025-07-11 10:22:41.027738
z-axis motor a_peak,57800,2025-07-11 10:22:41.027738
z-axis motor a_rms,7300,2025-07-11 10:22:41.027738
z-axis motor temp,25.4,2025-07-11 10:22:41.027738
z-axis motor crest,8.0,2025-07-11 10:22:41.027738
y-axis bearing v_rms,0.1,2025-07-11 10:22:41.027738
y-axis bearing a_peak,900,2025-07-11 10:22:41.027738
y-axis bearing a_rms,100,2025-07-11 10:22:41.027738
y-axis bearing temp,21.3,2025-07-11 10:22:41.027738
y-axis bearing crest,8.2,2025-07-11 10:22:41.027738
y-axis motor v_rms,0.2,2025-07-11 10:22:41.027738
y-axis motor a_peak,2600,2025-07-11 10:22:41.027738
y-axis motor a_rms,900,2025-07-11 10:22:41.027738
y-axis motor temp,24.2,2025-07-11 10:22:41.027738
y-axis motor crest,3.0,2025-07-11 10:22:41.027738
x-axis motor v_rms,0.1,2025-07-11 10:22:41.027738
x-axis motor a_peak,200,2025-07-11 10:22:41.027738
x-axis motor a_rms,100,2025-07-11 10:22:41.027738
x-axis motor temp,21.4,2025-07-11 10:22:41.027738
x-axis motor crest,4.3,2025-07-11 10:22:41.027738
voltage,131.4333333333333,2025-07-11 10:22:41.027738
current,25.169999999999998,2025-07-11 10:22:41.027738
active power,2798.6666666666665,2025-07-11 10:22:41.027738
forward kWh,16.221666666666668,2025-07-11 10:22:41.027738
reverse kWh,0.3606666666666667,2025-07-11 10:22:41.027738
frequency,59.97,2025-07-11 10:22:41.027738
power factor,1.0,2025-07-11 10:22:41.027738
featureId,NONE,2025-07-11 10:22:42.027891
partKindId,EDB34637-67D8-465A-AFBA-010AD86D34F6,2025-07-11 10:22:42.027891
processKindId,AF6B782E-23DD-4144-8665-11C813BE7660,2025-07-11 10:22:42.027891
A_Axis_Load,16,2025-07-11 10:22:42.027891
A_Position,0.000167897837982586,2025-07-11 10:22:42.027891
C_Axis_Load,45,2025-07-11 10:22:42.027891
C_Position,30.0005,2025-07-11 10:22:42.027891
Machine_Time,2590490.28,2025-07-11 10:22:42.027891
Spindle_Time,690508.343999999,2025-07-11 10:22:42.027891
Feed_Override,100,2025-07-11 10:22:42.027891
Feed_Rate,0,2025-07-11 10:22:42.027891
Program_Runtime_Seconds,14,2025-07-11 10:22:42.027891
Rapid_Override,100,2025-07-11 10:22:42.027891
Rapid_Speed,0,2025-07-11 10:22:42.027891
S_Axis_Load,11,2025-07-11 10:22:42.027891
Spindle_Override,100,2025-07-11 10:22:42.027891
Spindle_Speed,7129.19813021471,2025-07-11 10:22:42.027891
X_Axis_Load,5,2025-07-11 10:22:42.027891
X_Position,377.23059225032,2025-07-11 10:22:42.027891
Y_Axis_Load,5,2025-07-11 10:22:42.027891
Y_Position,309.53199226787,2025-07-11 10:22:42.027891
Z_Axis_Load,30,2025-07-11 10:22:42.027891
Z_Position,-295.080809844441,2025-07-11 10:22:42.027891
COR_Status,1,2025-07-11 10:22:42.027891
Controller_Mode,AUTO,2025-07-11 10:22:42.027891
EStop_State,ARMED,2025-07-11 10:22:42.027891
Machine_Mode,5,2025-07-11 10:22:42.027891
Block_Number,17,2025-07-11 10:22:42.027891
Current_Tool,6,2025-07-11 10:22:42.027891
Part_Count,3,2025-07-11 10:22:42.027891
Program_Name_Running,000454_D_A_PROGRAM_2.NC,2025-07-11 10:22:42.027891
spindle motor v_rms,0.2,2025-07-11 10:22:42.027891
spindle motor a_peak,11600,2025-07-11 10:22:42.027891
spindle motor a_rms,3200,2025-07-11 10:22:42.027891
spindle motor temp,24.6,2025-07-11 10:22:42.027891
spindle motor crest,3.7,2025-07-11 10:22:42.027891
z-axis bearing v_rms,0.1,2025-07-11 10:22:42.027891
z-axis bearing a_peak,1100,2025-07-11 10:22:42.027891
z-axis bearing a_rms,300,2025-07-11 10:22:42.027891
z-axis bearing temp,22.4,2025-07-11 10:22:42.027891
z-axis bearing crest,4.3,2025-07-11 10:22:42.027891
z-axis motor v_rms,0.1,2025-07-11 10:22:42.027891
z-axis motor a_peak,600,2025-07-11 10:22:42.027891
z-axis motor a_rms,200,2025-07-11 10:22:42.027891
z-axis motor temp,25.4,2025-07-11 10:22:42.027891
z-axis motor crest,3.8,2025-07-11 10:22:42.027891
y-axis bearing v_rms,0.1,2025-07-11 10:22:42.027891
y-axis bearing a_peak,400,2025-07-11 10:22:42.027891
y-axis bearing a_rms,100,2025-07-11 10:22:42.027891
y-axis bearing temp,21.3,2025-07-11 10:22:42.027891
y-axis bearing crest,3.9,2025-07-11 10:22:42.027891
y-axis motor v_rms,0.2,2025-07-11 10:22:42.027891
y-axis motor a_peak,2400,2025-07-11 10:22:42.027891
y-axis motor a_rms,800,2025-07-11 10:22:42.027891
y-axis motor temp,24.2,2025-07-11 10:22:42.027891
y-axis motor crest,3.0,2025-07-11 10:22:42.027891
x-axis motor v_rms,0.1,2025-07-11 10:22:42.027891
x-axis motor a_peak,300,2025-07-11 10:22:42.027891
x-axis motor a_rms,100,2025-07-11 10:22:42.027891
x-axis motor temp,21.4,2025-07-11 10:22:42.027891
x-axis motor crest,3.6,2025-07-11 10:22:42.027891
voltage,129.63333333333335,2025-07-11 10:22:42.027891
current,48.84666666666667,2025-07-11 10:22:42.027891
active power,5878.333333333333,2025-07-11 10:22:42.027891
forward kWh,16.223666666666666,2025-07-11 10:22:42.027891
reverse kWh,0.3606666666666667,2025-07-11 10:22:42.027891
frequency,59.98,2025-07-11 10:22:42.027891
power factor,0.9,2025-07-11 10:22:42.027891
featureId,NONE,2025-07-11 10:22:43.028042
partKindId,EDB34637-67D8-465A-AFBA-010AD86D34F6,2025-07-11 10:22:43.028042
processKindId,AF6B782E-23DD-4144-8665-11C813BE7660,2025-07-11 10:22:43.028042
A_Axis_Load,16,2025-07-11 10:22:43.028042
A_Position,0.000167897837982586,2025-07-11 10:22:43.028042
C_Axis_Load,45,2025-07-11 10:22:43.028042
C_Position,30.0005,2025-07-11 10:22:43.028042
Machine_Time,2590490.28,2025-07-11 10:22:43.028042
Spindle_Time,690508.343999999,2025-07-11 10:22:43.028042
Feed_Override,100,2025-07-11 10:22:43.028042
Feed_Rate,0,2025-07-11 10:22:43.028042
Program_Runtime_Seconds,15,2025-07-11 10:22:43.028042
Rapid_Override,100,2025-07-11 10:22:43.028042
Rapid_Speed,0,2025-07-11 10:22:43.028042
S_Axis_Load,8,2025-07-11 10:22:43.028042
Spindle_Override,100,2025-07-11 10:22:43.028042
Spindle_Speed,8489.43982364319,2025-07-11 10:22:43.028042
X_Axis_Load,5,2025-07-11 10:22:43.028042
X_Position,377.23059225032,2025-07-11 10:22:43.028042
Y_Axis_Load,5,2025-07-11 10:22:43.028042
Y_Position,309.53199226787,2025-07-11 10:22:43.028042
Z_Axis_Load,30,2025-07-11 10:22:43.028042
Z_Position,-295.080786959171,2025-07-11 10:22:43.028042
COR_Status,1,2025-07-11 10:22:43.028042
Controller_Mode,AUTO,2025-07-11 10:22:43.028042
EStop_State,ARMED,2025-07-11 10:22:43.028042
Machine_Mode,5,2025-07-11 10:22:43.028042
Block_Number,17,2025-07-11 10:22:43.028042
Current_Tool,6,2025-07-11 10:22:43.028042
Part_Count,3,2025-07-11 10:22:43.028042
Program_Name_Running,000454_D_A_PROGRAM_2.NC,2025-07-11 10:22:43.028042
spindle motor v_rms,0.2,2025-07-11 10:22:43.028042
spindle motor a_peak,7600,2025-07-11 10:22:43.028042
spindle motor a_rms,2100,2025-07-11 10:22:43.028042
spindle motor temp,24.6,2025-07-11 10:22:43.028042
spindle motor crest,3.6,2025-07-11 10:22:43.028042
z-axis bearing v_rms,0.1,2025-07-11 10:22:43.028042
z-axis bearing a_peak,900,2025-07-11 10:22:43.028042
z-axis bearing a_rms,300,2025-07-11 10:22:43.028042
z-axis bearing temp,22.4,2025-07-11 10:22:43.028042
z-axis bearing crest,3.7,2025-07-11 10:22:43.028042
z-axis motor v_rms,0.5,2025-07-11 10:22:43.028042
z-axis motor a_peak,1200,2025-07-11 10:22:43.028042
z-axis motor a_rms,400,2025-07-11 10:22:43.028042
z-axis motor temp,25.4,2025-07-11 10:22:43.028042
z-axis motor crest,2.7,2025-07-11 10:22:43.028042
y-axis bearing v_rms,0.1,2025-07-11 10:22:43.028042
y-axis bearing a_peak,300,2025-07-11 10:22:43.028042
y-axis bearing a_rms,100,2025-07-11 10:22:43.028042
y-axis bearing temp,21.3,2025-07-11 10:22:43.028042
y-axis bearing crest,3.6,2025-07-11 10:22:43.028042
y-axis motor v_rms,0.2,2025-07-11 10:22:43.028042
y-axis motor a_peak,2300,2025-07-11 10:22:43.028042
y-axis motor a_rms,800,2025-07-11 10:22:43.028042
y-axis motor temp,24.2,2025-07-11 10:22:43.028042
y-axis motor crest,2.7,2025-07-11 10:22:43.028042
x-axis motor v_rms,0.1,2025-07-11 10:22:43.028042
x-axis motor a_peak,300,2025-07-11 10:22:43.028042
x-axis motor a_rms,100,2025-07-11 10:22:43.028042
x-axis motor temp,21.4,2025-07-11 10:22:43.028042
x-axis motor crest,3.6,2025-07-11 10:22:43.028042
voltage,129.70000000000002,2025-07-11 10:22:43.028042
current,48.21,2025-07-11 10:22:43.028042
active power,5813.0,2025-07-11 10:22:43.028042
forward kWh,16.224666666666668,2025-07-11 10:22:43.028042
reverse kWh,0.3606666666666667,2025-07-11 10:22:43.028042
frequency,59.98,2025-07-11 10:22:43.028042
power factor,0.93,2025-07-11 10:22:43.028042
featureId,NONE,2025-07-11 10:22:44.028156
partKindId,EDB34637-67D8-465A-AFBA-010AD86D34F6,2025-07-11 10:22:44.028156
processKindId,AF6B782E-23DD-4144-8665-11C813BE7660,2025-07-11 10:22:44.028156
A_Axis_Load,16,2025-07-11 10:22:44.028156
A_Position,-0.000332225347943367,2025-07-11 10:22:44.028156
C_Axis_Load,45,2025-07-11 10:22:44.028156
C_Position,30.001,2025-07-11 10:22:44.028156
Machine_Time,2590490.28,2025-07-11 10:22:44.028156
Spindle_Time,690508.343999999,2025-07-11 10:22:44.028156
Feed_Override,100,2025-07-11 10:22:44.028156
Feed_Rate,71.25,2025-07-11 10:22:44.028156
Program_Runtime_Seconds,16,2025-07-11 10:22:44.028156
Rapid_Override,100,2025-07-11 10:22:44.028156
Rapid_Speed,0,2025-07-11 10:22:44.028156
S_Axis_Load,6,2025-07-11 10:22:44.028156
Spindle_Override,100,2025-07-11 10:22:44.028156
Spindle_Speed,9792,2025-07-11 10:22:44.028156
X_Axis_Load,15,2025-07-11 10:22:44.028156
X_Position,395.923468820636,2025-07-11 10:22:44.028156
Y_Axis_Load,8,2025-07-11 10:22:44.028156
Y_Position,300.641847076433,2025-07-11 10:22:44.028156
Z_Axis_Load,32,2025-07-11 10:22:44.028156
Z_Position,-297.620834453104,2025-07-11 10:22:44.028156
COR_Status,1,2025-07-11 10:22:44.028156
Controller_Mode,AUTO,2025-07-11 10:22:44.028156
EStop_State,ARMED,2025-07-11 10:22:44.028156
Machine_Mode,5,2025-07-11 10:22:44.028156
Block_Number,20,2025-07-11 10:22:44.028156
Current_Tool,6,2025-07-11 10:22:44.028156
Part_Count,3,2025-07-11 10:22:44.028156
Program_Name_Running,000454_D_A_PROGRAM_2.NC,2025-07-11 10:22:44.028156
spindle motor v_rms,0.8,2025-07-11 10:22:44.028156
spindle motor a_peak,13300,2025-07-11 10:22:44.028156
spindle motor a_rms,4300,2025-07-11 10:22:44.028156
spindle motor temp,24.6,2025-07-11 10:22:44.028156
spindle motor crest,3.1,2025-07-11 10:22:44.028156
z-axis bearing v_rms,0.6,2025-07-11 10:22:44.028156
z-axis bearing a_peak,11800,2025-07-11 10:22:44.028156
z-axis bearing a_rms,3200,2025-07-11 10:22:44.028156
z-axis bearing temp,22.4,2025-07-11 10:22:44.028156
z-axis bearing crest,3.7,2025-07-11 10:22:44.028156
z-axis motor v_rms,1.2,2025-07-11 10:22:44.028156
z-axis motor a_peak,4600,2025-07-11 10:22:44.028156
z-axis motor a_rms,1600,2025-07-11 10:22:44.028156
z-axis motor temp,25.4,2025-07-11 10:22:44.028156
z-axis motor crest,2.9,2025-07-11 10:22:44.028156
y-axis bearing v_rms,0.9,2025-07-11 10:22:44.028156
y-axis bearing a_peak,5800,2025-07-11 10:22:44.028156
y-axis bearing a_rms,2800,2025-07-11 10:22:44.028156
y-axis bearing temp,21.3,2025-07-11 10:22:44.028156
y-axis bearing crest,2.1,2025-07-11 10:22:44.028156
y-axis motor v_rms,0.8,2025-07-11 10:22:44.028156
y-axis motor a_peak,6400,2025-07-11 10:22:44.028156
y-axis motor a_rms,2400,2025-07-11 10:22:44.028156
y-axis motor temp,24.2,2025-07-11 10:22:44.028156
y-axis motor crest,2.7,2025-07-11 10:22:44.028156
x-axis motor v_rms,0.5,2025-07-11 10:22:44.028156
x-axis motor a_peak,2900,2025-07-11 10:22:44.028156
x-axis motor a_rms,1400,2025-07-11 10:22:44.028156
x-axis motor temp,21.4,2025-07-11 10:22:44.028156
x-axis motor crest,2.1,2025-07-11 10:22:44.028156
voltage,130.13333333333335,2025-07-11 10:22:44.028156
current,42.56333333333333,2025-07-11 10:22:44.028156
active power,5133.0,2025-07-11 10:22:44.028156
forward kWh,16.226666666666667,2025-07-11 10:22:44.028156
reverse kWh,0.3606666666666667,2025-07-11 10:22:44.028156
frequency,59.98,2025-07-11 10:22:44.028156
power factor,0.9,2025-07-11 10:22:44.028156
featureId,NONE,2025-07-11 10:22:45.028409
partKindId,EDB34637-67D8-465A-AFBA-010AD86D34F6,2025-07-11 10:22:45.028409
processKindId,AF6B782E-23DD-4144-8665-11C813BE7660,2025-07-11 10:22:45.028409
A_Axis_Load,16,2025-07-11 10:22:45.028409
A_Position,0.000167897837982586,2025-07-11 10:22:45.028409
C_Axis_Load,45,2025-07-11 10:22:45.028409
C_Position,30.001,2025-07-11 10:22:45.028409
Machine_Time,2590490.28,2025-07-11 10:22:45.028409
Spindle_Time,690508.343999999,2025-07-11 10:22:45.028409
Feed_Override,100,2025-07-11 10:22:45.028409
Feed_Rate,71.25,2025-07-11 10:22:45.028409
Program_Runtime_Seconds,18,2025-07-11 10:22:45.028409
Rapid_Override,100,2025-07-11 10:22:45.028409
Rapid_Speed,0,2025-07-11 10:22:45.028409
S_Axis_Load,0,2025-07-11 10:22:45.028409
Spindle_Override,100,2025-07-11 10:22:45.028409
Spindle_Speed,9792,2025-07-11 10:22:45.028409
X_Axis_Load,0,2025-07-11 10:22:45.028409
X_Position,443.905587786998,2025-07-11 10:22:45.028409
Y_Axis_Load,10,2025-07-11 10:22:45.028409
Y_Position,272.1954566757,2025-07-11 10:22:45.028409
Z_Axis_Load,32,2025-07-11 10:22:45.028409
Z_Position,-297.620811567835,2025-07-11 10:22:45.028409
COR_Status,1,2025-07-11 10:22:45.028409
Controller_Mode,AUTO,2025-07-11 10:22:45.028409
EStop_State,ARMED,2025-07-11 10:22:45.028409
Machine_Mode,5,2025-07-11 10:22:45.028409
Block_Number,21,2025-07-11 10:22:45.028409
Current_Tool,6,2025-07-11 10:22:45.028409
Part_Count,3,2025-07-11 10:22:45.028409
Program_Name_Running,000454_D_A_PROGRAM_2.NC,2025-07-11 10:22:45.028409
spindle motor v_rms,0.8,2025-07-11 10:22:45.028409
spindle motor a_peak,8400,2025-07-11 10:22:45.028409
spindle motor a_rms,2700,2025-07-11 10:22:45.028409
spindle motor temp,24.6,2025-07-11 10:22:45.028409
spindle motor crest,3.1,2025-07-11 10:22:45.028409
z-axis bearing v_rms,0.3,2025-07-11 10:22:45.028409
z-axis bearing a_peak,13800,2025-07-11 10:22:45.028409
z-axis bearing a_rms,3900,2025-07-11 10:22:45.028409
z-axis bearing temp,22.4,2025-07-11 10:22:45.028409
z-axis bearing crest,3.5,2025-07-11 10:22:45.028409
z-axis motor v_rms,1.5,2025-07-11 10:22:45.028409
z-axis motor a_peak,4100,2025-07-11 10:22:45.028409
z-axis motor a_rms,1900,2025-07-11 10:22:45.028409
z-axis motor temp,25.4,2025-07-11 10:22:45.028409
z-axis motor crest,2.2,2025-07-11 10:22:45.028409
y-axis bearing v_rms,0.9,2025-07-11 10:22:45.028409
y-axis bearing a_peak,5200,2025-07-11 10:22:45.028409
y-axis bearing a_rms,2800,2025-07-11 10:22:45.028409
y-axis bearing temp,21.3,2025-07-11 10:22:45.028409
y-axis bearing crest,1.9,2025-07-11 10:22:45.028409
y-axis motor v_rms,1.5,2025-07-11 10:22:45.028409
y-axis motor a_peak,12600,2025-07-11 10:22:45.028409
y-axis motor a_rms,4900,2025-07-11 10:22:45.028409
y-axis motor temp,24.2,2025-07-11 10:22:45.028409
y-axis motor crest,2.6,2025-07-11 10:22:45.028409
x-axis motor v_rms,0.5,2025-07-11 10:22:45.028409
x-axis motor a_peak,3100,2025-07-11 10:22:45.028409
x-axis motor a_rms,1400,2025-07-11 10:22:45.028409
x-axis motor temp,21.4,2025-07-11 10:22:45.028409
x-axis motor crest,2.1,2025-07-11 10:22:45.028409
voltage,130.36666666666667,2025-07-11 10:22:45.028409
current,38.446666666666665,2025-07-11 10:22:45.028409
active power,4628.333333333333,2025-07-11 10:22:45.028409
forward kWh,16.227999999999998,2025-07-11 10:22:45.028409
reverse kWh,0.3606666666666667,2025-07-11 10:22:45.028409
frequency,59.98,2025-07-11 10:22:45.028409
power factor,0.67,2025-07-11 10:22:45.028409
featureId,NONE,2025-07-11 10:22:46.028737
partKindId,EDB34637-67D8-465A-AFBA-010AD86D34F6,2025-07-11 10:22:46.028737
processKindId,AF6B782E-23DD-4144-8665-11C813BE7660,2025-07-11 10:22:46.028737
A_Axis_Load,16,2025-07-11 10:22:46.028737
A_Position,0.000167897837982586,2025-07-11 10:22:46.028737
C_Axis_Load,45,2025-07-11 10:22:46.028737
C_Position,30.0005,2025-07-11 10:22:46.028737
Machine_Time,2590490.28,2025-07-11 10:22:46.028737
Spindle_Time,690508.343999999,2025-07-11 10:22:46.028737
Feed_Override,100,2025-07-11 10:22:46.028737
Feed_Rate,71.25,2025-07-11 10:22:46.028737
Program_Runtime_Seconds,18,2025-07-11 10:22:46.028737
Rapid_Override,100,2025-07-11 10:22:46.028737
Rapid_Speed,0,2025-07-11 10:22:46.028737
S_Axis_Load,1,2025-07-11 10:22:46.028737
Spindle_Override,100,2025-07-11 10:22:46.028737
Spindle_Speed,9792,2025-07-11 10:22:46.028737
X_Axis_Load,1,2025-07-11 10:22:46.028737
X_Position,443.905324535954,2025-07-11 10:22:46.028737
Y_Axis_Load,10,2025-07-11 10:22:46.028737
Y_Position,209.747525414747,2025-07-11 10:22:46.028737
Z_Axis_Load,31,2025-07-11 10:22:46.028737
Z_Position,-297.620845895739,2025-07-11 10:22:46.028737
COR_Status,1,2025-07-11 10:22:46.028737
Controller_Mode,AUTO,2025-07-11 10:22:46.028737
EStop_State,ARMED,2025-07-11 10:22:46.028737
Machine_Mode,5,2025-07-11 10:22:46.028737
Block_Number,21,2025-07-11 10:22:46.028737
Current_Tool,6,2025-07-11 10:22:46.028737
Part_Count,3,2025-07-11 10:22:46.028737
Program_Name_Running,000454_D_A_PROGRAM_2.NC,2025-07-11 10:22:46.028737
spindle motor v_rms,0.8,2025-07-11 10:22:46.028737
spindle motor a_peak,15100,2025-07-11 10:22:46.028737
spindle motor a_rms,3100,2025-07-11 10:22:46.028737
spindle motor temp,24.6,2025-07-11 10:22:46.028737
spindle motor crest,4.9,2025-07-11 10:22:46.028737
z-axis bearing v_rms,0.2,2025-07-11 10:22:46.028737
z-axis bearing a_peak,13900,2025-07-11 10:22:46.028737
z-axis bearing a_rms,3800,2025-07-11 10:22:46.028737
z-axis bearing temp,22.4,2025-07-11 10:22:46.028737
z-axis bearing crest,3.6,2025-07-11 10:22:46.028737
z-axis motor v_rms,1.7,2025-07-11 10:22:46.028737
z-axis motor a_peak,5800,2025-07-11 10:22:46.028737
z-axis motor a_rms,2100,2025-07-11 10:22:46.028737
z-axis motor temp,25.4,2025-07-11 10:22:46.028737
z-axis motor crest,2.8,2025-07-11 10:22:46.028737
y-axis bearing v_rms,0.5,2025-07-11 10:22:46.028737
y-axis bearing a_peak,5000,2025-07-11 10:22:46.028737
y-axis bearing a_rms,1800,2025-07-11 10:22:46.028737
y-axis bearing temp,21.3,2025-07-11 10:22:46.028737
y-axis bearing crest,2.8,2025-07-11 10:22:46.028737
y-axis motor v_rms,0.9,2025-07-11 10:22:46.028737
y-axis motor a_peak,11500,2025-07-11 10:22:46.028737
y-axis motor a_rms,3100,2025-07-11 10:22:46.028737
y-axis motor temp,24.2,2025-07-11 10:22:46.028737
y-axis motor crest,3.7,2025-07-11 10:22:46.028737
x-axis motor v_rms,1.0,2025-07-11 10:22:46.028737
x-axis motor a_peak,3900,2025-07-11 10:22:46.028737
x-axis motor a_rms,900,2025-07-11 10:22:46.028737
x-axis motor temp,21.4,2025-07-11 10:22:46.028737
x-axis motor crest,4.4,2025-07-11 10:22:46.028737
voltage,132.0,2025-07-11 10:22:46.028737
current,15.146666666666667,2025-07-11 10:22:46.028737
active power,1603.3333333333333,2025-07-11 10:22:46.028737
forward kWh,16.227999999999998,2025-07-11 10:22:46.028737
reverse kWh,0.3606666666666667,2025-07-11 10:22:46.028737
frequency,59.98,2025-07-11 10:22:46.028737
power factor,0.71,2025-07-11 10:22:46.028737
featureId,NONE,2025-07-11 10:22:47.028947
partKindId,EDB34637-67D8-465A-AFBA-010AD86D34F6,2025-07-11 10:22:47.028947
processKindId,AF6B782E-23DD-4144-8665-11C813BE7660,2025-07-11 10:22:47.028947
A_Axis_Load,16,2025-07-11 10:22:47.028947
A_Position,0.000167897837982586,2025-07-11 10:22:47.028947
C_Axis_Load,45,2025-07-11 10:22:47.028947
C_Position,30.0015,2025-07-11 10:22:47.028947
Machine_Time,2590490.28,2025-07-11 10:22:47.028947
Spindle_Time,690508.343999999,2025-07-11 10:22:47.028947
Feed_Override,100,2025-07-11 10:22:47.028947
Feed_Rate,71.25,2025-07-11 10:22:47.028947
Program_Runtime_Seconds,19,2025-07-11 10:22:47.028947
Rapid_Override,100,2025-07-11 10:22:47.028947
Rapid_Speed,0,2025-07-11 10:22:47.028947
S_Axis_Load,0,2025-07-11 10:22:47.028947
Spindle_Override,100,2025-07-11 10:22:47.028947
Spindle_Speed,9792,2025-07-11 10:22:47.028947
X_Axis_Load,13,2025-07-11 10:22:47.028947
X_Position,379.426606194638,2025-07-11 10:22:47.028947
Y_Axis_Load,1,2025-07-11 10:22:47.028947
Y_Position,205.138009745069,2025-07-11 10:22:47.028947
Z_Axis_Load,33,2025-07-11 10:22:47.028947
Z_Position,-297.620720026757,2025-07-11 10:22:47.028947
COR_Status,1,2025-07-11 10:22:47.028947
Controller_Mode,AUTO,2025-07-11 10:22:47.028947
EStop_State,ARMED,2025-07-11 10:22:47.028947
Machine_Mode,5,2025-07-11 10:22:47.028947
Block_Number,22,2025-07-11 10:22:47.028947
Current_Tool,6,2025-07-11 10:22:47.028947
Part_Count,3,2025-07-11 10:22:47.028947
Program_Name_Running,000454_D_A_PROGRAM_2.NC,2025-07-11 10:22:47.028947
spindle motor v_rms,1.4,2025-07-11 10:22:47.028947
spindle motor a_peak,14400,2025-07-11 10:22:47.028947
spindle motor a_rms,5400,2025-07-11 10:22:47.028947
spindle motor temp,24.6,2025-07-11 10:22:47.028947
spindle motor crest,2.7,2025-07-11 10:22:47.028947
z-axis bearing v_rms,0.3,2025-07-11 10:22:47.028947
z-axis bearing a_peak,10600,2025-07-11 10:22:47.028947
z-axis bearing a_rms,4300,2025-07-11 10:22:47.028947
z-axis bearing temp,22.4,2025-07-11 10:22:47.028947
z-axis bearing crest,2.5,2025-07-11 10:22:47.028947
z-axis motor v_rms,1.8,2025-07-11 10:22:47.028947
z-axis motor a_peak,5600,2025-07-11 10:22:47.028947
z-axis motor a_rms,2300,2025-07-11 10:22:47.028947
z-axis motor temp,25.4,2025-07-11 10:22:47.028947
z-axis motor crest,2.4,2025-07-11 10:22:47.028947
y-axis bearing v_rms,0.6,2025-07-11 10:22:47.028947
y-axis bearing a_peak,3700,2025-07-11 10:22:47.028947
y-axis bearing a_rms,1900,2025-07-11 10:22:47.028947
y-axis bearing temp,21.3,2025-07-11 10:22:47.028947
y-axis bearing crest,1.9,2025-07-11 10:22:47.028947
y-axis motor v_rms,1.4,2025-07-11 10:22:47.028947
y-axis motor a_peak,10100,2025-07-11 10:22:47.028947
y-axis motor a_rms,4600,2025-07-11 10:22:47.028947
y-axis motor temp,24.2,2025-07-11 10:22:47.028947
y-axis motor crest,2.2,2025-07-11 10:22:47.028947
x-axis motor v_rms,0.4,2025-07-11 10:22:47.028947
x-axis motor a_peak,2500,2025-07-11 10:22:47.028947
x-axis motor a_rms,1000,2025-07-11 10:22:47.028947
x-axis motor temp,21.4,2025-07-11 10:22:47.028947
x-axis motor crest,2.4,2025-07-11 10:22:47.028947
voltage,132.0,2025-07-11 10:22:47.028947
current,12.946666666666667,2025-07-11 10:22:47.028947
active power,1474.6666666666667,2025-07-11 10:22:47.028947
forward kWh,16.228666666666665,2025-07-11 10:22:47.028947
reverse kWh,0.3606666666666667,2025-07-11 10:22:47.028947
frequency,59.98,2025-07-11 10:22:47.028947
power factor,0.8366666666666666,2025-07-11 10:22:47.028947
featureId,NONE,2025-07-11 10:22:48.029141
partKindId,EDB34637-67D8-465A-AFBA-010AD86D34F6,2025-07-11 10:22:48.029141
processKindId,AF6B782E-23DD-4144-8665-11C813BE7660,2025-07-11 10:22:48.029141
A_Axis_Load,16,2025-07-11 10:22:48.029141
A_Position,0.000167897837982586,2025-07-11 10:22:48.029141
C_Axis_Load,45,2025-07-11 10:22:48.029141
C_Position,30.0015,2025-07-11 10:22:48.029141
Machine_Time,2590490.28,2025-07-11 10:22:48.029141
Spindle_Time,690508.343999999,2025-07-11 10:22:48.029141
Feed_Override,100,2025-07-11 10:22:48.029141
Feed_Rate,54.48333,2025-07-11 10:22:48.029141
Program_Runtime_Seconds,20,2025-07-11 10:22:48.029141
Rapid_Override,100,2025-07-11 10:22:48.029141
Rapid_Speed,0,2025-07-11 10:22:48.029141
S_Axis_Load,0,2025-07-11 10:22:48.029141
Spindle_Override,100,2025-07-11 10:22:48.029141
Spindle_Speed,9792,2025-07-11 10:22:48.029141
X_Axis_Load,6,2025-07-11 10:22:48.029141
X_Position,316.906760059136,2025-07-11 10:22:48.029141
Y_Axis_Load,20,2025-07-11 10:22:48.029141
Y_Position,208.086803698971,2025-07-11 10:22:48.029141
Z_Axis_Load,33,2025-07-11 10:22:48.029141
Z_Position,-297.620811567835,2025-07-11 10:22:48.029141
COR_Status,1,2025-07-11 10:22:48.029141
Controller_Mode,AUTO,2025-07-11 10:22:48.029141
EStop_State,ARMED,2025-07-11 10:22:48.029141
Machine_Mode,5,2025-07-11 10:22:48.029141
Block_Number,22,2025-07-11 10:22:48.029141
Current_Tool,6,2025-07-11 10:22:48.029141
Part_Count,3,2025-07-11 10:22:48.029141
Program_Name_Running,000454_D_A_PROGRAM_2.NC,2025-07-11 10:22:48.029141
spindle motor v_rms,0.7,2025-07-11 10:22:48.029141
spindle motor a_peak,13900,2025-07-11 10:22:48.029141
spindle motor a_rms,2500,2025-07-11 10:22:48.029141
spindle motor temp,24.6,2025-07-11 10:22:48.029141
spindle motor crest,5.4,2025-07-11 10:22:48.029141
z-axis bearing v_rms,0.2,2025-07-11 10:22:48.029141
z-axis bearing a_peak,15600,2025-07-11 10:22:48.029141
z-axis bearing a_rms,2500,2025-07-11 10:22:48.029141
z-axis bearing temp,22.4,2025-07-11 10:22:48.029141
z-axis bearing crest,6.2,2025-07-11 10:22:48.029141
z-axis motor v_rms,1.7,2025-07-11 10:22:48.029141
z-axis motor a_peak,6000,2025-07-11 10:22:48.029141
z-axis motor a_rms,2200,2025-07-11 10:22:48.029141
z-axis motor temp,25.4,2025-07-11 10:22:48.029141
z-axis motor crest,2.8,2025-07-11 10:22:48.029141
y-axis bearing v_rms,0.4,2025-07-11 10:22:48.029141
y-axis bearing a_peak,4800,2025-07-11 10:22:48.029141
y-axis bearing a_rms,1600,2025-07-11 10:22:48.029141
y-axis bearing temp,21.3,2025-07-11 10:22:48.029141
y-axis bearing crest,3.0,2025-07-11 10:22:48.029141
y-axis motor v_rms,0.6,2025-07-11 10:22:48.029141
y-axis motor a_peak,8400,2025-07-11 10:22:48.029141
y-axis motor a_rms,2400,2025-07-11 10:22:48.029141
y-axis motor temp,24.2,2025-07-11 10:22:48.029141
y-axis motor crest,3.5,2025-07-11 10:22:48.029141
x-axis motor v_rms,0.6,2025-07-11 10:22:48.029141
x-axis motor a_peak,2300,2025-07-11 10:22:48.029141
x-axis motor a_rms,700,2025-07-11 10:22:48.029141
x-axis motor temp,21.4,2025-07-11 10:22:48.029141
x-axis motor crest,3.3,2025-07-11 10:22:48.029141
voltage,132.03333333333333,2025-07-11 10:22:48.029141
current,13.166666666666666,2025-07-11 10:22:48.029141
active power,1502.3333333333333,2025-07-11 10:22:48.029141
forward kWh,16.229,2025-07-11 10:22:48.029141
reverse kWh,0.3606666666666667,2025-07-11 10:22:48.029141
frequency,59.98,2025-07-11 10:22:48.029141
power factor,0.8700000000000001,2025-07-11 10:22:48.029141
featureId,NONE,2025-07-11 10:22:49.029291
partKindId,EDB34637-67D8-465A-AFBA-010AD86D34F6,2025-07-11 10:22:49.029291
processKindId,AF6B782E-23DD-4144-8665-11C813BE7660,2025-07-11 10:22:49.029291
A_Axis_Load,16,2025-07-11 10:22:49.029291
A_Position,0.000167897837982586,2025-07-11 10:22:49.029291
C_Axis_Load,45,2025-07-11 10:22:49.029291
C_Position,30.0005,2025-07-11 10:22:49.029291
Machine_Time,2590490.28,2025-07-11 10:22:49.029291
Spindle_Time,690508.343999999,2025-07-11 10:22:49.029291
Feed_Override,100,2025-07-11 10:22:49.029291
Feed_Rate,71.25,2025-07-11 10:22:49.029291
Program_Runtime_Seconds,22,2025-07-11 10:22:49.029291
Rapid_Override,100,2025-07-11 10:22:49.029291
Rapid_Speed,0,2025-07-11 10:22:49.029291
S_Axis_Load,0,2025-07-11 10:22:49.029291
Spindle_Override,100,2025-07-11 10:22:49.029291
Spindle_Speed,9792,2025-07-11 10:22:49.029291
X_Axis_Load,3,2025-07-11 10:22:49.029291
X_Position,316.905615597421,2025-07-11 10:22:49.029291
Y_Axis_Load,10,2025-07-11 10:22:49.029291
Y_Position,274.169131128374,2025-07-11 10:22:49.029291
Z_Axis_Load,31,2025-07-11 10:22:49.029291
Z_Position,-297.620868781008,2025-07-11 10:22:49.029291
COR_Status,1,2025-07-11 10:22:49.029291
Controller_Mode,AUTO,2025-07-11 10:22:49.029291
EStop_State,ARMED,2025-07-11 10:22:49.029291
Machine_Mode,5,2025-07-11 10:22:49.029291
Block_Number,23,2025-07-11 10:22:49.029291
Current_Tool,6,2025-07-11 10:22:49.029291
Part_Count,3,2025-07-11 10:22:49.029291
Program_Name_Running,000454_D_A_PROGRAM_2.NC,2025-07-11 10:22:49.029291
spindle motor v_rms,0.6,2025-07-11 10:22:49.029291
spindle motor a_peak,8300,2025-07-11 10:22:49.029291
spindle motor a_rms,2400,2025-07-11 10:22:49.029291
spindle motor temp,24.6,2025-07-11 10:22:49.029291
spindle motor crest,3.5,2025-07-11 10:22:49.029291
z-axis bearing v_rms,0.2,2025-07-11 10:22:49.029291
z-axis bearing a_peak,8700,2025-07-11 10:22:49.029291
z-axis bearing a_rms,2900,2025-07-11 10:22:49.029291
z-axis bearing temp,22.4,2025-07-11 10:22:49.029291
z-axis bearing crest,3.1,2025-07-11 10:22:49.029291
z-axis motor v_rms,1.7,2025-07-11 10:22:49.029291
z-axis motor a_peak,5500,2025-07-11 10:22:49.029291
z-axis motor a_rms,2300,2025-07-11 10:22:49.029291
z-axis motor temp,25.4,2025-07-11 10:22:49.029291
z-axis motor crest,2.4,2025-07-11 10:22:49.029291
y-axis bearing v_rms,0.6,2025-07-11 10:22:49.029291
y-axis bearing a_peak,5400,2025-07-11 10:22:49.029291
y-axis bearing a_rms,2100,2025-07-11 10:22:49.029291
y-axis bearing temp,21.3,2025-07-11 10:22:49.029291
y-axis bearing crest,2.5,2025-07-11 10:22:49.029291
y-axis motor v_rms,0.5,2025-07-11 10:22:49.029291
y-axis motor a_peak,7200,2025-07-11 10:22:49.029291
y-axis motor a_rms,2000,2025-07-11 10:22:49.029291
y-axis motor temp,24.2,2025-07-11 10:22:49.029291
y-axis motor crest,3.6,2025-07-11 10:22:49.029291
x-axis motor v_rms,1.0,2025-07-11 10:22:49.029291
x-axis motor a_peak,3800,2025-07-11 10:22:49.029291
x-axis motor a_rms,1200,2025-07-11 10:22:49.029291
x-axis motor temp,21.4,2025-07-11 10:22:49.029291
x-axis motor crest,3.0,2025-07-11 10:22:49.029291
voltage,132.20000000000002,2025-07-11 10:22:49.029291
current,11.65,2025-07-11 10:22:49.029291
active power,1166.3333333333333,2025-07-11 10:22:49.029291
forward kWh,16.229,2025-07-11 10:22:49.029291
reverse kWh,0.3606666666666667,2025-07-11 10:22:49.029291
frequency,59.98,2025-07-11 10:22:49.029291
power factor,0.7033333333333333,2025-07-11 10:22:49.029291
featureId,NONE,2025-07-11 10:22:50.029606
partKindId,EDB34637-67D8-465A-AFBA-010AD86D34F6,2025-07-11 10:22:50.029606
processKindId,AF6B782E-23DD-4144-8665-11C813BE7660,2025-07-11 10:22:50.029606
A_Axis_Load,16,2025-07-11 10:22:50.029606
A_Position,0.000167897837982586,2025-07-11 10:22:50.029606
C_Axis_Load,45,2025-07-11 10:22:50.029606
C_Position,30.001,2025-07-11 10:22:50.029606
Machine_Time,2590490.28,2025-07-11 10:22:50.029606
Spindle_Time,690508.343999999,2025-07-11 10:22:50.029606
Feed_Override,100,2025-07-11 10:22:50.029606
Feed_Rate,71.25,2025-07-11 10:22:50.029606
Program_Runtime_Seconds,22,2025-07-11 10:22:50.029606
Rapid_Override,100,2025-07-11 10:22:50.029606
Rapid_Speed,0,2025-07-11 10:22:50.029606
S_Axis_Load,1,2025-07-11 10:22:50.029606
Spindle_Override,100,2025-07-11 10:22:50.029606
Spindle_Speed,9792,2025-07-11 10:22:50.029606
X_Axis_Load,10,2025-07-11 10:22:50.029606
X_Position,363.210668909075,2025-07-11 10:22:50.029606
Y_Axis_Load,1,2025-07-11 10:22:50.029606
Y_Position,300.641977317496,2025-07-11 10:22:50.029606
Z_Axis_Load,31,2025-07-11 10:22:50.029606
Z_Position,-297.620811567835,2025-07-11 10:22:50.029606
COR_Status,1,2025-07-11 10:22:50.029606
Controller_Mode,AUTO,2025-07-11 10:22:50.029606
EStop_State,ARMED,2025-07-11 10:22:50.029606
Machine_Mode,5,2025-07-11 10:22:50.029606
Block_Number,24,2025-07-11 10:22:50.029606
Current_Tool,6,2025-07-11 10:22:50.029606
Part_Count,3,2025-07-11 10:22:50.029606
Program_Name_Running,000454_D_A_PROGRAM_2.NC,2025-07-11 10:22:50.029606
spindle motor v_rms,0.9,2025-07-11 10:22:50.029606
spindle motor a_peak,12300,2025-07-11 10:22:50.029606
spindle motor a_rms,4000,2025-07-11 10:22:50.029606
spindle motor temp,24.6,2025-07-11 10:22:50.029606
spindle motor crest,3.1,2025-07-11 10:22:50.029606
z-axis bearing v_rms,0.3,2025-07-11 10:22:50.029606
z-axis bearing a_peak,10000,2025-07-11 10:22:50.029606
z-axis bearing a_rms,3100,2025-07-11 10:22:50.029606
z-axis bearing temp,22.4,2025-07-11 10:22:50.029606
z-axis bearing crest,3.3,2025-07-11 10:22:50.029606
z-axis motor v_rms,1.7,2025-07-11 10:22:50.029606
z-axis motor a_peak,4900,2025-07-11 10:22:50.029606
z-axis motor a_rms,2000,2025-07-11 10:22:50.029606
z-axis motor temp,25.4,2025-07-11 10:22:50.029606
z-axis motor crest,2.4,2025-07-11 10:22:50.029606
y-axis bearing v_rms,0.6,2025-07-11 10:22:50.029606
y-axis bearing a_peak,5900,2025-07-11 10:22:50.029606
y-axis bearing a_rms,2000,2025-07-11 10:22:50.029606
y-axis bearing temp,21.3,2025-07-11 10:22:50.029606
y-axis bearing crest,3.0,2025-07-11 10:22:50.029606
y-axis motor v_rms,1.1,2025-07-11 10:22:50.029606
y-axis motor a_peak,8400,2025-07-11 10:22:50.029606
y-axis motor a_rms,3500,2025-07-11 10:22:50.029606
y-axis motor temp,24.2,2025-07-11 10:22:50.029606
y-axis motor crest,2.4,2025-07-11 10:22:50.029606
x-axis motor v_rms,0.7,2025-07-11 10:22:50.029606
x-axis motor a_peak,4100,2025-07-11 10:22:50.029606
x-axis motor a_rms,1400,2025-07-11 10:22:50.029606
x-axis motor temp,21.4,2025-07-11 10:22:50.029606
x-axis motor crest,2.9,2025-07-11 10:22:50.029606
voltage,132.20000000000002,2025-07-11 10:22:50.029606
current,10.38,2025-07-11 10:22:50.029606
active power,1197.6666666666667,2025-07-11 10:22:50.029606
forward kWh,16.23,2025-07-11 10:22:50.029606
reverse kWh,0.3606666666666667,2025-07-11 10:22:50.029606
frequency,59.97,2025-07-11 10:22:50.029606
power factor,0.8700000000000001,2025-07-11 10:22:50.029606
featureId,NONE,2025-07-11 10:22:51.029754
partKindId,EDB34637-67D8-465A-AFBA-010AD86D34F6,2025-07-11 10:22:51.029754
processKindId,AF6B782E-23DD-4144-8665-11C813BE7660,2025-07-11 10:22:51.029754
A_Axis_Load,16,2025-07-11 10:22:51.029754
A_Position,0.000167897837982586,2025-07-11 10:22:51.029754
C_Axis_Load,45,2025-07-11 10:22:51.029754
C_Position,30.0005,2025-07-11 10:22:51.029754
Machine_Time,2590490.28,2025-07-11 10:22:51.029754
Spindle_Time,690508.343999999,2025-07-11 10:22:51.029754
Feed_Override,100,2025-07-11 10:22:51.029754
Feed_Rate,71.25,2025-07-11 10:22:51.029754
Program_Runtime_Seconds,23,2025-07-11 10:22:51.029754
Rapid_Override,100,2025-07-11 10:22:51.029754
Rapid_Speed,0,2025-07-11 10:22:51.029754
S_Axis_Load,1,2025-07-11 10:22:51.029754
Spindle_Override,100,2025-07-11 10:22:51.029754
Spindle_Speed,9792,2025-07-11 10:22:51.029754
X_Axis_Load,12,2025-07-11 10:22:51.029754
X_Position,414.065728165051,2025-07-11 10:22:51.029754
Y_Axis_Load,5,2025-07-11 10:22:51.029754
Y_Position,294.291796861278,2025-07-11 10:22:51.029754
Z_Axis_Load,32,2025-07-11 10:22:51.029754
Z_Position,-297.620834453104,2025-07-11 10:22:51.029754
COR_Status,1,2025-07-11 10:22:51.029754
Controller_Mode,AUTO,2025-07-11 10:22:51.029754
EStop_State,ARMED,2025-07-11 10:22:51.029754
Machine_Mode,5,2025-07-11 10:22:51.029754
Block_Number,26,2025-07-11 10:22:51.029754
Current_Tool,6,2025-07-11 10:22:51.029754
Part_Count,3,2025-07-11 10:22:51.029754
Program_Name_Running,000454_D_A_PROGRAM_2.NC,2025-07-11 10:22:51.029754
spindle motor v_rms,0.8,2025-07-11 10:22:51.029754
spindle motor a_peak,14300,2025-07-11 10:22:51.029754
spindle motor a_rms,4000,2025-07-11 10:22:51.029754
spindle motor temp,24.6,2025-07-11 10:22:51.029754
spindle motor crest,3.5,2025-07-11 10:22:51.029754
z-axis bearing v_rms,0.3,2025-07-11 10:22:51.029754
z-axis bearing a_peak,16400,2025-07-11 10:22:51.029754
z-axis bearing a_rms,3500,2025-07-11 10:22:51.029754
z-axis bearing temp,22.4,2025-07-11 10:22:51.029754
z-axis bearing crest,4.6,2025-07-11 10:22:51.029754
z-axis motor v_rms,1.8,2025-07-11 10:22:51.029754
z-axis motor a_peak,6100,2025-07-11 10:22:51.029754
z-axis motor a_rms,2100,2025-07-11 10:22:51.029754
z-axis motor temp,25.4,2025-07-11 10:22:51.029754
z-axis motor crest,2.9,2025-07-11 10:22:51.029754
y-axis bearing v_rms,0.5,2025-07-11 10:22:51.029754
y-axis bearing a_peak,4500,2025-07-11 10:22:51.029754
y-axis bearing a_rms,1700,2025-07-11 10:22:51.029754
y-axis bearing temp,21.3,2025-07-11 10:22:51.029754
y-axis bearing crest,2.6,2025-07-11 10:22:51.029754
y-axis motor v_rms,1.0,2025-07-11 10:22:51.029754
y-axis motor a_peak,9500,2025-07-11 10:22:51.029754
y-axis motor a_rms,3000,2025-07-11 10:22:51.029754
y-axis motor temp,24.2,2025-07-11 10:22:51.029754
y-axis motor crest,3.2,2025-07-11 10:22:51.029754
x-axis motor v_rms,0.7,2025-07-11 10:22:51.029754
x-axis motor a_peak,3900,2025-07-11 10:22:51.029754
x-axis motor a_rms,1400,2025-07-11 10:22:51.029754
x-axis motor temp,21.4,2025-07-11 10:22:51.029754
x-axis motor crest,2.8,2025-07-11 10:22:51.029754
voltage,132.03333333333333,2025-07-11 10:22:51.029754
current,12.883333333333333,2025-07-11 10:22:51.029754
active power,1468.3333333333333,2025-07-11 10:22:51.029754
forward kWh,16.230666666666668,2025-07-11 10:22:51.029754
reverse kWh,0.3606666666666667,2025-07-11 10:22:51.029754
frequency,59.97,2025-07-11 10:22:51.029754
power factor,0.8533333333333334,2025-07-11 10:22:51.029754
featureId,NONE,2025-07-11 10:22:52.029922
partKindId,EDB34637-67D8-465A-AFBA-010AD86D34F6,2025-07-11 10:22:52.029922
processKindId,AF6B782E-23DD-4144-8665-11C813BE7660,2025-07-11 10:22:52.029922
A_Axis_Load,16,2025-07-11 10:22:52.029922
A_Position,0.000167897837982586,2025-07-11 10:22:52.029922
C_Axis_Load,45,2025-07-11 10:22:52.029922
C_Position,30.0005,2025-07-11 10:22:52.029922
Machine_Time,2590490.28,2025-07-11 10:22:52.029922
Spindle_Time,690508.343999999,2025-07-11 10:22:52.029922
Feed_Override,100,2025-07-11 10:22:52.029922
Feed_Rate,71.25,2025-07-11 10:22:52.029922
Program_Runtime_Seconds,24,2025-07-11 10:22:52.029922
Rapid_Override,100,2025-07-11 10:22:52.029922
Rapid_Speed,0,2025-07-11 10:22:52.029922
S_Axis_Load,0,2025-07-11 10:22:52.029922
Spindle_Override,100,2025-07-11 10:22:52.029922
Spindle_Speed,9792,2025-07-11 10:22:52.029922
X_Axis_Load,0,2025-07-11 10:22:52.029922
X_Position,437.555606338432,2025-07-11 10:22:52.029922
Y_Axis_Load,10,2025-07-11 10:22:52.029922
Y_Position,245.006462908415,2025-07-11 10:22:52.029922
Z_Axis_Load,32,2025-07-11 10:22:52.029922
Z_Position,-297.620845895739,2025-07-11 10:22:52.029922
COR_Status,1,2025-07-11 10:22:52.029922
Controller_Mode,AUTO,2025-07-11 10:22:52.029922
EStop_State,ARMED,2025-07-11 10:22:52.029922
Machine_Mode,5,2025-07-11 10:22:52.029922
Block_Number,27,2025-07-11 10:22:52.029922
Current_Tool,6,2025-07-11 10:22:52.029922
Part_Count,3,2025-07-11 10:22:52.029922
Program_Name_Running,000454_D_A_PROGRAM_2.NC,2025-07-11 10:22:52.029922
spindle motor v_rms,0.8,2025-07-11 10:22:52.029922
spindle motor a_peak,8900,2025-07-11 10:22:52.029922
spindle motor a_rms,2700,2025-07-11 10:22:52.029922
spindle motor temp,24.6,2025-07-11 10:22:52.029922
spindle motor crest,3.2,2025-07-11 10:22:52.029922
z-axis bearing v_rms,0.2,2025-07-11 10:22:52.029922
z-axis bearing a_peak,11100,2025-07-11 10:22:52.029922
z-axis bearing a_rms,4000,2025-07-11 10:22:52.029922
z-axis bearing temp,22.4,2025-07-11 10:22:52.029922
z-axis bearing crest,2.8,2025-07-11 10:22:52.029922
z-axis motor v_rms,1.5,2025-07-11 10:22:52.029922
z-axis motor a_peak,3800,2025-07-11 10:22:52.029922
z-axis motor a_rms,1800,2025-07-11 10:22:52.029922
z-axis motor temp,25.4,2025-07-11 10:22:52.029922
z-axis motor crest,2.1,2025-07-11 10:22:52.029922
y-axis bearing v_rms,0.7,2025-07-11 10:22:52.029922
y-axis bearing a_peak,4600,2025-07-11 10:22:52.029922
y-axis bearing a_rms,2400,2025-07-11 10:22:52.029922
y-axis bearing temp,21.3,2025-07-11 10:22:52.029922
y-axis bearing crest,1.9,2025-07-11 10:22:52.029922
y-axis motor v_rms,1.4,2025-07-11 10:22:52.029922
y-axis motor a_peak,12000,2025-07-11 10:22:52.029922
y-axis motor a_rms,4700,2025-07-11 10:22:52.029922
y-axis motor temp,24.2,2025-07-11 10:22:52.029922
y-axis motor crest,2.6,2025-07-11 10:22:52.029922
x-axis motor v_rms,0.5,2025-07-11 10:22:52.029922
x-axis motor a_peak,4900,2025-07-11 10:22:52.029922
x-axis motor a_rms,1500,2025-07-11 10:22:52.029922
x-axis motor temp,21.4,2025-07-11 10:22:52.029922
x-axis motor crest,3.3,2025-07-11 10:22:52.029922
voltage,132.0,2025-07-11 10:22:52.029922
current,12.013333333333334,2025-07-11 10:22:52.029922
active power,1363.3333333333333,2025-07-11 10:22:52.029922
forward kWh,16.230666666666668,2025-07-11 10:22:52.029922
reverse kWh,0.3606666666666667,2025-07-11 10:22:52.029922
frequency,59.97,2025-07-11 10:22:52.029922
power factor,0.7933333333333333,2025-07-11 10:22:52.029922
featureId,NONE,2025-07-11 10:22:53.030090
partKindId,EDB34637-67D8-465A-AFBA-010AD86D34F6,2025-07-11 10:22:53.030090
processKindId,AF6B782E-23DD-4144-8665-11C813BE7660,2025-07-11 10:22:53.030090
A_Axis_Load,16,2025-07-11 10:22:53.030090
A_Position,0.000167897837982586,2025-07-11 10:22:53.030090
C_Axis_Load,45,2025-07-11 10:22:53.030090
C_Position,30,2025-07-11 10:22:53.030090
Machine_Time,2590490.28,2025-07-11 10:22:53.030090
Spindle_Time,690508.343999999,2025-07-11 10:22:53.030090
Feed_Override,100,2025-07-11 10:22:53.030090
Feed_Rate,71.25,2025-07-11 10:22:53.030090
Program_Runtime_Seconds,25,2025-07-11 10:22:53.030090
Rapid_Override,100,2025-07-11 10:22:53.030090
Rapid_Speed,0,2025-07-11 10:22:53.030090
S_Axis_Load,2,2025-07-11 10:22:53.030090
Spindle_Override,100,2025-07-11 10:22:53.030090
Spindle_Speed,9792,2025-07-11 10:22:53.030090
X_Axis_Load,11,2025-07-11 10:22:53.030090
X_Position,405.618218285663,2025-07-11 10:22:53.030090
Y_Axis_Load,1,2025-07-11 10:22:53.030090
Y_Position,211.487894796399,2025-07-11 10:22:53.030090
Z_Axis_Load,32,2025-07-11 10:22:53.030090
Z_Position,-297.620834453104,2025-07-11 10:22:53.030090
COR_Status,1,2025-07-11 10:22:53.030090
Controller_Mode,AUTO,2025-07-11 10:22:53.030090
EStop_State,ARMED,2025-07-11 10:22:53.030090
Machine_Mode,5,2025-07-11 10:22:53.030090
Block_Number,28,2025-07-11 10:22:53.030090
Current_Tool,6,2025-07-11 10:22:53.030090
Part_Count,3,2025-07-11 10:22:53.030090
Program_Name_Running,000454_D_A_PROGRAM_2.NC,2025-07-11 10:22:53.030090
spindle motor v_rms,1.3,2025-07-11 10:22:53.030090
spindle motor a_peak,16100,2025-07-11 10:22:53.030090
spindle motor a_rms,5100,2025-07-11 10:22:53.030090
spindle motor temp,24.6,2025-07-11 10:22:53.030090
spindle motor crest,3.2,2025-07-11 10:22:53.030090
z-axis bearing v_rms,0.3,2025-07-11 10:22:53.030090
z-axis bearing a_peak,15100,2025-07-11 10:22:53.030090
z-axis bearing a_rms,4600,2025-07-11 10:22:53.030090
z-axis bearing temp,22.4,2025-07-11 10:22:53.030090
z-axis bearing crest,3.3,2025-07-11 10:22:53.030090
z-axis motor v_rms,1.7,2025-07-11 10:22:53.030090
z-axis motor a_peak,5800,2025-07-11 10:22:53.030090
z-axis motor a_rms,2200,2025-07-11 10:22:53.030090
z-axis motor temp,25.4,2025-07-11 10:22:53.030090
z-axis motor crest,2.6,2025-07-11 10:22:53.030090
y-axis bearing v_rms,0.7,2025-07-11 10:22:53.030090
y-axis bearing a_peak,4300,2025-07-11 10:22:53.030090
y-axis bearing a_rms,2100,2025-07-11 10:22:53.030090
y-axis bearing temp,21.3,2025-07-11 10:22:53.030090
y-axis bearing crest,2.0,2025-07-11 10:22:53.030090
y-axis motor v_rms,1.4,2025-07-11 10:22:53.030090
y-axis motor a_peak,9300,2025-07-11 10:22:53.030090
y-axis motor a_rms,4300,2025-07-11 10:22:53.030090
y-axis motor temp,24.2,2025-07-11 10:22:53.030090
y-axis motor crest,2.1,2025-07-11 10:22:53.030090
x-axis motor v_rms,0.2,2025-07-11 10:22:53.030090
x-axis motor a_peak,1800,2025-07-11 10:22:53.030090
x-axis motor a_rms,700,2025-07-11 10:22:53.030090
x-axis motor temp,21.4,2025-07-11 10:22:53.030090
x-axis motor crest,2.7,2025-07-11 10:22:53.030090
voltage,132.0,2025-07-11 10:22:53.030090
current,13.403333333333334,2025-07-11 10:22:53.030090
active power,1529.0,2025-07-11 10:22:53.030090
forward kWh,16.230999999999998,2025-07-11 10:22:53.030090
reverse kWh,0.3606666666666667,2025-07-11 10:22:53.030090
frequency,59.97,2025-07-11 10:22:53.030090
power factor,0.8633333333333333,2025-07-11 10:22:53.030090
featureId,NONE,2025-07-11 10:22:54.030302
partKindId,EDB34637-67D8-465A-AFBA-010AD86D34F6,2025-07-11 10:22:54.030302
processKindId,AF6B782E-23DD-4144-8665-11C813BE7660,2025-07-11 10:22:54.030302
A_Axis_Load,16,2025-07-11 10:22:54.030302
A_Position,0.000167897837982586,2025-07-11 10:22:54.030302
C_Axis_Load,45,2025-07-11 10:22:54.030302
C_Position,30,2025-07-11 10:22:54.030302
Machine_Time,2590490.28,2025-07-11 10:22:54.030302
Spindle_Time,690508.343999999,2025-07-11 10:22:54.030302
Feed_Override,100,2025-07-11 10:22:54.030302
Feed_Rate,71.25,2025-07-11 10:22:54.030302
Program_Runtime_Seconds,26,2025-07-11 10:22:54.030302
Rapid_Override,100,2025-07-11 10:22:54.030302
Rapid_Speed,0,2025-07-11 10:22:54.030302
S_Axis_Load,1,2025-07-11 10:22:54.030302
Spindle_Override,100,2025-07-11 10:22:54.030302
Spindle_Speed,9792,2025-07-11 10:22:54.030302
X_Axis_Load,12,2025-07-11 10:22:54.030302
X_Position,339.501086490856,2025-07-11 10:22:54.030302
Y_Axis_Load,0,2025-07-11 10:22:54.030302
Y_Position,211.487974900194,2025-07-11 10:22:54.030302
Z_Axis_Load,31,2025-07-11 10:22:54.030302
Z_Position,-297.620720026757,2025-07-11 10:22:54.030302
COR_Status,1,2025-07-11 10:22:54.030302
Controller_Mode,AUTO,2025-07-11 10:22:54.030302
EStop_State,ARMED,2025-07-11 10:22:54.030302
Machine_Mode,5,2025-07-11 10:22:54.030302
Block_Number,28,2025-07-11 10:22:54.030302
Current_Tool,6,2025-07-11 10:22:54.030302
Part_Count,3,2025-07-11 10:22:54.030302
Program_Name_Running,000454_D_A_PROGRAM_2.NC,2025-07-11 10:22:54.030302
spindle motor v_rms,1.1,2025-07-11 10:22:54.030302
spindle motor a_peak,17700,2025-07-11 10:22:54.030302
spindle motor a_rms,4400,2025-07-11 10:22:54.030302
spindle motor temp,24.6,2025-07-11 10:22:54.030302
spindle motor crest,4.1,2025-07-11 10:22:54.030302
z-axis bearing v_rms,0.3,2025-07-11 10:22:54.030302
z-axis bearing a_peak,15200,2025-07-11 10:22:54.030302
z-axis bearing a_rms,3700,2025-07-11 10:22:54.030302
z-axis bearing temp,22.4,2025-07-11 10:22:54.030302
z-axis bearing crest,4.1,2025-07-11 10:22:54.030302
z-axis motor v_rms,1.7,2025-07-11 10:22:54.030302
z-axis motor a_peak,6200,2025-07-11 10:22:54.030302
z-axis motor a_rms,2100,2025-07-11 10:22:54.030302
z-axis motor temp,25.4,2025-07-11 10:22:54.030302
z-axis motor crest,3.0,2025-07-11 10:22:54.030302
y-axis bearing v_rms,0.6,2025-07-11 10:22:54.030302
y-axis bearing a_peak,6400,2025-07-11 10:22:54.030302
y-axis bearing a_rms,2100,2025-07-11 10:22:54.030302
y-axis bearing temp,21.3,2025-07-11 10:22:54.030302
y-axis bearing crest,3.0,2025-07-11 10:22:54.030302
y-axis motor v_rms,1.0,2025-07-11 10:22:54.030302
y-axis motor a_peak,9300,2025-07-11 10:22:54.030302
y-axis motor a_rms,3000,2025-07-11 10:22:54.030302
y-axis motor temp,24.2,2025-07-11 10:22:54.030302
y-axis motor crest,3.1,2025-07-11 10:22:54.030302
x-axis motor v_rms,0.8,2025-07-11 10:22:54.030302
x-axis motor a_peak,4700,2025-07-11 10:22:54.030302
x-axis motor a_rms,1400,2025-07-11 10:22:54.030302
x-axis motor temp,21.4,2025-07-11 10:22:54.030302
x-axis motor crest,3.3,2025-07-11 10:22:54.030302
voltage,132.03333333333333,2025-07-11 10:22:54.030302
current,13.046666666666667,2025-07-11 10:22:54.030302
active power,1484.0,2025-07-11 10:22:54.030302
forward kWh,16.231666666666666,2025-07-11 10:22:54.030302
reverse kWh,0.3606666666666667,2025-07-11 10:22:54.030302
frequency,59.97,2025-07-11 10:22:54.030302
power factor,0.9666666666666667,2025-07-11 10:22:54.030302
featureId,NONE,2025-07-11 10:22:55.030516
partKindId,EDB34637-67D8-465A-AFBA-010AD86D34F6,2025-07-11 10:22:55.030516
processKindId,AF6B782E-23DD-4144-8665-11C813BE7660,2025-07-11 10:22:55.030516
A_Axis_Load,16,2025-07-11 10:22:55.030516
A_Position,0.000167897837982586,2025-07-11 10:22:55.030516
C_Axis_Load,45,2025-07-11 10:22:55.030516
C_Position,30.001,2025-07-11 10:22:55.030516
Machine_Time,2590490.28,2025-07-11 10:22:55.030516
Spindle_Time,690508.343999999,2025-07-11 10:22:55.030516
Feed_Override,100,2025-07-11 10:22:55.030516
Feed_Rate,71.25,2025-07-11 10:22:55.030516
Program_Runtime_Seconds,27,2025-07-11 10:22:55.030516
Rapid_Override,100,2025-07-11 10:22:55.030516
Rapid_Speed,0,2025-07-11 10:22:55.030516
S_Axis_Load,1,2025-07-11 10:22:55.030516
Spindle_Override,100,2025-07-11 10:22:55.030516
Spindle_Speed,9792,2025-07-11 10:22:55.030516
X_Axis_Load,0,2025-07-11 10:22:55.030516
X_Position,323.255604196554,2025-07-11 10:22:55.030516
Y_Axis_Load,9,2025-07-11 10:22:55.030516
Y_Position,264.310285523236,2025-07-11 10:22:55.030516
Z_Axis_Load,31,2025-07-11 10:22:55.030516
Z_Position,-297.6208001252,2025-07-11 10:22:55.030516
COR_Status,1,2025-07-11 10:22:55.030516
Controller_Mode,AUTO,2025-07-11 10:22:55.030516
EStop_State,ARMED,2025-07-11 10:22:55.030516
Machine_Mode,5,2025-07-11 10:22:55.030516
Block_Number,29,2025-07-11 10:22:55.030516
Current_Tool,6,2025-07-11 10:22:55.030516
Part_Count,3,2025-07-11 10:22:55.030516
Program_Name_Running,000454_D_A_PROGRAM_2.NC,2025-07-11 10:22:55.030516
spindle motor v_rms,1.3,2025-07-11 10:22:55.030516
spindle motor a_peak,11600,2025-07-11 10:22:55.030516
spindle motor a_rms,4400,2025-07-11 10:22:55.030516
spindle motor temp,24.6,2025-07-11 10:22:55.030516
spindle motor crest,2.6,2025-07-11 10:22:55.030516
z-axis bearing v_rms,0.3,2025-07-11 10:22:55.030516
z-axis bearing a_peak,9900,2025-07-11 10:22:55.030516
z-axis bearing a_rms,3400,2025-07-11 10:22:55.030516
z-axis bearing temp,22.4,2025-07-11 10:22:55.030516
z-axis bearing crest,2.9,2025-07-11 10:22:55.030516
z-axis motor v_rms,1.5,2025-07-11 10:22:55.030516
z-axis motor a_peak,4300,2025-07-11 10:22:55.030516
z-axis motor a_rms,1800,2025-07-11 10:22:55.030516
z-axis motor temp,25.4,2025-07-11 10:22:55.030516
z-axis motor crest,2.4,2025-07-11 10:22:55.030516
y-axis bearing v_rms,1.1,2025-07-11 10:22:55.030516
y-axis bearing a_peak,7500,2025-07-11 10:22:55.030516
y-axis bearing a_rms,3600,2025-07-11 10:22:55.030516
y-axis bearing temp,21.3,2025-07-11 10:22:55.030516
y-axis bearing crest,2.1,2025-07-11 10:22:55.030516
y-axis motor v_rms,1.5,2025-07-11 10:22:55.030516
y-axis motor a_peak,12900,2025-07-11 10:22:55.030516
y-axis motor a_rms,4900,2025-07-11 10:22:55.030516
y-axis motor temp,24.2,2025-07-11 10:22:55.030516
y-axis motor crest,2.7,2025-07-11 10:22:55.030516
x-axis motor v_rms,0.8,2025-07-11 10:22:55.030516
x-axis motor a_peak,3200,2025-07-11 10:22:55.030516
x-axis motor a_rms,1400,2025-07-11 10:22:55.030516
x-axis motor temp,21.4,2025-07-11 10:22:55.030516
x-axis motor crest,2.3,2025-07-11 10:22:55.030516
voltage,132.1,2025-07-11 10:22:55.030516
current,11.786666666666667,2025-07-11 10:22:55.030516
active power,1339.6666666666667,2025-07-11 10:22:55.030516
forward kWh,16.231666666666666,2025-07-11 10:22:55.030516
reverse kWh,0.3606666666666667,2025-07-11 10:22:55.030516
frequency,59.97,2025-07-11 10:22:55.030516
power factor,0.84,2025-07-11 10:22:55.030516
featureId,NONE,2025-07-11 10:22:56.030728
partKindId,EDB34637-67D8-465A-AFBA-010AD86D34F6,2025-07-11 10:22:56.030728
processKindId,AF6B782E-23DD-4144-8665-11C813BE7660,2025-07-11 10:22:56.030728
A_Axis_Load,16,2025-07-11 10:22:56.030728
A_Position,-0.000332225347943367,2025-07-11 10:22:56.030728
C_Axis_Load,45,2025-07-11 10:22:56.030728
C_Position,30.001,2025-07-11 10:22:56.030728
Machine_Time,2590490.28,2025-07-11 10:22:56.030728
Spindle_Time,690508.343999999,2025-07-11 10:22:56.030728
Feed_Override,100,2025-07-11 10:22:56.030728
Feed_Rate,71.25,2025-07-11 10:22:56.030728
Program_Runtime_Seconds,28,2025-07-11 10:22:56.030728
Rapid_Override,100,2025-07-11 10:22:56.030728
Rapid_Speed,0,2025-07-11 10:22:56.030728
S_Axis_Load,1,2025-07-11 10:22:56.030728
Spindle_Override,100,2025-07-11 10:22:56.030728
Spindle_Speed,9792,2025-07-11 10:22:56.030728
X_Axis_Load,15,2025-07-11 10:22:56.030728
X_Position,366.051791658906,2025-07-11 10:22:56.030728
Y_Axis_Load,1,2025-07-11 10:22:56.030728
Y_Position,294.292058933025,2025-07-11 10:22:56.030728
Z_Axis_Load,33,2025-07-11 10:22:56.030728
Z_Position,-297.620708584122,2025-07-11 10:22:56.030728
COR_Status,1,2025-07-11 10:22:56.030728
Controller_Mode,AUTO,2025-07-11 10:22:56.030728
EStop_State,ARMED,2025-07-11 10:22:56.030728
Machine_Mode,5,2025-07-11 10:22:56.030728
Block_Number,30,2025-07-11 10:22:56.030728
Current_Tool,6,2025-07-11 10:22:56.030728
Part_Count,3,2025-07-11 10:22:56.030728
Program_Name_Running,000454_D_A_PROGRAM_2.NC,2025-07-11 10:22:56.030728
spindle motor v_rms,0.9,2025-07-11 10:22:56.030728
spindle motor a_peak,12600,2025-07-11 10:22:56.030728
spindle motor a_rms,4000,2025-07-11 10:22:56.030728
spindle motor temp,24.6,2025-07-11 10:22:56.030728
spindle motor crest,3.1,2025-07-11 10:22:56.030728
z-axis bearing v_rms,0.3,2025-07-11 10:22:56.030728
z-axis bearing a_peak,10200,2025-07-11 10:22:56.030728
z-axis bearing a_rms,3300,2025-07-11 10:22:56.030728
z-axis bearing temp,22.4,2025-07-11 10:22:56.030728
z-axis bearing crest,3.1,2025-07-11 10:22:56.030728
z-axis motor v_rms,1.7,2025-07-11 10:22:56.030728
z-axis motor a_peak,4800,2025-07-11 10:22:56.030728
z-axis motor a_rms,2000,2025-07-11 10:22:56.030728
z-axis motor temp,25.4,2025-07-11 10:22:56.030728
z-axis motor crest,2.4,2025-07-11 10:22:56.030728
y-axis bearing v_rms,0.7,2025-07-11 10:22:56.030728
y-axis bearing a_peak,5800,2025-07-11 10:22:56.030728
y-axis bearing a_rms,2300,2025-07-11 10:22:56.030728
y-axis bearing temp,21.3,2025-07-11 10:22:56.030728
y-axis bearing crest,2.5,2025-07-11 10:22:56.030728
y-axis motor v_rms,1.2,2025-07-11 10:22:56.030728
y-axis motor a_peak,9100,2025-07-11 10:22:56.030728
y-axis motor a_rms,3700,2025-07-11 10:22:56.030728
y-axis motor temp,24.2,2025-07-11 10:22:56.030728
y-axis motor crest,2.4,2025-07-11 10:22:56.030728
x-axis motor v_rms,0.7,2025-07-11 10:22:56.030728
x-axis motor a_peak,3600,2025-07-11 10:22:56.030728
x-axis motor a_rms,1300,2025-07-11 10:22:56.030728
x-axis motor temp,21.4,2025-07-11 10:22:56.030728
x-axis motor crest,2.8,2025-07-11 10:22:56.030728
voltage,131.93333333333334,2025-07-11 10:22:56.030728
current,13.386666666666665,2025-07-11 10:22:56.030728
active power,1525.6666666666667,2025-07-11 10:22:56.030728
forward kWh,16.232,2025-07-11 10:22:56.030728
reverse kWh,0.3606666666666667,2025-07-11 10:22:56.030728
frequency,59.97,2025-07-11 10:22:56.030728
power factor,0.8300000000000001,2025-07-11 10:22:56.030728
featureId,NONE,2025-07-11 10:22:57.030922
partKindId,EDB34637-67D8-465A-AFBA-010AD86D34F6,2025-07-11 10:22:57.030922
processKindId,AF6B782E-23DD-4144-8665-11C813BE7660,2025-07-11 10:22:57.030922
A_Axis_Load,16,2025-07-11 10:22:57.030922
A_Position,0.000167897837982586,2025-07-11 10:22:57.030922
C_Axis_Load,45,2025-07-11 10:22:57.030922
C_Position,30.0005,2025-07-11 10:22:57.030922
Machine_Time,2590490.28,2025-07-11 10:22:57.030922
Spindle_Time,690508.343999999,2025-07-11 10:22:57.030922
Feed_Override,100,2025-07-11 10:22:57.030922
Feed_Rate,71.25,2025-07-11 10:22:57.030922
Program_Runtime_Seconds,29,2025-07-11 10:22:57.030922
Rapid_Override,100,2025-07-11 10:22:57.030922
Rapid_Speed,0,2025-07-11 10:22:57.030922
S_Axis_Load,1,2025-07-11 10:22:57.030922
Spindle_Override,100,2025-07-11 10:22:57.030922
Spindle_Speed,9792,2025-07-11 10:22:57.030922
X_Axis_Load,8,2025-07-11 10:22:57.030922
X_Position,420.607464953054,2025-07-11 10:22:57.030922
Y_Axis_Load,7,2025-07-11 10:22:57.030922
Y_Position,287.942021307224,2025-07-11 10:22:57.030922
Z_Axis_Load,33,2025-07-11 10:22:57.030922
Z_Position,-297.62077723993,2025-07-11 10:22:57.030922
COR_Status,1,2025-07-11 10:22:57.030922
Controller_Mode,AUTO,2025-07-11 10:22:57.030922
EStop_State,ARMED,2025-07-11 10:22:57.030922
Machine_Mode,5,2025-07-11 10:22:57.030922
Block_Number,32,2025-07-11 10:22:57.030922
Current_Tool,6,2025-07-11 10:22:57.030922
Part_Count,3,2025-07-11 10:22:57.030922
Program_Name_Running,000454_D_A_PROGRAM_2.NC,2025-07-11 10:22:57.030922
spindle motor v_rms,0.8,2025-07-11 10:22:57.030922
spindle motor a_peak,12200,2025-07-11 10:22:57.030922
spindle motor a_rms,3800,2025-07-11 10:22:57.030922
spindle motor temp,24.6,2025-07-11 10:22:57.030922
spindle motor crest,3.2,2025-07-11 10:22:57.030922
z-axis bearing v_rms,0.3,2025-07-11 10:22:57.030922
z-axis bearing a_peak,9900,2025-07-11 10:22:57.030922
z-axis bearing a_rms,3000,2025-07-11 10:22:57.030922
z-axis bearing temp,22.4,2025-07-11 10:22:57.030922
z-axis bearing crest,3.3,2025-07-11 10:22:57.030922
z-axis motor v_rms,1.7,2025-07-11 10:22:57.030922
z-axis motor a_peak,6000,2025-07-11 10:22:57.030922
z-axis motor a_rms,2000,2025-07-11 10:22:57.030922
z-axis motor temp,25.4,2025-07-11 10:22:57.030922
z-axis motor crest,3.0,2025-07-11 10:22:57.030922
y-axis bearing v_rms,0.7,2025-07-11 10:22:57.030922
y-axis bearing a_peak,7700,2025-07-11 10:22:57.030922
y-axis bearing a_rms,2200,2025-07-11 10:22:57.030922
y-axis bearing temp,21.3,2025-07-11 10:22:57.030922
y-axis bearing crest,3.4,2025-07-11 10:22:57.030922
y-axis motor v_rms,1.2,2025-07-11 10:22:57.030922
y-axis motor a_peak,10000,2025-07-11 10:22:57.030922
y-axis motor a_rms,3800,2025-07-11 10:22:57.030922
y-axis motor temp,24.2,2025-07-11 10:22:57.030922
y-axis motor crest,2.7,2025-07-11 10:22:57.030922
x-axis motor v_rms,0.8,2025-07-11 10:22:57.030922
x-axis motor a_peak,3500,2025-07-11 10:22:57.030922
x-axis motor a_rms,1500,2025-07-11 10:22:57.030922
x-axis motor temp,21.4,2025-07-11 10:22:57.030922
x-axis motor crest,2.3,2025-07-11 10:22:57.030922
voltage,131.96666666666667,2025-07-11 10:22:57.030922
current,11.39,2025-07-11 10:22:57.030922
active power,1441.3333333333333,2025-07-11 10:22:57.030922
forward kWh,16.232333333333333,2025-07-11 10:22:57.030922
reverse kWh,0.3606666666666667,2025-07-11 10:22:57.030922
frequency,59.97,2025-07-11 10:22:57.030922
power factor,0.9566666666666667,2025-07-11 10:22:57.030922
featureId,NONE,2025-07-11 10:22:58.031088
partKindId,EDB34637-67D8-465A-AFBA-010AD86D34F6,2025-07-11 10:22:58.031088
processKindId,AF6B782E-23DD-4144-8665-11C813BE7660,2025-07-11 10:22:58.031088
A_Axis_Load,16,2025-07-11 10:22:58.031088
A_Position,0.000167897837982586,2025-07-11 10:22:58.031088
C_Axis_Load,45,2025-07-11 10:22:58.031088
C_Position,30.0005,2025-07-11 10:22:58.031088
Machine_Time,2590490.28,2025-07-11 10:22:58.031088
Spindle_Time,690508.343999999,2025-07-11 10:22:58.031088
Feed_Override,100,2025-07-11 10:22:58.031088
Feed_Rate,71.25,2025-07-11 10:22:58.031088
Program_Runtime_Seconds,30,2025-07-11 10:22:58.031088
Rapid_Override,100,2025-07-11 10:22:58.031088
Rapid_Speed,0,2025-07-11 10:22:58.031088
S_Axis_Load,1,2025-07-11 10:22:58.031088
Spindle_Override,100,2025-07-11 10:22:58.031088
Spindle_Speed,9792,2025-07-11 10:22:58.031088
X_Axis_Load,0,2025-07-11 10:22:58.031088
X_Position,431.205611244023,2025-07-11 10:22:58.031088
Y_Axis_Load,10,2025-07-11 10:22:58.031088
Y_Position,229.456058369894,2025-07-11 10:22:58.031088
Z_Axis_Load,31,2025-07-11 10:22:58.031088
Z_Position,-297.620868781008,2025-07-11 10:22:58.031088
COR_Status,1,2025-07-11 10:22:58.031088
Controller_Mode,AUTO,2025-07-11 10:22:58.031088
EStop_State,ARMED,2025-07-11 10:22:58.031088
Machine_Mode,5,2025-07-11 10:22:58.031088
Block_Number,33,2025-07-11 10:22:58.031088
Current_Tool,6,2025-07-11 10:22:58.031088
Part_Count,3,2025-07-11 10:22:58.031088
Program_Name_Running,000454_D_A_PROGRAM_2.NC,2025-07-11 10:22:58.031088
spindle motor v_rms,0.7,2025-07-11 10:22:58.031088
spindle motor a_peak,8400,2025-07-11 10:22:58.031088
spindle motor a_rms,2700,2025-07-11 10:22:58.031088
spindle motor temp,24.6,2025-07-11 10:22:58.031088
spindle motor crest,3.2,2025-07-11 10:22:58.031088
z-axis bearing v_rms,0.2,2025-07-11 10:22:58.031088
z-axis bearing a_peak,11100,2025-07-11 10:22:58.031088
z-axis bearing a_rms,3700,2025-07-11 10:22:58.031088
z-axis bearing temp,22.4,2025-07-11 10:22:58.031088
z-axis bearing crest,3.0,2025-07-11 10:22:58.031088
z-axis motor v_rms,1.6,2025-07-11 10:22:58.031088
z-axis motor a_peak,5400,2025-07-11 10:22:58.031088
z-axis motor a_rms,1900,2025-07-11 10:22:58.031088
z-axis motor temp,25.4,2025-07-11 10:22:58.031088
z-axis motor crest,2.9,2025-07-11 10:22:58.031088
y-axis bearing v_rms,0.7,2025-07-11 10:22:58.031088
y-axis bearing a_peak,5000,2025-07-11 10:22:58.031088
y-axis bearing a_rms,2200,2025-07-11 10:22:58.031088
y-axis bearing temp,21.3,2025-07-11 10:22:58.031088
y-axis bearing crest,2.3,2025-07-11 10:22:58.031088
y-axis motor v_rms,1.1,2025-07-11 10:22:58.031088
y-axis motor a_peak,11700,2025-07-11 10:22:58.031088
y-axis motor a_rms,3700,2025-07-11 10:22:58.031088
y-axis motor temp,24.2,2025-07-11 10:22:58.031088
y-axis motor crest,3.1,2025-07-11 10:22:58.031088
x-axis motor v_rms,1.0,2025-07-11 10:22:58.031088
x-axis motor a_peak,4400,2025-07-11 10:22:58.031088
x-axis motor a_rms,1100,2025-07-11 10:22:58.031088
x-axis motor temp,21.4,2025-07-11 10:22:58.031088
x-axis motor crest,4.0,2025-07-11 10:22:58.031088
voltage,132.0,2025-07-11 10:22:58.031088
current,13.14,2025-07-11 10:22:58.031088
active power,1497.6666666666667,2025-07-11 10:22:58.031088
forward kWh,16.233,2025-07-11 10:22:58.031088
reverse kWh,0.3606666666666667,2025-07-11 10:22:58.031088
frequency,59.97,2025-07-11 10:22:58.031088
power factor,0.8566666666666666,2025-07-11 10:22:58.031088
featureId,NONE,2025-07-11 10:22:59.031240
partKindId,EDB34637-67D8-465A-AFBA-010AD86D34F6,2025-07-11 10:22:59.031240
processKindId,AF6B782E-23DD-4144-8665-11C813BE7660,2025-07-11 10:22:59.031240
A_Axis_Load,16,2025-07-11 10:22:59.031240
A_Position,0.000668021023908539,2025-07-11 10:22:59.031240
C_Axis_Load,45,2025-07-11 10:22:59.031240
C_Position,30.001,2025-07-11 10:22:59.031240
Machine_Time,2590490.28,2025-07-11 10:22:59.031240
Spindle_Time,690508.343999999,2025-07-11 10:22:59.031240
Feed_Override,100,2025-07-11 10:22:59.031240
Feed_Rate,71.25,2025-07-11 10:22:59.031240
Program_Runtime_Seconds,31,2025-07-11 10:22:59.031240
Rapid_Override,100,2025-07-11 10:22:59.031240
Rapid_Speed,0,2025-07-11 10:22:59.031240
S_Axis_Load,1,2025-07-11 10:22:59.031240
Spindle_Override,100,2025-07-11 10:22:59.031240
Spindle_Speed,9792,2025-07-11 10:22:59.031240
X_Axis_Load,12,2025-07-11 10:22:59.031240
X_Position,377.401551465706,2025-07-11 10:22:59.031240
Y_Axis_Load,1,2025-07-11 10:22:59.031240
Y_Position,217.837985828916,2025-07-11 10:22:59.031240
Z_Axis_Load,32,2025-07-11 10:22:59.031240
Z_Position,-297.620731469392,2025-07-11 10:22:59.031240
COR_Status,1,2025-07-11 10:22:59.031240
Controller_Mode,AUTO,2025-07-11 10:22:59.031240
EStop_State,ARMED,2025-07-11 10:22:59.031240
Machine_Mode,5,2025-07-11 10:22:59.031240
Block_Number,34,2025-07-11 10:22:59.031240
Current_Tool,6,2025-07-11 10:22:59.031240
Part_Count,3,2025-07-11 10:22:59.031240
Program_Name_Running,000454_D_A_PROGRAM_2.NC,2025-07-11 10:22:59.031240
spindle motor v_rms,1.4,2025-07-11 10:22:59.031240
spindle motor a_peak,13900,2025-07-11 10:22:59.031240
spindle motor a_rms,5300,2025-07-11 10:22:59.031240
spindle motor temp,24.6,2025-07-11 10:22:59.031240
spindle motor crest,2.6,2025-07-11 10:22:59.031240
z-axis bearing v_rms,0.3,2025-07-11 10:22:59.031240
z-axis bearing a_peak,9600,2025-07-11 10:22:59.031240
z-axis bearing a_rms,4400,2025-07-11 10:22:59.031240
z-axis bearing temp,22.4,2025-07-11 10:22:59.031240
z-axis bearing crest,2.2,2025-07-11 10:22:59.031240
z-axis motor v_rms,1.7,2025-07-11 10:22:59.031240
z-axis motor a_peak,5200,2025-07-11 10:22:59.031240
z-axis motor a_rms,2200,2025-07-11 10:22:59.031240
z-axis motor temp,25.4,2025-07-11 10:22:59.031240
z-axis motor crest,2.4,2025-07-11 10:22:59.031240
y-axis bearing v_rms,0.7,2025-07-11 10:22:59.031240
y-axis bearing a_peak,4200,2025-07-11 10:22:59.031240
y-axis bearing a_rms,2300,2025-07-11 10:22:59.031240
y-axis bearing temp,21.3,2025-07-11 10:22:59.031240
y-axis bearing crest,1.8,2025-07-11 10:22:59.031240
y-axis motor v_rms,1.6,2025-07-11 10:22:59.031240
y-axis motor a_peak,9500,2025-07-11 10:22:59.031240
y-axis motor a_rms,5000,2025-07-11 10:22:59.031240
y-axis motor temp,24.2,2025-07-11 10:22:59.031240
y-axis motor crest,1.9,2025-07-11 10:22:59.031240
x-axis motor v_rms,0.3,2025-07-11 10:22:59.031240
x-axis motor a_peak,3400,2025-07-11 10:22:59.031240
x-axis motor a_rms,1000,2025-07-11 10:22:59.031240
x-axis motor temp,21.4,2025-07-11 10:22:59.031240
x-axis motor crest,3.3,2025-07-11 10:22:59.031240
voltage,132.0,2025-07-11 10:22:59.031240
current,13.403333333333334,2025-07-11 10:22:59.031240
active power,1528.3333333333333,2025-07-11 10:22:59.031240
forward kWh,16.23333333333333,2025-07-11 10:22:59.031240
reverse kWh,0.3606666666666667,2025-07-11 10:22:59.031240
frequency,59.97,2025-07-11 10:22:59.031240
power factor,0.86,2025-07-11 10:22:59.031240
featureId,NONE,2025-07-11 10:23:00.031359
partKindId,EDB34637-67D8-465A-AFBA-010AD86D34F6,2025-07-11 10:23:00.031359
processKindId,AF6B782E-23DD-4144-8665-11C813BE7660,2025-07-11 10:23:00.031359
A_Axis_Load,16,2025-07-11 10:23:00.031359
A_Position,0.000167897837982586,2025-07-11 10:23:00.031359
C_Axis_Load,45,2025-07-11 10:23:00.031359
C_Position,30.001,2025-07-11 10:23:00.031359
Machine_Time,2590490.28,2025-07-11 10:23:00.031359
Spindle_Time,690508.343999999,2025-07-11 10:23:00.031359
Feed_Override,100,2025-07-11 10:23:00.031359
Feed_Rate,54.53333,2025-07-11 10:23:00.031359
Program_Runtime_Seconds,32,2025-07-11 10:23:00.031359
Rapid_Override,100,2025-07-11 10:23:00.031359
Rapid_Speed,0,2025-07-11 10:23:00.031359
S_Axis_Load,0,2025-07-11 10:23:00.031359
Spindle_Override,100,2025-07-11 10:23:00.031359
Spindle_Speed,9792,2025-07-11 10:23:00.031359
X_Axis_Load,1,2025-07-11 10:23:00.031359
X_Position,329.605547017218,2025-07-11 10:23:00.031359
Y_Axis_Load,11,2025-07-11 10:23:00.031359
Y_Position,231.780704762115,2025-07-11 10:23:00.031359
Z_Axis_Load,32,2025-07-11 10:23:00.031359
Z_Position,-297.6208001252,2025-07-11 10:23:00.031359
COR_Status,1,2025-07-11 10:23:00.031359
Controller_Mode,AUTO,2025-07-11 10:23:00.031359
EStop_State,ARMED,2025-07-11 10:23:00.031359
Machine_Mode,5,2025-07-11 10:23:00.031359
Block_Number,35,2025-07-11 10:23:00.031359
Current_Tool,6,2025-07-11 10:23:00.031359
Part_Count,3,2025-07-11 10:23:00.031359
Program_Name_Running,000454_D_A_PROGRAM_2.NC,2025-07-11 10:23:00.031359
spindle motor v_rms,1.2,2025-07-11 10:23:00.031359
spindle motor a_peak,11700,2025-07-11 10:23:00.031359
spindle motor a_rms,4100,2025-07-11 10:23:00.031359
spindle motor temp,24.6,2025-07-11 10:23:00.031359
spindle motor crest,2.9,2025-07-11 10:23:00.031359
z-axis bearing v_rms,0.3,2025-07-11 10:23:00.031359
z-axis bearing a_peak,14800,2025-07-11 10:23:00.031359
z-axis bearing a_rms,3600,2025-07-11 10:23:00.031359
z-axis bearing temp,22.4,2025-07-11 10:23:00.031359
z-axis bearing crest,4.1,2025-07-11 10:23:00.031359
z-axis motor v_rms,1.5,2025-07-11 10:23:00.031359
z-axis motor a_peak,5400,2025-07-11 10:23:00.031359
z-axis motor a_rms,1900,2025-07-11 10:23:00.031359
z-axis motor temp,25.4,2025-07-11 10:23:00.031359
z-axis motor crest,2.9,2025-07-11 10:23:00.031359
y-axis bearing v_rms,1.0,2025-07-11 10:23:00.031359
y-axis bearing a_peak,6400,2025-07-11 10:23:00.031359
y-axis bearing a_rms,3200,2025-07-11 10:23:00.031359
y-axis bearing temp,21.3,2025-07-11 10:23:00.031359
y-axis bearing crest,2.0,2025-07-11 10:23:00.031359
y-axis motor v_rms,1.6,2025-07-11 10:23:00.031359
y-axis motor a_peak,13200,2025-07-11 10:23:00.031359
y-axis motor a_rms,5100,2025-07-11 10:23:00.031359
y-axis motor temp,24.2,2025-07-11 10:23:00.031359
y-axis motor crest,2.6,2025-07-11 10:23:00.031359
x-axis motor v_rms,0.5,2025-07-11 10:23:00.031359
x-axis motor a_peak,2500,2025-07-11 10:23:00.031359
x-axis motor a_rms,1500,2025-07-11 10:23:00.031359
x-axis motor temp,21.4,2025-07-11 10:23:00.031359
x-axis motor crest,1.7,2025-07-11 10:23:00.031359
voltage,131.96666666666667,2025-07-11 10:23:00.031359
current,13.246666666666668,2025-07-11 10:23:00.031359
active power,1509.0,2025-07-11 10:23:00.031359
forward kWh,16.233666666666668,2025-07-11 10:23:00.031359
reverse kWh,0.3606666666666667,2025-07-11 10:23:00.031359
frequency,59.97,2025-07-11 10:23:00.031359
power factor,0.8633333333333333,2025-07-11 10:23:00.031359
featureId,NONE,2025-07-11 10:23:01.031510
partKindId,EDB34637-67D8-465A-AFBA-010AD86D34F6,2025-07-11 10:23:01.031510
processKindId,AF6B782E-23DD-4144-8665-11C813BE7660,2025-07-11 10:23:01.031510
A_Axis_Load,16,2025-07-11 10:23:01.031510
A_Position,0.000167897837982586,2025-07-11 10:23:01.031510
C_Axis_Load,45,2025-07-11 10:23:01.031510
C_Position,30.0005,2025-07-11 10:23:01.031510
Machine_Time,2590490.28,2025-07-11 10:23:01.031510
Spindle_Time,690508.343999999,2025-07-11 10:23:01.031510
Feed_Override,100,2025-07-11 10:23:01.031510
Feed_Rate,71.25,2025-07-11 10:23:01.031510
Program_Runtime_Seconds,33,2025-07-11 10:23:01.031510
Rapid_Override,100,2025-07-11 10:23:01.031510
Rapid_Speed,0,2025-07-11 10:23:01.031510
S_Axis_Load,2,2025-07-11 10:23:01.031510
Spindle_Override,100,2025-07-11 10:23:01.031510
Spindle_Speed,9792,2025-07-11 10:23:01.031510
X_Axis_Load,3,2025-07-11 10:23:01.031510
X_Position,338.878292668649,2025-07-11 10:23:01.031510
Y_Axis_Load,13,2025-07-11 10:23:01.031510
Y_Position,287.942243546556,2025-07-11 10:23:01.031510
Z_Axis_Load,32,2025-07-11 10:23:01.031510
Z_Position,-297.620868781008,2025-07-11 10:23:01.031510
COR_Status,1,2025-07-11 10:23:01.031510
Controller_Mode,AUTO,2025-07-11 10:23:01.031510
EStop_State,ARMED,2025-07-11 10:23:01.031510
Machine_Mode,5,2025-07-11 10:23:01.031510
Block_Number,36,2025-07-11 10:23:01.031510
Current_Tool,6,2025-07-11 10:23:01.031510
Part_Count,3,2025-07-11 10:23:01.031510
Program_Name_Running,000454_D_A_PROGRAM_2.NC,2025-07-11 10:23:01.031510
spindle motor v_rms,0.8,2025-07-11 10:23:01.031510
spindle motor a_peak,12100,2025-07-11 10:23:01.031510
spindle motor a_rms,3800,2025-07-11 10:23:01.031510
spindle motor temp,24.6,2025-07-11 10:23:01.031510
spindle motor crest,3.1,2025-07-11 10:23:01.031510
z-axis bearing v_rms,0.3,2025-07-11 10:23:01.031510
z-axis bearing a_peak,10600,2025-07-11 10:23:01.031510
z-axis bearing a_rms,3500,2025-07-11 10:23:01.031510
z-axis bearing temp,22.4,2025-07-11 10:23:01.031510
z-axis bearing crest,3.0,2025-07-11 10:23:01.031510
z-axis motor v_rms,1.7,2025-07-11 10:23:01.031510
z-axis motor a_peak,5600,2025-07-11 10:23:01.031510
z-axis motor a_rms,2000,2025-07-11 10:23:01.031510
z-axis motor temp,25.4,2025-07-11 10:23:01.031510
z-axis motor crest,2.8,2025-07-11 10:23:01.031510
y-axis bearing v_rms,0.8,2025-07-11 10:23:01.031510
y-axis bearing a_peak,5200,2025-07-11 10:23:01.031510
y-axis bearing a_rms,2700,2025-07-11 10:23:01.031510
y-axis bearing temp,21.3,2025-07-11 10:23:01.031510
y-axis bearing crest,1.9,2025-07-11 10:23:01.031510
y-axis motor v_rms,1.2,2025-07-11 10:23:01.031510
y-axis motor a_peak,10000,2025-07-11 10:23:01.031510
y-axis motor a_rms,3900,2025-07-11 10:23:01.031510
y-axis motor temp,24.2,2025-07-11 10:23:01.031510
y-axis motor crest,2.5,2025-07-11 10:23:01.031510
x-axis motor v_rms,0.4,2025-07-11 10:23:01.031510
x-axis motor a_peak,3000,2025-07-11 10:23:01.031510
x-axis motor a_rms,1300,2025-07-11 10:23:01.031510
x-axis motor temp,21.4,2025-07-11 10:23:01.031510
x-axis motor crest,2.3,2025-07-11 10:23:01.031510
voltage,132.06666666666663,2025-07-11 10:23:01.031510
current,11.74,2025-07-11 10:23:01.031510
active power,1331.6666666666667,2025-07-11 10:23:01.031510
forward kWh,16.233999999999998,2025-07-11 10:23:01.031510
reverse kWh,0.3606666666666667,2025-07-11 10:23:01.031510
frequency,59.97,2025-07-11 10:23:01.031510
power factor,0.93,2025-07-11 10:23:01.031510
featureId,NONE,2025-07-11 10:23:02.031657
partKindId,EDB34637-67D8-465A-AFBA-010AD86D34F6,2025-07-11 10:23:02.031657
processKindId,AF6B782E-23DD-4144-8665-11C813BE7660,2025-07-11 10:23:02.031657
A_Axis_Load,16,2025-07-11 10:23:02.031657
A_Position,0.000167897837982586,2025-07-11 10:23:02.031657
C_Axis_Load,45,2025-07-11 10:23:02.031657
C_Position,30.001,2025-07-11 10:23:02.031657
Machine_Time,2590490.28,2025-07-11 10:23:02.031657
Spindle_Time,690508.343999999,2025-07-11 10:23:02.031657
Feed_Override,100,2025-07-11 10:23:02.031657
Feed_Rate,71.25,2025-07-11 10:23:02.031657
Program_Runtime_Seconds,34,2025-07-11 10:23:02.031657
Rapid_Override,100,2025-07-11 10:23:02.031657
Rapid_Speed,0,2025-07-11 10:23:02.031657
S_Axis_Load,0,2025-07-11 10:23:02.031657
Spindle_Override,100,2025-07-11 10:23:02.031657
Spindle_Speed,9792,2025-07-11 10:23:02.031657
X_Axis_Load,11,2025-07-11 10:23:02.031657
X_Position,397.054134325278,2025-07-11 10:23:02.031657
Y_Axis_Load,6,2025-07-11 10:23:02.031657
Y_Position,281.591948203644,2025-07-11 10:23:02.031657
Z_Axis_Load,32,2025-07-11 10:23:02.031657
Z_Position,-297.620823010469,2025-07-11 10:23:02.031657
COR_Status,1,2025-07-11 10:23:02.031657
Controller_Mode,AUTO,2025-07-11 10:23:02.031657
EStop_State,ARMED,2025-07-11 10:23:02.031657
Machine_Mode,5,2025-07-11 10:23:02.031657
Block_Number,38,2025-07-11 10:23:02.031657
Current_Tool,6,2025-07-11 10:23:02.031657
Part_Count,3,2025-07-11 10:23:02.031657
Program_Name_Running,000454_D_A_PROGRAM_2.NC,2025-07-11 10:23:02.031657
spindle motor v_rms,0.9,2025-07-11 10:23:02.031657
spindle motor a_peak,11100,2025-07-11 10:23:02.031657
spindle motor a_rms,4000,2025-07-11 10:23:02.031657
spindle motor temp,24.6,2025-07-11 10:23:02.031657
spindle motor crest,2.8,2025-07-11 10:23:02.031657
z-axis bearing v_rms,0.3,2025-07-11 10:23:02.031657
z-axis bearing a_peak,7300,2025-07-11 10:23:02.031657
z-axis bearing a_rms,3400,2025-07-11 10:23:02.031657
z-axis bearing temp,22.4,2025-07-11 10:23:02.031657
z-axis bearing crest,2.1,2025-07-11 10:23:02.031657
z-axis motor v_rms,1.7,2025-07-11 10:23:02.031657
z-axis motor a_peak,4700,2025-07-11 10:23:02.031657
z-axis motor a_rms,2100,2025-07-11 10:23:02.031657
z-axis motor temp,25.4,2025-07-11 10:23:02.031657
z-axis motor crest,2.3,2025-07-11 10:23:02.031657
y-axis bearing v_rms,0.8,2025-07-11 10:23:02.031657
y-axis bearing a_peak,4900,2025-07-11 10:23:02.031657
y-axis bearing a_rms,2500,2025-07-11 10:23:02.031657
y-axis bearing temp,21.3,2025-07-11 10:23:02.031657
y-axis bearing crest,2.0,2025-07-11 10:23:02.031657
y-axis motor v_rms,1.5,2025-07-11 10:23:02.031657
y-axis motor a_peak,10300,2025-07-11 10:23:02.031657
y-axis motor a_rms,4500,2025-07-11 10:23:02.031657
y-axis motor temp,24.2,2025-07-11 10:23:02.031657
y-axis motor crest,2.3,2025-07-11 10:23:02.031657
x-axis motor v_rms,0.5,2025-07-11 10:23:02.031657
x-axis motor a_peak,3500,2025-07-11 10:23:02.031657
x-axis motor a_rms,1300,2025-07-11 10:23:02.031657
x-axis motor temp,21.4,2025-07-11 10:23:02.031657
x-axis motor crest,2.6,2025-07-11 10:23:02.031657
voltage,132.03333333333333,2025-07-11 10:23:02.031657
current,11.906666666666666,2025-07-11 10:23:02.031657
active power,1348.3333333333333,2025-07-11 10:23:02.031657
forward kWh,16.234666666666666,2025-07-11 10:23:02.031657
reverse kWh,0.3606666666666667,2025-07-11 10:23:02.031657
frequency,59.97,2025-07-11 10:23:02.031657
power factor,0.8966666666666666,2025-07-11 10:23:02.031657
featureId,NONE,2025-07-11 10:23:03.031977
partKindId,EDB34637-67D8-465A-AFBA-010AD86D34F6,2025-07-11 10:23:03.031977
processKindId,AF6B782E-23DD-4144-8665-11C813BE7660,2025-07-11 10:23:03.031977
A_Axis_Load,16,2025-07-11 10:23:03.031977
A_Position,0.000167897837982586,2025-07-11 10:23:03.031977
C_Axis_Load,45,2025-07-11 10:23:03.031977
C_Position,30.0005,2025-07-11 10:23:03.031977
Machine_Time,2590490.28,2025-07-11 10:23:03.031977
Spindle_Time,690508.343999999,2025-07-11 10:23:03.031977
Feed_Override,100,2025-07-11 10:23:03.031977
Feed_Rate,71.25,2025-07-11 10:23:03.031977
Program_Runtime_Seconds,35,2025-07-11 10:23:03.031977
Rapid_Override,100,2025-07-11 10:23:03.031977
Rapid_Speed,0,2025-07-11 10:23:03.031977
S_Axis_Load,1,2025-07-11 10:23:03.031977
Spindle_Override,100,2025-07-11 10:23:03.031977
Spindle_Speed,9792,2025-07-11 10:23:03.031977
X_Axis_Load,3,2025-07-11 10:23:03.031977
X_Position,424.855651308595,2025-07-11 10:23:03.031977
Y_Axis_Load,9,2025-07-11 10:23:03.031977
Y_Position,236.616150011248,2025-07-11 10:23:03.031977
Z_Axis_Load,31,2025-07-11 10:23:03.031977
Z_Position,-297.620914551547,2025-07-11 10:23:03.031977
COR_Status,1,2025-07-11 10:23:03.031977
Controller_Mode,AUTO,2025-07-11 10:23:03.031977
EStop_State,ARMED,2025-07-11 10:23:03.031977
Machine_Mode,5,2025-07-11 10:23:03.031977
Block_Number,39,2025-07-11 10:23:03.031977
Current_Tool,6,2025-07-11 10:23:03.031977
Part_Count,3,2025-07-11 10:23:03.031977
Program_Name_Running,000454_D_A_PROGRAM_2.NC,2025-07-11 10:23:03.031977
spindle motor v_rms,0.8,2025-07-11 10:23:03.031977
spindle motor a_peak,9300,2025-07-11 10:23:03.031977
spindle motor a_rms,2700,2025-07-11 10:23:03.031977
spindle motor temp,24.6,2025-07-11 10:23:03.031977
spindle motor crest,3.5,2025-07-11 10:23:03.031977
z-axis bearing v_rms,0.2,2025-07-11 10:23:03.031977
z-axis bearing a_peak,10700,2025-07-11 10:23:03.031977
z-axis bearing a_rms,3700,2025-07-11 10:23:03.031977
z-axis bearing temp,22.4,2025-07-11 10:23:03.031977
z-axis bearing crest,2.9,2025-07-11 10:23:03.031977
z-axis motor v_rms,1.6,2025-07-11 10:23:03.031977
z-axis motor a_peak,5500,2025-07-11 10:23:03.031977
z-axis motor a_rms,1800,2025-07-11 10:23:03.031977
z-axis motor temp,25.4,2025-07-11 10:23:03.031977
z-axis motor crest,3.0,2025-07-11 10:23:03.031977
y-axis bearing v_rms,0.8,2025-07-11 10:23:03.031977
y-axis bearing a_peak,5800,2025-07-11 10:23:03.031977
y-axis bearing a_rms,2400,2025-07-11 10:23:03.031977
y-axis bearing temp,21.3,2025-07-11 10:23:03.031977
y-axis bearing crest,2.4,2025-07-11 10:23:03.031977
y-axis motor v_rms,1.2,2025-07-11 10:23:03.031977
y-axis motor a_peak,12000,2025-07-11 10:23:03.031977
y-axis motor a_rms,4000,2025-07-11 10:23:03.031977
y-axis motor temp,24.2,2025-07-11 10:23:03.031977
y-axis motor crest,3.0,2025-07-11 10:23:03.031977
x-axis motor v_rms,1.0,2025-07-11 10:23:03.031977
x-axis motor a_peak,4200,2025-07-11 10:23:03.031977
x-axis motor a_rms,1200,2025-07-11 10:23:03.031977
x-axis motor temp,21.4,2025-07-11 10:23:03.031977
x-axis motor crest,3.6,2025-07-11 10:23:03.031977
voltage,132.0,2025-07-11 10:23:03.031977
current,12.76,2025-07-11 10:23:03.031977
active power,1443.6666666666667,2025-07-11 10:23:03.031977
forward kWh,16.235333333333333,2025-07-11 10:23:03.031977
reverse kWh,0.3606666666666667,2025-07-11 10:23:03.031977
frequency,59.97,2025-07-11 10:23:03.031977
power factor,0.8933333333333334,2025-07-11 10:23:03.031977
featureId,NONE,2025-07-11 10:23:04.032189
partKindId,EDB34637-67D8-465A-AFBA-010AD86D34F6,2025-07-11 10:23:04.032189
processKindId,AF6B782E-23DD-4144-8665-11C813BE7660,2025-07-11 10:23:04.032189
A_Axis_Load,16,2025-07-11 10:23:04.032189
A_Position,0.000167897837982586,2025-07-11 10:23:04.032189
C_Axis_Load,45,2025-07-11 10:23:04.032189
C_Position,30.001,2025-07-11 10:23:04.032189
Machine_Time,2590490.28,2025-07-11 10:23:04.032189
Spindle_Time,690508.343999999,2025-07-11 10:23:04.032189
Feed_Override,100,2025-07-11 10:23:04.032189
Feed_Rate,71.25,2025-07-11 10:23:04.032189
Program_Runtime_Seconds,36,2025-07-11 10:23:04.032189
Rapid_Override,100,2025-07-11 10:23:04.032189
Rapid_Speed,0,2025-07-11 10:23:04.032189
S_Axis_Load,0,2025-07-11 10:23:04.032189
Spindle_Override,100,2025-07-11 10:23:04.032189
Spindle_Speed,9792,2025-07-11 10:23:04.032189
X_Axis_Load,11,2025-07-11 10:23:04.032189
X_Position,368.178523582722,2025-07-11 10:23:04.032189
Y_Axis_Load,1,2025-07-11 10:23:04.032189
Y_Position,224.188019644437,2025-07-11 10:23:04.032189
Z_Axis_Load,32,2025-07-11 10:23:04.032189
Z_Position,-297.620685698853,2025-07-11 10:23:04.032189
COR_Status,1,2025-07-11 10:23:04.032189
Controller_Mode,AUTO,2025-07-11 10:23:04.032189
EStop_State,ARMED,2025-07-11 10:23:04.032189
Machine_Mode,5,2025-07-11 10:23:04.032189
Block_Number,40,2025-07-11 10:23:04.032189
Current_Tool,6,2025-07-11 10:23:04.032189
Part_Count,3,2025-07-11 10:23:04.032189
Program_Name_Running,000454_D_A_PROGRAM_2.NC,2025-07-11 10:23:04.032189
spindle motor v_rms,1.4,2025-07-11 10:23:04.032189
spindle motor a_peak,14100,2025-07-11 10:23:04.032189
spindle motor a_rms,5400,2025-07-11 10:23:04.032189
spindle motor temp,24.6,2025-07-11 10:23:04.032189
spindle motor crest,2.6,2025-07-11 10:23:04.032189
z-axis bearing v_rms,0.3,2025-07-11 10:23:04.032189
z-axis bearing a_peak,9900,2025-07-11 10:23:04.032189
z-axis bearing a_rms,4300,2025-07-11 10:23:04.032189
z-axis bearing temp,22.4,2025-07-11 10:23:04.032189
z-axis bearing crest,2.3,2025-07-11 10:23:04.032189
z-axis motor v_rms,1.7,2025-07-11 10:23:04.032189
z-axis motor a_peak,5100,2025-07-11 10:23:04.032189
z-axis motor a_rms,2100,2025-07-11 10:23:04.032189
z-axis motor temp,25.4,2025-07-11 10:23:04.032189
z-axis motor crest,2.4,2025-07-11 10:23:04.032189
y-axis bearing v_rms,0.7,2025-07-11 10:23:04.032189
y-axis bearing a_peak,4200,2025-07-11 10:23:04.032189
y-axis bearing a_rms,2400,2025-07-11 10:23:04.032189
y-axis bearing temp,21.3,2025-07-11 10:23:04.032189
y-axis bearing crest,1.8,2025-07-11 10:23:04.032189
y-axis motor v_rms,1.7,2025-07-11 10:23:04.032189
y-axis motor a_peak,9600,2025-07-11 10:23:04.032189
y-axis motor a_rms,5100,2025-07-11 10:23:04.032189
y-axis motor temp,24.2,2025-07-11 10:23:04.032189
y-axis motor crest,1.9,2025-07-11 10:23:04.032189
x-axis motor v_rms,0.3,2025-07-11 10:23:04.032189
x-axis motor a_peak,2700,2025-07-11 10:23:04.032189
x-axis motor a_rms,1000,2025-07-11 10:23:04.032189
x-axis motor temp,21.4,2025-07-11 10:23:04.032189
x-axis motor crest,2.7,2025-07-11 10:23:04.032189
voltage,131.96666666666667,2025-07-11 10:23:04.032189
current,13.303333333333333,2025-07-11 10:23:04.032189
active power,1516.3333333333333,2025-07-11 10:23:04.032189
forward kWh,16.235333333333333,2025-07-11 10:23:04.032189
reverse kWh,0.3606666666666667,2025-07-11 10:23:04.032189
frequency,59.97,2025-07-11 10:23:04.032189
power factor,0.9433333333333334,2025-07-11 10:23:04.032189
featureId,NONE,2025-07-11 10:23:05.032339
partKindId,EDB34637-67D8-465A-AFBA-010AD86D34F6,2025-07-11 10:23:05.032339
processKindId,AF6B782E-23DD-4144-8665-11C813BE7660,2025-07-11 10:23:05.032339
A_Axis_Load,16,2025-07-11 10:23:05.032339
A_Position,0.000167897837982586,2025-07-11 10:23:05.032339
C_Axis_Load,45,2025-07-11 10:23:05.032339
C_Position,30.001,2025-07-11 10:23:05.032339
Machine_Time,2590490.28,2025-07-11 10:23:05.032339
Spindle_Time,690508.343999999,2025-07-11 10:23:05.032339
Feed_Override,100,2025-07-11 10:23:05.032339
Feed_Rate,71.25,2025-07-11 10:23:05.032339
Program_Runtime_Seconds,37,2025-07-11 10:23:05.032339
Rapid_Override,100,2025-07-11 10:23:05.032339
Rapid_Speed,0,2025-07-11 10:23:05.032339
S_Axis_Load,1,2025-07-11 10:23:05.032339
Spindle_Override,100,2025-07-11 10:23:05.032339
Spindle_Speed,9792,2025-07-11 10:23:05.032339
X_Axis_Load,1,2025-07-11 10:23:05.032339
X_Position,335.955579866463,2025-07-11 10:23:05.032339
Y_Axis_Load,10,2025-07-11 10:23:05.032339
Y_Position,250.043252778334,2025-07-11 10:23:05.032339
Z_Axis_Load,33,2025-07-11 10:23:05.032339
Z_Position,-297.620685698853,2025-07-11 10:23:05.032339
COR_Status,1,2025-07-11 10:23:05.032339
Controller_Mode,AUTO,2025-07-11 10:23:05.032339
EStop_State,ARMED,2025-07-11 10:23:05.032339
Machine_Mode,5,2025-07-11 10:23:05.032339
Block_Number,41,2025-07-11 10:23:05.032339
Current_Tool,6,2025-07-11 10:23:05.032339
Part_Count,3,2025-07-11 10:23:05.032339
Program_Name_Running,000454_D_A_PROGRAM_2.NC,2025-07-11 10:23:05.032339
spindle motor v_rms,1.3,2025-07-11 10:23:05.032339
spindle motor a_peak,11600,2025-07-11 10:23:05.032339
spindle motor a_rms,4400,2025-07-11 10:23:05.032339
spindle motor temp,24.6,2025-07-11 10:23:05.032339
spindle motor crest,2.6,2025-07-11 10:23:05.032339
z-axis bearing v_rms,0.3,2025-07-11 10:23:05.032339
z-axis bearing a_peak,10000,2025-07-11 10:23:05.032339
z-axis bearing a_rms,3300,2025-07-11 10:23:05.032339
z-axis bearing temp,22.4,2025-07-11 10:23:05.032339
z-axis bearing crest,3.0,2025-07-11 10:23:05.032339
z-axis motor v_rms,1.5,2025-07-11 10:23:05.032339
z-axis motor a_peak,4000,2025-07-11 10:23:05.032339
z-axis motor a_rms,1800,2025-07-11 10:23:05.032339
z-axis motor temp,25.4,2025-07-11 10:23:05.032339
z-axis motor crest,2.2,2025-07-11 10:23:05.032339
y-axis bearing v_rms,1.1,2025-07-11 10:23:05.032339
y-axis bearing a_peak,7800,2025-07-11 10:23:05.032339
y-axis bearing a_rms,3500,2025-07-11 10:23:05.032339
y-axis bearing temp,21.3,2025-07-11 10:23:05.032339
y-axis bearing crest,2.2,2025-07-11 10:23:05.032339
y-axis motor v_rms,1.6,2025-07-11 10:23:05.032339
y-axis motor a_peak,13800,2025-07-11 10:23:05.032339
y-axis motor a_rms,5100,2025-07-11 10:23:05.032339
y-axis motor temp,24.2,2025-07-11 10:23:05.032339
y-axis motor crest,2.7,2025-07-11 10:23:05.032339
x-axis motor v_rms,0.8,2025-07-11 10:23:05.032339
x-axis motor a_peak,3800,2025-07-11 10:23:05.032339
x-axis motor a_rms,1300,2025-07-11 10:23:05.032339
x-axis motor temp,21.4,2025-07-11 10:23:05.032339
x-axis motor crest,2.9,2025-07-11 10:23:05.032339
voltage,132.0,2025-07-11 10:23:05.032339
current,13.366666666666667,2025-07-11 10:23:05.032339
active power,1517.0,2025-07-11 10:23:05.032339
forward kWh,16.236333333333334,2025-07-11 10:23:05.032339
reverse kWh,0.3606666666666667,2025-07-11 10:23:05.032339
frequency,59.97,2025-07-11 10:23:05.032339
power factor,0.86,2025-07-11 10:23:05.032339
featureId,NONE,2025-07-11 10:23:06.032660
partKindId,EDB34637-67D8-465A-AFBA-010AD86D34F6,2025-07-11 10:23:06.032660
processKindId,AF6B782E-23DD-4144-8665-11C813BE7660,2025-07-11 10:23:06.032660
A_Axis_Load,16,2025-07-11 10:23:06.032660
A_Position,-0.000332225347943367,2025-07-11 10:23:06.032660
C_Axis_Load,45,2025-07-11 10:23:06.032660
C_Position,30,2025-07-11 10:23:06.032660
Machine_Time,2590490.28,2025-07-11 10:23:06.032660
Spindle_Time,690508.343999999,2025-07-11 10:23:06.032660
Feed_Override,100,2025-07-11 10:23:06.032660
Feed_Rate,71.25,2025-07-11 10:23:06.032660
Program_Runtime_Seconds,38,2025-07-11 10:23:06.032660
Rapid_Override,100,2025-07-11 10:23:06.032660
Rapid_Speed,0,2025-07-11 10:23:06.032660
S_Axis_Load,2,2025-07-11 10:23:06.032660
Spindle_Override,100,2025-07-11 10:23:06.032660
Spindle_Speed,9792,2025-07-11 10:23:06.032660
X_Axis_Load,13,2025-07-11 10:23:06.032660
X_Position,373.49680286126,2025-07-11 10:23:06.032660
Y_Axis_Load,1,2025-07-11 10:23:06.032660
Y_Position,281.591890281632,2025-07-11 10:23:06.032660
Z_Axis_Load,31,2025-07-11 10:23:06.032660
Z_Position,-297.620823010469,2025-07-11 10:23:06.032660
COR_Status,1,2025-07-11 10:23:06.032660
Controller_Mode,AUTO,2025-07-11 10:23:06.032660
EStop_State,ARMED,2025-07-11 10:23:06.032660
Machine_Mode,5,2025-07-11 10:23:06.032660
Block_Number,42,2025-07-11 10:23:06.032660
Current_Tool,6,2025-07-11 10:23:06.032660
Part_Count,3,2025-07-11 10:23:06.032660
Program_Name_Running,000454_D_A_PROGRAM_2.NC,2025-07-11 10:23:06.032660
spindle motor v_rms,0.8,2025-07-11 10:23:06.032660
spindle motor a_peak,13600,2025-07-11 10:23:06.032660
spindle motor a_rms,3400,2025-07-11 10:23:06.032660
spindle motor temp,24.6,2025-07-11 10:23:06.032660
spindle motor crest,4.0,2025-07-11 10:23:06.032660
z-axis bearing v_rms,0.3,2025-07-11 10:23:06.032660
z-axis bearing a_peak,15000,2025-07-11 10:23:06.032660
z-axis bearing a_rms,2900,2025-07-11 10:23:06.032660
z-axis bearing temp,22.4,2025-07-11 10:23:06.032660
z-axis bearing crest,5.2,2025-07-11 10:23:06.032660
z-axis motor v_rms,1.7,2025-07-11 10:23:06.032660
z-axis motor a_peak,5100,2025-07-11 10:23:06.032660
z-axis motor a_rms,1900,2025-07-11 10:23:06.032660
z-axis motor temp,25.4,2025-07-11 10:23:06.032660
z-axis motor crest,2.7,2025-07-11 10:23:06.032660
y-axis bearing v_rms,0.6,2025-07-11 10:23:06.032660
y-axis bearing a_peak,6700,2025-07-11 10:23:06.032660
y-axis bearing a_rms,2100,2025-07-11 10:23:06.032660
y-axis bearing temp,21.3,2025-07-11 10:23:06.032660
y-axis bearing crest,3.2,2025-07-11 10:23:06.032660
y-axis motor v_rms,1.1,2025-07-11 10:23:06.032660
y-axis motor a_peak,10000,2025-07-11 10:23:06.032660
y-axis motor a_rms,3400,2025-07-11 10:23:06.032660
y-axis motor temp,24.2,2025-07-11 10:23:06.032660
y-axis motor crest,3.0,2025-07-11 10:23:06.032660
x-axis motor v_rms,1.0,2025-07-11 10:23:06.032660
x-axis motor a_peak,3400,2025-07-11 10:23:06.032660
x-axis motor a_rms,1200,2025-07-11 10:23:06.032660
x-axis motor temp,21.4,2025-07-11 10:23:06.032660
x-axis motor crest,2.9,2025-07-11 10:23:06.032660
voltage,131.96666666666667,2025-07-11 10:23:06.032660
current,13.313333333333333,2025-07-11 10:23:06.032660
active power,1523.3333333333333,2025-07-11 10:23:06.032660
forward kWh,16.236333333333334,2025-07-11 10:23:06.032660
reverse kWh,0.3606666666666667,2025-07-11 10:23:06.032660
frequency,59.97,2025-07-11 10:23:06.032660
power factor,0.8933333333333334,2025-07-11 10:23:06.032660
featureId,NONE,2025-07-11 10:23:07.033003
partKindId,EDB34637-67D8-465A-AFBA-010AD86D34F6,2025-07-11 10:23:07.033003
processKindId,AF6B782E-23DD-4144-8665-11C813BE7660,2025-07-11 10:23:07.033003
A_Axis_Load,16,2025-07-11 10:23:07.033003
A_Position,0.000167897837982586,2025-07-11 10:23:07.033003
C_Axis_Load,45,2025-07-11 10:23:07.033003
C_Position,30.001,2025-07-11 10:23:07.033003
Machine_Time,2590490.28,2025-07-11 10:23:07.033003
Spindle_Time,690508.343999999,2025-07-11 10:23:07.033003
Feed_Override,100,2025-07-11 10:23:07.033003
Feed_Rate,41.43333,2025-07-11 10:23:07.033003
Program_Runtime_Seconds,39,2025-07-11 10:23:07.033003
Rapid_Override,100,2025-07-11 10:23:07.033003
Rapid_Speed,0,2025-07-11 10:23:07.033003
S_Axis_Load,0,2025-07-11 10:23:07.033003
Spindle_Override,100,2025-07-11 10:23:07.033003
Spindle_Speed,9792,2025-07-11 10:23:07.033003
X_Axis_Load,7,2025-07-11 10:23:07.033003
X_Position,418.505817278591,2025-07-11 10:23:07.033003
Y_Axis_Load,33,2025-07-11 10:23:07.033003
Y_Position,270.042239699137,2025-07-11 10:23:07.033003
Z_Axis_Load,32,2025-07-11 10:23:07.033003
Z_Position,-297.620914551547,2025-07-11 10:23:07.033003
COR_Status,1,2025-07-11 10:23:07.033003
Controller_Mode,AUTO,2025-07-11 10:23:07.033003
EStop_State,ARMED,2025-07-11 10:23:07.033003
Machine_Mode,5,2025-07-11 10:23:07.033003
Block_Number,45,2025-07-11 10:23:07.033003
Current_Tool,6,2025-07-11 10:23:07.033003
Part_Count,3,2025-07-11 10:23:07.033003
Program_Name_Running,000454_D_A_PROGRAM_2.NC,2025-07-11 10:23:07.033003
spindle motor v_rms,0.7,2025-07-11 10:23:07.033003
spindle motor a_peak,9500,2025-07-11 10:23:07.033003
spindle motor a_rms,2800,2025-07-11 10:23:07.033003
spindle motor temp,24.6,2025-07-11 10:23:07.033003
spindle motor crest,3.4,2025-07-11 10:23:07.033003
z-axis bearing v_rms,0.3,2025-07-11 10:23:07.033003
z-axis bearing a_peak,16200,2025-07-11 10:23:07.033003
z-axis bearing a_rms,3800,2025-07-11 10:23:07.033003
z-axis bearing temp,22.4,2025-07-11 10:23:07.033003
z-axis bearing crest,4.3,2025-07-11 10:23:07.033003
z-axis motor v_rms,1.6,2025-07-11 10:23:07.033003
z-axis motor a_peak,5900,2025-07-11 10:23:07.033003
z-axis motor a_rms,1900,2025-07-11 10:23:07.033003
z-axis motor temp,25.4,2025-07-11 10:23:07.033003
z-axis motor crest,3.1,2025-07-11 10:23:07.033003
y-axis bearing v_rms,0.9,2025-07-11 10:23:07.033003
y-axis bearing a_peak,7900,2025-07-11 10:23:07.033003
y-axis bearing a_rms,2900,2025-07-11 10:23:07.033003
y-axis bearing temp,21.3,2025-07-11 10:23:07.033003
y-axis bearing crest,2.7,2025-07-11 10:23:07.033003
y-axis motor v_rms,1.4,2025-07-11 10:23:07.033003
y-axis motor a_peak,12900,2025-07-11 10:23:07.033003
y-axis motor a_rms,4700,2025-07-11 10:23:07.033003
y-axis motor temp,24.2,2025-07-11 10:23:07.033003
y-axis motor crest,2.8,2025-07-11 10:23:07.033003
x-axis motor v_rms,0.5,2025-07-11 10:23:07.033003
x-axis motor a_peak,4300,2025-07-11 10:23:07.033003
x-axis motor a_rms,1400,2025-07-11 10:23:07.033003
x-axis motor temp,21.4,2025-07-11 10:23:07.033003
x-axis motor crest,3.0,2025-07-11 10:23:07.033003
voltage,132.1,2025-07-11 10:23:07.033003
current,11.479999999999999,2025-07-11 10:23:07.033003
active power,1296.6666666666667,2025-07-11 10:23:07.033003
forward kWh,16.236333333333334,2025-07-11 10:23:07.033003
reverse kWh,0.3606666666666667,2025-07-11 10:23:07.033003
frequency,59.97,2025-07-11 10:23:07.033003
power factor,0.7699999999999999,2025-07-11 10:23:07.033003
featureId,NONE,2025-07-11 10:23:08.033268
partKindId,EDB34637-67D8-465A-AFBA-010AD86D34F6,2025-07-11 10:23:08.033268
processKindId,AF6B782E-23DD-4144-8665-11C813BE7660,2025-07-11 10:23:08.033268
A_Axis_Load,16,2025-07-11 10:23:08.033268
A_Position,0.000167897837982586,2025-07-11 10:23:08.033268
C_Axis_Load,45,2025-07-11 10:23:08.033268
C_Position,30.0015,2025-07-11 10:23:08.033268
Machine_Time,2590490.28,2025-07-11 10:23:08.033268
Spindle_Time,690508.343999999,2025-07-11 10:23:08.033268
Feed_Override,100,2025-07-11 10:23:08.033268
Feed_Rate,71.25,2025-07-11 10:23:08.033268
Program_Runtime_Seconds,40,2025-07-11 10:23:08.033268
Rapid_Override,100,2025-07-11 10:23:08.033268
Rapid_Speed,0,2025-07-11 10:23:08.033268
S_Axis_Load,0,2025-07-11 10:23:08.033268
Spindle_Override,100,2025-07-11 10:23:08.033268
Spindle_Speed,9792,2025-07-11 10:23:08.033268
X_Axis_Load,10,2025-07-11 10:23:08.033268
X_Position,388.925561533947,2025-07-11 10:23:08.033268
Y_Axis_Load,0,2025-07-11 10:23:08.033268
Y_Position,230.537999392294,2025-07-11 10:23:08.033268
Z_Axis_Load,33,2025-07-11 10:23:08.033268
Z_Position,-297.620765797296,2025-07-11 10:23:08.033268
COR_Status,1,2025-07-11 10:23:08.033268
Controller_Mode,AUTO,2025-07-11 10:23:08.033268
EStop_State,ARMED,2025-07-11 10:23:08.033268
Machine_Mode,5,2025-07-11 10:23:08.033268
Block_Number,46,2025-07-11 10:23:08.033268
Current_Tool,6,2025-07-11 10:23:08.033268
Part_Count,3,2025-07-11 10:23:08.033268
Program_Name_Running,000454_D_A_PROGRAM_2.NC,2025-07-11 10:23:08.033268
spindle motor v_rms,1.4,2025-07-11 10:23:08.033268
spindle motor a_peak,14100,2025-07-11 10:23:08.033268
spindle motor a_rms,5300,2025-07-11 10:23:08.033268
spindle motor temp,24.6,2025-07-11 10:23:08.033268
spindle motor crest,2.6,2025-07-11 10:23:08.033268
z-axis bearing v_rms,0.3,2025-07-11 10:23:08.033268
z-axis bearing a_peak,9500,2025-07-11 10:23:08.033268
z-axis bearing a_rms,4300,2025-07-11 10:23:08.033268
z-axis bearing temp,22.4,2025-07-11 10:23:08.033268
z-axis bearing crest,2.2,2025-07-11 10:23:08.033268
z-axis motor v_rms,1.7,2025-07-11 10:23:08.033268
z-axis motor a_peak,5100,2025-07-11 10:23:08.033268
z-axis motor a_rms,2100,2025-07-11 10:23:08.033268
z-axis motor temp,25.4,2025-07-11 10:23:08.033268
z-axis motor crest,2.4,2025-07-11 10:23:08.033268
y-axis bearing v_rms,0.8,2025-07-11 10:23:08.033268
y-axis bearing a_peak,4200,2025-07-11 10:23:08.033268
y-axis bearing a_rms,2400,2025-07-11 10:23:08.033268
y-axis bearing temp,21.3,2025-07-11 10:23:08.033268
y-axis bearing crest,1.7,2025-07-11 10:23:08.033268
y-axis motor v_rms,1.8,2025-07-11 10:23:08.033268
y-axis motor a_peak,10600,2025-07-11 10:23:08.033268
y-axis motor a_rms,5600,2025-07-11 10:23:08.033268
y-axis motor temp,24.2,2025-07-11 10:23:08.033268
y-axis motor crest,1.9,2025-07-11 10:23:08.033268
x-axis motor v_rms,0.3,2025-07-11 10:23:08.033268
x-axis motor a_peak,2600,2025-07-11 10:23:08.033268
x-axis motor a_rms,1000,2025-07-11 10:23:08.033268
x-axis motor temp,21.4,2025-07-11 10:23:08.033268
x-axis motor crest,2.7,2025-07-11 10:23:08.033268
voltage,131.96666666666667,2025-07-11 10:23:08.033268
current,12.893333333333333,2025-07-11 10:23:08.033268
active power,1469.0,2025-07-11 10:23:08.033268
forward kWh,16.237333333333332,2025-07-11 10:23:08.033268
reverse kWh,0.3606666666666667,2025-07-11 10:23:08.033268
frequency,59.97,2025-07-11 10:23:08.033268
power factor,0.9466666666666667,2025-07-11 10:23:08.033268
featureId,NONE,2025-07-11 10:23:09.033577
partKindId,EDB34637-67D8-465A-AFBA-010AD86D34F6,2025-07-11 10:23:09.033577
processKindId,AF6B782E-23DD-4144-8665-11C813BE7660,2025-07-11 10:23:09.033577
A_Axis_Load,16,2025-07-11 10:23:09.033577
A_Position,0.000167897837982586,2025-07-11 10:23:09.033577
C_Axis_Load,45,2025-07-11 10:23:09.033577
C_Position,30.001,2025-07-11 10:23:09.033577
Machine_Time,2590490.28,2025-07-11 10:23:09.033577
Spindle_Time,690508.343999999,2025-07-11 10:23:09.033577
Feed_Override,100,2025-07-11 10:23:09.033577
Feed_Rate,71.25,2025-07-11 10:23:09.033577
Program_Runtime_Seconds,41,2025-07-11 10:23:09.033577
Rapid_Override,100,2025-07-11 10:23:09.033577
Rapid_Speed,0,2025-07-11 10:23:09.033577
S_Axis_Load,1,2025-07-11 10:23:09.033577
Spindle_Override,100,2025-07-11 10:23:09.033577
Spindle_Speed,9792,2025-07-11 10:23:09.033577
X_Axis_Load,0,2025-07-11 10:23:09.033577
X_Position,342.305581795884,2025-07-11 10:23:09.033577
Y_Axis_Load,10,2025-07-11 10:23:09.033577
Y_Position,249.343098468934,2025-07-11 10:23:09.033577
Z_Axis_Load,32,2025-07-11 10:23:09.033577
Z_Position,-297.620880223643,2025-07-11 10:23:09.033577
COR_Status,1,2025-07-11 10:23:09.033577
Controller_Mode,AUTO,2025-07-11 10:23:09.033577
EStop_State,ARMED,2025-07-11 10:23:09.033577
Machine_Mode,5,2025-07-11 10:23:09.033577
Block_Number,47,2025-07-11 10:23:09.033577
Current_Tool,6,2025-07-11 10:23:09.033577
Part_Count,3,2025-07-11 10:23:09.033577
Program_Name_Running,000454_D_A_PROGRAM_2.NC,2025-07-11 10:23:09.033577
spindle motor v_rms,1.3,2025-07-11 10:23:09.033577
spindle motor a_peak,12400,2025-07-11 10:23:09.033577
spindle motor a_rms,4400,2025-07-11 10:23:09.033577
spindle motor temp,24.6,2025-07-11 10:23:09.033577
spindle motor crest,2.8,2025-07-11 10:23:09.033577
z-axis bearing v_rms,0.3,2025-07-11 10:23:09.033577
z-axis bearing a_peak,10400,2025-07-11 10:23:09.033577
z-axis bearing a_rms,3300,2025-07-11 10:23:09.033577
z-axis bearing temp,22.4,2025-07-11 10:23:09.033577
z-axis bearing crest,3.1,2025-07-11 10:23:09.033577
z-axis motor v_rms,1.5,2025-07-11 10:23:09.033577
z-axis motor a_peak,4800,2025-07-11 10:23:09.033577
z-axis motor a_rms,1800,2025-07-11 10:23:09.033577
z-axis motor temp,25.4,2025-07-11 10:23:09.033577
z-axis motor crest,2.6,2025-07-11 10:23:09.033577
y-axis bearing v_rms,1.0,2025-07-11 10:23:09.033577
y-axis bearing a_peak,7400,2025-07-11 10:23:09.033577
y-axis bearing a_rms,3200,2025-07-11 10:23:09.033577
y-axis bearing temp,21.3,2025-07-11 10:23:09.033577
y-axis bearing crest,2.3,2025-07-11 10:23:09.033577
y-axis motor v_rms,1.5,2025-07-11 10:23:09.033577
y-axis motor a_peak,12400,2025-07-11 10:23:09.033577
y-axis motor a_rms,4700,2025-07-11 10:23:09.033577
y-axis motor temp,24.2,2025-07-11 10:23:09.033577
y-axis motor crest,2.7,2025-07-11 10:23:09.033577
x-axis motor v_rms,1.0,2025-07-11 10:23:09.033577
x-axis motor a_peak,3600,2025-07-11 10:23:09.033577
x-axis motor a_rms,1300,2025-07-11 10:23:09.033577
x-axis motor temp,21.4,2025-07-11 10:23:09.033577
x-axis motor crest,2.8,2025-07-11 10:23:09.033577
voltage,131.96666666666667,2025-07-11 10:23:09.033577
current,13.323333333333332,2025-07-11 10:23:09.033577
active power,1520.3333333333333,2025-07-11 10:23:09.033577
forward kWh,16.237333333333332,2025-07-11 10:23:09.033577
reverse kWh,0.3606666666666667,2025-07-11 10:23:09.033577
frequency,59.97,2025-07-11 10:23:09.033577
power factor,0.88,2025-07-11 10:23:09.033577
featureId,NONE,2025-07-11 10:23:10.033867
partKindId,EDB34637-67D8-465A-AFBA-010AD86D34F6,2025-07-11 10:23:10.033867
processKindId,AF6B782E-23DD-4144-8665-11C813BE7660,2025-07-11 10:23:10.033867
A_Axis_Load,16,2025-07-11 10:23:10.033867
A_Position,0.000167897837982586,2025-07-11 10:23:10.033867
C_Axis_Load,45,2025-07-11 10:23:10.033867
C_Position,30.0005,2025-07-11 10:23:10.033867
Machine_Time,2590490.28,2025-07-11 10:23:10.033867
Spindle_Time,690508.343999999,2025-07-11 10:23:10.033867
Feed_Override,100,2025-07-11 10:23:10.033867
Feed_Rate,52.28333,2025-07-11 10:23:10.033867
Program_Runtime_Seconds,43,2025-07-11 10:23:10.033867
Rapid_Override,100,2025-07-11 10:23:10.033867
Rapid_Speed,0,2025-07-11 10:23:10.033867
S_Axis_Load,2,2025-07-11 10:23:10.033867
Spindle_Override,100,2025-07-11 10:23:10.033867
Spindle_Speed,9792,2025-07-11 10:23:10.033867
X_Axis_Load,0,2025-07-11 10:23:10.033867
X_Position,380.401073433507,2025-07-11 10:23:10.033867
Y_Axis_Load,6,2025-07-11 10:23:10.033867
Y_Position,274.092550834399,2025-07-11 10:23:10.033867
Z_Axis_Load,32,2025-07-11 10:23:10.033867
Z_Position,-297.620754354661,2025-07-11 10:23:10.033867
COR_Status,1,2025-07-11 10:23:10.033867
Controller_Mode,AUTO,2025-07-11 10:23:10.033867
EStop_State,ARMED,2025-07-11 10:23:10.033867
Machine_Mode,5,2025-07-11 10:23:10.033867
Block_Number,48,2025-07-11 10:23:10.033867
Current_Tool,6,2025-07-11 10:23:10.033867
Part_Count,3,2025-07-11 10:23:10.033867
Program_Name_Running,000454_D_A_PROGRAM_2.NC,2025-07-11 10:23:10.033867
spindle motor v_rms,0.7,2025-07-11 10:23:10.033867
spindle motor a_peak,14400,2025-07-11 10:23:10.033867
spindle motor a_rms,3100,2025-07-11 10:23:10.033867
spindle motor temp,24.6,2025-07-11 10:23:10.033867
spindle motor crest,4.7,2025-07-11 10:23:10.033867
z-axis bearing v_rms,0.3,2025-07-11 10:23:10.033867
z-axis bearing a_peak,14600,2025-07-11 10:23:10.033867
z-axis bearing a_rms,2700,2025-07-11 10:23:10.033867
z-axis bearing temp,22.4,2025-07-11 10:23:10.033867
z-axis bearing crest,5.4,2025-07-11 10:23:10.033867
z-axis motor v_rms,1.7,2025-07-11 10:23:10.033867
z-axis motor a_peak,5100,2025-07-11 10:23:10.033867
z-axis motor a_rms,1900,2025-07-11 10:23:10.033867
z-axis motor temp,25.4,2025-07-11 10:23:10.033867
z-axis motor crest,2.7,2025-07-11 10:23:10.033867
y-axis bearing v_rms,0.7,2025-07-11 10:23:10.033867
y-axis bearing a_peak,6500,2025-07-11 10:23:10.033867
y-axis bearing a_rms,2100,2025-07-11 10:23:10.033867
y-axis bearing temp,21.3,2025-07-11 10:23:10.033867
y-axis bearing crest,3.1,2025-07-11 10:23:10.033867
y-axis motor v_rms,1.2,2025-07-11 10:23:10.033867
y-axis motor a_peak,10300,2025-07-11 10:23:10.033867
y-axis motor a_rms,3600,2025-07-11 10:23:10.033867
y-axis motor temp,24.2,2025-07-11 10:23:10.033867
y-axis motor crest,2.9,2025-07-11 10:23:10.033867
x-axis motor v_rms,1.0,2025-07-11 10:23:10.033867
x-axis motor a_peak,3400,2025-07-11 10:23:10.033867
x-axis motor a_rms,1200,2025-07-11 10:23:10.033867
x-axis motor temp,21.4,2025-07-11 10:23:10.033867
x-axis motor crest,2.9,2025-07-11 10:23:10.033867
voltage,132.0,2025-07-11 10:23:10.033867
current,12.92,2025-07-11 10:23:10.033867
active power,1470.0,2025-07-11 10:23:10.033867
forward kWh,16.237333333333332,2025-07-11 10:23:10.033867
reverse kWh,0.3606666666666667,2025-07-11 10:23:10.033867
frequency,59.97,2025-07-11 10:23:10.033867
power factor,0.8733333333333334,2025-07-11 10:23:10.033867
featureId,NONE,2025-07-11 10:23:11.034176
partKindId,EDB34637-67D8-465A-AFBA-010AD86D34F6,2025-07-11 10:23:11.034176
processKindId,AF6B782E-23DD-4144-8665-11C813BE7660,2025-07-11 10:23:11.034176
A_Axis_Load,16,2025-07-11 10:23:11.034176
A_Position,0.000167897837982586,2025-07-11 10:23:11.034176
C_Axis_Load,45,2025-07-11 10:23:11.034176
C_Position,30.001,2025-07-11 10:23:11.034176
Machine_Time,2590490.28,2025-07-11 10:23:11.034176
Spindle_Time,690508.343999999,2025-07-11 10:23:11.034176
Feed_Override,100,2025-07-11 10:23:11.034176
Feed_Rate,71.25,2025-07-11 10:23:11.034176
Program_Runtime_Seconds,43,2025-07-11 10:23:11.034176
Rapid_Override,100,2025-07-11 10:23:11.034176
Rapid_Speed,0,2025-07-11 10:23:11.034176
S_Axis_Load,0,2025-07-11 10:23:11.034176
Spindle_Override,100,2025-07-11 10:23:11.034176
Spindle_Speed,9792,2025-07-11 10:23:11.034176
X_Axis_Load,0,2025-07-11 10:23:11.034176
X_Position,412.155582640419,2025-07-11 10:23:11.034176
Y_Axis_Load,11,2025-07-11 10:23:11.034176
Y_Position,245.379572459232,2025-07-11 10:23:11.034176
Z_Axis_Load,32,2025-07-11 10:23:11.034176
Z_Position,-297.620742912026,2025-07-11 10:23:11.034176
COR_Status,1,2025-07-11 10:23:11.034176
Controller_Mode,AUTO,2025-07-11 10:23:11.034176
EStop_State,ARMED,2025-07-11 10:23:11.034176
Machine_Mode,5,2025-07-11 10:23:11.034176
Block_Number,51,2025-07-11 10:23:11.034176
Current_Tool,6,2025-07-11 10:23:11.034176
Part_Count,3,2025-07-11 10:23:11.034176
Program_Name_Running,000454_D_A_PROGRAM_2.NC,2025-07-11 10:23:11.034176
spindle motor v_rms,0.9,2025-07-11 10:23:11.034176
spindle motor a_peak,15600,2025-07-11 10:23:11.034176
spindle motor a_rms,3200,2025-07-11 10:23:11.034176
spindle motor temp,24.6,2025-07-11 10:23:11.034176
spindle motor crest,4.9,2025-07-11 10:23:11.034176
z-axis bearing v_rms,0.3,2025-07-11 10:23:11.034176
z-axis bearing a_peak,11100,2025-07-11 10:23:11.034176
z-axis bearing a_rms,3700,2025-07-11 10:23:11.034176
z-axis bearing temp,22.4,2025-07-11 10:23:11.034176
z-axis bearing crest,3.0,2025-07-11 10:23:11.034176
z-axis motor v_rms,1.7,2025-07-11 10:23:11.034176
z-axis motor a_peak,5400,2025-07-11 10:23:11.034176
z-axis motor a_rms,1900,2025-07-11 10:23:11.034176
z-axis motor temp,25.4,2025-07-11 10:23:11.034176
z-axis motor crest,2.8,2025-07-11 10:23:11.034176
y-axis bearing v_rms,0.7,2025-07-11 10:23:11.034176
y-axis bearing a_peak,5900,2025-07-11 10:23:11.034176
y-axis bearing a_rms,2200,2025-07-11 10:23:11.034176
y-axis bearing temp,21.3,2025-07-11 10:23:11.034176
y-axis bearing crest,2.6,2025-07-11 10:23:11.034176
y-axis motor v_rms,1.1,2025-07-11 10:23:11.034176
y-axis motor a_peak,13100,2025-07-11 10:23:11.034176
y-axis motor a_rms,3600,2025-07-11 10:23:11.034176
y-axis motor temp,24.2,2025-07-11 10:23:11.034176
y-axis motor crest,3.7,2025-07-11 10:23:11.034176
x-axis motor v_rms,1.0,2025-07-11 10:23:11.034176
x-axis motor a_peak,4400,2025-07-11 10:23:11.034176
x-axis motor a_rms,1100,2025-07-11 10:23:11.034176
x-axis motor temp,21.4,2025-07-11 10:23:11.034176
x-axis motor crest,4.1,2025-07-11 10:23:11.034176
voltage,132.0,2025-07-11 10:23:11.034176
current,12.926666666666668,2025-07-11 10:23:11.034176
active power,1464.0,2025-07-11 10:23:11.034176
forward kWh,16.237666666666666,2025-07-11 10:23:11.034176
reverse kWh,0.3606666666666667,2025-07-11 10:23:11.034176
frequency,59.97,2025-07-11 10:23:11.034176
power factor,0.9700000000000001,2025-07-11 10:23:11.034176
featureId,NONE,2025-07-11 10:23:12.034504
partKindId,EDB34637-67D8-465A-AFBA-010AD86D34F6,2025-07-11 10:23:12.034504
processKindId,AF6B782E-23DD-4144-8665-11C813BE7660,2025-07-11 10:23:12.034504
A_Axis_Load,16,2025-07-11 10:23:12.034504
A_Position,0.000167897837982586,2025-07-11 10:23:12.034504
C_Axis_Load,45,2025-07-11 10:23:12.034504
C_Position,30.001,2025-07-11 10:23:12.034504
Machine_Time,2590490.28,2025-07-11 10:23:12.034504
Spindle_Time,690508.343999999,2025-07-11 10:23:12.034504
Feed_Override,100,2025-07-11 10:23:12.034504
Feed_Rate,71.25,2025-07-11 10:23:12.034504
Program_Runtime_Seconds,44,2025-07-11 10:23:12.034504
Rapid_Override,100,2025-07-11 10:23:12.034504
Rapid_Speed,0,2025-07-11 10:23:12.034504
S_Axis_Load,1,2025-07-11 10:23:12.034504
Spindle_Override,100,2025-07-11 10:23:12.034504
Spindle_Speed,9792,2025-07-11 10:23:12.034504
X_Axis_Load,11,2025-07-11 10:23:12.034504
X_Position,351.558747791076,2025-07-11 10:23:12.034504
Y_Axis_Load,0,2025-07-11 10:23:12.034504
Y_Position,236.888105824076,2025-07-11 10:23:12.034504
Z_Axis_Load,32,2025-07-11 10:23:12.034504
Z_Position,-297.620834453104,2025-07-11 10:23:12.034504
COR_Status,1,2025-07-11 10:23:12.034504
Controller_Mode,AUTO,2025-07-11 10:23:12.034504
EStop_State,ARMED,2025-07-11 10:23:12.034504
Machine_Mode,5,2025-07-11 10:23:12.034504
Block_Number,52,2025-07-11 10:23:12.034504
Current_Tool,6,2025-07-11 10:23:12.034504
Part_Count,3,2025-07-11 10:23:12.034504
Program_Name_Running,000454_D_A_PROGRAM_2.NC,2025-07-11 10:23:12.034504
spindle motor v_rms,1.2,2025-07-11 10:23:12.034504
spindle motor a_peak,13600,2025-07-11 10:23:12.034504
spindle motor a_rms,4400,2025-07-11 10:23:12.034504
spindle motor temp,24.6,2025-07-11 10:23:12.034504
spindle motor crest,3.1,2025-07-11 10:23:12.034504
z-axis bearing v_rms,0.3,2025-07-11 10:23:12.034504
z-axis bearing a_peak,15600,2025-07-11 10:23:12.034504
z-axis bearing a_rms,3600,2025-07-11 10:23:12.034504
z-axis bearing temp,22.4,2025-07-11 10:23:12.034504
z-axis bearing crest,4.3,2025-07-11 10:23:12.034504
z-axis motor v_rms,1.6,2025-07-11 10:23:12.034504
z-axis motor a_peak,5500,2025-07-11 10:23:12.034504
z-axis motor a_rms,1900,2025-07-11 10:23:12.034504
z-axis motor temp,25.4,2025-07-11 10:23:12.034504
z-axis motor crest,2.9,2025-07-11 10:23:12.034504
y-axis bearing v_rms,0.9,2025-07-11 10:23:12.034504
y-axis bearing a_peak,7500,2025-07-11 10:23:12.034504
y-axis bearing a_rms,2800,2025-07-11 10:23:12.034504
y-axis bearing temp,21.3,2025-07-11 10:23:12.034504
y-axis bearing crest,2.7,2025-07-11 10:23:12.034504
y-axis motor v_rms,1.3,2025-07-11 10:23:12.034504
y-axis motor a_peak,12300,2025-07-11 10:23:12.034504
y-axis motor a_rms,4200,2025-07-11 10:23:12.034504
y-axis motor temp,24.2,2025-07-11 10:23:12.034504
y-axis motor crest,3.0,2025-07-11 10:23:12.034504
x-axis motor v_rms,0.8,2025-07-11 10:23:12.034504
x-axis motor a_peak,4800,2025-07-11 10:23:12.034504
x-axis motor a_rms,1500,2025-07-11 10:23:12.034504
x-axis motor temp,21.4,2025-07-11 10:23:12.034504
x-axis motor crest,3.1,2025-07-11 10:23:12.034504
voltage,132.0666666666667,2025-07-11 10:23:12.034504
current,11.823333333333332,2025-07-11 10:23:12.034504
active power,1339.6666666666667,2025-07-11 10:23:12.034504
forward kWh,16.238666666666667,2025-07-11 10:23:12.034504
reverse kWh,0.3606666666666667,2025-07-11 10:23:12.034504
frequency,59.97,2025-07-11 10:23:12.034504
power factor,0.9133333333333334,2025-07-11 10:23:12.034504
featureId,NONE,2025-07-11 10:23:13.034822
partKindId,EDB34637-67D8-465A-AFBA-010AD86D34F6,2025-07-11 10:23:13.034822
processKindId,AF6B782E-23DD-4144-8665-11C813BE7660,2025-07-11 10:23:13.034822
A_Axis_Load,16,2025-07-11 10:23:13.034822
A_Position,-0.000332225347943367,2025-07-11 10:23:13.034822
C_Axis_Load,45,2025-07-11 10:23:13.034822
C_Position,30.0005,2025-07-11 10:23:13.034822
Machine_Time,2590490.28,2025-07-11 10:23:13.034822
Spindle_Time,690508.343999999,2025-07-11 10:23:13.034822
Feed_Override,100,2025-07-11 10:23:13.034822
Feed_Rate,71.25,2025-07-11 10:23:13.034822
Program_Runtime_Seconds,45,2025-07-11 10:23:13.034822
Rapid_Override,100,2025-07-11 10:23:13.034822
Rapid_Speed,0,2025-07-11 10:23:13.034822
S_Axis_Load,0,2025-07-11 10:23:13.034822
Spindle_Override,100,2025-07-11 10:23:13.034822
Spindle_Speed,9792,2025-07-11 10:23:13.034822
X_Axis_Load,11,2025-07-11 10:23:13.034822
X_Position,374.797093476782,2025-07-11 10:23:13.034822
Y_Axis_Load,2,2025-07-11 10:23:13.034822
Y_Position,268.891911779492,2025-07-11 10:23:13.034822
Z_Axis_Load,32,2025-07-11 10:23:13.034822
Z_Position,-297.620731469392,2025-07-11 10:23:13.034822
COR_Status,1,2025-07-11 10:23:13.034822
Controller_Mode,AUTO,2025-07-11 10:23:13.034822
EStop_State,ARMED,2025-07-11 10:23:13.034822
Machine_Mode,5,2025-07-11 10:23:13.034822
Block_Number,54,2025-07-11 10:23:13.034822
Current_Tool,6,2025-07-11 10:23:13.034822
Part_Count,3,2025-07-11 10:23:13.034822
Program_Name_Running,000454_D_A_PROGRAM_2.NC,2025-07-11 10:23:13.034822
spindle motor v_rms,0.8,2025-07-11 10:23:13.034822
spindle motor a_peak,14900,2025-07-11 10:23:13.034822
spindle motor a_rms,3300,2025-07-11 10:23:13.034822
spindle motor temp,24.6,2025-07-11 10:23:13.034822
spindle motor crest,4.5,2025-07-11 10:23:13.034822
z-axis bearing v_rms,0.3,2025-07-11 10:23:13.034822
z-axis bearing a_peak,15300,2025-07-11 10:23:13.034822
z-axis bearing a_rms,2700,2025-07-11 10:23:13.034822
z-axis bearing temp,22.4,2025-07-11 10:23:13.034822
z-axis bearing crest,5.7,2025-07-11 10:23:13.034822
z-axis motor v_rms,1.7,2025-07-11 10:23:13.034822
z-axis motor a_peak,5000,2025-07-11 10:23:13.034822
z-axis motor a_rms,1900,2025-07-11 10:23:13.034822
z-axis motor temp,25.4,2025-07-11 10:23:13.034822
z-axis motor crest,2.7,2025-07-11 10:23:13.034822
y-axis bearing v_rms,0.6,2025-07-11 10:23:13.034822
y-axis bearing a_peak,6900,2025-07-11 10:23:13.034822
y-axis bearing a_rms,1900,2025-07-11 10:23:13.034822
y-axis bearing temp,21.3,2025-07-11 10:23:13.034822
y-axis bearing crest,3.6,2025-07-11 10:23:13.034822
y-axis motor v_rms,1.0,2025-07-11 10:23:13.034822
y-axis motor a_peak,9800,2025-07-11 10:23:13.034822
y-axis motor a_rms,3100,2025-07-11 10:23:13.034822
y-axis motor temp,24.2,2025-07-11 10:23:13.034822
y-axis motor crest,3.1,2025-07-11 10:23:13.034822
x-axis motor v_rms,1.0,2025-07-11 10:23:13.034822
x-axis motor a_peak,3300,2025-07-11 10:23:13.034822
x-axis motor a_rms,1100,2025-07-11 10:23:13.034822
x-axis motor temp,21.4,2025-07-11 10:23:13.034822
x-axis motor crest,3.1,2025-07-11 10:23:13.034822
voltage,132.0,2025-07-11 10:23:13.034822
current,13.303333333333333,2025-07-11 10:23:13.034822
active power,1519.3333333333333,2025-07-11 10:23:13.034822
forward kWh,16.238666666666667,2025-07-11 10:23:13.034822
reverse kWh,0.3606666666666667,2025-07-11 10:23:13.034822
frequency,59.97,2025-07-11 10:23:13.034822
power factor,0.8733333333333334,2025-07-11 10:23:13.034822
featureId,NONE,2025-07-11 10:23:14.035163
partKindId,EDB34637-67D8-465A-AFBA-010AD86D34F6,2025-07-11 10:23:14.035163
processKindId,AF6B782E-23DD-4144-8665-11C813BE7660,2025-07-11 10:23:14.035163
A_Axis_Load,16,2025-07-11 10:23:14.035163
A_Position,0.000167897837982586,2025-07-11 10:23:14.035163
C_Axis_Load,45,2025-07-11 10:23:14.035163
C_Position,30.001,2025-07-11 10:23:14.035163
Machine_Time,2590490.28,2025-07-11 10:23:14.035163
Spindle_Time,690508.343999999,2025-07-11 10:23:14.035163
Feed_Override,100,2025-07-11 10:23:14.035163
Feed_Rate,67.48333,2025-07-11 10:23:14.035163
Program_Runtime_Seconds,46,2025-07-11 10:23:14.035163
Rapid_Override,100,2025-07-11 10:23:14.035163
Rapid_Speed,0,2025-07-11 10:23:14.035163
S_Axis_Load,1,2025-07-11 10:23:14.035163
Spindle_Override,100,2025-07-11 10:23:14.035163
Spindle_Speed,9792,2025-07-11 10:23:14.035163
X_Axis_Load,1,2025-07-11 10:23:14.035163
X_Position,399.253960210155,2025-07-11 10:23:14.035163
Y_Axis_Load,10,2025-07-11 10:23:14.035163
Y_Position,243.237571390451,2025-07-11 10:23:14.035163
Z_Axis_Load,32,2025-07-11 10:23:14.035163
Z_Position,-297.620765797296,2025-07-11 10:23:14.035163
COR_Status,1,2025-07-11 10:23:14.035163
Controller_Mode,AUTO,2025-07-11 10:23:14.035163
EStop_State,ARMED,2025-07-11 10:23:14.035163
Machine_Mode,5,2025-07-11 10:23:14.035163
Block_Number,57,2025-07-11 10:23:14.035163
Current_Tool,6,2025-07-11 10:23:14.035163
Part_Count,3,2025-07-11 10:23:14.035163
Program_Name_Running,000454_D_A_PROGRAM_2.NC,2025-07-11 10:23:14.035163
spindle motor v_rms,1.0,2025-07-11 10:23:14.035163
spindle motor a_peak,15000,2025-07-11 10:23:14.035163
spindle motor a_rms,3700,2025-07-11 10:23:14.035163
spindle motor temp,24.6,2025-07-11 10:23:14.035163
spindle motor crest,4.1,2025-07-11 10:23:14.035163
z-axis bearing v_rms,0.3,2025-07-11 10:23:14.035163
z-axis bearing a_peak,10900,2025-07-11 10:23:14.035163
z-axis bearing a_rms,3700,2025-07-11 10:23:14.035163
z-axis bearing temp,22.4,2025-07-11 10:23:14.035163
z-axis bearing crest,2.9,2025-07-11 10:23:14.035163
z-axis motor v_rms,1.7,2025-07-11 10:23:14.035163
z-axis motor a_peak,5300,2025-07-11 10:23:14.035163
z-axis motor a_rms,2000,2025-07-11 10:23:14.035163
z-axis motor temp,25.4,2025-07-11 10:23:14.035163
z-axis motor crest,2.6,2025-07-11 10:23:14.035163
y-axis bearing v_rms,0.7,2025-07-11 10:23:14.035163
y-axis bearing a_peak,5700,2025-07-11 10:23:14.035163
y-axis bearing a_rms,2200,2025-07-11 10:23:14.035163
y-axis bearing temp,21.3,2025-07-11 10:23:14.035163
y-axis bearing crest,2.6,2025-07-11 10:23:14.035163
y-axis motor v_rms,1.3,2025-07-11 10:23:14.035163
y-axis motor a_peak,11000,2025-07-11 10:23:14.035163
y-axis motor a_rms,3900,2025-07-11 10:23:14.035163
y-axis motor temp,24.2,2025-07-11 10:23:14.035163
y-axis motor crest,2.8,2025-07-11 10:23:14.035163
x-axis motor v_rms,1.0,2025-07-11 10:23:14.035163
x-axis motor a_peak,2700,2025-07-11 10:23:14.035163
x-axis motor a_rms,1100,2025-07-11 10:23:14.035163
x-axis motor temp,21.4,2025-07-11 10:23:14.035163
x-axis motor crest,2.5,2025-07-11 10:23:14.035163
voltage,132.06666666666663,2025-07-11 10:23:14.035163
current,12.053333333333333,2025-07-11 10:23:14.035163
active power,1368.3333333333333,2025-07-11 10:23:14.035163
forward kWh,16.239333333333335,2025-07-11 10:23:14.035163
reverse kWh,0.3606666666666667,2025-07-11 10:23:14.035163
frequency,59.97,2025-07-11 10:23:14.035163
power factor,0.85,2025-07-11 10:23:14.035163
featureId,NONE,2025-07-11 10:23:15.035444
partKindId,EDB34637-67D8-465A-AFBA-010AD86D34F6,2025-07-11 10:23:15.035444
processKindId,AF6B782E-23DD-4144-8665-11C813BE7660,2025-07-11 10:23:15.035444
A_Axis_Load,16,2025-07-11 10:23:15.035444
A_Position,-0.000332225347943367,2025-07-11 10:23:15.035444
C_Axis_Load,45,2025-07-11 10:23:15.035444
C_Position,30.001,2025-07-11 10:23:15.035444
Machine_Time,2590490.28,2025-07-11 10:23:15.035444
Spindle_Time,690508.343999999,2025-07-11 10:23:15.035444
Feed_Override,100,2025-07-11 10:23:15.035444
Feed_Rate,47.98333,2025-07-11 10:23:15.035444
Program_Runtime_Seconds,48,2025-07-11 10:23:15.035444
Rapid_Override,100,2025-07-11 10:23:15.035444
Rapid_Speed,0,2025-07-11 10:23:15.035444
S_Axis_Load,1,2025-07-11 10:23:15.035444
Spindle_Override,100,2025-07-11 10:23:15.035444
Spindle_Speed,9792,2025-07-11 10:23:15.035444
X_Axis_Load,2,2025-07-11 10:23:15.035444
X_Position,355.078352299076,2025-07-11 10:23:15.035444
Y_Axis_Load,10,2025-07-11 10:23:15.035444
Y_Position,262.478964842839,2025-07-11 10:23:15.035444
Z_Axis_Load,31,2025-07-11 10:23:15.035444
Z_Position,-297.620857338373,2025-07-11 10:23:15.035444
COR_Status,1,2025-07-11 10:23:15.035444
Controller_Mode,AUTO,2025-07-11 10:23:15.035444
EStop_State,ARMED,2025-07-11 10:23:15.035444
Machine_Mode,5,2025-07-11 10:23:15.035444
Block_Number,59,2025-07-11 10:23:15.035444
Current_Tool,6,2025-07-11 10:23:15.035444
Part_Count,3,2025-07-11 10:23:15.035444
Program_Name_Running,000454_D_A_PROGRAM_2.NC,2025-07-11 10:23:15.035444
spindle motor v_rms,0.8,2025-07-11 10:23:15.035444
spindle motor a_peak,13700,2025-07-11 10:23:15.035444
spindle motor a_rms,3100,2025-07-11 10:23:15.035444
spindle motor temp,24.6,2025-07-11 10:23:15.035444
spindle motor crest,4.4,2025-07-11 10:23:15.035444
z-axis bearing v_rms,0.3,2025-07-11 10:23:15.035444
z-axis bearing a_peak,15600,2025-07-11 10:23:15.035444
z-axis bearing a_rms,4000,2025-07-11 10:23:15.035444
z-axis bearing temp,22.4,2025-07-11 10:23:15.035444
z-axis bearing crest,3.9,2025-07-11 10:23:15.035444
z-axis motor v_rms,1.7,2025-07-11 10:23:15.035444
z-axis motor a_peak,6400,2025-07-11 10:23:15.035444
z-axis motor a_rms,2100,2025-07-11 10:23:15.035444
z-axis motor temp,25.4,2025-07-11 10:23:15.035444
z-axis motor crest,3.0,2025-07-11 10:23:15.035444
y-axis bearing v_rms,0.8,2025-07-11 10:23:15.035444
y-axis bearing a_peak,9200,2025-07-11 10:23:15.035444
y-axis bearing a_rms,2700,2025-07-11 10:23:15.035444
y-axis bearing temp,21.3,2025-07-11 10:23:15.035444
y-axis bearing crest,3.4,2025-07-11 10:23:15.035444
y-axis motor v_rms,0.9,2025-07-11 10:23:15.035444
y-axis motor a_peak,8900,2025-07-11 10:23:15.035444
y-axis motor a_rms,2800,2025-07-11 10:23:15.035444
y-axis motor temp,24.2,2025-07-11 10:23:15.035444
y-axis motor crest,3.2,2025-07-11 10:23:15.035444
x-axis motor v_rms,1.0,2025-07-11 10:23:15.035444
x-axis motor a_peak,3000,2025-07-11 10:23:15.035444
x-axis motor a_rms,1100,2025-07-11 10:23:15.035444
x-axis motor temp,21.4,2025-07-11 10:23:15.035444
x-axis motor crest,2.7,2025-07-11 10:23:15.035444
voltage,132.0666666666667,2025-07-11 10:23:15.035444
current,11.583333333333334,2025-07-11 10:23:15.035444
active power,1307.0,2025-07-11 10:23:15.035444
forward kWh,16.240333333333332,2025-07-11 10:23:15.035444
reverse kWh,0.3606666666666667,2025-07-11 10:23:15.035444
frequency,59.97,2025-07-11 10:23:15.035444
power factor,0.8533333333333334,2025-07-11 10:23:15.035444
featureId,NONE,2025-07-11 10:23:16.035757
partKindId,EDB34637-67D8-465A-AFBA-010AD86D34F6,2025-07-11 10:23:16.035757
processKindId,AF6B782E-23DD-4144-8665-11C813BE7660,2025-07-11 10:23:16.035757
A_Axis_Load,16,2025-07-11 10:23:16.035757
A_Position,0.000167897837982586,2025-07-11 10:23:16.035757
C_Axis_Load,45,2025-07-11 10:23:16.035757
C_Position,30.0005,2025-07-11 10:23:16.035757
Machine_Time,2590490.28,2025-07-11 10:23:16.035757
Spindle_Time,690508.343999999,2025-07-11 10:23:16.035757
Feed_Override,100,2025-07-11 10:23:16.035757
Feed_Rate,70.73333,2025-07-11 10:23:16.035757
Program_Runtime_Seconds,48,2025-07-11 10:23:16.035757
Rapid_Override,100,2025-07-11 10:23:16.035757
Rapid_Speed,0,2025-07-11 10:23:16.035757
S_Axis_Load,0,2025-07-11 10:23:16.035757
Spindle_Override,100,2025-07-11 10:23:16.035757
Spindle_Speed,9792,2025-07-11 10:23:16.035757
X_Axis_Load,6,2025-07-11 10:23:16.035757
X_Position,399.446807116601,2025-07-11 10:23:16.035757
Y_Axis_Load,22,2025-07-11 10:23:16.035757
Y_Position,255.643708401734,2025-07-11 10:23:16.035757
Z_Axis_Load,33,2025-07-11 10:23:16.035757
Z_Position,-297.620742912026,2025-07-11 10:23:16.035757
COR_Status,1,2025-07-11 10:23:16.035757
Controller_Mode,AUTO,2025-07-11 10:23:16.035757
EStop_State,ARMED,2025-07-11 10:23:16.035757
Machine_Mode,5,2025-07-11 10:23:16.035757
Block_Number,62,2025-07-11 10:23:16.035757
Current_Tool,6,2025-07-11 10:23:16.035757
Part_Count,3,2025-07-11 10:23:16.035757
Program_Name_Running,000454_D_A_PROGRAM_2.NC,2025-07-11 10:23:16.035757
spindle motor v_rms,0.7,2025-07-11 10:23:16.035757
spindle motor a_peak,11100,2025-07-11 10:23:16.035757
spindle motor a_rms,2800,2025-07-11 10:23:16.035757
spindle motor temp,24.6,2025-07-11 10:23:16.035757
spindle motor crest,4.0,2025-07-11 10:23:16.035757
z-axis bearing v_rms,0.3,2025-07-11 10:23:16.035757
z-axis bearing a_peak,12200,2025-07-11 10:23:16.035757
z-axis bearing a_rms,2200,2025-07-11 10:23:16.035757
z-axis bearing temp,22.4,2025-07-11 10:23:16.035757
z-axis bearing crest,5.5,2025-07-11 10:23:16.035757
z-axis motor v_rms,1.8,2025-07-11 10:23:16.035757
z-axis motor a_peak,5000,2025-07-11 10:23:16.035757
z-axis motor a_rms,1900,2025-07-11 10:23:16.035757
z-axis motor temp,25.4,2025-07-11 10:23:16.035757
z-axis motor crest,2.6,2025-07-11 10:23:16.035757
y-axis bearing v_rms,0.3,2025-07-11 10:23:16.035757
y-axis bearing a_peak,4000,2025-07-11 10:23:16.035757
y-axis bearing a_rms,800,2025-07-11 10:23:16.035757
y-axis bearing temp,21.3,2025-07-11 10:23:16.035757
y-axis bearing crest,5.1,2025-07-11 10:23:16.035757
y-axis motor v_rms,0.6,2025-07-11 10:23:16.035757
y-axis motor a_peak,8300,2025-07-11 10:23:16.035757
y-axis motor a_rms,2300,2025-07-11 10:23:16.035757
y-axis motor temp,24.2,2025-07-11 10:23:16.035757
y-axis motor crest,3.5,2025-07-11 10:23:16.035757
x-axis motor v_rms,0.9,2025-07-11 10:23:16.035757
x-axis motor a_peak,2500,2025-07-11 10:23:16.035757
x-axis motor a_rms,400,2025-07-11 10:23:16.035757
x-axis motor temp,21.4,2025-07-11 10:23:16.035757
x-axis motor crest,5.9,2025-07-11 10:23:16.035757
voltage,132.1,2025-07-11 10:23:16.035757
current,10.94,2025-07-11 10:23:16.035757
active power,1247.6666666666667,2025-07-11 10:23:16.035757
forward kWh,16.240333333333332,2025-07-11 10:23:16.035757
reverse kWh,0.3606666666666667,2025-07-11 10:23:16.035757
frequency,59.97,2025-07-11 10:23:16.035757
power factor,0.8466666666666667,2025-07-11 10:23:16.035757
featureId,NONE,2025-07-11 10:23:17.036074
partKindId,EDB34637-67D8-465A-AFBA-010AD86D34F6,2025-07-11 10:23:17.036074
processKindId,AF6B782E-23DD-4144-8665-11C813BE7660,2025-07-11 10:23:17.036074
A_Axis_Load,16,2025-07-11 10:23:17.036074
A_Position,0.000167897837982586,2025-07-11 10:23:17.036074
C_Axis_Load,45,2025-07-11 10:23:17.036074
C_Position,30.0005,2025-07-11 10:23:17.036074
Machine_Time,2590490.28,2025-07-11 10:23:17.036074
Spindle_Time,690508.343999999,2025-07-11 10:23:17.036074
Feed_Override,100,2025-07-11 10:23:17.036074
Feed_Rate,30.45,2025-07-11 10:23:17.036074
Program_Runtime_Seconds,49,2025-07-11 10:23:17.036074
Rapid_Override,100,2025-07-11 10:23:17.036074
Rapid_Speed,0,2025-07-11 10:23:17.036074
S_Axis_Load,1,2025-07-11 10:23:17.036074
Spindle_Override,100,2025-07-11 10:23:17.036074
Spindle_Speed,9792,2025-07-11 10:23:17.036074
X_Axis_Load,6,2025-07-11 10:23:17.036074
X_Position,366.059894013694,2025-07-11 10:23:17.036074
Y_Axis_Load,2,2025-07-11 10:23:17.036074
Y_Position,256.191492687245,2025-07-11 10:23:17.036074
Z_Axis_Load,33,2025-07-11 10:23:17.036074
Z_Position,-297.620731469392,2025-07-11 10:23:17.036074
COR_Status,1,2025-07-11 10:23:17.036074
Controller_Mode,AUTO,2025-07-11 10:23:17.036074
EStop_State,ARMED,2025-07-11 10:23:17.036074
Machine_Mode,5,2025-07-11 10:23:17.036074
Block_Number,66,2025-07-11 10:23:17.036074
Current_Tool,6,2025-07-11 10:23:17.036074
Part_Count,3,2025-07-11 10:23:17.036074
Program_Name_Running,000454_D_A_PROGRAM_2.NC,2025-07-11 10:23:17.036074
spindle motor v_rms,0.5,2025-07-11 10:23:17.036074
spindle motor a_peak,4700,2025-07-11 10:23:17.036074
spindle motor a_rms,1100,2025-07-11 10:23:17.036074
spindle motor temp,24.6,2025-07-11 10:23:17.036074
spindle motor crest,4.1,2025-07-11 10:23:17.036074
z-axis bearing v_rms,0.2,2025-07-11 10:23:17.036074
z-axis bearing a_peak,6400,2025-07-11 10:23:17.036074
z-axis bearing a_rms,700,2025-07-11 10:23:17.036074
z-axis bearing temp,22.4,2025-07-11 10:23:17.036074
z-axis bearing crest,9.2,2025-07-11 10:23:17.036074
z-axis motor v_rms,1.8,2025-07-11 10:23:17.036074
z-axis motor a_peak,4600,2025-07-11 10:23:17.036074
z-axis motor a_rms,1900,2025-07-11 10:23:17.036074
z-axis motor temp,25.4,2025-07-11 10:23:17.036074
z-axis motor crest,2.5,2025-07-11 10:23:17.036074
y-axis bearing v_rms,0.1,2025-07-11 10:23:17.036074
y-axis bearing a_peak,600,2025-07-11 10:23:17.036074
y-axis bearing a_rms,100,2025-07-11 10:23:17.036074
y-axis bearing temp,21.3,2025-07-11 10:23:17.036074
y-axis bearing crest,4.3,2025-07-11 10:23:17.036074
y-axis motor v_rms,0.3,2025-07-11 10:23:17.036074
y-axis motor a_peak,3800,2025-07-11 10:23:17.036074
y-axis motor a_rms,900,2025-07-11 10:23:17.036074
y-axis motor temp,24.2,2025-07-11 10:23:17.036074
y-axis motor crest,4.1,2025-07-11 10:23:17.036074
x-axis motor v_rms,1.7,2025-07-11 10:23:17.036074
x-axis motor a_peak,500,2025-07-11 10:23:17.036074
x-axis motor a_rms,200,2025-07-11 10:23:17.036074
x-axis motor temp,21.4,2025-07-11 10:23:17.036074
x-axis motor crest,3.6,2025-07-11 10:23:17.036074
voltage,132.0,2025-07-11 10:23:17.036074
current,12.556666666666667,2025-07-11 10:23:17.036074
active power,1419.6666666666667,2025-07-11 10:23:17.036074
forward kWh,16.240666666666666,2025-07-11 10:23:17.036074
reverse kWh,0.3606666666666667,2025-07-11 10:23:17.036074
frequency,59.97,2025-07-11 10:23:17.036074
power factor,0.69,2025-07-11 10:23:17.036074
featureId,NONE,2025-07-11 10:23:18.036413
partKindId,EDB34637-67D8-465A-AFBA-010AD86D34F6,2025-07-11 10:23:18.036413
processKindId,AF6B782E-23DD-4144-8665-11C813BE7660,2025-07-11 10:23:18.036413
A_Axis_Load,16,2025-07-11 10:23:18.036413
A_Position,0.000167897837982586,2025-07-11 10:23:18.036413
C_Axis_Load,45,2025-07-11 10:23:18.036413
C_Position,30.0005,2025-07-11 10:23:18.036413
Machine_Time,2590490.28,2025-07-11 10:23:18.036413
Spindle_Time,690508.343999999,2025-07-11 10:23:18.036413
Feed_Override,100,2025-07-11 10:23:18.036413
Feed_Rate,41.9,2025-07-11 10:23:18.036413
Program_Runtime_Seconds,51,2025-07-11 10:23:18.036413
Rapid_Override,100,2025-07-11 10:23:18.036413
Rapid_Speed,0,2025-07-11 10:23:18.036413
S_Axis_Load,1,2025-07-11 10:23:18.036413
Spindle_Override,100,2025-07-11 10:23:18.036413
Spindle_Speed,9792,2025-07-11 10:23:18.036413
X_Axis_Load,1,2025-07-11 10:23:18.036413
X_Position,377.233219385029,2025-07-11 10:23:18.036413
Y_Axis_Load,15,2025-07-11 10:23:18.036413
Y_Position,309.509767242487,2025-07-11 10:23:18.036413
Z_Axis_Load,3,2025-07-11 10:23:18.036413
Z_Position,-294.063239225602,2025-07-11 10:23:18.036413
COR_Status,1,2025-07-11 10:23:18.036413
Controller_Mode,AUTO,2025-07-11 10:23:18.036413
EStop_State,ARMED,2025-07-11 10:23:18.036413
Machine_Mode,5,2025-07-11 10:23:18.036413
Block_Number,72,2025-07-11 10:23:18.036413
Current_Tool,6,2025-07-11 10:23:18.036413
Part_Count,3,2025-07-11 10:23:18.036413
Program_Name_Running,000454_D_A_PROGRAM_2.NC,2025-07-11 10:23:18.036413
spindle motor v_rms,0.4,2025-07-11 10:23:18.036413
spindle motor a_peak,3600,2025-07-11 10:23:18.036413
spindle motor a_rms,1100,2025-07-11 10:23:18.036413
spindle motor temp,24.6,2025-07-11 10:23:18.036413
spindle motor crest,3.4,2025-07-11 10:23:18.036413
z-axis bearing v_rms,0.2,2025-07-11 10:23:18.036413
z-axis bearing a_peak,2600,2025-07-11 10:23:18.036413
z-axis bearing a_rms,400,2025-07-11 10:23:18.036413
z-axis bearing temp,22.4,2025-07-11 10:23:18.036413
z-axis bearing crest,6.1,2025-07-11 10:23:18.036413
z-axis motor v_rms,1.7,2025-07-11 10:23:18.036413
z-axis motor a_peak,7900,2025-07-11 10:23:18.036413
z-axis motor a_rms,2000,2025-07-11 10:23:18.036413
z-axis motor temp,25.4,2025-07-11 10:23:18.036413
z-axis motor crest,4.0,2025-07-11 10:23:18.036413
y-axis bearing v_rms,0.4,2025-07-11 10:23:18.036413
y-axis bearing a_peak,6600,2025-07-11 10:23:18.036413
y-axis bearing a_rms,1300,2025-07-11 10:23:18.036413
y-axis bearing temp,21.3,2025-07-11 10:23:18.036413
y-axis bearing crest,5.2,2025-07-11 10:23:18.036413
y-axis motor v_rms,0.5,2025-07-11 10:23:18.036413
y-axis motor a_peak,8900,2025-07-11 10:23:18.036413
y-axis motor a_rms,1800,2025-07-11 10:23:18.036413
y-axis motor temp,24.2,2025-07-11 10:23:18.036413
y-axis motor crest,5.0,2025-07-11 10:23:18.036413
x-axis motor v_rms,1.3,2025-07-11 10:23:18.036413
x-axis motor a_peak,5300,2025-07-11 10:23:18.036413
x-axis motor a_rms,1000,2025-07-11 10:23:18.036413
x-axis motor temp,21.4,2025-07-11 10:23:18.036413
x-axis motor crest,5.0,2025-07-11 10:23:18.036413
voltage,132.23333333333335,2025-07-11 10:23:18.036413
current,9.226666666666667,2025-07-11 10:23:18.036413
active power,1067.3333333333333,2025-07-11 10:23:18.036413
forward kWh,16.241,2025-07-11 10:23:18.036413
reverse kWh,0.3606666666666667,2025-07-11 10:23:18.036413
frequency,59.97,2025-07-11 10:23:18.036413
power factor,0.8466666666666667,2025-07-11 10:23:18.036413
featureId,NONE,2025-07-11 10:23:19.036679
partKindId,EDB34637-67D8-465A-AFBA-010AD86D34F6,2025-07-11 10:23:19.036679
processKindId,AF6B782E-23DD-4144-8665-11C813BE7660,2025-07-11 10:23:19.036679
A_Axis_Load,16,2025-07-11 10:23:19.036679
A_Position,0.000167897837982586,2025-07-11 10:23:19.036679
C_Axis_Load,45,2025-07-11 10:23:19.036679
C_Position,29.9995,2025-07-11 10:23:19.036679
Machine_Time,2590490.28,2025-07-11 10:23:19.036679
Spindle_Time,690508.343999999,2025-07-11 10:23:19.036679
Feed_Override,100,2025-07-11 10:23:19.036679
Feed_Rate,71.25,2025-07-11 10:23:19.036679
Program_Runtime_Seconds,52,2025-07-11 10:23:19.036679
Rapid_Override,100,2025-07-11 10:23:19.036679
Rapid_Speed,0,2025-07-11 10:23:19.036679
S_Axis_Load,0,2025-07-11 10:23:19.036679
Spindle_Override,100,2025-07-11 10:23:19.036679
Spindle_Speed,9792,2025-07-11 10:23:19.036679
X_Axis_Load,11,2025-07-11 10:23:19.036679
X_Position,415.713086177997,2025-07-11 10:23:19.036679
Y_Axis_Load,6,2025-07-11 10:23:19.036679
Y_Position,300.641915741708,2025-07-11 10:23:19.036679
Z_Axis_Load,33,2025-07-11 10:23:19.036679
Z_Position,-300.518921986883,2025-07-11 10:23:19.036679
COR_Status,1,2025-07-11 10:23:19.036679
Controller_Mode,AUTO,2025-07-11 10:23:19.036679
EStop_State,ARMED,2025-07-11 10:23:19.036679
Machine_Mode,5,2025-07-11 10:23:19.036679
Block_Number,76,2025-07-11 10:23:19.036679
Current_Tool,6,2025-07-11 10:23:19.036679
Part_Count,3,2025-07-11 10:23:19.036679
Program_Name_Running,000454_D_A_PROGRAM_2.NC,2025-07-11 10:23:19.036679
spindle motor v_rms,0.9,2025-07-11 10:23:19.036679
spindle motor a_peak,13600,2025-07-11 10:23:19.036679
spindle motor a_rms,4900,2025-07-11 10:23:19.036679
spindle motor temp,24.6,2025-07-11 10:23:19.036679
spindle motor crest,2.8,2025-07-11 10:23:19.036679
z-axis bearing v_rms,0.3,2025-07-11 10:23:19.036679
z-axis bearing a_peak,12600,2025-07-11 10:23:19.036679
z-axis bearing a_rms,4200,2025-07-11 10:23:19.036679
z-axis bearing temp,22.4,2025-07-11 10:23:19.036679
z-axis bearing crest,3.0,2025-07-11 10:23:19.036679
z-axis motor v_rms,1.7,2025-07-11 10:23:19.036679
z-axis motor a_peak,5800,2025-07-11 10:23:19.036679
z-axis motor a_rms,2100,2025-07-11 10:23:19.036679
z-axis motor temp,25.4,2025-07-11 10:23:19.036679
z-axis motor crest,2.8,2025-07-11 10:23:19.036679
y-axis bearing v_rms,0.5,2025-07-11 10:23:19.036679
y-axis bearing a_peak,5000,2025-07-11 10:23:19.036679
y-axis bearing a_rms,1800,2025-07-11 10:23:19.036679
y-axis bearing temp,21.3,2025-07-11 10:23:19.036679
y-axis bearing crest,2.7,2025-07-11 10:23:19.036679
y-axis motor v_rms,1.1,2025-07-11 10:23:19.036679
y-axis motor a_peak,9000,2025-07-11 10:23:19.036679
y-axis motor a_rms,3400,2025-07-11 10:23:19.036679
y-axis motor temp,24.2,2025-07-11 10:23:19.036679
y-axis motor crest,2.6,2025-07-11 10:23:19.036679
x-axis motor v_rms,0.7,2025-07-11 10:23:19.036679
x-axis motor a_peak,3700,2025-07-11 10:23:19.036679
x-axis motor a_rms,1400,2025-07-11 10:23:19.036679
x-axis motor temp,21.4,2025-07-11 10:23:19.036679
x-axis motor crest,2.7,2025-07-11 10:23:19.036679
voltage,132.20000000000002,2025-07-11 10:23:19.036679
current,10.086666666666666,2025-07-11 10:23:19.036679
active power,1138.3333333333333,2025-07-11 10:23:19.036679
forward kWh,16.241333333333333,2025-07-11 10:23:19.036679
reverse kWh,0.3606666666666667,2025-07-11 10:23:19.036679
frequency,59.98,2025-07-11 10:23:19.036679
power factor,0.7533333333333333,2025-07-11 10:23:19.036679
featureId,NONE,2025-07-11 10:23:20.036961
partKindId,EDB34637-67D8-465A-AFBA-010AD86D34F6,2025-07-11 10:23:20.036961
processKindId,AF6B782E-23DD-4144-8665-11C813BE7660,2025-07-11 10:23:20.036961
A_Axis_Load,16,2025-07-11 10:23:20.036961
A_Position,-0.000332225347943367,2025-07-11 10:23:20.036961
C_Axis_Load,45,2025-07-11 10:23:20.036961
C_Position,30.001,2025-07-11 10:23:20.036961
Machine_Time,2590490.28,2025-07-11 10:23:20.036961
Spindle_Time,690508.343999999,2025-07-11 10:23:20.036961
Feed_Override,100,2025-07-11 10:23:20.036961
Feed_Rate,71.25,2025-07-11 10:23:20.036961
Program_Runtime_Seconds,52,2025-07-11 10:23:20.036961
Rapid_Override,100,2025-07-11 10:23:20.036961
Rapid_Speed,0,2025-07-11 10:23:20.036961
S_Axis_Load,0,2025-07-11 10:23:20.036961
Spindle_Override,100,2025-07-11 10:23:20.036961
Spindle_Speed,9792,2025-07-11 10:23:20.036961
X_Axis_Load,0,2025-07-11 10:23:20.036961
X_Position,443.905564895603,2025-07-11 10:23:20.036961
Y_Axis_Load,10,2025-07-11 10:23:20.036961
Y_Position,256.058631944383,2025-07-11 10:23:20.036961
Z_Axis_Load,33,2025-07-11 10:23:20.036961
Z_Position,-300.518910544249,2025-07-11 10:23:20.036961
COR_Status,1,2025-07-11 10:23:20.036961
Controller_Mode,AUTO,2025-07-11 10:23:20.036961
EStop_State,ARMED,2025-07-11 10:23:20.036961
Machine_Mode,5,2025-07-11 10:23:20.036961
Block_Number,77,2025-07-11 10:23:20.036961
Current_Tool,6,2025-07-11 10:23:20.036961
Part_Count,3,2025-07-11 10:23:20.036961
Program_Name_Running,000454_D_A_PROGRAM_2.NC,2025-07-11 10:23:20.036961
spindle motor v_rms,0.7,2025-07-11 10:23:20.036961
spindle motor a_peak,7900,2025-07-11 10:23:20.036961
spindle motor a_rms,2600,2025-07-11 10:23:20.036961
spindle motor temp,24.6,2025-07-11 10:23:20.036961
spindle motor crest,3.1,2025-07-11 10:23:20.036961
z-axis bearing v_rms,0.2,2025-07-11 10:23:20.036961
z-axis bearing a_peak,9300,2025-07-11 10:23:20.036961
z-axis bearing a_rms,3600,2025-07-11 10:23:20.036961
z-axis bearing temp,22.4,2025-07-11 10:23:20.036961
z-axis bearing crest,2.6,2025-07-11 10:23:20.036961
z-axis motor v_rms,1.4,2025-07-11 10:23:20.036961
z-axis motor a_peak,3600,2025-07-11 10:23:20.036961
z-axis motor a_rms,1700,2025-07-11 10:23:20.036961
z-axis motor temp,25.4,2025-07-11 10:23:20.036961
z-axis motor crest,2.1,2025-07-11 10:23:20.036961
y-axis bearing v_rms,0.7,2025-07-11 10:23:20.036961
y-axis bearing a_peak,4600,2025-07-11 10:23:20.036961
y-axis bearing a_rms,2400,2025-07-11 10:23:20.036961
y-axis bearing temp,21.3,2025-07-11 10:23:20.036961
y-axis bearing crest,1.9,2025-07-11 10:23:20.036961
y-axis motor v_rms,1.4,2025-07-11 10:23:20.036961
y-axis motor a_peak,12000,2025-07-11 10:23:20.036961
y-axis motor a_rms,4500,2025-07-11 10:23:20.036961
y-axis motor temp,24.2,2025-07-11 10:23:20.036961
y-axis motor crest,2.6,2025-07-11 10:23:20.036961
x-axis motor v_rms,0.4,2025-07-11 10:23:20.036961
x-axis motor a_peak,3100,2025-07-11 10:23:20.036961
x-axis motor a_rms,1400,2025-07-11 10:23:20.036961
x-axis motor temp,21.4,2025-07-11 10:23:20.036961
x-axis motor crest,2.3,2025-07-11 10:23:20.036961
voltage,131.9,2025-07-11 10:23:20.036961
current,13.180000000000001,2025-07-11 10:23:20.036961
active power,1506.3333333333333,2025-07-11 10:23:20.036961
forward kWh,16.241666666666664,2025-07-11 10:23:20.036961
reverse kWh,0.3606666666666667,2025-07-11 10:23:20.036961
frequency,59.98,2025-07-11 10:23:20.036961
power factor,0.8366666666666666,2025-07-11 10:23:20.036961
featureId,NONE,2025-07-11 10:23:21.037244
partKindId,EDB34637-67D8-465A-AFBA-010AD86D34F6,2025-07-11 10:23:21.037244
processKindId,AF6B782E-23DD-4144-8665-11C813BE7660,2025-07-11 10:23:21.037244
A_Axis_Load,16,2025-07-11 10:23:21.037244
A_Position,0.000668021023908539,2025-07-11 10:23:21.037244
C_Axis_Load,45,2025-07-11 10:23:21.037244
C_Position,30,2025-07-11 10:23:21.037244
Machine_Time,2590490.28,2025-07-11 10:23:21.037244
Spindle_Time,690508.343999999,2025-07-11 10:23:21.037244
Feed_Override,100,2025-07-11 10:23:21.037244
Feed_Rate,57.66667,2025-07-11 10:23:21.037244
Program_Runtime_Seconds,53,2025-07-11 10:23:21.037244
Rapid_Override,100,2025-07-11 10:23:21.037244
Rapid_Speed,0,2025-07-11 10:23:21.037244
S_Axis_Load,1,2025-07-11 10:23:21.037244
Spindle_Override,100,2025-07-11 10:23:21.037244
Spindle_Speed,9792,2025-07-11 10:23:21.037244
X_Axis_Load,12,2025-07-11 10:23:21.037244
X_Position,425.701145628115,2025-07-11 10:23:21.037244
Y_Axis_Load,3,2025-07-11 10:23:21.037244
Y_Position,205.137803763881,2025-07-11 10:23:21.037244
Z_Axis_Load,33,2025-07-11 10:23:21.037244
Z_Position,-300.518979200057,2025-07-11 10:23:21.037244
COR_Status,1,2025-07-11 10:23:21.037244
Controller_Mode,AUTO,2025-07-11 10:23:21.037244
EStop_State,ARMED,2025-07-11 10:23:21.037244
Machine_Mode,5,2025-07-11 10:23:21.037244
Block_Number,78,2025-07-11 10:23:21.037244
Current_Tool,6,2025-07-11 10:23:21.037244
Part_Count,3,2025-07-11 10:23:21.037244
Program_Name_Running,000454_D_A_PROGRAM_2.NC,2025-07-11 10:23:21.037244
spindle motor v_rms,1.4,2025-07-11 10:23:21.037244
spindle motor a_peak,16600,2025-07-11 10:23:21.037244
spindle motor a_rms,5400,2025-07-11 10:23:21.037244
spindle motor temp,24.6,2025-07-11 10:23:21.037244
spindle motor crest,3.1,2025-07-11 10:23:21.037244
z-axis bearing v_rms,0.3,2025-07-11 10:23:21.037244
z-axis bearing a_peak,15600,2025-07-11 10:23:21.037244
z-axis bearing a_rms,4600,2025-07-11 10:23:21.037244
z-axis bearing temp,22.4,2025-07-11 10:23:21.037244
z-axis bearing crest,3.4,2025-07-11 10:23:21.037244
z-axis motor v_rms,1.7,2025-07-11 10:23:21.037244
z-axis motor a_peak,6200,2025-07-11 10:23:21.037244
z-axis motor a_rms,2300,2025-07-11 10:23:21.037244
z-axis motor temp,25.4,2025-07-11 10:23:21.037244
z-axis motor crest,2.8,2025-07-11 10:23:21.037244
y-axis bearing v_rms,0.5,2025-07-11 10:23:21.037244
y-axis bearing a_peak,4600,2025-07-11 10:23:21.037244
y-axis bearing a_rms,1900,2025-07-11 10:23:21.037244
y-axis bearing temp,21.3,2025-07-11 10:23:21.037244
y-axis bearing crest,2.4,2025-07-11 10:23:21.037244
y-axis motor v_rms,1.0,2025-07-11 10:23:21.037244
y-axis motor a_peak,8600,2025-07-11 10:23:21.037244
y-axis motor a_rms,3300,2025-07-11 10:23:21.037244
y-axis motor temp,24.2,2025-07-11 10:23:21.037244
y-axis motor crest,2.6,2025-07-11 10:23:21.037244
x-axis motor v_rms,0.2,2025-07-11 10:23:21.037244
x-axis motor a_peak,1600,2025-07-11 10:23:21.037244
x-axis motor a_rms,600,2025-07-11 10:23:21.037244
x-axis motor temp,21.4,2025-07-11 10:23:21.037244
x-axis motor crest,2.9,2025-07-11 10:23:21.037244
voltage,131.9,2025-07-11 10:23:21.037244
current,13.353333333333333,2025-07-11 10:23:21.037244
active power,1521.3333333333333,2025-07-11 10:23:21.037244
forward kWh,16.242,2025-07-11 10:23:21.037244
reverse kWh,0.3606666666666667,2025-07-11 10:23:21.037244
frequency,59.98,2025-07-11 10:23:21.037244
power factor,0.8566666666666668,2025-07-11 10:23:21.037244
featureId,NONE,2025-07-11 10:23:22.037540
partKindId,EDB34637-67D8-465A-AFBA-010AD86D34F6,2025-07-11 10:23:22.037540
processKindId,AF6B782E-23DD-4144-8665-11C813BE7660,2025-07-11 10:23:22.037540
A_Axis_Load,16,2025-07-11 10:23:22.037540
A_Position,0.000167897837982586,2025-07-11 10:23:22.037540
C_Axis_Load,45,2025-07-11 10:23:22.037540
C_Position,30.001,2025-07-11 10:23:22.037540
Machine_Time,2590490.28,2025-07-11 10:23:22.037540
Spindle_Time,690508.343999999,2025-07-11 10:23:22.037540
Feed_Override,100,2025-07-11 10:23:22.037540
Feed_Rate,71.25,2025-07-11 10:23:22.037540
Program_Runtime_Seconds,54,2025-07-11 10:23:22.037540
Rapid_Override,100,2025-07-11 10:23:22.037540
Rapid_Speed,0,2025-07-11 10:23:22.037540
S_Axis_Load,0,2025-07-11 10:23:22.037540
Spindle_Override,100,2025-07-11 10:23:22.037540
Spindle_Speed,9792,2025-07-11 10:23:22.037540
X_Axis_Load,11,2025-07-11 10:23:22.037540
X_Position,363.271121005299,2025-07-11 10:23:22.037540
Y_Axis_Load,1,2025-07-11 10:23:22.037540
Y_Position,205.137963971472,2025-07-11 10:23:22.037540
Z_Axis_Load,33,2025-07-11 10:23:22.037540
Z_Position,-300.518979200057,2025-07-11 10:23:22.037540
COR_Status,1,2025-07-11 10:23:22.037540
Controller_Mode,AUTO,2025-07-11 10:23:22.037540
EStop_State,ARMED,2025-07-11 10:23:22.037540
Machine_Mode,5,2025-07-11 10:23:22.037540
Block_Number,78,2025-07-11 10:23:22.037540
Current_Tool,6,2025-07-11 10:23:22.037540
Part_Count,3,2025-07-11 10:23:22.037540
Program_Name_Running,000454_D_A_PROGRAM_2.NC,2025-07-11 10:23:22.037540
spindle motor v_rms,1.4,2025-07-11 10:23:22.037540
spindle motor a_peak,15500,2025-07-11 10:23:22.037540
spindle motor a_rms,5900,2025-07-11 10:23:22.037540
spindle motor temp,24.6,2025-07-11 10:23:22.037540
spindle motor crest,2.6,2025-07-11 10:23:22.037540
z-axis bearing v_rms,0.3,2025-07-11 10:23:22.037540
z-axis bearing a_peak,15000,2025-07-11 10:23:22.037540
z-axis bearing a_rms,4600,2025-07-11 10:23:22.037540
z-axis bearing temp,22.4,2025-07-11 10:23:22.037540
z-axis bearing crest,3.2,2025-07-11 10:23:22.037540
z-axis motor v_rms,1.6,2025-07-11 10:23:22.037540
z-axis motor a_peak,5800,2025-07-11 10:23:22.037540
z-axis motor a_rms,2200,2025-07-11 10:23:22.037540
z-axis motor temp,25.4,2025-07-11 10:23:22.037540
z-axis motor crest,2.6,2025-07-11 10:23:22.037540
y-axis bearing v_rms,0.5,2025-07-11 10:23:22.037540
y-axis bearing a_peak,4100,2025-07-11 10:23:22.037540
y-axis bearing a_rms,2000,2025-07-11 10:23:22.037540
y-axis bearing temp,21.3,2025-07-11 10:23:22.037540
y-axis bearing crest,2.1,2025-07-11 10:23:22.037540
y-axis motor v_rms,1.2,2025-07-11 10:23:22.037540
y-axis motor a_peak,9200,2025-07-11 10:23:22.037540
y-axis motor a_rms,4000,2025-07-11 10:23:22.037540
y-axis motor temp,24.2,2025-07-11 10:23:22.037540
y-axis motor crest,2.3,2025-07-11 10:23:22.037540
x-axis motor v_rms,0.5,2025-07-11 10:23:22.037540
x-axis motor a_peak,3800,2025-07-11 10:23:22.037540
x-axis motor a_rms,1500,2025-07-11 10:23:22.037540
x-axis motor temp,21.4,2025-07-11 10:23:22.037540
x-axis motor crest,2.5,2025-07-11 10:23:22.037540
voltage,131.96666666666667,2025-07-11 10:23:22.037540
current,12.36,2025-07-11 10:23:22.037540
active power,1401.6666666666667,2025-07-11 10:23:22.037540
forward kWh,16.242,2025-07-11 10:23:22.037540
reverse kWh,0.3606666666666667,2025-07-11 10:23:22.037540
frequency,59.98,2025-07-11 10:23:22.037540
power factor,0.9066666666666667,2025-07-11 10:23:22.037540
featureId,NONE,2025-07-11 10:23:23.037830
partKindId,EDB34637-67D8-465A-AFBA-010AD86D34F6,2025-07-11 10:23:23.037830
processKindId,AF6B782E-23DD-4144-8665-11C813BE7660,2025-07-11 10:23:23.037830
A_Axis_Load,16,2025-07-11 10:23:23.037830
A_Position,-0.000332225347943367,2025-07-11 10:23:23.037830
C_Axis_Load,45,2025-07-11 10:23:23.037830
C_Position,30.0005,2025-07-11 10:23:23.037830
Machine_Time,2590490.28,2025-07-11 10:23:23.037830
Spindle_Time,690508.343999999,2025-07-11 10:23:23.037830
Feed_Override,100,2025-07-11 10:23:23.037830
Feed_Rate,71.25,2025-07-11 10:23:23.037830
Program_Runtime_Seconds,55,2025-07-11 10:23:23.037830
Rapid_Override,100,2025-07-11 10:23:23.037830
Rapid_Speed,0,2025-07-11 10:23:23.037830
S_Axis_Load,0,2025-07-11 10:23:23.037830
Spindle_Override,100,2025-07-11 10:23:23.037830
Spindle_Speed,9792,2025-07-11 10:23:23.037830
X_Axis_Load,2,2025-07-11 10:23:23.037830
X_Position,316.905604152804,2025-07-11 10:23:23.037830
Y_Axis_Load,9,2025-07-11 10:23:23.037830
Y_Position,235.214666337745,2025-07-11 10:23:23.037830
Z_Axis_Load,32,2025-07-11 10:23:23.037830
Z_Position,-300.518956314787,2025-07-11 10:23:23.037830
COR_Status,1,2025-07-11 10:23:23.037830
Controller_Mode,AUTO,2025-07-11 10:23:23.037830
EStop_State,ARMED,2025-07-11 10:23:23.037830
Machine_Mode,5,2025-07-11 10:23:23.037830
Block_Number,79,2025-07-11 10:23:23.037830
Current_Tool,6,2025-07-11 10:23:23.037830
Part_Count,3,2025-07-11 10:23:23.037830
Program_Name_Running,000454_D_A_PROGRAM_2.NC,2025-07-11 10:23:23.037830
spindle motor v_rms,0.6,2025-07-11 10:23:23.037830
spindle motor a_peak,7700,2025-07-11 10:23:23.037830
spindle motor a_rms,2200,2025-07-11 10:23:23.037830
spindle motor temp,24.6,2025-07-11 10:23:23.037830
spindle motor crest,3.5,2025-07-11 10:23:23.037830
z-axis bearing v_rms,0.2,2025-07-11 10:23:23.037830
z-axis bearing a_peak,8600,2025-07-11 10:23:23.037830
z-axis bearing a_rms,2800,2025-07-11 10:23:23.037830
z-axis bearing temp,22.4,2025-07-11 10:23:23.037830
z-axis bearing crest,3.1,2025-07-11 10:23:23.037830
z-axis motor v_rms,1.6,2025-07-11 10:23:23.037830
z-axis motor a_peak,5200,2025-07-11 10:23:23.037830
z-axis motor a_rms,2200,2025-07-11 10:23:23.037830
z-axis motor temp,25.4,2025-07-11 10:23:23.037830
z-axis motor crest,2.4,2025-07-11 10:23:23.037830
y-axis bearing v_rms,0.6,2025-07-11 10:23:23.037830
y-axis bearing a_peak,4800,2025-07-11 10:23:23.037830
y-axis bearing a_rms,2200,2025-07-11 10:23:23.037830
y-axis bearing temp,21.3,2025-07-11 10:23:23.037830
y-axis bearing crest,2.2,2025-07-11 10:23:23.037830
y-axis motor v_rms,0.8,2025-07-11 10:23:23.037830
y-axis motor a_peak,8700,2025-07-11 10:23:23.037830
y-axis motor a_rms,2800,2025-07-11 10:23:23.037830
y-axis motor temp,24.2,2025-07-11 10:23:23.037830
y-axis motor crest,3.1,2025-07-11 10:23:23.037830
x-axis motor v_rms,0.2,2025-07-11 10:23:23.037830
x-axis motor a_peak,1500,2025-07-11 10:23:23.037830
x-axis motor a_rms,600,2025-07-11 10:23:23.037830
x-axis motor temp,21.4,2025-07-11 10:23:23.037830
x-axis motor crest,2.5,2025-07-11 10:23:23.037830
voltage,132.0,2025-07-11 10:23:23.037830
current,13.266666666666666,2025-07-11 10:23:23.037830
active power,1512.3333333333333,2025-07-11 10:23:23.037830
forward kWh,16.242333333333335,2025-07-11 10:23:23.037830
reverse kWh,0.3606666666666667,2025-07-11 10:23:23.037830
frequency,59.98,2025-07-11 10:23:23.037830
power factor,0.8633333333333333,2025-07-11 10:23:23.037830
featureId,NONE,2025-07-11 10:23:24.038107
partKindId,EDB34637-67D8-465A-AFBA-010AD86D34F6,2025-07-11 10:23:24.038107
processKindId,AF6B782E-23DD-4144-8665-11C813BE7660,2025-07-11 10:23:24.038107
A_Axis_Load,16,2025-07-11 10:23:24.038107
A_Position,-0.000332225347943367,2025-07-11 10:23:24.038107
C_Axis_Load,45,2025-07-11 10:23:24.038107
C_Position,30,2025-07-11 10:23:24.038107
Machine_Time,2590490.28,2025-07-11 10:23:24.038107
Spindle_Time,690508.343999999,2025-07-11 10:23:24.038107
Feed_Override,100,2025-07-11 10:23:24.038107
Feed_Rate,29.6,2025-07-11 10:23:24.038107
Program_Runtime_Seconds,56,2025-07-11 10:23:24.038107
Rapid_Override,100,2025-07-11 10:23:24.038107
Rapid_Speed,0,2025-07-11 10:23:24.038107
S_Axis_Load,0,2025-07-11 10:23:24.038107
Spindle_Override,100,2025-07-11 10:23:24.038107
Spindle_Speed,9792,2025-07-11 10:23:24.038107
X_Axis_Load,3,2025-07-11 10:23:24.038107
X_Position,317.658496924782,2025-07-11 10:23:24.038107
Y_Axis_Load,10,2025-07-11 10:23:24.038107
Y_Position,300.633005047089,2025-07-11 10:23:24.038107
Z_Axis_Load,33,2025-07-11 10:23:24.038107
Z_Position,-300.519093626404,2025-07-11 10:23:24.038107
COR_Status,1,2025-07-11 10:23:24.038107
Controller_Mode,AUTO,2025-07-11 10:23:24.038107
EStop_State,ARMED,2025-07-11 10:23:24.038107
Machine_Mode,5,2025-07-11 10:23:24.038107
Block_Number,80,2025-07-11 10:23:24.038107
Current_Tool,6,2025-07-11 10:23:24.038107
Part_Count,3,2025-07-11 10:23:24.038107
Program_Name_Running,000454_D_A_PROGRAM_2.NC,2025-07-11 10:23:24.038107
spindle motor v_rms,0.7,2025-07-11 10:23:24.038107
spindle motor a_peak,12800,2025-07-11 10:23:24.038107
spindle motor a_rms,3300,2025-07-11 10:23:24.038107
spindle motor temp,24.6,2025-07-11 10:23:24.038107
spindle motor crest,3.9,2025-07-11 10:23:24.038107
z-axis bearing v_rms,0.3,2025-07-11 10:23:24.038107
z-axis bearing a_peak,13300,2025-07-11 10:23:24.038107
z-axis bearing a_rms,3700,2025-07-11 10:23:24.038107
z-axis bearing temp,22.4,2025-07-11 10:23:24.038107
z-axis bearing crest,3.6,2025-07-11 10:23:24.038107
z-axis motor v_rms,1.7,2025-07-11 10:23:24.038107
z-axis motor a_peak,5600,2025-07-11 10:23:24.038107
z-axis motor a_rms,2000,2025-07-11 10:23:24.038107
z-axis motor temp,25.4,2025-07-11 10:23:24.038107
z-axis motor crest,2.7,2025-07-11 10:23:24.038107
y-axis bearing v_rms,0.7,2025-07-11 10:23:24.038107
y-axis bearing a_peak,6000,2025-07-11 10:23:24.038107
y-axis bearing a_rms,2300,2025-07-11 10:23:24.038107
y-axis bearing temp,21.3,2025-07-11 10:23:24.038107
y-axis bearing crest,2.6,2025-07-11 10:23:24.038107
y-axis motor v_rms,0.8,2025-07-11 10:23:24.038107
y-axis motor a_peak,6500,2025-07-11 10:23:24.038107
y-axis motor a_rms,2300,2025-07-11 10:23:24.038107
y-axis motor temp,24.2,2025-07-11 10:23:24.038107
y-axis motor crest,2.8,2025-07-11 10:23:24.038107
x-axis motor v_rms,1.0,2025-07-11 10:23:24.038107
x-axis motor a_peak,3900,2025-07-11 10:23:24.038107
x-axis motor a_rms,1500,2025-07-11 10:23:24.038107
x-axis motor temp,21.4,2025-07-11 10:23:24.038107
x-axis motor crest,2.6,2025-07-11 10:23:24.038107
voltage,132.16666666666666,2025-07-11 10:23:24.038107
current,10.413333333333334,2025-07-11 10:23:24.038107
active power,1203.6666666666667,2025-07-11 10:23:24.038107
forward kWh,16.24266666666667,2025-07-11 10:23:24.038107
reverse kWh,0.3606666666666667,2025-07-11 10:23:24.038107
frequency,59.98,2025-07-11 10:23:24.038107
power factor,0.8733333333333334,2025-07-11 10:23:24.038107
featureId,NONE,2025-07-11 10:23:25.038414
partKindId,EDB34637-67D8-465A-AFBA-010AD86D34F6,2025-07-11 10:23:25.038414
processKindId,AF6B782E-23DD-4144-8665-11C813BE7660,2025-07-11 10:23:25.038414
A_Axis_Load,16,2025-07-11 10:23:25.038414
A_Position,-0.000332225347943367,2025-07-11 10:23:25.038414
C_Axis_Load,45,2025-07-11 10:23:25.038414
C_Position,30.0005,2025-07-11 10:23:25.038414
Machine_Time,2590490.28,2025-07-11 10:23:25.038414
Spindle_Time,690508.343999999,2025-07-11 10:23:25.038414
Feed_Override,100,2025-07-11 10:23:25.038414
Feed_Rate,28.85,2025-07-11 10:23:25.038414
Program_Runtime_Seconds,57,2025-07-11 10:23:25.038414
Rapid_Override,100,2025-07-11 10:23:25.038414
Rapid_Speed,0,2025-07-11 10:23:25.038414
S_Axis_Load,0,2025-07-11 10:23:25.038414
Spindle_Override,100,2025-07-11 10:23:25.038414
Spindle_Speed,9792,2025-07-11 10:23:25.038414
X_Axis_Load,29,2025-07-11 10:23:25.038414
X_Position,380.386356444442,2025-07-11 10:23:25.038414
Y_Axis_Load,13,2025-07-11 10:23:25.038414
Y_Position,300.464633445165,2025-07-11 10:23:25.038414
Z_Axis_Load,34,2025-07-11 10:23:25.038414
Z_Position,-300.518967757422,2025-07-11 10:23:25.038414
COR_Status,1,2025-07-11 10:23:25.038414
Controller_Mode,AUTO,2025-07-11 10:23:25.038414
EStop_State,ARMED,2025-07-11 10:23:25.038414
Machine_Mode,5,2025-07-11 10:23:25.038414
Block_Number,81,2025-07-11 10:23:25.038414
Current_Tool,6,2025-07-11 10:23:25.038414
Part_Count,3,2025-07-11 10:23:25.038414
Program_Name_Running,000454_D_A_PROGRAM_2.NC,2025-07-11 10:23:25.038414
spindle motor v_rms,0.7,2025-07-11 10:23:25.038414
spindle motor a_peak,13200,2025-07-11 10:23:25.038414
spindle motor a_rms,3100,2025-07-11 10:23:25.038414
spindle motor temp,24.6,2025-07-11 10:23:25.038414
spindle motor crest,4.2,2025-07-11 10:23:25.038414
z-axis bearing v_rms,0.3,2025-07-11 10:23:25.038414
z-axis bearing a_peak,13600,2025-07-11 10:23:25.038414
z-axis bearing a_rms,2800,2025-07-11 10:23:25.038414
z-axis bearing temp,22.4,2025-07-11 10:23:25.038414
z-axis bearing crest,4.8,2025-07-11 10:23:25.038414
z-axis motor v_rms,1.6,2025-07-11 10:23:25.038414
z-axis motor a_peak,4400,2025-07-11 10:23:25.038414
z-axis motor a_rms,1800,2025-07-11 10:23:25.038414
z-axis motor temp,25.4,2025-07-11 10:23:25.038414
z-axis motor crest,2.4,2025-07-11 10:23:25.038414
y-axis bearing v_rms,0.7,2025-07-11 10:23:25.038414
y-axis bearing a_peak,6700,2025-07-11 10:23:25.038414
y-axis bearing a_rms,2300,2025-07-11 10:23:25.038414
y-axis bearing temp,21.3,2025-07-11 10:23:25.038414
y-axis bearing crest,2.9,2025-07-11 10:23:25.038414
y-axis motor v_rms,1.1,2025-07-11 10:23:25.038414
y-axis motor a_peak,8900,2025-07-11 10:23:25.038414
y-axis motor a_rms,3300,2025-07-11 10:23:25.038414
y-axis motor temp,24.2,2025-07-11 10:23:25.038414
y-axis motor crest,2.7,2025-07-11 10:23:25.038414
x-axis motor v_rms,1.0,2025-07-11 10:23:25.038414
x-axis motor a_peak,3800,2025-07-11 10:23:25.038414
x-axis motor a_rms,1300,2025-07-11 10:23:25.038414
x-axis motor temp,21.4,2025-07-11 10:23:25.038414
x-axis motor crest,2.9,2025-07-11 10:23:25.038414
voltage,132.03333333333333,2025-07-11 10:23:25.038414
current,12.776666666666666,2025-07-11 10:23:25.038414
active power,1455.3333333333333,2025-07-11 10:23:25.038414
forward kWh,16.243,2025-07-11 10:23:25.038414
reverse kWh,0.3606666666666667,2025-07-11 10:23:25.038414
frequency,59.98,2025-07-11 10:23:25.038414
power factor,0.9966666666666667,2025-07-11 10:23:25.038414
featureId,NONE,2025-07-11 10:23:26.038715
partKindId,EDB34637-67D8-465A-AFBA-010AD86D34F6,2025-07-11 10:23:26.038715
processKindId,AF6B782E-23DD-4144-8665-11C813BE7660,2025-07-11 10:23:26.038715
A_Axis_Load,16,2025-07-11 10:23:26.038715
A_Position,0.000167897837982586,2025-07-11 10:23:26.038715
C_Axis_Load,45,2025-07-11 10:23:26.038715
C_Position,30.0005,2025-07-11 10:23:26.038715
Machine_Time,2590490.28,2025-07-11 10:23:26.038715
Spindle_Time,690508.343999999,2025-07-11 10:23:26.038715
Feed_Override,100,2025-07-11 10:23:26.038715
Feed_Rate,47.91667,2025-07-11 10:23:26.038715
Program_Runtime_Seconds,58,2025-07-11 10:23:26.038715
Rapid_Override,100,2025-07-11 10:23:26.038715
Rapid_Speed,0,2025-07-11 10:23:26.038715
S_Axis_Load,0,2025-07-11 10:23:26.038715
Spindle_Override,100,2025-07-11 10:23:26.038715
Spindle_Speed,9792,2025-07-11 10:23:26.038715
X_Axis_Load,4,2025-07-11 10:23:26.038715
X_Position,437.555205739017,2025-07-11 10:23:26.038715
Y_Axis_Load,30,2025-07-11 10:23:26.038715
Y_Position,291.301698784224,2025-07-11 10:23:26.038715
Z_Axis_Load,34,2025-07-11 10:23:26.038715
Z_Position,-300.519070741134,2025-07-11 10:23:26.038715
COR_Status,1,2025-07-11 10:23:26.038715
Controller_Mode,AUTO,2025-07-11 10:23:26.038715
EStop_State,ARMED,2025-07-11 10:23:26.038715
Machine_Mode,5,2025-07-11 10:23:26.038715
Block_Number,83,2025-07-11 10:23:26.038715
Current_Tool,6,2025-07-11 10:23:26.038715
Part_Count,3,2025-07-11 10:23:26.038715
Program_Name_Running,000454_D_A_PROGRAM_2.NC,2025-07-11 10:23:26.038715
spindle motor v_rms,0.8,2025-07-11 10:23:26.038715
spindle motor a_peak,11900,2025-07-11 10:23:26.038715
spindle motor a_rms,3200,2025-07-11 10:23:26.038715
spindle motor temp,24.6,2025-07-11 10:23:26.038715
spindle motor crest,3.7,2025-07-11 10:23:26.038715
z-axis bearing v_rms,0.3,2025-07-11 10:23:26.038715
z-axis bearing a_peak,15300,2025-07-11 10:23:26.038715
z-axis bearing a_rms,3500,2025-07-11 10:23:26.038715
z-axis bearing temp,22.5,2025-07-11 10:23:26.038715
z-axis bearing crest,4.3,2025-07-11 10:23:26.038715
z-axis motor v_rms,1.5,2025-07-11 10:23:26.038715
z-axis motor a_peak,5400,2025-07-11 10:23:26.038715
z-axis motor a_rms,1800,2025-07-11 10:23:26.038715
z-axis motor temp,25.4,2025-07-11 10:23:26.038715
z-axis motor crest,3.0,2025-07-11 10:23:26.038715
y-axis bearing v_rms,0.9,2025-07-11 10:23:26.038715
y-axis bearing a_peak,7900,2025-07-11 10:23:26.038715
y-axis bearing a_rms,2700,2025-07-11 10:23:26.038715
y-axis bearing temp,21.3,2025-07-11 10:23:26.038715
y-axis bearing crest,2.9,2025-07-11 10:23:26.038715
y-axis motor v_rms,1.1,2025-07-11 10:23:26.038715
y-axis motor a_peak,11300,2025-07-11 10:23:26.038715
y-axis motor a_rms,3800,2025-07-11 10:23:26.038715
y-axis motor temp,24.2,2025-07-11 10:23:26.038715
y-axis motor crest,3.0,2025-07-11 10:23:26.038715
x-axis motor v_rms,0.8,2025-07-11 10:23:26.038715
x-axis motor a_peak,3800,2025-07-11 10:23:26.038715
x-axis motor a_rms,1700,2025-07-11 10:23:26.038715
x-axis motor temp,21.4,2025-07-11 10:23:26.038715
x-axis motor crest,2.2,2025-07-11 10:23:26.038715
voltage,132.1,2025-07-11 10:23:26.038715
current,11.93,2025-07-11 10:23:26.038715
active power,1351.0,2025-07-11 10:23:26.038715
forward kWh,16.243666666666666,2025-07-11 10:23:26.038715
reverse kWh,0.3606666666666667,2025-07-11 10:23:26.038715
frequency,59.98,2025-07-11 10:23:26.038715
power factor,0.7733333333333334,2025-07-11 10:23:26.038715
featureId,NONE,2025-07-11 10:23:27.039017
partKindId,EDB34637-67D8-465A-AFBA-010AD86D34F6,2025-07-11 10:23:27.039017
processKindId,AF6B782E-23DD-4144-8665-11C813BE7660,2025-07-11 10:23:27.039017
A_Axis_Load,16,2025-07-11 10:23:27.039017
A_Position,0.000167897837982586,2025-07-11 10:23:27.039017
C_Axis_Load,45,2025-07-11 10:23:27.039017
C_Position,30.0005,2025-07-11 10:23:27.039017
Machine_Time,2590490.28,2025-07-11 10:23:27.039017
Spindle_Time,690508.343999999,2025-07-11 10:23:27.039017
Feed_Override,100,2025-07-11 10:23:27.039017
Feed_Rate,71.25,2025-07-11 10:23:27.039017
Program_Runtime_Seconds,0,2025-07-11 10:23:27.039017
Rapid_Override,100,2025-07-11 10:23:27.039017
Rapid_Speed,0,2025-07-11 10:23:27.039017
S_Axis_Load,1,2025-07-11 10:23:27.039017
Spindle_Override,100,2025-07-11 10:23:27.039017
Spindle_Speed,9792,2025-07-11 10:23:27.039017
X_Axis_Load,0,2025-07-11 10:23:27.039017
X_Position,437.55561778413,2025-07-11 10:23:27.039017
Y_Axis_Load,10,2025-07-11 10:23:27.039017
Y_Position,217.897285524059,2025-07-11 10:23:27.039017
Z_Axis_Load,33,2025-07-11 10:23:27.039017
Z_Position,-300.519002085326,2025-07-11 10:23:27.039017
COR_Status,1,2025-07-11 10:23:27.039017
Controller_Mode,AUTO,2025-07-11 10:23:27.039017
EStop_State,ARMED,2025-07-11 10:23:27.039017
Machine_Mode,5,2025-07-11 10:23:27.039017
Block_Number,83,2025-07-11 10:23:27.039017
Current_Tool,6,2025-07-11 10:23:27.039017
Part_Count,3,2025-07-11 10:23:27.039017
Program_Name_Running,000454_D_A_PROGRAM_2.NC,2025-07-11 10:23:27.039017
spindle motor v_rms,0.7,2025-07-11 10:23:27.039017
spindle motor a_peak,8400,2025-07-11 10:23:27.039017
spindle motor a_rms,2500,2025-07-11 10:23:27.039017
spindle motor temp,24.6,2025-07-11 10:23:27.039017
spindle motor crest,3.3,2025-07-11 10:23:27.039017
z-axis bearing v_rms,0.2,2025-07-11 10:23:27.039017
z-axis bearing a_peak,10400,2025-07-11 10:23:27.039017
z-axis bearing a_rms,3500,2025-07-11 10:23:27.039017
z-axis bearing temp,22.5,2025-07-11 10:23:27.039017
z-axis bearing crest,2.9,2025-07-11 10:23:27.039017
z-axis motor v_rms,1.5,2025-07-11 10:23:27.039017
z-axis motor a_peak,5300,2025-07-11 10:23:27.039017
z-axis motor a_rms,1800,2025-07-11 10:23:27.039017
z-axis motor temp,25.4,2025-07-11 10:23:27.039017
z-axis motor crest,3.0,2025-07-11 10:23:27.039017
y-axis bearing v_rms,0.7,2025-07-11 10:23:27.039017
y-axis bearing a_peak,5400,2025-07-11 10:23:27.039017
y-axis bearing a_rms,2200,2025-07-11 10:23:27.039017
y-axis bearing temp,21.3,2025-07-11 10:23:27.039017
y-axis bearing crest,2.5,2025-07-11 10:23:27.039017
y-axis motor v_rms,1.0,2025-07-11 10:23:27.039017
y-axis motor a_peak,10800,2025-07-11 10:23:27.039017
y-axis motor a_rms,3200,2025-07-11 10:23:27.039017
y-axis motor temp,24.2,2025-07-11 10:23:27.039017
y-axis motor crest,3.4,2025-07-11 10:23:27.039017
x-axis motor v_rms,1.0,2025-07-11 10:23:27.039017
x-axis motor a_peak,4700,2025-07-11 10:23:27.039017
x-axis motor a_rms,1100,2025-07-11 10:23:27.039017
x-axis motor temp,21.4,2025-07-11 10:23:27.039017
x-axis motor crest,4.4,2025-07-11 10:23:27.039017
voltage,132.06666666666663,2025-07-11 10:23:27.039017
current,11.93,2025-07-11 10:23:27.039017
active power,1354.3333333333333,2025-07-11 10:23:27.039017
forward kWh,16.244333333333334,2025-07-11 10:23:27.039017
reverse kWh,0.3606666666666667,2025-07-11 10:23:27.039017
frequency,59.98,2025-07-11 10:23:27.039017
power factor,0.8300000000000001,2025-07-11 10:23:27.039017
featureId,NONE,2025-07-11 10:23:28.039300
partKindId,EDB34637-67D8-465A-AFBA-010AD86D34F6,2025-07-11 10:23:28.039300
processKindId,AF6B782E-23DD-4144-8665-11C813BE7660,2025-07-11 10:23:28.039300
A_Axis_Load,16,2025-07-11 10:23:28.039300
A_Position,0.000167897837982586,2025-07-11 10:23:28.039300
C_Axis_Load,45,2025-07-11 10:23:28.039300
C_Position,30.001,2025-07-11 10:23:28.039300
Machine_Time,2590490.28,2025-07-11 10:23:28.039300
Spindle_Time,690508.343999999,2025-07-11 10:23:28.039300
Feed_Override,100,2025-07-11 10:23:28.039300
Feed_Rate,71.25,2025-07-11 10:23:28.039300
Program_Runtime_Seconds,0,2025-07-11 10:23:28.039300
Rapid_Override,100,2025-07-11 10:23:28.039300
Rapid_Speed,0,2025-07-11 10:23:28.039300
S_Axis_Load,0,2025-07-11 10:23:28.039300
Spindle_Override,100,2025-07-11 10:23:28.039300
Spindle_Speed,9792,2025-07-11 10:23:28.039300
X_Axis_Load,10,2025-07-11 10:23:28.039300
X_Position,378.508887934963,2025-07-11 10:23:28.039300
Y_Axis_Load,0,2025-07-11 10:23:28.039300
Y_Position,211.487997786992,2025-07-11 10:23:28.039300
Z_Axis_Load,32,2025-07-11 10:23:28.039300
Z_Position,-300.51886477371,2025-07-11 10:23:28.039300
COR_Status,1,2025-07-11 10:23:28.039300
Controller_Mode,AUTO,2025-07-11 10:23:28.039300
EStop_State,ARMED,2025-07-11 10:23:28.039300
Machine_Mode,5,2025-07-11 10:23:28.039300
Block_Number,84,2025-07-11 10:23:28.039300
Current_Tool,6,2025-07-11 10:23:28.039300
Part_Count,3,2025-07-11 10:23:28.039300
Program_Name_Running,000454_D_A_PROGRAM_2.NC,2025-07-11 10:23:28.039300
spindle motor v_rms,1.4,2025-07-11 10:23:28.039300
spindle motor a_peak,15700,2025-07-11 10:23:28.039300
spindle motor a_rms,5700,2025-07-11 10:23:28.039300
spindle motor temp,24.6,2025-07-11 10:23:28.039300
spindle motor crest,2.8,2025-07-11 10:23:28.039300
z-axis bearing v_rms,0.3,2025-07-11 10:23:28.039300
z-axis bearing a_peak,9900,2025-07-11 10:23:28.039300
z-axis bearing a_rms,4600,2025-07-11 10:23:28.039300
z-axis bearing temp,22.5,2025-07-11 10:23:28.039300
z-axis bearing crest,2.1,2025-07-11 10:23:28.039300
z-axis motor v_rms,1.6,2025-07-11 10:23:28.039300
z-axis motor a_peak,4900,2025-07-11 10:23:28.039300
z-axis motor a_rms,2100,2025-07-11 10:23:28.039300
z-axis motor temp,25.4,2025-07-11 10:23:28.039300
z-axis motor crest,2.3,2025-07-11 10:23:28.039300
y-axis bearing v_rms,0.7,2025-07-11 10:23:28.039300
y-axis bearing a_peak,4600,2025-07-11 10:23:28.039300
y-axis bearing a_rms,2400,2025-07-11 10:23:28.039300
y-axis bearing temp,21.3,2025-07-11 10:23:28.039300
y-axis bearing crest,1.9,2025-07-11 10:23:28.039300
y-axis motor v_rms,1.6,2025-07-11 10:23:28.039300
y-axis motor a_peak,9200,2025-07-11 10:23:28.039300
y-axis motor a_rms,4800,2025-07-11 10:23:28.039300
y-axis motor temp,24.2,2025-07-11 10:23:28.039300
y-axis motor crest,1.9,2025-07-11 10:23:28.039300
x-axis motor v_rms,0.3,2025-07-11 10:23:28.039300
x-axis motor a_peak,2700,2025-07-11 10:23:28.039300
x-axis motor a_rms,900,2025-07-11 10:23:28.039300
x-axis motor temp,21.4,2025-07-11 10:23:28.039300
x-axis motor crest,3.1,2025-07-11 10:23:28.039300
voltage,131.96666666666667,2025-07-11 10:23:28.039300
current,13.339999999999998,2025-07-11 10:23:28.039300
active power,1521.6666666666667,2025-07-11 10:23:28.039300
forward kWh,16.245,2025-07-11 10:23:28.039300
reverse kWh,0.3606666666666667,2025-07-11 10:23:28.039300
frequency,59.98,2025-07-11 10:23:28.039300
power factor,0.8566666666666668,2025-07-11 10:23:28.039300
featureId,NONE,2025-07-11 10:23:29.039625
partKindId,EDB34637-67D8-465A-AFBA-010AD86D34F6,2025-07-11 10:23:29.039625
processKindId,AF6B782E-23DD-4144-8665-11C813BE7660,2025-07-11 10:23:29.039625
A_Axis_Load,16,2025-07-11 10:23:29.039625
A_Position,-0.000332225347943367,2025-07-11 10:23:29.039625
C_Axis_Load,45,2025-07-11 10:23:29.039625
C_Position,30.001,2025-07-11 10:23:29.039625
Machine_Time,2590490.28,2025-07-11 10:23:29.039625
Spindle_Time,690508.343999999,2025-07-11 10:23:29.039625
Feed_Override,100,2025-07-11 10:23:29.039625
Feed_Rate,53.53333,2025-07-11 10:23:29.039625
Program_Runtime_Seconds,1,2025-07-11 10:23:29.039625
Rapid_Override,100,2025-07-11 10:23:29.039625
Rapid_Speed,0,2025-07-11 10:23:29.039625
S_Axis_Load,0,2025-07-11 10:23:29.039625
Spindle_Override,100,2025-07-11 10:23:29.039625
Spindle_Speed,9792,2025-07-11 10:23:29.039625
X_Axis_Load,2,2025-07-11 10:23:29.039625
X_Position,323.255524084234,2025-07-11 10:23:29.039625
Y_Axis_Load,9,2025-07-11 10:23:29.039625
Y_Position,225.302373533159,2025-07-11 10:23:29.039625
Z_Axis_Load,33,2025-07-11 10:23:29.039625
Z_Position,-300.518979200057,2025-07-11 10:23:29.039625
COR_Status,1,2025-07-11 10:23:29.039625
Controller_Mode,AUTO,2025-07-11 10:23:29.039625
EStop_State,ARMED,2025-07-11 10:23:29.039625
Machine_Mode,5,2025-07-11 10:23:29.039625
Block_Number,85,2025-07-11 10:23:29.039625
Current_Tool,6,2025-07-11 10:23:29.039625
Part_Count,3,2025-07-11 10:23:29.039625
Program_Name_Running,000454_D_A_PROGRAM_2.NC,2025-07-11 10:23:29.039625
spindle motor v_rms,1.1,2025-07-11 10:23:29.039625
spindle motor a_peak,14800,2025-07-11 10:23:29.039625
spindle motor a_rms,3900,2025-07-11 10:23:29.039625
spindle motor temp,24.6,2025-07-11 10:23:29.039625
spindle motor crest,3.8,2025-07-11 10:23:29.039625
z-axis bearing v_rms,0.3,2025-07-11 10:23:29.039625
z-axis bearing a_peak,14200,2025-07-11 10:23:29.039625
z-axis bearing a_rms,3200,2025-07-11 10:23:29.039625
z-axis bearing temp,22.5,2025-07-11 10:23:29.039625
z-axis bearing crest,4.4,2025-07-11 10:23:29.039625
z-axis motor v_rms,1.5,2025-07-11 10:23:29.039625
z-axis motor a_peak,5100,2025-07-11 10:23:29.039625
z-axis motor a_rms,1800,2025-07-11 10:23:29.039625
z-axis motor temp,25.4,2025-07-11 10:23:29.039625
z-axis motor crest,2.9,2025-07-11 10:23:29.039625
y-axis bearing v_rms,1.0,2025-07-11 10:23:29.039625
y-axis bearing a_peak,6600,2025-07-11 10:23:29.039625
y-axis bearing a_rms,3100,2025-07-11 10:23:29.039625
y-axis bearing temp,21.3,2025-07-11 10:23:29.039625
y-axis bearing crest,2.2,2025-07-11 10:23:29.039625
y-axis motor v_rms,1.5,2025-07-11 10:23:29.039625
y-axis motor a_peak,13100,2025-07-11 10:23:29.039625
y-axis motor a_rms,4700,2025-07-11 10:23:29.039625
y-axis motor temp,24.2,2025-07-11 10:23:29.039625
y-axis motor crest,2.8,2025-07-11 10:23:29.039625
x-axis motor v_rms,0.6,2025-07-11 10:23:29.039625
x-axis motor a_peak,2800,2025-07-11 10:23:29.039625
x-axis motor a_rms,1500,2025-07-11 10:23:29.039625
x-axis motor temp,21.4,2025-07-11 10:23:29.039625
x-axis motor crest,1.9,2025-07-11 10:23:29.039625
voltage,131.93333333333334,2025-07-11 10:23:29.039625
current,12.726666666666667,2025-07-11 10:23:29.039625
active power,1523.3333333333333,2025-07-11 10:23:29.039625
forward kWh,16.245333333333335,2025-07-11 10:23:29.039625
reverse kWh,0.3606666666666667,2025-07-11 10:23:29.039625
frequency,59.98,2025-07-11 10:23:29.039625
power factor,0.9266666666666666,2025-07-11 10:23:29.039625
featureId,NONE,2025-07-11 10:23:30.039777
partKindId,EDB34637-67D8-465A-AFBA-010AD86D34F6,2025-07-11 10:23:30.039777
processKindId,AF6B782E-23DD-4144-8665-11C813BE7660,2025-07-11 10:23:30.039777
A_Axis_Load,16,2025-07-11 10:23:30.039777
A_Position,0.000167897837982586,2025-07-11 10:23:30.039777
C_Axis_Load,45,2025-07-11 10:23:30.039777
C_Position,30.001,2025-07-11 10:23:30.039777
Machine_Time,2590490.28,2025-07-11 10:23:30.039777
Spindle_Time,690508.343999999,2025-07-11 10:23:30.039777
Feed_Override,100,2025-07-11 10:23:30.039777
Feed_Rate,70,2025-07-11 10:23:30.039777
Program_Runtime_Seconds,2,2025-07-11 10:23:30.039777
Rapid_Override,100,2025-07-11 10:23:30.039777
Rapid_Speed,0,2025-07-11 10:23:30.039777
S_Axis_Load,0,2025-07-11 10:23:30.039777
Spindle_Override,100,2025-07-11 10:23:30.039777
Spindle_Speed,9792,2025-07-11 10:23:30.039777
X_Axis_Load,0,2025-07-11 10:23:30.039777
X_Position,323.255592751937,2025-07-11 10:23:30.039777
Y_Axis_Load,10,2025-07-11 10:23:30.039777
Y_Position,287.7149384001,2025-07-11 10:23:30.039777
Z_Axis_Load,34,2025-07-11 10:23:30.039777
Z_Position,-300.519002085326,2025-07-11 10:23:30.039777
COR_Status,1,2025-07-11 10:23:30.039777
Controller_Mode,AUTO,2025-07-11 10:23:30.039777
EStop_State,ARMED,2025-07-11 10:23:30.039777
Machine_Mode,5,2025-07-11 10:23:30.039777
Block_Number,85,2025-07-11 10:23:30.039777
Current_Tool,6,2025-07-11 10:23:30.039777
Part_Count,3,2025-07-11 10:23:30.039777
Program_Name_Running,000454_D_A_PROGRAM_2.NC,2025-07-11 10:23:30.039777
spindle motor v_rms,1.1,2025-07-11 10:23:30.039777
spindle motor a_peak,12200,2025-07-11 10:23:30.039777
spindle motor a_rms,3800,2025-07-11 10:23:30.039777
spindle motor temp,24.7,2025-07-11 10:23:30.039777
spindle motor crest,3.2,2025-07-11 10:23:30.039777
z-axis bearing v_rms,0.4,2025-07-11 10:23:30.039777
z-axis bearing a_peak,11300,2025-07-11 10:23:30.039777
z-axis bearing a_rms,3400,2025-07-11 10:23:30.039777
z-axis bearing temp,22.5,2025-07-11 10:23:30.039777
z-axis bearing crest,3.3,2025-07-11 10:23:30.039777
z-axis motor v_rms,1.5,2025-07-11 10:23:30.039777
z-axis motor a_peak,5300,2025-07-11 10:23:30.039777
z-axis motor a_rms,1800,2025-07-11 10:23:30.039777
z-axis motor temp,25.4,2025-07-11 10:23:30.039777
z-axis motor crest,2.9,2025-07-11 10:23:30.039777
y-axis bearing v_rms,0.8,2025-07-11 10:23:30.039777
y-axis bearing a_peak,8100,2025-07-11 10:23:30.039777
y-axis bearing a_rms,2700,2025-07-11 10:23:30.039777
y-axis bearing temp,21.3,2025-07-11 10:23:30.039777
y-axis bearing crest,3.0,2025-07-11 10:23:30.039777
y-axis motor v_rms,0.9,2025-07-11 10:23:30.039777
y-axis motor a_peak,11900,2025-07-11 10:23:30.039777
y-axis motor a_rms,2900,2025-07-11 10:23:30.039777
y-axis motor temp,24.2,2025-07-11 10:23:30.039777
y-axis motor crest,4.2,2025-07-11 10:23:30.039777
x-axis motor v_rms,1.0,2025-07-11 10:23:30.039777
x-axis motor a_peak,3300,2025-07-11 10:23:30.039777
x-axis motor a_rms,1100,2025-07-11 10:23:30.039777
x-axis motor temp,21.4,2025-07-11 10:23:30.039777
x-axis motor crest,2.9,2025-07-11 10:23:30.039777
voltage,132.0666666666667,2025-07-11 10:23:30.039777
current,12.0,2025-07-11 10:23:30.039777
active power,1319.3333333333333,2025-07-11 10:23:30.039777
forward kWh,16.24566666666667,2025-07-11 10:23:30.039777
reverse kWh,0.3606666666666667,2025-07-11 10:23:30.039777
frequency,59.98,2025-07-11 10:23:30.039777
power factor,0.8300000000000001,2025-07-11 10:23:30.039777
featureId,NONE,2025-07-11 10:23:31.039882
partKindId,EDB34637-67D8-465A-AFBA-010AD86D34F6,2025-07-11 10:23:31.039882
processKindId,AF6B782E-23DD-4144-8665-11C813BE7660,2025-07-11 10:23:31.039882
A_Axis_Load,16,2025-07-11 10:23:31.039882
A_Position,-0.000332225347943367,2025-07-11 10:23:31.039882
C_Axis_Load,45,2025-07-11 10:23:31.039882
C_Position,30.0005,2025-07-11 10:23:31.039882
Machine_Time,2590490.28,2025-07-11 10:23:31.039882
Spindle_Time,690508.343999999,2025-07-11 10:23:31.039882
Feed_Override,100,2025-07-11 10:23:31.039882
Feed_Rate,43.7,2025-07-11 10:23:31.039882
Program_Runtime_Seconds,4,2025-07-11 10:23:31.039882
Rapid_Override,100,2025-07-11 10:23:31.039882
Rapid_Speed,0,2025-07-11 10:23:31.039882
S_Axis_Load,1,2025-07-11 10:23:31.039882
Spindle_Override,100,2025-07-11 10:23:31.039882
Spindle_Speed,9792,2025-07-11 10:23:31.039882
X_Axis_Load,19,2025-07-11 10:23:31.039882
X_Position,380.47964796455,2025-07-11 10:23:31.039882
Y_Axis_Load,15,2025-07-11 10:23:31.039882
Y_Position,288.004438042448,2025-07-11 10:23:31.039882
Z_Axis_Load,33,2025-07-11 10:23:31.039882
Z_Position,-300.519024970596,2025-07-11 10:23:31.039882
COR_Status,1,2025-07-11 10:23:31.039882
Controller_Mode,AUTO,2025-07-11 10:23:31.039882
EStop_State,ARMED,2025-07-11 10:23:31.039882
Machine_Mode,5,2025-07-11 10:23:31.039882
Block_Number,87,2025-07-11 10:23:31.039882
Current_Tool,6,2025-07-11 10:23:31.039882
Part_Count,3,2025-07-11 10:23:31.039882
Program_Name_Running,000454_D_A_PROGRAM_2.NC,2025-07-11 10:23:31.039882
spindle motor v_rms,0.7,2025-07-11 10:23:31.039882
spindle motor a_peak,14200,2025-07-11 10:23:31.039882
spindle motor a_rms,3300,2025-07-11 10:23:31.039882
spindle motor temp,24.7,2025-07-11 10:23:31.039882
spindle motor crest,4.3,2025-07-11 10:23:31.039882
z-axis bearing v_rms,0.4,2025-07-11 10:23:31.039882
z-axis bearing a_peak,13500,2025-07-11 10:23:31.039882
z-axis bearing a_rms,3100,2025-07-11 10:23:31.039882
z-axis bearing temp,22.5,2025-07-11 10:23:31.039882
z-axis bearing crest,4.4,2025-07-11 10:23:31.039882
z-axis motor v_rms,1.6,2025-07-11 10:23:31.039882
z-axis motor a_peak,4500,2025-07-11 10:23:31.039882
z-axis motor a_rms,1800,2025-07-11 10:23:31.039882
z-axis motor temp,25.4,2025-07-11 10:23:31.039882
z-axis motor crest,2.5,2025-07-11 10:23:31.039882
y-axis bearing v_rms,0.8,2025-07-11 10:23:31.039882
y-axis bearing a_peak,6500,2025-07-11 10:23:31.039882
y-axis bearing a_rms,2600,2025-07-11 10:23:31.039882
y-axis bearing temp,21.3,2025-07-11 10:23:31.039882
y-axis bearing crest,2.5,2025-07-11 10:23:31.039882
y-axis motor v_rms,1.4,2025-07-11 10:23:31.039882
y-axis motor a_peak,10400,2025-07-11 10:23:31.039882
y-axis motor a_rms,4200,2025-07-11 10:23:31.039882
y-axis motor temp,24.2,2025-07-11 10:23:31.039882
y-axis motor crest,2.5,2025-07-11 10:23:31.039882
x-axis motor v_rms,0.9,2025-07-11 10:23:31.039882
x-axis motor a_peak,2500,2025-07-11 10:23:31.039882
x-axis motor a_rms,1200,2025-07-11 10:23:31.039882
x-axis motor temp,21.4,2025-07-11 10:23:31.039882
x-axis motor crest,2.1,2025-07-11 10:23:31.039882
voltage,132.0,2025-07-11 10:23:31.039882
current,13.339999999999998,2025-07-11 10:23:31.039882
active power,1522.3333333333333,2025-07-11 10:23:31.039882
forward kWh,16.246,2025-07-11 10:23:31.039882
reverse kWh,0.3606666666666667,2025-07-11 10:23:31.039882
frequency,59.98,2025-07-11 10:23:31.039882
power factor,0.8300000000000001,2025-07-11 10:23:31.039882
featureId,NONE,2025-07-11 10:23:32.040123
partKindId,EDB34637-67D8-465A-AFBA-010AD86D34F6,2025-07-11 10:23:32.040123
processKindId,AF6B782E-23DD-4144-8665-11C813BE7660,2025-07-11 10:23:32.040123
A_Axis_Load,16,2025-07-11 10:23:32.040123
A_Position,-0.000332225347943367,2025-07-11 10:23:32.040123
C_Axis_Load,45,2025-07-11 10:23:32.040123
C_Position,30.001,2025-07-11 10:23:32.040123
Machine_Time,2590490.28,2025-07-11 10:23:32.040123
Spindle_Time,690508.343999999,2025-07-11 10:23:32.040123
Feed_Override,100,2025-07-11 10:23:32.040123
Feed_Rate,66.85,2025-07-11 10:23:32.040123
Program_Runtime_Seconds,4,2025-07-11 10:23:32.040123
Rapid_Override,100,2025-07-11 10:23:32.040123
Rapid_Speed,0,2025-07-11 10:23:32.040123
S_Axis_Load,1,2025-07-11 10:23:32.040123
Spindle_Override,100,2025-07-11 10:23:32.040123
Spindle_Speed,9792,2025-07-11 10:23:32.040123
X_Axis_Load,1,2025-07-11 10:23:32.040123
X_Position,431.205737149447,2025-07-11 10:23:32.040123
Y_Axis_Load,23,2025-07-11 10:23:32.040123
Y_Position,283.186127011241,2025-07-11 10:23:32.040123
Z_Axis_Load,33,2025-07-11 10:23:32.040123
Z_Position,-300.518967757422,2025-07-11 10:23:32.040123
COR_Status,1,2025-07-11 10:23:32.040123
Controller_Mode,AUTO,2025-07-11 10:23:32.040123
EStop_State,ARMED,2025-07-11 10:23:32.040123
Machine_Mode,5,2025-07-11 10:23:32.040123
Block_Number,89,2025-07-11 10:23:32.040123
Current_Tool,6,2025-07-11 10:23:32.040123
Part_Count,3,2025-07-11 10:23:32.040123
Program_Name_Running,000454_D_A_PROGRAM_2.NC,2025-07-11 10:23:32.040123
spindle motor v_rms,0.7,2025-07-11 10:23:32.040123
spindle motor a_peak,10500,2025-07-11 10:23:32.040123
spindle motor a_rms,2900,2025-07-11 10:23:32.040123
spindle motor temp,24.7,2025-07-11 10:23:32.040123
spindle motor crest,3.6,2025-07-11 10:23:32.040123
z-axis bearing v_rms,0.3,2025-07-11 10:23:32.040123
z-axis bearing a_peak,16100,2025-07-11 10:23:32.040123
z-axis bearing a_rms,3600,2025-07-11 10:23:32.040123
z-axis bearing temp,22.5,2025-07-11 10:23:32.040123
z-axis bearing crest,4.5,2025-07-11 10:23:32.040123
z-axis motor v_rms,1.5,2025-07-11 10:23:32.040123
z-axis motor a_peak,5400,2025-07-11 10:23:32.040123
z-axis motor a_rms,1800,2025-07-11 10:23:32.040123
z-axis motor temp,25.4,2025-07-11 10:23:32.040123
z-axis motor crest,3.0,2025-07-11 10:23:32.040123
y-axis bearing v_rms,0.9,2025-07-11 10:23:32.040123
y-axis bearing a_peak,8100,2025-07-11 10:23:32.040123
y-axis bearing a_rms,2900,2025-07-11 10:23:32.040123
y-axis bearing temp,21.3,2025-07-11 10:23:32.040123
y-axis bearing crest,2.8,2025-07-11 10:23:32.040123
y-axis motor v_rms,1.3,2025-07-11 10:23:32.040123
y-axis motor a_peak,11300,2025-07-11 10:23:32.040123
y-axis motor a_rms,4200,2025-07-11 10:23:32.040123
y-axis motor temp,24.2,2025-07-11 10:23:32.040123
y-axis motor crest,2.7,2025-07-11 10:23:32.040123
x-axis motor v_rms,0.6,2025-07-11 10:23:32.040123
x-axis motor a_peak,3300,2025-07-11 10:23:32.040123
x-axis motor a_rms,1500,2025-07-11 10:23:32.040123
x-axis motor temp,21.4,2025-07-11 10:23:32.040123
x-axis motor crest,2.2,2025-07-11 10:23:32.040123
voltage,132.0,2025-07-11 10:23:32.040123
current,12.746666666666668,2025-07-11 10:23:32.040123
active power,1450.0,2025-07-11 10:23:32.040123
forward kWh,16.246333333333336,2025-07-11 10:23:32.040123
reverse kWh,0.3606666666666667,2025-07-11 10:23:32.040123
frequency,59.98,2025-07-11 10:23:32.040123
power factor,0.77,2025-07-11 10:23:32.040123
featureId,NONE,2025-07-11 10:23:33.040463
partKindId,EDB34637-67D8-465A-AFBA-010AD86D34F6,2025-07-11 10:23:33.040463
processKindId,AF6B782E-23DD-4144-8665-11C813BE7660,2025-07-11 10:23:33.040463
A_Axis_Load,16,2025-07-11 10:23:33.040463
A_Position,0.000167897837982586,2025-07-11 10:23:33.040463
C_Axis_Load,45,2025-07-11 10:23:33.040463
C_Position,30.0005,2025-07-11 10:23:33.040463
Machine_Time,2590490.28,2025-07-11 10:23:33.040463
Spindle_Time,690508.343999999,2025-07-11 10:23:33.040463
Feed_Override,100,2025-07-11 10:23:33.040463
Feed_Rate,53.03333,2025-07-11 10:23:33.040463
Program_Runtime_Seconds,5,2025-07-11 10:23:33.040463
Rapid_Override,100,2025-07-11 10:23:33.040463
Rapid_Speed,0,2025-07-11 10:23:33.040463
S_Axis_Load,0,2025-07-11 10:23:33.040463
Spindle_Override,100,2025-07-11 10:23:33.040463
Spindle_Speed,9792,2025-07-11 10:23:33.040463
X_Axis_Load,0,2025-07-11 10:23:33.040463
X_Position,427.475456853922,2025-07-11 10:23:33.040463
Y_Axis_Load,10,2025-07-11 10:23:33.040463
Y_Position,217.838397791291,2025-07-11 10:23:33.040463
Z_Axis_Load,34,2025-07-11 10:23:33.040463
Z_Position,-300.518990642692,2025-07-11 10:23:33.040463
COR_Status,1,2025-07-11 10:23:33.040463
Controller_Mode,AUTO,2025-07-11 10:23:33.040463
EStop_State,ARMED,2025-07-11 10:23:33.040463
Machine_Mode,5,2025-07-11 10:23:33.040463
Block_Number,90,2025-07-11 10:23:33.040463
Current_Tool,6,2025-07-11 10:23:33.040463
Part_Count,3,2025-07-11 10:23:33.040463
Program_Name_Running,000454_D_A_PROGRAM_2.NC,2025-07-11 10:23:33.040463
spindle motor v_rms,1.1,2025-07-11 10:23:33.040463
spindle motor a_peak,15500,2025-07-11 10:23:33.040463
spindle motor a_rms,4300,2025-07-11 10:23:33.040463
spindle motor temp,24.7,2025-07-11 10:23:33.040463
spindle motor crest,3.6,2025-07-11 10:23:33.040463
z-axis bearing v_rms,0.3,2025-07-11 10:23:33.040463
z-axis bearing a_peak,11000,2025-07-11 10:23:33.040463
z-axis bearing a_rms,3700,2025-07-11 10:23:33.040463
z-axis bearing temp,22.5,2025-07-11 10:23:33.040463
z-axis bearing crest,2.9,2025-07-11 10:23:33.040463
z-axis motor v_rms,1.7,2025-07-11 10:23:33.040463
z-axis motor a_peak,5500,2025-07-11 10:23:33.040463
z-axis motor a_rms,2000,2025-07-11 10:23:33.040463
z-axis motor temp,25.4,2025-07-11 10:23:33.040463
z-axis motor crest,2.7,2025-07-11 10:23:33.040463
y-axis bearing v_rms,0.6,2025-07-11 10:23:33.040463
y-axis bearing a_peak,4800,2025-07-11 10:23:33.040463
y-axis bearing a_rms,2100,2025-07-11 10:23:33.040463
y-axis bearing temp,21.3,2025-07-11 10:23:33.040463
y-axis bearing crest,2.3,2025-07-11 10:23:33.040463
y-axis motor v_rms,1.2,2025-07-11 10:23:33.040463
y-axis motor a_peak,9300,2025-07-11 10:23:33.040463
y-axis motor a_rms,3700,2025-07-11 10:23:33.040463
y-axis motor temp,24.2,2025-07-11 10:23:33.040463
y-axis motor crest,2.5,2025-07-11 10:23:33.040463
x-axis motor v_rms,0.4,2025-07-11 10:23:33.040463
x-axis motor a_peak,2100,2025-07-11 10:23:33.040463
x-axis motor a_rms,900,2025-07-11 10:23:33.040463
x-axis motor temp,21.4,2025-07-11 10:23:33.040463
x-axis motor crest,2.4,2025-07-11 10:23:33.040463
voltage,132.03333333333333,2025-07-11 10:23:33.040463
current,12.6,2025-07-11 10:23:33.040463
active power,1433.6666666666667,2025-07-11 10:23:33.040463
forward kWh,16.246333333333336,2025-07-11 10:23:33.040463
reverse kWh,0.3606666666666667,2025-07-11 10:23:33.040463
frequency,59.98,2025-07-11 10:23:33.040463
power factor,0.8099999999999999,2025-07-11 10:23:33.040463
featureId,NONE,2025-07-11 10:23:34.040817
partKindId,EDB34637-67D8-465A-AFBA-010AD86D34F6,2025-07-11 10:23:34.040817
processKindId,AF6B782E-23DD-4144-8665-11C813BE7660,2025-07-11 10:23:34.040817
A_Axis_Load,16,2025-07-11 10:23:34.040817
A_Position,0.000167897837982586,2025-07-11 10:23:34.040817
C_Axis_Load,45,2025-07-11 10:23:34.040817
C_Position,30.001,2025-07-11 10:23:34.040817
Machine_Time,2590490.28,2025-07-11 10:23:34.040817
Spindle_Time,690508.343999999,2025-07-11 10:23:34.040817
Feed_Override,100,2025-07-11 10:23:34.040817
Feed_Rate,71.25,2025-07-11 10:23:34.040817
Program_Runtime_Seconds,6,2025-07-11 10:23:34.040817
Rapid_Override,100,2025-07-11 10:23:34.040817
Rapid_Speed,0,2025-07-11 10:23:34.040817
S_Axis_Load,2,2025-07-11 10:23:34.040817
Spindle_Override,100,2025-07-11 10:23:34.040817
Spindle_Speed,9792,2025-07-11 10:23:34.040817
X_Axis_Load,11,2025-07-11 10:23:34.040817
X_Position,357.70167404232,2025-07-11 10:23:34.040817
Y_Axis_Load,0,2025-07-11 10:23:34.040817
Y_Position,217.838043045913,2025-07-11 10:23:34.040817
Z_Axis_Load,34,2025-07-11 10:23:34.040817
Z_Position,-300.51903641323,2025-07-11 10:23:34.040817
COR_Status,1,2025-07-11 10:23:34.040817
Controller_Mode,AUTO,2025-07-11 10:23:34.040817
EStop_State,ARMED,2025-07-11 10:23:34.040817
Machine_Mode,5,2025-07-11 10:23:34.040817
Block_Number,90,2025-07-11 10:23:34.040817
Current_Tool,6,2025-07-11 10:23:34.040817
Part_Count,3,2025-07-11 10:23:34.040817
Program_Name_Running,000454_D_A_PROGRAM_2.NC,2025-07-11 10:23:34.040817
spindle motor v_rms,1.4,2025-07-11 10:23:34.040817
spindle motor a_peak,14300,2025-07-11 10:23:34.040817
spindle motor a_rms,5500,2025-07-11 10:23:34.040817
spindle motor temp,24.7,2025-07-11 10:23:34.040817
spindle motor crest,2.6,2025-07-11 10:23:34.040817
z-axis bearing v_rms,0.3,2025-07-11 10:23:34.040817
z-axis bearing a_peak,10500,2025-07-11 10:23:34.040817
z-axis bearing a_rms,4200,2025-07-11 10:23:34.040817
z-axis bearing temp,22.5,2025-07-11 10:23:34.040817
z-axis bearing crest,2.5,2025-07-11 10:23:34.040817
z-axis motor v_rms,1.6,2025-07-11 10:23:34.040817
z-axis motor a_peak,4700,2025-07-11 10:23:34.040817
z-axis motor a_rms,2000,2025-07-11 10:23:34.040817
z-axis motor temp,25.4,2025-07-11 10:23:34.040817
z-axis motor crest,2.4,2025-07-11 10:23:34.040817
y-axis bearing v_rms,0.7,2025-07-11 10:23:34.040817
y-axis bearing a_peak,4700,2025-07-11 10:23:34.040817
y-axis bearing a_rms,2300,2025-07-11 10:23:34.040817
y-axis bearing temp,21.3,2025-07-11 10:23:34.040817
y-axis bearing crest,2.1,2025-07-11 10:23:34.040817
y-axis motor v_rms,1.5,2025-07-11 10:23:34.040817
y-axis motor a_peak,8800,2025-07-11 10:23:34.040817
y-axis motor a_rms,4400,2025-07-11 10:23:34.040817
y-axis motor temp,24.2,2025-07-11 10:23:34.040817
y-axis motor crest,2.0,2025-07-11 10:23:34.040817
x-axis motor v_rms,0.6,2025-07-11 10:23:34.040817
x-axis motor a_peak,4900,2025-07-11 10:23:34.040817
x-axis motor a_rms,1400,2025-07-11 10:23:34.040817
x-axis motor temp,21.4,2025-07-11 10:23:34.040817
x-axis motor crest,3.5,2025-07-11 10:23:34.040817
voltage,132.1,2025-07-11 10:23:34.040817
current,11.653333333333334,2025-07-11 10:23:34.040817
active power,1318.6666666666667,2025-07-11 10:23:34.040817
forward kWh,16.247,2025-07-11 10:23:34.040817
reverse kWh,0.3606666666666667,2025-07-11 10:23:34.040817
frequency,59.98,2025-07-11 10:23:34.040817
power factor,0.77,2025-07-11 10:23:34.040817
featureId,NONE,2025-07-11 10:23:35.041094
partKindId,EDB34637-67D8-465A-AFBA-010AD86D34F6,2025-07-11 10:23:35.041094
processKindId,AF6B782E-23DD-4144-8665-11C813BE7660,2025-07-11 10:23:35.041094
A_Axis_Load,16,2025-07-11 10:23:35.041094
A_Position,-0.000332225347943367,2025-07-11 10:23:35.041094
C_Axis_Load,45,2025-07-11 10:23:35.041094
C_Position,30.0005,2025-07-11 10:23:35.041094
Machine_Time,2590490.28,2025-07-11 10:23:35.041094
Spindle_Time,690508.343999999,2025-07-11 10:23:35.041094
Feed_Override,100,2025-07-11 10:23:35.041094
Feed_Rate,71.25,2025-07-11 10:23:35.041094
Program_Runtime_Seconds,7,2025-07-11 10:23:35.041094
Rapid_Override,100,2025-07-11 10:23:35.041094
Rapid_Speed,0,2025-07-11 10:23:35.041094
S_Axis_Load,0,2025-07-11 10:23:35.041094
Spindle_Override,100,2025-07-11 10:23:35.041094
Spindle_Speed,9792,2025-07-11 10:23:35.041094
X_Axis_Load,0,2025-07-11 10:23:35.041094
X_Position,329.60558135107,2025-07-11 10:23:35.041094
Y_Axis_Load,10,2025-07-11 10:23:35.041094
Y_Position,258.854467174608,2025-07-11 10:23:35.041094
Z_Axis_Load,33,2025-07-11 10:23:35.041094
Z_Position,-300.518921986883,2025-07-11 10:23:35.041094
COR_Status,1,2025-07-11 10:23:35.041094
Controller_Mode,AUTO,2025-07-11 10:23:35.041094
EStop_State,ARMED,2025-07-11 10:23:35.041094
Machine_Mode,5,2025-07-11 10:23:35.041094
Block_Number,91,2025-07-11 10:23:35.041094
Current_Tool,6,2025-07-11 10:23:35.041094
Part_Count,3,2025-07-11 10:23:35.041094
Program_Name_Running,000454_D_A_PROGRAM_2.NC,2025-07-11 10:23:35.041094
spindle motor v_rms,1.3,2025-07-11 10:23:35.041094
spindle motor a_peak,12800,2025-07-11 10:23:35.041094
spindle motor a_rms,4400,2025-07-11 10:23:35.041094
spindle motor temp,24.7,2025-07-11 10:23:35.041094
spindle motor crest,2.9,2025-07-11 10:23:35.041094
z-axis bearing v_rms,0.4,2025-07-11 10:23:35.041094
z-axis bearing a_peak,9000,2025-07-11 10:23:35.041094
z-axis bearing a_rms,3300,2025-07-11 10:23:35.041094
z-axis bearing temp,22.5,2025-07-11 10:23:35.041094
z-axis bearing crest,2.7,2025-07-11 10:23:35.041094
z-axis motor v_rms,1.4,2025-07-11 10:23:35.041094
z-axis motor a_peak,4000,2025-07-11 10:23:35.041094
z-axis motor a_rms,1700,2025-07-11 10:23:35.041094
z-axis motor temp,25.4,2025-07-11 10:23:35.041094
z-axis motor crest,2.3,2025-07-11 10:23:35.041094
y-axis bearing v_rms,1.2,2025-07-11 10:23:35.041094
y-axis bearing a_peak,7800,2025-07-11 10:23:35.041094
y-axis bearing a_rms,3700,2025-07-11 10:23:35.041094
y-axis bearing temp,21.3,2025-07-11 10:23:35.041094
y-axis bearing crest,2.1,2025-07-11 10:23:35.041094
y-axis motor v_rms,1.6,2025-07-11 10:23:35.041094
y-axis motor a_peak,13100,2025-07-11 10:23:35.041094
y-axis motor a_rms,5200,2025-07-11 10:23:35.041094
y-axis motor temp,24.2,2025-07-11 10:23:35.041094
y-axis motor crest,2.5,2025-07-11 10:23:35.041094
x-axis motor v_rms,0.9,2025-07-11 10:23:35.041094
x-axis motor a_peak,3700,2025-07-11 10:23:35.041094
x-axis motor a_rms,1400,2025-07-11 10:23:35.041094
x-axis motor temp,21.4,2025-07-11 10:23:35.041094
x-axis motor crest,2.7,2025-07-11 10:23:35.041094
voltage,132.0,2025-07-11 10:23:35.041094
current,13.316666666666668,2025-07-11 10:23:35.041094
active power,1521.0,2025-07-11 10:23:35.041094
forward kWh,16.247333333333334,2025-07-11 10:23:35.041094
reverse kWh,0.3606666666666667,2025-07-11 10:23:35.041094
frequency,59.98,2025-07-11 10:23:35.041094
power factor,0.8033333333333333,2025-07-11 10:23:35.041094
featureId,NONE,2025-07-11 10:23:36.041370
partKindId,EDB34637-67D8-465A-AFBA-010AD86D34F6,2025-07-11 10:23:36.041370
processKindId,AF6B782E-23DD-4144-8665-11C813BE7660,2025-07-11 10:23:36.041370
A_Axis_Load,16,2025-07-11 10:23:36.041370
A_Position,0.000167897837982586,2025-07-11 10:23:36.041370
C_Axis_Load,45,2025-07-11 10:23:36.041370
C_Position,30.0005,2025-07-11 10:23:36.041370
Machine_Time,2590490.28,2025-07-11 10:23:36.041370
Spindle_Time,690508.343999999,2025-07-11 10:23:36.041370
Feed_Override,100,2025-07-11 10:23:36.041370
Feed_Rate,71.25,2025-07-11 10:23:36.041370
Program_Runtime_Seconds,9,2025-07-11 10:23:36.041370
Rapid_Override,100,2025-07-11 10:23:36.041370
Rapid_Speed,0,2025-07-11 10:23:36.041370
S_Axis_Load,0,2025-07-11 10:23:36.041370
Spindle_Override,100,2025-07-11 10:23:36.041370
Spindle_Speed,9792,2025-07-11 10:23:36.041370
X_Axis_Load,15,2025-07-11 10:23:36.041370
X_Position,373.290055486103,2025-07-11 10:23:36.041370
Y_Axis_Load,0,2025-07-11 10:23:36.041370
Y_Position,287.941911664105,2025-07-11 10:23:36.041370
Z_Axis_Load,32,2025-07-11 10:23:36.041370
Z_Position,-300.518933429518,2025-07-11 10:23:36.041370
COR_Status,1,2025-07-11 10:23:36.041370
Controller_Mode,AUTO,2025-07-11 10:23:36.041370
EStop_State,ARMED,2025-07-11 10:23:36.041370
Machine_Mode,5,2025-07-11 10:23:36.041370
Block_Number,92,2025-07-11 10:23:36.041370
Current_Tool,6,2025-07-11 10:23:36.041370
Part_Count,3,2025-07-11 10:23:36.041370
Program_Name_Running,000454_D_A_PROGRAM_2.NC,2025-07-11 10:23:36.041370
spindle motor v_rms,0.8,2025-07-11 10:23:36.041370
spindle motor a_peak,11300,2025-07-11 10:23:36.041370
spindle motor a_rms,3600,2025-07-11 10:23:36.041370
spindle motor temp,24.7,2025-07-11 10:23:36.041370
spindle motor crest,3.1,2025-07-11 10:23:36.041370
z-axis bearing v_rms,0.3,2025-07-11 10:23:36.041370
z-axis bearing a_peak,11000,2025-07-11 10:23:36.041370
z-axis bearing a_rms,3000,2025-07-11 10:23:36.041370
z-axis bearing temp,22.5,2025-07-11 10:23:36.041370
z-axis bearing crest,3.6,2025-07-11 10:23:36.041370
z-axis motor v_rms,1.6,2025-07-11 10:23:36.041370
z-axis motor a_peak,4800,2025-07-11 10:23:36.041370
z-axis motor a_rms,1800,2025-07-11 10:23:36.041370
z-axis motor temp,25.4,2025-07-11 10:23:36.041370
z-axis motor crest,2.6,2025-07-11 10:23:36.041370
y-axis bearing v_rms,0.8,2025-07-11 10:23:36.041370
y-axis bearing a_peak,6500,2025-07-11 10:23:36.041370
y-axis bearing a_rms,2400,2025-07-11 10:23:36.041370
y-axis bearing temp,21.3,2025-07-11 10:23:36.041370
y-axis bearing crest,2.7,2025-07-11 10:23:36.041370
y-axis motor v_rms,1.1,2025-07-11 10:23:36.041370
y-axis motor a_peak,10600,2025-07-11 10:23:36.041370
y-axis motor a_rms,3600,2025-07-11 10:23:36.041370
y-axis motor temp,24.2,2025-07-11 10:23:36.041370
y-axis motor crest,2.9,2025-07-11 10:23:36.041370
x-axis motor v_rms,0.9,2025-07-11 10:23:36.041370
x-axis motor a_peak,3500,2025-07-11 10:23:36.041370
x-axis motor a_rms,1300,2025-07-11 10:23:36.041370
x-axis motor temp,21.4,2025-07-11 10:23:36.041370
x-axis motor crest,2.8,2025-07-11 10:23:36.041370
voltage,131.93333333333334,2025-07-11 10:23:36.041370
current,13.343333333333334,2025-07-11 10:23:36.041370
active power,1522.6666666666667,2025-07-11 10:23:36.041370
forward kWh,16.247333333333334,2025-07-11 10:23:36.041370
reverse kWh,0.3606666666666667,2025-07-11 10:23:36.041370
frequency,59.99,2025-07-11 10:23:36.041370
power factor,0.8266666666666667,2025-07-11 10:23:36.041370
featureId,NONE,2025-07-11 10:23:37.041682
partKindId,EDB34637-67D8-465A-AFBA-010AD86D34F6,2025-07-11 10:23:37.041682
processKindId,AF6B782E-23DD-4144-8665-11C813BE7660,2025-07-11 10:23:37.041682
A_Axis_Load,16,2025-07-11 10:23:37.041682
A_Position,0.000167897837982586,2025-07-11 10:23:37.041682
C_Axis_Load,45,2025-07-11 10:23:37.041682
C_Position,30.0005,2025-07-11 10:23:37.041682
Machine_Time,2590490.28,2025-07-11 10:23:37.041682
Spindle_Time,690508.343999999,2025-07-11 10:23:37.041682
Feed_Override,100,2025-07-11 10:23:37.041682
Feed_Rate,71.21667,2025-07-11 10:23:37.041682
Program_Runtime_Seconds,9,2025-07-11 10:23:37.041682
Rapid_Override,100,2025-07-11 10:23:37.041682
Rapid_Speed,0,2025-07-11 10:23:37.041682
S_Axis_Load,0,2025-07-11 10:23:37.041682
Spindle_Override,100,2025-07-11 10:23:37.041682
Spindle_Speed,9792,2025-07-11 10:23:37.041682
X_Axis_Load,30,2025-07-11 10:23:37.041682
X_Position,424.84358727979,2025-07-11 10:23:37.041682
Y_Axis_Load,9,2025-07-11 10:23:37.041682
Y_Position,281.326339474674,2025-07-11 10:23:37.041682
Z_Axis_Load,33,2025-07-11 10:23:37.041682
Z_Position,-300.519047855865,2025-07-11 10:23:37.041682
COR_Status,1,2025-07-11 10:23:37.041682
Controller_Mode,AUTO,2025-07-11 10:23:37.041682
EStop_State,ARMED,2025-07-11 10:23:37.041682
Machine_Mode,5,2025-07-11 10:23:37.041682
Block_Number,94,2025-07-11 10:23:37.041682
Current_Tool,6,2025-07-11 10:23:37.041682
Part_Count,3,2025-07-11 10:23:37.041682
Program_Name_Running,000454_D_A_PROGRAM_2.NC,2025-07-11 10:23:37.041682
spindle motor v_rms,0.8,2025-07-11 10:23:37.041682
spindle motor a_peak,11600,2025-07-11 10:23:37.041682
spindle motor a_rms,3400,2025-07-11 10:23:37.041682
spindle motor temp,24.7,2025-07-11 10:23:37.041682
spindle motor crest,3.4,2025-07-11 10:23:37.041682
z-axis bearing v_rms,0.4,2025-07-11 10:23:37.041682
z-axis bearing a_peak,16500,2025-07-11 10:23:37.041682
z-axis bearing a_rms,3500,2025-07-11 10:23:37.041682
z-axis bearing temp,22.5,2025-07-11 10:23:37.041682
z-axis bearing crest,4.7,2025-07-11 10:23:37.041682
z-axis motor v_rms,1.6,2025-07-11 10:23:37.041682
z-axis motor a_peak,5100,2025-07-11 10:23:37.041682
z-axis motor a_rms,1800,2025-07-11 10:23:37.041682
z-axis motor temp,25.4,2025-07-11 10:23:37.041682
z-axis motor crest,2.9,2025-07-11 10:23:37.041682
y-axis bearing v_rms,0.9,2025-07-11 10:23:37.041682
y-axis bearing a_peak,8300,2025-07-11 10:23:37.041682
y-axis bearing a_rms,2800,2025-07-11 10:23:37.041682
y-axis bearing temp,21.3,2025-07-11 10:23:37.041682
y-axis bearing crest,2.9,2025-07-11 10:23:37.041682
y-axis motor v_rms,1.2,2025-07-11 10:23:37.041682
y-axis motor a_peak,11900,2025-07-11 10:23:37.041682
y-axis motor a_rms,4000,2025-07-11 10:23:37.041682
y-axis motor temp,24.2,2025-07-11 10:23:37.041682
y-axis motor crest,3.0,2025-07-11 10:23:37.041682
x-axis motor v_rms,0.8,2025-07-11 10:23:37.041682
x-axis motor a_peak,3800,2025-07-11 10:23:37.041682
x-axis motor a_rms,1500,2025-07-11 10:23:37.041682
x-axis motor temp,21.4,2025-07-11 10:23:37.041682
x-axis motor crest,2.5,2025-07-11 10:23:37.041682
voltage,132.0666666666667,2025-07-11 10:23:37.041682
current,12.133333333333333,2025-07-11 10:23:37.041682
active power,1378.3333333333333,2025-07-11 10:23:37.041682
forward kWh,16.247666666666667,2025-07-11 10:23:37.041682
reverse kWh,0.3606666666666667,2025-07-11 10:23:37.041682
frequency,59.99,2025-07-11 10:23:37.041682
power factor,0.84,2025-07-11 10:23:37.041682
featureId,NONE,2025-07-11 10:23:38.041983
partKindId,EDB34637-67D8-465A-AFBA-010AD86D34F6,2025-07-11 10:23:38.041983
processKindId,AF6B782E-23DD-4144-8665-11C813BE7660,2025-07-11 10:23:38.041983
A_Axis_Load,16,2025-07-11 10:23:38.041983
A_Position,0.000668021023908539,2025-07-11 10:23:38.041983
C_Axis_Load,45,2025-07-11 10:23:38.041983
C_Position,30.0005,2025-07-11 10:23:38.041983
Machine_Time,2590490.28,2025-07-11 10:23:38.041983
Spindle_Time,690508.343999999,2025-07-11 10:23:38.041983
Feed_Override,100,2025-07-11 10:23:38.041983
Feed_Rate,47.8,2025-07-11 10:23:38.041983
Program_Runtime_Seconds,11,2025-07-11 10:23:38.041983
Rapid_Override,100,2025-07-11 10:23:38.041983
Rapid_Speed,0,2025-07-11 10:23:38.041983
S_Axis_Load,1,2025-07-11 10:23:38.041983
Spindle_Override,100,2025-07-11 10:23:38.041983
Spindle_Speed,9792,2025-07-11 10:23:38.041983
X_Axis_Load,12,2025-07-11 10:23:38.041983
X_Position,414.559990689564,2025-07-11 10:23:38.041983
Y_Axis_Load,2,2025-07-11 10:23:38.041983
Y_Position,224.187676342458,2025-07-11 10:23:38.041983
Z_Axis_Load,34,2025-07-11 10:23:38.041983
Z_Position,-300.518921986883,2025-07-11 10:23:38.041983
COR_Status,1,2025-07-11 10:23:38.041983
Controller_Mode,AUTO,2025-07-11 10:23:38.041983
EStop_State,ARMED,2025-07-11 10:23:38.041983
Machine_Mode,5,2025-07-11 10:23:38.041983
Block_Number,96,2025-07-11 10:23:38.041983
Current_Tool,6,2025-07-11 10:23:38.041983
Part_Count,3,2025-07-11 10:23:38.041983
Program_Name_Running,000454_D_A_PROGRAM_2.NC,2025-07-11 10:23:38.041983
spindle motor v_rms,1.1,2025-07-11 10:23:38.041983
spindle motor a_peak,14600,2025-07-11 10:23:38.041983
spindle motor a_rms,4300,2025-07-11 10:23:38.041983
spindle motor temp,24.7,2025-07-11 10:23:38.041983
spindle motor crest,3.4,2025-07-11 10:23:38.041983
z-axis bearing v_rms,0.3,2025-07-11 10:23:38.041983
z-axis bearing a_peak,10700,2025-07-11 10:23:38.041983
z-axis bearing a_rms,3800,2025-07-11 10:23:38.041983
z-axis bearing temp,22.5,2025-07-11 10:23:38.041983
z-axis bearing crest,2.9,2025-07-11 10:23:38.041983
z-axis motor v_rms,1.6,2025-07-11 10:23:38.041983
z-axis motor a_peak,5100,2025-07-11 10:23:38.041983
z-axis motor a_rms,2000,2025-07-11 10:23:38.041983
z-axis motor temp,25.4,2025-07-11 10:23:38.041983
z-axis motor crest,2.6,2025-07-11 10:23:38.041983
y-axis bearing v_rms,0.7,2025-07-11 10:23:38.041983
y-axis bearing a_peak,5300,2025-07-11 10:23:38.041983
y-axis bearing a_rms,2300,2025-07-11 10:23:38.041983
y-axis bearing temp,21.3,2025-07-11 10:23:38.041983
y-axis bearing crest,2.3,2025-07-11 10:23:38.041983
y-axis motor v_rms,1.4,2025-07-11 10:23:38.041983
y-axis motor a_peak,9800,2025-07-11 10:23:38.041983
y-axis motor a_rms,4100,2025-07-11 10:23:38.041983
y-axis motor temp,24.2,2025-07-11 10:23:38.041983
y-axis motor crest,2.4,2025-07-11 10:23:38.041983
x-axis motor v_rms,0.5,2025-07-11 10:23:38.041983
x-axis motor a_peak,2200,2025-07-11 10:23:38.041983
x-axis motor a_rms,900,2025-07-11 10:23:38.041983
x-axis motor temp,21.4,2025-07-11 10:23:38.041983
x-axis motor crest,2.4,2025-07-11 10:23:38.041983
voltage,132.1,2025-07-11 10:23:38.041983
current,11.756666666666666,2025-07-11 10:23:38.041983
active power,1331.3333333333333,2025-07-11 10:23:38.041983
forward kWh,16.248666666666665,2025-07-11 10:23:38.041983
reverse kWh,0.3606666666666667,2025-07-11 10:23:38.041983
frequency,59.99,2025-07-11 10:23:38.041983
power factor,0.8866666666666667,2025-07-11 10:23:38.041983
featureId,NONE,2025-07-11 10:23:39.042267
partKindId,EDB34637-67D8-465A-AFBA-010AD86D34F6,2025-07-11 10:23:39.042267
processKindId,AF6B782E-23DD-4144-8665-11C813BE7660,2025-07-11 10:23:39.042267
A_Axis_Load,16,2025-07-11 10:23:39.042267
A_Position,0.000167897837982586,2025-07-11 10:23:39.042267
C_Axis_Load,45,2025-07-11 10:23:39.042267
C_Position,30.0015,2025-07-11 10:23:39.042267
Machine_Time,2590490.28,2025-07-11 10:23:39.042267
Spindle_Time,690508.343999999,2025-07-11 10:23:39.042267
Feed_Override,100,2025-07-11 10:23:39.042267
Feed_Rate,71.25,2025-07-11 10:23:39.042267
Program_Runtime_Seconds,11,2025-07-11 10:23:39.042267
Rapid_Override,100,2025-07-11 10:23:39.042267
Rapid_Speed,0,2025-07-11 10:23:39.042267
S_Axis_Load,1,2025-07-11 10:23:39.042267
Spindle_Override,100,2025-07-11 10:23:39.042267
Spindle_Speed,9792,2025-07-11 10:23:39.042267
X_Axis_Load,11,2025-07-11 10:23:39.042267
X_Position,352.148265599108,2025-07-11 10:23:39.042267
Y_Axis_Load,1,2025-07-11 10:23:39.042267
Y_Position,224.18797387084,2025-07-11 10:23:39.042267
Z_Axis_Load,33,2025-07-11 10:23:39.042267
Z_Position,-300.518956314787,2025-07-11 10:23:39.042267
COR_Status,1,2025-07-11 10:23:39.042267
Controller_Mode,AUTO,2025-07-11 10:23:39.042267
EStop_State,ARMED,2025-07-11 10:23:39.042267
Machine_Mode,5,2025-07-11 10:23:39.042267
Block_Number,96,2025-07-11 10:23:39.042267
Current_Tool,6,2025-07-11 10:23:39.042267
Part_Count,3,2025-07-11 10:23:39.042267
Program_Name_Running,000454_D_A_PROGRAM_2.NC,2025-07-11 10:23:39.042267
spindle motor v_rms,1.3,2025-07-11 10:23:39.042267
spindle motor a_peak,14400,2025-07-11 10:23:39.042267
spindle motor a_rms,5200,2025-07-11 10:23:39.042267
spindle motor temp,24.7,2025-07-11 10:23:39.042267
spindle motor crest,2.8,2025-07-11 10:23:39.042267
z-axis bearing v_rms,0.3,2025-07-11 10:23:39.042267
z-axis bearing a_peak,9400,2025-07-11 10:23:39.042267
z-axis bearing a_rms,3900,2025-07-11 10:23:39.042267
z-axis bearing temp,22.5,2025-07-11 10:23:39.042267
z-axis bearing crest,2.4,2025-07-11 10:23:39.042267
z-axis motor v_rms,1.6,2025-07-11 10:23:39.042267
z-axis motor a_peak,5000,2025-07-11 10:23:39.042267
z-axis motor a_rms,1900,2025-07-11 10:23:39.042267
z-axis motor temp,25.4,2025-07-11 10:23:39.042267
z-axis motor crest,2.6,2025-07-11 10:23:39.042267
y-axis bearing v_rms,0.8,2025-07-11 10:23:39.042267
y-axis bearing a_peak,7500,2025-07-11 10:23:39.042267
y-axis bearing a_rms,2500,2025-07-11 10:23:39.042267
y-axis bearing temp,21.3,2025-07-11 10:23:39.042267
y-axis bearing crest,2.9,2025-07-11 10:23:39.042267
y-axis motor v_rms,1.3,2025-07-11 10:23:39.042267
y-axis motor a_peak,9700,2025-07-11 10:23:39.042267
y-axis motor a_rms,4000,2025-07-11 10:23:39.042267
y-axis motor temp,24.2,2025-07-11 10:23:39.042267
y-axis motor crest,2.4,2025-07-11 10:23:39.042267
x-axis motor v_rms,0.7,2025-07-11 10:23:39.042267
x-axis motor a_peak,4900,2025-07-11 10:23:39.042267
x-axis motor a_rms,1400,2025-07-11 10:23:39.042267
x-axis motor temp,21.4,2025-07-11 10:23:39.042267
x-axis motor crest,3.5,2025-07-11 10:23:39.042267
voltage,132.03333333333333,2025-07-11 10:23:39.042267
current,12.353333333333333,2025-07-11 10:23:39.042267
active power,1402.0,2025-07-11 10:23:39.042267
forward kWh,16.248666666666665,2025-07-11 10:23:39.042267
reverse kWh,0.3606666666666667,2025-07-11 10:23:39.042267
frequency,59.99,2025-07-11 10:23:39.042267
power factor,0.87,2025-07-11 10:23:39.042267
featureId,NONE,2025-07-11 10:23:40.042608
partKindId,EDB34637-67D8-465A-AFBA-010AD86D34F6,2025-07-11 10:23:40.042608
processKindId,AF6B782E-23DD-4144-8665-11C813BE7660,2025-07-11 10:23:40.042608
A_Axis_Load,16,2025-07-11 10:23:40.042608
A_Position,-0.000332225347943367,2025-07-11 10:23:40.042608
C_Axis_Load,45,2025-07-11 10:23:40.042608
C_Position,30.0025,2025-07-11 10:23:40.042608
Machine_Time,2590490.28,2025-07-11 10:23:40.042608
Spindle_Time,690508.343999999,2025-07-11 10:23:40.042608
Feed_Override,100,2025-07-11 10:23:40.042608
Feed_Rate,71.25,2025-07-11 10:23:40.042608
Program_Runtime_Seconds,12,2025-07-11 10:23:40.042608
Rapid_Override,100,2025-07-11 10:23:40.042608
Rapid_Speed,0,2025-07-11 10:23:40.042608
S_Axis_Load,0,2025-07-11 10:23:40.042608
Spindle_Override,100,2025-07-11 10:23:40.042608
Spindle_Speed,9792,2025-07-11 10:23:40.042608
X_Axis_Load,2,2025-07-11 10:23:40.042608
X_Position,335.955968956914,2025-07-11 10:23:40.042608
Y_Axis_Load,10,2025-07-11 10:23:40.042608
Y_Position,277.064000497952,2025-07-11 10:23:40.042608
Z_Axis_Load,32,2025-07-11 10:23:40.042608
Z_Position,-300.519002085326,2025-07-11 10:23:40.042608
COR_Status,1,2025-07-11 10:23:40.042608
Controller_Mode,AUTO,2025-07-11 10:23:40.042608
EStop_State,ARMED,2025-07-11 10:23:40.042608
Machine_Mode,5,2025-07-11 10:23:40.042608
Block_Number,97,2025-07-11 10:23:40.042608
Current_Tool,6,2025-07-11 10:23:40.042608
Part_Count,3,2025-07-11 10:23:40.042608
Program_Name_Running,000454_D_A_PROGRAM_2.NC,2025-07-11 10:23:40.042608
spindle motor v_rms,1.1,2025-07-11 10:23:40.042608
spindle motor a_peak,12300,2025-07-11 10:23:40.042608
spindle motor a_rms,3800,2025-07-11 10:23:40.042608
spindle motor temp,24.7,2025-07-11 10:23:40.042608
spindle motor crest,3.3,2025-07-11 10:23:40.042608
z-axis bearing v_rms,0.4,2025-07-11 10:23:40.042608
z-axis bearing a_peak,10500,2025-07-11 10:23:40.042608
z-axis bearing a_rms,3300,2025-07-11 10:23:40.042608
z-axis bearing temp,22.5,2025-07-11 10:23:40.042608
z-axis bearing crest,3.1,2025-07-11 10:23:40.042608
z-axis motor v_rms,1.5,2025-07-11 10:23:40.042608
z-axis motor a_peak,5100,2025-07-11 10:23:40.042608
z-axis motor a_rms,1800,2025-07-11 10:23:40.042608
z-axis motor temp,25.4,2025-07-11 10:23:40.042608
z-axis motor crest,2.8,2025-07-11 10:23:40.042608
y-axis bearing v_rms,0.9,2025-07-11 10:23:40.042608
y-axis bearing a_peak,7400,2025-07-11 10:23:40.042608
y-axis bearing a_rms,2900,2025-07-11 10:23:40.042608
y-axis bearing temp,21.3,2025-07-11 10:23:40.042608
y-axis bearing crest,2.5,2025-07-11 10:23:40.042608
y-axis motor v_rms,1.2,2025-07-11 10:23:40.042608
y-axis motor a_peak,12200,2025-07-11 10:23:40.042608
y-axis motor a_rms,3600,2025-07-11 10:23:40.042608
y-axis motor temp,24.2,2025-07-11 10:23:40.042608
y-axis motor crest,3.4,2025-07-11 10:23:40.042608
x-axis motor v_rms,1.0,2025-07-11 10:23:40.042608
x-axis motor a_peak,2900,2025-07-11 10:23:40.042608
x-axis motor a_rms,1100,2025-07-11 10:23:40.042608
x-axis motor temp,21.4,2025-07-11 10:23:40.042608
x-axis motor crest,2.7,2025-07-11 10:23:40.042608
voltage,132.03333333333333,2025-07-11 10:23:40.042608
current,12.403333333333334,2025-07-11 10:23:40.042608
active power,1408.3333333333333,2025-07-11 10:23:40.042608
forward kWh,16.249333333333333,2025-07-11 10:23:40.042608
reverse kWh,0.3606666666666667,2025-07-11 10:23:40.042608
frequency,59.99,2025-07-11 10:23:40.042608
power factor,0.7933333333333333,2025-07-11 10:23:40.042608
featureId,NONE,2025-07-11 10:23:41.042888
partKindId,EDB34637-67D8-465A-AFBA-010AD86D34F6,2025-07-11 10:23:41.042888
processKindId,AF6B782E-23DD-4144-8665-11C813BE7660,2025-07-11 10:23:41.042888
A_Axis_Load,16,2025-07-11 10:23:41.042888
A_Position,-0.000332225347943367,2025-07-11 10:23:41.042888
C_Axis_Load,45,2025-07-11 10:23:41.042888
C_Position,30.001,2025-07-11 10:23:41.042888
Machine_Time,2590490.28,2025-07-11 10:23:41.042888
Spindle_Time,690508.343999999,2025-07-11 10:23:41.042888
Feed_Override,100,2025-07-11 10:23:41.042888
Feed_Rate,61.43333,2025-07-11 10:23:41.042888
Program_Runtime_Seconds,13,2025-07-11 10:23:41.042888
Rapid_Override,100,2025-07-11 10:23:41.042888
Rapid_Speed,0,2025-07-11 10:23:41.042888
S_Axis_Load,0,2025-07-11 10:23:41.042888
Spindle_Override,100,2025-07-11 10:23:41.042888
Spindle_Speed,9792,2025-07-11 10:23:41.042888
X_Axis_Load,1,2025-07-11 10:23:41.042888
X_Position,381.891712139994,2025-07-11 10:23:41.042888
Y_Axis_Load,22,2025-07-11 10:23:41.042888
Y_Position,275.24678582284,2025-07-11 10:23:41.042888
Z_Axis_Load,33,2025-07-11 10:23:41.042888
Z_Position,-300.519116511673,2025-07-11 10:23:41.042888
COR_Status,1,2025-07-11 10:23:41.042888
Controller_Mode,AUTO,2025-07-11 10:23:41.042888
EStop_State,ARMED,2025-07-11 10:23:41.042888
Machine_Mode,5,2025-07-11 10:23:41.042888
Block_Number,99,2025-07-11 10:23:41.042888
Current_Tool,6,2025-07-11 10:23:41.042888
Part_Count,3,2025-07-11 10:23:41.042888
Program_Name_Running,000454_D_A_PROGRAM_2.NC,2025-07-11 10:23:41.042888
spindle motor v_rms,0.8,2025-07-11 10:23:41.042888
spindle motor a_peak,12600,2025-07-11 10:23:41.042888
spindle motor a_rms,3400,2025-07-11 10:23:41.042888
spindle motor temp,24.7,2025-07-11 10:23:41.042888
spindle motor crest,3.7,2025-07-11 10:23:41.042888
z-axis bearing v_rms,0.4,2025-07-11 10:23:41.042888
z-axis bearing a_peak,13700,2025-07-11 10:23:41.042888
z-axis bearing a_rms,3200,2025-07-11 10:23:41.042888
z-axis bearing temp,22.5,2025-07-11 10:23:41.042888
z-axis bearing crest,4.3,2025-07-11 10:23:41.042888
z-axis motor v_rms,1.6,2025-07-11 10:23:41.042888
z-axis motor a_peak,4400,2025-07-11 10:23:41.042888
z-axis motor a_rms,1800,2025-07-11 10:23:41.042888
z-axis motor temp,25.4,2025-07-11 10:23:41.042888
z-axis motor crest,2.4,2025-07-11 10:23:41.042888
y-axis bearing v_rms,0.8,2025-07-11 10:23:41.042888
y-axis bearing a_peak,5300,2025-07-11 10:23:41.042888
y-axis bearing a_rms,2500,2025-07-11 10:23:41.042888
y-axis bearing temp,21.3,2025-07-11 10:23:41.042888
y-axis bearing crest,2.1,2025-07-11 10:23:41.042888
y-axis motor v_rms,1.5,2025-07-11 10:23:41.042888
y-axis motor a_peak,10100,2025-07-11 10:23:41.042888
y-axis motor a_rms,4700,2025-07-11 10:23:41.042888
y-axis motor temp,24.2,2025-07-11 10:23:41.042888
y-axis motor crest,2.2,2025-07-11 10:23:41.042888
x-axis motor v_rms,0.5,2025-07-11 10:23:41.042888
x-axis motor a_peak,2700,2025-07-11 10:23:41.042888
x-axis motor a_rms,1200,2025-07-11 10:23:41.042888
x-axis motor temp,21.4,2025-07-11 10:23:41.042888
x-axis motor crest,2.3,2025-07-11 10:23:41.042888
voltage,132.1,2025-07-11 10:23:41.042888
current,11.69,2025-07-11 10:23:41.042888
active power,1324.3333333333333,2025-07-11 10:23:41.042888
forward kWh,16.250333333333334,2025-07-11 10:23:41.042888
reverse kWh,0.3606666666666667,2025-07-11 10:23:41.042888
frequency,59.99,2025-07-11 10:23:41.042888
power factor,0.7666666666666666,2025-07-11 10:23:41.042888
featureId,NONE,2025-07-11 10:23:42.043204
partKindId,EDB34637-67D8-465A-AFBA-010AD86D34F6,2025-07-11 10:23:42.043204
processKindId,AF6B782E-23DD-4144-8665-11C813BE7660,2025-07-11 10:23:42.043204
A_Axis_Load,16,2025-07-11 10:23:42.043204
A_Position,0.000167897837982586,2025-07-11 10:23:42.043204
C_Axis_Load,45,2025-07-11 10:23:42.043204
C_Position,30.0005,2025-07-11 10:23:42.043204
Machine_Time,2590490.28,2025-07-11 10:23:42.043204
Spindle_Time,690508.343999999,2025-07-11 10:23:42.043204
Feed_Override,100,2025-07-11 10:23:42.043204
Feed_Rate,71.25,2025-07-11 10:23:42.043204
Program_Runtime_Seconds,14,2025-07-11 10:23:42.043204
Rapid_Override,100,2025-07-11 10:23:42.043204
Rapid_Speed,0,2025-07-11 10:23:42.043204
S_Axis_Load,0,2025-07-11 10:23:42.043204
Spindle_Override,100,2025-07-11 10:23:42.043204
Spindle_Speed,9792,2025-07-11 10:23:42.043204
X_Axis_Load,3,2025-07-11 10:23:42.043204
X_Position,418.505519683952,2025-07-11 10:23:42.043204
Y_Axis_Load,10,2025-07-11 10:23:42.043204
Y_Position,243.010956805128,2025-07-11 10:23:42.043204
Z_Axis_Load,33,2025-07-11 10:23:42.043204
Z_Position,-300.518921986883,2025-07-11 10:23:42.043204
COR_Status,1,2025-07-11 10:23:42.043204
Controller_Mode,AUTO,2025-07-11 10:23:42.043204
EStop_State,ARMED,2025-07-11 10:23:42.043204
Machine_Mode,5,2025-07-11 10:23:42.043204
Block_Number,101,2025-07-11 10:23:42.043204
Current_Tool,6,2025-07-11 10:23:42.043204
Part_Count,3,2025-07-11 10:23:42.043204
Program_Name_Running,000454_D_A_PROGRAM_2.NC,2025-07-11 10:23:42.043204
spindle motor v_rms,0.7,2025-07-11 10:23:42.043204
spindle motor a_peak,8500,2025-07-11 10:23:42.043204
spindle motor a_rms,2600,2025-07-11 10:23:42.043204
spindle motor temp,24.7,2025-07-11 10:23:42.043204
spindle motor crest,3.3,2025-07-11 10:23:42.043204
z-axis bearing v_rms,0.3,2025-07-11 10:23:42.043204
z-axis bearing a_peak,10200,2025-07-11 10:23:42.043204
z-axis bearing a_rms,3400,2025-07-11 10:23:42.043204
z-axis bearing temp,22.5,2025-07-11 10:23:42.043204
z-axis bearing crest,3.0,2025-07-11 10:23:42.043204
z-axis motor v_rms,1.5,2025-07-11 10:23:42.043204
z-axis motor a_peak,5200,2025-07-11 10:23:42.043204
z-axis motor a_rms,1800,2025-07-11 10:23:42.043204
z-axis motor temp,25.4,2025-07-11 10:23:42.043204
z-axis motor crest,2.9,2025-07-11 10:23:42.043204
y-axis bearing v_rms,0.7,2025-07-11 10:23:42.043204
y-axis bearing a_peak,5800,2025-07-11 10:23:42.043204
y-axis bearing a_rms,2400,2025-07-11 10:23:42.043204
y-axis bearing temp,21.3,2025-07-11 10:23:42.043204
y-axis bearing crest,2.4,2025-07-11 10:23:42.043204
y-axis motor v_rms,1.1,2025-07-11 10:23:42.043204
y-axis motor a_peak,11800,2025-07-11 10:23:42.043204
y-axis motor a_rms,3500,2025-07-11 10:23:42.043204
y-axis motor temp,24.2,2025-07-11 10:23:42.043204
y-axis motor crest,3.4,2025-07-11 10:23:42.043204
x-axis motor v_rms,1.0,2025-07-11 10:23:42.043204
x-axis motor a_peak,4300,2025-07-11 10:23:42.043204
x-axis motor a_rms,1100,2025-07-11 10:23:42.043204
x-axis motor temp,21.4,2025-07-11 10:23:42.043204
x-axis motor crest,3.9,2025-07-11 10:23:42.043204
voltage,131.96666666666667,2025-07-11 10:23:42.043204
current,13.193333333333333,2025-07-11 10:23:42.043204
active power,1501.3333333333333,2025-07-11 10:23:42.043204
forward kWh,16.250333333333334,2025-07-11 10:23:42.043204
reverse kWh,0.3606666666666667,2025-07-11 10:23:42.043204
frequency,59.99,2025-07-11 10:23:42.043204
power factor,0.9199999999999999,2025-07-11 10:23:42.043204
featureId,NONE,2025-07-11 10:23:43.043475
partKindId,EDB34637-67D8-465A-AFBA-010AD86D34F6,2025-07-11 10:23:43.043475
processKindId,AF6B782E-23DD-4144-8665-11C813BE7660,2025-07-11 10:23:43.043475
A_Axis_Load,16,2025-07-11 10:23:43.043475
A_Position,0.000167897837982586,2025-07-11 10:23:43.043475
C_Axis_Load,45,2025-07-11 10:23:43.043475
C_Position,30,2025-07-11 10:23:43.043475
Machine_Time,2590490.28,2025-07-11 10:23:43.043475
Spindle_Time,690508.343999999,2025-07-11 10:23:43.043475
Feed_Override,100,2025-07-11 10:23:43.043475
Feed_Rate,71.25,2025-07-11 10:23:43.043475
Program_Runtime_Seconds,15,2025-07-11 10:23:43.043475
Rapid_Override,100,2025-07-11 10:23:43.043475
Rapid_Speed,0,2025-07-11 10:23:43.043475
S_Axis_Load,1,2025-07-11 10:23:43.043475
Spindle_Override,100,2025-07-11 10:23:43.043475
Spindle_Speed,9792,2025-07-11 10:23:43.043475
X_Axis_Load,11,2025-07-11 10:23:43.043475
X_Position,372.930960852887,2025-07-11 10:23:43.043475
Y_Axis_Load,0,2025-07-11 10:23:43.043475
Y_Position,230.538022280345,2025-07-11 10:23:43.043475
Z_Axis_Load,32,2025-07-11 10:23:43.043475
Z_Position,-300.518956314787,2025-07-11 10:23:43.043475
COR_Status,1,2025-07-11 10:23:43.043475
Controller_Mode,AUTO,2025-07-11 10:23:43.043475
EStop_State,ARMED,2025-07-11 10:23:43.043475
Machine_Mode,5,2025-07-11 10:23:43.043475
Block_Number,102,2025-07-11 10:23:43.043475
Current_Tool,6,2025-07-11 10:23:43.043475
Part_Count,3,2025-07-11 10:23:43.043475
Program_Name_Running,000454_D_A_PROGRAM_2.NC,2025-07-11 10:23:43.043475
spindle motor v_rms,1.4,2025-07-11 10:23:43.043475
spindle motor a_peak,14400,2025-07-11 10:23:43.043475
spindle motor a_rms,5500,2025-07-11 10:23:43.043475
spindle motor temp,24.7,2025-07-11 10:23:43.043475
spindle motor crest,2.6,2025-07-11 10:23:43.043475
z-axis bearing v_rms,0.4,2025-07-11 10:23:43.043475
z-axis bearing a_peak,9300,2025-07-11 10:23:43.043475
z-axis bearing a_rms,4400,2025-07-11 10:23:43.043475
z-axis bearing temp,22.5,2025-07-11 10:23:43.043475
z-axis bearing crest,2.1,2025-07-11 10:23:43.043475
z-axis motor v_rms,1.6,2025-07-11 10:23:43.043475
z-axis motor a_peak,4600,2025-07-11 10:23:43.043475
z-axis motor a_rms,1900,2025-07-11 10:23:43.043475
z-axis motor temp,25.4,2025-07-11 10:23:43.043475
z-axis motor crest,2.4,2025-07-11 10:23:43.043475
y-axis bearing v_rms,0.7,2025-07-11 10:23:43.043475
y-axis bearing a_peak,5000,2025-07-11 10:23:43.043475
y-axis bearing a_rms,2400,2025-07-11 10:23:43.043475
y-axis bearing temp,21.3,2025-07-11 10:23:43.043475
y-axis bearing crest,2.1,2025-07-11 10:23:43.043475
y-axis motor v_rms,1.6,2025-07-11 10:23:43.043475
y-axis motor a_peak,9800,2025-07-11 10:23:43.043475
y-axis motor a_rms,4800,2025-07-11 10:23:43.043475
y-axis motor temp,24.2,2025-07-11 10:23:43.043475
y-axis motor crest,2.0,2025-07-11 10:23:43.043475
x-axis motor v_rms,0.7,2025-07-11 10:23:43.043475
x-axis motor a_peak,4800,2025-07-11 10:23:43.043475
x-axis motor a_rms,1300,2025-07-11 10:23:43.043475
x-axis motor temp,21.4,2025-07-11 10:23:43.043475
x-axis motor crest,3.6,2025-07-11 10:23:43.043475
voltage,132.1,2025-07-11 10:23:43.043475
current,11.863333333333335,2025-07-11 10:23:43.043475
active power,1345.6666666666667,2025-07-11 10:23:43.043475
forward kWh,16.250666666666667,2025-07-11 10:23:43.043475
reverse kWh,0.3606666666666667,2025-07-11 10:23:43.043475
frequency,59.99,2025-07-11 10:23:43.043475
power factor,0.8633333333333333,2025-07-11 10:23:43.043475
featureId,NONE,2025-07-11 10:23:44.043774
partKindId,EDB34637-67D8-465A-AFBA-010AD86D34F6,2025-07-11 10:23:44.043774
processKindId,AF6B782E-23DD-4144-8665-11C813BE7660,2025-07-11 10:23:44.043774
A_Axis_Load,16,2025-07-11 10:23:44.043774
A_Position,0.000167897837982586,2025-07-11 10:23:44.043774
C_Axis_Load,45,2025-07-11 10:23:44.043774
C_Position,30.002,2025-07-11 10:23:44.043774
Machine_Time,2590490.28,2025-07-11 10:23:44.043774
Spindle_Time,690508.343999999,2025-07-11 10:23:44.043774
Feed_Override,100,2025-07-11 10:23:44.043774
Feed_Rate,69.3,2025-07-11 10:23:44.043774
Program_Runtime_Seconds,16,2025-07-11 10:23:44.043774
Rapid_Override,100,2025-07-11 10:23:44.043774
Rapid_Speed,0,2025-07-11 10:23:44.043774
S_Axis_Load,1,2025-07-11 10:23:44.043774
Spindle_Override,100,2025-07-11 10:23:44.043774
Spindle_Speed,9792,2025-07-11 10:23:44.043774
X_Axis_Load,0,2025-07-11 10:23:44.043774
X_Position,342.323507562566,2025-07-11 10:23:44.043774
Y_Axis_Load,10,2025-07-11 10:23:44.043774
Y_Position,275.242018327345,2025-07-11 10:23:44.043774
Z_Axis_Load,33,2025-07-11 10:23:44.043774
Z_Position,-300.518944872153,2025-07-11 10:23:44.043774
COR_Status,1,2025-07-11 10:23:44.043774
Controller_Mode,AUTO,2025-07-11 10:23:44.043774
EStop_State,ARMED,2025-07-11 10:23:44.043774
Machine_Mode,5,2025-07-11 10:23:44.043774
Block_Number,103,2025-07-11 10:23:44.043774
Current_Tool,6,2025-07-11 10:23:44.043774
Part_Count,3,2025-07-11 10:23:44.043774
Program_Name_Running,000454_D_A_PROGRAM_2.NC,2025-07-11 10:23:44.043774
spindle motor v_rms,1.0,2025-07-11 10:23:44.043774
spindle motor a_peak,11700,2025-07-11 10:23:44.043774
spindle motor a_rms,3700,2025-07-11 10:23:44.043774
spindle motor temp,24.7,2025-07-11 10:23:44.043774
spindle motor crest,3.1,2025-07-11 10:23:44.043774
z-axis bearing v_rms,0.4,2025-07-11 10:23:44.043774
z-axis bearing a_peak,10600,2025-07-11 10:23:44.043774
z-axis bearing a_rms,3400,2025-07-11 10:23:44.043774
z-axis bearing temp,22.5,2025-07-11 10:23:44.043774
z-axis bearing crest,3.2,2025-07-11 10:23:44.043774
z-axis motor v_rms,1.6,2025-07-11 10:23:44.043774
z-axis motor a_peak,5200,2025-07-11 10:23:44.043774
z-axis motor a_rms,1800,2025-07-11 10:23:44.043774
z-axis motor temp,25.4,2025-07-11 10:23:44.043774
z-axis motor crest,2.8,2025-07-11 10:23:44.043774
y-axis bearing v_rms,0.8,2025-07-11 10:23:44.043774
y-axis bearing a_peak,7500,2025-07-11 10:23:44.043774
y-axis bearing a_rms,2600,2025-07-11 10:23:44.043774
y-axis bearing temp,21.3,2025-07-11 10:23:44.043774
y-axis bearing crest,2.9,2025-07-11 10:23:44.043774
y-axis motor v_rms,1.2,2025-07-11 10:23:44.043774
y-axis motor a_peak,9500,2025-07-11 10:23:44.043774
y-axis motor a_rms,3600,2025-07-11 10:23:44.043774
y-axis motor temp,24.2,2025-07-11 10:23:44.043774
y-axis motor crest,2.6,2025-07-11 10:23:44.043774
x-axis motor v_rms,1.0,2025-07-11 10:23:44.043774
x-axis motor a_peak,2800,2025-07-11 10:23:44.043774
x-axis motor a_rms,1200,2025-07-11 10:23:44.043774
x-axis motor temp,21.3,2025-07-11 10:23:44.043774
x-axis motor crest,2.4,2025-07-11 10:23:44.043774
voltage,132.0,2025-07-11 10:23:44.043774
current,13.336666666666666,2025-07-11 10:23:44.043774
active power,1525.3333333333333,2025-07-11 10:23:44.043774
forward kWh,16.25133333333333,2025-07-11 10:23:44.043774
reverse kWh,0.3606666666666667,2025-07-11 10:23:44.043774
frequency,59.99,2025-07-11 10:23:44.043774
power factor,0.8666666666666667,2025-07-11 10:23:44.043774
featureId,NONE,2025-07-11 10:23:45.044024
partKindId,EDB34637-67D8-465A-AFBA-010AD86D34F6,2025-07-11 10:23:45.044024
processKindId,AF6B782E-23DD-4144-8665-11C813BE7660,2025-07-11 10:23:45.044024
A_Axis_Load,16,2025-07-11 10:23:45.044024
A_Position,0.000167897837982586,2025-07-11 10:23:45.044024
C_Axis_Load,45,2025-07-11 10:23:45.044024
C_Position,30.0005,2025-07-11 10:23:45.044024
Machine_Time,2590490.28,2025-07-11 10:23:45.044024
Spindle_Time,690508.343999999,2025-07-11 10:23:45.044024
Feed_Override,100,2025-07-11 10:23:45.044024
Feed_Rate,71.25,2025-07-11 10:23:45.044024
Program_Runtime_Seconds,17,2025-07-11 10:23:45.044024
Rapid_Override,100,2025-07-11 10:23:45.044024
Rapid_Speed,0,2025-07-11 10:23:45.044024
S_Axis_Load,1,2025-07-11 10:23:45.044024
Spindle_Override,100,2025-07-11 10:23:45.044024
Spindle_Speed,9792,2025-07-11 10:23:45.044024
X_Axis_Load,13,2025-07-11 10:23:45.044024
X_Position,393.545182280622,2025-07-11 10:23:45.044024
Y_Axis_Load,7,2025-07-11 10:23:45.044024
Y_Position,268.891930096153,2025-07-11 10:23:45.044024
Z_Axis_Load,34,2025-07-11 10:23:45.044024
Z_Position,-300.518921986883,2025-07-11 10:23:45.044024
COR_Status,1,2025-07-11 10:23:45.044024
Controller_Mode,AUTO,2025-07-11 10:23:45.044024
EStop_State,ARMED,2025-07-11 10:23:45.044024
Machine_Mode,5,2025-07-11 10:23:45.044024
Block_Number,106,2025-07-11 10:23:45.044024
Current_Tool,6,2025-07-11 10:23:45.044024
Part_Count,3,2025-07-11 10:23:45.044024
Program_Name_Running,000454_D_A_PROGRAM_2.NC,2025-07-11 10:23:45.044024
spindle motor v_rms,0.8,2025-07-11 10:23:45.044024
spindle motor a_peak,13100,2025-07-11 10:23:45.044024
spindle motor a_rms,3800,2025-07-11 10:23:45.044024
spindle motor temp,24.7,2025-07-11 10:23:45.044024
spindle motor crest,3.5,2025-07-11 10:23:45.044024
z-axis bearing v_rms,0.3,2025-07-11 10:23:45.044024
z-axis bearing a_peak,7300,2025-07-11 10:23:45.044024
z-axis bearing a_rms,3100,2025-07-11 10:23:45.044024
z-axis bearing temp,22.5,2025-07-11 10:23:45.044024
z-axis bearing crest,2.3,2025-07-11 10:23:45.044024
z-axis motor v_rms,1.6,2025-07-11 10:23:45.044024
z-axis motor a_peak,4600,2025-07-11 10:23:45.044024
z-axis motor a_rms,1800,2025-07-11 10:23:45.044024
z-axis motor temp,25.4,2025-07-11 10:23:45.044024
z-axis motor crest,2.5,2025-07-11 10:23:45.044024
y-axis bearing v_rms,0.8,2025-07-11 10:23:45.044024
y-axis bearing a_peak,8000,2025-07-11 10:23:45.044024
y-axis bearing a_rms,2500,2025-07-11 10:23:45.044024
y-axis bearing temp,21.3,2025-07-11 10:23:45.044024
y-axis bearing crest,3.2,2025-07-11 10:23:45.044024
y-axis motor v_rms,1.4,2025-07-11 10:23:45.044024
y-axis motor a_peak,10100,2025-07-11 10:23:45.044024
y-axis motor a_rms,4300,2025-07-11 10:23:45.044024
y-axis motor temp,24.2,2025-07-11 10:23:45.044024
y-axis motor crest,2.4,2025-07-11 10:23:45.044024
x-axis motor v_rms,0.7,2025-07-11 10:23:45.044024
x-axis motor a_peak,3400,2025-07-11 10:23:45.044024
x-axis motor a_rms,1300,2025-07-11 10:23:45.044024
x-axis motor temp,21.3,2025-07-11 10:23:45.044024
x-axis motor crest,2.5,2025-07-11 10:23:45.044024
voltage,132.03333333333333,2025-07-11 10:23:45.044024
current,11.969999999999999,2025-07-11 10:23:45.044024
active power,1358.0,2025-07-11 10:23:45.044024
forward kWh,16.25133333333333,2025-07-11 10:23:45.044024
reverse kWh,0.3606666666666667,2025-07-11 10:23:45.044024
frequency,59.99,2025-07-11 10:23:45.044024
power factor,0.7799999999999999,2025-07-11 10:23:45.044024
featureId,NONE,2025-07-11 10:23:46.044325
partKindId,EDB34637-67D8-465A-AFBA-010AD86D34F6,2025-07-11 10:23:46.044325
processKindId,AF6B782E-23DD-4144-8665-11C813BE7660,2025-07-11 10:23:46.044325
A_Axis_Load,16,2025-07-11 10:23:46.044325
A_Position,0.000167897837982586,2025-07-11 10:23:46.044325
C_Axis_Load,45,2025-07-11 10:23:46.044325
C_Position,30.001,2025-07-11 10:23:46.044325
Machine_Time,2590490.28,2025-07-11 10:23:46.044325
Spindle_Time,690508.343999999,2025-07-11 10:23:46.044325
Feed_Override,100,2025-07-11 10:23:46.044325
Feed_Rate,71.25,2025-07-11 10:23:46.044325
Program_Runtime_Seconds,18,2025-07-11 10:23:46.044325
Rapid_Override,100,2025-07-11 10:23:46.044325
Rapid_Speed,0,2025-07-11 10:23:46.044325
S_Axis_Load,0,2025-07-11 10:23:46.044325
Spindle_Override,100,2025-07-11 10:23:46.044325
Spindle_Speed,9792,2025-07-11 10:23:46.044325
X_Axis_Load,10,2025-07-11 10:23:46.044325
X_Position,390.657023271342,2025-07-11 10:23:46.044325
Y_Axis_Load,2,2025-07-11 10:23:46.044325
Y_Position,236.887934163699,2025-07-11 10:23:46.044325
Z_Axis_Load,34,2025-07-11 10:23:46.044325
Z_Position,-300.51886477371,2025-07-11 10:23:46.044325
COR_Status,1,2025-07-11 10:23:46.044325
Controller_Mode,AUTO,2025-07-11 10:23:46.044325
EStop_State,ARMED,2025-07-11 10:23:46.044325
Machine_Mode,5,2025-07-11 10:23:46.044325
Block_Number,108,2025-07-11 10:23:46.044325
Current_Tool,6,2025-07-11 10:23:46.044325
Part_Count,3,2025-07-11 10:23:46.044325
Program_Name_Running,000454_D_A_PROGRAM_2.NC,2025-07-11 10:23:46.044325
spindle motor v_rms,1.2,2025-07-11 10:23:46.044325
spindle motor a_peak,15500,2025-07-11 10:23:46.044325
spindle motor a_rms,4800,2025-07-11 10:23:46.044325
spindle motor temp,24.7,2025-07-11 10:23:46.044325
spindle motor crest,3.2,2025-07-11 10:23:46.044325
z-axis bearing v_rms,0.3,2025-07-11 10:23:46.044325
z-axis bearing a_peak,10900,2025-07-11 10:23:46.044325
z-axis bearing a_rms,4100,2025-07-11 10:23:46.044325
z-axis bearing temp,22.5,2025-07-11 10:23:46.044325
z-axis bearing crest,2.7,2025-07-11 10:23:46.044325
z-axis motor v_rms,1.6,2025-07-11 10:23:46.044325
z-axis motor a_peak,5100,2025-07-11 10:23:46.044325
z-axis motor a_rms,2000,2025-07-11 10:23:46.044325
z-axis motor temp,25.4,2025-07-11 10:23:46.044325
z-axis motor crest,2.6,2025-07-11 10:23:46.044325
y-axis bearing v_rms,0.8,2025-07-11 10:23:46.044325
y-axis bearing a_peak,5500,2025-07-11 10:23:46.044325
y-axis bearing a_rms,2600,2025-07-11 10:23:46.044325
y-axis bearing temp,21.3,2025-07-11 10:23:46.044325
y-axis bearing crest,2.1,2025-07-11 10:23:46.044325
y-axis motor v_rms,1.7,2025-07-11 10:23:46.044325
y-axis motor a_peak,10300,2025-07-11 10:23:46.044325
y-axis motor a_rms,5300,2025-07-11 10:23:46.044325
y-axis motor temp,24.2,2025-07-11 10:23:46.044325
y-axis motor crest,2.0,2025-07-11 10:23:46.044325
x-axis motor v_rms,0.4,2025-07-11 10:23:46.044325
x-axis motor a_peak,1900,2025-07-11 10:23:46.044325
x-axis motor a_rms,1100,2025-07-11 10:23:46.044325
x-axis motor temp,21.3,2025-07-11 10:23:46.044325
x-axis motor crest,1.8,2025-07-11 10:23:46.044325
voltage,132.0,2025-07-11 10:23:46.044325
current,12.973333333333334,2025-07-11 10:23:46.044325
active power,1481.6666666666667,2025-07-11 10:23:46.044325
forward kWh,16.252,2025-07-11 10:23:46.044325
reverse kWh,0.3606666666666667,2025-07-11 10:23:46.044325
frequency,59.99,2025-07-11 10:23:46.044325
power factor,0.9199999999999999,2025-07-11 10:23:46.044325
featureId,NONE,2025-07-11 10:23:47.044549
partKindId,EDB34637-67D8-465A-AFBA-010AD86D34F6,2025-07-11 10:23:47.044549
processKindId,AF6B782E-23DD-4144-8665-11C813BE7660,2025-07-11 10:23:47.044549
A_Axis_Load,16,2025-07-11 10:23:47.044549
A_Position,0.000167897837982586,2025-07-11 10:23:47.044549
C_Axis_Load,45,2025-07-11 10:23:47.044549
C_Position,30.001,2025-07-11 10:23:47.044549
Machine_Time,2590490.28,2025-07-11 10:23:47.044549
Spindle_Time,690508.343999999,2025-07-11 10:23:47.044549
Feed_Override,100,2025-07-11 10:23:47.044549
Feed_Rate,71.25,2025-07-11 10:23:47.044549
Program_Runtime_Seconds,19,2025-07-11 10:23:47.044549
Rapid_Override,100,2025-07-11 10:23:47.044549
Rapid_Speed,0,2025-07-11 10:23:47.044549
S_Axis_Load,0,2025-07-11 10:23:47.044549
Spindle_Override,100,2025-07-11 10:23:47.044549
Spindle_Speed,9792,2025-07-11 10:23:47.044549
X_Axis_Load,0,2025-07-11 10:23:47.044549
X_Position,348.655560837632,2025-07-11 10:23:47.044549
Y_Axis_Load,10,2025-07-11 10:23:47.044549
Y_Position,252.964626922043,2025-07-11 10:23:47.044549
Z_Axis_Load,33,2025-07-11 10:23:47.044549
Z_Position,-300.518933429518,2025-07-11 10:23:47.044549
COR_Status,1,2025-07-11 10:23:47.044549
Controller_Mode,AUTO,2025-07-11 10:23:47.044549
EStop_State,ARMED,2025-07-11 10:23:47.044549
Machine_Mode,5,2025-07-11 10:23:47.044549
Block_Number,109,2025-07-11 10:23:47.044549
Current_Tool,6,2025-07-11 10:23:47.044549
Part_Count,3,2025-07-11 10:23:47.044549
Program_Name_Running,000454_D_A_PROGRAM_2.NC,2025-07-11 10:23:47.044549
spindle motor v_rms,1.1,2025-07-11 10:23:47.044549
spindle motor a_peak,11600,2025-07-11 10:23:47.044549
spindle motor a_rms,3800,2025-07-11 10:23:47.044549
spindle motor temp,24.7,2025-07-11 10:23:47.044549
spindle motor crest,3.1,2025-07-11 10:23:47.044549
z-axis bearing v_rms,0.4,2025-07-11 10:23:47.044549
z-axis bearing a_peak,15300,2025-07-11 10:23:47.044549
z-axis bearing a_rms,3400,2025-07-11 10:23:47.044549
z-axis bearing temp,22.5,2025-07-11 10:23:47.044549
z-axis bearing crest,4.5,2025-07-11 10:23:47.044549
z-axis motor v_rms,1.5,2025-07-11 10:23:47.044549
z-axis motor a_peak,5200,2025-07-11 10:23:47.044549
z-axis motor a_rms,1800,2025-07-11 10:23:47.044549
z-axis motor temp,25.4,2025-07-11 10:23:47.044549
z-axis motor crest,2.9,2025-07-11 10:23:47.044549
y-axis bearing v_rms,0.9,2025-07-11 10:23:47.044549
y-axis bearing a_peak,7500,2025-07-11 10:23:47.044549
y-axis bearing a_rms,2900,2025-07-11 10:23:47.044549
y-axis bearing temp,21.3,2025-07-11 10:23:47.044549
y-axis bearing crest,2.6,2025-07-11 10:23:47.044549
y-axis motor v_rms,1.2,2025-07-11 10:23:47.044549
y-axis motor a_peak,12300,2025-07-11 10:23:47.044549
y-axis motor a_rms,3700,2025-07-11 10:23:47.044549
y-axis motor temp,24.2,2025-07-11 10:23:47.044549
y-axis motor crest,3.3,2025-07-11 10:23:47.044549
x-axis motor v_rms,1.0,2025-07-11 10:23:47.044549
x-axis motor a_peak,3600,2025-07-11 10:23:47.044549
x-axis motor a_rms,1200,2025-07-11 10:23:47.044549
x-axis motor temp,21.3,2025-07-11 10:23:47.044549
x-axis motor crest,3.0,2025-07-11 10:23:47.044549
voltage,132.03333333333333,2025-07-11 10:23:47.044549
current,12.626666666666667,2025-07-11 10:23:47.044549
active power,1436.0,2025-07-11 10:23:47.044549
forward kWh,16.252,2025-07-11 10:23:47.044549
reverse kWh,0.3606666666666667,2025-07-11 10:23:47.044549
frequency,59.99,2025-07-11 10:23:47.044549
power factor,0.9199999999999999,2025-07-11 10:23:47.044549
featureId,NONE,2025-07-11 10:23:48.044907
partKindId,EDB34637-67D8-465A-AFBA-010AD86D34F6,2025-07-11 10:23:48.044907
processKindId,AF6B782E-23DD-4144-8665-11C813BE7660,2025-07-11 10:23:48.044907
A_Axis_Load,16,2025-07-11 10:23:48.044907
A_Position,-0.000332225347943367,2025-07-11 10:23:48.044907
C_Axis_Load,45,2025-07-11 10:23:48.044907
C_Position,30.001,2025-07-11 10:23:48.044907
Machine_Time,2590490.28,2025-07-11 10:23:48.044907
Spindle_Time,690508.343999999,2025-07-11 10:23:48.044907
Feed_Override,100,2025-07-11 10:23:48.044907
Feed_Rate,45.3,2025-07-11 10:23:48.044907
Program_Runtime_Seconds,20,2025-07-11 10:23:48.044907
Rapid_Override,100,2025-07-11 10:23:48.044907
Rapid_Speed,0,2025-07-11 10:23:48.044907
S_Axis_Load,1,2025-07-11 10:23:48.044907
Spindle_Override,100,2025-07-11 10:23:48.044907
Spindle_Speed,9792,2025-07-11 10:23:48.044907
X_Axis_Load,1,2025-07-11 10:23:48.044907
X_Position,386.572107902032,2025-07-11 10:23:48.044907
Y_Axis_Load,14,2025-07-11 10:23:48.044907
Y_Position,262.542064072263,2025-07-11 10:23:48.044907
Z_Axis_Load,32,2025-07-11 10:23:48.044907
Z_Position,-300.5190592985,2025-07-11 10:23:48.044907
COR_Status,1,2025-07-11 10:23:48.044907
Controller_Mode,AUTO,2025-07-11 10:23:48.044907
EStop_State,ARMED,2025-07-11 10:23:48.044907
Machine_Mode,5,2025-07-11 10:23:48.044907
Block_Number,112,2025-07-11 10:23:48.044907
Current_Tool,6,2025-07-11 10:23:48.044907
Part_Count,3,2025-07-11 10:23:48.044907
Program_Name_Running,000454_D_A_PROGRAM_2.NC,2025-07-11 10:23:48.044907
spindle motor v_rms,0.8,2025-07-11 10:23:48.044907
spindle motor a_peak,12300,2025-07-11 10:23:48.044907
spindle motor a_rms,3400,2025-07-11 10:23:48.044907
spindle motor temp,24.7,2025-07-11 10:23:48.044907
spindle motor crest,3.6,2025-07-11 10:23:48.044907
z-axis bearing v_rms,0.3,2025-07-11 10:23:48.044907
z-axis bearing a_peak,12700,2025-07-11 10:23:48.044907
z-axis bearing a_rms,3100,2025-07-11 10:23:48.044907
z-axis bearing temp,22.5,2025-07-11 10:23:48.044907
z-axis bearing crest,4.1,2025-07-11 10:23:48.044907
z-axis motor v_rms,1.6,2025-07-11 10:23:48.044907
z-axis motor a_peak,4900,2025-07-11 10:23:48.044907
z-axis motor a_rms,1800,2025-07-11 10:23:48.044907
z-axis motor temp,25.4,2025-07-11 10:23:48.044907
z-axis motor crest,2.7,2025-07-11 10:23:48.044907
y-axis bearing v_rms,0.6,2025-07-11 10:23:48.044907
y-axis bearing a_peak,4800,2025-07-11 10:23:48.044907
y-axis bearing a_rms,2000,2025-07-11 10:23:48.044907
y-axis bearing temp,21.3,2025-07-11 10:23:48.044907
y-axis bearing crest,2.4,2025-07-11 10:23:48.044907
y-axis motor v_rms,1.2,2025-07-11 10:23:48.044907
y-axis motor a_peak,9600,2025-07-11 10:23:48.044907
y-axis motor a_rms,3800,2025-07-11 10:23:48.044907
y-axis motor temp,24.2,2025-07-11 10:23:48.044907
y-axis motor crest,2.5,2025-07-11 10:23:48.044907
x-axis motor v_rms,0.8,2025-07-11 10:23:48.044907
x-axis motor a_peak,3100,2025-07-11 10:23:48.044907
x-axis motor a_rms,1200,2025-07-11 10:23:48.044907
x-axis motor temp,21.3,2025-07-11 10:23:48.044907
x-axis motor crest,2.6,2025-07-11 10:23:48.044907
voltage,132.03333333333333,2025-07-11 10:23:48.044907
current,12.693333333333333,2025-07-11 10:23:48.044907
active power,1444.0,2025-07-11 10:23:48.044907
forward kWh,16.252333333333336,2025-07-11 10:23:48.044907
reverse kWh,0.3606666666666667,2025-07-11 10:23:48.044907
frequency,59.99,2025-07-11 10:23:48.044907
power factor,0.9266666666666666,2025-07-11 10:23:48.044907
featureId,NONE,2025-07-11 10:23:49.045245
partKindId,EDB34637-67D8-465A-AFBA-010AD86D34F6,2025-07-11 10:23:49.045245
processKindId,AF6B782E-23DD-4144-8665-11C813BE7660,2025-07-11 10:23:49.045245
A_Axis_Load,16,2025-07-11 10:23:49.045245
A_Position,0.000167897837982586,2025-07-11 10:23:49.045245
C_Axis_Load,45,2025-07-11 10:23:49.045245
C_Position,30,2025-07-11 10:23:49.045245
Machine_Time,2590490.28,2025-07-11 10:23:49.045245
Spindle_Time,690508.343999999,2025-07-11 10:23:49.045245
Feed_Override,100,2025-07-11 10:23:49.045245
Feed_Rate,71.25,2025-07-11 10:23:49.045245
Program_Runtime_Seconds,21,2025-07-11 10:23:49.045245
Rapid_Override,100,2025-07-11 10:23:49.045245
Rapid_Speed,0,2025-07-11 10:23:49.045245
S_Axis_Load,2,2025-07-11 10:23:49.045245
Spindle_Override,100,2025-07-11 10:23:49.045245
Spindle_Speed,9792,2025-07-11 10:23:49.045245
X_Axis_Load,12,2025-07-11 10:23:49.045245
X_Position,383.29712920343,2025-07-11 10:23:49.045245
Y_Axis_Load,2,2025-07-11 10:23:49.045245
Y_Position,243.237823159003,2025-07-11 10:23:49.045245
Z_Axis_Load,32,2025-07-11 10:23:49.045245
Z_Position,-300.519082183769,2025-07-11 10:23:49.045245
COR_Status,1,2025-07-11 10:23:49.045245
Controller_Mode,AUTO,2025-07-11 10:23:49.045245
EStop_State,ARMED,2025-07-11 10:23:49.045245
Machine_Mode,5,2025-07-11 10:23:49.045245
Block_Number,114,2025-07-11 10:23:49.045245
Current_Tool,6,2025-07-11 10:23:49.045245
Part_Count,3,2025-07-11 10:23:49.045245
Program_Name_Running,000454_D_A_PROGRAM_2.NC,2025-07-11 10:23:49.045245
spindle motor v_rms,1.4,2025-07-11 10:23:49.045245
spindle motor a_peak,14700,2025-07-11 10:23:49.045245
spindle motor a_rms,5400,2025-07-11 10:23:49.045245
spindle motor temp,24.7,2025-07-11 10:23:49.045245
spindle motor crest,2.7,2025-07-11 10:23:49.045245
z-axis bearing v_rms,0.4,2025-07-11 10:23:49.045245
z-axis bearing a_peak,14000,2025-07-11 10:23:49.045245
z-axis bearing a_rms,4400,2025-07-11 10:23:49.045245
z-axis bearing temp,22.5,2025-07-11 10:23:49.045245
z-axis bearing crest,3.2,2025-07-11 10:23:49.045245
z-axis motor v_rms,1.6,2025-07-11 10:23:49.045245
z-axis motor a_peak,5700,2025-07-11 10:23:49.045245
z-axis motor a_rms,2000,2025-07-11 10:23:49.045245
z-axis motor temp,25.4,2025-07-11 10:23:49.045245
z-axis motor crest,2.9,2025-07-11 10:23:49.045245
y-axis bearing v_rms,0.8,2025-07-11 10:23:49.045245
y-axis bearing a_peak,5300,2025-07-11 10:23:49.045245
y-axis bearing a_rms,2500,2025-07-11 10:23:49.045245
y-axis bearing temp,21.3,2025-07-11 10:23:49.045245
y-axis bearing crest,2.1,2025-07-11 10:23:49.045245
y-axis motor v_rms,1.7,2025-07-11 10:23:49.045245
y-axis motor a_peak,11100,2025-07-11 10:23:49.045245
y-axis motor a_rms,5100,2025-07-11 10:23:49.045245
y-axis motor temp,24.2,2025-07-11 10:23:49.045245
y-axis motor crest,2.2,2025-07-11 10:23:49.045245
x-axis motor v_rms,0.4,2025-07-11 10:23:49.045245
x-axis motor a_peak,4300,2025-07-11 10:23:49.045245
x-axis motor a_rms,1200,2025-07-11 10:23:49.045245
x-axis motor temp,21.3,2025-07-11 10:23:49.045245
x-axis motor crest,3.6,2025-07-11 10:23:49.045245
voltage,132.0,2025-07-11 10:23:49.045245
current,11.78,2025-07-11 10:23:49.045245
active power,1469.3333333333333,2025-07-11 10:23:49.045245
forward kWh,16.253333333333334,2025-07-11 10:23:49.045245
reverse kWh,0.3606666666666667,2025-07-11 10:23:49.045245
frequency,59.99,2025-07-11 10:23:49.045245
power factor,0.9466666666666667,2025-07-11 10:23:49.045245
featureId,NONE,2025-07-11 10:23:50.045558
partKindId,EDB34637-67D8-465A-AFBA-010AD86D34F6,2025-07-11 10:23:50.045558
processKindId,AF6B782E-23DD-4144-8665-11C813BE7660,2025-07-11 10:23:50.045558
A_Axis_Load,16,2025-07-11 10:23:50.045558
A_Position,-0.000332225347943367,2025-07-11 10:23:50.045558
C_Axis_Load,45,2025-07-11 10:23:50.045558
C_Position,30.0005,2025-07-11 10:23:50.045558
Machine_Time,2590490.28,2025-07-11 10:23:50.045558
Spindle_Time,690508.343999999,2025-07-11 10:23:50.045558
Feed_Override,100,2025-07-11 10:23:50.045558
Feed_Rate,53.78333,2025-07-11 10:23:50.045558
Program_Runtime_Seconds,22,2025-07-11 10:23:50.045558
Rapid_Override,100,2025-07-11 10:23:50.045558
Rapid_Speed,0,2025-07-11 10:23:50.045558
S_Axis_Load,0,2025-07-11 10:23:50.045558
Spindle_Override,100,2025-07-11 10:23:50.045558
Spindle_Speed,9792,2025-07-11 10:23:50.045558
X_Axis_Load,11,2025-07-11 10:23:50.045558
X_Position,372.132380047665,2025-07-11 10:23:50.045558
Y_Axis_Load,1,2025-07-11 10:23:50.045558
Y_Position,262.542182891961,2025-07-11 10:23:50.045558
Z_Axis_Load,33,2025-07-11 10:23:50.045558
Z_Position,-300.518899101614,2025-07-11 10:23:50.045558
COR_Status,1,2025-07-11 10:23:50.045558
Controller_Mode,AUTO,2025-07-11 10:23:50.045558
EStop_State,ARMED,2025-07-11 10:23:50.045558
Machine_Mode,5,2025-07-11 10:23:50.045558
Block_Number,116,2025-07-11 10:23:50.045558
Current_Tool,6,2025-07-11 10:23:50.045558
Part_Count,3,2025-07-11 10:23:50.045558
Program_Name_Running,000454_D_A_PROGRAM_2.NC,2025-07-11 10:23:50.045558
spindle motor v_rms,0.8,2025-07-11 10:23:50.045558
spindle motor a_peak,14000,2025-07-11 10:23:50.045558
spindle motor a_rms,3300,2025-07-11 10:23:50.045558
spindle motor temp,24.7,2025-07-11 10:23:50.045558
spindle motor crest,4.3,2025-07-11 10:23:50.045558
z-axis bearing v_rms,0.3,2025-07-11 10:23:50.045558
z-axis bearing a_peak,10000,2025-07-11 10:23:50.045558
z-axis bearing a_rms,2900,2025-07-11 10:23:50.045558
z-axis bearing temp,22.5,2025-07-11 10:23:50.045558
z-axis bearing crest,3.5,2025-07-11 10:23:50.045558
z-axis motor v_rms,1.6,2025-07-11 10:23:50.045558
z-axis motor a_peak,5400,2025-07-11 10:23:50.045558
z-axis motor a_rms,1800,2025-07-11 10:23:50.045558
z-axis motor temp,25.4,2025-07-11 10:23:50.045558
z-axis motor crest,3.0,2025-07-11 10:23:50.045558
y-axis bearing v_rms,0.6,2025-07-11 10:23:50.045558
y-axis bearing a_peak,6400,2025-07-11 10:23:50.045558
y-axis bearing a_rms,2000,2025-07-11 10:23:50.045558
y-axis bearing temp,21.3,2025-07-11 10:23:50.045558
y-axis bearing crest,3.3,2025-07-11 10:23:50.045558
y-axis motor v_rms,1.0,2025-07-11 10:23:50.045558
y-axis motor a_peak,8800,2025-07-11 10:23:50.045558
y-axis motor a_rms,3000,2025-07-11 10:23:50.045558
y-axis motor temp,24.2,2025-07-11 10:23:50.045558
y-axis motor crest,2.9,2025-07-11 10:23:50.045558
x-axis motor v_rms,1.0,2025-07-11 10:23:50.045558
x-axis motor a_peak,3000,2025-07-11 10:23:50.045558
x-axis motor a_rms,1100,2025-07-11 10:23:50.045558
x-axis motor temp,21.3,2025-07-11 10:23:50.045558
x-axis motor crest,2.7,2025-07-11 10:23:50.045558
voltage,132.0,2025-07-11 10:23:50.045558
current,13.143333333333333,2025-07-11 10:23:50.045558
active power,1502.0,2025-07-11 10:23:50.045558
forward kWh,16.253333333333334,2025-07-11 10:23:50.045558
reverse kWh,0.3606666666666667,2025-07-11 10:23:50.045558
frequency,59.99,2025-07-11 10:23:50.045558
power factor,0.93,2025-07-11 10:23:50.045558
featureId,NONE,2025-07-11 10:23:51.045838
partKindId,EDB34637-67D8-465A-AFBA-010AD86D34F6,2025-07-11 10:23:51.045838
processKindId,AF6B782E-23DD-4144-8665-11C813BE7660,2025-07-11 10:23:51.045838
A_Axis_Load,16,2025-07-11 10:23:51.045838
A_Position,0.000167897837982586,2025-07-11 10:23:51.045838
C_Axis_Load,45,2025-07-11 10:23:51.045838
C_Position,30.0005,2025-07-11 10:23:51.045838
Machine_Time,2590490.28,2025-07-11 10:23:51.045838
Spindle_Time,690508.343999999,2025-07-11 10:23:51.045838
Feed_Override,100,2025-07-11 10:23:51.045838
Feed_Rate,71.16667,2025-07-11 10:23:51.045838
Program_Runtime_Seconds,23,2025-07-11 10:23:51.045838
Rapid_Override,100,2025-07-11 10:23:51.045838
Rapid_Speed,0,2025-07-11 10:23:51.045838
S_Axis_Load,0,2025-07-11 10:23:51.045838
Spindle_Override,100,2025-07-11 10:23:51.045838
Spindle_Speed,9792,2025-07-11 10:23:51.045838
X_Axis_Load,20,2025-07-11 10:23:51.045838
X_Position,387.666098140836,2025-07-11 10:23:51.045838
Y_Axis_Load,17,2025-07-11 10:23:51.045838
Y_Position,249.587895258709,2025-07-11 10:23:51.045838
Z_Axis_Load,33,2025-07-11 10:23:51.045838
Z_Position,-300.5190592985,2025-07-11 10:23:51.045838
COR_Status,1,2025-07-11 10:23:51.045838
Controller_Mode,AUTO,2025-07-11 10:23:51.045838
EStop_State,ARMED,2025-07-11 10:23:51.045838
Machine_Mode,5,2025-07-11 10:23:51.045838
Block_Number,120,2025-07-11 10:23:51.045838
Current_Tool,6,2025-07-11 10:23:51.045838
Part_Count,3,2025-07-11 10:23:51.045838
Program_Name_Running,000454_D_A_PROGRAM_2.NC,2025-07-11 10:23:51.045838
spindle motor v_rms,0.8,2025-07-11 10:23:51.045838
spindle motor a_peak,18700,2025-07-11 10:23:51.045838
spindle motor a_rms,3100,2025-07-11 10:23:51.045838
spindle motor temp,24.7,2025-07-11 10:23:51.045838
spindle motor crest,6.0,2025-07-11 10:23:51.045838
z-axis bearing v_rms,0.3,2025-07-11 10:23:51.045838
z-axis bearing a_peak,19000,2025-07-11 10:23:51.045838
z-axis bearing a_rms,3500,2025-07-11 10:23:51.045838
z-axis bearing temp,22.5,2025-07-11 10:23:51.045838
z-axis bearing crest,5.3,2025-07-11 10:23:51.045838
z-axis motor v_rms,1.7,2025-07-11 10:23:51.045838
z-axis motor a_peak,6500,2025-07-11 10:23:51.045838
z-axis motor a_rms,1900,2025-07-11 10:23:51.045838
z-axis motor temp,25.4,2025-07-11 10:23:51.045838
z-axis motor crest,3.4,2025-07-11 10:23:51.045838
y-axis bearing v_rms,0.4,2025-07-11 10:23:51.045838
y-axis bearing a_peak,4800,2025-07-11 10:23:51.045838
y-axis bearing a_rms,1400,2025-07-11 10:23:51.045838
y-axis bearing temp,21.3,2025-07-11 10:23:51.045838
y-axis bearing crest,3.5,2025-07-11 10:23:51.045838
y-axis motor v_rms,0.6,2025-07-11 10:23:51.045838
y-axis motor a_peak,8600,2025-07-11 10:23:51.045838
y-axis motor a_rms,2600,2025-07-11 10:23:51.045838
y-axis motor temp,24.2,2025-07-11 10:23:51.045838
y-axis motor crest,3.3,2025-07-11 10:23:51.045838
x-axis motor v_rms,0.4,2025-07-11 10:23:51.045838
x-axis motor a_peak,3400,2025-07-11 10:23:51.045838
x-axis motor a_rms,900,2025-07-11 10:23:51.045838
x-axis motor temp,21.3,2025-07-11 10:23:51.045838
x-axis motor crest,4.0,2025-07-11 10:23:51.045838
voltage,132.1,2025-07-11 10:23:51.045838
current,11.196666666666665,2025-07-11 10:23:51.045838
active power,1269.6666666666667,2025-07-11 10:23:51.045838
forward kWh,16.253333333333334,2025-07-11 10:23:51.045838
reverse kWh,0.3606666666666667,2025-07-11 10:23:51.045838
frequency,59.99,2025-07-11 10:23:51.045838
power factor,0.8633333333333333,2025-07-11 10:23:51.045838
featureId,NONE,2025-07-11 10:23:52.046116
partKindId,EDB34637-67D8-465A-AFBA-010AD86D34F6,2025-07-11 10:23:52.046116
processKindId,AF6B782E-23DD-4144-8665-11C813BE7660,2025-07-11 10:23:52.046116
A_Axis_Load,16,2025-07-11 10:23:52.046116
A_Position,0.000167897837982586,2025-07-11 10:23:52.046116
C_Axis_Load,45,2025-07-11 10:23:52.046116
C_Position,30.0005,2025-07-11 10:23:52.046116
Machine_Time,2590490.28,2025-07-11 10:23:52.046116
Spindle_Time,690508.343999999,2025-07-11 10:23:52.046116
Feed_Override,100,2025-07-11 10:23:52.046116
Feed_Rate,45.28333,2025-07-11 10:23:52.046116
Program_Runtime_Seconds,24,2025-07-11 10:23:52.046116
Rapid_Override,100,2025-07-11 10:23:52.046116
Rapid_Speed,0,2025-07-11 10:23:52.046116
S_Axis_Load,0,2025-07-11 10:23:52.046116
Spindle_Override,100,2025-07-11 10:23:52.046116
Spindle_Speed,9792,2025-07-11 10:23:52.046116
X_Axis_Load,5,2025-07-11 10:23:52.046116
X_Position,383.834176524199,2025-07-11 10:23:52.046116
Y_Axis_Load,20,2025-07-11 10:23:52.046116
Y_Position,259.36546447934,2025-07-11 10:23:52.046116
Z_Axis_Load,33,2025-07-11 10:23:52.046116
Z_Position,-298.933213685935,2025-07-11 10:23:52.046116
COR_Status,1,2025-07-11 10:23:52.046116
Controller_Mode,AUTO,2025-07-11 10:23:52.046116
EStop_State,ARMED,2025-07-11 10:23:52.046116
Machine_Mode,5,2025-07-11 10:23:52.046116
Block_Number,124,2025-07-11 10:23:52.046116
Current_Tool,6,2025-07-11 10:23:52.046116
Part_Count,3,2025-07-11 10:23:52.046116
Program_Name_Running,000454_D_A_PROGRAM_2.NC,2025-07-11 10:23:52.046116
spindle motor v_rms,0.5,2025-07-11 10:23:52.046116
spindle motor a_peak,3700,2025-07-11 10:23:52.046116
spindle motor a_rms,1100,2025-07-11 10:23:52.046116
spindle motor temp,24.7,2025-07-11 10:23:52.046116
spindle motor crest,3.4,2025-07-11 10:23:52.046116
z-axis bearing v_rms,0.3,2025-07-11 10:23:52.046116
z-axis bearing a_peak,2200,2025-07-11 10:23:52.046116
z-axis bearing a_rms,300,2025-07-11 10:23:52.046116
z-axis bearing temp,22.5,2025-07-11 10:23:52.046116
z-axis bearing crest,6.6,2025-07-11 10:23:52.046116
z-axis motor v_rms,1.8,2025-07-11 10:23:52.046116
z-axis motor a_peak,10200,2025-07-11 10:23:52.046116
z-axis motor a_rms,2200,2025-07-11 10:23:52.046116
z-axis motor temp,25.4,2025-07-11 10:23:52.046116
z-axis motor crest,4.6,2025-07-11 10:23:52.046116
y-axis bearing v_rms,0.1,2025-07-11 10:23:52.046116
y-axis bearing a_peak,700,2025-07-11 10:23:52.046116
y-axis bearing a_rms,100,2025-07-11 10:23:52.046116
y-axis bearing temp,21.3,2025-07-11 10:23:52.046116
y-axis bearing crest,5.6,2025-07-11 10:23:52.046116
y-axis motor v_rms,0.4,2025-07-11 10:23:52.046116
y-axis motor a_peak,20200,2025-07-11 10:23:52.046116
y-axis motor a_rms,2100,2025-07-11 10:23:52.046116
y-axis motor temp,24.2,2025-07-11 10:23:52.046116
y-axis motor crest,9.7,2025-07-11 10:23:52.046116
x-axis motor v_rms,1.3,2025-07-11 10:23:52.046116
x-axis motor a_peak,600,2025-07-11 10:23:52.046116
x-axis motor a_rms,100,2025-07-11 10:23:52.046116
x-axis motor temp,21.3,2025-07-11 10:23:52.046116
x-axis motor crest,4.3,2025-07-11 10:23:52.046116
voltage,132.13333333333333,2025-07-11 10:23:52.046116
current,10.226666666666667,2025-07-11 10:23:52.046116
active power,1169.6666666666667,2025-07-11 10:23:52.046116
forward kWh,16.253666666666668,2025-07-11 10:23:52.046116
reverse kWh,0.3606666666666667,2025-07-11 10:23:52.046116
frequency,59.99,2025-07-11 10:23:52.046116
power factor,0.9466666666666667,2025-07-11 10:23:52.046116
featureId,NONE,2025-07-11 10:23:53.046407
partKindId,EDB34637-67D8-465A-AFBA-010AD86D34F6,2025-07-11 10:23:53.046407
processKindId,AF6B782E-23DD-4144-8665-11C813BE7660,2025-07-11 10:23:53.046407
A_Axis_Load,16,2025-07-11 10:23:53.046407
A_Position,0.000167897837982586,2025-07-11 10:23:53.046407
C_Axis_Load,45,2025-07-11 10:23:53.046407
C_Position,30.0005,2025-07-11 10:23:53.046407
Machine_Time,2590490.28,2025-07-11 10:23:53.046407
Spindle_Time,690508.343999999,2025-07-11 10:23:53.046407
Feed_Override,100,2025-07-11 10:23:53.046407
Feed_Rate,15.5,2025-07-11 10:23:53.046407
Program_Runtime_Seconds,25,2025-07-11 10:23:53.046407
Rapid_Override,100,2025-07-11 10:23:53.046407
Rapid_Speed,0,2025-07-11 10:23:53.046407
S_Axis_Load,1,2025-07-11 10:23:53.046407
Spindle_Override,100,2025-07-11 10:23:53.046407
Spindle_Speed,9792,2025-07-11 10:23:53.046407
X_Axis_Load,4,2025-07-11 10:23:53.046407
X_Position,377.230564340994,2025-07-11 10:23:53.046407
Y_Axis_Load,3,2025-07-11 10:23:53.046407
Y_Position,309.53319393791,2025-07-11 10:23:53.046407
Z_Axis_Load,50,2025-07-11 10:23:53.046407
Z_Position,-303.163749686788,2025-07-11 10:23:53.046407
COR_Status,1,2025-07-11 10:23:53.046407
Controller_Mode,AUTO,2025-07-11 10:23:53.046407
EStop_State,ARMED,2025-07-11 10:23:53.046407
Machine_Mode,5,2025-07-11 10:23:53.046407
Block_Number,130,2025-07-11 10:23:53.046407
Current_Tool,6,2025-07-11 10:23:53.046407
Part_Count,3,2025-07-11 10:23:53.046407
Program_Name_Running,000454_D_A_PROGRAM_2.NC,2025-07-11 10:23:53.046407
spindle motor v_rms,0.6,2025-07-11 10:23:53.046407
spindle motor a_peak,13200,2025-07-11 10:23:53.046407
spindle motor a_rms,2400,2025-07-11 10:23:53.046407
spindle motor temp,24.7,2025-07-11 10:23:53.046407
spindle motor crest,5.4,2025-07-11 10:23:53.046407
z-axis bearing v_rms,0.3,2025-07-11 10:23:53.046407
z-axis bearing a_peak,14300,2025-07-11 10:23:53.046407
z-axis bearing a_rms,2800,2025-07-11 10:23:53.046407
z-axis bearing temp,22.5,2025-07-11 10:23:53.046407
z-axis bearing crest,5.2,2025-07-11 10:23:53.046407
z-axis motor v_rms,1.7,2025-07-11 10:23:53.046407
z-axis motor a_peak,7200,2025-07-11 10:23:53.046407
z-axis motor a_rms,1900,2025-07-11 10:23:53.046407
z-axis motor temp,25.4,2025-07-11 10:23:53.046407
z-axis motor crest,3.9,2025-07-11 10:23:53.046407
y-axis bearing v_rms,0.7,2025-07-11 10:23:53.046407
y-axis bearing a_peak,6600,2025-07-11 10:23:53.046407
y-axis bearing a_rms,2200,2025-07-11 10:23:53.046407
y-axis bearing temp,21.3,2025-07-11 10:23:53.046407
y-axis bearing crest,3.0,2025-07-11 10:23:53.046407
y-axis motor v_rms,1.1,2025-07-11 10:23:53.046407
y-axis motor a_peak,9100,2025-07-11 10:23:53.046407
y-axis motor a_rms,3400,2025-07-11 10:23:53.046407
y-axis motor temp,24.2,2025-07-11 10:23:53.046407
y-axis motor crest,2.7,2025-07-11 10:23:53.046407
x-axis motor v_rms,1.3,2025-07-11 10:23:53.046407
x-axis motor a_peak,5400,2025-07-11 10:23:53.046407
x-axis motor a_rms,1400,2025-07-11 10:23:53.046407
x-axis motor temp,21.3,2025-07-11 10:23:53.046407
x-axis motor crest,3.9,2025-07-11 10:23:53.046407
voltage,132.20000000000002,2025-07-11 10:23:53.046407
current,9.286666666666667,2025-07-11 10:23:53.046407
active power,1071.0,2025-07-11 10:23:53.046407
forward kWh,16.25466666666667,2025-07-11 10:23:53.046407
reverse kWh,0.3606666666666667,2025-07-11 10:23:53.046407
frequency,59.99,2025-07-11 10:23:53.046407
power factor,0.9,2025-07-11 10:23:53.046407
featureId,NONE,2025-07-11 10:23:54.046696
partKindId,EDB34637-67D8-465A-AFBA-010AD86D34F6,2025-07-11 10:23:54.046696
processKindId,AF6B782E-23DD-4144-8665-11C813BE7660,2025-07-11 10:23:54.046696
A_Axis_Load,16,2025-07-11 10:23:54.046696
A_Position,0.000167897837982586,2025-07-11 10:23:54.046696
C_Axis_Load,45,2025-07-11 10:23:54.046696
C_Position,30.001,2025-07-11 10:23:54.046696
Machine_Time,2590490.28,2025-07-11 10:23:54.046696
Spindle_Time,690508.343999999,2025-07-11 10:23:54.046696
Feed_Override,100,2025-07-11 10:23:54.046696
Feed_Rate,71.25,2025-07-11 10:23:54.046696
Program_Runtime_Seconds,26,2025-07-11 10:23:54.046696
Rapid_Override,100,2025-07-11 10:23:54.046696
Rapid_Speed,0,2025-07-11 10:23:54.046696
S_Axis_Load,0,2025-07-11 10:23:54.046696
Spindle_Override,100,2025-07-11 10:23:54.046696
Spindle_Speed,9792,2025-07-11 10:23:54.046696
X_Axis_Load,0,2025-07-11 10:23:54.046696
X_Position,443.872257915662,2025-07-11 10:23:54.046696
Y_Axis_Load,6,2025-07-11 10:23:54.046696
Y_Position,300.516166734258,2025-07-11 10:23:54.046696
Z_Axis_Load,33,2025-07-11 10:23:54.046696
Z_Position,-303.417158274914,2025-07-11 10:23:54.046696
COR_Status,1,2025-07-11 10:23:54.046696
Controller_Mode,AUTO,2025-07-11 10:23:54.046696
EStop_State,ARMED,2025-07-11 10:23:54.046696
Machine_Mode,5,2025-07-11 10:23:54.046696
Block_Number,132,2025-07-11 10:23:54.046696
Current_Tool,6,2025-07-11 10:23:54.046696
Part_Count,3,2025-07-11 10:23:54.046696
Program_Name_Running,000454_D_A_PROGRAM_2.NC,2025-07-11 10:23:54.046696
spindle motor v_rms,0.8,2025-07-11 10:23:54.046696
spindle motor a_peak,13000,2025-07-11 10:23:54.046696
spindle motor a_rms,3700,2025-07-11 10:23:54.046696
spindle motor temp,24.7,2025-07-11 10:23:54.046696
spindle motor crest,3.5,2025-07-11 10:23:54.046696
z-axis bearing v_rms,0.4,2025-07-11 10:23:54.046696
z-axis bearing a_peak,14700,2025-07-11 10:23:54.046696
z-axis bearing a_rms,3500,2025-07-11 10:23:54.046696
z-axis bearing temp,22.5,2025-07-11 10:23:54.046696
z-axis bearing crest,4.2,2025-07-11 10:23:54.046696
z-axis motor v_rms,1.7,2025-07-11 10:23:54.046696
z-axis motor a_peak,5300,2025-07-11 10:23:54.046696
z-axis motor a_rms,1900,2025-07-11 10:23:54.046696
z-axis motor temp,25.4,2025-07-11 10:23:54.046696
z-axis motor crest,2.8,2025-07-11 10:23:54.046696
y-axis bearing v_rms,0.8,2025-07-11 10:23:54.046696
y-axis bearing a_peak,7500,2025-07-11 10:23:54.046696
y-axis bearing a_rms,2600,2025-07-11 10:23:54.046696
y-axis bearing temp,21.3,2025-07-11 10:23:54.046696
y-axis bearing crest,2.9,2025-07-11 10:23:54.046696
y-axis motor v_rms,1.1,2025-07-11 10:23:54.046696
y-axis motor a_peak,11100,2025-07-11 10:23:54.046696
y-axis motor a_rms,3700,2025-07-11 10:23:54.046696
y-axis motor temp,24.2,2025-07-11 10:23:54.046696
y-axis motor crest,3.0,2025-07-11 10:23:54.046696
x-axis motor v_rms,0.8,2025-07-11 10:23:54.046696
x-axis motor a_peak,3300,2025-07-11 10:23:54.046696
x-axis motor a_rms,1600,2025-07-11 10:23:54.046696
x-axis motor temp,21.3,2025-07-11 10:23:54.046696
x-axis motor crest,2.1,2025-07-11 10:23:54.046696
voltage,132.23333333333335,2025-07-11 10:23:54.046696
current,9.166666666666666,2025-07-11 10:23:54.046696
active power,1050.0,2025-07-11 10:23:54.046696
forward kWh,16.25466666666667,2025-07-11 10:23:54.046696
reverse kWh,0.3606666666666667,2025-07-11 10:23:54.046696
frequency,59.99,2025-07-11 10:23:54.046696
power factor,0.8633333333333333,2025-07-11 10:23:54.046696
featureId,NONE,2025-07-11 10:23:55.046848
partKindId,EDB34637-67D8-465A-AFBA-010AD86D34F6,2025-07-11 10:23:55.046848
processKindId,AF6B782E-23DD-4144-8665-11C813BE7660,2025-07-11 10:23:55.046848
A_Axis_Load,16,2025-07-11 10:23:55.046848
A_Position,0.000167897837982586,2025-07-11 10:23:55.046848
C_Axis_Load,45,2025-07-11 10:23:55.046848
C_Position,30.0005,2025-07-11 10:23:55.046848
Machine_Time,2590490.28,2025-07-11 10:23:55.046848
Spindle_Time,690508.343999999,2025-07-11 10:23:55.046848
Feed_Override,100,2025-07-11 10:23:55.046848
Feed_Rate,71.25,2025-07-11 10:23:55.046848
Program_Runtime_Seconds,27,2025-07-11 10:23:55.046848
Rapid_Override,100,2025-07-11 10:23:55.046848
Rapid_Speed,0,2025-07-11 10:23:55.046848
S_Axis_Load,2,2025-07-11 10:23:55.046848
Spindle_Override,100,2025-07-11 10:23:55.046848
Spindle_Speed,9792,2025-07-11 10:23:55.046848
X_Axis_Load,0,2025-07-11 10:23:55.046848
X_Position,443.905610678394,2025-07-11 10:23:55.046848
Y_Axis_Load,9,2025-07-11 10:23:55.046848
Y_Position,240.32973616099,2025-07-11 10:23:55.046848
Z_Axis_Load,33,2025-07-11 10:23:55.046848
Z_Position,-303.417169717548,2025-07-11 10:23:55.046848
COR_Status,1,2025-07-11 10:23:55.046848
Controller_Mode,AUTO,2025-07-11 10:23:55.046848
EStop_State,ARMED,2025-07-11 10:23:55.046848
Machine_Mode,5,2025-07-11 10:23:55.046848
Block_Number,133,2025-07-11 10:23:55.046848
Current_Tool,6,2025-07-11 10:23:55.046848
Part_Count,3,2025-07-11 10:23:55.046848
Program_Name_Running,000454_D_A_PROGRAM_2.NC,2025-07-11 10:23:55.046848
spindle motor v_rms,0.7,2025-07-11 10:23:55.046848
spindle motor a_peak,8600,2025-07-11 10:23:55.046848
spindle motor a_rms,2500,2025-07-11 10:23:55.046848
spindle motor temp,24.7,2025-07-11 10:23:55.046848
spindle motor crest,3.4,2025-07-11 10:23:55.046848
z-axis bearing v_rms,0.3,2025-07-11 10:23:55.046848
z-axis bearing a_peak,8400,2025-07-11 10:23:55.046848
z-axis bearing a_rms,3400,2025-07-11 10:23:55.046848
z-axis bearing temp,22.5,2025-07-11 10:23:55.046848
z-axis bearing crest,2.5,2025-07-11 10:23:55.046848
z-axis motor v_rms,1.4,2025-07-11 10:23:55.046848
z-axis motor a_peak,3500,2025-07-11 10:23:55.046848
z-axis motor a_rms,1700,2025-07-11 10:23:55.046848
z-axis motor temp,25.4,2025-07-11 10:23:55.046848
z-axis motor crest,2.1,2025-07-11 10:23:55.046848
y-axis bearing v_rms,0.8,2025-07-11 10:23:55.046848
y-axis bearing a_peak,5300,2025-07-11 10:23:55.046848
y-axis bearing a_rms,2600,2025-07-11 10:23:55.046848
y-axis bearing temp,21.3,2025-07-11 10:23:55.046848
y-axis bearing crest,2.0,2025-07-11 10:23:55.046848
y-axis motor v_rms,1.3,2025-07-11 10:23:55.046848
y-axis motor a_peak,11200,2025-07-11 10:23:55.046848
y-axis motor a_rms,4200,2025-07-11 10:23:55.046848
y-axis motor temp,24.2,2025-07-11 10:23:55.046848
y-axis motor crest,2.7,2025-07-11 10:23:55.046848
x-axis motor v_rms,0.8,2025-07-11 10:23:55.046848
x-axis motor a_peak,4200,2025-07-11 10:23:55.046848
x-axis motor a_rms,1200,2025-07-11 10:23:55.046848
x-axis motor temp,21.3,2025-07-11 10:23:55.046848
x-axis motor crest,3.3,2025-07-11 10:23:55.046848
voltage,131.96666666666667,2025-07-11 10:23:55.046848
current,13.106666666666667,2025-07-11 10:23:55.046848
active power,1496.0,2025-07-11 10:23:55.046848
forward kWh,16.25466666666667,2025-07-11 10:23:55.046848
reverse kWh,0.3606666666666667,2025-07-11 10:23:55.046848
frequency,59.99,2025-07-11 10:23:55.046848
power factor,0.8033333333333333,2025-07-11 10:23:55.046848
featureId,NONE,2025-07-11 10:23:56.047080
partKindId,EDB34637-67D8-465A-AFBA-010AD86D34F6,2025-07-11 10:23:56.047080
processKindId,AF6B782E-23DD-4144-8665-11C813BE7660,2025-07-11 10:23:56.047080
A_Axis_Load,16,2025-07-11 10:23:56.047080
A_Position,0.000167897837982586,2025-07-11 10:23:56.047080
C_Axis_Load,45,2025-07-11 10:23:56.047080
C_Position,30.0005,2025-07-11 10:23:56.047080
Machine_Time,2590490.28,2025-07-11 10:23:56.047080
Spindle_Time,690508.343999999,2025-07-11 10:23:56.047080
Feed_Override,100,2025-07-11 10:23:56.047080
Feed_Rate,71.25,2025-07-11 10:23:56.047080
Program_Runtime_Seconds,28,2025-07-11 10:23:56.047080
Rapid_Override,100,2025-07-11 10:23:56.047080
Rapid_Speed,0,2025-07-11 10:23:56.047080
S_Axis_Load,0,2025-07-11 10:23:56.047080
Spindle_Override,100,2025-07-11 10:23:56.047080
Spindle_Speed,9792,2025-07-11 10:23:56.047080
X_Axis_Load,10,2025-07-11 10:23:56.047080
X_Position,409.991937921748,2025-07-11 10:23:56.047080
Y_Axis_Load,1,2025-07-11 10:23:56.047080
Y_Position,205.13798685827,2025-07-11 10:23:56.047080
Z_Axis_Load,31,2025-07-11 10:23:56.047080
Z_Position,-303.417192602818,2025-07-11 10:23:56.047080
COR_Status,1,2025-07-11 10:23:56.047080
Controller_Mode,AUTO,2025-07-11 10:23:56.047080
EStop_State,ARMED,2025-07-11 10:23:56.047080
Machine_Mode,5,2025-07-11 10:23:56.047080
Block_Number,134,2025-07-11 10:23:56.047080
Current_Tool,6,2025-07-11 10:23:56.047080
Part_Count,3,2025-07-11 10:23:56.047080
Program_Name_Running,000454_D_A_PROGRAM_2.NC,2025-07-11 10:23:56.047080
spindle motor v_rms,1.5,2025-07-11 10:23:56.047080
spindle motor a_peak,15900,2025-07-11 10:23:56.047080
spindle motor a_rms,5700,2025-07-11 10:23:56.047080
spindle motor temp,24.7,2025-07-11 10:23:56.047080
spindle motor crest,2.8,2025-07-11 10:23:56.047080
z-axis bearing v_rms,0.3,2025-07-11 10:23:56.047080
z-axis bearing a_peak,13700,2025-07-11 10:23:56.047080
z-axis bearing a_rms,4400,2025-07-11 10:23:56.047080
z-axis bearing temp,22.5,2025-07-11 10:23:56.047080
z-axis bearing crest,3.1,2025-07-11 10:23:56.047080
z-axis motor v_rms,1.7,2025-07-11 10:23:56.047080
z-axis motor a_peak,4600,2025-07-11 10:23:56.047080
z-axis motor a_rms,2000,2025-07-11 10:23:56.047080
z-axis motor temp,25.4,2025-07-11 10:23:56.047080
z-axis motor crest,2.3,2025-07-11 10:23:56.047080
y-axis bearing v_rms,0.6,2025-07-11 10:23:56.047080
y-axis bearing a_peak,4300,2025-07-11 10:23:56.047080
y-axis bearing a_rms,2200,2025-07-11 10:23:56.047080
y-axis bearing temp,21.4,2025-07-11 10:23:56.047080
y-axis bearing crest,2.0,2025-07-11 10:23:56.047080
y-axis motor v_rms,1.4,2025-07-11 10:23:56.047080
y-axis motor a_peak,10000,2025-07-11 10:23:56.047080
y-axis motor a_rms,4400,2025-07-11 10:23:56.047080
y-axis motor temp,24.2,2025-07-11 10:23:56.047080
y-axis motor crest,2.3,2025-07-11 10:23:56.047080
x-axis motor v_rms,0.3,2025-07-11 10:23:56.047080
x-axis motor a_peak,2100,2025-07-11 10:23:56.047080
x-axis motor a_rms,800,2025-07-11 10:23:56.047080
x-axis motor temp,21.3,2025-07-11 10:23:56.047080
x-axis motor crest,2.6,2025-07-11 10:23:56.047080
voltage,132.0,2025-07-11 10:23:56.047080
current,13.306666666666667,2025-07-11 10:23:56.047080
active power,1518.6666666666667,2025-07-11 10:23:56.047080
forward kWh,16.256,2025-07-11 10:23:56.047080
reverse kWh,0.3606666666666667,2025-07-11 10:23:56.047080
frequency,59.99,2025-07-11 10:23:56.047080
power factor,0.8633333333333333,2025-07-11 10:23:56.047080
featureId,NONE,2025-07-11 10:23:57.047352
partKindId,EDB34637-67D8-465A-AFBA-010AD86D34F6,2025-07-11 10:23:57.047352
processKindId,AF6B782E-23DD-4144-8665-11C813BE7660,2025-07-11 10:23:57.047352
A_Axis_Load,16,2025-07-11 10:23:57.047352
A_Position,0.000668021023908539,2025-07-11 10:23:57.047352
C_Axis_Load,45,2025-07-11 10:23:57.047352
C_Position,30,2025-07-11 10:23:57.047352
Machine_Time,2590490.28,2025-07-11 10:23:57.047352
Spindle_Time,690508.343999999,2025-07-11 10:23:57.047352
Feed_Override,100,2025-07-11 10:23:57.047352
Feed_Rate,71.25,2025-07-11 10:23:57.047352
Program_Runtime_Seconds,29,2025-07-11 10:23:57.047352
Rapid_Override,100,2025-07-11 10:23:57.047352
Rapid_Speed,0,2025-07-11 10:23:57.047352
S_Axis_Load,0,2025-07-11 10:23:57.047352
Spindle_Override,100,2025-07-11 10:23:57.047352
Spindle_Speed,9792,2025-07-11 10:23:57.047352
X_Axis_Load,12,2025-07-11 10:23:57.047352
X_Position,332.849287697797,2025-07-11 10:23:57.047352
Y_Axis_Load,1,2025-07-11 10:23:57.047352
Y_Position,205.138009745069,2025-07-11 10:23:57.047352
Z_Axis_Load,33,2025-07-11 10:23:57.047352
Z_Position,-303.417169717548,2025-07-11 10:23:57.047352
COR_Status,1,2025-07-11 10:23:57.047352
Controller_Mode,AUTO,2025-07-11 10:23:57.047352
EStop_State,ARMED,2025-07-11 10:23:57.047352
Machine_Mode,5,2025-07-11 10:23:57.047352
Block_Number,134,2025-07-11 10:23:57.047352
Current_Tool,6,2025-07-11 10:23:57.047352
Part_Count,3,2025-07-11 10:23:57.047352
Program_Name_Running,000454_D_A_PROGRAM_2.NC,2025-07-11 10:23:57.047352
spindle motor v_rms,1.4,2025-07-11 10:23:57.047352
spindle motor a_peak,16000,2025-07-11 10:23:57.047352
spindle motor a_rms,5400,2025-07-11 10:23:57.047352
spindle motor temp,24.7,2025-07-11 10:23:57.047352
spindle motor crest,3.0,2025-07-11 10:23:57.047352
z-axis bearing v_rms,0.3,2025-07-11 10:23:57.047352
z-axis bearing a_peak,13900,2025-07-11 10:23:57.047352
z-axis bearing a_rms,4100,2025-07-11 10:23:57.047352
z-axis bearing temp,22.5,2025-07-11 10:23:57.047352
z-axis bearing crest,3.4,2025-07-11 10:23:57.047352
z-axis motor v_rms,1.7,2025-07-11 10:23:57.047352
z-axis motor a_peak,5300,2025-07-11 10:23:57.047352
z-axis motor a_rms,1900,2025-07-11 10:23:57.047352
z-axis motor temp,25.4,2025-07-11 10:23:57.047352
z-axis motor crest,2.8,2025-07-11 10:23:57.047352
y-axis bearing v_rms,0.5,2025-07-11 10:23:57.047352
y-axis bearing a_peak,4300,2025-07-11 10:23:57.047352
y-axis bearing a_rms,1600,2025-07-11 10:23:57.047352
y-axis bearing temp,21.4,2025-07-11 10:23:57.047352
y-axis bearing crest,2.6,2025-07-11 10:23:57.047352
y-axis motor v_rms,1.1,2025-07-11 10:23:57.047352
y-axis motor a_peak,9600,2025-07-11 10:23:57.047352
y-axis motor a_rms,3500,2025-07-11 10:23:57.047352
y-axis motor temp,24.2,2025-07-11 10:23:57.047352
y-axis motor crest,2.7,2025-07-11 10:23:57.047352
x-axis motor v_rms,0.7,2025-07-11 10:23:57.047352
x-axis motor a_peak,3600,2025-07-11 10:23:57.047352
x-axis motor a_rms,1100,2025-07-11 10:23:57.047352
x-axis motor temp,21.3,2025-07-11 10:23:57.047352
x-axis motor crest,3.3,2025-07-11 10:23:57.047352
voltage,132.0,2025-07-11 10:23:57.047352
current,12.633333333333333,2025-07-11 10:23:57.047352
active power,1439.3333333333333,2025-07-11 10:23:57.047352
forward kWh,16.256,2025-07-11 10:23:57.047352
reverse kWh,0.3606666666666667,2025-07-11 10:23:57.047352
frequency,59.99,2025-07-11 10:23:57.047352
power factor,0.9233333333333333,2025-07-11 10:23:57.047352
featureId,NONE,2025-07-11 10:23:58.047649
partKindId,EDB34637-67D8-465A-AFBA-010AD86D34F6,2025-07-11 10:23:58.047649
processKindId,AF6B782E-23DD-4144-8665-11C813BE7660,2025-07-11 10:23:58.047649
A_Axis_Load,16,2025-07-11 10:23:58.047649
A_Position,0.000167897837982586,2025-07-11 10:23:58.047649
C_Axis_Load,45,2025-07-11 10:23:58.047649
C_Position,30.0005,2025-07-11 10:23:58.047649
Machine_Time,2590490.28,2025-07-11 10:23:58.047649
Spindle_Time,690508.343999999,2025-07-11 10:23:58.047649
Feed_Override,100,2025-07-11 10:23:58.047649
Feed_Rate,71.25,2025-07-11 10:23:58.047649
Program_Runtime_Seconds,30,2025-07-11 10:23:58.047649
Rapid_Override,100,2025-07-11 10:23:58.047649
Rapid_Speed,0,2025-07-11 10:23:58.047649
S_Axis_Load,1,2025-07-11 10:23:58.047649
Spindle_Override,100,2025-07-11 10:23:58.047649
Spindle_Speed,9792,2025-07-11 10:23:58.047649
X_Axis_Load,3,2025-07-11 10:23:58.047649
X_Position,316.905615597421,2025-07-11 10:23:58.047649
Y_Axis_Load,9,2025-07-11 10:23:58.047649
Y_Position,254.629821477052,2025-07-11 10:23:58.047649
Z_Axis_Load,33,2025-07-11 10:23:58.047649
Z_Position,-303.41712394701,2025-07-11 10:23:58.047649
COR_Status,1,2025-07-11 10:23:58.047649
Controller_Mode,AUTO,2025-07-11 10:23:58.047649
EStop_State,ARMED,2025-07-11 10:23:58.047649
Machine_Mode,5,2025-07-11 10:23:58.047649
Block_Number,135,2025-07-11 10:23:58.047649
Current_Tool,6,2025-07-11 10:23:58.047649
Part_Count,3,2025-07-11 10:23:58.047649
Program_Name_Running,000454_D_A_PROGRAM_2.NC,2025-07-11 10:23:58.047649
spindle motor v_rms,0.6,2025-07-11 10:23:58.047649
spindle motor a_peak,6700,2025-07-11 10:23:58.047649
spindle motor a_rms,2200,2025-07-11 10:23:58.047649
spindle motor temp,24.7,2025-07-11 10:23:58.047649
spindle motor crest,3.0,2025-07-11 10:23:58.047649
z-axis bearing v_rms,0.3,2025-07-11 10:23:58.047649
z-axis bearing a_peak,8800,2025-07-11 10:23:58.047649
z-axis bearing a_rms,2700,2025-07-11 10:23:58.047649
z-axis bearing temp,22.5,2025-07-11 10:23:58.047649
z-axis bearing crest,3.3,2025-07-11 10:23:58.047649
z-axis motor v_rms,1.6,2025-07-11 10:23:58.047649
z-axis motor a_peak,4700,2025-07-11 10:23:58.047649
z-axis motor a_rms,2100,2025-07-11 10:23:58.047649
z-axis motor temp,25.4,2025-07-11 10:23:58.047649
z-axis motor crest,2.3,2025-07-11 10:23:58.047649
y-axis bearing v_rms,0.7,2025-07-11 10:23:58.047649
y-axis bearing a_peak,5100,2025-07-11 10:23:58.047649
y-axis bearing a_rms,2300,2025-07-11 10:23:58.047649
y-axis bearing temp,21.4,2025-07-11 10:23:58.047649
y-axis bearing crest,2.2,2025-07-11 10:23:58.047649
y-axis motor v_rms,0.7,2025-07-11 10:23:58.047649
y-axis motor a_peak,8000,2025-07-11 10:23:58.047649
y-axis motor a_rms,2600,2025-07-11 10:23:58.047649
y-axis motor temp,24.2,2025-07-11 10:23:58.047649
y-axis motor crest,3.1,2025-07-11 10:23:58.047649
x-axis motor v_rms,0.3,2025-07-11 10:23:58.047649
x-axis motor a_peak,2000,2025-07-11 10:23:58.047649
x-axis motor a_rms,900,2025-07-11 10:23:58.047649
x-axis motor temp,21.3,2025-07-11 10:23:58.047649
x-axis motor crest,2.2,2025-07-11 10:23:58.047649
voltage,131.93333333333334,2025-07-11 10:23:58.047649
current,13.149999999999999,2025-07-11 10:23:58.047649
active power,1500.6666666666667,2025-07-11 10:23:58.047649
forward kWh,16.256,2025-07-11 10:23:58.047649
reverse kWh,0.3606666666666667,2025-07-11 10:23:58.047649
frequency,59.99,2025-07-11 10:23:58.047649
power factor,0.8533333333333334,2025-07-11 10:23:58.047649
featureId,NONE,2025-07-11 10:23:59.047949
partKindId,EDB34637-67D8-465A-AFBA-010AD86D34F6,2025-07-11 10:23:59.047949
processKindId,AF6B782E-23DD-4144-8665-11C813BE7660,2025-07-11 10:23:59.047949
A_Axis_Load,16,2025-07-11 10:23:59.047949
A_Position,-0.000332225347943367,2025-07-11 10:23:59.047949
C_Axis_Load,45,2025-07-11 10:23:59.047949
C_Position,30.0005,2025-07-11 10:23:59.047949
Machine_Time,2590490.28,2025-07-11 10:23:59.047949
Spindle_Time,690508.343999999,2025-07-11 10:23:59.047949
Feed_Override,100,2025-07-11 10:23:59.047949
Feed_Rate,71.23333,2025-07-11 10:23:59.047949
Program_Runtime_Seconds,31,2025-07-11 10:23:59.047949
Rapid_Override,100,2025-07-11 10:23:59.047949
Rapid_Speed,0,2025-07-11 10:23:59.047949
S_Axis_Load,1,2025-07-11 10:23:59.047949
Spindle_Override,100,2025-07-11 10:23:59.047949
Spindle_Speed,9792,2025-07-11 10:23:59.047949
X_Axis_Load,11,2025-07-11 10:23:59.047949
X_Position,339.96593362915,2025-07-11 10:23:59.047949
Y_Axis_Load,2,2025-07-11 10:23:59.047949
Y_Position,300.642045982831,2025-07-11 10:23:59.047949
Z_Axis_Load,33,2025-07-11 10:23:59.047949
Z_Position,-303.417192602818,2025-07-11 10:23:59.047949
COR_Status,1,2025-07-11 10:23:59.047949
Controller_Mode,AUTO,2025-07-11 10:23:59.047949
EStop_State,ARMED,2025-07-11 10:23:59.047949
Machine_Mode,5,2025-07-11 10:23:59.047949
Block_Number,136,2025-07-11 10:23:59.047949
Current_Tool,6,2025-07-11 10:23:59.047949
Part_Count,3,2025-07-11 10:23:59.047949
Program_Name_Running,000454_D_A_PROGRAM_2.NC,2025-07-11 10:23:59.047949
spindle motor v_rms,0.9,2025-07-11 10:23:59.047949
spindle motor a_peak,13200,2025-07-11 10:23:59.047949
spindle motor a_rms,4400,2025-07-11 10:23:59.047949
spindle motor temp,24.7,2025-07-11 10:23:59.047949
spindle motor crest,3.0,2025-07-11 10:23:59.047949
z-axis bearing v_rms,0.4,2025-07-11 10:23:59.047949
z-axis bearing a_peak,13000,2025-07-11 10:23:59.047949
z-axis bearing a_rms,4200,2025-07-11 10:23:59.047949
z-axis bearing temp,22.5,2025-07-11 10:23:59.047949
z-axis bearing crest,3.1,2025-07-11 10:23:59.047949
z-axis motor v_rms,1.7,2025-07-11 10:23:59.047949
z-axis motor a_peak,4700,2025-07-11 10:23:59.047949
z-axis motor a_rms,2000,2025-07-11 10:23:59.047949
z-axis motor temp,25.4,2025-07-11 10:23:59.047949
z-axis motor crest,2.4,2025-07-11 10:23:59.047949
y-axis bearing v_rms,0.8,2025-07-11 10:23:59.047949
y-axis bearing a_peak,5700,2025-07-11 10:23:59.047949
y-axis bearing a_rms,2700,2025-07-11 10:23:59.047949
y-axis bearing temp,21.4,2025-07-11 10:23:59.047949
y-axis bearing crest,2.1,2025-07-11 10:23:59.047949
y-axis motor v_rms,1.2,2025-07-11 10:23:59.047949
y-axis motor a_peak,8500,2025-07-11 10:23:59.047949
y-axis motor a_rms,3700,2025-07-11 10:23:59.047949
y-axis motor temp,24.2,2025-07-11 10:23:59.047949
y-axis motor crest,2.3,2025-07-11 10:23:59.047949
x-axis motor v_rms,0.5,2025-07-11 10:23:59.047949
x-axis motor a_peak,3300,2025-07-11 10:23:59.047949
x-axis motor a_rms,1400,2025-07-11 10:23:59.047949
x-axis motor temp,21.3,2025-07-11 10:23:59.047949
x-axis motor crest,2.3,2025-07-11 10:23:59.047949
voltage,132.13333333333333,2025-07-11 10:23:59.047949
current,10.393333333333333,2025-07-11 10:23:59.047949
active power,1199.3333333333333,2025-07-11 10:23:59.047949
forward kWh,16.256666666666664,2025-07-11 10:23:59.047949
reverse kWh,0.3606666666666667,2025-07-11 10:23:59.047949
frequency,59.99,2025-07-11 10:23:59.047949
power factor,0.9,2025-07-11 10:23:59.047949
featureId,NONE,2025-07-11 10:24:00.048225
partKindId,EDB34637-67D8-465A-AFBA-010AD86D34F6,2025-07-11 10:24:00.048225
processKindId,AF6B782E-23DD-4144-8665-11C813BE7660,2025-07-11 10:24:00.048225
A_Axis_Load,16,2025-07-11 10:24:00.048225
A_Position,-0.000332225347943367,2025-07-11 10:24:00.048225
C_Axis_Load,45,2025-07-11 10:24:00.048225
C_Position,30.0005,2025-07-11 10:24:00.048225
Machine_Time,2590490.28,2025-07-11 10:24:00.048225
Spindle_Time,690508.343999999,2025-07-11 10:24:00.048225
Feed_Override,100,2025-07-11 10:24:00.048225
Feed_Rate,70.3,2025-07-11 10:24:00.048225
Program_Runtime_Seconds,32,2025-07-11 10:24:00.048225
Rapid_Override,100,2025-07-11 10:24:00.048225
Rapid_Speed,0,2025-07-11 10:24:00.048225
S_Axis_Load,1,2025-07-11 10:24:00.048225
Spindle_Override,100,2025-07-11 10:24:00.048225
Spindle_Speed,9792,2025-07-11 10:24:00.048225
X_Axis_Load,12,2025-07-11 10:24:00.048225
X_Position,394.49072637323,2025-07-11 10:24:00.048225
Y_Axis_Load,8,2025-07-11 10:24:00.048225
Y_Position,294.291922747616,2025-07-11 10:24:00.048225
Z_Axis_Load,33,2025-07-11 10:24:00.048225
Z_Position,-303.417078176471,2025-07-11 10:24:00.048225
COR_Status,1,2025-07-11 10:24:00.048225
Controller_Mode,AUTO,2025-07-11 10:24:00.048225
EStop_State,ARMED,2025-07-11 10:24:00.048225
Machine_Mode,5,2025-07-11 10:24:00.048225
Block_Number,138,2025-07-11 10:24:00.048225
Current_Tool,6,2025-07-11 10:24:00.048225
Part_Count,3,2025-07-11 10:24:00.048225
Program_Name_Running,000454_D_A_PROGRAM_2.NC,2025-07-11 10:24:00.048225
spindle motor v_rms,0.8,2025-07-11 10:24:00.048225
spindle motor a_peak,14300,2025-07-11 10:24:00.048225
spindle motor a_rms,3800,2025-07-11 10:24:00.048225
spindle motor temp,24.7,2025-07-11 10:24:00.048225
spindle motor crest,3.7,2025-07-11 10:24:00.048225
z-axis bearing v_rms,0.4,2025-07-11 10:24:00.048225
z-axis bearing a_peak,12700,2025-07-11 10:24:00.048225
z-axis bearing a_rms,3400,2025-07-11 10:24:00.048225
z-axis bearing temp,22.5,2025-07-11 10:24:00.048225
z-axis bearing crest,3.7,2025-07-11 10:24:00.048225
z-axis motor v_rms,1.7,2025-07-11 10:24:00.048225
z-axis motor a_peak,4300,2025-07-11 10:24:00.048225
z-axis motor a_rms,1900,2025-07-11 10:24:00.048225
z-axis motor temp,25.4,2025-07-11 10:24:00.048225
z-axis motor crest,2.3,2025-07-11 10:24:00.048225
y-axis bearing v_rms,0.8,2025-07-11 10:24:00.048225
y-axis bearing a_peak,5500,2025-07-11 10:24:00.048225
y-axis bearing a_rms,2500,2025-07-11 10:24:00.048225
y-axis bearing temp,21.4,2025-07-11 10:24:00.048225
y-axis bearing crest,2.2,2025-07-11 10:24:00.048225
y-axis motor v_rms,1.3,2025-07-11 10:24:00.048225
y-axis motor a_peak,10200,2025-07-11 10:24:00.048225
y-axis motor a_rms,4000,2025-07-11 10:24:00.048225
y-axis motor temp,24.2,2025-07-11 10:24:00.048225
y-axis motor crest,2.5,2025-07-11 10:24:00.048225
x-axis motor v_rms,0.4,2025-07-11 10:24:00.048225
x-axis motor a_peak,3200,2025-07-11 10:24:00.048225
x-axis motor a_rms,1300,2025-07-11 10:24:00.048225
x-axis motor temp,21.3,2025-07-11 10:24:00.048225
x-axis motor crest,2.5,2025-07-11 10:24:00.048225
voltage,132.03333333333333,2025-07-11 10:24:00.048225
current,11.493333333333332,2025-07-11 10:24:00.048225
active power,1301.0,2025-07-11 10:24:00.048225
forward kWh,16.256999999999998,2025-07-11 10:24:00.048225
reverse kWh,0.3606666666666667,2025-07-11 10:24:00.048225
frequency,59.99,2025-07-11 10:24:00.048225
power factor,0.9566666666666667,2025-07-11 10:24:00.048225
featureId,NONE,2025-07-11 10:24:01.048546
partKindId,EDB34637-67D8-465A-AFBA-010AD86D34F6,2025-07-11 10:24:01.048546
processKindId,AF6B782E-23DD-4144-8665-11C813BE7660,2025-07-11 10:24:01.048546
A_Axis_Load,16,2025-07-11 10:24:01.048546
A_Position,0.000167897837982586,2025-07-11 10:24:01.048546
C_Axis_Load,45,2025-07-11 10:24:01.048546
C_Position,30.0005,2025-07-11 10:24:01.048546
Machine_Time,2590490.28,2025-07-11 10:24:01.048546
Spindle_Time,690508.343999999,2025-07-11 10:24:01.048546
Feed_Override,100,2025-07-11 10:24:01.048546
Feed_Rate,71.25,2025-07-11 10:24:01.048546
Program_Runtime_Seconds,33,2025-07-11 10:24:01.048546
Rapid_Override,100,2025-07-11 10:24:01.048546
Rapid_Speed,0,2025-07-11 10:24:01.048546
S_Axis_Load,1,2025-07-11 10:24:01.048546
Spindle_Override,100,2025-07-11 10:24:01.048546
Spindle_Speed,9792,2025-07-11 10:24:01.048546
X_Axis_Load,1,2025-07-11 10:24:01.048546
X_Position,437.555606338432,2025-07-11 10:24:01.048546
Y_Axis_Load,10,2025-07-11 10:24:01.048546
Y_Position,275.58923278794,2025-07-11 10:24:01.048546
Z_Axis_Load,32,2025-07-11 10:24:01.048546
Z_Position,-303.417032405932,2025-07-11 10:24:01.048546
COR_Status,1,2025-07-11 10:24:01.048546
Controller_Mode,AUTO,2025-07-11 10:24:01.048546
EStop_State,ARMED,2025-07-11 10:24:01.048546
Machine_Mode,5,2025-07-11 10:24:01.048546
Block_Number,139,2025-07-11 10:24:01.048546
Current_Tool,6,2025-07-11 10:24:01.048546
Part_Count,3,2025-07-11 10:24:01.048546
Program_Name_Running,000454_D_A_PROGRAM_2.NC,2025-07-11 10:24:01.048546
spindle motor v_rms,0.7,2025-07-11 10:24:01.048546
spindle motor a_peak,8800,2025-07-11 10:24:01.048546
spindle motor a_rms,2700,2025-07-11 10:24:01.048546
spindle motor temp,24.7,2025-07-11 10:24:01.048546
spindle motor crest,3.2,2025-07-11 10:24:01.048546
z-axis bearing v_rms,0.4,2025-07-11 10:24:01.048546
z-axis bearing a_peak,15500,2025-07-11 10:24:01.048546
z-axis bearing a_rms,3900,2025-07-11 10:24:01.048546
z-axis bearing temp,22.5,2025-07-11 10:24:01.048546
z-axis bearing crest,4.0,2025-07-11 10:24:01.048546
z-axis motor v_rms,1.4,2025-07-11 10:24:01.048546
z-axis motor a_peak,3600,2025-07-11 10:24:01.048546
z-axis motor a_rms,1700,2025-07-11 10:24:01.048546
z-axis motor temp,25.4,2025-07-11 10:24:01.048546
z-axis motor crest,2.1,2025-07-11 10:24:01.048546
y-axis bearing v_rms,0.9,2025-07-11 10:24:01.048546
y-axis bearing a_peak,5400,2025-07-11 10:24:01.048546
y-axis bearing a_rms,2800,2025-07-11 10:24:01.048546
y-axis bearing temp,21.4,2025-07-11 10:24:01.048546
y-axis bearing crest,1.9,2025-07-11 10:24:01.048546
y-axis motor v_rms,1.3,2025-07-11 10:24:01.048546
y-axis motor a_peak,11400,2025-07-11 10:24:01.048546
y-axis motor a_rms,4400,2025-07-11 10:24:01.048546
y-axis motor temp,24.2,2025-07-11 10:24:01.048546
y-axis motor crest,2.6,2025-07-11 10:24:01.048546
x-axis motor v_rms,0.5,2025-07-11 10:24:01.048546
x-axis motor a_peak,3300,2025-07-11 10:24:01.048546
x-axis motor a_rms,1400,2025-07-11 10:24:01.048546
x-axis motor temp,21.3,2025-07-11 10:24:01.048546
x-axis motor crest,2.3,2025-07-11 10:24:01.048546
voltage,132.0,2025-07-11 10:24:01.048546
current,12.58,2025-07-11 10:24:01.048546
active power,1423.0,2025-07-11 10:24:01.048546
forward kWh,16.256999999999998,2025-07-11 10:24:01.048546
reverse kWh,0.3606666666666667,2025-07-11 10:24:01.048546
frequency,59.99,2025-07-11 10:24:01.048546
power factor,0.9433333333333334,2025-07-11 10:24:01.048546
featureId,NONE,2025-07-11 10:24:02.048841
partKindId,EDB34637-67D8-465A-AFBA-010AD86D34F6,2025-07-11 10:24:02.048841
processKindId,AF6B782E-23DD-4144-8665-11C813BE7660,2025-07-11 10:24:02.048841
A_Axis_Load,16,2025-07-11 10:24:02.048841
A_Position,0.000167897837982586,2025-07-11 10:24:02.048841
C_Axis_Load,45,2025-07-11 10:24:02.048841
C_Position,30,2025-07-11 10:24:02.048841
Machine_Time,2590490.28,2025-07-11 10:24:02.048841
Spindle_Time,690508.343999999,2025-07-11 10:24:02.048841
Feed_Override,100,2025-07-11 10:24:02.048841
Feed_Rate,65.83333,2025-07-11 10:24:02.048841
Program_Runtime_Seconds,34,2025-07-11 10:24:02.048841
Rapid_Override,100,2025-07-11 10:24:02.048841
Rapid_Speed,0,2025-07-11 10:24:02.048841
S_Axis_Load,1,2025-07-11 10:24:02.048841
Spindle_Override,100,2025-07-11 10:24:02.048841
Spindle_Speed,9792,2025-07-11 10:24:02.048841
X_Axis_Load,2,2025-07-11 10:24:02.048841
X_Position,435.990162302826,2025-07-11 10:24:02.048841
Y_Axis_Load,8,2025-07-11 10:24:02.048841
Y_Position,211.492025863544,2025-07-11 10:24:02.048841
Z_Axis_Load,32,2025-07-11 10:24:02.048841
Z_Position,-303.417089619105,2025-07-11 10:24:02.048841
COR_Status,1,2025-07-11 10:24:02.048841
Controller_Mode,AUTO,2025-07-11 10:24:02.048841
EStop_State,ARMED,2025-07-11 10:24:02.048841
Machine_Mode,5,2025-07-11 10:24:02.048841
Block_Number,140,2025-07-11 10:24:02.048841
Current_Tool,6,2025-07-11 10:24:02.048841
Part_Count,3,2025-07-11 10:24:02.048841
Program_Name_Running,000454_D_A_PROGRAM_2.NC,2025-07-11 10:24:02.048841
spindle motor v_rms,1.0,2025-07-11 10:24:02.048841
spindle motor a_peak,16000,2025-07-11 10:24:02.048841
spindle motor a_rms,3700,2025-07-11 10:24:02.048841
spindle motor temp,24.7,2025-07-11 10:24:02.048841
spindle motor crest,4.3,2025-07-11 10:24:02.048841
z-axis bearing v_rms,0.3,2025-07-11 10:24:02.048841
z-axis bearing a_peak,16600,2025-07-11 10:24:02.048841
z-axis bearing a_rms,3500,2025-07-11 10:24:02.048841
z-axis bearing temp,22.5,2025-07-11 10:24:02.048841
z-axis bearing crest,4.7,2025-07-11 10:24:02.048841
z-axis motor v_rms,1.7,2025-07-11 10:24:02.048841
z-axis motor a_peak,5100,2025-07-11 10:24:02.048841
z-axis motor a_rms,1900,2025-07-11 10:24:02.048841
z-axis motor temp,25.4,2025-07-11 10:24:02.048841
z-axis motor crest,2.7,2025-07-11 10:24:02.048841
y-axis bearing v_rms,0.6,2025-07-11 10:24:02.048841
y-axis bearing a_peak,5000,2025-07-11 10:24:02.048841
y-axis bearing a_rms,1900,2025-07-11 10:24:02.048841
y-axis bearing temp,21.4,2025-07-11 10:24:02.048841
y-axis bearing crest,2.6,2025-07-11 10:24:02.048841
y-axis motor v_rms,1.0,2025-07-11 10:24:02.048841
y-axis motor a_peak,8800,2025-07-11 10:24:02.048841
y-axis motor a_rms,3000,2025-07-11 10:24:02.048841
y-axis motor temp,24.2,2025-07-11 10:24:02.048841
y-axis motor crest,3.0,2025-07-11 10:24:02.048841
x-axis motor v_rms,0.3,2025-07-11 10:24:02.048841
x-axis motor a_peak,2200,2025-07-11 10:24:02.048841
x-axis motor a_rms,800,2025-07-11 10:24:02.048841
x-axis motor temp,21.3,2025-07-11 10:24:02.048841
x-axis motor crest,2.8,2025-07-11 10:24:02.048841
voltage,132.0,2025-07-11 10:24:02.048841
current,12.463333333333333,2025-07-11 10:24:02.048841
active power,1414.6666666666667,2025-07-11 10:24:02.048841
forward kWh,16.258,2025-07-11 10:24:02.048841
reverse kWh,0.3606666666666667,2025-07-11 10:24:02.048841
frequency,59.99,2025-07-11 10:24:02.048841
power factor,0.91,2025-07-11 10:24:02.048841
featureId,NONE,2025-07-11 10:24:03.049089
partKindId,EDB34637-67D8-465A-AFBA-010AD86D34F6,2025-07-11 10:24:03.049089
processKindId,AF6B782E-23DD-4144-8665-11C813BE7660,2025-07-11 10:24:03.049089
A_Axis_Load,16,2025-07-11 10:24:03.049089
A_Position,0.000167897837982586,2025-07-11 10:24:03.049089
C_Axis_Load,45,2025-07-11 10:24:03.049089
C_Position,30.001,2025-07-11 10:24:03.049089
Machine_Time,2590490.28,2025-07-11 10:24:03.049089
Spindle_Time,690508.343999999,2025-07-11 10:24:03.049089
Feed_Override,100,2025-07-11 10:24:03.049089
Feed_Rate,71.25,2025-07-11 10:24:03.049089
Program_Runtime_Seconds,36,2025-07-11 10:24:03.049089
Rapid_Override,100,2025-07-11 10:24:03.049089
Rapid_Speed,0,2025-07-11 10:24:03.049089
S_Axis_Load,0,2025-07-11 10:24:03.049089
Spindle_Override,100,2025-07-11 10:24:03.049089
Spindle_Speed,9792,2025-07-11 10:24:03.049089
X_Axis_Load,11,2025-07-11 10:24:03.049089
X_Position,355.425013716655,2025-07-11 10:24:03.049089
Y_Axis_Load,0,2025-07-11 10:24:03.049089
Y_Position,211.487963456795,2025-07-11 10:24:03.049089
Z_Axis_Load,32,2025-07-11 10:24:03.049089
Z_Position,-303.417066733836,2025-07-11 10:24:03.049089
COR_Status,1,2025-07-11 10:24:03.049089
Controller_Mode,AUTO,2025-07-11 10:24:03.049089
EStop_State,ARMED,2025-07-11 10:24:03.049089
Machine_Mode,5,2025-07-11 10:24:03.049089
Block_Number,140,2025-07-11 10:24:03.049089
Current_Tool,6,2025-07-11 10:24:03.049089
Part_Count,3,2025-07-11 10:24:03.049089
Program_Name_Running,000454_D_A_PROGRAM_2.NC,2025-07-11 10:24:03.049089
spindle motor v_rms,1.3,2025-07-11 10:24:03.049089
spindle motor a_peak,14300,2025-07-11 10:24:03.049089
spindle motor a_rms,5100,2025-07-11 10:24:03.049089
spindle motor temp,24.7,2025-07-11 10:24:03.049089
spindle motor crest,2.8,2025-07-11 10:24:03.049089
z-axis bearing v_rms,0.3,2025-07-11 10:24:03.049089
z-axis bearing a_peak,12200,2025-07-11 10:24:03.049089
z-axis bearing a_rms,4000,2025-07-11 10:24:03.049089
z-axis bearing temp,22.5,2025-07-11 10:24:03.049089
z-axis bearing crest,3.1,2025-07-11 10:24:03.049089
z-axis motor v_rms,1.6,2025-07-11 10:24:03.049089
z-axis motor a_peak,5300,2025-07-11 10:24:03.049089
z-axis motor a_rms,1900,2025-07-11 10:24:03.049089
z-axis motor temp,25.4,2025-07-11 10:24:03.049089
z-axis motor crest,2.7,2025-07-11 10:24:03.049089
y-axis bearing v_rms,0.7,2025-07-11 10:24:03.049089
y-axis bearing a_peak,4700,2025-07-11 10:24:03.049089
y-axis bearing a_rms,2200,2025-07-11 10:24:03.049089
y-axis bearing temp,21.4,2025-07-11 10:24:03.049089
y-axis bearing crest,2.1,2025-07-11 10:24:03.049089
y-axis motor v_rms,1.3,2025-07-11 10:24:03.049089
y-axis motor a_peak,8700,2025-07-11 10:24:03.049089
y-axis motor a_rms,3900,2025-07-11 10:24:03.049089
y-axis motor temp,24.2,2025-07-11 10:24:03.049089
y-axis motor crest,2.2,2025-07-11 10:24:03.049089
x-axis motor v_rms,0.4,2025-07-11 10:24:03.049089
x-axis motor a_peak,3900,2025-07-11 10:24:03.049089
x-axis motor a_rms,1200,2025-07-11 10:24:03.049089
x-axis motor temp,21.3,2025-07-11 10:24:03.049089
x-axis motor crest,3.1,2025-07-11 10:24:03.049089
voltage,132.03333333333333,2025-07-11 10:24:03.049089
current,11.703333333333333,2025-07-11 10:24:03.049089
active power,1324.0,2025-07-11 10:24:03.049089
forward kWh,16.258333333333333,2025-07-11 10:24:03.049089
reverse kWh,0.3606666666666667,2025-07-11 10:24:03.049089
frequency,59.99,2025-07-11 10:24:03.049089
power factor,0.75,2025-07-11 10:24:03.049089
featureId,NONE,2025-07-11 10:24:04.049423
partKindId,EDB34637-67D8-465A-AFBA-010AD86D34F6,2025-07-11 10:24:04.049423
processKindId,AF6B782E-23DD-4144-8665-11C813BE7660,2025-07-11 10:24:04.049423
A_Axis_Load,16,2025-07-11 10:24:04.049423
A_Position,0.000167897837982586,2025-07-11 10:24:04.049423
C_Axis_Load,45,2025-07-11 10:24:04.049423
C_Position,30.0005,2025-07-11 10:24:04.049423
Machine_Time,2590490.28,2025-07-11 10:24:04.049423
Spindle_Time,690508.343999999,2025-07-11 10:24:04.049423
Feed_Override,100,2025-07-11 10:24:04.049423
Feed_Rate,71.25,2025-07-11 10:24:04.049423
Program_Runtime_Seconds,36,2025-07-11 10:24:04.049423
Rapid_Override,100,2025-07-11 10:24:04.049423
Rapid_Speed,0,2025-07-11 10:24:04.049423
S_Axis_Load,2,2025-07-11 10:24:04.049423
Spindle_Override,100,2025-07-11 10:24:04.049423
Spindle_Speed,9792,2025-07-11 10:24:04.049423
X_Axis_Load,0,2025-07-11 10:24:04.049423
X_Position,323.255592751937,2025-07-11 10:24:04.049423
Y_Axis_Load,11,2025-07-11 10:24:04.049423
Y_Position,244.735052925757,2025-07-11 10:24:04.049423
Z_Axis_Load,32,2025-07-11 10:24:04.049423
Z_Position,-303.417158274914,2025-07-11 10:24:04.049423
COR_Status,1,2025-07-11 10:24:04.049423
Controller_Mode,AUTO,2025-07-11 10:24:04.049423
EStop_State,ARMED,2025-07-11 10:24:04.049423
Machine_Mode,5,2025-07-11 10:24:04.049423
Block_Number,141,2025-07-11 10:24:04.049423
Current_Tool,6,2025-07-11 10:24:04.049423
Part_Count,3,2025-07-11 10:24:04.049423
Program_Name_Running,000454_D_A_PROGRAM_2.NC,2025-07-11 10:24:04.049423
spindle motor v_rms,1.2,2025-07-11 10:24:04.049423
spindle motor a_peak,11700,2025-07-11 10:24:04.049423
spindle motor a_rms,4100,2025-07-11 10:24:04.049423
spindle motor temp,24.7,2025-07-11 10:24:04.049423
spindle motor crest,2.9,2025-07-11 10:24:04.049423
z-axis bearing v_rms,0.4,2025-07-11 10:24:04.049423
z-axis bearing a_peak,8500,2025-07-11 10:24:04.049423
z-axis bearing a_rms,3200,2025-07-11 10:24:04.049423
z-axis bearing temp,22.5,2025-07-11 10:24:04.049423
z-axis bearing crest,2.7,2025-07-11 10:24:04.049423
z-axis motor v_rms,1.4,2025-07-11 10:24:04.049423
z-axis motor a_peak,3900,2025-07-11 10:24:04.049423
z-axis motor a_rms,1700,2025-07-11 10:24:04.049423
z-axis motor temp,25.4,2025-07-11 10:24:04.049423
z-axis motor crest,2.3,2025-07-11 10:24:04.049423
y-axis bearing v_rms,1.1,2025-07-11 10:24:04.049423
y-axis bearing a_peak,7200,2025-07-11 10:24:04.049423
y-axis bearing a_rms,3400,2025-07-11 10:24:04.049423
y-axis bearing temp,21.4,2025-07-11 10:24:04.049423
y-axis bearing crest,2.1,2025-07-11 10:24:04.049423
y-axis motor v_rms,1.8,2025-07-11 10:24:04.049423
y-axis motor a_peak,13800,2025-07-11 10:24:04.049423
y-axis motor a_rms,5600,2025-07-11 10:24:04.049423
y-axis motor temp,24.2,2025-07-11 10:24:04.049423
y-axis motor crest,2.5,2025-07-11 10:24:04.049423
x-axis motor v_rms,0.5,2025-07-11 10:24:04.049423
x-axis motor a_peak,2700,2025-07-11 10:24:04.049423
x-axis motor a_rms,1400,2025-07-11 10:24:04.049423
x-axis motor temp,21.3,2025-07-11 10:24:04.049423
x-axis motor crest,1.9,2025-07-11 10:24:04.049423
voltage,132.0,2025-07-11 10:24:04.049423
current,12.263333333333334,2025-07-11 10:24:04.049423
active power,1389.6666666666667,2025-07-11 10:24:04.049423
forward kWh,16.258333333333333,2025-07-11 10:24:04.049423
reverse kWh,0.3606666666666667,2025-07-11 10:24:04.049423
frequency,59.99,2025-07-11 10:24:04.049423
power factor,0.79,2025-07-11 10:24:04.049423
featureId,NONE,2025-07-11 10:24:05.049711
partKindId,EDB34637-67D8-465A-AFBA-010AD86D34F6,2025-07-11 10:24:05.049711
processKindId,AF6B782E-23DD-4144-8665-11C813BE7660,2025-07-11 10:24:05.049711
A_Axis_Load,16,2025-07-11 10:24:05.049711
A_Position,-0.000332225347943367,2025-07-11 10:24:05.049711
C_Axis_Load,45,2025-07-11 10:24:05.049711
C_Position,30.0005,2025-07-11 10:24:05.049711
Machine_Time,2590490.28,2025-07-11 10:24:05.049711
Spindle_Time,690508.343999999,2025-07-11 10:24:05.049711
Feed_Override,100,2025-07-11 10:24:05.049711
Feed_Rate,71.25,2025-07-11 10:24:05.049711
Program_Runtime_Seconds,38,2025-07-11 10:24:05.049711
Rapid_Override,100,2025-07-11 10:24:05.049711
Rapid_Speed,0,2025-07-11 10:24:05.049711
S_Axis_Load,0,2025-07-11 10:24:05.049711
Spindle_Override,100,2025-07-11 10:24:05.049711
Spindle_Speed,9792,2025-07-11 10:24:05.049711
X_Axis_Load,11,2025-07-11 10:24:05.049711
X_Position,342.78968027433,2025-07-11 10:24:05.049711
Y_Axis_Load,2,2025-07-11 10:24:05.049711
Y_Position,294.292093265692,2025-07-11 10:24:05.049711
Z_Axis_Load,33,2025-07-11 10:24:05.049711
Z_Position,-303.417112504375,2025-07-11 10:24:05.049711
COR_Status,1,2025-07-11 10:24:05.049711
Controller_Mode,AUTO,2025-07-11 10:24:05.049711
EStop_State,ARMED,2025-07-11 10:24:05.049711
Machine_Mode,5,2025-07-11 10:24:05.049711
Block_Number,142,2025-07-11 10:24:05.049711
Current_Tool,6,2025-07-11 10:24:05.049711
Part_Count,3,2025-07-11 10:24:05.049711
Program_Name_Running,000454_D_A_PROGRAM_2.NC,2025-07-11 10:24:05.049711
spindle motor v_rms,0.8,2025-07-11 10:24:05.049711
spindle motor a_peak,14200,2025-07-11 10:24:05.049711
spindle motor a_rms,3600,2025-07-11 10:24:05.049711
spindle motor temp,24.7,2025-07-11 10:24:05.049711
spindle motor crest,4.0,2025-07-11 10:24:05.049711
z-axis bearing v_rms,0.4,2025-07-11 10:24:05.049711
z-axis bearing a_peak,18500,2025-07-11 10:24:05.049711
z-axis bearing a_rms,3700,2025-07-11 10:24:05.049711
z-axis bearing temp,22.5,2025-07-11 10:24:05.049711
z-axis bearing crest,5.1,2025-07-11 10:24:05.049711
z-axis motor v_rms,1.7,2025-07-11 10:24:05.049711
z-axis motor a_peak,6100,2025-07-11 10:24:05.049711
z-axis motor a_rms,1900,2025-07-11 10:24:05.049711
z-axis motor temp,25.4,2025-07-11 10:24:05.049711
z-axis motor crest,3.2,2025-07-11 10:24:05.049711
y-axis bearing v_rms,0.8,2025-07-11 10:24:05.049711
y-axis bearing a_peak,5900,2025-07-11 10:24:05.049711
y-axis bearing a_rms,2600,2025-07-11 10:24:05.049711
y-axis bearing temp,21.4,2025-07-11 10:24:05.049711
y-axis bearing crest,2.3,2025-07-11 10:24:05.049711
y-axis motor v_rms,1.1,2025-07-11 10:24:05.049711
y-axis motor a_peak,9600,2025-07-11 10:24:05.049711
y-axis motor a_rms,3400,2025-07-11 10:24:05.049711
y-axis motor temp,24.2,2025-07-11 10:24:05.049711
y-axis motor crest,2.8,2025-07-11 10:24:05.049711
x-axis motor v_rms,0.4,2025-07-11 10:24:05.049711
x-axis motor a_peak,3200,2025-07-11 10:24:05.049711
x-axis motor a_rms,1200,2025-07-11 10:24:05.049711
x-axis motor temp,21.3,2025-07-11 10:24:05.049711
x-axis motor crest,2.6,2025-07-11 10:24:05.049711
voltage,131.93333333333334,2025-07-11 10:24:05.049711
current,13.290000000000001,2025-07-11 10:24:05.049711
active power,1516.0,2025-07-11 10:24:05.049711
forward kWh,16.258666666666667,2025-07-11 10:24:05.049711
reverse kWh,0.3606666666666667,2025-07-11 10:24:05.049711
frequency,59.99,2025-07-11 10:24:05.049711
power factor,0.8733333333333334,2025-07-11 10:24:05.049711
featureId,NONE,2025-07-11 10:24:06.050007
partKindId,EDB34637-67D8-465A-AFBA-010AD86D34F6,2025-07-11 10:24:06.050007
processKindId,AF6B782E-23DD-4144-8665-11C813BE7660,2025-07-11 10:24:06.050007
A_Axis_Load,16,2025-07-11 10:24:06.050007
A_Position,-0.000332225347943367,2025-07-11 10:24:06.050007
C_Axis_Load,45,2025-07-11 10:24:06.050007
C_Position,30.0005,2025-07-11 10:24:06.050007
Machine_Time,2590490.28,2025-07-11 10:24:06.050007
Spindle_Time,690508.343999999,2025-07-11 10:24:06.050007
Feed_Override,100,2025-07-11 10:24:06.050007
Feed_Rate,68.55,2025-07-11 10:24:06.050007
Program_Runtime_Seconds,38,2025-07-11 10:24:06.050007
Rapid_Override,100,2025-07-11 10:24:06.050007
Rapid_Speed,0,2025-07-11 10:24:06.050007
S_Axis_Load,1,2025-07-11 10:24:06.050007
Spindle_Override,100,2025-07-11 10:24:06.050007
Spindle_Speed,9792,2025-07-11 10:24:06.050007
X_Axis_Load,19,2025-07-11 10:24:06.050007
X_Position,390.024853995869,2025-07-11 10:24:06.050007
Y_Axis_Load,8,2025-07-11 10:24:06.050007
Y_Position,287.941883976674,2025-07-11 10:24:06.050007
Z_Axis_Load,33,2025-07-11 10:24:06.050007
Z_Position,-303.417032405932,2025-07-11 10:24:06.050007
COR_Status,1,2025-07-11 10:24:06.050007
Controller_Mode,AUTO,2025-07-11 10:24:06.050007
EStop_State,ARMED,2025-07-11 10:24:06.050007
Machine_Mode,5,2025-07-11 10:24:06.050007
Block_Number,144,2025-07-11 10:24:06.050007
Current_Tool,6,2025-07-11 10:24:06.050007
Part_Count,3,2025-07-11 10:24:06.050007
Program_Name_Running,000454_D_A_PROGRAM_2.NC,2025-07-11 10:24:06.050007
spindle motor v_rms,0.8,2025-07-11 10:24:06.050007
spindle motor a_peak,12700,2025-07-11 10:24:06.050007
spindle motor a_rms,3900,2025-07-11 10:24:06.050007
spindle motor temp,24.7,2025-07-11 10:24:06.050007
spindle motor crest,3.3,2025-07-11 10:24:06.050007
z-axis bearing v_rms,0.4,2025-07-11 10:24:06.050007
z-axis bearing a_peak,13400,2025-07-11 10:24:06.050007
z-axis bearing a_rms,3500,2025-07-11 10:24:06.050007
z-axis bearing temp,22.5,2025-07-11 10:24:06.050007
z-axis bearing crest,3.8,2025-07-11 10:24:06.050007
z-axis motor v_rms,1.7,2025-07-11 10:24:06.050007
z-axis motor a_peak,4300,2025-07-11 10:24:06.050007
z-axis motor a_rms,1900,2025-07-11 10:24:06.050007
z-axis motor temp,25.4,2025-07-11 10:24:06.050007
z-axis motor crest,2.3,2025-07-11 10:24:06.050007
y-axis bearing v_rms,0.8,2025-07-11 10:24:06.050007
y-axis bearing a_peak,5300,2025-07-11 10:24:06.050007
y-axis bearing a_rms,2600,2025-07-11 10:24:06.050007
y-axis bearing temp,21.4,2025-07-11 10:24:06.050007
y-axis bearing crest,2.0,2025-07-11 10:24:06.050007
y-axis motor v_rms,1.6,2025-07-11 10:24:06.050007
y-axis motor a_peak,10100,2025-07-11 10:24:06.050007
y-axis motor a_rms,4800,2025-07-11 10:24:06.050007
y-axis motor temp,24.2,2025-07-11 10:24:06.050007
y-axis motor crest,2.1,2025-07-11 10:24:06.050007
x-axis motor v_rms,0.4,2025-07-11 10:24:06.050007
x-axis motor a_peak,2800,2025-07-11 10:24:06.050007
x-axis motor a_rms,1300,2025-07-11 10:24:06.050007
x-axis motor temp,21.3,2025-07-11 10:24:06.050007
x-axis motor crest,2.2,2025-07-11 10:24:06.050007
voltage,132.0,2025-07-11 10:24:06.050007
current,12.37,2025-07-11 10:24:06.050007
active power,1406.0,2025-07-11 10:24:06.050007
forward kWh,16.25933333333333,2025-07-11 10:24:06.050007
reverse kWh,0.3606666666666667,2025-07-11 10:24:06.050007
frequency,59.99,2025-07-11 10:24:06.050007
power factor,0.9500000000000001,2025-07-11 10:24:06.050007
featureId,NONE,2025-07-11 10:24:07.050300
partKindId,EDB34637-67D8-465A-AFBA-010AD86D34F6,2025-07-11 10:24:07.050300
processKindId,AF6B782E-23DD-4144-8665-11C813BE7660,2025-07-11 10:24:07.050300
A_Axis_Load,16,2025-07-11 10:24:07.050300
A_Position,0.000167897837982586,2025-07-11 10:24:07.050300
C_Axis_Load,45,2025-07-11 10:24:07.050300
C_Position,30.0005,2025-07-11 10:24:07.050300
Machine_Time,2590490.28,2025-07-11 10:24:07.050300
Spindle_Time,690508.343999999,2025-07-11 10:24:07.050300
Feed_Override,100,2025-07-11 10:24:07.050300
Feed_Rate,71.25,2025-07-11 10:24:07.050300
Program_Runtime_Seconds,39,2025-07-11 10:24:07.050300
Rapid_Override,100,2025-07-11 10:24:07.050300
Rapid_Speed,0,2025-07-11 10:24:07.050300
S_Axis_Load,0,2025-07-11 10:24:07.050300
Spindle_Override,100,2025-07-11 10:24:07.050300
Spindle_Speed,9792,2025-07-11 10:24:07.050300
X_Axis_Load,0,2025-07-11 10:24:07.050300
X_Position,431.205599798075,2025-07-11 10:24:07.050300
Y_Axis_Load,9,2025-07-11 10:24:07.050300
Y_Position,260.056802974274,2025-07-11 10:24:07.050300
Z_Axis_Load,34,2025-07-11 10:24:07.050300
Z_Position,-303.417043848567,2025-07-11 10:24:07.050300
COR_Status,1,2025-07-11 10:24:07.050300
Controller_Mode,AUTO,2025-07-11 10:24:07.050300
EStop_State,ARMED,2025-07-11 10:24:07.050300
Machine_Mode,5,2025-07-11 10:24:07.050300
Block_Number,145,2025-07-11 10:24:07.050300
Current_Tool,6,2025-07-11 10:24:07.050300
Part_Count,3,2025-07-11 10:24:07.050300
Program_Name_Running,000454_D_A_PROGRAM_2.NC,2025-07-11 10:24:07.050300
spindle motor v_rms,0.8,2025-07-11 10:24:07.050300
spindle motor a_peak,8900,2025-07-11 10:24:07.050300
spindle motor a_rms,2700,2025-07-11 10:24:07.050300
spindle motor temp,24.7,2025-07-11 10:24:07.050300
spindle motor crest,3.3,2025-07-11 10:24:07.050300
z-axis bearing v_rms,0.3,2025-07-11 10:24:07.050300
z-axis bearing a_peak,9100,2025-07-11 10:24:07.050300
z-axis bearing a_rms,3600,2025-07-11 10:24:07.050300
z-axis bearing temp,22.5,2025-07-11 10:24:07.050300
z-axis bearing crest,2.5,2025-07-11 10:24:07.050300
z-axis motor v_rms,1.4,2025-07-11 10:24:07.050300
z-axis motor a_peak,3400,2025-07-11 10:24:07.050300
z-axis motor a_rms,1700,2025-07-11 10:24:07.050300
z-axis motor temp,25.4,2025-07-11 10:24:07.050300
z-axis motor crest,2.0,2025-07-11 10:24:07.050300
y-axis bearing v_rms,0.9,2025-07-11 10:24:07.050300
y-axis bearing a_peak,5000,2025-07-11 10:24:07.050300
y-axis bearing a_rms,2800,2025-07-11 10:24:07.050300
y-axis bearing temp,21.4,2025-07-11 10:24:07.050300
y-axis bearing crest,1.8,2025-07-11 10:24:07.050300
y-axis motor v_rms,1.4,2025-07-11 10:24:07.050300
y-axis motor a_peak,11800,2025-07-11 10:24:07.050300
y-axis motor a_rms,4700,2025-07-11 10:24:07.050300
y-axis motor temp,24.2,2025-07-11 10:24:07.050300
y-axis motor crest,2.5,2025-07-11 10:24:07.050300
x-axis motor v_rms,0.4,2025-07-11 10:24:07.050300
x-axis motor a_peak,3000,2025-07-11 10:24:07.050300
x-axis motor a_rms,1300,2025-07-11 10:24:07.050300
x-axis motor temp,21.3,2025-07-11 10:24:07.050300
x-axis motor crest,2.2,2025-07-11 10:24:07.050300
voltage,132.0,2025-07-11 10:24:07.050300
current,13.160000000000002,2025-07-11 10:24:07.050300
active power,1495.3333333333333,2025-07-11 10:24:07.050300
forward kWh,16.259666666666664,2025-07-11 10:24:07.050300
reverse kWh,0.3606666666666667,2025-07-11 10:24:07.050300
frequency,59.99,2025-07-11 10:24:07.050300
power factor,0.86,2025-07-11 10:24:07.050300
featureId,NONE,2025-07-11 10:24:08.050609
partKindId,EDB34637-67D8-465A-AFBA-010AD86D34F6,2025-07-11 10:24:08.050609
processKindId,AF6B782E-23DD-4144-8665-11C813BE7660,2025-07-11 10:24:08.050609
A_Axis_Load,16,2025-07-11 10:24:08.050609
A_Position,0.000167897837982586,2025-07-11 10:24:08.050609
C_Axis_Load,45,2025-07-11 10:24:08.050609
C_Position,30.0005,2025-07-11 10:24:08.050609
Machine_Time,2590490.28,2025-07-11 10:24:08.050609
Spindle_Time,690508.343999999,2025-07-11 10:24:08.050609
Feed_Override,100,2025-07-11 10:24:08.050609
Feed_Rate,71.25,2025-07-11 10:24:08.050609
Program_Runtime_Seconds,40,2025-07-11 10:24:08.050609
Rapid_Override,100,2025-07-11 10:24:08.050609
Rapid_Speed,0,2025-07-11 10:24:08.050609
S_Axis_Load,1,2025-07-11 10:24:08.050609
Spindle_Override,100,2025-07-11 10:24:08.050609
Spindle_Speed,9792,2025-07-11 10:24:08.050609
X_Axis_Load,13,2025-07-11 10:24:08.050609
X_Position,408.002157367894,2025-07-11 10:24:08.050609
Y_Axis_Load,3,2025-07-11 10:24:08.050609
Y_Position,217.83792861192,2025-07-11 10:24:08.050609
Z_Axis_Load,33,2025-07-11 10:24:08.050609
Z_Position,-303.417135389644,2025-07-11 10:24:08.050609
COR_Status,1,2025-07-11 10:24:08.050609
Controller_Mode,AUTO,2025-07-11 10:24:08.050609
EStop_State,ARMED,2025-07-11 10:24:08.050609
Machine_Mode,5,2025-07-11 10:24:08.050609
Block_Number,146,2025-07-11 10:24:08.050609
Current_Tool,6,2025-07-11 10:24:08.050609
Part_Count,3,2025-07-11 10:24:08.050609
Program_Name_Running,000454_D_A_PROGRAM_2.NC,2025-07-11 10:24:08.050609
spindle motor v_rms,1.4,2025-07-11 10:24:08.050609
spindle motor a_peak,14800,2025-07-11 10:24:08.050609
spindle motor a_rms,5500,2025-07-11 10:24:08.050609
spindle motor temp,24.7,2025-07-11 10:24:08.050609
spindle motor crest,2.7,2025-07-11 10:24:08.050609
z-axis bearing v_rms,0.3,2025-07-11 10:24:08.050609
z-axis bearing a_peak,10500,2025-07-11 10:24:08.050609
z-axis bearing a_rms,4300,2025-07-11 10:24:08.050609
z-axis bearing temp,22.5,2025-07-11 10:24:08.050609
z-axis bearing crest,2.4,2025-07-11 10:24:08.050609
z-axis motor v_rms,1.7,2025-07-11 10:24:08.050609
z-axis motor a_peak,4400,2025-07-11 10:24:08.050609
z-axis motor a_rms,2000,2025-07-11 10:24:08.050609
z-axis motor temp,25.4,2025-07-11 10:24:08.050609
z-axis motor crest,2.2,2025-07-11 10:24:08.050609
y-axis bearing v_rms,0.8,2025-07-11 10:24:08.050609
y-axis bearing a_peak,4800,2025-07-11 10:24:08.050609
y-axis bearing a_rms,2500,2025-07-11 10:24:08.050609
y-axis bearing temp,21.4,2025-07-11 10:24:08.050609
y-axis bearing crest,1.9,2025-07-11 10:24:08.050609
y-axis motor v_rms,1.6,2025-07-11 10:24:08.050609
y-axis motor a_peak,9400,2025-07-11 10:24:08.050609
y-axis motor a_rms,5000,2025-07-11 10:24:08.050609
y-axis motor temp,24.2,2025-07-11 10:24:08.050609
y-axis motor crest,1.9,2025-07-11 10:24:08.050609
x-axis motor v_rms,0.3,2025-07-11 10:24:08.050609
x-axis motor a_peak,2200,2025-07-11 10:24:08.050609
x-axis motor a_rms,900,2025-07-11 10:24:08.050609
x-axis motor temp,21.3,2025-07-11 10:24:08.050609
x-axis motor crest,2.4,2025-07-11 10:24:08.050609
voltage,131.96666666666667,2025-07-11 10:24:08.050609
current,13.313333333333333,2025-07-11 10:24:08.050609
active power,1525.0,2025-07-11 10:24:08.050609
forward kWh,16.26,2025-07-11 10:24:08.050609
reverse kWh,0.3606666666666667,2025-07-11 10:24:08.050609
frequency,59.99,2025-07-11 10:24:08.050609
power factor,0.8666666666666667,2025-07-11 10:24:08.050609
featureId,NONE,2025-07-11 10:24:09.050946
partKindId,EDB34637-67D8-465A-AFBA-010AD86D34F6,2025-07-11 10:24:09.050946
processKindId,AF6B782E-23DD-4144-8665-11C813BE7660,2025-07-11 10:24:09.050946
A_Axis_Load,16,2025-07-11 10:24:09.050946
A_Position,0.000167897837982586,2025-07-11 10:24:09.050946
C_Axis_Load,45,2025-07-11 10:24:09.050946
C_Position,30.0005,2025-07-11 10:24:09.050946
Machine_Time,2590490.28,2025-07-11 10:24:09.050946
Spindle_Time,690508.343999999,2025-07-11 10:24:09.050946
Feed_Override,100,2025-07-11 10:24:09.050946
Feed_Rate,41.86667,2025-07-11 10:24:09.050946
Program_Runtime_Seconds,41,2025-07-11 10:24:09.050946
Rapid_Override,100,2025-07-11 10:24:09.050946
Rapid_Speed,0,2025-07-11 10:24:09.050946
S_Axis_Load,1,2025-07-11 10:24:09.050946
Spindle_Override,100,2025-07-11 10:24:09.050946
Spindle_Speed,9792,2025-07-11 10:24:09.050946
X_Axis_Load,11,2025-07-11 10:24:09.050946
X_Position,341.920519575815,2025-07-11 10:24:09.050946
Y_Axis_Load,1,2025-07-11 10:24:09.050946
Y_Position,217.837962942118,2025-07-11 10:24:09.050946
Z_Axis_Load,33,2025-07-11 10:24:09.050946
Z_Position,-303.41712394701,2025-07-11 10:24:09.050946
COR_Status,1,2025-07-11 10:24:09.050946
Controller_Mode,AUTO,2025-07-11 10:24:09.050946
EStop_State,ARMED,2025-07-11 10:24:09.050946
Machine_Mode,5,2025-07-11 10:24:09.050946
Block_Number,146,2025-07-11 10:24:09.050946
Current_Tool,6,2025-07-11 10:24:09.050946
Part_Count,3,2025-07-11 10:24:09.050946
Program_Name_Running,000454_D_A_PROGRAM_2.NC,2025-07-11 10:24:09.050946
spindle motor v_rms,1.1,2025-07-11 10:24:09.050946
spindle motor a_peak,14200,2025-07-11 10:24:09.050946
spindle motor a_rms,4500,2025-07-11 10:24:09.050946
spindle motor temp,24.7,2025-07-11 10:24:09.050946
spindle motor crest,3.2,2025-07-11 10:24:09.050946
z-axis bearing v_rms,0.3,2025-07-11 10:24:09.050946
z-axis bearing a_peak,13500,2025-07-11 10:24:09.050946
z-axis bearing a_rms,3600,2025-07-11 10:24:09.050946
z-axis bearing temp,22.5,2025-07-11 10:24:09.050946
z-axis bearing crest,3.8,2025-07-11 10:24:09.050946
z-axis motor v_rms,1.6,2025-07-11 10:24:09.050946
z-axis motor a_peak,5000,2025-07-11 10:24:09.050946
z-axis motor a_rms,1800,2025-07-11 10:24:09.050946
z-axis motor temp,25.4,2025-07-11 10:24:09.050946
z-axis motor crest,2.7,2025-07-11 10:24:09.050946
y-axis bearing v_rms,0.9,2025-07-11 10:24:09.050946
y-axis bearing a_peak,7100,2025-07-11 10:24:09.050946
y-axis bearing a_rms,2800,2025-07-11 10:24:09.050946
y-axis bearing temp,21.4,2025-07-11 10:24:09.050946
y-axis bearing crest,2.5,2025-07-11 10:24:09.050946
y-axis motor v_rms,1.2,2025-07-11 10:24:09.050946
y-axis motor a_peak,11500,2025-07-11 10:24:09.050946
y-axis motor a_rms,4000,2025-07-11 10:24:09.050946
y-axis motor temp,24.2,2025-07-11 10:24:09.050946
y-axis motor crest,2.9,2025-07-11 10:24:09.050946
x-axis motor v_rms,0.7,2025-07-11 10:24:09.050946
x-axis motor a_peak,5200,2025-07-11 10:24:09.050946
x-axis motor a_rms,1400,2025-07-11 10:24:09.050946
x-axis motor temp,21.3,2025-07-11 10:24:09.050946
x-axis motor crest,3.7,2025-07-11 10:24:09.050946
voltage,132.0,2025-07-11 10:24:09.050946
current,13.219999999999999,2025-07-11 10:24:09.050946
active power,1521.0,2025-07-11 10:24:09.050946
forward kWh,16.260333333333335,2025-07-11 10:24:09.050946
reverse kWh,0.3606666666666667,2025-07-11 10:24:09.050946
frequency,59.99,2025-07-11 10:24:09.050946
power factor,0.8666666666666667,2025-07-11 10:24:09.050946
featureId,NONE,2025-07-11 10:24:10.051274
partKindId,EDB34637-67D8-465A-AFBA-010AD86D34F6,2025-07-11 10:24:10.051274
processKindId,AF6B782E-23DD-4144-8665-11C813BE7660,2025-07-11 10:24:10.051274
A_Axis_Load,16,2025-07-11 10:24:10.051274
A_Position,-0.000332225347943367,2025-07-11 10:24:10.051274
C_Axis_Load,45,2025-07-11 10:24:10.051274
C_Position,30.0005,2025-07-11 10:24:10.051274
Machine_Time,2590490.28,2025-07-11 10:24:10.051274
Spindle_Time,690508.343999999,2025-07-11 10:24:10.051274
Feed_Override,100,2025-07-11 10:24:10.051274
Feed_Rate,71.25,2025-07-11 10:24:10.051274
Program_Runtime_Seconds,42,2025-07-11 10:24:10.051274
Rapid_Override,100,2025-07-11 10:24:10.051274
Rapid_Speed,0,2025-07-11 10:24:10.051274
S_Axis_Load,2,2025-07-11 10:24:10.051274
Spindle_Override,100,2025-07-11 10:24:10.051274
Spindle_Speed,9792,2025-07-11 10:24:10.051274
X_Axis_Load,0,2025-07-11 10:24:10.051274
X_Position,329.605615684921,2025-07-11 10:24:10.051274
Y_Axis_Load,10,2025-07-11 10:24:10.051274
Y_Position,278.304877874884,2025-07-11 10:24:10.051274
Z_Axis_Load,33,2025-07-11 10:24:10.051274
Z_Position,-303.417089619105,2025-07-11 10:24:10.051274
COR_Status,1,2025-07-11 10:24:10.051274
Controller_Mode,AUTO,2025-07-11 10:24:10.051274
EStop_State,ARMED,2025-07-11 10:24:10.051274
Machine_Mode,5,2025-07-11 10:24:10.051274
Block_Number,147,2025-07-11 10:24:10.051274
Current_Tool,6,2025-07-11 10:24:10.051274
Part_Count,3,2025-07-11 10:24:10.051274
Program_Name_Running,000454_D_A_PROGRAM_2.NC,2025-07-11 10:24:10.051274
spindle motor v_rms,1.1,2025-07-11 10:24:10.051274
spindle motor a_peak,11000,2025-07-11 10:24:10.051274
spindle motor a_rms,3600,2025-07-11 10:24:10.051274
spindle motor temp,24.7,2025-07-11 10:24:10.051274
spindle motor crest,3.0,2025-07-11 10:24:10.051274
z-axis bearing v_rms,0.4,2025-07-11 10:24:10.051274
z-axis bearing a_peak,9800,2025-07-11 10:24:10.051274
z-axis bearing a_rms,3300,2025-07-11 10:24:10.051274
z-axis bearing temp,22.5,2025-07-11 10:24:10.051274
z-axis bearing crest,2.9,2025-07-11 10:24:10.051274
z-axis motor v_rms,1.5,2025-07-11 10:24:10.051274
z-axis motor a_peak,4700,2025-07-11 10:24:10.051274
z-axis motor a_rms,1800,2025-07-11 10:24:10.051274
z-axis motor temp,25.4,2025-07-11 10:24:10.051274
z-axis motor crest,2.7,2025-07-11 10:24:10.051274
y-axis bearing v_rms,1.0,2025-07-11 10:24:10.051274
y-axis bearing a_peak,7900,2025-07-11 10:24:10.051274
y-axis bearing a_rms,3100,2025-07-11 10:24:10.051274
y-axis bearing temp,21.4,2025-07-11 10:24:10.051274
y-axis bearing crest,2.6,2025-07-11 10:24:10.051274
y-axis motor v_rms,1.2,2025-07-11 10:24:10.051274
y-axis motor a_peak,12600,2025-07-11 10:24:10.051274
y-axis motor a_rms,3900,2025-07-11 10:24:10.051274
y-axis motor temp,24.2,2025-07-11 10:24:10.051274
y-axis motor crest,3.3,2025-07-11 10:24:10.051274
x-axis motor v_rms,1.0,2025-07-11 10:24:10.051274
x-axis motor a_peak,3500,2025-07-11 10:24:10.051274
x-axis motor a_rms,1300,2025-07-11 10:24:10.051274
x-axis motor temp,21.3,2025-07-11 10:24:10.051274
x-axis motor crest,2.8,2025-07-11 10:24:10.051274
voltage,132.03333333333333,2025-07-11 10:24:10.051274
current,11.936666666666667,2025-07-11 10:24:10.051274
active power,1374.0,2025-07-11 10:24:10.051274
forward kWh,16.261,2025-07-11 10:24:10.051274
reverse kWh,0.3606666666666667,2025-07-11 10:24:10.051274
frequency,59.99,2025-07-11 10:24:10.051274
power factor,0.8966666666666666,2025-07-11 10:24:10.051274
featureId,NONE,2025-07-11 10:24:11.051546
partKindId,EDB34637-67D8-465A-AFBA-010AD86D34F6,2025-07-11 10:24:11.051546
processKindId,AF6B782E-23DD-4144-8665-11C813BE7660,2025-07-11 10:24:11.051546
A_Axis_Load,16,2025-07-11 10:24:11.051546
A_Position,-0.000332225347943367,2025-07-11 10:24:11.051546
C_Axis_Load,45,2025-07-11 10:24:11.051546
C_Position,30,2025-07-11 10:24:11.051546
Machine_Time,2590490.28,2025-07-11 10:24:11.051546
Spindle_Time,690508.343999999,2025-07-11 10:24:11.051546
Feed_Override,100,2025-07-11 10:24:11.051546
Feed_Rate,52.78333,2025-07-11 10:24:11.051546
Program_Runtime_Seconds,43,2025-07-11 10:24:11.051546
Rapid_Override,100,2025-07-11 10:24:11.051546
Rapid_Speed,0,2025-07-11 10:24:11.051546
S_Axis_Load,0,2025-07-11 10:24:11.051546
Spindle_Override,100,2025-07-11 10:24:11.051546
Spindle_Speed,9792,2025-07-11 10:24:11.051546
X_Axis_Load,3,2025-07-11 10:24:11.051546
X_Position,380.405696811098,2025-07-11 10:24:11.051546
Y_Axis_Load,34,2025-07-11 10:24:11.051546
Y_Position,283.82519472821,2025-07-11 10:24:11.051546
Z_Axis_Load,32,2025-07-11 10:24:11.051546
Z_Position,-303.417169717548,2025-07-11 10:24:11.051546
COR_Status,1,2025-07-11 10:24:11.051546
Controller_Mode,AUTO,2025-07-11 10:24:11.051546
EStop_State,ARMED,2025-07-11 10:24:11.051546
Machine_Mode,5,2025-07-11 10:24:11.051546
Block_Number,149,2025-07-11 10:24:11.051546
Current_Tool,6,2025-07-11 10:24:11.051546
Part_Count,3,2025-07-11 10:24:11.051546
Program_Name_Running,000454_D_A_PROGRAM_2.NC,2025-07-11 10:24:11.051546
spindle motor v_rms,0.7,2025-07-11 10:24:11.051546
spindle motor a_peak,13400,2025-07-11 10:24:11.051546
spindle motor a_rms,3100,2025-07-11 10:24:11.051546
spindle motor temp,24.7,2025-07-11 10:24:11.051546
spindle motor crest,4.4,2025-07-11 10:24:11.051546
z-axis bearing v_rms,0.3,2025-07-11 10:24:11.051546
z-axis bearing a_peak,13400,2025-07-11 10:24:11.051546
z-axis bearing a_rms,2800,2025-07-11 10:24:11.051546
z-axis bearing temp,22.5,2025-07-11 10:24:11.051546
z-axis bearing crest,4.8,2025-07-11 10:24:11.051546
z-axis motor v_rms,1.7,2025-07-11 10:24:11.051546
z-axis motor a_peak,4700,2025-07-11 10:24:11.051546
z-axis motor a_rms,1800,2025-07-11 10:24:11.051546
z-axis motor temp,25.4,2025-07-11 10:24:11.051546
z-axis motor crest,2.6,2025-07-11 10:24:11.051546
y-axis bearing v_rms,0.8,2025-07-11 10:24:11.051546
y-axis bearing a_peak,6700,2025-07-11 10:24:11.051546
y-axis bearing a_rms,2400,2025-07-11 10:24:11.051546
y-axis bearing temp,21.4,2025-07-11 10:24:11.051546
y-axis bearing crest,2.7,2025-07-11 10:24:11.051546
y-axis motor v_rms,1.2,2025-07-11 10:24:11.051546
y-axis motor a_peak,10100,2025-07-11 10:24:11.051546
y-axis motor a_rms,3600,2025-07-11 10:24:11.051546
y-axis motor temp,24.2,2025-07-11 10:24:11.051546
y-axis motor crest,2.8,2025-07-11 10:24:11.051546
x-axis motor v_rms,1.0,2025-07-11 10:24:11.051546
x-axis motor a_peak,3200,2025-07-11 10:24:11.051546
x-axis motor a_rms,1300,2025-07-11 10:24:11.051546
x-axis motor temp,21.3,2025-07-11 10:24:11.051546
x-axis motor crest,2.6,2025-07-11 10:24:11.051546
voltage,132.06666666666666,2025-07-11 10:24:11.051546
current,12.136666666666668,2025-07-11 10:24:11.051546
active power,1375.6666666666667,2025-07-11 10:24:11.051546
forward kWh,16.261333333333333,2025-07-11 10:24:11.051546
reverse kWh,0.3606666666666667,2025-07-11 10:24:11.051546
frequency,59.99,2025-07-11 10:24:11.051546
power factor,0.8533333333333334,2025-07-11 10:24:11.051546
featureId,NONE,2025-07-11 10:24:12.051903
partKindId,EDB34637-67D8-465A-AFBA-010AD86D34F6,2025-07-11 10:24:12.051903
processKindId,AF6B782E-23DD-4144-8665-11C813BE7660,2025-07-11 10:24:12.051903
A_Axis_Load,16,2025-07-11 10:24:12.051903
A_Position,-0.000332225347943367,2025-07-11 10:24:12.051903
C_Axis_Load,45,2025-07-11 10:24:12.051903
C_Position,30.001,2025-07-11 10:24:12.051903
Machine_Time,2590490.28,2025-07-11 10:24:12.051903
Spindle_Time,690508.343999999,2025-07-11 10:24:12.051903
Feed_Override,100,2025-07-11 10:24:12.051903
Feed_Rate,71.25,2025-07-11 10:24:12.051903
Program_Runtime_Seconds,44,2025-07-11 10:24:12.051903
Rapid_Override,100,2025-07-11 10:24:12.051903
Rapid_Speed,0,2025-07-11 10:24:12.051903
S_Axis_Load,0,2025-07-11 10:24:12.051903
Spindle_Override,100,2025-07-11 10:24:12.051903
Spindle_Speed,9792,2025-07-11 10:24:12.051903
X_Axis_Load,4,2025-07-11 10:24:12.051903
X_Position,424.855136240951,2025-07-11 10:24:12.051903
Y_Axis_Load,27,2025-07-11 10:24:12.051903
Y_Position,267.287889422577,2025-07-11 10:24:12.051903
Z_Axis_Load,32,2025-07-11 10:24:12.051903
Z_Position,-303.417055291201,2025-07-11 10:24:12.051903
COR_Status,1,2025-07-11 10:24:12.051903
Controller_Mode,AUTO,2025-07-11 10:24:12.051903
EStop_State,ARMED,2025-07-11 10:24:12.051903
Machine_Mode,5,2025-07-11 10:24:12.051903
Block_Number,151,2025-07-11 10:24:12.051903
Current_Tool,6,2025-07-11 10:24:12.051903
Part_Count,3,2025-07-11 10:24:12.051903
Program_Name_Running,000454_D_A_PROGRAM_2.NC,2025-07-11 10:24:12.051903
spindle motor v_rms,0.7,2025-07-11 10:24:12.051903
spindle motor a_peak,8600,2025-07-11 10:24:12.051903
spindle motor a_rms,2600,2025-07-11 10:24:12.051903
spindle motor temp,24.7,2025-07-11 10:24:12.051903
spindle motor crest,3.3,2025-07-11 10:24:12.051903
z-axis bearing v_rms,0.4,2025-07-11 10:24:12.051903
z-axis bearing a_peak,15600,2025-07-11 10:24:12.051903
z-axis bearing a_rms,3700,2025-07-11 10:24:12.051903
z-axis bearing temp,22.5,2025-07-11 10:24:12.051903
z-axis bearing crest,4.3,2025-07-11 10:24:12.051903
z-axis motor v_rms,1.5,2025-07-11 10:24:12.051903
z-axis motor a_peak,5100,2025-07-11 10:24:12.051903
z-axis motor a_rms,1700,2025-07-11 10:24:12.051903
z-axis motor temp,25.4,2025-07-11 10:24:12.051903
z-axis motor crest,2.9,2025-07-11 10:24:12.051903
y-axis bearing v_rms,1.0,2025-07-11 10:24:12.051903
y-axis bearing a_peak,7600,2025-07-11 10:24:12.051903
y-axis bearing a_rms,3100,2025-07-11 10:24:12.051903
y-axis bearing temp,21.4,2025-07-11 10:24:12.051903
y-axis bearing crest,2.4,2025-07-11 10:24:12.051903
y-axis motor v_rms,1.5,2025-07-11 10:24:12.051903
y-axis motor a_peak,12200,2025-07-11 10:24:12.051903
y-axis motor a_rms,4800,2025-07-11 10:24:12.051903
y-axis motor temp,24.2,2025-07-11 10:24:12.051903
y-axis motor crest,2.6,2025-07-11 10:24:12.051903
x-axis motor v_rms,0.4,2025-07-11 10:24:12.051903
x-axis motor a_peak,3000,2025-07-11 10:24:12.051903
x-axis motor a_rms,1300,2025-07-11 10:24:12.051903
x-axis motor temp,21.3,2025-07-11 10:24:12.051903
x-axis motor crest,2.2,2025-07-11 10:24:12.051903
voltage,131.86666666666665,2025-07-11 10:24:12.051903
current,12.549999999999999,2025-07-11 10:24:12.051903
active power,1415.0,2025-07-11 10:24:12.051903
forward kWh,16.261666666666667,2025-07-11 10:24:12.051903
reverse kWh,0.3606666666666667,2025-07-11 10:24:12.051903
frequency,59.99,2025-07-11 10:24:12.051903
power factor,0.91,2025-07-11 10:24:12.051903
featureId,NONE,2025-07-11 10:24:13.052179
partKindId,EDB34637-67D8-465A-AFBA-010AD86D34F6,2025-07-11 10:24:13.052179
processKindId,AF6B782E-23DD-4144-8665-11C813BE7660,2025-07-11 10:24:13.052179
A_Axis_Load,16,2025-07-11 10:24:13.052179
A_Position,0.000167897837982586,2025-07-11 10:24:13.052179
C_Axis_Load,45,2025-07-11 10:24:13.052179
C_Position,30.0005,2025-07-11 10:24:13.052179
Machine_Time,2590490.28,2025-07-11 10:24:13.052179
Spindle_Time,690508.343999999,2025-07-11 10:24:13.052179
Feed_Override,100,2025-07-11 10:24:13.052179
Feed_Rate,71.25,2025-07-11 10:24:13.052179
Program_Runtime_Seconds,45,2025-07-11 10:24:13.052179
Rapid_Override,100,2025-07-11 10:24:13.052179
Rapid_Speed,0,2025-07-11 10:24:13.052179
S_Axis_Load,1,2025-07-11 10:24:13.052179
Spindle_Override,100,2025-07-11 10:24:13.052179
Spindle_Speed,9792,2025-07-11 10:24:13.052179
X_Axis_Load,10,2025-07-11 10:24:13.052179
X_Position,398.850493814309,2025-07-11 10:24:13.052179
Y_Axis_Load,2,2025-07-11 10:24:13.052179
Y_Position,224.187905210444,2025-07-11 10:24:13.052179
Z_Axis_Load,32,2025-07-11 10:24:13.052179
Z_Position,-303.417204045453,2025-07-11 10:24:13.052179
COR_Status,1,2025-07-11 10:24:13.052179
Controller_Mode,AUTO,2025-07-11 10:24:13.052179
EStop_State,ARMED,2025-07-11 10:24:13.052179
Machine_Mode,5,2025-07-11 10:24:13.052179
Block_Number,152,2025-07-11 10:24:13.052179
Current_Tool,6,2025-07-11 10:24:13.052179
Part_Count,3,2025-07-11 10:24:13.052179
Program_Name_Running,000454_D_A_PROGRAM_2.NC,2025-07-11 10:24:13.052179
spindle motor v_rms,1.4,2025-07-11 10:24:13.052179
spindle motor a_peak,15100,2025-07-11 10:24:13.052179
spindle motor a_rms,5500,2025-07-11 10:24:13.052179
spindle motor temp,24.7,2025-07-11 10:24:13.052179
spindle motor crest,2.7,2025-07-11 10:24:13.052179
z-axis bearing v_rms,0.4,2025-07-11 10:24:13.052179
z-axis bearing a_peak,10000,2025-07-11 10:24:13.052179
z-axis bearing a_rms,4500,2025-07-11 10:24:13.052179
z-axis bearing temp,22.5,2025-07-11 10:24:13.052179
z-axis bearing crest,2.2,2025-07-11 10:24:13.052179
z-axis motor v_rms,1.6,2025-07-11 10:24:13.052179
z-axis motor a_peak,4400,2025-07-11 10:24:13.052179
z-axis motor a_rms,2000,2025-07-11 10:24:13.052179
z-axis motor temp,25.4,2025-07-11 10:24:13.052179
z-axis motor crest,2.2,2025-07-11 10:24:13.052179
y-axis bearing v_rms,0.8,2025-07-11 10:24:13.052179
y-axis bearing a_peak,4900,2025-07-11 10:24:13.052179
y-axis bearing a_rms,2600,2025-07-11 10:24:13.052179
y-axis bearing temp,21.4,2025-07-11 10:24:13.052179
y-axis bearing crest,1.9,2025-07-11 10:24:13.052179
y-axis motor v_rms,1.7,2025-07-11 10:24:13.052179
y-axis motor a_peak,9800,2025-07-11 10:24:13.052179
y-axis motor a_rms,5300,2025-07-11 10:24:13.052179
y-axis motor temp,24.2,2025-07-11 10:24:13.052179
y-axis motor crest,1.9,2025-07-11 10:24:13.052179
x-axis motor v_rms,0.4,2025-07-11 10:24:13.052179
x-axis motor a_peak,2400,2025-07-11 10:24:13.052179
x-axis motor a_rms,1100,2025-07-11 10:24:13.052179
x-axis motor temp,21.3,2025-07-11 10:24:13.052179
x-axis motor crest,2.3,2025-07-11 10:24:13.052179
voltage,132.0,2025-07-11 10:24:13.052179
current,11.956666666666665,2025-07-11 10:24:13.052179
active power,1353.3333333333333,2025-07-11 10:24:13.052179
forward kWh,16.262333333333334,2025-07-11 10:24:13.052179
reverse kWh,0.3606666666666667,2025-07-11 10:24:13.052179
frequency,59.99,2025-07-11 10:24:13.052179
power factor,0.8033333333333333,2025-07-11 10:24:13.052179
featureId,NONE,2025-07-11 10:24:14.052486
partKindId,EDB34637-67D8-465A-AFBA-010AD86D34F6,2025-07-11 10:24:14.052486
processKindId,AF6B782E-23DD-4144-8665-11C813BE7660,2025-07-11 10:24:14.052486
A_Axis_Load,16,2025-07-11 10:24:14.052486
A_Position,0.000167897837982586,2025-07-11 10:24:14.052486
C_Axis_Load,45,2025-07-11 10:24:14.052486
C_Position,30.0015,2025-07-11 10:24:14.052486
Machine_Time,2590490.28,2025-07-11 10:24:14.052486
Spindle_Time,690508.343999999,2025-07-11 10:24:14.052486
Feed_Override,100,2025-07-11 10:24:14.052486
Feed_Rate,55.05,2025-07-11 10:24:14.052486
Program_Runtime_Seconds,46,2025-07-11 10:24:14.052486
Rapid_Override,100,2025-07-11 10:24:14.052486
Rapid_Speed,0,2025-07-11 10:24:14.052486
S_Axis_Load,0,2025-07-11 10:24:14.052486
Spindle_Override,100,2025-07-11 10:24:14.052486
Spindle_Speed,9792,2025-07-11 10:24:14.052486
X_Axis_Load,1,2025-07-11 10:24:14.052486
X_Position,335.956438154222,2025-07-11 10:24:14.052486
Y_Axis_Load,24,2025-07-11 10:24:14.052486
Y_Position,226.768903813223,2025-07-11 10:24:14.052486
Z_Axis_Load,33,2025-07-11 10:24:14.052486
Z_Position,-303.41710106174,2025-07-11 10:24:14.052486
COR_Status,1,2025-07-11 10:24:14.052486
Controller_Mode,AUTO,2025-07-11 10:24:14.052486
EStop_State,ARMED,2025-07-11 10:24:14.052486
Machine_Mode,5,2025-07-11 10:24:14.052486
Block_Number,152,2025-07-11 10:24:14.052486
Current_Tool,6,2025-07-11 10:24:14.052486
Part_Count,3,2025-07-11 10:24:14.052486
Program_Name_Running,000454_D_A_PROGRAM_2.NC,2025-07-11 10:24:14.052486
spindle motor v_rms,1.1,2025-07-11 10:24:14.052486
spindle motor a_peak,13900,2025-07-11 10:24:14.052486
spindle motor a_rms,4100,2025-07-11 10:24:14.052486
spindle motor temp,24.7,2025-07-11 10:24:14.052486
spindle motor crest,3.4,2025-07-11 10:24:14.052486
z-axis bearing v_rms,0.3,2025-07-11 10:24:14.052486
z-axis bearing a_peak,13600,2025-07-11 10:24:14.052486
z-axis bearing a_rms,3400,2025-07-11 10:24:14.052486
z-axis bearing temp,22.5,2025-07-11 10:24:14.052486
z-axis bearing crest,4.0,2025-07-11 10:24:14.052486
z-axis motor v_rms,1.5,2025-07-11 10:24:14.052486
z-axis motor a_peak,5100,2025-07-11 10:24:14.052486
z-axis motor a_rms,1800,2025-07-11 10:24:14.052486
z-axis motor temp,25.4,2025-07-11 10:24:14.052486
z-axis motor crest,2.8,2025-07-11 10:24:14.052486
y-axis bearing v_rms,1.0,2025-07-11 10:24:14.052486
y-axis bearing a_peak,7500,2025-07-11 10:24:14.052486
y-axis bearing a_rms,3200,2025-07-11 10:24:14.052486
y-axis bearing temp,21.4,2025-07-11 10:24:14.052486
y-axis bearing crest,2.3,2025-07-11 10:24:14.052486
y-axis motor v_rms,1.3,2025-07-11 10:24:14.052486
y-axis motor a_peak,13200,2025-07-11 10:24:14.052486
y-axis motor a_rms,4300,2025-07-11 10:24:14.052486
y-axis motor temp,24.2,2025-07-11 10:24:14.052486
y-axis motor crest,3.0,2025-07-11 10:24:14.052486
x-axis motor v_rms,0.7,2025-07-11 10:24:14.052486
x-axis motor a_peak,5200,2025-07-11 10:24:14.052486
x-axis motor a_rms,1500,2025-07-11 10:24:14.052486
x-axis motor temp,21.3,2025-07-11 10:24:14.052486
x-axis motor crest,3.6,2025-07-11 10:24:14.052486
voltage,131.9,2025-07-11 10:24:14.052486
current,12.806666666666667,2025-07-11 10:24:14.052486
active power,1454.0,2025-07-11 10:24:14.052486
forward kWh,16.263,2025-07-11 10:24:14.052486
reverse kWh,0.3606666666666667,2025-07-11 10:24:14.052486
frequency,59.99,2025-07-11 10:24:14.052486
power factor,0.9333333333333332,2025-07-11 10:24:14.052486
featureId,NONE,2025-07-11 10:24:15.052795
partKindId,EDB34637-67D8-465A-AFBA-010AD86D34F6,2025-07-11 10:24:15.052795
processKindId,AF6B782E-23DD-4144-8665-11C813BE7660,2025-07-11 10:24:15.052795
A_Axis_Load,16,2025-07-11 10:24:15.052795
A_Position,-0.000332225347943367,2025-07-11 10:24:15.052795
C_Axis_Load,45,2025-07-11 10:24:15.052795
C_Position,30.0005,2025-07-11 10:24:15.052795
Machine_Time,2590490.28,2025-07-11 10:24:15.052795
Spindle_Time,690508.343999999,2025-07-11 10:24:15.052795
Feed_Override,100,2025-07-11 10:24:15.052795
Feed_Rate,70.41667,2025-07-11 10:24:15.052795
Program_Runtime_Seconds,48,2025-07-11 10:24:15.052795
Rapid_Override,100,2025-07-11 10:24:15.052795
Rapid_Speed,0,2025-07-11 10:24:15.052795
S_Axis_Load,0,2025-07-11 10:24:15.052795
Spindle_Override,100,2025-07-11 10:24:15.052795
Spindle_Speed,9792,2025-07-11 10:24:15.052795
X_Axis_Load,13,2025-07-11 10:24:15.052795
X_Position,357.484363994249,2025-07-11 10:24:15.052795
Y_Axis_Load,2,2025-07-11 10:24:15.052795
Y_Position,281.592107721859,2025-07-11 10:24:15.052795
Z_Axis_Load,32,2025-07-11 10:24:15.052795
Z_Position,-303.417226930722,2025-07-11 10:24:15.052795
COR_Status,1,2025-07-11 10:24:15.052795
Controller_Mode,AUTO,2025-07-11 10:24:15.052795
EStop_State,ARMED,2025-07-11 10:24:15.052795
Machine_Mode,5,2025-07-11 10:24:15.052795
Block_Number,154,2025-07-11 10:24:15.052795
Current_Tool,6,2025-07-11 10:24:15.052795
Part_Count,3,2025-07-11 10:24:15.052795
Program_Name_Running,000454_D_A_PROGRAM_2.NC,2025-07-11 10:24:15.052795
spindle motor v_rms,0.8,2025-07-11 10:24:15.052795
spindle motor a_peak,12400,2025-07-11 10:24:15.052795
spindle motor a_rms,3700,2025-07-11 10:24:15.052795
spindle motor temp,24.7,2025-07-11 10:24:15.052795
spindle motor crest,3.3,2025-07-11 10:24:15.052795
z-axis bearing v_rms,0.4,2025-07-11 10:24:15.052795
z-axis bearing a_peak,11100,2025-07-11 10:24:15.052795
z-axis bearing a_rms,3700,2025-07-11 10:24:15.052795
z-axis bearing temp,22.5,2025-07-11 10:24:15.052795
z-axis bearing crest,3.0,2025-07-11 10:24:15.052795
z-axis motor v_rms,1.7,2025-07-11 10:24:15.052795
z-axis motor a_peak,4400,2025-07-11 10:24:15.052795
z-axis motor a_rms,1900,2025-07-11 10:24:15.052795
z-axis motor temp,25.4,2025-07-11 10:24:15.052795
z-axis motor crest,2.3,2025-07-11 10:24:15.052795
y-axis bearing v_rms,0.9,2025-07-11 10:24:15.052795
y-axis bearing a_peak,5400,2025-07-11 10:24:15.052795
y-axis bearing a_rms,2800,2025-07-11 10:24:15.052795
y-axis bearing temp,21.4,2025-07-11 10:24:15.052795
y-axis bearing crest,1.9,2025-07-11 10:24:15.052795
y-axis motor v_rms,1.5,2025-07-11 10:24:15.052795
y-axis motor a_peak,10600,2025-07-11 10:24:15.052795
y-axis motor a_rms,4600,2025-07-11 10:24:15.052795
y-axis motor temp,24.2,2025-07-11 10:24:15.052795
y-axis motor crest,2.3,2025-07-11 10:24:15.052795
x-axis motor v_rms,0.4,2025-07-11 10:24:15.052795
x-axis motor a_peak,2800,2025-07-11 10:24:15.052795
x-axis motor a_rms,1100,2025-07-11 10:24:15.052795
x-axis motor temp,21.3,2025-07-11 10:24:15.052795
x-axis motor crest,2.5,2025-07-11 10:24:15.052795
voltage,131.96666666666667,2025-07-11 10:24:15.052795
current,11.883333333333333,2025-07-11 10:24:15.052795
active power,1345.0,2025-07-11 10:24:15.052795
forward kWh,16.263,2025-07-11 10:24:15.052795
reverse kWh,0.3606666666666667,2025-07-11 10:24:15.052795
frequency,59.99,2025-07-11 10:24:15.052795
power factor,0.7666666666666666,2025-07-11 10:24:15.052795
featureId,NONE,2025-07-11 10:24:16.053096
partKindId,EDB34637-67D8-465A-AFBA-010AD86D34F6,2025-07-11 10:24:16.053096
processKindId,AF6B782E-23DD-4144-8665-11C813BE7660,2025-07-11 10:24:16.053096
A_Axis_Load,16,2025-07-11 10:24:16.053096
A_Position,-0.000332225347943367,2025-07-11 10:24:16.053096
C_Axis_Load,45,2025-07-11 10:24:16.053096
C_Position,30.0005,2025-07-11 10:24:16.053096
Machine_Time,2590490.28,2025-07-11 10:24:16.053096
Spindle_Time,690508.343999999,2025-07-11 10:24:16.053096
Feed_Override,100,2025-07-11 10:24:16.053096
Feed_Rate,71.25,2025-07-11 10:24:16.053096
Program_Runtime_Seconds,48,2025-07-11 10:24:16.053096
Rapid_Override,100,2025-07-11 10:24:16.053096
Rapid_Speed,0,2025-07-11 10:24:16.053096
S_Axis_Load,0,2025-07-11 10:24:16.053096
Spindle_Override,100,2025-07-11 10:24:16.053096
Spindle_Speed,9792,2025-07-11 10:24:16.053096
X_Axis_Load,10,2025-07-11 10:24:16.053096
X_Position,397.344926587221,2025-07-11 10:24:16.053096
Y_Axis_Load,7,2025-07-11 10:24:16.053096
Y_Position,275.241956339858,2025-07-11 10:24:16.053096
Z_Axis_Load,33,2025-07-11 10:24:16.053096
Z_Position,-303.417055291201,2025-07-11 10:24:16.053096
COR_Status,1,2025-07-11 10:24:16.053096
Controller_Mode,AUTO,2025-07-11 10:24:16.053096
EStop_State,ARMED,2025-07-11 10:24:16.053096
Machine_Mode,5,2025-07-11 10:24:16.053096
Block_Number,156,2025-07-11 10:24:16.053096
Current_Tool,6,2025-07-11 10:24:16.053096
Part_Count,3,2025-07-11 10:24:16.053096
Program_Name_Running,000454_D_A_PROGRAM_2.NC,2025-07-11 10:24:16.053096
spindle motor v_rms,0.8,2025-07-11 10:24:16.053096
spindle motor a_peak,11700,2025-07-11 10:24:16.053096
spindle motor a_rms,4100,2025-07-11 10:24:16.053096
spindle motor temp,24.7,2025-07-11 10:24:16.053096
spindle motor crest,2.9,2025-07-11 10:24:16.053096
z-axis bearing v_rms,0.4,2025-07-11 10:24:16.053096
z-axis bearing a_peak,7900,2025-07-11 10:24:16.053096
z-axis bearing a_rms,3500,2025-07-11 10:24:16.053096
z-axis bearing temp,22.5,2025-07-11 10:24:16.053096
z-axis bearing crest,2.3,2025-07-11 10:24:16.053096
z-axis motor v_rms,1.7,2025-07-11 10:24:16.053096
z-axis motor a_peak,4200,2025-07-11 10:24:16.053096
z-axis motor a_rms,1900,2025-07-11 10:24:16.053096
z-axis motor temp,25.4,2025-07-11 10:24:16.053096
z-axis motor crest,2.2,2025-07-11 10:24:16.053096
y-axis bearing v_rms,0.9,2025-07-11 10:24:16.053096
y-axis bearing a_peak,8500,2025-07-11 10:24:16.053096
y-axis bearing a_rms,2800,2025-07-11 10:24:16.053096
y-axis bearing temp,21.4,2025-07-11 10:24:16.053096
y-axis bearing crest,3.1,2025-07-11 10:24:16.053096
y-axis motor v_rms,1.4,2025-07-11 10:24:16.053096
y-axis motor a_peak,10500,2025-07-11 10:24:16.053096
y-axis motor a_rms,4500,2025-07-11 10:24:16.053096
y-axis motor temp,24.2,2025-07-11 10:24:16.053096
y-axis motor crest,2.3,2025-07-11 10:24:16.053096
x-axis motor v_rms,0.7,2025-07-11 10:24:16.053096
x-axis motor a_peak,3400,2025-07-11 10:24:16.053096
x-axis motor a_rms,1400,2025-07-11 10:24:16.053096
x-axis motor temp,21.3,2025-07-11 10:24:16.053096
x-axis motor crest,2.5,2025-07-11 10:24:16.053096
voltage,132.0,2025-07-11 10:24:16.053096
current,11.983333333333334,2025-07-11 10:24:16.053096
active power,1361.0,2025-07-11 10:24:16.053096
forward kWh,16.263333333333335,2025-07-11 10:24:16.053096
reverse kWh,0.3606666666666667,2025-07-11 10:24:16.053096
frequency,59.99,2025-07-11 10:24:16.053096
power factor,0.8233333333333333,2025-07-11 10:24:16.053096
featureId,NONE,2025-07-11 10:24:17.053375
partKindId,EDB34637-67D8-465A-AFBA-010AD86D34F6,2025-07-11 10:24:17.053375
processKindId,AF6B782E-23DD-4144-8665-11C813BE7660,2025-07-11 10:24:17.053375
A_Axis_Load,16,2025-07-11 10:24:17.053375
A_Position,0.000167897837982586,2025-07-11 10:24:17.053375
C_Axis_Load,45,2025-07-11 10:24:17.053375
C_Position,30.0005,2025-07-11 10:24:17.053375
Machine_Time,2590490.28,2025-07-11 10:24:17.053375
Spindle_Time,690508.343999999,2025-07-11 10:24:17.053375
Feed_Override,100,2025-07-11 10:24:17.053375
Feed_Rate,42.55,2025-07-11 10:24:17.053375
Program_Runtime_Seconds,49,2025-07-11 10:24:17.053375
Rapid_Override,100,2025-07-11 10:24:17.053375
Rapid_Speed,0,2025-07-11 10:24:17.053375
S_Axis_Load,0,2025-07-11 10:24:17.053375
Spindle_Override,100,2025-07-11 10:24:17.053375
Spindle_Speed,9792,2025-07-11 10:24:17.053375
X_Axis_Load,18,2025-07-11 10:24:17.053375
X_Position,418.181489274602,2025-07-11 10:24:17.053375
Y_Axis_Load,17,2025-07-11 10:24:17.053375
Y_Position,230.549580745711,2025-07-11 10:24:17.053375
Z_Axis_Load,32,2025-07-11 10:24:17.053375
Z_Position,-303.41710106174,2025-07-11 10:24:17.053375
COR_Status,1,2025-07-11 10:24:17.053375
Controller_Mode,AUTO,2025-07-11 10:24:17.053375
EStop_State,ARMED,2025-07-11 10:24:17.053375
Machine_Mode,5,2025-07-11 10:24:17.053375
Block_Number,158,2025-07-11 10:24:17.053375
Current_Tool,6,2025-07-11 10:24:17.053375
Part_Count,3,2025-07-11 10:24:17.053375
Program_Name_Running,000454_D_A_PROGRAM_2.NC,2025-07-11 10:24:17.053375
spindle motor v_rms,1.1,2025-07-11 10:24:17.053375
spindle motor a_peak,14600,2025-07-11 10:24:17.053375
spindle motor a_rms,4100,2025-07-11 10:24:17.053375
spindle motor temp,24.7,2025-07-11 10:24:17.053375
spindle motor crest,3.5,2025-07-11 10:24:17.053375
z-axis bearing v_rms,0.3,2025-07-11 10:24:17.053375
z-axis bearing a_peak,11100,2025-07-11 10:24:17.053375
z-axis bearing a_rms,3900,2025-07-11 10:24:17.053375
z-axis bearing temp,22.5,2025-07-11 10:24:17.053375
z-axis bearing crest,2.9,2025-07-11 10:24:17.053375
z-axis motor v_rms,1.7,2025-07-11 10:24:17.053375
z-axis motor a_peak,4700,2025-07-11 10:24:17.053375
z-axis motor a_rms,1900,2025-07-11 10:24:17.053375
z-axis motor temp,25.4,2025-07-11 10:24:17.053375
z-axis motor crest,2.5,2025-07-11 10:24:17.053375
y-axis bearing v_rms,0.7,2025-07-11 10:24:17.053375
y-axis bearing a_peak,5000,2025-07-11 10:24:17.053375
y-axis bearing a_rms,2200,2025-07-11 10:24:17.053375
y-axis bearing temp,21.4,2025-07-11 10:24:17.053375
y-axis bearing crest,2.3,2025-07-11 10:24:17.053375
y-axis motor v_rms,1.4,2025-07-11 10:24:17.053375
y-axis motor a_peak,10500,2025-07-11 10:24:17.053375
y-axis motor a_rms,4400,2025-07-11 10:24:17.053375
y-axis motor temp,24.2,2025-07-11 10:24:17.053375
y-axis motor crest,2.4,2025-07-11 10:24:17.053375
x-axis motor v_rms,0.7,2025-07-11 10:24:17.053375
x-axis motor a_peak,2400,2025-07-11 10:24:17.053375
x-axis motor a_rms,1000,2025-07-11 10:24:17.053375
x-axis motor temp,21.3,2025-07-11 10:24:17.053375
x-axis motor crest,2.3,2025-07-11 10:24:17.053375
voltage,131.9,2025-07-11 10:24:17.053375
current,13.160000000000002,2025-07-11 10:24:17.053375
active power,1500.6666666666667,2025-07-11 10:24:17.053375
forward kWh,16.263333333333335,2025-07-11 10:24:17.053375
reverse kWh,0.3606666666666667,2025-07-11 10:24:17.053375
frequency,59.99,2025-07-11 10:24:17.053375
power factor,0.7733333333333333,2025-07-11 10:24:17.053375
featureId,NONE,2025-07-11 10:24:18.053717
partKindId,EDB34637-67D8-465A-AFBA-010AD86D34F6,2025-07-11 10:24:18.053717
processKindId,AF6B782E-23DD-4144-8665-11C813BE7660,2025-07-11 10:24:18.053717
A_Axis_Load,16,2025-07-11 10:24:18.053717
A_Position,0.000167897837982586,2025-07-11 10:24:18.053717
C_Axis_Load,45,2025-07-11 10:24:18.053717
C_Position,30.0015,2025-07-11 10:24:18.053717
Machine_Time,2590490.28,2025-07-11 10:24:18.053717
Spindle_Time,690508.343999999,2025-07-11 10:24:18.053717
Feed_Override,100,2025-07-11 10:24:18.053717
Feed_Rate,71.06667,2025-07-11 10:24:18.053717
Program_Runtime_Seconds,50,2025-07-11 10:24:18.053717
Rapid_Override,100,2025-07-11 10:24:18.053717
Rapid_Speed,0,2025-07-11 10:24:18.053717
S_Axis_Load,0,2025-07-11 10:24:18.053717
Spindle_Override,100,2025-07-11 10:24:18.053717
Spindle_Speed,9792,2025-07-11 10:24:18.053717
X_Axis_Load,6,2025-07-11 10:24:18.053717
X_Position,343.042862424457,2025-07-11 10:24:18.053717
Y_Axis_Load,1,2025-07-11 10:24:18.053717
Y_Position,230.536022864905,2025-07-11 10:24:18.053717
Z_Axis_Load,32,2025-07-11 10:24:18.053717
Z_Position,-303.417078176471,2025-07-11 10:24:18.053717
COR_Status,1,2025-07-11 10:24:18.053717
Controller_Mode,AUTO,2025-07-11 10:24:18.053717
EStop_State,ARMED,2025-07-11 10:24:18.053717
Machine_Mode,5,2025-07-11 10:24:18.053717
Block_Number,158,2025-07-11 10:24:18.053717
Current_Tool,6,2025-07-11 10:24:18.053717
Part_Count,3,2025-07-11 10:24:18.053717
Program_Name_Running,000454_D_A_PROGRAM_2.NC,2025-07-11 10:24:18.053717
spindle motor v_rms,1.1,2025-07-11 10:24:18.053717
spindle motor a_peak,14000,2025-07-11 10:24:18.053717
spindle motor a_rms,4500,2025-07-11 10:24:18.053717
spindle motor temp,24.7,2025-07-11 10:24:18.053717
spindle motor crest,3.1,2025-07-11 10:24:18.053717
z-axis bearing v_rms,0.3,2025-07-11 10:24:18.053717
z-axis bearing a_peak,14300,2025-07-11 10:24:18.053717
z-axis bearing a_rms,3900,2025-07-11 10:24:18.053717
z-axis bearing temp,22.5,2025-07-11 10:24:18.053717
z-axis bearing crest,3.7,2025-07-11 10:24:18.053717
z-axis motor v_rms,1.6,2025-07-11 10:24:18.053717
z-axis motor a_peak,4700,2025-07-11 10:24:18.053717
z-axis motor a_rms,1800,2025-07-11 10:24:18.053717
z-axis motor temp,25.4,2025-07-11 10:24:18.053717
z-axis motor crest,2.5,2025-07-11 10:24:18.053717
y-axis bearing v_rms,0.9,2025-07-11 10:24:18.053717
y-axis bearing a_peak,7500,2025-07-11 10:24:18.053717
y-axis bearing a_rms,2900,2025-07-11 10:24:18.053717
y-axis bearing temp,21.4,2025-07-11 10:24:18.053717
y-axis bearing crest,2.6,2025-07-11 10:24:18.053717
y-axis motor v_rms,1.3,2025-07-11 10:24:18.053717
y-axis motor a_peak,12800,2025-07-11 10:24:18.053717
y-axis motor a_rms,4200,2025-07-11 10:24:18.053717
y-axis motor temp,24.2,2025-07-11 10:24:18.053717
y-axis motor crest,3.0,2025-07-11 10:24:18.053717
x-axis motor v_rms,0.7,2025-07-11 10:24:18.053717
x-axis motor a_peak,5000,2025-07-11 10:24:18.053717
x-axis motor a_rms,1400,2025-07-11 10:24:18.053717
x-axis motor temp,21.3,2025-07-11 10:24:18.053717
x-axis motor crest,3.5,2025-07-11 10:24:18.053717
voltage,132.03333333333333,2025-07-11 10:24:18.053717
current,11.716666666666667,2025-07-11 10:24:18.053717
active power,1431.0,2025-07-11 10:24:18.053717
forward kWh,16.264333333333333,2025-07-11 10:24:18.053717
reverse kWh,0.3606666666666667,2025-07-11 10:24:18.053717
frequency,59.99,2025-07-11 10:24:18.053717
power factor,0.9533333333333333,2025-07-11 10:24:18.053717
featureId,NONE,2025-07-11 10:24:19.053990
partKindId,EDB34637-67D8-465A-AFBA-010AD86D34F6,2025-07-11 10:24:19.053990
processKindId,AF6B782E-23DD-4144-8665-11C813BE7660,2025-07-11 10:24:19.053990
A_Axis_Load,16,2025-07-11 10:24:19.053990
A_Position,-0.000332225347943367,2025-07-11 10:24:19.053990
C_Axis_Load,45,2025-07-11 10:24:19.053990
C_Position,30.0005,2025-07-11 10:24:19.053990
Machine_Time,2590490.28,2025-07-11 10:24:19.053990
Spindle_Time,690508.343999999,2025-07-11 10:24:19.053990
Feed_Override,100,2025-07-11 10:24:19.053990
Feed_Rate,71.25,2025-07-11 10:24:19.053990
Program_Runtime_Seconds,51,2025-07-11 10:24:19.053990
Rapid_Override,100,2025-07-11 10:24:19.053990
Rapid_Speed,0,2025-07-11 10:24:19.053990
S_Axis_Load,0,2025-07-11 10:24:19.053990
Spindle_Override,100,2025-07-11 10:24:19.053990
Spindle_Speed,9792,2025-07-11 10:24:19.053990
X_Axis_Load,13,2025-07-11 10:24:19.053990
X_Position,362.104560152385,2025-07-11 10:24:19.053990
Y_Axis_Load,1,2025-07-11 10:24:19.053990
Y_Position,275.242041215849,2025-07-11 10:24:19.053990
Z_Axis_Load,33,2025-07-11 10:24:19.053990
Z_Position,-303.417181160183,2025-07-11 10:24:19.053990
COR_Status,1,2025-07-11 10:24:19.053990
Controller_Mode,AUTO,2025-07-11 10:24:19.053990
EStop_State,ARMED,2025-07-11 10:24:19.053990
Machine_Mode,5,2025-07-11 10:24:19.053990
Block_Number,160,2025-07-11 10:24:19.053990
Current_Tool,6,2025-07-11 10:24:19.053990
Part_Count,3,2025-07-11 10:24:19.053990
Program_Name_Running,000454_D_A_PROGRAM_2.NC,2025-07-11 10:24:19.053990
spindle motor v_rms,0.8,2025-07-11 10:24:19.053990
spindle motor a_peak,11900,2025-07-11 10:24:19.053990
spindle motor a_rms,3900,2025-07-11 10:24:19.053990
spindle motor temp,24.7,2025-07-11 10:24:19.053990
spindle motor crest,3.1,2025-07-11 10:24:19.053990
z-axis bearing v_rms,0.4,2025-07-11 10:24:19.053990
z-axis bearing a_peak,11200,2025-07-11 10:24:19.053990
z-axis bearing a_rms,3600,2025-07-11 10:24:19.053990
z-axis bearing temp,22.5,2025-07-11 10:24:19.053990
z-axis bearing crest,3.1,2025-07-11 10:24:19.053990
z-axis motor v_rms,1.7,2025-07-11 10:24:19.053990
z-axis motor a_peak,4500,2025-07-11 10:24:19.053990
z-axis motor a_rms,1800,2025-07-11 10:24:19.053990
z-axis motor temp,25.4,2025-07-11 10:24:19.053990
z-axis motor crest,2.5,2025-07-11 10:24:19.053990
y-axis bearing v_rms,0.8,2025-07-11 10:24:19.053990
y-axis bearing a_peak,5300,2025-07-11 10:24:19.053990
y-axis bearing a_rms,2400,2025-07-11 10:24:19.053990
y-axis bearing temp,21.4,2025-07-11 10:24:19.053990
y-axis bearing crest,2.2,2025-07-11 10:24:19.053990
y-axis motor v_rms,1.4,2025-07-11 10:24:19.053990
y-axis motor a_peak,10300,2025-07-11 10:24:19.053990
y-axis motor a_rms,4200,2025-07-11 10:24:19.053990
y-axis motor temp,24.2,2025-07-11 10:24:19.053990
y-axis motor crest,2.4,2025-07-11 10:24:19.053990
x-axis motor v_rms,0.6,2025-07-11 10:24:19.053990
x-axis motor a_peak,3400,2025-07-11 10:24:19.053990
x-axis motor a_rms,1200,2025-07-11 10:24:19.053990
x-axis motor temp,21.3,2025-07-11 10:24:19.053990
x-axis motor crest,2.8,2025-07-11 10:24:19.053990
voltage,132.0,2025-07-11 10:24:19.053990
current,12.056666666666667,2025-07-11 10:24:19.053990
active power,1365.3333333333333,2025-07-11 10:24:19.053990
forward kWh,16.264666666666667,2025-07-11 10:24:19.053990
reverse kWh,0.3606666666666667,2025-07-11 10:24:19.053990
frequency,59.99,2025-07-11 10:24:19.053990
power factor,0.89,2025-07-11 10:24:19.053990
featureId,NONE,2025-07-11 10:24:20.054205
partKindId,EDB34637-67D8-465A-AFBA-010AD86D34F6,2025-07-11 10:24:20.054205
processKindId,AF6B782E-23DD-4144-8665-11C813BE7660,2025-07-11 10:24:20.054205
A_Axis_Load,16,2025-07-11 10:24:20.054205
A_Position,0.000167897837982586,2025-07-11 10:24:20.054205
C_Axis_Load,45,2025-07-11 10:24:20.054205
C_Position,30,2025-07-11 10:24:20.054205
Machine_Time,2590490.28,2025-07-11 10:24:20.054205
Spindle_Time,690508.343999999,2025-07-11 10:24:20.054205
Feed_Override,100,2025-07-11 10:24:20.054205
Feed_Rate,69.98333,2025-07-11 10:24:20.054205
Program_Runtime_Seconds,52,2025-07-11 10:24:20.054205
Rapid_Override,100,2025-07-11 10:24:20.054205
Rapid_Speed,0,2025-07-11 10:24:20.054205
S_Axis_Load,1,2025-07-11 10:24:20.054205
Spindle_Override,100,2025-07-11 10:24:20.054205
Spindle_Speed,9792,2025-07-11 10:24:20.054205
X_Axis_Load,12,2025-07-11 10:24:20.054205
X_Position,412.148783747526,2025-07-11 10:24:20.054205
Y_Axis_Load,7,2025-07-11 10:24:20.054205
Y_Position,268.075713139367,2025-07-11 10:24:20.054205
Z_Axis_Load,33,2025-07-11 10:24:20.054205
Z_Position,-303.417066733836,2025-07-11 10:24:20.054205
COR_Status,1,2025-07-11 10:24:20.054205
Controller_Mode,AUTO,2025-07-11 10:24:20.054205
EStop_State,ARMED,2025-07-11 10:24:20.054205
Machine_Mode,5,2025-07-11 10:24:20.054205
Block_Number,162,2025-07-11 10:24:20.054205
Current_Tool,6,2025-07-11 10:24:20.054205
Part_Count,3,2025-07-11 10:24:20.054205
Program_Name_Running,000454_D_A_PROGRAM_2.NC,2025-07-11 10:24:20.054205
spindle motor v_rms,0.8,2025-07-11 10:24:20.054205
spindle motor a_peak,11000,2025-07-11 10:24:20.054205
spindle motor a_rms,3300,2025-07-11 10:24:20.054205
spindle motor temp,24.7,2025-07-11 10:24:20.054205
spindle motor crest,3.4,2025-07-11 10:24:20.054205
z-axis bearing v_rms,0.4,2025-07-11 10:24:20.054205
z-axis bearing a_peak,15400,2025-07-11 10:24:20.054205
z-axis bearing a_rms,3500,2025-07-11 10:24:20.054205
z-axis bearing temp,22.5,2025-07-11 10:24:20.054205
z-axis bearing crest,4.3,2025-07-11 10:24:20.054205
z-axis motor v_rms,1.6,2025-07-11 10:24:20.054205
z-axis motor a_peak,5200,2025-07-11 10:24:20.054205
z-axis motor a_rms,1800,2025-07-11 10:24:20.054205
z-axis motor temp,25.4,2025-07-11 10:24:20.054205
z-axis motor crest,2.9,2025-07-11 10:24:20.054205
y-axis bearing v_rms,0.9,2025-07-11 10:24:20.054205
y-axis bearing a_peak,8300,2025-07-11 10:24:20.054205
y-axis bearing a_rms,2800,2025-07-11 10:24:20.054205
y-axis bearing temp,21.4,2025-07-11 10:24:20.054205
y-axis bearing crest,3.0,2025-07-11 10:24:20.054205
y-axis motor v_rms,1.2,2025-07-11 10:24:20.054205
y-axis motor a_peak,11100,2025-07-11 10:24:20.054205
y-axis motor a_rms,3900,2025-07-11 10:24:20.054205
y-axis motor temp,24.2,2025-07-11 10:24:20.054205
y-axis motor crest,2.8,2025-07-11 10:24:20.054205
x-axis motor v_rms,0.8,2025-07-11 10:24:20.054205
x-axis motor a_peak,4200,2025-07-11 10:24:20.054205
x-axis motor a_rms,1500,2025-07-11 10:24:20.054205
x-axis motor temp,21.3,2025-07-11 10:24:20.054205
x-axis motor crest,2.9,2025-07-11 10:24:20.054205
voltage,131.93333333333334,2025-07-11 10:24:20.054205
current,12.65,2025-07-11 10:24:20.054205
active power,1437.0,2025-07-11 10:24:20.054205
forward kWh,16.264666666666667,2025-07-11 10:24:20.054205
reverse kWh,0.3606666666666667,2025-07-11 10:24:20.054205
frequency,59.99,2025-07-11 10:24:20.054205
power factor,0.7733333333333333,2025-07-11 10:24:20.054205
featureId,NONE,2025-07-11 10:24:21.054472
partKindId,EDB34637-67D8-465A-AFBA-010AD86D34F6,2025-07-11 10:24:21.054472
processKindId,AF6B782E-23DD-4144-8665-11C813BE7660,2025-07-11 10:24:21.054472
A_Axis_Load,16,2025-07-11 10:24:21.054472
A_Position,0.000668021023908539,2025-07-11 10:24:21.054472
C_Axis_Load,45,2025-07-11 10:24:21.054472
C_Position,30.001,2025-07-11 10:24:21.054472
Machine_Time,2590490.28,2025-07-11 10:24:21.054472
Spindle_Time,690508.343999999,2025-07-11 10:24:21.054472
Feed_Override,100,2025-07-11 10:24:21.054472
Feed_Rate,71.25,2025-07-11 10:24:21.054472
Program_Runtime_Seconds,54,2025-07-11 10:24:21.054472
Rapid_Override,100,2025-07-11 10:24:21.054472
Rapid_Speed,0,2025-07-11 10:24:21.054472
S_Axis_Load,1,2025-07-11 10:24:21.054472
Spindle_Override,100,2025-07-11 10:24:21.054472
Spindle_Speed,9792,2025-07-11 10:24:21.054472
X_Axis_Load,12,2025-07-11 10:24:21.054472
X_Position,374.947123473132,2025-07-11 10:24:21.054472
Y_Axis_Load,0,2025-07-11 10:24:21.054472
Y_Position,236.887968495774,2025-07-11 10:24:21.054472
Z_Axis_Load,33,2025-07-11 10:24:21.054472
Z_Position,-303.417192602818,2025-07-11 10:24:21.054472
COR_Status,1,2025-07-11 10:24:21.054472
Controller_Mode,AUTO,2025-07-11 10:24:21.054472
EStop_State,ARMED,2025-07-11 10:24:21.054472
Machine_Mode,5,2025-07-11 10:24:21.054472
Block_Number,164,2025-07-11 10:24:21.054472
Current_Tool,6,2025-07-11 10:24:21.054472
Part_Count,3,2025-07-11 10:24:21.054472
Program_Name_Running,000454_D_A_PROGRAM_2.NC,2025-07-11 10:24:21.054472
spindle motor v_rms,1.4,2025-07-11 10:24:21.054472
spindle motor a_peak,14800,2025-07-11 10:24:21.054472
spindle motor a_rms,5500,2025-07-11 10:24:21.054472
spindle motor temp,24.7,2025-07-11 10:24:21.054472
spindle motor crest,2.7,2025-07-11 10:24:21.054472
z-axis bearing v_rms,0.4,2025-07-11 10:24:21.054472
z-axis bearing a_peak,10100,2025-07-11 10:24:21.054472
z-axis bearing a_rms,4700,2025-07-11 10:24:21.054472
z-axis bearing temp,22.5,2025-07-11 10:24:21.054472
z-axis bearing crest,2.2,2025-07-11 10:24:21.054472
z-axis motor v_rms,1.6,2025-07-11 10:24:21.054472
z-axis motor a_peak,4300,2025-07-11 10:24:21.054472
z-axis motor a_rms,1900,2025-07-11 10:24:21.054472
z-axis motor temp,25.4,2025-07-11 10:24:21.054472
z-axis motor crest,2.2,2025-07-11 10:24:21.054472
y-axis bearing v_rms,0.8,2025-07-11 10:24:21.054472
y-axis bearing a_peak,4900,2025-07-11 10:24:21.054472
y-axis bearing a_rms,2700,2025-07-11 10:24:21.054472
y-axis bearing temp,21.4,2025-07-11 10:24:21.054472
y-axis bearing crest,1.8,2025-07-11 10:24:21.054472
y-axis motor v_rms,1.8,2025-07-11 10:24:21.054472
y-axis motor a_peak,10700,2025-07-11 10:24:21.054472
y-axis motor a_rms,5500,2025-07-11 10:24:21.054472
y-axis motor temp,24.2,2025-07-11 10:24:21.054472
y-axis motor crest,1.9,2025-07-11 10:24:21.054472
x-axis motor v_rms,0.4,2025-07-11 10:24:21.054472
x-axis motor a_peak,2600,2025-07-11 10:24:21.054472
x-axis motor a_rms,1000,2025-07-11 10:24:21.054472
x-axis motor temp,21.3,2025-07-11 10:24:21.054472
x-axis motor crest,2.5,2025-07-11 10:24:21.054472
voltage,132.0,2025-07-11 10:24:21.054472
current,11.74,2025-07-11 10:24:21.054472
active power,1330.0,2025-07-11 10:24:21.054472
forward kWh,16.26533333333333,2025-07-11 10:24:21.054472
reverse kWh,0.3606666666666667,2025-07-11 10:24:21.054472
frequency,59.99,2025-07-11 10:24:21.054472
power factor,0.9233333333333333,2025-07-11 10:24:21.054472
featureId,NONE,2025-07-11 10:24:22.054663
partKindId,EDB34637-67D8-465A-AFBA-010AD86D34F6,2025-07-11 10:24:22.054663
processKindId,AF6B782E-23DD-4144-8665-11C813BE7660,2025-07-11 10:24:22.054663
A_Axis_Load,16,2025-07-11 10:24:22.054663
A_Position,-0.000332225347943367,2025-07-11 10:24:22.054663
C_Axis_Load,45,2025-07-11 10:24:22.054663
C_Position,30.0005,2025-07-11 10:24:22.054663
Machine_Time,2590490.28,2025-07-11 10:24:22.054663
Spindle_Time,690508.343999999,2025-07-11 10:24:22.054663
Feed_Override,100,2025-07-11 10:24:22.054663
Feed_Rate,68.85,2025-07-11 10:24:22.054663
Program_Runtime_Seconds,54,2025-07-11 10:24:22.054663
Rapid_Override,100,2025-07-11 10:24:22.054663
Rapid_Speed,0,2025-07-11 10:24:22.054663
S_Axis_Load,1,2025-07-11 10:24:22.054663
Spindle_Override,100,2025-07-11 10:24:22.054663
Spindle_Speed,9792,2025-07-11 10:24:22.054663
X_Axis_Load,43,2025-07-11 10:24:22.054663
X_Position,351.453019759143,2025-07-11 10:24:22.054663
Y_Axis_Load,5,2025-07-11 10:24:22.054663
Y_Position,268.890893241046,2025-07-11 10:24:22.054663
Z_Axis_Load,32,2025-07-11 10:24:22.054663
Z_Position,-303.417078176471,2025-07-11 10:24:22.054663
COR_Status,1,2025-07-11 10:24:22.054663
Controller_Mode,AUTO,2025-07-11 10:24:22.054663
EStop_State,ARMED,2025-07-11 10:24:22.054663
Machine_Mode,5,2025-07-11 10:24:22.054663
Block_Number,165,2025-07-11 10:24:22.054663
Current_Tool,6,2025-07-11 10:24:22.054663
Part_Count,3,2025-07-11 10:24:22.054663
Program_Name_Running,000454_D_A_PROGRAM_2.NC,2025-07-11 10:24:22.054663
spindle motor v_rms,1.0,2025-07-11 10:24:22.054663
spindle motor a_peak,11500,2025-07-11 10:24:22.054663
spindle motor a_rms,3700,2025-07-11 10:24:22.054663
spindle motor temp,24.7,2025-07-11 10:24:22.054663
spindle motor crest,3.1,2025-07-11 10:24:22.054663
z-axis bearing v_rms,0.4,2025-07-11 10:24:22.054663
z-axis bearing a_peak,10500,2025-07-11 10:24:22.054663
z-axis bearing a_rms,3400,2025-07-11 10:24:22.054663
z-axis bearing temp,22.5,2025-07-11 10:24:22.054663
z-axis bearing crest,3.1,2025-07-11 10:24:22.054663
z-axis motor v_rms,1.6,2025-07-11 10:24:22.054663
z-axis motor a_peak,4400,2025-07-11 10:24:22.054663
z-axis motor a_rms,1800,2025-07-11 10:24:22.054663
z-axis motor temp,25.4,2025-07-11 10:24:22.054663
z-axis motor crest,2.4,2025-07-11 10:24:22.054663
y-axis bearing v_rms,0.8,2025-07-11 10:24:22.054663
y-axis bearing a_peak,7700,2025-07-11 10:24:22.054663
y-axis bearing a_rms,2400,2025-07-11 10:24:22.054663
y-axis bearing temp,21.4,2025-07-11 10:24:22.054663
y-axis bearing crest,3.2,2025-07-11 10:24:22.054663
y-axis motor v_rms,1.2,2025-07-11 10:24:22.054663
y-axis motor a_peak,10900,2025-07-11 10:24:22.054663
y-axis motor a_rms,3700,2025-07-11 10:24:22.054663
y-axis motor temp,24.2,2025-07-11 10:24:22.054663
y-axis motor crest,2.9,2025-07-11 10:24:22.054663
x-axis motor v_rms,0.9,2025-07-11 10:24:22.054663
x-axis motor a_peak,2600,2025-07-11 10:24:22.054663
x-axis motor a_rms,1100,2025-07-11 10:24:22.054663
x-axis motor temp,21.3,2025-07-11 10:24:22.054663
x-axis motor crest,2.4,2025-07-11 10:24:22.054663
voltage,131.9,2025-07-11 10:24:22.054663
current,12.996666666666664,2025-07-11 10:24:22.054663
active power,1423.3333333333333,2025-07-11 10:24:22.054663
forward kWh,16.265666666666664,2025-07-11 10:24:22.054663
reverse kWh,0.3606666666666667,2025-07-11 10:24:22.054663
frequency,59.99,2025-07-11 10:24:22.054663
power factor,0.8099999999999999,2025-07-11 10:24:22.054663
featureId,NONE,2025-07-11 10:24:23.054970
partKindId,EDB34637-67D8-465A-AFBA-010AD86D34F6,2025-07-11 10:24:23.054970
processKindId,AF6B782E-23DD-4144-8665-11C813BE7660,2025-07-11 10:24:23.054970
A_Axis_Load,16,2025-07-11 10:24:23.054970
A_Position,0.000167897837982586,2025-07-11 10:24:23.054970
C_Axis_Load,45,2025-07-11 10:24:23.054970
C_Position,30.0005,2025-07-11 10:24:23.054970
Machine_Time,2590490.28,2025-07-11 10:24:23.054970
Spindle_Time,690508.343999999,2025-07-11 10:24:23.054970
Feed_Override,100,2025-07-11 10:24:23.054970
Feed_Rate,58.83333,2025-07-11 10:24:23.054970
Program_Runtime_Seconds,55,2025-07-11 10:24:23.054970
Rapid_Override,100,2025-07-11 10:24:23.054970
Rapid_Speed,0,2025-07-11 10:24:23.054970
S_Axis_Load,1,2025-07-11 10:24:23.054970
Spindle_Override,100,2025-07-11 10:24:23.054970
Spindle_Speed,9792,2025-07-11 10:24:23.054970
X_Axis_Load,14,2025-07-11 10:24:23.054970
X_Position,405.268077242603,2025-07-11 10:24:23.054970
Y_Axis_Load,7,2025-07-11 10:24:23.054970
Y_Position,262.541194307555,2025-07-11 10:24:23.054970
Z_Axis_Load,33,2025-07-11 10:24:23.054970
Z_Position,-303.417146832279,2025-07-11 10:24:23.054970
COR_Status,1,2025-07-11 10:24:23.054970
Controller_Mode,AUTO,2025-07-11 10:24:23.054970
EStop_State,ARMED,2025-07-11 10:24:23.054970
Machine_Mode,5,2025-07-11 10:24:23.054970
Block_Number,168,2025-07-11 10:24:23.054970
Current_Tool,6,2025-07-11 10:24:23.054970
Part_Count,3,2025-07-11 10:24:23.054970
Program_Name_Running,000454_D_A_PROGRAM_2.NC,2025-07-11 10:24:23.054970
spindle motor v_rms,0.8,2025-07-11 10:24:23.054970
spindle motor a_peak,11800,2025-07-11 10:24:23.054970
spindle motor a_rms,3400,2025-07-11 10:24:23.054970
spindle motor temp,24.7,2025-07-11 10:24:23.054970
spindle motor crest,3.5,2025-07-11 10:24:23.054970
z-axis bearing v_rms,0.4,2025-07-11 10:24:23.054970
z-axis bearing a_peak,15200,2025-07-11 10:24:23.054970
z-axis bearing a_rms,3500,2025-07-11 10:24:23.054970
z-axis bearing temp,22.5,2025-07-11 10:24:23.054970
z-axis bearing crest,4.3,2025-07-11 10:24:23.054970
z-axis motor v_rms,1.6,2025-07-11 10:24:23.054970
z-axis motor a_peak,5000,2025-07-11 10:24:23.054970
z-axis motor a_rms,1800,2025-07-11 10:24:23.054970
z-axis motor temp,25.4,2025-07-11 10:24:23.054970
z-axis motor crest,2.7,2025-07-11 10:24:23.054970
y-axis bearing v_rms,0.8,2025-07-11 10:24:23.054970
y-axis bearing a_peak,8100,2025-07-11 10:24:23.054970
y-axis bearing a_rms,2600,2025-07-11 10:24:23.054970
y-axis bearing temp,21.4,2025-07-11 10:24:23.054970
y-axis bearing crest,3.2,2025-07-11 10:24:23.054970
y-axis motor v_rms,1.0,2025-07-11 10:24:23.054970
y-axis motor a_peak,10600,2025-07-11 10:24:23.054970
y-axis motor a_rms,3300,2025-07-11 10:24:23.054970
y-axis motor temp,24.2,2025-07-11 10:24:23.054970
y-axis motor crest,3.2,2025-07-11 10:24:23.054970
x-axis motor v_rms,1.1,2025-07-11 10:24:23.054970
x-axis motor a_peak,3800,2025-07-11 10:24:23.054970
x-axis motor a_rms,1300,2025-07-11 10:24:23.054970
x-axis motor temp,21.3,2025-07-11 10:24:23.054970
x-axis motor crest,3.0,2025-07-11 10:24:23.054970
voltage,132.0,2025-07-11 10:24:23.054970
current,11.883333333333333,2025-07-11 10:24:23.054970
active power,1325.0,2025-07-11 10:24:23.054970
forward kWh,16.265666666666664,2025-07-11 10:24:23.054970
reverse kWh,0.3606666666666667,2025-07-11 10:24:23.054970
frequency,59.99,2025-07-11 10:24:23.054970
power factor,0.84,2025-07-11 10:24:23.054970
featureId,NONE,2025-07-11 10:24:24.055234
partKindId,EDB34637-67D8-465A-AFBA-010AD86D34F6,2025-07-11 10:24:24.055234
processKindId,AF6B782E-23DD-4144-8665-11C813BE7660,2025-07-11 10:24:24.055234
A_Axis_Load,16,2025-07-11 10:24:24.055234
A_Position,0.000167897837982586,2025-07-11 10:24:24.055234
C_Axis_Load,45,2025-07-11 10:24:24.055234
C_Position,30,2025-07-11 10:24:24.055234
Machine_Time,2590490.28,2025-07-11 10:24:24.055234
Spindle_Time,690508.343999999,2025-07-11 10:24:24.055234
Feed_Override,100,2025-07-11 10:24:24.055234
Feed_Rate,71.25,2025-07-11 10:24:24.055234
Program_Runtime_Seconds,56,2025-07-11 10:24:24.055234
Rapid_Override,100,2025-07-11 10:24:24.055234
Rapid_Speed,0,2025-07-11 10:24:24.055234
S_Axis_Load,0,2025-07-11 10:24:24.055234
Spindle_Override,100,2025-07-11 10:24:24.055234
Spindle_Speed,9792,2025-07-11 10:24:24.055234
X_Axis_Load,10,2025-07-11 10:24:24.055234
X_Position,367.623012839086,2025-07-11 10:24:24.055234
Y_Axis_Load,0,2025-07-11 10:24:24.055234
Y_Position,243.23797193133,2025-07-11 10:24:24.055234
Z_Axis_Load,33,2025-07-11 10:24:24.055234
Z_Position,-303.417192602818,2025-07-11 10:24:24.055234
COR_Status,1,2025-07-11 10:24:24.055234
Controller_Mode,AUTO,2025-07-11 10:24:24.055234
EStop_State,ARMED,2025-07-11 10:24:24.055234
Machine_Mode,5,2025-07-11 10:24:24.055234
Block_Number,170,2025-07-11 10:24:24.055234
Current_Tool,6,2025-07-11 10:24:24.055234
Part_Count,3,2025-07-11 10:24:24.055234
Program_Name_Running,000454_D_A_PROGRAM_2.NC,2025-07-11 10:24:24.055234
spindle motor v_rms,1.3,2025-07-11 10:24:24.055234
spindle motor a_peak,16900,2025-07-11 10:24:24.055234
spindle motor a_rms,5000,2025-07-11 10:24:24.055234
spindle motor temp,24.7,2025-07-11 10:24:24.055234
spindle motor crest,3.4,2025-07-11 10:24:24.055234
z-axis bearing v_rms,0.3,2025-07-11 10:24:24.055234
z-axis bearing a_peak,15800,2025-07-11 10:24:24.055234
z-axis bearing a_rms,3900,2025-07-11 10:24:24.055234
z-axis bearing temp,22.5,2025-07-11 10:24:24.055234
z-axis bearing crest,4.0,2025-07-11 10:24:24.055234
z-axis motor v_rms,1.7,2025-07-11 10:24:24.055234
z-axis motor a_peak,5900,2025-07-11 10:24:24.055234
z-axis motor a_rms,1900,2025-07-11 10:24:24.055234
z-axis motor temp,25.4,2025-07-11 10:24:24.055234
z-axis motor crest,3.1,2025-07-11 10:24:24.055234
y-axis bearing v_rms,0.7,2025-07-11 10:24:24.055234
y-axis bearing a_peak,9100,2025-07-11 10:24:24.055234
y-axis bearing a_rms,2600,2025-07-11 10:24:24.055234
y-axis bearing temp,21.4,2025-07-11 10:24:24.055234
y-axis bearing crest,3.5,2025-07-11 10:24:24.055234
y-axis motor v_rms,1.2,2025-07-11 10:24:24.055234
y-axis motor a_peak,9800,2025-07-11 10:24:24.055234
y-axis motor a_rms,3800,2025-07-11 10:24:24.055234
y-axis motor temp,24.2,2025-07-11 10:24:24.055234
y-axis motor crest,2.6,2025-07-11 10:24:24.055234
x-axis motor v_rms,0.8,2025-07-11 10:24:24.055234
x-axis motor a_peak,4500,2025-07-11 10:24:24.055234
x-axis motor a_rms,1500,2025-07-11 10:24:24.055234
x-axis motor temp,21.3,2025-07-11 10:24:24.055234
x-axis motor crest,3.0,2025-07-11 10:24:24.055234
voltage,131.96666666666667,2025-07-11 10:24:24.055234
current,12.229999999999999,2025-07-11 10:24:24.055234
active power,1443.0,2025-07-11 10:24:24.055234
forward kWh,16.266000000000002,2025-07-11 10:24:24.055234
reverse kWh,0.3606666666666667,2025-07-11 10:24:24.055234
frequency,59.99,2025-07-11 10:24:24.055234
power factor,0.8933333333333334,2025-07-11 10:24:24.055234
featureId,NONE,2025-07-11 10:24:25.055530
partKindId,EDB34637-67D8-465A-AFBA-010AD86D34F6,2025-07-11 10:24:25.055530
processKindId,AF6B782E-23DD-4144-8665-11C813BE7660,2025-07-11 10:24:25.055530
A_Axis_Load,16,2025-07-11 10:24:25.055530
A_Position,-0.000332225347943367,2025-07-11 10:24:25.055530
C_Axis_Load,45,2025-07-11 10:24:25.055530
C_Position,30.0005,2025-07-11 10:24:25.055530
Machine_Time,2590490.28,2025-07-11 10:24:25.055530
Spindle_Time,690508.343999999,2025-07-11 10:24:25.055530
Feed_Override,100,2025-07-11 10:24:25.055530
Feed_Rate,30.55,2025-07-11 10:24:25.055530
Program_Runtime_Seconds,57,2025-07-11 10:24:25.055530
Rapid_Override,100,2025-07-11 10:24:25.055530
Rapid_Speed,0,2025-07-11 10:24:25.055530
S_Axis_Load,1,2025-07-11 10:24:25.055530
Spindle_Override,100,2025-07-11 10:24:25.055530
Spindle_Speed,9792,2025-07-11 10:24:25.055530
X_Axis_Load,0,2025-07-11 10:24:25.055530
X_Position,380.406303343307,2025-07-11 10:24:25.055530
Y_Axis_Load,17,2025-07-11 10:24:25.055530
Y_Position,256.707018645406,2025-07-11 10:24:25.055530
Z_Axis_Load,32,2025-07-11 10:24:25.055530
Z_Position,-303.417135389644,2025-07-11 10:24:25.055530
COR_Status,1,2025-07-11 10:24:25.055530
Controller_Mode,AUTO,2025-07-11 10:24:25.055530
EStop_State,ARMED,2025-07-11 10:24:25.055530
Machine_Mode,5,2025-07-11 10:24:25.055530
Block_Number,173,2025-07-11 10:24:25.055530
Current_Tool,6,2025-07-11 10:24:25.055530
Part_Count,3,2025-07-11 10:24:25.055530
Program_Name_Running,000454_D_A_PROGRAM_2.NC,2025-07-11 10:24:25.055530
spindle motor v_rms,0.7,2025-07-11 10:24:25.055530
spindle motor a_peak,12400,2025-07-11 10:24:25.055530
spindle motor a_rms,3100,2025-07-11 10:24:25.055530
spindle motor temp,24.7,2025-07-11 10:24:25.055530
spindle motor crest,4.0,2025-07-11 10:24:25.055530
z-axis bearing v_rms,0.3,2025-07-11 10:24:25.055530
z-axis bearing a_peak,13900,2025-07-11 10:24:25.055530
z-axis bearing a_rms,2800,2025-07-11 10:24:25.055530
z-axis bearing temp,22.5,2025-07-11 10:24:25.055530
z-axis bearing crest,5.0,2025-07-11 10:24:25.055530
z-axis motor v_rms,1.7,2025-07-11 10:24:25.055530
z-axis motor a_peak,4300,2025-07-11 10:24:25.055530
z-axis motor a_rms,1800,2025-07-11 10:24:25.055530
z-axis motor temp,25.4,2025-07-11 10:24:25.055530
z-axis motor crest,2.3,2025-07-11 10:24:25.055530
y-axis bearing v_rms,0.6,2025-07-11 10:24:25.055530
y-axis bearing a_peak,6500,2025-07-11 10:24:25.055530
y-axis bearing a_rms,2000,2025-07-11 10:24:25.055530
y-axis bearing temp,21.4,2025-07-11 10:24:25.055530
y-axis bearing crest,3.2,2025-07-11 10:24:25.055530
y-axis motor v_rms,1.1,2025-07-11 10:24:25.055530
y-axis motor a_peak,8800,2025-07-11 10:24:25.055530
y-axis motor a_rms,3200,2025-07-11 10:24:25.055530
y-axis motor temp,24.2,2025-07-11 10:24:25.055530
y-axis motor crest,2.7,2025-07-11 10:24:25.055530
x-axis motor v_rms,1.0,2025-07-11 10:24:25.055530
x-axis motor a_peak,2500,2025-07-11 10:24:25.055530
x-axis motor a_rms,900,2025-07-11 10:24:25.055530
x-axis motor temp,21.3,2025-07-11 10:24:25.055530
x-axis motor crest,2.8,2025-07-11 10:24:25.055530
voltage,131.9,2025-07-11 10:24:25.055530
current,13.013333333333334,2025-07-11 10:24:25.055530
active power,1481.3333333333333,2025-07-11 10:24:25.055530
forward kWh,16.267333333333333,2025-07-11 10:24:25.055530
reverse kWh,0.3606666666666667,2025-07-11 10:24:25.055530
frequency,59.99,2025-07-11 10:24:25.055530
power factor,0.8766666666666666,2025-07-11 10:24:25.055530
featureId,NONE,2025-07-11 10:24:26.055819
partKindId,EDB34637-67D8-465A-AFBA-010AD86D34F6,2025-07-11 10:24:26.055819
processKindId,AF6B782E-23DD-4144-8665-11C813BE7660,2025-07-11 10:24:26.055819
A_Axis_Load,16,2025-07-11 10:24:26.055819
A_Position,0.000167897837982586,2025-07-11 10:24:26.055819
C_Axis_Load,45,2025-07-11 10:24:26.055819
C_Position,30.0005,2025-07-11 10:24:26.055819
Machine_Time,2590490.28,2025-07-11 10:24:26.055819
Spindle_Time,690508.343999999,2025-07-11 10:24:26.055819
Feed_Override,100,2025-07-11 10:24:26.055819
Feed_Rate,70.81667,2025-07-11 10:24:26.055819
Program_Runtime_Seconds,59,2025-07-11 10:24:26.055819
Rapid_Override,100,2025-07-11 10:24:26.055819
Rapid_Speed,0,2025-07-11 10:24:26.055819
S_Axis_Load,0,2025-07-11 10:24:26.055819
Spindle_Override,100,2025-07-11 10:24:26.055819
Spindle_Speed,9792,2025-07-11 10:24:26.055819
X_Axis_Load,12,2025-07-11 10:24:26.055819
X_Position,364.660052360486,2025-07-11 10:24:26.055819
Y_Axis_Load,1,2025-07-11 10:24:26.055819
Y_Position,249.58794103481,2025-07-11 10:24:26.055819
Z_Axis_Load,32,2025-07-11 10:24:26.055819
Z_Position,-303.417089619105,2025-07-11 10:24:26.055819
COR_Status,1,2025-07-11 10:24:26.055819
Controller_Mode,AUTO,2025-07-11 10:24:26.055819
EStop_State,ARMED,2025-07-11 10:24:26.055819
Machine_Mode,5,2025-07-11 10:24:26.055819
Block_Number,176,2025-07-11 10:24:26.055819
Current_Tool,6,2025-07-11 10:24:26.055819
Part_Count,3,2025-07-11 10:24:26.055819
Program_Name_Running,000454_D_A_PROGRAM_2.NC,2025-07-11 10:24:26.055819
spindle motor v_rms,0.9,2025-07-11 10:24:26.055819
spindle motor a_peak,17600,2025-07-11 10:24:26.055819
spindle motor a_rms,3600,2025-07-11 10:24:26.055819
spindle motor temp,24.7,2025-07-11 10:24:26.055819
spindle motor crest,4.9,2025-07-11 10:24:26.055819
z-axis bearing v_rms,0.3,2025-07-11 10:24:26.055819
z-axis bearing a_peak,18900,2025-07-11 10:24:26.055819
z-axis bearing a_rms,3500,2025-07-11 10:24:26.055819
z-axis bearing temp,22.5,2025-07-11 10:24:26.055819
z-axis bearing crest,5.4,2025-07-11 10:24:26.055819
z-axis motor v_rms,1.8,2025-07-11 10:24:26.055819
z-axis motor a_peak,6400,2025-07-11 10:24:26.055819
z-axis motor a_rms,1900,2025-07-11 10:24:26.055819
z-axis motor temp,25.4,2025-07-11 10:24:26.055819
z-axis motor crest,3.3,2025-07-11 10:24:26.055819
y-axis bearing v_rms,0.4,2025-07-11 10:24:26.055819
y-axis bearing a_peak,4900,2025-07-11 10:24:26.055819
y-axis bearing a_rms,1400,2025-07-11 10:24:26.055819
y-axis bearing temp,21.4,2025-07-11 10:24:26.055819
y-axis bearing crest,3.6,2025-07-11 10:24:26.055819
y-axis motor v_rms,0.7,2025-07-11 10:24:26.055819
y-axis motor a_peak,8700,2025-07-11 10:24:26.055819
y-axis motor a_rms,2300,2025-07-11 10:24:26.055819
y-axis motor temp,24.2,2025-07-11 10:24:26.055819
y-axis motor crest,3.8,2025-07-11 10:24:26.055819
x-axis motor v_rms,0.9,2025-07-11 10:24:26.055819
x-axis motor a_peak,2700,2025-07-11 10:24:26.055819
x-axis motor a_rms,400,2025-07-11 10:24:26.055819
x-axis motor temp,21.3,2025-07-11 10:24:26.055819
x-axis motor crest,7.4,2025-07-11 10:24:26.055819
voltage,132.0,2025-07-11 10:24:26.055819
current,11.280000000000001,2025-07-11 10:24:26.055819
active power,1283.3333333333333,2025-07-11 10:24:26.055819
forward kWh,16.267333333333333,2025-07-11 10:24:26.055819
reverse kWh,0.3606666666666667,2025-07-11 10:24:26.055819
frequency,59.99,2025-07-11 10:24:26.055819
power factor,0.86,2025-07-11 10:24:26.055819
featureId,NONE,2025-07-11 10:24:27.056112
partKindId,EDB34637-67D8-465A-AFBA-010AD86D34F6,2025-07-11 10:24:27.056112
processKindId,AF6B782E-23DD-4144-8665-11C813BE7660,2025-07-11 10:24:27.056112
A_Axis_Load,16,2025-07-11 10:24:27.056112
A_Position,0.000167897837982586,2025-07-11 10:24:27.056112
C_Axis_Load,45,2025-07-11 10:24:27.056112
C_Position,30.0005,2025-07-11 10:24:27.056112
Machine_Time,2590490.28,2025-07-11 10:24:27.056112
Spindle_Time,690508.343999999,2025-07-11 10:24:27.056112
Feed_Override,100,2025-07-11 10:24:27.056112
Feed_Rate,40.1,2025-07-11 10:24:27.056112
Program_Runtime_Seconds,0,2025-07-11 10:24:27.056112
Rapid_Override,100,2025-07-11 10:24:27.056112
Rapid_Speed,0,2025-07-11 10:24:27.056112
S_Axis_Load,0,2025-07-11 10:24:27.056112
Spindle_Override,100,2025-07-11 10:24:27.056112
Spindle_Speed,9792,2025-07-11 10:24:27.056112
X_Axis_Load,2,2025-07-11 10:24:27.056112
X_Position,383.83464576549,2025-07-11 10:24:27.056112
Y_Axis_Load,18,2025-07-11 10:24:27.056112
Y_Position,259.367112451656,2025-07-11 10:24:27.056112
Z_Axis_Load,38,2025-07-11 10:24:27.056112
Z_Position,-300.213826791494,2025-07-11 10:24:27.056112
COR_Status,1,2025-07-11 10:24:27.056112
Controller_Mode,AUTO,2025-07-11 10:24:27.056112
EStop_State,ARMED,2025-07-11 10:24:27.056112
Machine_Mode,5,2025-07-11 10:24:27.056112
Block_Number,182,2025-07-11 10:24:27.056112
Current_Tool,6,2025-07-11 10:24:27.056112
Part_Count,3,2025-07-11 10:24:27.056112
Program_Name_Running,000454_D_A_PROGRAM_2.NC,2025-07-11 10:24:27.056112
spindle motor v_rms,0.5,2025-07-11 10:24:27.056112
spindle motor a_peak,3800,2025-07-11 10:24:27.056112
spindle motor a_rms,1100,2025-07-11 10:24:27.056112
spindle motor temp,24.7,2025-07-11 10:24:27.056112
spindle motor crest,3.6,2025-07-11 10:24:27.056112
z-axis bearing v_rms,0.2,2025-07-11 10:24:27.056112
z-axis bearing a_peak,3200,2025-07-11 10:24:27.056112
z-axis bearing a_rms,500,2025-07-11 10:24:27.056112
z-axis bearing temp,22.5,2025-07-11 10:24:27.056112
z-axis bearing crest,7.2,2025-07-11 10:24:27.056112
z-axis motor v_rms,1.8,2025-07-11 10:24:27.056112
z-axis motor a_peak,13700,2025-07-11 10:24:27.056112
z-axis motor a_rms,2500,2025-07-11 10:24:27.056112
z-axis motor temp,25.4,2025-07-11 10:24:27.056112
z-axis motor crest,5.4,2025-07-11 10:24:27.056112
y-axis bearing v_rms,0.1,2025-07-11 10:24:27.056112
y-axis bearing a_peak,3000,2025-07-11 10:24:27.056112
y-axis bearing a_rms,400,2025-07-11 10:24:27.056112
y-axis bearing temp,21.4,2025-07-11 10:24:27.056112
y-axis bearing crest,7.5,2025-07-11 10:24:27.056112
y-axis motor v_rms,0.4,2025-07-11 10:24:27.056112
y-axis motor a_peak,22200,2025-07-11 10:24:27.056112
y-axis motor a_rms,4100,2025-07-11 10:24:27.056112
y-axis motor temp,24.2,2025-07-11 10:24:27.056112
y-axis motor crest,5.4,2025-07-11 10:24:27.056112
x-axis motor v_rms,0.8,2025-07-11 10:24:27.056112
x-axis motor a_peak,500,2025-07-11 10:24:27.056112
x-axis motor a_rms,100,2025-07-11 10:24:27.056112
x-axis motor temp,21.3,2025-07-11 10:24:27.056112
x-axis motor crest,4.3,2025-07-11 10:24:27.056112
voltage,132.06666666666666,2025-07-11 10:24:27.056112
current,9.263333333333334,2025-07-11 10:24:27.056112
active power,1193.0,2025-07-11 10:24:27.056112
forward kWh,16.267666666666667,2025-07-11 10:24:27.056112
reverse kWh,0.3606666666666667,2025-07-11 10:24:27.056112
frequency,59.99,2025-07-11 10:24:27.056112
power factor,0.9666666666666667,2025-07-11 10:24:27.056112
featureId,NONE,2025-07-11 10:24:28.056420
partKindId,EDB34637-67D8-465A-AFBA-010AD86D34F6,2025-07-11 10:24:28.056420
processKindId,AF6B782E-23DD-4144-8665-11C813BE7660,2025-07-11 10:24:28.056420
A_Axis_Load,16,2025-07-11 10:24:28.056420
A_Position,-0.000332225347943367,2025-07-11 10:24:28.056420
C_Axis_Load,45,2025-07-11 10:24:28.056420
C_Position,30.0005,2025-07-11 10:24:28.056420
Machine_Time,2590490.28,2025-07-11 10:24:28.056420
Spindle_Time,690508.343999999,2025-07-11 10:24:28.056420
Feed_Override,100,2025-07-11 10:24:28.056420
Feed_Rate,71.25,2025-07-11 10:24:28.056420
Program_Runtime_Seconds,0,2025-07-11 10:24:28.056420
Rapid_Override,100,2025-07-11 10:24:28.056420
Rapid_Speed,0,2025-07-11 10:24:28.056420
S_Axis_Load,1,2025-07-11 10:24:28.056420
Spindle_Override,100,2025-07-11 10:24:28.056420
Spindle_Speed,9792,2025-07-11 10:24:28.056420
X_Axis_Load,12,2025-07-11 10:24:28.056420
X_Position,385.398970338036,2025-07-11 10:24:28.056420
Y_Axis_Load,7,2025-07-11 10:24:28.056420
Y_Position,300.643849813629,2025-07-11 10:24:28.056420
Z_Axis_Load,33,2025-07-11 10:24:28.056420
Z_Position,-306.315358587514,2025-07-11 10:24:28.056420
COR_Status,1,2025-07-11 10:24:28.056420
Controller_Mode,AUTO,2025-07-11 10:24:28.056420
EStop_State,ARMED,2025-07-11 10:24:28.056420
Machine_Mode,5,2025-07-11 10:24:28.056420
Block_Number,188,2025-07-11 10:24:28.056420
Current_Tool,6,2025-07-11 10:24:28.056420
Part_Count,3,2025-07-11 10:24:28.056420
Program_Name_Running,000454_D_A_PROGRAM_2.NC,2025-07-11 10:24:28.056420
spindle motor v_rms,0.8,2025-07-11 10:24:28.056420
spindle motor a_peak,15200,2025-07-11 10:24:28.056420
spindle motor a_rms,3600,2025-07-11 10:24:28.056420
spindle motor temp,24.7,2025-07-11 10:24:28.056420
spindle motor crest,4.2,2025-07-11 10:24:28.056420
z-axis bearing v_rms,0.4,2025-07-11 10:24:28.056420
z-axis bearing a_peak,17300,2025-07-11 10:24:28.056420
z-axis bearing a_rms,3100,2025-07-11 10:24:28.056420
z-axis bearing temp,22.5,2025-07-11 10:24:28.056420
z-axis bearing crest,5.5,2025-07-11 10:24:28.056420
z-axis motor v_rms,1.8,2025-07-11 10:24:28.056420
z-axis motor a_peak,4900,2025-07-11 10:24:28.056420
z-axis motor a_rms,1900,2025-07-11 10:24:28.056420
z-axis motor temp,25.4,2025-07-11 10:24:28.056420
z-axis motor crest,2.5,2025-07-11 10:24:28.056420
y-axis bearing v_rms,0.7,2025-07-11 10:24:28.056420
y-axis bearing a_peak,3900,2025-07-11 10:24:28.056420
y-axis bearing a_rms,2200,2025-07-11 10:24:28.056420
y-axis bearing temp,21.4,2025-07-11 10:24:28.056420
y-axis bearing crest,1.8,2025-07-11 10:24:28.056420
y-axis motor v_rms,1.4,2025-07-11 10:24:28.056420
y-axis motor a_peak,8400,2025-07-11 10:24:28.056420
y-axis motor a_rms,4400,2025-07-11 10:24:28.056420
y-axis motor temp,24.2,2025-07-11 10:24:28.056420
y-axis motor crest,1.9,2025-07-11 10:24:28.056420
x-axis motor v_rms,0.5,2025-07-11 10:24:28.056420
x-axis motor a_peak,2900,2025-07-11 10:24:28.056420
x-axis motor a_rms,1300,2025-07-11 10:24:28.056420
x-axis motor temp,21.3,2025-07-11 10:24:28.056420
x-axis motor crest,2.3,2025-07-11 10:24:28.056420
voltage,132.1,2025-07-11 10:24:28.056420
current,8.950000000000001,2025-07-11 10:24:28.056420
active power,1041.6666666666667,2025-07-11 10:24:28.056420
forward kWh,16.268,2025-07-11 10:24:28.056420
reverse kWh,0.3606666666666667,2025-07-11 10:24:28.056420
frequency,60.0,2025-07-11 10:24:28.056420
power factor,0.94,2025-07-11 10:24:28.056420
featureId,NONE,2025-07-11 10:24:29.056735
partKindId,EDB34637-67D8-465A-AFBA-010AD86D34F6,2025-07-11 10:24:29.056735
processKindId,AF6B782E-23DD-4144-8665-11C813BE7660,2025-07-11 10:24:29.056735
A_Axis_Load,16,2025-07-11 10:24:29.056735
A_Position,0.000167897837982586,2025-07-11 10:24:29.056735
C_Axis_Load,45,2025-07-11 10:24:29.056735
C_Position,30.0005,2025-07-11 10:24:29.056735
Machine_Time,2590490.28,2025-07-11 10:24:29.056735
Spindle_Time,690508.343999999,2025-07-11 10:24:29.056735
Feed_Override,100,2025-07-11 10:24:29.056735
Feed_Rate,71.25,2025-07-11 10:24:29.056735
Program_Runtime_Seconds,1,2025-07-11 10:24:29.056735
Rapid_Override,100,2025-07-11 10:24:29.056735
Rapid_Speed,0,2025-07-11 10:24:29.056735
S_Axis_Load,0,2025-07-11 10:24:29.056735
Spindle_Override,100,2025-07-11 10:24:29.056735
Spindle_Speed,9792,2025-07-11 10:24:29.056735
X_Axis_Load,3,2025-07-11 10:24:29.056735
X_Position,443.905667906881,2025-07-11 10:24:29.056735
Y_Axis_Load,10,2025-07-11 10:24:29.056735
Y_Position,286.392577926468,2025-07-11 10:24:29.056735
Z_Axis_Load,34,2025-07-11 10:24:29.056735
Z_Position,-306.315232719613,2025-07-11 10:24:29.056735
COR_Status,1,2025-07-11 10:24:29.056735
Controller_Mode,AUTO,2025-07-11 10:24:29.056735
EStop_State,ARMED,2025-07-11 10:24:29.056735
Machine_Mode,5,2025-07-11 10:24:29.056735
Block_Number,189,2025-07-11 10:24:29.056735
Current_Tool,6,2025-07-11 10:24:29.056735
Part_Count,3,2025-07-11 10:24:29.056735
Program_Name_Running,000454_D_A_PROGRAM_2.NC,2025-07-11 10:24:29.056735
spindle motor v_rms,0.5,2025-07-11 10:24:29.056735
spindle motor a_peak,13200,2025-07-11 10:24:29.056735
spindle motor a_rms,2100,2025-07-11 10:24:29.056735
spindle motor temp,24.7,2025-07-11 10:24:29.056735
spindle motor crest,6.2,2025-07-11 10:24:29.056735
z-axis bearing v_rms,0.3,2025-07-11 10:24:29.056735
z-axis bearing a_peak,12800,2025-07-11 10:24:29.056735
z-axis bearing a_rms,3000,2025-07-11 10:24:29.056735
z-axis bearing temp,22.5,2025-07-11 10:24:29.056735
z-axis bearing crest,4.3,2025-07-11 10:24:29.056735
z-axis motor v_rms,1.8,2025-07-11 10:24:29.056735
z-axis motor a_peak,4500,2025-07-11 10:24:29.056735
z-axis motor a_rms,1800,2025-07-11 10:24:29.056735
z-axis motor temp,25.4,2025-07-11 10:24:29.056735
z-axis motor crest,2.5,2025-07-11 10:24:29.056735
y-axis bearing v_rms,0.4,2025-07-11 10:24:29.056735
y-axis bearing a_peak,3300,2025-07-11 10:24:29.056735
y-axis bearing a_rms,1300,2025-07-11 10:24:29.056735
y-axis bearing temp,21.4,2025-07-11 10:24:29.056735
y-axis bearing crest,2.5,2025-07-11 10:24:29.056735
y-axis motor v_rms,0.6,2025-07-11 10:24:29.056735
y-axis motor a_peak,7700,2025-07-11 10:24:29.056735
y-axis motor a_rms,2400,2025-07-11 10:24:29.056735
y-axis motor temp,24.2,2025-07-11 10:24:29.056735
y-axis motor crest,3.2,2025-07-11 10:24:29.056735
x-axis motor v_rms,0.4,2025-07-11 10:24:29.056735
x-axis motor a_peak,2200,2025-07-11 10:24:29.056735
x-axis motor a_rms,1000,2025-07-11 10:24:29.056735
x-axis motor temp,21.3,2025-07-11 10:24:29.056735
x-axis motor crest,2.1,2025-07-11 10:24:29.056735
voltage,132.1,2025-07-11 10:24:29.056735
current,9.24,2025-07-11 10:24:29.056735
active power,1055.3333333333333,2025-07-11 10:24:29.056735
forward kWh,16.268333333333334,2025-07-11 10:24:29.056735
reverse kWh,0.3606666666666667,2025-07-11 10:24:29.056735
frequency,59.99,2025-07-11 10:24:29.056735
power factor,1.0,2025-07-11 10:24:29.056735
featureId,NONE,2025-07-11 10:24:30.057015
partKindId,EDB34637-67D8-465A-AFBA-010AD86D34F6,2025-07-11 10:24:30.057015
processKindId,AF6B782E-23DD-4144-8665-11C813BE7660,2025-07-11 10:24:30.057015
A_Axis_Load,16,2025-07-11 10:24:30.057015
A_Position,0.000167897837982586,2025-07-11 10:24:30.057015
C_Axis_Load,45,2025-07-11 10:24:30.057015
C_Position,30.0005,2025-07-11 10:24:30.057015
Machine_Time,2590850.753,2025-07-11 10:24:30.057015
Spindle_Time,690508.343999999,2025-07-11 10:24:30.057015
Feed_Override,100,2025-07-11 10:24:30.057015
Feed_Rate,71.25,2025-07-11 10:24:30.057015
Program_Runtime_Seconds,2,2025-07-11 10:24:30.057015
Rapid_Override,100,2025-07-11 10:24:30.057015
Rapid_Speed,0,2025-07-11 10:24:30.057015
S_Axis_Load,0,2025-07-11 10:24:30.057015
Spindle_Override,100,2025-07-11 10:24:30.057015
Spindle_Speed,9792,2025-07-11 10:24:30.057015
X_Axis_Load,4,2025-07-11 10:24:30.057015
X_Position,443.905610678394,2025-07-11 10:24:30.057015
Y_Axis_Load,10,2025-07-11 10:24:30.057015
Y_Position,220.275361218175,2025-07-11 10:24:30.057015
Z_Axis_Load,34,2025-07-11 10:24:30.057015
Z_Position,-306.315267047222,2025-07-11 10:24:30.057015
COR_Status,1,2025-07-11 10:24:30.057015
Controller_Mode,AUTO,2025-07-11 10:24:30.057015
EStop_State,ARMED,2025-07-11 10:24:30.057015
Machine_Mode,5,2025-07-11 10:24:30.057015
Block_Number,189,2025-07-11 10:24:30.057015
Current_Tool,6,2025-07-11 10:24:30.057015
Part_Count,3,2025-07-11 10:24:30.057015
Program_Name_Running,000454_D_A_PROGRAM_2.NC,2025-07-11 10:24:30.057015
spindle motor v_rms,0.5,2025-07-11 10:24:30.057015
spindle motor a_peak,10200,2025-07-11 10:24:30.057015
spindle motor a_rms,2000,2025-07-11 10:24:30.057015
spindle motor temp,24.7,2025-07-11 10:24:30.057015
spindle motor crest,5.2,2025-07-11 10:24:30.057015
z-axis bearing v_rms,0.2,2025-07-11 10:24:30.057015
z-axis bearing a_peak,14500,2025-07-11 10:24:30.057015
z-axis bearing a_rms,2900,2025-07-11 10:24:30.057015
z-axis bearing temp,22.5,2025-07-11 10:24:30.057015
z-axis bearing crest,5.1,2025-07-11 10:24:30.057015
z-axis motor v_rms,1.7,2025-07-11 10:24:30.057015
z-axis motor a_peak,4500,2025-07-11 10:24:30.057015
z-axis motor a_rms,1800,2025-07-11 10:24:30.057015
z-axis motor temp,25.4,2025-07-11 10:24:30.057015
z-axis motor crest,2.5,2025-07-11 10:24:30.057015
y-axis bearing v_rms,0.3,2025-07-11 10:24:30.057015
y-axis bearing a_peak,3200,2025-07-11 10:24:30.057015
y-axis bearing a_rms,1100,2025-07-11 10:24:30.057015
y-axis bearing temp,21.4,2025-07-11 10:24:30.057015
y-axis bearing crest,2.9,2025-07-11 10:24:30.057015
y-axis motor v_rms,0.5,2025-07-11 10:24:30.057015
y-axis motor a_peak,7300,2025-07-11 10:24:30.057015
y-axis motor a_rms,2000,2025-07-11 10:24:30.057015
y-axis motor temp,24.2,2025-07-11 10:24:30.057015
y-axis motor crest,3.7,2025-07-11 10:24:30.057015
x-axis motor v_rms,0.9,2025-07-11 10:24:30.057015
x-axis motor a_peak,2500,2025-07-11 10:24:30.057015
x-axis motor a_rms,600,2025-07-11 10:24:30.057015
x-axis motor temp,21.3,2025-07-11 10:24:30.057015
x-axis motor crest,4.0,2025-07-11 10:24:30.057015
voltage,132.1,2025-07-11 10:24:30.057015
current,9.89,2025-07-11 10:24:30.057015
active power,1140.0,2025-07-11 10:24:30.057015
forward kWh,16.268333333333334,2025-07-11 10:24:30.057015
reverse kWh,0.3606666666666667,2025-07-11 10:24:30.057015
frequency,60.0,2025-07-11 10:24:30.057015
power factor,0.8666666666666667,2025-07-11 10:24:30.057015
featureId,NONE,2025-07-11 10:24:31.057358
partKindId,EDB34637-67D8-465A-AFBA-010AD86D34F6,2025-07-11 10:24:31.057358
processKindId,AF6B782E-23DD-4144-8665-11C813BE7660,2025-07-11 10:24:31.057358
A_Axis_Load,16,2025-07-11 10:24:31.057358
A_Position,0.000167897837982586,2025-07-11 10:24:31.057358
C_Axis_Load,45,2025-07-11 10:24:31.057358
C_Position,30,2025-07-11 10:24:31.057358
Machine_Time,2590850.753,2025-07-11 10:24:31.057358
Spindle_Time,690508.343999999,2025-07-11 10:24:31.057358
Feed_Override,100,2025-07-11 10:24:31.057358
Feed_Rate,71.25,2025-07-11 10:24:31.057358
Program_Runtime_Seconds,3,2025-07-11 10:24:31.057358
Rapid_Override,100,2025-07-11 10:24:31.057358
Rapid_Speed,0,2025-07-11 10:24:31.057358
S_Axis_Load,0,2025-07-11 10:24:31.057358
Spindle_Override,100,2025-07-11 10:24:31.057358
Spindle_Speed,9792,2025-07-11 10:24:31.057358
X_Axis_Load,11,2025-07-11 10:24:31.057358
X_Position,393.621854072783,2025-07-11 10:24:31.057358
Y_Axis_Load,2,2025-07-11 10:24:31.057358
Y_Position,205.137975414871,2025-07-11 10:24:31.057358
Z_Axis_Load,32,2025-07-11 10:24:31.057358
Z_Position,-306.315152621857,2025-07-11 10:24:31.057358
COR_Status,1,2025-07-11 10:24:31.057358
Controller_Mode,AUTO,2025-07-11 10:24:31.057358
EStop_State,ARMED,2025-07-11 10:24:31.057358
Machine_Mode,5,2025-07-11 10:24:31.057358
Block_Number,190,2025-07-11 10:24:31.057358
Current_Tool,6,2025-07-11 10:24:31.057358
Part_Count,3,2025-07-11 10:24:31.057358
Program_Name_Running,000454_D_A_PROGRAM_2.NC,2025-07-11 10:24:31.057358
spindle motor v_rms,1.4,2025-07-11 10:24:31.057358
spindle motor a_peak,14200,2025-07-11 10:24:31.057358
spindle motor a_rms,5400,2025-07-11 10:24:31.057358
spindle motor temp,24.7,2025-07-11 10:24:31.057358
spindle motor crest,2.6,2025-07-11 10:24:31.057358
z-axis bearing v_rms,0.3,2025-07-11 10:24:31.057358
z-axis bearing a_peak,11500,2025-07-11 10:24:31.057358
z-axis bearing a_rms,4800,2025-07-11 10:24:31.057358
z-axis bearing temp,22.5,2025-07-11 10:24:31.057358
z-axis bearing crest,2.4,2025-07-11 10:24:31.057358
z-axis motor v_rms,1.8,2025-07-11 10:24:31.057358
z-axis motor a_peak,4500,2025-07-11 10:24:31.057358
z-axis motor a_rms,2000,2025-07-11 10:24:31.057358
z-axis motor temp,25.4,2025-07-11 10:24:31.057358
z-axis motor crest,2.3,2025-07-11 10:24:31.057358
y-axis bearing v_rms,0.6,2025-07-11 10:24:31.057358
y-axis bearing a_peak,3700,2025-07-11 10:24:31.057358
y-axis bearing a_rms,1900,2025-07-11 10:24:31.057358
y-axis bearing temp,21.4,2025-07-11 10:24:31.057358
y-axis bearing crest,1.9,2025-07-11 10:24:31.057358
y-axis motor v_rms,1.3,2025-07-11 10:24:31.057358
y-axis motor a_peak,9600,2025-07-11 10:24:31.057358
y-axis motor a_rms,4200,2025-07-11 10:24:31.057358
y-axis motor temp,24.2,2025-07-11 10:24:31.057358
y-axis motor crest,2.3,2025-07-11 10:24:31.057358
x-axis motor v_rms,0.5,2025-07-11 10:24:31.057358
x-axis motor a_peak,3100,2025-07-11 10:24:31.057358
x-axis motor a_rms,1400,2025-07-11 10:24:31.057358
x-axis motor temp,21.3,2025-07-11 10:24:31.057358
x-axis motor crest,2.1,2025-07-11 10:24:31.057358
voltage,132.06666666666663,2025-07-11 10:24:31.057358
current,10.133333333333333,2025-07-11 10:24:31.057358
active power,1167.3333333333333,2025-07-11 10:24:31.057358
forward kWh,16.269000000000002,2025-07-11 10:24:31.057358
reverse kWh,0.3606666666666667,2025-07-11 10:24:31.057358
frequency,60.0,2025-07-11 10:24:31.057358
power factor,0.8566666666666668,2025-07-11 10:24:31.057358
featureId,NONE,2025-07-11 10:24:32.057680
partKindId,EDB34637-67D8-465A-AFBA-010AD86D34F6,2025-07-11 10:24:32.057680
processKindId,AF6B782E-23DD-4144-8665-11C813BE7660,2025-07-11 10:24:32.057680
A_Axis_Load,16,2025-07-11 10:24:32.057680
A_Position,0.000167897837982586,2025-07-11 10:24:32.057680
C_Axis_Load,45,2025-07-11 10:24:32.057680
C_Position,30.0005,2025-07-11 10:24:32.057680
Machine_Time,2590850.753,2025-07-11 10:24:32.057680
Spindle_Time,690508.343999999,2025-07-11 10:24:32.057680
Feed_Override,100,2025-07-11 10:24:32.057680
Feed_Rate,71.25,2025-07-11 10:24:32.057680
Program_Runtime_Seconds,4,2025-07-11 10:24:32.057680
Rapid_Override,100,2025-07-11 10:24:32.057680
Rapid_Speed,0,2025-07-11 10:24:32.057680
S_Axis_Load,1,2025-07-11 10:24:32.057680
Spindle_Override,100,2025-07-11 10:24:32.057680
Spindle_Speed,9792,2025-07-11 10:24:32.057680
X_Axis_Load,7,2025-07-11 10:24:32.057680
X_Position,320.173397130481,2025-07-11 10:24:32.057680
Y_Axis_Load,3,2025-07-11 10:24:32.057680
Y_Position,205.138044075267,2025-07-11 10:24:32.057680
Z_Axis_Load,33,2025-07-11 10:24:32.057680
Z_Position,-306.315186949467,2025-07-11 10:24:32.057680
COR_Status,1,2025-07-11 10:24:32.057680
Controller_Mode,AUTO,2025-07-11 10:24:32.057680
EStop_State,ARMED,2025-07-11 10:24:32.057680
Machine_Mode,5,2025-07-11 10:24:32.057680
Block_Number,190,2025-07-11 10:24:32.057680
Current_Tool,6,2025-07-11 10:24:32.057680
Part_Count,3,2025-07-11 10:24:32.057680
Program_Name_Running,000454_D_A_PROGRAM_2.NC,2025-07-11 10:24:32.057680
spindle motor v_rms,0.6,2025-07-11 10:24:32.057680
spindle motor a_peak,11900,2025-07-11 10:24:32.057680
spindle motor a_rms,2300,2025-07-11 10:24:32.057680
spindle motor temp,24.8,2025-07-11 10:24:32.057680
spindle motor crest,5.1,2025-07-11 10:24:32.057680
z-axis bearing v_rms,0.2,2025-07-11 10:24:32.057680
z-axis bearing a_peak,9500,2025-07-11 10:24:32.057680
z-axis bearing a_rms,2100,2025-07-11 10:24:32.057680
z-axis bearing temp,22.5,2025-07-11 10:24:32.057680
z-axis bearing crest,4.6,2025-07-11 10:24:32.057680
z-axis motor v_rms,1.8,2025-07-11 10:24:32.057680
z-axis motor a_peak,4500,2025-07-11 10:24:32.057680
z-axis motor a_rms,1900,2025-07-11 10:24:32.057680
z-axis motor temp,25.4,2025-07-11 10:24:32.057680
z-axis motor crest,2.4,2025-07-11 10:24:32.057680
y-axis bearing v_rms,0.2,2025-07-11 10:24:32.057680
y-axis bearing a_peak,2100,2025-07-11 10:24:32.057680
y-axis bearing a_rms,600,2025-07-11 10:24:32.057680
y-axis bearing temp,21.4,2025-07-11 10:24:32.057680
y-axis bearing crest,3.6,2025-07-11 10:24:32.057680
y-axis motor v_rms,0.4,2025-07-11 10:24:32.057680
y-axis motor a_peak,6500,2025-07-11 10:24:32.057680
y-axis motor a_rms,1800,2025-07-11 10:24:32.057680
y-axis motor temp,24.2,2025-07-11 10:24:32.057680
y-axis motor crest,3.6,2025-07-11 10:24:32.057680
x-axis motor v_rms,0.6,2025-07-11 10:24:32.057680
x-axis motor a_peak,1500,2025-07-11 10:24:32.057680
x-axis motor a_rms,500,2025-07-11 10:24:32.057680
x-axis motor temp,21.3,2025-07-11 10:24:32.057680
x-axis motor crest,3.4,2025-07-11 10:24:32.057680
voltage,131.9,2025-07-11 10:24:32.057680
current,12.313333333333333,2025-07-11 10:24:32.057680
active power,1404.6666666666667,2025-07-11 10:24:32.057680
forward kWh,16.269333333333332,2025-07-11 10:24:32.057680
reverse kWh,0.3606666666666667,2025-07-11 10:24:32.057680
frequency,60.0,2025-07-11 10:24:32.057680
power factor,0.8733333333333334,2025-07-11 10:24:32.057680
featureId,NONE,2025-07-11 10:24:33.057964
partKindId,EDB34637-67D8-465A-AFBA-010AD86D34F6,2025-07-11 10:24:33.057964
processKindId,AF6B782E-23DD-4144-8665-11C813BE7660,2025-07-11 10:24:33.057964
A_Axis_Load,16,2025-07-11 10:24:33.057964
A_Position,0.000167897837982586,2025-07-11 10:24:33.057964
C_Axis_Load,45,2025-07-11 10:24:33.057964
C_Position,30.0005,2025-07-11 10:24:33.057964
Machine_Time,2590850.753,2025-07-11 10:24:33.057964
Spindle_Time,690508.343999999,2025-07-11 10:24:33.057964
Feed_Override,100,2025-07-11 10:24:33.057964
Feed_Rate,71.25,2025-07-11 10:24:33.057964
Program_Runtime_Seconds,5,2025-07-11 10:24:33.057964
Rapid_Override,100,2025-07-11 10:24:33.057964
Rapid_Speed,0,2025-07-11 10:24:33.057964
S_Axis_Load,0,2025-07-11 10:24:33.057964
Spindle_Override,100,2025-07-11 10:24:33.057964
Spindle_Speed,9792,2025-07-11 10:24:33.057964
X_Axis_Load,4,2025-07-11 10:24:33.057964
X_Position,316.905592708187,2025-07-11 10:24:33.057964
Y_Axis_Load,10,2025-07-11 10:24:33.057964
Y_Position,267.293550296763,2025-07-11 10:24:33.057964
Z_Axis_Load,33,2025-07-11 10:24:33.057964
Z_Position,-306.315278489759,2025-07-11 10:24:33.057964
COR_Status,1,2025-07-11 10:24:33.057964
Controller_Mode,AUTO,2025-07-11 10:24:33.057964
EStop_State,ARMED,2025-07-11 10:24:33.057964
Machine_Mode,5,2025-07-11 10:24:33.057964
Block_Number,191,2025-07-11 10:24:33.057964
Current_Tool,6,2025-07-11 10:24:33.057964
Part_Count,3,2025-07-11 10:24:33.057964
Program_Name_Running,000454_D_A_PROGRAM_2.NC,2025-07-11 10:24:33.057964
spindle motor v_rms,0.5,2025-07-11 10:24:33.057964
spindle motor a_peak,5400,2025-07-11 10:24:33.057964
spindle motor a_rms,1600,2025-07-11 10:24:33.057964
spindle motor temp,24.8,2025-07-11 10:24:33.057964
spindle motor crest,3.4,2025-07-11 10:24:33.057964
z-axis bearing v_rms,0.2,2025-07-11 10:24:33.057964
z-axis bearing a_peak,5400,2025-07-11 10:24:33.057964
z-axis bearing a_rms,1900,2025-07-11 10:24:33.057964
z-axis bearing temp,22.5,2025-07-11 10:24:33.057964
z-axis bearing crest,2.8,2025-07-11 10:24:33.057964
z-axis motor v_rms,1.8,2025-07-11 10:24:33.057964
z-axis motor a_peak,4000,2025-07-11 10:24:33.057964
z-axis motor a_rms,1900,2025-07-11 10:24:33.057964
z-axis motor temp,25.4,2025-07-11 10:24:33.057964
z-axis motor crest,2.1,2025-07-11 10:24:33.057964
y-axis bearing v_rms,0.2,2025-07-11 10:24:33.057964
y-axis bearing a_peak,2200,2025-07-11 10:24:33.057964
y-axis bearing a_rms,800,2025-07-11 10:24:33.057964
y-axis bearing temp,21.4,2025-07-11 10:24:33.057964
y-axis bearing crest,2.8,2025-07-11 10:24:33.057964
y-axis motor v_rms,0.4,2025-07-11 10:24:33.057964
y-axis motor a_peak,6600,2025-07-11 10:24:33.057964
y-axis motor a_rms,2000,2025-07-11 10:24:33.057964
y-axis motor temp,24.2,2025-07-11 10:24:33.057964
y-axis motor crest,3.3,2025-07-11 10:24:33.057964
x-axis motor v_rms,0.3,2025-07-11 10:24:33.057964
x-axis motor a_peak,1300,2025-07-11 10:24:33.057964
x-axis motor a_rms,500,2025-07-11 10:24:33.057964
x-axis motor temp,21.3,2025-07-11 10:24:33.057964
x-axis motor crest,2.5,2025-07-11 10:24:33.057964
voltage,132.13333333333333,2025-07-11 10:24:33.057964
current,9.336666666666668,2025-07-11 10:24:33.057964
active power,1080.3333333333333,2025-07-11 10:24:33.057964
forward kWh,16.269666666666666,2025-07-11 10:24:33.057964
reverse kWh,0.3606666666666667,2025-07-11 10:24:33.057964
frequency,60.0,2025-07-11 10:24:33.057964
power factor,0.7600000000000001,2025-07-11 10:24:33.057964
featureId,NONE,2025-07-11 10:24:34.058262
partKindId,EDB34637-67D8-465A-AFBA-010AD86D34F6,2025-07-11 10:24:34.058262
processKindId,AF6B782E-23DD-4144-8665-11C813BE7660,2025-07-11 10:24:34.058262
A_Axis_Load,16,2025-07-11 10:24:34.058262
A_Position,-0.000332225347943367,2025-07-11 10:24:34.058262
C_Axis_Load,45,2025-07-11 10:24:34.058262
C_Position,30.0005,2025-07-11 10:24:34.058262
Machine_Time,2590850.753,2025-07-11 10:24:34.058262
Spindle_Time,690508.343999999,2025-07-11 10:24:34.058262
Feed_Override,100,2025-07-11 10:24:34.058262
Feed_Rate,71.25,2025-07-11 10:24:34.058262
Program_Runtime_Seconds,6,2025-07-11 10:24:34.058262
Rapid_Override,100,2025-07-11 10:24:34.058262
Rapid_Speed,0,2025-07-11 10:24:34.058262
S_Axis_Load,1,2025-07-11 10:24:34.058262
Spindle_Override,100,2025-07-11 10:24:34.058262
Spindle_Speed,9792,2025-07-11 10:24:34.058262
X_Axis_Load,10,2025-07-11 10:24:34.058262
X_Position,359.98690444355,2025-07-11 10:24:34.058262
Y_Axis_Load,2,2025-07-11 10:24:34.058262
Y_Position,300.642057427053,2025-07-11 10:24:34.058262
Z_Axis_Load,33,2025-07-11 10:24:34.058262
Z_Position,-306.315244162149,2025-07-11 10:24:34.058262
COR_Status,1,2025-07-11 10:24:34.058262
Controller_Mode,AUTO,2025-07-11 10:24:34.058262
EStop_State,ARMED,2025-07-11 10:24:34.058262
Machine_Mode,5,2025-07-11 10:24:34.058262
Block_Number,192,2025-07-11 10:24:34.058262
Current_Tool,6,2025-07-11 10:24:34.058262
Part_Count,3,2025-07-11 10:24:34.058262
Program_Name_Running,000454_D_A_PROGRAM_2.NC,2025-07-11 10:24:34.058262
spindle motor v_rms,0.9,2025-07-11 10:24:34.058262
spindle motor a_peak,17400,2025-07-11 10:24:34.058262
spindle motor a_rms,4100,2025-07-11 10:24:34.058262
spindle motor temp,24.8,2025-07-11 10:24:34.058262
spindle motor crest,4.2,2025-07-11 10:24:34.058262
z-axis bearing v_rms,0.4,2025-07-11 10:24:34.058262
z-axis bearing a_peak,10800,2025-07-11 10:24:34.058262
z-axis bearing a_rms,3000,2025-07-11 10:24:34.058262
z-axis bearing temp,22.5,2025-07-11 10:24:34.058262
z-axis bearing crest,3.6,2025-07-11 10:24:34.058262
z-axis motor v_rms,1.8,2025-07-11 10:24:34.058262
z-axis motor a_peak,4800,2025-07-11 10:24:34.058262
z-axis motor a_rms,1900,2025-07-11 10:24:34.058262
z-axis motor temp,25.4,2025-07-11 10:24:34.058262
z-axis motor crest,2.5,2025-07-11 10:24:34.058262
y-axis bearing v_rms,0.7,2025-07-11 10:24:34.058262
y-axis bearing a_peak,4300,2025-07-11 10:24:34.058262
y-axis bearing a_rms,2100,2025-07-11 10:24:34.058262
y-axis bearing temp,21.4,2025-07-11 10:24:34.058262
y-axis bearing crest,2.1,2025-07-11 10:24:34.058262
y-axis motor v_rms,1.2,2025-07-11 10:24:34.058262
y-axis motor a_peak,7700,2025-07-11 10:24:34.058262
y-axis motor a_rms,3500,2025-07-11 10:24:34.058262
y-axis motor temp,24.2,2025-07-11 10:24:34.058262
y-axis motor crest,2.2,2025-07-11 10:24:34.058262
x-axis motor v_rms,0.5,2025-07-11 10:24:34.058262
x-axis motor a_peak,4000,2025-07-11 10:24:34.058262
x-axis motor a_rms,1500,2025-07-11 10:24:34.058262
x-axis motor temp,21.3,2025-07-11 10:24:34.058262
x-axis motor crest,2.6,2025-07-11 10:24:34.058262
voltage,132.13333333333333,2025-07-11 10:24:34.058262
current,9.333333333333334,2025-07-11 10:24:34.058262
active power,1082.0,2025-07-11 10:24:34.058262
forward kWh,16.269666666666666,2025-07-11 10:24:34.058262
reverse kWh,0.3606666666666667,2025-07-11 10:24:34.058262
frequency,60.0,2025-07-11 10:24:34.058262
power factor,0.8700000000000001,2025-07-11 10:24:34.058262
featureId,NONE,2025-07-11 10:24:35.058558
partKindId,EDB34637-67D8-465A-AFBA-010AD86D34F6,2025-07-11 10:24:35.058558
processKindId,AF6B782E-23DD-4144-8665-11C813BE7660,2025-07-11 10:24:35.058558
A_Axis_Load,16,2025-07-11 10:24:35.058558
A_Position,0.000167897837982586,2025-07-11 10:24:35.058558
C_Axis_Load,45,2025-07-11 10:24:35.058558
C_Position,30.0005,2025-07-11 10:24:35.058558
Machine_Time,2590850.753,2025-07-11 10:24:35.058558
Spindle_Time,690508.343999999,2025-07-11 10:24:35.058558
Feed_Override,100,2025-07-11 10:24:35.058558
Feed_Rate,71.25,2025-07-11 10:24:35.058558
Program_Runtime_Seconds,7,2025-07-11 10:24:35.058558
Rapid_Override,100,2025-07-11 10:24:35.058558
Rapid_Speed,0,2025-07-11 10:24:35.058558
S_Axis_Load,2,2025-07-11 10:24:35.058558
Spindle_Override,100,2025-07-11 10:24:35.058558
Spindle_Speed,9792,2025-07-11 10:24:35.058558
X_Axis_Load,13,2025-07-11 10:24:35.058558
X_Position,407.172783919905,2025-07-11 10:24:35.058558
Y_Axis_Load,7,2025-07-11 10:24:35.058558
Y_Position,294.291979968679,2025-07-11 10:24:35.058558
Z_Axis_Load,32,2025-07-11 10:24:35.058558
Z_Position,-306.315129736784,2025-07-11 10:24:35.058558
COR_Status,1,2025-07-11 10:24:35.058558
Controller_Mode,AUTO,2025-07-11 10:24:35.058558
EStop_State,ARMED,2025-07-11 10:24:35.058558
Machine_Mode,5,2025-07-11 10:24:35.058558
Block_Number,194,2025-07-11 10:24:35.058558
Current_Tool,6,2025-07-11 10:24:35.058558
Part_Count,3,2025-07-11 10:24:35.058558
Program_Name_Running,000454_D_A_PROGRAM_2.NC,2025-07-11 10:24:35.058558
spindle motor v_rms,0.8,2025-07-11 10:24:35.058558
spindle motor a_peak,17400,2025-07-11 10:24:35.058558
spindle motor a_rms,4000,2025-07-11 10:24:35.058558
spindle motor temp,24.8,2025-07-11 10:24:35.058558
spindle motor crest,4.3,2025-07-11 10:24:35.058558
z-axis bearing v_rms,0.4,2025-07-11 10:24:35.058558
z-axis bearing a_peak,18300,2025-07-11 10:24:35.058558
z-axis bearing a_rms,3800,2025-07-11 10:24:35.058558
z-axis bearing temp,22.5,2025-07-11 10:24:35.058558
z-axis bearing crest,4.8,2025-07-11 10:24:35.058558
z-axis motor v_rms,1.8,2025-07-11 10:24:35.058558
z-axis motor a_peak,5700,2025-07-11 10:24:35.058558
z-axis motor a_rms,2000,2025-07-11 10:24:35.058558
z-axis motor temp,25.4,2025-07-11 10:24:35.058558
z-axis motor crest,2.9,2025-07-11 10:24:35.058558
y-axis bearing v_rms,0.8,2025-07-11 10:24:35.058558
y-axis bearing a_peak,5900,2025-07-11 10:24:35.058558
y-axis bearing a_rms,2400,2025-07-11 10:24:35.058558
y-axis bearing temp,21.4,2025-07-11 10:24:35.058558
y-axis bearing crest,2.4,2025-07-11 10:24:35.058558
y-axis motor v_rms,1.1,2025-07-11 10:24:35.058558
y-axis motor a_peak,9600,2025-07-11 10:24:35.058558
y-axis motor a_rms,3400,2025-07-11 10:24:35.058558
y-axis motor temp,24.2,2025-07-11 10:24:35.058558
y-axis motor crest,2.8,2025-07-11 10:24:35.058558
x-axis motor v_rms,0.4,2025-07-11 10:24:35.058558
x-axis motor a_peak,3200,2025-07-11 10:24:35.058558
x-axis motor a_rms,1000,2025-07-11 10:24:35.058558
x-axis motor temp,21.3,2025-07-11 10:24:35.058558
x-axis motor crest,3.0,2025-07-11 10:24:35.058558
voltage,131.96666666666667,2025-07-11 10:24:35.058558
current,12.03,2025-07-11 10:24:35.058558
active power,1370.0,2025-07-11 10:24:35.058558
forward kWh,16.270333333333337,2025-07-11 10:24:35.058558
reverse kWh,0.3606666666666667,2025-07-11 10:24:35.058558
frequency,60.0,2025-07-11 10:24:35.058558
power factor,0.8966666666666666,2025-07-11 10:24:35.058558
featureId,NONE,2025-07-11 10:24:36.058853
partKindId,EDB34637-67D8-465A-AFBA-010AD86D34F6,2025-07-11 10:24:36.058853
processKindId,AF6B782E-23DD-4144-8665-11C813BE7660,2025-07-11 10:24:36.058853
A_Axis_Load,16,2025-07-11 10:24:36.058853
A_Position,0.000167897837982586,2025-07-11 10:24:36.058853
C_Axis_Load,45,2025-07-11 10:24:36.058853
C_Position,30.0005,2025-07-11 10:24:36.058853
Machine_Time,2590850.753,2025-07-11 10:24:36.058853
Spindle_Time,690508.343999999,2025-07-11 10:24:36.058853
Feed_Override,100,2025-07-11 10:24:36.058853
Feed_Rate,71.25,2025-07-11 10:24:36.058853
Program_Runtime_Seconds,8,2025-07-11 10:24:36.058853
Rapid_Override,100,2025-07-11 10:24:36.058853
Rapid_Speed,0,2025-07-11 10:24:36.058853
S_Axis_Load,0,2025-07-11 10:24:36.058853
Spindle_Override,100,2025-07-11 10:24:36.058853
Spindle_Speed,9792,2025-07-11 10:24:36.058853
X_Axis_Load,4,2025-07-11 10:24:36.058853
X_Position,437.555629229828,2025-07-11 10:24:36.058853
Y_Axis_Load,10,2025-07-11 10:24:36.058853
Y_Position,255.586670147747,2025-07-11 10:24:36.058853
Z_Axis_Load,32,2025-07-11 10:24:36.058853
Z_Position,-306.315221277076,2025-07-11 10:24:36.058853
COR_Status,1,2025-07-11 10:24:36.058853
Controller_Mode,AUTO,2025-07-11 10:24:36.058853
EStop_State,ARMED,2025-07-11 10:24:36.058853
Machine_Mode,5,2025-07-11 10:24:36.058853
Block_Number,195,2025-07-11 10:24:36.058853
Current_Tool,6,2025-07-11 10:24:36.058853
Part_Count,3,2025-07-11 10:24:36.058853
Program_Name_Running,000454_D_A_PROGRAM_2.NC,2025-07-11 10:24:36.058853
spindle motor v_rms,0.5,2025-07-11 10:24:36.058853
spindle motor a_peak,6800,2025-07-11 10:24:36.058853
spindle motor a_rms,2100,2025-07-11 10:24:36.058853
spindle motor temp,24.8,2025-07-11 10:24:36.058853
spindle motor crest,3.3,2025-07-11 10:24:36.058853
z-axis bearing v_rms,0.2,2025-07-11 10:24:36.058853
z-axis bearing a_peak,8000,2025-07-11 10:24:36.058853
z-axis bearing a_rms,3200,2025-07-11 10:24:36.058853
z-axis bearing temp,22.5,2025-07-11 10:24:36.058853
z-axis bearing crest,2.5,2025-07-11 10:24:36.058853
z-axis motor v_rms,1.7,2025-07-11 10:24:36.058853
z-axis motor a_peak,3600,2025-07-11 10:24:36.058853
z-axis motor a_rms,1800,2025-07-11 10:24:36.058853
z-axis motor temp,25.4,2025-07-11 10:24:36.058853
z-axis motor crest,2.0,2025-07-11 10:24:36.058853
y-axis bearing v_rms,0.4,2025-07-11 10:24:36.058853
y-axis bearing a_peak,2700,2025-07-11 10:24:36.058853
y-axis bearing a_rms,1200,2025-07-11 10:24:36.058853
y-axis bearing temp,21.4,2025-07-11 10:24:36.058853
y-axis bearing crest,2.2,2025-07-11 10:24:36.058853
y-axis motor v_rms,0.6,2025-07-11 10:24:36.058853
y-axis motor a_peak,7600,2025-07-11 10:24:36.058853
y-axis motor a_rms,2400,2025-07-11 10:24:36.058853
y-axis motor temp,24.2,2025-07-11 10:24:36.058853
y-axis motor crest,3.1,2025-07-11 10:24:36.058853
x-axis motor v_rms,0.3,2025-07-11 10:24:36.058853
x-axis motor a_peak,1800,2025-07-11 10:24:36.058853
x-axis motor a_rms,900,2025-07-11 10:24:36.058853
x-axis motor temp,21.3,2025-07-11 10:24:36.058853
x-axis motor crest,2.1,2025-07-11 10:24:36.058853
voltage,132.03333333333333,2025-07-11 10:24:36.058853
current,11.56,2025-07-11 10:24:36.058853
active power,1311.0,2025-07-11 10:24:36.058853
forward kWh,16.270333333333337,2025-07-11 10:24:36.058853
reverse kWh,0.3606666666666667,2025-07-11 10:24:36.058853
frequency,60.0,2025-07-11 10:24:36.058853
power factor,0.7633333333333333,2025-07-11 10:24:36.058853
featureId,NONE,2025-07-11 10:24:37.059095
partKindId,EDB34637-67D8-465A-AFBA-010AD86D34F6,2025-07-11 10:24:37.059095
processKindId,AF6B782E-23DD-4144-8665-11C813BE7660,2025-07-11 10:24:37.059095
A_Axis_Load,16,2025-07-11 10:24:37.059095
A_Position,0.000668021023908539,2025-07-11 10:24:37.059095
C_Axis_Load,45,2025-07-11 10:24:37.059095
C_Position,30,2025-07-11 10:24:37.059095
Machine_Time,2590850.753,2025-07-11 10:24:37.059095
Spindle_Time,690508.343999999,2025-07-11 10:24:37.059095
Feed_Override,100,2025-07-11 10:24:37.059095
Feed_Rate,71.25,2025-07-11 10:24:37.059095
Program_Runtime_Seconds,9,2025-07-11 10:24:37.059095
Rapid_Override,100,2025-07-11 10:24:37.059095
Rapid_Speed,0,2025-07-11 10:24:37.059095
S_Axis_Load,0,2025-07-11 10:24:37.059095
Spindle_Override,100,2025-07-11 10:24:37.059095
Spindle_Speed,9792,2025-07-11 10:24:37.059095
X_Axis_Load,11,2025-07-11 10:24:37.059095
X_Position,416.215928274434,2025-07-11 10:24:37.059095
Y_Axis_Load,1,2025-07-11 10:24:37.059095
Y_Position,211.487803249204,2025-07-11 10:24:37.059095
Z_Axis_Load,33,2025-07-11 10:24:37.059095
Z_Position,-306.315164064394,2025-07-11 10:24:37.059095
COR_Status,1,2025-07-11 10:24:37.059095
Controller_Mode,AUTO,2025-07-11 10:24:37.059095
EStop_State,ARMED,2025-07-11 10:24:37.059095
Machine_Mode,5,2025-07-11 10:24:37.059095
Block_Number,196,2025-07-11 10:24:37.059095
Current_Tool,6,2025-07-11 10:24:37.059095
Part_Count,3,2025-07-11 10:24:37.059095
Program_Name_Running,000454_D_A_PROGRAM_2.NC,2025-07-11 10:24:37.059095
spindle motor v_rms,1.3,2025-07-11 10:24:37.059095
spindle motor a_peak,21400,2025-07-11 10:24:37.059095
spindle motor a_rms,5000,2025-07-11 10:24:37.059095
spindle motor temp,24.8,2025-07-11 10:24:37.059095
spindle motor crest,4.3,2025-07-11 10:24:37.059095
z-axis bearing v_rms,0.3,2025-07-11 10:24:37.059095
z-axis bearing a_peak,17500,2025-07-11 10:24:37.059095
z-axis bearing a_rms,4100,2025-07-11 10:24:37.059095
z-axis bearing temp,22.5,2025-07-11 10:24:37.059095
z-axis bearing crest,4.3,2025-07-11 10:24:37.059095
z-axis motor v_rms,1.8,2025-07-11 10:24:37.059095
z-axis motor a_peak,5600,2025-07-11 10:24:37.059095
z-axis motor a_rms,2000,2025-07-11 10:24:37.059095
z-axis motor temp,25.4,2025-07-11 10:24:37.059095
z-axis motor crest,2.8,2025-07-11 10:24:37.059095
y-axis bearing v_rms,0.7,2025-07-11 10:24:37.059095
y-axis bearing a_peak,5500,2025-07-11 10:24:37.059095
y-axis bearing a_rms,2400,2025-07-11 10:24:37.059095
y-axis bearing temp,21.4,2025-07-11 10:24:37.059095
y-axis bearing crest,2.3,2025-07-11 10:24:37.059095
y-axis motor v_rms,1.4,2025-07-11 10:24:37.059095
y-axis motor a_peak,9700,2025-07-11 10:24:37.059095
y-axis motor a_rms,4300,2025-07-11 10:24:37.059095
y-axis motor temp,24.2,2025-07-11 10:24:37.059095
y-axis motor crest,2.2,2025-07-11 10:24:37.059095
x-axis motor v_rms,0.3,2025-07-11 10:24:37.059095
x-axis motor a_peak,2300,2025-07-11 10:24:37.059095
x-axis motor a_rms,900,2025-07-11 10:24:37.059095
x-axis motor temp,21.3,2025-07-11 10:24:37.059095
x-axis motor crest,2.7,2025-07-11 10:24:37.059095
voltage,132.03333333333333,2025-07-11 10:24:37.059095
current,10.286666666666667,2025-07-11 10:24:37.059095
active power,1183.6666666666667,2025-07-11 10:24:37.059095
forward kWh,16.270333333333337,2025-07-11 10:24:37.059095
reverse kWh,0.3606666666666667,2025-07-11 10:24:37.059095
frequency,60.0,2025-07-11 10:24:37.059095
power factor,0.87,2025-07-11 10:24:37.059095
featureId,NONE,2025-07-11 10:24:38.059369
partKindId,EDB34637-67D8-465A-AFBA-010AD86D34F6,2025-07-11 10:24:38.059369
processKindId,AF6B782E-23DD-4144-8665-11C813BE7660,2025-07-11 10:24:38.059369
A_Axis_Load,16,2025-07-11 10:24:38.059369
A_Position,0.000167897837982586,2025-07-11 10:24:38.059369
C_Axis_Load,45,2025-07-11 10:24:38.059369
C_Position,30.0005,2025-07-11 10:24:38.059369
Machine_Time,2590850.753,2025-07-11 10:24:38.059369
Spindle_Time,690508.343999999,2025-07-11 10:24:38.059369
Feed_Override,100,2025-07-11 10:24:38.059369
Feed_Rate,71.25,2025-07-11 10:24:38.059369
Program_Runtime_Seconds,10,2025-07-11 10:24:38.059369
Rapid_Override,100,2025-07-11 10:24:38.059369
Rapid_Speed,0,2025-07-11 10:24:38.059369
S_Axis_Load,1,2025-07-11 10:24:38.059369
Spindle_Override,100,2025-07-11 10:24:38.059369
Spindle_Speed,9792,2025-07-11 10:24:38.059369
X_Axis_Load,10,2025-07-11 10:24:38.059369
X_Position,342.778818778366,2025-07-11 10:24:38.059369
Y_Axis_Load,0,2025-07-11 10:24:38.059369
Y_Position,211.488077890788,2025-07-11 10:24:38.059369
Z_Axis_Load,33,2025-07-11 10:24:38.059369
Z_Position,-306.315301374832,2025-07-11 10:24:38.059369
COR_Status,1,2025-07-11 10:24:38.059369
Controller_Mode,AUTO,2025-07-11 10:24:38.059369
EStop_State,ARMED,2025-07-11 10:24:38.059369
Machine_Mode,5,2025-07-11 10:24:38.059369
Block_Number,196,2025-07-11 10:24:38.059369
Current_Tool,6,2025-07-11 10:24:38.059369
Part_Count,3,2025-07-11 10:24:38.059369
Program_Name_Running,000454_D_A_PROGRAM_2.NC,2025-07-11 10:24:38.059369
spindle motor v_rms,1.2,2025-07-11 10:24:38.059369
spindle motor a_peak,22500,2025-07-11 10:24:38.059369
spindle motor a_rms,4700,2025-07-11 10:24:38.059369
spindle motor temp,24.8,2025-07-11 10:24:38.059369
spindle motor crest,4.8,2025-07-11 10:24:38.059369
z-axis bearing v_rms,0.3,2025-07-11 10:24:38.059369
z-axis bearing a_peak,16100,2025-07-11 10:24:38.059369
z-axis bearing a_rms,3800,2025-07-11 10:24:38.059369
z-axis bearing temp,22.5,2025-07-11 10:24:38.059369
z-axis bearing crest,4.2,2025-07-11 10:24:38.059369
z-axis motor v_rms,1.7,2025-07-11 10:24:38.059369
z-axis motor a_peak,5200,2025-07-11 10:24:38.059369
z-axis motor a_rms,1900,2025-07-11 10:24:38.059369
z-axis motor temp,25.4,2025-07-11 10:24:38.059369
z-axis motor crest,2.7,2025-07-11 10:24:38.059369
y-axis bearing v_rms,0.6,2025-07-11 10:24:38.059369
y-axis bearing a_peak,5100,2025-07-11 10:24:38.059369
y-axis bearing a_rms,1800,2025-07-11 10:24:38.059369
y-axis bearing temp,21.4,2025-07-11 10:24:38.059369
y-axis bearing crest,2.8,2025-07-11 10:24:38.059369
y-axis motor v_rms,0.9,2025-07-11 10:24:38.059369
y-axis motor a_peak,8600,2025-07-11 10:24:38.059369
y-axis motor a_rms,2900,2025-07-11 10:24:38.059369
y-axis motor temp,24.2,2025-07-11 10:24:38.059369
y-axis motor crest,3.0,2025-07-11 10:24:38.059369
x-axis motor v_rms,0.7,2025-07-11 10:24:38.059369
x-axis motor a_peak,3300,2025-07-11 10:24:38.059369
x-axis motor a_rms,1000,2025-07-11 10:24:38.059369
x-axis motor temp,21.3,2025-07-11 10:24:38.059369
x-axis motor crest,3.2,2025-07-11 10:24:38.059369
voltage,131.9,2025-07-11 10:24:38.059369
current,12.969999999999999,2025-07-11 10:24:38.059369
active power,1472.3333333333333,2025-07-11 10:24:38.059369
forward kWh,16.27166666666667,2025-07-11 10:24:38.059369
reverse kWh,0.3606666666666667,2025-07-11 10:24:38.059369
frequency,60.0,2025-07-11 10:24:38.059369
power factor,0.98,2025-07-11 10:24:38.059369
featureId,NONE,2025-07-11 10:24:39.059688
partKindId,EDB34637-67D8-465A-AFBA-010AD86D34F6,2025-07-11 10:24:39.059688
processKindId,AF6B782E-23DD-4144-8665-11C813BE7660,2025-07-11 10:24:39.059688
A_Axis_Load,16,2025-07-11 10:24:39.059688
A_Position,0.000167897837982586,2025-07-11 10:24:39.059688
C_Axis_Load,45,2025-07-11 10:24:39.059688
C_Position,30.0005,2025-07-11 10:24:39.059688
Machine_Time,2590850.753,2025-07-11 10:24:39.059688
Spindle_Time,690508.343999999,2025-07-11 10:24:39.059688
Feed_Override,100,2025-07-11 10:24:39.059688
Feed_Rate,71.25,2025-07-11 10:24:39.059688
Program_Runtime_Seconds,11,2025-07-11 10:24:39.059688
Rapid_Override,100,2025-07-11 10:24:39.059688
Rapid_Speed,0,2025-07-11 10:24:39.059688
S_Axis_Load,0,2025-07-11 10:24:39.059688
Spindle_Override,100,2025-07-11 10:24:39.059688
Spindle_Speed,9792,2025-07-11 10:24:39.059688
X_Axis_Load,3,2025-07-11 10:24:39.059688
X_Position,323.255604196554,2025-07-11 10:24:39.059688
Y_Axis_Load,9,2025-07-11 10:24:39.059688
Y_Position,257.381488918922,2025-07-11 10:24:39.059688
Z_Axis_Load,32,2025-07-11 10:24:39.059688
Z_Position,-306.315164064394,2025-07-11 10:24:39.059688
COR_Status,1,2025-07-11 10:24:39.059688
Controller_Mode,AUTO,2025-07-11 10:24:39.059688
EStop_State,ARMED,2025-07-11 10:24:39.059688
Machine_Mode,5,2025-07-11 10:24:39.059688
Block_Number,197,2025-07-11 10:24:39.059688
Current_Tool,6,2025-07-11 10:24:39.059688
Part_Count,3,2025-07-11 10:24:39.059688
Program_Name_Running,000454_D_A_PROGRAM_2.NC,2025-07-11 10:24:39.059688
spindle motor v_rms,0.6,2025-07-11 10:24:39.059688
spindle motor a_peak,7600,2025-07-11 10:24:39.059688
spindle motor a_rms,2300,2025-07-11 10:24:39.059688
spindle motor temp,24.8,2025-07-11 10:24:39.059688
spindle motor crest,3.3,2025-07-11 10:24:39.059688
z-axis bearing v_rms,0.3,2025-07-11 10:24:39.059688
z-axis bearing a_peak,9100,2025-07-11 10:24:39.059688
z-axis bearing a_rms,3600,2025-07-11 10:24:39.059688
z-axis bearing temp,22.5,2025-07-11 10:24:39.059688
z-axis bearing crest,2.5,2025-07-11 10:24:39.059688
z-axis motor v_rms,1.7,2025-07-11 10:24:39.059688
z-axis motor a_peak,3700,2025-07-11 10:24:39.059688
z-axis motor a_rms,1800,2025-07-11 10:24:39.059688
z-axis motor temp,25.4,2025-07-11 10:24:39.059688
z-axis motor crest,2.0,2025-07-11 10:24:39.059688
y-axis bearing v_rms,0.4,2025-07-11 10:24:39.059688
y-axis bearing a_peak,3300,2025-07-11 10:24:39.059688
y-axis bearing a_rms,1400,2025-07-11 10:24:39.059688
y-axis bearing temp,21.4,2025-07-11 10:24:39.059688
y-axis bearing crest,2.3,2025-07-11 10:24:39.059688
y-axis motor v_rms,0.8,2025-07-11 10:24:39.059688
y-axis motor a_peak,8800,2025-07-11 10:24:39.059688
y-axis motor a_rms,2900,2025-07-11 10:24:39.059688
y-axis motor temp,24.2,2025-07-11 10:24:39.059688
y-axis motor crest,3.0,2025-07-11 10:24:39.059688
x-axis motor v_rms,0.4,2025-07-11 10:24:39.059688
x-axis motor a_peak,3400,2025-07-11 10:24:39.059688
x-axis motor a_rms,1200,2025-07-11 10:24:39.059688
x-axis motor temp,21.3,2025-07-11 10:24:39.059688
x-axis motor crest,2.7,2025-07-11 10:24:39.059688
voltage,132.06666666666663,2025-07-11 10:24:39.059688
current,10.62,2025-07-11 10:24:39.059688
active power,1210.6666666666667,2025-07-11 10:24:39.059688
forward kWh,16.27166666666667,2025-07-11 10:24:39.059688
reverse kWh,0.3606666666666667,2025-07-11 10:24:39.059688
frequency,60.0,2025-07-11 10:24:39.059688
power factor,0.77,2025-07-11 10:24:39.059688
featureId,NONE,2025-07-11 10:24:40.059974
partKindId,EDB34637-67D8-465A-AFBA-010AD86D34F6,2025-07-11 10:24:40.059974
processKindId,AF6B782E-23DD-4144-8665-11C813BE7660,2025-07-11 10:24:40.059974
A_Axis_Load,16,2025-07-11 10:24:40.059974
A_Position,-0.000332225347943367,2025-07-11 10:24:40.059974
C_Axis_Load,45,2025-07-11 10:24:40.059974
C_Position,30.001,2025-07-11 10:24:40.059974
Machine_Time,2590850.753,2025-07-11 10:24:40.059974
Spindle_Time,690508.343999999,2025-07-11 10:24:40.059974
Feed_Override,100,2025-07-11 10:24:40.059974
Feed_Rate,71.25,2025-07-11 10:24:40.059974
Program_Runtime_Seconds,12,2025-07-11 10:24:40.059974
Rapid_Override,100,2025-07-11 10:24:40.059974
Rapid_Speed,0,2025-07-11 10:24:40.059974
S_Axis_Load,1,2025-07-11 10:24:40.059974
Spindle_Override,100,2025-07-11 10:24:40.059974
Spindle_Speed,9792,2025-07-11 10:24:40.059974
X_Axis_Load,12,2025-07-11 10:24:40.059974
X_Position,355.435989795463,2025-07-11 10:24:40.059974
Y_Axis_Load,1,2025-07-11 10:24:40.059974
Y_Position,294.292104709915,2025-07-11 10:24:40.059974
Z_Axis_Load,33,2025-07-11 10:24:40.059974
Z_Position,-306.315221277076,2025-07-11 10:24:40.059974
COR_Status,1,2025-07-11 10:24:40.059974
Controller_Mode,AUTO,2025-07-11 10:24:40.059974
EStop_State,ARMED,2025-07-11 10:24:40.059974
Machine_Mode,5,2025-07-11 10:24:40.059974
Block_Number,198,2025-07-11 10:24:40.059974
Current_Tool,6,2025-07-11 10:24:40.059974
Part_Count,3,2025-07-11 10:24:40.059974
Program_Name_Running,000454_D_A_PROGRAM_2.NC,2025-07-11 10:24:40.059974
spindle motor v_rms,0.8,2025-07-11 10:24:40.059974
spindle motor a_peak,14500,2025-07-11 10:24:40.059974
spindle motor a_rms,4100,2025-07-11 10:24:40.059974
spindle motor temp,24.8,2025-07-11 10:24:40.059974
spindle motor crest,3.6,2025-07-11 10:24:40.059974
z-axis bearing v_rms,0.4,2025-07-11 10:24:40.059974
z-axis bearing a_peak,18500,2025-07-11 10:24:40.059974
z-axis bearing a_rms,3800,2025-07-11 10:24:40.059974
z-axis bearing temp,22.5,2025-07-11 10:24:40.059974
z-axis bearing crest,4.9,2025-07-11 10:24:40.059974
z-axis motor v_rms,1.7,2025-07-11 10:24:40.059974
z-axis motor a_peak,5500,2025-07-11 10:24:40.059974
z-axis motor a_rms,1900,2025-07-11 10:24:40.059974
z-axis motor temp,25.4,2025-07-11 10:24:40.059974
z-axis motor crest,2.8,2025-07-11 10:24:40.059974
y-axis bearing v_rms,0.9,2025-07-11 10:24:40.059974
y-axis bearing a_peak,6100,2025-07-11 10:24:40.059974
y-axis bearing a_rms,2800,2025-07-11 10:24:40.059974
y-axis bearing temp,21.4,2025-07-11 10:24:40.059974
y-axis bearing crest,2.2,2025-07-11 10:24:40.059974
y-axis motor v_rms,1.3,2025-07-11 10:24:40.059974
y-axis motor a_peak,9500,2025-07-11 10:24:40.059974
y-axis motor a_rms,3900,2025-07-11 10:24:40.059974
y-axis motor temp,24.2,2025-07-11 10:24:40.059974
y-axis motor crest,2.4,2025-07-11 10:24:40.059974
x-axis motor v_rms,0.5,2025-07-11 10:24:40.059974
x-axis motor a_peak,3800,2025-07-11 10:24:40.059974
x-axis motor a_rms,1500,2025-07-11 10:24:40.059974
x-axis motor temp,21.3,2025-07-11 10:24:40.059974
x-axis motor crest,2.6,2025-07-11 10:24:40.059974
voltage,132.03333333333333,2025-07-11 10:24:40.059974
current,10.216666666666667,2025-07-11 10:24:40.059974
active power,1175.6666666666667,2025-07-11 10:24:40.059974
forward kWh,16.27166666666667,2025-07-11 10:24:40.059974
reverse kWh,0.3606666666666667,2025-07-11 10:24:40.059974
frequency,60.0,2025-07-11 10:24:40.059974
power factor,0.8633333333333333,2025-07-11 10:24:40.059974
featureId,NONE,2025-07-11 10:24:41.060261
partKindId,EDB34637-67D8-465A-AFBA-010AD86D34F6,2025-07-11 10:24:41.060261
processKindId,AF6B782E-23DD-4144-8665-11C813BE7660,2025-07-11 10:24:41.060261
A_Axis_Load,16,2025-07-11 10:24:41.060261
A_Position,-0.000332225347943367,2025-07-11 10:24:41.060261
C_Axis_Load,45,2025-07-11 10:24:41.060261
C_Position,30.0005,2025-07-11 10:24:41.060261
Machine_Time,2590850.753,2025-07-11 10:24:41.060261
Spindle_Time,690508.343999999,2025-07-11 10:24:41.060261
Feed_Override,100,2025-07-11 10:24:41.060261
Feed_Rate,71.25,2025-07-11 10:24:41.060261
Program_Runtime_Seconds,13,2025-07-11 10:24:41.060261
Rapid_Override,100,2025-07-11 10:24:41.060261
Rapid_Speed,0,2025-07-11 10:24:41.060261
S_Axis_Load,0,2025-07-11 10:24:41.060261
Spindle_Override,100,2025-07-11 10:24:41.060261
Spindle_Speed,9792,2025-07-11 10:24:41.060261
X_Axis_Load,10,2025-07-11 10:24:41.060261
X_Position,409.991680456785,2025-07-11 10:24:41.060261
Y_Axis_Load,6,2025-07-11 10:24:41.060261
Y_Position,287.941975530374,2025-07-11 10:24:41.060261
Z_Axis_Load,33,2025-07-11 10:24:41.060261
Z_Position,-306.315198392003,2025-07-11 10:24:41.060261
COR_Status,1,2025-07-11 10:24:41.060261
Controller_Mode,AUTO,2025-07-11 10:24:41.060261
EStop_State,ARMED,2025-07-11 10:24:41.060261
Machine_Mode,5,2025-07-11 10:24:41.060261
Block_Number,200,2025-07-11 10:24:41.060261
Current_Tool,6,2025-07-11 10:24:41.060261
Part_Count,3,2025-07-11 10:24:41.060261
Program_Name_Running,000454_D_A_PROGRAM_2.NC,2025-07-11 10:24:41.060261
spindle motor v_rms,0.9,2025-07-11 10:24:41.060261
spindle motor a_peak,12200,2025-07-11 10:24:41.060261
spindle motor a_rms,4200,2025-07-11 10:24:41.060261
spindle motor temp,24.8,2025-07-11 10:24:41.060261
spindle motor crest,2.9,2025-07-11 10:24:41.060261
z-axis bearing v_rms,0.4,2025-07-11 10:24:41.060261
z-axis bearing a_peak,8600,2025-07-11 10:24:41.060261
z-axis bearing a_rms,3800,2025-07-11 10:24:41.060261
z-axis bearing temp,22.5,2025-07-11 10:24:41.060261
z-axis bearing crest,2.3,2025-07-11 10:24:41.060261
z-axis motor v_rms,1.7,2025-07-11 10:24:41.060261
z-axis motor a_peak,5500,2025-07-11 10:24:41.060261
z-axis motor a_rms,2000,2025-07-11 10:24:41.060261
z-axis motor temp,25.4,2025-07-11 10:24:41.060261
z-axis motor crest,2.8,2025-07-11 10:24:41.060261
y-axis bearing v_rms,0.8,2025-07-11 10:24:41.060261
y-axis bearing a_peak,5700,2025-07-11 10:24:41.060261
y-axis bearing a_rms,2500,2025-07-11 10:24:41.060261
y-axis bearing temp,21.4,2025-07-11 10:24:41.060261
y-axis bearing crest,2.3,2025-07-11 10:24:41.060261
y-axis motor v_rms,1.4,2025-07-11 10:24:41.060261
y-axis motor a_peak,9900,2025-07-11 10:24:41.060261
y-axis motor a_rms,4200,2025-07-11 10:24:41.060261
y-axis motor temp,24.2,2025-07-11 10:24:41.060261
y-axis motor crest,2.3,2025-07-11 10:24:41.060261
x-axis motor v_rms,0.7,2025-07-11 10:24:41.060261
x-axis motor a_peak,3400,2025-07-11 10:24:41.060261
x-axis motor a_rms,1500,2025-07-11 10:24:41.060261
x-axis motor temp,21.3,2025-07-11 10:24:41.060261
x-axis motor crest,2.4,2025-07-11 10:24:41.060261
voltage,131.96666666666667,2025-07-11 10:24:41.060261
current,11.93,2025-07-11 10:24:41.060261
active power,1352.0,2025-07-11 10:24:41.060261
forward kWh,16.272000000000002,2025-07-11 10:24:41.060261
reverse kWh,0.3606666666666667,2025-07-11 10:24:41.060261
frequency,60.0,2025-07-11 10:24:41.060261
power factor,0.8166666666666668,2025-07-11 10:24:41.060261
featureId,NONE,2025-07-11 10:24:42.060537
partKindId,EDB34637-67D8-465A-AFBA-010AD86D34F6,2025-07-11 10:24:42.060537
processKindId,AF6B782E-23DD-4144-8665-11C813BE7660,2025-07-11 10:24:42.060537
A_Axis_Load,16,2025-07-11 10:24:42.060537
A_Position,0.000167897837982586,2025-07-11 10:24:42.060537
C_Axis_Load,45,2025-07-11 10:24:42.060537
C_Position,30.0005,2025-07-11 10:24:42.060537
Machine_Time,2590850.753,2025-07-11 10:24:42.060537
Spindle_Time,690508.343999999,2025-07-11 10:24:42.060537
Feed_Override,100,2025-07-11 10:24:42.060537
Feed_Rate,71.25,2025-07-11 10:24:42.060537
Program_Runtime_Seconds,14,2025-07-11 10:24:42.060537
Rapid_Override,100,2025-07-11 10:24:42.060537
Rapid_Speed,0,2025-07-11 10:24:42.060537
S_Axis_Load,0,2025-07-11 10:24:42.060537
Spindle_Override,100,2025-07-11 10:24:42.060537
Spindle_Speed,9792,2025-07-11 10:24:42.060537
X_Axis_Load,0,2025-07-11 10:24:42.060537
X_Position,431.205599798075,2025-07-11 10:24:42.060537
Y_Axis_Load,10,2025-07-11 10:24:42.060537
Y_Position,240.07200527138,2025-07-11 10:24:42.060537
Z_Axis_Load,33,2025-07-11 10:24:42.060537
Z_Position,-306.315083966638,2025-07-11 10:24:42.060537
COR_Status,1,2025-07-11 10:24:42.060537
Controller_Mode,AUTO,2025-07-11 10:24:42.060537
EStop_State,ARMED,2025-07-11 10:24:42.060537
Machine_Mode,5,2025-07-11 10:24:42.060537
Block_Number,201,2025-07-11 10:24:42.060537
Current_Tool,6,2025-07-11 10:24:42.060537
Part_Count,3,2025-07-11 10:24:42.060537
Program_Name_Running,000454_D_A_PROGRAM_2.NC,2025-07-11 10:24:42.060537
spindle motor v_rms,0.7,2025-07-11 10:24:42.060537
spindle motor a_peak,9700,2025-07-11 10:24:42.060537
spindle motor a_rms,2900,2025-07-11 10:24:42.060537
spindle motor temp,24.8,2025-07-11 10:24:42.060537
spindle motor crest,3.3,2025-07-11 10:24:42.060537
z-axis bearing v_rms,0.3,2025-07-11 10:24:42.060537
z-axis bearing a_peak,11500,2025-07-11 10:24:42.060537
z-axis bearing a_rms,4300,2025-07-11 10:24:42.060537
z-axis bearing temp,22.5,2025-07-11 10:24:42.060537
z-axis bearing crest,2.7,2025-07-11 10:24:42.060537
z-axis motor v_rms,1.5,2025-07-11 10:24:42.060537
z-axis motor a_peak,4600,2025-07-11 10:24:42.060537
z-axis motor a_rms,1800,2025-07-11 10:24:42.060537
z-axis motor temp,25.4,2025-07-11 10:24:42.060537
z-axis motor crest,2.5,2025-07-11 10:24:42.060537
y-axis bearing v_rms,0.9,2025-07-11 10:24:42.060537
y-axis bearing a_peak,5700,2025-07-11 10:24:42.060537
y-axis bearing a_rms,2900,2025-07-11 10:24:42.060537
y-axis bearing temp,21.4,2025-07-11 10:24:42.060537
y-axis bearing crest,2.0,2025-07-11 10:24:42.060537
y-axis motor v_rms,1.3,2025-07-11 10:24:42.060537
y-axis motor a_peak,12000,2025-07-11 10:24:42.060537
y-axis motor a_rms,4300,2025-07-11 10:24:42.060537
y-axis motor temp,24.2,2025-07-11 10:24:42.060537
y-axis motor crest,2.8,2025-07-11 10:24:42.060537
x-axis motor v_rms,1.0,2025-07-11 10:24:42.060537
x-axis motor a_peak,4300,2025-07-11 10:24:42.060537
x-axis motor a_rms,1200,2025-07-11 10:24:42.060537
x-axis motor temp,21.3,2025-07-11 10:24:42.060537
x-axis motor crest,3.5,2025-07-11 10:24:42.060537
voltage,132.0,2025-07-11 10:24:42.060537
current,11.736666666666666,2025-07-11 10:24:42.060537
active power,1329.0,2025-07-11 10:24:42.060537
forward kWh,16.273,2025-07-11 10:24:42.060537
reverse kWh,0.3606666666666667,2025-07-11 10:24:42.060537
frequency,60.0,2025-07-11 10:24:42.060537
power factor,0.77,2025-07-11 10:24:42.060537
featureId,NONE,2025-07-11 10:24:43.060836
partKindId,EDB34637-67D8-465A-AFBA-010AD86D34F6,2025-07-11 10:24:43.060836
processKindId,AF6B782E-23DD-4144-8665-11C813BE7660,2025-07-11 10:24:43.060836
A_Axis_Load,16,2025-07-11 10:24:43.060836
A_Position,0.000167897837982586,2025-07-11 10:24:43.060836
C_Axis_Load,45,2025-07-11 10:24:43.060836
C_Position,30.0005,2025-07-11 10:24:43.060836
Machine_Time,2590850.753,2025-07-11 10:24:43.060836
Spindle_Time,690508.343999999,2025-07-11 10:24:43.060836
Feed_Override,100,2025-07-11 10:24:43.060836
Feed_Rate,71.25,2025-07-11 10:24:43.060836
Program_Runtime_Seconds,15,2025-07-11 10:24:43.060836
Rapid_Override,100,2025-07-11 10:24:43.060836
Rapid_Speed,0,2025-07-11 10:24:43.060836
S_Axis_Load,1,2025-07-11 10:24:43.060836
Spindle_Override,100,2025-07-11 10:24:43.060836
Spindle_Speed,9792,2025-07-11 10:24:43.060836
X_Axis_Load,12,2025-07-11 10:24:43.060836
X_Position,388.035275672701,2025-07-11 10:24:43.060836
Y_Axis_Load,1,2025-07-11 10:24:43.060836
Y_Position,217.837974385517,2025-07-11 10:24:43.060836
Z_Axis_Load,33,2025-07-11 10:24:43.060836
Z_Position,-306.315095409175,2025-07-11 10:24:43.060836
COR_Status,1,2025-07-11 10:24:43.060836
Controller_Mode,AUTO,2025-07-11 10:24:43.060836
EStop_State,ARMED,2025-07-11 10:24:43.060836
Machine_Mode,5,2025-07-11 10:24:43.060836
Block_Number,202,2025-07-11 10:24:43.060836
Current_Tool,6,2025-07-11 10:24:43.060836
Part_Count,3,2025-07-11 10:24:43.060836
Program_Name_Running,000454_D_A_PROGRAM_2.NC,2025-07-11 10:24:43.060836
spindle motor v_rms,1.4,2025-07-11 10:24:43.060836
spindle motor a_peak,15300,2025-07-11 10:24:43.060836
spindle motor a_rms,5500,2025-07-11 10:24:43.060836
spindle motor temp,24.8,2025-07-11 10:24:43.060836
spindle motor crest,2.8,2025-07-11 10:24:43.060836
z-axis bearing v_rms,0.4,2025-07-11 10:24:43.060836
z-axis bearing a_peak,9900,2025-07-11 10:24:43.060836
z-axis bearing a_rms,4600,2025-07-11 10:24:43.060836
z-axis bearing temp,22.5,2025-07-11 10:24:43.060836
z-axis bearing crest,2.2,2025-07-11 10:24:43.060836
z-axis motor v_rms,1.7,2025-07-11 10:24:43.060836
z-axis motor a_peak,4300,2025-07-11 10:24:43.060836
z-axis motor a_rms,2000,2025-07-11 10:24:43.060836
z-axis motor temp,25.4,2025-07-11 10:24:43.060836
z-axis motor crest,2.1,2025-07-11 10:24:43.060836
y-axis bearing v_rms,0.8,2025-07-11 10:24:43.060836
y-axis bearing a_peak,4900,2025-07-11 10:24:43.060836
y-axis bearing a_rms,2600,2025-07-11 10:24:43.060836
y-axis bearing temp,21.4,2025-07-11 10:24:43.060836
y-axis bearing crest,1.9,2025-07-11 10:24:43.060836
y-axis motor v_rms,1.7,2025-07-11 10:24:43.060836
y-axis motor a_peak,9600,2025-07-11 10:24:43.060836
y-axis motor a_rms,5200,2025-07-11 10:24:43.060836
y-axis motor temp,24.2,2025-07-11 10:24:43.060836
y-axis motor crest,1.8,2025-07-11 10:24:43.060836
x-axis motor v_rms,0.4,2025-07-11 10:24:43.060836
x-axis motor a_peak,2700,2025-07-11 10:24:43.060836
x-axis motor a_rms,1100,2025-07-11 10:24:43.060836
x-axis motor temp,21.3,2025-07-11 10:24:43.060836
x-axis motor crest,2.5,2025-07-11 10:24:43.060836
voltage,131.99999999999997,2025-07-11 10:24:43.060836
current,11.87,2025-07-11 10:24:43.060836
active power,1345.0,2025-07-11 10:24:43.060836
forward kWh,16.273,2025-07-11 10:24:43.060836
reverse kWh,0.3606666666666667,2025-07-11 10:24:43.060836
frequency,60.0,2025-07-11 10:24:43.060836
power factor,0.7766666666666667,2025-07-11 10:24:43.060836
featureId,NONE,2025-07-11 10:24:44.061090
partKindId,EDB34637-67D8-465A-AFBA-010AD86D34F6,2025-07-11 10:24:44.061090
processKindId,AF6B782E-23DD-4144-8665-11C813BE7660,2025-07-11 10:24:44.061090
A_Axis_Load,16,2025-07-11 10:24:44.061090
A_Position,0.000167897837982586,2025-07-11 10:24:44.061090
C_Axis_Load,45,2025-07-11 10:24:44.061090
C_Position,30.0005,2025-07-11 10:24:44.061090
Machine_Time,2590850.753,2025-07-11 10:24:44.061090
Spindle_Time,690508.343999999,2025-07-11 10:24:44.061090
Feed_Override,100,2025-07-11 10:24:44.061090
Feed_Rate,56.83333,2025-07-11 10:24:44.061090
Program_Runtime_Seconds,16,2025-07-11 10:24:44.061090
Rapid_Override,100,2025-07-11 10:24:44.061090
Rapid_Speed,0,2025-07-11 10:24:44.061090
S_Axis_Load,0,2025-07-11 10:24:44.061090
Spindle_Override,100,2025-07-11 10:24:44.061090
Spindle_Speed,9792,2025-07-11 10:24:44.061090
X_Axis_Load,5,2025-07-11 10:24:44.061090
X_Position,329.605833132647,2025-07-11 10:24:44.061090
Y_Axis_Load,21,2025-07-11 10:24:44.061090
Y_Position,221.185503594214,2025-07-11 10:24:44.061090
Z_Axis_Load,33,2025-07-11 10:24:44.061090
Z_Position,-306.315278489759,2025-07-11 10:24:44.061090
COR_Status,1,2025-07-11 10:24:44.061090
Controller_Mode,AUTO,2025-07-11 10:24:44.061090
EStop_State,ARMED,2025-07-11 10:24:44.061090
Machine_Mode,5,2025-07-11 10:24:44.061090
Block_Number,203,2025-07-11 10:24:44.061090
Current_Tool,6,2025-07-11 10:24:44.061090
Part_Count,3,2025-07-11 10:24:44.061090
Program_Name_Running,000454_D_A_PROGRAM_2.NC,2025-07-11 10:24:44.061090
spindle motor v_rms,1.0,2025-07-11 10:24:44.061090
spindle motor a_peak,19200,2025-07-11 10:24:44.061090
spindle motor a_rms,3900,2025-07-11 10:24:44.061090
spindle motor temp,24.8,2025-07-11 10:24:44.061090
spindle motor crest,5.0,2025-07-11 10:24:44.061090
z-axis bearing v_rms,0.4,2025-07-11 10:24:44.061090
z-axis bearing a_peak,15100,2025-07-11 10:24:44.061090
z-axis bearing a_rms,3300,2025-07-11 10:24:44.061090
z-axis bearing temp,22.5,2025-07-11 10:24:44.061090
z-axis bearing crest,4.6,2025-07-11 10:24:44.061090
z-axis motor v_rms,1.6,2025-07-11 10:24:44.061090
z-axis motor a_peak,5600,2025-07-11 10:24:44.061090
z-axis motor a_rms,1800,2025-07-11 10:24:44.061090
z-axis motor temp,25.4,2025-07-11 10:24:44.061090
z-axis motor crest,3.1,2025-07-11 10:24:44.061090
y-axis bearing v_rms,1.0,2025-07-11 10:24:44.061090
y-axis bearing a_peak,7400,2025-07-11 10:24:44.061090
y-axis bearing a_rms,3200,2025-07-11 10:24:44.061090
y-axis bearing temp,21.4,2025-07-11 10:24:44.061090
y-axis bearing crest,2.3,2025-07-11 10:24:44.061090
y-axis motor v_rms,1.4,2025-07-11 10:24:44.061090
y-axis motor a_peak,13200,2025-07-11 10:24:44.061090
y-axis motor a_rms,4500,2025-07-11 10:24:44.061090
y-axis motor temp,24.3,2025-07-11 10:24:44.061090
y-axis motor crest,2.9,2025-07-11 10:24:44.061090
x-axis motor v_rms,0.6,2025-07-11 10:24:44.061090
x-axis motor a_peak,2500,2025-07-11 10:24:44.061090
x-axis motor a_rms,1400,2025-07-11 10:24:44.061090
x-axis motor temp,21.3,2025-07-11 10:24:44.061090
x-axis motor crest,1.8,2025-07-11 10:24:44.061090
voltage,131.86666666666667,2025-07-11 10:24:44.061090
current,13.270000000000001,2025-07-11 10:24:44.061090
active power,1509.0,2025-07-11 10:24:44.061090
forward kWh,16.274,2025-07-11 10:24:44.061090
reverse kWh,0.3606666666666667,2025-07-11 10:24:44.061090
frequency,60.0,2025-07-11 10:24:44.061090
power factor,0.8633333333333333,2025-07-11 10:24:44.061090
featureId,NONE,2025-07-11 10:24:45.061237
partKindId,EDB34637-67D8-465A-AFBA-010AD86D34F6,2025-07-11 10:24:45.061237
processKindId,AF6B782E-23DD-4144-8665-11C813BE7660,2025-07-11 10:24:45.061237
A_Axis_Load,16,2025-07-11 10:24:45.061237
A_Position,-0.000332225347943367,2025-07-11 10:24:45.061237
C_Axis_Load,45,2025-07-11 10:24:45.061237
C_Position,30.001,2025-07-11 10:24:45.061237
Machine_Time,2590850.753,2025-07-11 10:24:45.061237
Spindle_Time,690508.343999999,2025-07-11 10:24:45.061237
Feed_Override,100,2025-07-11 10:24:45.061237
Feed_Rate,53.21667,2025-07-11 10:24:45.061237
Program_Runtime_Seconds,17,2025-07-11 10:24:45.061237
Rapid_Override,100,2025-07-11 10:24:45.061237
Rapid_Speed,0,2025-07-11 10:24:45.061237
S_Axis_Load,0,2025-07-11 10:24:45.061237
Spindle_Override,100,2025-07-11 10:24:45.061237
Spindle_Speed,9792,2025-07-11 10:24:45.061237
X_Axis_Load,38,2025-07-11 10:24:45.061237
X_Position,335.586382049846,2025-07-11 10:24:45.061237
Y_Axis_Load,6,2025-07-11 10:24:45.061237
Y_Position,287.942106215887,2025-07-11 10:24:45.061237
Z_Axis_Load,33,2025-07-11 10:24:45.061237
Z_Position,-306.315221277076,2025-07-11 10:24:45.061237
COR_Status,1,2025-07-11 10:24:45.061237
Controller_Mode,AUTO,2025-07-11 10:24:45.061237
EStop_State,ARMED,2025-07-11 10:24:45.061237
Machine_Mode,5,2025-07-11 10:24:45.061237
Block_Number,204,2025-07-11 10:24:45.061237
Current_Tool,6,2025-07-11 10:24:45.061237
Part_Count,3,2025-07-11 10:24:45.061237
Program_Name_Running,000454_D_A_PROGRAM_2.NC,2025-07-11 10:24:45.061237
spindle motor v_rms,0.9,2025-07-11 10:24:45.061237
spindle motor a_peak,12300,2025-07-11 10:24:45.061237
spindle motor a_rms,3600,2025-07-11 10:24:45.061237
spindle motor temp,24.8,2025-07-11 10:24:45.061237
spindle motor crest,3.4,2025-07-11 10:24:45.061237
z-axis bearing v_rms,0.4,2025-07-11 10:24:45.061237
z-axis bearing a_peak,9800,2025-07-11 10:24:45.061237
z-axis bearing a_rms,3600,2025-07-11 10:24:45.061237
z-axis bearing temp,22.5,2025-07-11 10:24:45.061237
z-axis bearing crest,2.7,2025-07-11 10:24:45.061237
z-axis motor v_rms,1.7,2025-07-11 10:24:45.061237
z-axis motor a_peak,4500,2025-07-11 10:24:45.061237
z-axis motor a_rms,1900,2025-07-11 10:24:45.061237
z-axis motor temp,25.4,2025-07-11 10:24:45.061237
z-axis motor crest,2.4,2025-07-11 10:24:45.061237
y-axis bearing v_rms,0.8,2025-07-11 10:24:45.061237
y-axis bearing a_peak,6600,2025-07-11 10:24:45.061237
y-axis bearing a_rms,2500,2025-07-11 10:24:45.061237
y-axis bearing temp,21.4,2025-07-11 10:24:45.061237
y-axis bearing crest,2.6,2025-07-11 10:24:45.061237
y-axis motor v_rms,1.2,2025-07-11 10:24:45.061237
y-axis motor a_peak,10400,2025-07-11 10:24:45.061237
y-axis motor a_rms,3700,2025-07-11 10:24:45.061237
y-axis motor temp,24.3,2025-07-11 10:24:45.061237
y-axis motor crest,2.8,2025-07-11 10:24:45.061237
x-axis motor v_rms,0.8,2025-07-11 10:24:45.061237
x-axis motor a_peak,3000,2025-07-11 10:24:45.061237
x-axis motor a_rms,1300,2025-07-11 10:24:45.061237
x-axis motor temp,21.3,2025-07-11 10:24:45.061237
x-axis motor crest,2.2,2025-07-11 10:24:45.061237
voltage,131.96666666666667,2025-07-11 10:24:45.061237
current,12.503333333333332,2025-07-11 10:24:45.061237
active power,1418.6666666666667,2025-07-11 10:24:45.061237
forward kWh,16.274333333333335,2025-07-11 10:24:45.061237
reverse kWh,0.3606666666666667,2025-07-11 10:24:45.061237
frequency,60.0,2025-07-11 10:24:45.061237
power factor,0.9199999999999999,2025-07-11 10:24:45.061237
featureId,NONE,2025-07-11 10:24:46.061388
partKindId,EDB34637-67D8-465A-AFBA-010AD86D34F6,2025-07-11 10:24:46.061388
processKindId,AF6B782E-23DD-4144-8665-11C813BE7660,2025-07-11 10:24:46.061388
A_Axis_Load,16,2025-07-11 10:24:46.061388
A_Position,-0.000332225347943367,2025-07-11 10:24:46.061388
C_Axis_Load,45,2025-07-11 10:24:46.061388
C_Position,30.0005,2025-07-11 10:24:46.061388
Machine_Time,2590850.753,2025-07-11 10:24:46.061388
Spindle_Time,690508.343999999,2025-07-11 10:24:46.061388
Feed_Override,100,2025-07-11 10:24:46.061388
Feed_Rate,67.55,2025-07-11 10:24:46.061388
Program_Runtime_Seconds,18,2025-07-11 10:24:46.061388
Rapid_Override,100,2025-07-11 10:24:46.061388
Rapid_Speed,0,2025-07-11 10:24:46.061388
S_Axis_Load,1,2025-07-11 10:24:46.061388
Spindle_Override,100,2025-07-11 10:24:46.061388
Spindle_Speed,9792,2025-07-11 10:24:46.061388
X_Axis_Load,11,2025-07-11 10:24:46.061388
X_Position,390.107646471582,2025-07-11 10:24:46.061388
Y_Axis_Load,7,2025-07-11 10:24:46.061388
Y_Position,281.591856649944,2025-07-11 10:24:46.061388
Z_Axis_Load,33,2025-07-11 10:24:46.061388
Z_Position,-306.315118294248,2025-07-11 10:24:46.061388
COR_Status,1,2025-07-11 10:24:46.061388
Controller_Mode,AUTO,2025-07-11 10:24:46.061388
EStop_State,ARMED,2025-07-11 10:24:46.061388
Machine_Mode,5,2025-07-11 10:24:46.061388
Block_Number,206,2025-07-11 10:24:46.061388
Current_Tool,6,2025-07-11 10:24:46.061388
Part_Count,3,2025-07-11 10:24:46.061388
Program_Name_Running,000454_D_A_PROGRAM_2.NC,2025-07-11 10:24:46.061388
spindle motor v_rms,0.8,2025-07-11 10:24:46.061388
spindle motor a_peak,13100,2025-07-11 10:24:46.061388
spindle motor a_rms,3800,2025-07-11 10:24:46.061388
spindle motor temp,24.8,2025-07-11 10:24:46.061388
spindle motor crest,3.5,2025-07-11 10:24:46.061388
z-axis bearing v_rms,0.4,2025-07-11 10:24:46.061388
z-axis bearing a_peak,13600,2025-07-11 10:24:46.061388
z-axis bearing a_rms,3700,2025-07-11 10:24:46.061388
z-axis bearing temp,22.5,2025-07-11 10:24:46.061388
z-axis bearing crest,3.7,2025-07-11 10:24:46.061388
z-axis motor v_rms,1.7,2025-07-11 10:24:46.061388
z-axis motor a_peak,4500,2025-07-11 10:24:46.061388
z-axis motor a_rms,1900,2025-07-11 10:24:46.061388
z-axis motor temp,25.4,2025-07-11 10:24:46.061388
z-axis motor crest,2.3,2025-07-11 10:24:46.061388
y-axis bearing v_rms,0.9,2025-07-11 10:24:46.061388
y-axis bearing a_peak,5700,2025-07-11 10:24:46.061388
y-axis bearing a_rms,2700,2025-07-11 10:24:46.061388
y-axis bearing temp,21.4,2025-07-11 10:24:46.061388
y-axis bearing crest,2.1,2025-07-11 10:24:46.061388
y-axis motor v_rms,1.5,2025-07-11 10:24:46.061388
y-axis motor a_peak,10500,2025-07-11 10:24:46.061388
y-axis motor a_rms,4600,2025-07-11 10:24:46.061388
y-axis motor temp,24.3,2025-07-11 10:24:46.061388
y-axis motor crest,2.3,2025-07-11 10:24:46.061388
x-axis motor v_rms,0.5,2025-07-11 10:24:46.061388
x-axis motor a_peak,2800,2025-07-11 10:24:46.061388
x-axis motor a_rms,1300,2025-07-11 10:24:46.061388
x-axis motor temp,21.3,2025-07-11 10:24:46.061388
x-axis motor crest,2.2,2025-07-11 10:24:46.061388
voltage,131.9,2025-07-11 10:24:46.061388
current,11.796666666666667,2025-07-11 10:24:46.061388
active power,1395.0,2025-07-11 10:24:46.061388
forward kWh,16.274333333333335,2025-07-11 10:24:46.061388
reverse kWh,0.3606666666666667,2025-07-11 10:24:46.061388
frequency,60.0,2025-07-11 10:24:46.061388
power factor,0.8933333333333334,2025-07-11 10:24:46.061388
featureId,NONE,2025-07-11 10:24:47.061536
partKindId,EDB34637-67D8-465A-AFBA-010AD86D34F6,2025-07-11 10:24:47.061536
processKindId,AF6B782E-23DD-4144-8665-11C813BE7660,2025-07-11 10:24:47.061536
A_Axis_Load,16,2025-07-11 10:24:47.061536
A_Position,0.000167897837982586,2025-07-11 10:24:47.061536
C_Axis_Load,45,2025-07-11 10:24:47.061536
C_Position,30.001,2025-07-11 10:24:47.061536
Machine_Time,2590850.753,2025-07-11 10:24:47.061536
Spindle_Time,690508.343999999,2025-07-11 10:24:47.061536
Feed_Override,100,2025-07-11 10:24:47.061536
Feed_Rate,71.25,2025-07-11 10:24:47.061536
Program_Runtime_Seconds,19,2025-07-11 10:24:47.061536
Rapid_Override,100,2025-07-11 10:24:47.061536
Rapid_Speed,0,2025-07-11 10:24:47.061536
S_Axis_Load,2,2025-07-11 10:24:47.061536
Spindle_Override,100,2025-07-11 10:24:47.061536
Spindle_Speed,9792,2025-07-11 10:24:47.061536
X_Axis_Load,4,2025-07-11 10:24:47.061536
X_Position,424.855422389642,2025-07-11 10:24:47.061536
Y_Axis_Load,10,2025-07-11 10:24:47.061536
Y_Position,247.231868032232,2025-07-11 10:24:47.061536
Z_Axis_Load,32,2025-07-11 10:24:47.061536
Z_Position,-306.315198392003,2025-07-11 10:24:47.061536
COR_Status,1,2025-07-11 10:24:47.061536
Controller_Mode,AUTO,2025-07-11 10:24:47.061536
EStop_State,ARMED,2025-07-11 10:24:47.061536
Machine_Mode,5,2025-07-11 10:24:47.061536
Block_Number,207,2025-07-11 10:24:47.061536
Current_Tool,6,2025-07-11 10:24:47.061536
Part_Count,3,2025-07-11 10:24:47.061536
Program_Name_Running,000454_D_A_PROGRAM_2.NC,2025-07-11 10:24:47.061536
spindle motor v_rms,0.8,2025-07-11 10:24:47.061536
spindle motor a_peak,10100,2025-07-11 10:24:47.061536
spindle motor a_rms,2700,2025-07-11 10:24:47.061536
spindle motor temp,24.8,2025-07-11 10:24:47.061536
spindle motor crest,3.7,2025-07-11 10:24:47.061536
z-axis bearing v_rms,0.4,2025-07-11 10:24:47.061536
z-axis bearing a_peak,9300,2025-07-11 10:24:47.061536
z-axis bearing a_rms,3500,2025-07-11 10:24:47.061536
z-axis bearing temp,22.5,2025-07-11 10:24:47.061536
z-axis bearing crest,2.6,2025-07-11 10:24:47.061536
z-axis motor v_rms,1.5,2025-07-11 10:24:47.061536
z-axis motor a_peak,3700,2025-07-11 10:24:47.061536
z-axis motor a_rms,1800,2025-07-11 10:24:47.061536
z-axis motor temp,25.4,2025-07-11 10:24:47.061536
z-axis motor crest,2.1,2025-07-11 10:24:47.061536
y-axis bearing v_rms,1.0,2025-07-11 10:24:47.061536
y-axis bearing a_peak,6200,2025-07-11 10:24:47.061536
y-axis bearing a_rms,3100,2025-07-11 10:24:47.061536
y-axis bearing temp,21.4,2025-07-11 10:24:47.061536
y-axis bearing crest,2.0,2025-07-11 10:24:47.061536
y-axis motor v_rms,1.5,2025-07-11 10:24:47.061536
y-axis motor a_peak,12200,2025-07-11 10:24:47.061536
y-axis motor a_rms,4800,2025-07-11 10:24:47.061536
y-axis motor temp,24.3,2025-07-11 10:24:47.061536
y-axis motor crest,2.5,2025-07-11 10:24:47.061536
x-axis motor v_rms,0.9,2025-07-11 10:24:47.061536
x-axis motor a_peak,4300,2025-07-11 10:24:47.061536
x-axis motor a_rms,1300,2025-07-11 10:24:47.061536
x-axis motor temp,21.3,2025-07-11 10:24:47.061536
x-axis motor crest,3.3,2025-07-11 10:24:47.061536
voltage,131.93333333333334,2025-07-11 10:24:47.061536
current,12.843333333333334,2025-07-11 10:24:47.061536
active power,1509.3333333333333,2025-07-11 10:24:47.061536
forward kWh,16.274333333333335,2025-07-11 10:24:47.061536
reverse kWh,0.3606666666666667,2025-07-11 10:24:47.061536
frequency,60.0,2025-07-11 10:24:47.061536
power factor,0.89,2025-07-11 10:24:47.061536
featureId,NONE,2025-07-11 10:24:48.061687
partKindId,EDB34637-67D8-465A-AFBA-010AD86D34F6,2025-07-11 10:24:48.061687
processKindId,AF6B782E-23DD-4144-8665-11C813BE7660,2025-07-11 10:24:48.061687
A_Axis_Load,16,2025-07-11 10:24:48.061687
A_Position,0.000167897837982586,2025-07-11 10:24:48.061687
C_Axis_Load,45,2025-07-11 10:24:48.061687
C_Position,30,2025-07-11 10:24:48.061687
Machine_Time,2590850.753,2025-07-11 10:24:48.061687
Spindle_Time,690508.343999999,2025-07-11 10:24:48.061687
Feed_Override,100,2025-07-11 10:24:48.061687
Feed_Rate,71.25,2025-07-11 10:24:48.061687
Program_Runtime_Seconds,20,2025-07-11 10:24:48.061687
Rapid_Override,100,2025-07-11 10:24:48.061687
Rapid_Speed,0,2025-07-11 10:24:48.061687
S_Axis_Load,1,2025-07-11 10:24:48.061687
Spindle_Override,100,2025-07-11 10:24:48.061687
Spindle_Speed,9792,2025-07-11 10:24:48.061687
X_Axis_Load,11,2025-07-11 10:24:48.061687
X_Position,382.463655732306,2025-07-11 10:24:48.061687
Y_Axis_Load,1,2025-07-11 10:24:48.061687
Y_Position,224.187962427441,2025-07-11 10:24:48.061687
Z_Axis_Load,33,2025-07-11 10:24:48.061687
Z_Position,-306.315267047222,2025-07-11 10:24:48.061687
COR_Status,1,2025-07-11 10:24:48.061687
Controller_Mode,AUTO,2025-07-11 10:24:48.061687
EStop_State,ARMED,2025-07-11 10:24:48.061687
Machine_Mode,5,2025-07-11 10:24:48.061687
Block_Number,208,2025-07-11 10:24:48.061687
Current_Tool,6,2025-07-11 10:24:48.061687
Part_Count,3,2025-07-11 10:24:48.061687
Program_Name_Running,000454_D_A_PROGRAM_2.NC,2025-07-11 10:24:48.061687
spindle motor v_rms,1.4,2025-07-11 10:24:48.061687
spindle motor a_peak,14300,2025-07-11 10:24:48.061687
spindle motor a_rms,5500,2025-07-11 10:24:48.061687
spindle motor temp,24.8,2025-07-11 10:24:48.061687
spindle motor crest,2.6,2025-07-11 10:24:48.061687
z-axis bearing v_rms,0.4,2025-07-11 10:24:48.061687
z-axis bearing a_peak,10200,2025-07-11 10:24:48.061687
z-axis bearing a_rms,4800,2025-07-11 10:24:48.061687
z-axis bearing temp,22.5,2025-07-11 10:24:48.061687
z-axis bearing crest,2.2,2025-07-11 10:24:48.061687
z-axis motor v_rms,1.7,2025-07-11 10:24:48.061687
z-axis motor a_peak,4400,2025-07-11 10:24:48.061687
z-axis motor a_rms,2000,2025-07-11 10:24:48.061687
z-axis motor temp,25.4,2025-07-11 10:24:48.061687
z-axis motor crest,2.2,2025-07-11 10:24:48.061687
y-axis bearing v_rms,0.9,2025-07-11 10:24:48.061687
y-axis bearing a_peak,5100,2025-07-11 10:24:48.061687
y-axis bearing a_rms,2800,2025-07-11 10:24:48.061687
y-axis bearing temp,21.4,2025-07-11 10:24:48.061687
y-axis bearing crest,1.9,2025-07-11 10:24:48.061687
y-axis motor v_rms,1.8,2025-07-11 10:24:48.061687
y-axis motor a_peak,9800,2025-07-11 10:24:48.061687
y-axis motor a_rms,5400,2025-07-11 10:24:48.061687
y-axis motor temp,24.3,2025-07-11 10:24:48.061687
y-axis motor crest,1.8,2025-07-11 10:24:48.061687
x-axis motor v_rms,0.4,2025-07-11 10:24:48.061687
x-axis motor a_peak,2400,2025-07-11 10:24:48.061687
x-axis motor a_rms,1000,2025-07-11 10:24:48.061687
x-axis motor temp,21.3,2025-07-11 10:24:48.061687
x-axis motor crest,2.3,2025-07-11 10:24:48.061687
voltage,131.86666666666667,2025-07-11 10:24:48.061687
current,13.329999999999998,2025-07-11 10:24:48.061687
active power,1512.0,2025-07-11 10:24:48.061687
forward kWh,16.275000000000002,2025-07-11 10:24:48.061687
reverse kWh,0.3606666666666667,2025-07-11 10:24:48.061687
frequency,60.0,2025-07-11 10:24:48.061687
power factor,0.85,2025-07-11 10:24:48.061687
featureId,NONE,2025-07-11 10:24:49.061984
partKindId,EDB34637-67D8-465A-AFBA-010AD86D34F6,2025-07-11 10:24:49.061984
processKindId,AF6B782E-23DD-4144-8665-11C813BE7660,2025-07-11 10:24:49.061984
A_Axis_Load,16,2025-07-11 10:24:49.061984
A_Position,0.000167897837982586,2025-07-11 10:24:49.061984
C_Axis_Load,45,2025-07-11 10:24:49.061984
C_Position,30.001,2025-07-11 10:24:49.061984
Machine_Time,2590850.753,2025-07-11 10:24:49.061984
Spindle_Time,690508.343999999,2025-07-11 10:24:49.061984
Feed_Override,100,2025-07-11 10:24:49.061984
Feed_Rate,71.25,2025-07-11 10:24:49.061984
Program_Runtime_Seconds,21,2025-07-11 10:24:49.061984
Rapid_Override,100,2025-07-11 10:24:49.061984
Rapid_Speed,0,2025-07-11 10:24:49.061984
S_Axis_Load,0,2025-07-11 10:24:49.061984
Spindle_Override,100,2025-07-11 10:24:49.061984
Spindle_Speed,9792,2025-07-11 10:24:49.061984
X_Axis_Load,1,2025-07-11 10:24:49.061984
X_Position,335.9555913103,2025-07-11 10:24:49.061984
Y_Axis_Load,9,2025-07-11 10:24:49.061984
Y_Position,246.748083825649,2025-07-11 10:24:49.061984
Z_Axis_Load,33,2025-07-11 10:24:49.061984
Z_Position,-306.31517550693,2025-07-11 10:24:49.061984
COR_Status,1,2025-07-11 10:24:49.061984
Controller_Mode,AUTO,2025-07-11 10:24:49.061984
EStop_State,ARMED,2025-07-11 10:24:49.061984
Machine_Mode,5,2025-07-11 10:24:49.061984
Block_Number,209,2025-07-11 10:24:49.061984
Current_Tool,6,2025-07-11 10:24:49.061984
Part_Count,3,2025-07-11 10:24:49.061984
Program_Name_Running,000454_D_A_PROGRAM_2.NC,2025-07-11 10:24:49.061984
spindle motor v_rms,1.1,2025-07-11 10:24:49.061984
spindle motor a_peak,11200,2025-07-11 10:24:49.061984
spindle motor a_rms,3800,2025-07-11 10:24:49.061984
spindle motor temp,24.8,2025-07-11 10:24:49.061984
spindle motor crest,2.9,2025-07-11 10:24:49.061984
z-axis bearing v_rms,0.4,2025-07-11 10:24:49.061984
z-axis bearing a_peak,13300,2025-07-11 10:24:49.061984
z-axis bearing a_rms,3600,2025-07-11 10:24:49.061984
z-axis bearing temp,22.5,2025-07-11 10:24:49.061984
z-axis bearing crest,3.7,2025-07-11 10:24:49.061984
z-axis motor v_rms,1.5,2025-07-11 10:24:49.061984
z-axis motor a_peak,4900,2025-07-11 10:24:49.061984
z-axis motor a_rms,1800,2025-07-11 10:24:49.061984
z-axis motor temp,25.4,2025-07-11 10:24:49.061984
z-axis motor crest,2.7,2025-07-11 10:24:49.061984
y-axis bearing v_rms,1.2,2025-07-11 10:24:49.061984
y-axis bearing a_peak,7800,2025-07-11 10:24:49.061984
y-axis bearing a_rms,3700,2025-07-11 10:24:49.061984
y-axis bearing temp,21.4,2025-07-11 10:24:49.061984
y-axis bearing crest,2.1,2025-07-11 10:24:49.061984
y-axis motor v_rms,1.7,2025-07-11 10:24:49.061984
y-axis motor a_peak,13100,2025-07-11 10:24:49.061984
y-axis motor a_rms,5400,2025-07-11 10:24:49.061984
y-axis motor temp,24.3,2025-07-11 10:24:49.061984
y-axis motor crest,2.4,2025-07-11 10:24:49.061984
x-axis motor v_rms,0.4,2025-07-11 10:24:49.061984
x-axis motor a_peak,3900,2025-07-11 10:24:49.061984
x-axis motor a_rms,1400,2025-07-11 10:24:49.061984
x-axis motor temp,21.3,2025-07-11 10:24:49.061984
x-axis motor crest,2.8,2025-07-11 10:24:49.061984
voltage,131.9,2025-07-11 10:24:49.061984
current,13.286666666666667,2025-07-11 10:24:49.061984
active power,1512.0,2025-07-11 10:24:49.061984
forward kWh,16.275333333333332,2025-07-11 10:24:49.061984
reverse kWh,0.3606666666666667,2025-07-11 10:24:49.061984
frequency,60.0,2025-07-11 10:24:49.061984
power factor,0.8666666666666667,2025-07-11 10:24:49.061984
featureId,NONE,2025-07-11 10:24:50.062286
partKindId,EDB34637-67D8-465A-AFBA-010AD86D34F6,2025-07-11 10:24:50.062286
processKindId,AF6B782E-23DD-4144-8665-11C813BE7660,2025-07-11 10:24:50.062286
A_Axis_Load,16,2025-07-11 10:24:50.062286
A_Position,-0.000332225347943367,2025-07-11 10:24:50.062286
C_Axis_Load,45,2025-07-11 10:24:50.062286
C_Position,30.0005,2025-07-11 10:24:50.062286
Machine_Time,2590850.753,2025-07-11 10:24:50.062286
Spindle_Time,690508.343999999,2025-07-11 10:24:50.062286
Feed_Override,100,2025-07-11 10:24:50.062286
Feed_Rate,71.25,2025-07-11 10:24:50.062286
Program_Runtime_Seconds,22,2025-07-11 10:24:50.062286
Rapid_Override,100,2025-07-11 10:24:50.062286
Rapid_Speed,0,2025-07-11 10:24:50.062286
S_Axis_Load,0,2025-07-11 10:24:50.062286
Spindle_Override,100,2025-07-11 10:24:50.062286
Spindle_Speed,9792,2025-07-11 10:24:50.062286
X_Axis_Load,12,2025-07-11 10:24:50.062286
X_Position,359.158335670381,2025-07-11 10:24:50.062286
Y_Axis_Load,1,2025-07-11 10:24:50.062286
Y_Position,281.592119166081,2025-07-11 10:24:50.062286
Z_Axis_Load,33,2025-07-11 10:24:50.062286
Z_Position,-306.315198392003,2025-07-11 10:24:50.062286
COR_Status,1,2025-07-11 10:24:50.062286
Controller_Mode,AUTO,2025-07-11 10:24:50.062286
EStop_State,ARMED,2025-07-11 10:24:50.062286
Machine_Mode,5,2025-07-11 10:24:50.062286
Block_Number,210,2025-07-11 10:24:50.062286
Current_Tool,6,2025-07-11 10:24:50.062286
Part_Count,3,2025-07-11 10:24:50.062286
Program_Name_Running,000454_D_A_PROGRAM_2.NC,2025-07-11 10:24:50.062286
spindle motor v_rms,0.8,2025-07-11 10:24:50.062286
spindle motor a_peak,12200,2025-07-11 10:24:50.062286
spindle motor a_rms,4000,2025-07-11 10:24:50.062286
spindle motor temp,24.8,2025-07-11 10:24:50.062286
spindle motor crest,3.0,2025-07-11 10:24:50.062286
z-axis bearing v_rms,0.4,2025-07-11 10:24:50.062286
z-axis bearing a_peak,7900,2025-07-11 10:24:50.062286
z-axis bearing a_rms,3500,2025-07-11 10:24:50.062286
z-axis bearing temp,22.5,2025-07-11 10:24:50.062286
z-axis bearing crest,2.3,2025-07-11 10:24:50.062286
z-axis motor v_rms,1.7,2025-07-11 10:24:50.062286
z-axis motor a_peak,4300,2025-07-11 10:24:50.062286
z-axis motor a_rms,1900,2025-07-11 10:24:50.062286
z-axis motor temp,25.4,2025-07-11 10:24:50.062286
z-axis motor crest,2.3,2025-07-11 10:24:50.062286
y-axis bearing v_rms,0.8,2025-07-11 10:24:50.062286
y-axis bearing a_peak,7000,2025-07-11 10:24:50.062286
y-axis bearing a_rms,2600,2025-07-11 10:24:50.062286
y-axis bearing temp,21.4,2025-07-11 10:24:50.062286
y-axis bearing crest,2.7,2025-07-11 10:24:50.062286
y-axis motor v_rms,1.4,2025-07-11 10:24:50.062286
y-axis motor a_peak,10400,2025-07-11 10:24:50.062286
y-axis motor a_rms,4300,2025-07-11 10:24:50.062286
y-axis motor temp,24.3,2025-07-11 10:24:50.062286
y-axis motor crest,2.4,2025-07-11 10:24:50.062286
x-axis motor v_rms,0.9,2025-07-11 10:24:50.062286
x-axis motor a_peak,3600,2025-07-11 10:24:50.062286
x-axis motor a_rms,1300,2025-07-11 10:24:50.062286
x-axis motor temp,21.3,2025-07-11 10:24:50.062286
x-axis motor crest,2.8,2025-07-11 10:24:50.062286
voltage,131.9,2025-07-11 10:24:50.062286
current,12.899999999999999,2025-07-11 10:24:50.062286
active power,1464.0,2025-07-11 10:24:50.062286
forward kWh,16.276,2025-07-11 10:24:50.062286
reverse kWh,0.3606666666666667,2025-07-11 10:24:50.062286
frequency,60.0,2025-07-11 10:24:50.062286
power factor,0.89,2025-07-11 10:24:50.062286
featureId,NONE,2025-07-11 10:24:51.062640
partKindId,EDB34637-67D8-465A-AFBA-010AD86D34F6,2025-07-11 10:24:51.062640
processKindId,AF6B782E-23DD-4144-8665-11C813BE7660,2025-07-11 10:24:51.062640
A_Axis_Load,16,2025-07-11 10:24:51.062640
A_Position,0.000167897837982586,2025-07-11 10:24:51.062640
C_Axis_Load,45,2025-07-11 10:24:51.062640
C_Position,30.0005,2025-07-11 10:24:51.062640
Machine_Time,2590850.753,2025-07-11 10:24:51.062640
Spindle_Time,690508.343999999,2025-07-11 10:24:51.062640
Feed_Override,100,2025-07-11 10:24:51.062640
Feed_Rate,62.41667,2025-07-11 10:24:51.062640
Program_Runtime_Seconds,24,2025-07-11 10:24:51.062640
Rapid_Override,100,2025-07-11 10:24:51.062640
Rapid_Speed,0,2025-07-11 10:24:51.062640
S_Axis_Load,1,2025-07-11 10:24:51.062640
Spindle_Override,100,2025-07-11 10:24:51.062640
Spindle_Speed,9792,2025-07-11 10:24:51.062640
X_Axis_Load,10,2025-07-11 10:24:51.062640
X_Position,417.191067057885,2025-07-11 10:24:51.062640
Y_Axis_Load,7,2025-07-11 10:24:51.062640
Y_Position,275.241807564316,2025-07-11 10:24:51.062640
Z_Axis_Load,33,2025-07-11 10:24:51.062640
Z_Position,-306.315106851711,2025-07-11 10:24:51.062640
COR_Status,1,2025-07-11 10:24:51.062640
Controller_Mode,AUTO,2025-07-11 10:24:51.062640
EStop_State,ARMED,2025-07-11 10:24:51.062640
Machine_Mode,5,2025-07-11 10:24:51.062640
Block_Number,213,2025-07-11 10:24:51.062640
Current_Tool,6,2025-07-11 10:24:51.062640
Part_Count,3,2025-07-11 10:24:51.062640
Program_Name_Running,000454_D_A_PROGRAM_2.NC,2025-07-11 10:24:51.062640
spindle motor v_rms,0.8,2025-07-11 10:24:51.062640
spindle motor a_peak,11500,2025-07-11 10:24:51.062640
spindle motor a_rms,3300,2025-07-11 10:24:51.062640
spindle motor temp,24.8,2025-07-11 10:24:51.062640
spindle motor crest,3.5,2025-07-11 10:24:51.062640
z-axis bearing v_rms,0.4,2025-07-11 10:24:51.062640
z-axis bearing a_peak,15100,2025-07-11 10:24:51.062640
z-axis bearing a_rms,3600,2025-07-11 10:24:51.062640
z-axis bearing temp,22.5,2025-07-11 10:24:51.062640
z-axis bearing crest,4.2,2025-07-11 10:24:51.062640
z-axis motor v_rms,1.7,2025-07-11 10:24:51.062640
z-axis motor a_peak,5200,2025-07-11 10:24:51.062640
z-axis motor a_rms,1900,2025-07-11 10:24:51.062640
z-axis motor temp,25.4,2025-07-11 10:24:51.062640
z-axis motor crest,2.8,2025-07-11 10:24:51.062640
y-axis bearing v_rms,0.9,2025-07-11 10:24:51.062640
y-axis bearing a_peak,8700,2025-07-11 10:24:51.062640
y-axis bearing a_rms,3000,2025-07-11 10:24:51.062640
y-axis bearing temp,21.4,2025-07-11 10:24:51.062640
y-axis bearing crest,3.0,2025-07-11 10:24:51.062640
y-axis motor v_rms,1.3,2025-07-11 10:24:51.062640
y-axis motor a_peak,12100,2025-07-11 10:24:51.062640
y-axis motor a_rms,4200,2025-07-11 10:24:51.062640
y-axis motor temp,24.3,2025-07-11 10:24:51.062640
y-axis motor crest,2.9,2025-07-11 10:24:51.062640
x-axis motor v_rms,0.7,2025-07-11 10:24:51.062640
x-axis motor a_peak,3400,2025-07-11 10:24:51.062640
x-axis motor a_rms,1500,2025-07-11 10:24:51.062640
x-axis motor temp,21.3,2025-07-11 10:24:51.062640
x-axis motor crest,2.3,2025-07-11 10:24:51.062640
voltage,131.9,2025-07-11 10:24:51.062640
current,12.770000000000001,2025-07-11 10:24:51.062640
active power,1449.3333333333333,2025-07-11 10:24:51.062640
forward kWh,16.276333333333334,2025-07-11 10:24:51.062640
reverse kWh,0.3606666666666667,2025-07-11 10:24:51.062640
frequency,60.0,2025-07-11 10:24:51.062640
power factor,0.7666666666666666,2025-07-11 10:24:51.062640
featureId,NONE,2025-07-11 10:24:52.062948
partKindId,EDB34637-67D8-465A-AFBA-010AD86D34F6,2025-07-11 10:24:52.062948
processKindId,AF6B782E-23DD-4144-8665-11C813BE7660,2025-07-11 10:24:52.062948
A_Axis_Load,16,2025-07-11 10:24:52.062948
A_Position,0.000167897837982586,2025-07-11 10:24:52.062948
C_Axis_Load,45,2025-07-11 10:24:52.062948
C_Position,30,2025-07-11 10:24:52.062948
Machine_Time,2590850.753,2025-07-11 10:24:52.062948
Spindle_Time,690508.343999999,2025-07-11 10:24:52.062948
Feed_Override,100,2025-07-11 10:24:52.062948
Feed_Rate,71.25,2025-07-11 10:24:52.062948
Program_Runtime_Seconds,24,2025-07-11 10:24:52.062948
Rapid_Override,100,2025-07-11 10:24:52.062948
Rapid_Speed,0,2025-07-11 10:24:52.062948
S_Axis_Load,1,2025-07-11 10:24:52.062948
Spindle_Override,100,2025-07-11 10:24:52.062948
Spindle_Speed,9792,2025-07-11 10:24:52.062948
X_Axis_Load,10,2025-07-11 10:24:52.062948
X_Position,403.246220883889,2025-07-11 10:24:52.062948
Y_Axis_Load,1,2025-07-11 10:24:52.062948
Y_Position,230.537804843867,2025-07-11 10:24:52.062948
Z_Axis_Load,33,2025-07-11 10:24:52.062948
Z_Position,-306.31517550693,2025-07-11 10:24:52.062948
COR_Status,1,2025-07-11 10:24:52.062948
Controller_Mode,AUTO,2025-07-11 10:24:52.062948
EStop_State,ARMED,2025-07-11 10:24:52.062948
Machine_Mode,5,2025-07-11 10:24:52.062948
Block_Number,214,2025-07-11 10:24:52.062948
Current_Tool,6,2025-07-11 10:24:52.062948
Part_Count,3,2025-07-11 10:24:52.062948
Program_Name_Running,000454_D_A_PROGRAM_2.NC,2025-07-11 10:24:52.062948
spindle motor v_rms,1.4,2025-07-11 10:24:52.062948
spindle motor a_peak,14800,2025-07-11 10:24:52.062948
spindle motor a_rms,5400,2025-07-11 10:24:52.062948
spindle motor temp,24.8,2025-07-11 10:24:52.062948
spindle motor crest,2.8,2025-07-11 10:24:52.062948
z-axis bearing v_rms,0.4,2025-07-11 10:24:52.062948
z-axis bearing a_peak,11500,2025-07-11 10:24:52.062948
z-axis bearing a_rms,4600,2025-07-11 10:24:52.062948
z-axis bearing temp,22.5,2025-07-11 10:24:52.062948
z-axis bearing crest,2.5,2025-07-11 10:24:52.062948
z-axis motor v_rms,1.7,2025-07-11 10:24:52.062948
z-axis motor a_peak,4600,2025-07-11 10:24:52.062948
z-axis motor a_rms,2000,2025-07-11 10:24:52.062948
z-axis motor temp,25.4,2025-07-11 10:24:52.062948
z-axis motor crest,2.3,2025-07-11 10:24:52.062948
y-axis bearing v_rms,0.8,2025-07-11 10:24:52.062948
y-axis bearing a_peak,5700,2025-07-11 10:24:52.062948
y-axis bearing a_rms,2700,2025-07-11 10:24:52.062948
y-axis bearing temp,21.4,2025-07-11 10:24:52.062948
y-axis bearing crest,2.1,2025-07-11 10:24:52.062948
y-axis motor v_rms,1.8,2025-07-11 10:24:52.062948
y-axis motor a_peak,10600,2025-07-11 10:24:52.062948
y-axis motor a_rms,5500,2025-07-11 10:24:52.062948
y-axis motor temp,24.3,2025-07-11 10:24:52.062948
y-axis motor crest,1.9,2025-07-11 10:24:52.062948
x-axis motor v_rms,0.4,2025-07-11 10:24:52.062948
x-axis motor a_peak,1900,2025-07-11 10:24:52.062948
x-axis motor a_rms,1000,2025-07-11 10:24:52.062948
x-axis motor temp,21.3,2025-07-11 10:24:52.062948
x-axis motor crest,1.8,2025-07-11 10:24:52.062948
voltage,131.96666666666667,2025-07-11 10:24:52.062948
current,11.786666666666667,2025-07-11 10:24:52.062948
active power,1330.6666666666667,2025-07-11 10:24:52.062948
forward kWh,16.276666666666667,2025-07-11 10:24:52.062948
reverse kWh,0.3606666666666667,2025-07-11 10:24:52.062948
frequency,60.0,2025-07-11 10:24:52.062948
power factor,0.94,2025-07-11 10:24:52.062948
featureId,NONE,2025-07-11 10:24:53.063291
partKindId,EDB34637-67D8-465A-AFBA-010AD86D34F6,2025-07-11 10:24:53.063291
processKindId,AF6B782E-23DD-4144-8665-11C813BE7660,2025-07-11 10:24:53.063291
A_Axis_Load,16,2025-07-11 10:24:53.063291
A_Position,0.000167897837982586,2025-07-11 10:24:53.063291
C_Axis_Load,45,2025-07-11 10:24:53.063291
C_Position,30.0005,2025-07-11 10:24:53.063291
Machine_Time,2590850.753,2025-07-11 10:24:53.063291
Spindle_Time,690508.343999999,2025-07-11 10:24:53.063291
Feed_Override,100,2025-07-11 10:24:53.063291
Feed_Rate,49.95,2025-07-11 10:24:53.063291
Program_Runtime_Seconds,26,2025-07-11 10:24:53.063291
Rapid_Override,100,2025-07-11 10:24:53.063291
Rapid_Speed,0,2025-07-11 10:24:53.063291
S_Axis_Load,0,2025-07-11 10:24:53.063291
Spindle_Override,100,2025-07-11 10:24:53.063291
Spindle_Speed,9792,2025-07-11 10:24:53.063291
X_Axis_Load,0,2025-07-11 10:24:53.063291
X_Position,342.305570352047,2025-07-11 10:24:53.063291
Y_Axis_Load,9,2025-07-11 10:24:53.063291
Y_Position,246.012521833582,2025-07-11 10:24:53.063291
Z_Axis_Load,33,2025-07-11 10:24:53.063291
Z_Position,-306.315186949467,2025-07-11 10:24:53.063291
COR_Status,1,2025-07-11 10:24:53.063291
Controller_Mode,AUTO,2025-07-11 10:24:53.063291
EStop_State,ARMED,2025-07-11 10:24:53.063291
Machine_Mode,5,2025-07-11 10:24:53.063291
Block_Number,215,2025-07-11 10:24:53.063291
Current_Tool,6,2025-07-11 10:24:53.063291
Part_Count,3,2025-07-11 10:24:53.063291
Program_Name_Running,000454_D_A_PROGRAM_2.NC,2025-07-11 10:24:53.063291
spindle motor v_rms,1.1,2025-07-11 10:24:53.063291
spindle motor a_peak,12500,2025-07-11 10:24:53.063291
spindle motor a_rms,3600,2025-07-11 10:24:53.063291
spindle motor temp,24.8,2025-07-11 10:24:53.063291
spindle motor crest,3.4,2025-07-11 10:24:53.063291
z-axis bearing v_rms,0.4,2025-07-11 10:24:53.063291
z-axis bearing a_peak,13900,2025-07-11 10:24:53.063291
z-axis bearing a_rms,3300,2025-07-11 10:24:53.063291
z-axis bearing temp,22.5,2025-07-11 10:24:53.063291
z-axis bearing crest,4.3,2025-07-11 10:24:53.063291
z-axis motor v_rms,1.5,2025-07-11 10:24:53.063291
z-axis motor a_peak,5100,2025-07-11 10:24:53.063291
z-axis motor a_rms,1800,2025-07-11 10:24:53.063291
z-axis motor temp,25.4,2025-07-11 10:24:53.063291
z-axis motor crest,2.8,2025-07-11 10:24:53.063291
y-axis bearing v_rms,1.1,2025-07-11 10:24:53.063291
y-axis bearing a_peak,8000,2025-07-11 10:24:53.063291
y-axis bearing a_rms,3600,2025-07-11 10:24:53.063291
y-axis bearing temp,21.4,2025-07-11 10:24:53.063291
y-axis bearing crest,2.2,2025-07-11 10:24:53.063291
y-axis motor v_rms,1.5,2025-07-11 10:24:53.063291
y-axis motor a_peak,13400,2025-07-11 10:24:53.063291
y-axis motor a_rms,4800,2025-07-11 10:24:53.063291
y-axis motor temp,24.3,2025-07-11 10:24:53.063291
y-axis motor crest,2.8,2025-07-11 10:24:53.063291
x-axis motor v_rms,0.5,2025-07-11 10:24:53.063291
x-axis motor a_peak,3600,2025-07-11 10:24:53.063291
x-axis motor a_rms,1400,2025-07-11 10:24:53.063291
x-axis motor temp,21.3,2025-07-11 10:24:53.063291
x-axis motor crest,2.7,2025-07-11 10:24:53.063291
voltage,131.86666666666667,2025-07-11 10:24:53.063291
current,13.336666666666668,2025-07-11 10:24:53.063291
active power,1519.3333333333333,2025-07-11 10:24:53.063291
forward kWh,16.277,2025-07-11 10:24:53.063291
reverse kWh,0.3606666666666667,2025-07-11 10:24:53.063291
frequency,60.0,2025-07-11 10:24:53.063291
power factor,0.8766666666666666,2025-07-11 10:24:53.063291
featureId,NONE,2025-07-11 10:24:54.063578
partKindId,EDB34637-67D8-465A-AFBA-010AD86D34F6,2025-07-11 10:24:54.063578
processKindId,AF6B782E-23DD-4144-8665-11C813BE7660,2025-07-11 10:24:54.063578
A_Axis_Load,16,2025-07-11 10:24:54.063578
A_Position,0.000167897837982586,2025-07-11 10:24:54.063578
C_Axis_Load,45,2025-07-11 10:24:54.063578
C_Position,30.001,2025-07-11 10:24:54.063578
Machine_Time,2590850.753,2025-07-11 10:24:54.063578
Spindle_Time,690508.343999999,2025-07-11 10:24:54.063578
Feed_Override,100,2025-07-11 10:24:54.063578
Feed_Rate,68.4,2025-07-11 10:24:54.063578
Program_Runtime_Seconds,26,2025-07-11 10:24:54.063578
Rapid_Override,100,2025-07-11 10:24:54.063578
Rapid_Speed,0,2025-07-11 10:24:54.063578
S_Axis_Load,2,2025-07-11 10:24:54.063578
Spindle_Override,100,2025-07-11 10:24:54.063578
Spindle_Speed,9792,2025-07-11 10:24:54.063578
X_Axis_Load,15,2025-07-11 10:24:54.063578
X_Position,378.408695235789,2025-07-11 10:24:54.063578
Y_Axis_Load,1,2025-07-11 10:24:54.063578
Y_Position,275.241903884823,2025-07-11 10:24:54.063578
Z_Axis_Load,34,2025-07-11 10:24:54.063578
Z_Position,-306.315072524102,2025-07-11 10:24:54.063578
COR_Status,1,2025-07-11 10:24:54.063578
Controller_Mode,AUTO,2025-07-11 10:24:54.063578
EStop_State,ARMED,2025-07-11 10:24:54.063578
Machine_Mode,5,2025-07-11 10:24:54.063578
Block_Number,216,2025-07-11 10:24:54.063578
Current_Tool,6,2025-07-11 10:24:54.063578
Part_Count,3,2025-07-11 10:24:54.063578
Program_Name_Running,000454_D_A_PROGRAM_2.NC,2025-07-11 10:24:54.063578
spindle motor v_rms,0.8,2025-07-11 10:24:54.063578
spindle motor a_peak,12600,2025-07-11 10:24:54.063578
spindle motor a_rms,3500,2025-07-11 10:24:54.063578
spindle motor temp,24.8,2025-07-11 10:24:54.063578
spindle motor crest,3.6,2025-07-11 10:24:54.063578
z-axis bearing v_rms,0.4,2025-07-11 10:24:54.063578
z-axis bearing a_peak,13100,2025-07-11 10:24:54.063578
z-axis bearing a_rms,3100,2025-07-11 10:24:54.063578
z-axis bearing temp,22.5,2025-07-11 10:24:54.063578
z-axis bearing crest,4.2,2025-07-11 10:24:54.063578
z-axis motor v_rms,1.7,2025-07-11 10:24:54.063578
z-axis motor a_peak,4700,2025-07-11 10:24:54.063578
z-axis motor a_rms,1900,2025-07-11 10:24:54.063578
z-axis motor temp,25.4,2025-07-11 10:24:54.063578
z-axis motor crest,2.6,2025-07-11 10:24:54.063578
y-axis bearing v_rms,0.7,2025-07-11 10:24:54.063578
y-axis bearing a_peak,6800,2025-07-11 10:24:54.063578
y-axis bearing a_rms,2400,2025-07-11 10:24:54.063578
y-axis bearing temp,21.4,2025-07-11 10:24:54.063578
y-axis bearing crest,2.9,2025-07-11 10:24:54.063578
y-axis motor v_rms,1.1,2025-07-11 10:24:54.063578
y-axis motor a_peak,10300,2025-07-11 10:24:54.063578
y-axis motor a_rms,3500,2025-07-11 10:24:54.063578
y-axis motor temp,24.3,2025-07-11 10:24:54.063578
y-axis motor crest,2.9,2025-07-11 10:24:54.063578
x-axis motor v_rms,1.0,2025-07-11 10:24:54.063578
x-axis motor a_peak,3500,2025-07-11 10:24:54.063578
x-axis motor a_rms,1200,2025-07-11 10:24:54.063578
x-axis motor temp,21.3,2025-07-11 10:24:54.063578
x-axis motor crest,2.9,2025-07-11 10:24:54.063578
voltage,131.93333333333334,2025-07-11 10:24:54.063578
current,12.933333333333332,2025-07-11 10:24:54.063578
active power,1465.0,2025-07-11 10:24:54.063578
forward kWh,16.277333333333335,2025-07-11 10:24:54.063578
reverse kWh,0.3606666666666667,2025-07-11 10:24:54.063578
frequency,60.0,2025-07-11 10:24:54.063578
power factor,0.8666666666666667,2025-07-11 10:24:54.063578
featureId,NONE,2025-07-11 10:24:55.063875
partKindId,EDB34637-67D8-465A-AFBA-010AD86D34F6,2025-07-11 10:24:55.063875
processKindId,AF6B782E-23DD-4144-8665-11C813BE7660,2025-07-11 10:24:55.063875
A_Axis_Load,16,2025-07-11 10:24:55.063875
A_Position,0.000167897837982586,2025-07-11 10:24:55.063875
C_Axis_Load,45,2025-07-11 10:24:55.063875
C_Position,30.001,2025-07-11 10:24:55.063875
Machine_Time,2590850.753,2025-07-11 10:24:55.063875
Spindle_Time,690508.343999999,2025-07-11 10:24:55.063875
Feed_Override,100,2025-07-11 10:24:55.063875
Feed_Rate,42.25,2025-07-11 10:24:55.063875
Program_Runtime_Seconds,28,2025-07-11 10:24:55.063875
Rapid_Override,100,2025-07-11 10:24:55.063875
Rapid_Speed,0,2025-07-11 10:24:55.063875
S_Axis_Load,1,2025-07-11 10:24:55.063875
Spindle_Override,100,2025-07-11 10:24:55.063875
Spindle_Speed,9792,2025-07-11 10:24:55.063875
X_Axis_Load,0,2025-07-11 10:24:55.063875
X_Position,412.155605532315,2025-07-11 10:24:55.063875
Y_Axis_Load,10,2025-07-11 10:24:55.063875
Y_Position,248.728014099636,2025-07-11 10:24:55.063875
Z_Axis_Load,32,2025-07-11 10:24:55.063875
Z_Position,-306.315232719613,2025-07-11 10:24:55.063875
COR_Status,1,2025-07-11 10:24:55.063875
Controller_Mode,AUTO,2025-07-11 10:24:55.063875
EStop_State,ARMED,2025-07-11 10:24:55.063875
Machine_Mode,5,2025-07-11 10:24:55.063875
Block_Number,219,2025-07-11 10:24:55.063875
Current_Tool,6,2025-07-11 10:24:55.063875
Part_Count,3,2025-07-11 10:24:55.063875
Program_Name_Running,000454_D_A_PROGRAM_2.NC,2025-07-11 10:24:55.063875
spindle motor v_rms,0.7,2025-07-11 10:24:55.063875
spindle motor a_peak,8600,2025-07-11 10:24:55.063875
spindle motor a_rms,2600,2025-07-11 10:24:55.063875
spindle motor temp,24.8,2025-07-11 10:24:55.063875
spindle motor crest,3.3,2025-07-11 10:24:55.063875
z-axis bearing v_rms,0.4,2025-07-11 10:24:55.063875
z-axis bearing a_peak,14200,2025-07-11 10:24:55.063875
z-axis bearing a_rms,3500,2025-07-11 10:24:55.063875
z-axis bearing temp,22.5,2025-07-11 10:24:55.063875
z-axis bearing crest,4.1,2025-07-11 10:24:55.063875
z-axis motor v_rms,1.6,2025-07-11 10:24:55.063875
z-axis motor a_peak,5300,2025-07-11 10:24:55.063875
z-axis motor a_rms,1800,2025-07-11 10:24:55.063875
z-axis motor temp,25.4,2025-07-11 10:24:55.063875
z-axis motor crest,2.9,2025-07-11 10:24:55.063875
y-axis bearing v_rms,0.9,2025-07-11 10:24:55.063875
y-axis bearing a_peak,8700,2025-07-11 10:24:55.063875
y-axis bearing a_rms,3000,2025-07-11 10:24:55.063875
y-axis bearing temp,21.4,2025-07-11 10:24:55.063875
y-axis bearing crest,2.9,2025-07-11 10:24:55.063875
y-axis motor v_rms,1.2,2025-07-11 10:24:55.063875
y-axis motor a_peak,11900,2025-07-11 10:24:55.063875
y-axis motor a_rms,3900,2025-07-11 10:24:55.063875
y-axis motor temp,24.3,2025-07-11 10:24:55.063875
y-axis motor crest,3.1,2025-07-11 10:24:55.063875
x-axis motor v_rms,1.0,2025-07-11 10:24:55.063875
x-axis motor a_peak,4100,2025-07-11 10:24:55.063875
x-axis motor a_rms,1200,2025-07-11 10:24:55.063875
x-axis motor temp,21.3,2025-07-11 10:24:55.063875
x-axis motor crest,3.4,2025-07-11 10:24:55.063875
voltage,131.9,2025-07-11 10:24:55.063875
current,12.666666666666666,2025-07-11 10:24:55.063875
active power,1435.6666666666667,2025-07-11 10:24:55.063875
forward kWh,16.277333333333335,2025-07-11 10:24:55.063875
reverse kWh,0.3606666666666667,2025-07-11 10:24:55.063875
frequency,60.0,2025-07-11 10:24:55.063875
power factor,0.9233333333333333,2025-07-11 10:24:55.063875
featureId,NONE,2025-07-11 10:24:56.064019
partKindId,EDB34637-67D8-465A-AFBA-010AD86D34F6,2025-07-11 10:24:56.064019
processKindId,AF6B782E-23DD-4144-8665-11C813BE7660,2025-07-11 10:24:56.064019
A_Axis_Load,16,2025-07-11 10:24:56.064019
A_Position,0.000668021023908539,2025-07-11 10:24:56.064019
C_Axis_Load,45,2025-07-11 10:24:56.064019
C_Position,30.0005,2025-07-11 10:24:56.064019
Machine_Time,2590850.753,2025-07-11 10:24:56.064019
Spindle_Time,690508.343999999,2025-07-11 10:24:56.064019
Feed_Override,100,2025-07-11 10:24:56.064019
Feed_Rate,71.25,2025-07-11 10:24:56.064019
Program_Runtime_Seconds,28,2025-07-11 10:24:56.064019
Rapid_Override,100,2025-07-11 10:24:56.064019
Rapid_Speed,0,2025-07-11 10:24:56.064019
S_Axis_Load,2,2025-07-11 10:24:56.064019
Spindle_Override,100,2025-07-11 10:24:56.064019
Spindle_Speed,9792,2025-07-11 10:24:56.064019
X_Axis_Load,12,2025-07-11 10:24:56.064019
X_Position,365.898584626389,2025-07-11 10:24:56.064019
Y_Axis_Load,0,2025-07-11 10:24:56.064019
Y_Position,236.887991383825,2025-07-11 10:24:56.064019
Z_Axis_Load,32,2025-07-11 10:24:56.064019
Z_Position,-306.315232719613,2025-07-11 10:24:56.064019
COR_Status,1,2025-07-11 10:24:56.064019
Controller_Mode,AUTO,2025-07-11 10:24:56.064019
EStop_State,ARMED,2025-07-11 10:24:56.064019
Machine_Mode,5,2025-07-11 10:24:56.064019
Block_Number,220,2025-07-11 10:24:56.064019
Current_Tool,6,2025-07-11 10:24:56.064019
Part_Count,3,2025-07-11 10:24:56.064019
Program_Name_Running,000454_D_A_PROGRAM_2.NC,2025-07-11 10:24:56.064019
spindle motor v_rms,1.3,2025-07-11 10:24:56.064019
spindle motor a_peak,14900,2025-07-11 10:24:56.064019
spindle motor a_rms,5300,2025-07-11 10:24:56.064019
spindle motor temp,24.8,2025-07-11 10:24:56.064019
spindle motor crest,2.8,2025-07-11 10:24:56.064019
z-axis bearing v_rms,0.4,2025-07-11 10:24:56.064019
z-axis bearing a_peak,10600,2025-07-11 10:24:56.064019
z-axis bearing a_rms,4400,2025-07-11 10:24:56.064019
z-axis bearing temp,22.5,2025-07-11 10:24:56.064019
z-axis bearing crest,2.4,2025-07-11 10:24:56.064019
z-axis motor v_rms,1.7,2025-07-11 10:24:56.064019
z-axis motor a_peak,4400,2025-07-11 10:24:56.064019
z-axis motor a_rms,1900,2025-07-11 10:24:56.064019
z-axis motor temp,25.4,2025-07-11 10:24:56.064019
z-axis motor crest,2.3,2025-07-11 10:24:56.064019
y-axis bearing v_rms,0.9,2025-07-11 10:24:56.064019
y-axis bearing a_peak,8300,2025-07-11 10:24:56.064019
y-axis bearing a_rms,2800,2025-07-11 10:24:56.064019
y-axis bearing temp,21.4,2025-07-11 10:24:56.064019
y-axis bearing crest,3.0,2025-07-11 10:24:56.064019
y-axis motor v_rms,1.5,2025-07-11 10:24:56.064019
y-axis motor a_peak,10500,2025-07-11 10:24:56.064019
y-axis motor a_rms,4500,2025-07-11 10:24:56.064019
y-axis motor temp,24.3,2025-07-11 10:24:56.064019
y-axis motor crest,2.3,2025-07-11 10:24:56.064019
x-axis motor v_rms,0.7,2025-07-11 10:24:56.064019
x-axis motor a_peak,4900,2025-07-11 10:24:56.064019
x-axis motor a_rms,1300,2025-07-11 10:24:56.064019
x-axis motor temp,21.3,2025-07-11 10:24:56.064019
x-axis motor crest,3.7,2025-07-11 10:24:56.064019
voltage,131.9,2025-07-11 10:24:56.064019
current,11.89,2025-07-11 10:24:56.064019
active power,1342.3333333333333,2025-07-11 10:24:56.064019
forward kWh,16.278333333333332,2025-07-11 10:24:56.064019
reverse kWh,0.3606666666666667,2025-07-11 10:24:56.064019
frequency,60.0,2025-07-11 10:24:56.064019
power factor,0.7966666666666665,2025-07-11 10:24:56.064019
featureId,NONE,2025-07-11 10:24:57.064288
partKindId,EDB34637-67D8-465A-AFBA-010AD86D34F6,2025-07-11 10:24:57.064288
processKindId,AF6B782E-23DD-4144-8665-11C813BE7660,2025-07-11 10:24:57.064288
A_Axis_Load,16,2025-07-11 10:24:57.064288
A_Position,0.000167897837982586,2025-07-11 10:24:57.064288
C_Axis_Load,45,2025-07-11 10:24:57.064288
C_Position,30.0005,2025-07-11 10:24:57.064288
Machine_Time,2590850.753,2025-07-11 10:24:57.064288
Spindle_Time,690508.343999999,2025-07-11 10:24:57.064288
Feed_Override,100,2025-07-11 10:24:57.064288
Feed_Rate,71.16667,2025-07-11 10:24:57.064288
Program_Runtime_Seconds,29,2025-07-11 10:24:57.064288
Rapid_Override,100,2025-07-11 10:24:57.064288
Rapid_Speed,0,2025-07-11 10:24:57.064288
S_Axis_Load,0,2025-07-11 10:24:57.064288
Spindle_Override,100,2025-07-11 10:24:57.064288
Spindle_Speed,9792,2025-07-11 10:24:57.064288
X_Axis_Load,16,2025-07-11 10:24:57.064288
X_Position,364.127997376792,2025-07-11 10:24:57.064288
Y_Axis_Load,3,2025-07-11 10:24:57.064288
Y_Position,268.892209330049,2025-07-11 10:24:57.064288
Z_Axis_Load,33,2025-07-11 10:24:57.064288
Z_Position,-306.31520983454,2025-07-11 10:24:57.064288
COR_Status,1,2025-07-11 10:24:57.064288
Controller_Mode,AUTO,2025-07-11 10:24:57.064288
EStop_State,ARMED,2025-07-11 10:24:57.064288
Machine_Mode,5,2025-07-11 10:24:57.064288
Block_Number,222,2025-07-11 10:24:57.064288
Current_Tool,6,2025-07-11 10:24:57.064288
Part_Count,3,2025-07-11 10:24:57.064288
Program_Name_Running,000454_D_A_PROGRAM_2.NC,2025-07-11 10:24:57.064288
spindle motor v_rms,0.8,2025-07-11 10:24:57.064288
spindle motor a_peak,11900,2025-07-11 10:24:57.064288
spindle motor a_rms,3600,2025-07-11 10:24:57.064288
spindle motor temp,24.8,2025-07-11 10:24:57.064288
spindle motor crest,3.3,2025-07-11 10:24:57.064288
z-axis bearing v_rms,0.4,2025-07-11 10:24:57.064288
z-axis bearing a_peak,10800,2025-07-11 10:24:57.064288
z-axis bearing a_rms,3300,2025-07-11 10:24:57.064288
z-axis bearing temp,22.5,2025-07-11 10:24:57.064288
z-axis bearing crest,3.3,2025-07-11 10:24:57.064288
z-axis motor v_rms,1.7,2025-07-11 10:24:57.064288
z-axis motor a_peak,4500,2025-07-11 10:24:57.064288
z-axis motor a_rms,1900,2025-07-11 10:24:57.064288
z-axis motor temp,25.4,2025-07-11 10:24:57.064288
z-axis motor crest,2.4,2025-07-11 10:24:57.064288
y-axis bearing v_rms,0.8,2025-07-11 10:24:57.064288
y-axis bearing a_peak,7200,2025-07-11 10:24:57.064288
y-axis bearing a_rms,2500,2025-07-11 10:24:57.064288
y-axis bearing temp,21.4,2025-07-11 10:24:57.064288
y-axis bearing crest,2.8,2025-07-11 10:24:57.064288
y-axis motor v_rms,1.3,2025-07-11 10:24:57.064288
y-axis motor a_peak,10500,2025-07-11 10:24:57.064288
y-axis motor a_rms,4100,2025-07-11 10:24:57.064288
y-axis motor temp,24.3,2025-07-11 10:24:57.064288
y-axis motor crest,2.6,2025-07-11 10:24:57.064288
x-axis motor v_rms,0.9,2025-07-11 10:24:57.064288
x-axis motor a_peak,3300,2025-07-11 10:24:57.064288
x-axis motor a_rms,1200,2025-07-11 10:24:57.064288
x-axis motor temp,21.3,2025-07-11 10:24:57.064288
x-axis motor crest,2.8,2025-07-11 10:24:57.064288
voltage,131.86666666666665,2025-07-11 10:24:57.064288
current,13.363333333333335,2025-07-11 10:24:57.064288
active power,1516.6666666666667,2025-07-11 10:24:57.064288
forward kWh,16.279,2025-07-11 10:24:57.064288
reverse kWh,0.3606666666666667,2025-07-11 10:24:57.064288
frequency,60.0,2025-07-11 10:24:57.064288
power factor,0.8733333333333334,2025-07-11 10:24:57.064288
featureId,NONE,2025-07-11 10:24:58.064606
partKindId,EDB34637-67D8-465A-AFBA-010AD86D34F6,2025-07-11 10:24:58.064606
processKindId,AF6B782E-23DD-4144-8665-11C813BE7660,2025-07-11 10:24:58.064606
A_Axis_Load,16,2025-07-11 10:24:58.064606
A_Position,0.000167897837982586,2025-07-11 10:24:58.064606
C_Axis_Load,45,2025-07-11 10:24:58.064606
C_Position,30.001,2025-07-11 10:24:58.064606
Machine_Time,2590850.753,2025-07-11 10:24:58.064606
Spindle_Time,690508.343999999,2025-07-11 10:24:58.064606
Feed_Override,100,2025-07-11 10:24:58.064606
Feed_Rate,61.03333,2025-07-11 10:24:58.064606
Program_Runtime_Seconds,30,2025-07-11 10:24:58.064606
Rapid_Override,100,2025-07-11 10:24:58.064606
Rapid_Speed,0,2025-07-11 10:24:58.064606
S_Axis_Load,0,2025-07-11 10:24:58.064606
Spindle_Override,100,2025-07-11 10:24:58.064606
Spindle_Speed,9792,2025-07-11 10:24:58.064606
X_Axis_Load,1,2025-07-11 10:24:58.064606
X_Position,405.805781983261,2025-07-11 10:24:58.064606
Y_Axis_Load,18,2025-07-11 10:24:58.064606
Y_Position,254.035444791617,2025-07-11 10:24:58.064606
Z_Axis_Load,33,2025-07-11 10:24:58.064606
Z_Position,-306.315118294248,2025-07-11 10:24:58.064606
COR_Status,1,2025-07-11 10:24:58.064606
Controller_Mode,AUTO,2025-07-11 10:24:58.064606
EStop_State,ARMED,2025-07-11 10:24:58.064606
Machine_Mode,5,2025-07-11 10:24:58.064606
Block_Number,225,2025-07-11 10:24:58.064606
Current_Tool,6,2025-07-11 10:24:58.064606
Part_Count,3,2025-07-11 10:24:58.064606
Program_Name_Running,000454_D_A_PROGRAM_2.NC,2025-07-11 10:24:58.064606
spindle motor v_rms,0.7,2025-07-11 10:24:58.064606
spindle motor a_peak,11000,2025-07-11 10:24:58.064606
spindle motor a_rms,2600,2025-07-11 10:24:58.064606
spindle motor temp,24.8,2025-07-11 10:24:58.064606
spindle motor crest,4.2,2025-07-11 10:24:58.064606
z-axis bearing v_rms,0.4,2025-07-11 10:24:58.064606
z-axis bearing a_peak,14200,2025-07-11 10:24:58.064606
z-axis bearing a_rms,3300,2025-07-11 10:24:58.064606
z-axis bearing temp,22.5,2025-07-11 10:24:58.064606
z-axis bearing crest,4.3,2025-07-11 10:24:58.064606
z-axis motor v_rms,1.7,2025-07-11 10:24:58.064606
z-axis motor a_peak,4900,2025-07-11 10:24:58.064606
z-axis motor a_rms,1900,2025-07-11 10:24:58.064606
z-axis motor temp,25.4,2025-07-11 10:24:58.064606
z-axis motor crest,2.6,2025-07-11 10:24:58.064606
y-axis bearing v_rms,0.8,2025-07-11 10:24:58.064606
y-axis bearing a_peak,7900,2025-07-11 10:24:58.064606
y-axis bearing a_rms,2600,2025-07-11 10:24:58.064606
y-axis bearing temp,21.4,2025-07-11 10:24:58.064606
y-axis bearing crest,3.0,2025-07-11 10:24:58.064606
y-axis motor v_rms,0.9,2025-07-11 10:24:58.064606
y-axis motor a_peak,11100,2025-07-11 10:24:58.064606
y-axis motor a_rms,3100,2025-07-11 10:24:58.064606
y-axis motor temp,24.3,2025-07-11 10:24:58.064606
y-axis motor crest,3.6,2025-07-11 10:24:58.064606
x-axis motor v_rms,1.0,2025-07-11 10:24:58.064606
x-axis motor a_peak,3600,2025-07-11 10:24:58.064606
x-axis motor a_rms,1200,2025-07-11 10:24:58.064606
x-axis motor temp,21.3,2025-07-11 10:24:58.064606
x-axis motor crest,3.1,2025-07-11 10:24:58.064606
voltage,131.9,2025-07-11 10:24:58.064606
current,12.160000000000002,2025-07-11 10:24:58.064606
active power,1366.0,2025-07-11 10:24:58.064606
forward kWh,16.279,2025-07-11 10:24:58.064606
reverse kWh,0.3606666666666667,2025-07-11 10:24:58.064606
frequency,60.0,2025-07-11 10:24:58.064606
power factor,0.85,2025-07-11 10:24:58.064606
featureId,NONE,2025-07-11 10:24:59.064807
partKindId,EDB34637-67D8-465A-AFBA-010AD86D34F6,2025-07-11 10:24:59.064807
processKindId,AF6B782E-23DD-4144-8665-11C813BE7660,2025-07-11 10:24:59.064807
A_Axis_Load,16,2025-07-11 10:24:59.064807
A_Position,0.000167897837982586,2025-07-11 10:24:59.064807
C_Axis_Load,45,2025-07-11 10:24:59.064807
C_Position,30.0005,2025-07-11 10:24:59.064807
Machine_Time,2590850.753,2025-07-11 10:24:59.064807
Spindle_Time,690508.343999999,2025-07-11 10:24:59.064807
Feed_Override,100,2025-07-11 10:24:59.064807
Feed_Rate,70.98333,2025-07-11 10:24:59.064807
Program_Runtime_Seconds,31,2025-07-11 10:24:59.064807
Rapid_Override,100,2025-07-11 10:24:59.064807
Rapid_Speed,0,2025-07-11 10:24:59.064807
S_Axis_Load,0,2025-07-11 10:24:59.064807
Spindle_Override,100,2025-07-11 10:24:59.064807
Spindle_Speed,9792,2025-07-11 10:24:59.064807
X_Axis_Load,6,2025-07-11 10:24:59.064807
X_Position,355.006466830159,2025-07-11 10:24:59.064807
Y_Axis_Load,29,2025-07-11 10:24:59.064807
Y_Position,246.394911073612,2025-07-11 10:24:59.064807
Z_Axis_Load,33,2025-07-11 10:24:59.064807
Z_Position,-306.315152621857,2025-07-11 10:24:59.064807
COR_Status,1,2025-07-11 10:24:59.064807
Controller_Mode,AUTO,2025-07-11 10:24:59.064807
EStop_State,ARMED,2025-07-11 10:24:59.064807
Machine_Mode,5,2025-07-11 10:24:59.064807
Block_Number,226,2025-07-11 10:24:59.064807
Current_Tool,6,2025-07-11 10:24:59.064807
Part_Count,3,2025-07-11 10:24:59.064807
Program_Name_Running,000454_D_A_PROGRAM_2.NC,2025-07-11 10:24:59.064807
spindle motor v_rms,1.0,2025-07-11 10:24:59.064807
spindle motor a_peak,16900,2025-07-11 10:24:59.064807
spindle motor a_rms,4000,2025-07-11 10:24:59.064807
spindle motor temp,24.8,2025-07-11 10:24:59.064807
spindle motor crest,4.3,2025-07-11 10:24:59.064807
z-axis bearing v_rms,0.4,2025-07-11 10:24:59.064807
z-axis bearing a_peak,15100,2025-07-11 10:24:59.064807
z-axis bearing a_rms,3500,2025-07-11 10:24:59.064807
z-axis bearing temp,22.5,2025-07-11 10:24:59.064807
z-axis bearing crest,4.3,2025-07-11 10:24:59.064807
z-axis motor v_rms,1.7,2025-07-11 10:24:59.064807
z-axis motor a_peak,6100,2025-07-11 10:24:59.064807
z-axis motor a_rms,2000,2025-07-11 10:24:59.064807
z-axis motor temp,25.4,2025-07-11 10:24:59.064807
z-axis motor crest,3.1,2025-07-11 10:24:59.064807
y-axis bearing v_rms,0.9,2025-07-11 10:24:59.064807
y-axis bearing a_peak,9500,2025-07-11 10:24:59.064807
y-axis bearing a_rms,3000,2025-07-11 10:24:59.064807
y-axis bearing temp,21.4,2025-07-11 10:24:59.064807
y-axis bearing crest,3.2,2025-07-11 10:24:59.064807
y-axis motor v_rms,0.8,2025-07-11 10:24:59.064807
y-axis motor a_peak,10300,2025-07-11 10:24:59.064807
y-axis motor a_rms,2700,2025-07-11 10:24:59.064807
y-axis motor temp,24.3,2025-07-11 10:24:59.064807
y-axis motor crest,3.9,2025-07-11 10:24:59.064807
x-axis motor v_rms,1.2,2025-07-11 10:24:59.064807
x-axis motor a_peak,4100,2025-07-11 10:24:59.064807
x-axis motor a_rms,1400,2025-07-11 10:24:59.064807
x-axis motor temp,21.3,2025-07-11 10:24:59.064807
x-axis motor crest,3.0,2025-07-11 10:24:59.064807
voltage,131.9,2025-07-11 10:24:59.064807
current,12.530000000000001,2025-07-11 10:24:59.064807
active power,1317.6666666666667,2025-07-11 10:24:59.064807
forward kWh,16.279666666666667,2025-07-11 10:24:59.064807
reverse kWh,0.3606666666666667,2025-07-11 10:24:59.064807
frequency,60.0,2025-07-11 10:24:59.064807
power factor,0.7966666666666667,2025-07-11 10:24:59.064807
featureId,NONE,2025-07-11 10:25:00.065103
partKindId,EDB34637-67D8-465A-AFBA-010AD86D34F6,2025-07-11 10:25:00.065103
processKindId,AF6B782E-23DD-4144-8665-11C813BE7660,2025-07-11 10:25:00.065103
A_Axis_Load,16,2025-07-11 10:25:00.065103
A_Position,-0.000332225347943367,2025-07-11 10:25:00.065103
C_Axis_Load,45,2025-07-11 10:25:00.065103
C_Position,30.0005,2025-07-11 10:25:00.065103
Machine_Time,2590850.753,2025-07-11 10:25:00.065103
Spindle_Time,690508.343999999,2025-07-11 10:25:00.065103
Feed_Override,100,2025-07-11 10:25:00.065103
Feed_Rate,44.73333,2025-07-11 10:25:00.065103
Program_Runtime_Seconds,32,2025-07-11 10:25:00.065103
Rapid_Override,100,2025-07-11 10:25:00.065103
Rapid_Speed,0,2025-07-11 10:25:00.065103
S_Axis_Load,2,2025-07-11 10:25:00.065103
Spindle_Override,100,2025-07-11 10:25:00.065103
Spindle_Speed,9792,2025-07-11 10:25:00.065103
X_Axis_Load,0,2025-07-11 10:25:00.065103
X_Position,388.985667653291,2025-07-11 10:25:00.065103
Y_Axis_Load,16,2025-07-11 10:25:00.065103
Y_Position,256.191877608744,2025-07-11 10:25:00.065103
Z_Axis_Load,33,2025-07-11 10:25:00.065103
Z_Position,-306.31517550693,2025-07-11 10:25:00.065103
COR_Status,1,2025-07-11 10:25:00.065103
Controller_Mode,AUTO,2025-07-11 10:25:00.065103
EStop_State,ARMED,2025-07-11 10:25:00.065103
Machine_Mode,5,2025-07-11 10:25:00.065103
Block_Number,230,2025-07-11 10:25:00.065103
Current_Tool,6,2025-07-11 10:25:00.065103
Part_Count,3,2025-07-11 10:25:00.065103
Program_Name_Running,000454_D_A_PROGRAM_2.NC,2025-07-11 10:25:00.065103
spindle motor v_rms,0.8,2025-07-11 10:25:00.065103
spindle motor a_peak,13100,2025-07-11 10:25:00.065103
spindle motor a_rms,3200,2025-07-11 10:25:00.065103
spindle motor temp,24.8,2025-07-11 10:25:00.065103
spindle motor crest,4.1,2025-07-11 10:25:00.065103
z-axis bearing v_rms,0.3,2025-07-11 10:25:00.065103
z-axis bearing a_peak,12600,2025-07-11 10:25:00.065103
z-axis bearing a_rms,2900,2025-07-11 10:25:00.065103
z-axis bearing temp,22.5,2025-07-11 10:25:00.065103
z-axis bearing crest,4.3,2025-07-11 10:25:00.065103
z-axis motor v_rms,1.8,2025-07-11 10:25:00.065103
z-axis motor a_peak,4500,2025-07-11 10:25:00.065103
z-axis motor a_rms,1900,2025-07-11 10:25:00.065103
z-axis motor temp,25.4,2025-07-11 10:25:00.065103
z-axis motor crest,2.3,2025-07-11 10:25:00.065103
y-axis bearing v_rms,0.5,2025-07-11 10:25:00.065103
y-axis bearing a_peak,4800,2025-07-11 10:25:00.065103
y-axis bearing a_rms,1600,2025-07-11 10:25:00.065103
y-axis bearing temp,21.4,2025-07-11 10:25:00.065103
y-axis bearing crest,3.0,2025-07-11 10:25:00.065103
y-axis motor v_rms,1.0,2025-07-11 10:25:00.065103
y-axis motor a_peak,9200,2025-07-11 10:25:00.065103
y-axis motor a_rms,3000,2025-07-11 10:25:00.065103
y-axis motor temp,24.3,2025-07-11 10:25:00.065103
y-axis motor crest,3.0,2025-07-11 10:25:00.065103
x-axis motor v_rms,0.9,2025-07-11 10:25:00.065103
x-axis motor a_peak,2500,2025-07-11 10:25:00.065103
x-axis motor a_rms,600,2025-07-11 10:25:00.065103
x-axis motor temp,21.3,2025-07-11 10:25:00.065103
x-axis motor crest,4.1,2025-07-11 10:25:00.065103
voltage,132.0,2025-07-11 10:25:00.065103
current,10.943333333333333,2025-07-11 10:25:00.065103
active power,1243.6666666666667,2025-07-11 10:25:00.065103
forward kWh,16.28,2025-07-11 10:25:00.065103
reverse kWh,0.3606666666666667,2025-07-11 10:25:00.065103
frequency,60.0,2025-07-11 10:25:00.065103
power factor,0.73,2025-07-11 10:25:00.065103
featureId,NONE,2025-07-11 10:25:01.065436
partKindId,EDB34637-67D8-465A-AFBA-010AD86D34F6,2025-07-11 10:25:01.065436
processKindId,AF6B782E-23DD-4144-8665-11C813BE7660,2025-07-11 10:25:01.065436
A_Axis_Load,16,2025-07-11 10:25:01.065436
A_Position,0.000167897837982586,2025-07-11 10:25:01.065436
C_Axis_Load,45,2025-07-11 10:25:01.065436
C_Position,30.0005,2025-07-11 10:25:01.065436
Machine_Time,2590850.753,2025-07-11 10:25:01.065436
Spindle_Time,690508.343999999,2025-07-11 10:25:01.065436
Feed_Override,100,2025-07-11 10:25:01.065436
Feed_Rate,56.13333,2025-07-11 10:25:01.065436
Program_Runtime_Seconds,33,2025-07-11 10:25:01.065436
Rapid_Override,100,2025-07-11 10:25:01.065436
Rapid_Speed,0,2025-07-11 10:25:01.065436
S_Axis_Load,0,2025-07-11 10:25:01.065436
Spindle_Override,100,2025-07-11 10:25:01.065436
Spindle_Speed,9792,2025-07-11 10:25:01.065436
X_Axis_Load,13,2025-07-11 10:25:01.065436
X_Position,361.355884390867,2025-07-11 10:25:01.065436
Y_Axis_Load,1,2025-07-11 10:25:01.065436
Y_Position,254.484319254653,2025-07-11 10:25:01.065436
Z_Axis_Load,33,2025-07-11 10:25:01.065436
Z_Position,-306.315152621857,2025-07-11 10:25:01.065436
COR_Status,1,2025-07-11 10:25:01.065436
Controller_Mode,AUTO,2025-07-11 10:25:01.065436
EStop_State,ARMED,2025-07-11 10:25:01.065436
Machine_Mode,5,2025-07-11 10:25:01.065436
Block_Number,233,2025-07-11 10:25:01.065436
Current_Tool,6,2025-07-11 10:25:01.065436
Part_Count,3,2025-07-11 10:25:01.065436
Program_Name_Running,000454_D_A_PROGRAM_2.NC,2025-07-11 10:25:01.065436
spindle motor v_rms,0.6,2025-07-11 10:25:01.065436
spindle motor a_peak,13300,2025-07-11 10:25:01.065436
spindle motor a_rms,2000,2025-07-11 10:25:01.065436
spindle motor temp,24.8,2025-07-11 10:25:01.065436
spindle motor crest,6.7,2025-07-11 10:25:01.065436
z-axis bearing v_rms,0.2,2025-07-11 10:25:01.065436
z-axis bearing a_peak,8100,2025-07-11 10:25:01.065436
z-axis bearing a_rms,1300,2025-07-11 10:25:01.065436
z-axis bearing temp,22.5,2025-07-11 10:25:01.065436
z-axis bearing crest,6.3,2025-07-11 10:25:01.065436
z-axis motor v_rms,1.8,2025-07-11 10:25:01.065436
z-axis motor a_peak,3900,2025-07-11 10:25:01.065436
z-axis motor a_rms,1900,2025-07-11 10:25:01.065436
z-axis motor temp,25.4,2025-07-11 10:25:01.065436
z-axis motor crest,2.1,2025-07-11 10:25:01.065436
y-axis bearing v_rms,0.1,2025-07-11 10:25:01.065436
y-axis bearing a_peak,1300,2025-07-11 10:25:01.065436
y-axis bearing a_rms,200,2025-07-11 10:25:01.065436
y-axis bearing temp,21.4,2025-07-11 10:25:01.065436
y-axis bearing crest,6.4,2025-07-11 10:25:01.065436
y-axis motor v_rms,0.4,2025-07-11 10:25:01.065436
y-axis motor a_peak,5800,2025-07-11 10:25:01.065436
y-axis motor a_rms,1200,2025-07-11 10:25:01.065436
y-axis motor temp,24.3,2025-07-11 10:25:01.065436
y-axis motor crest,4.9,2025-07-11 10:25:01.065436
x-axis motor v_rms,0.9,2025-07-11 10:25:01.065436
x-axis motor a_peak,600,2025-07-11 10:25:01.065436
x-axis motor a_rms,200,2025-07-11 10:25:01.065436
x-axis motor temp,21.3,2025-07-11 10:25:01.065436
x-axis motor crest,4.1,2025-07-11 10:25:01.065436
voltage,131.9,2025-07-11 10:25:01.065436
current,12.556666666666667,2025-07-11 10:25:01.065436
active power,1417.3333333333333,2025-07-11 10:25:01.065436
forward kWh,16.28,2025-07-11 10:25:01.065436
reverse kWh,0.3606666666666667,2025-07-11 10:25:01.065436
frequency,60.0,2025-07-11 10:25:01.065436
power factor,0.9199999999999999,2025-07-11 10:25:01.065436
featureId,NONE,2025-07-11 10:25:02.065720
partKindId,EDB34637-67D8-465A-AFBA-010AD86D34F6,2025-07-11 10:25:02.065720
processKindId,AF6B782E-23DD-4144-8665-11C813BE7660,2025-07-11 10:25:02.065720
A_Axis_Load,16,2025-07-11 10:25:02.065720
A_Position,0.000167897837982586,2025-07-11 10:25:02.065720
C_Axis_Load,45,2025-07-11 10:25:02.065720
C_Position,30.0005,2025-07-11 10:25:02.065720
Machine_Time,2590850.753,2025-07-11 10:25:02.065720
Spindle_Time,690508.343999999,2025-07-11 10:25:02.065720
Feed_Override,100,2025-07-11 10:25:02.065720
Feed_Rate,54.56667,2025-07-11 10:25:02.065720
Program_Runtime_Seconds,34,2025-07-11 10:25:02.065720
Rapid_Override,100,2025-07-11 10:25:02.065720
Rapid_Speed,0,2025-07-11 10:25:02.065720
S_Axis_Load,1,2025-07-11 10:25:02.065720
Spindle_Override,100,2025-07-11 10:25:02.065720
Spindle_Speed,9792,2025-07-11 10:25:02.065720
X_Axis_Load,5,2025-07-11 10:25:02.065720
X_Position,383.834680100219,2025-07-11 10:25:02.065720
Y_Axis_Load,5,2025-07-11 10:25:02.065720
Y_Position,259.367089563151,2025-07-11 10:25:02.065720
Z_Axis_Load,50,2025-07-11 10:25:02.065720
Z_Position,-292.40512377521,2025-07-11 10:25:02.065720
COR_Status,1,2025-07-11 10:25:02.065720
Controller_Mode,AUTO,2025-07-11 10:25:02.065720
EStop_State,ARMED,2025-07-11 10:25:02.065720
Machine_Mode,5,2025-07-11 10:25:02.065720
Block_Number,237,2025-07-11 10:25:02.065720
Current_Tool,6,2025-07-11 10:25:02.065720
Part_Count,3,2025-07-11 10:25:02.065720
Program_Name_Running,000454_D_A_PROGRAM_2.NC,2025-07-11 10:25:02.065720
spindle motor v_rms,0.6,2025-07-11 10:25:02.065720
spindle motor a_peak,3700,2025-07-11 10:25:02.065720
spindle motor a_rms,1100,2025-07-11 10:25:02.065720
spindle motor temp,24.8,2025-07-11 10:25:02.065720
spindle motor crest,3.4,2025-07-11 10:25:02.065720
z-axis bearing v_rms,0.2,2025-07-11 10:25:02.065720
z-axis bearing a_peak,3200,2025-07-11 10:25:02.065720
z-axis bearing a_rms,500,2025-07-11 10:25:02.065720
z-axis bearing temp,22.5,2025-07-11 10:25:02.065720
z-axis bearing crest,6.7,2025-07-11 10:25:02.065720
z-axis motor v_rms,1.8,2025-07-11 10:25:02.065720
z-axis motor a_peak,17200,2025-07-11 10:25:02.065720
z-axis motor a_rms,2900,2025-07-11 10:25:02.065720
z-axis motor temp,25.4,2025-07-11 10:25:02.065720
z-axis motor crest,5.9,2025-07-11 10:25:02.065720
y-axis bearing v_rms,0.1,2025-07-11 10:25:02.065720
y-axis bearing a_peak,400,2025-07-11 10:25:02.065720
y-axis bearing a_rms,100,2025-07-11 10:25:02.065720
y-axis bearing temp,21.4,2025-07-11 10:25:02.065720
y-axis bearing crest,3.6,2025-07-11 10:25:02.065720
y-axis motor v_rms,0.4,2025-07-11 10:25:02.065720
y-axis motor a_peak,1900,2025-07-11 10:25:02.065720
y-axis motor a_rms,800,2025-07-11 10:25:02.065720
y-axis motor temp,24.3,2025-07-11 10:25:02.065720
y-axis motor crest,2.2,2025-07-11 10:25:02.065720
x-axis motor v_rms,0.1,2025-07-11 10:25:02.065720
x-axis motor a_peak,300,2025-07-11 10:25:02.065720
x-axis motor a_rms,100,2025-07-11 10:25:02.065720
x-axis motor temp,21.3,2025-07-11 10:25:02.065720
x-axis motor crest,3.2,2025-07-11 10:25:02.065720
voltage,132.03333333333333,2025-07-11 10:25:02.065720
current,9.229999999999999,2025-07-11 10:25:02.065720
active power,1064.0,2025-07-11 10:25:02.065720
forward kWh,16.280666666666665,2025-07-11 10:25:02.065720
reverse kWh,0.3606666666666667,2025-07-11 10:25:02.065720
frequency,60.0,2025-07-11 10:25:02.065720
power factor,0.7666666666666666,2025-07-11 10:25:02.065720
featureId,NONE,2025-07-11 10:25:03.066005
partKindId,EDB34637-67D8-465A-AFBA-010AD86D34F6,2025-07-11 10:25:03.066005
processKindId,NONE,2025-07-11 10:25:03.066005
A_Axis_Load,16,2025-07-11 10:25:03.066005
A_Position,0.000167897837982586,2025-07-11 10:25:03.066005
C_Axis_Load,45,2025-07-11 10:25:03.066005
C_Position,30.0005,2025-07-11 10:25:03.066005
Machine_Time,2590850.753,2025-07-11 10:25:03.066005
Spindle_Time,690508.343999999,2025-07-11 10:25:03.066005
Feed_Override,100,2025-07-11 10:25:03.066005
Feed_Rate,226.9,2025-07-11 10:25:03.066005
Program_Runtime_Seconds,35,2025-07-11 10:25:03.066005
Rapid_Override,100,2025-07-11 10:25:03.066005
Rapid_Speed,0,2025-07-11 10:25:03.066005
S_Axis_Load,6,2025-07-11 10:25:03.066005
Spindle_Override,100,2025-07-11 10:25:03.066005
Spindle_Speed,9374.90797560858,2025-07-11 10:25:03.066005
X_Axis_Load,4,2025-07-11 10:25:03.066005
X_Position,383.834599985852,2025-07-11 10:25:03.066005
Y_Axis_Load,4,2025-07-11 10:25:03.066005
Y_Position,259.366986564881,2025-07-11 10:25:03.066005
Z_Axis_Load,13,2025-07-11 10:25:03.066005
Z_Position,-214.456484751647,2025-07-11 10:25:03.066005
COR_Status,1,2025-07-11 10:25:03.066005
Controller_Mode,AUTO,2025-07-11 10:25:03.066005
EStop_State,ARMED,2025-07-11 10:25:03.066005
Machine_Mode,5,2025-07-11 10:25:03.066005
Block_Number,243,2025-07-11 10:25:03.066005
Current_Tool,6,2025-07-11 10:25:03.066005
Part_Count,3,2025-07-11 10:25:03.066005
Program_Name_Running,000454_D_A_PROGRAM_2.NC,2025-07-11 10:25:03.066005
spindle motor v_rms,0.4,2025-07-11 10:25:03.066005
spindle motor a_peak,8000,2025-07-11 10:25:03.066005
spindle motor a_rms,2100,2025-07-11 10:25:03.066005
spindle motor temp,24.8,2025-07-11 10:25:03.066005
spindle motor crest,3.8,2025-07-11 10:25:03.066005
z-axis bearing v_rms,0.2,2025-07-11 10:25:03.066005
z-axis bearing a_peak,19900,2025-07-11 10:25:03.066005
z-axis bearing a_rms,2900,2025-07-11 10:25:03.066005
z-axis bearing temp,22.5,2025-07-11 10:25:03.066005
z-axis bearing crest,6.9,2025-07-11 10:25:03.066005
z-axis motor v_rms,1.2,2025-07-11 10:25:03.066005
z-axis motor a_peak,58100,2025-07-11 10:25:03.066005
z-axis motor a_rms,7500,2025-07-11 10:25:03.066005
z-axis motor temp,25.4,2025-07-11 10:25:03.066005
z-axis motor crest,7.7,2025-07-11 10:25:03.066005
y-axis bearing v_rms,0.1,2025-07-11 10:25:03.066005
y-axis bearing a_peak,3400,2025-07-11 10:25:03.066005
y-axis bearing a_rms,400,2025-07-11 10:25:03.066005
y-axis bearing temp,21.4,2025-07-11 10:25:03.066005
y-axis bearing crest,8.1,2025-07-11 10:25:03.066005
y-axis motor v_rms,0.2,2025-07-11 10:25:03.066005
y-axis motor a_peak,28200,2025-07-11 10:25:03.066005
y-axis motor a_rms,4600,2025-07-11 10:25:03.066005
y-axis motor temp,24.3,2025-07-11 10:25:03.066005
y-axis motor crest,6.1,2025-07-11 10:25:03.066005
x-axis motor v_rms,0.8,2025-07-11 10:25:03.066005
x-axis motor a_peak,1500,2025-07-11 10:25:03.066005
x-axis motor a_rms,300,2025-07-11 10:25:03.066005
x-axis motor temp,21.3,2025-07-11 10:25:03.066005
x-axis motor crest,4.9,2025-07-11 10:25:03.066005
voltage,132.16666666666666,2025-07-11 10:25:03.066005
current,8.15,2025-07-11 10:25:03.066005
active power,871.0,2025-07-11 10:25:03.066005
forward kWh,16.280666666666665,2025-07-11 10:25:03.066005
reverse kWh,0.3606666666666667,2025-07-11 10:25:03.066005
frequency,60.0,2025-07-11 10:25:03.066005
power factor,0.7266666666666666,2025-07-11 10:25:03.066005
featureId,NONE,2025-07-11 10:25:04.066258
partKindId,EDB34637-67D8-465A-AFBA-010AD86D34F6,2025-07-11 10:25:04.066258
processKindId,NONE,2025-07-11 10:25:04.066258
A_Axis_Load,16,2025-07-11 10:25:04.066258
A_Position,-0.000332225347943367,2025-07-11 10:25:04.066258
C_Axis_Load,45,2025-07-11 10:25:04.066258
C_Position,30.0005,2025-07-11 10:25:04.066258
Machine_Time,2590850.753,2025-07-11 10:25:04.066258
Spindle_Time,690508.343999999,2025-07-11 10:25:04.066258
Feed_Override,100,2025-07-11 10:25:04.066258
Feed_Rate,410.8667,2025-07-11 10:25:04.066258
Program_Runtime_Seconds,36,2025-07-11 10:25:04.066258
Rapid_Override,100,2025-07-11 10:25:04.066258
Rapid_Speed,0,2025-07-11 10:25:04.066258
S_Axis_Load,8,2025-07-11 10:25:04.066258
Spindle_Override,100,2025-07-11 10:25:04.066258
Spindle_Speed,8106.08045969501,2025-07-11 10:25:04.066258
X_Axis_Load,48,2025-07-11 10:25:04.066258
X_Position,32.4396854040698,2025-07-11 10:25:04.066258
Y_Axis_Load,19,2025-07-11 10:25:04.066258
Y_Position,491.638649357422,2025-07-11 10:25:04.066258
Z_Axis_Load,37,2025-07-11 10:25:04.066258
Z_Position,-214.367174806103,2025-07-11 10:25:04.066258
COR_Status,1,2025-07-11 10:25:04.066258
Controller_Mode,AUTO,2025-07-11 10:25:04.066258
EStop_State,ARMED,2025-07-11 10:25:04.066258
Machine_Mode,5,2025-07-11 10:25:04.066258
Block_Number,244,2025-07-11 10:25:04.066258
Current_Tool,6,2025-07-11 10:25:04.066258
Part_Count,3,2025-07-11 10:25:04.066258
Program_Name_Running,000454_D_A_PROGRAM_2.NC,2025-07-11 10:25:04.066258
spindle motor v_rms,0.3,2025-07-11 10:25:04.066258
spindle motor a_peak,10000,2025-07-11 10:25:04.066258
spindle motor a_rms,3000,2025-07-11 10:25:04.066258
spindle motor temp,24.8,2025-07-11 10:25:04.066258
spindle motor crest,3.3,2025-07-11 10:25:04.066258
z-axis bearing v_rms,0.2,2025-07-11 10:25:04.066258
z-axis bearing a_peak,3100,2025-07-11 10:25:04.066258
z-axis bearing a_rms,500,2025-07-11 10:25:04.066258
z-axis bearing temp,22.5,2025-07-11 10:25:04.066258
z-axis bearing crest,6.8,2025-07-11 10:25:04.066258
z-axis motor v_rms,0.4,2025-07-11 10:25:04.066258
z-axis motor a_peak,1500,2025-07-11 10:25:04.066258
z-axis motor a_rms,400,2025-07-11 10:25:04.066258
z-axis motor temp,25.4,2025-07-11 10:25:04.066258
z-axis motor crest,3.4,2025-07-11 10:25:04.066258
y-axis bearing v_rms,0.1,2025-07-11 10:25:04.066258
y-axis bearing a_peak,3800,2025-07-11 10:25:04.066258
y-axis bearing a_rms,300,2025-07-11 10:25:04.066258
y-axis bearing temp,21.4,2025-07-11 10:25:04.066258
y-axis bearing crest,11.4,2025-07-11 10:25:04.066258
y-axis motor v_rms,0.2,2025-07-11 10:25:04.066258
y-axis motor a_peak,19000,2025-07-11 10:25:04.066258
y-axis motor a_rms,1400,2025-07-11 10:25:04.066258
y-axis motor temp,24.3,2025-07-11 10:25:04.066258
y-axis motor crest,13.6,2025-07-11 10:25:04.066258
x-axis motor v_rms,0.3,2025-07-11 10:25:04.066258
x-axis motor a_peak,300,2025-07-11 10:25:04.066258
x-axis motor a_rms,100,2025-07-11 10:25:04.066258
x-axis motor temp,21.3,2025-07-11 10:25:04.066258
x-axis motor crest,3.9,2025-07-11 10:25:04.066258
voltage,133.53333333333333,2025-07-11 10:25:04.066258
current,19.23,2025-07-11 10:25:04.066258
active power,-2030.3333333333333,2025-07-11 10:25:04.066258
forward kWh,16.280666666666665,2025-07-11 10:25:04.066258
reverse kWh,0.3606666666666667,2025-07-11 10:25:04.066258
frequency,60.0,2025-07-11 10:25:04.066258
power factor,0.7266666666666666,2025-07-11 10:25:04.066258
featureId,NONE,2025-07-11 10:25:05.066570
partKindId,EDB34637-67D8-465A-AFBA-010AD86D34F6,2025-07-11 10:25:05.066570
processKindId,NONE,2025-07-11 10:25:05.066570
A_Axis_Load,16,2025-07-11 10:25:05.066570
A_Position,-0.000332225347943367,2025-07-11 10:25:05.066570
C_Axis_Load,45,2025-07-11 10:25:05.066570
C_Position,30.0005,2025-07-11 10:25:05.066570
Machine_Time,2590850.753,2025-07-11 10:25:05.066570
Spindle_Time,690508.343999999,2025-07-11 10:25:05.066570
Feed_Override,100,2025-07-11 10:25:05.066570
Feed_Rate,0,2025-07-11 10:25:05.066570
Program_Runtime_Seconds,37,2025-07-11 10:25:05.066570
Rapid_Override,100,2025-07-11 10:25:05.066570
Rapid_Speed,0,2025-07-11 10:25:05.066570
S_Axis_Load,12,2025-07-11 10:25:05.066570
Spindle_Override,100,2025-07-11 10:25:05.066570
Spindle_Speed,6286.7906602486,2025-07-11 10:25:05.066570
X_Axis_Load,6,2025-07-11 10:25:05.066570
X_Position,32.4255969705485,2025-07-11 10:25:05.066570
Y_Axis_Load,6,2025-07-11 10:25:05.066570
Y_Position,491.650001896484,2025-07-11 10:25:05.066570
Z_Axis_Load,37,2025-07-11 10:25:05.066570
Z_Position,-214.367174806103,2025-07-11 10:25:05.066570
COR_Status,1,2025-07-11 10:25:05.066570
Controller_Mode,AUTO,2025-07-11 10:25:05.066570
EStop_State,ARMED,2025-07-11 10:25:05.066570
Machine_Mode,5,2025-07-11 10:25:05.066570
Block_Number,249,2025-07-11 10:25:05.066570
Current_Tool,6,2025-07-11 10:25:05.066570
Part_Count,3,2025-07-11 10:25:05.066570
Program_Name_Running,000454_D_A_PROGRAM_2.NC,2025-07-11 10:25:05.066570
spindle motor v_rms,0.2,2025-07-11 10:25:05.066570
spindle motor a_peak,10200,2025-07-11 10:25:05.066570
spindle motor a_rms,2800,2025-07-11 10:25:05.066570
spindle motor temp,24.8,2025-07-11 10:25:05.066570
spindle motor crest,3.6,2025-07-11 10:25:05.066570
z-axis bearing v_rms,0.1,2025-07-11 10:25:05.066570
z-axis bearing a_peak,1200,2025-07-11 10:25:05.066570
z-axis bearing a_rms,300,2025-07-11 10:25:05.066570
z-axis bearing temp,22.5,2025-07-11 10:25:05.066570
z-axis bearing crest,4.1,2025-07-11 10:25:05.066570
z-axis motor v_rms,0.2,2025-07-11 10:25:05.066570
z-axis motor a_peak,1000,2025-07-11 10:25:05.066570
z-axis motor a_rms,400,2025-07-11 10:25:05.066570
z-axis motor temp,25.4,2025-07-11 10:25:05.066570
z-axis motor crest,2.6,2025-07-11 10:25:05.066570
y-axis bearing v_rms,0.1,2025-07-11 10:25:05.066570
y-axis bearing a_peak,300,2025-07-11 10:25:05.066570
y-axis bearing a_rms,100,2025-07-11 10:25:05.066570
y-axis bearing temp,21.4,2025-07-11 10:25:05.066570
y-axis bearing crest,4.0,2025-07-11 10:25:05.066570
y-axis motor v_rms,0.1,2025-07-11 10:25:05.066570
y-axis motor a_peak,1300,2025-07-11 10:25:05.066570
y-axis motor a_rms,400,2025-07-11 10:25:05.066570
y-axis motor temp,24.3,2025-07-11 10:25:05.066570
y-axis motor crest,3.3,2025-07-11 10:25:05.066570
x-axis motor v_rms,0.1,2025-07-11 10:25:05.066570
x-axis motor a_peak,200,2025-07-11 10:25:05.066570
x-axis motor a_rms,100,2025-07-11 10:25:05.066570
x-axis motor temp,21.3,2025-07-11 10:25:05.066570
x-axis motor crest,3.8,2025-07-11 10:25:05.066570
voltage,134.13333333333335,2025-07-11 10:25:05.066570
current,25.80333333333333,2025-07-11 10:25:05.066570
active power,-3088.6666666666665,2025-07-11 10:25:05.066570
forward kWh,16.280666666666665,2025-07-11 10:25:05.066570
reverse kWh,0.3606666666666667,2025-07-11 10:25:05.066570
frequency,60.0,2025-07-11 10:25:05.066570
power factor,0.9566666666666667,2025-07-11 10:25:05.066570
featureId,NONE,2025-07-11 10:25:06.066865
partKindId,EDB34637-67D8-465A-AFBA-010AD86D34F6,2025-07-11 10:25:06.066865
processKindId,NONE,2025-07-11 10:25:06.066865
A_Axis_Load,16,2025-07-11 10:25:06.066865
A_Position,-0.000332225347943367,2025-07-11 10:25:06.066865
C_Axis_Load,45,2025-07-11 10:25:06.066865
C_Position,30.0005,2025-07-11 10:25:06.066865
Machine_Time,2590850.753,2025-07-11 10:25:06.066865
Spindle_Time,690508.343999999,2025-07-11 10:25:06.066865
Feed_Override,100,2025-07-11 10:25:06.066865
Feed_Rate,0,2025-07-11 10:25:06.066865
Program_Runtime_Seconds,38,2025-07-11 10:25:06.066865
Rapid_Override,100,2025-07-11 10:25:06.066865
Rapid_Speed,0,2025-07-11 10:25:06.066865
S_Axis_Load,20,2025-07-11 10:25:06.066865
Spindle_Override,100,2025-07-11 10:25:06.066865
Spindle_Speed,3715.60005683848,2025-07-11 10:25:06.066865
X_Axis_Load,6,2025-07-11 10:25:06.066865
X_Position,32.4255855258421,2025-07-11 10:25:06.066865
Y_Axis_Load,5,2025-07-11 10:25:06.066865
Y_Position,491.650001896484,2025-07-11 10:25:06.066865
Z_Axis_Load,37,2025-07-11 10:25:06.066865
Z_Position,-214.367197694351,2025-07-11 10:25:06.066865
COR_Status,1,2025-07-11 10:25:06.066865
Controller_Mode,AUTO,2025-07-11 10:25:06.066865
EStop_State,ARMED,2025-07-11 10:25:06.066865
Machine_Mode,5,2025-07-11 10:25:06.066865
Block_Number,249,2025-07-11 10:25:06.066865
Current_Tool,6,2025-07-11 10:25:06.066865
Part_Count,3,2025-07-11 10:25:06.066865
Program_Name_Running,000454_D_A_PROGRAM_2.NC,2025-07-11 10:25:06.066865
spindle motor v_rms,0.1,2025-07-11 10:25:06.066865
spindle motor a_peak,8100,2025-07-11 10:25:06.066865
spindle motor a_rms,2700,2025-07-11 10:25:06.066865
spindle motor temp,24.8,2025-07-11 10:25:06.066865
spindle motor crest,3.0,2025-07-11 10:25:06.066865
z-axis bearing v_rms,0.1,2025-07-11 10:25:06.066865
z-axis bearing a_peak,800,2025-07-11 10:25:06.066865
z-axis bearing a_rms,200,2025-07-11 10:25:06.066865
z-axis bearing temp,22.5,2025-07-11 10:25:06.066865
z-axis bearing crest,4.0,2025-07-11 10:25:06.066865
z-axis motor v_rms,0.1,2025-07-11 10:25:06.066865
z-axis motor a_peak,900,2025-07-11 10:25:06.066865
z-axis motor a_rms,400,2025-07-11 10:25:06.066865
z-axis motor temp,25.4,2025-07-11 10:25:06.066865
z-axis motor crest,2.4,2025-07-11 10:25:06.066865
y-axis bearing v_rms,0.0,2025-07-11 10:25:06.066865
y-axis bearing a_peak,300,2025-07-11 10:25:06.066865
y-axis bearing a_rms,100,2025-07-11 10:25:06.066865
y-axis bearing temp,21.4,2025-07-11 10:25:06.066865
y-axis bearing crest,3.8,2025-07-11 10:25:06.066865
y-axis motor v_rms,0.1,2025-07-11 10:25:06.066865
y-axis motor a_peak,1000,2025-07-11 10:25:06.066865
y-axis motor a_rms,300,2025-07-11 10:25:06.066865
y-axis motor temp,24.3,2025-07-11 10:25:06.066865
y-axis motor crest,3.0,2025-07-11 10:25:06.066865
x-axis motor v_rms,0.1,2025-07-11 10:25:06.066865
x-axis motor a_peak,200,2025-07-11 10:25:06.066865
x-axis motor a_rms,0,2025-07-11 10:25:06.066865
x-axis motor temp,21.3,2025-07-11 10:25:06.066865
x-axis motor crest,4.3,2025-07-11 10:25:06.066865
voltage,134.29999999999998,2025-07-11 10:25:06.066865
current,28.340000000000003,2025-07-11 10:25:06.066865
active power,-3438.0,2025-07-11 10:25:06.066865
forward kWh,16.280666666666665,2025-07-11 10:25:06.066865
reverse kWh,0.361,2025-07-11 10:25:06.066865
frequency,60.0,2025-07-11 10:25:06.066865
power factor,0.9033333333333333,2025-07-11 10:25:06.066865
featureId,NONE,2025-07-11 10:25:07.067147
partKindId,EDB34637-67D8-465A-AFBA-010AD86D34F6,2025-07-11 10:25:07.067147
processKindId,NONE,2025-07-11 10:25:07.067147
A_Axis_Load,16,2025-07-11 10:25:07.067147
A_Position,-0.000332225347943367,2025-07-11 10:25:07.067147
C_Axis_Load,45,2025-07-11 10:25:07.067147
C_Position,30.0005,2025-07-11 10:25:07.067147
Machine_Time,2590850.753,2025-07-11 10:25:07.067147
Spindle_Time,690508.343999999,2025-07-11 10:25:07.067147
Feed_Override,100,2025-07-11 10:25:07.067147
Feed_Rate,0,2025-07-11 10:25:07.067147
Program_Runtime_Seconds,39,2025-07-11 10:25:07.067147
Rapid_Override,100,2025-07-11 10:25:07.067147
Rapid_Speed,0,2025-07-11 10:25:07.067147
S_Axis_Load,1,2025-07-11 10:25:07.067147
Spindle_Override,100,2025-07-11 10:25:07.067147
Spindle_Speed,248.8,2025-07-11 10:25:07.067147
X_Axis_Load,6,2025-07-11 10:25:07.067147
X_Position,32.4255969705485,2025-07-11 10:25:07.067147
Y_Axis_Load,5,2025-07-11 10:25:07.067147
Y_Position,491.650001896484,2025-07-11 10:25:07.067147
Z_Axis_Load,104,2025-07-11 10:25:07.067147
Z_Position,-191.858878045552,2025-07-11 10:25:07.067147
COR_Status,1,2025-07-11 10:25:07.067147
Controller_Mode,AUTO,2025-07-11 10:25:07.067147
EStop_State,ARMED,2025-07-11 10:25:07.067147
Machine_Mode,5,2025-07-11 10:25:07.067147
Block_Number,249,2025-07-11 10:25:07.067147
Current_Tool,6,2025-07-11 10:25:07.067147
Part_Count,3,2025-07-11 10:25:07.067147
Program_Name_Running,000454_D_A_PROGRAM_2.NC,2025-07-11 10:25:07.067147
spindle motor v_rms,0.1,2025-07-11 10:25:07.067147
spindle motor a_peak,7500,2025-07-11 10:25:07.067147
spindle motor a_rms,1400,2025-07-11 10:25:07.067147
spindle motor temp,24.8,2025-07-11 10:25:07.067147
spindle motor crest,5.3,2025-07-11 10:25:07.067147
z-axis bearing v_rms,0.1,2025-07-11 10:25:07.067147
z-axis bearing a_peak,24600,2025-07-11 10:25:07.067147
z-axis bearing a_rms,3500,2025-07-11 10:25:07.067147
z-axis bearing temp,22.5,2025-07-11 10:25:07.067147
z-axis bearing crest,7.0,2025-07-11 10:25:07.067147
z-axis motor v_rms,0.8,2025-07-11 10:25:07.067147
z-axis motor a_peak,53000,2025-07-11 10:25:07.067147
z-axis motor a_rms,10500,2025-07-11 10:25:07.067147
z-axis motor temp,25.4,2025-07-11 10:25:07.067147
z-axis motor crest,5.0,2025-07-11 10:25:07.067147
y-axis bearing v_rms,0.1,2025-07-11 10:25:07.067147
y-axis bearing a_peak,1200,2025-07-11 10:25:07.067147
y-axis bearing a_rms,200,2025-07-11 10:25:07.067147
y-axis bearing temp,21.4,2025-07-11 10:25:07.067147
y-axis bearing crest,5.4,2025-07-11 10:25:07.067147
y-axis motor v_rms,0.1,2025-07-11 10:25:07.067147
y-axis motor a_peak,2000,2025-07-11 10:25:07.067147
y-axis motor a_rms,400,2025-07-11 10:25:07.067147
y-axis motor temp,24.3,2025-07-11 10:25:07.067147
y-axis motor crest,4.8,2025-07-11 10:25:07.067147
x-axis motor v_rms,0.1,2025-07-11 10:25:07.067147
x-axis motor a_peak,1000,2025-07-11 10:25:07.067147
x-axis motor a_rms,200,2025-07-11 10:25:07.067147
x-axis motor temp,21.3,2025-07-11 10:25:07.067147
x-axis motor crest,6.6,2025-07-11 10:25:07.067147
voltage,134.20000000000002,2025-07-11 10:25:07.067147
current,26.656666666666666,2025-07-11 10:25:07.067147
active power,-3217.6666666666665,2025-07-11 10:25:07.067147
forward kWh,16.280666666666665,2025-07-11 10:25:07.067147
reverse kWh,0.36199999999999993,2025-07-11 10:25:07.067147
frequency,60.0,2025-07-11 10:25:07.067147
power factor,0.77,2025-07-11 10:25:07.067147
featureId,NONE,2025-07-11 10:25:08.067416
partKindId,EDB34637-67D8-465A-AFBA-010AD86D34F6,2025-07-11 10:25:08.067416
processKindId,NONE,2025-07-11 10:25:08.067416
A_Axis_Load,16,2025-07-11 10:25:08.067416
A_Position,-0.000332225347943367,2025-07-11 10:25:08.067416
C_Axis_Load,45,2025-07-11 10:25:08.067416
C_Position,30.0005,2025-07-11 10:25:08.067416
Machine_Time,2590850.753,2025-07-11 10:25:08.067416
Spindle_Time,690508.343999999,2025-07-11 10:25:08.067416
Feed_Override,100,2025-07-11 10:25:08.067416
Feed_Rate,0,2025-07-11 10:25:08.067416
Program_Runtime_Seconds,40,2025-07-11 10:25:08.067416
Rapid_Override,100,2025-07-11 10:25:08.067416
Rapid_Speed,0,2025-07-11 10:25:08.067416
S_Axis_Load,0,2025-07-11 10:25:08.067416
Spindle_Override,100,2025-07-11 10:25:08.067416
Spindle_Speed,0,2025-07-11 10:25:08.067416
X_Axis_Load,6,2025-07-11 10:25:08.067416
X_Position,32.4255969705485,2025-07-11 10:25:08.067416
Y_Axis_Load,5,2025-07-11 10:25:08.067416
Y_Position,491.650001896484,2025-07-11 10:25:08.067416
Z_Axis_Load,39,2025-07-11 10:25:08.067416
Z_Position,-99.866986823947,2025-07-11 10:25:08.067416
COR_Status,1,2025-07-11 10:25:08.067416
Controller_Mode,AUTO,2025-07-11 10:25:08.067416
EStop_State,ARMED,2025-07-11 10:25:08.067416
Machine_Mode,5,2025-07-11 10:25:08.067416
Block_Number,249,2025-07-11 10:25:08.067416
Current_Tool,6,2025-07-11 10:25:08.067416
Part_Count,3,2025-07-11 10:25:08.067416
Program_Name_Running,000454_D_A_PROGRAM_2.NC,2025-07-11 10:25:08.067416
spindle motor v_rms,0.1,2025-07-11 10:25:08.067416
spindle motor a_peak,900,2025-07-11 10:25:08.067416
spindle motor a_rms,300,2025-07-11 10:25:08.067416
spindle motor temp,24.8,2025-07-11 10:25:08.067416
spindle motor crest,2.6,2025-07-11 10:25:08.067416
z-axis bearing v_rms,0.0,2025-07-11 10:25:08.067416
z-axis bearing a_peak,300,2025-07-11 10:25:08.067416
z-axis bearing a_rms,100,2025-07-11 10:25:08.067416
z-axis bearing temp,22.5,2025-07-11 10:25:08.067416
z-axis bearing crest,4.6,2025-07-11 10:25:08.067416
z-axis motor v_rms,0.1,2025-07-11 10:25:08.067416
z-axis motor a_peak,500,2025-07-11 10:25:08.067416
z-axis motor a_rms,100,2025-07-11 10:25:08.067416
z-axis motor temp,25.4,2025-07-11 10:25:08.067416
z-axis motor crest,3.9,2025-07-11 10:25:08.067416
y-axis bearing v_rms,0.0,2025-07-11 10:25:08.067416
y-axis bearing a_peak,300,2025-07-11 10:25:08.067416
y-axis bearing a_rms,100,2025-07-11 10:25:08.067416
y-axis bearing temp,21.4,2025-07-11 10:25:08.067416
y-axis bearing crest,4.4,2025-07-11 10:25:08.067416
y-axis motor v_rms,0.0,2025-07-11 10:25:08.067416
y-axis motor a_peak,700,2025-07-11 10:25:08.067416
y-axis motor a_rms,300,2025-07-11 10:25:08.067416
y-axis motor temp,24.3,2025-07-11 10:25:08.067416
y-axis motor crest,2.3,2025-07-11 10:25:08.067416
x-axis motor v_rms,0.0,2025-07-11 10:25:08.067416
x-axis motor a_peak,200,2025-07-11 10:25:08.067416
x-axis motor a_rms,0,2025-07-11 10:25:08.067416
x-axis motor temp,21.3,2025-07-11 10:25:08.067416
x-axis motor crest,4.4,2025-07-11 10:25:08.067416
voltage,131.63333333333333,2025-07-11 10:25:08.067416
current,17.073333333333334,2025-07-11 10:25:08.067416
active power,1665.0,2025-07-11 10:25:08.067416
forward kWh,16.280666666666665,2025-07-11 10:25:08.067416
reverse kWh,0.3626666666666667,2025-07-11 10:25:08.067416
frequency,60.0,2025-07-11 10:25:08.067416
power factor,0.3933333333333333,2025-07-11 10:25:08.067416
featureId,NONE,2025-07-11 10:25:09.067712
partKindId,EDB34637-67D8-465A-AFBA-010AD86D34F6,2025-07-11 10:25:09.067712
processKindId,NONE,2025-07-11 10:25:09.067712
A_Axis_Load,16,2025-07-11 10:25:09.067712
A_Position,-0.000332225347943367,2025-07-11 10:25:09.067712
C_Axis_Load,45,2025-07-11 10:25:09.067712
C_Position,30.0005,2025-07-11 10:25:09.067712
Machine_Time,2590850.753,2025-07-11 10:25:09.067712
Spindle_Time,690508.343999999,2025-07-11 10:25:09.067712
Feed_Override,100,2025-07-11 10:25:09.067712
Feed_Rate,0,2025-07-11 10:25:09.067712
Program_Runtime_Seconds,41,2025-07-11 10:25:09.067712
Rapid_Override,100,2025-07-11 10:25:09.067712
Rapid_Speed,0,2025-07-11 10:25:09.067712
S_Axis_Load,2,2025-07-11 10:25:09.067712
Spindle_Override,100,2025-07-11 10:25:09.067712
Spindle_Speed,0,2025-07-11 10:25:09.067712
X_Axis_Load,6,2025-07-11 10:25:09.067712
X_Position,32.4255969705485,2025-07-11 10:25:09.067712
Y_Axis_Load,5,2025-07-11 10:25:09.067712
Y_Position,491.650001896484,2025-07-11 10:25:09.067712
Z_Axis_Load,39,2025-07-11 10:25:09.067712
Z_Position,-99.8669982674121,2025-07-11 10:25:09.067712
COR_Status,1,2025-07-11 10:25:09.067712
Controller_Mode,AUTO,2025-07-11 10:25:09.067712
EStop_State,ARMED,2025-07-11 10:25:09.067712
Machine_Mode,5,2025-07-11 10:25:09.067712
Block_Number,249,2025-07-11 10:25:09.067712
Current_Tool,6,2025-07-11 10:25:09.067712
Part_Count,3,2025-07-11 10:25:09.067712
Program_Name_Running,000454_D_A_PROGRAM_2.NC,2025-07-11 10:25:09.067712
spindle motor v_rms,0.0,2025-07-11 10:25:09.067712
spindle motor a_peak,1000,2025-07-11 10:25:09.067712
spindle motor a_rms,300,2025-07-11 10:25:09.067712
spindle motor temp,24.9,2025-07-11 10:25:09.067712
spindle motor crest,3.0,2025-07-11 10:25:09.067712
z-axis bearing v_rms,0.0,2025-07-11 10:25:09.067712
z-axis bearing a_peak,2400,2025-07-11 10:25:09.067712
z-axis bearing a_rms,200,2025-07-11 10:25:09.067712
z-axis bearing temp,22.5,2025-07-11 10:25:09.067712
z-axis bearing crest,14.8,2025-07-11 10:25:09.067712
z-axis motor v_rms,0.1,2025-07-11 10:25:09.067712
z-axis motor a_peak,1300,2025-07-11 10:25:09.067712
z-axis motor a_rms,100,2025-07-11 10:25:09.067712
z-axis motor temp,25.4,2025-07-11 10:25:09.067712
z-axis motor crest,10.4,2025-07-11 10:25:09.067712
y-axis bearing v_rms,0.0,2025-07-11 10:25:09.067712
y-axis bearing a_peak,1700,2025-07-11 10:25:09.067712
y-axis bearing a_rms,100,2025-07-11 10:25:09.067712
y-axis bearing temp,21.4,2025-07-11 10:25:09.067712
y-axis bearing crest,13.5,2025-07-11 10:25:09.067712
y-axis motor v_rms,0.1,2025-07-11 10:25:09.067712
y-axis motor a_peak,1300,2025-07-11 10:25:09.067712
y-axis motor a_rms,300,2025-07-11 10:25:09.067712
y-axis motor temp,24.3,2025-07-11 10:25:09.067712
y-axis motor crest,4.5,2025-07-11 10:25:09.067712
x-axis motor v_rms,0.0,2025-07-11 10:25:09.067712
x-axis motor a_peak,200,2025-07-11 10:25:09.067712
x-axis motor a_rms,0,2025-07-11 10:25:09.067712
x-axis motor temp,21.3,2025-07-11 10:25:09.067712
x-axis motor crest,3.8,2025-07-11 10:25:09.067712
voltage,132.16666666666666,2025-07-11 10:25:09.067712
current,5.636666666666667,2025-07-11 10:25:09.067712
active power,629.3333333333334,2025-07-11 10:25:09.067712
forward kWh,16.280666666666665,2025-07-11 10:25:09.067712
reverse kWh,0.3626666666666667,2025-07-11 10:25:09.067712
frequency,59.99,2025-07-11 10:25:09.067712
power factor,0.83,2025-07-11 10:25:09.067712
featureId,NONE,2025-07-11 10:25:10.067982
partKindId,EDB34637-67D8-465A-AFBA-010AD86D34F6,2025-07-11 10:25:10.067982
processKindId,NONE,2025-07-11 10:25:10.067982
A_Axis_Load,16,2025-07-11 10:25:10.067982
A_Position,-0.000332225347943367,2025-07-11 10:25:10.067982
C_Axis_Load,45,2025-07-11 10:25:10.067982
C_Position,30.0005,2025-07-11 10:25:10.067982
Machine_Time,2590850.753,2025-07-11 10:25:10.067982
Spindle_Time,690508.343999999,2025-07-11 10:25:10.067982
Feed_Override,100,2025-07-11 10:25:10.067982
Feed_Rate,0,2025-07-11 10:25:10.067982
Program_Runtime_Seconds,42,2025-07-11 10:25:10.067982
Rapid_Override,100,2025-07-11 10:25:10.067982
Rapid_Speed,0,2025-07-11 10:25:10.067982
S_Axis_Load,0,2025-07-11 10:25:10.067982
Spindle_Override,100,2025-07-11 10:25:10.067982
Spindle_Speed,0,2025-07-11 10:25:10.067982
X_Axis_Load,6,2025-07-11 10:25:10.067982
X_Position,32.4255969705485,2025-07-11 10:25:10.067982
Y_Axis_Load,5,2025-07-11 10:25:10.067982
Y_Position,491.650001896484,2025-07-11 10:25:10.067982
Z_Axis_Load,39,2025-07-11 10:25:10.067982
Z_Position,-99.8669982674121,2025-07-11 10:25:10.067982
COR_Status,1,2025-07-11 10:25:10.067982
Controller_Mode,AUTO,2025-07-11 10:25:10.067982
EStop_State,ARMED,2025-07-11 10:25:10.067982
Machine_Mode,5,2025-07-11 10:25:10.067982
Block_Number,249,2025-07-11 10:25:10.067982
Current_Tool,6,2025-07-11 10:25:10.067982
Part_Count,3,2025-07-11 10:25:10.067982
Program_Name_Running,000454_D_A_PROGRAM_2.NC,2025-07-11 10:25:10.067982
spindle motor v_rms,0.1,2025-07-11 10:25:10.067982
spindle motor a_peak,800,2025-07-11 10:25:10.067982
spindle motor a_rms,300,2025-07-11 10:25:10.067982
spindle motor temp,24.9,2025-07-11 10:25:10.067982
spindle motor crest,2.6,2025-07-11 10:25:10.067982
z-axis bearing v_rms,0.1,2025-07-11 10:25:10.067982
z-axis bearing a_peak,6600,2025-07-11 10:25:10.067982
z-axis bearing a_rms,300,2025-07-11 10:25:10.067982
z-axis bearing temp,22.5,2025-07-11 10:25:10.067982
z-axis bearing crest,19.5,2025-07-11 10:25:10.067982
z-axis motor v_rms,0.2,2025-07-11 10:25:10.067982
z-axis motor a_peak,1000,2025-07-11 10:25:10.067982
z-axis motor a_rms,200,2025-07-11 10:25:10.067982
z-axis motor temp,25.4,2025-07-11 10:25:10.067982
z-axis motor crest,5.1,2025-07-11 10:25:10.067982
y-axis bearing v_rms,0.1,2025-07-11 10:25:10.067982
y-axis bearing a_peak,700,2025-07-11 10:25:10.067982
y-axis bearing a_rms,100,2025-07-11 10:25:10.067982
y-axis bearing temp,21.4,2025-07-11 10:25:10.067982
y-axis bearing crest,7.6,2025-07-11 10:25:10.067982
y-axis motor v_rms,0.1,2025-07-11 10:25:10.067982
y-axis motor a_peak,1200,2025-07-11 10:25:10.067982
y-axis motor a_rms,300,2025-07-11 10:25:10.067982
y-axis motor temp,24.3,2025-07-11 10:25:10.067982
y-axis motor crest,3.7,2025-07-11 10:25:10.067982
x-axis motor v_rms,0.1,2025-07-11 10:25:10.067982
x-axis motor a_peak,600,2025-07-11 10:25:10.067982
x-axis motor a_rms,100,2025-07-11 10:25:10.067982
x-axis motor temp,21.3,2025-07-11 10:25:10.067982
x-axis motor crest,7.6,2025-07-11 10:25:10.067982
voltage,132.4,2025-07-11 10:25:10.067982
current,4.646666666666666,2025-07-11 10:25:10.067982
active power,514.0,2025-07-11 10:25:10.067982
forward kWh,16.280666666666665,2025-07-11 10:25:10.067982
reverse kWh,0.3626666666666667,2025-07-11 10:25:10.067982
frequency,59.99,2025-07-11 10:25:10.067982
power factor,0.7933333333333333,2025-07-11 10:25:10.067982
featureId,NONE,2025-07-11 10:25:11.068275
partKindId,EDB34637-67D8-465A-AFBA-010AD86D34F6,2025-07-11 10:25:11.068275
processKindId,NONE,2025-07-11 10:25:11.068275
A_Axis_Load,16,2025-07-11 10:25:11.068275
A_Position,-0.000332225347943367,2025-07-11 10:25:11.068275
C_Axis_Load,45,2025-07-11 10:25:11.068275
C_Position,30.0005,2025-07-11 10:25:11.068275
Machine_Time,2590850.753,2025-07-11 10:25:11.068275
Spindle_Time,690508.343999999,2025-07-11 10:25:11.068275
Feed_Override,100,2025-07-11 10:25:11.068275
Feed_Rate,0,2025-07-11 10:25:11.068275
Program_Runtime_Seconds,44,2025-07-11 10:25:11.068275
Rapid_Override,100,2025-07-11 10:25:11.068275
Rapid_Speed,0,2025-07-11 10:25:11.068275
S_Axis_Load,0,2025-07-11 10:25:11.068275
Spindle_Override,100,2025-07-11 10:25:11.068275
Spindle_Speed,0,2025-07-11 10:25:11.068275
X_Axis_Load,6,2025-07-11 10:25:11.068275
X_Position,32.4256084152549,2025-07-11 10:25:11.068275
Y_Axis_Load,5,2025-07-11 10:25:11.068275
Y_Position,491.65003622876,2025-07-11 10:25:11.068275
Z_Axis_Load,37,2025-07-11 10:25:11.068275
Z_Position,-99.8670783716676,2025-07-11 10:25:11.068275
COR_Status,1,2025-07-11 10:25:11.068275
Controller_Mode,AUTO,2025-07-11 10:25:11.068275
EStop_State,ARMED,2025-07-11 10:25:11.068275
Machine_Mode,5,2025-07-11 10:25:11.068275
Block_Number,249,2025-07-11 10:25:11.068275
Current_Tool,0,2025-07-11 10:25:11.068275
Part_Count,3,2025-07-11 10:25:11.068275
Program_Name_Running,000454_D_A_PROGRAM_2.NC,2025-07-11 10:25:11.068275
spindle motor v_rms,0.2,2025-07-11 10:25:11.068275
spindle motor a_peak,3400,2025-07-11 10:25:11.068275
spindle motor a_rms,400,2025-07-11 10:25:11.068275
spindle motor temp,24.9,2025-07-11 10:25:11.068275
spindle motor crest,8.3,2025-07-11 10:25:11.068275
z-axis bearing v_rms,0.1,2025-07-11 10:25:11.068275
z-axis bearing a_peak,4300,2025-07-11 10:25:11.068275
z-axis bearing a_rms,400,2025-07-11 10:25:11.068275
z-axis bearing temp,22.5,2025-07-11 10:25:11.068275
z-axis bearing crest,10.0,2025-07-11 10:25:11.068275
z-axis motor v_rms,0.4,2025-07-11 10:25:11.068275
z-axis motor a_peak,2800,2025-07-11 10:25:11.068275
z-axis motor a_rms,400,2025-07-11 10:25:11.068275
z-axis motor temp,25.4,2025-07-11 10:25:11.068275
z-axis motor crest,7.1,2025-07-11 10:25:11.068275
y-axis bearing v_rms,0.1,2025-07-11 10:25:11.068275
y-axis bearing a_peak,900,2025-07-11 10:25:11.068275
y-axis bearing a_rms,100,2025-07-11 10:25:11.068275
y-axis bearing temp,21.4,2025-07-11 10:25:11.068275
y-axis bearing crest,9.3,2025-07-11 10:25:11.068275
y-axis motor v_rms,0.1,2025-07-11 10:25:11.068275
y-axis motor a_peak,3000,2025-07-11 10:25:11.068275
y-axis motor a_rms,400,2025-07-11 10:25:11.068275
y-axis motor temp,24.3,2025-07-11 10:25:11.068275
y-axis motor crest,7.4,2025-07-11 10:25:11.068275
x-axis motor v_rms,0.1,2025-07-11 10:25:11.068275
x-axis motor a_peak,300,2025-07-11 10:25:11.068275
x-axis motor a_rms,100,2025-07-11 10:25:11.068275
x-axis motor temp,21.3,2025-07-11 10:25:11.068275
x-axis motor crest,4.5,2025-07-11 10:25:11.068275
voltage,132.26666666666668,2025-07-11 10:25:11.068275
current,6.456666666666667,2025-07-11 10:25:11.068275
active power,686.6666666666666,2025-07-11 10:25:11.068275
forward kWh,16.280666666666665,2025-07-11 10:25:11.068275
reverse kWh,0.3626666666666667,2025-07-11 10:25:11.068275
frequency,59.99,2025-07-11 10:25:11.068275
power factor,0.61,2025-07-11 10:25:11.068275
featureId,NONE,2025-07-11 10:25:12.068562
partKindId,EDB34637-67D8-465A-AFBA-010AD86D34F6,2025-07-11 10:25:12.068562
processKindId,NONE,2025-07-11 10:25:12.068562
A_Axis_Load,16,2025-07-11 10:25:12.068562
A_Position,-0.000332225347943367,2025-07-11 10:25:12.068562
C_Axis_Load,45,2025-07-11 10:25:12.068562
C_Position,30.0005,2025-07-11 10:25:12.068562
Machine_Time,2590850.753,2025-07-11 10:25:12.068562
Spindle_Time,690508.343999999,2025-07-11 10:25:12.068562
Feed_Override,100,2025-07-11 10:25:12.068562
Feed_Rate,0,2025-07-11 10:25:12.068562
Program_Runtime_Seconds,44,2025-07-11 10:25:12.068562
Rapid_Override,100,2025-07-11 10:25:12.068562
Rapid_Speed,0,2025-07-11 10:25:12.068562
S_Axis_Load,0,2025-07-11 10:25:12.068562
Spindle_Override,100,2025-07-11 10:25:12.068562
Spindle_Speed,0,2025-07-11 10:25:12.068562
X_Axis_Load,5,2025-07-11 10:25:12.068562
X_Position,32.4255969705485,2025-07-11 10:25:12.068562
Y_Axis_Load,5,2025-07-11 10:25:12.068562
Y_Position,491.650024784668,2025-07-11 10:25:12.068562
Z_Axis_Load,33,2025-07-11 10:25:12.068562
Z_Position,-99.8676276579913,2025-07-11 10:25:12.068562
COR_Status,1,2025-07-11 10:25:12.068562
Controller_Mode,AUTO,2025-07-11 10:25:12.068562
EStop_State,ARMED,2025-07-11 10:25:12.068562
Machine_Mode,5,2025-07-11 10:25:12.068562
Block_Number,249,2025-07-11 10:25:12.068562
Current_Tool,1,2025-07-11 10:25:12.068562
Part_Count,3,2025-07-11 10:25:12.068562
Program_Name_Running,000454_D_A_PROGRAM_2.NC,2025-07-11 10:25:12.068562
spindle motor v_rms,0.3,2025-07-11 10:25:12.068562
spindle motor a_peak,16900,2025-07-11 10:25:12.068562
spindle motor a_rms,700,2025-07-11 10:25:12.068562
spindle motor temp,24.9,2025-07-11 10:25:12.068562
spindle motor crest,25.7,2025-07-11 10:25:12.068562
z-axis bearing v_rms,0.3,2025-07-11 10:25:12.068562
z-axis bearing a_peak,14100,2025-07-11 10:25:12.068562
z-axis bearing a_rms,600,2025-07-11 10:25:12.068562
z-axis bearing temp,22.5,2025-07-11 10:25:12.068562
z-axis bearing crest,22.6,2025-07-11 10:25:12.068562
z-axis motor v_rms,0.5,2025-07-11 10:25:12.068562
z-axis motor a_peak,4000,2025-07-11 10:25:12.068562
z-axis motor a_rms,300,2025-07-11 10:25:12.068562
z-axis motor temp,25.4,2025-07-11 10:25:12.068562
z-axis motor crest,13.5,2025-07-11 10:25:12.068562
y-axis bearing v_rms,0.2,2025-07-11 10:25:12.068562
y-axis bearing a_peak,1300,2025-07-11 10:25:12.068562
y-axis bearing a_rms,100,2025-07-11 10:25:12.068562
y-axis bearing temp,21.4,2025-07-11 10:25:12.068562
y-axis bearing crest,8.9,2025-07-11 10:25:12.068562
y-axis motor v_rms,0.1,2025-07-11 10:25:12.068562
y-axis motor a_peak,2700,2025-07-11 10:25:12.068562
y-axis motor a_rms,400,2025-07-11 10:25:12.068562
y-axis motor temp,24.3,2025-07-11 10:25:12.068562
y-axis motor crest,6.3,2025-07-11 10:25:12.068562
x-axis motor v_rms,0.2,2025-07-11 10:25:12.068562
x-axis motor a_peak,600,2025-07-11 10:25:12.068562
x-axis motor a_rms,100,2025-07-11 10:25:12.068562
x-axis motor temp,21.3,2025-07-11 10:25:12.068562
x-axis motor crest,6.4,2025-07-11 10:25:12.068562
voltage,132.29999999999998,2025-07-11 10:25:12.068562
current,5.863333333333333,2025-07-11 10:25:12.068562
active power,594.6666666666666,2025-07-11 10:25:12.068562
forward kWh,16.280666666666665,2025-07-11 10:25:12.068562
reverse kWh,0.3626666666666667,2025-07-11 10:25:12.068562
frequency,59.99,2025-07-11 10:25:12.068562
power factor,0.9066666666666666,2025-07-11 10:25:12.068562
featureId,NONE,2025-07-11 10:25:13.068885
partKindId,EDB34637-67D8-465A-AFBA-010AD86D34F6,2025-07-11 10:25:13.068885
processKindId,6A897FFD-29C0-423B-A692-D9CCB0612FB0,2025-07-11 10:25:13.068885
A_Axis_Load,16,2025-07-11 10:25:13.068885
A_Position,0.000167897837982586,2025-07-11 10:25:13.068885
C_Axis_Load,45,2025-07-11 10:25:13.068885
C_Position,30.0005,2025-07-11 10:25:13.068885
Machine_Time,2590850.753,2025-07-11 10:25:13.068885
Spindle_Time,690508.343999999,2025-07-11 10:25:13.068885
Feed_Override,100,2025-07-11 10:25:13.068885
Feed_Rate,291.7,2025-07-11 10:25:13.068885
Program_Runtime_Seconds,45,2025-07-11 10:25:13.068885
Rapid_Override,100,2025-07-11 10:25:13.068885
Rapid_Speed,0,2025-07-11 10:25:13.068885
S_Axis_Load,0,2025-07-11 10:25:13.068885
Spindle_Override,100,2025-07-11 10:25:13.068885
Spindle_Speed,0,2025-07-11 10:25:13.068885
X_Axis_Load,5,2025-07-11 10:25:13.068885
X_Position,35.6868738055973,2025-07-11 10:25:13.068885
Y_Axis_Load,5,2025-07-11 10:25:13.068885
Y_Position,489.651983311768,2025-07-11 10:25:13.068885
Z_Axis_Load,38,2025-07-11 10:25:13.068885
Z_Position,-99.8670097108772,2025-07-11 10:25:13.068885
COR_Status,1,2025-07-11 10:25:13.068885
Controller_Mode,AUTO,2025-07-11 10:25:13.068885
EStop_State,ARMED,2025-07-11 10:25:13.068885
Machine_Mode,5,2025-07-11 10:25:13.068885
Block_Number,251,2025-07-11 10:25:13.068885
Current_Tool,1,2025-07-11 10:25:13.068885
Part_Count,3,2025-07-11 10:25:13.068885
Program_Name_Running,O9735.FNC,2025-07-11 10:25:13.068885
spindle motor v_rms,0.1,2025-07-11 10:25:13.068885
spindle motor a_peak,4800,2025-07-11 10:25:13.068885
spindle motor a_rms,900,2025-07-11 10:25:13.068885
spindle motor temp,24.9,2025-07-11 10:25:13.068885
spindle motor crest,5.2,2025-07-11 10:25:13.068885
z-axis bearing v_rms,0.1,2025-07-11 10:25:13.068885
z-axis bearing a_peak,3300,2025-07-11 10:25:13.068885
z-axis bearing a_rms,400,2025-07-11 10:25:13.068885
z-axis bearing temp,22.5,2025-07-11 10:25:13.068885
z-axis bearing crest,7.3,2025-07-11 10:25:13.068885
z-axis motor v_rms,0.1,2025-07-11 10:25:13.068885
z-axis motor a_peak,600,2025-07-11 10:25:13.068885
z-axis motor a_rms,100,2025-07-11 10:25:13.068885
z-axis motor temp,25.4,2025-07-11 10:25:13.068885
z-axis motor crest,4.4,2025-07-11 10:25:13.068885
y-axis bearing v_rms,0.1,2025-07-11 10:25:13.068885
y-axis bearing a_peak,4100,2025-07-11 10:25:13.068885
y-axis bearing a_rms,800,2025-07-11 10:25:13.068885
y-axis bearing temp,21.4,2025-07-11 10:25:13.068885
y-axis bearing crest,4.8,2025-07-11 10:25:13.068885
y-axis motor v_rms,0.2,2025-07-11 10:25:13.068885
y-axis motor a_peak,25100,2025-07-11 10:25:13.068885
y-axis motor a_rms,7300,2025-07-11 10:25:13.068885
y-axis motor temp,24.3,2025-07-11 10:25:13.068885
y-axis motor crest,3.4,2025-07-11 10:25:13.068885
x-axis motor v_rms,0.3,2025-07-11 10:25:13.068885
x-axis motor a_peak,2000,2025-07-11 10:25:13.068885
x-axis motor a_rms,500,2025-07-11 10:25:13.068885
x-axis motor temp,21.3,2025-07-11 10:25:13.068885
x-axis motor crest,4.2,2025-07-11 10:25:13.068885
voltage,132.33333333333334,2025-07-11 10:25:13.068885
current,4.803333333333334,2025-07-11 10:25:13.068885
active power,617.6666666666666,2025-07-11 10:25:13.068885
forward kWh,16.281000000000002,2025-07-11 10:25:13.068885
reverse kWh,0.3626666666666667,2025-07-11 10:25:13.068885
frequency,59.99,2025-07-11 10:25:13.068885
power factor,0.9833333333333334,2025-07-11 10:25:13.068885
featureId,NONE,2025-07-11 10:25:14.069161
partKindId,EDB34637-67D8-465A-AFBA-010AD86D34F6,2025-07-11 10:25:14.069161
processKindId,6A897FFD-29C0-423B-A692-D9CCB0612FB0,2025-07-11 10:25:14.069161
A_Axis_Load,16,2025-07-11 10:25:14.069161
A_Position,0.000167897837982586,2025-07-11 10:25:14.069161
C_Axis_Load,45,2025-07-11 10:25:14.069161
C_Position,30.0005,2025-07-11 10:25:14.069161
Machine_Time,2590850.753,2025-07-11 10:25:14.069161
Spindle_Time,690508.343999999,2025-07-11 10:25:14.069161
Feed_Override,100,2025-07-11 10:25:14.069161
Feed_Rate,510.3833,2025-07-11 10:25:14.069161
Program_Runtime_Seconds,47,2025-07-11 10:25:14.069161
Rapid_Override,100,2025-07-11 10:25:14.069161
Rapid_Speed,0,2025-07-11 10:25:14.069161
S_Axis_Load,28,2025-07-11 10:25:14.069161
Spindle_Override,100,2025-07-11 10:25:14.069161
Spindle_Speed,3401.51085138552,2025-07-11 10:25:14.069161
X_Axis_Load,6,2025-07-11 10:25:14.069161
X_Position,285.968428589916,2025-07-11 10:25:14.069161
Y_Axis_Load,7,2025-07-11 10:25:14.069161
Y_Position,336.166448276618,2025-07-11 10:25:14.069161
Z_Axis_Load,34,2025-07-11 10:25:14.069161
Z_Position,-171.878519666568,2025-07-11 10:25:14.069161
COR_Status,1,2025-07-11 10:25:14.069161
Controller_Mode,AUTO,2025-07-11 10:25:14.069161
EStop_State,ARMED,2025-07-11 10:25:14.069161
Machine_Mode,5,2025-07-11 10:25:14.069161
Block_Number,252,2025-07-11 10:25:14.069161
Current_Tool,1,2025-07-11 10:25:14.069161
Part_Count,3,2025-07-11 10:25:14.069161
Program_Name_Running,000454_D_A_PROGRAM_2.NC,2025-07-11 10:25:14.069161
spindle motor v_rms,0.2,2025-07-11 10:25:14.069161
spindle motor a_peak,10500,2025-07-11 10:25:14.069161
spindle motor a_rms,2800,2025-07-11 10:25:14.069161
spindle motor temp,24.9,2025-07-11 10:25:14.069161
spindle motor crest,3.7,2025-07-11 10:25:14.069161
z-axis bearing v_rms,0.1,2025-07-11 10:25:14.069161
z-axis bearing a_peak,31700,2025-07-11 10:25:14.069161
z-axis bearing a_rms,5800,2025-07-11 10:25:14.069161
z-axis bearing temp,22.5,2025-07-11 10:25:14.069161
z-axis bearing crest,5.5,2025-07-11 10:25:14.069161
z-axis motor v_rms,1.3,2025-07-11 10:25:14.069161
z-axis motor a_peak,57900,2025-07-11 10:25:14.069161
z-axis motor a_rms,13400,2025-07-11 10:25:14.069161
z-axis motor temp,25.4,2025-07-11 10:25:14.069161
z-axis motor crest,4.3,2025-07-11 10:25:14.069161
y-axis bearing v_rms,0.1,2025-07-11 10:25:14.069161
y-axis bearing a_peak,1700,2025-07-11 10:25:14.069161
y-axis bearing a_rms,400,2025-07-11 10:25:14.069161
y-axis bearing temp,21.4,2025-07-11 10:25:14.069161
y-axis bearing crest,4.9,2025-07-11 10:25:14.069161
y-axis motor v_rms,0.1,2025-07-11 10:25:14.069161
y-axis motor a_peak,2600,2025-07-11 10:25:14.069161
y-axis motor a_rms,600,2025-07-11 10:25:14.069161
y-axis motor temp,24.3,2025-07-11 10:25:14.069161
y-axis motor crest,4.4,2025-07-11 10:25:14.069161
x-axis motor v_rms,0.1,2025-07-11 10:25:14.069161
x-axis motor a_peak,500,2025-07-11 10:25:14.069161
x-axis motor a_rms,100,2025-07-11 10:25:14.069161
x-axis motor temp,21.3,2025-07-11 10:25:14.069161
x-axis motor crest,5.1,2025-07-11 10:25:14.069161
voltage,131.83333333333334,2025-07-11 10:25:14.069161
current,17.51,2025-07-11 10:25:14.069161
active power,1582.6666666666667,2025-07-11 10:25:14.069161
forward kWh,16.281000000000002,2025-07-11 10:25:14.069161
reverse kWh,0.3626666666666667,2025-07-11 10:25:14.069161
frequency,59.99,2025-07-11 10:25:14.069161
power factor,1.0,2025-07-11 10:25:14.069161
featureId,NONE,2025-07-11 10:25:15.069429
partKindId,EDB34637-67D8-465A-AFBA-010AD86D34F6,2025-07-11 10:25:15.069429
processKindId,6A897FFD-29C0-423B-A692-D9CCB0612FB0,2025-07-11 10:25:15.069429
A_Axis_Load,16,2025-07-11 10:25:15.069429
A_Position,0.000167897837982586,2025-07-11 10:25:15.069429
C_Axis_Load,45,2025-07-11 10:25:15.069429
C_Position,30.0005,2025-07-11 10:25:15.069429
Machine_Time,2590850.753,2025-07-11 10:25:15.069429
Spindle_Time,690508.343999999,2025-07-11 10:25:15.069429
Feed_Override,100,2025-07-11 10:25:15.069429
Feed_Rate,62.58333,2025-07-11 10:25:15.069429
Program_Runtime_Seconds,47,2025-07-11 10:25:15.069429
Rapid_Override,100,2025-07-11 10:25:15.069429
Rapid_Speed,0,2025-07-11 10:25:15.069429
S_Axis_Load,0,2025-07-11 10:25:15.069429
Spindle_Override,100,2025-07-11 10:25:15.069429
Spindle_Speed,3709,2025-07-11 10:25:15.069429
X_Axis_Load,13,2025-07-11 10:25:15.069429
X_Position,296.167148575746,2025-07-11 10:25:15.069429
Y_Axis_Load,8,2025-07-11 10:25:15.069429
Y_Position,315.137199335794,2025-07-11 10:25:15.069429
Z_Axis_Load,30,2025-07-11 10:25:15.069429
Z_Position,-306.348393190337,2025-07-11 10:25:15.069429
COR_Status,1,2025-07-11 10:25:15.069429
Controller_Mode,AUTO,2025-07-11 10:25:15.069429
EStop_State,ARMED,2025-07-11 10:25:15.069429
Machine_Mode,5,2025-07-11 10:25:15.069429
Block_Number,254,2025-07-11 10:25:15.069429
Current_Tool,1,2025-07-11 10:25:15.069429
Part_Count,3,2025-07-11 10:25:15.069429
Program_Name_Running,000454_D_A_PROGRAM_2.NC,2025-07-11 10:25:15.069429
spindle motor v_rms,0.2,2025-07-11 10:25:15.069429
spindle motor a_peak,2300,2025-07-11 10:25:15.069429
spindle motor a_rms,500,2025-07-11 10:25:15.069429
spindle motor temp,24.9,2025-07-11 10:25:15.069429
spindle motor crest,4.5,2025-07-11 10:25:15.069429
z-axis bearing v_rms,0.1,2025-07-11 10:25:15.069429
z-axis bearing a_peak,800,2025-07-11 10:25:15.069429
z-axis bearing a_rms,200,2025-07-11 10:25:15.069429
z-axis bearing temp,22.5,2025-07-11 10:25:15.069429
z-axis bearing crest,3.2,2025-07-11 10:25:15.069429
z-axis motor v_rms,0.1,2025-07-11 10:25:15.069429
z-axis motor a_peak,400,2025-07-11 10:25:15.069429
z-axis motor a_rms,100,2025-07-11 10:25:15.069429
z-axis motor temp,25.4,2025-07-11 10:25:15.069429
z-axis motor crest,3.4,2025-07-11 10:25:15.069429
y-axis bearing v_rms,0.0,2025-07-11 10:25:15.069429
y-axis bearing a_peak,700,2025-07-11 10:25:15.069429
y-axis bearing a_rms,100,2025-07-11 10:25:15.069429
y-axis bearing temp,21.4,2025-07-11 10:25:15.069429
y-axis bearing crest,4.8,2025-07-11 10:25:15.069429
y-axis motor v_rms,0.1,2025-07-11 10:25:15.069429
y-axis motor a_peak,3900,2025-07-11 10:25:15.069429
y-axis motor a_rms,1000,2025-07-11 10:25:15.069429
y-axis motor temp,24.3,2025-07-11 10:25:15.069429
y-axis motor crest,3.8,2025-07-11 10:25:15.069429
x-axis motor v_rms,0.2,2025-07-11 10:25:15.069429
x-axis motor a_peak,3500,2025-07-11 10:25:15.069429
x-axis motor a_rms,700,2025-07-11 10:25:15.069429
x-axis motor temp,21.3,2025-07-11 10:25:15.069429
x-axis motor crest,4.9,2025-07-11 10:25:15.069429
voltage,130.76666666666665,2025-07-11 10:25:15.069429
current,37.63,2025-07-11 10:25:15.069429
active power,3439.3333333333335,2025-07-11 10:25:15.069429
forward kWh,16.282,2025-07-11 10:25:15.069429
reverse kWh,0.3626666666666667,2025-07-11 10:25:15.069429
frequency,59.99,2025-07-11 10:25:15.069429
power factor,0.5933333333333333,2025-07-11 10:25:15.069429
featureId,NONE,2025-07-11 10:25:16.069724
partKindId,EDB34637-67D8-465A-AFBA-010AD86D34F6,2025-07-11 10:25:16.069724
processKindId,6A897FFD-29C0-423B-A692-D9CCB0612FB0,2025-07-11 10:25:16.069724
A_Axis_Load,16,2025-07-11 10:25:16.069724
A_Position,-0.000332225347943367,2025-07-11 10:25:16.069724
C_Axis_Load,45,2025-07-11 10:25:16.069724
C_Position,30.0005,2025-07-11 10:25:16.069724
Machine_Time,2590850.753,2025-07-11 10:25:16.069724
Spindle_Time,690508.343999999,2025-07-11 10:25:16.069724
Feed_Override,100,2025-07-11 10:25:16.069724
Feed_Rate,62.61667,2025-07-11 10:25:16.069724
Program_Runtime_Seconds,48,2025-07-11 10:25:16.069724
Rapid_Override,100,2025-07-11 10:25:16.069724
Rapid_Speed,0,2025-07-11 10:25:16.069724
S_Axis_Load,0,2025-07-11 10:25:16.069724
Spindle_Override,100,2025-07-11 10:25:16.069724
Spindle_Speed,3709,2025-07-11 10:25:16.069724
X_Axis_Load,12,2025-07-11 10:25:16.069724
X_Position,355.99836008281,2025-07-11 10:25:16.069724
Y_Axis_Load,8,2025-07-11 10:25:16.069724
Y_Position,309.589889694907,2025-07-11 10:25:16.069724
Z_Axis_Load,30,2025-07-11 10:25:16.069724
Z_Position,-306.348438960483,2025-07-11 10:25:16.069724
COR_Status,1,2025-07-11 10:25:16.069724
Controller_Mode,AUTO,2025-07-11 10:25:16.069724
EStop_State,ARMED,2025-07-11 10:25:16.069724
Machine_Mode,5,2025-07-11 10:25:16.069724
Block_Number,255,2025-07-11 10:25:16.069724
Current_Tool,1,2025-07-11 10:25:16.069724
Part_Count,3,2025-07-11 10:25:16.069724
Program_Name_Running,000454_D_A_PROGRAM_2.NC,2025-07-11 10:25:16.069724
spindle motor v_rms,0.7,2025-07-11 10:25:16.069724
spindle motor a_peak,10300,2025-07-11 10:25:16.069724
spindle motor a_rms,2900,2025-07-11 10:25:16.069724
spindle motor temp,24.9,2025-07-11 10:25:16.069724
spindle motor crest,3.6,2025-07-11 10:25:16.069724
z-axis bearing v_rms,0.2,2025-07-11 10:25:16.069724
z-axis bearing a_peak,5300,2025-07-11 10:25:16.069724
z-axis bearing a_rms,1500,2025-07-11 10:25:16.069724
z-axis bearing temp,22.5,2025-07-11 10:25:16.069724
z-axis bearing crest,3.6,2025-07-11 10:25:16.069724
z-axis motor v_rms,0.4,2025-07-11 10:25:16.069724
z-axis motor a_peak,1500,2025-07-11 10:25:16.069724
z-axis motor a_rms,600,2025-07-11 10:25:16.069724
z-axis motor temp,25.4,2025-07-11 10:25:16.069724
z-axis motor crest,2.7,2025-07-11 10:25:16.069724
y-axis bearing v_rms,0.1,2025-07-11 10:25:16.069724
y-axis bearing a_peak,900,2025-07-11 10:25:16.069724
y-axis bearing a_rms,400,2025-07-11 10:25:16.069724
y-axis bearing temp,21.4,2025-07-11 10:25:16.069724
y-axis bearing crest,2.5,2025-07-11 10:25:16.069724
y-axis motor v_rms,0.4,2025-07-11 10:25:16.069724
y-axis motor a_peak,5000,2025-07-11 10:25:16.069724
y-axis motor a_rms,1200,2025-07-11 10:25:16.069724
y-axis motor temp,24.3,2025-07-11 10:25:16.069724
y-axis motor crest,4.3,2025-07-11 10:25:16.069724
x-axis motor v_rms,0.5,2025-07-11 10:25:16.069724
x-axis motor a_peak,2700,2025-07-11 10:25:16.069724
x-axis motor a_rms,1400,2025-07-11 10:25:16.069724
x-axis motor temp,21.3,2025-07-11 10:25:16.069724
x-axis motor crest,2.0,2025-07-11 10:25:16.069724
voltage,132.16666666666666,2025-07-11 10:25:16.069724
current,6.43,2025-07-11 10:25:16.069724
active power,763.6666666666666,2025-07-11 10:25:16.069724
forward kWh,16.282,2025-07-11 10:25:16.069724
reverse kWh,0.3626666666666667,2025-07-11 10:25:16.069724
frequency,59.99,2025-07-11 10:25:16.069724
power factor,0.7633333333333333,2025-07-11 10:25:16.069724
featureId,NONE,2025-07-11 10:25:17.069992
partKindId,EDB34637-67D8-465A-AFBA-010AD86D34F6,2025-07-11 10:25:17.069992
processKindId,6A897FFD-29C0-423B-A692-D9CCB0612FB0,2025-07-11 10:25:17.069992
A_Axis_Load,16,2025-07-11 10:25:17.069992
A_Position,0.000167897837982586,2025-07-11 10:25:17.069992
C_Axis_Load,45,2025-07-11 10:25:17.069992
C_Position,30.0005,2025-07-11 10:25:17.069992
Machine_Time,2590850.753,2025-07-11 10:25:17.069992
Spindle_Time,690508.343999999,2025-07-11 10:25:17.069992
Feed_Override,100,2025-07-11 10:25:17.069992
Feed_Rate,62.61667,2025-07-11 10:25:17.069992
Program_Runtime_Seconds,50,2025-07-11 10:25:17.069992
Rapid_Override,100,2025-07-11 10:25:17.069992
Rapid_Speed,0,2025-07-11 10:25:17.069992
S_Axis_Load,1,2025-07-11 10:25:17.069992
Spindle_Override,100,2025-07-11 10:25:17.069992
Spindle_Speed,3709,2025-07-11 10:25:17.069992
X_Axis_Load,11,2025-07-11 10:25:17.069992
X_Position,420.522467345939,2025-07-11 10:25:17.069992
Y_Axis_Load,7,2025-07-11 10:25:17.069992
Y_Position,310.851901292646,2025-07-11 10:25:17.069992
Z_Axis_Load,30,2025-07-11 10:25:17.069992
Z_Position,-306.348393190337,2025-07-11 10:25:17.069992
COR_Status,1,2025-07-11 10:25:17.069992
Controller_Mode,AUTO,2025-07-11 10:25:17.069992
EStop_State,ARMED,2025-07-11 10:25:17.069992
Machine_Mode,5,2025-07-11 10:25:17.069992
Block_Number,255,2025-07-11 10:25:17.069992
Current_Tool,1,2025-07-11 10:25:17.069992
Part_Count,3,2025-07-11 10:25:17.069992
Program_Name_Running,000454_D_A_PROGRAM_2.NC,2025-07-11 10:25:17.069992
spindle motor v_rms,0.4,2025-07-11 10:25:17.069992
spindle motor a_peak,10800,2025-07-11 10:25:17.069992
spindle motor a_rms,2100,2025-07-11 10:25:17.069992
spindle motor temp,24.9,2025-07-11 10:25:17.069992
spindle motor crest,5.2,2025-07-11 10:25:17.069992
z-axis bearing v_rms,0.1,2025-07-11 10:25:17.069992
z-axis bearing a_peak,8800,2025-07-11 10:25:17.069992
z-axis bearing a_rms,1200,2025-07-11 10:25:17.069992
z-axis bearing temp,22.5,2025-07-11 10:25:17.069992
z-axis bearing crest,7.6,2025-07-11 10:25:17.069992
z-axis motor v_rms,0.2,2025-07-11 10:25:17.069992
z-axis motor a_peak,1600,2025-07-11 10:25:17.069992
z-axis motor a_rms,300,2025-07-11 10:25:17.069992
z-axis motor temp,25.4,2025-07-11 10:25:17.069992
z-axis motor crest,6.1,2025-07-11 10:25:17.069992
y-axis bearing v_rms,0.1,2025-07-11 10:25:17.069992
y-axis bearing a_peak,1200,2025-07-11 10:25:17.069992
y-axis bearing a_rms,200,2025-07-11 10:25:17.069992
y-axis bearing temp,21.4,2025-07-11 10:25:17.069992
y-axis bearing crest,5.6,2025-07-11 10:25:17.069992
y-axis motor v_rms,0.1,2025-07-11 10:25:17.069992
y-axis motor a_peak,4100,2025-07-11 10:25:17.069992
y-axis motor a_rms,800,2025-07-11 10:25:17.069992
y-axis motor temp,24.3,2025-07-11 10:25:17.069992
y-axis motor crest,5.2,2025-07-11 10:25:17.069992
x-axis motor v_rms,0.3,2025-07-11 10:25:17.069992
x-axis motor a_peak,900,2025-07-11 10:25:17.069992
x-axis motor a_rms,100,2025-07-11 10:25:17.069992
x-axis motor temp,21.3,2025-07-11 10:25:17.069992
x-axis motor crest,6.5,2025-07-11 10:25:17.069992
voltage,132.03333333333333,2025-07-11 10:25:17.069992
current,9.126666666666667,2025-07-11 10:25:17.069992
active power,1061.6666666666667,2025-07-11 10:25:17.069992
forward kWh,16.282,2025-07-11 10:25:17.069992
reverse kWh,0.3626666666666667,2025-07-11 10:25:17.069992
frequency,59.99,2025-07-11 10:25:17.069992
power factor,0.8933333333333334,2025-07-11 10:25:17.069992
featureId,NONE,2025-07-11 10:25:18.070208
partKindId,EDB34637-67D8-465A-AFBA-010AD86D34F6,2025-07-11 10:25:18.070208
processKindId,6A897FFD-29C0-423B-A692-D9CCB0612FB0,2025-07-11 10:25:18.070208
A_Axis_Load,16,2025-07-11 10:25:18.070208
A_Position,0.000167897837982586,2025-07-11 10:25:18.070208
C_Axis_Load,45,2025-07-11 10:25:18.070208
C_Position,30.0005,2025-07-11 10:25:18.070208
Machine_Time,2590850.753,2025-07-11 10:25:18.070208
Spindle_Time,690508.343999999,2025-07-11 10:25:18.070208
Feed_Override,100,2025-07-11 10:25:18.070208
Feed_Rate,62.6,2025-07-11 10:25:18.070208
Program_Runtime_Seconds,50,2025-07-11 10:25:18.070208
Rapid_Override,100,2025-07-11 10:25:18.070208
Rapid_Speed,0,2025-07-11 10:25:18.070208
S_Axis_Load,1,2025-07-11 10:25:18.070208
Spindle_Override,100,2025-07-11 10:25:18.070208
Spindle_Speed,3709,2025-07-11 10:25:18.070208
X_Axis_Load,4,2025-07-11 10:25:18.070208
X_Position,454.531933654619,2025-07-11 10:25:18.070208
Y_Axis_Load,11,2025-07-11 10:25:18.070208
Y_Position,285.796963884535,2025-07-11 10:25:18.070208
Z_Axis_Load,30,2025-07-11 10:25:18.070208
Z_Position,-306.348404632873,2025-07-11 10:25:18.070208
COR_Status,1,2025-07-11 10:25:18.070208
Controller_Mode,AUTO,2025-07-11 10:25:18.070208
EStop_State,ARMED,2025-07-11 10:25:18.070208
Machine_Mode,5,2025-07-11 10:25:18.070208
Block_Number,256,2025-07-11 10:25:18.070208
Current_Tool,1,2025-07-11 10:25:18.070208
Part_Count,3,2025-07-11 10:25:18.070208
Program_Name_Running,000454_D_A_PROGRAM_2.NC,2025-07-11 10:25:18.070208
spindle motor v_rms,0.5,2025-07-11 10:25:18.070208
spindle motor a_peak,9300,2025-07-11 10:25:18.070208
spindle motor a_rms,1600,2025-07-11 10:25:18.070208
spindle motor temp,24.9,2025-07-11 10:25:18.070208
spindle motor crest,5.8,2025-07-11 10:25:18.070208
z-axis bearing v_rms,0.1,2025-07-11 10:25:18.070208
z-axis bearing a_peak,9300,2025-07-11 10:25:18.070208
z-axis bearing a_rms,1300,2025-07-11 10:25:18.070208
z-axis bearing temp,22.5,2025-07-11 10:25:18.070208
z-axis bearing crest,7.3,2025-07-11 10:25:18.070208
z-axis motor v_rms,0.2,2025-07-11 10:25:18.070208
z-axis motor a_peak,1700,2025-07-11 10:25:18.070208
z-axis motor a_rms,300,2025-07-11 10:25:18.070208
z-axis motor temp,25.4,2025-07-11 10:25:18.070208
z-axis motor crest,5.1,2025-07-11 10:25:18.070208
y-axis bearing v_rms,0.1,2025-07-11 10:25:18.070208
y-axis bearing a_peak,1300,2025-07-11 10:25:18.070208
y-axis bearing a_rms,300,2025-07-11 10:25:18.070208
y-axis bearing temp,21.4,2025-07-11 10:25:18.070208
y-axis bearing crest,3.9,2025-07-11 10:25:18.070208
y-axis motor v_rms,0.4,2025-07-11 10:25:18.070208
y-axis motor a_peak,4200,2025-07-11 10:25:18.070208
y-axis motor a_rms,1100,2025-07-11 10:25:18.070208
y-axis motor temp,24.3,2025-07-11 10:25:18.070208
y-axis motor crest,4.0,2025-07-11 10:25:18.070208
x-axis motor v_rms,0.9,2025-07-11 10:25:18.070208
x-axis motor a_peak,2300,2025-07-11 10:25:18.070208
x-axis motor a_rms,800,2025-07-11 10:25:18.070208
x-axis motor temp,21.3,2025-07-11 10:25:18.070208
x-axis motor crest,2.8,2025-07-11 10:25:18.070208
voltage,132.1,2025-07-11 10:25:18.070208
current,7.033333333333334,2025-07-11 10:25:18.070208
active power,831.6666666666666,2025-07-11 10:25:18.070208
forward kWh,16.282,2025-07-11 10:25:18.070208
reverse kWh,0.3626666666666667,2025-07-11 10:25:18.070208
frequency,59.99,2025-07-11 10:25:18.070208
power factor,0.7999999999999999,2025-07-11 10:25:18.070208
featureId,NONE,2025-07-11 10:25:19.070496
partKindId,EDB34637-67D8-465A-AFBA-010AD86D34F6,2025-07-11 10:25:19.070496
processKindId,6A897FFD-29C0-423B-A692-D9CCB0612FB0,2025-07-11 10:25:19.070496
A_Axis_Load,16,2025-07-11 10:25:19.070496
A_Position,0.000167897837982586,2025-07-11 10:25:19.070496
C_Axis_Load,45,2025-07-11 10:25:19.070496
C_Position,30.0005,2025-07-11 10:25:19.070496
Machine_Time,2590850.753,2025-07-11 10:25:19.070496
Spindle_Time,690508.343999999,2025-07-11 10:25:19.070496
Feed_Override,100,2025-07-11 10:25:19.070496
Feed_Rate,62.61667,2025-07-11 10:25:19.070496
Program_Runtime_Seconds,51,2025-07-11 10:25:19.070496
Rapid_Override,100,2025-07-11 10:25:19.070496
Rapid_Speed,0,2025-07-11 10:25:19.070496
S_Axis_Load,4,2025-07-11 10:25:19.070496
Spindle_Override,100,2025-07-11 10:25:19.070496
Spindle_Speed,3709,2025-07-11 10:25:19.070496
X_Axis_Load,13,2025-07-11 10:25:19.070496
X_Position,395.088492704812,2025-07-11 10:25:19.070496
Y_Axis_Load,9,2025-07-11 10:25:19.070496
Y_Position,282.913193986242,2025-07-11 10:25:19.070496
Z_Axis_Load,30,2025-07-11 10:25:19.070496
Z_Position,-306.348324535118,2025-07-11 10:25:19.070496
COR_Status,1,2025-07-11 10:25:19.070496
Controller_Mode,AUTO,2025-07-11 10:25:19.070496
EStop_State,ARMED,2025-07-11 10:25:19.070496
Machine_Mode,5,2025-07-11 10:25:19.070496
Block_Number,258,2025-07-11 10:25:19.070496
Current_Tool,1,2025-07-11 10:25:19.070496
Part_Count,3,2025-07-11 10:25:19.070496
Program_Name_Running,000454_D_A_PROGRAM_2.NC,2025-07-11 10:25:19.070496
spindle motor v_rms,0.5,2025-07-11 10:25:19.070496
spindle motor a_peak,9600,2025-07-11 10:25:19.070496
spindle motor a_rms,2500,2025-07-11 10:25:19.070496
spindle motor temp,24.9,2025-07-11 10:25:19.070496
spindle motor crest,3.9,2025-07-11 10:25:19.070496
z-axis bearing v_rms,0.2,2025-07-11 10:25:19.070496
z-axis bearing a_peak,5300,2025-07-11 10:25:19.070496
z-axis bearing a_rms,1500,2025-07-11 10:25:19.070496
z-axis bearing temp,22.5,2025-07-11 10:25:19.070496
z-axis bearing crest,3.6,2025-07-11 10:25:19.070496
z-axis motor v_rms,0.3,2025-07-11 10:25:19.070496
z-axis motor a_peak,1600,2025-07-11 10:25:19.070496
z-axis motor a_rms,500,2025-07-11 10:25:19.070496
z-axis motor temp,25.4,2025-07-11 10:25:19.070496
z-axis motor crest,3.1,2025-07-11 10:25:19.070496
y-axis bearing v_rms,0.1,2025-07-11 10:25:19.070496
y-axis bearing a_peak,1000,2025-07-11 10:25:19.070496
y-axis bearing a_rms,400,2025-07-11 10:25:19.070496
y-axis bearing temp,21.4,2025-07-11 10:25:19.070496
y-axis bearing crest,2.8,2025-07-11 10:25:19.070496
y-axis motor v_rms,0.3,2025-07-11 10:25:19.070496
y-axis motor a_peak,2900,2025-07-11 10:25:19.070496
y-axis motor a_rms,900,2025-07-11 10:25:19.070496
y-axis motor temp,24.3,2025-07-11 10:25:19.070496
y-axis motor crest,3.2,2025-07-11 10:25:19.070496
x-axis motor v_rms,0.6,2025-07-11 10:25:19.070496
x-axis motor a_peak,3700,2025-07-11 10:25:19.070496
x-axis motor a_rms,1500,2025-07-11 10:25:19.070496
x-axis motor temp,21.3,2025-07-11 10:25:19.070496
x-axis motor crest,2.5,2025-07-11 10:25:19.070496
voltage,132.03333333333333,2025-07-11 10:25:19.070496
current,8.693333333333333,2025-07-11 10:25:19.070496
active power,1079.6666666666667,2025-07-11 10:25:19.070496
forward kWh,16.282333333333334,2025-07-11 10:25:19.070496
reverse kWh,0.3626666666666667,2025-07-11 10:25:19.070496
frequency,59.99,2025-07-11 10:25:19.070496
power factor,1.0,2025-07-11 10:25:19.070496
featureId,NONE,2025-07-11 10:25:20.070767
partKindId,EDB34637-67D8-465A-AFBA-010AD86D34F6,2025-07-11 10:25:20.070767
processKindId,6A897FFD-29C0-423B-A692-D9CCB0612FB0,2025-07-11 10:25:20.070767
A_Axis_Load,16,2025-07-11 10:25:20.070767
A_Position,0.000167897837982586,2025-07-11 10:25:20.070767
C_Axis_Load,45,2025-07-11 10:25:20.070767
C_Position,30.0005,2025-07-11 10:25:20.070767
Machine_Time,2590850.753,2025-07-11 10:25:20.070767
Spindle_Time,690508.343999999,2025-07-11 10:25:20.070767
Feed_Override,100,2025-07-11 10:25:20.070767
Feed_Rate,62.61667,2025-07-11 10:25:20.070767
Program_Runtime_Seconds,52,2025-07-11 10:25:20.070767
Rapid_Override,100,2025-07-11 10:25:20.070767
Rapid_Speed,0,2025-07-11 10:25:20.070767
S_Axis_Load,0,2025-07-11 10:25:20.070767
Spindle_Override,100,2025-07-11 10:25:20.070767
Spindle_Speed,3709,2025-07-11 10:25:20.070767
X_Axis_Load,11,2025-07-11 10:25:20.070767
X_Position,333.772553561765,2025-07-11 10:25:20.070767
Y_Axis_Load,9,2025-07-11 10:25:20.070767
Y_Position,281.713474296666,2025-07-11 10:25:20.070767
Z_Axis_Load,31,2025-07-11 10:25:20.070767
Z_Position,-306.348404632873,2025-07-11 10:25:20.070767
COR_Status,1,2025-07-11 10:25:20.070767
Controller_Mode,AUTO,2025-07-11 10:25:20.070767
EStop_State,ARMED,2025-07-11 10:25:20.070767
Machine_Mode,5,2025-07-11 10:25:20.070767
Block_Number,258,2025-07-11 10:25:20.070767
Current_Tool,1,2025-07-11 10:25:20.070767
Part_Count,3,2025-07-11 10:25:20.070767
Program_Name_Running,000454_D_A_PROGRAM_2.NC,2025-07-11 10:25:20.070767
spindle motor v_rms,0.2,2025-07-11 10:25:20.070767
spindle motor a_peak,4500,2025-07-11 10:25:20.070767
spindle motor a_rms,800,2025-07-11 10:25:20.070767
spindle motor temp,24.9,2025-07-11 10:25:20.070767
spindle motor crest,5.8,2025-07-11 10:25:20.070767
z-axis bearing v_rms,0.1,2025-07-11 10:25:20.070767
z-axis bearing a_peak,2800,2025-07-11 10:25:20.070767
z-axis bearing a_rms,500,2025-07-11 10:25:20.070767
z-axis bearing temp,22.5,2025-07-11 10:25:20.070767
z-axis bearing crest,5.3,2025-07-11 10:25:20.070767
z-axis motor v_rms,0.1,2025-07-11 10:25:20.070767
z-axis motor a_peak,900,2025-07-11 10:25:20.070767
z-axis motor a_rms,200,2025-07-11 10:25:20.070767
z-axis motor temp,25.4,2025-07-11 10:25:20.070767
z-axis motor crest,5.5,2025-07-11 10:25:20.070767
y-axis bearing v_rms,0.1,2025-07-11 10:25:20.070767
y-axis bearing a_peak,400,2025-07-11 10:25:20.070767
y-axis bearing a_rms,100,2025-07-11 10:25:20.070767
y-axis bearing temp,21.4,2025-07-11 10:25:20.070767
y-axis bearing crest,5.1,2025-07-11 10:25:20.070767
y-axis motor v_rms,0.1,2025-07-11 10:25:20.070767
y-axis motor a_peak,2200,2025-07-11 10:25:20.070767
y-axis motor a_rms,500,2025-07-11 10:25:20.070767
y-axis motor temp,24.3,2025-07-11 10:25:20.070767
y-axis motor crest,4.3,2025-07-11 10:25:20.070767
x-axis motor v_rms,0.3,2025-07-11 10:25:20.070767
x-axis motor a_peak,300,2025-07-11 10:25:20.070767
x-axis motor a_rms,100,2025-07-11 10:25:20.070767
x-axis motor temp,21.3,2025-07-11 10:25:20.070767
x-axis motor crest,3.9,2025-07-11 10:25:20.070767
voltage,131.83333333333334,2025-07-11 10:25:20.070767
current,12.013333333333334,2025-07-11 10:25:20.070767
active power,1380.3333333333333,2025-07-11 10:25:20.070767
forward kWh,16.282666666666668,2025-07-11 10:25:20.070767
reverse kWh,0.3626666666666667,2025-07-11 10:25:20.070767
frequency,59.98,2025-07-11 10:25:20.070767
power factor,0.87,2025-07-11 10:25:20.070767
featureId,NONE,2025-07-11 10:25:21.071041
partKindId,EDB34637-67D8-465A-AFBA-010AD86D34F6,2025-07-11 10:25:21.071041
processKindId,6A897FFD-29C0-423B-A692-D9CCB0612FB0,2025-07-11 10:25:21.071041
A_Axis_Load,16,2025-07-11 10:25:21.071041
A_Position,-0.000332225347943367,2025-07-11 10:25:21.071041
C_Axis_Load,45,2025-07-11 10:25:21.071041
C_Position,30,2025-07-11 10:25:21.071041
Machine_Time,2590850.753,2025-07-11 10:25:21.071041
Spindle_Time,690508.343999999,2025-07-11 10:25:21.071041
Feed_Override,100,2025-07-11 10:25:21.071041
Feed_Rate,61.63333,2025-07-11 10:25:21.071041
Program_Runtime_Seconds,53,2025-07-11 10:25:21.071041
Rapid_Override,100,2025-07-11 10:25:21.071041
Rapid_Speed,0,2025-07-11 10:25:21.071041
S_Axis_Load,1,2025-07-11 10:25:21.071041
Spindle_Override,100,2025-07-11 10:25:21.071041
Spindle_Speed,3709,2025-07-11 10:25:21.071041
X_Axis_Load,5,2025-07-11 10:25:21.071041
X_Position,309.024124552231,2025-07-11 10:25:21.071041
Y_Axis_Load,10,2025-07-11 10:25:21.071041
Y_Position,253.786453656175,2025-07-11 10:25:21.071041
Z_Axis_Load,31,2025-07-11 10:25:21.071041
Z_Position,-306.3483817478,2025-07-11 10:25:21.071041
COR_Status,1,2025-07-11 10:25:21.071041
Controller_Mode,AUTO,2025-07-11 10:25:21.071041
EStop_State,ARMED,2025-07-11 10:25:21.071041
Machine_Mode,5,2025-07-11 10:25:21.071041
Block_Number,260,2025-07-11 10:25:21.071041
Current_Tool,1,2025-07-11 10:25:21.071041
Part_Count,3,2025-07-11 10:25:21.071041
Program_Name_Running,000454_D_A_PROGRAM_2.NC,2025-07-11 10:25:21.071041
spindle motor v_rms,0.6,2025-07-11 10:25:21.071041
spindle motor a_peak,13300,2025-07-11 10:25:21.071041
spindle motor a_rms,2600,2025-07-11 10:25:21.071041
spindle motor temp,24.9,2025-07-11 10:25:21.071041
spindle motor crest,5.2,2025-07-11 10:25:21.071041
z-axis bearing v_rms,0.2,2025-07-11 10:25:21.071041
z-axis bearing a_peak,7300,2025-07-11 10:25:21.071041
z-axis bearing a_rms,1500,2025-07-11 10:25:21.071041
z-axis bearing temp,22.5,2025-07-11 10:25:21.071041
z-axis bearing crest,5.0,2025-07-11 10:25:21.071041
z-axis motor v_rms,0.4,2025-07-11 10:25:21.071041
z-axis motor a_peak,2500,2025-07-11 10:25:21.071041
z-axis motor a_rms,500,2025-07-11 10:25:21.071041
z-axis motor temp,25.4,2025-07-11 10:25:21.071041
z-axis motor crest,4.6,2025-07-11 10:25:21.071041
y-axis bearing v_rms,0.1,2025-07-11 10:25:21.071041
y-axis bearing a_peak,1600,2025-07-11 10:25:21.071041
y-axis bearing a_rms,400,2025-07-11 10:25:21.071041
y-axis bearing temp,21.4,2025-07-11 10:25:21.071041
y-axis bearing crest,4.3,2025-07-11 10:25:21.071041
y-axis motor v_rms,0.4,2025-07-11 10:25:21.071041
y-axis motor a_peak,3200,2025-07-11 10:25:21.071041
y-axis motor a_rms,1000,2025-07-11 10:25:21.071041
y-axis motor temp,24.3,2025-07-11 10:25:21.071041
y-axis motor crest,3.3,2025-07-11 10:25:21.071041
x-axis motor v_rms,0.6,2025-07-11 10:25:21.071041
x-axis motor a_peak,4500,2025-07-11 10:25:21.071041
x-axis motor a_rms,1500,2025-07-11 10:25:21.071041
x-axis motor temp,21.3,2025-07-11 10:25:21.071041
x-axis motor crest,3.1,2025-07-11 10:25:21.071041
voltage,132.1,2025-07-11 10:25:21.071041
current,7.636666666666667,2025-07-11 10:25:21.071041
active power,839.3333333333334,2025-07-11 10:25:21.071041
forward kWh,16.282999999999998,2025-07-11 10:25:21.071041
reverse kWh,0.3626666666666667,2025-07-11 10:25:21.071041
frequency,59.98,2025-07-11 10:25:21.071041
power factor,0.7999999999999999,2025-07-11 10:25:21.071041
featureId,NONE,2025-07-11 10:25:22.071297
partKindId,EDB34637-67D8-465A-AFBA-010AD86D34F6,2025-07-11 10:25:22.071297
processKindId,6A897FFD-29C0-423B-A692-D9CCB0612FB0,2025-07-11 10:25:22.071297
A_Axis_Load,16,2025-07-11 10:25:22.071297
A_Position,-0.000332225347943367,2025-07-11 10:25:22.071297
C_Axis_Load,45,2025-07-11 10:25:22.071297
C_Position,30.0005,2025-07-11 10:25:22.071297
Machine_Time,2590850.753,2025-07-11 10:25:22.071297
Spindle_Time,690508.343999999,2025-07-11 10:25:22.071297
Feed_Override,100,2025-07-11 10:25:22.071297
Feed_Rate,62.61667,2025-07-11 10:25:22.071297
Program_Runtime_Seconds,55,2025-07-11 10:25:22.071297
Rapid_Override,100,2025-07-11 10:25:22.071297
Rapid_Speed,0,2025-07-11 10:25:22.071297
S_Axis_Load,3,2025-07-11 10:25:22.071297
Spindle_Override,100,2025-07-11 10:25:22.071297
Spindle_Speed,3709,2025-07-11 10:25:22.071297
X_Axis_Load,11,2025-07-11 10:25:22.071297
X_Position,376.752908081916,2025-07-11 10:25:22.071297
Y_Axis_Load,7,2025-07-11 10:25:22.071297
Y_Position,255.112093708776,2025-07-11 10:25:22.071297
Z_Axis_Load,31,2025-07-11 10:25:22.071297
Z_Position,-306.348484730629,2025-07-11 10:25:22.071297
COR_Status,1,2025-07-11 10:25:22.071297
Controller_Mode,AUTO,2025-07-11 10:25:22.071297
EStop_State,ARMED,2025-07-11 10:25:22.071297
Machine_Mode,5,2025-07-11 10:25:22.071297
Block_Number,260,2025-07-11 10:25:22.071297
Current_Tool,1,2025-07-11 10:25:22.071297
Part_Count,3,2025-07-11 10:25:22.071297
Program_Name_Running,000454_D_A_PROGRAM_2.NC,2025-07-11 10:25:22.071297
spindle motor v_rms,0.7,2025-07-11 10:25:22.071297
spindle motor a_peak,12600,2025-07-11 10:25:22.071297
spindle motor a_rms,3100,2025-07-11 10:25:22.071297
spindle motor temp,24.9,2025-07-11 10:25:22.071297
spindle motor crest,4.0,2025-07-11 10:25:22.071297
z-axis bearing v_rms,0.2,2025-07-11 10:25:22.071297
z-axis bearing a_peak,6000,2025-07-11 10:25:22.071297
z-axis bearing a_rms,1700,2025-07-11 10:25:22.071297
z-axis bearing temp,22.5,2025-07-11 10:25:22.071297
z-axis bearing crest,3.6,2025-07-11 10:25:22.071297
z-axis motor v_rms,0.3,2025-07-11 10:25:22.071297
z-axis motor a_peak,1700,2025-07-11 10:25:22.071297
z-axis motor a_rms,500,2025-07-11 10:25:22.071297
z-axis motor temp,25.5,2025-07-11 10:25:22.071297
z-axis motor crest,3.3,2025-07-11 10:25:22.071297
y-axis bearing v_rms,0.1,2025-07-11 10:25:22.071297
y-axis bearing a_peak,900,2025-07-11 10:25:22.071297
y-axis bearing a_rms,300,2025-07-11 10:25:22.071297
y-axis bearing temp,21.4,2025-07-11 10:25:22.071297
y-axis bearing crest,2.8,2025-07-11 10:25:22.071297
y-axis motor v_rms,0.4,2025-07-11 10:25:22.071297
y-axis motor a_peak,3100,2025-07-11 10:25:22.071297
y-axis motor a_rms,1000,2025-07-11 10:25:22.071297
y-axis motor temp,24.3,2025-07-11 10:25:22.071297
y-axis motor crest,3.2,2025-07-11 10:25:22.071297
x-axis motor v_rms,0.6,2025-07-11 10:25:22.071297
x-axis motor a_peak,3200,2025-07-11 10:25:22.071297
x-axis motor a_rms,1400,2025-07-11 10:25:22.071297
x-axis motor temp,21.3,2025-07-11 10:25:22.071297
x-axis motor crest,2.4,2025-07-11 10:25:22.071297
voltage,132.06666666666663,2025-07-11 10:25:22.071297
current,8.286666666666667,2025-07-11 10:25:22.071297
active power,951.3333333333334,2025-07-11 10:25:22.071297
forward kWh,16.282999999999998,2025-07-11 10:25:22.071297
reverse kWh,0.3626666666666667,2025-07-11 10:25:22.071297
frequency,59.98,2025-07-11 10:25:22.071297
power factor,1.0,2025-07-11 10:25:22.071297
featureId,NONE,2025-07-11 10:25:23.071611
partKindId,EDB34637-67D8-465A-AFBA-010AD86D34F6,2025-07-11 10:25:23.071611
processKindId,6A897FFD-29C0-423B-A692-D9CCB0612FB0,2025-07-11 10:25:23.071611
A_Axis_Load,16,2025-07-11 10:25:23.071611
A_Position,0.000167897837982586,2025-07-11 10:25:23.071611
C_Axis_Load,45,2025-07-11 10:25:23.071611
C_Position,30.0005,2025-07-11 10:25:23.071611
Machine_Time,2590850.753,2025-07-11 10:25:23.071611
Spindle_Time,690508.343999999,2025-07-11 10:25:23.071611
Feed_Override,100,2025-07-11 10:25:23.071611
Feed_Rate,62.61667,2025-07-11 10:25:23.071611
Program_Runtime_Seconds,56,2025-07-11 10:25:23.071611
Rapid_Override,100,2025-07-11 10:25:23.071611
Rapid_Speed,0,2025-07-11 10:25:23.071611
S_Axis_Load,0,2025-07-11 10:25:23.071611
Spindle_Override,100,2025-07-11 10:25:23.071611
Spindle_Speed,3709,2025-07-11 10:25:23.071611
X_Axis_Load,11,2025-07-11 10:25:23.071611
X_Position,441.277197796067,2025-07-11 10:25:23.071611
Y_Axis_Load,7,2025-07-11 10:25:23.071611
Y_Position,256.374532056842,2025-07-11 10:25:23.071611
Z_Axis_Load,31,2025-07-11 10:25:23.071611
Z_Position,-306.348393190337,2025-07-11 10:25:23.071611
COR_Status,1,2025-07-11 10:25:23.071611
Controller_Mode,AUTO,2025-07-11 10:25:23.071611
EStop_State,ARMED,2025-07-11 10:25:23.071611
Machine_Mode,5,2025-07-11 10:25:23.071611
Block_Number,260,2025-07-11 10:25:23.071611
Current_Tool,1,2025-07-11 10:25:23.071611
Part_Count,3,2025-07-11 10:25:23.071611
Program_Name_Running,000454_D_A_PROGRAM_2.NC,2025-07-11 10:25:23.071611
spindle motor v_rms,0.2,2025-07-11 10:25:23.071611
spindle motor a_peak,4300,2025-07-11 10:25:23.071611
spindle motor a_rms,700,2025-07-11 10:25:23.071611
spindle motor temp,24.9,2025-07-11 10:25:23.071611
spindle motor crest,6.2,2025-07-11 10:25:23.071611
z-axis bearing v_rms,0.0,2025-07-11 10:25:23.071611
z-axis bearing a_peak,2000,2025-07-11 10:25:23.071611
z-axis bearing a_rms,400,2025-07-11 10:25:23.071611
z-axis bearing temp,22.5,2025-07-11 10:25:23.071611
z-axis bearing crest,5.4,2025-07-11 10:25:23.071611
z-axis motor v_rms,0.1,2025-07-11 10:25:23.071611
z-axis motor a_peak,600,2025-07-11 10:25:23.071611
z-axis motor a_rms,100,2025-07-11 10:25:23.071611
z-axis motor temp,25.5,2025-07-11 10:25:23.071611
z-axis motor crest,4.4,2025-07-11 10:25:23.071611
y-axis bearing v_rms,0.0,2025-07-11 10:25:23.071611
y-axis bearing a_peak,400,2025-07-11 10:25:23.071611
y-axis bearing a_rms,100,2025-07-11 10:25:23.071611
y-axis bearing temp,21.4,2025-07-11 10:25:23.071611
y-axis bearing crest,5.1,2025-07-11 10:25:23.071611
y-axis motor v_rms,0.1,2025-07-11 10:25:23.071611
y-axis motor a_peak,3500,2025-07-11 10:25:23.071611
y-axis motor a_rms,500,2025-07-11 10:25:23.071611
y-axis motor temp,24.3,2025-07-11 10:25:23.071611
y-axis motor crest,6.8,2025-07-11 10:25:23.071611
x-axis motor v_rms,0.5,2025-07-11 10:25:23.071611
x-axis motor a_peak,400,2025-07-11 10:25:23.071611
x-axis motor a_rms,100,2025-07-11 10:25:23.071611
x-axis motor temp,21.3,2025-07-11 10:25:23.071611
x-axis motor crest,5.0,2025-07-11 10:25:23.071611
voltage,131.86666666666665,2025-07-11 10:25:23.071611
current,11.873333333333335,2025-07-11 10:25:23.071611
active power,1362.6666666666667,2025-07-11 10:25:23.071611
forward kWh,16.284333333333333,2025-07-11 10:25:23.071611
reverse kWh,0.3626666666666667,2025-07-11 10:25:23.071611
frequency,59.98,2025-07-11 10:25:23.071611
power factor,0.8666666666666667,2025-07-11 10:25:23.071611
featureId,NONE,2025-07-11 10:25:24.071887
partKindId,EDB34637-67D8-465A-AFBA-010AD86D34F6,2025-07-11 10:25:24.071887
processKindId,6A897FFD-29C0-423B-A692-D9CCB0612FB0,2025-07-11 10:25:24.071887
A_Axis_Load,16,2025-07-11 10:25:24.071887
A_Position,0.000167897837982586,2025-07-11 10:25:24.071887
C_Axis_Load,45,2025-07-11 10:25:24.071887
C_Position,30.0005,2025-07-11 10:25:24.071887
Machine_Time,2590850.753,2025-07-11 10:25:24.071887
Spindle_Time,690508.343999999,2025-07-11 10:25:24.071887
Feed_Override,100,2025-07-11 10:25:24.071887
Feed_Rate,46.63333,2025-07-11 10:25:24.071887
Program_Runtime_Seconds,57,2025-07-11 10:25:24.071887
Rapid_Override,100,2025-07-11 10:25:24.071887
Rapid_Speed,0,2025-07-11 10:25:24.071887
S_Axis_Load,0,2025-07-11 10:25:24.071887
Spindle_Override,100,2025-07-11 10:25:24.071887
Spindle_Speed,3709,2025-07-11 10:25:24.071887
X_Axis_Load,11,2025-07-11 10:25:24.071887
X_Position,440.768114426392,2025-07-11 10:25:24.071887
Y_Axis_Load,4,2025-07-11 10:25:24.071887
Y_Position,228.924975496393,2025-07-11 10:25:24.071887
Z_Axis_Load,32,2025-07-11 10:25:24.071887
Z_Position,-306.34841607541,2025-07-11 10:25:24.071887
COR_Status,1,2025-07-11 10:25:24.071887
Controller_Mode,AUTO,2025-07-11 10:25:24.071887
EStop_State,ARMED,2025-07-11 10:25:24.071887
Machine_Mode,5,2025-07-11 10:25:24.071887
Block_Number,262,2025-07-11 10:25:24.071887
Current_Tool,1,2025-07-11 10:25:24.071887
Part_Count,3,2025-07-11 10:25:24.071887
Program_Name_Running,000454_D_A_PROGRAM_2.NC,2025-07-11 10:25:24.071887
spindle motor v_rms,0.7,2025-07-11 10:25:24.071887
spindle motor a_peak,11200,2025-07-11 10:25:24.071887
spindle motor a_rms,2500,2025-07-11 10:25:24.071887
spindle motor temp,24.9,2025-07-11 10:25:24.071887
spindle motor crest,4.4,2025-07-11 10:25:24.071887
z-axis bearing v_rms,0.2,2025-07-11 10:25:24.071887
z-axis bearing a_peak,9400,2025-07-11 10:25:24.071887
z-axis bearing a_rms,1900,2025-07-11 10:25:24.071887
z-axis bearing temp,22.5,2025-07-11 10:25:24.071887
z-axis bearing crest,4.9,2025-07-11 10:25:24.071887
z-axis motor v_rms,0.3,2025-07-11 10:25:24.071887
z-axis motor a_peak,2000,2025-07-11 10:25:24.071887
z-axis motor a_rms,400,2025-07-11 10:25:24.071887
z-axis motor temp,25.5,2025-07-11 10:25:24.071887
z-axis motor crest,4.4,2025-07-11 10:25:24.071887
y-axis bearing v_rms,0.1,2025-07-11 10:25:24.071887
y-axis bearing a_peak,1500,2025-07-11 10:25:24.071887
y-axis bearing a_rms,400,2025-07-11 10:25:24.071887
y-axis bearing temp,21.4,2025-07-11 10:25:24.071887
y-axis bearing crest,4.0,2025-07-11 10:25:24.071887
y-axis motor v_rms,0.4,2025-07-11 10:25:24.071887
y-axis motor a_peak,3900,2025-07-11 10:25:24.071887
y-axis motor a_rms,1000,2025-07-11 10:25:24.071887
y-axis motor temp,24.3,2025-07-11 10:25:24.071887
y-axis motor crest,3.9,2025-07-11 10:25:24.071887
x-axis motor v_rms,0.4,2025-07-11 10:25:24.071887
x-axis motor a_peak,2200,2025-07-11 10:25:24.071887
x-axis motor a_rms,800,2025-07-11 10:25:24.071887
x-axis motor temp,21.3,2025-07-11 10:25:24.071887
x-axis motor crest,2.7,2025-07-11 10:25:24.071887
voltage,132.20000000000002,2025-07-11 10:25:24.071887
current,6.766666666666667,2025-07-11 10:25:24.071887
active power,802.6666666666666,2025-07-11 10:25:24.071887
forward kWh,16.284333333333333,2025-07-11 10:25:24.071887
reverse kWh,0.3626666666666667,2025-07-11 10:25:24.071887
frequency,59.98,2025-07-11 10:25:24.071887
power factor,0.86,2025-07-11 10:25:24.071887
featureId,NONE,2025-07-11 10:25:25.072188
partKindId,EDB34637-67D8-465A-AFBA-010AD86D34F6,2025-07-11 10:25:25.072188
processKindId,6A897FFD-29C0-423B-A692-D9CCB0612FB0,2025-07-11 10:25:25.072188
A_Axis_Load,16,2025-07-11 10:25:25.072188
A_Position,0.000668021023908539,2025-07-11 10:25:25.072188
C_Axis_Load,45,2025-07-11 10:25:25.072188
C_Position,30.0005,2025-07-11 10:25:25.072188
Machine_Time,2590850.753,2025-07-11 10:25:25.072188
Spindle_Time,690508.343999999,2025-07-11 10:25:25.072188
Feed_Override,100,2025-07-11 10:25:25.072188
Feed_Rate,62.61667,2025-07-11 10:25:25.072188
Program_Runtime_Seconds,57,2025-07-11 10:25:25.072188
Rapid_Override,100,2025-07-11 10:25:25.072188
Rapid_Speed,0,2025-07-11 10:25:25.072188
S_Axis_Load,2,2025-07-11 10:25:25.072188
Spindle_Override,100,2025-07-11 10:25:25.072188
Spindle_Speed,3709,2025-07-11 10:25:25.072188
X_Axis_Load,12,2025-07-11 10:25:25.072188
X_Position,376.24461602727,2025-07-11 10:25:25.072188
Y_Axis_Load,6,2025-07-11 10:25:25.072188
Y_Position,227.661285868001,2025-07-11 10:25:25.072188
Z_Axis_Load,31,2025-07-11 10:25:25.072188
Z_Position,-306.348313092581,2025-07-11 10:25:25.072188
COR_Status,1,2025-07-11 10:25:25.072188
Controller_Mode,AUTO,2025-07-11 10:25:25.072188
EStop_State,ARMED,2025-07-11 10:25:25.072188
Machine_Mode,5,2025-07-11 10:25:25.072188
Block_Number,262,2025-07-11 10:25:25.072188
Current_Tool,1,2025-07-11 10:25:25.072188
Part_Count,3,2025-07-11 10:25:25.072188
Program_Name_Running,000454_D_A_PROGRAM_2.NC,2025-07-11 10:25:25.072188
spindle motor v_rms,0.6,2025-07-11 10:25:25.072188
spindle motor a_peak,8600,2025-07-11 10:25:25.072188
spindle motor a_rms,2400,2025-07-11 10:25:25.072188
spindle motor temp,24.9,2025-07-11 10:25:25.072188
spindle motor crest,3.6,2025-07-11 10:25:25.072188
z-axis bearing v_rms,0.2,2025-07-11 10:25:25.072188
z-axis bearing a_peak,7400,2025-07-11 10:25:25.072188
z-axis bearing a_rms,1600,2025-07-11 10:25:25.072188
z-axis bearing temp,22.5,2025-07-11 10:25:25.072188
z-axis bearing crest,4.6,2025-07-11 10:25:25.072188
z-axis motor v_rms,0.2,2025-07-11 10:25:25.072188
z-axis motor a_peak,2200,2025-07-11 10:25:25.072188
z-axis motor a_rms,400,2025-07-11 10:25:25.072188
z-axis motor temp,25.5,2025-07-11 10:25:25.072188
z-axis motor crest,5.4,2025-07-11 10:25:25.072188
y-axis bearing v_rms,0.1,2025-07-11 10:25:25.072188
y-axis bearing a_peak,1600,2025-07-11 10:25:25.072188
y-axis bearing a_rms,400,2025-07-11 10:25:25.072188
y-axis bearing temp,21.4,2025-07-11 10:25:25.072188
y-axis bearing crest,4.1,2025-07-11 10:25:25.072188
y-axis motor v_rms,0.3,2025-07-11 10:25:25.072188
y-axis motor a_peak,3400,2025-07-11 10:25:25.072188
y-axis motor a_rms,900,2025-07-11 10:25:25.072188
y-axis motor temp,24.3,2025-07-11 10:25:25.072188
y-axis motor crest,3.6,2025-07-11 10:25:25.072188
x-axis motor v_rms,0.6,2025-07-11 10:25:25.072188
x-axis motor a_peak,5000,2025-07-11 10:25:25.072188
x-axis motor a_rms,1800,2025-07-11 10:25:25.072188
x-axis motor temp,21.3,2025-07-11 10:25:25.072188
x-axis motor crest,2.8,2025-07-11 10:25:25.072188
voltage,131.96666666666667,2025-07-11 10:25:25.072188
current,10.31,2025-07-11 10:25:25.072188
active power,1187.6666666666667,2025-07-11 10:25:25.072188
forward kWh,16.284333333333333,2025-07-11 10:25:25.072188
reverse kWh,0.3626666666666667,2025-07-11 10:25:25.072188
frequency,59.98,2025-07-11 10:25:25.072188
power factor,0.98,2025-07-11 10:25:25.072188
featureId,NONE,2025-07-11 10:25:26.072500
partKindId,EDB34637-67D8-465A-AFBA-010AD86D34F6,2025-07-11 10:25:26.072500
processKindId,6A897FFD-29C0-423B-A692-D9CCB0612FB0,2025-07-11 10:25:26.072500
A_Axis_Load,16,2025-07-11 10:25:26.072500
A_Position,0.000167897837982586,2025-07-11 10:25:26.072500
C_Axis_Load,45,2025-07-11 10:25:26.072500
C_Position,30.0005,2025-07-11 10:25:26.072500
Machine_Time,2590850.753,2025-07-11 10:25:26.072500
Spindle_Time,690508.343999999,2025-07-11 10:25:26.072500
Feed_Override,100,2025-07-11 10:25:26.072500
Feed_Rate,62.61667,2025-07-11 10:25:26.072500
Program_Runtime_Seconds,59,2025-07-11 10:25:26.072500
Rapid_Override,100,2025-07-11 10:25:26.072500
Rapid_Speed,0,2025-07-11 10:25:26.072500
S_Axis_Load,3,2025-07-11 10:25:26.072500
Spindle_Override,100,2025-07-11 10:25:26.072500
Spindle_Speed,3709,2025-07-11 10:25:26.072500
X_Axis_Load,11,2025-07-11 10:25:26.072500
X_Position,314.928844101264,2025-07-11 10:25:26.072500
Y_Axis_Load,8,2025-07-11 10:25:26.072500
Y_Position,226.460541423465,2025-07-11 10:25:26.072500
Z_Axis_Load,31,2025-07-11 10:25:26.072500
Z_Position,-306.348404632873,2025-07-11 10:25:26.072500
COR_Status,1,2025-07-11 10:25:26.072500
Controller_Mode,AUTO,2025-07-11 10:25:26.072500
EStop_State,ARMED,2025-07-11 10:25:26.072500
Machine_Mode,5,2025-07-11 10:25:26.072500
Block_Number,262,2025-07-11 10:25:26.072500
Current_Tool,1,2025-07-11 10:25:26.072500
Part_Count,3,2025-07-11 10:25:26.072500
Program_Name_Running,000454_D_A_PROGRAM_2.NC,2025-07-11 10:25:26.072500
spindle motor v_rms,0.1,2025-07-11 10:25:26.072500
spindle motor a_peak,2700,2025-07-11 10:25:26.072500
spindle motor a_rms,500,2025-07-11 10:25:26.072500
spindle motor temp,24.9,2025-07-11 10:25:26.072500
spindle motor crest,5.3,2025-07-11 10:25:26.072500
z-axis bearing v_rms,0.0,2025-07-11 10:25:26.072500
z-axis bearing a_peak,900,2025-07-11 10:25:26.072500
z-axis bearing a_rms,300,2025-07-11 10:25:26.072500
z-axis bearing temp,22.5,2025-07-11 10:25:26.072500
z-axis bearing crest,3.4,2025-07-11 10:25:26.072500
z-axis motor v_rms,0.1,2025-07-11 10:25:26.072500
z-axis motor a_peak,400,2025-07-11 10:25:26.072500
z-axis motor a_rms,100,2025-07-11 10:25:26.072500
z-axis motor temp,25.5,2025-07-11 10:25:26.072500
z-axis motor crest,3.7,2025-07-11 10:25:26.072500
y-axis bearing v_rms,0.1,2025-07-11 10:25:26.072500
y-axis bearing a_peak,300,2025-07-11 10:25:26.072500
y-axis bearing a_rms,100,2025-07-11 10:25:26.072500
y-axis bearing temp,21.4,2025-07-11 10:25:26.072500
y-axis bearing crest,3.8,2025-07-11 10:25:26.072500
y-axis motor v_rms,0.1,2025-07-11 10:25:26.072500
y-axis motor a_peak,1900,2025-07-11 10:25:26.072500
y-axis motor a_rms,500,2025-07-11 10:25:26.072500
y-axis motor temp,24.3,2025-07-11 10:25:26.072500
y-axis motor crest,4.1,2025-07-11 10:25:26.072500
x-axis motor v_rms,0.1,2025-07-11 10:25:26.072500
x-axis motor a_peak,300,2025-07-11 10:25:26.072500
x-axis motor a_rms,100,2025-07-11 10:25:26.072500
x-axis motor temp,21.3,2025-07-11 10:25:26.072500
x-axis motor crest,3.8,2025-07-11 10:25:26.072500
voltage,132.0,2025-07-11 10:25:26.072500
current,9.936666666666666,2025-07-11 10:25:26.072500
active power,1146.6666666666667,2025-07-11 10:25:26.072500
forward kWh,16.285333333333334,2025-07-11 10:25:26.072500
reverse kWh,0.3626666666666667,2025-07-11 10:25:26.072500
frequency,59.98,2025-07-11 10:25:26.072500
power factor,0.8099999999999999,2025-07-11 10:25:26.072500
featureId,NONE,2025-07-11 10:25:27.072651
partKindId,EDB34637-67D8-465A-AFBA-010AD86D34F6,2025-07-11 10:25:27.072651
processKindId,6A897FFD-29C0-423B-A692-D9CCB0612FB0,2025-07-11 10:25:27.072651
A_Axis_Load,16,2025-07-11 10:25:27.072651
A_Position,0.000167897837982586,2025-07-11 10:25:27.072651
C_Axis_Load,45,2025-07-11 10:25:27.072651
C_Position,30.0005,2025-07-11 10:25:27.072651
Machine_Time,2590850.753,2025-07-11 10:25:27.072651
Spindle_Time,690508.343999999,2025-07-11 10:25:27.072651
Feed_Override,100,2025-07-11 10:25:27.072651
Feed_Rate,62.58333,2025-07-11 10:25:27.072651
Program_Runtime_Seconds,0,2025-07-11 10:25:27.072651
Rapid_Override,100,2025-07-11 10:25:27.072651
Rapid_Speed,0,2025-07-11 10:25:27.072651
S_Axis_Load,1,2025-07-11 10:25:27.072651
Spindle_Override,100,2025-07-11 10:25:27.072651
Spindle_Speed,3709,2025-07-11 10:25:27.072651
X_Axis_Load,7,2025-07-11 10:25:27.072651
X_Position,277.794087214971,2025-07-11 10:25:27.072651
Y_Axis_Load,3,2025-07-11 10:25:27.072651
Y_Position,253.67732383655,2025-07-11 10:25:27.072651
Z_Axis_Load,31,2025-07-11 10:25:27.072651
Z_Position,-306.348404632873,2025-07-11 10:25:27.072651
COR_Status,1,2025-07-11 10:25:27.072651
Controller_Mode,AUTO,2025-07-11 10:25:27.072651
EStop_State,ARMED,2025-07-11 10:25:27.072651
Machine_Mode,5,2025-07-11 10:25:27.072651
Block_Number,263,2025-07-11 10:25:27.072651
Current_Tool,1,2025-07-11 10:25:27.072651
Part_Count,3,2025-07-11 10:25:27.072651
Program_Name_Running,000454_D_A_PROGRAM_2.NC,2025-07-11 10:25:27.072651
spindle motor v_rms,0.2,2025-07-11 10:25:27.072651
spindle motor a_peak,2300,2025-07-11 10:25:27.072651
spindle motor a_rms,500,2025-07-11 10:25:27.072651
spindle motor temp,24.9,2025-07-11 10:25:27.072651
spindle motor crest,4.8,2025-07-11 10:25:27.072651
z-axis bearing v_rms,0.0,2025-07-11 10:25:27.072651
z-axis bearing a_peak,4100,2025-07-11 10:25:27.072651
z-axis bearing a_rms,600,2025-07-11 10:25:27.072651
z-axis bearing temp,22.5,2025-07-11 10:25:27.072651
z-axis bearing crest,7.5,2025-07-11 10:25:27.072651
z-axis motor v_rms,0.2,2025-07-11 10:25:27.072651
z-axis motor a_peak,19700,2025-07-11 10:25:27.072651
z-axis motor a_rms,2800,2025-07-11 10:25:27.072651
z-axis motor temp,25.5,2025-07-11 10:25:27.072651
z-axis motor crest,7.2,2025-07-11 10:25:27.072651
y-axis bearing v_rms,0.0,2025-07-11 10:25:27.072651
y-axis bearing a_peak,600,2025-07-11 10:25:27.072651
y-axis bearing a_rms,100,2025-07-11 10:25:27.072651
y-axis bearing temp,21.4,2025-07-11 10:25:27.072651
y-axis bearing crest,5.9,2025-07-11 10:25:27.072651
y-axis motor v_rms,0.1,2025-07-11 10:25:27.072651
y-axis motor a_peak,3000,2025-07-11 10:25:27.072651
y-axis motor a_rms,500,2025-07-11 10:25:27.072651
y-axis motor temp,24.3,2025-07-11 10:25:27.072651
y-axis motor crest,6.3,2025-07-11 10:25:27.072651
x-axis motor v_rms,0.4,2025-07-11 10:25:27.072651
x-axis motor a_peak,300,2025-07-11 10:25:27.072651
x-axis motor a_rms,100,2025-07-11 10:25:27.072651
x-axis motor temp,21.3,2025-07-11 10:25:27.072651
x-axis motor crest,4.6,2025-07-11 10:25:27.072651
voltage,132.16666666666666,2025-07-11 10:25:27.072651
current,6.633333333333334,2025-07-11 10:25:27.072651
active power,789.0,2025-07-11 10:25:27.072651
forward kWh,16.285666666666668,2025-07-11 10:25:27.072651
reverse kWh,0.3626666666666667,2025-07-11 10:25:27.072651
frequency,59.97,2025-07-11 10:25:27.072651
power factor,0.88,2025-07-11 10:25:27.072651
featureId,NONE,2025-07-11 10:25:28.072922
partKindId,EDB34637-67D8-465A-AFBA-010AD86D34F6,2025-07-11 10:25:28.072922
processKindId,NONE,2025-07-11 10:25:28.072922
A_Axis_Load,16,2025-07-11 10:25:28.072922
A_Position,0.000167897837982586,2025-07-11 10:25:28.072922
C_Axis_Load,45,2025-07-11 10:25:28.072922
C_Position,30.0005,2025-07-11 10:25:28.072922
Machine_Time,2590850.753,2025-07-11 10:25:28.072922
Spindle_Time,690508.343999999,2025-07-11 10:25:28.072922
Feed_Override,100,2025-07-11 10:25:28.072922
Feed_Rate,217.2167,2025-07-11 10:25:28.072922
Program_Runtime_Seconds,0,2025-07-11 10:25:28.072922
Rapid_Override,100,2025-07-11 10:25:28.072922
Rapid_Speed,0,2025-07-11 10:25:28.072922
S_Axis_Load,24,2025-07-11 10:25:28.072922
Spindle_Override,100,2025-07-11 10:25:28.072922
Spindle_Speed,2684.08473146607,2025-07-11 10:25:28.072922
X_Axis_Load,4,2025-07-11 10:25:28.072922
X_Position,277.794716673721,2025-07-11 10:25:28.072922
Y_Axis_Load,4,2025-07-11 10:25:28.072922
Y_Position,253.680001728517,2025-07-11 10:25:28.072922
Z_Axis_Load,86,2025-07-11 10:25:28.072922
Z_Position,-215.144825936243,2025-07-11 10:25:28.072922
COR_Status,1,2025-07-11 10:25:28.072922
Controller_Mode,AUTO,2025-07-11 10:25:28.072922
EStop_State,ARMED,2025-07-11 10:25:28.072922
Machine_Mode,5,2025-07-11 10:25:28.072922
Block_Number,269,2025-07-11 10:25:28.072922
Current_Tool,1,2025-07-11 10:25:28.072922
Part_Count,3,2025-07-11 10:25:28.072922
Program_Name_Running,000454_D_A_PROGRAM_2.NC,2025-07-11 10:25:28.072922
spindle motor v_rms,0.2,2025-07-11 10:25:28.072922
spindle motor a_peak,9000,2025-07-11 10:25:28.072922
spindle motor a_rms,2900,2025-07-11 10:25:28.072922
spindle motor temp,24.9,2025-07-11 10:25:28.072922
spindle motor crest,3.1,2025-07-11 10:25:28.072922
z-axis bearing v_rms,0.1,2025-07-11 10:25:28.072922
z-axis bearing a_peak,20200,2025-07-11 10:25:28.072922
z-axis bearing a_rms,2800,2025-07-11 10:25:28.072922
z-axis bearing temp,22.5,2025-07-11 10:25:28.072922
z-axis bearing crest,7.2,2025-07-11 10:25:28.072922
z-axis motor v_rms,0.6,2025-07-11 10:25:28.072922
z-axis motor a_peak,43600,2025-07-11 10:25:28.072922
z-axis motor a_rms,6000,2025-07-11 10:25:28.072922
z-axis motor temp,25.5,2025-07-11 10:25:28.072922
z-axis motor crest,7.3,2025-07-11 10:25:28.072922
y-axis bearing v_rms,0.1,2025-07-11 10:25:28.072922
y-axis bearing a_peak,5800,2025-07-11 10:25:28.072922
y-axis bearing a_rms,600,2025-07-11 10:25:28.072922
y-axis bearing temp,21.4,2025-07-11 10:25:28.072922
y-axis bearing crest,9.5,2025-07-11 10:25:28.072922
y-axis motor v_rms,0.2,2025-07-11 10:25:28.072922
y-axis motor a_peak,33600,2025-07-11 10:25:28.072922
y-axis motor a_rms,6200,2025-07-11 10:25:28.072922
y-axis motor temp,24.3,2025-07-11 10:25:28.072922
y-axis motor crest,5.4,2025-07-11 10:25:28.072922
x-axis motor v_rms,0.9,2025-07-11 10:25:28.072922
x-axis motor a_peak,1600,2025-07-11 10:25:28.072922
x-axis motor a_rms,300,2025-07-11 10:25:28.072922
x-axis motor temp,21.3,2025-07-11 10:25:28.072922
x-axis motor crest,5.0,2025-07-11 10:25:28.072922
voltage,132.29999999999998,2025-07-11 10:25:28.072922
current,7.18,2025-07-11 10:25:28.072922
active power,618.6666666666666,2025-07-11 10:25:28.072922
forward kWh,16.285666666666668,2025-07-11 10:25:28.072922
reverse kWh,0.3626666666666667,2025-07-11 10:25:28.072922
frequency,59.97,2025-07-11 10:25:28.072922
power factor,0.6433333333333333,2025-07-11 10:25:28.072922
featureId,NONE,2025-07-11 10:25:29.073178
partKindId,EDB34637-67D8-465A-AFBA-010AD86D34F6,2025-07-11 10:25:29.073178
processKindId,NONE,2025-07-11 10:25:29.073178
A_Axis_Load,16,2025-07-11 10:25:29.073178
A_Position,-0.000332225347943367,2025-07-11 10:25:29.073178
C_Axis_Load,45,2025-07-11 10:25:29.073178
C_Position,30.0005,2025-07-11 10:25:29.073178
Machine_Time,2590850.753,2025-07-11 10:25:29.073178
Spindle_Time,690508.343999999,2025-07-11 10:25:29.073178
Feed_Override,100,2025-07-11 10:25:29.073178
Feed_Rate,216.7833,2025-07-11 10:25:29.073178
Program_Runtime_Seconds,1,2025-07-11 10:25:29.073178
Rapid_Override,100,2025-07-11 10:25:29.073178
Rapid_Speed,0,2025-07-11 10:25:29.073178
S_Axis_Load,0,2025-07-11 10:25:29.073178
Spindle_Override,100,2025-07-11 10:25:29.073178
Spindle_Speed,80.8599999999999,2025-07-11 10:25:29.073178
X_Axis_Load,8,2025-07-11 10:25:29.073178
X_Position,32.4259746458582,2025-07-11 10:25:29.073178
Y_Axis_Load,3,2025-07-11 10:25:29.073178
Y_Position,491.649555576904,2025-07-11 10:25:29.073178
Z_Axis_Load,39,2025-07-11 10:25:29.073178
Z_Position,-212.745473737,2025-07-11 10:25:29.073178
COR_Status,1,2025-07-11 10:25:29.073178
Controller_Mode,AUTO,2025-07-11 10:25:29.073178
EStop_State,ARMED,2025-07-11 10:25:29.073178
Machine_Mode,5,2025-07-11 10:25:29.073178
Block_Number,275,2025-07-11 10:25:29.073178
Current_Tool,1,2025-07-11 10:25:29.073178
Part_Count,3,2025-07-11 10:25:29.073178
Program_Name_Running,000454_D_A_PROGRAM_2.NC,2025-07-11 10:25:29.073178
spindle motor v_rms,0.2,2025-07-11 10:25:29.073178
spindle motor a_peak,5300,2025-07-11 10:25:29.073178
spindle motor a_rms,900,2025-07-11 10:25:29.073178
spindle motor temp,24.9,2025-07-11 10:25:29.073178
spindle motor crest,5.7,2025-07-11 10:25:29.073178
z-axis bearing v_rms,0.1,2025-07-11 10:25:29.073178
z-axis bearing a_peak,21000,2025-07-11 10:25:29.073178
z-axis bearing a_rms,2600,2025-07-11 10:25:29.073178
z-axis bearing temp,22.5,2025-07-11 10:25:29.073178
z-axis bearing crest,8.0,2025-07-11 10:25:29.073178
z-axis motor v_rms,0.8,2025-07-11 10:25:29.073178
z-axis motor a_peak,50200,2025-07-11 10:25:29.073178
z-axis motor a_rms,9600,2025-07-11 10:25:29.073178
z-axis motor temp,25.5,2025-07-11 10:25:29.073178
z-axis motor crest,5.2,2025-07-11 10:25:29.073178
y-axis bearing v_rms,0.1,2025-07-11 10:25:29.073178
y-axis bearing a_peak,1400,2025-07-11 10:25:29.073178
y-axis bearing a_rms,200,2025-07-11 10:25:29.073178
y-axis bearing temp,21.4,2025-07-11 10:25:29.073178
y-axis bearing crest,6.8,2025-07-11 10:25:29.073178
y-axis motor v_rms,0.1,2025-07-11 10:25:29.073178
y-axis motor a_peak,1900,2025-07-11 10:25:29.073178
y-axis motor a_rms,400,2025-07-11 10:25:29.073178
y-axis motor temp,24.3,2025-07-11 10:25:29.073178
y-axis motor crest,4.6,2025-07-11 10:25:29.073178
x-axis motor v_rms,0.3,2025-07-11 10:25:29.073178
x-axis motor a_peak,1000,2025-07-11 10:25:29.073178
x-axis motor a_rms,200,2025-07-11 10:25:29.073178
x-axis motor temp,21.3,2025-07-11 10:25:29.073178
x-axis motor crest,6.1,2025-07-11 10:25:29.073178
voltage,133.5,2025-07-11 10:25:29.073178
current,20.686666666666667,2025-07-11 10:25:29.073178
active power,147.66666666666666,2025-07-11 10:25:29.073178
forward kWh,16.285666666666668,2025-07-11 10:25:29.073178
reverse kWh,0.3626666666666667,2025-07-11 10:25:29.073178
frequency,59.97,2025-07-11 10:25:29.073178
power factor,0.05666666666666667,2025-07-11 10:25:29.073178
featureId,NONE,2025-07-11 10:25:30.073329
partKindId,EDB34637-67D8-465A-AFBA-010AD86D34F6,2025-07-11 10:25:30.073329
processKindId,NONE,2025-07-11 10:25:30.073329
A_Axis_Load,16,2025-07-11 10:25:30.073329
A_Position,-0.000332225347943367,2025-07-11 10:25:30.073329
C_Axis_Load,45,2025-07-11 10:25:30.073329
C_Position,30.0005,2025-07-11 10:25:30.073329
Machine_Time,2590850.753,2025-07-11 10:25:30.073329
Spindle_Time,690508.343999999,2025-07-11 10:25:30.073329
Feed_Override,100,2025-07-11 10:25:30.073329
Feed_Rate,0,2025-07-11 10:25:30.073329
Program_Runtime_Seconds,2,2025-07-11 10:25:30.073329
Rapid_Override,100,2025-07-11 10:25:30.073329
Rapid_Speed,0,2025-07-11 10:25:30.073329
S_Axis_Load,0,2025-07-11 10:25:30.073329
Spindle_Override,100,2025-07-11 10:25:30.073329
Spindle_Speed,0,2025-07-11 10:25:30.073329
X_Axis_Load,6,2025-07-11 10:25:30.073329
X_Position,32.4255969705485,2025-07-11 10:25:30.073329
Y_Axis_Load,6,2025-07-11 10:25:30.073329
Y_Position,491.650001896484,2025-07-11 10:25:30.073329
Z_Axis_Load,40,2025-07-11 10:25:30.073329
Z_Position,-99.866986823947,2025-07-11 10:25:30.073329
COR_Status,1,2025-07-11 10:25:30.073329
Controller_Mode,AUTO,2025-07-11 10:25:30.073329
EStop_State,ARMED,2025-07-11 10:25:30.073329
Machine_Mode,5,2025-07-11 10:25:30.073329
Block_Number,275,2025-07-11 10:25:30.073329
Current_Tool,1,2025-07-11 10:25:30.073329
Part_Count,3,2025-07-11 10:25:30.073329
Program_Name_Running,000454_D_A_PROGRAM_2.NC,2025-07-11 10:25:30.073329
spindle motor v_rms,0.1,2025-07-11 10:25:30.073329
spindle motor a_peak,1000,2025-07-11 10:25:30.073329
spindle motor a_rms,400,2025-07-11 10:25:30.073329
spindle motor temp,24.9,2025-07-11 10:25:30.073329
spindle motor crest,2.4,2025-07-11 10:25:30.073329
z-axis bearing v_rms,0.0,2025-07-11 10:25:30.073329
z-axis bearing a_peak,300,2025-07-11 10:25:30.073329
z-axis bearing a_rms,100,2025-07-11 10:25:30.073329
z-axis bearing temp,22.5,2025-07-11 10:25:30.073329
z-axis bearing crest,4.1,2025-07-11 10:25:30.073329
z-axis motor v_rms,0.1,2025-07-11 10:25:30.073329
z-axis motor a_peak,500,2025-07-11 10:25:30.073329
z-axis motor a_rms,100,2025-07-11 10:25:30.073329
z-axis motor temp,25.5,2025-07-11 10:25:30.073329
z-axis motor crest,4.2,2025-07-11 10:25:30.073329
y-axis bearing v_rms,0.0,2025-07-11 10:25:30.073329
y-axis bearing a_peak,200,2025-07-11 10:25:30.073329
y-axis bearing a_rms,100,2025-07-11 10:25:30.073329
y-axis bearing temp,21.4,2025-07-11 10:25:30.073329
y-axis bearing crest,3.9,2025-07-11 10:25:30.073329
y-axis motor v_rms,0.1,2025-07-11 10:25:30.073329
y-axis motor a_peak,800,2025-07-11 10:25:30.073329
y-axis motor a_rms,300,2025-07-11 10:25:30.073329
y-axis motor temp,24.3,2025-07-11 10:25:30.073329
y-axis motor crest,2.6,2025-07-11 10:25:30.073329
x-axis motor v_rms,0.0,2025-07-11 10:25:30.073329
x-axis motor a_peak,200,2025-07-11 10:25:30.073329
x-axis motor a_rms,0,2025-07-11 10:25:30.073329
x-axis motor temp,21.3,2025-07-11 10:25:30.073329
x-axis motor crest,3.7,2025-07-11 10:25:30.073329
voltage,131.53333333333333,2025-07-11 10:25:30.073329
current,18.646666666666665,2025-07-11 10:25:30.073329
active power,1865.0,2025-07-11 10:25:30.073329
forward kWh,16.285666666666668,2025-07-11 10:25:30.073329
reverse kWh,0.3626666666666667,2025-07-11 10:25:30.073329
frequency,59.97,2025-07-11 10:25:30.073329
power factor,0.51,2025-07-11 10:25:30.073329
featureId,NONE,2025-07-11 10:25:31.073579
partKindId,EDB34637-67D8-465A-AFBA-010AD86D34F6,2025-07-11 10:25:31.073579
processKindId,NONE,2025-07-11 10:25:31.073579
A_Axis_Load,16,2025-07-11 10:25:31.073579
A_Position,-0.000332225347943367,2025-07-11 10:25:31.073579
C_Axis_Load,45,2025-07-11 10:25:31.073579
C_Position,30.0005,2025-07-11 10:25:31.073579
Machine_Time,2590850.753,2025-07-11 10:25:31.073579
Spindle_Time,690508.343999999,2025-07-11 10:25:31.073579
Feed_Override,100,2025-07-11 10:25:31.073579
Feed_Rate,0,2025-07-11 10:25:31.073579
Program_Runtime_Seconds,3,2025-07-11 10:25:31.073579
Rapid_Override,100,2025-07-11 10:25:31.073579
Rapid_Speed,0,2025-07-11 10:25:31.073579
S_Axis_Load,1,2025-07-11 10:25:31.073579
Spindle_Override,100,2025-07-11 10:25:31.073579
Spindle_Speed,0,2025-07-11 10:25:31.073579
X_Axis_Load,6,2025-07-11 10:25:31.073579
X_Position,32.4255969705485,2025-07-11 10:25:31.073579
Y_Axis_Load,6,2025-07-11 10:25:31.073579
Y_Position,491.650001896484,2025-07-11 10:25:31.073579
Z_Axis_Load,39,2025-07-11 10:25:31.073579
Z_Position,-99.8669982674121,2025-07-11 10:25:31.073579
COR_Status,1,2025-07-11 10:25:31.073579
Controller_Mode,AUTO,2025-07-11 10:25:31.073579
EStop_State,ARMED,2025-07-11 10:25:31.073579
Machine_Mode,5,2025-07-11 10:25:31.073579
Block_Number,275,2025-07-11 10:25:31.073579
Current_Tool,1,2025-07-11 10:25:31.073579
Part_Count,3,2025-07-11 10:25:31.073579
Program_Name_Running,000454_D_A_PROGRAM_2.NC,2025-07-11 10:25:31.073579
spindle motor v_rms,0.1,2025-07-11 10:25:31.073579
spindle motor a_peak,900,2025-07-11 10:25:31.073579
spindle motor a_rms,400,2025-07-11 10:25:31.073579
spindle motor temp,24.9,2025-07-11 10:25:31.073579
spindle motor crest,2.3,2025-07-11 10:25:31.073579
z-axis bearing v_rms,0.0,2025-07-11 10:25:31.073579
z-axis bearing a_peak,300,2025-07-11 10:25:31.073579
z-axis bearing a_rms,100,2025-07-11 10:25:31.073579
z-axis bearing temp,22.5,2025-07-11 10:25:31.073579
z-axis bearing crest,4.3,2025-07-11 10:25:31.073579
z-axis motor v_rms,0.1,2025-07-11 10:25:31.073579
z-axis motor a_peak,400,2025-07-11 10:25:31.073579
z-axis motor a_rms,100,2025-07-11 10:25:31.073579
z-axis motor temp,25.5,2025-07-11 10:25:31.073579
z-axis motor crest,3.8,2025-07-11 10:25:31.073579
y-axis bearing v_rms,0.0,2025-07-11 10:25:31.073579
y-axis bearing a_peak,200,2025-07-11 10:25:31.073579
y-axis bearing a_rms,100,2025-07-11 10:25:31.073579
y-axis bearing temp,21.4,2025-07-11 10:25:31.073579
y-axis bearing crest,3.9,2025-07-11 10:25:31.073579
y-axis motor v_rms,0.0,2025-07-11 10:25:31.073579
y-axis motor a_peak,700,2025-07-11 10:25:31.073579
y-axis motor a_rms,300,2025-07-11 10:25:31.073579
y-axis motor temp,24.3,2025-07-11 10:25:31.073579
y-axis motor crest,2.5,2025-07-11 10:25:31.073579
x-axis motor v_rms,0.0,2025-07-11 10:25:31.073579
x-axis motor a_peak,200,2025-07-11 10:25:31.073579
x-axis motor a_rms,0,2025-07-11 10:25:31.073579
x-axis motor temp,21.3,2025-07-11 10:25:31.073579
x-axis motor crest,4.2,2025-07-11 10:25:31.073579
voltage,132.20000000000002,2025-07-11 10:25:31.073579
current,5.62,2025-07-11 10:25:31.073579
active power,627.0,2025-07-11 10:25:31.073579
forward kWh,16.285666666666668,2025-07-11 10:25:31.073579
reverse kWh,0.3626666666666667,2025-07-11 10:25:31.073579
frequency,59.97,2025-07-11 10:25:31.073579
power factor,0.7966666666666667,2025-07-11 10:25:31.073579
featureId,NONE,2025-07-11 10:25:32.073729
partKindId,EDB34637-67D8-465A-AFBA-010AD86D34F6,2025-07-11 10:25:32.073729
processKindId,NONE,2025-07-11 10:25:32.073729
A_Axis_Load,16,2025-07-11 10:25:32.073729
A_Position,-0.000332225347943367,2025-07-11 10:25:32.073729
C_Axis_Load,45,2025-07-11 10:25:32.073729
C_Position,30.0005,2025-07-11 10:25:32.073729
Machine_Time,2590850.753,2025-07-11 10:25:32.073729
Spindle_Time,690508.343999999,2025-07-11 10:25:32.073729
Feed_Override,100,2025-07-11 10:25:32.073729
Feed_Rate,0,2025-07-11 10:25:32.073729
Program_Runtime_Seconds,4,2025-07-11 10:25:32.073729
Rapid_Override,100,2025-07-11 10:25:32.073729
Rapid_Speed,0,2025-07-11 10:25:32.073729
S_Axis_Load,0,2025-07-11 10:25:32.073729
Spindle_Override,100,2025-07-11 10:25:32.073729
Spindle_Speed,0,2025-07-11 10:25:32.073729
X_Axis_Load,6,2025-07-11 10:25:32.073729
X_Position,32.4255969705485,2025-07-11 10:25:32.073729
Y_Axis_Load,6,2025-07-11 10:25:32.073729
Y_Position,491.650001896484,2025-07-11 10:25:32.073729
Z_Axis_Load,39,2025-07-11 10:25:32.073729
Z_Position,-99.8670097108772,2025-07-11 10:25:32.073729
COR_Status,1,2025-07-11 10:25:32.073729
Controller_Mode,AUTO,2025-07-11 10:25:32.073729
EStop_State,ARMED,2025-07-11 10:25:32.073729
Machine_Mode,5,2025-07-11 10:25:32.073729
Block_Number,275,2025-07-11 10:25:32.073729
Current_Tool,1,2025-07-11 10:25:32.073729
Part_Count,3,2025-07-11 10:25:32.073729
Program_Name_Running,000454_D_A_PROGRAM_2.NC,2025-07-11 10:25:32.073729
spindle motor v_rms,0.1,2025-07-11 10:25:32.073729
spindle motor a_peak,900,2025-07-11 10:25:32.073729
spindle motor a_rms,400,2025-07-11 10:25:32.073729
spindle motor temp,24.9,2025-07-11 10:25:32.073729
spindle motor crest,2.4,2025-07-11 10:25:32.073729
z-axis bearing v_rms,0.0,2025-07-11 10:25:32.073729
z-axis bearing a_peak,300,2025-07-11 10:25:32.073729
z-axis bearing a_rms,100,2025-07-11 10:25:32.073729
z-axis bearing temp,22.5,2025-07-11 10:25:32.073729
z-axis bearing crest,5.1,2025-07-11 10:25:32.073729
z-axis motor v_rms,0.1,2025-07-11 10:25:32.073729
z-axis motor a_peak,400,2025-07-11 10:25:32.073729
z-axis motor a_rms,100,2025-07-11 10:25:32.073729
z-axis motor temp,25.5,2025-07-11 10:25:32.073729
z-axis motor crest,3.9,2025-07-11 10:25:32.073729
y-axis bearing v_rms,0.0,2025-07-11 10:25:32.073729
y-axis bearing a_peak,200,2025-07-11 10:25:32.073729
y-axis bearing a_rms,0,2025-07-11 10:25:32.073729
y-axis bearing temp,21.4,2025-07-11 10:25:32.073729
y-axis bearing crest,4.4,2025-07-11 10:25:32.073729
y-axis motor v_rms,0.1,2025-07-11 10:25:32.073729
y-axis motor a_peak,700,2025-07-11 10:25:32.073729
y-axis motor a_rms,300,2025-07-11 10:25:32.073729
y-axis motor temp,24.3,2025-07-11 10:25:32.073729
y-axis motor crest,2.6,2025-07-11 10:25:32.073729
x-axis motor v_rms,0.0,2025-07-11 10:25:32.073729
x-axis motor a_peak,200,2025-07-11 10:25:32.073729
x-axis motor a_rms,0,2025-07-11 10:25:32.073729
x-axis motor temp,21.3,2025-07-11 10:25:32.073729
x-axis motor crest,3.9,2025-07-11 10:25:32.073729
voltage,132.20000000000002,2025-07-11 10:25:32.073729
current,5.510000000000001,2025-07-11 10:25:32.073729
active power,609.0,2025-07-11 10:25:32.073729
forward kWh,16.285666666666668,2025-07-11 10:25:32.073729
reverse kWh,0.3626666666666667,2025-07-11 10:25:32.073729
frequency,59.97,2025-07-11 10:25:32.073729
power factor,0.8533333333333334,2025-07-11 10:25:32.073729
featureId,NONE,2025-07-11 10:25:33.074016
partKindId,EDB34637-67D8-465A-AFBA-010AD86D34F6,2025-07-11 10:25:33.074016
processKindId,NONE,2025-07-11 10:25:33.074016
A_Axis_Load,16,2025-07-11 10:25:33.074016
A_Position,-0.000332225347943367,2025-07-11 10:25:33.074016
C_Axis_Load,45,2025-07-11 10:25:33.074016
C_Position,30.0005,2025-07-11 10:25:33.074016
Machine_Time,2590850.753,2025-07-11 10:25:33.074016
Spindle_Time,690508.343999999,2025-07-11 10:25:33.074016
Feed_Override,100,2025-07-11 10:25:33.074016
Feed_Rate,0,2025-07-11 10:25:33.074016
Program_Runtime_Seconds,5,2025-07-11 10:25:33.074016
Rapid_Override,100,2025-07-11 10:25:33.074016
Rapid_Speed,0,2025-07-11 10:25:33.074016
S_Axis_Load,2,2025-07-11 10:25:33.074016
Spindle_Override,100,2025-07-11 10:25:33.074016
Spindle_Speed,0,2025-07-11 10:25:33.074016
X_Axis_Load,6,2025-07-11 10:25:33.074016
X_Position,32.4256084152549,2025-07-11 10:25:33.074016
Y_Axis_Load,6,2025-07-11 10:25:33.074016
Y_Position,491.650001896484,2025-07-11 10:25:33.074016
Z_Axis_Load,39,2025-07-11 10:25:33.074016
Z_Position,-99.8669982674121,2025-07-11 10:25:33.074016
COR_Status,1,2025-07-11 10:25:33.074016
Controller_Mode,AUTO,2025-07-11 10:25:33.074016
EStop_State,ARMED,2025-07-11 10:25:33.074016
Machine_Mode,5,2025-07-11 10:25:33.074016
Block_Number,275,2025-07-11 10:25:33.074016
Current_Tool,1,2025-07-11 10:25:33.074016
Part_Count,3,2025-07-11 10:25:33.074016
Program_Name_Running,000454_D_A_PROGRAM_2.NC,2025-07-11 10:25:33.074016
spindle motor v_rms,0.1,2025-07-11 10:25:33.074016
spindle motor a_peak,800,2025-07-11 10:25:33.074016
spindle motor a_rms,400,2025-07-11 10:25:33.074016
spindle motor temp,24.9,2025-07-11 10:25:33.074016
spindle motor crest,2.3,2025-07-11 10:25:33.074016
z-axis bearing v_rms,0.0,2025-07-11 10:25:33.074016
z-axis bearing a_peak,300,2025-07-11 10:25:33.074016
z-axis bearing a_rms,100,2025-07-11 10:25:33.074016
z-axis bearing temp,22.5,2025-07-11 10:25:33.074016
z-axis bearing crest,4.4,2025-07-11 10:25:33.074016
z-axis motor v_rms,0.1,2025-07-11 10:25:33.074016
z-axis motor a_peak,400,2025-07-11 10:25:33.074016
z-axis motor a_rms,100,2025-07-11 10:25:33.074016
z-axis motor temp,25.5,2025-07-11 10:25:33.074016
z-axis motor crest,3.6,2025-07-11 10:25:33.074016
y-axis bearing v_rms,0.0,2025-07-11 10:25:33.074016
y-axis bearing a_peak,200,2025-07-11 10:25:33.074016
y-axis bearing a_rms,100,2025-07-11 10:25:33.074016
y-axis bearing temp,21.4,2025-07-11 10:25:33.074016
y-axis bearing crest,4.0,2025-07-11 10:25:33.074016
y-axis motor v_rms,0.0,2025-07-11 10:25:33.074016
y-axis motor a_peak,800,2025-07-11 10:25:33.074016
y-axis motor a_rms,300,2025-07-11 10:25:33.074016
y-axis motor temp,24.3,2025-07-11 10:25:33.074016
y-axis motor crest,2.7,2025-07-11 10:25:33.074016
x-axis motor v_rms,0.0,2025-07-11 10:25:33.074016
x-axis motor a_peak,200,2025-07-11 10:25:33.074016
x-axis motor a_rms,0,2025-07-11 10:25:33.074016
x-axis motor temp,21.3,2025-07-11 10:25:33.074016
x-axis motor crest,3.8,2025-07-11 10:25:33.074016
voltage,132.20000000000002,2025-07-11 10:25:33.074016
current,5.66,2025-07-11 10:25:33.074016
active power,633.0,2025-07-11 10:25:33.074016
forward kWh,16.285999999999998,2025-07-11 10:25:33.074016
reverse kWh,0.3626666666666667,2025-07-11 10:25:33.074016
frequency,59.97,2025-07-11 10:25:33.074016
power factor,0.8133333333333334,2025-07-11 10:25:33.074016
featureId,NONE,2025-07-11 10:25:34.074330
partKindId,EDB34637-67D8-465A-AFBA-010AD86D34F6,2025-07-11 10:25:34.074330
processKindId,NONE,2025-07-11 10:25:34.074330
A_Axis_Load,16,2025-07-11 10:25:34.074330
A_Position,-0.000332225347943367,2025-07-11 10:25:34.074330
C_Axis_Load,45,2025-07-11 10:25:34.074330
C_Position,30.0005,2025-07-11 10:25:34.074330
Machine_Time,2590850.753,2025-07-11 10:25:34.074330
Spindle_Time,690508.343999999,2025-07-11 10:25:34.074330
Feed_Override,100,2025-07-11 10:25:34.074330
Feed_Rate,0,2025-07-11 10:25:34.074330
Program_Runtime_Seconds,6,2025-07-11 10:25:34.074330
Rapid_Override,100,2025-07-11 10:25:34.074330
Rapid_Speed,0,2025-07-11 10:25:34.074330
S_Axis_Load,0,2025-07-11 10:25:34.074330
Spindle_Override,100,2025-07-11 10:25:34.074330
Spindle_Speed,0,2025-07-11 10:25:34.074330
X_Axis_Load,6,2025-07-11 10:25:34.074330
X_Position,32.4255969705485,2025-07-11 10:25:34.074330
Y_Axis_Load,6,2025-07-11 10:25:34.074330
Y_Position,491.650001896484,2025-07-11 10:25:34.074330
Z_Axis_Load,39,2025-07-11 10:25:34.074330
Z_Position,-99.8670097108772,2025-07-11 10:25:34.074330
COR_Status,1,2025-07-11 10:25:34.074330
Controller_Mode,AUTO,2025-07-11 10:25:34.074330
EStop_State,ARMED,2025-07-11 10:25:34.074330
Machine_Mode,5,2025-07-11 10:25:34.074330
Block_Number,275,2025-07-11 10:25:34.074330
Current_Tool,1,2025-07-11 10:25:34.074330
Part_Count,3,2025-07-11 10:25:34.074330
Program_Name_Running,000454_D_A_PROGRAM_2.NC,2025-07-11 10:25:34.074330
spindle motor v_rms,0.1,2025-07-11 10:25:34.074330
spindle motor a_peak,900,2025-07-11 10:25:34.074330
spindle motor a_rms,400,2025-07-11 10:25:34.074330
spindle motor temp,24.9,2025-07-11 10:25:34.074330
spindle motor crest,2.5,2025-07-11 10:25:34.074330
z-axis bearing v_rms,0.1,2025-07-11 10:25:34.074330
z-axis bearing a_peak,2400,2025-07-11 10:25:34.074330
z-axis bearing a_rms,100,2025-07-11 10:25:34.074330
z-axis bearing temp,22.5,2025-07-11 10:25:34.074330
z-axis bearing crest,16.2,2025-07-11 10:25:34.074330
z-axis motor v_rms,0.1,2025-07-11 10:25:34.074330
z-axis motor a_peak,1100,2025-07-11 10:25:34.074330
z-axis motor a_rms,100,2025-07-11 10:25:34.074330
z-axis motor temp,25.5,2025-07-11 10:25:34.074330
z-axis motor crest,9.4,2025-07-11 10:25:34.074330
y-axis bearing v_rms,0.0,2025-07-11 10:25:34.074330
y-axis bearing a_peak,1200,2025-07-11 10:25:34.074330
y-axis bearing a_rms,100,2025-07-11 10:25:34.074330
y-axis bearing temp,21.4,2025-07-11 10:25:34.074330
y-axis bearing crest,9.7,2025-07-11 10:25:34.074330
y-axis motor v_rms,0.1,2025-07-11 10:25:34.074330
y-axis motor a_peak,1500,2025-07-11 10:25:34.074330
y-axis motor a_rms,300,2025-07-11 10:25:34.074330
y-axis motor temp,24.3,2025-07-11 10:25:34.074330
y-axis motor crest,5.0,2025-07-11 10:25:34.074330
x-axis motor v_rms,0.0,2025-07-11 10:25:34.074330
x-axis motor a_peak,500,2025-07-11 10:25:34.074330
x-axis motor a_rms,100,2025-07-11 10:25:34.074330
x-axis motor temp,21.3,2025-07-11 10:25:34.074330
x-axis motor crest,8.6,2025-07-11 10:25:34.074330
voltage,132.23333333333335,2025-07-11 10:25:34.074330
current,5.566666666666666,2025-07-11 10:25:34.074330
active power,617.0,2025-07-11 10:25:34.074330
forward kWh,16.286333333333335,2025-07-11 10:25:34.074330
reverse kWh,0.3626666666666667,2025-07-11 10:25:34.074330
frequency,59.97,2025-07-11 10:25:34.074330
power factor,0.84,2025-07-11 10:25:34.074330
featureId,NONE,2025-07-11 10:25:35.074629
partKindId,EDB34637-67D8-465A-AFBA-010AD86D34F6,2025-07-11 10:25:35.074629
processKindId,NONE,2025-07-11 10:25:35.074629
A_Axis_Load,16,2025-07-11 10:25:35.074629
A_Position,-0.000332225347943367,2025-07-11 10:25:35.074629
C_Axis_Load,45,2025-07-11 10:25:35.074629
C_Position,30.0005,2025-07-11 10:25:35.074629
Machine_Time,2590850.753,2025-07-11 10:25:35.074629
Spindle_Time,690508.343999999,2025-07-11 10:25:35.074629
Feed_Override,100,2025-07-11 10:25:35.074629
Feed_Rate,0,2025-07-11 10:25:35.074629
Program_Runtime_Seconds,7,2025-07-11 10:25:35.074629
Rapid_Override,100,2025-07-11 10:25:35.074629
Rapid_Speed,0,2025-07-11 10:25:35.074629
S_Axis_Load,0,2025-07-11 10:25:35.074629
Spindle_Override,100,2025-07-11 10:25:35.074629
Spindle_Speed,0,2025-07-11 10:25:35.074629
X_Axis_Load,6,2025-07-11 10:25:35.074629
X_Position,32.4256084152549,2025-07-11 10:25:35.074629
Y_Axis_Load,6,2025-07-11 10:25:35.074629
Y_Position,491.650001896484,2025-07-11 10:25:35.074629
Z_Axis_Load,39,2025-07-11 10:25:35.074629
Z_Position,-99.8669982674121,2025-07-11 10:25:35.074629
COR_Status,1,2025-07-11 10:25:35.074629
Controller_Mode,AUTO,2025-07-11 10:25:35.074629
EStop_State,ARMED,2025-07-11 10:25:35.074629
Machine_Mode,5,2025-07-11 10:25:35.074629
Block_Number,275,2025-07-11 10:25:35.074629
Current_Tool,1,2025-07-11 10:25:35.074629
Part_Count,3,2025-07-11 10:25:35.074629
Program_Name_Running,000454_D_A_PROGRAM_2.NC,2025-07-11 10:25:35.074629
spindle motor v_rms,0.1,2025-07-11 10:25:35.074629
spindle motor a_peak,800,2025-07-11 10:25:35.074629
spindle motor a_rms,400,2025-07-11 10:25:35.074629
spindle motor temp,24.9,2025-07-11 10:25:35.074629
spindle motor crest,2.3,2025-07-11 10:25:35.074629
z-axis bearing v_rms,0.1,2025-07-11 10:25:35.074629
z-axis bearing a_peak,7000,2025-07-11 10:25:35.074629
z-axis bearing a_rms,400,2025-07-11 10:25:35.074629
z-axis bearing temp,22.5,2025-07-11 10:25:35.074629
z-axis bearing crest,19.4,2025-07-11 10:25:35.074629
z-axis motor v_rms,0.2,2025-07-11 10:25:35.074629
z-axis motor a_peak,1600,2025-07-11 10:25:35.074629
z-axis motor a_rms,200,2025-07-11 10:25:35.074629
z-axis motor temp,25.5,2025-07-11 10:25:35.074629
z-axis motor crest,8.2,2025-07-11 10:25:35.074629
y-axis bearing v_rms,0.1,2025-07-11 10:25:35.074629
y-axis bearing a_peak,1000,2025-07-11 10:25:35.074629
y-axis bearing a_rms,100,2025-07-11 10:25:35.074629
y-axis bearing temp,21.4,2025-07-11 10:25:35.074629
y-axis bearing crest,10.9,2025-07-11 10:25:35.074629
y-axis motor v_rms,0.1,2025-07-11 10:25:35.074629
y-axis motor a_peak,1200,2025-07-11 10:25:35.074629
y-axis motor a_rms,300,2025-07-11 10:25:35.074629
y-axis motor temp,24.3,2025-07-11 10:25:35.074629
y-axis motor crest,3.9,2025-07-11 10:25:35.074629
x-axis motor v_rms,0.1,2025-07-11 10:25:35.074629
x-axis motor a_peak,400,2025-07-11 10:25:35.074629
x-axis motor a_rms,100,2025-07-11 10:25:35.074629
x-axis motor temp,21.3,2025-07-11 10:25:35.074629
x-axis motor crest,5.9,2025-07-11 10:25:35.074629
voltage,132.4,2025-07-11 10:25:35.074629
current,4.603333333333334,2025-07-11 10:25:35.074629
active power,510.3333333333333,2025-07-11 10:25:35.074629
forward kWh,16.286333333333335,2025-07-11 10:25:35.074629
reverse kWh,0.3626666666666667,2025-07-11 10:25:35.074629
frequency,59.97,2025-07-11 10:25:35.074629
power factor,0.7333333333333334,2025-07-11 10:25:35.074629
featureId,NONE,2025-07-11 10:25:36.074940
partKindId,EDB34637-67D8-465A-AFBA-010AD86D34F6,2025-07-11 10:25:36.074940
processKindId,NONE,2025-07-11 10:25:36.074940
A_Axis_Load,16,2025-07-11 10:25:36.074940
A_Position,-0.000332225347943367,2025-07-11 10:25:36.074940
C_Axis_Load,45,2025-07-11 10:25:36.074940
C_Position,30.0005,2025-07-11 10:25:36.074940
Machine_Time,2590850.753,2025-07-11 10:25:36.074940
Spindle_Time,690508.343999999,2025-07-11 10:25:36.074940
Feed_Override,100,2025-07-11 10:25:36.074940
Feed_Rate,0,2025-07-11 10:25:36.074940
Program_Runtime_Seconds,9,2025-07-11 10:25:36.074940
Rapid_Override,100,2025-07-11 10:25:36.074940
Rapid_Speed,0,2025-07-11 10:25:36.074940
S_Axis_Load,0,2025-07-11 10:25:36.074940
Spindle_Override,100,2025-07-11 10:25:36.074940
Spindle_Speed,0,2025-07-11 10:25:36.074940
X_Axis_Load,5,2025-07-11 10:25:36.074940
X_Position,32.4256084152549,2025-07-11 10:25:36.074940
Y_Axis_Load,5,2025-07-11 10:25:36.074940
Y_Position,491.65003622876,2025-07-11 10:25:36.074940
Z_Axis_Load,35,2025-07-11 10:25:36.074940
Z_Position,-99.8671127020629,2025-07-11 10:25:36.074940
COR_Status,1,2025-07-11 10:25:36.074940
Controller_Mode,AUTO,2025-07-11 10:25:36.074940
EStop_State,ARMED,2025-07-11 10:25:36.074940
Machine_Mode,5,2025-07-11 10:25:36.074940
Block_Number,275,2025-07-11 10:25:36.074940
Current_Tool,0,2025-07-11 10:25:36.074940
Part_Count,3,2025-07-11 10:25:36.074940
Program_Name_Running,000454_D_A_PROGRAM_2.NC,2025-07-11 10:25:36.074940
spindle motor v_rms,0.2,2025-07-11 10:25:36.074940
spindle motor a_peak,2500,2025-07-11 10:25:36.074940
spindle motor a_rms,500,2025-07-11 10:25:36.074940
spindle motor temp,24.9,2025-07-11 10:25:36.074940
spindle motor crest,5.3,2025-07-11 10:25:36.074940
z-axis bearing v_rms,0.1,2025-07-11 10:25:36.074940
z-axis bearing a_peak,3200,2025-07-11 10:25:36.074940
z-axis bearing a_rms,300,2025-07-11 10:25:36.074940
z-axis bearing temp,22.5,2025-07-11 10:25:36.074940
z-axis bearing crest,11.0,2025-07-11 10:25:36.074940
z-axis motor v_rms,0.2,2025-07-11 10:25:36.074940
z-axis motor a_peak,1100,2025-07-11 10:25:36.074940
z-axis motor a_rms,200,2025-07-11 10:25:36.074940
z-axis motor temp,25.5,2025-07-11 10:25:36.074940
z-axis motor crest,5.4,2025-07-11 10:25:36.074940
y-axis bearing v_rms,0.1,2025-07-11 10:25:36.074940
y-axis bearing a_peak,700,2025-07-11 10:25:36.074940
y-axis bearing a_rms,100,2025-07-11 10:25:36.074940
y-axis bearing temp,21.4,2025-07-11 10:25:36.074940
y-axis bearing crest,8.4,2025-07-11 10:25:36.074940
y-axis motor v_rms,0.1,2025-07-11 10:25:36.074940
y-axis motor a_peak,2000,2025-07-11 10:25:36.074940
y-axis motor a_rms,400,2025-07-11 10:25:36.074940
y-axis motor temp,24.3,2025-07-11 10:25:36.074940
y-axis motor crest,5.3,2025-07-11 10:25:36.074940
x-axis motor v_rms,0.1,2025-07-11 10:25:36.074940
x-axis motor a_peak,300,2025-07-11 10:25:36.074940
x-axis motor a_rms,100,2025-07-11 10:25:36.074940
x-axis motor temp,21.3,2025-07-11 10:25:36.074940
x-axis motor crest,4.1,2025-07-11 10:25:36.074940
voltage,132.4,2025-07-11 10:25:36.074940
current,4.706666666666666,2025-07-11 10:25:36.074940
active power,513.3333333333334,2025-07-11 10:25:36.074940
forward kWh,16.286333333333335,2025-07-11 10:25:36.074940
reverse kWh,0.3626666666666667,2025-07-11 10:25:36.074940
frequency,59.97,2025-07-11 10:25:36.074940
power factor,0.8266666666666667,2025-07-11 10:25:36.074940
featureId,NONE,2025-07-11 10:25:37.075223
partKindId,EDB34637-67D8-465A-AFBA-010AD86D34F6,2025-07-11 10:25:37.075223
processKindId,NONE,2025-07-11 10:25:37.075223
A_Axis_Load,16,2025-07-11 10:25:37.075223
A_Position,-0.000332225347943367,2025-07-11 10:25:37.075223
C_Axis_Load,45,2025-07-11 10:25:37.075223
C_Position,30.0005,2025-07-11 10:25:37.075223
Machine_Time,2590850.753,2025-07-11 10:25:37.075223
Spindle_Time,690508.343999999,2025-07-11 10:25:37.075223
Feed_Override,100,2025-07-11 10:25:37.075223
Feed_Rate,0,2025-07-11 10:25:37.075223
Program_Runtime_Seconds,9,2025-07-11 10:25:37.075223
Rapid_Override,100,2025-07-11 10:25:37.075223
Rapid_Speed,0,2025-07-11 10:25:37.075223
S_Axis_Load,0,2025-07-11 10:25:37.075223
Spindle_Override,100,2025-07-11 10:25:37.075223
Spindle_Speed,0,2025-07-11 10:25:37.075223
X_Axis_Load,5,2025-07-11 10:25:37.075223
X_Position,32.4255740811358,2025-07-11 10:25:37.075223
Y_Axis_Load,5,2025-07-11 10:25:37.075223
Y_Position,491.650013340576,2025-07-11 10:25:37.075223
Z_Axis_Load,36,2025-07-11 10:25:37.075223
Z_Position,-99.8672042497835,2025-07-11 10:25:37.075223
COR_Status,1,2025-07-11 10:25:37.075223
Controller_Mode,AUTO,2025-07-11 10:25:37.075223
EStop_State,ARMED,2025-07-11 10:25:37.075223
Machine_Mode,5,2025-07-11 10:25:37.075223
Block_Number,275,2025-07-11 10:25:37.075223
Current_Tool,21,2025-07-11 10:25:37.075223
Part_Count,3,2025-07-11 10:25:37.075223
Program_Name_Running,000454_D_A_PROGRAM_2.NC,2025-07-11 10:25:37.075223
spindle motor v_rms,0.2,2025-07-11 10:25:37.075223
spindle motor a_peak,10900,2025-07-11 10:25:37.075223
spindle motor a_rms,600,2025-07-11 10:25:37.075223
spindle motor temp,24.9,2025-07-11 10:25:37.075223
spindle motor crest,17.7,2025-07-11 10:25:37.075223
z-axis bearing v_rms,0.1,2025-07-11 10:25:37.075223
z-axis bearing a_peak,11300,2025-07-11 10:25:37.075223
z-axis bearing a_rms,500,2025-07-11 10:25:37.075223
z-axis bearing temp,22.5,2025-07-11 10:25:37.075223
z-axis bearing crest,20.5,2025-07-11 10:25:37.075223
z-axis motor v_rms,0.3,2025-07-11 10:25:37.075223
z-axis motor a_peak,2600,2025-07-11 10:25:37.075223
z-axis motor a_rms,300,2025-07-11 10:25:37.075223
z-axis motor temp,25.5,2025-07-11 10:25:37.075223
z-axis motor crest,10.0,2025-07-11 10:25:37.075223
y-axis bearing v_rms,0.1,2025-07-11 10:25:37.075223
y-axis bearing a_peak,1200,2025-07-11 10:25:37.075223
y-axis bearing a_rms,100,2025-07-11 10:25:37.075223
y-axis bearing temp,21.4,2025-07-11 10:25:37.075223
y-axis bearing crest,9.3,2025-07-11 10:25:37.075223
y-axis motor v_rms,0.1,2025-07-11 10:25:37.075223
y-axis motor a_peak,2200,2025-07-11 10:25:37.075223
y-axis motor a_rms,400,2025-07-11 10:25:37.075223
y-axis motor temp,24.3,2025-07-11 10:25:37.075223
y-axis motor crest,5.8,2025-07-11 10:25:37.075223
x-axis motor v_rms,0.2,2025-07-11 10:25:37.075223
x-axis motor a_peak,500,2025-07-11 10:25:37.075223
x-axis motor a_rms,100,2025-07-11 10:25:37.075223
x-axis motor temp,21.1,2025-07-11 10:25:37.075223
x-axis motor crest,5.6,2025-07-11 10:25:37.075223
voltage,132.26666666666668,2025-07-11 10:25:37.075223
current,6.716666666666666,2025-07-11 10:25:37.075223
active power,670.6666666666666,2025-07-11 10:25:37.075223
forward kWh,16.286666666666665,2025-07-11 10:25:37.075223
reverse kWh,0.3626666666666667,2025-07-11 10:25:37.075223
frequency,59.97,2025-07-11 10:25:37.075223
power factor,1.0,2025-07-11 10:25:37.075223
featureId,NONE,2025-07-11 10:25:38.075375
partKindId,EDB34637-67D8-465A-AFBA-010AD86D34F6,2025-07-11 10:25:38.075375
processKindId,DE045126-2C5E-4E72-8491-E202079EAC7C,2025-07-11 10:25:38.075375
A_Axis_Load,16,2025-07-11 10:25:38.075375
A_Position,-0.000332225347943367,2025-07-11 10:25:38.075375
C_Axis_Load,45,2025-07-11 10:25:38.075375
C_Position,30.0005,2025-07-11 10:25:38.075375
Machine_Time,2590850.753,2025-07-11 10:25:38.075375
Spindle_Time,690508.343999999,2025-07-11 10:25:38.075375
Feed_Override,100,2025-07-11 10:25:38.075375
Feed_Rate,0,2025-07-11 10:25:38.075375
Program_Runtime_Seconds,10,2025-07-11 10:25:38.075375
Rapid_Override,100,2025-07-11 10:25:38.075375
Rapid_Speed,0,2025-07-11 10:25:38.075375
S_Axis_Load,0,2025-07-11 10:25:38.075375
Spindle_Override,100,2025-07-11 10:25:38.075375
Spindle_Speed,0,2025-07-11 10:25:38.075375
X_Axis_Load,5,2025-07-11 10:25:38.075375
X_Position,34.846508832956,2025-07-11 10:25:38.075375
Y_Axis_Load,5,2025-07-11 10:25:38.075375
Y_Position,489.933256199951,2025-07-11 10:25:38.075375
Z_Axis_Load,35,2025-07-11 10:25:38.075375
Z_Position,-99.8669982674121,2025-07-11 10:25:38.075375
COR_Status,1,2025-07-11 10:25:38.075375
Controller_Mode,AUTO,2025-07-11 10:25:38.075375
EStop_State,ARMED,2025-07-11 10:25:38.075375
Machine_Mode,5,2025-07-11 10:25:38.075375
Block_Number,277,2025-07-11 10:25:38.075375
Current_Tool,21,2025-07-11 10:25:38.075375
Part_Count,3,2025-07-11 10:25:38.075375
Program_Name_Running,000454_D_A_PROGRAM_2.NC,2025-07-11 10:25:38.075375
spindle motor v_rms,0.1,2025-07-11 10:25:38.075375
spindle motor a_peak,3000,2025-07-11 10:25:38.075375
spindle motor a_rms,500,2025-07-11 10:25:38.075375
spindle motor temp,24.9,2025-07-11 10:25:38.075375
spindle motor crest,6.7,2025-07-11 10:25:38.075375
z-axis bearing v_rms,0.0,2025-07-11 10:25:38.075375
z-axis bearing a_peak,2200,2025-07-11 10:25:38.075375
z-axis bearing a_rms,200,2025-07-11 10:25:38.075375
z-axis bearing temp,22.5,2025-07-11 10:25:38.075375
z-axis bearing crest,9.9,2025-07-11 10:25:38.075375
z-axis motor v_rms,0.1,2025-07-11 10:25:38.075375
z-axis motor a_peak,500,2025-07-11 10:25:38.075375
z-axis motor a_rms,100,2025-07-11 10:25:38.075375
z-axis motor temp,25.5,2025-07-11 10:25:38.075375
z-axis motor crest,4.3,2025-07-11 10:25:38.075375
y-axis bearing v_rms,0.1,2025-07-11 10:25:38.075375
y-axis bearing a_peak,4500,2025-07-11 10:25:38.075375
y-axis bearing a_rms,700,2025-07-11 10:25:38.075375
y-axis bearing temp,21.4,2025-07-11 10:25:38.075375
y-axis bearing crest,6.9,2025-07-11 10:25:38.075375
y-axis motor v_rms,0.2,2025-07-11 10:25:38.075375
y-axis motor a_peak,31000,2025-07-11 10:25:38.075375
y-axis motor a_rms,6400,2025-07-11 10:25:38.075375
y-axis motor temp,24.3,2025-07-11 10:25:38.075375
y-axis motor crest,4.9,2025-07-11 10:25:38.075375
x-axis motor v_rms,0.4,2025-07-11 10:25:38.075375
x-axis motor a_peak,2200,2025-07-11 10:25:38.075375
x-axis motor a_rms,400,2025-07-11 10:25:38.075375
x-axis motor temp,21.1,2025-07-11 10:25:38.075375
x-axis motor crest,4.9,2025-07-11 10:25:38.075375
voltage,132.4,2025-07-11 10:25:38.075375
current,4.966666666666666,2025-07-11 10:25:38.075375
active power,539.6666666666666,2025-07-11 10:25:38.075375
forward kWh,16.287,2025-07-11 10:25:38.075375
reverse kWh,0.3626666666666667,2025-07-11 10:25:38.075375
frequency,59.97,2025-07-11 10:25:38.075375
power factor,0.7399999999999999,2025-07-11 10:25:38.075375
featureId,NONE,2025-07-11 10:25:39.075527
partKindId,EDB34637-67D8-465A-AFBA-010AD86D34F6,2025-07-11 10:25:39.075527
processKindId,DE045126-2C5E-4E72-8491-E202079EAC7C,2025-07-11 10:25:39.075527
A_Axis_Load,16,2025-07-11 10:25:39.075527
A_Position,0.000167897837982586,2025-07-11 10:25:39.075527
C_Axis_Load,45,2025-07-11 10:25:39.075527
C_Position,30.0005,2025-07-11 10:25:39.075527
Machine_Time,2590850.753,2025-07-11 10:25:39.075527
Spindle_Time,690508.343999999,2025-07-11 10:25:39.075527
Feed_Override,100,2025-07-11 10:25:39.075527
Feed_Rate,334.8333,2025-07-11 10:25:39.075527
Program_Runtime_Seconds,12,2025-07-11 10:25:39.075527
Rapid_Override,100,2025-07-11 10:25:39.075527
Rapid_Speed,0,2025-07-11 10:25:39.075527
S_Axis_Load,31,2025-07-11 10:25:39.075527
Spindle_Override,100,2025-07-11 10:25:39.075527
Spindle_Speed,2963.55860629562,2025-07-11 10:25:39.075527
X_Axis_Load,7,2025-07-11 10:25:39.075527
X_Position,417.636657799201,2025-07-11 10:25:39.075527
Y_Axis_Load,7,2025-07-11 10:25:39.075527
Y_Position,218.150287639053,2025-07-11 10:25:39.075527
Z_Axis_Load,35,2025-07-11 10:25:39.075527
Z_Position,-99.8670097108772,2025-07-11 10:25:39.075527
COR_Status,1,2025-07-11 10:25:39.075527
Controller_Mode,AUTO,2025-07-11 10:25:39.075527
EStop_State,ARMED,2025-07-11 10:25:39.075527
Machine_Mode,5,2025-07-11 10:25:39.075527
Block_Number,277,2025-07-11 10:25:39.075527
Current_Tool,21,2025-07-11 10:25:39.075527
Part_Count,3,2025-07-11 10:25:39.075527
Program_Name_Running,000454_D_A_PROGRAM_2.NC,2025-07-11 10:25:39.075527
spindle motor v_rms,0.2,2025-07-11 10:25:39.075527
spindle motor a_peak,9100,2025-07-11 10:25:39.075527
spindle motor a_rms,2400,2025-07-11 10:25:39.075527
spindle motor temp,25.0,2025-07-11 10:25:39.075527
spindle motor crest,3.7,2025-07-11 10:25:39.075527
z-axis bearing v_rms,0.1,2025-07-11 10:25:39.075527
z-axis bearing a_peak,16200,2025-07-11 10:25:39.075527
z-axis bearing a_rms,1800,2025-07-11 10:25:39.075527
z-axis bearing temp,22.5,2025-07-11 10:25:39.075527
z-axis bearing crest,9.1,2025-07-11 10:25:39.075527
z-axis motor v_rms,0.6,2025-07-11 10:25:39.075527
z-axis motor a_peak,44900,2025-07-11 10:25:39.075527
z-axis motor a_rms,5800,2025-07-11 10:25:39.075527
z-axis motor temp,25.5,2025-07-11 10:25:39.075527
z-axis motor crest,7.7,2025-07-11 10:25:39.075527
y-axis bearing v_rms,0.1,2025-07-11 10:25:39.075527
y-axis bearing a_peak,2800,2025-07-11 10:25:39.075527
y-axis bearing a_rms,400,2025-07-11 10:25:39.075527
y-axis bearing temp,21.4,2025-07-11 10:25:39.075527
y-axis bearing crest,7.1,2025-07-11 10:25:39.075527
y-axis motor v_rms,0.1,2025-07-11 10:25:39.075527
y-axis motor a_peak,13400,2025-07-11 10:25:39.075527
y-axis motor a_rms,1200,2025-07-11 10:25:39.075527
y-axis motor temp,24.3,2025-07-11 10:25:39.075527
y-axis motor crest,11.4,2025-07-11 10:25:39.075527
x-axis motor v_rms,0.2,2025-07-11 10:25:39.075527
x-axis motor a_peak,500,2025-07-11 10:25:39.075527
x-axis motor a_rms,100,2025-07-11 10:25:39.075527
x-axis motor temp,21.1,2025-07-11 10:25:39.075527
x-axis motor crest,5.0,2025-07-11 10:25:39.075527
voltage,132.43333333333334,2025-07-11 10:25:39.075527
current,4.343333333333333,2025-07-11 10:25:39.075527
active power,460.3333333333333,2025-07-11 10:25:39.075527
forward kWh,16.287333333333333,2025-07-11 10:25:39.075527
reverse kWh,0.3626666666666667,2025-07-11 10:25:39.075527
frequency,59.97,2025-07-11 10:25:39.075527
power factor,0.6533333333333333,2025-07-11 10:25:39.075527
featureId,NONE,2025-07-11 10:25:40.075831
partKindId,EDB34637-67D8-465A-AFBA-010AD86D34F6,2025-07-11 10:25:40.075831
processKindId,DE045126-2C5E-4E72-8491-E202079EAC7C,2025-07-11 10:25:40.075831
A_Axis_Load,16,2025-07-11 10:25:40.075831
A_Position,0.000167897837982586,2025-07-11 10:25:40.075831
C_Axis_Load,45,2025-07-11 10:25:40.075831
C_Position,30.0005,2025-07-11 10:25:40.075831
Machine_Time,2590850.753,2025-07-11 10:25:40.075831
Spindle_Time,690508.343999999,2025-07-11 10:25:40.075831
Feed_Override,100,2025-07-11 10:25:40.075831
Feed_Rate,0,2025-07-11 10:25:40.075831
Program_Runtime_Seconds,12,2025-07-11 10:25:40.075831
Rapid_Override,100,2025-07-11 10:25:40.075831
Rapid_Speed,0,2025-07-11 10:25:40.075831
S_Axis_Load,14,2025-07-11 10:25:40.075831
Spindle_Override,100,2025-07-11 10:25:40.075831
Spindle_Speed,5980.03715174879,2025-07-11 10:25:40.075831
X_Axis_Load,6,2025-07-11 10:25:40.075831
X_Position,418.073789985218,2025-07-11 10:25:40.075831
Y_Axis_Load,4,2025-07-11 10:25:40.075831
Y_Position,217.837997272315,2025-07-11 10:25:40.075831
Z_Axis_Load,29,2025-07-11 10:25:40.075831
Z_Position,-335.428065528048,2025-07-11 10:25:40.075831
COR_Status,1,2025-07-11 10:25:40.075831
Controller_Mode,AUTO,2025-07-11 10:25:40.075831
EStop_State,ARMED,2025-07-11 10:25:40.075831
Machine_Mode,5,2025-07-11 10:25:40.075831
Block_Number,279,2025-07-11 10:25:40.075831
Current_Tool,21,2025-07-11 10:25:40.075831
Part_Count,3,2025-07-11 10:25:40.075831
Program_Name_Running,000454_D_A_PROGRAM_2.NC,2025-07-11 10:25:40.075831
spindle motor v_rms,0.2,2025-07-11 10:25:40.075831
spindle motor a_peak,9200,2025-07-11 10:25:40.075831
spindle motor a_rms,2700,2025-07-11 10:25:40.075831
spindle motor temp,25.0,2025-07-11 10:25:40.075831
spindle motor crest,3.4,2025-07-11 10:25:40.075831
z-axis bearing v_rms,0.1,2025-07-11 10:25:40.075831
z-axis bearing a_peak,1200,2025-07-11 10:25:40.075831
z-axis bearing a_rms,300,2025-07-11 10:25:40.075831
z-axis bearing temp,22.5,2025-07-11 10:25:40.075831
z-axis bearing crest,4.3,2025-07-11 10:25:40.075831
z-axis motor v_rms,0.1,2025-07-11 10:25:40.075831
z-axis motor a_peak,500,2025-07-11 10:25:40.075831
z-axis motor a_rms,100,2025-07-11 10:25:40.075831
z-axis motor temp,25.5,2025-07-11 10:25:40.075831
z-axis motor crest,3.9,2025-07-11 10:25:40.075831
y-axis bearing v_rms,0.1,2025-07-11 10:25:40.075831
y-axis bearing a_peak,400,2025-07-11 10:25:40.075831
y-axis bearing a_rms,100,2025-07-11 10:25:40.075831
y-axis bearing temp,21.4,2025-07-11 10:25:40.075831
y-axis bearing crest,4.6,2025-07-11 10:25:40.075831
y-axis motor v_rms,0.2,2025-07-11 10:25:40.075831
y-axis motor a_peak,1500,2025-07-11 10:25:40.075831
y-axis motor a_rms,400,2025-07-11 10:25:40.075831
y-axis motor temp,24.3,2025-07-11 10:25:40.075831
y-axis motor crest,3.6,2025-07-11 10:25:40.075831
x-axis motor v_rms,0.1,2025-07-11 10:25:40.075831
x-axis motor a_peak,200,2025-07-11 10:25:40.075831
x-axis motor a_rms,100,2025-07-11 10:25:40.075831
x-axis motor temp,21.1,2025-07-11 10:25:40.075831
x-axis motor crest,3.7,2025-07-11 10:25:40.075831
voltage,129.79999999999998,2025-07-11 10:25:40.075831
current,42.71666666666667,2025-07-11 10:25:40.075831
active power,6021.666666666667,2025-07-11 10:25:40.075831
forward kWh,16.289,2025-07-11 10:25:40.075831
reverse kWh,0.3626666666666667,2025-07-11 10:25:40.075831
frequency,59.97,2025-07-11 10:25:40.075831
power factor,1.0,2025-07-11 10:25:40.075831
featureId,NONE,2025-07-11 10:25:41.075981
partKindId,EDB34637-67D8-465A-AFBA-010AD86D34F6,2025-07-11 10:25:41.075981
processKindId,DE045126-2C5E-4E72-8491-E202079EAC7C,2025-07-11 10:25:41.075981
A_Axis_Load,16,2025-07-11 10:25:41.075981
A_Position,0.000167897837982586,2025-07-11 10:25:41.075981
C_Axis_Load,45,2025-07-11 10:25:41.075981
C_Position,30.0005,2025-07-11 10:25:41.075981
Machine_Time,2590850.753,2025-07-11 10:25:41.075981
Spindle_Time,690508.343999999,2025-07-11 10:25:41.075981
Feed_Override,100,2025-07-11 10:25:41.075981
Feed_Rate,0,2025-07-11 10:25:41.075981
Program_Runtime_Seconds,14,2025-07-11 10:25:41.075981
Rapid_Override,100,2025-07-11 10:25:41.075981
Rapid_Speed,0,2025-07-11 10:25:41.075981
S_Axis_Load,10,2025-07-11 10:25:41.075981
Spindle_Override,100,2025-07-11 10:25:41.075981
Spindle_Speed,7788.10685748807,2025-07-11 10:25:41.075981
X_Axis_Load,5,2025-07-11 10:25:41.075981
X_Position,418.073789985218,2025-07-11 10:25:41.075981
Y_Axis_Load,4,2025-07-11 10:25:41.075981
Y_Position,217.837997272315,2025-07-11 10:25:41.075981
Z_Axis_Load,30,2025-07-11 10:25:41.075981
Z_Position,-335.427985428732,2025-07-11 10:25:41.075981
COR_Status,1,2025-07-11 10:25:41.075981
Controller_Mode,AUTO,2025-07-11 10:25:41.075981
EStop_State,ARMED,2025-07-11 10:25:41.075981
Machine_Mode,5,2025-07-11 10:25:41.075981
Block_Number,279,2025-07-11 10:25:41.075981
Current_Tool,21,2025-07-11 10:25:41.075981
Part_Count,3,2025-07-11 10:25:41.075981
Program_Name_Running,000454_D_A_PROGRAM_2.NC,2025-07-11 10:25:41.075981
spindle motor v_rms,0.2,2025-07-11 10:25:41.075981
spindle motor a_peak,11500,2025-07-11 10:25:41.075981
spindle motor a_rms,3500,2025-07-11 10:25:41.075981
spindle motor temp,25.0,2025-07-11 10:25:41.075981
spindle motor crest,3.3,2025-07-11 10:25:41.075981
z-axis bearing v_rms,0.1,2025-07-11 10:25:41.075981
z-axis bearing a_peak,1200,2025-07-11 10:25:41.075981
z-axis bearing a_rms,300,2025-07-11 10:25:41.075981
z-axis bearing temp,22.5,2025-07-11 10:25:41.075981
z-axis bearing crest,4.4,2025-07-11 10:25:41.075981
z-axis motor v_rms,0.1,2025-07-11 10:25:41.075981
z-axis motor a_peak,600,2025-07-11 10:25:41.075981
z-axis motor a_rms,100,2025-07-11 10:25:41.075981
z-axis motor temp,25.5,2025-07-11 10:25:41.075981
z-axis motor crest,4.3,2025-07-11 10:25:41.075981
y-axis bearing v_rms,0.1,2025-07-11 10:25:41.075981
y-axis bearing a_peak,500,2025-07-11 10:25:41.075981
y-axis bearing a_rms,100,2025-07-11 10:25:41.075981
y-axis bearing temp,21.4,2025-07-11 10:25:41.075981
y-axis bearing crest,3.8,2025-07-11 10:25:41.075981
y-axis motor v_rms,0.2,2025-07-11 10:25:41.075981
y-axis motor a_peak,1900,2025-07-11 10:25:41.075981
y-axis motor a_rms,600,2025-07-11 10:25:41.075981
y-axis motor temp,24.3,2025-07-11 10:25:41.075981
y-axis motor crest,3.0,2025-07-11 10:25:41.075981
x-axis motor v_rms,0.1,2025-07-11 10:25:41.075981
x-axis motor a_peak,300,2025-07-11 10:25:41.075981
x-axis motor a_rms,100,2025-07-11 10:25:41.075981
x-axis motor temp,21.1,2025-07-11 10:25:41.075981
x-axis motor crest,2.9,2025-07-11 10:25:41.075981
voltage,129.43333333333337,2025-07-11 10:25:41.075981
current,48.580000000000005,2025-07-11 10:25:41.075981
active power,5842.333333333333,2025-07-11 10:25:41.075981
forward kWh,16.29,2025-07-11 10:25:41.075981
reverse kWh,0.3626666666666667,2025-07-11 10:25:41.075981
frequency,59.97,2025-07-11 10:25:41.075981
power factor,0.9233333333333333,2025-07-11 10:25:41.075981
featureId,NONE,2025-07-11 10:25:42.076261
partKindId,EDB34637-67D8-465A-AFBA-010AD86D34F6,2025-07-11 10:25:42.076261
processKindId,DE045126-2C5E-4E72-8491-E202079EAC7C,2025-07-11 10:25:42.076261
A_Axis_Load,16,2025-07-11 10:25:42.076261
A_Position,0.000167897837982586,2025-07-11 10:25:42.076261
C_Axis_Load,45,2025-07-11 10:25:42.076261
C_Position,30.0005,2025-07-11 10:25:42.076261
Machine_Time,2590850.753,2025-07-11 10:25:42.076261
Spindle_Time,690508.343999999,2025-07-11 10:25:42.076261
Feed_Override,100,2025-07-11 10:25:42.076261
Feed_Rate,0,2025-07-11 10:25:42.076261
Program_Runtime_Seconds,14,2025-07-11 10:25:42.076261
Rapid_Override,100,2025-07-11 10:25:42.076261
Rapid_Speed,0,2025-07-11 10:25:42.076261
S_Axis_Load,7,2025-07-11 10:25:42.076261
Spindle_Override,100,2025-07-11 10:25:42.076261
Spindle_Speed,9010.26512583687,2025-07-11 10:25:42.076261
X_Axis_Load,6,2025-07-11 10:25:42.076261
X_Position,418.073801431166,2025-07-11 10:25:42.076261
Y_Axis_Load,4,2025-07-11 10:25:42.076261
Y_Position,217.838008715715,2025-07-11 10:25:42.076261
Z_Axis_Load,30,2025-07-11 10:25:42.076261
Z_Position,-335.42801975701,2025-07-11 10:25:42.076261
COR_Status,1,2025-07-11 10:25:42.076261
Controller_Mode,AUTO,2025-07-11 10:25:42.076261
EStop_State,ARMED,2025-07-11 10:25:42.076261
Machine_Mode,5,2025-07-11 10:25:42.076261
Block_Number,279,2025-07-11 10:25:42.076261
Current_Tool,21,2025-07-11 10:25:42.076261
Part_Count,3,2025-07-11 10:25:42.076261
Program_Name_Running,000454_D_A_PROGRAM_2.NC,2025-07-11 10:25:42.076261
spindle motor v_rms,0.2,2025-07-11 10:25:42.076261
spindle motor a_peak,6800,2025-07-11 10:25:42.076261
spindle motor a_rms,1900,2025-07-11 10:25:42.076261
spindle motor temp,25.0,2025-07-11 10:25:42.076261
spindle motor crest,3.5,2025-07-11 10:25:42.076261
z-axis bearing v_rms,0.1,2025-07-11 10:25:42.076261
z-axis bearing a_peak,2800,2025-07-11 10:25:42.076261
z-axis bearing a_rms,300,2025-07-11 10:25:42.076261
z-axis bearing temp,22.5,2025-07-11 10:25:42.076261
z-axis bearing crest,9.2,2025-07-11 10:25:42.076261
z-axis motor v_rms,0.6,2025-07-11 10:25:42.076261
z-axis motor a_peak,6600,2025-07-11 10:25:42.076261
z-axis motor a_rms,700,2025-07-11 10:25:42.076261
z-axis motor temp,25.5,2025-07-11 10:25:42.076261
z-axis motor crest,9.7,2025-07-11 10:25:42.076261
y-axis bearing v_rms,0.1,2025-07-11 10:25:42.076261
y-axis bearing a_peak,300,2025-07-11 10:25:42.076261
y-axis bearing a_rms,100,2025-07-11 10:25:42.076261
y-axis bearing temp,21.4,2025-07-11 10:25:42.076261
y-axis bearing crest,3.9,2025-07-11 10:25:42.076261
y-axis motor v_rms,0.2,2025-07-11 10:25:42.076261
y-axis motor a_peak,1500,2025-07-11 10:25:42.076261
y-axis motor a_rms,500,2025-07-11 10:25:42.076261
y-axis motor temp,24.3,2025-07-11 10:25:42.076261
y-axis motor crest,3.2,2025-07-11 10:25:42.076261
x-axis motor v_rms,0.2,2025-07-11 10:25:42.076261
x-axis motor a_peak,400,2025-07-11 10:25:42.076261
x-axis motor a_rms,100,2025-07-11 10:25:42.076261
x-axis motor temp,21.1,2025-07-11 10:25:42.076261
x-axis motor crest,3.3,2025-07-11 10:25:42.076261
voltage,129.5,2025-07-11 10:25:42.076261
current,48.153333333333336,2025-07-11 10:25:42.076261
active power,5791.666666666667,2025-07-11 10:25:42.076261
forward kWh,16.291999999999998,2025-07-11 10:25:42.076261
reverse kWh,0.3626666666666667,2025-07-11 10:25:42.076261
frequency,59.97,2025-07-11 10:25:42.076261
power factor,0.93,2025-07-11 10:25:42.076261
featureId,NONE,2025-07-11 10:25:43.076412
partKindId,EDB34637-67D8-465A-AFBA-010AD86D34F6,2025-07-11 10:25:43.076412
processKindId,DE045126-2C5E-4E72-8491-E202079EAC7C,2025-07-11 10:25:43.076412
A_Axis_Load,16,2025-07-11 10:25:43.076412
A_Position,0.000167897837982586,2025-07-11 10:25:43.076412
C_Axis_Load,45,2025-07-11 10:25:43.076412
C_Position,30.0005,2025-07-11 10:25:43.076412
Machine_Time,2590850.753,2025-07-11 10:25:43.076412
Spindle_Time,690508.343999999,2025-07-11 10:25:43.076412
Feed_Override,100,2025-07-11 10:25:43.076412
Feed_Rate,25.33333,2025-07-11 10:25:43.076412
Program_Runtime_Seconds,15,2025-07-11 10:25:43.076412
Rapid_Override,100,2025-07-11 10:25:43.076412
Rapid_Speed,0,2025-07-11 10:25:43.076412
S_Axis_Load,5,2025-07-11 10:25:43.076412
Spindle_Override,100,2025-07-11 10:25:43.076412
Spindle_Speed,10000,2025-07-11 10:25:43.076412
X_Axis_Load,11,2025-07-11 10:25:43.076412
X_Position,419.608039143664,2025-07-11 10:25:43.076412
Y_Axis_Load,3,2025-07-11 10:25:43.076412
Y_Position,210.825818346266,2025-07-11 10:25:43.076412
Z_Axis_Load,30,2025-07-11 10:25:43.076412
Z_Position,-338.475913179121,2025-07-11 10:25:43.076412
COR_Status,1,2025-07-11 10:25:43.076412
Controller_Mode,AUTO,2025-07-11 10:25:43.076412
EStop_State,ARMED,2025-07-11 10:25:43.076412
Machine_Mode,5,2025-07-11 10:25:43.076412
Block_Number,285,2025-07-11 10:25:43.076412
Current_Tool,21,2025-07-11 10:25:43.076412
Part_Count,3,2025-07-11 10:25:43.076412
Program_Name_Running,000454_D_A_PROGRAM_2.NC,2025-07-11 10:25:43.076412
spindle motor v_rms,0.5,2025-07-11 10:25:43.076412
spindle motor a_peak,7300,2025-07-11 10:25:43.076412
spindle motor a_rms,2000,2025-07-11 10:25:43.076412
spindle motor temp,25.0,2025-07-11 10:25:43.076412
spindle motor crest,3.7,2025-07-11 10:25:43.076412
z-axis bearing v_rms,0.2,2025-07-11 10:25:43.076412
z-axis bearing a_peak,1500,2025-07-11 10:25:43.076412
z-axis bearing a_rms,400,2025-07-11 10:25:43.076412
z-axis bearing temp,22.5,2025-07-11 10:25:43.076412
z-axis bearing crest,3.6,2025-07-11 10:25:43.076412
z-axis motor v_rms,1.6,2025-07-11 10:25:43.076412
z-axis motor a_peak,2900,2025-07-11 10:25:43.076412
z-axis motor a_rms,1600,2025-07-11 10:25:43.076412
z-axis motor temp,25.5,2025-07-11 10:25:43.076412
z-axis motor crest,1.8,2025-07-11 10:25:43.076412
y-axis bearing v_rms,0.1,2025-07-11 10:25:43.076412
y-axis bearing a_peak,600,2025-07-11 10:25:43.076412
y-axis bearing a_rms,200,2025-07-11 10:25:43.076412
y-axis bearing temp,21.4,2025-07-11 10:25:43.076412
y-axis bearing crest,3.6,2025-07-11 10:25:43.076412
y-axis motor v_rms,0.7,2025-07-11 10:25:43.076412
y-axis motor a_peak,4700,2025-07-11 10:25:43.076412
y-axis motor a_rms,1800,2025-07-11 10:25:43.076412
y-axis motor temp,24.3,2025-07-11 10:25:43.076412
y-axis motor crest,2.6,2025-07-11 10:25:43.076412
x-axis motor v_rms,0.1,2025-07-11 10:25:43.076412
x-axis motor a_peak,700,2025-07-11 10:25:43.076412
x-axis motor a_rms,200,2025-07-11 10:25:43.076412
x-axis motor temp,21.1,2025-07-11 10:25:43.076412
x-axis motor crest,3.0,2025-07-11 10:25:43.076412
voltage,130.03333333333333,2025-07-11 10:25:43.076412
current,40.72,2025-07-11 10:25:43.076412
active power,4895.333333333333,2025-07-11 10:25:43.076412
forward kWh,16.293333333333333,2025-07-11 10:25:43.076412
reverse kWh,0.3626666666666667,2025-07-11 10:25:43.076412
frequency,59.97,2025-07-11 10:25:43.076412
power factor,0.9233333333333333,2025-07-11 10:25:43.076412
featureId,NONE,2025-07-11 10:25:44.076758
partKindId,EDB34637-67D8-465A-AFBA-010AD86D34F6,2025-07-11 10:25:44.076758
processKindId,DE045126-2C5E-4E72-8491-E202079EAC7C,2025-07-11 10:25:44.076758
A_Axis_Load,16,2025-07-11 10:25:44.076758
A_Position,0.000167897837982586,2025-07-11 10:25:44.076758
C_Axis_Load,45,2025-07-11 10:25:44.076758
C_Position,30.0005,2025-07-11 10:25:44.076758
Machine_Time,2590850.753,2025-07-11 10:25:44.076758
Spindle_Time,690508.343999999,2025-07-11 10:25:44.076758
Feed_Override,100,2025-07-11 10:25:44.076758
Feed_Rate,9.983333,2025-07-11 10:25:44.076758
Program_Runtime_Seconds,16,2025-07-11 10:25:44.076758
Rapid_Override,100,2025-07-11 10:25:44.076758
Rapid_Speed,0,2025-07-11 10:25:44.076758
S_Axis_Load,0,2025-07-11 10:25:44.076758
Spindle_Override,100,2025-07-11 10:25:44.076758
Spindle_Speed,10000,2025-07-11 10:25:44.076758
X_Axis_Load,6,2025-07-11 10:25:44.076758
X_Position,412.274813991315,2025-07-11 10:25:44.076758
Y_Axis_Load,6,2025-07-11 10:25:44.076758
Y_Position,215.036890440924,2025-07-11 10:25:44.076758
Z_Axis_Load,40,2025-07-11 10:25:44.076758
Z_Position,-335.427910160531,2025-07-11 10:25:44.076758
COR_Status,1,2025-07-11 10:25:44.076758
Controller_Mode,AUTO,2025-07-11 10:25:44.076758
EStop_State,ARMED,2025-07-11 10:25:44.076758
Machine_Mode,5,2025-07-11 10:25:44.076758
Block_Number,289,2025-07-11 10:25:44.076758
Current_Tool,21,2025-07-11 10:25:44.076758
Part_Count,3,2025-07-11 10:25:44.076758
Program_Name_Running,000454_D_A_PROGRAM_2.NC,2025-07-11 10:25:44.076758
spindle motor v_rms,0.5,2025-07-11 10:25:44.076758
spindle motor a_peak,3500,2025-07-11 10:25:44.076758
spindle motor a_rms,1000,2025-07-11 10:25:44.076758
spindle motor temp,25.0,2025-07-11 10:25:44.076758
spindle motor crest,3.6,2025-07-11 10:25:44.076758
z-axis bearing v_rms,0.2,2025-07-11 10:25:44.076758
z-axis bearing a_peak,3900,2025-07-11 10:25:44.076758
z-axis bearing a_rms,400,2025-07-11 10:25:44.076758
z-axis bearing temp,22.5,2025-07-11 10:25:44.076758
z-axis bearing crest,10.0,2025-07-11 10:25:44.076758
z-axis motor v_rms,1.7,2025-07-11 10:25:44.076758
z-axis motor a_peak,6400,2025-07-11 10:25:44.076758
z-axis motor a_rms,2000,2025-07-11 10:25:44.076758
z-axis motor temp,25.5,2025-07-11 10:25:44.076758
z-axis motor crest,3.3,2025-07-11 10:25:44.076758
y-axis bearing v_rms,0.1,2025-07-11 10:25:44.076758
y-axis bearing a_peak,1600,2025-07-11 10:25:44.076758
y-axis bearing a_rms,300,2025-07-11 10:25:44.076758
y-axis bearing temp,21.4,2025-07-11 10:25:44.076758
y-axis bearing crest,5.7,2025-07-11 10:25:44.076758
y-axis motor v_rms,0.4,2025-07-11 10:25:44.076758
y-axis motor a_peak,3100,2025-07-11 10:25:44.076758
y-axis motor a_rms,1100,2025-07-11 10:25:44.076758
y-axis motor temp,24.3,2025-07-11 10:25:44.076758
y-axis motor crest,2.9,2025-07-11 10:25:44.076758
x-axis motor v_rms,0.1,2025-07-11 10:25:44.076758
x-axis motor a_peak,1200,2025-07-11 10:25:44.076758
x-axis motor a_rms,200,2025-07-11 10:25:44.076758
x-axis motor temp,21.1,2025-07-11 10:25:44.076758
x-axis motor crest,5.8,2025-07-11 10:25:44.076758
voltage,130.36666666666667,2025-07-11 10:25:44.076758
current,35.376666666666665,2025-07-11 10:25:44.076758
active power,4175.333333333333,2025-07-11 10:25:44.076758
forward kWh,16.29433333333333,2025-07-11 10:25:44.076758
reverse kWh,0.3626666666666667,2025-07-11 10:25:44.076758
frequency,59.97,2025-07-11 10:25:44.076758
power factor,0.8433333333333333,2025-07-11 10:25:44.076758
featureId,NONE,2025-07-11 10:25:45.077047
partKindId,EDB34637-67D8-465A-AFBA-010AD86D34F6,2025-07-11 10:25:45.077047
processKindId,DE045126-2C5E-4E72-8491-E202079EAC7C,2025-07-11 10:25:45.077047
A_Axis_Load,16,2025-07-11 10:25:45.077047
A_Position,0.000167897837982586,2025-07-11 10:25:45.077047
C_Axis_Load,45,2025-07-11 10:25:45.077047
C_Position,30.0005,2025-07-11 10:25:45.077047
Machine_Time,2590850.753,2025-07-11 10:25:45.077047
Spindle_Time,690508.343999999,2025-07-11 10:25:45.077047
Feed_Override,100,2025-07-11 10:25:45.077047
Feed_Rate,25.33333,2025-07-11 10:25:45.077047
Program_Runtime_Seconds,17,2025-07-11 10:25:45.077047
Rapid_Override,100,2025-07-11 10:25:45.077047
Rapid_Speed,0,2025-07-11 10:25:45.077047
S_Axis_Load,0,2025-07-11 10:25:45.077047
Spindle_Override,100,2025-07-11 10:25:45.077047
Spindle_Speed,10000,2025-07-11 10:25:45.077047
X_Axis_Load,10,2025-07-11 10:25:45.077047
X_Position,339.130038521438,2025-07-11 10:25:45.077047
Y_Axis_Load,5,2025-07-11 10:25:45.077047
Y_Position,212.206654706065,2025-07-11 10:25:45.077047
Z_Axis_Load,31,2025-07-11 10:25:45.077047
Z_Position,-338.47593606464,2025-07-11 10:25:45.077047
COR_Status,1,2025-07-11 10:25:45.077047
Controller_Mode,AUTO,2025-07-11 10:25:45.077047
EStop_State,ARMED,2025-07-11 10:25:45.077047
Machine_Mode,5,2025-07-11 10:25:45.077047
Block_Number,297,2025-07-11 10:25:45.077047
Current_Tool,21,2025-07-11 10:25:45.077047
Part_Count,3,2025-07-11 10:25:45.077047
Program_Name_Running,000454_D_A_PROGRAM_2.NC,2025-07-11 10:25:45.077047
spindle motor v_rms,0.5,2025-07-11 10:25:45.077047
spindle motor a_peak,3500,2025-07-11 10:25:45.077047
spindle motor a_rms,1000,2025-07-11 10:25:45.077047
spindle motor temp,25.0,2025-07-11 10:25:45.077047
spindle motor crest,3.6,2025-07-11 10:25:45.077047
z-axis bearing v_rms,0.2,2025-07-11 10:25:45.077047
z-axis bearing a_peak,1000,2025-07-11 10:25:45.077047
z-axis bearing a_rms,300,2025-07-11 10:25:45.077047
z-axis bearing temp,22.5,2025-07-11 10:25:45.077047
z-axis bearing crest,3.5,2025-07-11 10:25:45.077047
z-axis motor v_rms,1.7,2025-07-11 10:25:45.077047
z-axis motor a_peak,2900,2025-07-11 10:25:45.077047
z-axis motor a_rms,1800,2025-07-11 10:25:45.077047
z-axis motor temp,25.5,2025-07-11 10:25:45.077047
z-axis motor crest,1.7,2025-07-11 10:25:45.077047
y-axis bearing v_rms,0.1,2025-07-11 10:25:45.077047
y-axis bearing a_peak,500,2025-07-11 10:25:45.077047
y-axis bearing a_rms,200,2025-07-11 10:25:45.077047
y-axis bearing temp,21.4,2025-07-11 10:25:45.077047
y-axis bearing crest,3.4,2025-07-11 10:25:45.077047
y-axis motor v_rms,0.4,2025-07-11 10:25:45.077047
y-axis motor a_peak,4100,2025-07-11 10:25:45.077047
y-axis motor a_rms,1200,2025-07-11 10:25:45.077047
y-axis motor temp,24.3,2025-07-11 10:25:45.077047
y-axis motor crest,3.5,2025-07-11 10:25:45.077047
x-axis motor v_rms,0.1,2025-07-11 10:25:45.077047
x-axis motor a_peak,800,2025-07-11 10:25:45.077047
x-axis motor a_rms,200,2025-07-11 10:25:45.077047
x-axis motor temp,21.1,2025-07-11 10:25:45.077047
x-axis motor crest,3.5,2025-07-11 10:25:45.077047
voltage,132.0,2025-07-11 10:25:45.077047
current,9.783333333333333,2025-07-11 10:25:45.077047
active power,1115.0,2025-07-11 10:25:45.077047
forward kWh,16.294666666666668,2025-07-11 10:25:45.077047
reverse kWh,0.3626666666666667,2025-07-11 10:25:45.077047
frequency,59.96,2025-07-11 10:25:45.077047
power factor,0.94,2025-07-11 10:25:45.077047
featureId,NONE,2025-07-11 10:25:46.077335
partKindId,EDB34637-67D8-465A-AFBA-010AD86D34F6,2025-07-11 10:25:46.077335
processKindId,DE045126-2C5E-4E72-8491-E202079EAC7C,2025-07-11 10:25:46.077335
A_Axis_Load,16,2025-07-11 10:25:46.077335
A_Position,0.000167897837982586,2025-07-11 10:25:46.077335
C_Axis_Load,45,2025-07-11 10:25:46.077335
C_Position,30.0005,2025-07-11 10:25:46.077335
Machine_Time,2590850.753,2025-07-11 10:25:46.077335
Spindle_Time,690508.343999999,2025-07-11 10:25:46.077335
Feed_Override,100,2025-07-11 10:25:46.077335
Feed_Rate,16.68333,2025-07-11 10:25:46.077335
Program_Runtime_Seconds,19,2025-07-11 10:25:46.077335
Rapid_Override,100,2025-07-11 10:25:46.077335
Rapid_Speed,0,2025-07-11 10:25:46.077335
S_Axis_Load,0,2025-07-11 10:25:46.077335
Spindle_Override,100,2025-07-11 10:25:46.077335
Spindle_Speed,10000,2025-07-11 10:25:46.077335
X_Axis_Load,6,2025-07-11 10:25:46.077335
X_Position,339.440538043117,2025-07-11 10:25:46.077335
Y_Axis_Load,7,2025-07-11 10:25:46.077335
Y_Position,214.911885742602,2025-07-11 10:25:46.077335
Z_Axis_Load,34,2025-07-11 10:25:46.077335
Z_Position,-338.476016163956,2025-07-11 10:25:46.077335
COR_Status,1,2025-07-11 10:25:46.077335
Controller_Mode,AUTO,2025-07-11 10:25:46.077335
EStop_State,ARMED,2025-07-11 10:25:46.077335
Machine_Mode,5,2025-07-11 10:25:46.077335
Block_Number,301,2025-07-11 10:25:46.077335
Current_Tool,21,2025-07-11 10:25:46.077335
Part_Count,3,2025-07-11 10:25:46.077335
Program_Name_Running,000454_D_A_PROGRAM_2.NC,2025-07-11 10:25:46.077335
spindle motor v_rms,0.4,2025-07-11 10:25:46.077335
spindle motor a_peak,3600,2025-07-11 10:25:46.077335
spindle motor a_rms,1000,2025-07-11 10:25:46.077335
spindle motor temp,25.0,2025-07-11 10:25:46.077335
spindle motor crest,3.7,2025-07-11 10:25:46.077335
z-axis bearing v_rms,0.2,2025-07-11 10:25:46.077335
z-axis bearing a_peak,2300,2025-07-11 10:25:46.077335
z-axis bearing a_rms,300,2025-07-11 10:25:46.077335
z-axis bearing temp,22.5,2025-07-11 10:25:46.077335
z-axis bearing crest,7.6,2025-07-11 10:25:46.077335
z-axis motor v_rms,1.7,2025-07-11 10:25:46.077335
z-axis motor a_peak,6400,2025-07-11 10:25:46.077335
z-axis motor a_rms,2000,2025-07-11 10:25:46.077335
z-axis motor temp,25.5,2025-07-11 10:25:46.077335
z-axis motor crest,3.2,2025-07-11 10:25:46.077335
y-axis bearing v_rms,0.1,2025-07-11 10:25:46.077335
y-axis bearing a_peak,1400,2025-07-11 10:25:46.077335
y-axis bearing a_rms,200,2025-07-11 10:25:46.077335
y-axis bearing temp,21.4,2025-07-11 10:25:46.077335
y-axis bearing crest,7.9,2025-07-11 10:25:46.077335
y-axis motor v_rms,0.4,2025-07-11 10:25:46.077335
y-axis motor a_peak,19800,2025-07-11 10:25:46.077335
y-axis motor a_rms,2700,2025-07-11 10:25:46.077335
y-axis motor temp,24.3,2025-07-11 10:25:46.077335
y-axis motor crest,7.3,2025-07-11 10:25:46.077335
x-axis motor v_rms,0.4,2025-07-11 10:25:46.077335
x-axis motor a_peak,700,2025-07-11 10:25:46.077335
x-axis motor a_rms,100,2025-07-11 10:25:46.077335
x-axis motor temp,21.1,2025-07-11 10:25:46.077335
x-axis motor crest,6.0,2025-07-11 10:25:46.077335
voltage,132.1,2025-07-11 10:25:46.077335
current,8.69,2025-07-11 10:25:46.077335
active power,1015.3333333333334,2025-07-11 10:25:46.077335
forward kWh,16.294666666666668,2025-07-11 10:25:46.077335
reverse kWh,0.3626666666666667,2025-07-11 10:25:46.077335
frequency,59.96,2025-07-11 10:25:46.077335
power factor,0.8833333333333333,2025-07-11 10:25:46.077335
featureId,NONE,2025-07-11 10:25:47.077484
partKindId,EDB34637-67D8-465A-AFBA-010AD86D34F6,2025-07-11 10:25:47.077484
processKindId,DE045126-2C5E-4E72-8491-E202079EAC7C,2025-07-11 10:25:47.077484
A_Axis_Load,16,2025-07-11 10:25:47.077484
A_Position,0.000167897837982586,2025-07-11 10:25:47.077484
C_Axis_Load,45,2025-07-11 10:25:47.077484
C_Position,30.0005,2025-07-11 10:25:47.077484
Machine_Time,2590850.753,2025-07-11 10:25:47.077484
Spindle_Time,690508.343999999,2025-07-11 10:25:47.077484
Feed_Override,100,2025-07-11 10:25:47.077484
Feed_Rate,24.46667,2025-07-11 10:25:47.077484
Program_Runtime_Seconds,19,2025-07-11 10:25:47.077484
Rapid_Override,100,2025-07-11 10:25:47.077484
Rapid_Speed,0,2025-07-11 10:25:47.077484
S_Axis_Load,1,2025-07-11 10:25:47.077484
Spindle_Override,100,2025-07-11 10:25:47.077484
Spindle_Speed,10000,2025-07-11 10:25:47.077484
X_Axis_Load,5,2025-07-11 10:25:47.077484
X_Position,358.094792221892,2025-07-11 10:25:47.077484
Y_Axis_Load,9,2025-07-11 10:25:47.077484
Y_Position,254.849681889266,2025-07-11 10:25:47.077484
Z_Axis_Load,30,2025-07-11 10:25:47.077484
Z_Position,-338.476233576387,2025-07-11 10:25:47.077484
COR_Status,1,2025-07-11 10:25:47.077484
Controller_Mode,AUTO,2025-07-11 10:25:47.077484
EStop_State,ARMED,2025-07-11 10:25:47.077484
Machine_Mode,5,2025-07-11 10:25:47.077484
Block_Number,308,2025-07-11 10:25:47.077484
Current_Tool,21,2025-07-11 10:25:47.077484
Part_Count,3,2025-07-11 10:25:47.077484
Program_Name_Running,000454_D_A_PROGRAM_2.NC,2025-07-11 10:25:47.077484
spindle motor v_rms,0.5,2025-07-11 10:25:47.077484
spindle motor a_peak,3600,2025-07-11 10:25:47.077484
spindle motor a_rms,1000,2025-07-11 10:25:47.077484
spindle motor temp,25.0,2025-07-11 10:25:47.077484
spindle motor crest,3.7,2025-07-11 10:25:47.077484
z-axis bearing v_rms,0.2,2025-07-11 10:25:47.077484
z-axis bearing a_peak,1500,2025-07-11 10:25:47.077484
z-axis bearing a_rms,300,2025-07-11 10:25:47.077484
z-axis bearing temp,22.5,2025-07-11 10:25:47.077484
z-axis bearing crest,4.8,2025-07-11 10:25:47.077484
z-axis motor v_rms,1.7,2025-07-11 10:25:47.077484
z-axis motor a_peak,3100,2025-07-11 10:25:47.077484
z-axis motor a_rms,1800,2025-07-11 10:25:47.077484
z-axis motor temp,25.5,2025-07-11 10:25:47.077484
z-axis motor crest,1.7,2025-07-11 10:25:47.077484
y-axis bearing v_rms,0.1,2025-07-11 10:25:47.077484
y-axis bearing a_peak,600,2025-07-11 10:25:47.077484
y-axis bearing a_rms,200,2025-07-11 10:25:47.077484
y-axis bearing temp,21.4,2025-07-11 10:25:47.077484
y-axis bearing crest,3.6,2025-07-11 10:25:47.077484
y-axis motor v_rms,0.4,2025-07-11 10:25:47.077484
y-axis motor a_peak,5100,2025-07-11 10:25:47.077484
y-axis motor a_rms,1200,2025-07-11 10:25:47.077484
y-axis motor temp,24.3,2025-07-11 10:25:47.077484
y-axis motor crest,4.3,2025-07-11 10:25:47.077484
x-axis motor v_rms,0.2,2025-07-11 10:25:47.077484
x-axis motor a_peak,1000,2025-07-11 10:25:47.077484
x-axis motor a_rms,200,2025-07-11 10:25:47.077484
x-axis motor temp,21.1,2025-07-11 10:25:47.077484
x-axis motor crest,4.0,2025-07-11 10:25:47.077484
voltage,132.1,2025-07-11 10:25:47.077484
current,8.93,2025-07-11 10:25:47.077484
active power,1039.6666666666667,2025-07-11 10:25:47.077484
forward kWh,16.295,2025-07-11 10:25:47.077484
reverse kWh,0.3626666666666667,2025-07-11 10:25:47.077484
frequency,59.96,2025-07-11 10:25:47.077484
power factor,0.8966666666666666,2025-07-11 10:25:47.077484
featureId,NONE,2025-07-11 10:25:48.077787
partKindId,EDB34637-67D8-465A-AFBA-010AD86D34F6,2025-07-11 10:25:48.077787
processKindId,DE045126-2C5E-4E72-8491-E202079EAC7C,2025-07-11 10:25:48.077787
A_Axis_Load,16,2025-07-11 10:25:48.077787
A_Position,0.000167897837982586,2025-07-11 10:25:48.077787
C_Axis_Load,45,2025-07-11 10:25:48.077787
C_Position,30.0005,2025-07-11 10:25:48.077787
Machine_Time,2590850.753,2025-07-11 10:25:48.077787
Spindle_Time,690508.343999999,2025-07-11 10:25:48.077787
Feed_Override,100,2025-07-11 10:25:48.077787
Feed_Rate,25.35,2025-07-11 10:25:48.077787
Program_Runtime_Seconds,21,2025-07-11 10:25:48.077787
Rapid_Override,100,2025-07-11 10:25:48.077787
Rapid_Speed,0,2025-07-11 10:25:48.077787
S_Axis_Load,0,2025-07-11 10:25:48.077787
Spindle_Override,100,2025-07-11 10:25:48.077787
Spindle_Speed,10000,2025-07-11 10:25:48.077787
X_Axis_Load,6,2025-07-11 10:25:48.077787
X_Position,358.597293638062,2025-07-11 10:25:48.077787
Y_Axis_Load,9,2025-07-11 10:25:48.077787
Y_Position,255.734736144955,2025-07-11 10:25:48.077787
Z_Axis_Load,31,2025-07-11 10:25:48.077787
Z_Position,-338.476107706032,2025-07-11 10:25:48.077787
COR_Status,1,2025-07-11 10:25:48.077787
Controller_Mode,AUTO,2025-07-11 10:25:48.077787
EStop_State,ARMED,2025-07-11 10:25:48.077787
Machine_Mode,5,2025-07-11 10:25:48.077787
Block_Number,311,2025-07-11 10:25:48.077787
Current_Tool,21,2025-07-11 10:25:48.077787
Part_Count,3,2025-07-11 10:25:48.077787
Program_Name_Running,000454_D_A_PROGRAM_2.NC,2025-07-11 10:25:48.077787
spindle motor v_rms,0.4,2025-07-11 10:25:48.077787
spindle motor a_peak,3500,2025-07-11 10:25:48.077787
spindle motor a_rms,1000,2025-07-11 10:25:48.077787
spindle motor temp,25.0,2025-07-11 10:25:48.077787
spindle motor crest,3.5,2025-07-11 10:25:48.077787
z-axis bearing v_rms,0.2,2025-07-11 10:25:48.077787
z-axis bearing a_peak,2000,2025-07-11 10:25:48.077787
z-axis bearing a_rms,300,2025-07-11 10:25:48.077787
z-axis bearing temp,22.5,2025-07-11 10:25:48.077787
z-axis bearing crest,5.9,2025-07-11 10:25:48.077787
z-axis motor v_rms,1.8,2025-07-11 10:25:48.077787
z-axis motor a_peak,5500,2025-07-11 10:25:48.077787
z-axis motor a_rms,1900,2025-07-11 10:25:48.077787
z-axis motor temp,25.5,2025-07-11 10:25:48.077787
z-axis motor crest,2.9,2025-07-11 10:25:48.077787
y-axis bearing v_rms,0.1,2025-07-11 10:25:48.077787
y-axis bearing a_peak,600,2025-07-11 10:25:48.077787
y-axis bearing a_rms,200,2025-07-11 10:25:48.077787
y-axis bearing temp,21.4,2025-07-11 10:25:48.077787
y-axis bearing crest,3.6,2025-07-11 10:25:48.077787
y-axis motor v_rms,0.4,2025-07-11 10:25:48.077787
y-axis motor a_peak,4200,2025-07-11 10:25:48.077787
y-axis motor a_rms,1200,2025-07-11 10:25:48.077787
y-axis motor temp,24.3,2025-07-11 10:25:48.077787
y-axis motor crest,3.6,2025-07-11 10:25:48.077787
x-axis motor v_rms,0.4,2025-07-11 10:25:48.077787
x-axis motor a_peak,700,2025-07-11 10:25:48.077787
x-axis motor a_rms,100,2025-07-11 10:25:48.077787
x-axis motor temp,21.1,2025-07-11 10:25:48.077787
x-axis motor crest,6.0,2025-07-11 10:25:48.077787
voltage,132.1,2025-07-11 10:25:48.077787
current,8.613333333333333,2025-07-11 10:25:48.077787
active power,1006.3333333333334,2025-07-11 10:25:48.077787
forward kWh,16.295,2025-07-11 10:25:48.077787
reverse kWh,0.3626666666666667,2025-07-11 10:25:48.077787
frequency,59.96,2025-07-11 10:25:48.077787
power factor,0.88,2025-07-11 10:25:48.077787
featureId,NONE,2025-07-11 10:25:49.078073
partKindId,EDB34637-67D8-465A-AFBA-010AD86D34F6,2025-07-11 10:25:49.078073
processKindId,DE045126-2C5E-4E72-8491-E202079EAC7C,2025-07-11 10:25:49.078073
A_Axis_Load,16,2025-07-11 10:25:49.078073
A_Position,0.000167897837982586,2025-07-11 10:25:49.078073
C_Axis_Load,45,2025-07-11 10:25:49.078073
C_Position,30.0005,2025-07-11 10:25:49.078073
Machine_Time,2590850.753,2025-07-11 10:25:49.078073
Spindle_Time,690508.343999999,2025-07-11 10:25:49.078073
Feed_Override,100,2025-07-11 10:25:49.078073
Feed_Rate,67.83333,2025-07-11 10:25:49.078073
Program_Runtime_Seconds,21,2025-07-11 10:25:49.078073
Rapid_Override,100,2025-07-11 10:25:49.078073
Rapid_Speed,0,2025-07-11 10:25:49.078073
S_Axis_Load,1,2025-07-11 10:25:49.078073
Spindle_Override,100,2025-07-11 10:25:49.078073
Spindle_Speed,10000,2025-07-11 10:25:49.078073
X_Axis_Load,6,2025-07-11 10:25:49.078073
X_Position,342.07441629287,2025-07-11 10:25:49.078073
Y_Axis_Load,7,2025-07-11 10:25:49.078073
Y_Position,293.83752874967,2025-07-11 10:25:49.078073
Z_Axis_Load,29,2025-07-11 10:25:49.078073
Z_Position,-337.444691692409,2025-07-11 10:25:49.078073
COR_Status,1,2025-07-11 10:25:49.078073
Controller_Mode,AUTO,2025-07-11 10:25:49.078073
EStop_State,ARMED,2025-07-11 10:25:49.078073
Machine_Mode,5,2025-07-11 10:25:49.078073
Block_Number,318,2025-07-11 10:25:49.078073
Current_Tool,21,2025-07-11 10:25:49.078073
Part_Count,3,2025-07-11 10:25:49.078073
Program_Name_Running,000454_D_A_PROGRAM_2.NC,2025-07-11 10:25:49.078073
spindle motor v_rms,0.5,2025-07-11 10:25:49.078073
spindle motor a_peak,3200,2025-07-11 10:25:49.078073
spindle motor a_rms,1000,2025-07-11 10:25:49.078073
spindle motor temp,25.0,2025-07-11 10:25:49.078073
spindle motor crest,3.3,2025-07-11 10:25:49.078073
z-axis bearing v_rms,0.2,2025-07-11 10:25:49.078073
z-axis bearing a_peak,3000,2025-07-11 10:25:49.078073
z-axis bearing a_rms,300,2025-07-11 10:25:49.078073
z-axis bearing temp,22.5,2025-07-11 10:25:49.078073
z-axis bearing crest,9.1,2025-07-11 10:25:49.078073
z-axis motor v_rms,1.7,2025-07-11 10:25:49.078073
z-axis motor a_peak,9100,2025-07-11 10:25:49.078073
z-axis motor a_rms,1800,2025-07-11 10:25:49.078073
z-axis motor temp,25.5,2025-07-11 10:25:49.078073
z-axis motor crest,5.0,2025-07-11 10:25:49.078073
y-axis bearing v_rms,0.1,2025-07-11 10:25:49.078073
y-axis bearing a_peak,600,2025-07-11 10:25:49.078073
y-axis bearing a_rms,100,2025-07-11 10:25:49.078073
y-axis bearing temp,21.4,2025-07-11 10:25:49.078073
y-axis bearing crest,4.2,2025-07-11 10:25:49.078073
y-axis motor v_rms,0.4,2025-07-11 10:25:49.078073
y-axis motor a_peak,3700,2025-07-11 10:25:49.078073
y-axis motor a_rms,1100,2025-07-11 10:25:49.078073
y-axis motor temp,24.3,2025-07-11 10:25:49.078073
y-axis motor crest,3.4,2025-07-11 10:25:49.078073
x-axis motor v_rms,0.4,2025-07-11 10:25:49.078073
x-axis motor a_peak,500,2025-07-11 10:25:49.078073
x-axis motor a_rms,100,2025-07-11 10:25:49.078073
x-axis motor temp,21.1,2025-07-11 10:25:49.078073
x-axis motor crest,4.3,2025-07-11 10:25:49.078073
voltage,132.1,2025-07-11 10:25:49.078073
current,8.7,2025-07-11 10:25:49.078073
active power,1017.3333333333334,2025-07-11 10:25:49.078073
forward kWh,16.295333333333332,2025-07-11 10:25:49.078073
reverse kWh,0.3626666666666667,2025-07-11 10:25:49.078073
frequency,59.96,2025-07-11 10:25:49.078073
power factor,0.88,2025-07-11 10:25:49.078073
featureId,NONE,2025-07-11 10:25:50.078356
partKindId,EDB34637-67D8-465A-AFBA-010AD86D34F6,2025-07-11 10:25:50.078356
processKindId,DE045126-2C5E-4E72-8491-E202079EAC7C,2025-07-11 10:25:50.078356
A_Axis_Load,16,2025-07-11 10:25:50.078356
A_Position,0.000167897837982586,2025-07-11 10:25:50.078356
C_Axis_Load,45,2025-07-11 10:25:50.078356
C_Position,30.0005,2025-07-11 10:25:50.078356
Machine_Time,2590850.753,2025-07-11 10:25:50.078356
Spindle_Time,690508.343999999,2025-07-11 10:25:50.078356
Feed_Override,100,2025-07-11 10:25:50.078356
Feed_Rate,25.33333,2025-07-11 10:25:50.078356
Program_Runtime_Seconds,22,2025-07-11 10:25:50.078356
Rapid_Override,100,2025-07-11 10:25:50.078356
Rapid_Speed,0,2025-07-11 10:25:50.078356
S_Axis_Load,0,2025-07-11 10:25:50.078356
Spindle_Override,100,2025-07-11 10:25:50.078356
Spindle_Speed,10000,2025-07-11 10:25:50.078356
X_Axis_Load,10,2025-07-11 10:25:50.078356
X_Position,344.385178703739,2025-07-11 10:25:50.078356
Y_Axis_Load,6,2025-07-11 10:25:50.078356
Y_Position,294.634801951413,2025-07-11 10:25:50.078356
Z_Axis_Load,32,2025-07-11 10:25:50.078356
Z_Position,-338.475970392918,2025-07-11 10:25:50.078356
COR_Status,1,2025-07-11 10:25:50.078356
Controller_Mode,AUTO,2025-07-11 10:25:50.078356
EStop_State,ARMED,2025-07-11 10:25:50.078356
Machine_Mode,5,2025-07-11 10:25:50.078356
Block_Number,324,2025-07-11 10:25:50.078356
Current_Tool,21,2025-07-11 10:25:50.078356
Part_Count,3,2025-07-11 10:25:50.078356
Program_Name_Running,000454_D_A_PROGRAM_2.NC,2025-07-11 10:25:50.078356
spindle motor v_rms,0.4,2025-07-11 10:25:50.078356
spindle motor a_peak,3700,2025-07-11 10:25:50.078356
spindle motor a_rms,1000,2025-07-11 10:25:50.078356
spindle motor temp,25.0,2025-07-11 10:25:50.078356
spindle motor crest,3.8,2025-07-11 10:25:50.078356
z-axis bearing v_rms,0.1,2025-07-11 10:25:50.078356
z-axis bearing a_peak,1500,2025-07-11 10:25:50.078356
z-axis bearing a_rms,300,2025-07-11 10:25:50.078356
z-axis bearing temp,22.5,2025-07-11 10:25:50.078356
z-axis bearing crest,4.5,2025-07-11 10:25:50.078356
z-axis motor v_rms,1.8,2025-07-11 10:25:50.078356
z-axis motor a_peak,3100,2025-07-11 10:25:50.078356
z-axis motor a_rms,1800,2025-07-11 10:25:50.078356
z-axis motor temp,25.5,2025-07-11 10:25:50.078356
z-axis motor crest,1.7,2025-07-11 10:25:50.078356
y-axis bearing v_rms,0.1,2025-07-11 10:25:50.078356
y-axis bearing a_peak,600,2025-07-11 10:25:50.078356
y-axis bearing a_rms,200,2025-07-11 10:25:50.078356
y-axis bearing temp,21.4,2025-07-11 10:25:50.078356
y-axis bearing crest,3.2,2025-07-11 10:25:50.078356
y-axis motor v_rms,0.4,2025-07-11 10:25:50.078356
y-axis motor a_peak,5000,2025-07-11 10:25:50.078356
y-axis motor a_rms,1100,2025-07-11 10:25:50.078356
y-axis motor temp,24.3,2025-07-11 10:25:50.078356
y-axis motor crest,4.5,2025-07-11 10:25:50.078356
x-axis motor v_rms,0.4,2025-07-11 10:25:50.078356
x-axis motor a_peak,900,2025-07-11 10:25:50.078356
x-axis motor a_rms,200,2025-07-11 10:25:50.078356
x-axis motor temp,21.1,2025-07-11 10:25:50.078356
x-axis motor crest,4.2,2025-07-11 10:25:50.078356
voltage,132.1,2025-07-11 10:25:50.078356
current,8.553333333333335,2025-07-11 10:25:50.078356
active power,1001.0,2025-07-11 10:25:50.078356
forward kWh,16.296,2025-07-11 10:25:50.078356
reverse kWh,0.3626666666666667,2025-07-11 10:25:50.078356
frequency,59.96,2025-07-11 10:25:50.078356
power factor,0.8966666666666666,2025-07-11 10:25:50.078356
featureId,NONE,2025-07-11 10:25:51.078665
partKindId,EDB34637-67D8-465A-AFBA-010AD86D34F6,2025-07-11 10:25:51.078665
processKindId,DE045126-2C5E-4E72-8491-E202079EAC7C,2025-07-11 10:25:51.078665
A_Axis_Load,16,2025-07-11 10:25:51.078665
A_Position,0.000167897837982586,2025-07-11 10:25:51.078665
C_Axis_Load,45,2025-07-11 10:25:51.078665
C_Position,30.0005,2025-07-11 10:25:51.078665
Machine_Time,2590850.753,2025-07-11 10:25:51.078665
Spindle_Time,690508.343999999,2025-07-11 10:25:51.078665
Feed_Override,100,2025-07-11 10:25:51.078665
Feed_Rate,294.2667,2025-07-11 10:25:51.078665
Program_Runtime_Seconds,24,2025-07-11 10:25:51.078665
Rapid_Override,100,2025-07-11 10:25:51.078665
Rapid_Speed,0,2025-07-11 10:25:51.078665
S_Axis_Load,1,2025-07-11 10:25:51.078665
Spindle_Override,100,2025-07-11 10:25:51.078665
Spindle_Speed,10000,2025-07-11 10:25:51.078665
X_Axis_Load,75,2025-07-11 10:25:51.078665
X_Position,418.072405025554,2025-07-11 10:25:51.078665
Y_Axis_Load,3,2025-07-11 10:25:51.078665
Y_Position,293.83743719589,2025-07-11 10:25:51.078665
Z_Axis_Load,27,2025-07-11 10:25:51.078665
Z_Position,-335.657309771999,2025-07-11 10:25:51.078665
COR_Status,1,2025-07-11 10:25:51.078665
Controller_Mode,AUTO,2025-07-11 10:25:51.078665
EStop_State,ARMED,2025-07-11 10:25:51.078665
Machine_Mode,5,2025-07-11 10:25:51.078665
Block_Number,330,2025-07-11 10:25:51.078665
Current_Tool,21,2025-07-11 10:25:51.078665
Part_Count,3,2025-07-11 10:25:51.078665
Program_Name_Running,000454_D_A_PROGRAM_2.NC,2025-07-11 10:25:51.078665
spindle motor v_rms,0.4,2025-07-11 10:25:51.078665
spindle motor a_peak,3500,2025-07-11 10:25:51.078665
spindle motor a_rms,1000,2025-07-11 10:25:51.078665
spindle motor temp,25.0,2025-07-11 10:25:51.078665
spindle motor crest,3.6,2025-07-11 10:25:51.078665
z-axis bearing v_rms,0.2,2025-07-11 10:25:51.078665
z-axis bearing a_peak,1900,2025-07-11 10:25:51.078665
z-axis bearing a_rms,300,2025-07-11 10:25:51.078665
z-axis bearing temp,22.5,2025-07-11 10:25:51.078665
z-axis bearing crest,5.8,2025-07-11 10:25:51.078665
z-axis motor v_rms,1.8,2025-07-11 10:25:51.078665
z-axis motor a_peak,4700,2025-07-11 10:25:51.078665
z-axis motor a_rms,1900,2025-07-11 10:25:51.078665
z-axis motor temp,25.5,2025-07-11 10:25:51.078665
z-axis motor crest,2.5,2025-07-11 10:25:51.078665
y-axis bearing v_rms,0.1,2025-07-11 10:25:51.078665
y-axis bearing a_peak,1200,2025-07-11 10:25:51.078665
y-axis bearing a_rms,200,2025-07-11 10:25:51.078665
y-axis bearing temp,21.4,2025-07-11 10:25:51.078665
y-axis bearing crest,6.7,2025-07-11 10:25:51.078665
y-axis motor v_rms,0.4,2025-07-11 10:25:51.078665
y-axis motor a_peak,4100,2025-07-11 10:25:51.078665
y-axis motor a_rms,1000,2025-07-11 10:25:51.078665
y-axis motor temp,24.3,2025-07-11 10:25:51.078665
y-axis motor crest,3.9,2025-07-11 10:25:51.078665
x-axis motor v_rms,0.4,2025-07-11 10:25:51.078665
x-axis motor a_peak,600,2025-07-11 10:25:51.078665
x-axis motor a_rms,100,2025-07-11 10:25:51.078665
x-axis motor temp,21.1,2025-07-11 10:25:51.078665
x-axis motor crest,4.7,2025-07-11 10:25:51.078665
voltage,132.03333333333333,2025-07-11 10:25:51.078665
current,8.733333333333333,2025-07-11 10:25:51.078665
active power,1020.6666666666666,2025-07-11 10:25:51.078665
forward kWh,16.296333333333333,2025-07-11 10:25:51.078665
reverse kWh,0.3626666666666667,2025-07-11 10:25:51.078665
frequency,59.96,2025-07-11 10:25:51.078665
power factor,0.8933333333333334,2025-07-11 10:25:51.078665
featureId,NONE,2025-07-11 10:25:52.079008
partKindId,EDB34637-67D8-465A-AFBA-010AD86D34F6,2025-07-11 10:25:52.079008
processKindId,DE045126-2C5E-4E72-8491-E202079EAC7C,2025-07-11 10:25:52.079008
A_Axis_Load,16,2025-07-11 10:25:52.079008
A_Position,0.000167897837982586,2025-07-11 10:25:52.079008
C_Axis_Load,45,2025-07-11 10:25:52.079008
C_Position,30.0005,2025-07-11 10:25:52.079008
Machine_Time,2590850.753,2025-07-11 10:25:52.079008
Spindle_Time,690508.343999999,2025-07-11 10:25:52.079008
Feed_Override,100,2025-07-11 10:25:52.079008
Feed_Rate,25.33333,2025-07-11 10:25:52.079008
Program_Runtime_Seconds,25,2025-07-11 10:25:52.079008
Rapid_Override,100,2025-07-11 10:25:52.079008
Rapid_Speed,0,2025-07-11 10:25:52.079008
S_Axis_Load,1,2025-07-11 10:25:52.079008
Spindle_Override,100,2025-07-11 10:25:52.079008
Spindle_Speed,10000,2025-07-11 10:25:52.079008
X_Axis_Load,7,2025-07-11 10:25:52.079008
X_Position,421.457853078327,2025-07-11 10:25:52.079008
Y_Axis_Load,8,2025-07-11 10:25:52.079008
Y_Position,287.952680677438,2025-07-11 10:25:52.079008
Z_Axis_Load,31,2025-07-11 10:25:52.079008
Z_Position,-338.476096263273,2025-07-11 10:25:52.079008
COR_Status,1,2025-07-11 10:25:52.079008
Controller_Mode,AUTO,2025-07-11 10:25:52.079008
EStop_State,ARMED,2025-07-11 10:25:52.079008
Machine_Mode,5,2025-07-11 10:25:52.079008
Block_Number,337,2025-07-11 10:25:52.079008
Current_Tool,21,2025-07-11 10:25:52.079008
Part_Count,3,2025-07-11 10:25:52.079008
Program_Name_Running,000454_D_A_PROGRAM_2.NC,2025-07-11 10:25:52.079008
spindle motor v_rms,0.4,2025-07-11 10:25:52.079008
spindle motor a_peak,3500,2025-07-11 10:25:52.079008
spindle motor a_rms,1000,2025-07-11 10:25:52.079008
spindle motor temp,25.0,2025-07-11 10:25:52.079008
spindle motor crest,3.5,2025-07-11 10:25:52.079008
z-axis bearing v_rms,0.1,2025-07-11 10:25:52.079008
z-axis bearing a_peak,1200,2025-07-11 10:25:52.079008
z-axis bearing a_rms,300,2025-07-11 10:25:52.079008
z-axis bearing temp,22.5,2025-07-11 10:25:52.079008
z-axis bearing crest,3.9,2025-07-11 10:25:52.079008
z-axis motor v_rms,1.7,2025-07-11 10:25:52.079008
z-axis motor a_peak,3100,2025-07-11 10:25:52.079008
z-axis motor a_rms,1800,2025-07-11 10:25:52.079008
z-axis motor temp,25.5,2025-07-11 10:25:52.079008
z-axis motor crest,1.7,2025-07-11 10:25:52.079008
y-axis bearing v_rms,0.1,2025-07-11 10:25:52.079008
y-axis bearing a_peak,600,2025-07-11 10:25:52.079008
y-axis bearing a_rms,200,2025-07-11 10:25:52.079008
y-axis bearing temp,21.4,2025-07-11 10:25:52.079008
y-axis bearing crest,3.1,2025-07-11 10:25:52.079008
y-axis motor v_rms,0.4,2025-07-11 10:25:52.079008
y-axis motor a_peak,3300,2025-07-11 10:25:52.079008
y-axis motor a_rms,1100,2025-07-11 10:25:52.079008
y-axis motor temp,24.3,2025-07-11 10:25:52.079008
y-axis motor crest,2.9,2025-07-11 10:25:52.079008
x-axis motor v_rms,0.1,2025-07-11 10:25:52.079008
x-axis motor a_peak,800,2025-07-11 10:25:52.079008
x-axis motor a_rms,200,2025-07-11 10:25:52.079008
x-axis motor temp,21.1,2025-07-11 10:25:52.079008
x-axis motor crest,3.4,2025-07-11 10:25:52.079008
voltage,132.1,2025-07-11 10:25:52.079008
current,8.786666666666667,2025-07-11 10:25:52.079008
active power,1021.0,2025-07-11 10:25:52.079008
forward kWh,16.296666666666667,2025-07-11 10:25:52.079008
reverse kWh,0.3626666666666667,2025-07-11 10:25:52.079008
frequency,59.96,2025-07-11 10:25:52.079008
power factor,0.8633333333333333,2025-07-11 10:25:52.079008
featureId,NONE,2025-07-11 10:25:53.079280
partKindId,EDB34637-67D8-465A-AFBA-010AD86D34F6,2025-07-11 10:25:53.079280
processKindId,NONE,2025-07-11 10:25:53.079280
A_Axis_Load,16,2025-07-11 10:25:53.079280
A_Position,0.000167897837982586,2025-07-11 10:25:53.079280
C_Axis_Load,45,2025-07-11 10:25:53.079280
C_Position,30.0005,2025-07-11 10:25:53.079280
Machine_Time,2590850.753,2025-07-11 10:25:53.079280
Spindle_Time,690508.343999999,2025-07-11 10:25:53.079280
Feed_Override,100,2025-07-11 10:25:53.079280
Feed_Rate,1.616667,2025-07-11 10:25:53.079280
Program_Runtime_Seconds,26,2025-07-11 10:25:53.079280
Rapid_Override,100,2025-07-11 10:25:53.079280
Rapid_Speed,0,2025-07-11 10:25:53.079280
S_Axis_Load,0,2025-07-11 10:25:53.079280
Spindle_Override,100,2025-07-11 10:25:53.079280
Spindle_Speed,10000,2025-07-11 10:25:53.079280
X_Axis_Load,5,2025-07-11 10:25:53.079280
X_Position,415.439882853967,2025-07-11 10:25:53.079280
Y_Axis_Load,6,2025-07-11 10:25:53.079280
Y_Position,290.91117647532,2025-07-11 10:25:53.079280
Z_Axis_Load,34,2025-07-11 10:25:53.079280
Z_Position,-335.428230569163,2025-07-11 10:25:53.079280
COR_Status,1,2025-07-11 10:25:53.079280
Controller_Mode,AUTO,2025-07-11 10:25:53.079280
EStop_State,ARMED,2025-07-11 10:25:53.079280
Machine_Mode,5,2025-07-11 10:25:53.079280
Block_Number,342,2025-07-11 10:25:53.079280
Current_Tool,21,2025-07-11 10:25:53.079280
Part_Count,3,2025-07-11 10:25:53.079280
Program_Name_Running,000454_D_A_PROGRAM_2.NC,2025-07-11 10:25:53.079280
spindle motor v_rms,0.5,2025-07-11 10:25:53.079280
spindle motor a_peak,6200,2025-07-11 10:25:53.079280
spindle motor a_rms,1000,2025-07-11 10:25:53.079280
spindle motor temp,25.0,2025-07-11 10:25:53.079280
spindle motor crest,5.9,2025-07-11 10:25:53.079280
z-axis bearing v_rms,0.2,2025-07-11 10:25:53.079280
z-axis bearing a_peak,10100,2025-07-11 10:25:53.079280
z-axis bearing a_rms,800,2025-07-11 10:25:53.079280
z-axis bearing temp,22.5,2025-07-11 10:25:53.079280
z-axis bearing crest,11.9,2025-07-11 10:25:53.079280
z-axis motor v_rms,1.8,2025-07-11 10:25:53.079280
z-axis motor a_peak,56500,2025-07-11 10:25:53.079280
z-axis motor a_rms,7000,2025-07-11 10:25:53.079280
z-axis motor temp,25.5,2025-07-11 10:25:53.079280
z-axis motor crest,8.1,2025-07-11 10:25:53.079280
y-axis bearing v_rms,0.1,2025-07-11 10:25:53.079280
y-axis bearing a_peak,1000,2025-07-11 10:25:53.079280
y-axis bearing a_rms,200,2025-07-11 10:25:53.079280
y-axis bearing temp,21.4,2025-07-11 10:25:53.079280
y-axis bearing crest,6.6,2025-07-11 10:25:53.079280
y-axis motor v_rms,0.5,2025-07-11 10:25:53.079280
y-axis motor a_peak,3700,2025-07-11 10:25:53.079280
y-axis motor a_rms,1200,2025-07-11 10:25:53.079280
y-axis motor temp,24.3,2025-07-11 10:25:53.079280
y-axis motor crest,3.2,2025-07-11 10:25:53.079280
x-axis motor v_rms,0.1,2025-07-11 10:25:53.079280
x-axis motor a_peak,500,2025-07-11 10:25:53.079280
x-axis motor a_rms,100,2025-07-11 10:25:53.079280
x-axis motor temp,21.1,2025-07-11 10:25:53.079280
x-axis motor crest,4.7,2025-07-11 10:25:53.079280
voltage,132.1,2025-07-11 10:25:53.079280
current,8.756666666666668,2025-07-11 10:25:53.079280
active power,1022.3333333333334,2025-07-11 10:25:53.079280
forward kWh,16.296666666666667,2025-07-11 10:25:53.079280
reverse kWh,0.3626666666666667,2025-07-11 10:25:53.079280
frequency,59.96,2025-07-11 10:25:53.079280
power factor,0.88,2025-07-11 10:25:53.079280
featureId,NONE,2025-07-11 10:25:54.079472
partKindId,EDB34637-67D8-465A-AFBA-010AD86D34F6,2025-07-11 10:25:54.079472
processKindId,NONE,2025-07-11 10:25:54.079472
A_Axis_Load,16,2025-07-11 10:25:54.079472
A_Position,0.000167897837982586,2025-07-11 10:25:54.079472
C_Axis_Load,45,2025-07-11 10:25:54.079472
C_Position,30.0005,2025-07-11 10:25:54.079472
Machine_Time,2590850.753,2025-07-11 10:25:54.079472
Spindle_Time,690508.343999999,2025-07-11 10:25:54.079472
Feed_Override,100,2025-07-11 10:25:54.079472
Feed_Rate,633.3333,2025-07-11 10:25:54.079472
Program_Runtime_Seconds,26,2025-07-11 10:25:54.079472
Rapid_Override,100,2025-07-11 10:25:54.079472
Rapid_Speed,0,2025-07-11 10:25:54.079472
S_Axis_Load,6,2025-07-11 10:25:54.079472
Spindle_Override,100,2025-07-11 10:25:54.079472
Spindle_Speed,9066.50822467915,2025-07-11 10:25:54.079472
X_Axis_Load,22,2025-07-11 10:25:54.079472
X_Position,194.836869883231,2025-07-11 10:25:54.079472
Y_Axis_Load,17,2025-07-11 10:25:54.079472
Y_Position,406.529619892654,2025-07-11 10:25:54.079472
Z_Axis_Load,36,2025-07-11 10:25:54.079472
Z_Position,-244.750013469078,2025-07-11 10:25:54.079472
COR_Status,1,2025-07-11 10:25:54.079472
Controller_Mode,AUTO,2025-07-11 10:25:54.079472
EStop_State,ARMED,2025-07-11 10:25:54.079472
Machine_Mode,5,2025-07-11 10:25:54.079472
Block_Number,348,2025-07-11 10:25:54.079472
Current_Tool,21,2025-07-11 10:25:54.079472
Part_Count,3,2025-07-11 10:25:54.079472
Program_Name_Running,000454_D_A_PROGRAM_2.NC,2025-07-11 10:25:54.079472
spindle motor v_rms,0.3,2025-07-11 10:25:54.079472
spindle motor a_peak,6400,2025-07-11 10:25:54.079472
spindle motor a_rms,1900,2025-07-11 10:25:54.079472
spindle motor temp,25.0,2025-07-11 10:25:54.079472
spindle motor crest,3.3,2025-07-11 10:25:54.079472
z-axis bearing v_rms,0.2,2025-07-11 10:25:54.079472
z-axis bearing a_peak,2700,2025-07-11 10:25:54.079472
z-axis bearing a_rms,700,2025-07-11 10:25:54.079472
z-axis bearing temp,22.5,2025-07-11 10:25:54.079472
z-axis bearing crest,3.9,2025-07-11 10:25:54.079472
z-axis motor v_rms,0.8,2025-07-11 10:25:54.079472
z-axis motor a_peak,2700,2025-07-11 10:25:54.079472
z-axis motor a_rms,900,2025-07-11 10:25:54.079472
z-axis motor temp,25.5,2025-07-11 10:25:54.079472
z-axis motor crest,2.9,2025-07-11 10:25:54.079472
y-axis bearing v_rms,0.1,2025-07-11 10:25:54.079472
y-axis bearing a_peak,4000,2025-07-11 10:25:54.079472
y-axis bearing a_rms,1100,2025-07-11 10:25:54.079472
y-axis bearing temp,21.4,2025-07-11 10:25:54.079472
y-axis bearing crest,3.7,2025-07-11 10:25:54.079472
y-axis motor v_rms,0.4,2025-07-11 10:25:54.079472
y-axis motor a_peak,25100,2025-07-11 10:25:54.079472
y-axis motor a_rms,7300,2025-07-11 10:25:54.079472
y-axis motor temp,24.3,2025-07-11 10:25:54.079472
y-axis motor crest,3.4,2025-07-11 10:25:54.079472
x-axis motor v_rms,0.4,2025-07-11 10:25:54.079472
x-axis motor a_peak,4900,2025-07-11 10:25:54.079472
x-axis motor a_rms,500,2025-07-11 10:25:54.079472
x-axis motor temp,21.1,2025-07-11 10:25:54.079472
x-axis motor crest,9.1,2025-07-11 10:25:54.079472
voltage,132.66666666666666,2025-07-11 10:25:54.079472
current,11.563333333333333,2025-07-11 10:25:54.079472
active power,55.333333333333336,2025-07-11 10:25:54.079472
forward kWh,16.296666666666667,2025-07-11 10:25:54.079472
reverse kWh,0.3626666666666667,2025-07-11 10:25:54.079472
frequency,59.96,2025-07-11 10:25:54.079472
power factor,1.0,2025-07-11 10:25:54.079472
featureId,NONE,2025-07-11 10:25:55.079624
partKindId,EDB34637-67D8-465A-AFBA-010AD86D34F6,2025-07-11 10:25:55.079624
processKindId,NONE,2025-07-11 10:25:55.079624
A_Axis_Load,16,2025-07-11 10:25:55.079624
A_Position,-0.000332225347943367,2025-07-11 10:25:55.079624
C_Axis_Load,45,2025-07-11 10:25:55.079624
C_Position,30.0005,2025-07-11 10:25:55.079624
Machine_Time,2590850.753,2025-07-11 10:25:55.079624
Spindle_Time,690508.343999999,2025-07-11 10:25:55.079624
Feed_Override,100,2025-07-11 10:25:55.079624
Feed_Rate,0,2025-07-11 10:25:55.079624
Program_Runtime_Seconds,27,2025-07-11 10:25:55.079624
Rapid_Override,100,2025-07-11 10:25:55.079624
Rapid_Speed,0,2025-07-11 10:25:55.079624
S_Axis_Load,9,2025-07-11 10:25:55.079624
Spindle_Override,100,2025-07-11 10:25:55.079624
Spindle_Speed,7883.56529849253,2025-07-11 10:25:55.079624
X_Axis_Load,6,2025-07-11 10:25:55.079624
X_Position,32.4255626364294,2025-07-11 10:25:55.079624
Y_Axis_Load,6,2025-07-11 10:25:55.079624
Y_Position,491.65003622876,2025-07-11 10:25:55.079624
Z_Axis_Load,36,2025-07-11 10:25:55.079624
Z_Position,-244.750002025558,2025-07-11 10:25:55.079624
COR_Status,1,2025-07-11 10:25:55.079624
Controller_Mode,AUTO,2025-07-11 10:25:55.079624
EStop_State,ARMED,2025-07-11 10:25:55.079624
Machine_Mode,5,2025-07-11 10:25:55.079624
Block_Number,348,2025-07-11 10:25:55.079624
Current_Tool,21,2025-07-11 10:25:55.079624
Part_Count,3,2025-07-11 10:25:55.079624
Program_Name_Running,000454_D_A_PROGRAM_2.NC,2025-07-11 10:25:55.079624
spindle motor v_rms,0.2,2025-07-11 10:25:55.079624
spindle motor a_peak,11800,2025-07-11 10:25:55.079624
spindle motor a_rms,3400,2025-07-11 10:25:55.079624
spindle motor temp,25.0,2025-07-11 10:25:55.079624
spindle motor crest,3.5,2025-07-11 10:25:55.079624
z-axis bearing v_rms,0.1,2025-07-11 10:25:55.079624
z-axis bearing a_peak,900,2025-07-11 10:25:55.079624
z-axis bearing a_rms,300,2025-07-11 10:25:55.079624
z-axis bearing temp,22.5,2025-07-11 10:25:55.079624
z-axis bearing crest,3.5,2025-07-11 10:25:55.079624
z-axis motor v_rms,0.2,2025-07-11 10:25:55.079624
z-axis motor a_peak,1400,2025-07-11 10:25:55.079624
z-axis motor a_rms,600,2025-07-11 10:25:55.079624
z-axis motor temp,25.5,2025-07-11 10:25:55.079624
z-axis motor crest,2.5,2025-07-11 10:25:55.079624
y-axis bearing v_rms,0.1,2025-07-11 10:25:55.079624
y-axis bearing a_peak,300,2025-07-11 10:25:55.079624
y-axis bearing a_rms,100,2025-07-11 10:25:55.079624
y-axis bearing temp,21.4,2025-07-11 10:25:55.079624
y-axis bearing crest,3.8,2025-07-11 10:25:55.079624
y-axis motor v_rms,0.2,2025-07-11 10:25:55.079624
y-axis motor a_peak,1700,2025-07-11 10:25:55.079624
y-axis motor a_rms,500,2025-07-11 10:25:55.079624
y-axis motor temp,24.3,2025-07-11 10:25:55.079624
y-axis motor crest,3.1,2025-07-11 10:25:55.079624
x-axis motor v_rms,0.1,2025-07-11 10:25:55.079624
x-axis motor a_peak,300,2025-07-11 10:25:55.079624
x-axis motor a_rms,100,2025-07-11 10:25:55.079624
x-axis motor temp,21.1,2025-07-11 10:25:55.079624
x-axis motor crest,3.8,2025-07-11 10:25:55.079624
voltage,133.86666666666667,2025-07-11 10:25:55.079624
current,20.540000000000003,2025-07-11 10:25:55.079624
active power,-2326.3333333333335,2025-07-11 10:25:55.079624
forward kWh,16.296666666666667,2025-07-11 10:25:55.079624
reverse kWh,0.3626666666666667,2025-07-11 10:25:55.079624
frequency,59.96,2025-07-11 10:25:55.079624
power factor,0.9499999999999998,2025-07-11 10:25:55.079624
featureId,NONE,2025-07-11 10:25:56.079773
partKindId,EDB34637-67D8-465A-AFBA-010AD86D34F6,2025-07-11 10:25:56.079773
processKindId,NONE,2025-07-11 10:25:56.079773
A_Axis_Load,16,2025-07-11 10:25:56.079773
A_Position,-0.000332225347943367,2025-07-11 10:25:56.079773
C_Axis_Load,45,2025-07-11 10:25:56.079773
C_Position,30.0005,2025-07-11 10:25:56.079773
Machine_Time,2590850.753,2025-07-11 10:25:56.079773
Spindle_Time,690508.343999999,2025-07-11 10:25:56.079773
Feed_Override,100,2025-07-11 10:25:56.079773
Feed_Rate,0,2025-07-11 10:25:56.079773
Program_Runtime_Seconds,28,2025-07-11 10:25:56.079773
Rapid_Override,100,2025-07-11 10:25:56.079773
Rapid_Speed,0,2025-07-11 10:25:56.079773
S_Axis_Load,12,2025-07-11 10:25:56.079773
Spindle_Override,100,2025-07-11 10:25:56.079773
Spindle_Speed,5938.32413056677,2025-07-11 10:25:56.079773
X_Axis_Load,6,2025-07-11 10:25:56.079773
X_Position,32.4255855258421,2025-07-11 10:25:56.079773
Y_Axis_Load,5,2025-07-11 10:25:56.079773
Y_Position,491.650001896484,2025-07-11 10:25:56.079773
Z_Axis_Load,36,2025-07-11 10:25:56.079773
Z_Position,-244.750002025558,2025-07-11 10:25:56.079773
COR_Status,1,2025-07-11 10:25:56.079773
Controller_Mode,AUTO,2025-07-11 10:25:56.079773
EStop_State,ARMED,2025-07-11 10:25:56.079773
Machine_Mode,5,2025-07-11 10:25:56.079773
Block_Number,348,2025-07-11 10:25:56.079773
Current_Tool,21,2025-07-11 10:25:56.079773
Part_Count,3,2025-07-11 10:25:56.079773
Program_Name_Running,000454_D_A_PROGRAM_2.NC,2025-07-11 10:25:56.079773
spindle motor v_rms,0.1,2025-07-11 10:25:56.079773
spindle motor a_peak,8900,2025-07-11 10:25:56.079773
spindle motor a_rms,2700,2025-07-11 10:25:56.079773
spindle motor temp,25.0,2025-07-11 10:25:56.079773
spindle motor crest,3.3,2025-07-11 10:25:56.079773
z-axis bearing v_rms,0.0,2025-07-11 10:25:56.079773
z-axis bearing a_peak,1100,2025-07-11 10:25:56.079773
z-axis bearing a_rms,300,2025-07-11 10:25:56.079773
z-axis bearing temp,22.5,2025-07-11 10:25:56.079773
z-axis bearing crest,3.9,2025-07-11 10:25:56.079773
z-axis motor v_rms,0.1,2025-07-11 10:25:56.079773
z-axis motor a_peak,1100,2025-07-11 10:25:56.079773
z-axis motor a_rms,500,2025-07-11 10:25:56.079773
z-axis motor temp,25.5,2025-07-11 10:25:56.079773
z-axis motor crest,2.1,2025-07-11 10:25:56.079773
y-axis bearing v_rms,0.1,2025-07-11 10:25:56.079773
y-axis bearing a_peak,300,2025-07-11 10:25:56.079773
y-axis bearing a_rms,100,2025-07-11 10:25:56.079773
y-axis bearing temp,21.4,2025-07-11 10:25:56.079773
y-axis bearing crest,4.0,2025-07-11 10:25:56.079773
y-axis motor v_rms,0.1,2025-07-11 10:25:56.079773
y-axis motor a_peak,1200,2025-07-11 10:25:56.079773
y-axis motor a_rms,400,2025-07-11 10:25:56.079773
y-axis motor temp,24.3,2025-07-11 10:25:56.079773
y-axis motor crest,3.3,2025-07-11 10:25:56.079773
x-axis motor v_rms,0.0,2025-07-11 10:25:56.079773
x-axis motor a_peak,200,2025-07-11 10:25:56.079773
x-axis motor a_rms,0,2025-07-11 10:25:56.079773
x-axis motor temp,21.1,2025-07-11 10:25:56.079773
x-axis motor crest,4.3,2025-07-11 10:25:56.079773
voltage,134.5,2025-07-11 10:25:56.079773
current,28.919999999999998,2025-07-11 10:25:56.079773
active power,-3520.6666666666665,2025-07-11 10:25:56.079773
forward kWh,16.296666666666667,2025-07-11 10:25:56.079773
reverse kWh,0.3626666666666667,2025-07-11 10:25:56.079773
frequency,59.96,2025-07-11 10:25:56.079773
power factor,0.9433333333333334,2025-07-11 10:25:56.079773
featureId,NONE,2025-07-11 10:25:57.079924
partKindId,EDB34637-67D8-465A-AFBA-010AD86D34F6,2025-07-11 10:25:57.079924
processKindId,NONE,2025-07-11 10:25:57.079924
A_Axis_Load,16,2025-07-11 10:25:57.079924
A_Position,-0.000332225347943367,2025-07-11 10:25:57.079924
C_Axis_Load,45,2025-07-11 10:25:57.079924
C_Position,30.0005,2025-07-11 10:25:57.079924
Machine_Time,2590850.753,2025-07-11 10:25:57.079924
Spindle_Time,690508.343999999,2025-07-11 10:25:57.079924
Feed_Override,100,2025-07-11 10:25:57.079924
Feed_Rate,0,2025-07-11 10:25:57.079924
Program_Runtime_Seconds,29,2025-07-11 10:25:57.079924
Rapid_Override,100,2025-07-11 10:25:57.079924
Rapid_Speed,0,2025-07-11 10:25:57.079924
S_Axis_Load,22,2025-07-11 10:25:57.079924
Spindle_Override,100,2025-07-11 10:25:57.079924
Spindle_Speed,3275.93690625475,2025-07-11 10:25:57.079924
X_Axis_Load,6,2025-07-11 10:25:57.079924
X_Position,32.4255969705485,2025-07-11 10:25:57.079924
Y_Axis_Load,5,2025-07-11 10:25:57.079924
Y_Position,491.650001896484,2025-07-11 10:25:57.079924
Z_Axis_Load,36,2025-07-11 10:25:57.079924
Z_Position,-244.750002025558,2025-07-11 10:25:57.079924
COR_Status,1,2025-07-11 10:25:57.079924
Controller_Mode,AUTO,2025-07-11 10:25:57.079924
EStop_State,ARMED,2025-07-11 10:25:57.079924
Machine_Mode,5,2025-07-11 10:25:57.079924
Block_Number,348,2025-07-11 10:25:57.079924
Current_Tool,21,2025-07-11 10:25:57.079924
Part_Count,3,2025-07-11 10:25:57.079924
Program_Name_Running,000454_D_A_PROGRAM_2.NC,2025-07-11 10:25:57.079924
spindle motor v_rms,0.2,2025-07-11 10:25:57.079924
spindle motor a_peak,9100,2025-07-11 10:25:57.079924
spindle motor a_rms,3100,2025-07-11 10:25:57.079924
spindle motor temp,25.0,2025-07-11 10:25:57.079924
spindle motor crest,3.0,2025-07-11 10:25:57.079924
z-axis bearing v_rms,0.0,2025-07-11 10:25:57.079924
z-axis bearing a_peak,800,2025-07-11 10:25:57.079924
z-axis bearing a_rms,200,2025-07-11 10:25:57.079924
z-axis bearing temp,22.5,2025-07-11 10:25:57.079924
z-axis bearing crest,3.8,2025-07-11 10:25:57.079924
z-axis motor v_rms,0.1,2025-07-11 10:25:57.079924
z-axis motor a_peak,1100,2025-07-11 10:25:57.079924
z-axis motor a_rms,500,2025-07-11 10:25:57.079924
z-axis motor temp,25.5,2025-07-11 10:25:57.079924
z-axis motor crest,2.0,2025-07-11 10:25:57.079924
y-axis bearing v_rms,0.0,2025-07-11 10:25:57.079924
y-axis bearing a_peak,300,2025-07-11 10:25:57.079924
y-axis bearing a_rms,100,2025-07-11 10:25:57.079924
y-axis bearing temp,21.4,2025-07-11 10:25:57.079924
y-axis bearing crest,4.5,2025-07-11 10:25:57.079924
y-axis motor v_rms,0.1,2025-07-11 10:25:57.079924
y-axis motor a_peak,1200,2025-07-11 10:25:57.079924
y-axis motor a_rms,400,2025-07-11 10:25:57.079924
y-axis motor temp,24.3,2025-07-11 10:25:57.079924
y-axis motor crest,3.3,2025-07-11 10:25:57.079924
x-axis motor v_rms,0.0,2025-07-11 10:25:57.079924
x-axis motor a_peak,200,2025-07-11 10:25:57.079924
x-axis motor a_rms,0,2025-07-11 10:25:57.079924
x-axis motor temp,21.1,2025-07-11 10:25:57.079924
x-axis motor crest,3.9,2025-07-11 10:25:57.079924
voltage,134.5,2025-07-11 10:25:57.079924
current,29.290000000000003,2025-07-11 10:25:57.079924
active power,-3567.3333333333335,2025-07-11 10:25:57.079924
forward kWh,16.296666666666667,2025-07-11 10:25:57.079924
reverse kWh,0.36400000000000005,2025-07-11 10:25:57.079924
frequency,59.96,2025-07-11 10:25:57.079924
power factor,0.9033333333333333,2025-07-11 10:25:57.079924
featureId,NONE,2025-07-11 10:25:58.080075
partKindId,EDB34637-67D8-465A-AFBA-010AD86D34F6,2025-07-11 10:25:58.080075
processKindId,89918109-7350-48A4-A5F9-AE742269E029,2025-07-11 10:25:58.080075
A_Axis_Load,16,2025-07-11 10:25:58.080075
A_Position,0.000167897837982586,2025-07-11 10:25:58.080075
C_Axis_Load,45,2025-07-11 10:25:58.080075
C_Position,30.0005,2025-07-11 10:25:58.080075
Machine_Time,2590850.753,2025-07-11 10:25:58.080075
Spindle_Time,690508.343999999,2025-07-11 10:25:58.080075
Feed_Override,100,2025-07-11 10:25:58.080075
Feed_Rate,224.4833,2025-07-11 10:25:58.080075
Program_Runtime_Seconds,30,2025-07-11 10:25:58.080075
Rapid_Override,100,2025-07-11 10:25:58.080075
Rapid_Speed,0,2025-07-11 10:25:58.080075
S_Axis_Load,0,2025-07-11 10:25:58.080075
Spindle_Override,100,2025-07-11 10:25:58.080075
Spindle_Speed,0,2025-07-11 10:25:58.080075
X_Axis_Load,66,2025-07-11 10:25:58.080075
X_Position,46.0632164730714,2025-07-11 10:25:58.080075
Y_Axis_Load,44,2025-07-11 10:25:58.080075
Y_Position,480.501267837167,2025-07-11 10:25:58.080075
Z_Axis_Load,36,2025-07-11 10:25:58.080075
Z_Position,-244.749990582039,2025-07-11 10:25:58.080075
COR_Status,1,2025-07-11 10:25:58.080075
Controller_Mode,AUTO,2025-07-11 10:25:58.080075
EStop_State,ARMED,2025-07-11 10:25:58.080075
Machine_Mode,5,2025-07-11 10:25:58.080075
Block_Number,355,2025-07-11 10:25:58.080075
Current_Tool,21,2025-07-11 10:25:58.080075
Part_Count,3,2025-07-11 10:25:58.080075
Program_Name_Running,000454_D_A_PROGRAM_2.NC,2025-07-11 10:25:58.080075
spindle motor v_rms,0.1,2025-07-11 10:25:58.080075
spindle motor a_peak,4700,2025-07-11 10:25:58.080075
spindle motor a_rms,800,2025-07-11 10:25:58.080075
spindle motor temp,25.0,2025-07-11 10:25:58.080075
spindle motor crest,5.6,2025-07-11 10:25:58.080075
z-axis bearing v_rms,0.0,2025-07-11 10:25:58.080075
z-axis bearing a_peak,3500,2025-07-11 10:25:58.080075
z-axis bearing a_rms,500,2025-07-11 10:25:58.080075
z-axis bearing temp,22.5,2025-07-11 10:25:58.080075
z-axis bearing crest,6.9,2025-07-11 10:25:58.080075
z-axis motor v_rms,0.1,2025-07-11 10:25:58.080075
z-axis motor a_peak,1300,2025-07-11 10:25:58.080075
z-axis motor a_rms,500,2025-07-11 10:25:58.080075
z-axis motor temp,25.5,2025-07-11 10:25:58.080075
z-axis motor crest,2.4,2025-07-11 10:25:58.080075
y-axis bearing v_rms,0.1,2025-07-11 10:25:58.080075
y-axis bearing a_peak,6100,2025-07-11 10:25:58.080075
y-axis bearing a_rms,1000,2025-07-11 10:25:58.080075
y-axis bearing temp,21.4,2025-07-11 10:25:58.080075
y-axis bearing crest,5.9,2025-07-11 10:25:58.080075
y-axis motor v_rms,0.3,2025-07-11 10:25:58.080075
y-axis motor a_peak,35600,2025-07-11 10:25:58.080075
y-axis motor a_rms,8100,2025-07-11 10:25:58.080075
y-axis motor temp,24.3,2025-07-11 10:25:58.080075
y-axis motor crest,4.4,2025-07-11 10:25:58.080075
x-axis motor v_rms,0.4,2025-07-11 10:25:58.080075
x-axis motor a_peak,1600,2025-07-11 10:25:58.080075
x-axis motor a_rms,400,2025-07-11 10:25:58.080075
x-axis motor temp,21.1,2025-07-11 10:25:58.080075
x-axis motor crest,4.1,2025-07-11 10:25:58.080075
voltage,134.46666666666667,2025-07-11 10:25:58.080075
current,28.126666666666665,2025-07-11 10:25:58.080075
active power,-3407.0,2025-07-11 10:25:58.080075
forward kWh,16.296666666666667,2025-07-11 10:25:58.080075
reverse kWh,0.36466666666666664,2025-07-11 10:25:58.080075
frequency,59.96,2025-07-11 10:25:58.080075
power factor,0.85,2025-07-11 10:25:58.080075
featureId,NONE,2025-07-11 10:25:59.080370
partKindId,EDB34637-67D8-465A-AFBA-010AD86D34F6,2025-07-11 10:25:59.080370
processKindId,89918109-7350-48A4-A5F9-AE742269E029,2025-07-11 10:25:59.080370
A_Axis_Load,16,2025-07-11 10:25:59.080370
A_Position,0.000167897837982586,2025-07-11 10:25:59.080370
C_Axis_Load,45,2025-07-11 10:25:59.080370
C_Position,30.0005,2025-07-11 10:25:59.080370
Machine_Time,2590850.753,2025-07-11 10:25:59.080370
Spindle_Time,690508.343999999,2025-07-11 10:25:59.080370
Feed_Override,100,2025-07-11 10:25:59.080370
Feed_Rate,60.5,2025-07-11 10:25:59.080370
Program_Runtime_Seconds,31,2025-07-11 10:25:59.080370
Rapid_Override,100,2025-07-11 10:25:59.080370
Rapid_Speed,0,2025-07-11 10:25:59.080370
S_Axis_Load,31,2025-07-11 10:25:59.080370
Spindle_Override,100,2025-07-11 10:25:59.080370
Spindle_Speed,2925.84350519927,2025-07-11 10:25:59.080370
X_Axis_Load,74,2025-07-11 10:25:59.080370
X_Position,383.571504405029,2025-07-11 10:25:59.080370
Y_Axis_Load,42,2025-07-11 10:25:59.080370
Y_Position,204.575772650948,2025-07-11 10:25:59.080370
Z_Axis_Load,36,2025-07-11 10:25:59.080370
Z_Position,-244.750002025558,2025-07-11 10:25:59.080370
COR_Status,1,2025-07-11 10:25:59.080370
Controller_Mode,AUTO,2025-07-11 10:25:59.080370
EStop_State,ARMED,2025-07-11 10:25:59.080370
Machine_Mode,5,2025-07-11 10:25:59.080370
Block_Number,356,2025-07-11 10:25:59.080370
Current_Tool,21,2025-07-11 10:25:59.080370
Part_Count,3,2025-07-11 10:25:59.080370
Program_Name_Running,000454_D_A_PROGRAM_2.NC,2025-07-11 10:25:59.080370
spindle motor v_rms,0.2,2025-07-11 10:25:59.080370
spindle motor a_peak,10400,2025-07-11 10:25:59.080370
spindle motor a_rms,2600,2025-07-11 10:25:59.080370
spindle motor temp,25.0,2025-07-11 10:25:59.080370
spindle motor crest,3.9,2025-07-11 10:25:59.080370
z-axis bearing v_rms,0.1,2025-07-11 10:25:59.080370
z-axis bearing a_peak,24300,2025-07-11 10:25:59.080370
z-axis bearing a_rms,3300,2025-07-11 10:25:59.080370
z-axis bearing temp,22.5,2025-07-11 10:25:59.080370
z-axis bearing crest,7.2,2025-07-11 10:25:59.080370
z-axis motor v_rms,0.8,2025-07-11 10:25:59.080370
z-axis motor a_peak,52600,2025-07-11 10:25:59.080370
z-axis motor a_rms,8800,2025-07-11 10:25:59.080370
z-axis motor temp,25.5,2025-07-11 10:25:59.080370
z-axis motor crest,6.0,2025-07-11 10:25:59.080370
y-axis bearing v_rms,0.0,2025-07-11 10:25:59.080370
y-axis bearing a_peak,1100,2025-07-11 10:25:59.080370
y-axis bearing a_rms,200,2025-07-11 10:25:59.080370
y-axis bearing temp,21.4,2025-07-11 10:25:59.080370
y-axis bearing crest,5.8,2025-07-11 10:25:59.080370
y-axis motor v_rms,0.2,2025-07-11 10:25:59.080370
y-axis motor a_peak,2000,2025-07-11 10:25:59.080370
y-axis motor a_rms,500,2025-07-11 10:25:59.080370
y-axis motor temp,24.3,2025-07-11 10:25:59.080370
y-axis motor crest,4.3,2025-07-11 10:25:59.080370
x-axis motor v_rms,0.2,2025-07-11 10:25:59.080370
x-axis motor a_peak,300,2025-07-11 10:25:59.080370
x-axis motor a_rms,100,2025-07-11 10:25:59.080370
x-axis motor temp,21.1,2025-07-11 10:25:59.080370
x-axis motor crest,4.6,2025-07-11 10:25:59.080370
voltage,131.79999999999998,2025-07-11 10:25:59.080370
current,18.116666666666667,2025-07-11 10:25:59.080370
active power,1617.3333333333333,2025-07-11 10:25:59.080370
forward kWh,16.296666666666667,2025-07-11 10:25:59.080370
reverse kWh,0.36466666666666664,2025-07-11 10:25:59.080370
frequency,59.96,2025-07-11 10:25:59.080370
power factor,1.0,2025-07-11 10:25:59.080370
