Dataname,Value,Time
featureId,UNAVAILABLE,2025-07-22 11:55:00.025742
partKindId,NONE,2025-07-22 11:55:00.025742
processKindId,NONE,2025-07-22 11:55:00.025742
A_Axis_Load,106,2025-07-22 11:55:00.025742
A_Position,-89.9995631963877,2025-07-22 11:55:00.025742
C_Axis_Load,43,2025-07-22 11:55:00.025742
C_Position,142.3625,2025-07-22 11:55:00.025742
Machine_Time,2647410.622,2025-07-22 11:55:00.025742
Spindle_Time,709602.711000001,2025-07-22 11:55:00.025742
Feed_Override,100,2025-07-22 11:55:00.025742
Feed_Rate,357.5833,2025-07-22 11:55:00.025742
Program_Runtime_Seconds,40,2025-07-22 11:55:00.025742
Rapid_Override,100,2025-07-22 11:55:00.025742
Rapid_Speed,0,2025-07-22 11:55:00.025742
S_Axis_Load,0,2025-07-22 11:55:00.025742
Spindle_Override,100,2025-07-22 11:55:00.025742
Spindle_Speed,0,2025-07-22 11:55:00.025742
X_Axis_Load,4,2025-07-22 11:55:00.025742
X_Position,379.84679454674,2025-07-22 11:55:00.025742
Y_Axis_Load,6,2025-07-22 11:55:00.025742
Y_Position,496.953400028809,2025-07-22 11:55:00.025742
Z_Axis_Load,40,2025-07-22 11:55:00.025742
Z_Position,-4.30259193467025,2025-07-22 11:55:00.025742
COR_Status,1,2025-07-22 11:55:00.025742
Controller_Mode,MANUAL,2025-07-22 11:55:00.025742
EStop_State,ARMED,2025-07-22 11:55:00.025742
Machine_Mode,2,2025-07-22 11:55:00.025742
Block_Number,66,2025-07-22 11:55:00.025742
Current_Tool,72,2025-07-22 11:55:00.025742
Part_Count,10,2025-07-22 11:55:00.025742
Program_Name_Running,000454_D_A_PROGRAM_3.NC,2025-07-22 11:55:00.025742
voltage,133.5,2025-07-22 11:55:00.025742
current,4.5200000000000005,2025-07-22 11:55:00.025742
active power,497.3333333333333,2025-07-22 11:55:00.025742
forward kWh,27.242,2025-07-22 11:55:00.025742
reverse kWh,0.7256666666666667,2025-07-22 11:55:00.025742
frequency,59.99,2025-07-22 11:55:00.025742
power factor,0.7999999999999999,2025-07-22 11:55:00.025742
featureId,UNAVAILABLE,2025-07-22 11:55:01.026010
partKindId,NONE,2025-07-22 11:55:01.026010
processKindId,NONE,2025-07-22 11:55:01.026010
A_Axis_Load,106,2025-07-22 11:55:01.026010
A_Position,-89.9995631963877,2025-07-22 11:55:01.026010
C_Axis_Load,57,2025-07-22 11:55:01.026010
C_Position,119.2485,2025-07-22 11:55:01.026010
Machine_Time,2647410.622,2025-07-22 11:55:01.026010
Spindle_Time,709602.711000001,2025-07-22 11:55:01.026010
Feed_Override,100,2025-07-22 11:55:01.026010
Feed_Rate,201.6667,2025-07-22 11:55:01.026010
Program_Runtime_Seconds,40,2025-07-22 11:55:01.026010
Rapid_Override,100,2025-07-22 11:55:01.026010
Rapid_Speed,0,2025-07-22 11:55:01.026010
S_Axis_Load,0,2025-07-22 11:55:01.026010
Spindle_Override,100,2025-07-22 11:55:01.026010
Spindle_Speed,0,2025-07-22 11:55:01.026010
X_Axis_Load,4,2025-07-22 11:55:01.026010
X_Position,379.84679454674,2025-07-22 11:55:01.026010
Y_Axis_Load,6,2025-07-22 11:55:01.026010
Y_Position,496.953400028809,2025-07-22 11:55:01.026010
Z_Axis_Load,40,2025-07-22 11:55:01.026010
Z_Position,-4.30260337827589,2025-07-22 11:55:01.026010
COR_Status,1,2025-07-22 11:55:01.026010
Controller_Mode,MANUAL,2025-07-22 11:55:01.026010
EStop_State,ARMED,2025-07-22 11:55:01.026010
Machine_Mode,2,2025-07-22 11:55:01.026010
Block_Number,66,2025-07-22 11:55:01.026010
Current_Tool,72,2025-07-22 11:55:01.026010
Part_Count,10,2025-07-22 11:55:01.026010
Program_Name_Running,000454_D_A_PROGRAM_3.NC,2025-07-22 11:55:01.026010
voltage,133.5666666666667,2025-07-22 11:55:01.026010
current,4.056666666666667,2025-07-22 11:55:01.026010
active power,446.3333333333333,2025-07-22 11:55:01.026010
forward kWh,27.242,2025-07-22 11:55:01.026010
reverse kWh,0.7256666666666667,2025-07-22 11:55:01.026010
frequency,59.99,2025-07-22 11:55:01.026010
power factor,0.7233333333333333,2025-07-22 11:55:01.026010
featureId,UNAVAILABLE,2025-07-22 11:55:02.026241
partKindId,NONE,2025-07-22 11:55:02.026241
processKindId,NONE,2025-07-22 11:55:02.026241
A_Axis_Load,106,2025-07-22 11:55:02.026241
A_Position,-89.9995631963877,2025-07-22 11:55:02.026241
C_Axis_Load,48,2025-07-22 11:55:02.026241
C_Position,117.9065,2025-07-22 11:55:02.026241
Machine_Time,2647410.622,2025-07-22 11:55:02.026241
Spindle_Time,709602.711000001,2025-07-22 11:55:02.026241
Feed_Override,100,2025-07-22 11:55:02.026241
Feed_Rate,71.76667,2025-07-22 11:55:02.026241
Program_Runtime_Seconds,40,2025-07-22 11:55:02.026241
Rapid_Override,100,2025-07-22 11:55:02.026241
Rapid_Speed,0,2025-07-22 11:55:02.026241
S_Axis_Load,0,2025-07-22 11:55:02.026241
Spindle_Override,100,2025-07-22 11:55:02.026241
Spindle_Speed,0,2025-07-22 11:55:02.026241
X_Axis_Load,4,2025-07-22 11:55:02.026241
X_Position,379.84679454674,2025-07-22 11:55:02.026241
Y_Axis_Load,6,2025-07-22 11:55:02.026241
Y_Position,496.953400028809,2025-07-22 11:55:02.026241
Z_Axis_Load,40,2025-07-22 11:55:02.026241
Z_Position,-4.30259193467025,2025-07-22 11:55:02.026241
COR_Status,1,2025-07-22 11:55:02.026241
Controller_Mode,MANUAL,2025-07-22 11:55:02.026241
EStop_State,ARMED,2025-07-22 11:55:02.026241
Machine_Mode,2,2025-07-22 11:55:02.026241
Block_Number,66,2025-07-22 11:55:02.026241
Current_Tool,72,2025-07-22 11:55:02.026241
Part_Count,10,2025-07-22 11:55:02.026241
Program_Name_Running,000454_D_A_PROGRAM_3.NC,2025-07-22 11:55:02.026241
voltage,133.5,2025-07-22 11:55:02.026241
current,4.006666666666667,2025-07-22 11:55:02.026241
active power,442.0,2025-07-22 11:55:02.026241
forward kWh,27.242,2025-07-22 11:55:02.026241
reverse kWh,0.7256666666666667,2025-07-22 11:55:02.026241
frequency,59.99,2025-07-22 11:55:02.026241
power factor,0.7866666666666666,2025-07-22 11:55:02.026241
featureId,UNAVAILABLE,2025-07-22 11:55:03.026506
partKindId,NONE,2025-07-22 11:55:03.026506
processKindId,NONE,2025-07-22 11:55:03.026506
A_Axis_Load,106,2025-07-22 11:55:03.026506
A_Position,-89.9995631963877,2025-07-22 11:55:03.026506
C_Axis_Load,49,2025-07-22 11:55:03.026506
C_Position,120.066,2025-07-22 11:55:03.026506
Machine_Time,2647410.622,2025-07-22 11:55:03.026506
Spindle_Time,709602.711000001,2025-07-22 11:55:03.026506
Feed_Override,100,2025-07-22 11:55:03.026506
Feed_Rate,32.25,2025-07-22 11:55:03.026506
Program_Runtime_Seconds,40,2025-07-22 11:55:03.026506
Rapid_Override,100,2025-07-22 11:55:03.026506
Rapid_Speed,0,2025-07-22 11:55:03.026506
S_Axis_Load,0,2025-07-22 11:55:03.026506
Spindle_Override,100,2025-07-22 11:55:03.026506
Spindle_Speed,0,2025-07-22 11:55:03.026506
X_Axis_Load,4,2025-07-22 11:55:03.026506
X_Position,379.84679454674,2025-07-22 11:55:03.026506
Y_Axis_Load,6,2025-07-22 11:55:03.026506
Y_Position,496.953388584717,2025-07-22 11:55:03.026506
Z_Axis_Load,40,2025-07-22 11:55:03.026506
Z_Position,-4.30260337827589,2025-07-22 11:55:03.026506
COR_Status,1,2025-07-22 11:55:03.026506
Controller_Mode,MANUAL,2025-07-22 11:55:03.026506
EStop_State,ARMED,2025-07-22 11:55:03.026506
Machine_Mode,2,2025-07-22 11:55:03.026506
Block_Number,66,2025-07-22 11:55:03.026506
Current_Tool,72,2025-07-22 11:55:03.026506
Part_Count,10,2025-07-22 11:55:03.026506
Program_Name_Running,000454_D_A_PROGRAM_3.NC,2025-07-22 11:55:03.026506
voltage,133.5666666666667,2025-07-22 11:55:03.026506
current,3.8200000000000003,2025-07-22 11:55:03.026506
active power,421.6666666666667,2025-07-22 11:55:03.026506
forward kWh,27.242333333333335,2025-07-22 11:55:03.026506
reverse kWh,0.7256666666666667,2025-07-22 11:55:03.026506
frequency,59.98,2025-07-22 11:55:03.026506
power factor,0.7999999999999999,2025-07-22 11:55:03.026506
featureId,UNAVAILABLE,2025-07-22 11:55:04.026752
partKindId,NONE,2025-07-22 11:55:04.026752
processKindId,NONE,2025-07-22 11:55:04.026752
A_Axis_Load,106,2025-07-22 11:55:04.026752
A_Position,-89.9995631963877,2025-07-22 11:55:04.026752
C_Axis_Load,41,2025-07-22 11:55:04.026752
C_Position,120.038,2025-07-22 11:55:04.026752
Machine_Time,2647410.622,2025-07-22 11:55:04.026752
Spindle_Time,709602.711000001,2025-07-22 11:55:04.026752
Feed_Override,100,2025-07-22 11:55:04.026752
Feed_Rate,3.2,2025-07-22 11:55:04.026752
Program_Runtime_Seconds,40,2025-07-22 11:55:04.026752
Rapid_Override,100,2025-07-22 11:55:04.026752
Rapid_Speed,0,2025-07-22 11:55:04.026752
S_Axis_Load,0,2025-07-22 11:55:04.026752
Spindle_Override,100,2025-07-22 11:55:04.026752
Spindle_Speed,0,2025-07-22 11:55:04.026752
X_Axis_Load,4,2025-07-22 11:55:04.026752
X_Position,379.846805990744,2025-07-22 11:55:04.026752
Y_Axis_Load,6,2025-07-22 11:55:04.026752
Y_Position,496.953400028809,2025-07-22 11:55:04.026752
Z_Axis_Load,40,2025-07-22 11:55:04.026752
Z_Position,-4.30260337827589,2025-07-22 11:55:04.026752
COR_Status,1,2025-07-22 11:55:04.026752
Controller_Mode,MANUAL,2025-07-22 11:55:04.026752
EStop_State,ARMED,2025-07-22 11:55:04.026752
Machine_Mode,2,2025-07-22 11:55:04.026752
Block_Number,66,2025-07-22 11:55:04.026752
Current_Tool,72,2025-07-22 11:55:04.026752
Part_Count,10,2025-07-22 11:55:04.026752
Program_Name_Running,000454_D_A_PROGRAM_3.NC,2025-07-22 11:55:04.026752
voltage,133.56666666666663,2025-07-22 11:55:04.026752
current,3.78,2025-07-22 11:55:04.026752
active power,416.6666666666667,2025-07-22 11:55:04.026752
forward kWh,27.242333333333335,2025-07-22 11:55:04.026752
reverse kWh,0.7256666666666667,2025-07-22 11:55:04.026752
frequency,59.98,2025-07-22 11:55:04.026752
power factor,0.7866666666666666,2025-07-22 11:55:04.026752
featureId,UNAVAILABLE,2025-07-22 11:55:05.027001
partKindId,NONE,2025-07-22 11:55:05.027001
processKindId,NONE,2025-07-22 11:55:05.027001
A_Axis_Load,106,2025-07-22 11:55:05.027001
A_Position,-89.9995631963877,2025-07-22 11:55:05.027001
C_Axis_Load,25,2025-07-22 11:55:05.027001
C_Position,120.0395,2025-07-22 11:55:05.027001
Machine_Time,2647410.622,2025-07-22 11:55:05.027001
Spindle_Time,709602.711000001,2025-07-22 11:55:05.027001
Feed_Override,100,2025-07-22 11:55:05.027001
Feed_Rate,0,2025-07-22 11:55:05.027001
Program_Runtime_Seconds,40,2025-07-22 11:55:05.027001
Rapid_Override,100,2025-07-22 11:55:05.027001
Rapid_Speed,0,2025-07-22 11:55:05.027001
S_Axis_Load,0,2025-07-22 11:55:05.027001
Spindle_Override,100,2025-07-22 11:55:05.027001
Spindle_Speed,0,2025-07-22 11:55:05.027001
X_Axis_Load,4,2025-07-22 11:55:05.027001
X_Position,379.846783102736,2025-07-22 11:55:05.027001
Y_Axis_Load,6,2025-07-22 11:55:05.027001
Y_Position,496.953388584717,2025-07-22 11:55:05.027001
Z_Axis_Load,40,2025-07-22 11:55:05.027001
Z_Position,-4.30259193467025,2025-07-22 11:55:05.027001
COR_Status,1,2025-07-22 11:55:05.027001
Controller_Mode,MANUAL,2025-07-22 11:55:05.027001
EStop_State,ARMED,2025-07-22 11:55:05.027001
Machine_Mode,2,2025-07-22 11:55:05.027001
Block_Number,66,2025-07-22 11:55:05.027001
Current_Tool,72,2025-07-22 11:55:05.027001
Part_Count,10,2025-07-22 11:55:05.027001
Program_Name_Running,000454_D_A_PROGRAM_3.NC,2025-07-22 11:55:05.027001
voltage,133.6,2025-07-22 11:55:05.027001
current,3.736666666666667,2025-07-22 11:55:05.027001
active power,412.3333333333333,2025-07-22 11:55:05.027001
forward kWh,27.242333333333335,2025-07-22 11:55:05.027001
reverse kWh,0.7256666666666667,2025-07-22 11:55:05.027001
frequency,59.98,2025-07-22 11:55:05.027001
power factor,0.7933333333333333,2025-07-22 11:55:05.027001
featureId,UNAVAILABLE,2025-07-22 11:55:06.027255
partKindId,NONE,2025-07-22 11:55:06.027255
processKindId,NONE,2025-07-22 11:55:06.027255
A_Axis_Load,106,2025-07-22 11:55:06.027255
A_Position,-89.9995631963877,2025-07-22 11:55:06.027255
C_Axis_Load,38,2025-07-22 11:55:06.027255
C_Position,120.009,2025-07-22 11:55:06.027255
Machine_Time,2647410.622,2025-07-22 11:55:06.027255
Spindle_Time,709602.711000001,2025-07-22 11:55:06.027255
Feed_Override,100,2025-07-22 11:55:06.027255
Feed_Rate,0,2025-07-22 11:55:06.027255
Program_Runtime_Seconds,40,2025-07-22 11:55:06.027255
Rapid_Override,100,2025-07-22 11:55:06.027255
Rapid_Speed,0,2025-07-22 11:55:06.027255
S_Axis_Load,0,2025-07-22 11:55:06.027255
Spindle_Override,100,2025-07-22 11:55:06.027255
Spindle_Speed,0,2025-07-22 11:55:06.027255
X_Axis_Load,4,2025-07-22 11:55:06.027255
X_Position,379.846805990744,2025-07-22 11:55:06.027255
Y_Axis_Load,6,2025-07-22 11:55:06.027255
Y_Position,496.953400028809,2025-07-22 11:55:06.027255
Z_Axis_Load,40,2025-07-22 11:55:06.027255
Z_Position,-4.30260337827589,2025-07-22 11:55:06.027255
COR_Status,1,2025-07-22 11:55:06.027255
Controller_Mode,MANUAL,2025-07-22 11:55:06.027255
EStop_State,ARMED,2025-07-22 11:55:06.027255
Machine_Mode,2,2025-07-22 11:55:06.027255
Block_Number,66,2025-07-22 11:55:06.027255
Current_Tool,72,2025-07-22 11:55:06.027255
Part_Count,10,2025-07-22 11:55:06.027255
Program_Name_Running,000454_D_A_PROGRAM_3.NC,2025-07-22 11:55:06.027255
voltage,133.56666666666663,2025-07-22 11:55:06.027255
current,3.7133333333333334,2025-07-22 11:55:06.027255
active power,410.0,2025-07-22 11:55:06.027255
forward kWh,27.242333333333335,2025-07-22 11:55:06.027255
reverse kWh,0.7256666666666667,2025-07-22 11:55:06.027255
frequency,59.98,2025-07-22 11:55:06.027255
power factor,0.7866666666666666,2025-07-22 11:55:06.027255
featureId,UNAVAILABLE,2025-07-22 11:55:07.027518
partKindId,NONE,2025-07-22 11:55:07.027518
processKindId,NONE,2025-07-22 11:55:07.027518
A_Axis_Load,106,2025-07-22 11:55:07.027518
A_Position,-89.9995631963877,2025-07-22 11:55:07.027518
C_Axis_Load,19,2025-07-22 11:55:07.027518
C_Position,120.0085,2025-07-22 11:55:07.027518
Machine_Time,2647410.622,2025-07-22 11:55:07.027518
Spindle_Time,709602.711000001,2025-07-22 11:55:07.027518
Feed_Override,100,2025-07-22 11:55:07.027518
Feed_Rate,0,2025-07-22 11:55:07.027518
Program_Runtime_Seconds,40,2025-07-22 11:55:07.027518
Rapid_Override,100,2025-07-22 11:55:07.027518
Rapid_Speed,0,2025-07-22 11:55:07.027518
S_Axis_Load,0,2025-07-22 11:55:07.027518
Spindle_Override,100,2025-07-22 11:55:07.027518
Spindle_Speed,0,2025-07-22 11:55:07.027518
X_Axis_Load,4,2025-07-22 11:55:07.027518
X_Position,379.846805990744,2025-07-22 11:55:07.027518
Y_Axis_Load,6,2025-07-22 11:55:07.027518
Y_Position,496.953400028809,2025-07-22 11:55:07.027518
Z_Axis_Load,40,2025-07-22 11:55:07.027518
Z_Position,-4.30260337827589,2025-07-22 11:55:07.027518
COR_Status,1,2025-07-22 11:55:07.027518
Controller_Mode,MANUAL,2025-07-22 11:55:07.027518
EStop_State,ARMED,2025-07-22 11:55:07.027518
Machine_Mode,2,2025-07-22 11:55:07.027518
Block_Number,66,2025-07-22 11:55:07.027518
Current_Tool,72,2025-07-22 11:55:07.027518
Part_Count,10,2025-07-22 11:55:07.027518
Program_Name_Running,000454_D_A_PROGRAM_3.NC,2025-07-22 11:55:07.027518
voltage,133.53333333333333,2025-07-22 11:55:07.027518
current,3.743333333333334,2025-07-22 11:55:07.027518
active power,412.0,2025-07-22 11:55:07.027518
forward kWh,27.242666666666665,2025-07-22 11:55:07.027518
reverse kWh,0.7256666666666667,2025-07-22 11:55:07.027518
frequency,59.98,2025-07-22 11:55:07.027518
power factor,0.7866666666666666,2025-07-22 11:55:07.027518
featureId,UNAVAILABLE,2025-07-22 11:55:08.027802
partKindId,NONE,2025-07-22 11:55:08.027802
processKindId,NONE,2025-07-22 11:55:08.027802
A_Axis_Load,106,2025-07-22 11:55:08.027802
A_Position,-89.9995631963877,2025-07-22 11:55:08.027802
C_Axis_Load,18,2025-07-22 11:55:08.027802
C_Position,119.999,2025-07-22 11:55:08.027802
Machine_Time,2647410.622,2025-07-22 11:55:08.027802
Spindle_Time,709602.711000001,2025-07-22 11:55:08.027802
Feed_Override,100,2025-07-22 11:55:08.027802
Feed_Rate,0,2025-07-22 11:55:08.027802
Program_Runtime_Seconds,40,2025-07-22 11:55:08.027802
Rapid_Override,100,2025-07-22 11:55:08.027802
Rapid_Speed,0,2025-07-22 11:55:08.027802
S_Axis_Load,0,2025-07-22 11:55:08.027802
Spindle_Override,100,2025-07-22 11:55:08.027802
Spindle_Speed,0,2025-07-22 11:55:08.027802
X_Axis_Load,4,2025-07-22 11:55:08.027802
X_Position,379.846805990744,2025-07-22 11:55:08.027802
Y_Axis_Load,6,2025-07-22 11:55:08.027802
Y_Position,496.953400028809,2025-07-22 11:55:08.027802
Z_Axis_Load,40,2025-07-22 11:55:08.027802
Z_Position,-4.30259193467025,2025-07-22 11:55:08.027802
COR_Status,1,2025-07-22 11:55:08.027802
Controller_Mode,MANUAL,2025-07-22 11:55:08.027802
EStop_State,ARMED,2025-07-22 11:55:08.027802
Machine_Mode,2,2025-07-22 11:55:08.027802
Block_Number,66,2025-07-22 11:55:08.027802
Current_Tool,72,2025-07-22 11:55:08.027802
Part_Count,10,2025-07-22 11:55:08.027802
Program_Name_Running,000454_D_A_PROGRAM_3.NC,2025-07-22 11:55:08.027802
voltage,133.6,2025-07-22 11:55:08.027802
current,3.703333333333333,2025-07-22 11:55:08.027802
active power,409.6666666666667,2025-07-22 11:55:08.027802
forward kWh,27.242666666666665,2025-07-22 11:55:08.027802
reverse kWh,0.7256666666666667,2025-07-22 11:55:08.027802
frequency,59.98,2025-07-22 11:55:08.027802
power factor,0.7933333333333333,2025-07-22 11:55:08.027802
featureId,UNAVAILABLE,2025-07-22 11:55:09.028053
partKindId,NONE,2025-07-22 11:55:09.028053
processKindId,NONE,2025-07-22 11:55:09.028053
A_Axis_Load,106,2025-07-22 11:55:09.028053
A_Position,-89.9995631963877,2025-07-22 11:55:09.028053
C_Axis_Load,34,2025-07-22 11:55:09.028053
C_Position,120.0005,2025-07-22 11:55:09.028053
Machine_Time,2647410.622,2025-07-22 11:55:09.028053
Spindle_Time,709602.711000001,2025-07-22 11:55:09.028053
Feed_Override,100,2025-07-22 11:55:09.028053
Feed_Rate,0,2025-07-22 11:55:09.028053
Program_Runtime_Seconds,40,2025-07-22 11:55:09.028053
Rapid_Override,100,2025-07-22 11:55:09.028053
Rapid_Speed,0,2025-07-22 11:55:09.028053
S_Axis_Load,0,2025-07-22 11:55:09.028053
Spindle_Override,100,2025-07-22 11:55:09.028053
Spindle_Speed,0,2025-07-22 11:55:09.028053
X_Axis_Load,4,2025-07-22 11:55:09.028053
X_Position,379.846805990744,2025-07-22 11:55:09.028053
Y_Axis_Load,6,2025-07-22 11:55:09.028053
Y_Position,496.953400028809,2025-07-22 11:55:09.028053
Z_Axis_Load,40,2025-07-22 11:55:09.028053
Z_Position,-4.30260337827589,2025-07-22 11:55:09.028053
COR_Status,1,2025-07-22 11:55:09.028053
Controller_Mode,MANUAL,2025-07-22 11:55:09.028053
EStop_State,ARMED,2025-07-22 11:55:09.028053
Machine_Mode,2,2025-07-22 11:55:09.028053
Block_Number,66,2025-07-22 11:55:09.028053
Current_Tool,72,2025-07-22 11:55:09.028053
Part_Count,10,2025-07-22 11:55:09.028053
Program_Name_Running,000454_D_A_PROGRAM_3.NC,2025-07-22 11:55:09.028053
voltage,133.53333333333333,2025-07-22 11:55:09.028053
current,3.686666666666667,2025-07-22 11:55:09.028053
active power,405.6666666666667,2025-07-22 11:55:09.028053
forward kWh,27.242666666666665,2025-07-22 11:55:09.028053
reverse kWh,0.7256666666666667,2025-07-22 11:55:09.028053
frequency,59.98,2025-07-22 11:55:09.028053
power factor,0.7866666666666666,2025-07-22 11:55:09.028053
featureId,UNAVAILABLE,2025-07-22 11:55:10.028304
partKindId,NONE,2025-07-22 11:55:10.028304
processKindId,NONE,2025-07-22 11:55:10.028304
A_Axis_Load,106,2025-07-22 11:55:10.028304
A_Position,-89.9995631963877,2025-07-22 11:55:10.028304
C_Axis_Load,33,2025-07-22 11:55:10.028304
C_Position,120.0005,2025-07-22 11:55:10.028304
Machine_Time,2647410.622,2025-07-22 11:55:10.028304
Spindle_Time,709602.711000001,2025-07-22 11:55:10.028304
Feed_Override,100,2025-07-22 11:55:10.028304
Feed_Rate,0,2025-07-22 11:55:10.028304
Program_Runtime_Seconds,40,2025-07-22 11:55:10.028304
Rapid_Override,100,2025-07-22 11:55:10.028304
Rapid_Speed,0,2025-07-22 11:55:10.028304
S_Axis_Load,0,2025-07-22 11:55:10.028304
Spindle_Override,100,2025-07-22 11:55:10.028304
Spindle_Speed,0,2025-07-22 11:55:10.028304
X_Axis_Load,4,2025-07-22 11:55:10.028304
X_Position,379.846805990744,2025-07-22 11:55:10.028304
Y_Axis_Load,6,2025-07-22 11:55:10.028304
Y_Position,496.953400028809,2025-07-22 11:55:10.028304
Z_Axis_Load,40,2025-07-22 11:55:10.028304
Z_Position,-4.30260337827589,2025-07-22 11:55:10.028304
COR_Status,1,2025-07-22 11:55:10.028304
Controller_Mode,MANUAL,2025-07-22 11:55:10.028304
EStop_State,ARMED,2025-07-22 11:55:10.028304
Machine_Mode,2,2025-07-22 11:55:10.028304
Block_Number,66,2025-07-22 11:55:10.028304
Current_Tool,72,2025-07-22 11:55:10.028304
Part_Count,10,2025-07-22 11:55:10.028304
Program_Name_Running,000454_D_A_PROGRAM_3.NC,2025-07-22 11:55:10.028304
voltage,133.5666666666667,2025-07-22 11:55:10.028304
current,3.74,2025-07-22 11:55:10.028304
active power,413.3333333333333,2025-07-22 11:55:10.028304
forward kWh,27.242666666666665,2025-07-22 11:55:10.028304
reverse kWh,0.7256666666666667,2025-07-22 11:55:10.028304
frequency,59.99,2025-07-22 11:55:10.028304
power factor,0.7866666666666666,2025-07-22 11:55:10.028304
featureId,UNAVAILABLE,2025-07-22 11:55:11.028555
partKindId,NONE,2025-07-22 11:55:11.028555
processKindId,NONE,2025-07-22 11:55:11.028555
A_Axis_Load,106,2025-07-22 11:55:11.028555
A_Position,-89.9995631963877,2025-07-22 11:55:11.028555
C_Axis_Load,32,2025-07-22 11:55:11.028555
C_Position,120.001,2025-07-22 11:55:11.028555
Machine_Time,2647410.622,2025-07-22 11:55:11.028555
Spindle_Time,709602.711000001,2025-07-22 11:55:11.028555
Feed_Override,100,2025-07-22 11:55:11.028555
Feed_Rate,0,2025-07-22 11:55:11.028555
Program_Runtime_Seconds,40,2025-07-22 11:55:11.028555
Rapid_Override,100,2025-07-22 11:55:11.028555
Rapid_Speed,0,2025-07-22 11:55:11.028555
S_Axis_Load,0,2025-07-22 11:55:11.028555
Spindle_Override,100,2025-07-22 11:55:11.028555
Spindle_Speed,0,2025-07-22 11:55:11.028555
X_Axis_Load,4,2025-07-22 11:55:11.028555
X_Position,379.846805990744,2025-07-22 11:55:11.028555
Y_Axis_Load,6,2025-07-22 11:55:11.028555
Y_Position,496.953400028809,2025-07-22 11:55:11.028555
Z_Axis_Load,40,2025-07-22 11:55:11.028555
Z_Position,-4.30260337827589,2025-07-22 11:55:11.028555
COR_Status,1,2025-07-22 11:55:11.028555
Controller_Mode,AUTO,2025-07-22 11:55:11.028555
EStop_State,ARMED,2025-07-22 11:55:11.028555
Machine_Mode,4,2025-07-22 11:55:11.028555
Block_Number,66,2025-07-22 11:55:11.028555
Current_Tool,72,2025-07-22 11:55:11.028555
Part_Count,10,2025-07-22 11:55:11.028555
Program_Name_Running,000454_D_A_PROGRAM_3.NC,2025-07-22 11:55:11.028555
voltage,133.5666666666667,2025-07-22 11:55:11.028555
current,3.706666666666667,2025-07-22 11:55:11.028555
active power,408.6666666666667,2025-07-22 11:55:11.028555
forward kWh,27.242666666666665,2025-07-22 11:55:11.028555
reverse kWh,0.7256666666666667,2025-07-22 11:55:11.028555
frequency,59.99,2025-07-22 11:55:11.028555
power factor,0.7866666666666666,2025-07-22 11:55:11.028555
featureId,UNAVAILABLE,2025-07-22 11:55:12.028809
partKindId,NONE,2025-07-22 11:55:12.028809
processKindId,NONE,2025-07-22 11:55:12.028809
A_Axis_Load,106,2025-07-22 11:55:12.028809
A_Position,-89.9995631963877,2025-07-22 11:55:12.028809
C_Axis_Load,3,2025-07-22 11:55:12.028809
C_Position,120.001,2025-07-22 11:55:12.028809
Machine_Time,2647410.622,2025-07-22 11:55:12.028809
Spindle_Time,709602.711000001,2025-07-22 11:55:12.028809
Feed_Override,100,2025-07-22 11:55:12.028809
Feed_Rate,0,2025-07-22 11:55:12.028809
Program_Runtime_Seconds,40,2025-07-22 11:55:12.028809
Rapid_Override,100,2025-07-22 11:55:12.028809
Rapid_Speed,0,2025-07-22 11:55:12.028809
S_Axis_Load,0,2025-07-22 11:55:12.028809
Spindle_Override,100,2025-07-22 11:55:12.028809
Spindle_Speed,0,2025-07-22 11:55:12.028809
X_Axis_Load,4,2025-07-22 11:55:12.028809
X_Position,379.84679454674,2025-07-22 11:55:12.028809
Y_Axis_Load,6,2025-07-22 11:55:12.028809
Y_Position,496.953400028809,2025-07-22 11:55:12.028809
Z_Axis_Load,40,2025-07-22 11:55:12.028809
Z_Position,-4.30260337827589,2025-07-22 11:55:12.028809
COR_Status,1,2025-07-22 11:55:12.028809
Controller_Mode,AUTO,2025-07-22 11:55:12.028809
EStop_State,ARMED,2025-07-22 11:55:12.028809
Machine_Mode,4,2025-07-22 11:55:12.028809
Block_Number,66,2025-07-22 11:55:12.028809
Current_Tool,72,2025-07-22 11:55:12.028809
Part_Count,10,2025-07-22 11:55:12.028809
Program_Name_Running,000454_D_A_PROGRAM_3.NC,2025-07-22 11:55:12.028809
voltage,133.53333333333333,2025-07-22 11:55:12.028809
current,3.7366666666666664,2025-07-22 11:55:12.028809
active power,411.6666666666667,2025-07-22 11:55:12.028809
forward kWh,27.242666666666665,2025-07-22 11:55:12.028809
reverse kWh,0.7256666666666667,2025-07-22 11:55:12.028809
frequency,59.99,2025-07-22 11:55:12.028809
power factor,0.7799999999999999,2025-07-22 11:55:12.028809
featureId,UNAVAILABLE,2025-07-22 11:55:13.029051
partKindId,NONE,2025-07-22 11:55:13.029051
processKindId,NONE,2025-07-22 11:55:13.029051
A_Axis_Load,106,2025-07-22 11:55:13.029051
A_Position,-89.9995631963877,2025-07-22 11:55:13.029051
C_Axis_Load,3,2025-07-22 11:55:13.029051
C_Position,120.001,2025-07-22 11:55:13.029051
Machine_Time,2647410.622,2025-07-22 11:55:13.029051
Spindle_Time,709602.711000001,2025-07-22 11:55:13.029051
Feed_Override,100,2025-07-22 11:55:13.029051
Feed_Rate,0,2025-07-22 11:55:13.029051
Program_Runtime_Seconds,40,2025-07-22 11:55:13.029051
Rapid_Override,100,2025-07-22 11:55:13.029051
Rapid_Speed,0,2025-07-22 11:55:13.029051
S_Axis_Load,0,2025-07-22 11:55:13.029051
Spindle_Override,100,2025-07-22 11:55:13.029051
Spindle_Speed,0,2025-07-22 11:55:13.029051
X_Axis_Load,4,2025-07-22 11:55:13.029051
X_Position,379.84679454674,2025-07-22 11:55:13.029051
Y_Axis_Load,6,2025-07-22 11:55:13.029051
Y_Position,496.953400028809,2025-07-22 11:55:13.029051
Z_Axis_Load,40,2025-07-22 11:55:13.029051
Z_Position,-4.30260337827589,2025-07-22 11:55:13.029051
COR_Status,1,2025-07-22 11:55:13.029051
Controller_Mode,AUTO,2025-07-22 11:55:13.029051
EStop_State,ARMED,2025-07-22 11:55:13.029051
Machine_Mode,4,2025-07-22 11:55:13.029051
Block_Number,0,2025-07-22 11:55:13.029051
Current_Tool,72,2025-07-22 11:55:13.029051
Part_Count,10,2025-07-22 11:55:13.029051
Program_Name_Running,000454_D_A_PROGRAM_3.NC,2025-07-22 11:55:13.029051
voltage,133.6,2025-07-22 11:55:13.029051
current,3.67,2025-07-22 11:55:13.029051
active power,404.3333333333333,2025-07-22 11:55:13.029051
forward kWh,27.243,2025-07-22 11:55:13.029051
reverse kWh,0.7256666666666667,2025-07-22 11:55:13.029051
frequency,59.99,2025-07-22 11:55:13.029051
power factor,0.7833333333333333,2025-07-22 11:55:13.029051
featureId,UNAVAILABLE,2025-07-22 11:55:14.029287
partKindId,NONE,2025-07-22 11:55:14.029287
processKindId,NONE,2025-07-22 11:55:14.029287
A_Axis_Load,106,2025-07-22 11:55:14.029287
A_Position,-89.9995631963877,2025-07-22 11:55:14.029287
C_Axis_Load,3,2025-07-22 11:55:14.029287
C_Position,120.001,2025-07-22 11:55:14.029287
Machine_Time,2647410.622,2025-07-22 11:55:14.029287
Spindle_Time,709602.711000001,2025-07-22 11:55:14.029287
Feed_Override,100,2025-07-22 11:55:14.029287
Feed_Rate,0,2025-07-22 11:55:14.029287
Program_Runtime_Seconds,40,2025-07-22 11:55:14.029287
Rapid_Override,100,2025-07-22 11:55:14.029287
Rapid_Speed,0,2025-07-22 11:55:14.029287
S_Axis_Load,0,2025-07-22 11:55:14.029287
Spindle_Override,100,2025-07-22 11:55:14.029287
Spindle_Speed,0,2025-07-22 11:55:14.029287
X_Axis_Load,4,2025-07-22 11:55:14.029287
X_Position,379.846805990744,2025-07-22 11:55:14.029287
Y_Axis_Load,6,2025-07-22 11:55:14.029287
Y_Position,496.953400028809,2025-07-22 11:55:14.029287
Z_Axis_Load,40,2025-07-22 11:55:14.029287
Z_Position,-4.30260337827589,2025-07-22 11:55:14.029287
COR_Status,1,2025-07-22 11:55:14.029287
Controller_Mode,AUTO,2025-07-22 11:55:14.029287
EStop_State,ARMED,2025-07-22 11:55:14.029287
Machine_Mode,4,2025-07-22 11:55:14.029287
Block_Number,0,2025-07-22 11:55:14.029287
Current_Tool,72,2025-07-22 11:55:14.029287
Part_Count,10,2025-07-22 11:55:14.029287
Program_Name_Running,000454_D_A_PROGRAM_3.NC,2025-07-22 11:55:14.029287
voltage,133.56666666666663,2025-07-22 11:55:14.029287
current,3.6700000000000004,2025-07-22 11:55:14.029287
active power,404.0,2025-07-22 11:55:14.029287
forward kWh,27.243,2025-07-22 11:55:14.029287
reverse kWh,0.7256666666666667,2025-07-22 11:55:14.029287
frequency,59.99,2025-07-22 11:55:14.029287
power factor,0.7799999999999999,2025-07-22 11:55:14.029287
featureId,UNAVAILABLE,2025-07-22 11:55:15.029540
partKindId,NONE,2025-07-22 11:55:15.029540
processKindId,NONE,2025-07-22 11:55:15.029540
A_Axis_Load,106,2025-07-22 11:55:15.029540
A_Position,-89.9995631963877,2025-07-22 11:55:15.029540
C_Axis_Load,3,2025-07-22 11:55:15.029540
C_Position,120.001,2025-07-22 11:55:15.029540
Machine_Time,2647410.622,2025-07-22 11:55:15.029540
Spindle_Time,709602.711000001,2025-07-22 11:55:15.029540
Feed_Override,100,2025-07-22 11:55:15.029540
Feed_Rate,0,2025-07-22 11:55:15.029540
Program_Runtime_Seconds,40,2025-07-22 11:55:15.029540
Rapid_Override,100,2025-07-22 11:55:15.029540
Rapid_Speed,0,2025-07-22 11:55:15.029540
S_Axis_Load,0,2025-07-22 11:55:15.029540
Spindle_Override,100,2025-07-22 11:55:15.029540
Spindle_Speed,0,2025-07-22 11:55:15.029540
X_Axis_Load,4,2025-07-22 11:55:15.029540
X_Position,379.84679454674,2025-07-22 11:55:15.029540
Y_Axis_Load,6,2025-07-22 11:55:15.029540
Y_Position,496.953400028809,2025-07-22 11:55:15.029540
Z_Axis_Load,40,2025-07-22 11:55:15.029540
Z_Position,-4.30260337827589,2025-07-22 11:55:15.029540
COR_Status,1,2025-07-22 11:55:15.029540
Controller_Mode,AUTO,2025-07-22 11:55:15.029540
EStop_State,ARMED,2025-07-22 11:55:15.029540
Machine_Mode,4,2025-07-22 11:55:15.029540
Block_Number,0,2025-07-22 11:55:15.029540
Current_Tool,72,2025-07-22 11:55:15.029540
Part_Count,10,2025-07-22 11:55:15.029540
Program_Name_Running,000454_D_A_PROGRAM_3.NC,2025-07-22 11:55:15.029540
voltage,133.6,2025-07-22 11:55:15.029540
current,3.6500000000000004,2025-07-22 11:55:15.029540
active power,402.3333333333333,2025-07-22 11:55:15.029540
forward kWh,27.243333333333336,2025-07-22 11:55:15.029540
reverse kWh,0.7256666666666667,2025-07-22 11:55:15.029540
frequency,59.99,2025-07-22 11:55:15.029540
power factor,0.7799999999999999,2025-07-22 11:55:15.029540
featureId,UNAVAILABLE,2025-07-22 11:55:16.029796
partKindId,NONE,2025-07-22 11:55:16.029796
processKindId,NONE,2025-07-22 11:55:16.029796
A_Axis_Load,106,2025-07-22 11:55:16.029796
A_Position,-89.9995631963877,2025-07-22 11:55:16.029796
C_Axis_Load,3,2025-07-22 11:55:16.029796
C_Position,120.001,2025-07-22 11:55:16.029796
Machine_Time,2647410.622,2025-07-22 11:55:16.029796
Spindle_Time,709602.711000001,2025-07-22 11:55:16.029796
Feed_Override,100,2025-07-22 11:55:16.029796
Feed_Rate,0,2025-07-22 11:55:16.029796
Program_Runtime_Seconds,40,2025-07-22 11:55:16.029796
Rapid_Override,100,2025-07-22 11:55:16.029796
Rapid_Speed,0,2025-07-22 11:55:16.029796
S_Axis_Load,0,2025-07-22 11:55:16.029796
Spindle_Override,100,2025-07-22 11:55:16.029796
Spindle_Speed,0,2025-07-22 11:55:16.029796
X_Axis_Load,4,2025-07-22 11:55:16.029796
X_Position,379.84679454674,2025-07-22 11:55:16.029796
Y_Axis_Load,6,2025-07-22 11:55:16.029796
Y_Position,496.953400028809,2025-07-22 11:55:16.029796
Z_Axis_Load,40,2025-07-22 11:55:16.029796
Z_Position,-4.30260337827589,2025-07-22 11:55:16.029796
COR_Status,1,2025-07-22 11:55:16.029796
Controller_Mode,AUTO,2025-07-22 11:55:16.029796
EStop_State,ARMED,2025-07-22 11:55:16.029796
Machine_Mode,4,2025-07-22 11:55:16.029796
Block_Number,0,2025-07-22 11:55:16.029796
Current_Tool,72,2025-07-22 11:55:16.029796
Part_Count,10,2025-07-22 11:55:16.029796
Program_Name_Running,000454_D_A_PROGRAM_3.NC,2025-07-22 11:55:16.029796
voltage,133.6,2025-07-22 11:55:16.029796
current,3.6833333333333336,2025-07-22 11:55:16.029796
active power,406.0,2025-07-22 11:55:16.029796
forward kWh,27.243333333333336,2025-07-22 11:55:16.029796
reverse kWh,0.7256666666666667,2025-07-22 11:55:16.029796
frequency,59.99,2025-07-22 11:55:16.029796
power factor,0.7866666666666666,2025-07-22 11:55:16.029796
featureId,UNAVAILABLE,2025-07-22 11:55:17.030044
partKindId,NONE,2025-07-22 11:55:17.030044
processKindId,NONE,2025-07-22 11:55:17.030044
A_Axis_Load,106,2025-07-22 11:55:17.030044
A_Position,-89.9995631963877,2025-07-22 11:55:17.030044
C_Axis_Load,3,2025-07-22 11:55:17.030044
C_Position,120.001,2025-07-22 11:55:17.030044
Machine_Time,2647410.622,2025-07-22 11:55:17.030044
Spindle_Time,709602.711000001,2025-07-22 11:55:17.030044
Feed_Override,100,2025-07-22 11:55:17.030044
Feed_Rate,0,2025-07-22 11:55:17.030044
Program_Runtime_Seconds,40,2025-07-22 11:55:17.030044
Rapid_Override,100,2025-07-22 11:55:17.030044
Rapid_Speed,0,2025-07-22 11:55:17.030044
S_Axis_Load,0,2025-07-22 11:55:17.030044
Spindle_Override,100,2025-07-22 11:55:17.030044
Spindle_Speed,0,2025-07-22 11:55:17.030044
X_Axis_Load,4,2025-07-22 11:55:17.030044
X_Position,379.846805990744,2025-07-22 11:55:17.030044
Y_Axis_Load,6,2025-07-22 11:55:17.030044
Y_Position,496.953400028809,2025-07-22 11:55:17.030044
Z_Axis_Load,40,2025-07-22 11:55:17.030044
Z_Position,-4.30259193467025,2025-07-22 11:55:17.030044
COR_Status,1,2025-07-22 11:55:17.030044
Controller_Mode,AUTO,2025-07-22 11:55:17.030044
EStop_State,ARMED,2025-07-22 11:55:17.030044
Machine_Mode,4,2025-07-22 11:55:17.030044
Block_Number,0,2025-07-22 11:55:17.030044
Current_Tool,72,2025-07-22 11:55:17.030044
Part_Count,10,2025-07-22 11:55:17.030044
Program_Name_Running,000454_D_A_PROGRAM_3.NC,2025-07-22 11:55:17.030044
voltage,133.6,2025-07-22 11:55:17.030044
current,3.6633333333333336,2025-07-22 11:55:17.030044
active power,403.6666666666667,2025-07-22 11:55:17.030044
forward kWh,27.243333333333336,2025-07-22 11:55:17.030044
reverse kWh,0.7256666666666667,2025-07-22 11:55:17.030044
frequency,59.99,2025-07-22 11:55:17.030044
power factor,0.7833333333333333,2025-07-22 11:55:17.030044
featureId,UNAVAILABLE,2025-07-22 11:55:18.030303
partKindId,NONE,2025-07-22 11:55:18.030303
processKindId,NONE,2025-07-22 11:55:18.030303
A_Axis_Load,106,2025-07-22 11:55:18.030303
A_Position,-89.9995631963877,2025-07-22 11:55:18.030303
C_Axis_Load,3,2025-07-22 11:55:18.030303
C_Position,120.001,2025-07-22 11:55:18.030303
Machine_Time,2647410.622,2025-07-22 11:55:18.030303
Spindle_Time,709602.711000001,2025-07-22 11:55:18.030303
Feed_Override,100,2025-07-22 11:55:18.030303
Feed_Rate,0,2025-07-22 11:55:18.030303
Program_Runtime_Seconds,40,2025-07-22 11:55:18.030303
Rapid_Override,100,2025-07-22 11:55:18.030303
Rapid_Speed,0,2025-07-22 11:55:18.030303
S_Axis_Load,0,2025-07-22 11:55:18.030303
Spindle_Override,100,2025-07-22 11:55:18.030303
Spindle_Speed,0,2025-07-22 11:55:18.030303
X_Axis_Load,4,2025-07-22 11:55:18.030303
X_Position,379.84679454674,2025-07-22 11:55:18.030303
Y_Axis_Load,6,2025-07-22 11:55:18.030303
Y_Position,496.953400028809,2025-07-22 11:55:18.030303
Z_Axis_Load,40,2025-07-22 11:55:18.030303
Z_Position,-4.30260337827589,2025-07-22 11:55:18.030303
COR_Status,1,2025-07-22 11:55:18.030303
Controller_Mode,AUTO,2025-07-22 11:55:18.030303
EStop_State,ARMED,2025-07-22 11:55:18.030303
Machine_Mode,4,2025-07-22 11:55:18.030303
Block_Number,0,2025-07-22 11:55:18.030303
Current_Tool,72,2025-07-22 11:55:18.030303
Part_Count,9,2025-07-22 11:55:18.030303
Program_Name_Running,000454_D_A_PROGRAM_3.NC,2025-07-22 11:55:18.030303
voltage,133.63333333333333,2025-07-22 11:55:18.030303
current,3.6666666666666674,2025-07-22 11:55:18.030303
active power,404.6666666666667,2025-07-22 11:55:18.030303
forward kWh,27.243333333333336,2025-07-22 11:55:18.030303
reverse kWh,0.7256666666666667,2025-07-22 11:55:18.030303
frequency,59.99,2025-07-22 11:55:18.030303
power factor,0.7833333333333333,2025-07-22 11:55:18.030303
featureId,UNAVAILABLE,2025-07-22 11:55:19.030554
partKindId,NONE,2025-07-22 11:55:19.030554
processKindId,NONE,2025-07-22 11:55:19.030554
A_Axis_Load,106,2025-07-22 11:55:19.030554
A_Position,-89.9995631963877,2025-07-22 11:55:19.030554
C_Axis_Load,3,2025-07-22 11:55:19.030554
C_Position,120.001,2025-07-22 11:55:19.030554
Machine_Time,2647410.622,2025-07-22 11:55:19.030554
Spindle_Time,709602.711000001,2025-07-22 11:55:19.030554
Feed_Override,100,2025-07-22 11:55:19.030554
Feed_Rate,0,2025-07-22 11:55:19.030554
Program_Runtime_Seconds,40,2025-07-22 11:55:19.030554
Rapid_Override,100,2025-07-22 11:55:19.030554
Rapid_Speed,0,2025-07-22 11:55:19.030554
S_Axis_Load,0,2025-07-22 11:55:19.030554
Spindle_Override,100,2025-07-22 11:55:19.030554
Spindle_Speed,0,2025-07-22 11:55:19.030554
X_Axis_Load,4,2025-07-22 11:55:19.030554
X_Position,379.84679454674,2025-07-22 11:55:19.030554
Y_Axis_Load,6,2025-07-22 11:55:19.030554
Y_Position,496.953400028809,2025-07-22 11:55:19.030554
Z_Axis_Load,40,2025-07-22 11:55:19.030554
Z_Position,-4.30259193467025,2025-07-22 11:55:19.030554
COR_Status,1,2025-07-22 11:55:19.030554
Controller_Mode,AUTO,2025-07-22 11:55:19.030554
EStop_State,ARMED,2025-07-22 11:55:19.030554
Machine_Mode,4,2025-07-22 11:55:19.030554
Block_Number,0,2025-07-22 11:55:19.030554
Current_Tool,72,2025-07-22 11:55:19.030554
Part_Count,9,2025-07-22 11:55:19.030554
Program_Name_Running,000454_D_A_PROGRAM_3.NC,2025-07-22 11:55:19.030554
voltage,133.53333333333333,2025-07-22 11:55:19.030554
current,3.6833333333333336,2025-07-22 11:55:19.030554
active power,406.0,2025-07-22 11:55:19.030554
forward kWh,27.243333333333336,2025-07-22 11:55:19.030554
reverse kWh,0.7256666666666667,2025-07-22 11:55:19.030554
frequency,59.99,2025-07-22 11:55:19.030554
power factor,0.7866666666666666,2025-07-22 11:55:19.030554
featureId,UNAVAILABLE,2025-07-22 11:55:20.030805
partKindId,NONE,2025-07-22 11:55:20.030805
processKindId,NONE,2025-07-22 11:55:20.030805
A_Axis_Load,106,2025-07-22 11:55:20.030805
A_Position,-89.9995631963877,2025-07-22 11:55:20.030805
C_Axis_Load,3,2025-07-22 11:55:20.030805
C_Position,120.001,2025-07-22 11:55:20.030805
Machine_Time,2647410.622,2025-07-22 11:55:20.030805
Spindle_Time,709602.711000001,2025-07-22 11:55:20.030805
Feed_Override,100,2025-07-22 11:55:20.030805
Feed_Rate,0,2025-07-22 11:55:20.030805
Program_Runtime_Seconds,40,2025-07-22 11:55:20.030805
Rapid_Override,100,2025-07-22 11:55:20.030805
Rapid_Speed,0,2025-07-22 11:55:20.030805
S_Axis_Load,0,2025-07-22 11:55:20.030805
Spindle_Override,100,2025-07-22 11:55:20.030805
Spindle_Speed,0,2025-07-22 11:55:20.030805
X_Axis_Load,4,2025-07-22 11:55:20.030805
X_Position,379.84679454674,2025-07-22 11:55:20.030805
Y_Axis_Load,6,2025-07-22 11:55:20.030805
Y_Position,496.953388584717,2025-07-22 11:55:20.030805
Z_Axis_Load,40,2025-07-22 11:55:20.030805
Z_Position,-4.30259193467025,2025-07-22 11:55:20.030805
COR_Status,1,2025-07-22 11:55:20.030805
Controller_Mode,AUTO,2025-07-22 11:55:20.030805
EStop_State,ARMED,2025-07-22 11:55:20.030805
Machine_Mode,4,2025-07-22 11:55:20.030805
Block_Number,0,2025-07-22 11:55:20.030805
Current_Tool,72,2025-07-22 11:55:20.030805
Part_Count,9,2025-07-22 11:55:20.030805
Program_Name_Running,000454_D_A_PROGRAM_3.NC,2025-07-22 11:55:20.030805
voltage,133.5666666666667,2025-07-22 11:55:20.030805
current,3.66,2025-07-22 11:55:20.030805
active power,403.3333333333333,2025-07-22 11:55:20.030805
forward kWh,27.243333333333336,2025-07-22 11:55:20.030805
reverse kWh,0.7256666666666667,2025-07-22 11:55:20.030805
frequency,59.99,2025-07-22 11:55:20.030805
power factor,0.79,2025-07-22 11:55:20.030805
featureId,UNAVAILABLE,2025-07-22 11:55:21.031031
partKindId,NONE,2025-07-22 11:55:21.031031
processKindId,NONE,2025-07-22 11:55:21.031031
A_Axis_Load,106,2025-07-22 11:55:21.031031
A_Position,-89.9995631963877,2025-07-22 11:55:21.031031
C_Axis_Load,3,2025-07-22 11:55:21.031031
C_Position,120.001,2025-07-22 11:55:21.031031
Machine_Time,2647410.622,2025-07-22 11:55:21.031031
Spindle_Time,709602.711000001,2025-07-22 11:55:21.031031
Feed_Override,100,2025-07-22 11:55:21.031031
Feed_Rate,0,2025-07-22 11:55:21.031031
Program_Runtime_Seconds,40,2025-07-22 11:55:21.031031
Rapid_Override,100,2025-07-22 11:55:21.031031
Rapid_Speed,0,2025-07-22 11:55:21.031031
S_Axis_Load,0,2025-07-22 11:55:21.031031
Spindle_Override,100,2025-07-22 11:55:21.031031
Spindle_Speed,0,2025-07-22 11:55:21.031031
X_Axis_Load,4,2025-07-22 11:55:21.031031
X_Position,379.84679454674,2025-07-22 11:55:21.031031
Y_Axis_Load,6,2025-07-22 11:55:21.031031
Y_Position,496.953400028809,2025-07-22 11:55:21.031031
Z_Axis_Load,40,2025-07-22 11:55:21.031031
Z_Position,-4.30260337827589,2025-07-22 11:55:21.031031
COR_Status,1,2025-07-22 11:55:21.031031
Controller_Mode,AUTO,2025-07-22 11:55:21.031031
EStop_State,ARMED,2025-07-22 11:55:21.031031
Machine_Mode,4,2025-07-22 11:55:21.031031
Block_Number,0,2025-07-22 11:55:21.031031
Current_Tool,72,2025-07-22 11:55:21.031031
Part_Count,9,2025-07-22 11:55:21.031031
Program_Name_Running,000454_D_A_PROGRAM_3.NC,2025-07-22 11:55:21.031031
voltage,133.5666666666667,2025-07-22 11:55:21.031031
current,3.676666666666667,2025-07-22 11:55:21.031031
active power,405.3333333333333,2025-07-22 11:55:21.031031
forward kWh,27.243333333333336,2025-07-22 11:55:21.031031
reverse kWh,0.7256666666666667,2025-07-22 11:55:21.031031
frequency,59.99,2025-07-22 11:55:21.031031
power factor,0.7866666666666666,2025-07-22 11:55:21.031031
featureId,UNAVAILABLE,2025-07-22 11:55:22.031300
partKindId,NONE,2025-07-22 11:55:22.031300
processKindId,NONE,2025-07-22 11:55:22.031300
A_Axis_Load,106,2025-07-22 11:55:22.031300
A_Position,-89.9995631963877,2025-07-22 11:55:22.031300
C_Axis_Load,3,2025-07-22 11:55:22.031300
C_Position,120.001,2025-07-22 11:55:22.031300
Machine_Time,2647410.622,2025-07-22 11:55:22.031300
Spindle_Time,709602.711000001,2025-07-22 11:55:22.031300
Feed_Override,100,2025-07-22 11:55:22.031300
Feed_Rate,0,2025-07-22 11:55:22.031300
Program_Runtime_Seconds,40,2025-07-22 11:55:22.031300
Rapid_Override,100,2025-07-22 11:55:22.031300
Rapid_Speed,0,2025-07-22 11:55:22.031300
S_Axis_Load,0,2025-07-22 11:55:22.031300
Spindle_Override,100,2025-07-22 11:55:22.031300
Spindle_Speed,0,2025-07-22 11:55:22.031300
X_Axis_Load,4,2025-07-22 11:55:22.031300
X_Position,379.846805990744,2025-07-22 11:55:22.031300
Y_Axis_Load,6,2025-07-22 11:55:22.031300
Y_Position,496.953400028809,2025-07-22 11:55:22.031300
Z_Axis_Load,40,2025-07-22 11:55:22.031300
Z_Position,-4.30260337827589,2025-07-22 11:55:22.031300
COR_Status,1,2025-07-22 11:55:22.031300
Controller_Mode,AUTO,2025-07-22 11:55:22.031300
EStop_State,ARMED,2025-07-22 11:55:22.031300
Machine_Mode,4,2025-07-22 11:55:22.031300
Block_Number,0,2025-07-22 11:55:22.031300
Current_Tool,72,2025-07-22 11:55:22.031300
Part_Count,9,2025-07-22 11:55:22.031300
Program_Name_Running,000454_D_A_PROGRAM_3.NC,2025-07-22 11:55:22.031300
voltage,133.53333333333333,2025-07-22 11:55:22.031300
current,3.6633333333333336,2025-07-22 11:55:22.031300
active power,400.6666666666667,2025-07-22 11:55:22.031300
forward kWh,27.244333333333334,2025-07-22 11:55:22.031300
reverse kWh,0.7256666666666667,2025-07-22 11:55:22.031300
frequency,59.99,2025-07-22 11:55:22.031300
power factor,0.7799999999999999,2025-07-22 11:55:22.031300
featureId,UNAVAILABLE,2025-07-22 11:55:23.031552
partKindId,NONE,2025-07-22 11:55:23.031552
processKindId,NONE,2025-07-22 11:55:23.031552
A_Axis_Load,106,2025-07-22 11:55:23.031552
A_Position,-89.9995631963877,2025-07-22 11:55:23.031552
C_Axis_Load,3,2025-07-22 11:55:23.031552
C_Position,120.001,2025-07-22 11:55:23.031552
Machine_Time,2647410.622,2025-07-22 11:55:23.031552
Spindle_Time,709602.711000001,2025-07-22 11:55:23.031552
Feed_Override,100,2025-07-22 11:55:23.031552
Feed_Rate,0,2025-07-22 11:55:23.031552
Program_Runtime_Seconds,40,2025-07-22 11:55:23.031552
Rapid_Override,100,2025-07-22 11:55:23.031552
Rapid_Speed,0,2025-07-22 11:55:23.031552
S_Axis_Load,0,2025-07-22 11:55:23.031552
Spindle_Override,100,2025-07-22 11:55:23.031552
Spindle_Speed,0,2025-07-22 11:55:23.031552
X_Axis_Load,4,2025-07-22 11:55:23.031552
X_Position,379.846805990744,2025-07-22 11:55:23.031552
Y_Axis_Load,6,2025-07-22 11:55:23.031552
Y_Position,496.953400028809,2025-07-22 11:55:23.031552
Z_Axis_Load,40,2025-07-22 11:55:23.031552
Z_Position,-4.30260337827589,2025-07-22 11:55:23.031552
COR_Status,1,2025-07-22 11:55:23.031552
Controller_Mode,AUTO,2025-07-22 11:55:23.031552
EStop_State,ARMED,2025-07-22 11:55:23.031552
Machine_Mode,4,2025-07-22 11:55:23.031552
Block_Number,0,2025-07-22 11:55:23.031552
Current_Tool,72,2025-07-22 11:55:23.031552
Part_Count,9,2025-07-22 11:55:23.031552
Program_Name_Running,000454_D_A_PROGRAM_3.NC,2025-07-22 11:55:23.031552
voltage,133.5666666666667,2025-07-22 11:55:23.031552
current,3.6666666666666665,2025-07-22 11:55:23.031552
active power,405.3333333333333,2025-07-22 11:55:23.031552
forward kWh,27.244333333333334,2025-07-22 11:55:23.031552
reverse kWh,0.7256666666666667,2025-07-22 11:55:23.031552
frequency,59.99,2025-07-22 11:55:23.031552
power factor,0.7866666666666666,2025-07-22 11:55:23.031552
featureId,UNAVAILABLE,2025-07-22 11:55:24.031822
partKindId,NONE,2025-07-22 11:55:24.031822
processKindId,NONE,2025-07-22 11:55:24.031822
A_Axis_Load,106,2025-07-22 11:55:24.031822
A_Position,-89.9995631963877,2025-07-22 11:55:24.031822
C_Axis_Load,3,2025-07-22 11:55:24.031822
C_Position,120.001,2025-07-22 11:55:24.031822
Machine_Time,2647410.622,2025-07-22 11:55:24.031822
Spindle_Time,709602.711000001,2025-07-22 11:55:24.031822
Feed_Override,100,2025-07-22 11:55:24.031822
Feed_Rate,0,2025-07-22 11:55:24.031822
Program_Runtime_Seconds,40,2025-07-22 11:55:24.031822
Rapid_Override,100,2025-07-22 11:55:24.031822
Rapid_Speed,0,2025-07-22 11:55:24.031822
S_Axis_Load,0,2025-07-22 11:55:24.031822
Spindle_Override,100,2025-07-22 11:55:24.031822
Spindle_Speed,0,2025-07-22 11:55:24.031822
X_Axis_Load,4,2025-07-22 11:55:24.031822
X_Position,379.84679454674,2025-07-22 11:55:24.031822
Y_Axis_Load,6,2025-07-22 11:55:24.031822
Y_Position,496.953400028809,2025-07-22 11:55:24.031822
Z_Axis_Load,40,2025-07-22 11:55:24.031822
Z_Position,-4.30260337827589,2025-07-22 11:55:24.031822
COR_Status,1,2025-07-22 11:55:24.031822
Controller_Mode,AUTO,2025-07-22 11:55:24.031822
EStop_State,ARMED,2025-07-22 11:55:24.031822
Machine_Mode,4,2025-07-22 11:55:24.031822
Block_Number,0,2025-07-22 11:55:24.031822
Current_Tool,72,2025-07-22 11:55:24.031822
Part_Count,9,2025-07-22 11:55:24.031822
Program_Name_Running,000454_D_A_PROGRAM_3.NC,2025-07-22 11:55:24.031822
voltage,133.5666666666667,2025-07-22 11:55:24.031822
current,3.6533333333333338,2025-07-22 11:55:24.031822
active power,400.3333333333333,2025-07-22 11:55:24.031822
forward kWh,27.244333333333334,2025-07-22 11:55:24.031822
reverse kWh,0.7256666666666667,2025-07-22 11:55:24.031822
frequency,59.99,2025-07-22 11:55:24.031822
power factor,0.7833333333333333,2025-07-22 11:55:24.031822
featureId,UNAVAILABLE,2025-07-22 11:55:25.032066
partKindId,NONE,2025-07-22 11:55:25.032066
processKindId,NONE,2025-07-22 11:55:25.032066
A_Axis_Load,106,2025-07-22 11:55:25.032066
A_Position,-89.9995631963877,2025-07-22 11:55:25.032066
C_Axis_Load,3,2025-07-22 11:55:25.032066
C_Position,120.001,2025-07-22 11:55:25.032066
Machine_Time,2647410.622,2025-07-22 11:55:25.032066
Spindle_Time,709602.711000001,2025-07-22 11:55:25.032066
Feed_Override,100,2025-07-22 11:55:25.032066
Feed_Rate,0,2025-07-22 11:55:25.032066
Program_Runtime_Seconds,40,2025-07-22 11:55:25.032066
Rapid_Override,100,2025-07-22 11:55:25.032066
Rapid_Speed,0,2025-07-22 11:55:25.032066
S_Axis_Load,0,2025-07-22 11:55:25.032066
Spindle_Override,100,2025-07-22 11:55:25.032066
Spindle_Speed,0,2025-07-22 11:55:25.032066
X_Axis_Load,4,2025-07-22 11:55:25.032066
X_Position,379.84679454674,2025-07-22 11:55:25.032066
Y_Axis_Load,6,2025-07-22 11:55:25.032066
Y_Position,496.953400028809,2025-07-22 11:55:25.032066
Z_Axis_Load,40,2025-07-22 11:55:25.032066
Z_Position,-4.30260337827589,2025-07-22 11:55:25.032066
COR_Status,1,2025-07-22 11:55:25.032066
Controller_Mode,AUTO,2025-07-22 11:55:25.032066
EStop_State,ARMED,2025-07-22 11:55:25.032066
Machine_Mode,4,2025-07-22 11:55:25.032066
Block_Number,0,2025-07-22 11:55:25.032066
Current_Tool,72,2025-07-22 11:55:25.032066
Part_Count,9,2025-07-22 11:55:25.032066
Program_Name_Running,000454_D_A_PROGRAM_3.NC,2025-07-22 11:55:25.032066
voltage,133.5666666666667,2025-07-22 11:55:25.032066
current,3.6500000000000004,2025-07-22 11:55:25.032066
active power,402.3333333333333,2025-07-22 11:55:25.032066
forward kWh,27.244333333333334,2025-07-22 11:55:25.032066
reverse kWh,0.7256666666666667,2025-07-22 11:55:25.032066
frequency,59.99,2025-07-22 11:55:25.032066
power factor,0.7866666666666666,2025-07-22 11:55:25.032066
featureId,UNAVAILABLE,2025-07-22 11:55:26.032335
partKindId,NONE,2025-07-22 11:55:26.032335
processKindId,NONE,2025-07-22 11:55:26.032335
A_Axis_Load,106,2025-07-22 11:55:26.032335
A_Position,-89.9995631963877,2025-07-22 11:55:26.032335
C_Axis_Load,3,2025-07-22 11:55:26.032335
C_Position,120.001,2025-07-22 11:55:26.032335
Machine_Time,2647410.622,2025-07-22 11:55:26.032335
Spindle_Time,709602.711000001,2025-07-22 11:55:26.032335
Feed_Override,100,2025-07-22 11:55:26.032335
Feed_Rate,633.3333,2025-07-22 11:55:26.032335
Program_Runtime_Seconds,0,2025-07-22 11:55:26.032335
Rapid_Override,100,2025-07-22 11:55:26.032335
Rapid_Speed,0,2025-07-22 11:55:26.032335
S_Axis_Load,0,2025-07-22 11:55:26.032335
Spindle_Override,100,2025-07-22 11:55:26.032335
Spindle_Speed,0,2025-07-22 11:55:26.032335
X_Axis_Load,101,2025-07-22 11:55:26.032335
X_Position,223.406658748809,2025-07-22 11:55:26.032335
Y_Axis_Load,6,2025-07-22 11:55:26.032335
Y_Position,496.953388584717,2025-07-22 11:55:26.032335
Z_Axis_Load,40,2025-07-22 11:55:26.032335
Z_Position,-4.30260337827589,2025-07-22 11:55:26.032335
COR_Status,1,2025-07-22 11:55:26.032335
Controller_Mode,AUTO,2025-07-22 11:55:26.032335
EStop_State,ARMED,2025-07-22 11:55:26.032335
Machine_Mode,5,2025-07-22 11:55:26.032335
Block_Number,10,2025-07-22 11:55:26.032335
Current_Tool,72,2025-07-22 11:55:26.032335
Part_Count,9,2025-07-22 11:55:26.032335
Program_Name_Running,000454_D_A_PROGRAM_4.NC,2025-07-22 11:55:26.032335
voltage,133.53333333333333,2025-07-22 11:55:26.032335
current,3.7300000000000004,2025-07-22 11:55:26.032335
active power,408.6666666666667,2025-07-22 11:55:26.032335
forward kWh,27.244333333333334,2025-07-22 11:55:26.032335
reverse kWh,0.7256666666666667,2025-07-22 11:55:26.032335
frequency,59.99,2025-07-22 11:55:26.032335
power factor,0.9700000000000001,2025-07-22 11:55:26.032335
featureId,UNAVAILABLE,2025-07-22 11:55:27.032579
partKindId,NONE,2025-07-22 11:55:27.032579
processKindId,NONE,2025-07-22 11:55:27.032579
A_Axis_Load,106,2025-07-22 11:55:27.032579
A_Position,-89.9995631963877,2025-07-22 11:55:27.032579
C_Axis_Load,3,2025-07-22 11:55:27.032579
C_Position,120.001,2025-07-22 11:55:27.032579
Machine_Time,2647410.622,2025-07-22 11:55:27.032579
Spindle_Time,709602.711000001,2025-07-22 11:55:27.032579
Feed_Override,100,2025-07-22 11:55:27.032579
Feed_Rate,38.13333,2025-07-22 11:55:27.032579
Program_Runtime_Seconds,1,2025-07-22 11:55:27.032579
Rapid_Override,100,2025-07-22 11:55:27.032579
Rapid_Speed,0,2025-07-22 11:55:27.032579
S_Axis_Load,1,2025-07-22 11:55:27.032579
Spindle_Override,100,2025-07-22 11:55:27.032579
Spindle_Speed,14.4965972700717,2025-07-22 11:55:27.032579
X_Axis_Load,6,2025-07-22 11:55:27.032579
X_Position,1.38679621920055,2025-07-22 11:55:27.032579
Y_Axis_Load,5,2025-07-22 11:55:27.032579
Y_Position,496.9534114729,2025-07-22 11:55:27.032579
Z_Axis_Load,28,2025-07-22 11:55:27.032579
Z_Position,-99.8657309828452,2025-07-22 11:55:27.032579
COR_Status,1,2025-07-22 11:55:27.032579
Controller_Mode,AUTO,2025-07-22 11:55:27.032579
EStop_State,ARMED,2025-07-22 11:55:27.032579
Machine_Mode,5,2025-07-22 11:55:27.032579
Block_Number,11,2025-07-22 11:55:27.032579
Current_Tool,72,2025-07-22 11:55:27.032579
Part_Count,9,2025-07-22 11:55:27.032579
Program_Name_Running,000454_D_A_PROGRAM_4.NC,2025-07-22 11:55:27.032579
voltage,133.03333333333333,2025-07-22 11:55:27.032579
current,10.24,2025-07-22 11:55:27.032579
active power,1053.3333333333333,2025-07-22 11:55:27.032579
forward kWh,27.244333333333334,2025-07-22 11:55:27.032579
reverse kWh,0.7256666666666667,2025-07-22 11:55:27.032579
frequency,59.99,2025-07-22 11:55:27.032579
power factor,0.5733333333333334,2025-07-22 11:55:27.032579
featureId,UNAVAILABLE,2025-07-22 11:55:28.032829
partKindId,NONE,2025-07-22 11:55:28.032829
processKindId,NONE,2025-07-22 11:55:28.032829
A_Axis_Load,106,2025-07-22 11:55:28.032829
A_Position,-89.9995631963877,2025-07-22 11:55:28.032829
C_Axis_Load,3,2025-07-22 11:55:28.032829
C_Position,120.001,2025-07-22 11:55:28.032829
Machine_Time,2647410.622,2025-07-22 11:55:28.032829
Spindle_Time,709602.711000001,2025-07-22 11:55:28.032829
Feed_Override,100,2025-07-22 11:55:28.032829
Feed_Rate,0,2025-07-22 11:55:28.032829
Program_Runtime_Seconds,2,2025-07-22 11:55:28.032829
Rapid_Override,100,2025-07-22 11:55:28.032829
Rapid_Speed,0,2025-07-22 11:55:28.032829
S_Axis_Load,1,2025-07-22 11:55:28.032829
Spindle_Override,100,2025-07-22 11:55:28.032829
Spindle_Speed,0,2025-07-22 11:55:28.032829
X_Axis_Load,5,2025-07-22 11:55:28.032829
X_Position,1.38679621920055,2025-07-22 11:55:28.032829
Y_Axis_Load,5,2025-07-22 11:55:28.032829
Y_Position,496.953400028809,2025-07-22 11:55:28.032829
Z_Axis_Load,30,2025-07-22 11:55:28.032829
Z_Position,-99.8670012020172,2025-07-22 11:55:28.032829
COR_Status,1,2025-07-22 11:55:28.032829
Controller_Mode,AUTO,2025-07-22 11:55:28.032829
EStop_State,ARMED,2025-07-22 11:55:28.032829
Machine_Mode,5,2025-07-22 11:55:28.032829
Block_Number,11,2025-07-22 11:55:28.032829
Current_Tool,72,2025-07-22 11:55:28.032829
Part_Count,9,2025-07-22 11:55:28.032829
Program_Name_Running,000454_D_A_PROGRAM_4.NC,2025-07-22 11:55:28.032829
voltage,133.23333333333332,2025-07-22 11:55:28.032829
current,6.496666666666667,2025-07-22 11:55:28.032829
active power,688.0,2025-07-22 11:55:28.032829
forward kWh,27.245000000000005,2025-07-22 11:55:28.032829
reverse kWh,0.7256666666666667,2025-07-22 11:55:28.032829
frequency,59.99,2025-07-22 11:55:28.032829
power factor,0.7533333333333333,2025-07-22 11:55:28.032829
featureId,UNAVAILABLE,2025-07-22 11:55:29.033078
partKindId,NONE,2025-07-22 11:55:29.033078
processKindId,NONE,2025-07-22 11:55:29.033078
A_Axis_Load,106,2025-07-22 11:55:29.033078
A_Position,-89.9995631963877,2025-07-22 11:55:29.033078
C_Axis_Load,3,2025-07-22 11:55:29.033078
C_Position,120.001,2025-07-22 11:55:29.033078
Machine_Time,2647410.622,2025-07-22 11:55:29.033078
Spindle_Time,709602.711000001,2025-07-22 11:55:29.033078
Feed_Override,100,2025-07-22 11:55:29.033078
Feed_Rate,0,2025-07-22 11:55:29.033078
Program_Runtime_Seconds,3,2025-07-22 11:55:29.033078
Rapid_Override,100,2025-07-22 11:55:29.033078
Rapid_Speed,0,2025-07-22 11:55:29.033078
S_Axis_Load,1,2025-07-22 11:55:29.033078
Spindle_Override,100,2025-07-22 11:55:29.033078
Spindle_Speed,0,2025-07-22 11:55:29.033078
X_Axis_Load,5,2025-07-22 11:55:29.033078
X_Position,1.38679621920055,2025-07-22 11:55:29.033078
Y_Axis_Load,5,2025-07-22 11:55:29.033078
Y_Position,496.953400028809,2025-07-22 11:55:29.033078
Z_Axis_Load,30,2025-07-22 11:55:29.033078
Z_Position,-99.8670012020172,2025-07-22 11:55:29.033078
COR_Status,1,2025-07-22 11:55:29.033078
Controller_Mode,AUTO,2025-07-22 11:55:29.033078
EStop_State,ARMED,2025-07-22 11:55:29.033078
Machine_Mode,5,2025-07-22 11:55:29.033078
Block_Number,11,2025-07-22 11:55:29.033078
Current_Tool,72,2025-07-22 11:55:29.033078
Part_Count,9,2025-07-22 11:55:29.033078
Program_Name_Running,000454_D_A_PROGRAM_4.NC,2025-07-22 11:55:29.033078
voltage,133.20000000000002,2025-07-22 11:55:29.033078
current,6.233333333333333,2025-07-22 11:55:29.033078
active power,675.3333333333334,2025-07-22 11:55:29.033078
forward kWh,27.245666666666665,2025-07-22 11:55:29.033078
reverse kWh,0.7256666666666667,2025-07-22 11:55:29.033078
frequency,59.99,2025-07-22 11:55:29.033078
power factor,0.7633333333333333,2025-07-22 11:55:29.033078
featureId,UNAVAILABLE,2025-07-22 11:55:30.033325
partKindId,NONE,2025-07-22 11:55:30.033325
processKindId,NONE,2025-07-22 11:55:30.033325
A_Axis_Load,106,2025-07-22 11:55:30.033325
A_Position,-89.9995631963877,2025-07-22 11:55:30.033325
C_Axis_Load,3,2025-07-22 11:55:30.033325
C_Position,120.001,2025-07-22 11:55:30.033325
Machine_Time,2647410.622,2025-07-22 11:55:30.033325
Spindle_Time,709602.711000001,2025-07-22 11:55:30.033325
Feed_Override,100,2025-07-22 11:55:30.033325
Feed_Rate,0,2025-07-22 11:55:30.033325
Program_Runtime_Seconds,4,2025-07-22 11:55:30.033325
Rapid_Override,100,2025-07-22 11:55:30.033325
Rapid_Speed,0,2025-07-22 11:55:30.033325
S_Axis_Load,0,2025-07-22 11:55:30.033325
Spindle_Override,100,2025-07-22 11:55:30.033325
Spindle_Speed,0,2025-07-22 11:55:30.033325
X_Axis_Load,5,2025-07-22 11:55:30.033325
X_Position,1.38679621920055,2025-07-22 11:55:30.033325
Y_Axis_Load,5,2025-07-22 11:55:30.033325
Y_Position,496.953400028809,2025-07-22 11:55:30.033325
Z_Axis_Load,31,2025-07-22 11:55:30.033325
Z_Position,-99.8669554283534,2025-07-22 11:55:30.033325
COR_Status,1,2025-07-22 11:55:30.033325
Controller_Mode,AUTO,2025-07-22 11:55:30.033325
EStop_State,ARMED,2025-07-22 11:55:30.033325
Machine_Mode,5,2025-07-22 11:55:30.033325
Block_Number,11,2025-07-22 11:55:30.033325
Current_Tool,72,2025-07-22 11:55:30.033325
Part_Count,9,2025-07-22 11:55:30.033325
Program_Name_Running,000454_D_A_PROGRAM_4.NC,2025-07-22 11:55:30.033325
voltage,133.43333333333334,2025-07-22 11:55:30.033325
current,4.8999999999999995,2025-07-22 11:55:30.033325
active power,541.0,2025-07-22 11:55:30.033325
forward kWh,27.245666666666665,2025-07-22 11:55:30.033325
reverse kWh,0.7256666666666667,2025-07-22 11:55:30.033325
frequency,60.0,2025-07-22 11:55:30.033325
power factor,0.8033333333333333,2025-07-22 11:55:30.033325
featureId,UNAVAILABLE,2025-07-22 11:55:31.033591
partKindId,NONE,2025-07-22 11:55:31.033591
processKindId,NONE,2025-07-22 11:55:31.033591
A_Axis_Load,106,2025-07-22 11:55:31.033591
A_Position,-89.9995631963877,2025-07-22 11:55:31.033591
C_Axis_Load,3,2025-07-22 11:55:31.033591
C_Position,120.001,2025-07-22 11:55:31.033591
Machine_Time,2647410.622,2025-07-22 11:55:31.033591
Spindle_Time,709602.711000001,2025-07-22 11:55:31.033591
Feed_Override,100,2025-07-22 11:55:31.033591
Feed_Rate,0,2025-07-22 11:55:31.033591
Program_Runtime_Seconds,5,2025-07-22 11:55:31.033591
Rapid_Override,100,2025-07-22 11:55:31.033591
Rapid_Speed,0,2025-07-22 11:55:31.033591
S_Axis_Load,0,2025-07-22 11:55:31.033591
Spindle_Override,100,2025-07-22 11:55:31.033591
Spindle_Speed,0,2025-07-22 11:55:31.033591
X_Axis_Load,5,2025-07-22 11:55:31.033591
X_Position,1.38678477438427,2025-07-22 11:55:31.033591
Y_Axis_Load,4,2025-07-22 11:55:31.033591
Y_Position,496.953434361084,2025-07-22 11:55:31.033591
Z_Axis_Load,33,2025-07-22 11:55:31.033591
Z_Position,-99.8670012020172,2025-07-22 11:55:31.033591
COR_Status,1,2025-07-22 11:55:31.033591
Controller_Mode,AUTO,2025-07-22 11:55:31.033591
EStop_State,ARMED,2025-07-22 11:55:31.033591
Machine_Mode,5,2025-07-22 11:55:31.033591
Block_Number,11,2025-07-22 11:55:31.033591
Current_Tool,0,2025-07-22 11:55:31.033591
Part_Count,9,2025-07-22 11:55:31.033591
Program_Name_Running,000454_D_A_PROGRAM_4.NC,2025-07-22 11:55:31.033591
voltage,133.26666666666665,2025-07-22 11:55:31.033591
current,7.16,2025-07-22 11:55:31.033591
active power,634.6666666666666,2025-07-22 11:55:31.033591
forward kWh,27.245666666666665,2025-07-22 11:55:31.033591
reverse kWh,0.7256666666666667,2025-07-22 11:55:31.033591
frequency,59.99,2025-07-22 11:55:31.033591
power factor,0.5933333333333333,2025-07-22 11:55:31.033591
featureId,UNAVAILABLE,2025-07-22 11:55:32.033849
partKindId,NONE,2025-07-22 11:55:32.033849
processKindId,NONE,2025-07-22 11:55:32.033849
A_Axis_Load,106,2025-07-22 11:55:32.033849
A_Position,-89.9995631963877,2025-07-22 11:55:32.033849
C_Axis_Load,3,2025-07-22 11:55:32.033849
C_Position,120.001,2025-07-22 11:55:32.033849
Machine_Time,2647410.622,2025-07-22 11:55:32.033849
Spindle_Time,709602.711000001,2025-07-22 11:55:32.033849
Feed_Override,100,2025-07-22 11:55:32.033849
Feed_Rate,0,2025-07-22 11:55:32.033849
Program_Runtime_Seconds,6,2025-07-22 11:55:32.033849
Rapid_Override,100,2025-07-22 11:55:32.033849
Rapid_Speed,0,2025-07-22 11:55:32.033849
S_Axis_Load,3,2025-07-22 11:55:32.033849
Spindle_Override,100,2025-07-22 11:55:32.033849
Spindle_Speed,0,2025-07-22 11:55:32.033849
X_Axis_Load,5,2025-07-22 11:55:32.033849
X_Position,1.38679621920055,2025-07-22 11:55:32.033849
Y_Axis_Load,4,2025-07-22 11:55:32.033849
Y_Position,496.9534114729,2025-07-22 11:55:32.033849
Z_Axis_Load,30,2025-07-22 11:55:32.033849
Z_Position,-99.8670012020172,2025-07-22 11:55:32.033849
COR_Status,1,2025-07-22 11:55:32.033849
Controller_Mode,AUTO,2025-07-22 11:55:32.033849
EStop_State,ARMED,2025-07-22 11:55:32.033849
Machine_Mode,5,2025-07-22 11:55:32.033849
Block_Number,11,2025-07-22 11:55:32.033849
Current_Tool,4,2025-07-22 11:55:32.033849
Part_Count,9,2025-07-22 11:55:32.033849
Program_Name_Running,000454_D_A_PROGRAM_4.NC,2025-07-22 11:55:32.033849
voltage,133.29999999999998,2025-07-22 11:55:32.033849
current,6.116666666666667,2025-07-22 11:55:32.033849
active power,703.6666666666666,2025-07-22 11:55:32.033849
forward kWh,27.245666666666665,2025-07-22 11:55:32.033849
reverse kWh,0.7256666666666667,2025-07-22 11:55:32.033849
frequency,60.0,2025-07-22 11:55:32.033849
power factor,0.8266666666666667,2025-07-22 11:55:32.033849
featureId,UNAVAILABLE,2025-07-22 11:55:33.034070
partKindId,D2C78EB3-CB26-4FDA-ABA9-353C0E6A1AB1,2025-07-22 11:55:33.034070
processKindId,CF0FEA34-836B-413B-B472-DF89D832DA95,2025-07-22 11:55:33.034070
A_Axis_Load,106,2025-07-22 11:55:33.034070
A_Position,-89.9995631963877,2025-07-22 11:55:33.034070
C_Axis_Load,3,2025-07-22 11:55:33.034070
C_Position,120.001,2025-07-22 11:55:33.034070
Machine_Time,2647410.622,2025-07-22 11:55:33.034070
Spindle_Time,709602.711000001,2025-07-22 11:55:33.034070
Feed_Override,100,2025-07-22 11:55:33.034070
Feed_Rate,215.9,2025-07-22 11:55:33.034070
Program_Runtime_Seconds,7,2025-07-22 11:55:33.034070
Rapid_Override,100,2025-07-22 11:55:33.034070
Rapid_Speed,0,2025-07-22 11:55:33.034070
S_Axis_Load,0,2025-07-22 11:55:33.034070
Spindle_Override,100,2025-07-22 11:55:33.034070
Spindle_Speed,0,2025-07-22 11:55:33.034070
X_Axis_Load,77,2025-07-22 11:55:33.034070
X_Position,5.13890767727469,2025-07-22 11:55:33.034070
Y_Axis_Load,4,2025-07-22 11:55:33.034070
Y_Position,493.018194249268,2025-07-22 11:55:33.034070
Z_Axis_Load,31,2025-07-22 11:55:33.034070
Z_Position,-99.8670012020172,2025-07-22 11:55:33.034070
COR_Status,1,2025-07-22 11:55:33.034070
Controller_Mode,AUTO,2025-07-22 11:55:33.034070
EStop_State,ARMED,2025-07-22 11:55:33.034070
Machine_Mode,5,2025-07-22 11:55:33.034070
Block_Number,14,2025-07-22 11:55:33.034070
Current_Tool,4,2025-07-22 11:55:33.034070
Part_Count,9,2025-07-22 11:55:33.034070
Program_Name_Running,000454_D_A_PROGRAM_4.NC,2025-07-22 11:55:33.034070
voltage,133.29999999999998,2025-07-22 11:55:33.034070
current,6.66,2025-07-22 11:55:33.034070
active power,705.6666666666666,2025-07-22 11:55:33.034070
forward kWh,27.246,2025-07-22 11:55:33.034070
reverse kWh,0.7256666666666667,2025-07-22 11:55:33.034070
frequency,60.0,2025-07-22 11:55:33.034070
power factor,0.6633333333333333,2025-07-22 11:55:33.034070
featureId,UNAVAILABLE,2025-07-22 11:55:34.034320
partKindId,D2C78EB3-CB26-4FDA-ABA9-353C0E6A1AB1,2025-07-22 11:55:34.034320
processKindId,CF0FEA34-836B-413B-B472-DF89D832DA95,2025-07-22 11:55:34.034320
A_Axis_Load,106,2025-07-22 11:55:34.034320
A_Position,-89.9995631963877,2025-07-22 11:55:34.034320
C_Axis_Load,3,2025-07-22 11:55:34.034320
C_Position,120.001,2025-07-22 11:55:34.034320
Machine_Time,2647410.622,2025-07-22 11:55:34.034320
Spindle_Time,709602.711000001,2025-07-22 11:55:34.034320
Feed_Override,100,2025-07-22 11:55:34.034320
Feed_Rate,27.68333,2025-07-22 11:55:34.034320
Program_Runtime_Seconds,8,2025-07-22 11:55:34.034320
Rapid_Override,100,2025-07-22 11:55:34.034320
Rapid_Speed,0,2025-07-22 11:55:34.034320
S_Axis_Load,26,2025-07-22 11:55:34.034320
Spindle_Override,100,2025-07-22 11:55:34.034320
Spindle_Speed,3536.38881045638,2025-07-22 11:55:34.034320
X_Axis_Load,55,2025-07-22 11:55:34.034320
X_Position,379.680078297361,2025-07-22 11:55:34.034320
Y_Axis_Load,45,2025-07-22 11:55:34.034320
Y_Position,100.131430185555,2025-07-22 11:55:34.034320
Z_Axis_Load,31,2025-07-22 11:55:34.034320
Z_Position,-99.8670012020172,2025-07-22 11:55:34.034320
COR_Status,1,2025-07-22 11:55:34.034320
Controller_Mode,AUTO,2025-07-22 11:55:34.034320
EStop_State,ARMED,2025-07-22 11:55:34.034320
Machine_Mode,5,2025-07-22 11:55:34.034320
Block_Number,14,2025-07-22 11:55:34.034320
Current_Tool,4,2025-07-22 11:55:34.034320
Part_Count,9,2025-07-22 11:55:34.034320
Program_Name_Running,000454_D_A_PROGRAM_4.NC,2025-07-22 11:55:34.034320
voltage,133.0666666666667,2025-07-22 11:55:34.034320
current,14.866666666666667,2025-07-22 11:55:34.034320
active power,1269.3333333333333,2025-07-22 11:55:34.034320
forward kWh,27.246666666666666,2025-07-22 11:55:34.034320
reverse kWh,0.7256666666666667,2025-07-22 11:55:34.034320
frequency,60.0,2025-07-22 11:55:34.034320
power factor,1.0,2025-07-22 11:55:34.034320
featureId,UNAVAILABLE,2025-07-22 11:55:35.034571
partKindId,D2C78EB3-CB26-4FDA-ABA9-353C0E6A1AB1,2025-07-22 11:55:35.034571
processKindId,CF0FEA34-836B-413B-B472-DF89D832DA95,2025-07-22 11:55:35.034571
A_Axis_Load,106,2025-07-22 11:55:35.034571
A_Position,-89.9995631963877,2025-07-22 11:55:35.034571
C_Axis_Load,3,2025-07-22 11:55:35.034571
C_Position,120.001,2025-07-22 11:55:35.034571
Machine_Time,2647410.622,2025-07-22 11:55:35.034571
Spindle_Time,709602.711000001,2025-07-22 11:55:35.034571
Feed_Override,100,2025-07-22 11:55:35.034571
Feed_Rate,33.76667,2025-07-22 11:55:35.034571
Program_Runtime_Seconds,9,2025-07-22 11:55:35.034571
Rapid_Override,100,2025-07-22 11:55:35.034571
Rapid_Speed,0,2025-07-22 11:55:35.034571
S_Axis_Load,13,2025-07-22 11:55:35.034571
Spindle_Override,100,2025-07-22 11:55:35.034571
Spindle_Speed,6420,2025-07-22 11:55:35.034571
X_Axis_Load,5,2025-07-22 11:55:35.034571
X_Position,379.846805990744,2025-07-22 11:55:35.034571
Y_Axis_Load,6,2025-07-22 11:55:35.034571
Y_Position,99.9538902850187,2025-07-22 11:55:35.034571
Z_Axis_Load,50,2025-07-22 11:55:35.034571
Z_Position,-444.423611508638,2025-07-22 11:55:35.034571
COR_Status,1,2025-07-22 11:55:35.034571
Controller_Mode,AUTO,2025-07-22 11:55:35.034571
EStop_State,ARMED,2025-07-22 11:55:35.034571
Machine_Mode,5,2025-07-22 11:55:35.034571
Block_Number,16,2025-07-22 11:55:35.034571
Current_Tool,4,2025-07-22 11:55:35.034571
Part_Count,9,2025-07-22 11:55:35.034571
Program_Name_Running,000454_D_A_PROGRAM_4.NC,2025-07-22 11:55:35.034571
voltage,130.43333333333337,2025-07-22 11:55:35.034571
current,46.01666666666667,2025-07-22 11:55:35.034571
active power,6062.0,2025-07-22 11:55:35.034571
forward kWh,27.247666666666664,2025-07-22 11:55:35.034571
reverse kWh,0.7256666666666667,2025-07-22 11:55:35.034571
frequency,60.0,2025-07-22 11:55:35.034571
power factor,1.0,2025-07-22 11:55:35.034571
featureId,UNAVAILABLE,2025-07-22 11:55:36.034831
partKindId,D2C78EB3-CB26-4FDA-ABA9-353C0E6A1AB1,2025-07-22 11:55:36.034831
processKindId,CF0FEA34-836B-413B-B472-DF89D832DA95,2025-07-22 11:55:36.034831
A_Axis_Load,106,2025-07-22 11:55:36.034831
A_Position,-89.9995631963877,2025-07-22 11:55:36.034831
C_Axis_Load,3,2025-07-22 11:55:36.034831
C_Position,120.001,2025-07-22 11:55:36.034831
Machine_Time,2647410.622,2025-07-22 11:55:36.034831
Spindle_Time,709602.711000001,2025-07-22 11:55:36.034831
Feed_Override,100,2025-07-22 11:55:36.034831
Feed_Rate,102.3333,2025-07-22 11:55:36.034831
Program_Runtime_Seconds,10,2025-07-22 11:55:36.034831
Rapid_Override,100,2025-07-22 11:55:36.034831
Rapid_Speed,0,2025-07-22 11:55:36.034831
S_Axis_Load,0,2025-07-22 11:55:36.034831
Spindle_Override,100,2025-07-22 11:55:36.034831
Spindle_Speed,6420,2025-07-22 11:55:36.034831
X_Axis_Load,5,2025-07-22 11:55:36.034831
X_Position,379.84679454674,2025-07-22 11:55:36.034831
Y_Axis_Load,6,2025-07-22 11:55:36.034831
Y_Position,99.9539017288695,2025-07-22 11:55:36.034831
Z_Axis_Load,78,2025-07-22 11:55:36.034831
Z_Position,-446.462108782043,2025-07-22 11:55:36.034831
COR_Status,1,2025-07-22 11:55:36.034831
Controller_Mode,AUTO,2025-07-22 11:55:36.034831
EStop_State,ARMED,2025-07-22 11:55:36.034831
Machine_Mode,5,2025-07-22 11:55:36.034831
Block_Number,18,2025-07-22 11:55:36.034831
Current_Tool,4,2025-07-22 11:55:36.034831
Part_Count,9,2025-07-22 11:55:36.034831
Program_Name_Running,000454_D_A_PROGRAM_4.NC,2025-07-22 11:55:36.034831
voltage,130.93333333333337,2025-07-22 11:55:36.034831
current,45.166666666666664,2025-07-22 11:55:36.034831
active power,3865.0,2025-07-22 11:55:36.034831
forward kWh,27.249,2025-07-22 11:55:36.034831
reverse kWh,0.7256666666666667,2025-07-22 11:55:36.034831
frequency,60.0,2025-07-22 11:55:36.034831
power factor,0.29,2025-07-22 11:55:36.034831
featureId,UNAVAILABLE,2025-07-22 11:55:37.035117
partKindId,D2C78EB3-CB26-4FDA-ABA9-353C0E6A1AB1,2025-07-22 11:55:37.035117
processKindId,NONE,2025-07-22 11:55:37.035117
A_Axis_Load,106,2025-07-22 11:55:37.035117
A_Position,-89.9995631963877,2025-07-22 11:55:37.035117
C_Axis_Load,3,2025-07-22 11:55:37.035117
C_Position,120.001,2025-07-22 11:55:37.035117
Machine_Time,2647410.622,2025-07-22 11:55:37.035117
Spindle_Time,709602.711000001,2025-07-22 11:55:37.035117
Feed_Override,100,2025-07-22 11:55:37.035117
Feed_Rate,532.65,2025-07-22 11:55:37.035117
Program_Runtime_Seconds,11,2025-07-22 11:55:37.035117
Rapid_Override,100,2025-07-22 11:55:37.035117
Rapid_Speed,0,2025-07-22 11:55:37.035117
S_Axis_Load,13,2025-07-22 11:55:37.035117
Spindle_Override,100,2025-07-22 11:55:37.035117
Spindle_Speed,5767.69250079073,2025-07-22 11:55:37.035117
X_Axis_Load,5,2025-07-22 11:55:37.035117
X_Position,379.84679454674,2025-07-22 11:55:37.035117
Y_Axis_Load,6,2025-07-22 11:55:37.035117
Y_Position,99.9539017288695,2025-07-22 11:55:37.035117
Z_Axis_Load,53,2025-07-22 11:55:37.035117
Z_Position,-373.778987659583,2025-07-22 11:55:37.035117
COR_Status,1,2025-07-22 11:55:37.035117
Controller_Mode,AUTO,2025-07-22 11:55:37.035117
EStop_State,ARMED,2025-07-22 11:55:37.035117
Machine_Mode,5,2025-07-22 11:55:37.035117
Block_Number,24,2025-07-22 11:55:37.035117
Current_Tool,4,2025-07-22 11:55:37.035117
Part_Count,9,2025-07-22 11:55:37.035117
Program_Name_Running,000454_D_A_PROGRAM_4.NC,2025-07-22 11:55:37.035117
voltage,133.13333333333333,2025-07-22 11:55:37.035117
current,9.506666666666666,2025-07-22 11:55:37.035117
active power,1065.0,2025-07-22 11:55:37.035117
forward kWh,27.249,2025-07-22 11:55:37.035117
reverse kWh,0.7256666666666667,2025-07-22 11:55:37.035117
frequency,60.0,2025-07-22 11:55:37.035117
power factor,0.7433333333333333,2025-07-22 11:55:37.035117
featureId,UNAVAILABLE,2025-07-22 11:55:38.035359
partKindId,D2C78EB3-CB26-4FDA-ABA9-353C0E6A1AB1,2025-07-22 11:55:38.035359
processKindId,NONE,2025-07-22 11:55:38.035359
A_Axis_Load,106,2025-07-22 11:55:38.035359
A_Position,-89.9995631963877,2025-07-22 11:55:38.035359
C_Axis_Load,3,2025-07-22 11:55:38.035359
C_Position,120.001,2025-07-22 11:55:38.035359
Machine_Time,2647410.622,2025-07-22 11:55:38.035359
Spindle_Time,709602.711000001,2025-07-22 11:55:38.035359
Feed_Override,100,2025-07-22 11:55:38.035359
Feed_Rate,153.4833,2025-07-22 11:55:38.035359
Program_Runtime_Seconds,12,2025-07-22 11:55:38.035359
Rapid_Override,100,2025-07-22 11:55:38.035359
Rapid_Speed,0,2025-07-22 11:55:38.035359
S_Axis_Load,22,2025-07-22 11:55:38.035359
Spindle_Override,100,2025-07-22 11:55:38.035359
Spindle_Speed,3001.15836145822,2025-07-22 11:55:38.035359
X_Axis_Load,66,2025-07-22 11:55:38.035359
X_Position,348.989160123689,2025-07-22 11:55:38.035359
Y_Axis_Load,52,2025-07-22 11:55:38.035359
Y_Position,132.322535696984,2025-07-22 11:55:38.035359
Z_Axis_Load,41,2025-07-22 11:55:38.035359
Z_Position,-12.8405402291682,2025-07-22 11:55:38.035359
COR_Status,1,2025-07-22 11:55:38.035359
Controller_Mode,AUTO,2025-07-22 11:55:38.035359
EStop_State,ARMED,2025-07-22 11:55:38.035359
Machine_Mode,5,2025-07-22 11:55:38.035359
Block_Number,25,2025-07-22 11:55:38.035359
Current_Tool,4,2025-07-22 11:55:38.035359
Part_Count,9,2025-07-22 11:55:38.035359
Program_Name_Running,000454_D_A_PROGRAM_4.NC,2025-07-22 11:55:38.035359
voltage,134.33333333333334,2025-07-22 11:55:38.035359
current,17.136666666666667,2025-07-22 11:55:38.035359
active power,-1349.0,2025-07-22 11:55:38.035359
forward kWh,27.249,2025-07-22 11:55:38.035359
reverse kWh,0.7256666666666667,2025-07-22 11:55:38.035359
frequency,60.0,2025-07-22 11:55:38.035359
power factor,0.79,2025-07-22 11:55:38.035359
featureId,UNAVAILABLE,2025-07-22 11:55:39.035624
partKindId,D2C78EB3-CB26-4FDA-ABA9-353C0E6A1AB1,2025-07-22 11:55:39.035624
processKindId,NONE,2025-07-22 11:55:39.035624
A_Axis_Load,106,2025-07-22 11:55:39.035624
A_Position,-89.9995631963877,2025-07-22 11:55:39.035624
C_Axis_Load,3,2025-07-22 11:55:39.035624
C_Position,120.001,2025-07-22 11:55:39.035624
Machine_Time,2647410.622,2025-07-22 11:55:39.035624
Spindle_Time,709602.711000001,2025-07-22 11:55:39.035624
Feed_Override,100,2025-07-22 11:55:39.035624
Feed_Rate,325.5667,2025-07-22 11:55:39.035624
Program_Runtime_Seconds,13,2025-07-22 11:55:39.035624
Rapid_Override,100,2025-07-22 11:55:39.035624
Rapid_Speed,0,2025-07-22 11:55:39.035624
S_Axis_Load,0,2025-07-22 11:55:39.035624
Spindle_Override,100,2025-07-22 11:55:39.035624
Spindle_Speed,0,2025-07-22 11:55:39.035624
X_Axis_Load,9,2025-07-22 11:55:39.035624
X_Position,1.38717389813809,2025-07-22 11:55:39.035624
Y_Axis_Load,8,2025-07-22 11:55:39.035624
Y_Position,496.952885044678,2025-07-22 11:55:39.035624
Z_Axis_Load,39,2025-07-22 11:55:39.035624
Z_Position,-13.2191017972503,2025-07-22 11:55:39.035624
COR_Status,1,2025-07-22 11:55:39.035624
Controller_Mode,AUTO,2025-07-22 11:55:39.035624
EStop_State,ARMED,2025-07-22 11:55:39.035624
Machine_Mode,5,2025-07-22 11:55:39.035624
Block_Number,25,2025-07-22 11:55:39.035624
Current_Tool,4,2025-07-22 11:55:39.035624
Part_Count,9,2025-07-22 11:55:39.035624
Program_Name_Running,000454_D_A_PROGRAM_4.NC,2025-07-22 11:55:39.035624
voltage,134.9,2025-07-22 11:55:39.035624
current,22.590000000000003,2025-07-22 11:55:39.035624
active power,-2463.3333333333335,2025-07-22 11:55:39.035624
forward kWh,27.249,2025-07-22 11:55:39.035624
reverse kWh,0.7256666666666667,2025-07-22 11:55:39.035624
frequency,60.0,2025-07-22 11:55:39.035624
power factor,0.9899999999999999,2025-07-22 11:55:39.035624
featureId,UNAVAILABLE,2025-07-22 11:55:40.035857
partKindId,D2C78EB3-CB26-4FDA-ABA9-353C0E6A1AB1,2025-07-22 11:55:40.035857
processKindId,NONE,2025-07-22 11:55:40.035857
A_Axis_Load,106,2025-07-22 11:55:40.035857
A_Position,-89.9995631963877,2025-07-22 11:55:40.035857
C_Axis_Load,3,2025-07-22 11:55:40.035857
C_Position,120.001,2025-07-22 11:55:40.035857
Machine_Time,2647410.622,2025-07-22 11:55:40.035857
Spindle_Time,709602.711000001,2025-07-22 11:55:40.035857
Feed_Override,100,2025-07-22 11:55:40.035857
Feed_Rate,0,2025-07-22 11:55:40.035857
Program_Runtime_Seconds,14,2025-07-22 11:55:40.035857
Rapid_Override,100,2025-07-22 11:55:40.035857
Rapid_Speed,0,2025-07-22 11:55:40.035857
S_Axis_Load,0,2025-07-22 11:55:40.035857
Spindle_Override,100,2025-07-22 11:55:40.035857
Spindle_Speed,0,2025-07-22 11:55:40.035857
X_Axis_Load,6,2025-07-22 11:55:40.035857
X_Position,1.38679621920055,2025-07-22 11:55:40.035857
Y_Axis_Load,6,2025-07-22 11:55:40.035857
Y_Position,496.953400028809,2025-07-22 11:55:40.035857
Z_Axis_Load,30,2025-07-22 11:55:40.035857
Z_Position,-99.8670126454332,2025-07-22 11:55:40.035857
COR_Status,1,2025-07-22 11:55:40.035857
Controller_Mode,AUTO,2025-07-22 11:55:40.035857
EStop_State,ARMED,2025-07-22 11:55:40.035857
Machine_Mode,5,2025-07-22 11:55:40.035857
Block_Number,30,2025-07-22 11:55:40.035857
Current_Tool,4,2025-07-22 11:55:40.035857
Part_Count,9,2025-07-22 11:55:40.035857
Program_Name_Running,000454_D_A_PROGRAM_4.NC,2025-07-22 11:55:40.035857
voltage,133.23333333333332,2025-07-22 11:55:40.035857
current,13.103333333333333,2025-07-22 11:55:40.035857
active power,692.3333333333334,2025-07-22 11:55:40.035857
forward kWh,27.249,2025-07-22 11:55:40.035857
reverse kWh,0.7256666666666667,2025-07-22 11:55:40.035857
frequency,60.0,2025-07-22 11:55:40.035857
power factor,0.47000000000000003,2025-07-22 11:55:40.035857
featureId,UNAVAILABLE,2025-07-22 11:55:41.036112
partKindId,D2C78EB3-CB26-4FDA-ABA9-353C0E6A1AB1,2025-07-22 11:55:41.036112
processKindId,NONE,2025-07-22 11:55:41.036112
A_Axis_Load,106,2025-07-22 11:55:41.036112
A_Position,-89.9995631963877,2025-07-22 11:55:41.036112
C_Axis_Load,3,2025-07-22 11:55:41.036112
C_Position,120.001,2025-07-22 11:55:41.036112
Machine_Time,2647410.622,2025-07-22 11:55:41.036112
Spindle_Time,709602.711000001,2025-07-22 11:55:41.036112
Feed_Override,100,2025-07-22 11:55:41.036112
Feed_Rate,0,2025-07-22 11:55:41.036112
Program_Runtime_Seconds,15,2025-07-22 11:55:41.036112
Rapid_Override,100,2025-07-22 11:55:41.036112
Rapid_Speed,0,2025-07-22 11:55:41.036112
S_Axis_Load,0,2025-07-22 11:55:41.036112
Spindle_Override,100,2025-07-22 11:55:41.036112
Spindle_Speed,0,2025-07-22 11:55:41.036112
X_Axis_Load,6,2025-07-22 11:55:41.036112
X_Position,1.38679621920055,2025-07-22 11:55:41.036112
Y_Axis_Load,6,2025-07-22 11:55:41.036112
Y_Position,496.953400028809,2025-07-22 11:55:41.036112
Z_Axis_Load,40,2025-07-22 11:55:41.036112
Z_Position,-99.8670469756811,2025-07-22 11:55:41.036112
COR_Status,1,2025-07-22 11:55:41.036112
Controller_Mode,AUTO,2025-07-22 11:55:41.036112
EStop_State,ARMED,2025-07-22 11:55:41.036112
Machine_Mode,5,2025-07-22 11:55:41.036112
Block_Number,30,2025-07-22 11:55:41.036112
Current_Tool,4,2025-07-22 11:55:41.036112
Part_Count,9,2025-07-22 11:55:41.036112
Program_Name_Running,000454_D_A_PROGRAM_4.NC,2025-07-22 11:55:41.036112
voltage,133.36666666666665,2025-07-22 11:55:41.036112
current,5.753333333333334,2025-07-22 11:55:41.036112
active power,617.0,2025-07-22 11:55:41.036112
forward kWh,27.249,2025-07-22 11:55:41.036112
reverse kWh,0.7256666666666667,2025-07-22 11:55:41.036112
frequency,60.0,2025-07-22 11:55:41.036112
power factor,0.6566666666666666,2025-07-22 11:55:41.036112
featureId,UNAVAILABLE,2025-07-22 11:55:42.036346
partKindId,D2C78EB3-CB26-4FDA-ABA9-353C0E6A1AB1,2025-07-22 11:55:42.036346
processKindId,NONE,2025-07-22 11:55:42.036346
A_Axis_Load,106,2025-07-22 11:55:42.036346
A_Position,-89.9995631963877,2025-07-22 11:55:42.036346
C_Axis_Load,3,2025-07-22 11:55:42.036346
C_Position,120.001,2025-07-22 11:55:42.036346
Machine_Time,2647410.622,2025-07-22 11:55:42.036346
Spindle_Time,709602.711000001,2025-07-22 11:55:42.036346
Feed_Override,100,2025-07-22 11:55:42.036346
Feed_Rate,0,2025-07-22 11:55:42.036346
Program_Runtime_Seconds,16,2025-07-22 11:55:42.036346
Rapid_Override,100,2025-07-22 11:55:42.036346
Rapid_Speed,0,2025-07-22 11:55:42.036346
S_Axis_Load,0,2025-07-22 11:55:42.036346
Spindle_Override,100,2025-07-22 11:55:42.036346
Spindle_Speed,0,2025-07-22 11:55:42.036346
X_Axis_Load,5,2025-07-22 11:55:42.036346
X_Position,1.38679621920055,2025-07-22 11:55:42.036346
Y_Axis_Load,5,2025-07-22 11:55:42.036346
Y_Position,496.9534114729,2025-07-22 11:55:42.036346
Z_Axis_Load,34,2025-07-22 11:55:42.036346
Z_Position,-99.8670126454332,2025-07-22 11:55:42.036346
COR_Status,1,2025-07-22 11:55:42.036346
Controller_Mode,AUTO,2025-07-22 11:55:42.036346
EStop_State,ARMED,2025-07-22 11:55:42.036346
Machine_Mode,5,2025-07-22 11:55:42.036346
Block_Number,30,2025-07-22 11:55:42.036346
Current_Tool,0,2025-07-22 11:55:42.036346
Part_Count,9,2025-07-22 11:55:42.036346
Program_Name_Running,000454_D_A_PROGRAM_4.NC,2025-07-22 11:55:42.036346
voltage,133.33333333333334,2025-07-22 11:55:42.036346
current,6.859999999999999,2025-07-22 11:55:42.036346
active power,694.0,2025-07-22 11:55:42.036346
forward kWh,27.249,2025-07-22 11:55:42.036346
reverse kWh,0.7256666666666667,2025-07-22 11:55:42.036346
frequency,60.0,2025-07-22 11:55:42.036346
power factor,0.7333333333333334,2025-07-22 11:55:42.036346
featureId,UNAVAILABLE,2025-07-22 11:55:43.036591
partKindId,D2C78EB3-CB26-4FDA-ABA9-353C0E6A1AB1,2025-07-22 11:55:43.036591
processKindId,NONE,2025-07-22 11:55:43.036591
A_Axis_Load,106,2025-07-22 11:55:43.036591
A_Position,-89.9995631963877,2025-07-22 11:55:43.036591
C_Axis_Load,3,2025-07-22 11:55:43.036591
C_Position,120.001,2025-07-22 11:55:43.036591
Machine_Time,2647410.622,2025-07-22 11:55:43.036591
Spindle_Time,709602.711000001,2025-07-22 11:55:43.036591
Feed_Override,100,2025-07-22 11:55:43.036591
Feed_Rate,0,2025-07-22 11:55:43.036591
Program_Runtime_Seconds,17,2025-07-22 11:55:43.036591
Rapid_Override,100,2025-07-22 11:55:43.036591
Rapid_Speed,0,2025-07-22 11:55:43.036591
S_Axis_Load,0,2025-07-22 11:55:43.036591
Spindle_Override,100,2025-07-22 11:55:43.036591
Spindle_Speed,0,2025-07-22 11:55:43.036591
X_Axis_Load,4,2025-07-22 11:55:43.036591
X_Position,1.38676188475169,2025-07-22 11:55:43.036591
Y_Axis_Load,5,2025-07-22 11:55:43.036591
Y_Position,496.9534114729,2025-07-22 11:55:43.036591
Z_Axis_Load,35,2025-07-22 11:55:43.036591
Z_Position,-99.8669783151853,2025-07-22 11:55:43.036591
COR_Status,1,2025-07-22 11:55:43.036591
Controller_Mode,AUTO,2025-07-22 11:55:43.036591
EStop_State,ARMED,2025-07-22 11:55:43.036591
Machine_Mode,5,2025-07-22 11:55:43.036591
Block_Number,30,2025-07-22 11:55:43.036591
Current_Tool,85,2025-07-22 11:55:43.036591
Part_Count,9,2025-07-22 11:55:43.036591
Program_Name_Running,000454_D_A_PROGRAM_4.NC,2025-07-22 11:55:43.036591
voltage,133.29999999999998,2025-07-22 11:55:43.036591
current,5.926666666666667,2025-07-22 11:55:43.036591
active power,683.6666666666666,2025-07-22 11:55:43.036591
forward kWh,27.249666666666666,2025-07-22 11:55:43.036591
reverse kWh,0.7256666666666667,2025-07-22 11:55:43.036591
frequency,60.0,2025-07-22 11:55:43.036591
power factor,0.73,2025-07-22 11:55:43.036591
featureId,UNAVAILABLE,2025-07-22 11:55:44.036855
partKindId,D2C78EB3-CB26-4FDA-ABA9-353C0E6A1AB1,2025-07-22 11:55:44.036855
processKindId,465E99DA-B681-4FD4-894C-3B1EF84592C2,2025-07-22 11:55:44.036855
A_Axis_Load,106,2025-07-22 11:55:44.036855
A_Position,-89.9995631963877,2025-07-22 11:55:44.036855
C_Axis_Load,3,2025-07-22 11:55:44.036855
C_Position,120.001,2025-07-22 11:55:44.036855
Machine_Time,2647410.622,2025-07-22 11:55:44.036855
Spindle_Time,709602.711000001,2025-07-22 11:55:44.036855
Feed_Override,100,2025-07-22 11:55:44.036855
Feed_Rate,633.3333,2025-07-22 11:55:44.036855
Program_Runtime_Seconds,18,2025-07-22 11:55:44.036855
Rapid_Override,100,2025-07-22 11:55:44.036855
Rapid_Speed,0,2025-07-22 11:55:44.036855
S_Axis_Load,15,2025-07-22 11:55:44.036855
Spindle_Override,100,2025-07-22 11:55:44.036855
Spindle_Speed,1434.01229508195,2025-07-22 11:55:44.036855
X_Axis_Load,29,2025-07-22 11:55:44.036855
X_Position,168.764733991094,2025-07-22 11:55:44.036855
Y_Axis_Load,18,2025-07-22 11:55:44.036855
Y_Position,321.377952521116,2025-07-22 11:55:44.036855
Z_Axis_Load,35,2025-07-22 11:55:44.036855
Z_Position,-99.8670012020172,2025-07-22 11:55:44.036855
COR_Status,1,2025-07-22 11:55:44.036855
Controller_Mode,AUTO,2025-07-22 11:55:44.036855
EStop_State,ARMED,2025-07-22 11:55:44.036855
Machine_Mode,5,2025-07-22 11:55:44.036855
Block_Number,32,2025-07-22 11:55:44.036855
Current_Tool,85,2025-07-22 11:55:44.036855
Part_Count,9,2025-07-22 11:55:44.036855
Program_Name_Running,000454_D_A_PROGRAM_4.NC,2025-07-22 11:55:44.036855
voltage,133.33333333333334,2025-07-22 11:55:44.036855
current,6.173333333333333,2025-07-22 11:55:44.036855
active power,670.0,2025-07-22 11:55:44.036855
forward kWh,27.249666666666666,2025-07-22 11:55:44.036855
reverse kWh,0.7256666666666667,2025-07-22 11:55:44.036855
frequency,60.0,2025-07-22 11:55:44.036855
power factor,0.6933333333333334,2025-07-22 11:55:44.036855
featureId,UNAVAILABLE,2025-07-22 11:55:45.037123
partKindId,D2C78EB3-CB26-4FDA-ABA9-353C0E6A1AB1,2025-07-22 11:55:45.037123
processKindId,465E99DA-B681-4FD4-894C-3B1EF84592C2,2025-07-22 11:55:45.037123
A_Axis_Load,106,2025-07-22 11:55:45.037123
A_Position,-89.9995631963877,2025-07-22 11:55:45.037123
C_Axis_Load,3,2025-07-22 11:55:45.037123
C_Position,120.001,2025-07-22 11:55:45.037123
Machine_Time,2647410.622,2025-07-22 11:55:45.037123
Spindle_Time,709602.711000001,2025-07-22 11:55:45.037123
Feed_Override,100,2025-07-22 11:55:45.037123
Feed_Rate,425.9333,2025-07-22 11:55:45.037123
Program_Runtime_Seconds,19,2025-07-22 11:55:45.037123
Rapid_Override,100,2025-07-22 11:55:45.037123
Rapid_Speed,0,2025-07-22 11:55:45.037123
S_Axis_Load,0,2025-07-22 11:55:45.037123
Spindle_Override,100,2025-07-22 11:55:45.037123
Spindle_Speed,3036,2025-07-22 11:55:45.037123
X_Axis_Load,6,2025-07-22 11:55:45.037123
X_Position,379.846817434748,2025-07-22 11:55:45.037123
Y_Axis_Load,7,2025-07-22 11:55:45.037123
Y_Position,99.953833065765,2025-07-22 11:55:45.037123
Z_Axis_Load,24,2025-07-22 11:55:45.037123
Z_Position,-230.757517038765,2025-07-22 11:55:45.037123
COR_Status,1,2025-07-22 11:55:45.037123
Controller_Mode,AUTO,2025-07-22 11:55:45.037123
EStop_State,ARMED,2025-07-22 11:55:45.037123
Machine_Mode,5,2025-07-22 11:55:45.037123
Block_Number,33,2025-07-22 11:55:45.037123
Current_Tool,85,2025-07-22 11:55:45.037123
Part_Count,9,2025-07-22 11:55:45.037123
Program_Name_Running,000454_D_A_PROGRAM_4.NC,2025-07-22 11:55:45.037123
voltage,132.03333333333333,2025-07-22 11:55:45.037123
current,27.486666666666668,2025-07-22 11:55:45.037123
active power,3146.6666666666665,2025-07-22 11:55:45.037123
forward kWh,27.249666666666666,2025-07-22 11:55:45.037123
reverse kWh,0.7256666666666667,2025-07-22 11:55:45.037123
frequency,59.99,2025-07-22 11:55:45.037123
power factor,1.0,2025-07-22 11:55:45.037123
featureId,UNAVAILABLE,2025-07-22 11:55:46.037415
partKindId,D2C78EB3-CB26-4FDA-ABA9-353C0E6A1AB1,2025-07-22 11:55:46.037415
processKindId,465E99DA-B681-4FD4-894C-3B1EF84592C2,2025-07-22 11:55:46.037415
A_Axis_Load,106,2025-07-22 11:55:46.037415
A_Position,-89.9995631963877,2025-07-22 11:55:46.037415
C_Axis_Load,3,2025-07-22 11:55:46.037415
C_Position,120.001,2025-07-22 11:55:46.037415
Machine_Time,2647410.622,2025-07-22 11:55:46.037415
Spindle_Time,709602.711000001,2025-07-22 11:55:46.037415
Feed_Override,100,2025-07-22 11:55:46.037415
Feed_Rate,13.75,2025-07-22 11:55:46.037415
Program_Runtime_Seconds,20,2025-07-22 11:55:46.037415
Rapid_Override,100,2025-07-22 11:55:46.037415
Rapid_Speed,0,2025-07-22 11:55:46.037415
S_Axis_Load,0,2025-07-22 11:55:46.037415
Spindle_Override,100,2025-07-22 11:55:46.037415
Spindle_Speed,3036,2025-07-22 11:55:46.037415
X_Axis_Load,5,2025-07-22 11:55:46.037415
X_Position,379.846805990744,2025-07-22 11:55:46.037415
Y_Axis_Load,6,2025-07-22 11:55:46.037415
Y_Position,99.9539017288695,2025-07-22 11:55:46.037415
Z_Axis_Load,27,2025-07-22 11:55:46.037415
Z_Position,-406.846714451971,2025-07-22 11:55:46.037415
COR_Status,1,2025-07-22 11:55:46.037415
Controller_Mode,AUTO,2025-07-22 11:55:46.037415
EStop_State,ARMED,2025-07-22 11:55:46.037415
Machine_Mode,5,2025-07-22 11:55:46.037415
Block_Number,35,2025-07-22 11:55:46.037415
Current_Tool,85,2025-07-22 11:55:46.037415
Part_Count,9,2025-07-22 11:55:46.037415
Program_Name_Running,000454_D_A_PROGRAM_4.NC,2025-07-22 11:55:46.037415
voltage,133.29999999999998,2025-07-22 11:55:46.037415
current,7.75,2025-07-22 11:55:46.037415
active power,774.3333333333334,2025-07-22 11:55:46.037415
forward kWh,27.251,2025-07-22 11:55:46.037415
reverse kWh,0.7256666666666667,2025-07-22 11:55:46.037415
frequency,60.0,2025-07-22 11:55:46.037415
power factor,0.47666666666666674,2025-07-22 11:55:46.037415
featureId,UNAVAILABLE,2025-07-22 11:55:47.037661
partKindId,D2C78EB3-CB26-4FDA-ABA9-353C0E6A1AB1,2025-07-22 11:55:47.037661
processKindId,465E99DA-B681-4FD4-894C-3B1EF84592C2,2025-07-22 11:55:47.037661
A_Axis_Load,106,2025-07-22 11:55:47.037661
A_Position,-90.0005630588778,2025-07-22 11:55:47.037661
C_Axis_Load,3,2025-07-22 11:55:47.037661
C_Position,120.001,2025-07-22 11:55:47.037661
Machine_Time,2647410.622,2025-07-22 11:55:47.037661
Spindle_Time,709602.711000001,2025-07-22 11:55:47.037661
Feed_Override,100,2025-07-22 11:55:47.037661
Feed_Rate,13.75,2025-07-22 11:55:47.037661
Program_Runtime_Seconds,21,2025-07-22 11:55:47.037661
Rapid_Override,100,2025-07-22 11:55:47.037661
Rapid_Speed,0,2025-07-22 11:55:47.037661
S_Axis_Load,5,2025-07-22 11:55:47.037661
Spindle_Override,100,2025-07-22 11:55:47.037661
Spindle_Speed,3036,2025-07-22 11:55:47.037661
X_Axis_Load,5,2025-07-22 11:55:47.037661
X_Position,379.846805990744,2025-07-22 11:55:47.037661
Y_Axis_Load,6,2025-07-22 11:55:47.037661
Y_Position,99.9539017288695,2025-07-22 11:55:47.037661
Z_Axis_Load,18,2025-07-22 11:55:47.037661
Z_Position,-414.772239697516,2025-07-22 11:55:47.037661
COR_Status,1,2025-07-22 11:55:47.037661
Controller_Mode,AUTO,2025-07-22 11:55:47.037661
EStop_State,ARMED,2025-07-22 11:55:47.037661
Machine_Mode,5,2025-07-22 11:55:47.037661
Block_Number,37,2025-07-22 11:55:47.037661
Current_Tool,85,2025-07-22 11:55:47.037661
Part_Count,9,2025-07-22 11:55:47.037661
Program_Name_Running,000454_D_A_PROGRAM_4.NC,2025-07-22 11:55:47.037661
voltage,133.23333333333332,2025-07-22 11:55:47.037661
current,7.253333333333334,2025-07-22 11:55:47.037661
active power,804.0,2025-07-22 11:55:47.037661
forward kWh,27.251,2025-07-22 11:55:47.037661
reverse kWh,0.7256666666666667,2025-07-22 11:55:47.037661
frequency,60.0,2025-07-22 11:55:47.037661
power factor,0.8233333333333333,2025-07-22 11:55:47.037661
featureId,UNAVAILABLE,2025-07-22 11:55:48.037929
partKindId,D2C78EB3-CB26-4FDA-ABA9-353C0E6A1AB1,2025-07-22 11:55:48.037929
processKindId,465E99DA-B681-4FD4-894C-3B1EF84592C2,2025-07-22 11:55:48.037929
A_Axis_Load,106,2025-07-22 11:55:48.037929
A_Position,-89.9995631963877,2025-07-22 11:55:48.037929
C_Axis_Load,3,2025-07-22 11:55:48.037929
C_Position,120.001,2025-07-22 11:55:48.037929
Machine_Time,2647410.622,2025-07-22 11:55:48.037929
Spindle_Time,709602.711000001,2025-07-22 11:55:48.037929
Feed_Override,100,2025-07-22 11:55:48.037929
Feed_Rate,20.9,2025-07-22 11:55:48.037929
Program_Runtime_Seconds,22,2025-07-22 11:55:48.037929
Rapid_Override,100,2025-07-22 11:55:48.037929
Rapid_Speed,0,2025-07-22 11:55:48.037929
S_Axis_Load,3,2025-07-22 11:55:48.037929
Spindle_Override,100,2025-07-22 11:55:48.037929
Spindle_Speed,3036,2025-07-22 11:55:48.037929
X_Axis_Load,5,2025-07-22 11:55:48.037929
X_Position,379.84679454674,2025-07-22 11:55:48.037929
Y_Axis_Load,6,2025-07-22 11:55:48.037929
Y_Position,99.9538902850187,2025-07-22 11:55:48.037929
Z_Axis_Load,26,2025-07-22 11:55:48.037929
Z_Position,-419.995308810797,2025-07-22 11:55:48.037929
COR_Status,1,2025-07-22 11:55:48.037929
Controller_Mode,AUTO,2025-07-22 11:55:48.037929
EStop_State,ARMED,2025-07-22 11:55:48.037929
Machine_Mode,5,2025-07-22 11:55:48.037929
Block_Number,41,2025-07-22 11:55:48.037929
Current_Tool,85,2025-07-22 11:55:48.037929
Part_Count,9,2025-07-22 11:55:48.037929
Program_Name_Running,000454_D_A_PROGRAM_4.NC,2025-07-22 11:55:48.037929
voltage,133.06666666666666,2025-07-22 11:55:48.037929
current,9.97,2025-07-22 11:55:48.037929
active power,1304.3333333333333,2025-07-22 11:55:48.037929
forward kWh,27.251,2025-07-22 11:55:48.037929
reverse kWh,0.7256666666666667,2025-07-22 11:55:48.037929
frequency,60.0,2025-07-22 11:55:48.037929
power factor,0.9700000000000001,2025-07-22 11:55:48.037929
featureId,UNAVAILABLE,2025-07-22 11:55:49.038193
partKindId,D2C78EB3-CB26-4FDA-ABA9-353C0E6A1AB1,2025-07-22 11:55:49.038193
processKindId,465E99DA-B681-4FD4-894C-3B1EF84592C2,2025-07-22 11:55:49.038193
A_Axis_Load,106,2025-07-22 11:55:49.038193
A_Position,-89.9995631963877,2025-07-22 11:55:49.038193
C_Axis_Load,3,2025-07-22 11:55:49.038193
C_Position,120.001,2025-07-22 11:55:49.038193
Machine_Time,2647410.622,2025-07-22 11:55:49.038193
Spindle_Time,709602.711000001,2025-07-22 11:55:49.038193
Feed_Override,100,2025-07-22 11:55:49.038193
Feed_Rate,0,2025-07-22 11:55:49.038193
Program_Runtime_Seconds,23,2025-07-22 11:55:49.038193
Rapid_Override,100,2025-07-22 11:55:49.038193
Rapid_Speed,0,2025-07-22 11:55:49.038193
S_Axis_Load,1,2025-07-22 11:55:49.038193
Spindle_Override,100,2025-07-22 11:55:49.038193
Spindle_Speed,3036,2025-07-22 11:55:49.038193
X_Axis_Load,5,2025-07-22 11:55:49.038193
X_Position,379.846805990744,2025-07-22 11:55:49.038193
Y_Axis_Load,6,2025-07-22 11:55:49.038193
Y_Position,99.9539017288695,2025-07-22 11:55:49.038193
Z_Axis_Load,6,2025-07-22 11:55:49.038193
Z_Position,-389.185483514634,2025-07-22 11:55:49.038193
COR_Status,1,2025-07-22 11:55:49.038193
Controller_Mode,AUTO,2025-07-22 11:55:49.038193
EStop_State,ARMED,2025-07-22 11:55:49.038193
Machine_Mode,5,2025-07-22 11:55:49.038193
Block_Number,43,2025-07-22 11:55:49.038193
Current_Tool,85,2025-07-22 11:55:49.038193
Part_Count,9,2025-07-22 11:55:49.038193
Program_Name_Running,000454_D_A_PROGRAM_4.NC,2025-07-22 11:55:49.038193
voltage,133.23333333333332,2025-07-22 11:55:49.038193
current,6.789999999999999,2025-07-22 11:55:49.038193
active power,811.0,2025-07-22 11:55:49.038193
forward kWh,27.251,2025-07-22 11:55:49.038193
reverse kWh,0.7256666666666667,2025-07-22 11:55:49.038193
frequency,60.0,2025-07-22 11:55:49.038193
power factor,0.7533333333333334,2025-07-22 11:55:49.038193
featureId,UNAVAILABLE,2025-07-22 11:55:50.038444
partKindId,D2C78EB3-CB26-4FDA-ABA9-353C0E6A1AB1,2025-07-22 11:55:50.038444
processKindId,NONE,2025-07-22 11:55:50.038444
A_Axis_Load,106,2025-07-22 11:55:50.038444
A_Position,-89.9995631963877,2025-07-22 11:55:50.038444
C_Axis_Load,3,2025-07-22 11:55:50.038444
C_Position,120.001,2025-07-22 11:55:50.038444
Machine_Time,2647410.622,2025-07-22 11:55:50.038444
Spindle_Time,709602.711000001,2025-07-22 11:55:50.038444
Feed_Override,100,2025-07-22 11:55:50.038444
Feed_Rate,532.3333,2025-07-22 11:55:50.038444
Program_Runtime_Seconds,24,2025-07-22 11:55:50.038444
Rapid_Override,100,2025-07-22 11:55:50.038444
Rapid_Speed,0,2025-07-22 11:55:50.038444
S_Axis_Load,29,2025-07-22 11:55:50.038444
Spindle_Override,100,2025-07-22 11:55:50.038444
Spindle_Speed,445.860655737545,2025-07-22 11:55:50.038444
X_Axis_Load,5,2025-07-22 11:55:50.038444
X_Position,379.84679454674,2025-07-22 11:55:50.038444
Y_Axis_Load,6,2025-07-22 11:55:50.038444
Y_Position,99.9539017288695,2025-07-22 11:55:50.038444
Z_Axis_Load,54,2025-07-22 11:55:50.038444
Z_Position,-120.160445780345,2025-07-22 11:55:50.038444
COR_Status,1,2025-07-22 11:55:50.038444
Controller_Mode,AUTO,2025-07-22 11:55:50.038444
EStop_State,ARMED,2025-07-22 11:55:50.038444
Machine_Mode,5,2025-07-22 11:55:50.038444
Block_Number,48,2025-07-22 11:55:50.038444
Current_Tool,85,2025-07-22 11:55:50.038444
Part_Count,9,2025-07-22 11:55:50.038444
Program_Name_Running,000454_D_A_PROGRAM_4.NC,2025-07-22 11:55:50.038444
voltage,133.16666666666666,2025-07-22 11:55:50.038444
current,7.803333333333334,2025-07-22 11:55:50.038444
active power,877.0,2025-07-22 11:55:50.038444
forward kWh,27.25166666666667,2025-07-22 11:55:50.038444
reverse kWh,0.7256666666666667,2025-07-22 11:55:50.038444
frequency,60.0,2025-07-22 11:55:50.038444
power factor,0.65,2025-07-22 11:55:50.038444
featureId,UNAVAILABLE,2025-07-22 11:55:51.038730
partKindId,D2C78EB3-CB26-4FDA-ABA9-353C0E6A1AB1,2025-07-22 11:55:51.038730
processKindId,NONE,2025-07-22 11:55:51.038730
A_Axis_Load,106,2025-07-22 11:55:51.038730
A_Position,-89.9995631963877,2025-07-22 11:55:51.038730
C_Axis_Load,3,2025-07-22 11:55:51.038730
C_Position,120.001,2025-07-22 11:55:51.038730
Machine_Time,2647410.622,2025-07-22 11:55:51.038730
Spindle_Time,709602.711000001,2025-07-22 11:55:51.038730
Feed_Override,100,2025-07-22 11:55:51.038730
Feed_Rate,633.3333,2025-07-22 11:55:51.038730
Program_Runtime_Seconds,25,2025-07-22 11:55:51.038730
Rapid_Override,100,2025-07-22 11:55:51.038730
Rapid_Speed,0,2025-07-22 11:55:51.038730
S_Axis_Load,0,2025-07-22 11:55:51.038730
Spindle_Override,100,2025-07-22 11:55:51.038730
Spindle_Speed,0,2025-07-22 11:55:51.038730
X_Axis_Load,24,2025-07-22 11:55:51.038730
X_Position,147.136988580341,2025-07-22 11:55:51.038730
Y_Axis_Load,16,2025-07-22 11:55:51.038730
Y_Position,344.062933108507,2025-07-22 11:55:51.038730
Z_Axis_Load,39,2025-07-22 11:55:51.038730
Z_Position,-36.1242911364227,2025-07-22 11:55:51.038730
COR_Status,1,2025-07-22 11:55:51.038730
Controller_Mode,AUTO,2025-07-22 11:55:51.038730
EStop_State,ARMED,2025-07-22 11:55:51.038730
Machine_Mode,5,2025-07-22 11:55:51.038730
Block_Number,49,2025-07-22 11:55:51.038730
Current_Tool,85,2025-07-22 11:55:51.038730
Part_Count,9,2025-07-22 11:55:51.038730
Program_Name_Running,000454_D_A_PROGRAM_4.NC,2025-07-22 11:55:51.038730
voltage,133.0,2025-07-22 11:55:51.038730
current,14.21,2025-07-22 11:55:51.038730
active power,1113.3333333333333,2025-07-22 11:55:51.038730
forward kWh,27.252,2025-07-22 11:55:51.038730
reverse kWh,0.7256666666666667,2025-07-22 11:55:51.038730
frequency,60.0,2025-07-22 11:55:51.038730
power factor,0.5299999999999999,2025-07-22 11:55:51.038730
featureId,UNAVAILABLE,2025-07-22 11:55:52.038910
partKindId,D2C78EB3-CB26-4FDA-ABA9-353C0E6A1AB1,2025-07-22 11:55:52.038910
processKindId,NONE,2025-07-22 11:55:52.038910
A_Axis_Load,106,2025-07-22 11:55:52.038910
A_Position,-89.9995631963877,2025-07-22 11:55:52.038910
C_Axis_Load,3,2025-07-22 11:55:52.038910
C_Position,120.001,2025-07-22 11:55:52.038910
Machine_Time,2647410.622,2025-07-22 11:55:52.038910
Spindle_Time,709602.711000001,2025-07-22 11:55:52.038910
Feed_Override,100,2025-07-22 11:55:52.038910
Feed_Rate,14.81667,2025-07-22 11:55:52.038910
Program_Runtime_Seconds,26,2025-07-22 11:55:52.038910
Rapid_Override,100,2025-07-22 11:55:52.038910
Rapid_Speed,0,2025-07-22 11:55:52.038910
S_Axis_Load,0,2025-07-22 11:55:52.038910
Spindle_Override,100,2025-07-22 11:55:52.038910
Spindle_Speed,248.8,2025-07-22 11:55:52.038910
X_Axis_Load,6,2025-07-22 11:55:52.038910
X_Position,1.38677332956798,2025-07-22 11:55:52.038910
Y_Axis_Load,6,2025-07-22 11:55:52.038910
Y_Position,496.953445805176,2025-07-22 11:55:52.038910
Z_Axis_Load,52,2025-07-22 11:55:52.038910
Z_Position,-97.1873308158155,2025-07-22 11:55:52.038910
COR_Status,1,2025-07-22 11:55:52.038910
Controller_Mode,AUTO,2025-07-22 11:55:52.038910
EStop_State,ARMED,2025-07-22 11:55:52.038910
Machine_Mode,5,2025-07-22 11:55:52.038910
Block_Number,54,2025-07-22 11:55:52.038910
Current_Tool,85,2025-07-22 11:55:52.038910
Part_Count,9,2025-07-22 11:55:52.038910
Program_Name_Running,000454_D_A_PROGRAM_4.NC,2025-07-22 11:55:52.038910
voltage,133.06666666666666,2025-07-22 11:55:52.038910
current,10.236666666666666,2025-07-22 11:55:52.038910
active power,1075.0,2025-07-22 11:55:52.038910
forward kWh,27.252,2025-07-22 11:55:52.038910
reverse kWh,0.7256666666666667,2025-07-22 11:55:52.038910
frequency,60.0,2025-07-22 11:55:52.038910
power factor,0.7333333333333334,2025-07-22 11:55:52.038910
featureId,UNAVAILABLE,2025-07-22 11:55:53.039171
partKindId,D2C78EB3-CB26-4FDA-ABA9-353C0E6A1AB1,2025-07-22 11:55:53.039171
processKindId,NONE,2025-07-22 11:55:53.039171
A_Axis_Load,106,2025-07-22 11:55:53.039171
A_Position,-89.9995631963877,2025-07-22 11:55:53.039171
C_Axis_Load,3,2025-07-22 11:55:53.039171
C_Position,120.001,2025-07-22 11:55:53.039171
Machine_Time,2647410.622,2025-07-22 11:55:53.039171
Spindle_Time,709602.711000001,2025-07-22 11:55:53.039171
Feed_Override,100,2025-07-22 11:55:53.039171
Feed_Rate,0,2025-07-22 11:55:53.039171
Program_Runtime_Seconds,27,2025-07-22 11:55:53.039171
Rapid_Override,100,2025-07-22 11:55:53.039171
Rapid_Speed,0,2025-07-22 11:55:53.039171
S_Axis_Load,0,2025-07-22 11:55:53.039171
Spindle_Override,100,2025-07-22 11:55:53.039171
Spindle_Speed,0,2025-07-22 11:55:53.039171
X_Axis_Load,6,2025-07-22 11:55:53.039171
X_Position,1.38679621920055,2025-07-22 11:55:53.039171
Y_Axis_Load,6,2025-07-22 11:55:53.039171
Y_Position,496.953400028809,2025-07-22 11:55:53.039171
Z_Axis_Load,30,2025-07-22 11:55:53.039171
Z_Position,-99.8670012020172,2025-07-22 11:55:53.039171
COR_Status,1,2025-07-22 11:55:53.039171
Controller_Mode,AUTO,2025-07-22 11:55:53.039171
EStop_State,ARMED,2025-07-22 11:55:53.039171
Machine_Mode,5,2025-07-22 11:55:53.039171
Block_Number,54,2025-07-22 11:55:53.039171
Current_Tool,85,2025-07-22 11:55:53.039171
Part_Count,9,2025-07-22 11:55:53.039171
Program_Name_Running,000454_D_A_PROGRAM_4.NC,2025-07-22 11:55:53.039171
voltage,133.26666666666665,2025-07-22 11:55:53.039171
current,7.936666666666667,2025-07-22 11:55:53.039171
active power,665.0,2025-07-22 11:55:53.039171
forward kWh,27.252,2025-07-22 11:55:53.039171
reverse kWh,0.7256666666666667,2025-07-22 11:55:53.039171
frequency,60.0,2025-07-22 11:55:53.039171
power factor,0.5533333333333333,2025-07-22 11:55:53.039171
featureId,UNAVAILABLE,2025-07-22 11:55:54.039429
partKindId,D2C78EB3-CB26-4FDA-ABA9-353C0E6A1AB1,2025-07-22 11:55:54.039429
processKindId,NONE,2025-07-22 11:55:54.039429
A_Axis_Load,106,2025-07-22 11:55:54.039429
A_Position,-89.9995631963877,2025-07-22 11:55:54.039429
C_Axis_Load,3,2025-07-22 11:55:54.039429
C_Position,120.001,2025-07-22 11:55:54.039429
Machine_Time,2647410.622,2025-07-22 11:55:54.039429
Spindle_Time,709602.711000001,2025-07-22 11:55:54.039429
Feed_Override,100,2025-07-22 11:55:54.039429
Feed_Rate,0,2025-07-22 11:55:54.039429
Program_Runtime_Seconds,28,2025-07-22 11:55:54.039429
Rapid_Override,100,2025-07-22 11:55:54.039429
Rapid_Speed,0,2025-07-22 11:55:54.039429
S_Axis_Load,0,2025-07-22 11:55:54.039429
Spindle_Override,100,2025-07-22 11:55:54.039429
Spindle_Speed,0,2025-07-22 11:55:54.039429
X_Axis_Load,5,2025-07-22 11:55:54.039429
X_Position,1.38679621920055,2025-07-22 11:55:54.039429
Y_Axis_Load,6,2025-07-22 11:55:54.039429
Y_Position,496.9534114729,2025-07-22 11:55:54.039429
Z_Axis_Load,31,2025-07-22 11:55:54.039429
Z_Position,-99.8669783151853,2025-07-22 11:55:54.039429
COR_Status,1,2025-07-22 11:55:54.039429
Controller_Mode,AUTO,2025-07-22 11:55:54.039429
EStop_State,ARMED,2025-07-22 11:55:54.039429
Machine_Mode,5,2025-07-22 11:55:54.039429
Block_Number,54,2025-07-22 11:55:54.039429
Current_Tool,85,2025-07-22 11:55:54.039429
Part_Count,9,2025-07-22 11:55:54.039429
Program_Name_Running,000454_D_A_PROGRAM_4.NC,2025-07-22 11:55:54.039429
voltage,133.33333333333334,2025-07-22 11:55:54.039429
current,5.183333333333334,2025-07-22 11:55:54.039429
active power,637.6666666666666,2025-07-22 11:55:54.039429
forward kWh,27.252333333333336,2025-07-22 11:55:54.039429
reverse kWh,0.7256666666666667,2025-07-22 11:55:54.039429
frequency,60.0,2025-07-22 11:55:54.039429
power factor,1.0,2025-07-22 11:55:54.039429
featureId,UNAVAILABLE,2025-07-22 11:55:55.039741
partKindId,D2C78EB3-CB26-4FDA-ABA9-353C0E6A1AB1,2025-07-22 11:55:55.039741
processKindId,NONE,2025-07-22 11:55:55.039741
A_Axis_Load,106,2025-07-22 11:55:55.039741
A_Position,-89.9995631963877,2025-07-22 11:55:55.039741
C_Axis_Load,3,2025-07-22 11:55:55.039741
C_Position,120.001,2025-07-22 11:55:55.039741
Machine_Time,2647410.622,2025-07-22 11:55:55.039741
Spindle_Time,709602.711000001,2025-07-22 11:55:55.039741
Feed_Override,100,2025-07-22 11:55:55.039741
Feed_Rate,0,2025-07-22 11:55:55.039741
Program_Runtime_Seconds,29,2025-07-22 11:55:55.039741
Rapid_Override,100,2025-07-22 11:55:55.039741
Rapid_Speed,0,2025-07-22 11:55:55.039741
S_Axis_Load,0,2025-07-22 11:55:55.039741
Spindle_Override,100,2025-07-22 11:55:55.039741
Spindle_Speed,0,2025-07-22 11:55:55.039741
X_Axis_Load,4,2025-07-22 11:55:55.039741
X_Position,1.38677332956798,2025-07-22 11:55:55.039741
Y_Axis_Load,5,2025-07-22 11:55:55.039741
Y_Position,496.953388584717,2025-07-22 11:55:55.039741
Z_Axis_Load,32,2025-07-22 11:55:55.039741
Z_Position,-99.8668409941937,2025-07-22 11:55:55.039741
COR_Status,1,2025-07-22 11:55:55.039741
Controller_Mode,AUTO,2025-07-22 11:55:55.039741
EStop_State,ARMED,2025-07-22 11:55:55.039741
Machine_Mode,5,2025-07-22 11:55:55.039741
Block_Number,54,2025-07-22 11:55:55.039741
Current_Tool,72,2025-07-22 11:55:55.039741
Part_Count,9,2025-07-22 11:55:55.039741
Program_Name_Running,000454_D_A_PROGRAM_4.NC,2025-07-22 11:55:55.039741
voltage,133.29999999999998,2025-07-22 11:55:55.039741
current,5.793333333333334,2025-07-22 11:55:55.039741
active power,754.0,2025-07-22 11:55:55.039741
forward kWh,27.25266666666667,2025-07-22 11:55:55.039741
reverse kWh,0.7256666666666667,2025-07-22 11:55:55.039741
frequency,60.0,2025-07-22 11:55:55.039741
power factor,0.9566666666666667,2025-07-22 11:55:55.039741
featureId,UNAVAILABLE,2025-07-22 11:55:56.040005
partKindId,D2C78EB3-CB26-4FDA-ABA9-353C0E6A1AB1,2025-07-22 11:55:56.040005
processKindId,C382FC41-1DFF-4BFC-B0C3-D6E313A3F60D,2025-07-22 11:55:56.040005
A_Axis_Load,106,2025-07-22 11:55:56.040005
A_Position,-89.9995631963877,2025-07-22 11:55:56.040005
C_Axis_Load,3,2025-07-22 11:55:56.040005
C_Position,120.001,2025-07-22 11:55:56.040005
Machine_Time,2647410.622,2025-07-22 11:55:56.040005
Spindle_Time,709602.711000001,2025-07-22 11:55:56.040005
Feed_Override,100,2025-07-22 11:55:56.040005
Feed_Rate,0,2025-07-22 11:55:56.040005
Program_Runtime_Seconds,30,2025-07-22 11:55:56.040005
Rapid_Override,100,2025-07-22 11:55:56.040005
Rapid_Speed,0,2025-07-22 11:55:56.040005
S_Axis_Load,0,2025-07-22 11:55:56.040005
Spindle_Override,100,2025-07-22 11:55:56.040005
Spindle_Speed,0,2025-07-22 11:55:56.040005
X_Axis_Load,5,2025-07-22 11:55:56.040005
X_Position,1.38679621920055,2025-07-22 11:55:56.040005
Y_Axis_Load,4,2025-07-22 11:55:56.040005
Y_Position,496.953400028809,2025-07-22 11:55:56.040005
Z_Axis_Load,31,2025-07-22 11:55:56.040005
Z_Position,-99.8670012020172,2025-07-22 11:55:56.040005
COR_Status,1,2025-07-22 11:55:56.040005
Controller_Mode,AUTO,2025-07-22 11:55:56.040005
EStop_State,ARMED,2025-07-22 11:55:56.040005
Machine_Mode,5,2025-07-22 11:55:56.040005
Block_Number,54,2025-07-22 11:55:56.040005
Current_Tool,72,2025-07-22 11:55:56.040005
Part_Count,9,2025-07-22 11:55:56.040005
Program_Name_Running,000454_D_A_PROGRAM_4.NC,2025-07-22 11:55:56.040005
voltage,133.4,2025-07-22 11:55:56.040005
current,5.083333333333333,2025-07-22 11:55:56.040005
active power,617.6666666666666,2025-07-22 11:55:56.040005
forward kWh,27.25266666666667,2025-07-22 11:55:56.040005
reverse kWh,0.7256666666666667,2025-07-22 11:55:56.040005
frequency,60.0,2025-07-22 11:55:56.040005
power factor,0.9633333333333334,2025-07-22 11:55:56.040005
featureId,UNAVAILABLE,2025-07-22 11:55:57.040267
partKindId,D2C78EB3-CB26-4FDA-ABA9-353C0E6A1AB1,2025-07-22 11:55:57.040267
processKindId,C382FC41-1DFF-4BFC-B0C3-D6E313A3F60D,2025-07-22 11:55:57.040267
A_Axis_Load,106,2025-07-22 11:55:57.040267
A_Position,-89.9995631963877,2025-07-22 11:55:57.040267
C_Axis_Load,3,2025-07-22 11:55:57.040267
C_Position,120.001,2025-07-22 11:55:57.040267
Machine_Time,2647410.622,2025-07-22 11:55:57.040267
Spindle_Time,709602.711000001,2025-07-22 11:55:57.040267
Feed_Override,100,2025-07-22 11:55:57.040267
Feed_Rate,633.3333,2025-07-22 11:55:57.040267
Program_Runtime_Seconds,31,2025-07-22 11:55:57.040267
Rapid_Override,100,2025-07-22 11:55:57.040267
Rapid_Speed,0,2025-07-22 11:55:57.040267
S_Axis_Load,0,2025-07-22 11:55:57.040267
Spindle_Override,100,2025-07-22 11:55:57.040267
Spindle_Speed,0,2025-07-22 11:55:57.040267
X_Axis_Load,26,2025-07-22 11:55:57.040267
X_Position,264.685757520575,2025-07-22 11:55:57.040267
Y_Axis_Load,17,2025-07-22 11:55:57.040267
Y_Position,220.756899460473,2025-07-22 11:55:57.040267
Z_Axis_Load,31,2025-07-22 11:55:57.040267
Z_Position,-99.8670012020172,2025-07-22 11:55:57.040267
COR_Status,1,2025-07-22 11:55:57.040267
Controller_Mode,AUTO,2025-07-22 11:55:57.040267
EStop_State,ARMED,2025-07-22 11:55:57.040267
Machine_Mode,5,2025-07-22 11:55:57.040267
Block_Number,56,2025-07-22 11:55:57.040267
Current_Tool,72,2025-07-22 11:55:57.040267
Part_Count,9,2025-07-22 11:55:57.040267
Program_Name_Running,000454_D_A_PROGRAM_4.NC,2025-07-22 11:55:57.040267
voltage,133.46666666666667,2025-07-22 11:55:57.040267
current,4.62,2025-07-22 11:55:57.040267
active power,524.6666666666666,2025-07-22 11:55:57.040267
forward kWh,27.25266666666667,2025-07-22 11:55:57.040267
reverse kWh,0.7256666666666667,2025-07-22 11:55:57.040267
frequency,60.0,2025-07-22 11:55:57.040267
power factor,0.9833333333333334,2025-07-22 11:55:57.040267
featureId,UNAVAILABLE,2025-07-22 11:55:58.040526
partKindId,D2C78EB3-CB26-4FDA-ABA9-353C0E6A1AB1,2025-07-22 11:55:58.040526
processKindId,C382FC41-1DFF-4BFC-B0C3-D6E313A3F60D,2025-07-22 11:55:58.040526
A_Axis_Load,106,2025-07-22 11:55:58.040526
A_Position,-89.9995631963877,2025-07-22 11:55:58.040526
C_Axis_Load,3,2025-07-22 11:55:58.040526
C_Position,120.001,2025-07-22 11:55:58.040526
Machine_Time,2647410.622,2025-07-22 11:55:58.040526
Spindle_Time,709602.711000001,2025-07-22 11:55:58.040526
Feed_Override,100,2025-07-22 11:55:58.040526
Feed_Rate,529.25,2025-07-22 11:55:58.040526
Program_Runtime_Seconds,32,2025-07-22 11:55:58.040526
Rapid_Override,100,2025-07-22 11:55:58.040526
Rapid_Speed,0,2025-07-22 11:55:58.040526
S_Axis_Load,0,2025-07-22 11:55:58.040526
Spindle_Override,100,2025-07-22 11:55:58.040526
Spindle_Speed,0,2025-07-22 11:55:58.040526
X_Axis_Load,6,2025-07-22 11:55:58.040526
X_Position,379.846805990744,2025-07-22 11:55:58.040526
Y_Axis_Load,7,2025-07-22 11:55:58.040526
Y_Position,99.9538673973172,2025-07-22 11:55:58.040526
Z_Axis_Load,13,2025-07-22 11:55:58.040526
Z_Position,-288.090275451887,2025-07-22 11:55:58.040526
COR_Status,1,2025-07-22 11:55:58.040526
Controller_Mode,AUTO,2025-07-22 11:55:58.040526
EStop_State,ARMED,2025-07-22 11:55:58.040526
Machine_Mode,5,2025-07-22 11:55:58.040526
Block_Number,57,2025-07-22 11:55:58.040526
Current_Tool,72,2025-07-22 11:55:58.040526
Part_Count,9,2025-07-22 11:55:58.040526
Program_Name_Running,000454_D_A_PROGRAM_4.NC,2025-07-22 11:55:58.040526
voltage,133.23333333333332,2025-07-22 11:55:58.040526
current,8.93,2025-07-22 11:55:58.040526
active power,952.0,2025-07-22 11:55:58.040526
forward kWh,27.25266666666667,2025-07-22 11:55:58.040526
reverse kWh,0.7256666666666667,2025-07-22 11:55:58.040526
frequency,60.01,2025-07-22 11:55:58.040526
power factor,0.5233333333333333,2025-07-22 11:55:58.040526
featureId,UNAVAILABLE,2025-07-22 11:55:59.040824
partKindId,D2C78EB3-CB26-4FDA-ABA9-353C0E6A1AB1,2025-07-22 11:55:59.040824
processKindId,C382FC41-1DFF-4BFC-B0C3-D6E313A3F60D,2025-07-22 11:55:59.040824
A_Axis_Load,106,2025-07-22 11:55:59.040824
A_Position,-89.9995631963877,2025-07-22 11:55:59.040824
C_Axis_Load,3,2025-07-22 11:55:59.040824
C_Position,120.001,2025-07-22 11:55:59.040824
Machine_Time,2647410.622,2025-07-22 11:55:59.040824
Spindle_Time,709602.711000001,2025-07-22 11:55:59.040824
Feed_Override,100,2025-07-22 11:55:59.040824
Feed_Rate,9.433333,2025-07-22 11:55:59.040824
Program_Runtime_Seconds,33,2025-07-22 11:55:59.040824
Rapid_Override,100,2025-07-22 11:55:59.040824
Rapid_Speed,0,2025-07-22 11:55:59.040824
S_Axis_Load,4,2025-07-22 11:55:59.040824
Spindle_Override,100,2025-07-22 11:55:59.040824
Spindle_Speed,467.875647668396,2025-07-22 11:55:59.040824
X_Axis_Load,6,2025-07-22 11:55:59.040824
X_Position,379.84679454674,2025-07-22 11:55:59.040824
Y_Axis_Load,6,2025-07-22 11:55:59.040824
Y_Position,99.9539017288695,2025-07-22 11:55:59.040824
Z_Axis_Load,25,2025-07-22 11:55:59.040824
Z_Position,-473.185369657116,2025-07-22 11:55:59.040824
COR_Status,1,2025-07-22 11:55:59.040824
Controller_Mode,AUTO,2025-07-22 11:55:59.040824
EStop_State,ARMED,2025-07-22 11:55:59.040824
Machine_Mode,5,2025-07-22 11:55:59.040824
Block_Number,58,2025-07-22 11:55:59.040824
Current_Tool,72,2025-07-22 11:55:59.040824
Part_Count,9,2025-07-22 11:55:59.040824
Program_Name_Running,000454_D_A_PROGRAM_4.NC,2025-07-22 11:55:59.040824
voltage,133.33333333333331,2025-07-22 11:55:59.040824
current,5.68,2025-07-22 11:55:59.040824
active power,667.3333333333334,2025-07-22 11:55:59.040824
forward kWh,27.254,2025-07-22 11:55:59.040824
reverse kWh,0.7256666666666667,2025-07-22 11:55:59.040824
frequency,60.01,2025-07-22 11:55:59.040824
power factor,0.8300000000000001,2025-07-22 11:55:59.040824
