program,run,source_file,operation,segment_id,sample_index,Time,A_Axis_Load,A_Position,Block_Number,COR_Status,C_Axis_Load,C_Position,Controller_Mode,Current_Tool,EStop_State,Feed_Override,Feed_Rate,Machine_Mode,Machine_Time,Part_Count,Program_Name_Running,Program_Runtime_Seconds,Rapid_Override,Rapid_Speed,S_Axis_Load,Spindle_Override,Spindle_Speed,Spindle_Time,X_Axis_Load,X_Position,Y_Axis_Load,Y_Position,Z_Axis_Load,Z_Position,active power,current,featureId,forward kWh,frequency,partKindId,power factor,processKindId,reverse kWh,spindle motor a_peak,spindle motor a_rms,spindle motor crest,spindle motor temp,spindle motor v_rms,voltage,x-axis motor a_peak,x-axis motor a_rms,x-axis motor crest,x-axis motor temp,x-axis motor v_rms,y-axis bearing a_peak,y-axis bearing a_rms,y-axis bearing crest,y-axis bearing temp,y-axis bearing v_rms,y-axis motor a_peak,y-axis motor a_rms,y-axis motor crest,y-axis motor temp,y-axis motor v_rms,z-axis bearing a_peak,z-axis bearing a_rms,z-axis bearing crest,z-axis bearing temp,z-axis bearing v_rms,z-axis motor a_peak,z-axis motor a_rms,z-axis motor crest,z-axis motor temp,z-axis motor v_rms
lid_p2,01,Al6061_lid01_p2,482AB6CD-5B14-41D0-846D-4AF4A2EB712A,16,563,2025-07-10 15:31:24.284113,21,0.0001678978379824,4,1,8,30.0005,AUTO,21,ARMED,100,0.0,5,2582204.421,1,O9735.FNC,5,100,0,0,100,0.0,687626.376999998,6,75.6053960988366,5,455.76380846048,37,-275.102998686275,-3521.333333333333,29.0,NONE,14.437666666666669,59.99,7606F116-3463-4EEF-96CC-1AC408FAA001,0.8833333333333333,482AB6CD-5B14-41D0-846D-4AF4A2EB712A,0.288,4200.0,800.0,5.3,30.3,0.1,134.5666666666667,600.0,100.0,6.9,23.3,0.2,200.0,100.0,4.2,22.7,0.0,4900.0,500.0,9.3,25.3,0.0,400.0,100.0,5.9,23.9,0.0,500.0,200.0,3.0,27.6,0.1
lid_p2,01,Al6061_lid01_p2,482AB6CD-5B14-41D0-846D-4AF4A2EB712A,16,564,2025-07-10 15:31:25.284310,21,0.0001678978379824,567,1,8,30.0005,AUTO,21,ARMED,100,390.6333,5,2582204.421,1,000473_A_A_PROGRAM_2.NC,6,100,0,27,100,2051.93567662779,687626.376999998,30,375.592737850619,17,290.060951592673,37,-275.103010129205,207.66666666666663,8.776666666666666,NONE,14.437666666666669,59.98,7606F116-3463-4EEF-96CC-1AC408FAA001,0.3899999999999999,482AB6CD-5B14-41D0-846D-4AF4A2EB712A,0.288,6500.0,1800.0,3.6,30.3,0.1,132.66666666666666,1300.0,100.0,9.4,23.2,0.2,4400.0,600.0,8.0,22.7,0.1,19800.0,3100.0,6.5,25.3,0.2,2400.0,500.0,4.9,23.9,0.0,9400.0,900.0,9.9,27.6,0.1
lid_p2,01,Al6061_lid01_p2,482AB6CD-5B14-41D0-846D-4AF4A2EB712A,16,565,2025-07-10 15:31:26.284510,21,0.0001678978379824,570,1,8,30.0005,AUTO,21,ARMED,100,0.0,5,2582204.421,1,000473_A_A_PROGRAM_2.NC,6,100,0,16,100,5135.9588266863,687626.376999998,5,377.235410175979,6,289.152498556593,29,-374.307725105936,3092.0,28.3,NONE,14.437666666666669,59.98,7606F116-3463-4EEF-96CC-1AC408FAA001,1.0,482AB6CD-5B14-41D0-846D-4AF4A2EB712A,0.288,7100.0,2100.0,3.4,30.3,0.3,131.1,200.0,100.0,3.7,23.2,0.1,300.0,100.0,3.7,22.7,0.1,3400.0,1200.0,2.8,25.3,0.2,3700.0,400.0,9.9,23.9,0.1,7200.0,600.0,12.4,27.6,0.2
lid_p2,01,Al6061_lid01_p2,482AB6CD-5B14-41D0-846D-4AF4A2EB712A,16,566,2025-07-10 15:31:27.284663,21,0.0001678978379824,570,1,8,30.0005,AUTO,21,ARMED,100,0.0,5,2582204.421,1,000473_A_A_PROGRAM_2.NC,8,100,0,11,100,7281.57128917207,687626.376999998,5,377.235410175979,5,289.152498556593,30,-374.307793771098,5809.666666666667,48.35333333333333,NONE,14.439333333333332,59.99,7606F116-3463-4EEF-96CC-1AC408FAA001,0.8966666666666666,482AB6CD-5B14-41D0-846D-4AF4A2EB712A,0.288,10200.0,2800.0,3.7,30.3,0.2,129.60000000000002,300.0,100.0,3.8,23.2,0.1,400.0,100.0,3.9,22.7,0.1,3900.0,1300.0,3.0,25.3,0.3,1300.0,300.0,4.4,23.9,0.1,800.0,200.0,4.7,27.6,0.1
lid_p2,01,Al6061_lid01_p2,482AB6CD-5B14-41D0-846D-4AF4A2EB712A,16,567,2025-07-10 15:31:28.284813,21,0.0001678978379824,570,1,8,30.0005,AUTO,21,ARMED,100,0.0,5,2582204.421,1,000473_A_A_PROGRAM_2.NC,9,100,0,7,100,8731.11956155429,687626.376999998,5,377.235410175979,5,289.152498556593,30,-374.307862436259,5876.333333333333,48.85999999999999,NONE,14.440333333333331,59.99,7606F116-3463-4EEF-96CC-1AC408FAA001,0.9266666666666667,482AB6CD-5B14-41D0-846D-4AF4A2EB712A,0.288,7900.0,2400.0,3.4,30.3,0.3,129.53333333333333,300.0,100.0,3.4,23.2,0.1,400.0,100.0,3.5,22.7,0.1,3400.0,1200.0,2.8,25.3,0.3,1000.0,300.0,3.6,23.9,0.1,1100.0,400.0,2.7,27.6,0.4
lid_p2,01,Al6061_lid01_p2,482AB6CD-5B14-41D0-846D-4AF4A2EB712A,16,568,2025-07-10 15:31:29.285021,21,0.0001678978379824,572,1,8,30.0005,AUTO,21,ARMED,100,25.4,5,2582204.421,1,000473_A_A_PROGRAM_2.NC,9,100,0,6,100,10000.0,687626.376999998,9,386.548851845819,7,286.150097951053,31,-377.307591580139,5356.333333333333,44.54,NONE,14.442666666666668,59.99,7606F116-3463-4EEF-96CC-1AC408FAA001,0.8833333333333333,482AB6CD-5B14-41D0-846D-4AF4A2EB712A,0.288,7500.0,2200.0,3.3,30.3,0.6,129.8,600.0,100.0,4.8,23.2,0.5,500.0,100.0,3.7,22.7,0.1,5000.0,1800.0,2.8,25.3,0.7,1400.0,400.0,3.3,23.9,0.2,2800.0,1400.0,2.0,27.6,1.4
lid_p2,01,Al6061_lid01_p2,482AB6CD-5B14-41D0-846D-4AF4A2EB712A,16,569,2025-07-10 15:31:30.285237,21,0.0001678978379824,574,1,8,30.0005,AUTO,21,ARMED,100,25.4,5,2582204.421,1,000473_A_A_PROGRAM_2.NC,11,100,0,0,100,10000.0,687626.376999998,9,409.709045671906,9,284.190516881089,31,-377.307477138202,4742.333333333333,39.473333333333336,NONE,14.443666666666669,59.99,7606F116-3463-4EEF-96CC-1AC408FAA001,0.8833333333333333,482AB6CD-5B14-41D0-846D-4AF4A2EB712A,0.288,3500.0,1100.0,3.2,30.3,0.5,130.2,500.0,100.0,4.6,23.2,0.1,500.0,100.0,3.4,22.7,0.1,3900.0,1400.0,2.7,25.3,0.6,1000.0,300.0,3.6,23.9,0.2,3100.0,1800.0,1.8,27.6,1.7
lid_p2,01,Al6061_lid01_p2,482AB6CD-5B14-41D0-846D-4AF4A2EB712A,16,570,2025-07-10 15:31:31.285438,21,0.0001678978379824,575,1,8,30.0005,AUTO,21,ARMED,100,25.36667,5,2582204.421,1,000473_A_A_PROGRAM_2.NC,11,100,0,0,100,10000.0,687626.376999998,6,429.927545285477,9,268.64285695013,33,-377.307557247558,1026.0,9.09,NONE,14.443666666666669,59.99,7606F116-3463-4EEF-96CC-1AC408FAA001,0.8233333333333333,482AB6CD-5B14-41D0-846D-4AF4A2EB712A,0.288,3800.0,1100.0,3.6,30.4,0.5,132.1,400.0,100.0,4.3,23.2,0.5,600.0,200.0,3.7,22.7,0.1,4200.0,1500.0,2.8,25.3,0.6,900.0,300.0,3.6,23.9,0.2,3000.0,1800.0,1.7,27.6,1.7
lid_p2,01,Al6061_lid01_p2,482AB6CD-5B14-41D0-846D-4AF4A2EB712A,16,571,2025-07-10 15:31:32.285629,21,0.0001678978379824,576,1,8,30.0005,AUTO,21,ARMED,100,25.4,5,2582204.421,1,000473_A_A_PROGRAM_2.NC,13,100,0,0,100,10000.0,687626.376999998,7,431.528649525367,9,247.00626052112,32,-377.307465694009,1014.6666666666666,8.693333333333333,NONE,14.443666666666669,59.99,7606F116-3463-4EEF-96CC-1AC408FAA001,0.88,482AB6CD-5B14-41D0-846D-4AF4A2EB712A,0.288,3800.0,1100.0,3.5,30.4,0.5,132.13333333333335,400.0,100.0,3.8,23.2,0.5,600.0,200.0,3.5,22.7,0.1,4300.0,1500.0,2.8,25.3,0.5,1000.0,300.0,3.6,23.9,0.2,3100.0,1800.0,1.7,27.6,1.7
lid_p2,01,Al6061_lid01_p2,482AB6CD-5B14-41D0-846D-4AF4A2EB712A,16,572,2025-07-10 15:31:33.285975,21,0.0001678978379824,578,1,8,30.0005,AUTO,21,ARMED,100,25.4,5,2582204.421,1,000473_A_A_PROGRAM_2.NC,14,100,0,0,100,10000.0,687626.376999998,9,417.260596830653,6,224.769710517358,32,-377.307534359171,1016.3333333333334,8.713333333333333,NONE,14.444333333333333,59.99,7606F116-3463-4EEF-96CC-1AC408FAA001,0.8833333333333334,482AB6CD-5B14-41D0-846D-4AF4A2EB712A,0.288,3500.0,1100.0,3.3,30.4,0.5,132.16666666666666,500.0,100.0,4.2,23.2,0.1,500.0,100.0,3.4,22.7,0.1,4000.0,1500.0,2.7,25.3,0.6,1000.0,300.0,3.9,23.9,0.2,3100.0,1800.0,1.7,27.6,1.7
lid_p2,01,Al6061_lid01_p2,482AB6CD-5B14-41D0-846D-4AF4A2EB712A,16,573,2025-07-10 15:31:34.286189,21,0.0001678978379824,579,1,8,30.0005,AUTO,21,ARMED,100,25.38333,5,2582204.421,1,000473_A_A_PROGRAM_2.NC,15,100,0,0,100,10000.0,687626.376999998,8,394.472414751492,7,218.177179722847,31,-377.307397028847,1018.0,8.733333333333334,NONE,14.444666666666668,59.99,7606F116-3463-4EEF-96CC-1AC408FAA001,0.88,482AB6CD-5B14-41D0-846D-4AF4A2EB712A,0.288,3400.0,1100.0,3.2,30.4,0.5,132.13333333333335,500.0,100.0,4.6,23.2,0.5,500.0,100.0,3.3,22.7,0.1,5500.0,1400.0,3.9,25.3,0.6,1000.0,300.0,3.8,23.9,0.2,3100.0,1800.0,1.7,27.6,1.7
lid_p2,01,Al6061_lid01_p2,482AB6CD-5B14-41D0-846D-4AF4A2EB712A,16,574,2025-07-10 15:31:35.286404,21,0.0001678978379824,580,1,8,30.0005,AUTO,21,ARMED,100,25.4,5,2582204.421,1,000473_A_A_PROGRAM_2.NC,15,100,0,1,100,10000.0,687626.376999998,9,371.467791262107,4,218.977302989064,32,-377.307442805622,1017.3333333333334,8.709999999999999,NONE,14.444666666666668,59.99,7606F116-3463-4EEF-96CC-1AC408FAA001,0.88,482AB6CD-5B14-41D0-846D-4AF4A2EB712A,0.288,3900.0,1100.0,3.6,30.4,0.5,132.13333333333335,400.0,100.0,3.7,23.2,0.5,500.0,100.0,3.1,22.7,0.1,3800.0,1400.0,2.7,25.3,0.6,1000.0,300.0,3.7,23.9,0.2,3100.0,1800.0,1.7,27.6,1.7
lid_p2,01,Al6061_lid01_p2,482AB6CD-5B14-41D0-846D-4AF4A2EB712A,16,575,2025-07-10 15:31:36.286574,21,0.0001678978379824,582,1,8,30.0005,AUTO,21,ARMED,100,25.4,5,2582204.421,1,000473_A_A_PROGRAM_2.NC,17,100,0,0,100,10000.0,687626.376999998,8,346.170073926762,8,223.162684627019,33,-377.307557247558,1015.6666666666666,8.703333333333333,NONE,14.445,60.0,7606F116-3463-4EEF-96CC-1AC408FAA001,0.88,482AB6CD-5B14-41D0-846D-4AF4A2EB712A,0.288,3800.0,1100.0,3.6,30.4,0.5,132.1,400.0,100.0,3.8,23.2,0.1,500.0,200.0,3.4,22.7,0.1,3900.0,1500.0,2.7,25.3,0.6,1000.0,300.0,3.9,23.9,0.2,3200.0,1900.0,1.7,27.6,1.8
lid_p2,01,Al6061_lid01_p2,482AB6CD-5B14-41D0-846D-4AF4A2EB712A,16,576,2025-07-10 15:31:37.286741,21,0.0001678978379824,583,1,8,30.0005,AUTO,21,ARMED,100,25.38333,5,2582204.421,1,000473_A_A_PROGRAM_2.NC,18,100,0,0,100,10000.0,687626.376999998,3,330.703258656727,8,239.258649414535,32,-377.307534359171,1011.0,8.656666666666666,NONE,14.445333333333332,60.0,7606F116-3463-4EEF-96CC-1AC408FAA001,0.8833333333333334,482AB6CD-5B14-41D0-846D-4AF4A2EB712A,0.288,3700.0,1100.0,3.4,30.4,0.5,132.13333333333335,400.0,100.0,4.1,23.2,0.5,600.0,200.0,3.5,22.7,0.1,3900.0,1500.0,2.5,25.3,0.6,1000.0,300.0,3.7,23.9,0.2,3100.0,1800.0,1.7,27.6,1.8
lid_p2,01,Al6061_lid01_p2,482AB6CD-5B14-41D0-846D-4AF4A2EB712A,16,577,2025-07-10 15:31:38.286955,21,0.0001678978379824,584,1,8,30.0005,AUTO,21,ARMED,100,25.4,5,2582204.421,1,000473_A_A_PROGRAM_2.NC,19,100,0,0,100,10000.0,687626.376999998,7,330.746963330091,7,265.598908320323,33,-377.307603024332,1019.0,8.736666666666666,NONE,14.446,60.0,7606F116-3463-4EEF-96CC-1AC408FAA001,0.8766666666666666,482AB6CD-5B14-41D0-846D-4AF4A2EB712A,0.288,3600.0,1100.0,3.4,30.4,0.5,132.20000000000002,400.0,100.0,3.9,23.2,0.5,600.0,200.0,3.8,22.7,0.1,4100.0,1500.0,2.8,25.3,0.5,1000.0,300.0,3.6,23.9,0.2,3200.0,1800.0,1.8,27.6,1.7
lid_p2,01,Al6061_lid01_p2,482AB6CD-5B14-41D0-846D-4AF4A2EB712A,16,578,2025-07-10 15:31:39.287107,21,0.0001678978379824,586,1,8,30.0005,AUTO,21,ARMED,100,25.4,5,2582204.421,1,000473_A_A_PROGRAM_2.NC,20,100,0,0,100,10000.0,687626.376999998,8,345.930289323912,7,281.83145219034,33,-377.307431361428,1020.6666666666666,8.77,NONE,14.446,60.0,7606F116-3463-4EEF-96CC-1AC408FAA001,0.88,482AB6CD-5B14-41D0-846D-4AF4A2EB712A,0.288,3800.0,1100.0,3.5,30.4,0.5,132.13333333333335,400.0,100.0,3.9,23.2,0.1,500.0,200.0,3.2,22.7,0.1,3700.0,1400.0,2.6,25.3,0.6,1000.0,300.0,3.6,23.9,0.2,3200.0,1800.0,1.7,27.6,1.8
lid_p2,01,Al6061_lid01_p2,482AB6CD-5B14-41D0-846D-4AF4A2EB712A,16,579,2025-07-10 15:31:40.287302,21,0.0001678978379824,588,1,8,30.0005,AUTO,21,ARMED,100,23.18333,5,2582204.421,1,000473_A_A_PROGRAM_2.NC,21,100,0,1,100,10000.0,687626.376999998,7,366.484752659918,10,286.849945880852,31,-377.307603024332,1017.6666666666666,8.713333333333333,NONE,14.446,60.0,7606F116-3463-4EEF-96CC-1AC408FAA001,0.8733333333333334,482AB6CD-5B14-41D0-846D-4AF4A2EB712A,0.288,3500.0,1100.0,3.2,30.4,0.5,132.23333333333332,400.0,100.0,4.0,23.2,0.4,500.0,100.0,3.4,22.7,0.1,2900.0,1300.0,2.1,25.3,0.5,1000.0,300.0,3.5,23.9,0.2,3100.0,1800.0,1.7,27.6,1.7
lid_p2,01,Al6061_lid01_p2,482AB6CD-5B14-41D0-846D-4AF4A2EB712A,16,580,2025-07-10 15:31:41.287619,21,0.0001678978379824,591,1,8,30.0005,AUTO,21,ARMED,100,40.0,5,2582204.421,1,000473_A_A_PROGRAM_2.NC,21,100,0,1,100,10000.0,687626.376999998,6,383.575384229367,6,289.152641734802,40,-367.519523760268,1015.0,8.709999999999999,NONE,14.446333333333332,60.0,7606F116-3463-4EEF-96CC-1AC408FAA001,0.8733333333333334,482AB6CD-5B14-41D0-846D-4AF4A2EB712A,0.288,3500.0,1100.0,3.3,30.4,0.6,132.16666666666666,300.0,100.0,3.2,23.2,0.1,400.0,100.0,3.5,22.7,0.1,4500.0,1900.0,2.4,25.3,0.5,3000.0,400.0,7.5,23.9,0.2,14800.0,2500.0,6.0,27.6,1.6
lid_p2,02,Al6061_lid02_p2,482AB6CD-5B14-41D0-846D-4AF4A2EB712A,16,500,2025-07-10 15:41:20.399423,21,0.0001678978379824,567,1,8,30.0005,AUTO,21,ARMED,100,0.0,5,2582564.889,2,000473_A_A_PROGRAM_2.NC,2,100,0,0,100,135.838081946931,687986.487,83,108.656021841247,39,437.508027809589,37,-275.102998686275,-16.0,13.926666666666668,NONE,14.620333333333331,59.97,7606F116-3463-4EEF-96CC-1AC408FAA001,0.04,482AB6CD-5B14-41D0-846D-4AF4A2EB712A,0.3013333333333334,7300.0,1600.0,4.6,32.0,0.1,132.6,1600.0,400.0,3.5,23.1,0.3,4000.0,1000.0,4.2,22.8,0.1,23600.0,7600.0,3.1,25.5,0.3,2700.0,500.0,5.1,24.2,0.0,700.0,200.0,3.5,28.3,0.1
lid_p2,02,Al6061_lid02_p2,482AB6CD-5B14-41D0-846D-4AF4A2EB712A,16,501,2025-07-10 15:41:21.399694,21,0.0001678978379824,568,1,8,30.0005,AUTO,21,ARMED,100,316.5,5,2582564.889,2,000473_A_A_PROGRAM_2.NC,3,100,0,22,100,3861.48165886047,687986.487,5,377.23544450799,6,289.152429891318,24,-340.64021959767,3402.0,26.926666666666662,NONE,14.620333333333331,59.97,7606F116-3463-4EEF-96CC-1AC408FAA001,0.96,482AB6CD-5B14-41D0-846D-4AF4A2EB712A,0.3013333333333334,8500.0,2100.0,4.0,32.0,0.2,130.7,200.0,100.0,4.3,23.1,0.1,1100.0,200.0,6.1,22.8,0.0,3200.0,1200.0,2.6,25.5,0.2,21600.0,3200.0,6.7,24.2,0.1,56500.0,8500.0,6.7,28.3,0.8
lid_p2,02,Al6061_lid02_p2,482AB6CD-5B14-41D0-846D-4AF4A2EB712A,16,502,2025-07-10 15:41:22.400002,21,0.0001678978379824,570,1,8,30.0005,AUTO,21,ARMED,100,0.0,5,2582564.889,2,000473_A_A_PROGRAM_2.NC,4,100,0,14,100,6254.378957116,687986.487,5,377.235398731975,6,289.152498556593,30,-374.307793771098,5780.333333333333,47.97666666666667,NONE,14.621666666666664,59.97,7606F116-3463-4EEF-96CC-1AC408FAA001,0.93,482AB6CD-5B14-41D0-846D-4AF4A2EB712A,0.3013333333333334,9300.0,2400.0,3.9,32.0,0.2,129.33333333333334,200.0,100.0,3.9,23.1,0.1,400.0,100.0,3.8,22.8,0.1,3400.0,1200.0,2.9,25.5,0.2,1300.0,300.0,4.0,24.2,0.1,600.0,200.0,4.1,28.3,0.2
lid_p2,02,Al6061_lid02_p2,482AB6CD-5B14-41D0-846D-4AF4A2EB712A,16,503,2025-07-10 15:41:23.400324,21,0.0001678978379824,570,1,8,30.0005,AUTO,21,ARMED,100,0.0,5,2582564.889,2,000473_A_A_PROGRAM_2.NC,5,100,0,10,100,7989.48322662179,687986.487,5,377.235410175979,6,289.152498556593,30,-374.307793771098,5872.0,48.97333333333333,NONE,14.623000000000005,59.97,7606F116-3463-4EEF-96CC-1AC408FAA001,0.9266666666666667,482AB6CD-5B14-41D0-846D-4AF4A2EB712A,0.3013333333333334,11300.0,3300.0,3.4,32.0,0.3,129.33333333333334,300.0,100.0,3.2,23.1,0.1,400.0,100.0,3.3,22.8,0.1,3800.0,1300.0,3.0,25.5,0.3,1100.0,300.0,4.0,24.2,0.1,900.0,200.0,3.7,28.3,0.3
lid_p2,02,Al6061_lid02_p2,482AB6CD-5B14-41D0-846D-4AF4A2EB712A,16,504,2025-07-10 15:41:24.400634,21,0.0001678978379824,570,1,8,30.0005,AUTO,21,ARMED,100,0.0,5,2582564.889,2,000473_A_A_PROGRAM_2.NC,6,100,0,7,100,10000.0,687986.487,5,377.235410175979,6,289.152498556593,30,-374.711087154346,5277.333333333333,43.99666666666667,NONE,14.625,59.97,7606F116-3463-4EEF-96CC-1AC408FAA001,0.8833333333333333,482AB6CD-5B14-41D0-846D-4AF4A2EB712A,0.3013333333333334,8500.0,2200.0,3.8,32.0,0.5,129.63333333333335,400.0,100.0,3.4,23.1,0.5,500.0,100.0,3.7,22.8,0.1,4400.0,1400.0,3.2,25.5,0.5,1700.0,300.0,5.0,24.2,0.1,3100.0,900.0,3.6,28.3,0.8
lid_p2,02,Al6061_lid02_p2,482AB6CD-5B14-41D0-846D-4AF4A2EB712A,16,505,2025-07-10 15:41:25.400925,21,0.0001678978379824,573,1,8,30.0005,AUTO,21,ARMED,100,25.38333,5,2582564.889,2,000473_A_A_PROGRAM_2.NC,7,100,0,5,100,10000.0,687986.487,9,393.965027342694,6,286.582063374783,32,-377.307557247558,4678.0,39.013333333333335,NONE,14.625333333333336,59.97,7606F116-3463-4EEF-96CC-1AC408FAA001,0.88,482AB6CD-5B14-41D0-846D-4AF4A2EB712A,0.3013333333333334,7300.0,1500.0,4.7,32.0,0.5,130.03333333333333,500.0,100.0,4.7,23.1,0.5,500.0,100.0,3.2,22.8,0.1,4600.0,1800.0,2.5,25.5,0.7,1400.0,400.0,4.0,24.2,0.2,2800.0,1600.0,1.8,28.3,1.5
lid_p2,02,Al6061_lid02_p2,482AB6CD-5B14-41D0-846D-4AF4A2EB712A,16,506,2025-07-10 15:41:26.401166,21,0.0001678978379824,574,1,8,30.0005,AUTO,21,ARMED,100,25.4,5,2582564.889,2,000473_A_A_PROGRAM_2.NC,8,100,0,0,100,10000.0,687986.487,6,419.886770860401,8,278.381738268913,31,-377.307580135945,1016.3333333333334,8.9,NONE,14.626666666666669,59.97,7606F116-3463-4EEF-96CC-1AC408FAA001,0.5633333333333334,482AB6CD-5B14-41D0-846D-4AF4A2EB712A,0.3013333333333334,3900.0,1100.0,3.6,32.0,0.5,132.03333333333333,500.0,100.0,4.5,23.1,0.5,500.0,200.0,3.5,22.8,0.1,3900.0,1500.0,2.6,25.5,0.6,1000.0,300.0,3.7,24.2,0.2,2800.0,1600.0,1.8,28.3,1.5
lid_p2,02,Al6061_lid02_p2,482AB6CD-5B14-41D0-846D-4AF4A2EB712A,16,507,2025-07-10 15:41:27.401517,21,0.0001678978379824,576,1,8,30.0005,AUTO,21,ARMED,100,25.4,5,2582564.889,2,000473_A_A_PROGRAM_2.NC,9,100,0,0,100,10000.0,687986.487,8,431.418494424032,9,258.742886052069,31,-377.307591580139,1015.0,8.716666666666667,NONE,14.626666666666669,59.97,7606F116-3463-4EEF-96CC-1AC408FAA001,0.8766666666666666,482AB6CD-5B14-41D0-846D-4AF4A2EB712A,0.3013333333333334,4400.0,1100.0,4.0,32.0,0.5,132.03333333333333,300.0,100.0,3.2,23.1,0.1,600.0,200.0,3.4,22.8,0.1,4600.0,1600.0,2.9,25.5,0.6,1100.0,300.0,3.9,24.2,0.2,2800.0,1600.0,1.8,28.3,1.6
lid_p2,02,Al6061_lid02_p2,482AB6CD-5B14-41D0-846D-4AF4A2EB712A,16,508,2025-07-10 15:41:28.401814,21,0.0001678978379824,577,1,8,30.0005,AUTO,21,ARMED,100,25.38333,5,2582564.889,2,000473_A_A_PROGRAM_2.NC,10,100,0,0,100,10000.0,687986.487,11,428.386036529501,6,233.617266117974,33,-377.307477138202,1015.0,8.716666666666667,NONE,14.626666666666669,59.97,7606F116-3463-4EEF-96CC-1AC408FAA001,0.8766666666666666,482AB6CD-5B14-41D0-846D-4AF4A2EB712A,0.3013333333333334,3700.0,1100.0,3.4,32.0,0.5,132.03333333333333,500.0,100.0,4.1,23.1,0.5,600.0,200.0,3.4,22.8,0.1,4100.0,1500.0,2.8,25.5,0.5,1100.0,300.0,3.9,24.2,0.2,2900.0,1600.0,1.8,28.3,1.6
lid_p2,02,Al6061_lid02_p2,482AB6CD-5B14-41D0-846D-4AF4A2EB712A,16,509,2025-07-10 15:41:29.401962,21,0.0001678978379824,578,1,8,30.0005,AUTO,21,ARMED,100,25.4,5,2582564.889,2,000473_A_A_PROGRAM_2.NC,11,100,0,1,100,10000.0,687986.487,8,407.826302347649,7,220.32651321302,31,-377.307419917234,1013.3333333333334,8.653333333333332,NONE,14.626666666666669,59.97,7606F116-3463-4EEF-96CC-1AC408FAA001,0.8833333333333334,482AB6CD-5B14-41D0-846D-4AF4A2EB712A,0.3013333333333334,4000.0,1100.0,3.7,32.0,0.5,132.03333333333333,500.0,100.0,4.5,23.1,0.5,600.0,200.0,3.5,22.8,0.1,4300.0,1500.0,2.9,25.5,0.6,1100.0,300.0,3.8,24.2,0.2,2900.0,1600.0,1.8,28.3,1.6
lid_p2,02,Al6061_lid02_p2,482AB6CD-5B14-41D0-846D-4AF4A2EB712A,16,510,2025-07-10 15:41:30.402243,21,0.0001678978379824,580,1,8,30.0005,AUTO,21,ARMED,100,25.4,5,2582564.889,2,000473_A_A_PROGRAM_2.NC,12,100,0,0,100,10000.0,687986.487,8,383.246989179029,5,218.977371649527,32,-377.30750002659,1013.0,8.693333333333333,NONE,14.628,59.97,7606F116-3463-4EEF-96CC-1AC408FAA001,0.88,482AB6CD-5B14-41D0-846D-4AF4A2EB712A,0.3013333333333334,3700.0,1100.0,3.4,32.0,0.6,132.03333333333333,400.0,100.0,3.2,23.1,0.1,500.0,100.0,3.1,22.8,0.1,2600.0,1400.0,1.9,25.5,0.6,1000.0,300.0,3.7,24.2,0.2,2800.0,1600.0,1.7,28.3,1.6
lid_p2,02,Al6061_lid02_p2,482AB6CD-5B14-41D0-846D-4AF4A2EB712A,16,511,2025-07-10 15:41:31.402498,21,0.0001678978379824,581,1,8,30.0005,AUTO,21,ARMED,100,25.38333,5,2582564.889,2,000473_A_A_PROGRAM_2.NC,13,100,0,0,100,10000.0,687986.487,9,361.800547046024,7,217.002513629066,33,-377.307534359171,1011.0,8.686666666666667,NONE,14.628,59.97,7606F116-3463-4EEF-96CC-1AC408FAA001,0.8833333333333334,482AB6CD-5B14-41D0-846D-4AF4A2EB712A,0.3013333333333334,4000.0,1100.0,3.7,32.0,0.6,132.03333333333333,400.0,100.0,4.1,23.1,0.5,500.0,200.0,3.0,22.8,0.2,3500.0,1500.0,2.3,25.5,0.6,1000.0,300.0,3.5,24.2,0.2,3000.0,1700.0,1.8,28.3,1.6
lid_p2,02,Al6061_lid02_p2,482AB6CD-5B14-41D0-846D-4AF4A2EB712A,16,512,2025-07-10 15:41:32.402760,21,0.0001678978379824,582,1,8,30.0005,AUTO,21,ARMED,100,25.4,5,2582564.889,2,000473_A_A_PROGRAM_2.NC,14,100,0,0,100,10000.0,687986.487,9,334.888693850871,7,231.823493813665,31,-377.307557247558,1015.6666666666666,8.733333333333333,NONE,14.628,59.97,7606F116-3463-4EEF-96CC-1AC408FAA001,0.8866666666666667,482AB6CD-5B14-41D0-846D-4AF4A2EB712A,0.3013333333333334,3800.0,1100.0,3.5,32.0,0.5,132.00000000000003,400.0,100.0,4.2,23.1,0.5,500.0,200.0,3.1,22.8,0.1,4100.0,1500.0,2.6,25.5,0.6,1000.0,300.0,3.9,24.2,0.2,3000.0,1700.0,1.7,28.3,1.6
lid_p2,02,Al6061_lid02_p2,482AB6CD-5B14-41D0-846D-4AF4A2EB712A,16,513,2025-07-10 15:41:33.402976,21,0.0001678978379824,584,1,8,30.0005,AUTO,21,ARMED,100,25.4,5,2582564.889,2,000473_A_A_PROGRAM_2.NC,15,100,0,0,100,10000.0,687986.487,7,328.828457513157,8,251.778446664715,33,-377.307431361428,1013.6666666666666,8.716666666666667,NONE,14.628,59.97,7606F116-3463-4EEF-96CC-1AC408FAA001,0.88,482AB6CD-5B14-41D0-846D-4AF4A2EB712A,0.3013333333333334,3400.0,1100.0,3.2,32.0,0.5,132.03333333333333,300.0,100.0,3.7,23.1,0.1,600.0,200.0,3.7,22.8,0.1,4100.0,1600.0,2.6,25.5,0.6,1000.0,300.0,3.7,24.2,0.2,2900.0,1600.0,1.8,28.3,1.6
lid_p2,02,Al6061_lid02_p2,482AB6CD-5B14-41D0-846D-4AF4A2EB712A,16,514,2025-07-10 15:41:34.403262,21,0.0001678978379824,585,1,8,30.0005,AUTO,21,ARMED,100,25.38333,5,2582564.889,2,000473_A_A_PROGRAM_2.NC,16,100,0,0,100,10000.0,687986.487,10,334.646483564093,5,274.393083699566,32,-377.307408473041,1008.3333333333334,8.656666666666666,NONE,14.629,59.97,7606F116-3463-4EEF-96CC-1AC408FAA001,0.8866666666666667,482AB6CD-5B14-41D0-846D-4AF4A2EB712A,0.3013333333333334,3800.0,1100.0,3.5,32.0,0.5,132.03333333333333,600.0,100.0,5.4,23.1,0.5,500.0,200.0,3.3,22.8,0.1,3800.0,1400.0,2.7,25.5,0.5,1100.0,300.0,4.2,24.2,0.2,2900.0,1700.0,1.8,28.3,1.6
lid_p2,02,Al6061_lid02_p2,482AB6CD-5B14-41D0-846D-4AF4A2EB712A,16,515,2025-07-10 15:41:35.403532,21,0.0001678978379824,587,1,8,30.0005,AUTO,21,ARMED,100,25.36667,5,2582564.889,2,000473_A_A_PROGRAM_2.NC,17,100,0,1,100,10000.0,687986.487,8,357.962940794961,7,286.581330944546,31,-377.307545803364,1022.0,8.770000000000001,NONE,14.629,59.97,7606F116-3463-4EEF-96CC-1AC408FAA001,0.88,482AB6CD-5B14-41D0-846D-4AF4A2EB712A,0.3013333333333334,3600.0,1100.0,3.3,32.0,0.5,132.03333333333333,500.0,100.0,4.2,23.0,0.6,600.0,200.0,3.5,22.8,0.1,4000.0,1400.0,2.8,25.5,0.6,1000.0,300.0,3.5,24.2,0.2,2900.0,1700.0,1.7,28.3,1.6
lid_p2,02,Al6061_lid02_p2,482AB6CD-5B14-41D0-846D-4AF4A2EB712A,16,516,2025-07-10 15:41:36.403835,21,0.0001678978379824,588,1,8,30.0005,AUTO,21,ARMED,100,25.4,5,2582564.889,2,000473_A_A_PROGRAM_2.NC,18,100,0,1,100,10000.0,687986.487,9,380.357403114477,6,286.151268508806,33,-377.307580135945,1011.0,8.676666666666666,NONE,14.629333333333332,59.97,7606F116-3463-4EEF-96CC-1AC408FAA001,0.8833333333333334,482AB6CD-5B14-41D0-846D-4AF4A2EB712A,0.3013333333333334,3600.0,1100.0,3.3,32.0,0.5,132.03333333333333,400.0,100.0,3.4,23.0,0.6,500.0,100.0,3.9,22.8,0.1,4400.0,1600.0,2.8,25.5,0.5,3100.0,300.0,9.8,24.2,0.2,5800.0,1700.0,3.4,28.3,1.5
lid_p2,03,Al6061_lid03_p2,482AB6CD-5B14-41D0-846D-4AF4A2EB712A,5,105,2025-07-10 15:51:45.543612,21,0.0001678978379824,567,1,8,30.0005,AUTO,21,ARMED,100,397.7833,5,2583285.839,3,000473_A_A_PROGRAM_2.NC,8,100,0,27,100,578.598092077973,688707.436,87,161.04482144731,41,377.060972956839,37,-275.102998686275,-3493.333333333333,28.826666666666668,NONE,14.806333333333331,59.97,7606F116-3463-4EEF-96CC-1AC408FAA001,0.8666666666666667,482AB6CD-5B14-41D0-846D-4AF4A2EB712A,0.3153333333333333,7800.0,1900.0,4.2,33.3,0.0,134.4,1700.0,400.0,4.1,23.1,0.3,4100.0,1000.0,4.1,22.9,0.1,25300.0,7300.0,3.4,25.4,0.3,3000.0,600.0,4.8,24.4,0.1,700.0,200.0,3.4,28.4,0.1
lid_p2,03,Al6061_lid03_p2,482AB6CD-5B14-41D0-846D-4AF4A2EB712A,5,106,2025-07-10 15:51:46.543763,21,0.0001678978379824,568,1,8,30.0005,AUTO,21,ARMED,100,318.75,5,2583285.839,3,000473_A_A_PROGRAM_2.NC,9,100,0,20,100,4511.63104629683,688707.436,6,377.235410175979,6,289.152475668168,76,-365.942259896131,294.3333333333333,7.873333333333334,NONE,14.806333333333331,59.97,7606F116-3463-4EEF-96CC-1AC408FAA001,0.87,482AB6CD-5B14-41D0-846D-4AF4A2EB712A,0.3153333333333333,8100.0,1800.0,4.6,33.3,0.2,132.4,200.0,100.0,3.8,23.1,0.1,900.0,100.0,7.9,22.9,0.0,3200.0,1200.0,2.6,25.4,0.2,20100.0,2600.0,7.7,24.4,0.1,47700.0,6400.0,7.4,28.4,0.6
lid_p2,03,Al6061_lid03_p2,482AB6CD-5B14-41D0-846D-4AF4A2EB712A,5,107,2025-07-10 15:51:47.544050,21,0.0001678978379824,570,1,8,30.0005,AUTO,21,ARMED,100,0.0,5,2583285.839,3,000473_A_A_PROGRAM_2.NC,10,100,0,12,100,6694.09968075028,688707.436,5,377.235398731975,6,289.152498556593,30,-374.307816659485,4174.333333333333,37.99333333333333,NONE,14.806333333333331,59.97,7606F116-3463-4EEF-96CC-1AC408FAA001,1.0,482AB6CD-5B14-41D0-846D-4AF4A2EB712A,0.3153333333333333,8600.0,2400.0,3.6,33.3,0.2,130.3,200.0,100.0,3.9,23.1,0.1,400.0,100.0,4.0,22.9,0.1,2900.0,1200.0,2.5,25.4,0.2,1200.0,300.0,3.9,24.4,0.1,600.0,200.0,3.9,28.4,0.1
lid_p2,03,Al6061_lid03_p2,482AB6CD-5B14-41D0-846D-4AF4A2EB712A,5,108,2025-07-10 15:51:48.544198,21,0.0001678978379824,570,1,8,30.0005,AUTO,21,ARMED,100,0.0,5,2583285.839,3,000473_A_A_PROGRAM_2.NC,11,100,0,9,100,8100.94553449836,688707.436,5,377.235410175979,6,289.152498556593,30,-374.307816659485,5889.0,49.06333333333333,NONE,14.808333333333332,59.97,7606F116-3463-4EEF-96CC-1AC408FAA001,0.9366666666666666,482AB6CD-5B14-41D0-846D-4AF4A2EB712A,0.3153333333333333,10200.0,3100.0,3.3,33.3,0.3,129.3,300.0,100.0,3.7,23.1,0.1,400.0,100.0,3.8,22.9,0.1,3800.0,1300.0,3.0,25.4,0.3,1000.0,300.0,3.8,24.4,0.1,1000.0,300.0,3.4,28.4,0.3
lid_p2,03,Al6061_lid03_p2,482AB6CD-5B14-41D0-846D-4AF4A2EB712A,5,109,2025-07-10 15:51:49.544400,21,0.0001678978379824,570,1,8,30.0005,AUTO,21,ARMED,100,0.0,5,2583285.839,3,000473_A_A_PROGRAM_2.NC,12,100,0,7,100,10000.0,688707.436,5,377.245458011437,6,289.033307082931,30,-377.299752307507,5859.666666666667,48.81333333333333,NONE,14.81,59.98,7606F116-3463-4EEF-96CC-1AC408FAA001,0.93,482AB6CD-5B14-41D0-846D-4AF4A2EB712A,0.3153333333333333,7800.0,2300.0,3.4,33.3,0.5,129.33333333333334,500.0,100.0,3.7,23.1,0.5,500.0,100.0,3.8,22.9,0.1,4800.0,1500.0,3.3,25.4,0.6,2200.0,400.0,5.8,24.4,0.2,3200.0,900.0,3.5,28.4,0.9
lid_p2,03,Al6061_lid03_p2,482AB6CD-5B14-41D0-846D-4AF4A2EB712A,5,110,2025-07-10 15:51:50.544611,21,0.0001678978379824,573,1,8,30.0005,AUTO,21,ARMED,100,25.38333,5,2583285.839,3,000473_A_A_PROGRAM_2.NC,13,100,0,0,100,10000.0,688707.436,10,398.199105966862,5,288.140903804201,32,-377.30737414046,4972.333333333333,41.43,NONE,14.811333333333332,59.98,7606F116-3463-4EEF-96CC-1AC408FAA001,0.8833333333333333,482AB6CD-5B14-41D0-846D-4AF4A2EB712A,0.3153333333333333,5500.0,1200.0,4.5,33.3,0.6,129.86666666666667,500.0,100.0,5.0,23.1,0.5,500.0,100.0,3.4,22.9,0.1,4200.0,1700.0,2.5,25.4,0.7,1300.0,300.0,4.7,24.4,0.2,3300.0,1900.0,1.7,28.4,1.9
lid_p2,03,Al6061_lid03_p2,482AB6CD-5B14-41D0-846D-4AF4A2EB712A,5,111,2025-07-10 15:51:51.544805,21,0.0001678978379824,574,1,8,30.0005,AUTO,21,ARMED,100,25.4,5,2583285.839,3,000473_A_A_PROGRAM_2.NC,14,100,0,0,100,10000.0,688707.436,9,422.312750906967,9,276.153526974859,32,-377.30750002659,2448.0,24.203333333333333,NONE,14.812,59.98,7606F116-3463-4EEF-96CC-1AC408FAA001,0.5166666666666667,482AB6CD-5B14-41D0-846D-4AF4A2EB712A,0.3153333333333333,3800.0,1100.0,3.5,33.3,0.5,131.2,500.0,100.0,5.1,23.1,0.5,500.0,100.0,3.4,22.9,0.1,4500.0,1500.0,2.9,25.4,0.6,1100.0,300.0,4.0,24.4,0.2,3300.0,1900.0,1.7,28.4,1.8
lid_p2,03,Al6061_lid03_p2,482AB6CD-5B14-41D0-846D-4AF4A2EB712A,5,112,2025-07-10 15:51:52.544977,21,0.0001678978379824,576,1,8,30.0005,AUTO,21,ARMED,100,25.4,5,2583285.839,3,000473_A_A_PROGRAM_2.NC,15,100,0,0,100,10000.0,688707.436,10,431.725852455796,9,256.779541000045,31,-377.307591580139,1011.0,8.646666666666667,NONE,14.812333333333331,59.98,7606F116-3463-4EEF-96CC-1AC408FAA001,0.8833333333333334,482AB6CD-5B14-41D0-846D-4AF4A2EB712A,0.3153333333333333,3600.0,1100.0,3.4,33.4,0.5,132.0,300.0,100.0,3.4,23.1,0.1,600.0,200.0,3.4,22.9,0.1,4500.0,1600.0,2.8,25.4,0.6,900.0,300.0,3.3,24.4,0.2,3300.0,2000.0,1.7,28.4,1.9
lid_p2,03,Al6061_lid03_p2,482AB6CD-5B14-41D0-846D-4AF4A2EB712A,5,113,2025-07-10 15:51:53.545127,21,0.0001678978379824,577,1,8,30.0005,AUTO,21,ARMED,100,25.38333,5,2583285.839,3,000473_A_A_PROGRAM_2.NC,16,100,0,0,100,10000.0,688707.436,11,427.907414196348,6,233.127450399037,33,-377.307511470783,1011.6666666666666,8.696666666666665,NONE,14.812333333333331,59.98,7606F116-3463-4EEF-96CC-1AC408FAA001,0.88,482AB6CD-5B14-41D0-846D-4AF4A2EB712A,0.3153333333333333,3500.0,1100.0,3.3,33.4,0.6,131.96666666666667,400.0,100.0,3.9,23.1,0.5,500.0,200.0,3.3,22.9,0.1,3900.0,1500.0,2.6,25.4,0.6,1100.0,300.0,4.0,24.4,0.2,3400.0,2000.0,1.7,28.4,1.9
lid_p2,03,Al6061_lid03_p2,482AB6CD-5B14-41D0-846D-4AF4A2EB712A,5,114,2025-07-10 15:51:54.545279,21,0.0001678978379824,578,1,8,30.0005,AUTO,21,ARMED,100,25.4,5,2583285.839,3,000473_A_A_PROGRAM_2.NC,17,100,0,0,100,10000.0,688707.436,8,405.903012708669,7,219.825544078721,32,-377.307442805622,1014.0,8.69,NONE,14.813333333333334,59.98,7606F116-3463-4EEF-96CC-1AC408FAA001,0.88,482AB6CD-5B14-41D0-846D-4AF4A2EB712A,0.3153333333333333,3500.0,1100.0,3.2,33.4,0.5,131.96666666666667,500.0,100.0,4.5,23.1,0.5,500.0,100.0,3.3,22.9,0.1,3700.0,1500.0,2.5,25.4,0.6,1100.0,300.0,4.1,24.4,0.2,3400.0,2000.0,1.7,28.4,1.9
lid_p2,03,Al6061_lid03_p2,482AB6CD-5B14-41D0-846D-4AF4A2EB712A,5,115,2025-07-10 15:51:55.545431,21,0.0001678978379824,580,1,8,30.0005,AUTO,21,ARMED,100,25.4,5,2583285.839,3,000473_A_A_PROGRAM_2.NC,18,100,0,1,100,10000.0,688707.436,9,379.957923993917,4,218.977348762706,32,-377.30737414046,1014.0,8.709999999999999,NONE,14.813333333333334,59.98,7606F116-3463-4EEF-96CC-1AC408FAA001,0.88,482AB6CD-5B14-41D0-846D-4AF4A2EB712A,0.3153333333333333,3600.0,1100.0,3.3,33.4,0.5,131.96666666666667,300.0,100.0,3.8,23.1,0.1,500.0,100.0,3.6,22.9,0.1,2800.0,1500.0,1.9,25.4,0.6,1000.0,300.0,3.6,24.4,0.2,3400.0,2000.0,1.7,28.4,1.9
lid_p2,03,Al6061_lid03_p2,482AB6CD-5B14-41D0-846D-4AF4A2EB712A,5,116,2025-07-10 15:51:56.545582,21,0.0001678978379824,582,1,8,30.0005,AUTO,21,ARMED,100,25.38333,5,2583285.839,3,000473_A_A_PROGRAM_2.NC,19,100,0,0,100,10000.0,688707.436,12,355.317636196121,5,219.73350644556,32,-377.307442805622,1011.3333333333334,8.696666666666667,NONE,14.814,59.98,7606F116-3463-4EEF-96CC-1AC408FAA001,0.88,482AB6CD-5B14-41D0-846D-4AF4A2EB712A,0.3153333333333333,3600.0,1100.0,3.3,33.4,0.6,132.0,400.0,100.0,4.0,23.1,0.5,500.0,200.0,3.3,22.9,0.1,3800.0,1500.0,2.5,25.4,0.6,1000.0,300.0,3.6,24.4,0.2,3500.0,2000.0,1.7,28.4,2.0
lid_p2,03,Al6061_lid03_p2,482AB6CD-5B14-41D0-846D-4AF4A2EB712A,5,117,2025-07-10 15:51:57.545736,21,0.0001678978379824,583,1,8,30.0005,AUTO,21,ARMED,100,25.11667,5,2583285.839,3,000473_A_A_PROGRAM_2.NC,20,100,0,0,100,10000.0,688707.436,7,334.292389847626,7,232.119801415354,31,-377.307511470783,1009.6666666666666,8.676666666666668,NONE,14.814,59.98,7606F116-3463-4EEF-96CC-1AC408FAA001,0.88,482AB6CD-5B14-41D0-846D-4AF4A2EB712A,0.3153333333333333,3800.0,1100.0,3.5,33.4,0.5,132.0,400.0,100.0,4.4,23.1,0.5,500.0,200.0,3.3,22.9,0.1,4000.0,1600.0,2.5,25.4,0.6,1000.0,300.0,3.7,24.4,0.2,3500.0,2000.0,1.7,28.4,2.0
lid_p2,03,Al6061_lid03_p2,482AB6CD-5B14-41D0-846D-4AF4A2EB712A,5,118,2025-07-10 15:51:58.545886,21,0.0001678978379824,584,1,8,30.0005,AUTO,21,ARMED,100,25.4,5,2583285.839,3,000473_A_A_PROGRAM_2.NC,21,100,0,0,100,10000.0,688707.436,4,329.034285587009,8,256.361130837523,32,-377.307557247558,1014.6666666666666,8.703333333333333,NONE,14.814333333333336,59.98,7606F116-3463-4EEF-96CC-1AC408FAA001,0.8700000000000001,482AB6CD-5B14-41D0-846D-4AF4A2EB712A,0.3153333333333333,3500.0,1100.0,3.2,33.4,0.5,131.93333333333337,300.0,100.0,4.0,23.1,0.2,600.0,200.0,3.5,22.9,0.1,4100.0,1600.0,2.6,25.4,0.6,1000.0,300.0,3.6,24.4,0.2,3400.0,2000.0,1.7,28.4,1.9
lid_p2,03,Al6061_lid03_p2,482AB6CD-5B14-41D0-846D-4AF4A2EB712A,5,119,2025-07-10 15:51:59.546038,21,0.0001678978379824,586,1,8,30.0005,AUTO,21,ARMED,100,25.4,5,2583285.839,3,000473_A_A_PROGRAM_2.NC,22,100,0,0,100,10000.0,688707.436,7,339.129832528832,8,276.776887098899,31,-377.307557247558,1018.0,8.74,NONE,14.815,59.98,7606F116-3463-4EEF-96CC-1AC408FAA001,0.88,482AB6CD-5B14-41D0-846D-4AF4A2EB712A,0.3153333333333333,3700.0,1100.0,3.4,33.4,0.5,131.96666666666667,400.0,100.0,4.3,23.1,0.4,600.0,200.0,3.7,22.9,0.1,3700.0,1500.0,2.5,25.4,0.6,1100.0,300.0,4.1,24.4,0.2,3400.0,2000.0,1.7,28.4,1.9
lid_p2,03,Al6061_lid03_p2,482AB6CD-5B14-41D0-846D-4AF4A2EB712A,5,120,2025-07-10 15:52:00.546188,21,0.0001678978379824,587,1,8,30.0005,AUTO,21,ARMED,100,25.38333,5,2583285.839,3,000473_A_A_PROGRAM_2.NC,23,100,0,1,100,10000.0,688707.436,7,357.486961783143,10,287.586969104577,33,-377.307385584653,1005.6666666666666,8.75,NONE,14.815,59.98,7606F116-3463-4EEF-96CC-1AC408FAA001,0.8700000000000001,482AB6CD-5B14-41D0-846D-4AF4A2EB712A,0.3153333333333333,3600.0,1100.0,3.3,33.4,0.5,131.9,500.0,100.0,5.3,23.1,0.5,500.0,200.0,3.3,22.9,0.1,3700.0,1500.0,2.6,25.4,0.6,1100.0,300.0,3.9,24.4,0.2,3400.0,2000.0,1.7,28.4,2.0
lid_p2,03,Al6061_lid03_p2,482AB6CD-5B14-41D0-846D-4AF4A2EB712A,5,121,2025-07-10 15:52:01.546488,21,0.0001678978379824,589,1,8,30.0005,AUTO,21,ARMED,100,25.31667,5,2583285.839,3,000473_A_A_PROGRAM_2.NC,24,100,0,0,100,10000.0,688707.436,6,383.099436220662,12,287.674723402384,31,-377.307522914977,1013.3333333333334,8.660000000000002,NONE,14.815,59.98,7606F116-3463-4EEF-96CC-1AC408FAA001,0.8833333333333334,482AB6CD-5B14-41D0-846D-4AF4A2EB712A,0.3153333333333333,3900.0,1100.0,3.6,33.4,0.5,131.9,300.0,100.0,3.4,23.1,0.6,600.0,100.0,4.3,22.9,0.1,4500.0,1700.0,2.7,25.4,0.5,2300.0,300.0,7.7,24.4,0.2,6400.0,2000.0,3.2,28.4,1.8
lid_p2,03,Al6061_lid03_p2,482AB6CD-5B14-41D0-846D-4AF4A2EB712A,21,731,2025-07-10 16:02:14.740435,21,0.0001678978379824,567,1,8,30.0005,AUTO,21,ARMED,100,237.95,5,2584006.653,4,000473_A_A_PROGRAM_2.NC,57,100,0,0,100,151.389464952302,689067.547999999,85,119.070108846822,40,431.756478126787,37,-275.102987243346,-3309.333333333333,27.49666666666667,NONE,14.992333333333336,60.01,7606F116-3463-4EEF-96CC-1AC408FAA001,0.6833333333333332,482AB6CD-5B14-41D0-846D-4AF4A2EB712A,0.3296666666666667,7900.0,1800.0,4.4,34.1,0.1,134.29999999999998,1800.0,400.0,4.0,23.2,0.3,4000.0,800.0,4.9,22.9,0.1,23800.0,7000.0,3.4,25.4,0.2,2300.0,400.0,5.4,24.6,0.0,700.0,200.0,3.6,28.5,0.1
lid_p2,03,Al6061_lid03_p2,482AB6CD-5B14-41D0-846D-4AF4A2EB712A,21,732,2025-07-10 16:02:15.740586,21,0.0001678978379824,568,1,8,30.0005,AUTO,21,ARMED,100,406.0833,5,2584006.653,4,000473_A_A_PROGRAM_2.NC,58,100,0,27,100,3442.92373673832,689067.547999999,5,377.235455951994,6,289.152384114468,46,-308.685290973462,1418.3333333333333,16.61,NONE,14.992333333333336,60.01,7606F116-3463-4EEF-96CC-1AC408FAA001,1.0,482AB6CD-5B14-41D0-846D-4AF4A2EB712A,0.3296666666666667,8900.0,2100.0,4.2,34.1,0.2,131.9,200.0,100.0,4.2,23.2,0.1,1400.0,200.0,7.0,22.9,0.0,3100.0,1100.0,2.7,25.4,0.2,19200.0,3100.0,6.2,24.6,0.1,51300.0,8700.0,5.9,28.5,0.8
lid_p2,03,Al6061_lid03_p2,482AB6CD-5B14-41D0-846D-4AF4A2EB712A,21,733,2025-07-10 16:02:16.740781,21,0.0001678978379824,570,1,8,30.0005,AUTO,21,ARMED,100,0.0,5,2584006.653,4,000473_A_A_PROGRAM_2.NC,59,100,0,13,100,6209.65637260256,689067.547999999,5,377.235398731975,6,289.152498556593,30,-374.307793771098,5949.666666666667,49.85666666666666,NONE,14.992333333333336,60.01,7606F116-3463-4EEF-96CC-1AC408FAA001,1.0,482AB6CD-5B14-41D0-846D-4AF4A2EB712A,0.3296666666666667,6900.0,2100.0,3.3,34.1,0.2,129.33333333333334,200.0,100.0,3.7,23.2,0.1,400.0,100.0,4.1,22.9,0.1,3000.0,1200.0,2.6,25.4,0.2,1100.0,300.0,3.5,24.6,0.1,600.0,200.0,4.0,28.5,0.2
lid_p2,03,Al6061_lid03_p2,482AB6CD-5B14-41D0-846D-4AF4A2EB712A,21,734,2025-07-10 16:02:17.740934,21,0.0001678978379824,570,1,8,30.0005,AUTO,21,ARMED,100,0.0,5,2584006.653,4,000473_A_A_PROGRAM_2.NC,0,100,0,10,100,7812.43048964509,689067.547999999,5,377.235398731975,6,289.152498556593,30,-374.307793771098,5886.0,49.01666666666667,NONE,14.995,60.01,7606F116-3463-4EEF-96CC-1AC408FAA001,0.9233333333333332,482AB6CD-5B14-41D0-846D-4AF4A2EB712A,0.3296666666666667,10200.0,2900.0,3.5,34.1,0.3,129.36666666666667,300.0,100.0,3.9,23.2,0.1,400.0,100.0,3.5,22.9,0.1,3200.0,1200.0,2.6,25.4,0.3,1400.0,300.0,4.9,24.6,0.1,800.0,200.0,4.1,28.5,0.2
lid_p2,03,Al6061_lid03_p2,482AB6CD-5B14-41D0-846D-4AF4A2EB712A,21,735,2025-07-10 16:02:18.741104,21,0.0001678978379824,570,1,8,30.0005,AUTO,21,ARMED,100,0.0,5,2584006.653,4,000473_A_A_PROGRAM_2.NC,1,100,0,7,100,10000.0,689067.547999999,5,377.235410175979,6,289.152498556593,30,-374.307759438517,5862.0,48.82333333333333,NONE,14.996333333333332,60.01,7606F116-3463-4EEF-96CC-1AC408FAA001,0.9266666666666667,482AB6CD-5B14-41D0-846D-4AF4A2EB712A,0.3296666666666667,7900.0,2100.0,3.8,34.1,0.5,129.36666666666667,400.0,100.0,3.5,23.2,0.5,500.0,100.0,3.9,22.9,0.1,4300.0,1300.0,3.3,25.4,0.4,3300.0,400.0,8.5,24.6,0.1,3600.0,800.0,4.3,28.5,0.8
lid_p2,03,Al6061_lid03_p2,482AB6CD-5B14-41D0-846D-4AF4A2EB712A,21,736,2025-07-10 16:02:19.741316,21,0.0001678978379824,572,1,8,30.0005,AUTO,21,ARMED,100,25.38333,5,2584006.653,4,000473_A_A_PROGRAM_2.NC,2,100,0,5,100,10000.0,689067.547999999,9,393.557199435653,6,286.254609837599,32,-377.307637356913,4916.0,40.96666666666667,NONE,14.997333333333335,60.01,7606F116-3463-4EEF-96CC-1AC408FAA001,0.8833333333333333,482AB6CD-5B14-41D0-846D-4AF4A2EB712A,0.3296666666666667,6600.0,1600.0,4.0,34.1,0.5,129.9333333333333,500.0,100.0,4.3,23.2,0.5,500.0,100.0,3.5,22.9,0.1,5000.0,1900.0,2.6,25.4,0.8,1700.0,400.0,4.2,24.6,0.2,3200.0,1700.0,1.8,28.5,1.7
lid_p2,03,Al6061_lid03_p2,482AB6CD-5B14-41D0-846D-4AF4A2EB712A,21,737,2025-07-10 16:02:20.741529,21,0.0001678978379824,574,1,8,30.0005,AUTO,21,ARMED,100,25.4,5,2584006.653,4,000473_A_A_PROGRAM_2.NC,3,100,0,0,100,10000.0,689067.547999999,8,416.195200938208,8,281.051518154605,32,-377.307488582396,4051.0,34.76666666666667,NONE,14.998333333333331,60.02,7606F116-3463-4EEF-96CC-1AC408FAA001,0.41,482AB6CD-5B14-41D0-846D-4AF4A2EB712A,0.3296666666666667,3700.0,1100.0,3.3,34.2,0.5,130.4,400.0,100.0,3.7,23.2,0.4,500.0,200.0,3.3,22.9,0.1,3900.0,1500.0,2.6,25.4,0.6,1100.0,300.0,3.8,24.6,0.2,3100.0,1800.0,1.7,28.5,1.7
lid_p2,03,Al6061_lid03_p2,482AB6CD-5B14-41D0-846D-4AF4A2EB712A,21,738,2025-07-10 16:02:21.741737,21,0.0001678978379824,576,1,8,30.0005,AUTO,21,ARMED,100,25.4,5,2584006.653,4,000473_A_A_PROGRAM_2.NC,4,100,0,0,100,10000.0,689067.547999999,7,431.296869784493,8,259.359205901633,32,-377.30750002659,1000.0,8.64,NONE,14.999,60.01,7606F116-3463-4EEF-96CC-1AC408FAA001,0.8700000000000001,482AB6CD-5B14-41D0-846D-4AF4A2EB712A,0.3296666666666667,3500.0,1100.0,3.2,34.2,0.6,132.06666666666666,300.0,100.0,3.5,23.2,0.1,600.0,200.0,3.4,22.9,0.1,4300.0,1500.0,2.8,25.4,0.5,1000.0,300.0,3.6,24.6,0.2,3200.0,1800.0,1.7,28.5,1.8
lid_p2,03,Al6061_lid03_p2,482AB6CD-5B14-41D0-846D-4AF4A2EB712A,21,739,2025-07-10 16:02:22.741931,21,0.0001678978379824,577,1,8,30.0005,AUTO,21,ARMED,100,25.38333,5,2584006.653,4,000473_A_A_PROGRAM_2.NC,5,100,0,0,100,10000.0,689067.547999999,10,429.460006625152,7,235.227051354768,31,-377.307419917234,1000.6666666666666,8.623333333333333,NONE,14.999,60.01,7606F116-3463-4EEF-96CC-1AC408FAA001,0.8666666666666667,482AB6CD-5B14-41D0-846D-4AF4A2EB712A,0.3296666666666667,3700.0,1100.0,3.4,34.2,0.5,132.06666666666666,500.0,100.0,4.2,23.2,0.5,600.0,200.0,3.5,22.9,0.1,4500.0,1600.0,2.9,25.4,0.6,1000.0,300.0,3.5,24.6,0.2,3300.0,1900.0,1.8,28.5,1.8
lid_p2,03,Al6061_lid03_p2,482AB6CD-5B14-41D0-846D-4AF4A2EB712A,21,740,2025-07-10 16:02:23.742079,21,0.0001678978379824,578,1,8,30.0005,AUTO,21,ARMED,100,25.4,5,2584006.653,4,000473_A_A_PROGRAM_2.NC,6,100,0,0,100,10000.0,689067.547999999,7,410.897458503409,7,221.387533752175,31,-377.307477138202,990.6666666666666,8.540000000000001,NONE,14.999,60.01,7606F116-3463-4EEF-96CC-1AC408FAA001,0.8766666666666666,482AB6CD-5B14-41D0-846D-4AF4A2EB712A,0.3296666666666667,3800.0,1100.0,3.4,34.2,0.5,132.06666666666666,500.0,100.0,4.1,23.2,0.5,500.0,200.0,3.4,22.9,0.1,4100.0,1500.0,2.7,25.4,0.6,1000.0,300.0,3.6,24.6,0.2,3200.0,1900.0,1.7,28.5,1.8
lid_p2,03,Al6061_lid03_p2,482AB6CD-5B14-41D0-846D-4AF4A2EB712A,21,741,2025-07-10 16:02:24.742273,21,0.0001678978379824,580,1,8,30.0005,AUTO,21,ARMED,100,24.18333,5,2584006.653,4,000473_A_A_PROGRAM_2.NC,7,100,0,1,100,10000.0,689067.547999999,9,387.819058977658,6,218.97742886658,31,-377.307545803364,992.3333333333334,8.536666666666667,NONE,14.999333333333333,60.01,7606F116-3463-4EEF-96CC-1AC408FAA001,0.8700000000000001,482AB6CD-5B14-41D0-846D-4AF4A2EB712A,0.3296666666666667,3700.0,1100.0,3.3,34.2,0.6,132.06666666666666,400.0,100.0,3.9,23.2,0.1,400.0,100.0,3.0,22.9,0.1,2600.0,1500.0,1.8,25.4,0.6,1000.0,300.0,3.4,24.6,0.2,3200.0,1900.0,1.7,28.5,1.8
lid_p2,03,Al6061_lid03_p2,482AB6CD-5B14-41D0-846D-4AF4A2EB712A,21,742,2025-07-10 16:02:25.742469,21,0.0001678978379824,581,1,8,30.0005,AUTO,21,ARMED,100,25.38333,5,2584006.653,4,000473_A_A_PROGRAM_2.NC,8,100,0,0,100,10000.0,689067.547999999,5,359.871611777667,5,217.451610276415,32,-377.307637356913,996.6666666666666,8.596666666666668,NONE,15.0,60.01,7606F116-3463-4EEF-96CC-1AC408FAA001,0.88,482AB6CD-5B14-41D0-846D-4AF4A2EB712A,0.3296666666666667,3500.0,1100.0,3.2,34.2,0.6,132.03333333333333,400.0,100.0,4.1,23.2,0.5,500.0,200.0,3.3,22.9,0.1,3800.0,1500.0,2.6,25.4,0.6,1100.0,300.0,3.8,24.6,0.2,3200.0,1900.0,1.7,28.5,1.8
lid_p2,03,Al6061_lid03_p2,482AB6CD-5B14-41D0-846D-4AF4A2EB712A,21,743,2025-07-10 16:02:26.742668,21,0.0001678978379824,582,1,8,30.0005,AUTO,21,ARMED,100,25.4,5,2584006.653,4,000473_A_A_PROGRAM_2.NC,9,100,0,0,100,10000.0,689067.547999999,8,340.27204633108,8,227.302258292511,31,-377.307477138202,997.0,8.58,NONE,15.0,60.01,7606F116-3463-4EEF-96CC-1AC408FAA001,0.8766666666666666,482AB6CD-5B14-41D0-846D-4AF4A2EB712A,0.3296666666666667,3800.0,1100.0,3.4,34.2,0.5,132.06666666666666,400.0,100.0,4.7,23.2,0.5,500.0,200.0,3.3,22.9,0.1,3900.0,1500.0,2.6,25.4,0.6,1000.0,300.0,3.5,24.6,0.2,3300.0,1900.0,1.7,28.5,1.8
lid_p2,03,Al6061_lid03_p2,482AB6CD-5B14-41D0-846D-4AF4A2EB712A,21,744,2025-07-10 16:02:27.742862,21,0.0001678978379824,584,1,8,30.0005,AUTO,21,ARMED,100,25.4,5,2584006.653,4,000473_A_A_PROGRAM_2.NC,10,100,0,0,100,10000.0,689067.547999999,6,328.849469830233,7,251.137572186026,31,-377.307477138202,1019.0,8.75,NONE,15.000666666666666,60.0,7606F116-3463-4EEF-96CC-1AC408FAA001,0.8833333333333333,482AB6CD-5B14-41D0-846D-4AF4A2EB712A,0.3296666666666667,3800.0,1100.0,3.5,34.2,0.5,132.06666666666666,300.0,100.0,3.4,23.2,0.1,600.0,200.0,3.5,22.9,0.1,4400.0,1500.0,2.8,25.4,0.6,900.0,300.0,3.4,24.6,0.2,3300.0,1900.0,1.7,28.5,1.8
lid_p2,03,Al6061_lid03_p2,482AB6CD-5B14-41D0-846D-4AF4A2EB712A,21,745,2025-07-10 16:02:28.743075,21,0.0001678978379824,585,1,8,30.0005,AUTO,21,ARMED,100,25.38333,5,2584006.653,4,000473_A_A_PROGRAM_2.NC,11,100,0,0,100,10000.0,689067.547999999,8,333.025378973817,6,272.111076923501,33,-377.30750002659,1015.6666666666666,8.72,NONE,15.000666666666666,60.01,7606F116-3463-4EEF-96CC-1AC408FAA001,0.88,482AB6CD-5B14-41D0-846D-4AF4A2EB712A,0.3296666666666667,3600.0,1100.0,3.3,34.2,0.6,132.06666666666666,600.0,100.0,5.6,23.2,0.5,700.0,200.0,4.0,22.9,0.2,3800.0,1500.0,2.5,25.4,0.6,1100.0,300.0,4.0,24.6,0.2,3300.0,1900.0,1.7,28.5,1.8
lid_p2,03,Al6061_lid03_p2,482AB6CD-5B14-41D0-846D-4AF4A2EB712A,21,746,2025-07-10 16:02:29.743229,21,0.0001678978379824,586,1,8,30.0005,AUTO,21,ARMED,100,25.4,5,2584006.653,4,000473_A_A_PROGRAM_2.NC,12,100,0,1,100,10000.0,689067.547999999,9,357.478012572063,7,286.153248359291,31,-377.307454249815,1010.6666666666666,8.606666666666667,NONE,15.001,60.0,7606F116-3463-4EEF-96CC-1AC408FAA001,0.8833333333333334,482AB6CD-5B14-41D0-846D-4AF4A2EB712A,0.3296666666666667,3500.0,1100.0,3.3,34.2,0.6,132.06666666666666,600.0,100.0,5.5,23.2,0.5,500.0,200.0,3.3,22.9,0.1,3700.0,1400.0,2.6,25.4,0.6,1000.0,300.0,3.6,24.6,0.2,3400.0,1900.0,1.7,28.5,1.8
lid_p2,03,Al6061_lid03_p2,482AB6CD-5B14-41D0-846D-4AF4A2EB712A,21,747,2025-07-10 16:02:30.743441,21,0.0001678978379824,588,1,8,30.0005,AUTO,21,ARMED,100,25.4,5,2584006.653,4,000473_A_A_PROGRAM_2.NC,13,100,0,1,100,10000.0,689067.547999999,10,378.401817389422,6,286.150143727903,32,-377.307557247558,1018.3333333333334,8.74,NONE,15.001333333333337,60.01,7606F116-3463-4EEF-96CC-1AC408FAA001,0.8933333333333332,482AB6CD-5B14-41D0-846D-4AF4A2EB712A,0.3296666666666667,3700.0,1100.0,3.4,34.2,0.5,132.03333333333333,400.0,100.0,3.7,23.2,0.6,600.0,100.0,4.1,22.9,0.1,4300.0,1500.0,2.8,25.4,0.6,1900.0,300.0,6.8,24.6,0.2,5000.0,1900.0,2.7,28.5,1.8
lid_p2,16,Al6061_lid16_p2,482AB6CD-5B14-41D0-846D-4AF4A2EB712A,16,535,2025-07-29 12:51:00.738864,7,0.0006680210239097,567,1,3,30.0005,AUTO,21,ARMED,100,453.9833,5,2710099.507,16,000473_A_A_PROGRAM_2.NC,9,100,0,0,100,43.2761687993391,738783.695999999,83,116.330554232095,39,433.268898642652,37,-275.238906363701,-3421.6666666666665,28.02,UNAVAILABLE,41.457,59.98,7606F116-3463-4EEF-96CC-1AC408FAA001,0.8466666666666667,482AB6CD-5B14-41D0-846D-4AF4A2EB712A,1.2393333333333334,8100.0,1800.0,4.5,33.7,0.1,135.1,600.0,100.0,4.4,23.1,0.3,4900.0,1000.0,5.1,22.8,0.1,22200.0,7300.0,3.0,25.0,0.3,3000.0,600.0,5.4,23.8,0.1,1000.0,300.0,3.1,28.5,0.1
lid_p2,16,Al6061_lid16_p2,482AB6CD-5B14-41D0-846D-4AF4A2EB712A,16,536,2025-07-29 12:51:01.739015,7,0.0006680210239097,568,1,3,30.0005,AUTO,21,ARMED,100,65.66667,5,2710099.507,16,000473_A_A_PROGRAM_2.NC,10,100,0,22,100,3882.63818357439,738783.695999999,5,377.235433063986,7,289.152429891318,37,-348.051065578157,516.0,6.276666666666667,UNAVAILABLE,41.457,59.98,7606F116-3463-4EEF-96CC-1AC408FAA001,1.0,482AB6CD-5B14-41D0-846D-4AF4A2EB712A,1.2393333333333334,8400.0,1800.0,4.6,33.7,0.2,133.0666666666667,200.0,100.0,3.7,23.1,0.1,1100.0,100.0,7.6,22.8,0.1,3100.0,1200.0,2.6,25.0,0.2,19400.0,2900.0,6.6,23.8,0.1,51000.0,7500.0,6.8,28.5,0.7
lid_p2,16,Al6061_lid16_p2,482AB6CD-5B14-41D0-846D-4AF4A2EB712A,16,537,2025-07-29 12:51:02.739135,7,0.0006680210239097,570,1,3,30.0005,AUTO,21,ARMED,100,0.0,5,2710099.507,16,000473_A_A_PROGRAM_2.NC,11,100,0,13,100,6477.57520948913,738783.695999999,5,377.235398731975,6,289.152498556593,30,-374.443602016813,5363.0,46.45,UNAVAILABLE,41.458333333333336,59.98,7606F116-3463-4EEF-96CC-1AC408FAA001,0.99,482AB6CD-5B14-41D0-846D-4AF4A2EB712A,1.2393333333333334,8400.0,2400.0,3.5,33.7,0.2,130.4,300.0,100.0,3.7,23.1,0.1,400.0,100.0,3.8,22.8,0.1,2700.0,1100.0,2.4,25.0,0.2,1100.0,300.0,3.6,23.8,0.1,600.0,100.0,4.1,28.5,0.1
lid_p2,16,Al6061_lid16_p2,482AB6CD-5B14-41D0-846D-4AF4A2EB712A,16,538,2025-07-29 12:51:03.739288,7,0.0006680210239097,570,1,3,30.0005,AUTO,21,ARMED,100,0.0,5,2710099.507,16,000473_A_A_PROGRAM_2.NC,12,100,0,9,100,8162.1335011952,738783.695999999,4,377.235387287971,6,289.152498556593,30,-374.443590572619,5945.333333333333,49.29666666666666,UNAVAILABLE,41.46,59.98,7606F116-3463-4EEF-96CC-1AC408FAA001,0.9266666666666667,482AB6CD-5B14-41D0-846D-4AF4A2EB712A,1.2393333333333334,11600.0,3200.0,3.7,33.7,0.3,130.06666666666666,400.0,100.0,3.2,23.1,0.1,400.0,100.0,3.6,22.8,0.1,3400.0,1200.0,2.8,25.0,0.3,1200.0,300.0,4.7,23.8,0.1,800.0,200.0,3.6,28.5,0.2
lid_p2,16,Al6061_lid16_p2,482AB6CD-5B14-41D0-846D-4AF4A2EB712A,16,539,2025-07-29 12:51:04.739437,7,0.0006680210239097,570,1,3,30.0005,AUTO,21,ARMED,100,0.0,5,2710099.507,16,000473_A_A_PROGRAM_2.NC,13,100,0,7,100,10000.0,738783.695999999,4,377.23555894803,6,289.149351398143,30,-377.273030115399,5652.333333333333,46.84333333333333,UNAVAILABLE,41.461333333333336,59.98,7606F116-3463-4EEF-96CC-1AC408FAA001,0.89,482AB6CD-5B14-41D0-846D-4AF4A2EB712A,1.2393333333333334,7800.0,2400.0,3.3,33.7,0.5,130.29999999999998,500.0,200.0,2.6,23.1,0.5,500.0,100.0,4.0,22.8,0.1,3600.0,1400.0,2.6,25.0,0.5,2100.0,400.0,5.6,23.8,0.2,3900.0,900.0,4.3,28.5,0.9
lid_p2,16,Al6061_lid16_p2,482AB6CD-5B14-41D0-846D-4AF4A2EB712A,16,540,2025-07-29 12:51:05.739583,7,0.0006680210239097,573,1,3,30.0005,AUTO,21,ARMED,100,25.36667,5,2710099.507,16,000473_A_A_PROGRAM_2.NC,14,100,0,0,100,10000.0,738783.695999999,10,396.248321133412,5,287.807396273336,32,-377.443445602629,4995.666666666667,41.586666666666666,UNAVAILABLE,41.462333333333326,59.98,7606F116-3463-4EEF-96CC-1AC408FAA001,0.93,482AB6CD-5B14-41D0-846D-4AF4A2EB712A,1.2393333333333334,6300.0,1400.0,4.4,33.7,0.6,130.6,500.0,100.0,3.2,23.1,0.5,600.0,200.0,3.6,22.8,0.2,4500.0,1700.0,2.6,25.0,0.7,1700.0,300.0,5.1,23.8,0.2,3400.0,2000.0,1.7,28.5,1.9
lid_p2,16,Al6061_lid16_p2,482AB6CD-5B14-41D0-846D-4AF4A2EB712A,16,541,2025-07-29 12:51:06.739733,7,0.0006680210239097,574,1,3,30.0005,AUTO,21,ARMED,100,25.4,5,2710099.507,16,000473_A_A_PROGRAM_2.NC,15,100,0,1,100,10000.0,738783.695999999,8,421.839770012967,9,276.623325803998,32,-377.443479935209,3675.3333333333335,32.49,UNAVAILABLE,41.46333333333333,59.98,7606F116-3463-4EEF-96CC-1AC408FAA001,0.7366666666666667,482AB6CD-5B14-41D0-846D-4AF4A2EB712A,1.2393333333333334,4100.0,1100.0,3.8,33.7,0.5,131.36666666666667,500.0,200.0,3.4,23.1,0.5,600.0,200.0,3.8,22.8,0.1,4200.0,1500.0,2.8,25.0,0.6,900.0,300.0,3.6,23.8,0.2,3400.0,2000.0,1.7,28.5,1.9
lid_p2,16,Al6061_lid16_p2,482AB6CD-5B14-41D0-846D-4AF4A2EB712A,16,542,2025-07-29 12:51:07.740014,7,0.0006680210239097,576,1,3,30.0005,AUTO,21,ARMED,100,25.4,5,2710099.507,16,000473_A_A_PROGRAM_2.NC,16,100,0,0,100,10000.0,738783.695999999,7,431.800525818147,8,256.142621460036,30,-377.443457046822,1050.6666666666667,8.996666666666666,UNAVAILABLE,41.46333333333333,59.98,7606F116-3463-4EEF-96CC-1AC408FAA001,0.88,482AB6CD-5B14-41D0-846D-4AF4A2EB712A,1.2393333333333334,3400.0,1100.0,3.1,33.7,0.5,132.76666666666668,400.0,200.0,2.9,23.1,0.2,600.0,200.0,3.5,22.8,0.1,4700.0,1600.0,3.0,25.0,0.6,1100.0,300.0,3.9,23.8,0.2,3500.0,2000.0,1.7,28.5,1.9
lid_p2,16,Al6061_lid16_p2,482AB6CD-5B14-41D0-846D-4AF4A2EB712A,16,543,2025-07-29 12:51:08.740203,7,0.0006680210239097,577,1,3,30.0005,AUTO,21,ARMED,100,25.38333,5,2710099.507,16,000473_A_A_PROGRAM_2.NC,17,100,0,0,100,10000.0,738783.695999999,8,426.317313507889,7,232.01338599814,31,-377.443376937467,1052.0,9.016666666666667,UNAVAILABLE,41.464,59.98,7606F116-3463-4EEF-96CC-1AC408FAA001,0.8700000000000001,482AB6CD-5B14-41D0-846D-4AF4A2EB712A,1.2393333333333334,3700.0,1100.0,3.4,33.7,0.6,132.76666666666668,500.0,200.0,2.9,23.1,0.5,500.0,200.0,3.3,22.8,0.1,4000.0,1500.0,2.6,25.0,0.6,1100.0,300.0,4.1,23.8,0.2,3400.0,2000.0,1.7,28.5,2.0
lid_p2,16,Al6061_lid16_p2,482AB6CD-5B14-41D0-846D-4AF4A2EB712A,16,544,2025-07-29 12:51:09.740354,7,0.0006680210239097,578,1,3,30.0005,AUTO,21,ARMED,100,25.4,5,2710099.507,16,000473_A_A_PROGRAM_2.NC,18,100,0,0,100,10000.0,738783.695999999,9,405.270362567416,6,219.687387919042,32,-377.44335404908,1049.6666666666667,8.99,UNAVAILABLE,41.46433333333333,59.98,7606F116-3463-4EEF-96CC-1AC408FAA001,0.8733333333333334,482AB6CD-5B14-41D0-846D-4AF4A2EB712A,1.2393333333333334,3400.0,1100.0,3.1,33.7,0.5,132.73333333333332,500.0,200.0,3.0,23.0,0.5,500.0,200.0,3.2,22.8,0.1,3600.0,1500.0,2.5,25.0,0.6,1000.0,300.0,3.6,23.8,0.2,3500.0,2100.0,1.7,28.5,2.0
lid_p2,16,Al6061_lid16_p2,482AB6CD-5B14-41D0-846D-4AF4A2EB712A,16,545,2025-07-29 12:51:10.740502,7,0.0006680210239097,580,1,3,30.0005,AUTO,21,ARMED,100,25.4,5,2710099.507,16,000473_A_A_PROGRAM_2.NC,19,100,0,2,100,10000.0,738783.695999999,9,380.624443044206,5,218.977348762706,31,-377.443399825854,1048.6666666666667,8.983333333333333,UNAVAILABLE,41.464666666666666,59.98,7606F116-3463-4EEF-96CC-1AC408FAA001,0.88,482AB6CD-5B14-41D0-846D-4AF4A2EB712A,1.2393333333333334,3500.0,1100.0,3.2,33.7,0.5,132.76666666666668,400.0,200.0,2.6,23.0,0.2,500.0,100.0,3.3,22.8,0.1,2700.0,1400.0,1.8,25.0,0.6,1100.0,300.0,3.9,23.8,0.2,3500.0,2000.0,1.7,28.5,1.9
lid_p2,16,Al6061_lid16_p2,482AB6CD-5B14-41D0-846D-4AF4A2EB712A,16,546,2025-07-29 12:51:11.740654,7,0.0006680210239097,581,1,3,30.0005,AUTO,21,ARMED,100,25.38333,5,2710099.507,16,000473_A_A_PROGRAM_2.NC,20,100,0,0,100,10000.0,738783.695999999,10,357.185599857934,1,219.235420557611,32,-377.443422714241,1052.0,8.983333333333334,UNAVAILABLE,41.464666666666666,59.98,7606F116-3463-4EEF-96CC-1AC408FAA001,0.8733333333333334,482AB6CD-5B14-41D0-846D-4AF4A2EB712A,1.2393333333333334,3800.0,1100.0,3.5,33.7,0.6,132.76666666666668,500.0,200.0,3.4,23.0,0.5,500.0,200.0,3.2,22.8,0.1,3900.0,1500.0,2.6,25.0,0.6,1000.0,300.0,3.7,23.8,0.2,3500.0,2100.0,1.7,28.5,2.0
lid_p2,16,Al6061_lid16_p2,482AB6CD-5B14-41D0-846D-4AF4A2EB712A,16,547,2025-07-29 12:51:12.740862,7,0.0006680210239097,582,1,3,30.0005,AUTO,21,ARMED,100,25.4,5,2710099.507,16,000473_A_A_PROGRAM_2.NC,21,100,0,1,100,10000.0,738783.695999999,7,337.044918689824,8,230.544022208856,32,-377.44335404908,1060.6666666666667,9.09,UNAVAILABLE,41.465,59.98,7606F116-3463-4EEF-96CC-1AC408FAA001,0.8766666666666666,482AB6CD-5B14-41D0-846D-4AF4A2EB712A,1.2393333333333334,3900.0,1100.0,3.5,33.7,0.6,132.73333333333332,500.0,100.0,3.3,23.0,0.5,600.0,200.0,3.5,22.8,0.1,4100.0,1500.0,2.6,25.0,0.6,1100.0,300.0,3.9,23.8,0.2,3600.0,2100.0,1.7,28.5,2.0
lid_p2,16,Al6061_lid16_p2,482AB6CD-5B14-41D0-846D-4AF4A2EB712A,16,548,2025-07-29 12:51:13.741014,7,0.0006680210239097,584,1,3,30.0005,AUTO,21,ARMED,100,25.4,5,2710099.507,16,000473_A_A_PROGRAM_2.NC,22,100,0,1,100,10000.0,738783.695999999,6,328.828228620814,7,251.7847637432,31,-377.443308272305,1054.3333333333333,9.033333333333331,UNAVAILABLE,41.46533333333333,59.98,7606F116-3463-4EEF-96CC-1AC408FAA001,0.88,482AB6CD-5B14-41D0-846D-4AF4A2EB712A,1.2393333333333334,3600.0,1100.0,3.3,33.7,0.5,132.7,400.0,100.0,2.9,23.0,0.1,600.0,200.0,3.5,22.8,0.1,4100.0,1500.0,2.6,25.0,0.6,900.0,300.0,3.5,23.8,0.2,3600.0,2100.0,1.8,28.5,2.0
lid_p2,16,Al6061_lid16_p2,482AB6CD-5B14-41D0-846D-4AF4A2EB712A,16,549,2025-07-29 12:51:14.741161,7,0.0006680210239097,586,1,3,30.0005,AUTO,21,ARMED,100,24.85,5,2710099.507,16,000473_A_A_PROGRAM_2.NC,23,100,0,1,100,10000.0,738783.695999999,10,335.885963963398,5,273.6540024486,31,-377.443457046822,1054.6666666666667,9.03,UNAVAILABLE,41.466,59.97,7606F116-3463-4EEF-96CC-1AC408FAA001,0.8733333333333334,482AB6CD-5B14-41D0-846D-4AF4A2EB712A,1.2393333333333334,3700.0,1100.0,3.4,33.7,0.6,132.93333333333334,400.0,100.0,3.1,23.0,0.4,600.0,200.0,3.7,22.8,0.1,3700.0,1500.0,2.5,25.0,0.6,1000.0,300.0,3.7,23.8,0.2,3500.0,2100.0,1.7,28.5,2.0
lid_p2,16,Al6061_lid16_p2,482AB6CD-5B14-41D0-846D-4AF4A2EB712A,16,550,2025-07-29 12:51:15.949635,7,0.0006680210239097,587,1,3,30.0005,AUTO,21,ARMED,100,25.38333,5,2710099.507,16,000473_A_A_PROGRAM_2.NC,24,100,0,0,100,10000.0,738783.695999999,9,365.370770428518,3,287.492881741661,32,-377.443296828111,1054.6666666666667,9.03,UNAVAILABLE,41.466,59.97,7606F116-3463-4EEF-96CC-1AC408FAA001,0.8733333333333334,482AB6CD-5B14-41D0-846D-4AF4A2EB712A,1.2393333333333334,3700.0,1100.0,3.4,33.7,0.6,132.93333333333334,500.0,200.0,2.9,23.0,0.5,500.0,200.0,3.3,22.8,0.1,3500.0,1400.0,2.5,25.0,0.6,1100.0,300.0,4.2,23.8,0.2,3600.0,2100.0,1.7,28.5,2.0
lid_p2,16,Al6061_lid16_p2,482AB6CD-5B14-41D0-846D-4AF4A2EB712A,16,551,2025-07-29 12:51:16.949952,7,0.0006680210239097,590,1,3,30.0005,AUTO,21,ARMED,100,8.85,5,2710099.507,16,000473_A_A_PROGRAM_2.NC,25,100,0,0,100,10000.0,738783.695999999,5,383.575384229367,5,289.152595957912,46,-374.466594850102,1043.3333333333333,8.916666666666666,UNAVAILABLE,41.46633333333333,59.98,7606F116-3463-4EEF-96CC-1AC408FAA001,0.8766666666666666,482AB6CD-5B14-41D0-846D-4AF4A2EB712A,1.2393333333333334,3800.0,1100.0,3.5,33.7,0.6,132.9,400.0,200.0,3.0,23.0,0.4,500.0,100.0,3.6,22.8,0.1,4700.0,1800.0,2.6,25.0,0.5,5500.0,500.0,11.4,23.8,0.2,14500.0,2700.0,5.4,28.5,1.8
lid_p2,17,Al6061_lid17_p2,482AB6CD-5B14-41D0-846D-4AF4A2EB712A,16,410,2025-07-29 13:01:54.793805,7,0.0006680210239097,567,1,3,30.0005,AUTO,21,ARMED,100,625.85,5,2710820.024,17,000473_A_A_PROGRAM_2.NC,58,100,0,18,100,1220.44794690999,739144.060999999,25,268.951347688039,15,348.965233663359,37,-275.238906363701,447.0,6.25,UNAVAILABLE,41.65133333333333,60.0,7606F116-3463-4EEF-96CC-1AC408FAA001,0.24,482AB6CD-5B14-41D0-846D-4AF4A2EB712A,1.253,8100.0,2000.0,4.1,34.4,0.1,133.46666666666667,600.0,100.0,5.3,23.1,0.3,4200.0,900.0,4.9,22.8,0.1,22700.0,5400.0,4.2,25.2,0.3,2900.0,700.0,4.5,24.0,0.0,1000.0,300.0,3.0,28.6,0.1
lid_p2,17,Al6061_lid17_p2,482AB6CD-5B14-41D0-846D-4AF4A2EB712A,16,411,2025-07-29 13:01:55.793954,7,0.0006680210239097,569,1,3,30.0005,AUTO,21,ARMED,100,66.56667,5,2710820.024,17,000473_A_A_PROGRAM_2.NC,0,100,0,17,100,4724.67357747412,739144.060999999,5,377.235398731975,6,289.152498556593,23,-374.309258627881,4422.0,39.68,UNAVAILABLE,41.65133333333333,60.0,7606F116-3463-4EEF-96CC-1AC408FAA001,1.0,482AB6CD-5B14-41D0-846D-4AF4A2EB712A,1.253,6800.0,1600.0,4.2,34.4,0.3,131.26666666666668,300.0,100.0,3.6,23.1,0.1,300.0,100.0,4.0,22.8,0.1,3000.0,1200.0,2.5,25.2,0.2,4600.0,500.0,9.4,24.0,0.1,9800.0,1200.0,8.1,28.6,0.2
lid_p2,17,Al6061_lid17_p2,482AB6CD-5B14-41D0-846D-4AF4A2EB712A,16,412,2025-07-29 13:01:56.794145,7,0.0006680210239097,570,1,3,30.0005,AUTO,21,ARMED,100,0.0,5,2710820.024,17,000473_A_A_PROGRAM_2.NC,0,100,0,12,100,6813.84050032983,739144.060999999,5,377.235410175979,6,289.152498556593,30,-374.443613461007,5896.666666666667,48.830000000000005,UNAVAILABLE,41.65233333333334,60.0,7606F116-3463-4EEF-96CC-1AC408FAA001,0.9366666666666666,482AB6CD-5B14-41D0-846D-4AF4A2EB712A,1.253,9200.0,2500.0,3.7,34.4,0.2,130.4333333333333,400.0,100.0,3.1,23.1,0.1,400.0,100.0,4.1,22.8,0.1,3500.0,1200.0,2.9,25.2,0.3,1400.0,300.0,4.6,24.0,0.1,600.0,200.0,3.9,28.6,0.1
lid_p2,17,Al6061_lid17_p2,482AB6CD-5B14-41D0-846D-4AF4A2EB712A,16,413,2025-07-29 13:01:57.794357,7,0.0006680210239097,570,1,3,30.0005,AUTO,21,ARMED,100,0.0,5,2710820.024,17,000473_A_A_PROGRAM_2.NC,2,100,0,9,100,8397.90498862221,739144.060999999,5,377.235398731975,6,289.152498556593,30,-374.443613461007,5923.666666666667,49.04666666666666,UNAVAILABLE,41.655,60.0,7606F116-3463-4EEF-96CC-1AC408FAA001,0.9266666666666667,482AB6CD-5B14-41D0-846D-4AF4A2EB712A,1.253,10700.0,2600.0,4.1,34.4,0.3,130.4333333333333,400.0,100.0,3.0,23.1,0.1,400.0,100.0,4.0,22.8,0.1,3500.0,1100.0,3.0,25.2,0.3,1100.0,200.0,4.5,24.0,0.1,1000.0,300.0,2.9,28.6,0.4
lid_p2,17,Al6061_lid17_p2,482AB6CD-5B14-41D0-846D-4AF4A2EB712A,16,414,2025-07-29 13:01:58.794615,7,0.0006680210239097,571,1,3,30.0005,AUTO,21,ARMED,100,25.28333,5,2710820.024,17,000473_A_A_PROGRAM_2.NC,3,100,0,6,100,10000.0,739144.060999999,14,378.268483299532,18,286.997210007888,28,-377.443685930695,5229.0,43.29666666666666,UNAVAILABLE,41.65633333333333,60.0,7606F116-3463-4EEF-96CC-1AC408FAA001,0.88,482AB6CD-5B14-41D0-846D-4AF4A2EB712A,1.253,8200.0,2400.0,3.4,34.4,0.6,130.86666666666667,500.0,200.0,2.6,23.1,0.4,500.0,100.0,3.6,22.8,0.1,4200.0,1500.0,2.7,25.2,0.6,2900.0,400.0,6.9,24.0,0.2,4000.0,1100.0,3.5,28.6,1.1
lid_p2,17,Al6061_lid17_p2,482AB6CD-5B14-41D0-846D-4AF4A2EB712A,16,415,2025-07-29 13:01:59.794833,7,0.0006680210239097,573,1,3,30.0005,AUTO,21,ARMED,100,25.38333,5,2710820.024,17,000473_A_A_PROGRAM_2.NC,4,100,0,0,100,10000.0,739144.060999999,9,403.01595938551,10,286.437073024846,32,-377.443273939724,4288.0,38.78666666666667,UNAVAILABLE,41.657,60.0,7606F116-3463-4EEF-96CC-1AC408FAA001,0.84,482AB6CD-5B14-41D0-846D-4AF4A2EB712A,1.253,3500.0,1100.0,3.1,34.4,0.6,131.03333333333333,500.0,100.0,3.4,23.1,0.5,500.0,200.0,3.4,22.8,0.1,3900.0,1500.0,2.6,25.2,0.6,1100.0,300.0,4.0,24.0,0.2,3300.0,1900.0,1.7,28.6,1.9
lid_p2,18,Al6061_lid18_p2,482AB6CD-5B14-41D0-846D-4AF4A2EB712A,16,465,2025-07-29 13:11:44.940051,7,0.0006680210239097,567,1,3,30.0005,AUTO,21,ARMED,100,490.8167,5,2711540.494,18,000473_A_A_PROGRAM_2.NC,1,100,0,0,100,43.2761687993391,739504.062,76,118.642051292145,37,431.992195086898,37,-275.238883477841,-3503.6666666666665,28.62333333333333,UNAVAILABLE,41.839666666666666,60.02,7606F116-3463-4EEF-96CC-1AC408FAA001,0.88,482AB6CD-5B14-41D0-846D-4AF4A2EB712A,1.2673333333333334,9000.0,1900.0,4.7,35.2,0.1,135.4,600.0,200.0,4.1,23.1,0.3,4100.0,900.0,4.5,22.8,0.1,22100.0,7400.0,3.0,25.3,0.3,2500.0,500.0,4.8,24.2,0.0,1000.0,300.0,2.9,29.5,0.1
lid_p2,18,Al6061_lid18_p2,482AB6CD-5B14-41D0-846D-4AF4A2EB712A,16,466,2025-07-29 13:11:45.940335,7,0.0006680210239097,568,1,3,30.0005,AUTO,21,ARMED,100,101.1,5,2711540.494,18,000473_A_A_PROGRAM_2.NC,2,100,0,22,100,3877.04422856022,739504.062,5,377.235433063986,7,289.152429891318,10,-349.650088234334,455.3333333333333,12.413333333333334,UNAVAILABLE,41.839666666666666,60.02,7606F116-3463-4EEF-96CC-1AC408FAA001,0.27,482AB6CD-5B14-41D0-846D-4AF4A2EB712A,1.2673333333333334,8300.0,1900.0,4.4,35.2,0.2,133.33333333333334,300.0,100.0,4.2,23.1,0.1,1200.0,200.0,7.1,22.8,0.0,3200.0,1100.0,2.8,25.3,0.2,20200.0,3300.0,6.2,24.2,0.1,46900.0,8400.0,5.6,29.5,0.8
lid_p2,18,Al6061_lid18_p2,482AB6CD-5B14-41D0-846D-4AF4A2EB712A,16,467,2025-07-29 13:11:46.940487,7,0.0006680210239097,570,1,3,30.0005,AUTO,21,ARMED,100,0.0,5,2711540.494,18,000473_A_A_PROGRAM_2.NC,3,100,0,13,100,6470.52805086037,739504.062,5,377.235387287971,6,289.152498556593,30,-374.443602016813,3338.6666666666665,25.83333333333333,UNAVAILABLE,41.84033333333333,60.02,7606F116-3463-4EEF-96CC-1AC408FAA001,0.98,482AB6CD-5B14-41D0-846D-4AF4A2EB712A,1.2673333333333334,8300.0,2200.0,3.8,35.2,0.2,131.96666666666667,400.0,100.0,3.9,23.1,0.1,400.0,100.0,3.7,22.8,0.1,3000.0,1100.0,2.7,25.3,0.2,1200.0,300.0,3.8,24.2,0.1,600.0,200.0,3.9,29.5,0.1
lid_p2,18,Al6061_lid18_p2,482AB6CD-5B14-41D0-846D-4AF4A2EB712A,16,468,2025-07-29 13:11:47.940777,7,0.0006680210239097,570,1,3,30.0005,AUTO,21,ARMED,100,0.0,5,2711540.494,18,000473_A_A_PROGRAM_2.NC,4,100,0,9,100,8152.8312902915,739504.062,5,377.235387287971,6,289.152498556593,30,-374.443602016813,5821.666666666667,48.22,UNAVAILABLE,41.84166666666667,60.02,7606F116-3463-4EEF-96CC-1AC408FAA001,0.9266666666666667,482AB6CD-5B14-41D0-846D-4AF4A2EB712A,1.2673333333333334,10400.0,3100.0,3.4,35.2,0.3,130.4,400.0,100.0,3.0,23.1,0.1,500.0,100.0,3.5,22.8,0.1,3600.0,1300.0,2.9,25.3,0.3,1000.0,300.0,3.6,24.2,0.1,900.0,200.0,3.8,29.5,0.2
lid_p2,18,Al6061_lid18_p2,482AB6CD-5B14-41D0-846D-4AF4A2EB712A,16,469,2025-07-29 13:11:48.941002,7,0.0006680210239097,570,1,3,30.0005,AUTO,21,ARMED,100,0.0,5,2711540.494,18,000473_A_A_PROGRAM_2.NC,5,100,0,6,100,10000.0,739504.062,5,377.235536060022,6,289.149545949757,29,-377.269436638602,5931.666666666667,49.10999999999999,UNAVAILABLE,41.84233333333333,60.02,7606F116-3463-4EEF-96CC-1AC408FAA001,0.9133333333333334,482AB6CD-5B14-41D0-846D-4AF4A2EB712A,1.2673333333333334,7900.0,2300.0,3.5,35.2,0.5,130.3,600.0,200.0,2.6,23.1,0.5,500.0,100.0,3.5,22.8,0.1,4400.0,1500.0,3.0,25.3,0.6,2200.0,400.0,5.6,24.2,0.2,3600.0,900.0,4.2,29.5,0.8
lid_p2,18,Al6061_lid18_p2,482AB6CD-5B14-41D0-846D-4AF4A2EB712A,16,470,2025-07-29 13:11:49.941225,7,0.0006680210239097,573,1,3,30.0005,AUTO,21,ARMED,100,22.83333,5,2711540.494,18,000473_A_A_PROGRAM_2.NC,6,100,0,0,100,10000.0,739504.062,12,398.826710472065,5,288.137442680652,31,-377.443285383918,4754.0,39.41333333333333,UNAVAILABLE,41.845666666666666,60.02,7606F116-3463-4EEF-96CC-1AC408FAA001,0.8766666666666666,482AB6CD-5B14-41D0-846D-4AF4A2EB712A,1.2673333333333334,5900.0,1400.0,4.3,35.2,0.6,130.96666666666667,400.0,100.0,3.1,23.1,0.5,600.0,200.0,3.4,22.8,0.2,4700.0,1800.0,2.7,25.3,0.7,1500.0,300.0,4.5,24.2,0.2,3700.0,2200.0,1.7,29.5,2.1
lid_p2,18,Al6061_lid18_p2,482AB6CD-5B14-41D0-846D-4AF4A2EB712A,16,471,2025-07-29 13:11:50.941399,7,0.0006680210239097,574,1,3,30.0005,AUTO,21,ARMED,100,25.4,5,2711540.494,18,000473_A_A_PROGRAM_2.NC,7,100,0,0,100,10000.0,739504.062,7,421.835225971757,8,276.627743293171,31,-377.44335404908,4754.0,39.41333333333333,UNAVAILABLE,41.845666666666666,60.02,7606F116-3463-4EEF-96CC-1AC408FAA001,0.8766666666666666,482AB6CD-5B14-41D0-846D-4AF4A2EB712A,1.2673333333333334,3500.0,1100.0,3.2,35.2,0.5,130.96666666666667,500.0,100.0,3.7,23.1,0.5,600.0,200.0,3.6,22.8,0.1,3900.0,1500.0,2.6,25.3,0.6,1000.0,300.0,3.9,24.2,0.2,3700.0,2200.0,1.6,29.5,2.1
lid_p2,18,Al6061_lid18_p2,482AB6CD-5B14-41D0-846D-4AF4A2EB712A,16,472,2025-07-29 13:11:51.941616,7,0.0006680210239097,576,1,3,30.0005,AUTO,21,ARMED,100,25.4,5,2711540.494,18,000473_A_A_PROGRAM_2.NC,8,100,0,0,100,10000.0,739504.062,7,431.799736047761,8,256.148835699986,33,-377.443445602629,1038.3333333333333,8.856666666666667,UNAVAILABLE,41.84633333333333,60.02,7606F116-3463-4EEF-96CC-1AC408FAA001,0.8666666666666667,482AB6CD-5B14-41D0-846D-4AF4A2EB712A,1.2673333333333334,3400.0,1100.0,3.1,35.2,0.5,133.0,400.0,100.0,2.7,23.1,0.1,600.0,200.0,3.5,22.8,0.1,4700.0,1600.0,2.9,25.3,0.6,900.0,300.0,3.4,24.2,0.2,3800.0,2300.0,1.7,29.5,2.2
lid_p2,18,Al6061_lid18_p2,482AB6CD-5B14-41D0-846D-4AF4A2EB712A,16,473,2025-07-29 13:11:52.941868,7,0.0006680210239097,577,1,3,30.0005,AUTO,21,ARMED,100,25.38333,5,2711540.494,18,000473_A_A_PROGRAM_2.NC,9,100,0,0,100,10000.0,739504.062,8,426.317244832405,7,232.013328778015,33,-377.443457046822,1038.3333333333333,8.856666666666667,UNAVAILABLE,41.84633333333333,60.02,7606F116-3463-4EEF-96CC-1AC408FAA001,0.8666666666666667,482AB6CD-5B14-41D0-846D-4AF4A2EB712A,1.2673333333333334,3500.0,1100.0,3.2,35.3,0.5,133.0,400.0,100.0,3.2,23.1,0.5,500.0,200.0,3.1,22.8,0.1,4200.0,1500.0,2.8,25.3,0.6,1000.0,300.0,3.9,24.2,0.2,3800.0,2300.0,1.7,29.5,2.2
lid_p2,18,Al6061_lid18_p2,482AB6CD-5B14-41D0-846D-4AF4A2EB712A,16,474,2025-07-29 13:11:53.942088,7,0.0006680210239097,578,1,3,30.0005,AUTO,21,ARMED,100,25.4,5,2711540.494,18,000473_A_A_PROGRAM_2.NC,10,100,0,0,100,10000.0,739504.062,7,405.276725921346,7,219.688658136364,32,-377.44338838166,1052.0,8.983333333333333,UNAVAILABLE,41.84666666666666,60.02,7606F116-3463-4EEF-96CC-1AC408FAA001,0.88,482AB6CD-5B14-41D0-846D-4AF4A2EB712A,1.2673333333333334,3400.0,1100.0,3.1,35.3,0.5,132.93333333333337,400.0,100.0,3.4,23.1,0.5,500.0,200.0,3.4,22.8,0.2,3900.0,1600.0,2.5,25.3,0.6,1000.0,300.0,4.1,24.2,0.2,3800.0,2300.0,1.6,29.5,2.2
lid_p2,18,Al6061_lid18_p2,482AB6CD-5B14-41D0-846D-4AF4A2EB712A,16,475,2025-07-29 13:11:54.942235,7,0.0006680210239097,580,1,3,30.0005,AUTO,21,ARMED,100,25.4,5,2711540.494,18,000473_A_A_PROGRAM_2.NC,11,100,0,1,100,10000.0,739504.062,9,383.246920509742,6,218.977371649527,32,-377.443319716499,1032.3333333333333,8.909999999999998,UNAVAILABLE,41.84666666666666,60.02,7606F116-3463-4EEF-96CC-1AC408FAA001,0.8666666666666667,482AB6CD-5B14-41D0-846D-4AF4A2EB712A,1.2673333333333334,4200.0,1100.0,3.8,35.3,0.6,133.0,400.0,100.0,3.2,23.1,0.1,500.0,100.0,3.4,22.8,0.1,2800.0,1400.0,1.9,25.3,0.6,1000.0,300.0,3.8,24.2,0.2,3800.0,2300.0,1.6,29.5,2.2
lid_p2,18,Al6061_lid18_p2,482AB6CD-5B14-41D0-846D-4AF4A2EB712A,16,476,2025-07-29 13:11:55.942478,7,0.0006680210239097,581,1,3,30.0005,AUTO,21,ARMED,100,25.38333,5,2711540.494,18,000473_A_A_PROGRAM_2.NC,12,100,0,0,100,10000.0,739504.062,8,359.284171840675,6,217.708354635695,32,-377.443491379403,1055.3333333333333,8.979999999999999,UNAVAILABLE,41.84666666666666,60.02,7606F116-3463-4EEF-96CC-1AC408FAA001,0.8833333333333334,482AB6CD-5B14-41D0-846D-4AF4A2EB712A,1.2673333333333334,3400.0,1100.0,3.1,35.3,0.6,132.93333333333337,400.0,100.0,3.6,23.1,0.5,500.0,200.0,3.2,22.8,0.1,3600.0,1500.0,2.3,25.3,0.6,1000.0,300.0,3.8,24.2,0.2,3800.0,2300.0,1.6,29.5,2.2
lid_p2,18,Al6061_lid18_p2,482AB6CD-5B14-41D0-846D-4AF4A2EB712A,16,477,2025-07-29 13:11:56.942689,7,0.0006680210239097,582,1,3,30.0005,AUTO,21,ARMED,100,25.1,5,2711540.494,18,000473_A_A_PROGRAM_2.NC,13,100,0,0,100,10000.0,739504.062,7,337.925556261775,7,229.568399790378,31,-377.443468491016,1044.3333333333333,8.913333333333334,UNAVAILABLE,41.84733333333333,60.02,7606F116-3463-4EEF-96CC-1AC408FAA001,0.8833333333333334,482AB6CD-5B14-41D0-846D-4AF4A2EB712A,1.2673333333333334,3600.0,1100.0,3.3,35.3,0.6,132.93333333333337,400.0,100.0,3.5,23.1,0.5,600.0,200.0,3.7,22.8,0.1,3900.0,1500.0,2.5,25.3,0.6,1000.0,300.0,3.8,24.2,0.2,3900.0,2300.0,1.7,29.5,2.2
lid_p2,18,Al6061_lid18_p2,482AB6CD-5B14-41D0-846D-4AF4A2EB712A,16,478,2025-07-29 13:11:57.942899,7,0.0006680210239097,584,1,3,30.0005,AUTO,21,ARMED,100,25.4,5,2711540.494,18,000473_A_A_PROGRAM_2.NC,14,100,0,0,100,10000.0,739504.062,6,328.828480402391,7,251.778412332767,33,-377.443411270048,1052.6666666666667,8.973333333333333,UNAVAILABLE,41.84733333333333,60.02,7606F116-3463-4EEF-96CC-1AC408FAA001,0.8733333333333334,482AB6CD-5B14-41D0-846D-4AF4A2EB712A,1.2673333333333334,3700.0,1100.0,3.4,35.3,0.5,132.96666666666667,400.0,100.0,3.3,23.1,0.1,600.0,200.0,3.7,22.8,0.1,4400.0,1600.0,2.7,25.3,0.6,1000.0,300.0,3.8,24.2,0.2,3800.0,2300.0,1.6,29.5,2.2
lid_p2,18,Al6061_lid18_p2,482AB6CD-5B14-41D0-846D-4AF4A2EB712A,16,479,2025-07-29 13:11:58.944982,7,0.0006680210239097,586,1,3,30.0005,AUTO,21,ARMED,100,25.01667,5,2711540.494,18,000473_A_A_PROGRAM_2.NC,15,100,0,0,100,10000.0,739504.062,9,337.755369752327,7,275.377335165291,32,-377.443319716499,1048.6666666666667,8.956666666666667,UNAVAILABLE,41.84766666666667,60.02,7606F116-3463-4EEF-96CC-1AC408FAA001,0.8766666666666666,482AB6CD-5B14-41D0-846D-4AF4A2EB712A,1.2673333333333334,3900.0,1100.0,3.6,35.3,0.6,132.96666666666667,300.0,100.0,2.9,23.1,0.1,600.0,200.0,3.7,22.8,0.1,3900.0,1500.0,2.6,25.3,0.6,1000.0,300.0,3.8,24.2,0.2,3800.0,2300.0,1.7,29.5,2.2
lid_p2,18,Al6061_lid18_p2,482AB6CD-5B14-41D0-846D-4AF4A2EB712A,16,480,2025-07-29 13:11:59.945199,7,0.0006680210239097,587,1,3,30.0005,AUTO,21,ARMED,100,25.33333,5,2711540.494,18,000473_A_A_PROGRAM_2.NC,16,100,0,0,100,10000.0,739504.062,8,357.967815940639,7,286.585382199296,32,-377.443331160692,1048.6666666666667,8.956666666666667,UNAVAILABLE,41.84766666666667,60.02,7606F116-3463-4EEF-96CC-1AC408FAA001,0.8766666666666666,482AB6CD-5B14-41D0-846D-4AF4A2EB712A,1.2673333333333334,3800.0,1100.0,3.4,35.3,0.6,132.96666666666667,500.0,100.0,3.4,23.1,0.6,500.0,200.0,3.3,22.8,0.1,3500.0,1500.0,2.4,25.3,0.6,1100.0,300.0,3.8,24.2,0.2,3900.0,2300.0,1.7,29.5,2.2
lid_p2,21,Al6061_lid21_p2,482AB6CD-5B14-41D0-846D-4AF4A2EB712A,16,477,2025-07-30 13:03:28.111774,2,0.0001678978379824,4,1,20,30.0005,AUTO,21,ARMED,100,0.0,5,2733878.461,21,O9735.FNC,9,100,0,0,100,0.0,751754.107000001,6,75.6053960988366,5,455.763797015502,36,-275.780008185913,-3537.6666666666665,29.26,UNAVAILABLE,47.494,60.02,7606F116-3463-4EEF-96CC-1AC408FAA001,0.9,482AB6CD-5B14-41D0-846D-4AF4A2EB712A,1.481,7400.0,2300.0,3.2,33.0,0.1,134.36666666666667,200.0,0.0,3.8,23.5,0.0,200.0,100.0,3.8,22.4,0.0,800.0,200.0,3.4,25.8,0.1,1000.0,200.0,4.1,24.2,0.0,1400.0,700.0,1.9,28.6,0.1
lid_p2,21,Al6061_lid21_p2,482AB6CD-5B14-41D0-846D-4AF4A2EB712A,16,478,2025-07-30 13:03:29.111925,2,0.0001678978379824,567,1,20,30.0005,AUTO,21,ARMED,100,437.2167,5,2733878.461,21,000473_A_A_PROGRAM_2.NC,10,100,0,41,100,2438.50854958336,751754.107000001,101,377.230763910379,39,289.155966152995,36,-275.779996742983,-1304.3333333333333,25.17333333333333,UNAVAILABLE,47.494,60.01,7606F116-3463-4EEF-96CC-1AC408FAA001,0.3866666666666667,482AB6CD-5B14-41D0-846D-4AF4A2EB712A,1.481,3400.0,500.0,6.5,33.0,0.0,133.16666666666666,1200.0,100.0,10.2,23.5,0.2,400.0,100.0,8.0,22.4,0.0,6300.0,800.0,8.3,25.8,0.0,200.0,100.0,4.2,24.2,0.0,1300.0,700.0,1.8,28.6,0.0
lid_p2,21,Al6061_lid21_p2,482AB6CD-5B14-41D0-846D-4AF4A2EB712A,16,479,2025-07-30 13:03:30.112137,2,0.0006680210239083,570,1,20,30.0005,AUTO,21,ARMED,100,0.0,5,2733878.461,21,000473_A_A_PROGRAM_2.NC,11,100,0,17,100,5028.01818328756,751754.107000001,5,377.235398731975,6,289.152487112381,27,-374.984878042565,2694.0,13.96,UNAVAILABLE,47.494,60.01,7606F116-3463-4EEF-96CC-1AC408FAA001,1.0,482AB6CD-5B14-41D0-846D-4AF4A2EB712A,1.481,7600.0,1800.0,4.2,33.0,0.1,131.89999999999998,500.0,100.0,7.0,23.5,0.2,3200.0,400.0,7.6,22.4,0.1,12400.0,1600.0,7.6,25.8,0.1,6500.0,700.0,9.8,24.2,0.0,25400.0,3000.0,8.5,28.6,0.3
lid_p2,21,Al6061_lid21_p2,482AB6CD-5B14-41D0-846D-4AF4A2EB712A,16,480,2025-07-30 13:03:31.112305,2,0.0006680210239083,570,1,20,30.0005,AUTO,21,ARMED,100,0.0,5,2733878.461,21,000473_A_A_PROGRAM_2.NC,12,100,0,11,100,7296.51581358082,751754.107000001,5,377.235421619983,6,289.152498556593,29,-374.98479793321,6013.666666666667,50.57333333333333,UNAVAILABLE,47.49533333333333,60.02,7606F116-3463-4EEF-96CC-1AC408FAA001,0.9,482AB6CD-5B14-41D0-846D-4AF4A2EB712A,1.481,6900.0,2000.0,3.5,33.0,0.3,129.20000000000002,200.0,100.0,4.1,23.5,0.1,300.0,100.0,3.9,22.4,0.1,2900.0,1100.0,2.6,25.8,0.2,1700.0,300.0,6.4,24.2,0.1,500.0,100.0,4.1,28.6,0.2
lid_p2,21,Al6061_lid21_p2,482AB6CD-5B14-41D0-846D-4AF4A2EB712A,16,481,2025-07-30 13:03:32.112544,2,0.0006680210239083,570,1,20,30.0005,AUTO,21,ARMED,100,0.0,5,2733878.461,21,000473_A_A_PROGRAM_2.NC,13,100,0,8,100,8681.70590804491,751754.107000001,5,377.235398731975,6,289.152498556593,29,-374.984809377403,5919.333333333333,49.336666666666666,UNAVAILABLE,47.496,60.02,7606F116-3463-4EEF-96CC-1AC408FAA001,0.9266666666666667,482AB6CD-5B14-41D0-846D-4AF4A2EB712A,1.481,10000.0,2800.0,3.6,33.0,0.3,129.26666666666668,300.0,100.0,3.5,23.5,0.1,400.0,100.0,3.5,22.4,0.1,3400.0,1100.0,3.0,25.8,0.3,1100.0,300.0,3.9,24.2,0.1,700.0,200.0,4.2,28.6,0.2
lid_p2,21,Al6061_lid21_p2,482AB6CD-5B14-41D0-846D-4AF4A2EB712A,16,482,2025-07-30 13:03:33.112793,2,0.0006680210239083,572,1,20,30.0005,AUTO,21,ARMED,100,25.35,5,2733878.461,21,000473_A_A_PROGRAM_2.NC,14,100,0,5,100,10000.0,751754.107000001,11,385.234690106301,7,286.150086506841,31,-377.984527077089,5464.333333333333,45.51666666666667,UNAVAILABLE,47.498,60.02,7606F116-3463-4EEF-96CC-1AC408FAA001,0.8866666666666667,482AB6CD-5B14-41D0-846D-4AF4A2EB712A,1.481,7800.0,2100.0,3.8,33.0,0.3,129.56666666666666,300.0,100.0,3.5,23.5,0.1,400.0,100.0,4.0,22.4,0.1,3300.0,1100.0,3.0,25.8,0.3,1000.0,300.0,3.8,24.2,0.1,1200.0,400.0,2.9,28.6,0.4
lid_p2,21,Al6061_lid21_p2,482AB6CD-5B14-41D0-846D-4AF4A2EB712A,16,483,2025-07-30 13:03:34.112948,2,0.0006680210239083,574,1,20,30.0005,AUTO,21,ARMED,100,25.4,5,2733878.461,21,000473_A_A_PROGRAM_2.NC,15,100,0,0,100,10000.0,751754.107000001,9,409.703013657504,8,284.192622616198,31,-377.984481300314,4995.0,41.60666666666666,UNAVAILABLE,47.49933333333333,60.02,7606F116-3463-4EEF-96CC-1AC408FAA001,0.9233333333333332,482AB6CD-5B14-41D0-846D-4AF4A2EB712A,1.481,7200.0,2100.0,3.4,33.0,0.6,129.83333333333334,500.0,100.0,4.3,23.5,0.4,400.0,100.0,3.5,22.4,0.1,4900.0,1800.0,2.7,25.8,0.7,1600.0,400.0,3.7,24.2,0.2,3600.0,1500.0,2.4,28.6,1.1
lid_p2,21,Al6061_lid21_p2,482AB6CD-5B14-41D0-846D-4AF4A2EB712A,16,484,2025-07-30 13:03:35.113129,2,0.0006680210239083,575,1,20,30.0005,AUTO,21,ARMED,100,25.38333,5,2733878.461,21,000473_A_A_PROGRAM_2.NC,16,100,0,0,100,10000.0,751754.107000001,7,429.475670718911,10,269.867222440263,31,-377.984572853863,2083.6666666666665,21.223333333333333,UNAVAILABLE,47.5,60.02,7606F116-3463-4EEF-96CC-1AC408FAA001,0.4166666666666667,482AB6CD-5B14-41D0-846D-4AF4A2EB712A,1.481,3700.0,1100.0,3.4,33.0,0.5,131.4,400.0,100.0,3.9,23.5,0.1,500.0,100.0,3.4,22.4,0.1,3700.0,1400.0,2.6,25.8,0.6,900.0,300.0,3.5,24.2,0.2,4200.0,2000.0,2.1,28.6,1.7
lid_p2,21,Al6061_lid21_p2,482AB6CD-5B14-41D0-846D-4AF4A2EB712A,16,485,2025-07-30 13:03:36.113344,2,0.0006680210239083,576,1,20,30.0005,AUTO,21,ARMED,100,25.4,5,2733878.461,21,000473_A_A_PROGRAM_2.NC,17,100,0,0,100,10000.0,751754.107000001,3,431.529713995354,7,244.451553574625,31,-377.984595742251,1039.3333333333333,8.953333333333333,UNAVAILABLE,47.50033333333334,60.01,7606F116-3463-4EEF-96CC-1AC408FAA001,0.88,482AB6CD-5B14-41D0-846D-4AF4A2EB712A,1.481,3400.0,1100.0,3.1,33.0,0.5,131.86666666666667,400.0,100.0,3.6,23.5,0.5,500.0,200.0,3.4,22.4,0.1,4600.0,1500.0,3.0,25.8,0.5,1100.0,300.0,4.0,24.2,0.2,4200.0,2000.0,2.1,28.6,1.7
lid_p2,21,Al6061_lid21_p2,482AB6CD-5B14-41D0-846D-4AF4A2EB712A,16,486,2025-07-30 13:03:37.392218,2,0.0006680210239083,578,1,20,30.0005,AUTO,21,ARMED,100,25.4,5,2733878.461,21,000473_A_A_PROGRAM_2.NC,18,100,0,0,100,10000.0,751754.107000001,8,413.880652811305,7,222.7554433736,31,-377.984572853863,1039.3333333333333,8.953333333333333,UNAVAILABLE,47.50033333333334,60.01,7606F116-3463-4EEF-96CC-1AC408FAA001,0.88,482AB6CD-5B14-41D0-846D-4AF4A2EB712A,1.481,3700.0,1100.0,3.4,33.0,0.5,131.86666666666667,400.0,100.0,3.6,23.5,0.4,600.0,200.0,3.3,22.4,0.1,4400.0,1500.0,2.9,25.8,0.5,1000.0,300.0,3.8,24.2,0.2,4200.0,2000.0,2.1,28.6,1.7
lid_p2,21,Al6061_lid21_p2,482AB6CD-5B14-41D0-846D-4AF4A2EB712A,16,487,2025-07-30 13:03:38.392485,2,0.0006680210239083,580,1,20,30.0005,AUTO,21,ARMED,100,25.4,5,2733878.461,21,000473_A_A_PROGRAM_2.NC,19,100,0,0,100,10000.0,751754.107000001,3,391.101965916545,3,218.97741742317,32,-377.98456140967,1034.3333333333333,8.9,UNAVAILABLE,47.501,60.01,7606F116-3463-4EEF-96CC-1AC408FAA001,0.88,482AB6CD-5B14-41D0-846D-4AF4A2EB712A,1.481,3600.0,1100.0,3.4,33.0,0.5,131.9333333333333,400.0,100.0,4.0,23.5,0.1,500.0,200.0,3.2,22.4,0.1,3500.0,1500.0,2.4,25.8,0.6,900.0,200.0,3.6,24.2,0.2,4300.0,2000.0,2.1,28.6,1.7
lid_p2,21,Al6061_lid21_p2,482AB6CD-5B14-41D0-846D-4AF4A2EB712A,16,488,2025-07-30 13:03:39.392739,2,0.0006680210239083,581,1,20,30.0005,AUTO,21,ARMED,100,23.35,5,2733878.461,21,000473_A_A_PROGRAM_2.NC,20,100,0,1,100,10000.0,751754.107000001,0,365.594433310314,17,217.742353341015,30,-377.984469856121,1036.6666666666667,8.906666666666666,UNAVAILABLE,47.50133333333333,60.01,7606F116-3463-4EEF-96CC-1AC408FAA001,0.8766666666666666,482AB6CD-5B14-41D0-846D-4AF4A2EB712A,1.481,3600.0,1100.0,3.4,33.0,0.5,131.9333333333333,400.0,100.0,3.4,23.5,0.1,500.0,100.0,3.2,22.4,0.1,2700.0,1500.0,1.8,25.8,0.6,1000.0,300.0,4.0,24.2,0.2,4200.0,2000.0,2.1,28.6,1.7
lid_p2,21,Al6061_lid21_p2,482AB6CD-5B14-41D0-846D-4AF4A2EB712A,16,489,2025-07-30 13:03:40.393017,2,0.0006680210239083,582,1,20,30.0005,AUTO,21,ARMED,100,25.4,5,2733878.461,21,000473_A_A_PROGRAM_2.NC,21,100,0,0,100,10000.0,751754.107000001,9,342.843121697249,8,225.262996757429,31,-377.984412635153,1036.6666666666667,8.906666666666666,UNAVAILABLE,47.50133333333333,60.01,7606F116-3463-4EEF-96CC-1AC408FAA001,0.8766666666666666,482AB6CD-5B14-41D0-846D-4AF4A2EB712A,1.481,3600.0,1100.0,3.3,33.0,0.5,131.9333333333333,600.0,100.0,4.8,23.5,0.5,500.0,100.0,3.2,22.4,0.1,3500.0,1400.0,2.4,25.8,0.6,900.0,300.0,3.5,24.2,0.2,4300.0,2000.0,2.1,28.6,1.7
lid_p2,21,Al6061_lid21_p2,482AB6CD-5B14-41D0-846D-4AF4A2EB712A,16,490,2025-07-30 13:03:41.877017,2,0.0006680210239083,584,1,20,30.0005,AUTO,21,ARMED,100,25.4,5,2733878.461,21,000473_A_A_PROGRAM_2.NC,23,100,0,0,100,10000.0,751754.107000001,7,329.560192645757,8,259.580582087837,31,-377.984481300314,1037.3333333333333,8.936666666666667,UNAVAILABLE,47.50233333333333,60.01,7606F116-3463-4EEF-96CC-1AC408FAA001,0.88,482AB6CD-5B14-41D0-846D-4AF4A2EB712A,1.481,3400.0,1100.0,3.2,33.1,0.5,131.9333333333333,400.0,100.0,3.7,23.5,0.5,600.0,200.0,3.5,22.4,0.1,3700.0,1500.0,2.5,25.8,0.6,1000.0,300.0,3.8,24.2,0.2,4400.0,2100.0,2.1,28.6,1.8
lid_p2,21,Al6061_lid21_p2,482AB6CD-5B14-41D0-846D-4AF4A2EB712A,16,491,2025-07-30 13:03:42.877168,2,0.0006680210239083,586,1,20,30.0005,AUTO,21,ARMED,100,25.4,5,2733878.461,21,000473_A_A_PROGRAM_2.NC,24,100,0,0,100,10000.0,751754.107000001,7,342.641193937393,7,279.71872283819,32,-377.98456140967,1041.3333333333333,8.959999999999999,UNAVAILABLE,47.50233333333333,60.01,7606F116-3463-4EEF-96CC-1AC408FAA001,0.88,482AB6CD-5B14-41D0-846D-4AF4A2EB712A,1.481,3400.0,1100.0,3.2,33.1,0.5,131.89999999999998,400.0,100.0,4.0,23.5,0.5,600.0,200.0,3.6,22.4,0.1,3900.0,1500.0,2.6,25.8,0.6,900.0,300.0,3.5,24.2,0.2,4300.0,2100.0,2.1,28.6,1.8
lid_p2,21,Al6061_lid21_p2,482AB6CD-5B14-41D0-846D-4AF4A2EB712A,16,492,2025-07-30 13:03:43.877472,2,0.0006680210239083,587,1,20,30.0005,AUTO,21,ARMED,100,25.38333,5,2733878.461,21,000473_A_A_PROGRAM_2.NC,25,100,0,0,100,10000.0,751754.107000001,10,362.844941431202,6,288.136378368886,32,-377.98456140967,1034.6666666666667,8.903333333333334,UNAVAILABLE,47.50233333333333,60.01,7606F116-3463-4EEF-96CC-1AC408FAA001,0.8833333333333334,482AB6CD-5B14-41D0-846D-4AF4A2EB712A,1.481,3700.0,1100.0,3.5,33.1,0.5,131.9333333333333,400.0,100.0,3.8,23.5,0.1,600.0,200.0,3.5,22.4,0.1,3700.0,1500.0,2.5,25.8,0.6,900.0,300.0,3.6,24.2,0.2,4300.0,2100.0,2.1,28.6,1.8
lid_p2,21,Al6061_lid21_p2,482AB6CD-5B14-41D0-846D-4AF4A2EB712A,16,493,2025-07-30 13:03:44.877823,2,0.0006680210239083,590,1,20,30.0005,AUTO,21,ARMED,100,22.86667,5,2733878.461,21,000473_A_A_PROGRAM_2.NC,26,100,0,0,100,10000.0,751754.107000001,6,383.571264061928,5,289.123527632869,49,-377.937624137534,1034.6666666666667,8.896666666666667,UNAVAILABLE,47.50333333333333,60.01,7606F116-3463-4EEF-96CC-1AC408FAA001,0.8700000000000001,482AB6CD-5B14-41D0-846D-4AF4A2EB712A,1.481,3700.0,1100.0,3.5,33.1,0.5,131.89999999999998,400.0,100.0,3.6,23.5,0.5,500.0,100.0,3.5,22.4,0.1,4000.0,1400.0,2.9,25.8,0.6,1000.0,300.0,3.9,24.2,0.2,4200.0,2000.0,2.1,28.6,1.7
lid_p2,22,Al6061_lid22_p2,482AB6CD-5B14-41D0-846D-4AF4A2EB712A,16,490,2025-07-30 13:13:15.094884,2,0.0001678978379824,560,1,20,30.0005,AUTO,21,ARMED,100,0.0,5,2734598.957,22,000473_A_A_PROGRAM_2.NC,11,100,0,0,100,0.0,752474.239999999,5,75.6053960988366,5,455.763797015502,36,-275.779996742983,-3552.333333333333,29.243333333333336,UNAVAILABLE,47.68066666666667,59.99,7606F116-3463-4EEF-96CC-1AC408FAA001,0.9066666666666668,482AB6CD-5B14-41D0-846D-4AF4A2EB712A,1.4943333333333335,7700.0,2200.0,3.5,34.0,0.1,134.0,200.0,0.0,4.1,23.6,0.0,200.0,100.0,3.6,22.4,0.0,900.0,300.0,3.5,25.6,0.1,900.0,200.0,3.8,24.4,0.0,1500.0,800.0,2.0,29.0,0.1
lid_p2,22,Al6061_lid22_p2,482AB6CD-5B14-41D0-846D-4AF4A2EB712A,16,491,2025-07-30 13:13:16.095021,2,0.0001678978379824,567,1,20,30.0005,AUTO,21,ARMED,100,631.55,5,2734598.957,22,000473_A_A_PROGRAM_2.NC,12,100,0,27,100,1967.0261302364,752474.239999999,25,324.840785352411,16,294.316264587701,36,-275.779996742983,653.0,7.173333333333333,UNAVAILABLE,47.68066666666667,59.99,7606F116-3463-4EEF-96CC-1AC408FAA001,0.6833333333333332,482AB6CD-5B14-41D0-846D-4AF4A2EB712A,1.4953333333333332,5300.0,1000.0,5.3,34.0,0.1,131.93333333333334,600.0,100.0,8.3,23.6,0.2,200.0,0.0,4.3,22.4,0.0,5200.0,300.0,18.2,25.6,0.0,500.0,100.0,6.3,24.4,0.0,1400.0,800.0,1.8,29.0,0.0
lid_p2,22,Al6061_lid22_p2,482AB6CD-5B14-41D0-846D-4AF4A2EB712A,16,492,2025-07-30 13:13:17.095232,2,0.0006680210239083,569,1,20,30.0005,AUTO,21,ARMED,100,5.15,5,2734598.957,22,000473_A_A_PROGRAM_2.NC,13,100,0,16,100,5270.40064387266,752474.239999999,5,377.235398731975,6,289.152498556593,28,-374.984912375146,3046.0,22.21,UNAVAILABLE,47.68066666666667,59.99,7606F116-3463-4EEF-96CC-1AC408FAA001,1.0,482AB6CD-5B14-41D0-846D-4AF4A2EB712A,1.4953333333333332,6100.0,1600.0,3.9,34.0,0.1,130.66666666666666,1200.0,200.0,7.2,23.5,0.2,4400.0,700.0,6.7,22.4,0.1,22200.0,3900.0,5.7,25.6,0.2,2500.0,600.0,4.4,24.4,0.1,7000.0,800.0,9.2,29.0,0.2
lid_p2,22,Al6061_lid22_p2,482AB6CD-5B14-41D0-846D-4AF4A2EB712A,16,493,2025-07-30 13:13:18.095489,2,0.0006680210239083,570,1,20,30.0005,AUTO,21,ARMED,100,0.0,5,2734598.957,22,000473_A_A_PROGRAM_2.NC,14,100,0,11,100,7200.44238242036,752474.239999999,5,377.235398731975,6,289.152498556593,30,-374.984786489016,5784.333333333333,48.35999999999999,UNAVAILABLE,47.683,60.0,7606F116-3463-4EEF-96CC-1AC408FAA001,0.9066666666666668,482AB6CD-5B14-41D0-846D-4AF4A2EB712A,1.4953333333333332,6500.0,1800.0,3.6,34.0,0.3,128.93333333333334,200.0,100.0,4.2,23.5,0.1,400.0,100.0,4.4,22.4,0.1,3000.0,1200.0,2.6,25.6,0.2,3700.0,400.0,8.8,24.4,0.1,8900.0,1200.0,7.5,29.0,0.2
lid_p2,22,Al6061_lid22_p2,482AB6CD-5B14-41D0-846D-4AF4A2EB712A,16,494,2025-07-30 13:13:19.095676,2,0.0006680210239083,570,1,20,30.0005,AUTO,21,ARMED,100,0.0,5,2734598.957,22,000473_A_A_PROGRAM_2.NC,15,100,0,8,100,8546.91168974385,752474.239999999,5,377.235398731975,6,289.152498556593,30,-374.984820821597,5888.333333333333,49.196666666666665,UNAVAILABLE,47.684666666666665,60.0,7606F116-3463-4EEF-96CC-1AC408FAA001,0.9266666666666667,482AB6CD-5B14-41D0-846D-4AF4A2EB712A,1.4953333333333332,9600.0,2600.0,3.7,34.0,0.2,128.86666666666665,300.0,100.0,3.6,23.5,0.1,400.0,100.0,3.8,22.4,0.1,3400.0,1200.0,2.9,25.6,0.3,1200.0,300.0,4.1,24.4,0.1,600.0,200.0,3.9,29.0,0.1
lid_p2,22,Al6061_lid22_p2,482AB6CD-5B14-41D0-846D-4AF4A2EB712A,16,495,2025-07-30 13:13:20.095935,2,0.0006680210239083,572,1,20,30.0005,AUTO,21,ARMED,100,25.36667,5,2734598.957,22,000473_A_A_PROGRAM_2.NC,16,100,0,6,100,10000.0,752474.239999999,10,382.618418117024,6,286.150292502666,31,-377.984481300314,5292.666666666667,44.21333333333334,UNAVAILABLE,47.68566666666666,60.0,7606F116-3463-4EEF-96CC-1AC408FAA001,0.8866666666666667,482AB6CD-5B14-41D0-846D-4AF4A2EB712A,1.4953333333333332,7400.0,2200.0,3.4,34.0,0.3,129.23333333333335,300.0,100.0,4.1,23.5,0.1,400.0,100.0,3.6,22.4,0.1,3200.0,1100.0,2.8,25.6,0.3,1000.0,300.0,3.9,24.4,0.1,1100.0,400.0,2.8,29.0,0.4
lid_p2,22,Al6061_lid22_p2,482AB6CD-5B14-41D0-846D-4AF4A2EB712A,16,496,2025-07-30 13:13:21.096196,2,0.0006680210239083,574,1,20,30.0005,AUTO,21,ARMED,100,25.4,5,2734598.957,22,000473_A_A_PROGRAM_2.NC,16,100,0,1,100,10000.0,752474.239999999,9,405.945192426536,8,285.292731879777,32,-377.984412635153,4709.666666666667,39.38333333333333,UNAVAILABLE,47.68699999999999,60.0,7606F116-3463-4EEF-96CC-1AC408FAA001,0.8833333333333333,482AB6CD-5B14-41D0-846D-4AF4A2EB712A,1.4953333333333332,6900.0,2100.0,3.3,34.0,0.6,129.43333333333334,500.0,100.0,3.8,23.5,0.3,400.0,100.0,3.5,22.4,0.1,3800.0,1600.0,2.3,25.6,0.7,1400.0,400.0,3.3,24.4,0.2,3600.0,1400.0,2.6,29.0,1.0
lid_p2,22,Al6061_lid22_p2,482AB6CD-5B14-41D0-846D-4AF4A2EB712A,16,497,2025-07-30 13:13:22.096441,2,0.0006680210239083,575,1,20,30.0005,AUTO,21,ARMED,100,25.3,5,2734598.957,22,000473_A_A_PROGRAM_2.NC,18,100,0,0,100,10000.0,752474.239999999,6,427.943710749991,8,271.966365229408,32,-377.984412635153,1037.3333333333333,9.03,UNAVAILABLE,47.68699999999999,60.0,7606F116-3463-4EEF-96CC-1AC408FAA001,0.8733333333333334,482AB6CD-5B14-41D0-846D-4AF4A2EB712A,1.4953333333333332,4200.0,1100.0,3.9,34.0,0.5,131.5,400.0,100.0,3.4,23.5,0.1,500.0,100.0,3.4,22.4,0.1,3800.0,1400.0,2.6,25.6,0.6,1000.0,300.0,3.7,24.4,0.2,3900.0,1900.0,2.1,29.0,1.6
lid_p2,22,Al6061_lid22_p2,482AB6CD-5B14-41D0-846D-4AF4A2EB712A,16,498,2025-07-30 13:13:23.096657,2,0.0006680210239083,576,1,20,30.0005,AUTO,21,ARMED,100,25.4,5,2734598.957,22,000473_A_A_PROGRAM_2.NC,18,100,0,0,100,10000.0,752474.239999999,4,431.720837864662,8,248.306050005605,32,-377.984572853863,1032.3333333333333,8.950000000000001,UNAVAILABLE,47.687666666666665,60.0,7606F116-3463-4EEF-96CC-1AC408FAA001,0.8733333333333334,482AB6CD-5B14-41D0-846D-4AF4A2EB712A,1.4953333333333332,3600.0,1100.0,3.3,34.0,0.5,131.5,400.0,100.0,3.5,23.5,0.5,600.0,200.0,3.4,22.4,0.1,4300.0,1500.0,2.9,25.6,0.5,1000.0,300.0,3.9,24.4,0.2,3900.0,1900.0,2.1,29.0,1.6
lid_p2,22,Al6061_lid22_p2,482AB6CD-5B14-41D0-846D-4AF4A2EB712A,16,499,2025-07-30 13:13:24.096935,2,0.0006680210239083,578,1,20,30.0005,AUTO,21,ARMED,100,25.38333,5,2734598.957,22,000473_A_A_PROGRAM_2.NC,19,100,0,0,100,10000.0,752474.239999999,10,420.366983509214,5,227.153118835546,31,-377.984618630638,1032.3333333333333,8.950000000000001,UNAVAILABLE,47.687666666666665,60.0,7606F116-3463-4EEF-96CC-1AC408FAA001,0.8733333333333334,482AB6CD-5B14-41D0-846D-4AF4A2EB712A,1.4953333333333332,3600.0,1100.0,3.3,34.0,0.5,131.5,500.0,100.0,3.8,23.5,0.5,600.0,200.0,3.1,22.4,0.1,4500.0,1500.0,3.0,25.6,0.5,1000.0,300.0,3.8,24.4,0.2,4000.0,1900.0,2.1,29.0,1.6
lid_p2,22,Al6061_lid22_p2,482AB6CD-5B14-41D0-846D-4AF4A2EB712A,16,500,2025-07-30 13:13:25.097220,2,0.0006680210239083,579,1,20,30.0005,AUTO,21,ARMED,100,25.38333,5,2734598.957,22,000473_A_A_PROGRAM_2.NC,21,100,0,0,100,10000.0,752474.239999999,8,398.149712295458,7,216.983986747372,31,-377.984538521283,1032.6666666666667,8.906666666666666,UNAVAILABLE,47.68866666666667,60.0,7606F116-3463-4EEF-96CC-1AC408FAA001,0.8833333333333334,482AB6CD-5B14-41D0-846D-4AF4A2EB712A,1.4953333333333332,4100.0,1100.0,3.7,34.0,0.5,131.4333333333333,500.0,100.0,3.8,23.5,0.1,600.0,200.0,3.5,22.4,0.1,3900.0,1500.0,2.6,25.6,0.6,1000.0,300.0,3.9,24.4,0.2,4000.0,1900.0,2.1,29.0,1.6
lid_p2,22,Al6061_lid22_p2,482AB6CD-5B14-41D0-846D-4AF4A2EB712A,16,501,2025-07-30 13:13:26.097472,2,0.0006680210239083,580,1,20,30.0005,AUTO,21,ARMED,100,25.4,5,2734598.957,22,000473_A_A_PROGRAM_2.NC,22,100,0,0,100,10000.0,752474.239999999,9,372.763372642307,4,218.977314432475,31,-377.984481300314,1036.3333333333333,8.950000000000001,UNAVAILABLE,47.68866666666667,60.0,7606F116-3463-4EEF-96CC-1AC408FAA001,0.88,482AB6CD-5B14-41D0-846D-4AF4A2EB712A,1.4953333333333332,3600.0,1100.0,3.3,34.0,0.5,131.46666666666667,500.0,100.0,3.8,23.5,0.5,500.0,200.0,3.4,22.4,0.1,4600.0,1500.0,3.2,25.6,0.6,1000.0,300.0,3.6,24.4,0.2,4100.0,1900.0,2.1,29.0,1.6
lid_p2,22,Al6061_lid22_p2,482AB6CD-5B14-41D0-846D-4AF4A2EB712A,16,502,2025-07-30 13:13:27.097754,2,0.0006680210239083,582,1,20,30.0005,AUTO,21,ARMED,100,25.28333,5,2734598.957,22,000473_A_A_PROGRAM_2.NC,23,100,0,0,100,10000.0,752474.239999999,9,352.16622097902,8,220.576874360275,31,-377.984515632895,1034.3333333333333,8.93,UNAVAILABLE,47.689,60.0,7606F116-3463-4EEF-96CC-1AC408FAA001,0.8766666666666666,482AB6CD-5B14-41D0-846D-4AF4A2EB712A,1.4953333333333332,3900.0,1100.0,3.5,34.0,0.5,131.53333333333333,500.0,100.0,3.8,23.5,0.5,500.0,100.0,3.4,22.4,0.1,3500.0,1500.0,2.4,25.6,0.6,900.0,300.0,3.5,24.4,0.2,4100.0,1900.0,2.2,29.0,1.6
lid_p2,22,Al6061_lid22_p2,482AB6CD-5B14-41D0-846D-4AF4A2EB712A,16,503,2025-07-30 13:13:28.098011,2,0.0006680210239083,583,1,20,30.0005,AUTO,21,ARMED,100,25.38333,5,2734598.957,22,000473_A_A_PROGRAM_2.NC,24,100,0,0,100,10000.0,752474.239999999,7,331.252689365199,8,235.438956955909,31,-377.984595742251,1034.6666666666667,8.993333333333334,UNAVAILABLE,47.68933333333334,60.01,7606F116-3463-4EEF-96CC-1AC408FAA001,0.8733333333333334,482AB6CD-5B14-41D0-846D-4AF4A2EB712A,1.4953333333333332,3500.0,1100.0,3.2,34.1,0.6,131.5,400.0,100.0,3.5,23.5,0.1,500.0,200.0,3.3,22.4,0.2,3800.0,1500.0,2.6,25.6,0.6,1100.0,300.0,4.1,24.4,0.2,4100.0,2000.0,2.1,29.0,1.7
lid_p2,22,Al6061_lid22_p2,482AB6CD-5B14-41D0-846D-4AF4A2EB712A,16,504,2025-07-30 13:13:29.098220,2,0.0006680210239083,584,1,20,30.0005,AUTO,21,ARMED,100,24.95,5,2734598.957,22,000473_A_A_PROGRAM_2.NC,25,100,0,0,100,10000.0,752474.239999999,8,329.562859203864,8,259.593079211234,31,-377.984481300314,1035.0,8.926666666666668,UNAVAILABLE,47.68933333333334,60.01,7606F116-3463-4EEF-96CC-1AC408FAA001,0.88,482AB6CD-5B14-41D0-846D-4AF4A2EB712A,1.4953333333333332,3500.0,1100.0,3.2,34.1,0.5,131.5,400.0,100.0,3.5,23.5,0.4,600.0,200.0,3.8,22.4,0.1,4100.0,1500.0,2.7,25.6,0.6,1100.0,300.0,4.3,24.4,0.2,4100.0,2000.0,2.1,29.0,1.7
lid_p2,22,Al6061_lid22_p2,482AB6CD-5B14-41D0-846D-4AF4A2EB712A,16,505,2025-07-30 13:13:30.098435,2,0.0006680210239083,586,1,20,30.0005,AUTO,21,ARMED,100,25.4,5,2734598.957,22,000473_A_A_PROGRAM_2.NC,26,100,0,0,100,10000.0,752474.239999999,9,342.646378084648,7,279.722499431601,31,-377.984401190959,1036.0,8.943333333333335,UNAVAILABLE,47.68966666666668,60.01,7606F116-3463-4EEF-96CC-1AC408FAA001,0.8866666666666667,482AB6CD-5B14-41D0-846D-4AF4A2EB712A,1.4953333333333332,3600.0,1100.0,3.3,34.1,0.5,131.4333333333333,400.0,100.0,3.8,23.5,0.5,600.0,200.0,3.4,22.4,0.1,3700.0,1500.0,2.5,25.6,0.5,1000.0,300.0,3.9,24.4,0.2,4200.0,1900.0,2.1,29.0,1.6
lid_p2,22,Al6061_lid22_p2,482AB6CD-5B14-41D0-846D-4AF4A2EB712A,16,506,2025-07-30 13:13:31.098726,2,0.0006680210239083,587,1,20,30.0005,AUTO,21,ARMED,100,25.38333,5,2734598.957,22,000473_A_A_PROGRAM_2.NC,27,100,0,0,100,10000.0,752474.239999999,7,365.376583982519,10,287.489986355887,32,-377.98443552354,1022.6666666666666,8.806666666666667,UNAVAILABLE,47.68966666666668,60.01,7606F116-3463-4EEF-96CC-1AC408FAA001,0.8866666666666667,482AB6CD-5B14-41D0-846D-4AF4A2EB712A,1.4953333333333332,3900.0,1100.0,3.6,34.1,0.5,131.5,400.0,100.0,3.3,23.5,0.1,500.0,200.0,3.2,22.4,0.1,3500.0,1400.0,2.5,25.6,0.5,900.0,300.0,3.5,24.4,0.2,4200.0,2000.0,2.1,29.0,1.7
lid_p2,22,Al6061_lid22_p2,482AB6CD-5B14-41D0-846D-4AF4A2EB712A,16,507,2025-07-30 13:13:32.099003,2,0.0006680210239083,590,1,20,30.0005,AUTO,21,ARMED,100,42.06667,5,2734598.957,22,000473_A_A_PROGRAM_2.NC,28,100,0,0,100,10000.0,752474.239999999,6,383.575372784458,6,289.152607402134,44,-374.956448025373,1024.3333333333333,8.819999999999999,UNAVAILABLE,47.690333333333335,60.01,7606F116-3463-4EEF-96CC-1AC408FAA001,0.8866666666666667,482AB6CD-5B14-41D0-846D-4AF4A2EB712A,1.4953333333333332,3900.0,1100.0,3.6,34.1,0.6,131.53333333333333,500.0,100.0,3.4,23.5,0.5,500.0,100.0,3.2,22.4,0.1,3600.0,1400.0,2.6,25.6,0.6,1100.0,300.0,4.0,24.4,0.2,4100.0,1900.0,2.1,29.0,1.6
lid_p2,23,Al6061_lid23_p2,482AB6CD-5B14-41D0-846D-4AF4A2EB712A,16,494,2025-07-30 13:25:14.279914,2,0.0001678978379824,4,1,20,30.0005,AUTO,21,ARMED,100,0.0,5,2735319.056,23,O9735.FNC,8,100,0,0,100,0.0,752834.607999998,8,75.734953840235,4,455.694690104367,36,-275.780706204631,-3550.6666666666665,29.290000000000003,UNAVAILABLE,47.882666666666665,59.98,7606F116-3463-4EEF-96CC-1AC408FAA001,0.9033333333333332,482AB6CD-5B14-41D0-846D-4AF4A2EB712A,1.5089999999999997,8300.0,2500.0,3.3,34.5,0.1,133.9,200.0,0.0,4.0,23.6,0.0,300.0,100.0,4.2,22.4,0.0,700.0,200.0,3.5,25.5,0.1,1000.0,200.0,4.2,24.6,0.0,1500.0,800.0,2.0,29.1,0.1
lid_p2,23,Al6061_lid23_p2,482AB6CD-5B14-41D0-846D-4AF4A2EB712A,16,495,2025-07-30 13:25:15.280181,2,0.0006680210239083,568,1,20,30.0005,AUTO,21,ARMED,100,41.65,5,2735319.056,23,000473_A_A_PROGRAM_2.NC,9,100,0,35,100,3107.12819911464,752834.607999998,4,377.235490284006,7,289.152372670255,36,-276.246271919273,-2154.6666666666665,21.68,UNAVAILABLE,47.882666666666665,59.98,7606F116-3463-4EEF-96CC-1AC408FAA001,0.6,482AB6CD-5B14-41D0-846D-4AF4A2EB712A,1.51,2200.0,400.0,5.6,34.5,0.0,133.16666666666666,1700.0,400.0,4.4,23.6,0.3,3900.0,500.0,7.4,22.4,0.1,21900.0,5100.0,4.3,25.5,0.2,1200.0,200.0,7.6,24.6,0.0,1700.0,800.0,2.2,29.1,0.1
lid_p2,23,Al6061_lid23_p2,482AB6CD-5B14-41D0-846D-4AF4A2EB712A,16,496,2025-07-30 13:25:16.280433,2,0.0006680210239083,570,1,20,30.0005,AUTO,21,ARMED,100,0.0,5,2735319.056,23,000473_A_A_PROGRAM_2.NC,10,100,0,14,100,5841.80990992277,752834.607999998,5,377.235410175979,6,289.152498556593,29,-374.985507473214,2953.0,26.32333333333333,UNAVAILABLE,47.882666666666665,59.98,7606F116-3463-4EEF-96CC-1AC408FAA001,1.0,482AB6CD-5B14-41D0-846D-4AF4A2EB712A,1.51,8900.0,2300.0,4.0,34.5,0.1,130.5666666666667,300.0,100.0,5.1,23.6,0.1,1100.0,200.0,5.0,22.4,0.0,3500.0,1000.0,3.4,25.5,0.1,20400.0,3200.0,6.5,24.6,0.1,49000.0,8600.0,5.7,29.1,0.8
lid_p2,23,Al6061_lid23_p2,482AB6CD-5B14-41D0-846D-4AF4A2EB712A,16,497,2025-07-30 13:25:17.280731,2,0.0006680210239083,570,1,20,30.0005,AUTO,21,ARMED,100,0.0,5,2735319.056,23,000473_A_A_PROGRAM_2.NC,11,100,0,10,100,7702.66632254226,752834.607999998,5,377.235410175979,6,289.152498556593,30,-374.985507473214,5830.666666666667,48.81,UNAVAILABLE,47.88366666666667,59.99,7606F116-3463-4EEF-96CC-1AC408FAA001,0.9266666666666667,482AB6CD-5B14-41D0-846D-4AF4A2EB712A,1.51,7100.0,2200.0,3.2,34.5,0.2,128.83333333333334,200.0,100.0,3.9,23.6,0.1,400.0,100.0,4.0,22.4,0.1,2800.0,1100.0,2.6,25.5,0.2,1200.0,300.0,4.1,24.6,0.1,500.0,100.0,4.2,29.1,0.2
lid_p2,23,Al6061_lid23_p2,482AB6CD-5B14-41D0-846D-4AF4A2EB712A,16,498,2025-07-30 13:25:18.280994,2,0.0006680210239083,570,1,20,30.0005,AUTO,21,ARMED,100,0.0,5,2735319.056,23,000473_A_A_PROGRAM_2.NC,12,100,0,7,100,8964.63173859853,752834.607999998,5,377.235387287971,6,289.152498556593,30,-374.985496029021,5925.666666666667,49.57,UNAVAILABLE,47.88566666666666,59.99,7606F116-3463-4EEF-96CC-1AC408FAA001,0.9266666666666667,482AB6CD-5B14-41D0-846D-4AF4A2EB712A,1.51,10100.0,3000.0,3.4,34.5,0.2,128.73333333333332,300.0,100.0,3.3,23.6,0.1,500.0,100.0,3.6,22.4,0.1,3600.0,1200.0,3.0,25.5,0.3,1100.0,300.0,3.8,24.6,0.1,700.0,200.0,4.3,29.1,0.1
lid_p2,23,Al6061_lid23_p2,482AB6CD-5B14-41D0-846D-4AF4A2EB712A,16,499,2025-07-30 13:25:19.281275,2,0.0006680210239083,572,1,20,30.0005,AUTO,21,ARMED,100,25.4,5,2735319.056,23,000473_A_A_PROGRAM_2.NC,13,100,0,5,100,10000.0,752834.607999998,8,389.171613098812,7,286.150132283691,31,-377.985133619351,5629.0,47.06333333333333,UNAVAILABLE,47.88733333333334,59.99,7606F116-3463-4EEF-96CC-1AC408FAA001,0.8866666666666667,482AB6CD-5B14-41D0-846D-4AF4A2EB712A,1.51,7200.0,2000.0,3.5,34.5,0.4,128.9333333333333,400.0,100.0,4.0,23.6,0.5,400.0,100.0,3.7,22.4,0.1,3900.0,1200.0,3.3,25.5,0.4,1500.0,300.0,4.6,24.6,0.1,4400.0,700.0,6.7,29.1,0.6
lid_p2,23,Al6061_lid23_p2,482AB6CD-5B14-41D0-846D-4AF4A2EB712A,16,500,2025-07-30 13:25:20.281522,2,0.0006680210239083,574,1,20,30.0005,AUTO,21,ARMED,100,25.4,5,2735319.056,23,000473_A_A_PROGRAM_2.NC,14,100,0,0,100,10000.0,752834.607999998,8,413.324488596398,9,282.654119902635,31,-377.985133619351,4981.0,41.81333333333333,UNAVAILABLE,47.88833333333333,59.98,7606F116-3463-4EEF-96CC-1AC408FAA001,0.88,482AB6CD-5B14-41D0-846D-4AF4A2EB712A,1.51,6400.0,1900.0,3.3,34.5,0.5,129.26666666666668,500.0,100.0,4.3,23.6,0.5,600.0,100.0,3.8,22.4,0.1,5100.0,2100.0,2.4,25.5,0.8,1600.0,400.0,3.6,24.6,0.2,3500.0,1500.0,2.4,29.1,1.2
lid_p2,23,Al6061_lid23_p2,482AB6CD-5B14-41D0-846D-4AF4A2EB712A,16,501,2025-07-30 13:25:21.281825,2,0.0006680210239083,576,1,20,30.0005,AUTO,21,ARMED,100,22.16667,5,2735319.056,23,000473_A_A_PROGRAM_2.NC,15,100,0,0,100,10000.0,752834.607999998,9,430.061382751139,4,263.787521356557,30,-377.985122175157,1484.3333333333333,15.366666666666667,UNAVAILABLE,47.888666666666666,59.98,7606F116-3463-4EEF-96CC-1AC408FAA001,0.52,482AB6CD-5B14-41D0-846D-4AF4A2EB712A,1.51,3400.0,1100.0,3.1,34.5,0.5,131.26666666666665,400.0,100.0,4.1,23.6,0.1,500.0,200.0,3.2,22.4,0.1,4100.0,1400.0,2.9,25.5,0.5,1100.0,300.0,4.1,24.6,0.2,3500.0,1600.0,2.2,29.1,1.3
lid_p2,23,Al6061_lid23_p2,482AB6CD-5B14-41D0-846D-4AF4A2EB712A,16,502,2025-07-30 13:25:22.282083,2,0.0006680210239083,577,1,20,30.0005,AUTO,21,ARMED,100,23.0,5,2735319.056,23,000473_A_A_PROGRAM_2.NC,16,100,0,1,100,10000.0,752834.607999998,7,429.867629954752,7,240.751379822318,31,-377.985202284513,1034.6666666666667,8.92,UNAVAILABLE,47.888666666666666,59.98,7606F116-3463-4EEF-96CC-1AC408FAA001,0.8666666666666667,482AB6CD-5B14-41D0-846D-4AF4A2EB712A,1.51,3600.0,1100.0,3.3,34.5,0.5,131.5,500.0,100.0,4.6,23.6,0.5,600.0,200.0,3.4,22.4,0.1,4200.0,1500.0,2.8,25.5,0.5,1100.0,300.0,4.1,24.6,0.2,3600.0,1600.0,2.2,29.1,1.3
lid_p2,23,Al6061_lid23_p2,482AB6CD-5B14-41D0-846D-4AF4A2EB712A,16,503,2025-07-30 13:25:23.282331,2,0.0006680210239083,578,1,20,30.0005,AUTO,21,ARMED,100,25.4,5,2735319.056,23,000473_A_A_PROGRAM_2.NC,17,100,0,0,100,10000.0,752834.607999998,9,415.024156833537,7,223.377140370453,30,-377.985282393868,1021.6666666666666,8.81,UNAVAILABLE,47.88966666666667,59.98,7606F116-3463-4EEF-96CC-1AC408FAA001,0.8833333333333334,482AB6CD-5B14-41D0-846D-4AF4A2EB712A,1.51,3800.0,1100.0,3.5,34.5,0.5,131.46666666666667,400.0,100.0,3.8,23.6,0.5,600.0,200.0,3.4,22.4,0.1,4300.0,1500.0,2.8,25.5,0.6,1000.0,300.0,3.9,24.6,0.2,3600.0,1700.0,2.2,29.1,1.4
lid_p2,23,Al6061_lid23_p2,482AB6CD-5B14-41D0-846D-4AF4A2EB712A,16,504,2025-07-30 13:25:24.282576,2,0.0006680210239083,580,1,20,30.0005,AUTO,21,ARMED,100,25.4,5,2735319.056,23,000473_A_A_PROGRAM_2.NC,18,100,0,1,100,10000.0,752834.607999998,9,391.095511003565,9,218.976913913105,31,-377.985202284513,1034.0,8.933333333333334,UNAVAILABLE,47.88966666666667,59.98,7606F116-3463-4EEF-96CC-1AC408FAA001,0.8700000000000001,482AB6CD-5B14-41D0-846D-4AF4A2EB712A,1.51,3400.0,1100.0,3.1,34.5,0.5,131.5,400.0,100.0,3.8,23.6,0.4,500.0,200.0,3.1,22.4,0.1,3700.0,1500.0,2.5,25.5,0.6,1000.0,300.0,3.7,24.6,0.2,3700.0,1700.0,2.2,29.1,1.3
lid_p2,23,Al6061_lid23_p2,482AB6CD-5B14-41D0-846D-4AF4A2EB712A,16,505,2025-07-30 13:25:25.282861,2,0.0006680210239083,581,1,20,30.0005,AUTO,21,ARMED,100,23.38333,5,2735319.056,23,000473_A_A_PROGRAM_2.NC,19,100,0,0,100,10000.0,752834.607999998,10,366.695361052589,3,218.427275118968,31,-377.985145063545,1020.6666666666666,8.82,UNAVAILABLE,47.89000000000001,59.98,7606F116-3463-4EEF-96CC-1AC408FAA001,0.8766666666666666,482AB6CD-5B14-41D0-846D-4AF4A2EB712A,1.51,3600.0,1100.0,3.3,34.5,0.5,131.46666666666667,500.0,100.0,3.8,23.6,0.1,500.0,200.0,3.2,22.4,0.1,2600.0,1500.0,1.8,25.5,0.6,1000.0,300.0,3.9,24.6,0.2,3600.0,1600.0,2.2,29.1,1.3
lid_p2,23,Al6061_lid23_p2,482AB6CD-5B14-41D0-846D-4AF4A2EB712A,16,506,2025-07-30 13:25:26.283150,2,0.0006680210239083,582,1,20,30.0005,AUTO,21,ARMED,100,25.4,5,2735319.056,23,000473_A_A_PROGRAM_2.NC,20,100,0,0,100,10000.0,752834.607999998,8,340.773114724618,8,226.871917395066,32,-377.985156507738,1030.0,8.88,UNAVAILABLE,47.89033333333334,59.99,7606F116-3463-4EEF-96CC-1AC408FAA001,0.8700000000000001,482AB6CD-5B14-41D0-846D-4AF4A2EB712A,1.51,3300.0,1100.0,3.0,34.5,0.5,131.53333333333333,400.0,100.0,3.6,23.6,0.5,500.0,100.0,3.7,22.4,0.1,3700.0,1500.0,2.5,25.5,0.6,1000.0,300.0,3.9,24.6,0.2,3500.0,1600.0,2.1,29.1,1.3
lid_p2,23,Al6061_lid23_p2,482AB6CD-5B14-41D0-846D-4AF4A2EB712A,16,507,2025-07-30 13:25:27.283428,2,0.0006680210239083,584,1,20,30.0005,AUTO,21,ARMED,100,23.93333,5,2735319.056,23,000473_A_A_PROGRAM_2.NC,21,100,0,1,100,10000.0,752834.607999998,4,329.356741040513,7,246.578255121452,31,-377.985133619351,1024.0,8.836666666666666,UNAVAILABLE,47.89033333333334,59.98,7606F116-3463-4EEF-96CC-1AC408FAA001,0.88,482AB6CD-5B14-41D0-846D-4AF4A2EB712A,1.51,3600.0,1100.0,3.3,34.5,0.5,131.46666666666667,400.0,100.0,4.0,23.5,0.5,600.0,200.0,3.5,22.4,0.2,3700.0,1500.0,2.5,25.5,0.6,1000.0,300.0,4.0,24.6,0.2,3700.0,1700.0,2.1,29.1,1.4
lid_p2,23,Al6061_lid23_p2,482AB6CD-5B14-41D0-846D-4AF4A2EB712A,16,508,2025-07-30 13:25:28.283740,2,0.0006680210239083,585,1,20,30.0005,AUTO,21,ARMED,100,25.38333,5,2735319.056,23,000473_A_A_PROGRAM_2.NC,22,100,0,0,100,10000.0,752834.607999998,9,331.162690832656,9,269.477147948208,30,-377.985270949674,1030.0,8.883333333333333,UNAVAILABLE,47.89066666666668,59.98,7606F116-3463-4EEF-96CC-1AC408FAA001,0.8733333333333334,482AB6CD-5B14-41D0-846D-4AF4A2EB712A,1.51,3400.0,1100.0,3.1,34.5,0.5,131.46666666666667,300.0,100.0,3.6,23.5,0.1,600.0,200.0,3.1,22.4,0.2,3900.0,1500.0,2.6,25.5,0.6,1000.0,300.0,4.0,24.6,0.2,3700.0,1700.0,2.2,29.1,1.4
lid_p2,23,Al6061_lid23_p2,482AB6CD-5B14-41D0-846D-4AF4A2EB712A,16,509,2025-07-30 13:25:29.284009,2,0.0006680210239083,586,1,20,30.0005,AUTO,21,ARMED,100,25.4,5,2735319.056,23,000473_A_A_PROGRAM_2.NC,23,100,0,1,100,10000.0,752834.607999998,10,350.694692311682,7,284.041812204278,31,-377.985167951932,1024.6666666666667,8.840000000000002,UNAVAILABLE,47.89133333333333,59.98,7606F116-3463-4EEF-96CC-1AC408FAA001,0.8866666666666667,482AB6CD-5B14-41D0-846D-4AF4A2EB712A,1.51,3500.0,1100.0,3.2,34.5,0.5,131.5,400.0,100.0,4.0,23.5,0.5,600.0,200.0,3.8,22.4,0.2,3900.0,1500.0,2.6,25.5,0.6,900.0,300.0,3.6,24.6,0.2,3700.0,1700.0,2.2,29.1,1.4
lid_p2,23,Al6061_lid23_p2,482AB6CD-5B14-41D0-846D-4AF4A2EB712A,16,510,2025-07-30 13:25:30.284257,2,0.0006680210239083,588,1,20,30.0005,AUTO,21,ARMED,100,25.4,5,2735319.056,23,000473_A_A_PROGRAM_2.NC,24,100,0,0,100,10000.0,752834.607999998,8,375.14427022427,7,286.150097951053,31,-377.985110730964,1028.3333333333333,8.873333333333333,UNAVAILABLE,47.892,59.98,7606F116-3463-4EEF-96CC-1AC408FAA001,0.8766666666666666,482AB6CD-5B14-41D0-846D-4AF4A2EB712A,1.51,3300.0,1100.0,3.0,34.5,0.5,131.53333333333333,500.0,100.0,3.9,23.5,0.5,500.0,200.0,3.1,22.4,0.2,3400.0,1400.0,2.4,25.5,0.5,1000.0,300.0,3.9,24.6,0.2,3700.0,1700.0,2.2,29.1,1.4
lid_p2,25,Al6061_lid25_p2,482AB6CD-5B14-41D0-846D-4AF4A2EB712A,16,527,2025-07-30 13:44:47.569578,2,0.0001678978379824,567,1,20,30.0005,AUTO,21,ARMED,100,0.0,5,2736400.266,25,000473_A_A_PROGRAM_2.NC,3,100,0,0,100,0.0,753555.213,84,106.729110423132,38,438.572199227593,35,-275.780706204631,-2513.0,26.80333333333333,UNAVAILABLE,48.25,60.0,7606F116-3463-4EEF-96CC-1AC408FAA001,0.59,482AB6CD-5B14-41D0-846D-4AF4A2EB712A,1.5336666666666667,11700.0,3300.0,3.5,35.8,0.1,133.96666666666667,200.0,0.0,4.6,23.6,0.0,300.0,100.0,3.9,22.4,0.0,600.0,200.0,4.1,25.5,0.1,800.0,200.0,4.1,24.9,0.0,1400.0,800.0,1.9,29.9,0.1
lid_p2,25,Al6061_lid25_p2,482AB6CD-5B14-41D0-846D-4AF4A2EB712A,16,528,2025-07-30 13:44:48.569790,2,0.0006680210239083,568,1,20,30.0005,AUTO,21,ARMED,100,272.6833,5,2736400.266,25,000473_A_A_PROGRAM_2.NC,4,100,0,22,100,3635.36827816574,753555.213,5,377.235433063986,7,289.152418447106,36,-339.146378786876,1530.3333333333333,17.283333333333335,UNAVAILABLE,48.25,60.0,7606F116-3463-4EEF-96CC-1AC408FAA001,1.0,482AB6CD-5B14-41D0-846D-4AF4A2EB712A,1.5336666666666667,8200.0,1700.0,4.9,35.8,0.0,131.53333333333333,1800.0,500.0,3.6,23.6,0.3,4000.0,800.0,4.9,22.4,0.1,22200.0,7000.0,3.2,25.5,0.3,2700.0,400.0,6.7,24.9,0.0,1800.0,800.0,2.4,29.9,0.2
lid_p2,25,Al6061_lid25_p2,482AB6CD-5B14-41D0-846D-4AF4A2EB712A,16,529,2025-07-30 13:44:49.569969,2,0.0006680210239083,570,1,20,30.0005,AUTO,21,ARMED,100,0.0,5,2736400.266,25,000473_A_A_PROGRAM_2.NC,5,100,0,14,100,6220.14873792386,753555.213,5,377.235387287971,6,289.152498556593,30,-374.985507473214,5979.333333333333,50.2,UNAVAILABLE,48.25033333333334,60.0,7606F116-3463-4EEF-96CC-1AC408FAA001,0.9033333333333332,482AB6CD-5B14-41D0-846D-4AF4A2EB712A,1.5336666666666667,9500.0,2000.0,4.8,35.8,0.2,129.06666666666666,200.0,100.0,4.2,23.6,0.1,1100.0,200.0,5.9,22.4,0.0,3300.0,1100.0,3.0,25.5,0.2,20500.0,3300.0,6.3,24.9,0.1,50000.0,8600.0,5.8,29.9,0.8
lid_p2,25,Al6061_lid25_p2,482AB6CD-5B14-41D0-846D-4AF4A2EB712A,16,530,2025-07-30 13:44:50.570176,2,0.0006680210239083,570,1,20,30.0005,AUTO,21,ARMED,100,0.0,5,2736400.266,25,000473_A_A_PROGRAM_2.NC,6,100,0,10,100,7748.82417970589,753555.213,4,377.235398731975,6,289.152498556593,30,-374.985507473214,5903.0,49.27,UNAVAILABLE,48.25266666666667,60.0,7606F116-3463-4EEF-96CC-1AC408FAA001,0.9466666666666668,482AB6CD-5B14-41D0-846D-4AF4A2EB712A,1.5336666666666667,6800.0,2000.0,3.4,35.9,0.2,129.06666666666666,300.0,100.0,4.0,23.6,0.1,300.0,100.0,3.7,22.4,0.1,3000.0,1100.0,2.7,25.5,0.2,1000.0,300.0,3.5,24.9,0.1,500.0,100.0,4.0,29.9,0.2
lid_p2,25,Al6061_lid25_p2,482AB6CD-5B14-41D0-846D-4AF4A2EB712A,16,531,2025-07-30 13:44:51.570425,2,0.0006680210239083,570,1,20,30.0005,AUTO,21,ARMED,100,0.0,5,2736400.266,25,000473_A_A_PROGRAM_2.NC,7,100,0,7,100,10000.0,753555.213,4,377.235410175979,6,289.152510000806,30,-374.985530361601,5681.666666666667,48.01,UNAVAILABLE,48.25333333333333,60.0,7606F116-3463-4EEF-96CC-1AC408FAA001,0.8966666666666666,482AB6CD-5B14-41D0-846D-4AF4A2EB712A,1.5336666666666667,10300.0,3000.0,3.4,35.9,0.2,129.16666666666666,300.0,100.0,3.5,23.6,0.1,400.0,100.0,3.3,22.4,0.1,3000.0,1200.0,2.5,25.5,0.3,1200.0,300.0,4.1,24.9,0.1,800.0,200.0,4.3,29.9,0.2
lid_p2,25,Al6061_lid25_p2,482AB6CD-5B14-41D0-846D-4AF4A2EB712A,16,532,2025-07-30 13:44:52.570699,2,0.0006680210239083,572,1,20,30.0005,AUTO,21,ARMED,100,25.4,5,2736400.266,25,000473_A_A_PROGRAM_2.NC,8,100,0,5,100,10000.0,753555.213,9,392.460799990216,7,286.150143727903,31,-377.985087842576,4941.333333333333,41.35666666666668,UNAVAILABLE,48.255,60.0,7606F116-3463-4EEF-96CC-1AC408FAA001,0.92,482AB6CD-5B14-41D0-846D-4AF4A2EB712A,1.5336666666666667,7800.0,2200.0,3.5,35.9,0.5,129.56666666666666,400.0,100.0,3.7,23.6,0.5,500.0,100.0,3.8,22.4,0.1,3800.0,1400.0,2.8,25.5,0.5,1900.0,400.0,5.0,24.9,0.2,3900.0,1100.0,3.6,29.9,0.9
lid_p2,25,Al6061_lid25_p2,482AB6CD-5B14-41D0-846D-4AF4A2EB712A,16,533,2025-07-30 13:44:53.570903,2,0.0006680210239083,574,1,20,30.0005,AUTO,21,ARMED,100,25.4,5,2736400.266,25,000473_A_A_PROGRAM_2.NC,9,100,0,0,100,10000.0,753555.213,8,416.195155154418,8,281.051529598818,31,-377.98509928677,1757.3333333333333,18.24,UNAVAILABLE,48.256,60.0,7606F116-3463-4EEF-96CC-1AC408FAA001,0.3933333333333333,482AB6CD-5B14-41D0-846D-4AF4A2EB712A,1.5336666666666667,6700.0,1600.0,4.1,35.9,0.5,131.33333333333334,400.0,100.0,3.6,23.6,0.6,500.0,200.0,3.3,22.4,0.1,4900.0,1800.0,2.7,25.5,0.7,1500.0,400.0,3.8,24.9,0.2,3500.0,1600.0,2.2,29.9,1.3
lid_p2,25,Al6061_lid25_p2,482AB6CD-5B14-41D0-846D-4AF4A2EB712A,16,534,2025-07-30 13:44:54.571148,2,0.0006680210239083,576,1,20,30.0005,AUTO,21,ARMED,100,22.13333,5,2736400.266,25,000473_A_A_PROGRAM_2.NC,10,100,0,0,100,10000.0,753555.213,5,430.278867202096,8,263.152123904786,30,-377.9852251729,1035.3333333333333,8.913333333333332,UNAVAILABLE,48.25633333333334,60.0,7606F116-3463-4EEF-96CC-1AC408FAA001,0.88,482AB6CD-5B14-41D0-846D-4AF4A2EB712A,1.5336666666666667,3600.0,1100.0,3.3,35.9,0.5,131.73333333333332,400.0,100.0,3.7,23.6,0.4,500.0,200.0,3.2,22.4,0.1,4000.0,1400.0,2.8,25.5,0.5,900.0,300.0,3.5,24.9,0.2,3600.0,1600.0,2.2,29.9,1.3
lid_p2,25,Al6061_lid25_p2,482AB6CD-5B14-41D0-846D-4AF4A2EB712A,16,535,2025-07-30 13:44:55.571392,2,0.0006680210239083,577,1,20,30.0005,AUTO,21,ARMED,100,23.0,5,2736400.266,25,000473_A_A_PROGRAM_2.NC,11,100,0,0,100,10000.0,753555.213,8,429.457156592605,8,235.221375118311,32,-377.9852251729,1035.3333333333333,8.913333333333332,UNAVAILABLE,48.25633333333334,60.0,7606F116-3463-4EEF-96CC-1AC408FAA001,0.88,482AB6CD-5B14-41D0-846D-4AF4A2EB712A,1.5336666666666667,3400.0,1100.0,3.2,35.9,0.5,131.73333333333332,400.0,100.0,3.6,23.6,0.2,600.0,200.0,3.2,22.4,0.2,4600.0,1500.0,3.0,25.5,0.5,1000.0,300.0,4.0,24.9,0.2,3500.0,1600.0,2.2,29.9,1.3
lid_p2,25,Al6061_lid25_p2,482AB6CD-5B14-41D0-846D-4AF4A2EB712A,16,536,2025-07-30 13:44:56.571661,2,0.0006680210239083,578,1,20,30.0005,AUTO,21,ARMED,100,25.4,5,2736400.266,25,000473_A_A_PROGRAM_2.NC,12,100,0,0,100,10000.0,753555.213,9,404.616127380278,7,219.557711318241,31,-377.985110730964,1041.6666666666667,8.966666666666667,UNAVAILABLE,48.257666666666665,60.0,7606F116-3463-4EEF-96CC-1AC408FAA001,0.8866666666666667,482AB6CD-5B14-41D0-846D-4AF4A2EB712A,1.5336666666666667,3400.0,1100.0,3.2,35.9,0.5,131.70000000000002,500.0,100.0,3.9,23.6,0.5,600.0,200.0,3.4,22.4,0.2,4600.0,1500.0,3.0,25.5,0.6,900.0,300.0,3.6,24.9,0.2,3600.0,1700.0,2.2,29.9,1.4
lid_p2,25,Al6061_lid25_p2,482AB6CD-5B14-41D0-846D-4AF4A2EB712A,16,537,2025-07-30 13:44:58.920065,2,0.0006680210239083,582,1,20,30.0005,AUTO,21,ARMED,100,25.4,5,2736400.266,25,000473_A_A_PROGRAM_2.NC,14,100,0,0,100,10000.0,753555.213,8,342.294744482451,7,225.663950976561,31,-377.985316726449,1029.0,8.856666666666667,UNAVAILABLE,48.258,60.0,7606F116-3463-4EEF-96CC-1AC408FAA001,0.8733333333333334,482AB6CD-5B14-41D0-846D-4AF4A2EB712A,1.5336666666666667,3700.0,1100.0,3.4,35.9,0.5,131.70000000000002,500.0,100.0,4.3,23.6,0.5,500.0,200.0,3.4,22.4,0.1,3700.0,1500.0,2.6,25.5,0.6,900.0,300.0,3.5,24.9,0.2,3600.0,1700.0,2.2,29.9,1.4
lid_p2,28,Al6061_lid28_p2,482AB6CD-5B14-41D0-846D-4AF4A2EB712A,16,511,2025-07-31 12:25:31.441533,20,0.000167897837986,28,1,27,30.0005,AUTO,21,ARMED,100,0.0,5,2754777.068,28,O9735.FNC,19,100,0,0,100,0.0,765086.314,5,75.6056729613191,5,455.765900387678,36,-275.831295397348,-2319.0,22.186666666666667,UNAVAILABLE,53.281,59.95000000000001,7606F116-3463-4EEF-96CC-1AC408FAA001,0.6366666666666667,482AB6CD-5B14-41D0-846D-4AF4A2EB712A,1.745,2800.0,300.0,10.6,35.7,0.0,134.96666666666667,2100.0,400.0,4.7,23.5,0.3,3100.0,500.0,5.9,23.0,0.1,21000.0,5000.0,4.2,25.7,0.2,1300.0,100.0,9.4,24.7,0.0,1400.0,800.0,1.9,29.4,0.1
lid_p2,28,Al6061_lid28_p2,482AB6CD-5B14-41D0-846D-4AF4A2EB712A,16,512,2025-07-31 12:25:32.441688,20,0.000167897837986,567,1,27,30.0005,AUTO,21,ARMED,100,155.8333,5,2754777.068,28,000473_A_A_PROGRAM_2.NC,20,100,0,30,100,2992.05971671197,765086.314,7,377.235490284006,8,289.152361226043,26,-281.697401312488,1955.0,6.123333333333332,UNAVAILABLE,53.281,59.95000000000001,7606F116-3463-4EEF-96CC-1AC408FAA001,1.0,482AB6CD-5B14-41D0-846D-4AF4A2EB712A,1.745,8300.0,2300.0,3.6,35.7,0.1,132.76666666666668,300.0,100.0,4.6,23.5,0.1,1100.0,200.0,5.6,23.0,0.0,3100.0,1000.0,3.1,25.7,0.1,18800.0,3200.0,5.9,24.7,0.1,47000.0,8600.0,5.4,29.4,0.8
lid_p2,28,Al6061_lid28_p2,482AB6CD-5B14-41D0-846D-4AF4A2EB712A,16,513,2025-07-31 12:25:33.441895,20,0.000167897837986,570,1,27,30.0005,AUTO,21,ARMED,100,0.0,5,2754777.068,28,000473_A_A_PROGRAM_2.NC,21,100,0,14,100,5796.9750400569,765086.314,5,377.235398731975,6,289.152498556593,30,-375.036125141606,5974.333333333333,47.42333333333334,UNAVAILABLE,53.281666666666666,59.95000000000001,7606F116-3463-4EEF-96CC-1AC408FAA001,0.9633333333333332,482AB6CD-5B14-41D0-846D-4AF4A2EB712A,1.745,6900.0,2100.0,3.2,35.7,0.2,130.79999999999998,200.0,100.0,4.2,23.5,0.1,300.0,100.0,3.6,23.0,0.1,2700.0,1100.0,2.5,25.7,0.2,1100.0,300.0,3.8,24.7,0.1,600.0,100.0,4.7,29.4,0.2
lid_p2,28,Al6061_lid28_p2,482AB6CD-5B14-41D0-846D-4AF4A2EB712A,16,514,2025-07-31 12:25:34.442099,20,0.000167897837986,570,1,27,30.0005,AUTO,21,ARMED,100,0.0,5,2754777.068,28,000473_A_A_PROGRAM_2.NC,22,100,0,11,100,7673.00920688923,765086.314,5,377.235398731975,6,289.152498556593,30,-375.036079364831,5933.333333333333,48.96,UNAVAILABLE,53.28233333333333,59.95000000000001,7606F116-3463-4EEF-96CC-1AC408FAA001,0.9266666666666667,482AB6CD-5B14-41D0-846D-4AF4A2EB712A,1.745,9800.0,3000.0,3.3,35.7,0.2,130.56666666666663,300.0,100.0,2.9,23.5,0.1,500.0,100.0,3.7,23.0,0.1,3600.0,1200.0,2.9,25.7,0.3,1100.0,300.0,3.7,24.7,0.1,600.0,100.0,3.8,29.4,0.1
lid_p2,28,Al6061_lid28_p2,482AB6CD-5B14-41D0-846D-4AF4A2EB712A,16,515,2025-07-31 12:25:35.442253,20,0.000167897837986,570,1,27,30.0005,AUTO,21,ARMED,100,0.0,5,2754777.068,28,000473_A_A_PROGRAM_2.NC,23,100,0,7,100,8942.87875607819,765086.314,5,377.235410175979,6,289.152498556593,30,-375.036136585799,5605.333333333333,46.24333333333334,UNAVAILABLE,53.28466666666667,59.95000000000001,7606F116-3463-4EEF-96CC-1AC408FAA001,0.8866666666666667,482AB6CD-5B14-41D0-846D-4AF4A2EB712A,1.745,7800.0,2000.0,3.8,35.7,0.3,130.79999999999998,400.0,100.0,3.7,23.4,0.2,400.0,100.0,3.6,23.0,0.1,3600.0,1200.0,2.9,25.7,0.3,1200.0,300.0,3.8,24.7,0.1,1900.0,500.0,3.6,29.4,0.5
lid_p2,28,Al6061_lid28_p2,482AB6CD-5B14-41D0-846D-4AF4A2EB712A,16,516,2025-07-31 12:25:36.442560,20,0.000668021023912,572,1,27,30.0005,AUTO,21,ARMED,100,25.4,5,2754777.068,28,000473_A_A_PROGRAM_2.NC,24,100,0,5,100,10000.0,765086.314,9,391.140057427704,7,286.150132283691,32,-378.035865729678,4958.333333333333,41.10666666666666,UNAVAILABLE,53.286,59.95000000000001,7606F116-3463-4EEF-96CC-1AC408FAA001,0.93,482AB6CD-5B14-41D0-846D-4AF4A2EB712A,1.745,6400.0,2000.0,3.2,35.7,0.6,131.06666666666666,500.0,100.0,4.3,23.4,0.5,500.0,100.0,3.2,23.0,0.1,4500.0,2200.0,2.1,25.7,0.9,1700.0,500.0,3.6,24.7,0.2,2400.0,1100.0,2.2,29.4,1.1
lid_p2,28,Al6061_lid28_p2,482AB6CD-5B14-41D0-846D-4AF4A2EB712A,16,517,2025-07-31 12:25:37.442708,20,0.000668021023912,574,1,27,30.0005,AUTO,21,ARMED,100,25.4,5,2754777.068,28,000473_A_A_PROGRAM_2.NC,25,100,0,1,100,10000.0,765086.314,10,413.907590952566,8,282.357863572469,31,-378.035751287742,1362.3333333333333,13.673333333333332,UNAVAILABLE,53.287,59.95000000000001,7606F116-3463-4EEF-96CC-1AC408FAA001,0.5666666666666667,482AB6CD-5B14-41D0-846D-4AF4A2EB712A,1.745,3500.0,1100.0,3.2,35.7,0.5,133.06666666666663,400.0,100.0,3.5,23.4,0.1,600.0,200.0,3.8,23.0,0.1,4600.0,1500.0,3.1,25.7,0.6,900.0,300.0,3.6,24.7,0.2,2400.0,1300.0,1.8,29.4,1.3
lid_p2,28,Al6061_lid28_p2,482AB6CD-5B14-41D0-846D-4AF4A2EB712A,16,518,2025-07-31 12:25:38.442879,20,0.000668021023912,575,1,27,30.0005,AUTO,21,ARMED,100,23.18333,5,2754777.068,28,000473_A_A_PROGRAM_2.NC,26,100,0,0,100,10000.0,765086.314,6,429.87406981814,9,264.321705662609,32,-378.035705510968,1362.3333333333333,13.673333333333332,UNAVAILABLE,53.287,59.95000000000001,7606F116-3463-4EEF-96CC-1AC408FAA001,0.5666666666666667,482AB6CD-5B14-41D0-846D-4AF4A2EB712A,1.745,3600.0,1100.0,3.2,35.7,0.5,133.06666666666663,400.0,100.0,3.5,23.4,0.5,600.0,200.0,3.5,23.0,0.1,4400.0,1600.0,2.7,25.7,0.6,1000.0,300.0,3.7,24.7,0.2,2400.0,1300.0,1.8,29.4,1.3
lid_p2,28,Al6061_lid28_p2,482AB6CD-5B14-41D0-846D-4AF4A2EB712A,16,519,2025-07-31 12:25:39.443030,20,0.000668021023912,576,1,27,30.0005,AUTO,21,ARMED,100,25.4,5,2754777.068,28,000473_A_A_PROGRAM_2.NC,27,100,0,1,100,10000.0,765086.314,8,430.465907871193,8,240.28787391712,31,-378.035728399355,1039.3333333333333,8.863333333333333,UNAVAILABLE,53.287,59.95000000000001,7606F116-3463-4EEF-96CC-1AC408FAA001,0.8700000000000001,482AB6CD-5B14-41D0-846D-4AF4A2EB712A,1.745,3400.0,1100.0,3.1,35.7,0.5,133.26666666666668,400.0,100.0,3.1,23.4,0.5,600.0,200.0,3.4,23.0,0.2,4500.0,1600.0,2.8,25.7,0.6,1000.0,300.0,3.8,24.7,0.2,2400.0,1400.0,1.8,29.4,1.3
lid_p2,28,Al6061_lid28_p2,482AB6CD-5B14-41D0-846D-4AF4A2EB712A,16,520,2025-07-31 12:25:40.443225,20,0.000668021023912,578,1,27,30.0005,AUTO,21,ARMED,100,25.4,5,2754777.068,28,000473_A_A_PROGRAM_2.NC,28,100,0,1,100,10000.0,765086.314,8,415.599817624229,6,222.462549568667,32,-378.035751287742,1035.6666666666667,8.833333333333334,UNAVAILABLE,53.28733333333333,59.95000000000001,7606F116-3463-4EEF-96CC-1AC408FAA001,0.8766666666666666,482AB6CD-5B14-41D0-846D-4AF4A2EB712A,1.745,3900.0,1100.0,3.6,35.7,0.5,133.23333333333335,400.0,100.0,3.3,23.4,0.1,600.0,200.0,3.5,23.0,0.2,4000.0,1500.0,2.6,25.7,0.6,1000.0,300.0,3.7,24.7,0.2,2400.0,1400.0,1.8,29.4,1.3
lid_p2,28,Al6061_lid28_p2,482AB6CD-5B14-41D0-846D-4AF4A2EB712A,16,521,2025-07-31 12:25:41.443418,20,0.000668021023912,580,1,27,30.0005,AUTO,21,ARMED,100,24.1,5,2754777.068,28,000473_A_A_PROGRAM_2.NC,29,100,0,0,100,10000.0,765086.314,7,390.454071193575,9,218.977188554959,31,-378.035888618066,1033.0,8.87,UNAVAILABLE,53.28766666666667,59.95000000000001,7606F116-3463-4EEF-96CC-1AC408FAA001,0.8666666666666667,482AB6CD-5B14-41D0-846D-4AF4A2EB712A,1.745,3600.0,1100.0,3.3,35.7,0.6,133.16666666666666,400.0,100.0,3.4,23.4,0.4,500.0,200.0,3.3,23.0,0.1,3700.0,1500.0,2.4,25.7,0.6,1000.0,300.0,3.6,24.7,0.2,2400.0,1400.0,1.8,29.4,1.3
lid_p2,28,Al6061_lid28_p2,482AB6CD-5B14-41D0-846D-4AF4A2EB712A,16,522,2025-07-31 12:25:42.443566,20,0.000668021023912,580,1,27,30.0005,AUTO,21,ARMED,100,25.3,5,2754777.068,28,000473_A_A_PROGRAM_2.NC,30,100,0,1,100,10000.0,765086.314,7,367.157464600461,4,218.804426672905,33,-378.035751287742,1034.0,8.923333333333334,UNAVAILABLE,53.28766666666667,59.96,7606F116-3463-4EEF-96CC-1AC408FAA001,0.8666666666666667,482AB6CD-5B14-41D0-846D-4AF4A2EB712A,1.745,3600.0,1100.0,3.3,35.7,0.5,133.20000000000002,500.0,100.0,4.5,23.4,0.5,500.0,100.0,3.6,23.0,0.1,3900.0,1600.0,2.5,25.7,0.6,1200.0,300.0,4.1,24.7,0.2,2400.0,1300.0,1.8,29.4,1.3
lid_p2,28,Al6061_lid28_p2,482AB6CD-5B14-41D0-846D-4AF4A2EB712A,16,523,2025-07-31 12:25:43.443716,20,0.000668021023912,582,1,27,30.0005,AUTO,21,ARMED,100,25.4,5,2754777.068,28,000473_A_A_PROGRAM_2.NC,31,100,0,0,100,10000.0,765086.314,7,342.325379633519,8,225.641224363193,32,-378.035785620323,1039.6666666666667,8.883333333333335,UNAVAILABLE,53.289,59.96,7606F116-3463-4EEF-96CC-1AC408FAA001,0.88,482AB6CD-5B14-41D0-846D-4AF4A2EB712A,1.745,3900.0,1100.0,3.5,35.7,0.5,133.20000000000002,400.0,100.0,3.9,23.4,0.4,600.0,100.0,3.8,23.0,0.1,3800.0,1600.0,2.5,25.7,0.6,1000.0,300.0,3.4,24.7,0.2,2400.0,1300.0,1.8,29.4,1.3
lid_p2,28,Al6061_lid28_p2,482AB6CD-5B14-41D0-846D-4AF4A2EB712A,16,524,2025-07-31 12:25:44.443867,20,0.000668021023912,584,1,27,30.0005,AUTO,21,ARMED,100,22.95,5,2754777.068,28,000473_A_A_PROGRAM_2.NC,32,100,0,0,100,10000.0,765086.314,6,329.483226949186,8,245.917273565049,32,-378.035751287742,1036.3333333333333,8.840000000000002,UNAVAILABLE,53.28933333333333,59.96,7606F116-3463-4EEF-96CC-1AC408FAA001,0.8833333333333334,482AB6CD-5B14-41D0-846D-4AF4A2EB712A,1.745,3400.0,1100.0,3.1,35.7,0.5,133.16666666666666,300.0,100.0,3.2,23.4,0.1,600.0,200.0,3.8,23.0,0.1,4000.0,1600.0,2.5,25.7,0.6,1000.0,300.0,3.7,24.7,0.2,2400.0,1400.0,1.8,29.4,1.3
lid_p2,28,Al6061_lid28_p2,482AB6CD-5B14-41D0-846D-4AF4A2EB712A,16,525,2025-07-31 12:25:45.444130,20,0.000167897837986,585,1,27,30.0005,AUTO,21,ARMED,100,25.38333,5,2754777.068,28,000473_A_A_PROGRAM_2.NC,33,100,0,1,100,10000.0,765086.314,3,331.418682421939,12,270.036829101774,31,-378.035762731936,1043.0,8.913333333333332,UNAVAILABLE,53.28933333333333,59.96,7606F116-3463-4EEF-96CC-1AC408FAA001,0.8766666666666666,482AB6CD-5B14-41D0-846D-4AF4A2EB712A,1.745,3500.0,1100.0,3.2,35.7,0.5,133.16666666666666,400.0,100.0,4.2,23.4,0.5,600.0,200.0,3.8,23.0,0.1,4100.0,1600.0,2.6,25.7,0.6,1000.0,300.0,3.8,24.7,0.2,2500.0,1400.0,1.8,29.4,1.3
lid_p2,28,Al6061_lid28_p2,482AB6CD-5B14-41D0-846D-4AF4A2EB712A,16,526,2025-07-31 12:25:46.444300,20,0.000167897837986,586,1,27,30.0005,AUTO,21,ARMED,100,25.4,5,2754777.068,28,000473_A_A_PROGRAM_2.NC,34,100,0,0,100,10000.0,765086.314,8,350.048630834577,6,283.79396467851,31,-378.035911506453,1037.3333333333333,8.85,UNAVAILABLE,53.28933333333333,59.96,7606F116-3463-4EEF-96CC-1AC408FAA001,0.8733333333333334,482AB6CD-5B14-41D0-846D-4AF4A2EB712A,1.745,5000.0,1100.0,4.5,35.8,0.5,133.16666666666666,400.0,100.0,3.7,23.4,0.5,600.0,200.0,3.4,23.0,0.1,3900.0,1500.0,2.5,25.7,0.6,1000.0,300.0,3.7,24.7,0.2,2600.0,1400.0,1.8,29.4,1.3
lid_p2,28,Al6061_lid28_p2,482AB6CD-5B14-41D0-846D-4AF4A2EB712A,16,527,2025-07-31 12:25:47.444513,20,0.000668021023912,588,1,27,30.0005,AUTO,21,ARMED,100,25.4,5,2754777.068,28,000473_A_A_PROGRAM_2.NC,35,100,0,0,100,10000.0,765086.314,9,375.753732098028,7,286.150109395266,31,-378.035842841291,1038.3333333333333,8.860000000000001,UNAVAILABLE,53.28966666666667,59.96,7606F116-3463-4EEF-96CC-1AC408FAA001,0.8733333333333334,482AB6CD-5B14-41D0-846D-4AF4A2EB712A,1.745,3800.0,1100.0,3.4,35.8,0.6,133.16666666666666,400.0,100.0,3.7,23.4,0.2,500.0,100.0,3.2,23.0,0.1,4200.0,1500.0,2.8,25.7,0.6,1100.0,300.0,4.2,24.7,0.2,2400.0,1300.0,1.8,29.5,1.3
lid_p2,29,Al6061_lid29_p2,482AB6CD-5B14-41D0-846D-4AF4A2EB712A,16,510,2025-07-31 12:35:32.771754,20,0.000167897837986,567,1,27,30.0005,AUTO,21,ARMED,100,436.6333,5,2755498.023,29,000473_A_A_PROGRAM_2.NC,17,100,0,12,100,579.635006221481,765446.773,37,174.165122234176,23,401.322446573589,36,-275.831306840278,-3263.0,27.993333333333336,UNAVAILABLE,53.46866666666667,60.01,7606F116-3463-4EEF-96CC-1AC408FAA001,0.8566666666666666,482AB6CD-5B14-41D0-846D-4AF4A2EB712A,1.7576666666666665,8300.0,2000.0,4.2,36.2,0.1,135.53333333333333,2600.0,700.0,3.9,23.5,0.3,4500.0,900.0,4.8,23.1,0.1,22400.0,7400.0,3.0,25.7,0.3,2200.0,500.0,4.2,24.8,0.0,1600.0,800.0,2.1,29.7,0.1
lid_p2,29,Al6061_lid29_p2,482AB6CD-5B14-41D0-846D-4AF4A2EB712A,16,511,2025-07-31 12:35:33.772084,20,0.000668021023912,568,1,27,30.0005,AUTO,21,ARMED,100,156.05,5,2755498.023,29,000473_A_A_PROGRAM_2.NC,18,100,0,22,100,4267.92238162228,765446.773,5,377.235398731975,7,289.152475668168,24,-366.665578709832,541.3333333333334,6.169999999999999,UNAVAILABLE,53.46866666666667,60.01,7606F116-3463-4EEF-96CC-1AC408FAA001,0.6366666666666667,482AB6CD-5B14-41D0-846D-4AF4A2EB712A,1.7576666666666665,7500.0,1800.0,4.2,36.2,0.2,133.56666666666666,300.0,100.0,5.2,23.5,0.1,1100.0,200.0,6.5,23.1,0.1,3000.0,1100.0,2.6,25.7,0.2,18200.0,3200.0,5.8,24.8,0.1,49900.0,8300.0,6.0,29.7,0.8
lid_p2,29,Al6061_lid29_p2,482AB6CD-5B14-41D0-846D-4AF4A2EB712A,16,512,2025-07-31 12:35:34.772373,20,0.000668021023912,570,1,27,30.0005,AUTO,21,ARMED,100,0.0,5,2755498.023,29,000473_A_A_PROGRAM_2.NC,19,100,0,13,100,6323.54034534549,765446.773,5,377.235387287971,6,289.152487112381,30,-375.036102253218,5490.666666666667,29.40333333333333,UNAVAILABLE,53.46866666666667,60.01,7606F116-3463-4EEF-96CC-1AC408FAA001,1.0,482AB6CD-5B14-41D0-846D-4AF4A2EB712A,1.7576666666666665,8700.0,2200.0,4.0,36.2,0.2,131.26666666666668,300.0,100.0,4.4,23.5,0.1,400.0,100.0,4.5,23.1,0.1,2900.0,1100.0,2.6,25.7,0.2,1100.0,300.0,3.8,24.8,0.1,500.0,100.0,3.9,29.7,0.1
lid_p2,29,Al6061_lid29_p2,482AB6CD-5B14-41D0-846D-4AF4A2EB712A,16,513,2025-07-31 12:35:35.772524,20,0.000668021023912,570,1,27,30.0005,AUTO,21,ARMED,100,0.0,5,2755498.023,29,000473_A_A_PROGRAM_2.NC,20,100,0,9,100,8191.84756322559,765446.773,5,377.235398731975,6,289.152498556593,30,-375.036136585799,5917.0,48.81,UNAVAILABLE,53.47233333333333,60.01,7606F116-3463-4EEF-96CC-1AC408FAA001,0.9233333333333332,482AB6CD-5B14-41D0-846D-4AF4A2EB712A,1.7576666666666665,10500.0,3100.0,3.3,36.2,0.2,130.66666666666666,300.0,100.0,3.3,23.5,0.1,400.0,100.0,3.7,23.1,0.1,3100.0,1200.0,2.7,25.7,0.3,1000.0,300.0,4.0,24.8,0.1,1000.0,300.0,3.5,29.7,0.3
lid_p2,29,Al6061_lid29_p2,482AB6CD-5B14-41D0-846D-4AF4A2EB712A,16,514,2025-07-31 12:35:36.772810,20,0.000668021023912,570,1,27,30.0005,AUTO,21,ARMED,100,0.0,5,2755498.023,29,000473_A_A_PROGRAM_2.NC,21,100,0,7,100,10000.0,765446.773,4,377.235410175979,6,289.152498556593,30,-375.101803368804,5121.666666666667,42.23333333333333,UNAVAILABLE,53.473333333333336,60.01,7606F116-3463-4EEF-96CC-1AC408FAA001,0.8833333333333333,482AB6CD-5B14-41D0-846D-4AF4A2EB712A,1.7576666666666665,6900.0,2100.0,3.3,36.2,0.5,131.1,400.0,100.0,3.6,23.5,0.5,500.0,100.0,3.7,23.1,0.1,3400.0,1300.0,2.7,25.7,0.5,2600.0,400.0,6.4,24.8,0.1,4700.0,1000.0,4.8,29.7,0.9
lid_p2,29,Al6061_lid29_p2,482AB6CD-5B14-41D0-846D-4AF4A2EB712A,16,515,2025-07-31 12:35:37.773164,20,0.000668021023912,572,1,27,30.0005,AUTO,21,ARMED,100,21.56667,5,2755498.023,29,000473_A_A_PROGRAM_2.NC,21,100,0,5,100,10000.0,765446.773,10,396.909836905623,6,287.984049291194,31,-378.035797064517,4589.333333333333,37.92,UNAVAILABLE,53.47433333333333,60.01,7606F116-3463-4EEF-96CC-1AC408FAA001,0.8833333333333333,482AB6CD-5B14-41D0-846D-4AF4A2EB712A,1.7576666666666665,6300.0,1400.0,4.6,36.2,0.5,131.36666666666665,400.0,100.0,3.9,23.5,0.5,500.0,100.0,3.4,23.1,0.1,4100.0,1700.0,2.4,25.7,0.7,1600.0,300.0,5.0,24.8,0.2,3000.0,1800.0,1.7,29.7,1.7
lid_p2,29,Al6061_lid29_p2,482AB6CD-5B14-41D0-846D-4AF4A2EB712A,16,516,2025-07-31 12:35:38.773521,20,0.000668021023912,574,1,27,30.0005,AUTO,21,ARMED,100,25.4,5,2755498.023,29,000473_A_A_PROGRAM_2.NC,23,100,0,1,100,10000.0,765446.773,7,421.380730283182,9,277.062339540195,31,-378.035865729678,4589.333333333333,37.92,UNAVAILABLE,53.47433333333333,60.01,7606F116-3463-4EEF-96CC-1AC408FAA001,0.8833333333333333,482AB6CD-5B14-41D0-846D-4AF4A2EB712A,1.7576666666666665,3600.0,1100.0,3.3,36.2,0.5,131.36666666666665,400.0,100.0,3.6,23.5,0.5,500.0,200.0,3.3,23.1,0.1,4100.0,1500.0,2.7,25.7,0.6,1000.0,300.0,3.8,24.8,0.2,3100.0,1800.0,1.8,29.7,1.7
lid_p2,29,Al6061_lid29_p2,482AB6CD-5B14-41D0-846D-4AF4A2EB712A,16,517,2025-07-31 12:35:39.773813,20,0.000668021023912,576,1,27,30.0005,AUTO,21,ARMED,100,25.4,5,2755498.023,29,000473_A_A_PROGRAM_2.NC,24,100,0,0,100,10000.0,765446.773,6,431.537532279405,9,258.067525200835,31,-378.03580850871,1048.6666666666667,8.923333333333334,UNAVAILABLE,53.47466666666667,60.0,7606F116-3463-4EEF-96CC-1AC408FAA001,0.8733333333333334,482AB6CD-5B14-41D0-846D-4AF4A2EB712A,1.7576666666666665,3500.0,1100.0,3.1,36.2,0.5,133.23333333333335,400.0,100.0,4.0,23.5,0.1,600.0,200.0,3.4,23.1,0.1,4400.0,1600.0,2.8,25.7,0.6,1000.0,300.0,3.7,24.8,0.2,3100.0,1800.0,1.7,29.7,1.7
lid_p2,29,Al6061_lid29_p2,482AB6CD-5B14-41D0-846D-4AF4A2EB712A,16,518,2025-07-31 12:35:40.774085,20,0.000668021023912,577,1,27,30.0005,AUTO,21,ARMED,100,25.38333,5,2755498.023,29,000473_A_A_PROGRAM_2.NC,25,100,0,0,100,10000.0,765446.773,9,426.879193418317,8,232.334173466132,31,-378.035762731936,1052.0,8.966666666666667,UNAVAILABLE,53.476,60.0,7606F116-3463-4EEF-96CC-1AC408FAA001,0.8766666666666666,482AB6CD-5B14-41D0-846D-4AF4A2EB712A,1.7576666666666665,3400.0,1100.0,3.1,36.2,0.5,133.23333333333335,400.0,100.0,3.5,23.5,0.5,600.0,200.0,3.5,23.1,0.1,4300.0,1500.0,2.9,25.7,0.6,1100.0,300.0,3.9,24.8,0.2,3000.0,1800.0,1.7,29.7,1.7
lid_p2,29,Al6061_lid29_p2,482AB6CD-5B14-41D0-846D-4AF4A2EB712A,16,519,2025-07-31 12:35:41.774399,20,0.000668021023912,578,1,27,30.0005,AUTO,21,ARMED,100,25.4,5,2755498.023,29,000473_A_A_PROGRAM_2.NC,26,100,0,0,100,10000.0,765446.773,9,405.903035598431,7,219.825578408919,31,-378.035705510968,1039.6666666666667,8.85,UNAVAILABLE,53.476,60.0,7606F116-3463-4EEF-96CC-1AC408FAA001,0.8666666666666667,482AB6CD-5B14-41D0-846D-4AF4A2EB712A,1.7576666666666665,3700.0,1100.0,3.3,36.2,0.5,133.26666666666668,400.0,100.0,3.8,23.4,0.5,600.0,200.0,3.6,23.1,0.1,3800.0,1500.0,2.5,25.7,0.6,1100.0,300.0,4.0,24.8,0.2,3100.0,1800.0,1.7,29.7,1.7
lid_p2,29,Al6061_lid29_p2,482AB6CD-5B14-41D0-846D-4AF4A2EB712A,16,520,2025-07-31 12:35:42.774685,20,0.000668021023912,580,1,27,30.0005,AUTO,21,ARMED,100,25.4,5,2755498.023,29,000473_A_A_PROGRAM_2.NC,27,100,0,0,100,10000.0,765446.773,8,383.882397536644,6,218.977360206117,31,-378.035728399355,1045.0,8.906666666666666,UNAVAILABLE,53.476,60.0,7606F116-3463-4EEF-96CC-1AC408FAA001,0.8700000000000001,482AB6CD-5B14-41D0-846D-4AF4A2EB712A,1.7576666666666665,3500.0,1100.0,3.2,36.2,0.5,133.23333333333335,500.0,100.0,3.8,23.4,0.1,600.0,200.0,3.8,23.1,0.1,2800.0,1500.0,1.8,25.7,0.6,1100.0,300.0,4.0,24.8,0.2,3100.0,1800.0,1.7,29.7,1.7
lid_p2,29,Al6061_lid29_p2,482AB6CD-5B14-41D0-846D-4AF4A2EB712A,16,521,2025-07-31 12:35:43.774915,20,0.000668021023912,581,1,27,30.0005,AUTO,21,ARMED,100,25.38333,5,2755498.023,29,000473_A_A_PROGRAM_2.NC,28,100,0,0,100,10000.0,765446.773,6,357.656469628786,10,218.811991480143,31,-378.03580850871,1034.6666666666667,8.836666666666668,UNAVAILABLE,53.47666666666667,60.0,7606F116-3463-4EEF-96CC-1AC408FAA001,0.8733333333333334,482AB6CD-5B14-41D0-846D-4AF4A2EB712A,1.7576666666666665,3500.0,1100.0,3.2,36.2,0.5,133.3,500.0,100.0,4.4,23.4,0.5,500.0,200.0,3.4,23.1,0.1,3600.0,1500.0,2.4,25.7,0.6,1000.0,300.0,3.9,24.8,0.2,3100.0,1800.0,1.7,29.7,1.8
lid_p2,29,Al6061_lid29_p2,482AB6CD-5B14-41D0-846D-4AF4A2EB712A,16,522,2025-07-31 12:35:44.775149,20,0.000668021023912,582,1,27,30.0005,AUTO,21,ARMED,100,25.4,5,2755498.023,29,000473_A_A_PROGRAM_2.NC,29,100,0,0,100,10000.0,765446.773,6,337.473822248609,9,230.059186435135,32,-378.035831397097,1045.6666666666667,8.913333333333334,UNAVAILABLE,53.47733333333334,60.0,7606F116-3463-4EEF-96CC-1AC408FAA001,0.8833333333333334,482AB6CD-5B14-41D0-846D-4AF4A2EB712A,1.7576666666666665,3700.0,1100.0,3.4,36.2,0.5,133.33333333333334,400.0,100.0,3.7,23.4,0.5,600.0,200.0,3.7,23.1,0.1,4000.0,1600.0,2.5,25.7,0.6,1000.0,300.0,3.7,24.8,0.2,3200.0,1900.0,1.7,29.7,1.8
lid_p2,29,Al6061_lid29_p2,482AB6CD-5B14-41D0-846D-4AF4A2EB712A,16,523,2025-07-31 12:35:45.775485,20,0.000668021023912,584,1,27,30.0005,AUTO,21,ARMED,100,25.4,5,2755498.023,29,000473_A_A_PROGRAM_2.NC,30,100,0,1,100,10000.0,765446.773,5,328.849424051764,8,251.137469190181,31,-378.035728399355,1040.0,8.87,UNAVAILABLE,53.47733333333334,60.0,7606F116-3463-4EEF-96CC-1AC408FAA001,0.8833333333333334,482AB6CD-5B14-41D0-846D-4AF4A2EB712A,1.7576666666666665,3700.0,1100.0,3.4,36.2,0.5,133.23333333333335,300.0,100.0,3.7,23.4,0.1,600.0,200.0,3.8,23.1,0.1,4000.0,1600.0,2.5,25.7,0.6,1000.0,300.0,3.8,24.8,0.2,3200.0,1800.0,1.7,29.7,1.8
lid_p2,29,Al6061_lid29_p2,482AB6CD-5B14-41D0-846D-4AF4A2EB712A,16,524,2025-07-31 12:35:46.775636,20,0.000167897837986,585,1,27,30.0005,AUTO,21,ARMED,100,25.38333,5,2755498.023,29,000473_A_A_PROGRAM_2.NC,31,100,0,0,100,10000.0,765446.773,10,336.447167930801,7,273.92707375021,32,-378.035705510968,1045.3333333333333,8.909999999999998,UNAVAILABLE,53.47733333333334,60.0,7606F116-3463-4EEF-96CC-1AC408FAA001,0.8733333333333334,482AB6CD-5B14-41D0-846D-4AF4A2EB712A,1.7576666666666665,3600.0,1100.0,3.3,36.2,0.5,133.26666666666668,400.0,100.0,3.8,23.4,0.5,600.0,200.0,3.5,23.1,0.1,4000.0,1500.0,2.7,25.7,0.6,1000.0,300.0,3.8,24.8,0.2,3100.0,1800.0,1.7,29.7,1.8
lid_p2,29,Al6061_lid29_p2,482AB6CD-5B14-41D0-846D-4AF4A2EB712A,16,525,2025-07-31 12:35:47.775973,20,0.000668021023912,586,1,27,30.0005,AUTO,21,ARMED,100,25.4,5,2755498.023,29,000473_A_A_PROGRAM_2.NC,31,100,0,0,100,10000.0,765446.773,8,357.477886688019,7,286.153076695954,31,-378.035797064517,1026.0,8.736666666666666,UNAVAILABLE,53.478,59.99,7606F116-3463-4EEF-96CC-1AC408FAA001,0.8700000000000001,482AB6CD-5B14-41D0-846D-4AF4A2EB712A,1.7576666666666665,3500.0,1100.0,3.1,36.2,0.5,133.13333333333333,400.0,100.0,3.6,23.4,0.6,500.0,100.0,3.3,23.1,0.1,3700.0,1500.0,2.5,25.7,0.6,1000.0,300.0,3.8,24.8,0.2,3100.0,1800.0,1.7,29.7,1.7
lid_p2,29,Al6061_lid29_p2,482AB6CD-5B14-41D0-846D-4AF4A2EB712A,16,526,2025-07-31 12:35:48.776304,20,0.000668021023912,589,1,27,30.0005,AUTO,21,ARMED,100,25.4,5,2755498.023,29,000473_A_A_PROGRAM_2.NC,33,100,0,0,100,10000.0,765446.773,8,382.213359878095,2,286.733207220783,32,-378.035854285485,1026.0,8.733333333333333,UNAVAILABLE,53.478,59.99,7606F116-3463-4EEF-96CC-1AC408FAA001,0.8633333333333333,482AB6CD-5B14-41D0-846D-4AF4A2EB712A,1.7576666666666665,3500.0,1100.0,3.2,36.2,0.5,133.23333333333335,400.0,100.0,3.8,23.4,0.6,500.0,100.0,3.4,23.1,0.1,4800.0,1700.0,2.9,25.7,0.6,1800.0,300.0,6.6,24.8,0.2,6100.0,1900.0,3.2,29.7,1.7
lid_p2,30,Al6061_lid30_p2,482AB6CD-5B14-41D0-846D-4AF4A2EB712A,16,522,2025-07-31 12:45:43.343464,20,0.000167897837986,29,1,27,30.0005,AUTO,21,ARMED,100,0.0,5,2755858.422,30,O9735.FNC,13,100,0,0,100,0.0,766167.463000001,5,75.6053960988366,5,455.76380846048,36,-275.831295397348,-3251.0,26.75333333333333,UNAVAILABLE,53.658,60.01,7606F116-3463-4EEF-96CC-1AC408FAA001,0.86,482AB6CD-5B14-41D0-846D-4AF4A2EB712A,1.771,2600.0,600.0,4.5,36.7,0.0,135.43333333333334,1900.0,300.0,6.3,23.5,0.2,1800.0,200.0,8.8,23.1,0.0,16400.0,2300.0,7.1,25.7,0.1,200.0,0.0,4.6,24.9,0.0,1400.0,800.0,1.8,29.9,0.0
lid_p2,30,Al6061_lid30_p2,482AB6CD-5B14-41D0-846D-4AF4A2EB712A,16,523,2025-07-31 12:45:44.343802,20,0.000167897837986,567,1,27,30.0005,AUTO,21,ARMED,100,293.3167,5,2755858.422,30,000473_A_A_PROGRAM_2.NC,14,100,0,33,100,2205.42811992821,766167.463000001,14,375.814499758943,14,289.938269634184,36,-275.831295397348,551.0,6.086666666666667,UNAVAILABLE,53.658,60.0,7606F116-3463-4EEF-96CC-1AC408FAA001,0.6866666666666665,482AB6CD-5B14-41D0-846D-4AF4A2EB712A,1.771,7800.0,2100.0,3.7,36.7,0.1,133.46666666666667,400.0,100.0,4.7,23.5,0.2,2800.0,400.0,7.9,23.1,0.1,9500.0,1300.0,7.5,25.7,0.1,7900.0,800.0,10.3,24.9,0.0,38800.0,4300.0,9.0,29.9,0.4
lid_p2,30,Al6061_lid30_p2,482AB6CD-5B14-41D0-846D-4AF4A2EB712A,16,524,2025-07-31 12:45:45.344125,20,0.000167897837986,570,1,27,30.0005,AUTO,21,ARMED,100,0.0,5,2755858.422,30,000473_A_A_PROGRAM_2.NC,15,100,0,16,100,5408.59131833324,766167.463000001,5,377.235398731975,6,289.152498556593,28,-375.03617091838,5624.0,47.74333333333334,UNAVAILABLE,53.65866666666667,60.0,7606F116-3463-4EEF-96CC-1AC408FAA001,0.9566666666666668,482AB6CD-5B14-41D0-846D-4AF4A2EB712A,1.771,7000.0,2100.0,3.4,36.7,0.3,130.70000000000002,200.0,100.0,4.3,23.5,0.1,300.0,100.0,3.9,23.1,0.1,2900.0,1100.0,2.7,25.7,0.2,1100.0,300.0,4.0,24.9,0.1,500.0,100.0,4.1,29.9,0.2
lid_p2,30,Al6061_lid30_p2,482AB6CD-5B14-41D0-846D-4AF4A2EB712A,16,525,2025-07-31 12:45:46.344437,20,0.000167897837986,570,1,27,30.0005,AUTO,21,ARMED,100,0.0,5,2755858.422,30,000473_A_A_PROGRAM_2.NC,16,100,0,11,100,7391.25748794107,766167.463000001,5,377.235398731975,6,289.152510000806,30,-375.036102253218,5944.333333333333,49.083333333333336,UNAVAILABLE,53.66033333333333,60.0,7606F116-3463-4EEF-96CC-1AC408FAA001,0.9266666666666667,482AB6CD-5B14-41D0-846D-4AF4A2EB712A,1.771,9800.0,2500.0,3.9,36.7,0.2,130.46666666666667,300.0,100.0,3.0,23.5,0.1,400.0,100.0,3.6,23.1,0.1,3700.0,1200.0,3.1,25.7,0.3,1100.0,300.0,3.9,24.9,0.1,600.0,100.0,3.9,29.9,0.1
lid_p2,30,Al6061_lid30_p2,482AB6CD-5B14-41D0-846D-4AF4A2EB712A,16,526,2025-07-31 12:45:47.344641,20,0.000167897837986,570,1,27,30.0005,AUTO,21,ARMED,100,0.0,5,2755858.422,30,000473_A_A_PROGRAM_2.NC,17,100,0,7,100,8748.47310423632,766167.463000001,5,377.235398731975,6,289.152498556593,31,-375.036136585799,5603.333333333333,46.25,UNAVAILABLE,53.66166666666667,60.0,7606F116-3463-4EEF-96CC-1AC408FAA001,0.8866666666666667,482AB6CD-5B14-41D0-846D-4AF4A2EB712A,1.771,7400.0,2000.0,3.6,36.7,0.3,130.70000000000002,400.0,100.0,3.5,23.5,0.1,400.0,100.0,3.6,23.1,0.1,3500.0,1200.0,2.8,25.7,0.3,1300.0,300.0,4.3,24.9,0.1,1200.0,400.0,2.7,29.9,0.5
lid_p2,30,Al6061_lid30_p2,482AB6CD-5B14-41D0-846D-4AF4A2EB712A,16,527,2025-07-31 12:45:48.344999,20,0.000668021023912,572,1,27,30.0005,AUTO,21,ARMED,100,25.4,5,2755858.422,30,000473_A_A_PROGRAM_2.NC,18,100,0,6,100,10000.0,766167.463000001,8,386.542568590474,8,286.150109395266,32,-378.035888618066,5104.666666666667,42.13666666666666,UNAVAILABLE,53.66299999999999,60.0,7606F116-3463-4EEF-96CC-1AC408FAA001,0.8866666666666667,482AB6CD-5B14-41D0-846D-4AF4A2EB712A,1.771,6500.0,2100.0,3.1,36.7,0.5,131.0,400.0,100.0,4.0,23.5,0.5,500.0,100.0,3.4,23.1,0.1,4500.0,2100.0,2.2,25.7,0.8,1500.0,500.0,3.1,24.9,0.2,2100.0,1000.0,2.2,29.9,0.9
lid_p2,30,Al6061_lid30_p2,482AB6CD-5B14-41D0-846D-4AF4A2EB712A,16,528,2025-07-31 12:45:49.345285,20,0.000668021023912,574,1,27,30.0005,AUTO,21,ARMED,100,24.96667,5,2755858.422,30,000473_A_A_PROGRAM_2.NC,19,100,0,0,100,10000.0,766167.463000001,10,410.920038377327,9,283.730745642072,30,-378.035728399355,4558.666666666667,37.71333333333334,UNAVAILABLE,53.66366666666666,60.0,7606F116-3463-4EEF-96CC-1AC408FAA001,0.6533333333333333,482AB6CD-5B14-41D0-846D-4AF4A2EB712A,1.771,4300.0,1100.0,3.9,36.7,0.5,131.29999999999998,400.0,100.0,3.5,23.5,0.1,600.0,200.0,3.5,23.1,0.1,3900.0,1500.0,2.6,25.7,0.6,1000.0,300.0,3.8,24.9,0.2,2400.0,1400.0,1.7,29.9,1.3
lid_p2,30,Al6061_lid30_p2,482AB6CD-5B14-41D0-846D-4AF4A2EB712A,16,529,2025-07-31 12:45:50.345595,20,0.000668021023912,575,1,27,30.0005,AUTO,21,ARMED,100,25.38333,5,2755858.422,30,000473_A_A_PROGRAM_2.NC,20,100,0,0,100,10000.0,766167.463000001,5,429.924145839031,9,268.655067988855,32,-378.035831397097,1042.3333333333333,8.906666666666668,UNAVAILABLE,53.664,60.0,7606F116-3463-4EEF-96CC-1AC408FAA001,0.8733333333333334,482AB6CD-5B14-41D0-846D-4AF4A2EB712A,1.771,3600.0,1100.0,3.3,36.7,0.5,133.16666666666666,400.0,100.0,3.3,23.5,0.4,700.0,200.0,3.7,23.1,0.1,4400.0,1600.0,2.8,25.7,0.6,1000.0,300.0,3.8,24.9,0.2,2500.0,1400.0,1.8,29.9,1.3
lid_p2,30,Al6061_lid30_p2,482AB6CD-5B14-41D0-846D-4AF4A2EB712A,16,530,2025-07-31 12:45:51.345914,20,0.000668021023912,576,1,27,30.0005,AUTO,21,ARMED,100,25.4,5,2755858.422,30,000473_A_A_PROGRAM_2.NC,21,100,0,0,100,10000.0,766167.463000001,8,430.661999267108,8,243.207279055972,32,-378.035842841291,1050.6666666666667,8.976666666666667,UNAVAILABLE,53.664,60.0,7606F116-3463-4EEF-96CC-1AC408FAA001,0.8733333333333334,482AB6CD-5B14-41D0-846D-4AF4A2EB712A,1.771,3900.0,1100.0,3.5,36.7,0.5,133.13333333333333,400.0,100.0,3.5,23.5,0.5,600.0,200.0,3.6,23.1,0.1,4400.0,1600.0,2.7,25.7,0.6,1100.0,300.0,4.0,24.9,0.2,2500.0,1400.0,1.8,29.9,1.4
lid_p2,30,Al6061_lid30_p2,482AB6CD-5B14-41D0-846D-4AF4A2EB712A,16,531,2025-07-31 12:45:52.346231,20,0.000668021023912,578,1,27,30.0005,AUTO,21,ARMED,100,25.4,5,2755858.422,30,000473_A_A_PROGRAM_2.NC,22,100,0,1,100,10000.0,766167.463000001,8,417.271035504076,7,224.776793981521,31,-378.035877173872,1038.6666666666667,8.88,UNAVAILABLE,53.66433333333333,60.0,7606F116-3463-4EEF-96CC-1AC408FAA001,0.8733333333333334,482AB6CD-5B14-41D0-846D-4AF4A2EB712A,1.771,3500.0,1100.0,3.2,36.7,0.5,133.16666666666666,400.0,100.0,3.4,23.5,0.1,500.0,200.0,3.3,23.1,0.1,4100.0,1500.0,2.6,25.7,0.6,900.0,300.0,3.6,24.9,0.2,2600.0,1400.0,1.8,29.9,1.4
lid_p2,30,Al6061_lid30_p2,482AB6CD-5B14-41D0-846D-4AF4A2EB712A,16,532,2025-07-31 12:45:53.346547,20,0.000668021023912,579,1,27,30.0005,AUTO,21,ARMED,100,25.38333,5,2755858.422,30,000473_A_A_PROGRAM_2.NC,23,100,0,0,100,10000.0,766167.463000001,9,393.516721394366,5,218.890138530844,32,-378.035797064517,1028.3333333333333,8.756666666666668,UNAVAILABLE,53.66433333333333,60.0,7606F116-3463-4EEF-96CC-1AC408FAA001,0.88,482AB6CD-5B14-41D0-846D-4AF4A2EB712A,1.771,3600.0,1100.0,3.3,36.7,0.6,133.16666666666666,400.0,100.0,3.7,23.5,0.5,500.0,200.0,3.4,23.1,0.1,3800.0,1500.0,2.5,25.7,0.6,1000.0,300.0,3.7,24.9,0.2,2600.0,1400.0,1.8,29.9,1.4
lid_p2,30,Al6061_lid30_p2,482AB6CD-5B14-41D0-846D-4AF4A2EB712A,16,533,2025-07-31 12:45:54.346868,20,0.000668021023912,580,1,27,30.0005,AUTO,21,ARMED,100,25.4,5,2755858.422,30,000473_A_A_PROGRAM_2.NC,24,100,0,1,100,10000.0,766167.463000001,9,371.493140066152,4,218.977302989064,32,-378.035785620323,1042.0,8.896666666666667,UNAVAILABLE,53.665,60.0,7606F116-3463-4EEF-96CC-1AC408FAA001,0.8766666666666666,482AB6CD-5B14-41D0-846D-4AF4A2EB712A,1.771,3500.0,1100.0,3.2,36.7,0.5,133.06666666666663,400.0,100.0,3.4,23.5,0.5,500.0,200.0,3.5,23.1,0.1,3900.0,1500.0,2.5,25.7,0.6,1000.0,300.0,3.7,24.9,0.2,2500.0,1400.0,1.8,29.9,1.4
lid_p2,30,Al6061_lid30_p2,482AB6CD-5B14-41D0-846D-4AF4A2EB712A,16,534,2025-07-31 12:45:55.347140,20,0.000668021023912,582,1,27,30.0005,AUTO,21,ARMED,100,25.4,5,2755858.422,30,000473_A_A_PROGRAM_2.NC,25,100,0,1,100,10000.0,766167.463000001,8,347.344131473826,7,222.544042408842,31,-378.035797064517,1039.6666666666667,8.86,UNAVAILABLE,53.665333333333336,59.99,7606F116-3463-4EEF-96CC-1AC408FAA001,0.8700000000000001,482AB6CD-5B14-41D0-846D-4AF4A2EB712A,1.771,4000.0,1100.0,3.6,36.7,0.5,133.13333333333333,300.0,100.0,3.7,23.5,0.1,600.0,200.0,3.6,23.1,0.1,3800.0,1500.0,2.5,25.7,0.6,1000.0,300.0,3.7,24.9,0.2,2600.0,1500.0,1.8,29.9,1.4
lid_p2,30,Al6061_lid30_p2,482AB6CD-5B14-41D0-846D-4AF4A2EB712A,16,535,2025-07-31 12:45:56.347485,20,0.000668021023912,583,1,27,30.0005,AUTO,21,ARMED,100,25.38333,5,2755858.422,30,000473_A_A_PROGRAM_2.NC,26,100,0,0,100,10000.0,766167.463000001,3,330.700077215366,8,239.233495540423,32,-378.035888618066,1036.0,8.82,UNAVAILABLE,53.666,59.99,7606F116-3463-4EEF-96CC-1AC408FAA001,0.8766666666666666,482AB6CD-5B14-41D0-846D-4AF4A2EB712A,1.771,3500.0,1100.0,3.2,36.7,0.5,133.13333333333333,400.0,100.0,4.6,23.5,0.5,700.0,200.0,3.8,23.1,0.1,4100.0,1600.0,2.6,25.7,0.6,900.0,300.0,3.6,24.9,0.2,2700.0,1500.0,1.9,29.9,1.4
lid_p2,30,Al6061_lid30_p2,482AB6CD-5B14-41D0-846D-4AF4A2EB712A,16,536,2025-07-31 12:45:57.347806,20,0.000167897837986,584,1,27,30.0005,AUTO,21,ARMED,100,25.4,5,2755858.422,30,000473_A_A_PROGRAM_2.NC,27,100,0,1,100,10000.0,766167.463000001,8,330.960016996267,7,264.486607116795,31,-378.035819952904,1037.0,8.82,UNAVAILABLE,53.666,59.99,7606F116-3463-4EEF-96CC-1AC408FAA001,0.8833333333333334,482AB6CD-5B14-41D0-846D-4AF4A2EB712A,1.771,3500.0,1100.0,3.2,36.7,0.5,133.16666666666666,400.0,100.0,3.9,23.5,0.5,600.0,200.0,3.5,23.1,0.1,4100.0,1600.0,2.6,25.7,0.6,1000.0,300.0,3.7,24.9,0.2,2600.0,1500.0,1.8,29.9,1.4
lid_p2,30,Al6061_lid30_p2,482AB6CD-5B14-41D0-846D-4AF4A2EB712A,16,537,2025-07-31 12:45:58.348137,20,0.000167897837986,586,1,27,30.0005,AUTO,21,ARMED,100,25.4,5,2755858.422,30,000473_A_A_PROGRAM_2.NC,28,100,0,0,100,10000.0,766167.463000001,7,345.913684031049,7,281.82218237015,32,-378.035705510968,1036.6666666666667,8.863333333333333,UNAVAILABLE,53.66633333333333,59.99,7606F116-3463-4EEF-96CC-1AC408FAA001,0.8700000000000001,482AB6CD-5B14-41D0-846D-4AF4A2EB712A,1.771,3600.0,1100.0,3.2,36.7,0.5,133.13333333333333,400.0,100.0,3.9,23.5,0.4,600.0,200.0,3.4,23.1,0.1,3800.0,1500.0,2.5,25.7,0.6,1000.0,300.0,3.7,24.9,0.2,2600.0,1500.0,1.8,29.9,1.4
lid_p2,30,Al6061_lid30_p2,482AB6CD-5B14-41D0-846D-4AF4A2EB712A,16,538,2025-07-31 12:45:59.348435,20,0.000167897837986,588,1,27,30.0005,AUTO,21,ARMED,100,23.93333,5,2755858.422,30,000473_A_A_PROGRAM_2.NC,29,100,0,1,100,10000.0,766167.463000001,6,368.548278230123,3,286.150097951053,32,-378.035751287742,1043.6666666666667,8.94,UNAVAILABLE,53.66633333333333,59.99,7606F116-3463-4EEF-96CC-1AC408FAA001,0.8633333333333333,482AB6CD-5B14-41D0-846D-4AF4A2EB712A,1.771,3800.0,1100.0,3.4,36.7,0.6,133.20000000000002,400.0,100.0,3.4,23.5,0.2,500.0,100.0,3.2,23.1,0.1,3900.0,1500.0,2.7,25.7,0.6,900.0,300.0,3.6,24.9,0.2,2400.0,1400.0,1.8,29.9,1.3
