program,run,source_file,operation,segment_id,sample_index,Time,A_Axis_Load,A_Position,Block_Number,COR_Status,C_Axis_Load,C_Position,Controller_Mode,Current_Tool,EStop_State,Feed_Override,Feed_Rate,Machine_Mode,Machine_Time,Part_Count,Program_Name_Running,Program_Runtime_Seconds,Rapid_Override,Rapid_Speed,S_Axis_Load,Spindle_Override,Spindle_Speed,Spindle_Time,X_Axis_Load,X_Position,Y_Axis_Load,Y_Position,Z_Axis_Load,Z_Position,active power,current,featureId,forward kWh,frequency,partKindId,power factor,processKindId,reverse kWh,spindle motor a_peak,spindle motor a_rms,spindle motor crest,spindle motor temp,spindle motor v_rms,voltage,x-axis motor a_peak,x-axis motor a_rms,x-axis motor crest,x-axis motor temp,x-axis motor v_rms,y-axis bearing a_peak,y-axis bearing a_rms,y-axis bearing crest,y-axis bearing temp,y-axis bearing v_rms,y-axis motor a_peak,y-axis motor a_rms,y-axis motor crest,y-axis motor temp,y-axis motor v_rms,z-axis bearing a_peak,z-axis bearing a_rms,z-axis bearing crest,z-axis bearing temp,z-axis bearing v_rms,z-axis motor a_peak,z-axis motor a_rms,z-axis motor crest,z-axis motor temp,z-axis motor v_rms
lid_p2,01,Al6061_lid01_p2,E5EDCE94-46C8-449C-9FA0-71F22978959A,8,244,2025-07-10 15:26:05.071974,21,0.0001678978379824,253,1,8,30.0005,AUTO,7,ARMED,100,526.6,5,2581844.421,1,000473_A_A_PROGRAM_2.NC,45,100,0,12,100,1115.79675077776,687266.021999999,53,244.466044350627,32,336.124436567401,38,-99.8669982674121,691.3333333333334,6.636666666666667,NONE,14.326999999999998,59.97,7606F116-3463-4EEF-96CC-1AC408FAA001,0.6366666666666666,E5EDCE94-46C8-449C-9FA0-71F22978959A,0.2796666666666667,5700.0,1400.0,4.0,29.9,0.1,132.23333333333332,1600.0,300.0,5.1,23.2,0.3,4600.0,1100.0,4.1,22.7,0.1,28200.0,7400.0,3.8,25.3,0.3,3700.0,800.0,4.8,23.7,0.1,800.0,200.0,4.5,27.5,0.1
lid_p2,01,Al6061_lid01_p2,E5EDCE94-46C8-449C-9FA0-71F22978959A,8,245,2025-07-10 15:26:06.072189,21,0.0001678978379824,254,1,8,30.0005,AUTO,7,ARMED,100,529.8833,5,2581844.421,1,000473_A_A_PROGRAM_2.NC,46,100,0,19,100,4662.54400293089,687266.021999999,5,362.404393055578,5,252.563765217478,13,-310.266809710747,2758.6666666666665,24.976666666666663,NONE,14.326999999999998,59.97,7606F116-3463-4EEF-96CC-1AC408FAA001,0.9233333333333332,E5EDCE94-46C8-449C-9FA0-71F22978959A,0.2796666666666667,11500.0,2500.0,4.7,29.9,0.2,131.23333333333332,400.0,100.0,5.8,23.2,0.1,2000.0,300.0,6.9,22.7,0.1,2700.0,600.0,4.8,25.3,0.2,26900.0,5300.0,5.1,23.7,0.1,59400.0,12100.0,4.9,27.5,1.1
lid_p2,01,Al6061_lid01_p2,E5EDCE94-46C8-449C-9FA0-71F22978959A,8,246,2025-07-10 15:26:07.072378,21,0.0001678978379824,256,1,8,30.0005,AUTO,7,ARMED,100,0.0,5,2581844.421,1,000473_A_A_PROGRAM_2.NC,47,100,0,12,100,6772.89055967121,687266.021999999,5,362.404404499582,5,252.563788105528,29,-342.932089899196,5894.333333333333,49.09666666666667,NONE,14.328333333333331,59.97,7606F116-3463-4EEF-96CC-1AC408FAA001,0.9066666666666668,E5EDCE94-46C8-449C-9FA0-71F22978959A,0.2796666666666667,9500.0,2500.0,3.8,29.9,0.2,129.4333333333333,200.0,100.0,3.9,23.2,0.1,300.0,100.0,3.8,22.7,0.1,1900.0,600.0,2.9,25.3,0.2,1200.0,300.0,3.9,23.7,0.1,600.0,200.0,3.6,27.5,0.1
lid_p2,01,Al6061_lid01_p2,E5EDCE94-46C8-449C-9FA0-71F22978959A,8,247,2025-07-10 15:26:08.072730,21,0.0001678978379824,256,1,8,30.0005,AUTO,7,ARMED,100,0.0,5,2581844.421,1,000473_A_A_PROGRAM_2.NC,48,100,0,8,100,8378.82246552763,687266.021999999,5,362.404404499582,5,252.563799549553,29,-342.932124227474,5930.666666666667,49.34333333333333,NONE,14.330999999999998,59.97,7606F116-3463-4EEF-96CC-1AC408FAA001,0.9366666666666666,E5EDCE94-46C8-449C-9FA0-71F22978959A,0.2796666666666667,9700.0,2600.0,3.7,29.9,0.3,129.39999999999998,300.0,100.0,3.6,23.2,0.1,400.0,100.0,3.5,22.7,0.1,2200.0,700.0,3.2,25.3,0.3,1000.0,300.0,3.8,23.7,0.1,1000.0,400.0,2.8,27.5,0.4
lid_p2,01,Al6061_lid01_p2,E5EDCE94-46C8-449C-9FA0-71F22978959A,8,248,2025-07-10 15:26:09.073048,21,0.0001678978379824,256,1,8,30.0005,AUTO,7,ARMED,100,0.0,5,2581844.421,1,000473_A_A_PROGRAM_2.NC,49,100,0,6,100,9353.61516935406,687266.021999999,5,362.404381611574,5,252.563788105528,29,-342.932101341955,5677.666666666667,47.223333333333336,NONE,14.332,59.97,7606F116-3463-4EEF-96CC-1AC408FAA001,0.8833333333333333,E5EDCE94-46C8-449C-9FA0-71F22978959A,0.2796666666666667,8000.0,2200.0,3.7,29.9,0.5,129.5666666666667,400.0,100.0,3.1,23.2,0.1,400.0,100.0,3.4,22.7,0.1,2900.0,1200.0,2.4,25.3,0.5,1300.0,400.0,3.4,23.7,0.2,2200.0,1200.0,1.9,27.5,1.1
lid_p2,01,Al6061_lid01_p2,E5EDCE94-46C8-449C-9FA0-71F22978959A,8,249,2025-07-10 15:26:10.073262,21,0.0001678978379824,256,1,8,30.0005,AUTO,7,ARMED,100,0.0,5,2581844.421,1,000473_A_A_PROGRAM_2.NC,50,100,0,5,100,10290.6944479283,687266.021999999,5,362.404381611574,5,252.563799549553,30,-342.932032685398,4734.666666666667,39.41333333333333,NONE,14.333333333333334,59.97,7606F116-3463-4EEF-96CC-1AC408FAA001,0.8866666666666667,E5EDCE94-46C8-449C-9FA0-71F22978959A,0.2796666666666667,7200.0,2200.0,3.3,29.9,0.5,130.1,300.0,100.0,3.7,23.2,0.1,300.0,100.0,3.4,22.7,0.1,5600.0,2300.0,2.5,25.3,0.9,1700.0,600.0,2.8,23.7,0.2,2900.0,1600.0,1.9,27.5,1.5
lid_p2,01,Al6061_lid01_p2,E5EDCE94-46C8-449C-9FA0-71F22978959A,8,250,2025-07-10 15:26:11.073475,21,0.0001678978379824,256,1,8,30.0005,AUTO,7,ARMED,100,0.0,5,2581844.421,1,000473_A_A_PROGRAM_2.NC,51,100,0,4,100,12000.0,687266.021999999,5,362.75907706965,5,252.635612417618,30,-342.932055570917,3926.0,32.800000000000004,NONE,14.334666666666667,59.97,7606F116-3463-4EEF-96CC-1AC408FAA001,0.8866666666666667,E5EDCE94-46C8-449C-9FA0-71F22978959A,0.2796666666666667,7500.0,2100.0,3.5,29.9,0.5,130.53333333333333,400.0,100.0,4.4,23.1,0.2,400.0,100.0,4.0,22.7,0.1,5400.0,1100.0,4.9,25.3,0.4,1500.0,500.0,3.2,23.7,0.2,1400.0,600.0,2.3,27.5,0.5
lid_p2,01,Al6061_lid01_p2,E5EDCE94-46C8-449C-9FA0-71F22978959A,8,251,2025-07-10 15:26:12.073690,21,0.0001678978379824,259,1,8,30.0005,AUTO,7,ARMED,100,20.61667,5,2581844.421,1,000473_A_A_PROGRAM_2.NC,52,100,0,3,100,12000.0,687266.021999999,1,360.264798622172,9,253.256906930629,26,-344.120798084994,3728.3333333333335,31.41,NONE,14.335666666666668,59.97,7606F116-3463-4EEF-96CC-1AC408FAA001,0.9466666666666668,E5EDCE94-46C8-449C-9FA0-71F22978959A,0.2796666666666667,7200.0,2000.0,3.5,29.9,0.4,130.56666666666666,400.0,100.0,4.5,23.1,0.1,500.0,100.0,3.7,22.7,0.1,4100.0,1000.0,3.9,25.2,0.3,1500.0,400.0,3.4,23.7,0.2,3000.0,900.0,3.3,27.5,0.8
lid_p2,01,Al6061_lid01_p2,E5EDCE94-46C8-449C-9FA0-71F22978959A,8,252,2025-07-10 15:26:13.073882,21,0.0001678978379824,260,1,8,30.0005,AUTO,7,ARMED,100,20.61667,5,2581844.421,1,000473_A_A_PROGRAM_2.NC,53,100,0,2,100,12000.0,687266.021999999,9,364.545543304499,2,251.876098169628,26,-345.607063788994,3486.6666666666665,29.23333333333333,NONE,14.336666666666668,59.98,7606F116-3463-4EEF-96CC-1AC408FAA001,0.8866666666666667,E5EDCE94-46C8-449C-9FA0-71F22978959A,0.2796666666666667,8600.0,2300.0,3.7,29.9,0.4,130.73333333333332,500.0,100.0,3.6,23.1,0.1,700.0,200.0,3.6,22.7,0.1,4500.0,1400.0,3.3,25.2,0.5,2300.0,600.0,3.9,23.7,0.3,2600.0,800.0,3.2,27.5,0.7
lid_p2,01,Al6061_lid01_p2,E5EDCE94-46C8-449C-9FA0-71F22978959A,8,253,2025-07-10 15:26:14.074036,21,0.0001678978379824,262,1,8,30.0005,AUTO,7,ARMED,100,20.61667,5,2581844.421,1,000473_A_A_PROGRAM_2.NC,54,100,0,0,100,12000.0,687266.021999999,8,362.741233725437,3,254.787557605047,26,-346.870859362673,3147.0,26.52,NONE,14.336999999999998,59.98,7606F116-3463-4EEF-96CC-1AC408FAA001,0.8833333333333333,E5EDCE94-46C8-449C-9FA0-71F22978959A,0.2796666666666667,5100.0,1500.0,3.5,29.9,0.5,130.9333333333333,600.0,200.0,3.5,23.1,0.1,800.0,200.0,3.6,22.7,0.1,4600.0,1000.0,4.8,25.2,0.3,2800.0,700.0,4.0,23.7,0.3,3100.0,700.0,4.3,27.5,0.5
lid_p2,01,Al6061_lid01_p2,E5EDCE94-46C8-449C-9FA0-71F22978959A,8,254,2025-07-10 15:26:15.074338,21,0.0001678978379824,264,1,8,30.0005,AUTO,7,ARMED,100,20.61667,5,2581844.421,1,000473_A_A_PROGRAM_2.NC,55,100,0,0,100,12000.0,687266.021999999,1,362.091079115745,8,250.335052770402,31,-347.694612176775,1296.3333333333333,11.326666666666668,NONE,14.338,59.98,7606F116-3463-4EEF-96CC-1AC408FAA001,0.6433333333333332,E5EDCE94-46C8-449C-9FA0-71F22978959A,0.2796666666666667,5200.0,1400.0,3.6,29.9,0.5,131.9,600.0,200.0,3.7,23.1,0.4,700.0,200.0,3.0,22.7,0.2,4900.0,1000.0,4.7,25.2,0.4,2600.0,700.0,3.9,23.7,0.3,1500.0,700.0,2.2,27.5,0.5
lid_p2,01,Al6061_lid01_p2,E5EDCE94-46C8-449C-9FA0-71F22978959A,8,255,2025-07-10 15:26:16.074497,21,0.0001678978379824,269,1,8,30.0005,AUTO,7,ARMED,100,20.61667,5,2581844.421,1,000473_A_A_PROGRAM_2.NC,56,100,0,0,100,12000.0,687266.021999999,11,364.584464361895,3,252.011594925538,25,-348.398421985732,1191.3333333333333,10.29,NONE,14.338,59.98,7606F116-3463-4EEF-96CC-1AC408FAA001,0.8466666666666667,E5EDCE94-46C8-449C-9FA0-71F22978959A,0.2796666666666667,4800.0,1400.0,3.4,29.9,0.5,131.93333333333334,500.0,200.0,3.1,23.1,0.1,700.0,200.0,3.2,22.7,0.1,4700.0,1000.0,4.9,25.2,0.3,2500.0,700.0,3.6,23.7,0.3,2800.0,700.0,4.1,27.5,0.5
lid_p2,01,Al6061_lid01_p2,E5EDCE94-46C8-449C-9FA0-71F22978959A,8,256,2025-07-10 15:26:17.074674,21,0.0001678978379824,270,1,8,30.0005,AUTO,7,ARMED,100,20.61667,5,2581844.421,1,000473_A_A_PROGRAM_2.NC,57,100,0,0,100,12000.0,687266.021999999,7,360.224183314923,3,253.116385746245,28,-349.884229979352,1247.3333333333333,10.483333333333334,NONE,14.338333333333331,59.98,7606F116-3463-4EEF-96CC-1AC408FAA001,0.9166666666666666,E5EDCE94-46C8-449C-9FA0-71F22978959A,0.2796666666666667,5300.0,1500.0,3.6,29.9,0.5,131.9,600.0,200.0,3.2,23.1,0.1,700.0,200.0,3.3,22.7,0.1,3500.0,1000.0,3.5,25.2,0.3,3400.0,700.0,4.7,23.7,0.3,3000.0,700.0,4.4,27.5,0.5
lid_p2,01,Al6061_lid01_p2,E5EDCE94-46C8-449C-9FA0-71F22978959A,8,257,2025-07-10 15:26:18.074847,21,0.0001678978379824,272,1,8,30.0005,AUTO,7,ARMED,100,20.61667,5,2581844.421,1,000473_A_A_PROGRAM_2.NC,58,100,0,1,100,12000.0,687266.021999999,1,362.2025208261,10,250.324192390568,26,-351.147258888144,1279.6666666666667,11.083333333333334,NONE,14.338666666666668,59.98,7606F116-3463-4EEF-96CC-1AC408FAA001,0.8766666666666666,E5EDCE94-46C8-449C-9FA0-71F22978959A,0.2796666666666667,5200.0,1500.0,3.6,29.9,0.5,131.93333333333334,700.0,200.0,3.6,23.1,0.2,700.0,200.0,3.0,22.7,0.2,3700.0,1200.0,3.2,25.2,0.4,3800.0,800.0,4.9,23.7,0.3,2500.0,700.0,3.7,27.5,0.5
lid_p2,01,Al6061_lid01_p2,E5EDCE94-46C8-449C-9FA0-71F22978959A,8,258,2025-07-10 15:26:19.074972,21,0.0001678978379824,274,1,8,30.0005,AUTO,7,ARMED,100,20.61667,5,2581844.421,1,000473_A_A_PROGRAM_2.NC,0,100,0,0,100,12000.0,687266.021999999,6,360.703521760715,10,254.034231698735,31,-352.457191668152,1279.6666666666667,11.1,NONE,14.338666666666668,59.98,7606F116-3463-4EEF-96CC-1AC408FAA001,0.8733333333333334,E5EDCE94-46C8-449C-9FA0-71F22978959A,0.2796666666666667,7000.0,1500.0,4.7,29.9,0.5,131.9,700.0,200.0,4.3,23.1,0.2,700.0,200.0,3.0,22.7,0.2,4300.0,1000.0,4.2,25.2,0.4,4200.0,800.0,5.3,23.7,0.3,1600.0,600.0,2.4,27.5,0.5
lid_p2,01,Al6061_lid01_p2,E5EDCE94-46C8-449C-9FA0-71F22978959A,8,259,2025-07-10 15:26:20.075323,21,0.0001678978379824,279,1,8,30.001,AUTO,7,ARMED,100,37.21667,5,2581844.421,1,000473_A_A_PROGRAM_2.NC,0,100,0,0,100,12000.0,687266.021999999,3,363.923332810353,7,252.563696553327,87,-328.197569251445,1250.3333333333333,11.3,NONE,14.339,59.98,7606F116-3463-4EEF-96CC-1AC408FAA001,0.8366666666666666,E5EDCE94-46C8-449C-9FA0-71F22978959A,0.2796666666666667,4700.0,1400.0,3.5,29.9,0.5,131.86666666666667,600.0,200.0,4.0,23.1,0.1,800.0,200.0,3.6,22.7,0.2,2300.0,900.0,2.5,25.2,0.4,7400.0,1000.0,7.3,23.7,0.3,22500.0,3700.0,6.0,27.5,0.6
lid_p2,01,Al6061_lid01_p2,E5EDCE94-46C8-449C-9FA0-71F22978959A,8,260,2025-07-10 15:26:21.075520,21,0.0001678978379824,283,1,8,30.001,AUTO,7,ARMED,100,20.61667,5,2581844.421,1,000473_A_A_PROGRAM_2.NC,1,100,0,0,100,12000.0,687266.021999999,13,397.534809081629,9,250.490039202531,27,-343.364397353346,1242.0,10.956666666666663,NONE,14.339666666666666,59.98,7606F116-3463-4EEF-96CC-1AC408FAA001,0.9566666666666668,E5EDCE94-46C8-449C-9FA0-71F22978959A,0.2796666666666667,4900.0,1300.0,3.6,29.9,0.5,131.9,500.0,100.0,3.4,23.1,0.1,600.0,200.0,2.9,22.7,0.1,3300.0,1100.0,3.1,25.2,0.4,1900.0,500.0,3.6,23.7,0.3,3000.0,700.0,4.3,27.5,0.5
lid_p2,01,Al6061_lid01_p2,E5EDCE94-46C8-449C-9FA0-71F22978959A,8,261,2025-07-10 15:26:22.075672,21,0.0001678978379824,284,1,8,30.001,AUTO,7,ARMED,100,20.61667,5,2581844.421,1,000473_A_A_PROGRAM_2.NC,2,100,0,0,100,12000.0,687266.021999999,12,399.27270692551,5,254.639171431095,28,-344.850914798056,1133.3333333333333,9.716666666666669,NONE,14.339999999999998,59.98,7606F116-3463-4EEF-96CC-1AC408FAA001,0.88,E5EDCE94-46C8-449C-9FA0-71F22978959A,0.2796666666666667,29900.0,4500.0,6.6,29.9,0.5,131.93333333333337,500.0,200.0,3.3,23.1,0.1,3400.0,700.0,4.5,22.7,0.1,4400.0,1200.0,3.6,25.2,0.4,18300.0,3800.0,4.8,23.7,0.3,9000.0,2200.0,4.1,27.5,0.5
lid_p2,01,Al6061_lid01_p2,E5EDCE94-46C8-449C-9FA0-71F22978959A,8,262,2025-07-10 15:26:23.075818,21,0.0001678978379824,286,1,8,30.0005,AUTO,7,ARMED,100,20.61667,5,2581844.421,1,000473_A_A_PROGRAM_2.NC,3,100,0,0,100,12000.0,687266.021999999,5,396.220105330385,11,253.092696614257,27,-346.114081019961,1151.3333333333333,9.896666666666668,NONE,14.339999999999998,59.98,7606F116-3463-4EEF-96CC-1AC408FAA001,0.8833333333333333,E5EDCE94-46C8-449C-9FA0-71F22978959A,0.2796666666666667,5200.0,1400.0,3.8,29.9,0.4,131.9,600.0,200.0,3.5,23.1,0.1,700.0,200.0,3.2,22.7,0.1,3700.0,1100.0,3.5,25.2,0.4,2400.0,700.0,3.5,23.7,0.3,2900.0,700.0,4.1,27.5,0.5
lid_p2,01,Al6061_lid01_p2,E5EDCE94-46C8-449C-9FA0-71F22978959A,8,263,2025-07-10 15:26:24.075970,21,0.0001678978379824,287,1,8,30.0005,AUTO,7,ARMED,100,20.61667,5,2581844.421,1,000473_A_A_PROGRAM_2.NC,4,100,0,0,100,12000.0,687266.021999999,0,400.591458300718,11,252.034826210546,27,-347.600918861937,1270.3333333333333,10.993333333333334,NONE,14.341,59.98,7606F116-3463-4EEF-96CC-1AC408FAA001,0.8766666666666666,E5EDCE94-46C8-449C-9FA0-71F22978959A,0.2796666666666667,4900.0,1400.0,3.4,29.9,0.5,131.9,600.0,200.0,3.7,23.1,0.1,700.0,200.0,3.1,22.7,0.1,5200.0,1000.0,5.3,25.2,0.3,2500.0,700.0,3.6,23.7,0.3,2800.0,700.0,4.1,27.5,0.5
lid_p2,01,Al6061_lid01_p2,E5EDCE94-46C8-449C-9FA0-71F22978959A,8,264,2025-07-10 15:26:25.076277,21,0.0001678978379824,293,1,8,30.001,AUTO,7,ARMED,100,19.7,5,2581844.421,1,000473_A_A_PROGRAM_2.NC,5,100,0,0,100,12000.0,687266.021999999,4,398.837686992281,9,254.712506199157,31,-347.694646505054,1280.6666666666667,11.086666666666666,NONE,14.341333333333331,59.98,7606F116-3463-4EEF-96CC-1AC408FAA001,0.8566666666666668,E5EDCE94-46C8-449C-9FA0-71F22978959A,0.2796666666666667,4600.0,1400.0,3.3,29.9,0.5,131.86666666666667,600.0,200.0,3.4,23.1,0.4,700.0,200.0,3.3,22.7,0.2,5100.0,1100.0,4.5,25.2,0.4,2600.0,600.0,4.4,23.7,0.3,2100.0,700.0,3.1,27.5,0.5
lid_p2,01,Al6061_lid01_p2,E5EDCE94-46C8-449C-9FA0-71F22978959A,8,265,2025-07-10 15:26:26.076447,21,0.0001678978379824,295,1,8,30.0005,AUTO,7,ARMED,100,20.61667,5,2581844.421,1,000473_A_A_PROGRAM_2.NC,6,100,0,1,100,12000.0,687266.021999999,5,396.449495083653,11,253.672290710219,27,-349.000688746829,1187.0,10.0,NONE,14.341333333333331,59.98,7606F116-3463-4EEF-96CC-1AC408FAA001,0.8999999999999999,E5EDCE94-46C8-449C-9FA0-71F22978959A,0.2796666666666667,5100.0,1400.0,3.5,29.9,0.5,131.9,600.0,200.0,3.5,23.1,0.2,800.0,200.0,3.4,22.7,0.1,3100.0,900.0,3.5,25.2,0.3,2800.0,700.0,4.0,23.7,0.3,2400.0,700.0,3.6,27.5,0.5
lid_p2,01,Al6061_lid01_p2,E5EDCE94-46C8-449C-9FA0-71F22978959A,8,266,2025-07-10 15:26:27.076652,21,0.0001678978379824,296,1,8,30.001,AUTO,7,ARMED,100,20.61667,5,2581844.421,1,000473_A_A_PROGRAM_2.NC,7,100,0,0,100,12000.0,687266.021999999,3,400.65347826559,11,252.474298036596,28,-350.41232477333,1277.0,11.050000000000002,NONE,14.341333333333331,59.98,7606F116-3463-4EEF-96CC-1AC408FAA001,0.8766666666666666,E5EDCE94-46C8-449C-9FA0-71F22978959A,0.2796666666666667,5500.0,1500.0,3.6,29.9,0.5,131.9,500.0,200.0,3.1,23.1,0.1,700.0,200.0,3.0,22.7,0.1,6600.0,1100.0,6.1,25.2,0.4,3100.0,700.0,4.1,23.7,0.3,2700.0,700.0,4.0,27.5,0.5
lid_p2,01,Al6061_lid01_p2,E5EDCE94-46C8-449C-9FA0-71F22978959A,8,267,2025-07-10 15:26:28.076804,21,0.0001678978379824,298,1,8,30.0005,AUTO,7,ARMED,100,20.61667,5,2581844.421,1,000473_A_A_PROGRAM_2.NC,8,100,0,0,100,12000.0,687266.021999999,0,396.158234302786,8,252.649492409612,27,-351.898979531154,1280.3333333333333,11.093333333333334,NONE,14.342666666666666,59.98,7606F116-3463-4EEF-96CC-1AC408FAA001,0.8733333333333334,E5EDCE94-46C8-449C-9FA0-71F22978959A,0.2796666666666667,6100.0,1500.0,4.1,29.9,0.4,131.86666666666667,700.0,200.0,3.6,23.1,0.2,1000.0,200.0,4.0,22.7,0.2,4000.0,1000.0,3.9,25.2,0.4,3300.0,800.0,4.0,23.7,0.3,2900.0,700.0,4.3,27.5,0.5
lid_p2,01,Al6061_lid01_p2,E5EDCE94-46C8-449C-9FA0-71F22978959A,8,268,2025-07-10 15:26:29.076958,21,0.0001678978379824,300,1,8,30.001,AUTO,7,ARMED,100,20.61667,5,2581844.421,1,000473_A_A_PROGRAM_2.NC,9,100,0,0,100,12000.0,687266.021999999,9,400.387017881358,4,251.498286522704,31,-352.457111568835,1291.3333333333333,11.186666666666667,NONE,14.342666666666666,59.98,7606F116-3463-4EEF-96CC-1AC408FAA001,0.8833333333333333,E5EDCE94-46C8-449C-9FA0-71F22978959A,0.2796666666666667,5200.0,1400.0,3.6,29.9,0.5,131.9,700.0,200.0,4.4,23.1,0.5,700.0,200.0,3.4,22.7,0.1,6300.0,1100.0,5.8,25.2,0.4,2400.0,600.0,4.0,23.7,0.3,1400.0,600.0,2.2,27.5,0.5
lid_p2,02,Al6061_lid02_p2,E5EDCE94-46C8-449C-9FA0-71F22978959A,8,179,2025-07-10 15:35:59.335687,21,0.0001678978379824,4,1,8,30.0005,AUTO,7,ARMED,100,0.0,5,2582204.421,2,O9735.FNC,41,100,0,0,100,0.0,687986.487,5,75.607984818396,3,455.763863192174,35,-99.8670097108772,608.3333333333334,5.253333333333333,NONE,14.51,59.97,7606F116-3463-4EEF-96CC-1AC408FAA001,0.7466666666666666,E5EDCE94-46C8-449C-9FA0-71F22978959A,0.2933333333333334,4200.0,200.0,17.3,31.3,0.1,132.36666666666667,1600.0,300.0,5.5,22.9,0.3,4600.0,500.0,9.9,22.7,0.1,28600.0,5400.0,5.3,25.4,0.2,1600.0,200.0,9.7,24.0,0.1,400.0,100.0,3.4,28.1,0.1
lid_p2,02,Al6061_lid02_p2,E5EDCE94-46C8-449C-9FA0-71F22978959A,8,180,2025-07-10 15:36:00.335841,21,0.0001678978379824,254,1,8,30.0005,AUTO,7,ARMED,100,35.38333,5,2582204.421,2,000473_A_A_PROGRAM_2.NC,42,100,0,42,100,2387.37313805508,687986.487,83,362.39989556203,42,252.567701962117,35,-99.8670097108772,548.0,5.053333333333334,NONE,14.51,59.97,7606F116-3463-4EEF-96CC-1AC408FAA001,1.0,E5EDCE94-46C8-449C-9FA0-71F22978959A,0.2933333333333334,8900.0,2300.0,3.9,31.3,0.1,132.53333333333333,600.0,100.0,5.0,22.9,0.2,1800.0,300.0,6.3,22.7,0.0,2500.0,500.0,5.4,25.4,0.1,30400.0,3000.0,10.1,24.0,0.1,42300.0,7500.0,5.6,28.1,0.8
lid_p2,02,Al6061_lid02_p2,E5EDCE94-46C8-449C-9FA0-71F22978959A,8,181,2025-07-10 15:36:01.335993,21,0.0001678978379824,255,1,8,30.0005,AUTO,7,ARMED,100,44.0,5,2582204.421,2,000473_A_A_PROGRAM_2.NC,43,100,0,15,100,5508.24022673086,687986.487,6,362.404415943586,5,252.563799549553,10,-342.926013793898,5850.666666666667,49.66666666666666,NONE,14.511666666666663,59.97,7606F116-3463-4EEF-96CC-1AC408FAA001,1.0,E5EDCE94-46C8-449C-9FA0-71F22978959A,0.2933333333333334,7300.0,2300.0,3.1,31.3,0.3,129.5666666666667,200.0,100.0,3.7,22.9,0.1,400.0,100.0,4.6,22.7,0.1,1600.0,400.0,4.0,25.4,0.2,4700.0,600.0,7.6,24.0,0.1,12900.0,1800.0,7.2,28.1,0.2
lid_p2,02,Al6061_lid02_p2,E5EDCE94-46C8-449C-9FA0-71F22978959A,8,182,2025-07-10 15:36:02.336146,21,0.0001678978379824,256,1,8,30.0005,AUTO,7,ARMED,100,0.0,5,2582204.421,2,000473_A_A_PROGRAM_2.NC,44,100,0,11,100,7456.45987582116,687986.487,5,362.404393055578,5,252.563788105528,29,-342.932112784715,5882.666666666667,48.89666666666667,NONE,14.512333333333336,59.97,7606F116-3463-4EEF-96CC-1AC408FAA001,0.9266666666666667,E5EDCE94-46C8-449C-9FA0-71F22978959A,0.2933333333333334,10700.0,3100.0,3.4,31.3,0.2,129.5,300.0,100.0,3.1,22.9,0.1,400.0,100.0,3.7,22.7,0.1,2400.0,700.0,3.3,25.4,0.3,1000.0,300.0,3.9,24.0,0.1,600.0,200.0,3.6,28.1,0.1
lid_p2,02,Al6061_lid02_p2,E5EDCE94-46C8-449C-9FA0-71F22978959A,8,183,2025-07-10 15:36:03.336298,21,0.0001678978379824,256,1,8,30.0005,AUTO,7,ARMED,100,0.0,5,2582204.421,2,000473_A_A_PROGRAM_2.NC,45,100,0,7,100,8900.42492887631,687986.487,5,362.404415943586,5,252.563799549553,29,-342.932112784715,5516.0,45.85,NONE,14.514666666666663,59.97,7606F116-3463-4EEF-96CC-1AC408FAA001,0.8866666666666667,E5EDCE94-46C8-449C-9FA0-71F22978959A,0.2933333333333334,7500.0,2100.0,3.5,31.3,0.3,129.70000000000002,300.0,100.0,3.0,22.9,0.1,400.0,100.0,3.7,22.7,0.1,2100.0,700.0,3.1,25.4,0.3,1000.0,300.0,3.4,24.0,0.1,1400.0,600.0,2.5,28.1,0.6
lid_p2,02,Al6061_lid02_p2,E5EDCE94-46C8-449C-9FA0-71F22978959A,8,184,2025-07-10 15:36:04.336496,21,0.0001678978379824,256,1,8,30.0005,AUTO,7,ARMED,100,0.0,5,2582204.421,2,000473_A_A_PROGRAM_2.NC,46,100,0,6,100,9783.49387112414,687986.487,6,362.404415943586,5,252.563799549553,29,-342.932181441272,4624.333333333333,40.07,NONE,14.516,59.97,7606F116-3463-4EEF-96CC-1AC408FAA001,0.8866666666666667,E5EDCE94-46C8-449C-9FA0-71F22978959A,0.2933333333333334,6900.0,2200.0,3.2,31.3,0.5,130.26666666666668,400.0,100.0,3.1,22.9,0.1,400.0,100.0,3.8,22.7,0.1,4300.0,1900.0,2.2,25.4,0.8,1600.0,500.0,3.2,24.0,0.2,3700.0,2000.0,1.9,28.1,1.9
lid_p2,02,Al6061_lid02_p2,E5EDCE94-46C8-449C-9FA0-71F22978959A,8,185,2025-07-10 15:36:05.336650,21,0.0001678978379824,256,1,8,30.0005,AUTO,7,ARMED,100,0.0,5,2582204.421,2,000473_A_A_PROGRAM_2.NC,47,100,0,4,100,10571.8771698169,687986.487,6,362.40442738759,5,252.563799549553,30,-342.932124227474,3983.3333333333335,34.39,NONE,14.517,59.97,7606F116-3463-4EEF-96CC-1AC408FAA001,0.89,E5EDCE94-46C8-449C-9FA0-71F22978959A,0.2933333333333334,7000.0,2200.0,3.2,31.3,0.5,130.5666666666667,300.0,100.0,4.0,22.9,0.1,300.0,100.0,3.6,22.7,0.1,3000.0,900.0,3.3,25.4,0.4,1500.0,600.0,2.7,24.0,0.2,2900.0,900.0,3.1,28.1,0.8
lid_p2,02,Al6061_lid02_p2,E5EDCE94-46C8-449C-9FA0-71F22978959A,8,186,2025-07-10 15:36:06.336801,21,0.0001678978379824,258,1,8,30.0005,AUTO,7,ARMED,100,20.61667,5,2582204.421,2,000473_A_A_PROGRAM_2.NC,48,100,0,3,100,12000.0,687986.487,2,360.183899888179,10,252.919296745718,26,-343.154571472278,3729.6666666666665,31.2,NONE,14.518333333333333,59.97,7606F116-3463-4EEF-96CC-1AC408FAA001,0.89,E5EDCE94-46C8-449C-9FA0-71F22978959A,0.2933333333333334,7100.0,2100.0,3.4,31.3,0.5,130.76666666666668,400.0,100.0,4.0,22.9,0.1,500.0,100.0,3.7,22.7,0.1,4600.0,1500.0,3.1,25.4,0.5,1500.0,400.0,3.4,24.0,0.2,3300.0,600.0,5.7,28.1,0.5
lid_p2,02,Al6061_lid02_p2,E5EDCE94-46C8-449C-9FA0-71F22978959A,8,187,2025-07-10 15:36:07.336953,21,0.0001678978379824,259,1,8,30.0005,AUTO,7,ARMED,100,20.61667,5,2582204.421,2,000473_A_A_PROGRAM_2.NC,49,100,0,3,100,12000.0,687986.487,11,364.627608256744,4,252.224189793319,27,-344.641672497723,3524.333333333333,29.56,NONE,14.519333333333334,59.97,7606F116-3463-4EEF-96CC-1AC408FAA001,0.8666666666666667,E5EDCE94-46C8-449C-9FA0-71F22978959A,0.2933333333333334,7200.0,1900.0,3.7,31.3,0.5,130.83333333333331,500.0,100.0,4.2,22.9,0.1,600.0,200.0,3.9,22.7,0.1,4800.0,1200.0,4.0,25.4,0.4,1700.0,500.0,3.5,24.0,0.3,3600.0,800.0,4.5,28.1,0.7
lid_p2,02,Al6061_lid02_p2,E5EDCE94-46C8-449C-9FA0-71F22978959A,8,188,2025-07-10 15:36:08.337150,21,0.0001678978379824,261,1,8,30.0005,AUTO,7,ARMED,100,20.61667,5,2582204.421,2,000473_A_A_PROGRAM_2.NC,50,100,0,2,100,12000.0,687986.487,9,360.26612669565,8,251.857920636449,26,-346.201778328818,3164.0,26.66333333333333,NONE,14.52,59.97,7606F116-3463-4EEF-96CC-1AC408FAA001,0.8833333333333333,E5EDCE94-46C8-449C-9FA0-71F22978959A,0.2933333333333334,6800.0,1800.0,3.7,31.3,0.4,131.0,600.0,200.0,3.5,22.9,0.1,700.0,200.0,3.4,22.7,0.1,3900.0,1200.0,3.4,25.4,0.4,2300.0,700.0,3.4,24.0,0.3,2900.0,700.0,4.3,28.1,0.5
lid_p2,02,Al6061_lid02_p2,E5EDCE94-46C8-449C-9FA0-71F22978959A,8,189,2025-07-10 15:36:09.337302,21,0.0001678978379824,262,1,8,30.0005,AUTO,7,ARMED,100,20.61667,5,2582204.421,2,000473_A_A_PROGRAM_2.NC,51,100,0,0,100,12000.0,687986.487,8,364.542063119084,3,253.269677726563,26,-347.684370907017,2499.6666666666665,21.793333333333337,NONE,14.521,59.97,7606F116-3463-4EEF-96CC-1AC408FAA001,0.5233333333333333,E5EDCE94-46C8-449C-9FA0-71F22978959A,0.2933333333333334,5300.0,1400.0,3.8,31.3,0.5,131.33333333333334,500.0,200.0,3.3,22.9,0.1,700.0,200.0,3.3,22.7,0.1,3300.0,1100.0,3.1,25.4,0.4,2700.0,700.0,4.1,24.0,0.3,2400.0,600.0,3.9,28.1,0.5
lid_p2,02,Al6061_lid02_p2,E5EDCE94-46C8-449C-9FA0-71F22978959A,8,190,2025-07-10 15:36:10.337453,21,0.0001678978379824,267,1,8,30.0005,AUTO,7,ARMED,100,17.21667,5,2582204.421,2,000473_A_A_PROGRAM_2.NC,52,100,0,0,100,12000.0,687986.487,8,363.114816731869,2,254.010267392184,31,-347.694612176775,1266.0,10.946666666666667,NONE,14.521,59.97,7606F116-3463-4EEF-96CC-1AC408FAA001,0.8700000000000001,E5EDCE94-46C8-449C-9FA0-71F22978959A,0.2933333333333334,4300.0,1300.0,3.3,31.3,0.5,132.03333333333333,600.0,200.0,3.7,22.9,0.4,700.0,200.0,3.3,22.7,0.1,5100.0,1100.0,4.4,25.4,0.4,2000.0,500.0,3.8,24.0,0.3,1500.0,600.0,2.5,28.1,0.5
lid_p2,02,Al6061_lid02_p2,E5EDCE94-46C8-449C-9FA0-71F22978959A,8,191,2025-07-10 15:36:11.337604,21,0.0001678978379824,270,1,8,30.0005,AUTO,7,ARMED,100,20.61667,5,2582204.421,2,000473_A_A_PROGRAM_2.NC,53,100,0,1,100,12000.0,687986.487,9,360.164124387777,3,252.758222092228,28,-348.91909042879,1161.3333333333333,9.99,NONE,14.521,59.97,7606F116-3463-4EEF-96CC-1AC408FAA001,0.9166666666666666,E5EDCE94-46C8-449C-9FA0-71F22978959A,0.2933333333333334,4700.0,1400.0,3.4,31.3,0.5,132.06666666666666,600.0,200.0,3.2,22.9,0.1,700.0,200.0,3.1,22.7,0.1,3100.0,1100.0,2.9,25.4,0.4,2700.0,700.0,3.8,24.0,0.3,2700.0,600.0,4.3,28.1,0.5
lid_p2,02,Al6061_lid02_p2,E5EDCE94-46C8-449C-9FA0-71F22978959A,8,192,2025-07-10 15:36:12.337756,21,0.0001678978379824,271,1,8,30.0005,AUTO,7,ARMED,100,20.61667,5,2582204.421,2,000473_A_A_PROGRAM_2.NC,54,100,0,0,100,12000.0,687986.487,8,364.315724817402,3,251.378605350972,26,-350.331058295316,1269.0,10.97,NONE,14.521666666666668,59.97,7606F116-3463-4EEF-96CC-1AC408FAA001,0.88,E5EDCE94-46C8-449C-9FA0-71F22978959A,0.2933333333333334,4700.0,1400.0,3.4,31.3,0.5,132.03333333333333,700.0,200.0,3.8,22.9,0.1,700.0,200.0,3.2,22.7,0.1,4300.0,1200.0,3.6,25.4,0.4,2700.0,700.0,3.8,24.0,0.3,2800.0,600.0,4.6,28.1,0.4
lid_p2,02,Al6061_lid02_p2,E5EDCE94-46C8-449C-9FA0-71F22978959A,8,193,2025-07-10 15:36:13.337908,21,0.0001678978379824,273,1,8,30.0005,AUTO,7,ARMED,100,20.61667,5,2582204.421,2,000473_A_A_PROGRAM_2.NC,55,100,0,0,100,12000.0,687986.487,5,360.492525868986,10,253.749926976598,27,-351.817312556557,1276.0,11.05,NONE,14.522,59.97,7606F116-3463-4EEF-96CC-1AC408FAA001,0.8766666666666666,E5EDCE94-46C8-449C-9FA0-71F22978959A,0.2933333333333334,5200.0,1400.0,3.7,31.3,0.5,132.03333333333333,700.0,200.0,3.3,22.9,0.2,800.0,200.0,3.3,22.7,0.1,5400.0,1000.0,5.7,25.4,0.3,3400.0,800.0,4.1,24.0,0.3,3100.0,600.0,4.9,28.1,0.5
lid_p2,02,Al6061_lid02_p2,E5EDCE94-46C8-449C-9FA0-71F22978959A,8,194,2025-07-10 15:36:14.338061,21,0.0001678978379824,275,1,8,30.0005,AUTO,7,ARMED,100,20.61667,5,2582204.421,2,000473_A_A_PROGRAM_2.NC,56,100,0,0,100,12000.0,687986.487,5,363.59799122238,11,250.654361457857,32,-352.457111568835,1286.6666666666667,11.15,NONE,14.522,59.97,7606F116-3463-4EEF-96CC-1AC408FAA001,0.8666666666666667,E5EDCE94-46C8-449C-9FA0-71F22978959A,0.2933333333333334,4600.0,1400.0,3.3,31.3,0.5,132.03333333333333,700.0,100.0,4.6,22.9,0.5,700.0,200.0,3.2,22.7,0.1,3800.0,1200.0,3.3,25.4,0.4,2700.0,600.0,4.5,24.0,0.3,1500.0,600.0,2.6,28.1,0.4
lid_p2,02,Al6061_lid02_p2,E5EDCE94-46C8-449C-9FA0-71F22978959A,8,195,2025-07-10 15:36:15.338212,21,0.0001678978379824,280,1,8,30.0005,AUTO,7,ARMED,100,168.9167,5,2582204.421,2,000473_A_A_PROGRAM_2.NC,57,100,0,1,100,12000.0,687986.487,6,398.406384723791,5,252.563776661503,54,-342.891525316746,1178.3333333333333,10.153333333333332,NONE,14.522,59.97,7606F116-3463-4EEF-96CC-1AC408FAA001,0.8366666666666666,E5EDCE94-46C8-449C-9FA0-71F22978959A,0.2933333333333334,4400.0,1300.0,3.4,31.3,0.5,132.13333333333333,400.0,100.0,3.4,22.9,0.2,600.0,200.0,3.2,22.7,0.1,4700.0,1100.0,4.3,25.4,0.4,6800.0,700.0,10.2,24.0,0.3,10600.0,1900.0,5.6,28.1,0.5
lid_p2,02,Al6061_lid02_p2,E5EDCE94-46C8-449C-9FA0-71F22978959A,8,196,2025-07-10 15:36:16.338365,21,0.0001678978379824,283,1,8,30.0005,AUTO,7,ARMED,100,20.61667,5,2582204.421,2,000473_A_A_PROGRAM_2.NC,58,100,0,0,100,12000.0,687986.487,11,396.947931103438,7,254.276941829265,26,-344.033787341707,1186.0,10.286666666666669,NONE,14.523333333333332,59.97,7606F116-3463-4EEF-96CC-1AC408FAA001,0.8266666666666667,E5EDCE94-46C8-449C-9FA0-71F22978959A,0.2933333333333334,4300.0,1300.0,3.3,31.3,0.5,132.06666666666666,500.0,100.0,3.3,22.9,0.2,600.0,200.0,3.0,22.7,0.1,4000.0,1100.0,3.5,25.4,0.4,1600.0,500.0,3.1,24.0,0.3,2400.0,600.0,3.9,28.1,0.5
lid_p2,02,Al6061_lid02_p2,E5EDCE94-46C8-449C-9FA0-71F22978959A,8,197,2025-07-10 15:36:17.338517,21,0.0001678978379824,285,1,8,30.0005,AUTO,7,ARMED,100,20.61667,5,2582204.421,2,000473_A_A_PROGRAM_2.NC,59,100,0,0,100,12000.0,687986.487,12,398.939603059904,7,250.370951224741,27,-345.446544758639,1143.6666666666667,9.816666666666668,NONE,14.523333333333332,59.97,7606F116-3463-4EEF-96CC-1AC408FAA001,0.8866666666666667,E5EDCE94-46C8-449C-9FA0-71F22978959A,0.2933333333333334,24300.0,5800.0,4.2,31.3,0.5,132.1,500.0,200.0,3.0,22.9,0.2,1500.0,400.0,4.3,22.7,0.1,4200.0,1200.0,3.5,25.4,0.4,15000.0,3700.0,4.1,24.0,0.3,7100.0,1500.0,4.8,28.1,0.5
lid_p2,02,Al6061_lid02_p2,E5EDCE94-46C8-449C-9FA0-71F22978959A,8,198,2025-07-10 15:36:18.338656,21,0.0001678978379824,286,1,8,30.0005,AUTO,7,ARMED,100,20.61667,5,2582204.421,2,000473_A_A_PROGRAM_2.NC,0,100,0,0,100,12000.0,687986.487,8,399.85921130589,4,254.280977781663,26,-346.78376852007,1220.6666666666667,10.53,NONE,14.523333333333332,59.97,7606F116-3463-4EEF-96CC-1AC408FAA001,0.9066666666666668,E5EDCE94-46C8-449C-9FA0-71F22978959A,0.2933333333333334,4900.0,1400.0,3.5,31.3,0.5,132.03333333333333,600.0,200.0,3.3,22.9,0.2,700.0,200.0,3.3,22.7,0.1,5700.0,1000.0,5.7,25.4,0.3,2600.0,700.0,3.7,24.0,0.3,3100.0,700.0,4.6,28.1,0.5
lid_p2,02,Al6061_lid02_p2,E5EDCE94-46C8-449C-9FA0-71F22978959A,8,199,2025-07-10 15:36:19.338811,21,0.0001678978379824,289,1,8,30.0005,AUTO,7,ARMED,100,20.61667,5,2582204.421,2,000473_A_A_PROGRAM_2.NC,1,100,0,1,100,12000.0,687986.487,3,396.338861812892,11,251.671177034626,31,-347.694635062294,1268.3333333333333,10.976666666666668,NONE,14.524333333333333,59.97,7606F116-3463-4EEF-96CC-1AC408FAA001,0.8766666666666666,E5EDCE94-46C8-449C-9FA0-71F22978959A,0.2933333333333334,5900.0,1400.0,4.3,31.3,0.5,131.93333333333334,500.0,200.0,3.4,22.9,0.2,700.0,200.0,3.1,22.7,0.1,3600.0,1200.0,3.0,25.4,0.4,2400.0,600.0,3.8,24.0,0.3,1600.0,600.0,2.7,28.1,0.5
lid_p2,02,Al6061_lid02_p2,E5EDCE94-46C8-449C-9FA0-71F22978959A,8,200,2025-07-10 15:36:20.339054,21,0.0001678978379824,294,1,8,30.0005,AUTO,7,ARMED,100,20.61667,5,2582204.421,2,000473_A_A_PROGRAM_2.NC,2,100,0,1,100,12000.0,687986.487,11,398.328868351383,8,250.316616445942,26,-348.184339398128,1185.0,10.22,NONE,14.524666666666668,59.97,7606F116-3463-4EEF-96CC-1AC408FAA001,0.85,E5EDCE94-46C8-449C-9FA0-71F22978959A,0.2933333333333334,4700.0,1400.0,3.4,31.3,0.5,132.03333333333333,600.0,200.0,3.5,22.9,0.2,700.0,200.0,3.5,22.7,0.1,5600.0,1000.0,5.8,25.4,0.3,2700.0,700.0,4.0,24.0,0.3,2900.0,600.0,4.6,28.1,0.5
lid_p2,02,Al6061_lid02_p2,E5EDCE94-46C8-449C-9FA0-71F22978959A,8,201,2025-07-10 15:36:21.339327,21,0.0001678978379824,295,1,8,30.0005,AUTO,7,ARMED,100,20.61667,5,2582204.421,2,000473_A_A_PROGRAM_2.NC,3,100,0,0,100,12000.0,687986.487,11,397.450567394613,4,254.602966263372,27,-349.744628313375,1248.6666666666667,10.79,NONE,14.524666666666668,59.97,7606F116-3463-4EEF-96CC-1AC408FAA001,0.9133333333333332,E5EDCE94-46C8-449C-9FA0-71F22978959A,0.2933333333333334,5100.0,1400.0,3.6,31.3,0.5,131.93333333333334,500.0,200.0,3.0,22.9,0.2,800.0,200.0,3.4,22.7,0.1,5600.0,1200.0,4.6,25.4,0.4,2700.0,700.0,3.8,24.0,0.3,2800.0,600.0,4.5,28.1,0.5
lid_p2,02,Al6061_lid02_p2,E5EDCE94-46C8-449C-9FA0-71F22978959A,8,202,2025-07-10 15:36:22.339543,21,0.0001678978379824,297,1,8,30.0005,AUTO,7,ARMED,100,20.61667,5,2582204.421,2,000473_A_A_PROGRAM_2.NC,4,100,0,0,100,12000.0,687986.487,10,399.362160565541,4,252.280388267586,27,-350.933805652312,1270.3333333333333,10.996666666666668,NONE,14.524666666666668,59.97,7606F116-3463-4EEF-96CC-1AC408FAA001,0.88,E5EDCE94-46C8-449C-9FA0-71F22978959A,0.2933333333333334,5900.0,1300.0,4.4,31.3,0.4,131.93333333333334,600.0,200.0,3.3,22.9,0.2,700.0,200.0,3.1,22.7,0.1,3700.0,1200.0,3.2,25.4,0.4,4400.0,800.0,5.7,24.0,0.3,3000.0,600.0,4.7,28.1,0.5
lid_p2,02,Al6061_lid02_p2,E5EDCE94-46C8-449C-9FA0-71F22978959A,8,203,2025-07-10 15:36:23.339740,21,0.0001678978379824,298,1,8,30.0005,AUTO,7,ARMED,100,20.6,5,2582204.421,2,000473_A_A_PROGRAM_2.NC,5,100,0,0,100,12000.0,687986.487,3,400.265504587385,10,253.828956608155,26,-352.457374752304,1276.6666666666667,11.043333333333337,NONE,14.525666666666668,59.97,7606F116-3463-4EEF-96CC-1AC408FAA001,0.88,E5EDCE94-46C8-449C-9FA0-71F22978959A,0.2933333333333334,5400.0,1400.0,3.7,31.3,0.5,132.03333333333333,500.0,200.0,3.3,22.9,0.1,900.0,200.0,3.9,22.7,0.1,5300.0,1100.0,4.8,25.4,0.4,3600.0,800.0,4.6,24.0,0.3,2500.0,600.0,4.1,28.1,0.5
lid_p2,02,Al6061_lid02_p2,E5EDCE94-46C8-449C-9FA0-71F22978959A,8,204,2025-07-10 15:36:24.339894,21,0.0001678978379824,302,1,8,30.0005,AUTO,7,ARMED,100,190.2667,5,2582204.421,2,000473_A_A_PROGRAM_2.NC,6,100,0,0,100,12000.0,687986.487,3,398.406361833972,7,252.563639333201,98,-336.789086134713,1240.0,10.736666666666666,NONE,14.526000000000002,59.97,7606F116-3463-4EEF-96CC-1AC408FAA001,0.84,E5EDCE94-46C8-449C-9FA0-71F22978959A,0.2933333333333334,4500.0,1300.0,3.4,31.3,0.5,131.93333333333334,400.0,100.0,2.8,22.9,0.1,800.0,200.0,3.4,22.7,0.2,2500.0,1000.0,2.5,25.4,0.4,7200.0,1100.0,6.7,24.0,0.3,23600.0,3900.0,6.1,28.1,0.6
lid_p2,03,Al6061_lid03_p2,E5EDCE94-46C8-449C-9FA0-71F22978959A,13,401,2025-07-10 15:56:41.603826,21,0.0001678978379824,253,1,8,30.0005,AUTO,7,ARMED,100,0.0,5,2583646.163,4,000473_A_A_PROGRAM_2.NC,23,100,0,0,100,0.0,688707.436,74,87.256947635884,43,447.509135562792,35,-99.8669982674121,685.6666666666666,6.13,NONE,14.879666666666669,59.98,7606F116-3463-4EEF-96CC-1AC408FAA001,0.8733333333333334,E5EDCE94-46C8-449C-9FA0-71F22978959A,0.3203333333333333,8400.0,1600.0,5.3,34.0,0.1,132.23333333333332,1600.0,400.0,3.9,23.0,0.4,5500.0,1000.0,5.8,22.9,0.1,30600.0,7900.0,3.9,25.3,0.3,3000.0,400.0,6.8,24.4,0.0,600.0,200.0,4.0,28.4,0.1
lid_p2,03,Al6061_lid03_p2,E5EDCE94-46C8-449C-9FA0-71F22978959A,13,402,2025-07-10 15:56:42.604125,21,0.0001678978379824,254,1,8,30.0005,AUTO,7,ARMED,100,332.8333,5,2583646.163,4,000473_A_A_PROGRAM_2.NC,25,100,0,29,100,3444.0615906829,688707.436,6,362.404473163606,7,252.563696553327,22,-132.591107132216,1819.6666666666667,5.63,NONE,14.879666666666669,59.98,7606F116-3463-4EEF-96CC-1AC408FAA001,1.0,E5EDCE94-46C8-449C-9FA0-71F22978959A,0.3203333333333333,11500.0,2400.0,4.8,34.0,0.2,131.96666666666667,700.0,100.0,5.0,23.0,0.1,1800.0,400.0,4.3,22.9,0.0,2800.0,700.0,4.1,25.3,0.2,36800.0,5600.0,6.6,24.4,0.1,47100.0,12900.0,3.7,28.4,1.3
lid_p2,03,Al6061_lid03_p2,E5EDCE94-46C8-449C-9FA0-71F22978959A,13,403,2025-07-10 15:56:43.604276,21,0.0001678978379824,256,1,8,30.0005,AUTO,7,ARMED,100,0.0,5,2583646.163,4,000473_A_A_PROGRAM_2.NC,26,100,0,13,100,6320.78051957955,688707.436,5,362.404393055578,5,252.563799549553,29,-342.932112784715,3269.333333333333,26.22666666666667,NONE,14.880666666666665,59.98,7606F116-3463-4EEF-96CC-1AC408FAA001,0.9499999999999998,E5EDCE94-46C8-449C-9FA0-71F22978959A,0.3203333333333333,6800.0,2100.0,3.2,34.0,0.2,131.0666666666667,200.0,100.0,3.7,23.0,0.1,400.0,100.0,4.4,22.9,0.1,1500.0,500.0,3.0,25.3,0.2,1200.0,300.0,4.1,24.4,0.1,500.0,100.0,3.6,28.4,0.2
lid_p2,03,Al6061_lid03_p2,E5EDCE94-46C8-449C-9FA0-71F22978959A,13,404,2025-07-10 15:56:44.604379,21,0.0001678978379824,256,1,8,30.0005,AUTO,7,ARMED,100,0.0,5,2583646.163,4,000473_A_A_PROGRAM_2.NC,26,100,0,10,100,7820.09022133285,688707.436,5,362.404404499582,5,252.563799549553,29,-342.932101341955,5765.666666666667,47.99666666666666,NONE,14.882999999999996,59.98,7606F116-3463-4EEF-96CC-1AC408FAA001,0.94,E5EDCE94-46C8-449C-9FA0-71F22978959A,0.3203333333333333,10400.0,3100.0,3.4,34.0,0.2,129.46666666666667,300.0,100.0,3.2,23.0,0.1,400.0,100.0,3.3,22.9,0.1,2400.0,700.0,3.3,25.3,0.3,1000.0,300.0,3.7,24.4,0.1,700.0,200.0,4.0,28.4,0.2
lid_p2,03,Al6061_lid03_p2,E5EDCE94-46C8-449C-9FA0-71F22978959A,13,405,2025-07-10 15:56:45.604526,21,0.0001678978379824,256,1,8,30.0005,AUTO,7,ARMED,100,0.0,5,2583646.163,4,000473_A_A_PROGRAM_2.NC,28,100,0,7,100,9092.96856487453,688707.436,5,362.404404499582,5,252.563799549553,29,-342.932124227474,5857.333333333333,48.75666666666667,NONE,14.884666666666668,59.98,7606F116-3463-4EEF-96CC-1AC408FAA001,0.92,E5EDCE94-46C8-449C-9FA0-71F22978959A,0.3203333333333333,7300.0,2100.0,3.4,34.0,0.4,129.39999999999998,400.0,100.0,3.7,23.0,0.1,400.0,100.0,3.8,22.9,0.1,2800.0,900.0,3.3,25.3,0.4,1400.0,400.0,3.8,24.4,0.1,2000.0,700.0,2.9,28.4,0.7
lid_p2,03,Al6061_lid03_p2,E5EDCE94-46C8-449C-9FA0-71F22978959A,13,406,2025-07-10 15:56:46.604869,21,0.0001678978379824,256,1,8,30.0005,AUTO,7,ARMED,100,0.0,5,2583646.163,4,000473_A_A_PROGRAM_2.NC,28,100,0,5,100,9974.06645886896,688707.436,5,362.40442738759,5,252.563799549553,31,-342.932158555753,4856.666666666667,40.45333333333333,NONE,14.885,59.98,7606F116-3463-4EEF-96CC-1AC408FAA001,0.8833333333333333,E5EDCE94-46C8-449C-9FA0-71F22978959A,0.3203333333333333,6800.0,2100.0,3.3,34.0,0.5,129.96666666666667,300.0,100.0,3.1,23.0,0.1,400.0,100.0,3.6,22.9,0.1,5900.0,2500.0,2.3,25.3,1.0,1800.0,600.0,2.9,24.4,0.2,3500.0,1800.0,2.0,28.4,1.7
lid_p2,03,Al6061_lid03_p2,E5EDCE94-46C8-449C-9FA0-71F22978959A,13,407,2025-07-10 15:56:47.605013,21,0.0001678978379824,256,1,8,30.0005,AUTO,7,ARMED,100,0.0,5,2583646.163,4,000473_A_A_PROGRAM_2.NC,30,100,0,4,100,10749.3912963287,688707.436,5,362.404381611574,5,252.563799549553,30,-342.932135670234,4478.333333333333,37.36333333333334,NONE,14.886666666666663,59.98,7606F116-3463-4EEF-96CC-1AC408FAA001,0.8833333333333333,E5EDCE94-46C8-449C-9FA0-71F22978959A,0.3203333333333333,6700.0,2100.0,3.3,34.0,0.5,130.16666666666666,300.0,100.0,3.6,23.0,0.1,400.0,100.0,3.8,22.9,0.1,2300.0,900.0,2.5,25.3,0.3,1700.0,600.0,2.8,24.4,0.2,1500.0,400.0,4.0,28.4,0.3
lid_p2,03,Al6061_lid03_p2,E5EDCE94-46C8-449C-9FA0-71F22978959A,13,408,2025-07-10 15:56:48.605313,21,0.0001678978379824,258,1,8,30.0005,AUTO,7,ARMED,100,20.61667,5,2583646.163,4,000473_A_A_PROGRAM_2.NC,31,100,0,3,100,12000.0,688707.436,5,364.123019235079,10,251.112635747586,27,-343.5643366902,3752.6666666666665,31.453333333333333,NONE,14.888,59.98,7606F116-3463-4EEF-96CC-1AC408FAA001,0.8866666666666667,E5EDCE94-46C8-449C-9FA0-71F22978959A,0.3203333333333333,7400.0,2200.0,3.4,34.0,0.5,130.60000000000002,400.0,100.0,4.0,23.0,0.1,500.0,100.0,3.6,22.9,0.1,4200.0,1200.0,3.6,25.3,0.4,1600.0,500.0,3.6,24.4,0.2,2600.0,800.0,3.3,28.4,0.7
lid_p2,03,Al6061_lid03_p2,E5EDCE94-46C8-449C-9FA0-71F22978959A,13,409,2025-07-10 15:56:49.605459,21,0.0001678978379824,260,1,8,30.0005,AUTO,7,ARMED,100,20.61667,5,2583646.163,4,000473_A_A_PROGRAM_2.NC,31,100,0,3,100,12000.0,688707.436,5,360.213586027092,10,253.072166033201,27,-345.124820132359,3552.333333333333,29.87333333333333,NONE,14.889,59.98,7606F116-3463-4EEF-96CC-1AC408FAA001,0.87,E5EDCE94-46C8-449C-9FA0-71F22978959A,0.3203333333333333,23500.0,4700.0,5.0,34.0,0.5,130.63333333333333,600.0,100.0,4.0,23.0,0.1,2300.0,400.0,5.5,22.9,0.1,3800.0,1300.0,2.9,25.3,0.5,13800.0,2900.0,4.8,24.4,0.3,6800.0,1500.0,4.6,28.4,0.7
lid_p2,03,Al6061_lid03_p2,E5EDCE94-46C8-449C-9FA0-71F22978959A,13,410,2025-07-10 15:56:50.605760,21,0.0001678978379824,261,1,8,30.001,AUTO,7,ARMED,100,20.61667,5,2583646.163,4,000473_A_A_PROGRAM_2.NC,33,100,0,1,100,12000.0,688707.436,12,364.596411902007,6,252.061559354279,27,-346.61130324879,3178.0,26.84,NONE,14.889333333333331,59.98,7606F116-3463-4EEF-96CC-1AC408FAA001,0.8833333333333333,E5EDCE94-46C8-449C-9FA0-71F22978959A,0.3203333333333333,5600.0,1400.0,3.9,34.0,0.5,130.86666666666667,500.0,200.0,3.0,23.0,0.1,700.0,200.0,3.1,22.9,0.1,4000.0,1100.0,3.7,25.3,0.4,2400.0,700.0,3.5,24.4,0.3,2400.0,700.0,3.4,28.4,0.5
lid_p2,03,Al6061_lid03_p2,E5EDCE94-46C8-449C-9FA0-71F22978959A,13,411,2025-07-10 15:56:51.606019,21,0.0001678978379824,263,1,8,30.001,AUTO,7,ARMED,100,20.61667,5,2583646.163,4,000473_A_A_PROGRAM_2.NC,34,100,0,0,100,12000.0,688707.436,5,364.31046774777,12,253.75760337563,28,-347.694612176775,2637.0,22.84,NONE,14.89,59.98,7606F116-3463-4EEF-96CC-1AC408FAA001,0.5366666666666667,E5EDCE94-46C8-449C-9FA0-71F22978959A,0.3203333333333333,4600.0,1400.0,3.3,34.0,0.5,131.1,500.0,200.0,3.2,23.0,0.2,700.0,200.0,3.1,22.9,0.2,4400.0,1100.0,4.2,25.3,0.4,2400.0,700.0,3.5,24.4,0.3,2900.0,700.0,4.3,28.4,0.5
lid_p2,03,Al6061_lid03_p2,E5EDCE94-46C8-449C-9FA0-71F22978959A,13,412,2025-07-10 15:56:52.606172,21,0.0001678978379824,268,1,8,30.001,AUTO,7,ARMED,100,20.21667,5,2583646.163,4,000473_A_A_PROGRAM_2.NC,35,100,0,0,100,12000.0,688707.436,4,360.592147241091,11,253.896158729514,25,-347.842280988204,1255.6666666666667,10.89,NONE,14.890333333333336,59.98,7606F116-3463-4EEF-96CC-1AC408FAA001,0.8466666666666667,E5EDCE94-46C8-449C-9FA0-71F22978959A,0.3203333333333333,5100.0,1300.0,3.9,34.0,0.5,131.86666666666667,700.0,200.0,4.0,23.0,0.2,900.0,200.0,4.0,22.9,0.2,5300.0,1100.0,4.9,25.3,0.4,3100.0,600.0,5.4,24.4,0.3,1900.0,700.0,2.8,28.4,0.6
lid_p2,03,Al6061_lid03_p2,E5EDCE94-46C8-449C-9FA0-71F22978959A,13,413,2025-07-10 15:56:53.606489,21,0.0001678978379824,270,1,8,30.001,AUTO,7,ARMED,100,20.61667,5,2583646.163,4,000473_A_A_PROGRAM_2.NC,36,100,0,0,100,12000.0,688707.436,12,363.419968297109,7,250.553608633615,25,-349.254512038199,1150.6666666666667,9.913333333333334,NONE,14.890333333333336,59.98,7606F116-3463-4EEF-96CC-1AC408FAA001,0.91,E5EDCE94-46C8-449C-9FA0-71F22978959A,0.3203333333333333,5100.0,1400.0,3.6,34.0,0.5,131.96666666666667,600.0,200.0,3.4,23.0,0.1,700.0,200.0,3.3,22.9,0.1,3500.0,1000.0,3.6,25.3,0.3,2500.0,700.0,3.6,24.4,0.3,3200.0,700.0,4.4,28.4,0.6
lid_p2,03,Al6061_lid03_p2,E5EDCE94-46C8-449C-9FA0-71F22978959A,13,414,2025-07-10 15:56:54.606734,21,0.0001678978379824,271,1,8,30.001,AUTO,7,ARMED,100,20.61667,5,2583646.163,4,000473_A_A_PROGRAM_2.NC,37,100,0,0,100,12000.0,688707.436,13,361.388431568612,5,254.573382819039,26,-350.740125504908,1264.3333333333333,10.956666666666663,NONE,14.891,59.98,7606F116-3463-4EEF-96CC-1AC408FAA001,0.8766666666666666,E5EDCE94-46C8-449C-9FA0-71F22978959A,0.3203333333333333,5000.0,1400.0,3.6,34.0,0.5,131.86666666666667,800.0,200.0,4.4,23.0,0.2,800.0,200.0,3.2,22.9,0.2,5200.0,1200.0,4.3,25.3,0.4,3500.0,800.0,4.4,24.4,0.3,3400.0,700.0,4.7,28.4,0.6
lid_p2,03,Al6061_lid03_p2,E5EDCE94-46C8-449C-9FA0-71F22978959A,13,415,2025-07-10 15:56:55.606886,21,0.0001678978379824,273,1,8,30.001,AUTO,7,ARMED,100,20.61667,5,2583646.163,4,000473_A_A_PROGRAM_2.NC,38,100,0,0,100,12000.0,688707.436,11,362.403031219109,6,250.314762513874,26,-352.152837150802,1263.6666666666667,10.949999999999998,NONE,14.891666666666667,59.98,7606F116-3463-4EEF-96CC-1AC408FAA001,0.8733333333333334,E5EDCE94-46C8-449C-9FA0-71F22978959A,0.3203333333333333,5400.0,1400.0,3.8,34.0,0.5,131.86666666666667,700.0,200.0,3.4,23.0,0.2,900.0,200.0,3.7,22.9,0.2,4900.0,1000.0,5.1,25.3,0.3,3800.0,900.0,4.1,24.4,0.3,2800.0,700.0,3.8,28.4,0.5
lid_p2,03,Al6061_lid03_p2,E5EDCE94-46C8-449C-9FA0-71F22978959A,13,416,2025-07-10 15:56:56.607039,21,0.0001678978379824,276,1,8,30.001,AUTO,7,ARMED,100,20.23333,5,2583646.163,4,000473_A_A_PROGRAM_2.NC,39,100,0,0,100,12000.0,688707.436,3,364.117118743552,11,253.848926358076,32,-352.457077240557,1281.3333333333333,11.12,NONE,14.891666666666667,59.99,7606F116-3463-4EEF-96CC-1AC408FAA001,0.8733333333333334,E5EDCE94-46C8-449C-9FA0-71F22978959A,0.3203333333333333,4300.0,1300.0,3.2,34.0,0.5,131.83333333333334,600.0,200.0,3.8,22.9,0.5,700.0,200.0,3.1,22.9,0.2,6600.0,1000.0,6.6,25.3,0.4,3000.0,600.0,5.1,24.4,0.3,22700.0,2900.0,7.9,28.4,0.6
lid_p2,03,Al6061_lid03_p2,E5EDCE94-46C8-449C-9FA0-71F22978959A,13,417,2025-07-10 15:56:57.607329,21,0.0001678978379824,280,1,8,30.001,AUTO,7,ARMED,100,0.1166667,5,2583646.163,4,000473_A_A_PROGRAM_2.NC,39,100,0,0,100,12000.0,688707.436,5,398.430567817678,5,252.562130604299,29,-342.932169998513,1161.3333333333333,10.019999999999998,NONE,14.892333333333331,59.99,7606F116-3463-4EEF-96CC-1AC408FAA001,0.95,E5EDCE94-46C8-449C-9FA0-71F22978959A,0.3203333333333333,4100.0,1300.0,3.2,34.0,0.5,131.93333333333337,500.0,100.0,3.6,22.9,0.2,600.0,200.0,3.0,22.9,0.2,3300.0,1100.0,3.0,25.3,0.4,3700.0,600.0,6.6,24.4,0.3,3000.0,700.0,4.3,28.4,0.6
lid_p2,03,Al6061_lid03_p2,E5EDCE94-46C8-449C-9FA0-71F22978959A,13,418,2025-07-10 15:56:58.607633,21,0.0001678978379824,284,1,8,30.001,AUTO,7,ARMED,100,20.61667,5,2583646.163,4,000473_A_A_PROGRAM_2.NC,40,100,0,0,100,12000.0,688707.436,2,396.82988276748,10,250.959679105191,26,-344.295689221289,1356.6666666666667,12.133333333333333,NONE,14.893,59.99,7606F116-3463-4EEF-96CC-1AC408FAA001,0.8033333333333333,E5EDCE94-46C8-449C-9FA0-71F22978959A,0.3203333333333333,4100.0,1300.0,3.2,34.0,0.5,131.79999999999998,500.0,100.0,3.5,22.9,0.2,600.0,200.0,3.0,22.9,0.1,3600.0,1100.0,3.2,25.3,0.4,1600.0,500.0,3.2,24.4,0.3,2800.0,700.0,4.0,28.4,0.5
lid_p2,03,Al6061_lid03_p2,E5EDCE94-46C8-449C-9FA0-71F22978959A,13,419,2025-07-10 15:56:59.607908,21,0.0001678978379824,285,1,8,30.001,AUTO,7,ARMED,100,20.61667,5,2583646.163,4,000473_A_A_PROGRAM_2.NC,42,100,0,0,100,12000.0,688707.436,1,400.539895613409,8,253.284337468482,26,-345.707416789865,1134.0,9.753333333333332,NONE,14.893,59.99,7606F116-3463-4EEF-96CC-1AC408FAA001,0.89,E5EDCE94-46C8-449C-9FA0-71F22978959A,0.3203333333333333,10800.0,1800.0,5.9,34.0,0.5,131.86666666666667,600.0,200.0,3.7,22.9,0.1,800.0,200.0,3.3,22.9,0.2,3900.0,1200.0,3.3,25.3,0.4,4400.0,700.0,6.2,24.4,0.3,3300.0,700.0,4.7,28.4,0.5
lid_p2,03,Al6061_lid03_p2,E5EDCE94-46C8-449C-9FA0-71F22978959A,13,420,2025-07-10 15:57:00.608222,21,0.0001678978379824,287,1,8,30.001,AUTO,7,ARMED,100,20.61667,5,2583646.163,4,000473_A_A_PROGRAM_2.NC,43,100,0,0,100,12000.0,688707.436,10,396.273442709882,10,251.839507200039,27,-347.194174532525,1201.0,10.376666666666669,NONE,14.893,59.99,7606F116-3463-4EEF-96CC-1AC408FAA001,0.9233333333333332,E5EDCE94-46C8-449C-9FA0-71F22978959A,0.3203333333333333,4700.0,1400.0,3.5,34.0,0.5,131.86666666666667,500.0,200.0,3.0,22.9,0.2,700.0,200.0,3.0,22.9,0.1,3300.0,900.0,3.7,25.3,0.3,2600.0,700.0,3.8,24.4,0.3,2600.0,700.0,3.7,28.4,0.5
lid_p2,03,Al6061_lid03_p2,E5EDCE94-46C8-449C-9FA0-71F22978959A,13,421,2025-07-10 15:57:01.608498,21,0.0001678978379824,289,1,8,30.001,AUTO,7,ARMED,100,20.61667,5,2583646.163,4,000473_A_A_PROGRAM_2.NC,43,100,0,0,100,12000.0,688707.436,8,399.485101783968,9,250.586887735489,32,-347.694554962978,1264.0,10.96,NONE,14.893666666666666,59.99,7606F116-3463-4EEF-96CC-1AC408FAA001,0.8733333333333334,E5EDCE94-46C8-449C-9FA0-71F22978959A,0.3203333333333333,4800.0,1300.0,3.5,34.0,0.5,131.79999999999998,600.0,200.0,3.9,22.9,0.5,700.0,200.0,3.2,22.9,0.2,3400.0,1100.0,3.1,25.3,0.4,2000.0,600.0,3.5,24.4,0.3,1600.0,700.0,2.4,28.4,0.5
lid_p2,03,Al6061_lid03_p2,E5EDCE94-46C8-449C-9FA0-71F22978959A,13,422,2025-07-10 15:57:02.608647,21,0.0001678978379824,294,1,8,30.001,AUTO,7,ARMED,100,20.61667,5,2583646.163,4,000473_A_A_PROGRAM_2.NC,44,100,0,0,100,12000.0,688707.436,1,399.633174902805,8,254.448452968276,26,-348.593955860176,1186.6666666666667,10.26,NONE,14.894333333333334,59.99,7606F116-3463-4EEF-96CC-1AC408FAA001,0.8433333333333334,E5EDCE94-46C8-449C-9FA0-71F22978959A,0.3203333333333333,5300.0,1400.0,3.9,34.0,0.5,131.79999999999998,600.0,200.0,3.2,22.9,0.2,700.0,200.0,2.9,22.9,0.1,3200.0,1000.0,3.4,25.3,0.3,2500.0,700.0,3.7,24.4,0.3,3400.0,700.0,4.7,28.4,0.5
lid_p2,03,Al6061_lid03_p2,E5EDCE94-46C8-449C-9FA0-71F22978959A,13,423,2025-07-10 15:57:03.608850,21,0.0001678978379824,296,1,8,30.001,AUTO,7,ARMED,100,20.61667,5,2583646.163,4,000473_A_A_PROGRAM_2.NC,45,100,0,0,100,12000.0,688707.436,8,396.456744381297,9,251.439767402781,27,-350.005923726702,1233.6666666666667,10.68,NONE,14.894333333333334,59.99,7606F116-3463-4EEF-96CC-1AC408FAA001,0.9166666666666666,E5EDCE94-46C8-449C-9FA0-71F22978959A,0.3203333333333333,4900.0,1400.0,3.5,34.0,0.5,131.79999999999998,600.0,200.0,3.4,22.9,0.2,800.0,200.0,3.2,22.9,0.2,3600.0,1200.0,3.1,25.3,0.4,2700.0,700.0,3.8,24.4,0.3,2400.0,700.0,3.4,28.4,0.6
lid_p2,03,Al6061_lid03_p2,E5EDCE94-46C8-449C-9FA0-71F22978959A,13,424,2025-07-10 15:57:04.609001,21,0.0001678978379824,297,1,8,30.001,AUTO,7,ARMED,100,20.61667,5,2583646.163,4,000473_A_A_PROGRAM_2.NC,46,100,0,0,100,12000.0,688707.436,10,400.35308081809,6,253.691880582624,26,-351.492303858298,1271.0,11.016666666666666,NONE,14.894666666666668,59.99,7606F116-3463-4EEF-96CC-1AC408FAA001,0.8766666666666666,E5EDCE94-46C8-449C-9FA0-71F22978959A,0.3203333333333333,4900.0,1400.0,3.6,34.0,0.5,131.86666666666667,600.0,200.0,3.0,22.9,0.2,800.0,200.0,3.5,22.9,0.2,5100.0,1200.0,4.3,25.3,0.4,3300.0,800.0,4.2,24.4,0.3,3000.0,700.0,4.1,28.4,0.6
lid_p2,03,Al6061_lid03_p2,E5EDCE94-46C8-449C-9FA0-71F22978959A,13,425,2025-07-10 15:57:05.609244,21,0.0001678978379824,299,1,8,30.001,AUTO,7,ARMED,100,20.61667,5,2583646.163,4,000473_A_A_PROGRAM_2.NC,48,100,0,0,100,12000.0,688707.436,6,396.158776161063,11,252.419330176504,31,-352.457134454354,1265.6666666666667,10.973333333333334,NONE,14.894999999999998,59.99,7606F116-3463-4EEF-96CC-1AC408FAA001,0.8766666666666666,E5EDCE94-46C8-449C-9FA0-71F22978959A,0.3203333333333333,5100.0,1400.0,3.6,34.0,0.5,131.83333333333334,500.0,200.0,3.1,22.9,0.2,700.0,200.0,3.2,22.9,0.1,3800.0,1100.0,3.4,25.3,0.4,3700.0,800.0,4.9,24.4,0.3,1600.0,700.0,2.5,28.4,0.5
lid_p2,05,Al6061_lid05_p2,E5EDCE94-46C8-449C-9FA0-71F22978959A,8,226,2025-07-10 16:06:49.379177,21,0.0001678978379824,253,1,8,30.0005,AUTO,7,ARMED,100,500.2333,5,2584006.653,5,000473_A_A_PROGRAM_2.NC,29,100,0,0,100,0.0,689067.547999999,81,108.09076106961,46,432.748589754854,38,-99.8669982674121,569.3333333333334,5.223333333333334,NONE,15.063333333333333,59.99,7606F116-3463-4EEF-96CC-1AC408FAA001,0.6666666666666666,E5EDCE94-46C8-449C-9FA0-71F22978959A,0.3346666666666666,8300.0,1800.0,4.5,34.7,0.1,132.33333333333331,1600.0,400.0,3.9,23.0,0.3,6000.0,1200.0,4.9,23.0,0.2,30300.0,8900.0,3.4,25.3,0.3,3400.0,600.0,5.3,24.6,0.1,1000.0,200.0,5.0,28.5,0.2
lid_p2,05,Al6061_lid05_p2,E5EDCE94-46C8-449C-9FA0-71F22978959A,8,227,2025-07-10 16:06:50.379328,21,0.0001678978379824,254,1,8,30.0005,AUTO,7,ARMED,100,485.7167,5,2584006.653,5,000473_A_A_PROGRAM_2.NC,30,100,0,22,100,3794.12685750661,689067.547999999,6,362.404415943586,6,252.563742329427,1,-194.627092387279,2949.333333333333,26.36,NONE,15.064333333333332,59.99,7606F116-3463-4EEF-96CC-1AC408FAA001,0.98,E5EDCE94-46C8-449C-9FA0-71F22978959A,0.3346666666666666,9900.0,2600.0,3.8,34.7,0.2,131.1,500.0,100.0,4.5,23.0,0.1,1700.0,400.0,4.4,23.0,0.1,2900.0,700.0,4.1,25.3,0.2,35600.0,6300.0,5.7,24.6,0.1,55000.0,14600.0,3.8,28.5,1.4
lid_p2,05,Al6061_lid05_p2,E5EDCE94-46C8-449C-9FA0-71F22978959A,8,228,2025-07-10 16:06:51.379478,21,0.0001678978379824,256,1,8,30.0005,AUTO,7,ARMED,100,0.0,5,2584006.653,5,000473_A_A_PROGRAM_2.NC,31,100,0,14,100,6209.97563592241,689067.547999999,5,362.404393055578,5,252.563799549553,29,-342.932124227474,5776.0,48.13333333333333,NONE,15.066333333333333,59.99,7606F116-3463-4EEF-96CC-1AC408FAA001,0.9266666666666667,E5EDCE94-46C8-449C-9FA0-71F22978959A,0.3346666666666666,7000.0,2100.0,3.4,34.7,0.2,129.46666666666667,200.0,100.0,4.1,23.0,0.1,400.0,100.0,4.3,23.0,0.1,1500.0,500.0,3.2,25.3,0.2,1300.0,300.0,4.1,24.6,0.1,600.0,100.0,3.9,28.5,0.2
lid_p2,05,Al6061_lid05_p2,E5EDCE94-46C8-449C-9FA0-71F22978959A,8,229,2025-07-10 16:06:52.379631,21,0.0001678978379824,256,1,8,30.0005,AUTO,7,ARMED,100,0.0,5,2584006.653,5,000473_A_A_PROGRAM_2.NC,32,100,0,9,100,8109.85360026193,689067.547999999,5,362.404393055578,5,252.563788105528,29,-342.932089899196,5861.333333333333,48.803333333333335,NONE,15.067333333333332,59.99,7606F116-3463-4EEF-96CC-1AC408FAA001,0.9266666666666667,E5EDCE94-46C8-449C-9FA0-71F22978959A,0.3346666666666666,9600.0,3000.0,3.2,34.7,0.2,129.46666666666667,300.0,100.0,3.3,23.0,0.1,400.0,100.0,3.2,23.0,0.1,2300.0,800.0,2.8,25.3,0.3,1000.0,300.0,3.7,24.6,0.1,900.0,300.0,3.6,28.5,0.3
lid_p2,05,Al6061_lid05_p2,E5EDCE94-46C8-449C-9FA0-71F22978959A,8,230,2025-07-10 16:06:53.379783,21,0.0001678978379824,256,1,8,30.0005,AUTO,7,ARMED,100,0.0,5,2584006.653,5,000473_A_A_PROGRAM_2.NC,33,100,0,7,100,9244.49225694575,689067.547999999,5,362.404404499582,5,252.563799549553,29,-342.932135670234,5134.333333333333,44.11333333333334,NONE,15.068666666666664,59.99,7606F116-3463-4EEF-96CC-1AC408FAA001,0.88,E5EDCE94-46C8-449C-9FA0-71F22978959A,0.3346666666666666,6900.0,2100.0,3.3,34.7,0.5,129.76666666666665,400.0,100.0,3.3,23.0,0.1,400.0,100.0,3.9,23.0,0.1,2600.0,1000.0,2.6,25.3,0.4,1200.0,400.0,3.1,24.6,0.1,2000.0,800.0,2.3,28.5,0.8
lid_p2,05,Al6061_lid05_p2,E5EDCE94-46C8-449C-9FA0-71F22978959A,8,231,2025-07-10 16:06:54.379935,21,0.0001678978379824,256,1,8,30.0005,AUTO,7,ARMED,100,0.0,5,2584006.653,5,000473_A_A_PROGRAM_2.NC,34,100,0,5,100,10048.3677011894,689067.547999999,4,362.404393055578,5,252.563799549553,31,-342.932009799879,5134.333333333333,44.11333333333334,NONE,15.068666666666664,59.99,7606F116-3463-4EEF-96CC-1AC408FAA001,0.88,E5EDCE94-46C8-449C-9FA0-71F22978959A,0.3346666666666666,6500.0,2000.0,3.2,34.7,0.5,129.76666666666665,300.0,100.0,3.3,23.0,0.1,400.0,100.0,3.5,23.0,0.1,5300.0,2400.0,2.2,25.3,0.9,1900.0,700.0,2.9,24.6,0.2,2900.0,1600.0,1.9,28.5,1.5
lid_p2,05,Al6061_lid05_p2,E5EDCE94-46C8-449C-9FA0-71F22978959A,8,232,2025-07-10 16:06:55.380148,21,0.0001678978379824,256,1,8,30.0005,AUTO,7,ARMED,100,0.0,5,2584006.653,5,000473_A_A_PROGRAM_2.NC,35,100,0,4,100,10714.4309556477,689067.547999999,5,362.404393055578,5,252.563799549553,30,-342.932089899196,4001.0,33.49666666666666,NONE,15.071333333333332,59.99,7606F116-3463-4EEF-96CC-1AC408FAA001,0.8833333333333333,E5EDCE94-46C8-449C-9FA0-71F22978959A,0.3346666666666666,7200.0,2100.0,3.5,34.7,0.5,130.46666666666667,300.0,100.0,3.3,23.0,0.2,400.0,100.0,3.5,23.0,0.1,2600.0,900.0,3.0,25.3,0.3,1600.0,500.0,3.0,24.6,0.2,1200.0,400.0,2.7,28.5,0.4
lid_p2,05,Al6061_lid05_p2,E5EDCE94-46C8-449C-9FA0-71F22978959A,8,233,2025-07-10 16:06:56.380299,21,0.0001678978379824,258,1,8,30.0005,AUTO,7,ARMED,100,20.61667,5,2584006.653,5,000473_A_A_PROGRAM_2.NC,36,100,0,3,100,12000.0,689067.547999999,5,364.589934020809,12,253.110068498973,27,-343.713630373479,3703.3333333333335,30.19,NONE,15.072666666666668,59.98,7606F116-3463-4EEF-96CC-1AC408FAA001,0.9366666666666666,E5EDCE94-46C8-449C-9FA0-71F22978959A,0.3346666666666666,7600.0,2200.0,3.5,34.7,0.5,130.6,500.0,100.0,4.6,23.0,0.1,500.0,100.0,3.9,23.0,0.1,4500.0,1100.0,4.1,25.3,0.4,1500.0,400.0,3.5,24.6,0.2,3200.0,900.0,3.6,28.5,0.7
lid_p2,05,Al6061_lid05_p2,E5EDCE94-46C8-449C-9FA0-71F22978959A,8,234,2025-07-10 16:06:57.380451,21,0.0001678978379824,260,1,8,30.0005,AUTO,7,ARMED,100,20.61667,5,2584006.653,5,000473_A_A_PROGRAM_2.NC,37,100,0,3,100,12000.0,689067.547999999,4,360.211400193425,11,253.061900742673,27,-345.125552468967,3252.6666666666665,28.153333333333336,NONE,15.073333333333336,59.98,7606F116-3463-4EEF-96CC-1AC408FAA001,0.8833333333333333,E5EDCE94-46C8-449C-9FA0-71F22978959A,0.3346666666666666,6500.0,1800.0,3.6,34.7,0.5,130.79999999999998,600.0,100.0,4.3,23.0,0.1,600.0,200.0,3.7,23.0,0.1,4300.0,1200.0,3.7,25.3,0.4,1800.0,500.0,3.5,24.6,0.3,3000.0,800.0,3.7,28.5,0.6
lid_p2,05,Al6061_lid05_p2,E5EDCE94-46C8-449C-9FA0-71F22978959A,8,235,2025-07-10 16:06:58.380570,21,0.0001678978379824,261,1,8,30.0005,AUTO,7,ARMED,100,20.61667,5,2584006.653,5,000473_A_A_PROGRAM_2.NC,38,100,0,0,100,12000.0,689067.547999999,1,364.598757922814,9,252.07129818361,25,-346.611886829525,2956.0,25.126666666666665,NONE,15.073666666666668,59.98,7606F116-3463-4EEF-96CC-1AC408FAA001,0.88,E5EDCE94-46C8-449C-9FA0-71F22978959A,0.3346666666666666,4600.0,1400.0,3.3,34.7,0.5,131.0,600.0,200.0,3.5,23.0,0.1,700.0,200.0,3.2,23.0,0.1,3700.0,1100.0,3.5,25.3,0.4,2200.0,700.0,3.4,24.6,0.3,3100.0,700.0,4.2,28.5,0.6
lid_p2,05,Al6061_lid05_p2,E5EDCE94-46C8-449C-9FA0-71F22978959A,8,236,2025-07-10 16:06:59.380720,21,0.0001678978379824,264,1,8,30.0005,AUTO,7,ARMED,100,20.61667,5,2584006.653,5,000473_A_A_PROGRAM_2.NC,39,100,0,0,100,12000.0,689067.547999999,0,360.2276290664,10,251.983186935355,31,-347.694612176775,2956.0,25.126666666666665,NONE,15.073666666666668,59.98,7606F116-3463-4EEF-96CC-1AC408FAA001,0.88,E5EDCE94-46C8-449C-9FA0-71F22978959A,0.3346666666666666,4600.0,1300.0,3.5,34.7,0.5,131.0,500.0,100.0,3.2,23.0,0.1,700.0,200.0,3.2,23.0,0.1,3600.0,1100.0,3.4,25.3,0.4,2300.0,600.0,3.8,24.6,0.3,1700.0,700.0,2.4,28.5,0.6
lid_p2,05,Al6061_lid05_p2,E5EDCE94-46C8-449C-9FA0-71F22978959A,8,237,2025-07-10 16:07:00.380872,21,0.0001678978379824,269,1,8,30.001,AUTO,7,ARMED,100,20.61667,5,2584006.653,5,000473_A_A_PROGRAM_2.NC,40,100,0,0,100,12000.0,689067.547999999,10,361.704409110664,5,250.426547751195,27,-348.139838506408,1244.6666666666667,10.829999999999998,NONE,15.074333333333334,59.98,7606F116-3463-4EEF-96CC-1AC408FAA001,0.8700000000000001,E5EDCE94-46C8-449C-9FA0-71F22978959A,0.3346666666666666,4900.0,1300.0,3.7,34.7,0.5,131.9,700.0,200.0,3.7,23.0,0.1,800.0,200.0,3.5,23.0,0.1,3100.0,1100.0,2.9,25.3,0.4,2200.0,600.0,3.7,24.6,0.3,3200.0,800.0,4.2,28.5,0.6
lid_p2,05,Al6061_lid05_p2,E5EDCE94-46C8-449C-9FA0-71F22978959A,8,238,2025-07-10 16:07:01.381025,21,0.0001678978379824,270,1,8,30.001,AUTO,7,ARMED,100,20.61667,5,2584006.653,5,000473_A_A_PROGRAM_2.NC,41,100,0,0,100,12000.0,689067.547999999,0,363.994265736137,10,254.155308448316,26,-349.551875029491,1157.0,9.973333333333334,NONE,15.074666666666667,59.98,7606F116-3463-4EEF-96CC-1AC408FAA001,0.8733333333333334,E5EDCE94-46C8-449C-9FA0-71F22978959A,0.3346666666666666,4900.0,1300.0,3.8,34.7,0.5,131.96666666666667,600.0,200.0,3.3,23.0,0.1,700.0,200.0,3.1,23.0,0.1,4100.0,1100.0,3.6,25.3,0.4,2600.0,700.0,4.0,24.6,0.3,3300.0,800.0,4.3,28.5,0.6
lid_p2,05,Al6061_lid05_p2,E5EDCE94-46C8-449C-9FA0-71F22978959A,8,239,2025-07-10 16:07:02.381212,21,0.0001678978379824,272,1,8,30.001,AUTO,7,ARMED,100,20.61667,5,2584006.653,5,000473_A_A_PROGRAM_2.NC,42,100,0,0,100,12000.0,689067.547999999,2,361.374790135464,3,254.566184371655,25,-350.741155353264,1263.6666666666667,10.926666666666668,NONE,15.074999999999998,59.98,7606F116-3463-4EEF-96CC-1AC408FAA001,0.8766666666666666,E5EDCE94-46C8-449C-9FA0-71F22978959A,0.3346666666666666,4400.0,1300.0,3.3,34.7,0.5,131.9,700.0,200.0,3.7,23.0,0.1,700.0,200.0,3.2,23.0,0.1,3300.0,900.0,3.6,25.3,0.3,3700.0,800.0,4.9,24.6,0.3,2800.0,800.0,3.6,28.5,0.6
lid_p2,05,Al6061_lid05_p2,E5EDCE94-46C8-449C-9FA0-71F22978959A,8,240,2025-07-10 16:07:03.381416,21,0.0001678978379824,273,1,8,30.0005,AUTO,7,ARMED,100,20.61667,5,2584006.653,5,000473_A_A_PROGRAM_2.NC,43,100,0,0,100,12000.0,689067.547999999,1,364.231016300248,5,251.252710096601,27,-352.302657201019,1265.0,10.933333333333332,NONE,15.074999999999998,59.97,7606F116-3463-4EEF-96CC-1AC408FAA001,0.88,E5EDCE94-46C8-449C-9FA0-71F22978959A,0.3346666666666666,5600.0,1400.0,3.9,34.7,0.5,131.86666666666665,700.0,200.0,3.8,23.0,0.1,800.0,200.0,3.4,23.0,0.2,3400.0,1100.0,3.1,25.3,0.4,3200.0,800.0,3.8,24.6,0.3,2800.0,700.0,3.8,28.5,0.6
lid_p2,05,Al6061_lid05_p2,E5EDCE94-46C8-449C-9FA0-71F22978959A,8,241,2025-07-10 16:07:04.381630,21,0.0001678978379824,276,1,8,30.0005,AUTO,7,ARMED,100,20.41667,5,2584006.653,5,000473_A_A_PROGRAM_2.NC,44,100,0,0,100,12000.0,689067.547999999,2,362.404187063507,13,252.565664925647,32,-352.45821259391,1275.0,11.063333333333333,NONE,15.076,59.97,7606F116-3463-4EEF-96CC-1AC408FAA001,0.88,E5EDCE94-46C8-449C-9FA0-71F22978959A,0.3346666666666666,4600.0,1300.0,3.5,34.7,0.5,131.9,800.0,200.0,5.2,23.0,0.5,800.0,200.0,3.6,23.0,0.2,3200.0,1000.0,3.1,25.3,0.4,6600.0,1000.0,6.8,24.6,0.3,23300.0,3800.0,6.2,28.5,0.7
lid_p2,05,Al6061_lid05_p2,E5EDCE94-46C8-449C-9FA0-71F22978959A,8,242,2025-07-10 16:07:05.381780,21,0.0001678978379824,282,1,8,30.0005,AUTO,7,ARMED,100,20.35,5,2584006.653,5,000473_A_A_PROGRAM_2.NC,45,100,0,0,100,12000.0,689067.547999999,11,398.035721279015,0,253.565311963447,31,-343.106969592731,1181.6666666666667,10.213333333333331,NONE,15.076,59.97,7606F116-3463-4EEF-96CC-1AC408FAA001,0.8533333333333334,E5EDCE94-46C8-449C-9FA0-71F22978959A,0.3346666666666666,4200.0,1300.0,3.3,34.7,0.5,131.96666666666667,500.0,100.0,3.2,23.0,0.2,600.0,200.0,2.9,23.0,0.1,4900.0,1100.0,4.3,25.3,0.4,1600.0,500.0,3.2,24.6,0.3,2600.0,700.0,3.6,28.5,0.6
lid_p2,05,Al6061_lid05_p2,E5EDCE94-46C8-449C-9FA0-71F22978959A,8,243,2025-07-10 16:07:06.382053,21,0.0001678978379824,284,1,8,30.0005,AUTO,7,ARMED,100,20.61667,5,2584006.653,5,000473_A_A_PROGRAM_2.NC,46,100,0,0,100,12000.0,689067.547999999,8,399.750875473627,8,250.75992075486,28,-344.518800146143,1180.0,10.29,NONE,15.076333333333336,59.97,7606F116-3463-4EEF-96CC-1AC408FAA001,0.8233333333333333,E5EDCE94-46C8-449C-9FA0-71F22978959A,0.3346666666666666,4500.0,1300.0,3.5,34.7,0.5,131.93333333333334,500.0,100.0,3.2,23.0,0.2,600.0,200.0,3.1,23.0,0.1,4100.0,1100.0,3.7,25.3,0.4,1700.0,500.0,3.4,24.6,0.3,3100.0,700.0,4.2,28.5,0.6
lid_p2,05,Al6061_lid05_p2,E5EDCE94-46C8-449C-9FA0-71F22978959A,8,244,2025-07-10 16:07:07.382340,21,0.0001678978379824,285,1,8,30.001,AUTO,7,ARMED,100,20.61667,5,2584006.653,5,000473_A_A_PROGRAM_2.NC,47,100,0,0,100,12000.0,689067.547999999,1,400.536485038821,8,253.293813086209,27,-345.708297882347,1129.3333333333333,9.716666666666669,NONE,15.076666666666666,59.97,7606F116-3463-4EEF-96CC-1AC408FAA001,0.8866666666666667,E5EDCE94-46C8-449C-9FA0-71F22978959A,0.3346666666666666,5000.0,1400.0,3.7,34.7,0.5,131.96666666666667,500.0,200.0,3.1,23.0,0.2,700.0,200.0,3.3,23.0,0.1,5000.0,900.0,5.3,25.3,0.3,2600.0,600.0,4.1,24.6,0.3,2600.0,700.0,3.5,28.5,0.6
lid_p2,05,Al6061_lid05_p2,E5EDCE94-46C8-449C-9FA0-71F22978959A,8,245,2025-07-10 16:07:08.382491,21,0.0001678978379824,287,1,8,30.0005,AUTO,7,ARMED,100,20.61667,5,2584006.653,5,000473_A_A_PROGRAM_2.NC,48,100,0,0,100,12000.0,689067.547999999,8,396.178182730663,3,252.874321727017,26,-347.120528932342,1207.6666666666667,10.44,NONE,15.076999999999998,59.97,7606F116-3463-4EEF-96CC-1AC408FAA001,0.9066666666666668,E5EDCE94-46C8-449C-9FA0-71F22978959A,0.3346666666666666,4600.0,1300.0,3.4,34.7,0.5,131.9,500.0,200.0,3.0,23.0,0.2,700.0,200.0,3.0,23.0,0.1,3800.0,1200.0,3.1,25.3,0.4,2400.0,700.0,3.6,24.6,0.3,3200.0,700.0,4.3,28.5,0.6
lid_p2,05,Al6061_lid05_p2,E5EDCE94-46C8-449C-9FA0-71F22978959A,8,246,2025-07-10 16:07:09.382704,21,0.0001678978379824,289,1,8,30.001,AUTO,7,ARMED,100,20.33333,5,2584006.653,5,000473_A_A_PROGRAM_2.NC,49,100,0,0,100,12000.0,689067.547999999,16,399.777494854344,1,254.01717632433,31,-347.694612176775,1263.3333333333333,10.953333333333331,NONE,15.077999999999998,59.97,7606F116-3463-4EEF-96CC-1AC408FAA001,0.86,E5EDCE94-46C8-449C-9FA0-71F22978959A,0.3346666666666666,4000.0,1300.0,3.0,34.7,0.5,131.9,500.0,200.0,3.3,23.0,0.5,600.0,200.0,3.0,23.0,0.1,3800.0,1100.0,3.4,25.3,0.4,2100.0,600.0,3.7,24.6,0.3,1700.0,700.0,2.4,28.5,0.6
lid_p2,05,Al6061_lid05_p2,E5EDCE94-46C8-449C-9FA0-71F22978959A,8,247,2025-07-10 16:07:10.383043,21,0.0001678978379824,294,1,8,30.0005,AUTO,7,ARMED,100,20.61667,5,2584006.653,5,000473_A_A_PROGRAM_2.NC,50,100,0,0,100,12000.0,689067.547999999,1,398.638958075665,8,254.800729939323,28,-348.668860163905,1152.3333333333333,9.94,NONE,15.077999999999998,59.97,7606F116-3463-4EEF-96CC-1AC408FAA001,0.8999999999999999,E5EDCE94-46C8-449C-9FA0-71F22978959A,0.3346666666666666,4700.0,1400.0,3.4,34.7,0.5,132.00000000000003,500.0,200.0,3.1,23.0,0.2,800.0,200.0,3.3,23.0,0.1,4000.0,1200.0,3.3,25.3,0.4,2800.0,700.0,4.2,24.6,0.3,3100.0,800.0,4.1,28.5,0.6
lid_p2,05,Al6061_lid05_p2,E5EDCE94-46C8-449C-9FA0-71F22978959A,8,248,2025-07-10 16:07:11.383196,21,0.0001678978379824,296,1,8,30.001,AUTO,7,ARMED,100,20.61667,5,2584006.653,5,000473_A_A_PROGRAM_2.NC,51,100,0,0,100,12000.0,689067.547999999,9,398.178848476952,8,250.326710076094,26,-350.154931340994,1266.6666666666667,10.99,NONE,15.078333333333331,59.97,7606F116-3463-4EEF-96CC-1AC408FAA001,0.8733333333333334,E5EDCE94-46C8-449C-9FA0-71F22978959A,0.3346666666666666,4500.0,1300.0,3.4,34.7,0.5,131.9,600.0,200.0,3.4,23.0,0.2,700.0,200.0,3.1,23.0,0.1,3600.0,1100.0,3.3,25.3,0.4,2900.0,700.0,4.0,24.6,0.3,3100.0,800.0,4.0,28.5,0.6
lid_p2,05,Al6061_lid05_p2,E5EDCE94-46C8-449C-9FA0-71F22978959A,8,249,2025-07-10 16:07:12.383410,21,0.0001678978379824,297,1,8,30.001,AUTO,7,ARMED,100,20.61667,5,2584006.653,5,000473_A_A_PROGRAM_2.NC,52,100,0,0,100,12000.0,689067.547999999,10,399.623973218345,4,254.454529866191,26,-351.566567367494,1269.3333333333333,11.013333333333334,NONE,15.078666666666669,59.97,7606F116-3463-4EEF-96CC-1AC408FAA001,0.8733333333333334,E5EDCE94-46C8-449C-9FA0-71F22978959A,0.3346666666666666,5700.0,1400.0,4.0,34.7,0.5,131.86666666666665,600.0,200.0,2.9,23.0,0.2,800.0,200.0,3.4,23.0,0.1,3400.0,1000.0,3.5,25.3,0.3,3300.0,700.0,4.5,24.6,0.3,2400.0,700.0,3.4,28.5,0.6
lid_p2,05,Al6061_lid05_p2,E5EDCE94-46C8-449C-9FA0-71F22978959A,8,250,2025-07-10 16:07:13.383733,21,0.0001678978379824,300,1,8,30.0005,AUTO,7,ARMED,100,20.61667,5,2584006.653,5,000473_A_A_PROGRAM_2.NC,53,100,0,0,100,12000.0,689067.547999999,11,397.210128442496,4,250.657694170463,32,-352.457077240557,1286.0,11.166666666666666,NONE,15.079000000000002,59.97,7606F116-3463-4EEF-96CC-1AC408FAA001,0.8766666666666666,E5EDCE94-46C8-449C-9FA0-71F22978959A,0.3346666666666666,4900.0,1400.0,3.6,34.7,0.5,131.9,500.0,200.0,3.3,23.0,0.2,700.0,200.0,3.4,23.0,0.1,3800.0,1200.0,3.2,25.3,0.4,2600.0,600.0,4.0,24.6,0.3,1700.0,700.0,2.4,28.5,0.6
lid_p2,16,Al6061_lid16_p2,E5EDCE94-46C8-449C-9FA0-71F22978959A,8,205,2025-07-29 12:45:25.410815,7,0.0006680210239097,253,1,3,30.0005,AUTO,7,ARMED,100,0.0,5,2709739.2,16,000473_A_A_PROGRAM_2.NC,34,100,0,0,100,0.0,738423.582999998,6,80.7871732130525,3,455.759182220481,35,-99.8669982674121,748.0,7.306666666666666,UNAVAILABLE,41.34166666666667,59.99,7606F116-3463-4EEF-96CC-1AC408FAA001,0.9933333333333332,E5EDCE94-46C8-449C-9FA0-71F22978959A,1.231666666666667,5400.0,900.0,6.3,33.9,0.1,132.83333333333334,400.0,100.0,3.3,23.0,0.4,5000.0,800.0,6.0,22.8,0.1,28500.0,7000.0,4.0,25.3,0.2,2300.0,300.0,7.1,23.6,0.1,800.0,200.0,5.0,28.2,0.1
lid_p2,16,Al6061_lid16_p2,E5EDCE94-46C8-449C-9FA0-71F22978959A,8,206,2025-07-29 12:45:26.411118,7,0.0006680210239097,254,1,3,30.0005,AUTO,7,ARMED,100,281.2833,5,2709739.2,16,000473_A_A_PROGRAM_2.NC,35,100,0,25,100,3128.83953570155,738423.582999998,6,362.404507495618,7,252.563650777226,26,-106.988443422684,1906.6666666666667,19.60666666666667,UNAVAILABLE,41.34166666666667,59.99,7606F116-3463-4EEF-96CC-1AC408FAA001,1.0,E5EDCE94-46C8-449C-9FA0-71F22978959A,1.231666666666667,10400.0,2300.0,4.4,33.9,0.1,132.33333333333334,300.0,100.0,4.2,23.0,0.1,1900.0,400.0,5.3,22.8,0.0,2600.0,600.0,4.3,25.3,0.1,27200.0,4700.0,5.8,23.6,0.1,46600.0,10800.0,4.3,28.2,1.1
lid_p2,16,Al6061_lid16_p2,E5EDCE94-46C8-449C-9FA0-71F22978959A,8,207,2025-07-29 12:45:27.411268,7,0.0006680210239097,256,1,3,30.0005,AUTO,7,ARMED,100,0.0,5,2709739.2,16,000473_A_A_PROGRAM_2.NC,36,100,0,13,100,6193.53998508539,738423.582999998,5,362.404393055578,5,252.563788105528,28,-342.932147112994,6138.0,51.06,UNAVAILABLE,41.34333333333333,59.99,7606F116-3463-4EEF-96CC-1AC408FAA001,0.8866666666666667,E5EDCE94-46C8-449C-9FA0-71F22978959A,1.231666666666667,6900.0,2300.0,3.1,33.9,0.3,129.9333333333333,300.0,100.0,3.6,22.9,0.1,300.0,100.0,4.1,22.8,0.1,1500.0,500.0,3.0,25.3,0.2,2900.0,300.0,8.4,23.6,0.1,1300.0,200.0,7.8,28.2,0.1
lid_p2,16,Al6061_lid16_p2,E5EDCE94-46C8-449C-9FA0-71F22978959A,8,208,2025-07-29 12:45:28.411439,7,0.0006680210239097,256,1,3,30.0005,AUTO,7,ARMED,100,0.0,5,2710099.507,16,000473_A_A_PROGRAM_2.NC,37,100,0,9,100,7891.24250643529,738423.582999998,5,362.404393055578,5,252.563799549553,29,-342.932067013677,5966.0,49.48,UNAVAILABLE,41.345,59.99,7606F116-3463-4EEF-96CC-1AC408FAA001,0.9433333333333334,E5EDCE94-46C8-449C-9FA0-71F22978959A,1.231666666666667,10300.0,3100.0,3.4,33.9,0.2,130.06666666666666,400.0,100.0,2.7,22.9,0.2,400.0,100.0,3.1,22.8,0.1,2400.0,800.0,2.8,25.3,0.3,1200.0,300.0,4.4,23.6,0.1,700.0,200.0,3.7,28.2,0.2
lid_p2,16,Al6061_lid16_p2,E5EDCE94-46C8-449C-9FA0-71F22978959A,8,209,2025-07-29 12:45:29.411735,7,0.0006680210239097,256,1,3,30.0005,AUTO,7,ARMED,100,0.0,5,2710099.507,16,000473_A_A_PROGRAM_2.NC,38,100,0,7,100,9049.31226996998,738423.582999998,5,362.404404499582,5,252.563799549553,29,-342.932089899196,5858.666666666667,48.6,UNAVAILABLE,41.34666666666666,59.99,7606F116-3463-4EEF-96CC-1AC408FAA001,0.8866666666666667,E5EDCE94-46C8-449C-9FA0-71F22978959A,1.231666666666667,7900.0,2100.0,3.7,33.9,0.4,130.13333333333333,500.0,200.0,2.8,22.9,0.2,400.0,100.0,3.6,22.8,0.1,2500.0,900.0,2.9,25.3,0.4,1200.0,300.0,3.7,23.6,0.1,1800.0,700.0,2.6,28.2,0.7
lid_p2,16,Al6061_lid16_p2,E5EDCE94-46C8-449C-9FA0-71F22978959A,8,210,2025-07-29 12:45:30.411886,7,0.0006680210239097,256,1,3,30.0005,AUTO,7,ARMED,100,0.0,5,2710099.507,16,000473_A_A_PROGRAM_2.NC,39,100,0,5,100,9948.24427864975,738423.582999998,5,362.404404499582,5,252.563799549553,29,-342.932089899196,4903.666666666667,40.68333333333333,UNAVAILABLE,41.34733333333333,59.99,7606F116-3463-4EEF-96CC-1AC408FAA001,0.8866666666666667,E5EDCE94-46C8-449C-9FA0-71F22978959A,1.231666666666667,6600.0,2200.0,3.0,33.9,0.5,130.63333333333333,500.0,100.0,3.3,22.9,0.2,400.0,100.0,3.6,22.8,0.1,5600.0,2600.0,2.1,25.3,1.0,1900.0,600.0,3.3,23.6,0.2,3900.0,2100.0,1.8,28.2,2.0
lid_p2,16,Al6061_lid16_p2,E5EDCE94-46C8-449C-9FA0-71F22978959A,8,211,2025-07-29 12:45:31.412202,7,0.0006680210239097,256,1,3,30.0005,AUTO,7,ARMED,100,0.0,5,2710099.507,16,000473_A_A_PROGRAM_2.NC,40,100,0,4,100,10736.6691465002,738423.582999998,4,362.404404499582,5,252.563799549553,30,-342.932124227474,4194.333333333333,34.91,UNAVAILABLE,41.349,59.99,7606F116-3463-4EEF-96CC-1AC408FAA001,0.8833333333333333,E5EDCE94-46C8-449C-9FA0-71F22978959A,1.231666666666667,7800.0,2100.0,3.7,33.9,0.5,131.03333333333333,500.0,200.0,3.0,22.9,0.2,400.0,100.0,3.5,22.8,0.1,2800.0,1000.0,2.8,25.3,0.4,1600.0,600.0,2.9,23.6,0.2,1800.0,500.0,3.9,28.2,0.4
lid_p2,16,Al6061_lid16_p2,E5EDCE94-46C8-449C-9FA0-71F22978959A,8,212,2025-07-29 12:45:32.412352,7,0.0006680210239097,258,1,3,30.0005,AUTO,7,ARMED,100,20.61667,5,2710099.507,16,000473_A_A_PROGRAM_2.NC,41,100,0,3,100,12000.0,738423.582999998,8,364.411602682401,2,251.549155026083,27,-343.601170933051,3788.0,31.626666666666665,UNAVAILABLE,41.35,59.99,7606F116-3463-4EEF-96CC-1AC408FAA001,0.8833333333333333,E5EDCE94-46C8-449C-9FA0-71F22978959A,1.231666666666667,7200.0,2100.0,3.5,33.9,0.5,131.26666666666668,500.0,200.0,2.7,22.9,0.2,400.0,100.0,3.5,22.8,0.1,4200.0,1200.0,3.6,25.3,0.4,1600.0,500.0,3.5,23.6,0.2,2900.0,700.0,4.1,28.2,0.6
lid_p2,16,Al6061_lid16_p2,E5EDCE94-46C8-449C-9FA0-71F22978959A,8,213,2025-07-29 12:45:33.412460,7,0.0006680210239097,260,1,3,30.0005,AUTO,7,ARMED,100,20.61667,5,2710099.507,16,000473_A_A_PROGRAM_2.NC,42,100,0,3,100,12000.0,738423.582999998,7,361.076177790566,9,254.379688507495,27,-345.01284128783,3489.0,30.06,UNAVAILABLE,41.351333333333336,59.99,7606F116-3463-4EEF-96CC-1AC408FAA001,0.88,E5EDCE94-46C8-449C-9FA0-71F22978959A,1.231666666666667,19400.0,4200.0,4.7,33.9,0.5,131.36666666666667,400.0,100.0,2.8,22.9,0.2,1900.0,400.0,4.7,22.8,0.1,4100.0,1100.0,3.6,25.3,0.4,10200.0,2300.0,4.4,23.6,0.3,5400.0,1400.0,3.9,28.2,0.6
lid_p2,16,Al6061_lid16_p2,E5EDCE94-46C8-449C-9FA0-71F22978959A,8,214,2025-07-29 12:45:34.412610,7,0.0006680210239097,261,1,3,30.0005,AUTO,7,ARMED,100,20.61667,5,2710099.507,16,000473_A_A_PROGRAM_2.NC,43,100,0,2,100,12000.0,738423.582999998,9,363.745595985181,5,250.757391634669,26,-346.499782114641,3232.6666666666665,27.183333333333334,UNAVAILABLE,41.352,59.99,7606F116-3463-4EEF-96CC-1AC408FAA001,0.88,E5EDCE94-46C8-449C-9FA0-71F22978959A,1.231666666666667,6000.0,1600.0,3.8,33.9,0.5,131.56666666666666,500.0,200.0,2.4,22.9,0.2,700.0,200.0,3.3,22.8,0.1,3400.0,1000.0,3.5,25.3,0.3,2600.0,700.0,3.8,23.6,0.3,2700.0,700.0,4.0,28.2,0.5
lid_p2,16,Al6061_lid16_p2,E5EDCE94-46C8-449C-9FA0-71F22978959A,8,215,2025-07-29 12:45:35.412907,7,0.0006680210239097,263,1,3,30.0005,AUTO,7,ARMED,100,20.61667,5,2710099.507,16,000473_A_A_PROGRAM_2.NC,44,100,0,0,100,12000.0,738423.582999998,12,362.014289535031,6,254.784094763744,28,-347.69473804713,2316.333333333333,20.51666666666667,UNAVAILABLE,41.35233333333333,59.99,7606F116-3463-4EEF-96CC-1AC408FAA001,0.53,E5EDCE94-46C8-449C-9FA0-71F22978959A,1.231666666666667,4500.0,1400.0,3.2,33.9,0.5,132.0,500.0,200.0,2.4,22.9,0.2,700.0,200.0,3.2,22.8,0.1,4600.0,1000.0,4.6,25.3,0.4,2900.0,700.0,4.4,23.6,0.3,1600.0,600.0,2.6,28.2,0.5
lid_p2,16,Al6061_lid16_p2,E5EDCE94-46C8-449C-9FA0-71F22978959A,8,216,2025-07-29 12:45:36.413059,7,0.0006680210239097,269,1,3,30.0005,AUTO,7,ARMED,100,20.41667,5,2710099.507,16,000473_A_A_PROGRAM_2.NC,45,100,0,0,100,12000.0,738423.582999998,6,360.158965042768,11,252.395652488542,26,-347.954076748581,1295.0,11.186666666666667,UNAVAILABLE,41.353,59.99,7606F116-3463-4EEF-96CC-1AC408FAA001,0.84,E5EDCE94-46C8-449C-9FA0-71F22978959A,1.231666666666667,5000.0,1400.0,3.6,33.9,0.5,132.5666666666667,500.0,200.0,2.5,22.9,0.2,700.0,200.0,3.2,22.8,0.1,4400.0,900.0,4.7,25.3,0.3,2200.0,600.0,3.8,23.6,0.3,2300.0,600.0,3.6,28.2,0.5
lid_p2,16,Al6061_lid16_p2,E5EDCE94-46C8-449C-9FA0-71F22978959A,8,217,2025-07-29 12:45:37.413231,7,0.0006680210239097,270,1,3,30.0005,AUTO,7,ARMED,100,20.61667,5,2710099.507,16,000473_A_A_PROGRAM_2.NC,46,100,0,0,100,12000.0,738423.582999998,4,364.649786953159,12,252.737440976239,26,-349.440296681544,1212.0,10.426666666666668,UNAVAILABLE,41.35366666666667,59.99,7606F116-3463-4EEF-96CC-1AC408FAA001,0.9133333333333332,E5EDCE94-46C8-449C-9FA0-71F22978959A,1.231666666666667,5400.0,1400.0,3.9,33.9,0.5,132.63333333333333,500.0,200.0,2.6,22.9,0.2,800.0,200.0,3.2,22.8,0.1,7000.0,1100.0,6.2,25.3,0.4,2900.0,700.0,4.2,23.6,0.3,3300.0,700.0,5.1,28.2,0.5
lid_p2,16,Al6061_lid16_p2,E5EDCE94-46C8-449C-9FA0-71F22978959A,8,218,2025-07-29 12:45:38.413381,7,0.0006680210239097,272,1,3,30.0005,AUTO,7,ARMED,100,20.61667,5,2710099.507,16,000473_A_A_PROGRAM_2.NC,47,100,0,0,100,12000.0,738423.582999998,12,360.325452645395,7,253.421060026875,28,-350.852413303944,1317.6666666666667,11.39,UNAVAILABLE,41.354000000000006,59.99,7606F116-3463-4EEF-96CC-1AC408FAA001,0.8700000000000001,E5EDCE94-46C8-449C-9FA0-71F22978959A,1.231666666666667,5800.0,1400.0,4.2,33.8,0.5,132.5666666666667,500.0,200.0,2.4,22.9,0.2,700.0,200.0,3.2,22.8,0.1,3800.0,1000.0,3.9,25.3,0.3,3100.0,800.0,4.1,23.6,0.3,2800.0,600.0,4.4,28.2,0.5
lid_p2,16,Al6061_lid16_p2,E5EDCE94-46C8-449C-9FA0-71F22978959A,8,219,2025-07-29 12:45:39.413533,7,0.0006680210239097,273,1,3,30.0005,AUTO,7,ARMED,100,20.61667,5,2710099.507,16,000473_A_A_PROGRAM_2.NC,48,100,0,0,100,12000.0,738423.582999998,12,362.942638892827,7,250.372988253673,27,-352.191090295832,1320.6666666666667,11.436666666666667,UNAVAILABLE,41.354000000000006,59.99,7606F116-3463-4EEF-96CC-1AC408FAA001,0.8733333333333334,E5EDCE94-46C8-449C-9FA0-71F22978959A,1.231666666666667,5700.0,1500.0,3.8,33.8,0.5,132.53333333333333,500.0,200.0,2.5,22.9,0.2,800.0,200.0,3.4,22.8,0.1,4500.0,1000.0,4.6,25.3,0.3,3800.0,900.0,4.4,23.6,0.3,3000.0,700.0,4.4,28.2,0.5
lid_p2,16,Al6061_lid16_p2,E5EDCE94-46C8-449C-9FA0-71F22978959A,8,220,2025-07-29 12:45:40.413805,7,0.0006680210239097,276,1,3,30.0005,AUTO,7,ARMED,100,11.73333,5,2710099.507,16,000473_A_A_PROGRAM_2.NC,49,100,0,0,100,12000.0,738423.582999998,5,364.453313694538,11,253.45955628856,32,-352.457054355038,1314.3333333333333,11.38,UNAVAILABLE,41.35433333333333,59.99,7606F116-3463-4EEF-96CC-1AC408FAA001,0.8566666666666668,E5EDCE94-46C8-449C-9FA0-71F22978959A,1.231666666666667,4800.0,1300.0,3.6,33.8,0.5,132.53333333333333,600.0,200.0,3.0,22.9,0.5,800.0,200.0,3.4,22.8,0.1,3200.0,1000.0,3.3,25.3,0.4,3800.0,600.0,6.2,23.6,0.3,22900.0,3100.0,7.3,28.2,0.5
lid_p2,16,Al6061_lid16_p2,E5EDCE94-46C8-449C-9FA0-71F22978959A,8,221,2025-07-29 12:45:41.413957,7,0.0006680210239097,281,1,3,30.0005,AUTO,7,ARMED,100,58.78333,5,2710099.507,16,000473_A_A_PROGRAM_2.NC,50,100,0,1,100,12000.0,738423.582999998,5,398.65010407274,6,252.599048892691,44,-342.932284426108,1406.3333333333333,12.623333333333331,UNAVAILABLE,41.35466666666667,59.99,7606F116-3463-4EEF-96CC-1AC408FAA001,0.9933333333333332,E5EDCE94-46C8-449C-9FA0-71F22978959A,1.231666666666667,4100.0,1300.0,3.1,33.8,0.5,132.5,500.0,200.0,2.7,22.9,0.3,700.0,200.0,3.3,22.8,0.1,4000.0,1000.0,3.8,25.3,0.4,2300.0,500.0,4.5,23.6,0.3,2700.0,600.0,4.2,28.2,0.5
lid_p2,16,Al6061_lid16_p2,E5EDCE94-46C8-449C-9FA0-71F22978959A,8,222,2025-07-29 12:45:42.414108,7,0.0006680210239097,284,1,3,30.0005,AUTO,7,ARMED,100,20.61667,5,2710099.507,16,000473_A_A_PROGRAM_2.NC,51,100,0,0,100,12000.0,738423.582999998,2,396.50666707677,13,251.357908291135,26,-344.259644528844,1168.6666666666667,9.980000000000002,UNAVAILABLE,41.355,59.99,7606F116-3463-4EEF-96CC-1AC408FAA001,0.88,E5EDCE94-46C8-449C-9FA0-71F22978959A,1.231666666666667,4200.0,1300.0,3.2,33.8,0.5,132.63333333333333,500.0,200.0,2.3,22.9,0.2,700.0,200.0,3.2,22.8,0.1,3200.0,1100.0,3.0,25.3,0.4,1700.0,500.0,3.4,23.6,0.3,3000.0,700.0,4.6,28.2,0.5
lid_p2,16,Al6061_lid16_p2,E5EDCE94-46C8-449C-9FA0-71F22978959A,8,223,2025-07-29 12:45:43.414261,7,0.0006680210239097,285,1,3,30.0005,AUTO,7,ARMED,100,20.61667,5,2710099.507,16,000473_A_A_PROGRAM_2.NC,52,100,0,0,100,12000.0,738423.582999998,3,400.302975128332,11,253.774426030291,25,-345.745727148692,1185.6666666666667,10.183333333333334,UNAVAILABLE,41.35533333333333,59.99,7606F116-3463-4EEF-96CC-1AC408FAA001,0.8733333333333334,E5EDCE94-46C8-449C-9FA0-71F22978959A,1.231666666666667,7900.0,1500.0,5.2,33.8,0.5,132.63333333333333,500.0,200.0,2.5,22.9,0.2,800.0,200.0,3.3,22.8,0.1,3800.0,900.0,4.1,25.3,0.3,2200.0,600.0,3.6,23.6,0.3,2600.0,700.0,3.9,28.2,0.5
lid_p2,16,Al6061_lid16_p2,E5EDCE94-46C8-449C-9FA0-71F22978959A,8,224,2025-07-29 12:45:44.414543,7,0.0006680210239097,287,1,3,30.0005,AUTO,7,ARMED,100,20.61667,5,2710099.507,16,000473_A_A_PROGRAM_2.NC,53,100,0,0,100,12000.0,738423.582999998,2,396.164109488915,10,252.341110264845,26,-347.15811839732,1315.6666666666667,11.39,UNAVAILABLE,41.35533333333333,59.99,7606F116-3463-4EEF-96CC-1AC408FAA001,0.8766666666666666,E5EDCE94-46C8-449C-9FA0-71F22978959A,1.231666666666667,5000.0,1400.0,3.5,33.8,0.5,132.53333333333333,500.0,200.0,2.3,22.9,0.2,700.0,200.0,3.1,22.8,0.1,3300.0,1100.0,3.1,25.3,0.4,2400.0,600.0,3.7,23.6,0.3,3000.0,700.0,4.5,28.2,0.5
lid_p2,16,Al6061_lid16_p2,E5EDCE94-46C8-449C-9FA0-71F22978959A,8,225,2025-07-29 12:45:45.414829,7,0.0006680210239097,289,1,3,30.0005,AUTO,7,ARMED,100,20.61667,5,2710099.507,16,000473_A_A_PROGRAM_2.NC,54,100,0,0,100,12000.0,738423.582999998,8,399.92779088551,4,250.906438066169,31,-347.694623619535,1306.3333333333333,11.293333333333337,UNAVAILABLE,41.35633333333333,59.99,7606F116-3463-4EEF-96CC-1AC408FAA001,0.8633333333333333,E5EDCE94-46C8-449C-9FA0-71F22978959A,1.231666666666667,4900.0,1400.0,3.6,33.8,0.5,132.5666666666667,600.0,200.0,2.9,22.9,0.5,700.0,200.0,3.2,22.8,0.1,3300.0,1100.0,3.1,25.3,0.4,2200.0,600.0,4.0,23.6,0.3,1400.0,600.0,2.4,28.2,0.5
lid_p2,16,Al6061_lid16_p2,E5EDCE94-46C8-449C-9FA0-71F22978959A,8,226,2025-07-29 12:45:46.415171,7,0.0006680210239097,294,1,3,30.0005,AUTO,7,ARMED,100,20.61667,5,2710099.507,16,000473_A_A_PROGRAM_2.NC,55,100,0,0,100,12000.0,738423.582999998,1,400.025013299384,10,254.12559916962,27,-348.558311664314,1202.6666666666667,10.356666666666667,UNAVAILABLE,41.35666666666667,59.99,7606F116-3463-4EEF-96CC-1AC408FAA001,0.8766666666666666,E5EDCE94-46C8-449C-9FA0-71F22978959A,1.231666666666667,5000.0,1400.0,3.5,33.8,0.5,132.53333333333333,500.0,200.0,2.3,22.9,0.2,900.0,200.0,3.6,22.8,0.1,3900.0,1000.0,3.9,25.3,0.4,2600.0,600.0,4.0,23.6,0.3,3100.0,700.0,4.7,28.2,0.5
lid_p2,16,Al6061_lid16_p2,E5EDCE94-46C8-449C-9FA0-71F22978959A,8,227,2025-07-29 12:45:47.415320,7,0.0006680210239097,296,1,3,30.0005,AUTO,7,ARMED,100,20.61667,5,2710099.507,16,000473_A_A_PROGRAM_2.NC,56,100,0,0,100,12000.0,738423.582999998,1,396.791164638459,9,250.998440018255,27,-350.044771895226,1295.3333333333333,11.213333333333331,UNAVAILABLE,41.35666666666667,59.99,7606F116-3463-4EEF-96CC-1AC408FAA001,0.8966666666666666,E5EDCE94-46C8-449C-9FA0-71F22978959A,1.231666666666667,4900.0,1400.0,3.6,33.8,0.5,132.53333333333333,600.0,200.0,2.6,22.9,0.2,800.0,200.0,3.2,22.8,0.1,3600.0,1200.0,3.1,25.3,0.4,3000.0,700.0,4.5,23.6,0.3,3000.0,600.0,4.7,28.2,0.5
lid_p2,16,Al6061_lid16_p2,E5EDCE94-46C8-449C-9FA0-71F22978959A,8,228,2025-07-29 12:45:48.415472,7,0.0006680210239097,297,1,3,30.0005,AUTO,7,ARMED,100,20.61667,5,2710099.507,16,000473_A_A_PROGRAM_2.NC,57,100,0,1,100,12000.0,738423.582999998,10,400.556994265875,8,253.232072799205,27,-351.456934288664,1313.3333333333333,11.366666666666667,UNAVAILABLE,41.357000000000006,59.99,7606F116-3463-4EEF-96CC-1AC408FAA001,0.87,E5EDCE94-46C8-449C-9FA0-71F22978959A,1.231666666666667,6000.0,1400.0,4.3,33.8,0.5,132.53333333333333,600.0,200.0,2.4,22.9,0.2,800.0,200.0,3.5,22.8,0.1,4000.0,900.0,4.3,25.3,0.3,2500.0,700.0,3.6,23.6,0.3,2900.0,600.0,4.5,28.2,0.5
lid_p2,16,Al6061_lid16_p2,E5EDCE94-46C8-449C-9FA0-71F22978959A,8,229,2025-07-29 12:45:49.415626,7,0.0006680210239097,300,1,3,30.0005,AUTO,7,ARMED,100,20.61667,5,2710099.507,16,000473_A_A_PROGRAM_2.NC,58,100,0,0,100,12000.0,738423.582999998,7,396.263588642757,6,251.868746684208,31,-352.457123011595,1317.6666666666667,11.4,UNAVAILABLE,41.358,59.99,7606F116-3463-4EEF-96CC-1AC408FAA001,0.8766666666666666,E5EDCE94-46C8-449C-9FA0-71F22978959A,1.231666666666667,5600.0,1400.0,3.9,33.8,0.5,132.53333333333333,500.0,200.0,2.5,22.9,0.2,700.0,200.0,3.2,22.8,0.1,3400.0,1100.0,3.1,25.3,0.4,2900.0,700.0,4.2,23.6,0.3,1700.0,600.0,2.8,28.2,0.5
lid_p2,17,Al6061_lid17_p2,E5EDCE94-46C8-449C-9FA0-71F22978959A,8,158,2025-07-29 12:56:18.183739,7,0.0006680210239097,251,1,3,30.0005,AUTO,7,ARMED,100,0.0,5,2710459.997,17,000473_A_A_PROGRAM_2.NC,22,100,0,0,100,0.0,738783.695999999,5,75.6054075438218,4,455.763797015502,38,-99.8669982674121,736.0,7.046666666666667,UNAVAILABLE,41.53433333333333,59.99,7606F116-3463-4EEF-96CC-1AC408FAA001,0.9433333333333334,E5EDCE94-46C8-449C-9FA0-71F22978959A,1.2436666666666667,3700.0,300.0,14.5,34.3,0.1,132.9,400.0,100.0,4.6,23.0,0.3,2600.0,300.0,9.2,22.8,0.1,20500.0,2800.0,7.3,25.0,0.1,1800.0,200.0,11.7,23.9,0.1,600.0,100.0,5.9,28.4,0.1
lid_p2,17,Al6061_lid17_p2,E5EDCE94-46C8-449C-9FA0-71F22978959A,8,159,2025-07-29 12:56:19.549393,7,0.0006680210239097,254,1,3,30.0005,AUTO,7,ARMED,100,472.7,5,2710459.997,17,000473_A_A_PROGRAM_2.NC,23,100,0,24,100,3448.48972262719,738783.695999999,6,362.404450275598,6,252.563673665277,33,-131.124648010807,2866.333333333333,25.51333333333333,UNAVAILABLE,41.53533333333333,59.99,7606F116-3463-4EEF-96CC-1AC408FAA001,1.0,E5EDCE94-46C8-449C-9FA0-71F22978959A,1.2436666666666667,9500.0,2400.0,4.0,34.3,0.2,131.9333333333333,300.0,100.0,4.1,22.9,0.1,1900.0,400.0,4.7,22.8,0.1,3400.0,700.0,4.8,25.0,0.2,32800.0,6000.0,5.5,23.9,0.1,49400.0,13400.0,3.7,28.4,1.3
lid_p2,17,Al6061_lid17_p2,E5EDCE94-46C8-449C-9FA0-71F22978959A,8,160,2025-07-29 12:56:20.549583,7,0.0006680210239097,256,1,3,30.0005,AUTO,7,ARMED,100,0.0,5,2710459.997,17,000473_A_A_PROGRAM_2.NC,24,100,0,13,100,6232.52821920163,738783.695999999,5,362.404404499582,5,252.563799549553,29,-342.932124227474,5880.666666666667,49.01,UNAVAILABLE,41.53666666666667,59.99,7606F116-3463-4EEF-96CC-1AC408FAA001,0.91,E5EDCE94-46C8-449C-9FA0-71F22978959A,1.2436666666666667,8000.0,2200.0,3.6,34.3,0.3,130.20000000000002,300.0,100.0,3.5,22.9,0.1,300.0,100.0,3.8,22.8,0.1,1800.0,500.0,3.9,25.0,0.2,1200.0,300.0,4.0,23.9,0.1,500.0,100.0,3.8,28.4,0.1
lid_p2,17,Al6061_lid17_p2,E5EDCE94-46C8-449C-9FA0-71F22978959A,8,161,2025-07-29 12:56:21.549778,7,0.0006680210239097,256,1,3,30.0005,AUTO,7,ARMED,100,0.0,5,2710459.997,17,000473_A_A_PROGRAM_2.NC,25,100,0,9,100,7991.65942036713,738783.695999999,5,362.404404499582,5,252.563799549553,29,-342.932112784715,5944.333333333333,49.41333333333333,UNAVAILABLE,41.53866666666666,59.99,7606F116-3463-4EEF-96CC-1AC408FAA001,0.9233333333333332,E5EDCE94-46C8-449C-9FA0-71F22978959A,1.2436666666666667,11100.0,3100.0,3.6,34.3,0.2,130.1,400.0,100.0,3.1,22.9,0.1,500.0,100.0,3.8,22.8,0.1,2000.0,800.0,2.7,25.0,0.3,1000.0,300.0,3.9,23.9,0.1,800.0,200.0,4.0,28.4,0.2
lid_p2,17,Al6061_lid17_p2,E5EDCE94-46C8-449C-9FA0-71F22978959A,8,162,2025-07-29 12:56:22.549942,7,0.0006680210239097,256,1,3,30.0005,AUTO,7,ARMED,100,0.0,5,2710459.997,17,000473_A_A_PROGRAM_2.NC,26,100,0,7,100,9168.54458711693,738783.695999999,5,362.404404499582,5,252.563810993578,29,-342.932124227474,5676.666666666667,47.03333333333333,UNAVAILABLE,41.53966666666667,59.99,7606F116-3463-4EEF-96CC-1AC408FAA001,0.8833333333333333,E5EDCE94-46C8-449C-9FA0-71F22978959A,1.2436666666666667,7600.0,2300.0,3.4,34.3,0.5,130.33333333333334,700.0,200.0,2.9,22.9,0.2,400.0,100.0,3.6,22.8,0.1,3100.0,1000.0,3.0,25.0,0.4,1200.0,400.0,3.2,23.9,0.1,2100.0,900.0,2.3,28.4,0.9
lid_p2,17,Al6061_lid17_p2,E5EDCE94-46C8-449C-9FA0-71F22978959A,8,163,2025-07-29 12:56:23.550204,7,0.0006680210239097,256,1,3,30.0005,AUTO,7,ARMED,100,0.0,5,2710459.997,17,000473_A_A_PROGRAM_2.NC,27,100,0,5,100,10077.0817719299,738783.695999999,4,362.404358723566,5,252.563799549553,29,-342.932009799879,4555.0,37.806666666666665,UNAVAILABLE,41.54166666666666,59.99,7606F116-3463-4EEF-96CC-1AC408FAA001,0.8866666666666667,E5EDCE94-46C8-449C-9FA0-71F22978959A,1.2436666666666667,7200.0,2200.0,3.2,34.3,0.5,130.9333333333333,400.0,100.0,3.4,22.9,0.1,400.0,100.0,3.7,22.8,0.1,5700.0,2600.0,2.1,25.0,1.0,1800.0,600.0,3.0,23.9,0.2,3400.0,1800.0,1.8,28.4,1.7
lid_p2,17,Al6061_lid17_p2,E5EDCE94-46C8-449C-9FA0-71F22978959A,8,164,2025-07-29 12:56:24.550494,7,0.0006680210239097,256,1,3,30.0005,AUTO,7,ARMED,100,0.0,5,2710459.997,17,000473_A_A_PROGRAM_2.NC,28,100,0,4,100,10677.6926286497,738783.695999999,4,362.40437016757,5,252.563788105528,30,-342.932067013677,3949.0,32.846666666666664,UNAVAILABLE,41.54266666666667,59.99,7606F116-3463-4EEF-96CC-1AC408FAA001,0.8866666666666667,E5EDCE94-46C8-449C-9FA0-71F22978959A,1.2436666666666667,7000.0,2100.0,3.4,34.3,0.5,131.33333333333334,500.0,200.0,2.8,22.9,0.2,400.0,100.0,3.7,22.8,0.1,2800.0,900.0,3.1,25.0,0.3,1700.0,500.0,3.1,23.9,0.2,1300.0,500.0,2.7,28.4,0.4
lid_p2,17,Al6061_lid17_p2,E5EDCE94-46C8-449C-9FA0-71F22978959A,8,165,2025-07-29 12:56:25.550854,7,0.0006680210239097,258,1,3,30.0005,AUTO,7,ARMED,100,20.61667,5,2710459.997,17,000473_A_A_PROGRAM_2.NC,29,100,0,3,100,12000.0,738783.695999999,8,364.126223556182,0,251.116515257743,27,-343.564782957821,3775.6666666666665,31.68,UNAVAILABLE,41.54366666666666,59.99,7606F116-3463-4EEF-96CC-1AC408FAA001,0.9433333333333334,E5EDCE94-46C8-449C-9FA0-71F22978959A,1.2436666666666667,7200.0,2100.0,3.4,34.3,0.5,131.33333333333334,500.0,200.0,3.0,22.9,0.2,500.0,100.0,3.7,22.8,0.1,4300.0,1100.0,3.7,25.0,0.4,1800.0,500.0,3.9,23.9,0.2,3100.0,900.0,3.5,28.4,0.7
lid_p2,17,Al6061_lid17_p2,E5EDCE94-46C8-449C-9FA0-71F22978959A,8,166,2025-07-29 12:56:26.551203,7,0.0006680210239097,260,1,3,30.0005,AUTO,7,ARMED,100,20.61667,5,2710459.997,17,000473_A_A_PROGRAM_2.NC,30,100,0,3,100,12000.0,738783.695999999,4,360.679168598183,10,254.007223215707,27,-345.051185974936,3337.333333333333,27.96666666666667,UNAVAILABLE,41.54366666666666,59.99,7606F116-3463-4EEF-96CC-1AC408FAA001,0.8866666666666667,E5EDCE94-46C8-449C-9FA0-71F22978959A,1.2436666666666667,6200.0,1800.0,3.5,34.3,0.5,131.53333333333333,500.0,200.0,3.0,22.9,0.2,600.0,200.0,3.7,22.8,0.1,4100.0,1200.0,3.4,25.0,0.4,2200.0,500.0,4.1,23.9,0.3,3400.0,800.0,4.2,28.4,0.7
lid_p2,17,Al6061_lid17_p2,E5EDCE94-46C8-449C-9FA0-71F22978959A,8,167,2025-07-29 12:56:27.551394,7,0.0006680210239097,261,1,3,30.0005,AUTO,7,ARMED,100,20.61667,5,2710459.997,17,000473_A_A_PROGRAM_2.NC,31,100,0,2,100,12000.0,738783.695999999,8,363.292390541201,8,250.493539168094,26,-346.463211055259,3337.333333333333,27.96666666666667,UNAVAILABLE,41.54366666666666,59.99,7606F116-3463-4EEF-96CC-1AC408FAA001,0.8866666666666667,E5EDCE94-46C8-449C-9FA0-71F22978959A,1.2436666666666667,5300.0,1500.0,3.6,34.3,0.5,131.53333333333333,600.0,300.0,2.2,22.9,0.2,800.0,200.0,3.4,22.8,0.1,4800.0,1200.0,4.0,25.0,0.4,2700.0,700.0,4.0,23.9,0.3,2800.0,700.0,4.0,28.4,0.5
lid_p2,17,Al6061_lid17_p2,E5EDCE94-46C8-449C-9FA0-71F22978959A,8,168,2025-07-29 12:56:28.551739,7,0.0006680210239097,263,1,3,30.0005,AUTO,7,ARMED,100,20.61667,5,2710459.997,17,000473_A_A_PROGRAM_2.NC,32,100,0,0,100,12000.0,738783.695999999,13,361.497746140277,6,254.623852060628,27,-347.694715161611,2674.0,25.543333333333333,UNAVAILABLE,41.54466666666666,59.99,7606F116-3463-4EEF-96CC-1AC408FAA001,0.7933333333333333,E5EDCE94-46C8-449C-9FA0-71F22978959A,1.2436666666666667,5500.0,1400.0,3.9,34.3,0.5,131.83333333333334,600.0,200.0,2.5,22.9,0.2,700.0,200.0,3.1,22.8,0.1,5100.0,1000.0,4.9,25.0,0.4,2300.0,700.0,3.5,23.9,0.3,1600.0,700.0,2.4,28.4,0.5
lid_p2,17,Al6061_lid17_p2,E5EDCE94-46C8-449C-9FA0-71F22978959A,8,169,2025-07-29 12:56:29.552089,7,0.0006680210239097,269,1,3,30.0005,AUTO,7,ARMED,100,20.55,5,2710459.997,17,000473_A_A_PROGRAM_2.NC,33,100,0,0,100,12000.0,738783.695999999,6,360.586207724477,11,253.887953363507,26,-347.843287951041,1309.3333333333333,11.353333333333332,UNAVAILABLE,41.54466666666666,59.99,7606F116-3463-4EEF-96CC-1AC408FAA001,0.8666666666666667,E5EDCE94-46C8-449C-9FA0-71F22978959A,1.2436666666666667,4900.0,1400.0,3.5,34.3,0.5,132.6,500.0,200.0,2.1,22.9,0.2,700.0,200.0,2.9,22.8,0.1,3500.0,1200.0,2.9,25.0,0.4,2500.0,600.0,3.9,23.9,0.3,1900.0,700.0,2.8,28.4,0.6
lid_p2,17,Al6061_lid17_p2,E5EDCE94-46C8-449C-9FA0-71F22978959A,8,170,2025-07-29 12:56:30.552436,7,0.0006680210239097,270,1,3,30.0005,AUTO,7,ARMED,100,20.61667,5,2710459.997,17,000473_A_A_PROGRAM_2.NC,34,100,0,0,100,12000.0,738783.695999999,6,364.225832166464,11,251.244458985029,27,-349.3291417157,1290.6666666666667,11.14,UNAVAILABLE,41.54666666666666,59.99,7606F116-3463-4EEF-96CC-1AC408FAA001,0.9066666666666668,E5EDCE94-46C8-449C-9FA0-71F22978959A,1.2436666666666667,4900.0,1300.0,3.6,34.3,0.5,132.63333333333333,500.0,300.0,2.1,22.9,0.2,700.0,200.0,3.1,22.8,0.1,4700.0,1000.0,4.5,25.0,0.4,2400.0,700.0,3.6,23.9,0.3,3000.0,700.0,4.3,28.4,0.5
lid_p2,17,Al6061_lid17_p2,E5EDCE94-46C8-449C-9FA0-71F22978959A,8,171,2025-07-29 12:56:31.552769,7,0.0006680210239097,272,1,3,30.0005,AUTO,7,ARMED,100,20.61667,5,2710459.997,17,000473_A_A_PROGRAM_2.NC,35,100,0,0,100,12000.0,738783.695999999,10,361.374790135464,6,254.563735297347,26,-350.741544407087,1309.3333333333333,11.28,UNAVAILABLE,41.54666666666666,59.99,7606F116-3463-4EEF-96CC-1AC408FAA001,0.8733333333333334,E5EDCE94-46C8-449C-9FA0-71F22978959A,1.2436666666666667,5000.0,1400.0,3.6,34.3,0.5,132.5666666666667,600.0,200.0,2.3,22.9,0.2,700.0,200.0,3.3,22.8,0.1,4300.0,900.0,4.6,25.0,0.3,3300.0,700.0,4.6,23.9,0.3,2900.0,700.0,4.0,28.4,0.5
lid_p2,17,Al6061_lid17_p2,E5EDCE94-46C8-449C-9FA0-71F22978959A,8,172,2025-07-29 12:56:32.552979,7,0.0006680210239097,273,1,3,30.0005,AUTO,7,ARMED,100,20.61667,5,2710459.997,17,000473_A_A_PROGRAM_2.NC,36,100,0,0,100,12000.0,738783.695999999,11,363.441711904593,7,250.565510375688,26,-352.228794188405,1315.6666666666667,11.373333333333337,UNAVAILABLE,41.547,59.99,7606F116-3463-4EEF-96CC-1AC408FAA001,0.8666666666666667,E5EDCE94-46C8-449C-9FA0-71F22978959A,1.2436666666666667,5700.0,1500.0,3.9,34.3,0.5,132.6,600.0,300.0,2.3,22.9,0.2,800.0,200.0,3.3,22.8,0.1,3600.0,1100.0,3.1,25.0,0.4,4000.0,900.0,4.6,23.9,0.3,2700.0,700.0,3.7,28.4,0.5
lid_p2,17,Al6061_lid17_p2,E5EDCE94-46C8-449C-9FA0-71F22978959A,8,173,2025-07-29 12:56:33.553261,7,0.0006680210239097,277,1,3,30.0005,AUTO,7,ARMED,100,7.9,5,2710459.997,17,000473_A_A_PROGRAM_2.NC,37,100,0,0,100,12000.0,738783.695999999,7,362.404198507511,1,252.565687813697,32,-352.458109605421,1330.3333333333333,11.5,UNAVAILABLE,41.54733333333333,59.99,7606F116-3463-4EEF-96CC-1AC408FAA001,0.8300000000000001,E5EDCE94-46C8-449C-9FA0-71F22978959A,1.2436666666666667,4300.0,1300.0,3.2,34.3,0.5,132.56666666666666,600.0,200.0,2.6,22.9,0.3,800.0,200.0,3.4,22.8,0.2,2600.0,900.0,2.7,25.0,0.4,7100.0,1100.0,6.7,23.9,0.3,22100.0,3800.0,5.8,28.4,0.6
lid_p2,17,Al6061_lid17_p2,E5EDCE94-46C8-449C-9FA0-71F22978959A,8,174,2025-07-29 12:56:34.553468,7,0.0006680210239097,281,1,3,30.0005,AUTO,7,ARMED,100,20.28333,5,2710459.997,17,000473_A_A_PROGRAM_2.NC,38,100,0,0,100,12000.0,738783.695999999,15,397.053784809369,5,254.361640889811,31,-343.033941901562,1395.0,12.373333333333337,UNAVAILABLE,41.547666666666665,59.99,7606F116-3463-4EEF-96CC-1AC408FAA001,0.91,E5EDCE94-46C8-449C-9FA0-71F22978959A,1.2436666666666667,4300.0,1300.0,3.2,34.3,0.5,132.5,500.0,200.0,2.2,22.9,0.3,700.0,200.0,3.1,22.8,0.1,5600.0,1100.0,4.9,25.0,0.4,2000.0,500.0,3.7,23.9,0.3,2500.0,700.0,3.7,28.4,0.6
lid_p2,17,Al6061_lid17_p2,E5EDCE94-46C8-449C-9FA0-71F22978959A,8,175,2025-07-29 12:56:35.553651,7,0.0006680210239097,284,1,3,30.0005,AUTO,7,ARMED,100,20.61667,5,2710459.997,17,000473_A_A_PROGRAM_2.NC,39,100,0,0,100,12000.0,738783.695999999,9,398.801909353062,5,250.340590338472,28,-344.445829668771,1166.3333333333333,9.98,UNAVAILABLE,41.547666666666665,59.99,7606F116-3463-4EEF-96CC-1AC408FAA001,0.8766666666666666,E5EDCE94-46C8-449C-9FA0-71F22978959A,1.2436666666666667,4900.0,1300.0,3.8,34.3,0.5,132.6,600.0,200.0,2.6,22.9,0.2,600.0,200.0,3.1,22.8,0.1,4000.0,1100.0,3.7,25.0,0.4,1700.0,500.0,3.3,23.9,0.3,2300.0,700.0,3.4,28.4,0.5
lid_p2,17,Al6061_lid17_p2,E5EDCE94-46C8-449C-9FA0-71F22978959A,8,176,2025-07-29 12:56:36.794556,7,0.0006680210239097,286,1,3,30.0005,AUTO,7,ARMED,100,20.61667,5,2710459.997,17,000473_A_A_PROGRAM_2.NC,40,100,0,0,100,12000.0,738783.695999999,8,396.378708493623,2,253.536896449087,28,-346.08096567395,1189.6666666666667,10.226666666666665,UNAVAILABLE,41.54833333333334,59.99,7606F116-3463-4EEF-96CC-1AC408FAA001,0.8833333333333333,E5EDCE94-46C8-449C-9FA0-71F22978959A,1.2436666666666667,5500.0,1400.0,4.0,34.3,0.5,132.63333333333335,600.0,300.0,2.2,22.9,0.2,800.0,200.0,3.2,22.8,0.1,3200.0,1100.0,2.8,25.0,0.4,2300.0,600.0,3.6,23.9,0.3,3200.0,700.0,4.6,28.4,0.5
lid_p2,17,Al6061_lid17_p2,E5EDCE94-46C8-449C-9FA0-71F22978959A,8,177,2025-07-29 12:56:37.794815,7,0.0006680210239097,287,1,3,30.0005,AUTO,7,ARMED,100,20.61667,5,2710459.997,17,000473_A_A_PROGRAM_2.NC,41,100,0,0,100,12000.0,738783.695999999,6,399.774532101675,12,250.778391343038,27,-347.493803190198,1309.0,11.316666666666668,UNAVAILABLE,41.54833333333334,59.99,7606F116-3463-4EEF-96CC-1AC408FAA001,0.8766666666666666,E5EDCE94-46C8-449C-9FA0-71F22978959A,1.2436666666666667,4700.0,1300.0,3.6,34.3,0.5,132.53333333333333,500.0,300.0,2.2,22.9,0.2,700.0,200.0,3.3,22.8,0.1,4100.0,1100.0,3.7,25.0,0.4,2100.0,600.0,3.3,23.9,0.3,2900.0,700.0,4.3,28.4,0.5
lid_p2,17,Al6061_lid17_p2,E5EDCE94-46C8-449C-9FA0-71F22978959A,8,178,2025-07-29 12:56:38.795137,7,0.0006680210239097,291,1,3,30.0005,AUTO,7,ARMED,100,19.48333,5,2710459.997,17,000473_A_A_PROGRAM_2.NC,42,100,0,0,100,12000.0,738783.695999999,17,398.877342751931,11,252.685485294497,31,-347.694669390573,1273.0,10.99,UNAVAILABLE,41.54866666666667,60.0,7606F116-3463-4EEF-96CC-1AC408FAA001,0.8466666666666667,E5EDCE94-46C8-449C-9FA0-71F22978959A,1.2436666666666667,4500.0,1300.0,3.4,34.3,0.5,132.56666666666666,600.0,200.0,2.6,22.9,0.5,700.0,200.0,3.0,22.8,0.1,5900.0,1100.0,5.3,25.0,0.4,1700.0,500.0,3.2,23.9,0.3,1700.0,700.0,2.6,28.4,0.5
lid_p2,17,Al6061_lid17_p2,E5EDCE94-46C8-449C-9FA0-71F22978959A,8,179,2025-07-29 12:56:40.087706,7,0.0006680210239097,295,1,3,30.0005,AUTO,7,ARMED,100,20.61667,5,2710459.997,17,000473_A_A_PROGRAM_2.NC,44,100,0,1,100,12000.0,738783.695999999,10,398.950956981209,3,254.746198077617,27,-349.637260900927,1233.0,10.613333333333337,UNAVAILABLE,41.54933333333333,60.0,7606F116-3463-4EEF-96CC-1AC408FAA001,0.9,E5EDCE94-46C8-449C-9FA0-71F22978959A,1.2436666666666667,5200.0,1300.0,3.9,34.3,0.5,132.63333333333333,600.0,300.0,2.1,22.9,0.2,700.0,200.0,3.1,22.8,0.1,4100.0,1100.0,3.9,25.0,0.4,2700.0,700.0,4.1,23.9,0.3,2600.0,700.0,3.8,28.4,0.5
lid_p2,17,Al6061_lid17_p2,E5EDCE94-46C8-449C-9FA0-71F22978959A,8,180,2025-07-29 12:56:41.416584,7,0.0006680210239097,297,1,3,30.0005,AUTO,7,ARMED,100,20.61667,5,2710459.997,17,000473_A_A_PROGRAM_2.NC,45,100,0,0,100,12000.0,738783.695999999,10,398.916129550409,5,250.364473930497,26,-351.197561258934,1316.0,11.346666666666666,UNAVAILABLE,41.54933333333333,60.0,7606F116-3463-4EEF-96CC-1AC408FAA001,0.8733333333333334,E5EDCE94-46C8-449C-9FA0-71F22978959A,1.2436666666666667,4800.0,1500.0,3.3,34.3,0.5,132.56666666666666,600.0,300.0,2.1,22.9,0.2,900.0,200.0,3.8,22.8,0.1,4400.0,1100.0,4.1,25.0,0.4,3300.0,700.0,4.7,23.9,0.3,3000.0,700.0,4.3,28.4,0.5
lid_p2,18,Al6061_lid18_p2,E5EDCE94-46C8-449C-9FA0-71F22978959A,8,186,2025-07-29 13:06:21.749668,7,0.0006680210239097,253,1,3,30.0005,AUTO,7,ARMED,100,500.6167,5,2711180.372,18,000473_A_A_PROGRAM_2.NC,38,100,0,20,100,1111.64880746632,739144.060999999,24,201.316838549109,15,366.696185481253,35,-99.8669982674121,580.3333333333334,5.07,UNAVAILABLE,41.72466666666667,60.0,7606F116-3463-4EEF-96CC-1AC408FAA001,0.9866666666666668,E5EDCE94-46C8-449C-9FA0-71F22978959A,1.2583333333333335,8300.0,1900.0,4.4,35.0,0.1,133.43333333333337,600.0,100.0,4.0,22.9,0.3,5600.0,1200.0,4.5,22.8,0.1,29300.0,7500.0,3.9,25.2,0.4,3300.0,800.0,4.3,24.1,0.1,800.0,200.0,4.0,29.0,0.1
lid_p2,18,Al6061_lid18_p2,E5EDCE94-46C8-449C-9FA0-71F22978959A,8,187,2025-07-29 13:06:22.749897,7,0.0006680210239097,254,1,3,30.0005,AUTO,7,ARMED,100,484.5333,5,2711180.372,18,000473_A_A_PROGRAM_2.NC,39,100,0,20,100,4521.27880747731,739144.060999999,5,362.404415943586,6,252.563776661503,12,-296.706213218685,652.6666666666666,7.303333333333334,UNAVAILABLE,41.72466666666667,60.0,7606F116-3463-4EEF-96CC-1AC408FAA001,1.0,E5EDCE94-46C8-449C-9FA0-71F22978959A,1.2583333333333335,14100.0,2500.0,5.7,35.0,0.2,133.4,300.0,100.0,4.6,22.9,0.1,1700.0,400.0,4.8,22.8,0.1,3200.0,700.0,4.7,25.2,0.2,26100.0,6200.0,4.2,24.1,0.2,57300.0,13700.0,4.2,29.0,1.3
lid_p2,18,Al6061_lid18_p2,E5EDCE94-46C8-449C-9FA0-71F22978959A,8,188,2025-07-29 13:06:23.750048,7,0.0006680210239097,256,1,3,30.0005,AUTO,7,ARMED,100,0.0,5,2711180.372,18,000473_A_A_PROGRAM_2.NC,40,100,0,12,100,6767.06418700375,739144.060999999,5,362.404393055578,5,252.563799549553,29,-342.932078456436,6084.0,50.43666666666667,UNAVAILABLE,41.726,60.0,7606F116-3463-4EEF-96CC-1AC408FAA001,0.9566666666666668,E5EDCE94-46C8-449C-9FA0-71F22978959A,1.2583333333333335,8700.0,2300.0,3.7,35.0,0.2,130.36666666666667,300.0,100.0,3.5,22.9,0.1,300.0,100.0,3.8,22.8,0.1,1800.0,500.0,3.5,25.2,0.2,1100.0,300.0,3.8,24.1,0.1,600.0,200.0,3.6,29.0,0.2
lid_p2,18,Al6061_lid18_p2,E5EDCE94-46C8-449C-9FA0-71F22978959A,8,189,2025-07-29 13:06:24.750317,7,0.0006680210239097,256,1,3,30.0005,AUTO,7,ARMED,100,0.0,5,2711180.372,18,000473_A_A_PROGRAM_2.NC,41,100,0,8,100,8296.45986120926,739144.060999999,5,362.404393055578,5,252.563799549553,29,-342.932112784715,5867.333333333333,48.26333333333333,UNAVAILABLE,41.72833333333333,60.0,7606F116-3463-4EEF-96CC-1AC408FAA001,0.94,E5EDCE94-46C8-449C-9FA0-71F22978959A,1.2583333333333335,10800.0,3100.0,3.5,35.0,0.3,130.5,400.0,100.0,3.0,22.9,0.1,400.0,100.0,3.5,22.8,0.1,2200.0,700.0,3.0,25.2,0.3,1100.0,300.0,4.1,24.1,0.1,900.0,300.0,2.9,29.0,0.3
lid_p2,18,Al6061_lid18_p2,E5EDCE94-46C8-449C-9FA0-71F22978959A,8,190,2025-07-29 13:06:25.750467,7,0.0006680210239097,256,1,3,30.0005,AUTO,7,ARMED,100,0.0,5,2711180.372,18,000473_A_A_PROGRAM_2.NC,42,100,0,6,100,9434.83948703127,739144.060999999,5,362.404381611574,5,252.563799549553,30,-342.932089899196,5828.666666666667,48.22666666666667,UNAVAILABLE,41.72966666666667,60.0,7606F116-3463-4EEF-96CC-1AC408FAA001,0.9133333333333334,E5EDCE94-46C8-449C-9FA0-71F22978959A,1.2583333333333335,8100.0,2300.0,3.5,35.0,0.5,130.5,600.0,200.0,2.5,22.9,0.2,300.0,100.0,3.3,22.8,0.1,2600.0,1100.0,2.4,25.2,0.5,1400.0,400.0,3.3,24.1,0.2,2000.0,900.0,2.2,29.1,0.9
lid_p2,18,Al6061_lid18_p2,E5EDCE94-46C8-449C-9FA0-71F22978959A,8,191,2025-07-29 13:06:26.750619,7,0.0006680210239097,256,1,3,30.0005,AUTO,7,ARMED,100,0.0,5,2711180.372,18,000473_A_A_PROGRAM_2.NC,43,100,0,5,100,10232.5806362268,739144.060999999,5,362.404415943586,5,252.563799549553,30,-342.932021242639,4871.333333333333,40.31333333333333,UNAVAILABLE,41.731,60.0,7606F116-3463-4EEF-96CC-1AC408FAA001,0.8833333333333333,E5EDCE94-46C8-449C-9FA0-71F22978959A,1.2583333333333335,7400.0,2200.0,3.3,35.0,0.5,131.1,400.0,100.0,3.1,22.9,0.1,300.0,100.0,3.5,22.8,0.1,5300.0,2400.0,2.2,25.2,0.9,1800.0,700.0,2.7,24.1,0.2,3600.0,1900.0,1.9,29.1,1.8
lid_p2,18,Al6061_lid18_p2,E5EDCE94-46C8-449C-9FA0-71F22978959A,8,192,2025-07-29 13:06:27.750920,7,0.0006680210239097,256,1,3,30.0005,AUTO,7,ARMED,100,0.0,5,2711180.372,18,000473_A_A_PROGRAM_2.NC,44,100,0,4,100,12000.0,739144.060999999,4,362.40486225974,5,252.561627069057,30,-342.932101341955,4174.666666666667,34.663333333333334,UNAVAILABLE,41.732,60.0,7606F116-3463-4EEF-96CC-1AC408FAA001,0.8833333333333333,E5EDCE94-46C8-449C-9FA0-71F22978959A,1.2583333333333335,6900.0,2100.0,3.3,35.0,0.5,131.46666666666667,500.0,100.0,3.3,22.9,0.3,400.0,100.0,3.7,22.8,0.1,5200.0,900.0,5.4,25.2,0.3,1700.0,500.0,3.3,24.1,0.2,1200.0,400.0,2.6,29.1,0.4
lid_p2,18,Al6061_lid18_p2,E5EDCE94-46C8-449C-9FA0-71F22978959A,8,193,2025-07-29 13:06:28.751190,7,0.0006680210239097,259,1,3,30.0005,AUTO,7,ARMED,100,20.61667,5,2711180.372,18,000473_A_A_PROGRAM_2.NC,45,100,0,3,100,12000.0,739144.060999999,12,361.701063003783,5,254.704705845624,27,-343.972648677665,3662.3333333333335,30.53,UNAVAILABLE,41.73333333333334,60.0,7606F116-3463-4EEF-96CC-1AC408FAA001,0.91,E5EDCE94-46C8-449C-9FA0-71F22978959A,1.2583333333333335,6600.0,2000.0,3.3,35.0,0.5,131.76666666666668,500.0,200.0,3.0,22.9,0.2,500.0,100.0,3.5,22.8,0.1,4100.0,1100.0,3.7,25.2,0.4,1600.0,500.0,3.6,24.1,0.2,2500.0,800.0,3.3,29.1,0.6
lid_p2,18,Al6061_lid18_p2,E5EDCE94-46C8-449C-9FA0-71F22978959A,8,194,2025-07-29 13:06:29.751496,7,0.0006680210239097,260,1,3,30.0005,AUTO,7,ARMED,100,20.61667,5,2711180.372,18,000473_A_A_PROGRAM_2.NC,46,100,0,3,100,12000.0,739144.060999999,12,362.062171561796,6,250.341163879813,26,-345.384261818646,3586.333333333333,30.89,UNAVAILABLE,41.73466666666666,60.0,7606F116-3463-4EEF-96CC-1AC408FAA001,0.8666666666666667,E5EDCE94-46C8-449C-9FA0-71F22978959A,1.2583333333333335,6700.0,1800.0,3.8,35.0,0.4,131.7,500.0,200.0,2.9,22.9,0.2,600.0,200.0,3.3,22.8,0.1,5800.0,1200.0,5.0,25.2,0.4,2700.0,600.0,4.9,24.1,0.3,3100.0,700.0,4.4,29.1,0.6
lid_p2,18,Al6061_lid18_p2,E5EDCE94-46C8-449C-9FA0-71F22978959A,8,195,2025-07-29 13:06:30.751709,7,0.0006680210239097,261,1,3,30.0005,AUTO,7,ARMED,100,20.61667,5,2711180.372,18,000473_A_A_PROGRAM_2.NC,47,100,0,0,100,12000.0,739144.060999999,10,362.741256613747,4,254.787523272291,27,-346.870767820597,3223.333333333333,27.26,UNAVAILABLE,41.73499999999999,60.0,7606F116-3463-4EEF-96CC-1AC408FAA001,0.88,E5EDCE94-46C8-449C-9FA0-71F22978959A,1.2583333333333335,5400.0,1400.0,3.9,35.0,0.5,131.96666666666667,600.0,200.0,2.4,22.9,0.2,700.0,200.0,3.2,22.8,0.1,4800.0,1000.0,4.9,25.2,0.3,2400.0,700.0,3.7,24.1,0.3,3200.0,700.0,4.7,29.1,0.5
lid_p2,18,Al6061_lid18_p2,E5EDCE94-46C8-449C-9FA0-71F22978959A,8,196,2025-07-29 13:06:31.752032,7,0.0006680210239097,264,1,3,30.0005,AUTO,7,ARMED,100,20.61667,5,2711180.372,18,000473_A_A_PROGRAM_2.NC,48,100,0,0,100,12000.0,739144.060999999,1,361.121085341901,10,250.714628195409,31,-347.694623619535,2493.0,21.72,UNAVAILABLE,41.736,60.0,7606F116-3463-4EEF-96CC-1AC408FAA001,0.7433333333333333,E5EDCE94-46C8-449C-9FA0-71F22978959A,1.2583333333333335,4500.0,1400.0,3.4,35.0,0.5,132.36666666666667,700.0,200.0,2.9,22.9,0.4,800.0,200.0,3.7,22.8,0.1,3000.0,1000.0,3.0,25.2,0.4,2200.0,600.0,3.6,24.1,0.3,1600.0,600.0,2.6,29.1,0.5
lid_p2,18,Al6061_lid18_p2,E5EDCE94-46C8-449C-9FA0-71F22978959A,8,197,2025-07-29 13:06:32.752316,7,0.0006680210239097,269,1,3,30.0005,AUTO,7,ARMED,100,20.61667,5,2711180.372,18,000473_A_A_PROGRAM_2.NC,49,100,0,0,100,12000.0,739144.060999999,12,363.24991039858,8,250.475228795674,26,-348.250604418429,1292.3333333333333,11.15,UNAVAILABLE,41.736,60.0,7606F116-3463-4EEF-96CC-1AC408FAA001,0.84,E5EDCE94-46C8-449C-9FA0-71F22978959A,1.2583333333333335,6600.0,1400.0,4.7,35.0,0.5,132.93333333333337,500.0,200.0,2.1,22.9,0.2,700.0,200.0,3.3,22.8,0.1,3100.0,900.0,3.3,25.2,0.3,2500.0,700.0,3.7,24.1,0.3,3000.0,700.0,4.3,29.1,0.5
lid_p2,18,Al6061_lid18_p2,E5EDCE94-46C8-449C-9FA0-71F22978959A,8,198,2025-07-29 13:06:34.121513,7,0.0006680210239097,271,1,3,30.0005,AUTO,7,ARMED,100,20.61667,5,2711180.372,18,000473_A_A_PROGRAM_2.NC,50,100,0,0,100,12000.0,739144.060999999,8,363.57410758616,5,250.640994885991,27,-350.257286824778,1310.0,11.316666666666668,UNAVAILABLE,41.736666666666665,60.0,7606F116-3463-4EEF-96CC-1AC408FAA001,0.8666666666666667,E5EDCE94-46C8-449C-9FA0-71F22978959A,1.2583333333333335,5300.0,1300.0,4.0,35.0,0.4,132.96666666666667,600.0,200.0,2.3,22.9,0.2,700.0,200.0,3.3,22.8,0.1,4300.0,1100.0,3.9,25.2,0.4,3000.0,700.0,4.3,24.1,0.3,2300.0,700.0,3.4,29.1,0.6
lid_p2,18,Al6061_lid18_p2,E5EDCE94-46C8-449C-9FA0-71F22978959A,8,199,2025-07-29 13:06:35.542710,7,0.0006680210239097,273,1,3,30.0005,AUTO,7,ARMED,100,20.61667,5,2711180.372,18,000473_A_A_PROGRAM_2.NC,52,100,0,1,100,12000.0,739144.060999999,0,364.648264880501,10,252.747340021329,26,-352.413754953066,1314.0,11.340000000000002,UNAVAILABLE,41.737,60.0,7606F116-3463-4EEF-96CC-1AC408FAA001,0.8733333333333334,E5EDCE94-46C8-449C-9FA0-71F22978959A,1.2583333333333335,5500.0,1500.0,3.7,35.0,0.5,132.93333333333337,600.0,200.0,2.5,22.9,0.2,800.0,200.0,3.5,22.8,0.1,3500.0,1000.0,3.4,25.2,0.4,3800.0,800.0,4.6,24.1,0.3,2900.0,700.0,4.3,29.1,0.5
lid_p2,18,Al6061_lid18_p2,E5EDCE94-46C8-449C-9FA0-71F22978959A,8,200,2025-07-29 13:06:36.614090,7,0.0006680210239097,277,1,3,30.0005,AUTO,7,ARMED,100,11.6,5,2711180.372,18,000473_A_A_PROGRAM_2.NC,53,100,0,0,100,12000.0,739144.060999999,3,362.404415943586,8,252.564417526909,57,-352.431149507606,1232.6666666666667,10.793333333333337,UNAVAILABLE,41.73766666666667,60.0,7606F116-3463-4EEF-96CC-1AC408FAA001,0.8366666666666666,E5EDCE94-46C8-449C-9FA0-71F22978959A,1.2583333333333335,4700.0,1300.0,3.6,35.0,0.5,133.03333333333333,600.0,200.0,2.7,22.9,0.5,700.0,200.0,3.2,22.8,0.1,2500.0,900.0,2.6,25.2,0.4,7000.0,1000.0,7.0,24.1,0.3,23700.0,3800.0,6.2,29.1,0.6
lid_p2,18,Al6061_lid18_p2,E5EDCE94-46C8-449C-9FA0-71F22978959A,8,201,2025-07-29 13:06:38.816187,7,0.0006680210239097,284,1,3,30.0005,AUTO,7,ARMED,100,20.61667,5,2711180.372,18,000473_A_A_PROGRAM_2.NC,55,100,0,0,100,12000.0,739144.060999999,6,400.089917220492,9,254.055709121469,28,-344.77987814704,1172.3333333333333,10.05,UNAVAILABLE,41.73833333333334,60.0,7606F116-3463-4EEF-96CC-1AC408FAA001,0.8833333333333333,E5EDCE94-46C8-449C-9FA0-71F22978959A,1.2583333333333335,27200.0,5400.0,5.1,35.0,0.5,133.03333333333333,600.0,200.0,2.5,22.9,0.2,2700.0,600.0,4.6,22.8,0.1,4200.0,1200.0,3.5,25.2,0.4,14900.0,3600.0,4.2,24.1,0.3,6000.0,1500.0,4.0,29.1,0.5
lid_p2,18,Al6061_lid18_p2,E5EDCE94-46C8-449C-9FA0-71F22978959A,8,202,2025-07-29 13:06:40.083686,7,0.0006680210239097,286,1,3,30.0005,AUTO,7,ARMED,100,20.61667,5,2711180.372,18,000473_A_A_PROGRAM_2.NC,56,100,0,0,100,12000.0,739144.060999999,3,400.346090884793,11,251.426006327575,27,-346.712182616598,1263.6666666666667,10.89,UNAVAILABLE,41.739333333333335,60.0,7606F116-3463-4EEF-96CC-1AC408FAA001,0.91,E5EDCE94-46C8-449C-9FA0-71F22978959A,1.2583333333333335,5300.0,1400.0,3.8,35.0,0.5,132.93333333333337,600.0,300.0,2.2,22.9,0.2,800.0,200.0,3.5,22.8,0.1,3600.0,1000.0,3.8,25.2,0.3,2400.0,700.0,3.5,24.1,0.3,2600.0,700.0,3.8,29.1,0.5
lid_p2,18,Al6061_lid18_p2,E5EDCE94-46C8-449C-9FA0-71F22978959A,8,203,2025-07-29 13:06:41.083970,7,0.0006680210239097,288,1,3,30.0005,AUTO,7,ARMED,100,20.61667,5,2711180.372,18,000473_A_A_PROGRAM_2.NC,57,100,0,0,100,12000.0,739144.060999999,9,397.180662762008,5,254.450299668631,29,-347.694635062294,1302.6666666666667,11.25,UNAVAILABLE,41.73966666666667,60.0,7606F116-3463-4EEF-96CC-1AC408FAA001,0.8633333333333333,E5EDCE94-46C8-449C-9FA0-71F22978959A,1.2583333333333335,4500.0,1400.0,3.4,35.0,0.5,132.96666666666667,600.0,200.0,2.6,22.9,0.2,700.0,200.0,3.3,22.8,0.1,3400.0,1100.0,3.0,25.2,0.4,2400.0,600.0,3.8,24.1,0.3,1600.0,600.0,2.5,29.1,0.5
lid_p2,18,Al6061_lid18_p2,E5EDCE94-46C8-449C-9FA0-71F22978959A,8,204,2025-07-29 13:06:42.084122,7,0.0006680210239097,294,1,3,30.0005,AUTO,7,ARMED,100,20.61667,5,2711180.372,18,000473_A_A_PROGRAM_2.NC,58,100,0,0,100,12000.0,739144.060999999,3,396.173803327307,11,252.260578660112,26,-347.963311055503,1215.6666666666667,10.456666666666663,UNAVAILABLE,41.73966666666667,60.0,7606F116-3463-4EEF-96CC-1AC408FAA001,0.8433333333333334,E5EDCE94-46C8-449C-9FA0-71F22978959A,1.2583333333333335,5400.0,1400.0,3.9,35.0,0.5,133.0,600.0,300.0,2.4,22.9,0.2,800.0,200.0,3.5,22.8,0.1,3300.0,900.0,3.4,25.2,0.3,2300.0,600.0,3.8,24.1,0.3,3200.0,700.0,4.6,29.1,0.6
lid_p2,18,Al6061_lid18_p2,E5EDCE94-46C8-449C-9FA0-71F22978959A,8,205,2025-07-29 13:06:43.084376,7,0.0006680210239097,295,1,3,30.0005,AUTO,7,ARMED,100,20.61667,5,2711180.372,18,000473_A_A_PROGRAM_2.NC,59,100,0,0,100,12000.0,739144.060999999,12,399.06156001611,7,250.406233023598,27,-349.22691210227,1283.6666666666667,11.07,UNAVAILABLE,41.73966666666667,60.0,7606F116-3463-4EEF-96CC-1AC408FAA001,0.8966666666666666,E5EDCE94-46C8-449C-9FA0-71F22978959A,1.2583333333333335,5200.0,1400.0,3.8,35.0,0.5,132.96666666666667,600.0,300.0,2.2,22.9,0.2,700.0,200.0,3.1,22.8,0.1,3600.0,1200.0,3.1,25.2,0.4,3000.0,700.0,4.5,24.1,0.3,2500.0,700.0,3.5,29.1,0.5
lid_p2,18,Al6061_lid18_p2,E5EDCE94-46C8-449C-9FA0-71F22978959A,8,206,2025-07-29 13:06:44.084722,7,0.0006680210239097,297,1,3,30.0005,AUTO,7,ARMED,100,20.61667,5,2711180.372,18,000473_A_A_PROGRAM_2.NC,0,100,0,0,100,12000.0,739144.060999999,2,396.566111936993,11,251.27014406253,26,-351.010426369967,1310.6666666666667,11.33,UNAVAILABLE,41.74066666666667,60.0,7606F116-3463-4EEF-96CC-1AC408FAA001,0.8666666666666667,E5EDCE94-46C8-449C-9FA0-71F22978959A,1.2583333333333335,5300.0,1400.0,3.9,35.0,0.5,132.96666666666667,600.0,300.0,2.4,22.9,0.2,800.0,200.0,3.5,22.8,0.1,3400.0,1100.0,3.2,25.2,0.4,2600.0,700.0,3.7,24.1,0.3,3100.0,700.0,4.4,29.1,0.5
lid_p2,18,Al6061_lid18_p2,E5EDCE94-46C8-449C-9FA0-71F22978959A,8,207,2025-07-29 13:06:45.085003,7,0.0006680210239097,298,1,3,30.0005,AUTO,7,ARMED,100,20.61667,5,2711180.372,18,000473_A_A_PROGRAM_2.NC,1,100,0,1,100,12000.0,739144.060999999,0,400.634418886983,7,250.346576903693,26,-352.126347162545,1312.6666666666667,11.340000000000002,UNAVAILABLE,41.741,60.0,7606F116-3463-4EEF-96CC-1AC408FAA001,0.87,E5EDCE94-46C8-449C-9FA0-71F22978959A,1.2583333333333335,5300.0,1500.0,3.6,35.0,0.5,132.93333333333337,600.0,300.0,2.3,22.9,0.2,800.0,200.0,3.3,22.8,0.1,3600.0,1000.0,3.5,25.2,0.4,3700.0,800.0,4.4,24.1,0.3,2300.0,700.0,3.5,29.1,0.5
lid_p2,18,Al6061_lid18_p2,E5EDCE94-46C8-449C-9FA0-71F22978959A,8,208,2025-07-29 13:06:46.085271,7,0.0006680210239097,302,1,3,30.0005,AUTO,7,ARMED,100,13.78333,5,2711180.372,18,000473_A_A_PROGRAM_2.NC,2,100,0,0,100,12000.0,739144.060999999,0,398.405846813042,14,252.567392973439,32,-352.457077240557,1270.3333333333333,10.96,UNAVAILABLE,41.741,60.0,7606F116-3463-4EEF-96CC-1AC408FAA001,0.8300000000000001,E5EDCE94-46C8-449C-9FA0-71F22978959A,1.2583333333333335,4800.0,1300.0,3.6,35.0,0.5,132.96666666666667,600.0,200.0,2.6,22.9,0.5,700.0,200.0,3.2,22.8,0.1,2800.0,1000.0,2.8,25.2,0.4,9500.0,1200.0,8.0,24.1,0.3,22400.0,4000.0,5.7,29.1,0.6
lid_p2,19,Al6061_lid19_p2,E5EDCE94-46C8-449C-9FA0-71F22978959A,8,138,2025-07-29 13:16:18.166987,7,0.0006680210239097,256,1,3,30.0005,AUTO,7,ARMED,100,0.0,5,2711900.98,19,000473_A_A_PROGRAM_2.NC,47,100,0,12,100,6709.21599551677,739504.062,5,362.404404499582,5,252.563799549553,29,-342.932101341955,5681.0,48.41333333333333,UNAVAILABLE,41.91266666666667,59.99,7606F116-3463-4EEF-96CC-1AC408FAA001,1.0,E5EDCE94-46C8-449C-9FA0-71F22978959A,1.270333333333333,8600.0,2300.0,3.7,35.9,0.2,130.23333333333332,300.0,100.0,3.4,22.9,0.1,400.0,100.0,3.7,22.8,0.1,1700.0,500.0,3.3,25.3,0.2,1200.0,300.0,3.8,24.2,0.1,600.0,200.0,3.8,29.6,0.2
lid_p2,19,Al6061_lid19_p2,E5EDCE94-46C8-449C-9FA0-71F22978959A,8,139,2025-07-29 13:16:19.167188,7,0.0006680210239097,256,1,3,30.0005,AUTO,7,ARMED,100,0.0,5,2711900.98,19,000473_A_A_PROGRAM_2.NC,48,100,0,9,100,8251.79091381317,739504.062,4,362.404415943586,5,252.563810993578,29,-342.932147112994,5894.333333333333,48.91666666666666,UNAVAILABLE,41.91666666666666,59.99,7606F116-3463-4EEF-96CC-1AC408FAA001,0.9266666666666667,E5EDCE94-46C8-449C-9FA0-71F22978959A,1.270333333333333,10800.0,2900.0,3.7,35.9,0.3,130.0666666666667,400.0,100.0,3.2,22.9,0.1,400.0,100.0,3.9,22.8,0.1,2200.0,700.0,3.0,25.4,0.3,1100.0,300.0,4.2,24.2,0.1,900.0,300.0,2.9,29.6,0.3
lid_p2,19,Al6061_lid19_p2,E5EDCE94-46C8-449C-9FA0-71F22978959A,8,140,2025-07-29 13:16:20.509977,7,0.0006680210239097,256,1,3,30.0005,AUTO,7,ARMED,100,0.0,5,2711900.98,19,000473_A_A_PROGRAM_2.NC,50,100,0,5,100,9720.8259287283,739504.062,4,362.40442738759,5,252.563799549553,30,-342.932147112994,5097.666666666667,44.25666666666667,UNAVAILABLE,41.91766666666666,59.99,7606F116-3463-4EEF-96CC-1AC408FAA001,0.8833333333333333,E5EDCE94-46C8-449C-9FA0-71F22978959A,1.270333333333333,7400.0,2200.0,3.4,35.9,0.6,130.46666666666667,600.0,200.0,2.5,22.9,0.2,400.0,100.0,3.8,22.8,0.1,4000.0,1700.0,2.4,25.4,0.7,1700.0,500.0,3.4,24.2,0.2,2700.0,1400.0,2.0,29.6,1.3
lid_p2,19,Al6061_lid19_p2,E5EDCE94-46C8-449C-9FA0-71F22978959A,8,141,2025-07-29 13:16:21.510263,7,0.0006680210239097,256,1,3,30.0005,AUTO,7,ARMED,100,0.0,5,2711900.98,19,000473_A_A_PROGRAM_2.NC,50,100,0,4,100,10421.9533415692,739504.062,5,362.404358723566,5,252.563799549553,30,-342.932089899196,4341.0,36.11333333333334,UNAVAILABLE,41.91833333333333,59.99,7606F116-3463-4EEF-96CC-1AC408FAA001,0.8833333333333333,E5EDCE94-46C8-449C-9FA0-71F22978959A,1.270333333333333,7200.0,2200.0,3.3,35.9,0.5,130.96666666666667,400.0,100.0,3.3,22.9,0.1,300.0,100.0,3.6,22.8,0.1,3900.0,1300.0,2.9,25.4,0.5,1700.0,600.0,2.6,24.2,0.2,3200.0,1300.0,2.4,29.6,1.2
lid_p2,19,Al6061_lid19_p2,E5EDCE94-46C8-449C-9FA0-71F22978959A,8,142,2025-07-29 13:16:22.510538,7,0.0006680210239097,258,1,3,30.0005,AUTO,7,ARMED,100,20.61667,5,2711900.98,19,000473_A_A_PROGRAM_2.NC,52,100,0,3,100,12000.0,739504.062,9,360.32193928971,1,253.412911880993,26,-343.118618321909,3666.6666666666665,30.653333333333336,UNAVAILABLE,41.91933333333333,59.99,7606F116-3463-4EEF-96CC-1AC408FAA001,0.88,E5EDCE94-46C8-449C-9FA0-71F22978959A,1.270333333333333,7400.0,2200.0,3.3,35.9,0.5,131.36666666666667,500.0,200.0,3.0,22.9,0.2,500.0,100.0,3.5,22.8,0.1,4800.0,1600.0,3.1,25.4,0.6,1500.0,500.0,3.3,24.2,0.2,3000.0,800.0,3.6,29.6,0.7
lid_p2,21,Al6061_lid21_p2,E5EDCE94-46C8-449C-9FA0-71F22978959A,8,180,2025-07-30 12:58:07.082509,2,0.0001678978379824,253,1,20,30.0005,AUTO,7,ARMED,100,0.0,5,2733878.461,21,000473_A_A_PROGRAM_2.NC,48,100,0,0,100,0.0,751754.107000001,5,89.4565889907425,4,445.950589442458,38,-99.866986823947,658.0,5.97,UNAVAILABLE,47.38066666666666,59.99,7606F116-3463-4EEF-96CC-1AC408FAA001,0.82,E5EDCE94-46C8-449C-9FA0-71F22978959A,1.4720000000000002,4900.0,1100.0,4.6,33.0,0.1,132.4,1900.0,500.0,4.1,23.3,0.3,6900.0,1000.0,6.6,22.4,0.1,32400.0,8200.0,3.9,25.7,0.3,2600.0,500.0,5.8,24.0,0.1,600.0,100.0,4.5,28.7,0.1
lid_p2,21,Al6061_lid21_p2,E5EDCE94-46C8-449C-9FA0-71F22978959A,8,181,2025-07-30 12:58:08.082850,2,0.0006680210239083,254,1,20,30.0005,AUTO,7,ARMED,100,417.3833,5,2733878.461,21,000473_A_A_PROGRAM_2.NC,49,100,0,26,100,3724.44215307447,751754.107000001,7,362.404438831594,7,252.563719441377,14,-136.458384632772,630.0,6.06,UNAVAILABLE,47.38066666666666,59.99,7606F116-3463-4EEF-96CC-1AC408FAA001,0.7066666666666667,E5EDCE94-46C8-449C-9FA0-71F22978959A,1.4720000000000002,11200.0,2500.0,4.5,33.0,0.2,132.4,600.0,100.0,4.2,23.3,0.1,1700.0,400.0,4.3,22.4,0.0,3400.0,600.0,5.3,25.7,0.1,29600.0,6100.0,4.8,24.0,0.1,52100.0,14200.0,3.7,28.7,1.4
lid_p2,21,Al6061_lid21_p2,E5EDCE94-46C8-449C-9FA0-71F22978959A,8,182,2025-07-30 12:58:09.083169,2,0.0006680210239083,256,1,20,30.0005,AUTO,7,ARMED,100,0.0,5,2733878.461,21,000473_A_A_PROGRAM_2.NC,50,100,0,13,100,6383.20527224313,751754.107000001,5,362.404404499582,5,252.563799549553,28,-342.932101341955,5953.0,49.56333333333333,UNAVAILABLE,47.382666666666665,59.99,7606F116-3463-4EEF-96CC-1AC408FAA001,0.8933333333333334,E5EDCE94-46C8-449C-9FA0-71F22978959A,1.4720000000000002,7300.0,2200.0,3.3,32.9,0.2,129.53333333333333,200.0,100.0,3.6,23.3,0.1,300.0,100.0,3.7,22.4,0.1,1900.0,600.0,3.1,25.7,0.2,1100.0,300.0,4.0,24.0,0.1,500.0,100.0,3.8,28.7,0.1
lid_p2,21,Al6061_lid21_p2,E5EDCE94-46C8-449C-9FA0-71F22978959A,8,183,2025-07-30 12:58:10.083413,2,0.0006680210239083,256,1,20,30.0005,AUTO,7,ARMED,100,0.0,5,2733878.461,21,000473_A_A_PROGRAM_2.NC,51,100,0,9,100,7950.46816081781,751754.107000001,5,362.404404499582,5,252.563799549553,29,-342.932112784715,5930.333333333333,49.32666666666666,UNAVAILABLE,47.38433333333334,59.99,7606F116-3463-4EEF-96CC-1AC408FAA001,0.9266666666666667,E5EDCE94-46C8-449C-9FA0-71F22978959A,1.4720000000000002,9400.0,2900.0,3.3,32.9,0.2,129.56666666666666,300.0,100.0,3.3,23.3,0.1,500.0,100.0,3.8,22.4,0.1,2200.0,700.0,3.4,25.7,0.3,1000.0,300.0,3.9,24.0,0.1,900.0,200.0,3.8,28.7,0.2
lid_p2,21,Al6061_lid21_p2,E5EDCE94-46C8-449C-9FA0-71F22978959A,8,184,2025-07-30 12:58:11.083742,2,0.0006680210239083,256,1,20,30.0005,AUTO,7,ARMED,100,0.0,5,2733878.461,21,000473_A_A_PROGRAM_2.NC,52,100,0,7,100,9143.23036333428,751754.107000001,5,362.404393055578,5,252.563799549553,29,-342.932078456436,5204.0,44.60666666666666,UNAVAILABLE,47.38566666666666,59.99,7606F116-3463-4EEF-96CC-1AC408FAA001,0.8866666666666667,E5EDCE94-46C8-449C-9FA0-71F22978959A,1.4720000000000002,6700.0,2000.0,3.4,32.9,0.4,130.03333333333333,400.0,100.0,3.5,23.3,0.1,300.0,100.0,3.4,22.4,0.1,2800.0,900.0,3.2,25.7,0.4,1200.0,400.0,3.4,24.0,0.1,2000.0,800.0,2.6,28.7,0.8
lid_p2,21,Al6061_lid21_p2,E5EDCE94-46C8-449C-9FA0-71F22978959A,8,185,2025-07-30 12:58:12.084050,2,0.0006680210239083,256,1,20,30.0005,AUTO,7,ARMED,100,0.0,5,2733878.461,21,000473_A_A_PROGRAM_2.NC,53,100,0,5,100,10053.2344730095,751754.107000001,5,362.40437016757,5,252.563799549553,29,-342.932055570917,4411.0,38.17,UNAVAILABLE,47.38666666666666,59.99,7606F116-3463-4EEF-96CC-1AC408FAA001,0.8866666666666667,E5EDCE94-46C8-449C-9FA0-71F22978959A,1.4720000000000002,7200.0,2100.0,3.5,32.9,0.5,130.4333333333333,300.0,100.0,3.2,23.3,0.1,400.0,100.0,3.7,22.4,0.1,6000.0,2600.0,2.3,25.7,1.0,1800.0,600.0,3.0,24.0,0.2,3300.0,1700.0,2.0,28.7,1.6
lid_p2,21,Al6061_lid21_p2,E5EDCE94-46C8-449C-9FA0-71F22978959A,8,186,2025-07-30 12:58:13.084380,2,0.0006680210239083,256,1,20,30.0005,AUTO,7,ARMED,100,0.0,5,2733878.461,21,000473_A_A_PROGRAM_2.NC,54,100,0,4,100,10724.9698007001,751754.107000001,5,362.404393055578,5,252.563799549553,30,-342.932055570917,3833.0,33.096666666666664,UNAVAILABLE,47.38766666666667,59.99,7606F116-3463-4EEF-96CC-1AC408FAA001,0.8833333333333333,E5EDCE94-46C8-449C-9FA0-71F22978959A,1.4720000000000002,7300.0,2200.0,3.3,32.9,0.5,130.73333333333332,300.0,100.0,3.5,23.3,0.2,400.0,100.0,3.8,22.4,0.1,2500.0,900.0,2.8,25.7,0.3,1600.0,500.0,3.2,24.0,0.2,1400.0,500.0,3.0,28.7,0.4
lid_p2,21,Al6061_lid21_p2,E5EDCE94-46C8-449C-9FA0-71F22978959A,8,187,2025-07-30 12:58:14.084628,2,0.0006680210239083,258,1,20,30.0005,AUTO,7,ARMED,100,20.61667,5,2733878.461,21,000473_A_A_PROGRAM_2.NC,55,100,0,3,100,12000.0,751754.107000001,1,364.653357265606,7,252.565346363455,27,-343.675114044981,3687.3333333333335,31.65333333333333,UNAVAILABLE,47.38933333333333,59.99,7606F116-3463-4EEF-96CC-1AC408FAA001,0.88,E5EDCE94-46C8-449C-9FA0-71F22978959A,1.4720000000000002,6900.0,1900.0,3.5,32.9,0.5,130.73333333333332,400.0,100.0,4.2,23.3,0.1,500.0,100.0,3.5,22.4,0.1,3500.0,1100.0,3.3,25.7,0.3,1500.0,400.0,3.4,24.0,0.2,2900.0,800.0,3.7,28.7,0.6
lid_p2,21,Al6061_lid21_p2,E5EDCE94-46C8-449C-9FA0-71F22978959A,8,188,2025-07-30 12:58:15.084912,2,0.0006680210239083,260,1,20,30.0005,AUTO,7,ARMED,100,20.61667,5,2733878.461,21,000473_A_A_PROGRAM_2.NC,56,100,0,3,100,12000.0,751754.107000001,5,360.403946835083,7,251.532647110612,26,-345.236009426482,3687.3333333333335,31.65333333333333,UNAVAILABLE,47.38933333333333,59.99,7606F116-3463-4EEF-96CC-1AC408FAA001,0.88,E5EDCE94-46C8-449C-9FA0-71F22978959A,1.4720000000000002,7600.0,2400.0,3.1,32.9,0.5,130.73333333333332,500.0,200.0,3.5,23.3,0.1,600.0,200.0,3.3,22.4,0.1,4500.0,1400.0,3.2,25.7,0.5,2000.0,500.0,3.7,24.0,0.3,2800.0,700.0,3.8,28.7,0.6
lid_p2,21,Al6061_lid21_p2,E5EDCE94-46C8-449C-9FA0-71F22978959A,8,189,2025-07-30 12:58:16.085218,2,0.0006680210239083,261,1,20,30.0005,AUTO,7,ARMED,100,20.61667,5,2733878.461,21,000473_A_A_PROGRAM_2.NC,57,100,0,0,100,12000.0,751754.107000001,8,364.399903821635,3,253.604082346869,27,-346.722458214635,3265.6666666666665,27.486666666666668,UNAVAILABLE,47.39066666666667,59.99,7606F116-3463-4EEF-96CC-1AC408FAA001,0.8866666666666667,E5EDCE94-46C8-449C-9FA0-71F22978959A,1.4720000000000002,5500.0,1400.0,3.9,32.9,0.5,131.03333333333333,600.0,200.0,3.6,23.3,0.1,700.0,200.0,3.1,22.4,0.1,3700.0,1200.0,3.0,25.7,0.4,2400.0,700.0,3.6,24.0,0.3,2600.0,600.0,4.2,28.7,0.4
lid_p2,21,Al6061_lid21_p2,E5EDCE94-46C8-449C-9FA0-71F22978959A,8,190,2025-07-30 12:58:17.085559,2,0.0006680210239083,264,1,20,30.0005,AUTO,7,ARMED,100,20.61667,5,2733878.461,21,000473_A_A_PROGRAM_2.NC,58,100,0,0,100,12000.0,751754.107000001,1,363.06908588719,7,254.710514899275,26,-347.694886803003,1340.6666666666667,11.723333333333334,UNAVAILABLE,47.39166666666667,59.99,7606F116-3463-4EEF-96CC-1AC408FAA001,0.6233333333333334,E5EDCE94-46C8-449C-9FA0-71F22978959A,1.4720000000000002,4600.0,1400.0,3.4,32.9,0.5,132.1,400.0,100.0,2.9,23.3,0.1,700.0,200.0,3.0,22.4,0.1,6400.0,1000.0,6.1,25.7,0.4,2300.0,600.0,3.8,24.0,0.3,1400.0,600.0,2.4,28.7,0.4
lid_p2,21,Al6061_lid21_p2,E5EDCE94-46C8-449C-9FA0-71F22978959A,8,191,2025-07-30 12:58:18.085890,2,0.0006680210239083,269,1,20,30.0005,AUTO,7,ARMED,100,20.43333,5,2733878.461,21,000473_A_A_PROGRAM_2.NC,59,100,0,0,100,12000.0,751754.107000001,15,360.158347066555,1,252.405517238191,31,-347.953298640935,1202.6666666666667,10.38,UNAVAILABLE,47.39166666666667,59.99,7606F116-3463-4EEF-96CC-1AC408FAA001,0.8633333333333333,E5EDCE94-46C8-449C-9FA0-71F22978959A,1.4720000000000002,5000.0,1400.0,3.6,32.9,0.5,132.16666666666666,600.0,200.0,3.6,23.3,0.1,800.0,200.0,3.5,22.4,0.1,3700.0,1100.0,3.3,25.7,0.4,2200.0,600.0,3.6,24.0,0.3,2900.0,600.0,4.7,28.7,0.5
lid_p2,21,Al6061_lid21_p2,E5EDCE94-46C8-449C-9FA0-71F22978959A,8,192,2025-07-30 12:58:19.086120,2,0.0006680210239083,270,1,20,30.0005,AUTO,7,ARMED,100,20.61667,5,2733878.461,21,000473_A_A_PROGRAM_2.NC,0,100,0,0,100,12000.0,751754.107000001,10,364.477142492958,4,251.691483839702,25,-349.365117751587,1304.6666666666667,11.303333333333333,UNAVAILABLE,47.39166666666667,59.99,7606F116-3463-4EEF-96CC-1AC408FAA001,0.8866666666666667,E5EDCE94-46C8-449C-9FA0-71F22978959A,1.4720000000000002,5600.0,1400.0,4.0,32.9,0.5,132.1,600.0,200.0,3.6,23.3,0.1,700.0,200.0,3.3,22.4,0.1,3100.0,1000.0,3.2,25.7,0.3,2300.0,700.0,3.5,24.0,0.3,2800.0,600.0,4.6,28.7,0.4
lid_p2,21,Al6061_lid21_p2,E5EDCE94-46C8-449C-9FA0-71F22978959A,8,193,2025-07-30 12:58:20.086449,2,0.0006680210239083,271,1,20,30.0005,AUTO,7,ARMED,100,20.61667,5,2733878.461,21,000473_A_A_PROGRAM_2.NC,1,100,0,0,100,12000.0,751754.107000001,6,360.329274993274,10,253.430798892248,26,-350.851703852854,1315.6666666666667,11.406666666666666,UNAVAILABLE,47.39166666666667,59.99,7606F116-3463-4EEF-96CC-1AC408FAA001,0.8766666666666666,E5EDCE94-46C8-449C-9FA0-71F22978959A,1.4720000000000002,5600.0,1400.0,3.9,32.9,0.5,132.1,700.0,200.0,3.8,23.3,0.1,800.0,200.0,3.3,22.4,0.1,3600.0,1200.0,3.1,25.7,0.4,3800.0,700.0,5.2,24.0,0.3,3100.0,600.0,5.0,28.7,0.4
lid_p2,21,Al6061_lid21_p2,E5EDCE94-46C8-449C-9FA0-71F22978959A,8,194,2025-07-30 12:58:21.086763,2,0.0006680210239083,273,1,20,30.0005,AUTO,7,ARMED,100,20.61667,5,2733878.461,21,000473_A_A_PROGRAM_2.NC,2,100,0,0,100,12000.0,751754.107000001,5,363.862816917525,12,250.851667164668,27,-352.264552811862,1318.0,11.423333333333332,UNAVAILABLE,47.39266666666666,59.99,7606F116-3463-4EEF-96CC-1AC408FAA001,0.8766666666666666,E5EDCE94-46C8-449C-9FA0-71F22978959A,1.4720000000000002,5800.0,1400.0,4.0,32.9,0.5,132.1,800.0,200.0,4.4,23.3,0.1,900.0,200.0,3.7,22.4,0.1,4500.0,1000.0,4.4,25.7,0.4,3900.0,900.0,4.6,24.0,0.3,2300.0,600.0,3.9,28.7,0.4
lid_p2,21,Al6061_lid21_p2,E5EDCE94-46C8-449C-9FA0-71F22978959A,8,195,2025-07-30 12:58:22.087040,2,0.0006680210239083,276,1,20,30.0005,AUTO,7,ARMED,100,20.48333,5,2733878.461,21,000473_A_A_PROGRAM_2.NC,3,100,0,0,100,12000.0,751754.107000001,13,362.403866631397,6,252.567839290418,32,-352.457088683316,1231.0,10.633333333333336,UNAVAILABLE,47.39266666666666,60.0,7606F116-3463-4EEF-96CC-1AC408FAA001,0.84,E5EDCE94-46C8-449C-9FA0-71F22978959A,1.4720000000000002,4200.0,1400.0,3.1,32.9,0.5,132.13333333333333,700.0,200.0,4.5,23.3,0.5,800.0,200.0,3.4,22.4,0.1,3100.0,900.0,3.4,25.7,0.4,9900.0,1000.0,9.7,24.0,0.3,21900.0,3700.0,5.9,28.7,0.5
lid_p2,21,Al6061_lid21_p2,E5EDCE94-46C8-449C-9FA0-71F22978959A,8,196,2025-07-30 12:58:23.087384,2,0.0006680210239083,283,1,20,30.0005,AUTO,7,ARMED,100,20.61667,5,2733878.461,21,000473_A_A_PROGRAM_2.NC,4,100,0,0,100,12000.0,751754.107000001,5,399.396174836735,15,253.202295556057,29,-342.932192884032,1231.0,10.633333333333336,UNAVAILABLE,47.39266666666666,60.0,7606F116-3463-4EEF-96CC-1AC408FAA001,0.84,E5EDCE94-46C8-449C-9FA0-71F22978959A,1.4720000000000002,4500.0,1300.0,3.3,32.9,0.5,132.13333333333333,500.0,100.0,3.4,23.3,0.2,700.0,200.0,3.2,22.4,0.1,3500.0,1100.0,3.3,25.7,0.4,1800.0,600.0,3.2,24.0,0.3,1900.0,600.0,3.3,28.7,0.5
lid_p2,21,Al6061_lid21_p2,E5EDCE94-46C8-449C-9FA0-71F22978959A,8,197,2025-07-30 12:58:24.087666,2,0.0006680210239083,284,1,20,30.0005,AUTO,7,ARMED,100,20.61667,5,2733878.461,21,000473_A_A_PROGRAM_2.NC,5,100,0,0,100,12000.0,751754.107000001,11,396.498300847887,11,251.371126140142,26,-344.258591794969,1276.6666666666667,11.156666666666666,UNAVAILABLE,47.39266666666666,59.99,7606F116-3463-4EEF-96CC-1AC408FAA001,0.7666666666666666,E5EDCE94-46C8-449C-9FA0-71F22978959A,1.4720000000000002,4700.0,1300.0,3.5,32.9,0.5,132.06666666666666,500.0,100.0,3.5,23.3,0.1,700.0,200.0,3.1,22.4,0.1,7300.0,1100.0,6.7,25.7,0.4,2000.0,600.0,3.6,24.0,0.3,2900.0,600.0,4.8,28.7,0.4
lid_p2,21,Al6061_lid21_p2,E5EDCE94-46C8-449C-9FA0-71F22978959A,8,198,2025-07-30 12:58:25.087972,2,0.0006680210239083,285,1,20,30.0005,AUTO,7,ARMED,100,20.61667,5,2733878.461,21,000473_A_A_PROGRAM_2.NC,6,100,0,0,100,12000.0,751754.107000001,4,400.649159893928,11,252.77211624401,26,-345.670811402204,1180.3333333333333,10.143333333333333,UNAVAILABLE,47.394000000000005,60.0,7606F116-3463-4EEF-96CC-1AC408FAA001,0.8933333333333334,E5EDCE94-46C8-449C-9FA0-71F22978959A,1.4720000000000002,5300.0,1400.0,3.8,32.9,0.5,132.16666666666666,600.0,200.0,3.4,23.3,0.2,700.0,200.0,2.9,22.4,0.1,5800.0,1200.0,4.8,25.7,0.4,2500.0,700.0,3.9,24.0,0.3,3100.0,600.0,5.1,28.7,0.4
lid_p2,21,Al6061_lid21_p2,E5EDCE94-46C8-449C-9FA0-71F22978959A,8,199,2025-07-30 12:58:26.088283,2,0.0006680210239083,287,1,20,30.0005,AUTO,7,ARMED,100,20.61667,5,2733878.461,21,000473_A_A_PROGRAM_2.NC,7,100,0,0,100,12000.0,751754.107000001,2,396.163148116512,12,252.351112342795,26,-347.157408946231,1238.3333333333333,10.7,UNAVAILABLE,47.39433333333333,59.99,7606F116-3463-4EEF-96CC-1AC408FAA001,0.9133333333333332,E5EDCE94-46C8-449C-9FA0-71F22978959A,1.4720000000000002,4900.0,1400.0,3.5,32.9,0.5,132.1,500.0,200.0,3.5,23.3,0.1,700.0,200.0,3.1,22.4,0.1,3100.0,900.0,3.3,25.7,0.3,2200.0,700.0,3.3,24.0,0.3,2600.0,600.0,4.3,28.7,0.4
lid_p2,21,Al6061_lid21_p2,E5EDCE94-46C8-449C-9FA0-71F22978959A,8,200,2025-07-30 12:58:27.088615,2,0.0006680210239083,289,1,20,30.0005,AUTO,7,ARMED,100,20.61667,5,2733878.461,21,000473_A_A_PROGRAM_2.NC,8,100,0,1,100,12000.0,751754.107000001,1,400.510382561438,11,251.770481652712,32,-347.694635062294,1310.0,11.356666666666667,UNAVAILABLE,47.39433333333333,59.99,7606F116-3463-4EEF-96CC-1AC408FAA001,0.8733333333333334,E5EDCE94-46C8-449C-9FA0-71F22978959A,1.4720000000000002,4800.0,1400.0,3.5,32.9,0.5,132.13333333333333,500.0,100.0,3.6,23.3,0.5,700.0,200.0,3.1,22.4,0.1,3600.0,1000.0,3.4,25.7,0.4,2200.0,600.0,3.9,24.0,0.3,1300.0,600.0,2.3,28.7,0.4
lid_p2,21,Al6061_lid21_p2,E5EDCE94-46C8-449C-9FA0-71F22978959A,8,201,2025-07-30 12:58:28.088885,2,0.0006680210239083,294,1,20,30.0005,AUTO,7,ARMED,100,20.61667,5,2733878.461,21,000473_A_A_PROGRAM_2.NC,9,100,0,0,100,12000.0,751754.107000001,6,400.035840156969,11,254.114463912235,26,-348.55723604492,1236.3333333333333,10.683333333333332,UNAVAILABLE,47.394666666666666,59.99,7606F116-3463-4EEF-96CC-1AC408FAA001,0.8366666666666666,E5EDCE94-46C8-449C-9FA0-71F22978959A,1.4720000000000002,4700.0,1400.0,3.4,32.9,0.5,132.13333333333333,500.0,200.0,3.2,23.3,0.2,800.0,200.0,3.3,22.4,0.1,4200.0,1000.0,4.4,25.7,0.3,2500.0,700.0,3.6,24.0,0.3,2800.0,600.0,4.8,28.7,0.4
lid_p2,21,Al6061_lid21_p2,E5EDCE94-46C8-449C-9FA0-71F22978959A,8,202,2025-07-30 12:58:29.089156,2,0.0006680210239083,296,1,20,30.0005,AUTO,7,ARMED,100,20.61667,5,2733878.461,21,000473_A_A_PROGRAM_2.NC,10,100,0,0,100,12000.0,751754.107000001,9,397.672697351934,4,250.437339466878,27,-350.267379338663,1314.6666666666667,11.39,UNAVAILABLE,47.39566666666667,59.99,7606F116-3463-4EEF-96CC-1AC408FAA001,0.87,E5EDCE94-46C8-449C-9FA0-71F22978959A,1.4720000000000002,5600.0,1500.0,3.9,32.9,0.5,132.1,500.0,200.0,3.2,23.3,0.2,800.0,200.0,3.6,22.4,0.1,3300.0,1000.0,3.2,25.7,0.4,3600.0,700.0,4.9,24.0,0.3,2300.0,600.0,4.0,28.7,0.4
lid_p2,21,Al6061_lid21_p2,E5EDCE94-46C8-449C-9FA0-71F22978959A,8,203,2025-07-30 12:58:30.089496,2,0.0006680210239083,297,1,20,30.0005,AUTO,7,ARMED,100,20.61667,5,2733878.461,21,000473_A_A_PROGRAM_2.NC,11,100,0,0,100,12000.0,751754.107000001,3,400.560084383791,12,253.222185198098,27,-351.45609896722,1314.6666666666667,11.39,UNAVAILABLE,47.39566666666667,59.99,7606F116-3463-4EEF-96CC-1AC408FAA001,0.87,E5EDCE94-46C8-449C-9FA0-71F22978959A,1.4720000000000002,5200.0,1400.0,3.7,32.9,0.5,132.1,700.0,200.0,3.6,23.3,0.2,900.0,300.0,3.5,22.4,0.2,4800.0,1200.0,4.0,25.7,0.4,3700.0,800.0,4.6,24.0,0.3,2800.0,600.0,4.7,28.7,0.4
lid_p2,21,Al6061_lid21_p2,E5EDCE94-46C8-449C-9FA0-71F22978959A,8,204,2025-07-30 12:58:31.238100,2,0.0006680210239083,300,1,20,30.0005,AUTO,7,ARMED,100,20.61667,5,2733878.461,21,000473_A_A_PROGRAM_2.NC,12,100,0,0,100,12000.0,751754.107000001,0,398.756724850143,10,250.332385002831,32,-352.457065797797,1304.6666666666667,11.586666666666666,UNAVAILABLE,47.39633333333334,59.99,7606F116-3463-4EEF-96CC-1AC408FAA001,0.8533333333333334,E5EDCE94-46C8-449C-9FA0-71F22978959A,1.4720000000000002,5600.0,1400.0,4.0,32.9,0.5,132.1,600.0,100.0,4.1,23.3,0.5,700.0,200.0,3.1,22.4,0.1,3800.0,1000.0,3.8,25.7,0.4,2800.0,600.0,4.3,24.0,0.3,1300.0,500.0,2.4,28.7,0.4
lid_p2,22,Al6061_lid22_p2,E5EDCE94-46C8-449C-9FA0-71F22978959A,8,164,2025-07-30 13:07:45.566922,2,0.0001678978379824,29,1,20,30.0005,AUTO,7,ARMED,100,0.0,5,2734238.465,22,O9735.FNC,41,100,0,0,100,0.0,752114.229000001,5,75.7471311468184,3,455.664498409193,35,-99.8669982674121,672.6666666666666,5.903333333333333,UNAVAILABLE,47.565666666666665,60.02,7606F116-3463-4EEF-96CC-1AC408FAA001,0.7766666666666667,E5EDCE94-46C8-449C-9FA0-71F22978959A,1.4856666666666667,17500.0,900.0,20.2,33.6,0.2,131.79999999999998,700.0,100.0,6.8,23.4,0.2,1900.0,200.0,11.8,22.4,0.1,2000.0,300.0,7.9,25.7,0.1,11800.0,600.0,18.9,24.3,0.2,3900.0,300.0,11.8,28.6,0.3
lid_p2,22,Al6061_lid22_p2,E5EDCE94-46C8-449C-9FA0-71F22978959A,8,165,2025-07-30 13:07:46.567188,2,0.0006680210239083,253,1,20,30.0005,AUTO,7,ARMED,100,21.58333,5,2734238.465,22,000473_A_A_PROGRAM_2.NC,42,100,0,30,100,3222.77029841155,752114.229000001,7,362.404507495618,7,252.563673665277,34,-110.951792362692,634.3333333333334,5.796666666666667,UNAVAILABLE,47.565666666666665,60.02,7606F116-3463-4EEF-96CC-1AC408FAA001,0.65,E5EDCE94-46C8-449C-9FA0-71F22978959A,1.4856666666666667,4000.0,500.0,8.0,33.6,0.0,131.83333333333334,1800.0,400.0,4.7,23.4,0.4,5400.0,700.0,7.8,22.4,0.1,31300.0,6200.0,5.0,25.7,0.2,1400.0,200.0,7.4,24.3,0.0,600.0,100.0,4.2,28.6,0.1
lid_p2,22,Al6061_lid22_p2,E5EDCE94-46C8-449C-9FA0-71F22978959A,8,166,2025-07-30 13:07:47.567398,2,0.0006680210239083,255,1,20,30.0005,AUTO,7,ARMED,100,0.0,5,2734238.465,22,000473_A_A_PROGRAM_2.NC,43,100,0,14,100,5897.88358541066,752114.229000001,5,362.40442738759,5,252.563799549553,27,-342.932204326791,2978.333333333333,26.50666666666667,UNAVAILABLE,47.56633333333334,60.02,7606F116-3463-4EEF-96CC-1AC408FAA001,1.0,E5EDCE94-46C8-449C-9FA0-71F22978959A,1.4856666666666667,9700.0,2200.0,4.4,33.6,0.2,130.63333333333333,800.0,200.0,5.5,23.4,0.1,1900.0,400.0,5.1,22.4,0.0,2600.0,600.0,4.2,25.7,0.1,27700.0,4700.0,5.9,24.3,0.1,47200.0,10900.0,4.3,28.6,1.1
lid_p2,22,Al6061_lid22_p2,E5EDCE94-46C8-449C-9FA0-71F22978959A,8,167,2025-07-30 13:07:48.567624,2,0.0006680210239083,256,1,20,30.0005,AUTO,7,ARMED,100,0.0,5,2734238.465,22,000473_A_A_PROGRAM_2.NC,44,100,0,10,100,7743.84885242773,752114.229000001,5,362.404404499582,5,252.563799549553,29,-342.932078456436,5842.333333333333,48.82,UNAVAILABLE,47.56766666666667,60.02,7606F116-3463-4EEF-96CC-1AC408FAA001,0.8833333333333333,E5EDCE94-46C8-449C-9FA0-71F22978959A,1.4856666666666667,7200.0,2200.0,3.3,33.6,0.3,128.96666666666667,200.0,100.0,3.8,23.3,0.1,300.0,100.0,3.5,22.4,0.1,1800.0,500.0,3.4,25.7,0.2,6300.0,600.0,11.5,24.3,0.1,5800.0,300.0,17.2,28.6,0.2
lid_p2,22,Al6061_lid22_p2,E5EDCE94-46C8-449C-9FA0-71F22978959A,8,168,2025-07-30 13:07:49.567902,2,0.0006680210239083,256,1,20,30.0005,AUTO,7,ARMED,100,0.0,5,2734238.465,22,000473_A_A_PROGRAM_2.NC,45,100,0,7,100,9097.23864093329,752114.229000001,5,362.404404499582,5,252.563799549553,29,-342.932101341955,5898.333333333333,49.24666666666667,UNAVAILABLE,47.56866666666667,60.02,7606F116-3463-4EEF-96CC-1AC408FAA001,0.9266666666666667,E5EDCE94-46C8-449C-9FA0-71F22978959A,1.4856666666666667,10200.0,3000.0,3.4,33.6,0.2,128.96666666666667,400.0,100.0,3.7,23.3,0.1,400.0,100.0,3.2,22.4,0.1,2300.0,700.0,3.3,25.7,0.3,1300.0,300.0,4.6,24.3,0.1,600.0,200.0,3.8,28.6,0.1
lid_p2,22,Al6061_lid22_p2,E5EDCE94-46C8-449C-9FA0-71F22978959A,8,169,2025-07-30 13:07:50.568204,2,0.0006680210239083,256,1,20,30.0005,AUTO,7,ARMED,100,0.0,5,2734238.465,22,000473_A_A_PROGRAM_2.NC,46,100,0,5,100,9941.2167123591,752114.229000001,5,362.404404499582,5,252.563799549553,30,-342.932181441272,5839.666666666667,48.76,UNAVAILABLE,47.571333333333335,60.02,7606F116-3463-4EEF-96CC-1AC408FAA001,0.89,E5EDCE94-46C8-449C-9FA0-71F22978959A,1.4856666666666667,7300.0,1900.0,3.8,33.6,0.4,128.9333333333333,400.0,100.0,3.7,23.3,0.1,400.0,100.0,3.8,22.4,0.1,2500.0,800.0,3.2,25.7,0.3,1200.0,300.0,3.6,24.3,0.1,1900.0,600.0,2.9,28.6,0.7
lid_p2,22,Al6061_lid22_p2,E5EDCE94-46C8-449C-9FA0-71F22978959A,8,170,2025-07-30 13:07:51.568482,2,0.0006680210239083,256,1,20,30.0005,AUTO,7,ARMED,100,0.0,5,2734238.465,22,000473_A_A_PROGRAM_2.NC,47,100,0,4,100,10692.5044940809,752114.229000001,5,362.404415943586,5,252.563822437603,30,-342.932089899196,4892.333333333333,40.82,UNAVAILABLE,47.57266666666667,60.02,7606F116-3463-4EEF-96CC-1AC408FAA001,0.8866666666666667,E5EDCE94-46C8-449C-9FA0-71F22978959A,1.4856666666666667,6900.0,2100.0,3.3,33.6,0.5,129.56666666666666,300.0,100.0,2.9,23.3,0.1,400.0,100.0,3.4,22.4,0.1,5800.0,2400.0,2.4,25.7,0.9,1600.0,500.0,2.9,24.3,0.2,2700.0,1400.0,1.9,28.6,1.4
lid_p2,22,Al6061_lid22_p2,E5EDCE94-46C8-449C-9FA0-71F22978959A,8,171,2025-07-30 13:07:52.568789,2,0.0006680210239083,258,1,20,30.0005,AUTO,7,ARMED,100,20.61667,5,2734238.465,22,000473_A_A_PROGRAM_2.NC,48,100,0,3,100,12000.0,752114.229000001,0,361.233362464544,9,250.643652351647,27,-343.341214322586,4048.6666666666665,33.88333333333333,UNAVAILABLE,47.57266666666667,60.02,7606F116-3463-4EEF-96CC-1AC408FAA001,0.89,E5EDCE94-46C8-449C-9FA0-71F22978959A,1.4856666666666667,7300.0,2300.0,3.2,33.6,0.5,130.0,300.0,100.0,3.2,23.3,0.2,400.0,100.0,3.8,22.4,0.1,2400.0,900.0,2.7,25.7,0.3,1600.0,600.0,2.8,24.3,0.2,1400.0,500.0,2.9,28.6,0.4
lid_p2,22,Al6061_lid22_p2,E5EDCE94-46C8-449C-9FA0-71F22978959A,8,172,2025-07-30 13:07:53.569028,2,0.0006680210239083,259,1,20,30.0005,AUTO,7,ARMED,100,20.61667,5,2734238.465,22,000473_A_A_PROGRAM_2.NC,49,100,0,3,100,12000.0,752114.229000001,0,364.317425794207,8,253.748390969506,26,-344.752850349086,3600.6666666666665,30.286666666666665,UNAVAILABLE,47.57366666666667,60.02,7606F116-3463-4EEF-96CC-1AC408FAA001,0.8966666666666666,E5EDCE94-46C8-449C-9FA0-71F22978959A,1.4856666666666667,7100.0,2100.0,3.3,33.6,0.5,130.23333333333332,400.0,100.0,3.3,23.3,0.1,400.0,100.0,3.4,22.4,0.1,3900.0,1300.0,3.1,25.7,0.4,1600.0,400.0,3.5,24.3,0.2,3100.0,900.0,3.5,28.6,0.7
lid_p2,22,Al6061_lid22_p2,E5EDCE94-46C8-449C-9FA0-71F22978959A,8,173,2025-07-30 13:07:54.569315,2,0.0006680210239083,261,1,20,30.0005,AUTO,7,ARMED,100,20.61667,5,2734238.465,22,000473_A_A_PROGRAM_2.NC,50,100,0,1,100,12000.0,752114.229000001,8,361.255895708299,5,250.630239954212,26,-346.314649708588,3151.6666666666665,26.62,UNAVAILABLE,47.57633333333333,60.02,7606F116-3463-4EEF-96CC-1AC408FAA001,0.8866666666666667,E5EDCE94-46C8-449C-9FA0-71F22978959A,1.4856666666666667,7000.0,2000.0,3.5,33.6,0.5,130.5,600.0,100.0,4.0,23.3,0.1,600.0,200.0,3.6,22.4,0.1,4900.0,1200.0,3.9,25.7,0.4,2100.0,500.0,4.2,24.3,0.3,3100.0,800.0,3.8,28.6,0.7
lid_p2,22,Al6061_lid22_p2,E5EDCE94-46C8-449C-9FA0-71F22978959A,8,174,2025-07-30 13:07:55.569549,2,0.0006680210239083,262,1,20,30.0005,AUTO,7,ARMED,100,20.61667,5,2734238.465,22,000473_A_A_PROGRAM_2.NC,51,100,0,0,100,12000.0,752114.229000001,6,364.646227820853,10,254.50042131749,27,-347.694944016801,1582.6666666666667,14.396666666666668,UNAVAILABLE,47.57633333333333,60.02,7606F116-3463-4EEF-96CC-1AC408FAA001,0.5366666666666667,E5EDCE94-46C8-449C-9FA0-71F22978959A,1.4856666666666667,5000.0,1400.0,3.6,33.6,0.5,131.36666666666667,600.0,200.0,3.6,23.3,0.1,700.0,200.0,3.5,22.4,0.1,7500.0,1200.0,6.5,25.7,0.4,2300.0,700.0,3.3,24.3,0.3,2600.0,700.0,3.7,28.6,0.5
lid_p2,22,Al6061_lid22_p2,E5EDCE94-46C8-449C-9FA0-71F22978959A,8,175,2025-07-30 13:07:56.569825,2,0.0006680210239083,268,1,20,30.0005,AUTO,7,ARMED,100,18.36667,5,2734238.465,22,000473_A_A_PROGRAM_2.NC,52,100,0,0,100,12000.0,752114.229000001,12,363.455582037367,5,253.348011788573,31,-347.694646505054,1582.6666666666667,14.396666666666668,UNAVAILABLE,47.57633333333333,60.02,7606F116-3463-4EEF-96CC-1AC408FAA001,0.5366666666666667,E5EDCE94-46C8-449C-9FA0-71F22978959A,1.4856666666666667,4600.0,1400.0,3.3,33.6,0.5,131.36666666666667,500.0,200.0,3.0,23.3,0.1,600.0,200.0,3.0,22.4,0.1,6300.0,1000.0,6.4,25.7,0.3,2300.0,700.0,3.4,24.3,0.3,2800.0,700.0,4.2,28.6,0.5
lid_p2,22,Al6061_lid22_p2,E5EDCE94-46C8-449C-9FA0-71F22978959A,8,176,2025-07-30 13:07:57.569973,2,0.0006680210239083,270,1,20,30.0005,AUTO,7,ARMED,100,20.61667,5,2734238.465,22,000473_A_A_PROGRAM_2.NC,53,100,0,0,100,12000.0,752114.229000001,9,360.58492231337,9,251.241167790939,26,-349.031996136839,1254.0,10.893333333333333,UNAVAILABLE,47.577,60.02,7606F116-3463-4EEF-96CC-1AC408FAA001,0.8466666666666667,E5EDCE94-46C8-449C-9FA0-71F22978959A,1.4856666666666667,4400.0,1300.0,3.3,33.6,0.5,131.5,600.0,200.0,3.5,23.3,0.2,700.0,200.0,3.3,22.4,0.1,4600.0,1100.0,4.1,25.7,0.4,2400.0,600.0,4.1,24.3,0.3,1800.0,700.0,2.6,28.6,0.6
lid_p2,22,Al6061_lid22_p2,E5EDCE94-46C8-449C-9FA0-71F22978959A,8,177,2025-07-30 13:07:58.570188,2,0.0006680210239083,271,1,20,30.0005,AUTO,7,ARMED,100,20.61667,5,2734238.465,22,000473_A_A_PROGRAM_2.NC,54,100,0,0,100,12000.0,752114.229000001,8,364.627734065848,5,252.928189280927,26,-350.444398828226,1226.3333333333333,10.643333333333334,UNAVAILABLE,47.577666666666666,60.02,7606F116-3463-4EEF-96CC-1AC408FAA001,0.9066666666666668,E5EDCE94-46C8-449C-9FA0-71F22978959A,1.4856666666666667,5200.0,1400.0,3.7,33.6,0.5,131.53333333333333,600.0,200.0,3.3,23.3,0.2,700.0,200.0,3.1,22.4,0.1,3100.0,900.0,3.6,25.7,0.3,3200.0,700.0,4.4,24.3,0.3,2200.0,700.0,3.3,28.6,0.5
lid_p2,22,Al6061_lid22_p2,E5EDCE94-46C8-449C-9FA0-71F22978959A,8,178,2025-07-30 13:07:59.570330,2,0.0006680210239083,273,1,20,30.0005,AUTO,7,ARMED,100,20.61667,5,2734238.465,22,000473_A_A_PROGRAM_2.NC,55,100,0,0,100,12000.0,752114.229000001,5,361.405606167825,11,250.548689831245,27,-352.080393040367,1305.6666666666667,11.356666666666667,UNAVAILABLE,47.577666666666666,60.02,7606F116-3463-4EEF-96CC-1AC408FAA001,0.88,E5EDCE94-46C8-449C-9FA0-71F22978959A,1.4856666666666667,4900.0,1400.0,3.5,33.6,0.5,131.5,600.0,200.0,3.3,23.3,0.2,700.0,200.0,2.9,22.4,0.1,4200.0,1100.0,3.8,25.7,0.4,3600.0,700.0,4.9,24.3,0.3,3300.0,700.0,4.8,28.6,0.5
lid_p2,22,Al6061_lid22_p2,E5EDCE94-46C8-449C-9FA0-71F22978959A,8,179,2025-07-30 13:08:00.570565,2,0.0006680210239083,275,1,20,30.0005,AUTO,7,ARMED,100,20.61667,5,2734238.465,22,000473_A_A_PROGRAM_2.NC,56,100,0,0,100,12000.0,752114.229000001,4,364.5594935453,12,251.920741146385,32,-352.457065797797,1305.6666666666667,11.343333333333334,UNAVAILABLE,47.57833333333334,60.02,7606F116-3463-4EEF-96CC-1AC408FAA001,0.8766666666666666,E5EDCE94-46C8-449C-9FA0-71F22978959A,1.4856666666666667,5100.0,1400.0,3.6,33.6,0.5,131.53333333333333,700.0,200.0,3.3,23.3,0.2,900.0,200.0,3.6,22.4,0.1,3400.0,1000.0,3.2,25.6,0.4,4000.0,800.0,4.8,24.3,0.3,3000.0,700.0,4.3,28.6,0.5
lid_p2,22,Al6061_lid22_p2,E5EDCE94-46C8-449C-9FA0-71F22978959A,8,180,2025-07-30 13:08:01.570823,2,0.0006680210239083,280,1,20,30.0005,AUTO,7,ARMED,100,68.25,5,2734238.465,22,000473_A_A_PROGRAM_2.NC,57,100,0,0,100,12000.0,752114.229000001,5,398.406396168701,5,252.563776661503,43,-342.928119261647,1322.3333333333333,11.506666666666666,UNAVAILABLE,47.57866666666666,60.02,7606F116-3463-4EEF-96CC-1AC408FAA001,0.8733333333333334,E5EDCE94-46C8-449C-9FA0-71F22978959A,1.4856666666666667,4800.0,1300.0,3.6,33.6,0.5,131.53333333333333,500.0,100.0,3.2,23.3,0.5,700.0,200.0,3.3,22.4,0.1,3500.0,1000.0,3.7,25.6,0.4,2500.0,600.0,4.0,24.3,0.3,3300.0,700.0,4.6,28.6,0.5
lid_p2,22,Al6061_lid22_p2,E5EDCE94-46C8-449C-9FA0-71F22978959A,8,181,2025-07-30 13:08:02.571019,2,0.0006680210239083,283,1,20,30.0005,AUTO,7,ARMED,100,20.61667,5,2734238.465,22,000473_A_A_PROGRAM_2.NC,58,100,0,0,100,12000.0,752114.229000001,14,397.341635015648,6,254.54753020753,28,-344.000294384632,1290.6666666666667,11.456666666666669,UNAVAILABLE,47.57866666666666,60.02,7606F116-3463-4EEF-96CC-1AC408FAA001,0.9466666666666668,E5EDCE94-46C8-449C-9FA0-71F22978959A,1.4856666666666667,4400.0,1300.0,3.4,33.6,0.5,131.5,400.0,100.0,3.2,23.3,0.2,700.0,200.0,3.4,22.4,0.1,3300.0,1000.0,3.3,25.6,0.4,4400.0,700.0,6.3,24.3,0.3,13500.0,1700.0,7.8,28.6,0.6
lid_p2,22,Al6061_lid22_p2,E5EDCE94-46C8-449C-9FA0-71F22978959A,8,182,2025-07-30 13:08:03.571242,2,0.0006680210239083,285,1,20,30.0005,AUTO,7,ARMED,100,20.61667,5,2734238.465,22,000473_A_A_PROGRAM_2.NC,59,100,0,0,100,12000.0,752114.229000001,2,400.636013333611,10,250.584850706557,26,-345.487006356254,1157.0,9.983333333333333,UNAVAILABLE,47.57866666666666,60.02,7606F116-3463-4EEF-96CC-1AC408FAA001,0.88,E5EDCE94-46C8-449C-9FA0-71F22978959A,1.4856666666666667,4500.0,1300.0,3.5,33.6,0.5,131.53333333333333,400.0,100.0,3.0,23.3,0.1,600.0,200.0,3.1,22.4,0.1,3500.0,1000.0,3.4,25.6,0.4,1600.0,500.0,3.1,24.3,0.3,3000.0,700.0,4.5,28.6,0.5
lid_p2,22,Al6061_lid22_p2,E5EDCE94-46C8-449C-9FA0-71F22978959A,8,183,2025-07-30 13:08:04.571405,2,0.0006680210239083,286,1,20,30.0005,AUTO,7,ARMED,100,20.61667,5,2734238.465,22,000473_A_A_PROGRAM_2.NC,0,100,0,0,100,12000.0,752114.229000001,9,398.34067013776,5,254.814559417058,28,-346.899225963489,1176.3333333333333,10.156666666666666,UNAVAILABLE,47.579,60.02,7606F116-3463-4EEF-96CC-1AC408FAA001,0.89,E5EDCE94-46C8-449C-9FA0-71F22978959A,1.4856666666666667,18600.0,3500.0,5.4,33.6,0.5,131.53333333333333,500.0,200.0,3.1,23.3,0.1,800.0,200.0,3.4,22.4,0.1,5900.0,1200.0,5.1,25.6,0.4,7400.0,1400.0,5.4,24.3,0.3,3100.0,700.0,4.4,28.6,0.5
lid_p2,22,Al6061_lid22_p2,E5EDCE94-46C8-449C-9FA0-71F22978959A,8,184,2025-07-30 13:08:05.571555,2,0.0006680210239083,289,1,20,30.0005,AUTO,7,ARMED,100,20.61667,5,2734238.465,22,000473_A_A_PROGRAM_2.NC,1,100,0,0,100,12000.0,752114.229000001,10,398.500759447972,5,250.312300813083,32,-347.694623619535,1303.0,11.33,UNAVAILABLE,47.57966666666667,60.02,7606F116-3463-4EEF-96CC-1AC408FAA001,0.8766666666666666,E5EDCE94-46C8-449C-9FA0-71F22978959A,1.4856666666666667,4800.0,1400.0,3.5,33.6,0.5,131.53333333333333,500.0,200.0,3.0,23.3,0.1,700.0,200.0,3.3,22.4,0.1,3600.0,900.0,3.8,25.6,0.3,2500.0,700.0,3.7,24.3,0.3,2900.0,700.0,4.3,28.6,0.5
lid_p2,22,Al6061_lid22_p2,E5EDCE94-46C8-449C-9FA0-71F22978959A,8,185,2025-07-30 13:08:06.571706,2,0.0006680210239083,294,1,20,30.0005,AUTO,7,ARMED,100,20.61667,5,2734238.465,22,000473_A_A_PROGRAM_2.NC,2,100,0,0,100,12000.0,752114.229000001,10,399.846062786386,6,250.835302269317,27,-348.299522215319,1300.6666666666667,11.303333333333333,UNAVAILABLE,47.580000000000005,60.02,7606F116-3463-4EEF-96CC-1AC408FAA001,0.8666666666666667,E5EDCE94-46C8-449C-9FA0-71F22978959A,1.4856666666666667,4500.0,1300.0,3.4,33.6,0.5,131.53333333333333,500.0,100.0,3.6,23.3,0.5,700.0,200.0,3.2,22.4,0.1,4900.0,1000.0,4.8,25.6,0.4,2100.0,600.0,3.5,24.3,0.3,1500.0,600.0,2.3,28.6,0.5
lid_p2,22,Al6061_lid22_p2,E5EDCE94-46C8-449C-9FA0-71F22978959A,8,186,2025-07-30 13:08:07.571948,2,0.0006680210239083,296,1,20,30.0005,AUTO,7,ARMED,100,20.61667,5,2734238.465,22,000473_A_A_PROGRAM_2.NC,3,100,0,0,100,12000.0,752114.229000001,10,398.945989902782,3,254.747262393071,26,-349.785959560712,1182.3333333333333,10.226666666666668,UNAVAILABLE,47.580666666666666,60.02,7606F116-3463-4EEF-96CC-1AC408FAA001,0.9066666666666668,E5EDCE94-46C8-449C-9FA0-71F22978959A,1.4856666666666667,5000.0,1300.0,3.7,33.6,0.5,131.5,600.0,200.0,3.3,23.3,0.1,700.0,200.0,3.4,22.4,0.1,3800.0,1000.0,3.7,25.6,0.4,2300.0,600.0,3.5,24.3,0.3,3200.0,700.0,4.7,28.6,0.5
lid_p2,22,Al6061_lid22_p2,E5EDCE94-46C8-449C-9FA0-71F22978959A,8,187,2025-07-30 13:08:08.572154,2,0.0006680210239083,297,1,20,30.0005,AUTO,7,ARMED,100,20.61667,5,2734238.465,22,000473_A_A_PROGRAM_2.NC,4,100,0,1,100,12000.0,752114.229000001,8,398.921165310613,6,250.365378005136,26,-351.198018969314,1295.0,11.263333333333334,UNAVAILABLE,47.581,60.02,7606F116-3463-4EEF-96CC-1AC408FAA001,0.8766666666666666,E5EDCE94-46C8-449C-9FA0-71F22978959A,1.4856666666666667,5200.0,1400.0,3.7,33.6,0.5,131.53333333333333,600.0,200.0,3.4,23.3,0.2,700.0,200.0,3.1,22.4,0.1,3700.0,1000.0,3.8,25.6,0.3,3200.0,700.0,4.5,24.3,0.3,2900.0,700.0,4.1,28.6,0.5
lid_p2,22,Al6061_lid22_p2,E5EDCE94-46C8-449C-9FA0-71F22978959A,8,188,2025-07-30 13:08:09.572434,2,0.0006680210239083,298,1,20,30.0005,AUTO,7,ARMED,100,20.61667,5,2734238.465,22,000473_A_A_PROGRAM_2.NC,5,100,0,0,100,12000.0,752114.229000001,8,397.87793070234,8,254.756102073284,31,-352.457260324709,1303.0,11.336666666666666,UNAVAILABLE,47.581,60.02,7606F116-3463-4EEF-96CC-1AC408FAA001,0.87,E5EDCE94-46C8-449C-9FA0-71F22978959A,1.4856666666666667,5500.0,1400.0,4.0,33.6,0.5,131.5,700.0,200.0,3.4,23.3,0.2,700.0,200.0,3.1,22.4,0.1,4400.0,1200.0,3.7,25.6,0.4,3900.0,700.0,5.4,24.3,0.3,3400.0,700.0,4.9,28.6,0.5
lid_p2,22,Al6061_lid22_p2,E5EDCE94-46C8-449C-9FA0-71F22978959A,8,189,2025-07-30 13:08:10.572663,2,0.0006680210239083,303,1,20,30.0005,AUTO,7,ARMED,100,113.0,5,2734238.465,22,000473_A_A_PROGRAM_2.NC,6,100,0,0,100,12000.0,752114.229000001,3,398.406304609424,8,252.563662221252,95,-328.326948921238,1280.0,11.14,UNAVAILABLE,47.582,60.02,7606F116-3463-4EEF-96CC-1AC408FAA001,0.8366666666666666,E5EDCE94-46C8-449C-9FA0-71F22978959A,1.4856666666666667,5800.0,1400.0,4.1,33.6,0.5,131.5,500.0,200.0,3.3,23.3,0.2,700.0,200.0,3.1,22.4,0.1,3400.0,1000.0,3.4,25.6,0.4,3900.0,800.0,4.8,24.3,0.3,2600.0,700.0,3.9,28.6,0.5
lid_p2,23,Al6061_lid23_p2,E5EDCE94-46C8-449C-9FA0-71F22978959A,8,161,2025-07-30 13:19:41.195007,2,0.0006680210239083,253,1,20,30.0005,AUTO,7,ARMED,100,621.8667,5,2734958.962,23,000473_A_A_PROGRAM_2.NC,35,100,0,22,100,1324.2309021777,752474.239999999,33,262.812213606693,15,323.126222206528,38,-99.8669982674121,669.0,5.890000000000001,UNAVAILABLE,47.766333333333336,60.0,7606F116-3463-4EEF-96CC-1AC408FAA001,0.79,E5EDCE94-46C8-449C-9FA0-71F22978959A,1.5,3200.0,400.0,8.4,34.5,0.2,131.66666666666669,200.0,0.0,4.3,23.4,0.1,300.0,100.0,5.1,22.4,0.1,900.0,100.0,7.7,25.5,0.1,1500.0,200.0,9.2,24.4,0.1,600.0,100.0,4.6,29.1,0.2
lid_p2,23,Al6061_lid23_p2,E5EDCE94-46C8-449C-9FA0-71F22978959A,8,162,2025-07-30 13:19:42.195252,2,0.0006680210239083,254,1,20,30.0005,AUTO,7,ARMED,100,517.6167,5,2734958.962,23,000473_A_A_PROGRAM_2.NC,36,100,0,17,100,4779.31085353404,752474.239999999,5,362.404415943586,5,252.563788105528,104,-320.569074546993,619.0,5.63,UNAVAILABLE,47.76666666666667,60.0,7606F116-3463-4EEF-96CC-1AC408FAA001,0.6766666666666667,E5EDCE94-46C8-449C-9FA0-71F22978959A,1.5,5800.0,1500.0,3.9,34.5,0.1,131.73333333333335,1400.0,300.0,4.7,23.4,0.3,6000.0,1200.0,5.2,22.4,0.1,29100.0,6900.0,4.2,25.5,0.3,4000.0,800.0,5.1,24.4,0.0,900.0,200.0,4.8,29.1,0.1
lid_p2,23,Al6061_lid23_p2,E5EDCE94-46C8-449C-9FA0-71F22978959A,8,163,2025-07-30 13:19:43.195507,2,0.0006680210239083,256,1,20,30.0005,AUTO,7,ARMED,100,0.0,5,2734958.962,23,000473_A_A_PROGRAM_2.NC,37,100,0,12,100,6850.63537844951,752474.239999999,5,362.404393055578,5,252.563799549553,29,-342.932112784715,3576.333333333333,32.82,UNAVAILABLE,47.76666666666667,60.0,7606F116-3463-4EEF-96CC-1AC408FAA001,1.0,E5EDCE94-46C8-449C-9FA0-71F22978959A,1.5,10100.0,2300.0,4.5,34.5,0.2,130.13333333333333,500.0,100.0,7.3,23.4,0.1,1800.0,300.0,6.9,22.4,0.0,2400.0,600.0,4.1,25.5,0.2,24600.0,5100.0,4.9,24.4,0.1,53300.0,11700.0,4.5,29.1,1.1
lid_p2,23,Al6061_lid23_p2,E5EDCE94-46C8-449C-9FA0-71F22978959A,8,164,2025-07-30 13:19:44.195772,2,0.0006680210239083,256,1,20,30.0005,AUTO,7,ARMED,100,0.0,5,2734958.962,23,000473_A_A_PROGRAM_2.NC,38,100,0,8,100,8425.47677976406,752474.239999999,5,362.404393055578,5,252.563799549553,29,-342.932101341955,5807.333333333333,48.6,UNAVAILABLE,47.769000000000005,60.0,7606F116-3463-4EEF-96CC-1AC408FAA001,0.89,E5EDCE94-46C8-449C-9FA0-71F22978959A,1.5,9200.0,2400.0,3.9,34.5,0.2,128.9,300.0,100.0,3.6,23.4,0.1,300.0,100.0,3.6,22.4,0.1,2000.0,600.0,3.3,25.5,0.2,1100.0,300.0,4.1,24.4,0.1,600.0,200.0,3.6,29.1,0.2
lid_p2,23,Al6061_lid23_p2,E5EDCE94-46C8-449C-9FA0-71F22978959A,8,165,2025-07-30 13:19:45.196039,2,0.0006680210239083,256,1,20,30.0005,AUTO,7,ARMED,100,0.0,5,2734958.962,23,000473_A_A_PROGRAM_2.NC,39,100,0,6,100,9480.54211016039,752474.239999999,4,362.40442738759,5,252.563788105528,30,-342.932135670234,5899.0,49.370000000000005,UNAVAILABLE,47.77066666666667,60.0,7606F116-3463-4EEF-96CC-1AC408FAA001,0.9266666666666667,E5EDCE94-46C8-449C-9FA0-71F22978959A,1.5,8600.0,2400.0,3.6,34.5,0.3,128.76666666666668,300.0,100.0,3.4,23.4,0.1,400.0,100.0,3.5,22.4,0.1,2200.0,700.0,3.3,25.5,0.3,1100.0,300.0,4.2,24.4,0.1,1400.0,400.0,3.4,29.1,0.4
lid_p2,23,Al6061_lid23_p2,E5EDCE94-46C8-449C-9FA0-71F22978959A,8,166,2025-07-30 13:19:46.196307,2,0.0006680210239083,256,1,20,30.0005,AUTO,7,ARMED,100,0.0,5,2734958.962,23,000473_A_A_PROGRAM_2.NC,40,100,0,4,100,10309.9141688702,752474.239999999,4,362.40442738759,5,252.563799549553,30,-342.932169998513,5298.666666666667,44.29666666666666,UNAVAILABLE,47.77266666666667,60.0,7606F116-3463-4EEF-96CC-1AC408FAA001,0.8866666666666667,E5EDCE94-46C8-449C-9FA0-71F22978959A,1.5,8200.0,2000.0,4.1,34.5,0.5,129.16666666666666,500.0,100.0,3.4,23.4,0.1,400.0,100.0,3.6,22.4,0.1,2600.0,1200.0,2.2,25.5,0.5,1300.0,400.0,3.0,24.4,0.2,2100.0,1100.0,1.9,29.1,1.1
lid_p2,23,Al6061_lid23_p2,E5EDCE94-46C8-449C-9FA0-71F22978959A,8,167,2025-07-30 13:19:47.196557,2,0.0006680210239083,256,1,20,30.0005,AUTO,7,ARMED,100,0.0,5,2734958.962,23,000473_A_A_PROGRAM_2.NC,41,100,0,4,100,12000.0,752474.239999999,5,363.455513373343,5,253.347279373676,30,-342.932067013677,4477.666666666667,37.49333333333333,UNAVAILABLE,47.77366666666666,60.0,7606F116-3463-4EEF-96CC-1AC408FAA001,0.8866666666666667,E5EDCE94-46C8-449C-9FA0-71F22978959A,1.5,6900.0,2100.0,3.2,34.5,0.5,129.63333333333333,300.0,100.0,3.3,23.4,0.1,400.0,100.0,3.4,22.4,0.1,4900.0,2100.0,2.3,25.5,0.8,1700.0,600.0,2.6,24.4,0.2,2200.0,1000.0,2.2,29.1,0.9
lid_p2,23,Al6061_lid23_p2,E5EDCE94-46C8-449C-9FA0-71F22978959A,8,168,2025-07-30 13:19:48.196809,2,0.0006680210239083,259,1,20,30.0005,AUTO,7,ARMED,100,20.61667,5,2734958.962,23,000473_A_A_PROGRAM_2.NC,42,100,0,3,100,12000.0,752474.239999999,2,360.815685927056,10,254.156673969885,27,-344.046305720607,3880.0,32.586666666666666,UNAVAILABLE,47.77466666666666,60.0,7606F116-3463-4EEF-96CC-1AC408FAA001,0.8866666666666667,E5EDCE94-46C8-449C-9FA0-71F22978959A,1.5,7800.0,2300.0,3.4,34.5,0.5,129.9333333333333,400.0,100.0,4.0,23.4,0.2,400.0,100.0,3.5,22.4,0.1,5000.0,1200.0,4.2,25.5,0.4,1500.0,500.0,3.3,24.4,0.2,1400.0,700.0,2.0,29.1,0.6
lid_p2,23,Al6061_lid23_p2,E5EDCE94-46C8-449C-9FA0-71F22978959A,8,169,2025-07-30 13:19:49.197092,2,0.0006680210239083,260,1,20,30.0005,AUTO,7,ARMED,100,20.61667,5,2734958.962,23,000473_A_A_PROGRAM_2.NC,43,100,0,2,100,12000.0,752474.239999999,2,364.628718263205,7,252.922410069632,26,-345.681407397507,3559.333333333333,30.00333333333333,UNAVAILABLE,47.775666666666666,59.99,7606F116-3463-4EEF-96CC-1AC408FAA001,0.8733333333333334,E5EDCE94-46C8-449C-9FA0-71F22978959A,1.5,6300.0,1900.0,3.3,34.5,0.5,130.13333333333333,300.0,100.0,3.2,23.4,0.1,500.0,100.0,3.6,22.4,0.1,3500.0,1100.0,3.1,25.5,0.4,1500.0,400.0,3.5,24.4,0.2,2700.0,900.0,3.1,29.1,0.7
lid_p2,23,Al6061_lid23_p2,E5EDCE94-46C8-449C-9FA0-71F22978959A,8,170,2025-07-30 13:19:50.197380,2,0.0006680210239083,261,1,20,30.0005,AUTO,7,ARMED,100,20.61667,5,2734958.962,23,000473_A_A_PROGRAM_2.NC,44,100,0,0,100,12000.0,752474.239999999,11,360.260919053517,8,253.247236729407,26,-347.093764317856,3206.6666666666665,27.14,UNAVAILABLE,47.77633333333333,59.99,7606F116-3463-4EEF-96CC-1AC408FAA001,0.8833333333333333,E5EDCE94-46C8-449C-9FA0-71F22978959A,1.5,6700.0,2000.0,3.3,34.5,0.4,130.33333333333334,600.0,100.0,4.1,23.4,0.1,700.0,200.0,3.7,22.4,0.1,5600.0,1400.0,4.0,25.5,0.5,2300.0,600.0,3.9,24.4,0.3,2800.0,800.0,3.7,29.1,0.6
lid_p2,23,Al6061_lid23_p2,E5EDCE94-46C8-449C-9FA0-71F22978959A,8,171,2025-07-30 13:19:51.197663,2,0.0006680210239083,264,1,20,30.0005,AUTO,7,ARMED,100,20.61667,5,2734958.962,23,000473_A_A_PROGRAM_2.NC,45,100,0,0,100,12000.0,752474.239999999,9,364.028136998423,3,251.005623064773,31,-347.694589291256,2377.0,21.05666666666667,UNAVAILABLE,47.77700000000001,59.99,7606F116-3463-4EEF-96CC-1AC408FAA001,0.7200000000000001,E5EDCE94-46C8-449C-9FA0-71F22978959A,1.5,4800.0,1400.0,3.5,34.5,0.5,130.7,500.0,200.0,3.2,23.4,0.1,700.0,200.0,3.2,22.4,0.1,4900.0,1000.0,5.0,25.5,0.3,2600.0,700.0,3.8,24.4,0.3,3300.0,700.0,4.8,29.1,0.5
lid_p2,23,Al6061_lid23_p2,E5EDCE94-46C8-449C-9FA0-71F22978959A,8,172,2025-07-30 13:19:52.197957,2,0.0006680210239083,269,1,20,30.0005,AUTO,7,ARMED,100,20.61667,5,2734958.962,23,000473_A_A_PROGRAM_2.NC,46,100,0,0,100,12000.0,752474.239999999,2,364.599444113884,9,253.070792750132,25,-348.473417831536,1275.3333333333333,11.126666666666663,UNAVAILABLE,47.77766666666667,59.99,7606F116-3463-4EEF-96CC-1AC408FAA001,0.8566666666666668,E5EDCE94-46C8-449C-9FA0-71F22978959A,1.5,5100.0,1400.0,3.7,34.5,0.5,131.26666666666665,600.0,100.0,3.9,23.4,0.4,700.0,200.0,3.1,22.4,0.1,4300.0,1000.0,4.3,25.5,0.4,2400.0,600.0,3.8,24.4,0.3,1600.0,700.0,2.4,29.1,0.5
lid_p2,23,Al6061_lid23_p2,E5EDCE94-46C8-449C-9FA0-71F22978959A,8,173,2025-07-30 13:19:53.198204,2,0.0006680210239083,271,1,20,30.0005,AUTO,7,ARMED,100,20.61667,5,2734958.962,23,000473_A_A_PROGRAM_2.NC,47,100,0,1,100,12000.0,752474.239999999,1,360.219227995667,9,253.096324370218,26,-349.885660324291,1186.6666666666667,10.243333333333332,UNAVAILABLE,47.778,59.99,7606F116-3463-4EEF-96CC-1AC408FAA001,0.8766666666666666,E5EDCE94-46C8-449C-9FA0-71F22978959A,1.5,5100.0,1400.0,3.7,34.5,0.5,131.4,600.0,200.0,3.5,23.4,0.1,700.0,200.0,3.3,22.4,0.1,5900.0,1000.0,5.8,25.5,0.3,2400.0,700.0,3.6,24.4,0.3,3200.0,700.0,4.6,29.1,0.5
lid_p2,23,Al6061_lid23_p2,E5EDCE94-46C8-449C-9FA0-71F22978959A,8,174,2025-07-30 13:19:54.198485,2,0.0006680210239083,272,1,20,30.0005,AUTO,7,ARMED,100,20.61667,5,2734958.962,23,000473_A_A_PROGRAM_2.NC,48,100,0,0,100,12000.0,752474.239999999,9,363.264547279618,3,250.481534430176,26,-351.223421895418,1276.6666666666667,11.123333333333331,UNAVAILABLE,47.778,59.99,7606F116-3463-4EEF-96CC-1AC408FAA001,0.8933333333333334,E5EDCE94-46C8-449C-9FA0-71F22978959A,1.5,5100.0,1400.0,3.6,34.5,0.5,131.29999999999998,600.0,200.0,3.5,23.4,0.1,800.0,200.0,3.6,22.4,0.1,3900.0,1000.0,3.8,25.5,0.4,2800.0,700.0,3.9,24.4,0.3,3200.0,700.0,4.6,29.1,0.5
lid_p2,23,Al6061_lid23_p2,E5EDCE94-46C8-449C-9FA0-71F22978959A,8,175,2025-07-30 13:19:55.198732,2,0.0006680210239083,274,1,20,30.0005,AUTO,7,ARMED,100,20.61667,5,2734958.962,23,000473_A_A_PROGRAM_2.NC,49,100,0,0,100,12000.0,752474.239999999,8,362.562830788074,2,254.805341972957,30,-352.457328981266,1295.0,11.29,UNAVAILABLE,47.77866666666667,59.99,7606F116-3463-4EEF-96CC-1AC408FAA001,0.8733333333333334,E5EDCE94-46C8-449C-9FA0-71F22978959A,1.5,5200.0,1400.0,3.8,34.5,0.5,131.29999999999998,700.0,200.0,3.5,23.4,0.1,800.0,200.0,3.3,22.4,0.1,5000.0,1200.0,4.2,25.5,0.4,3000.0,800.0,4.0,24.4,0.3,2500.0,700.0,3.6,29.1,0.5
lid_p2,23,Al6061_lid23_p2,E5EDCE94-46C8-449C-9FA0-71F22978959A,8,176,2025-07-30 13:19:56.198999,2,0.0006680210239083,279,1,20,30.0005,AUTO,7,ARMED,100,109.7833,5,2734958.962,23,000473_A_A_PROGRAM_2.NC,50,100,0,0,100,12000.0,752474.239999999,3,362.467254969213,7,252.563685109302,71,-329.703955043299,1308.0,11.300000000000002,UNAVAILABLE,47.77866666666667,59.99,7606F116-3463-4EEF-96CC-1AC408FAA001,0.88,E5EDCE94-46C8-449C-9FA0-71F22978959A,1.5,5200.0,1400.0,3.7,34.5,0.5,131.29999999999998,600.0,200.0,4.0,23.4,0.1,800.0,200.0,3.2,22.4,0.1,3700.0,1000.0,3.7,25.5,0.4,3700.0,800.0,4.5,24.4,0.3,1800.0,700.0,2.7,29.1,0.5
lid_p2,23,Al6061_lid23_p2,E5EDCE94-46C8-449C-9FA0-71F22978959A,8,177,2025-07-30 13:19:57.199251,2,0.0006680210239083,283,1,20,30.0005,AUTO,7,ARMED,100,20.61667,5,2734958.962,23,000473_A_A_PROGRAM_2.NC,51,100,0,0,100,12000.0,752474.239999999,6,398.601348758041,10,250.317610821085,28,-343.441121055836,1190.3333333333333,10.340000000000002,UNAVAILABLE,47.779,59.99,7606F116-3463-4EEF-96CC-1AC408FAA001,0.84,E5EDCE94-46C8-449C-9FA0-71F22978959A,1.5,5100.0,1300.0,3.8,34.5,0.5,131.33333333333334,800.0,200.0,5.1,23.4,0.1,800.0,200.0,3.5,22.4,0.1,2200.0,900.0,2.4,25.5,0.4,7900.0,1100.0,7.0,24.4,0.3,20900.0,3800.0,5.6,29.1,0.6
lid_p2,23,Al6061_lid23_p2,E5EDCE94-46C8-449C-9FA0-71F22978959A,8,178,2025-07-30 13:19:58.199537,2,0.0006680210239083,284,1,20,30.0005,AUTO,7,ARMED,100,20.61667,5,2734958.962,23,000473_A_A_PROGRAM_2.NC,52,100,0,0,100,12000.0,752474.239999999,12,398.206089780095,6,254.808997500637,27,-344.927123576368,1176.0,10.223333333333334,UNAVAILABLE,47.779,59.99,7606F116-3463-4EEF-96CC-1AC408FAA001,0.7533333333333334,E5EDCE94-46C8-449C-9FA0-71F22978959A,1.5,4400.0,1300.0,3.4,34.4,0.5,131.4,500.0,100.0,3.5,23.4,0.1,600.0,200.0,3.0,22.4,0.1,3100.0,1000.0,3.0,25.5,0.4,1800.0,500.0,3.4,24.4,0.3,3200.0,700.0,4.7,29.1,0.5
lid_p2,23,Al6061_lid23_p2,E5EDCE94-46C8-449C-9FA0-71F22978959A,8,179,2025-07-30 13:19:59.199786,2,0.0006680210239083,286,1,20,30.0005,AUTO,7,ARMED,100,20.61667,5,2734958.962,23,000473_A_A_PROGRAM_2.NC,53,100,0,0,100,12000.0,752474.239999999,11,397.57812806429,6,250.472644284357,27,-346.339675023629,1160.3333333333333,10.05,UNAVAILABLE,47.78,59.99,7606F116-3463-4EEF-96CC-1AC408FAA001,0.8833333333333333,E5EDCE94-46C8-449C-9FA0-71F22978959A,1.5,25700.0,5300.0,4.9,34.4,0.5,131.36666666666667,600.0,100.0,3.9,23.4,0.1,3100.0,700.0,4.4,22.4,0.1,4400.0,1300.0,3.5,25.5,0.4,16400.0,4000.0,4.0,24.4,0.3,8000.0,2200.0,3.6,29.1,0.5
lid_p2,23,Al6061_lid23_p2,E5EDCE94-46C8-449C-9FA0-71F22978959A,8,180,2025-07-30 13:20:00.199999,2,0.0006680210239083,287,1,20,30.0005,AUTO,7,ARMED,100,20.61667,5,2734958.962,23,000473_A_A_PROGRAM_2.NC,54,100,0,0,100,12000.0,752474.239999999,10,400.143424426414,4,251.136004360387,29,-347.529733455048,1248.0,10.86,UNAVAILABLE,47.78066666666666,59.99,7606F116-3463-4EEF-96CC-1AC408FAA001,0.91,E5EDCE94-46C8-449C-9FA0-71F22978959A,1.5,4500.0,1300.0,3.4,34.4,0.5,131.36666666666667,500.0,200.0,3.3,23.4,0.1,800.0,200.0,3.3,22.4,0.1,3700.0,1100.0,3.3,25.5,0.4,2400.0,700.0,3.5,24.4,0.3,2800.0,700.0,4.1,29.1,0.5
lid_p2,23,Al6061_lid23_p2,E5EDCE94-46C8-449C-9FA0-71F22978959A,8,181,2025-07-30 13:20:01.200255,2,0.0006680210239083,293,1,20,30.0005,AUTO,7,ARMED,100,19.43333,5,2734958.962,23,000473_A_A_PROGRAM_2.NC,55,100,0,0,100,12000.0,752474.239999999,7,399.476517369365,15,253.981985545657,32,-347.694623619535,1291.0,11.256666666666666,UNAVAILABLE,47.78066666666666,59.99,7606F116-3463-4EEF-96CC-1AC408FAA001,0.8733333333333334,E5EDCE94-46C8-449C-9FA0-71F22978959A,1.5,5000.0,1400.0,3.5,34.4,0.5,131.29999999999998,500.0,100.0,3.6,23.4,0.1,700.0,200.0,3.1,22.4,0.1,3200.0,1000.0,3.2,25.5,0.3,2700.0,700.0,4.2,24.4,0.3,2800.0,600.0,4.4,29.1,0.5
lid_p2,23,Al6061_lid23_p2,E5EDCE94-46C8-449C-9FA0-71F22978959A,8,182,2025-07-30 13:20:02.200545,2,0.0006680210239083,295,1,20,30.0005,AUTO,7,ARMED,100,20.61667,5,2734958.962,23,000473_A_A_PROGRAM_2.NC,56,100,0,0,100,12000.0,752474.239999999,11,397.043524894121,5,250.774663551161,27,-349.077915930738,1197.6666666666667,10.746666666666668,UNAVAILABLE,47.78066666666666,59.99,7606F116-3463-4EEF-96CC-1AC408FAA001,0.85,E5EDCE94-46C8-449C-9FA0-71F22978959A,1.5,4400.0,1300.0,3.4,34.4,0.5,131.33333333333334,600.0,200.0,3.7,23.4,0.3,900.0,200.0,4.0,22.4,0.1,3400.0,1100.0,3.0,25.5,0.4,2200.0,600.0,3.9,24.4,0.3,2000.0,600.0,3.2,29.1,0.5
lid_p2,23,Al6061_lid23_p2,E5EDCE94-46C8-449C-9FA0-71F22978959A,8,183,2025-07-30 13:20:03.200786,2,0.0006680210239083,296,1,20,30.0005,AUTO,7,ARMED,100,20.61667,5,2734958.962,23,000473_A_A_PROGRAM_2.NC,57,100,0,0,100,12000.0,752474.239999999,6,400.433893124023,12,253.540476690675,27,-350.489540514479,1277.0,10.74,UNAVAILABLE,47.781666666666666,59.99,7606F116-3463-4EEF-96CC-1AC408FAA001,0.9033333333333332,E5EDCE94-46C8-449C-9FA0-71F22978959A,1.5,4900.0,1400.0,3.5,34.4,0.5,131.36666666666667,600.0,200.0,3.9,23.4,0.2,700.0,200.0,3.3,22.4,0.1,2800.0,900.0,3.2,25.5,0.3,2700.0,700.0,3.8,24.4,0.3,2200.0,700.0,3.2,29.1,0.5
lid_p2,23,Al6061_lid23_p2,E5EDCE94-46C8-449C-9FA0-71F22978959A,8,184,2025-07-30 13:20:04.201034,2,0.0006680210239083,298,1,20,30.0005,AUTO,7,ARMED,100,20.61667,5,2734958.962,23,000473_A_A_PROGRAM_2.NC,58,100,0,1,100,12000.0,752474.239999999,5,396.37969725018,11,251.582897824891,26,-351.976080844707,1293.6666666666667,11.263333333333334,UNAVAILABLE,47.781666666666666,59.98,7606F116-3463-4EEF-96CC-1AC408FAA001,0.8733333333333334,E5EDCE94-46C8-449C-9FA0-71F22978959A,1.5,5100.0,1400.0,3.5,34.4,0.5,131.23333333333335,500.0,200.0,3.1,23.4,0.1,700.0,200.0,3.1,22.3,0.1,5300.0,1100.0,4.6,25.5,0.4,3100.0,700.0,4.2,24.4,0.3,3500.0,700.0,5.1,29.1,0.5
lid_p2,23,Al6061_lid23_p2,E5EDCE94-46C8-449C-9FA0-71F22978959A,8,185,2025-07-30 13:20:05.201341,2,0.0006680210239083,300,1,20,30.0005,AUTO,7,ARMED,100,20.61667,5,2734958.962,23,000473_A_A_PROGRAM_2.NC,59,100,0,0,100,12000.0,752474.239999999,1,400.654714315822,11,252.56205049642,32,-352.457088683316,1296.3333333333333,11.303333333333333,UNAVAILABLE,47.781666666666666,59.98,7606F116-3463-4EEF-96CC-1AC408FAA001,0.87,E5EDCE94-46C8-449C-9FA0-71F22978959A,1.5,4900.0,1400.0,3.5,34.4,0.5,131.23333333333335,600.0,200.0,3.3,23.4,0.2,800.0,200.0,3.4,22.3,0.2,3700.0,1100.0,3.4,25.5,0.4,3000.0,800.0,3.9,24.4,0.3,3300.0,700.0,5.0,29.1,0.5
lid_p2,24,Al6061_lid24_p2,E5EDCE94-46C8-449C-9FA0-71F22978959A,8,157,2025-07-30 13:29:37.345078,2,0.0001678978379824,253,1,20,30.0005,AUTO,7,ARMED,100,201.8167,5,2735679.533,24,000473_A_A_PROGRAM_2.NC,30,100,0,0,100,0.0,752834.607999998,6,76.727680875907,3,454.970776115299,35,-99.8669982674121,683.6666666666666,6.016666666666667,UNAVAILABLE,47.952333333333335,60.0,7606F116-3463-4EEF-96CC-1AC408FAA001,0.7333333333333334,E5EDCE94-46C8-449C-9FA0-71F22978959A,1.514,15200.0,700.0,22.7,35.1,0.2,131.5,700.0,100.0,7.4,23.4,0.1,1200.0,100.0,8.9,22.4,0.1,1600.0,300.0,6.5,25.5,0.1,8700.0,500.0,16.6,24.6,0.1,3700.0,300.0,12.1,29.3,0.3
lid_p2,24,Al6061_lid24_p2,E5EDCE94-46C8-449C-9FA0-71F22978959A,8,158,2025-07-30 13:29:38.345303,2,0.0006680210239083,254,1,20,30.0005,AUTO,7,ARMED,100,26.51667,5,2735679.533,24,000473_A_A_PROGRAM_2.NC,31,100,0,30,100,3232.63901114581,752834.607999998,7,362.404473163606,7,252.563685109302,25,-121.823469155029,661.0,6.183333333333333,UNAVAILABLE,47.952333333333335,60.0,7606F116-3463-4EEF-96CC-1AC408FAA001,0.6933333333333334,E5EDCE94-46C8-449C-9FA0-71F22978959A,1.514,4700.0,800.0,6.0,35.1,0.1,131.49999999999997,1700.0,400.0,4.0,23.4,0.3,5200.0,900.0,6.0,22.4,0.1,27400.0,7200.0,3.8,25.5,0.3,2300.0,300.0,6.8,24.6,0.0,800.0,200.0,4.3,29.3,0.1
lid_p2,24,Al6061_lid24_p2,E5EDCE94-46C8-449C-9FA0-71F22978959A,8,159,2025-07-30 13:29:39.345536,2,0.0006680210239083,256,1,20,30.0005,AUTO,7,ARMED,100,0.0,5,2735679.533,24,000473_A_A_PROGRAM_2.NC,32,100,0,14,100,5905.47865696351,752834.607999998,5,362.404404499582,5,252.563799549553,28,-342.932181441272,2594.333333333333,23.866666666666664,UNAVAILABLE,47.954,60.0,7606F116-3463-4EEF-96CC-1AC408FAA001,1.0,E5EDCE94-46C8-449C-9FA0-71F22978959A,1.514,10300.0,2300.0,4.4,35.1,0.2,130.5666666666667,700.0,200.0,4.7,23.4,0.1,1900.0,400.0,5.1,22.4,0.0,3800.0,600.0,6.0,25.5,0.1,28900.0,5100.0,5.7,24.6,0.1,47200.0,11300.0,4.2,29.3,1.2
lid_p2,24,Al6061_lid24_p2,E5EDCE94-46C8-449C-9FA0-71F22978959A,8,160,2025-07-30 13:29:40.345748,2,0.0006680210239083,256,1,20,30.0005,AUTO,7,ARMED,100,0.0,5,2735679.533,24,000473_A_A_PROGRAM_2.NC,33,100,0,10,100,7746.78814383917,752834.607999998,5,362.404393055578,5,252.563799549553,29,-342.932112784715,5933.0,49.73333333333333,UNAVAILABLE,47.955333333333336,60.0,7606F116-3463-4EEF-96CC-1AC408FAA001,0.9033333333333332,E5EDCE94-46C8-449C-9FA0-71F22978959A,1.514,7500.0,2100.0,3.5,35.1,0.3,128.66666666666666,200.0,100.0,3.5,23.4,0.1,400.0,100.0,4.3,22.4,0.1,1900.0,600.0,3.4,25.5,0.2,1000.0,300.0,3.5,24.6,0.1,600.0,100.0,4.4,29.3,0.1
lid_p2,24,Al6061_lid24_p2,E5EDCE94-46C8-449C-9FA0-71F22978959A,8,161,2025-07-30 13:29:41.345984,2,0.0006680210239083,256,1,20,30.0005,AUTO,7,ARMED,100,0.0,5,2735679.533,24,000473_A_A_PROGRAM_2.NC,34,100,0,7,100,8993.62143441774,752834.607999998,5,362.404381611574,5,252.563799549553,29,-342.932089899196,5909.666666666667,49.46,UNAVAILABLE,47.957,60.0,7606F116-3463-4EEF-96CC-1AC408FAA001,0.9266666666666667,E5EDCE94-46C8-449C-9FA0-71F22978959A,1.514,10000.0,3000.0,3.3,35.1,0.2,128.66666666666666,300.0,100.0,3.3,23.4,0.1,400.0,100.0,3.3,22.4,0.1,2000.0,700.0,3.0,25.5,0.3,1100.0,300.0,4.2,24.6,0.1,600.0,200.0,3.7,29.3,0.1
lid_p2,24,Al6061_lid24_p2,E5EDCE94-46C8-449C-9FA0-71F22978959A,8,162,2025-07-30 13:29:42.346241,2,0.0006680210239083,256,1,20,30.0005,AUTO,7,ARMED,100,0.0,5,2735679.533,24,000473_A_A_PROGRAM_2.NC,35,100,0,5,100,9940.431476734,752834.607999998,4,362.404393055578,5,252.563788105528,30,-342.932124227474,5466.0,45.73666666666666,UNAVAILABLE,47.959,60.0,7606F116-3463-4EEF-96CC-1AC408FAA001,0.8866666666666667,E5EDCE94-46C8-449C-9FA0-71F22978959A,1.514,7300.0,2100.0,3.5,35.1,0.4,128.9,400.0,100.0,3.7,23.4,0.1,300.0,100.0,3.3,22.4,0.1,2500.0,800.0,3.2,25.5,0.3,1100.0,300.0,3.4,24.6,0.1,1500.0,600.0,2.7,29.3,0.6
lid_p2,24,Al6061_lid24_p2,E5EDCE94-46C8-449C-9FA0-71F22978959A,8,163,2025-07-30 13:29:43.346496,2,0.0006680210239083,256,1,20,30.0005,AUTO,7,ARMED,100,0.0,5,2735679.533,24,000473_A_A_PROGRAM_2.NC,36,100,0,4,100,10633.0970908137,752834.607999998,4,362.404415943586,5,252.563822437603,30,-342.932089899196,4421.0,37.053333333333335,UNAVAILABLE,47.95966666666667,60.0,7606F116-3463-4EEF-96CC-1AC408FAA001,0.8866666666666667,E5EDCE94-46C8-449C-9FA0-71F22978959A,1.514,7200.0,2100.0,3.4,35.1,0.5,129.53333333333333,300.0,100.0,3.1,23.4,0.1,400.0,100.0,3.8,22.4,0.1,5900.0,2500.0,2.4,25.5,1.0,1800.0,600.0,3.1,24.6,0.2,3500.0,1600.0,2.2,29.3,1.5
lid_p2,24,Al6061_lid24_p2,E5EDCE94-46C8-449C-9FA0-71F22978959A,8,164,2025-07-30 13:29:44.346743,2,0.0006680210239083,258,1,20,30.0005,AUTO,7,ARMED,100,20.61667,5,2735679.533,24,000473_A_A_PROGRAM_2.NC,37,100,0,3,100,12000.0,752834.607999998,8,363.27768499614,2,250.487279309523,27,-343.490347807232,3839.3333333333335,32.276666666666664,UNAVAILABLE,47.96099999999999,60.0,7606F116-3463-4EEF-96CC-1AC408FAA001,0.8866666666666667,E5EDCE94-46C8-449C-9FA0-71F22978959A,1.514,6300.0,2000.0,3.1,35.1,0.5,129.86666666666667,300.0,100.0,3.3,23.4,0.1,400.0,100.0,4.0,22.4,0.1,2500.0,900.0,2.6,25.5,0.4,1700.0,600.0,3.0,24.6,0.2,1800.0,500.0,3.6,29.3,0.4
lid_p2,24,Al6061_lid24_p2,E5EDCE94-46C8-449C-9FA0-71F22978959A,8,165,2025-07-30 13:29:45.347002,2,0.0006680210239083,259,1,20,30.0005,AUTO,7,ARMED,100,20.61667,5,2735679.533,24,000473_A_A_PROGRAM_2.NC,38,100,0,3,100,12000.0,752834.607999998,0,362.566126704807,8,254.80692127976,27,-344.901709207504,3678.3333333333335,31.08333333333333,UNAVAILABLE,47.961666666666666,60.0,7606F116-3463-4EEF-96CC-1AC408FAA001,0.91,E5EDCE94-46C8-449C-9FA0-71F22978959A,1.514,7100.0,2100.0,3.4,35.1,0.5,129.86666666666667,400.0,100.0,3.6,23.4,0.1,500.0,100.0,3.6,22.4,0.1,6600.0,1200.0,5.3,25.5,0.4,1600.0,500.0,3.6,24.6,0.2,3900.0,800.0,4.7,29.3,0.7
lid_p2,24,Al6061_lid24_p2,E5EDCE94-46C8-449C-9FA0-71F22978959A,8,166,2025-07-30 13:29:46.347197,2,0.0006680210239083,261,1,20,30.0005,AUTO,7,ARMED,100,20.61667,5,2735679.533,24,000473_A_A_PROGRAM_2.NC,39,100,0,1,100,12000.0,752834.607999998,9,362.258218793269,6,250.319958101276,27,-346.388730133632,3346.6666666666665,28.993333333333336,UNAVAILABLE,47.96233333333333,60.0,7606F116-3463-4EEF-96CC-1AC408FAA001,0.8833333333333333,E5EDCE94-46C8-449C-9FA0-71F22978959A,1.514,6300.0,1800.0,3.5,35.1,0.5,130.1,500.0,100.0,3.7,23.4,0.1,600.0,200.0,3.4,22.4,0.1,5600.0,1200.0,4.5,25.5,0.4,1800.0,500.0,3.5,24.6,0.3,3200.0,800.0,4.0,29.3,0.6
lid_p2,24,Al6061_lid24_p2,E5EDCE94-46C8-449C-9FA0-71F22978959A,8,167,2025-07-30 13:29:47.347431,2,0.0006680210239083,262,1,20,30.0005,AUTO,7,ARMED,100,20.61667,5,2735679.533,24,000473_A_A_PROGRAM_2.NC,40,100,0,0,100,12000.0,752834.607999998,11,363.544373101997,6,254.500489983003,28,-347.69496690232,3046.333333333333,25.856666666666666,UNAVAILABLE,47.96333333333333,60.0,7606F116-3463-4EEF-96CC-1AC408FAA001,0.8866666666666667,E5EDCE94-46C8-449C-9FA0-71F22978959A,1.514,6300.0,1600.0,4.0,35.1,0.4,130.26666666666668,600.0,200.0,3.5,23.3,0.1,800.0,200.0,3.4,22.4,0.1,3400.0,1200.0,2.9,25.5,0.4,2400.0,700.0,3.5,24.6,0.3,3400.0,800.0,4.2,29.3,0.6
lid_p2,24,Al6061_lid24_p2,E5EDCE94-46C8-449C-9FA0-71F22978959A,8,168,2025-07-30 13:29:48.347707,2,0.0006680210239083,268,1,20,30.0005,AUTO,7,ARMED,100,20.61667,5,2735679.533,24,000473_A_A_PROGRAM_2.NC,41,100,0,0,100,12000.0,752834.607999998,7,363.307902520514,10,254.33780993806,25,-347.694623619535,1303.0,11.373333333333337,UNAVAILABLE,47.964,60.0,7606F116-3463-4EEF-96CC-1AC408FAA001,0.8700000000000001,E5EDCE94-46C8-449C-9FA0-71F22978959A,1.514,5400.0,1400.0,3.8,35.1,0.5,131.13333333333335,500.0,200.0,3.2,23.3,0.1,800.0,200.0,3.3,22.4,0.1,3500.0,1000.0,3.4,25.5,0.4,2300.0,700.0,3.4,24.6,0.3,2400.0,800.0,3.1,29.3,0.6
lid_p2,24,Al6061_lid24_p2,E5EDCE94-46C8-449C-9FA0-71F22978959A,8,169,2025-07-30 13:29:49.347973,2,0.0006680210239083,270,1,20,30.0005,AUTO,7,ARMED,100,20.61667,5,2735679.533,24,000473_A_A_PROGRAM_2.NC,42,100,0,1,100,12000.0,752834.607999998,9,360.58190109633,7,251.245115979604,25,-349.031675739573,1190.6666666666667,10.336666666666666,UNAVAILABLE,47.964333333333336,60.0,7606F116-3463-4EEF-96CC-1AC408FAA001,0.8666666666666667,E5EDCE94-46C8-449C-9FA0-71F22978959A,1.514,4600.0,1300.0,3.5,35.1,0.5,131.23333333333335,600.0,200.0,3.5,23.3,0.2,700.0,200.0,3.2,22.4,0.2,3400.0,1100.0,3.1,25.5,0.4,2200.0,600.0,3.9,24.6,0.3,2400.0,800.0,3.1,29.3,0.7
lid_p2,24,Al6061_lid24_p2,E5EDCE94-46C8-449C-9FA0-71F22978959A,8,170,2025-07-30 13:29:50.348242,2,0.0006680210239083,271,1,20,30.0005,AUTO,7,ARMED,100,20.61667,5,2735679.533,24,000473_A_A_PROGRAM_2.NC,43,100,0,0,100,12000.0,752834.607999998,10,362.394086717805,5,254.814914189504,25,-350.66729234065,1279.3333333333333,11.166666666666666,UNAVAILABLE,47.964666666666666,60.0,7606F116-3463-4EEF-96CC-1AC408FAA001,0.88,E5EDCE94-46C8-449C-9FA0-71F22978959A,1.514,5500.0,1400.0,3.9,35.1,0.5,131.20000000000002,600.0,200.0,3.4,23.3,0.2,700.0,200.0,3.2,22.4,0.1,3500.0,900.0,3.8,25.5,0.3,3000.0,700.0,4.2,24.6,0.3,2600.0,800.0,3.3,29.3,0.7
lid_p2,24,Al6061_lid24_p2,E5EDCE94-46C8-449C-9FA0-71F22978959A,8,171,2025-07-30 13:29:51.348531,2,0.0006680210239083,273,1,20,30.0005,AUTO,7,ARMED,100,20.61667,5,2735679.533,24,000473_A_A_PROGRAM_2.NC,44,100,0,1,100,12000.0,752834.607999998,11,360.180330998121,6,252.199845218828,27,-351.93058443291,1296.6666666666667,11.313333333333333,UNAVAILABLE,47.965,60.0,7606F116-3463-4EEF-96CC-1AC408FAA001,0.8666666666666667,E5EDCE94-46C8-449C-9FA0-71F22978959A,1.514,4800.0,1400.0,3.4,35.1,0.5,131.16666666666666,700.0,200.0,3.5,23.3,0.2,800.0,200.0,3.1,22.4,0.2,4900.0,1200.0,4.2,25.5,0.4,3100.0,700.0,4.3,24.6,0.3,2800.0,800.0,3.5,29.3,0.6
lid_p2,24,Al6061_lid24_p2,E5EDCE94-46C8-449C-9FA0-71F22978959A,8,172,2025-07-30 13:29:52.348773,2,0.0006680210239083,276,1,20,30.0005,AUTO,7,ARMED,100,20.61667,5,2735679.533,24,000473_A_A_PROGRAM_2.NC,45,100,0,1,100,12000.0,752834.607999998,3,364.620684466167,11,252.965508108716,32,-352.457065797797,1300.0,11.343333333333334,UNAVAILABLE,47.965,60.0,7606F116-3463-4EEF-96CC-1AC408FAA001,0.8733333333333334,E5EDCE94-46C8-449C-9FA0-71F22978959A,1.514,5600.0,1400.0,3.9,35.1,0.5,131.20000000000002,700.0,200.0,3.5,23.3,0.2,800.0,300.0,3.2,22.4,0.2,3500.0,1000.0,3.5,25.5,0.4,3800.0,800.0,4.6,24.6,0.3,3300.0,800.0,4.1,29.3,0.6
lid_p2,24,Al6061_lid24_p2,E5EDCE94-46C8-449C-9FA0-71F22978959A,8,173,2025-07-30 13:29:53.349047,2,0.0006680210239083,280,1,20,30.0005,AUTO,7,ARMED,100,19.5,5,2735679.533,24,000473_A_A_PROGRAM_2.NC,46,100,0,0,100,12000.0,752834.607999998,5,399.078178024782,5,252.81254783511,40,-342.932353082665,1233.3333333333333,10.75,UNAVAILABLE,47.96566666666666,60.0,7606F116-3463-4EEF-96CC-1AC408FAA001,0.84,E5EDCE94-46C8-449C-9FA0-71F22978959A,1.514,4600.0,1300.0,3.5,35.1,0.5,131.16666666666666,500.0,100.0,3.3,23.3,0.5,700.0,200.0,3.1,22.4,0.2,4800.0,1000.0,4.9,25.5,0.4,2100.0,600.0,3.6,24.6,0.3,8300.0,1000.0,8.5,29.3,0.7
lid_p2,24,Al6061_lid24_p2,E5EDCE94-46C8-449C-9FA0-71F22978959A,8,174,2025-07-30 13:29:54.349258,2,0.0006680210239083,284,1,20,30.0005,AUTO,7,ARMED,100,20.61667,5,2735679.533,24,000473_A_A_PROGRAM_2.NC,47,100,0,0,100,12000.0,752834.607999998,3,396.277849000061,10,251.829436457938,27,-344.222730186676,1206.3333333333333,10.533333333333331,UNAVAILABLE,47.96633333333333,60.0,7606F116-3463-4EEF-96CC-1AC408FAA001,0.9866666666666668,E5EDCE94-46C8-449C-9FA0-71F22978959A,1.514,4000.0,1300.0,3.1,35.1,0.5,131.23333333333335,500.0,100.0,3.6,23.3,0.2,600.0,200.0,2.9,22.4,0.2,3200.0,1000.0,3.1,25.5,0.4,4900.0,700.0,6.9,24.6,0.3,12400.0,1700.0,7.2,29.3,0.7
lid_p2,24,Al6061_lid24_p2,E5EDCE94-46C8-449C-9FA0-71F22978959A,8,175,2025-07-30 13:29:55.349515,2,0.0006680210239083,285,1,20,30.0005,AUTO,7,ARMED,100,20.61667,5,2735679.533,24,000473_A_A_PROGRAM_2.NC,48,100,0,0,100,12000.0,752834.607999998,1,400.63474294865,10,252.259517368107,26,-345.634801038038,1146.3333333333333,9.906666666666668,UNAVAILABLE,47.96633333333333,60.0,7606F116-3463-4EEF-96CC-1AC408FAA001,0.8766666666666666,E5EDCE94-46C8-449C-9FA0-71F22978959A,1.514,4600.0,1300.0,3.6,35.1,0.5,131.23333333333335,500.0,100.0,3.3,23.3,0.1,700.0,200.0,3.2,22.4,0.1,5200.0,1100.0,4.9,25.5,0.4,1900.0,500.0,3.6,24.6,0.3,2800.0,800.0,3.6,29.3,0.6
lid_p2,24,Al6061_lid24_p2,E5EDCE94-46C8-449C-9FA0-71F22978959A,8,176,2025-07-30 13:29:56.349747,2,0.0006680210239083,286,1,20,30.0005,AUTO,7,ARMED,100,20.61667,5,2735679.533,24,000473_A_A_PROGRAM_2.NC,49,100,0,0,100,12000.0,752834.607999998,10,396.552396010242,4,253.838343514635,26,-347.047363928058,1169.0,10.126666666666669,UNAVAILABLE,47.96633333333333,60.0,7606F116-3463-4EEF-96CC-1AC408FAA001,0.8733333333333334,E5EDCE94-46C8-449C-9FA0-71F22978959A,1.514,14500.0,2800.0,5.1,35.1,0.5,131.23333333333335,600.0,200.0,3.5,23.3,0.1,800.0,200.0,3.3,22.4,0.2,5500.0,1200.0,4.7,25.5,0.4,6400.0,1000.0,6.2,24.6,0.3,2500.0,800.0,3.2,29.3,0.6
lid_p2,24,Al6061_lid24_p2,E5EDCE94-46C8-449C-9FA0-71F22978959A,8,177,2025-07-30 13:29:57.350020,2,0.0006680210239083,289,1,20,30.0005,AUTO,7,ARMED,100,20.61667,5,2735679.533,24,000473_A_A_PROGRAM_2.NC,50,100,0,0,100,12000.0,752834.607999998,10,400.278611698064,4,251.317540258951,32,-347.694612176775,1294.6666666666667,11.300000000000002,UNAVAILABLE,47.967000000000006,60.0,7606F116-3463-4EEF-96CC-1AC408FAA001,0.88,E5EDCE94-46C8-449C-9FA0-71F22978959A,1.514,4600.0,1400.0,3.4,35.1,0.5,131.13333333333335,500.0,200.0,3.3,23.3,0.1,700.0,200.0,3.0,22.4,0.2,3500.0,900.0,3.7,25.5,0.3,2300.0,600.0,3.5,24.6,0.3,3600.0,800.0,4.6,29.3,0.6
lid_p2,24,Al6061_lid24_p2,E5EDCE94-46C8-449C-9FA0-71F22978959A,8,178,2025-07-30 13:29:58.350288,2,0.0006680210239083,294,1,20,30.0005,AUTO,7,ARMED,100,20.61667,5,2735679.533,24,000473_A_A_PROGRAM_2.NC,51,100,0,0,100,12000.0,752834.607999998,3,400.653440279485,9,252.711577575196,27,-348.447877592318,1291.3333333333333,11.256666666666666,UNAVAILABLE,47.96733333333333,60.0,7606F116-3463-4EEF-96CC-1AC408FAA001,0.8733333333333334,E5EDCE94-46C8-449C-9FA0-71F22978959A,1.514,4700.0,1300.0,3.6,35.1,0.5,131.13333333333335,500.0,200.0,3.3,23.3,0.5,700.0,200.0,3.2,22.4,0.2,5700.0,1100.0,5.4,25.5,0.4,2000.0,600.0,3.5,24.6,0.3,1800.0,800.0,2.4,29.3,0.6
lid_p2,24,Al6061_lid24_p2,E5EDCE94-46C8-449C-9FA0-71F22978959A,8,179,2025-07-30 13:29:59.350489,2,0.0006680210239083,296,1,20,30.0005,AUTO,7,ARMED,100,20.61667,5,2735679.533,24,000473_A_A_PROGRAM_2.NC,52,100,0,0,100,12000.0,752834.607999998,11,396.962500437166,4,254.289301643532,27,-349.785581949648,1191.3333333333333,10.333333333333334,UNAVAILABLE,47.96733333333333,60.0,7606F116-3463-4EEF-96CC-1AC408FAA001,0.89,E5EDCE94-46C8-449C-9FA0-71F22978959A,1.514,5800.0,1400.0,4.2,35.1,0.5,131.23333333333335,500.0,200.0,3.2,23.3,0.2,700.0,200.0,2.9,22.4,0.2,4700.0,1000.0,4.9,25.5,0.3,2200.0,600.0,3.4,24.6,0.3,2900.0,800.0,3.7,29.3,0.6
lid_p2,24,Al6061_lid24_p2,E5EDCE94-46C8-449C-9FA0-71F22978959A,8,180,2025-07-30 13:30:00.350730,2,0.0006680210239083,297,1,20,30.0005,AUTO,7,ARMED,100,20.61667,5,2735679.533,24,000473_A_A_PROGRAM_2.NC,53,100,0,0,100,12000.0,752834.607999998,9,398.91610666059,4,250.365458113015,26,-351.197732900326,1295.3333333333333,11.3,UNAVAILABLE,47.968,60.0,7606F116-3463-4EEF-96CC-1AC408FAA001,0.87,E5EDCE94-46C8-449C-9FA0-71F22978959A,1.514,5300.0,1400.0,3.7,35.1,0.5,131.23333333333335,600.0,200.0,3.6,23.3,0.1,700.0,200.0,3.1,22.4,0.2,3700.0,1100.0,3.4,25.5,0.4,3100.0,700.0,4.7,24.6,0.3,3200.0,800.0,3.9,29.3,0.6
lid_p2,24,Al6061_lid24_p2,E5EDCE94-46C8-449C-9FA0-71F22978959A,8,181,2025-07-30 13:30:01.350987,2,0.0006680210239083,299,1,20,30.0005,AUTO,7,ARMED,100,20.6,5,2735679.533,24,000473_A_A_PROGRAM_2.NC,54,100,0,1,100,12000.0,752834.607999998,9,397.88282911148,7,254.757074836444,31,-352.457271767468,1301.0,11.343333333333334,UNAVAILABLE,47.969,60.0,7606F116-3463-4EEF-96CC-1AC408FAA001,0.8766666666666666,E5EDCE94-46C8-449C-9FA0-71F22978959A,1.514,4700.0,1400.0,3.4,35.1,0.5,131.13333333333335,600.0,200.0,3.2,23.3,0.1,800.0,200.0,3.3,22.4,0.2,3500.0,1200.0,2.9,25.5,0.4,3300.0,700.0,4.5,24.6,0.3,3100.0,800.0,3.9,29.3,0.6
lid_p2,25,Al6061_lid25_p2,E5EDCE94-46C8-449C-9FA0-71F22978959A,8,204,2025-07-30 13:39:24.492074,2,0.0001678978379824,29,1,20,30.0005,AUTO,7,ARMED,100,0.0,5,2736039.78,25,O9735.FNC,40,100,0,0,100,0.0,753195.106000001,5,75.6506626156231,4,455.733145030745,38,-99.8669982674121,621.6666666666666,5.453333333333333,UNAVAILABLE,48.13666666666666,60.02,7606F116-3463-4EEF-96CC-1AC408FAA001,0.85,E5EDCE94-46C8-449C-9FA0-71F22978959A,1.5256666666666667,11800.0,800.0,15.3,35.7,0.2,131.9333333333333,800.0,100.0,7.6,23.4,0.2,1200.0,100.0,9.8,22.4,0.2,2400.0,300.0,8.0,25.3,0.1,9600.0,500.0,19.4,24.7,0.1,3200.0,300.0,12.0,29.6,0.4
lid_p2,25,Al6061_lid25_p2,E5EDCE94-46C8-449C-9FA0-71F22978959A,8,205,2025-07-30 13:39:25.492312,2,0.0006680210239083,253,1,20,30.0005,AUTO,7,ARMED,100,56.3,5,2736039.78,25,000473_A_A_PROGRAM_2.NC,41,100,0,30,100,3128.6591462932,753195.106000001,7,362.404473163606,7,252.563982653955,33,-99.9538338423572,524.6666666666666,4.706666666666666,UNAVAILABLE,48.13666666666666,60.02,7606F116-3463-4EEF-96CC-1AC408FAA001,1.0,E5EDCE94-46C8-449C-9FA0-71F22978959A,1.5256666666666667,300.0,100.0,4.5,35.7,0.1,132.03333333333333,1700.0,400.0,4.6,23.4,0.4,3600.0,500.0,7.4,22.4,0.0,28100.0,5400.0,5.2,25.3,0.2,1000.0,100.0,7.7,24.7,0.1,400.0,100.0,4.0,29.6,0.1
lid_p2,25,Al6061_lid25_p2,E5EDCE94-46C8-449C-9FA0-71F22978959A,8,206,2025-07-30 13:39:26.492567,2,0.0006680210239083,255,1,20,30.0005,AUTO,7,ARMED,100,39.01667,5,2736039.78,25,000473_A_A_PROGRAM_2.NC,42,100,0,14,100,5956.54911984168,753195.106000001,5,362.404393055578,5,252.563799549553,28,-342.932192884032,3047.0,27.09,UNAVAILABLE,48.138,60.02,7606F116-3463-4EEF-96CC-1AC408FAA001,1.0,E5EDCE94-46C8-449C-9FA0-71F22978959A,1.5256666666666667,9000.0,2100.0,4.3,35.7,0.1,130.66666666666666,600.0,200.0,4.2,23.4,0.2,1600.0,300.0,5.8,22.4,0.0,2400.0,500.0,5.0,25.3,0.1,24000.0,3000.0,8.1,24.7,0.1,43500.0,7600.0,5.8,29.6,0.8
lid_p2,25,Al6061_lid25_p2,E5EDCE94-46C8-449C-9FA0-71F22978959A,8,207,2025-07-30 13:39:27.492855,2,0.0006680210239083,256,1,20,30.0005,AUTO,7,ARMED,100,0.0,5,2736039.78,25,000473_A_A_PROGRAM_2.NC,42,100,0,11,100,7538.38415178281,753195.106000001,5,362.404415943586,5,252.563810993578,29,-342.932112784715,5796.0,48.376666666666665,UNAVAILABLE,48.13999999999999,60.02,7606F116-3463-4EEF-96CC-1AC408FAA001,0.89,E5EDCE94-46C8-449C-9FA0-71F22978959A,1.5256666666666667,7200.0,2200.0,3.3,35.7,0.3,129.16666666666666,200.0,100.0,3.9,23.4,0.1,500.0,100.0,5.3,22.4,0.1,1900.0,500.0,4.0,25.3,0.2,5000.0,600.0,7.9,24.7,0.1,12300.0,1800.0,6.7,29.6,0.2
lid_p2,25,Al6061_lid25_p2,E5EDCE94-46C8-449C-9FA0-71F22978959A,8,208,2025-07-30 13:39:28.493150,2,0.0006680210239083,256,1,20,30.0005,AUTO,7,ARMED,100,0.0,5,2736039.78,25,000473_A_A_PROGRAM_2.NC,44,100,0,7,100,8900.15323590511,753195.106000001,5,362.404393055578,5,252.563799549553,29,-342.932067013677,5885.666666666667,49.10333333333333,UNAVAILABLE,48.141333333333336,60.02,7606F116-3463-4EEF-96CC-1AC408FAA001,0.9266666666666667,E5EDCE94-46C8-449C-9FA0-71F22978959A,1.5256666666666667,10100.0,2900.0,3.5,35.7,0.2,129.06666666666666,300.0,100.0,3.3,23.4,0.1,400.0,100.0,3.6,22.4,0.1,2300.0,600.0,3.7,25.3,0.3,1000.0,300.0,4.0,24.7,0.1,700.0,200.0,4.1,29.6,0.1
lid_p2,25,Al6061_lid25_p2,E5EDCE94-46C8-449C-9FA0-71F22978959A,8,209,2025-07-30 13:39:29.493400,2,0.0006680210239083,256,1,20,30.0005,AUTO,7,ARMED,100,0.0,5,2736039.78,25,000473_A_A_PROGRAM_2.NC,44,100,0,6,100,9827.30390645411,753195.106000001,5,362.404473163606,5,252.563810993578,29,-342.932215769551,5053.0,42.153333333333336,UNAVAILABLE,48.14233333333334,60.02,7606F116-3463-4EEF-96CC-1AC408FAA001,0.8866666666666667,E5EDCE94-46C8-449C-9FA0-71F22978959A,1.5256666666666667,6900.0,2100.0,3.2,35.7,0.3,129.56666666666666,300.0,100.0,3.4,23.4,0.1,400.0,100.0,3.4,22.4,0.1,2400.0,700.0,3.2,25.3,0.3,1100.0,300.0,3.6,24.7,0.1,1200.0,400.0,2.7,29.6,0.4
lid_p2,25,Al6061_lid25_p2,E5EDCE94-46C8-449C-9FA0-71F22978959A,8,210,2025-07-30 13:39:30.493687,2,0.0006680210239083,256,1,20,30.0005,AUTO,7,ARMED,100,0.0,5,2736039.78,25,000473_A_A_PROGRAM_2.NC,46,100,0,4,100,10574.0496382816,753195.106000001,5,362.404415943586,5,252.563799549553,30,-342.932078456436,4308.666666666667,36.00333333333333,UNAVAILABLE,48.144000000000005,60.02,7606F116-3463-4EEF-96CC-1AC408FAA001,0.8866666666666667,E5EDCE94-46C8-449C-9FA0-71F22978959A,1.5256666666666667,6800.0,2200.0,3.1,35.7,0.5,129.9333333333333,400.0,100.0,3.1,23.4,0.1,400.0,100.0,3.5,22.4,0.1,5400.0,2100.0,2.6,25.3,0.8,1600.0,500.0,2.9,24.7,0.2,2800.0,1400.0,2.0,29.6,1.3
lid_p2,25,Al6061_lid25_p2,E5EDCE94-46C8-449C-9FA0-71F22978959A,8,211,2025-07-30 13:39:31.493963,2,0.0006680210239083,258,1,20,30.0005,AUTO,7,ARMED,100,20.61667,5,2736039.78,25,000473_A_A_PROGRAM_2.NC,46,100,0,3,100,12000.0,753195.106000001,1,360.817327145357,9,250.969646851066,26,-343.303876598317,3764.0,31.55666666666667,UNAVAILABLE,48.145,60.02,7606F116-3463-4EEF-96CC-1AC408FAA001,0.8866666666666667,E5EDCE94-46C8-449C-9FA0-71F22978959A,1.5256666666666667,6700.0,2100.0,3.2,35.7,0.5,130.26666666666668,300.0,100.0,3.3,23.4,0.1,400.0,100.0,3.9,22.4,0.1,2600.0,1000.0,2.6,25.3,0.4,1600.0,600.0,2.8,24.7,0.2,2400.0,600.0,3.7,29.6,0.6
lid_p2,25,Al6061_lid25_p2,E5EDCE94-46C8-449C-9FA0-71F22978959A,8,212,2025-07-30 13:39:32.494146,2,0.0006680210239083,259,1,20,30.0005,AUTO,7,ARMED,100,20.61667,5,2736039.78,25,000473_A_A_PROGRAM_2.NC,48,100,0,3,100,12000.0,753195.106000001,0,364.542841321646,8,253.269815054356,27,-344.715878793121,3733.3333333333335,31.46666666666667,UNAVAILABLE,48.14633333333333,60.02,7606F116-3463-4EEF-96CC-1AC408FAA001,0.94,E5EDCE94-46C8-449C-9FA0-71F22978959A,1.5256666666666667,7200.0,2300.0,3.2,35.7,0.5,130.20000000000002,400.0,100.0,3.5,23.4,0.1,500.0,100.0,3.5,22.4,0.1,4700.0,1500.0,3.1,25.3,0.5,1500.0,500.0,3.2,24.7,0.2,3400.0,900.0,3.8,29.6,0.8
lid_p2,25,Al6061_lid25_p2,E5EDCE94-46C8-449C-9FA0-71F22978959A,8,213,2025-07-30 13:39:33.494405,2,0.0006680210239083,261,1,20,30.0005,AUTO,7,ARMED,100,20.61667,5,2736039.78,25,000473_A_A_PROGRAM_2.NC,49,100,0,2,100,12000.0,753195.106000001,9,360.267751744209,2,251.853194254077,27,-346.202052955046,3293.6666666666665,27.76333333333333,UNAVAILABLE,48.147,60.02,7606F116-3463-4EEF-96CC-1AC408FAA001,0.8866666666666667,E5EDCE94-46C8-449C-9FA0-71F22978959A,1.5256666666666667,19300.0,2200.0,8.9,35.7,0.5,130.46666666666667,500.0,100.0,4.0,23.4,0.1,2700.0,500.0,5.6,22.4,0.1,4400.0,1300.0,3.4,25.3,0.4,13100.0,2200.0,6.0,24.7,0.3,5700.0,1400.0,4.1,29.6,0.7
lid_p2,25,Al6061_lid25_p2,E5EDCE94-46C8-449C-9FA0-71F22978959A,8,214,2025-07-30 13:39:34.494673,2,0.0006680210239083,262,1,20,30.0005,AUTO,7,ARMED,100,20.61667,5,2736039.78,25,000473_A_A_PROGRAM_2.NC,50,100,0,1,100,12000.0,753195.106000001,7,364.628272008972,12,252.233882846719,26,-347.61522231132,2997.333333333333,25.38,UNAVAILABLE,48.147333333333336,60.02,7606F116-3463-4EEF-96CC-1AC408FAA001,0.7433333333333333,E5EDCE94-46C8-449C-9FA0-71F22978959A,1.5256666666666667,6100.0,1600.0,3.8,35.7,0.4,130.66666666666666,600.0,200.0,3.3,23.4,0.1,800.0,200.0,3.7,22.4,0.1,4100.0,1300.0,3.0,25.3,0.5,2700.0,700.0,4.0,24.7,0.3,2900.0,700.0,4.0,29.6,0.5
lid_p2,25,Al6061_lid25_p2,E5EDCE94-46C8-449C-9FA0-71F22978959A,8,215,2025-07-30 13:39:35.494935,2,0.0006680210239083,268,1,20,30.0005,AUTO,7,ARMED,100,17.2,5,2736039.78,25,000473_A_A_PROGRAM_2.NC,51,100,0,0,100,12000.0,753195.106000001,12,363.502487493507,4,253.853595503043,31,-347.694646505054,1299.3333333333333,11.286666666666669,UNAVAILABLE,48.148,60.02,7606F116-3463-4EEF-96CC-1AC408FAA001,0.87,E5EDCE94-46C8-449C-9FA0-71F22978959A,1.5256666666666667,4700.0,1400.0,3.4,35.7,0.5,131.5666666666667,600.0,100.0,3.8,23.4,0.1,700.0,200.0,3.3,22.4,0.1,4400.0,1000.0,4.5,25.3,0.3,2400.0,700.0,3.6,24.7,0.3,2300.0,700.0,3.4,29.6,0.5
lid_p2,25,Al6061_lid25_p2,E5EDCE94-46C8-449C-9FA0-71F22978959A,8,216,2025-07-30 13:39:36.495187,2,0.0006680210239083,270,1,20,30.0005,AUTO,7,ARMED,100,20.61667,5,2736039.78,25,000473_A_A_PROGRAM_2.NC,52,100,0,0,100,12000.0,753195.106000001,10,360.320874810492,8,251.711494335106,26,-348.994017618037,1179.3333333333333,10.193333333333332,UNAVAILABLE,48.14833333333333,60.02,7606F116-3463-4EEF-96CC-1AC408FAA001,0.8733333333333334,E5EDCE94-46C8-449C-9FA0-71F22978959A,1.5256666666666667,4400.0,1300.0,3.3,35.7,0.5,131.5666666666667,500.0,200.0,3.5,23.4,0.3,800.0,200.0,3.3,22.4,0.1,4400.0,1100.0,4.0,25.3,0.4,1800.0,500.0,3.3,24.7,0.3,1700.0,700.0,2.6,29.6,0.6
lid_p2,25,Al6061_lid25_p2,E5EDCE94-46C8-449C-9FA0-71F22978959A,8,217,2025-07-30 13:39:37.495454,2,0.0006680210239083,271,1,20,30.0005,AUTO,7,ARMED,100,20.61667,5,2736039.78,25,000473_A_A_PROGRAM_2.NC,53,100,0,0,100,12000.0,753195.106000001,8,364.320931839195,1,251.387291333889,26,-350.331687647088,1296.3333333333333,11.26,UNAVAILABLE,48.149,60.02,7606F116-3463-4EEF-96CC-1AC408FAA001,0.8866666666666667,E5EDCE94-46C8-449C-9FA0-71F22978959A,1.5256666666666667,4900.0,1400.0,3.5,35.7,0.5,131.5666666666667,600.0,200.0,3.7,23.3,0.1,800.0,200.0,3.7,22.4,0.1,3000.0,900.0,3.2,25.3,0.3,3600.0,700.0,5.4,24.7,0.3,2800.0,700.0,4.0,29.6,0.6
lid_p2,25,Al6061_lid25_p2,E5EDCE94-46C8-449C-9FA0-71F22978959A,8,218,2025-07-30 13:39:38.495694,2,0.0006680210239083,273,1,20,30.0005,AUTO,7,ARMED,100,20.61667,5,2736039.78,25,000473_A_A_PROGRAM_2.NC,53,100,0,0,100,12000.0,753195.106000001,4,361.225432464316,11,254.481336535568,25,-351.744078895716,1305.6666666666667,11.346666666666666,UNAVAILABLE,48.149,60.02,7606F116-3463-4EEF-96CC-1AC408FAA001,0.87,E5EDCE94-46C8-449C-9FA0-71F22978959A,1.5256666666666667,4700.0,1400.0,3.2,35.7,0.5,131.5,600.0,200.0,3.5,23.3,0.1,900.0,200.0,3.7,22.4,0.1,3400.0,1100.0,3.2,25.3,0.4,2900.0,700.0,4.3,24.7,0.3,2900.0,700.0,4.0,29.6,0.6
lid_p2,25,Al6061_lid25_p2,E5EDCE94-46C8-449C-9FA0-71F22978959A,8,219,2025-07-30 13:39:39.495931,2,0.0006680210239083,275,1,20,30.0005,AUTO,7,ARMED,100,20.61667,5,2736039.78,25,000473_A_A_PROGRAM_2.NC,54,100,0,0,100,12000.0,753195.106000001,9,363.615386108366,8,250.665485009103,32,-352.457145897114,1296.6666666666667,11.263333333333334,UNAVAILABLE,48.14966666666667,60.02,7606F116-3463-4EEF-96CC-1AC408FAA001,0.88,E5EDCE94-46C8-449C-9FA0-71F22978959A,1.5256666666666667,6500.0,1400.0,4.5,35.7,0.5,131.5,700.0,200.0,3.4,23.3,0.2,800.0,200.0,3.4,22.4,0.1,4000.0,1100.0,3.5,25.3,0.4,3100.0,800.0,3.9,24.7,0.3,3400.0,700.0,4.7,29.6,0.6
lid_p2,25,Al6061_lid25_p2,E5EDCE94-46C8-449C-9FA0-71F22978959A,8,220,2025-07-30 13:39:40.496216,2,0.0006680210239083,280,1,20,30.0005,AUTO,7,ARMED,100,82.81667,5,2736039.78,25,000473_A_A_PROGRAM_2.NC,56,100,0,0,100,12000.0,753195.106000001,6,398.40641905852,5,252.563765217478,41,-342.895049686674,1286.6666666666667,11.393333333333333,UNAVAILABLE,48.14966666666667,60.02,7606F116-3463-4EEF-96CC-1AC408FAA001,0.8300000000000001,E5EDCE94-46C8-449C-9FA0-71F22978959A,1.5256666666666667,5600.0,1400.0,4.1,35.7,0.5,131.5666666666667,400.0,100.0,3.3,23.3,0.5,700.0,200.0,3.2,22.4,0.1,5900.0,1000.0,5.7,25.3,0.4,2600.0,600.0,4.2,24.7,0.3,1600.0,700.0,2.5,29.6,0.5
lid_p2,25,Al6061_lid25_p2,E5EDCE94-46C8-449C-9FA0-71F22978959A,8,221,2025-07-30 13:39:41.496510,2,0.0006680210239083,283,1,20,30.0005,AUTO,7,ARMED,100,20.61667,5,2736039.78,25,000473_A_A_PROGRAM_2.NC,57,100,0,0,100,12000.0,753195.106000001,10,396.924583545854,6,254.256582468542,27,-344.035950023254,1348.0,11.923333333333332,UNAVAILABLE,48.15,60.02,7606F116-3463-4EEF-96CC-1AC408FAA001,0.87,E5EDCE94-46C8-449C-9FA0-71F22978959A,1.5256666666666667,4300.0,1300.0,3.3,35.7,0.5,131.5,500.0,100.0,3.5,23.3,0.2,700.0,200.0,3.4,22.4,0.1,5900.0,1000.0,6.0,25.3,0.4,5100.0,700.0,7.1,24.7,0.3,11900.0,1900.0,6.2,29.6,0.6
lid_p2,25,Al6061_lid25_p2,E5EDCE94-46C8-449C-9FA0-71F22978959A,8,222,2025-07-30 13:39:42.496801,2,0.0006680210239083,285,1,20,30.0005,AUTO,7,ARMED,100,20.61667,5,2736039.78,25,000473_A_A_PROGRAM_2.NC,57,100,0,0,100,12000.0,753195.106000001,11,398.969600167845,6,250.378790352934,27,-345.448695997427,1152.0,9.909999999999998,UNAVAILABLE,48.15033333333334,60.02,7606F116-3463-4EEF-96CC-1AC408FAA001,0.8833333333333333,E5EDCE94-46C8-449C-9FA0-71F22978959A,1.5256666666666667,4500.0,1300.0,3.4,35.7,0.5,131.5666666666667,400.0,100.0,2.9,23.3,0.2,700.0,200.0,3.4,22.4,0.1,3600.0,1000.0,3.5,25.3,0.4,1700.0,500.0,3.2,24.7,0.3,2900.0,700.0,4.2,29.6,0.6
lid_p2,25,Al6061_lid25_p2,E5EDCE94-46C8-449C-9FA0-71F22978959A,8,223,2025-07-30 13:39:43.497038,2,0.0006680210239083,286,1,20,30.0005,AUTO,7,ARMED,100,20.61667,5,2736039.78,25,000473_A_A_PROGRAM_2.NC,59,100,0,1,100,12000.0,753195.106000001,10,398.886899981307,4,254.760675056643,27,-346.860377794965,1166.3333333333333,10.073333333333334,UNAVAILABLE,48.151,60.02,7606F116-3463-4EEF-96CC-1AC408FAA001,0.88,E5EDCE94-46C8-449C-9FA0-71F22978959A,1.5256666666666667,27500.0,7100.0,3.9,35.7,0.5,131.5666666666667,500.0,200.0,3.2,23.3,0.2,1600.0,300.0,4.6,22.4,0.1,4600.0,1200.0,3.8,25.3,0.4,13700.0,3000.0,4.6,24.7,0.3,4700.0,1000.0,4.6,29.6,0.6
lid_p2,25,Al6061_lid25_p2,E5EDCE94-46C8-449C-9FA0-71F22978959A,8,224,2025-07-30 13:39:44.497281,2,0.0006680210239083,289,1,20,30.0005,AUTO,7,ARMED,100,20.61667,5,2736039.78,25,000473_A_A_PROGRAM_2.NC,0,100,0,0,100,12000.0,753195.106000001,2,397.947352291406,10,250.360939155212,32,-347.694577848497,1290.3333333333333,11.21,UNAVAILABLE,48.15133333333333,60.02,7606F116-3463-4EEF-96CC-1AC408FAA001,0.8766666666666666,E5EDCE94-46C8-449C-9FA0-71F22978959A,1.5256666666666667,4500.0,1400.0,3.4,35.7,0.5,131.46666666666667,600.0,200.0,3.5,23.3,0.2,800.0,200.0,3.3,22.4,0.1,4600.0,1100.0,4.3,25.3,0.4,2200.0,600.0,3.4,24.7,0.3,3300.0,700.0,4.7,29.6,0.5
lid_p2,25,Al6061_lid25_p2,E5EDCE94-46C8-449C-9FA0-71F22978959A,8,225,2025-07-30 13:39:45.497493,2,0.0006680210239083,294,1,20,30.0005,AUTO,7,ARMED,100,20.61667,5,2736039.78,25,000473_A_A_PROGRAM_2.NC,1,100,0,0,100,12000.0,753195.106000001,12,399.384867266096,7,250.535447032971,27,-348.261040215099,1261.6666666666667,10.943333333333332,UNAVAILABLE,48.15166666666666,60.02,7606F116-3463-4EEF-96CC-1AC408FAA001,0.8533333333333334,E5EDCE94-46C8-449C-9FA0-71F22978959A,1.5256666666666667,5200.0,1400.0,3.8,35.7,0.5,131.5666666666667,400.0,100.0,3.2,23.3,0.2,700.0,200.0,3.1,22.4,0.1,6100.0,1100.0,5.6,25.3,0.4,1900.0,600.0,3.3,24.7,0.3,1600.0,700.0,2.4,29.6,0.5
lid_p2,25,Al6061_lid25_p2,E5EDCE94-46C8-449C-9FA0-71F22978959A,8,226,2025-07-30 13:39:46.497692,2,0.0006680210239083,296,1,20,30.0005,AUTO,7,ARMED,100,20.61667,5,2736039.78,25,000473_A_A_PROGRAM_2.NC,2,100,0,0,100,12000.0,753195.106000001,3,399.46344731507,11,254.548624507733,27,-349.598618702074,1225.6666666666667,10.616666666666664,UNAVAILABLE,48.15166666666666,60.02,7606F116-3463-4EEF-96CC-1AC408FAA001,0.9033333333333332,E5EDCE94-46C8-449C-9FA0-71F22978959A,1.5256666666666667,5400.0,1400.0,4.0,35.7,0.5,131.5666666666667,600.0,200.0,3.6,23.3,0.2,700.0,200.0,3.2,22.4,0.1,4200.0,1100.0,3.9,25.3,0.4,2600.0,600.0,4.0,24.7,0.3,2900.0,700.0,4.1,29.6,0.6
lid_p2,25,Al6061_lid25_p2,E5EDCE94-46C8-449C-9FA0-71F22978959A,8,227,2025-07-30 13:39:47.497931,2,0.0006680210239083,297,1,20,30.0005,AUTO,7,ARMED,100,20.61667,5,2736400.266,25,000473_A_A_PROGRAM_2.NC,3,100,0,0,100,12000.0,753195.106000001,9,398.375758145825,4,251.269846517877,26,-351.010506469283,1287.0,11.193333333333332,UNAVAILABLE,48.15233333333333,60.02,7606F116-3463-4EEF-96CC-1AC408FAA001,0.87,E5EDCE94-46C8-449C-9FA0-71F22978959A,1.5256666666666667,5100.0,1400.0,3.6,35.7,0.5,131.5666666666667,500.0,200.0,3.2,23.3,0.2,700.0,200.0,3.3,22.4,0.1,3900.0,900.0,4.2,25.3,0.3,2800.0,700.0,4.0,24.7,0.3,3000.0,700.0,4.2,29.6,0.6
lid_p2,25,Al6061_lid25_p2,E5EDCE94-46C8-449C-9FA0-71F22978959A,8,228,2025-07-30 13:39:48.498163,2,0.0006680210239083,299,1,20,30.0005,AUTO,7,ARMED,100,20.6,5,2736400.266,25,000473_A_A_PROGRAM_2.NC,3,100,0,0,100,12000.0,753195.106000001,1,400.239066911885,7,253.86729395041,27,-352.457363309544,1297.3333333333333,11.263333333333334,UNAVAILABLE,48.15233333333333,60.02,7606F116-3463-4EEF-96CC-1AC408FAA001,0.8733333333333334,E5EDCE94-46C8-449C-9FA0-71F22978959A,1.5256666666666667,5500.0,1400.0,3.9,35.7,0.5,131.5,600.0,200.0,3.4,23.3,0.2,800.0,200.0,3.2,22.4,0.1,3900.0,1200.0,3.2,25.3,0.5,3000.0,700.0,4.2,24.7,0.3,2800.0,700.0,4.0,29.6,0.6
lid_p2,25,Al6061_lid25_p2,E5EDCE94-46C8-449C-9FA0-71F22978959A,8,229,2025-07-30 13:39:49.498391,2,0.0006680210239083,302,1,20,30.0005,AUTO,7,ARMED,100,67.76667,5,2736400.266,25,000473_A_A_PROGRAM_2.NC,4,100,0,0,100,12000.0,753195.106000001,3,398.406338944153,8,252.563719441377,97,-345.88827935154,1316.3333333333333,11.443333333333332,UNAVAILABLE,48.153,60.02,7606F116-3463-4EEF-96CC-1AC408FAA001,0.87,E5EDCE94-46C8-449C-9FA0-71F22978959A,1.5256666666666667,6600.0,1400.0,4.6,35.7,0.5,131.5,500.0,200.0,3.6,23.3,0.1,800.0,200.0,3.3,22.4,0.1,6200.0,1100.0,5.9,25.3,0.4,3600.0,800.0,4.5,24.7,0.3,2400.0,700.0,3.6,29.6,0.5
lid_p2,27,Al6061_lid27_p2,E5EDCE94-46C8-449C-9FA0-71F22978959A,8,179,2025-07-31 12:09:59.065410,20,0.000167897837986,253,1,27,30.0005,AUTO,7,ARMED,100,523.3,5,2753696.03,27,000473_A_A_PROGRAM_2.NC,42,100,0,38,100,470.791565848605,764365.745000002,83,127.387880788167,48,419.076590172645,35,-99.8669982674121,744.0,7.243333333333333,UNAVAILABLE,52.977,60.0,7606F116-3463-4EEF-96CC-1AC408FAA001,0.99,E5EDCE94-46C8-449C-9FA0-71F22978959A,1.723,6300.0,1400.0,4.4,35.0,0.1,133.23333333333335,2200.0,500.0,4.1,23.2,0.3,5400.0,1100.0,4.8,23.1,0.1,30000.0,8700.0,3.4,25.9,0.3,2800.0,600.0,4.6,24.4,0.1,700.0,200.0,4.0,29.2,0.1
lid_p2,27,Al6061_lid27_p2,E5EDCE94-46C8-449C-9FA0-71F22978959A,8,180,2025-07-31 12:10:00.065718,20,0.000668021023912,254,1,27,30.0005,AUTO,7,ARMED,100,376.9833,5,2753696.03,27,000473_A_A_PROGRAM_2.NC,43,100,0,24,100,3732.06073850862,764365.745000002,6,362.404438831594,6,252.563719441377,31,-164.788070484239,2733.333333333333,24.703333333333333,UNAVAILABLE,52.977,60.0,7606F116-3463-4EEF-96CC-1AC408FAA001,1.0,E5EDCE94-46C8-449C-9FA0-71F22978959A,1.723,10300.0,2400.0,4.3,35.0,0.2,132.20000000000002,900.0,200.0,5.2,23.2,0.1,1900.0,400.0,4.7,23.1,0.1,3000.0,700.0,4.3,25.9,0.2,29200.0,6200.0,4.7,24.4,0.1,59400.0,14400.0,4.1,29.2,1.4
lid_p2,27,Al6061_lid27_p2,E5EDCE94-46C8-449C-9FA0-71F22978959A,8,181,2025-07-31 12:10:01.065980,20,0.000668021023912,256,1,27,30.0005,AUTO,7,ARMED,100,0.0,5,2753696.03,27,000473_A_A_PROGRAM_2.NC,44,100,0,13,100,6287.49723260628,764365.745000002,5,362.404404499582,5,252.563799549553,28,-342.932124227474,4646.0,40.906666666666666,UNAVAILABLE,52.978,60.0,7606F116-3463-4EEF-96CC-1AC408FAA001,1.0,E5EDCE94-46C8-449C-9FA0-71F22978959A,1.723,7300.0,2100.0,3.4,35.0,0.2,131.1,300.0,100.0,4.3,23.2,0.1,300.0,100.0,3.8,23.1,0.1,1600.0,500.0,3.4,25.9,0.2,1200.0,300.0,4.1,24.4,0.1,600.0,100.0,4.0,29.2,0.1
lid_p2,27,Al6061_lid27_p2,E5EDCE94-46C8-449C-9FA0-71F22978959A,8,182,2025-07-31 12:10:02.066256,20,0.000668021023912,256,1,27,30.0005,AUTO,7,ARMED,100,0.0,5,2753696.03,27,000473_A_A_PROGRAM_2.NC,45,100,0,9,100,8098.51628726587,764365.745000002,5,362.404393055578,5,252.563799549553,29,-342.932112784715,5948.333333333333,49.13666666666666,UNAVAILABLE,52.981,60.0,7606F116-3463-4EEF-96CC-1AC408FAA001,0.9366666666666666,E5EDCE94-46C8-449C-9FA0-71F22978959A,1.723,9900.0,2800.0,3.5,35.0,0.3,130.43333333333334,300.0,100.0,3.8,23.2,0.1,400.0,100.0,3.5,23.1,0.1,2000.0,700.0,2.9,25.9,0.3,1000.0,300.0,3.6,24.4,0.1,900.0,300.0,3.2,29.2,0.3
lid_p2,27,Al6061_lid27_p2,E5EDCE94-46C8-449C-9FA0-71F22978959A,8,183,2025-07-31 12:10:03.066553,20,0.000668021023912,256,1,27,30.0005,AUTO,7,ARMED,100,0.0,5,2753696.03,27,000473_A_A_PROGRAM_2.NC,46,100,0,6,100,9296.81905891144,764365.745000002,5,362.404393055578,5,252.563810993578,29,-342.932112784715,5726.666666666667,47.31,UNAVAILABLE,52.98166666666666,60.0,7606F116-3463-4EEF-96CC-1AC408FAA001,0.8866666666666667,E5EDCE94-46C8-449C-9FA0-71F22978959A,1.723,7300.0,2100.0,3.5,35.0,0.4,130.53333333333333,400.0,100.0,3.3,23.2,0.1,300.0,100.0,3.4,23.1,0.1,2800.0,900.0,3.1,25.9,0.4,1300.0,400.0,3.3,24.4,0.1,2000.0,900.0,2.2,29.2,0.9
lid_p2,27,Al6061_lid27_p2,E5EDCE94-46C8-449C-9FA0-71F22978959A,8,184,2025-07-31 12:10:04.066854,20,0.000668021023912,256,1,27,30.0005,AUTO,7,ARMED,100,0.0,5,2753696.03,27,000473_A_A_PROGRAM_2.NC,47,100,0,5,100,10131.5965885975,764365.745000002,4,362.404381611574,5,252.563799549553,31,-342.932021242639,4778.0,39.5,UNAVAILABLE,52.983,59.99,7606F116-3463-4EEF-96CC-1AC408FAA001,0.8833333333333333,E5EDCE94-46C8-449C-9FA0-71F22978959A,1.723,6500.0,2100.0,3.1,35.0,0.5,131.06666666666663,300.0,100.0,3.2,23.2,0.1,400.0,100.0,4.0,23.1,0.1,5800.0,2600.0,2.3,25.9,1.0,1800.0,600.0,2.9,24.4,0.2,3400.0,1700.0,2.0,29.2,1.6
lid_p2,27,Al6061_lid27_p2,E5EDCE94-46C8-449C-9FA0-71F22978959A,8,185,2025-07-31 12:10:05.067151,20,0.000668021023912,256,1,27,30.0005,AUTO,7,ARMED,100,0.0,5,2753696.03,27,000473_A_A_PROGRAM_2.NC,48,100,0,4,100,10754.8106014153,764365.745000002,5,362.40437016757,5,252.563788105528,30,-342.932067013677,3969.6666666666665,32.93333333333333,UNAVAILABLE,52.98500000000001,59.99,7606F116-3463-4EEF-96CC-1AC408FAA001,0.8833333333333333,E5EDCE94-46C8-449C-9FA0-71F22978959A,1.723,7900.0,2400.0,3.3,35.0,0.5,131.56666666666663,400.0,100.0,3.6,23.2,0.2,400.0,100.0,4.1,23.1,0.1,2400.0,800.0,2.9,25.9,0.3,1500.0,500.0,3.1,24.4,0.2,1400.0,600.0,2.2,29.2,0.5
lid_p2,27,Al6061_lid27_p2,E5EDCE94-46C8-449C-9FA0-71F22978959A,8,186,2025-07-31 12:10:06.067474,20,0.000668021023912,258,1,27,30.0005,AUTO,7,ARMED,100,20.61667,5,2754056.447,27,000473_A_A_PROGRAM_2.NC,49,100,0,3,100,12000.0,764365.745000002,8,364.409505467953,3,253.58535999107,26,-343.749251683823,3721.6666666666665,30.94333333333333,UNAVAILABLE,52.98566666666667,59.99,7606F116-3463-4EEF-96CC-1AC408FAA001,0.8833333333333333,E5EDCE94-46C8-449C-9FA0-71F22978959A,1.723,7300.0,2000.0,3.6,35.0,0.5,131.73333333333335,400.0,100.0,3.3,23.1,0.1,500.0,100.0,3.5,23.1,0.1,3500.0,1100.0,3.4,25.9,0.3,1600.0,500.0,3.4,24.4,0.2,3500.0,900.0,3.9,29.2,0.7
lid_p2,27,Al6061_lid27_p2,E5EDCE94-46C8-449C-9FA0-71F22978959A,8,187,2025-07-31 12:10:07.067734,20,0.000668021023912,260,1,27,30.0005,AUTO,7,ARMED,100,20.61667,5,2754056.447,27,000473_A_A_PROGRAM_2.NC,50,100,0,3,100,12000.0,764365.745000002,5,360.15562138037,10,252.561819733208,26,-345.160876267563,3533.333333333333,29.44,UNAVAILABLE,52.98633333333333,59.99,7606F116-3463-4EEF-96CC-1AC408FAA001,0.8766666666666666,E5EDCE94-46C8-449C-9FA0-71F22978959A,1.723,7400.0,2000.0,3.6,35.0,0.5,131.79999999999998,500.0,100.0,3.7,23.1,0.1,600.0,200.0,3.8,23.1,0.1,4400.0,1400.0,3.1,25.9,0.5,2300.0,600.0,4.0,24.4,0.3,2500.0,700.0,3.4,29.2,0.6
lid_p2,27,Al6061_lid27_p2,E5EDCE94-46C8-449C-9FA0-71F22978959A,8,188,2025-07-31 12:10:08.068038,20,0.000668021023912,261,1,27,30.0005,AUTO,7,ARMED,100,20.61667,5,2754056.447,27,000473_A_A_PROGRAM_2.NC,51,100,0,0,100,12000.0,764365.745000002,4,364.655131373696,12,252.570908139078,27,-346.647416597792,3186.6666666666665,26.683333333333334,UNAVAILABLE,52.987,59.99,7606F116-3463-4EEF-96CC-1AC408FAA001,0.8833333333333333,E5EDCE94-46C8-449C-9FA0-71F22978959A,1.723,5300.0,1400.0,3.7,35.0,0.5,131.96666666666667,700.0,200.0,3.6,23.1,0.1,700.0,200.0,3.1,23.1,0.1,4500.0,1200.0,3.6,25.9,0.4,2600.0,700.0,4.0,24.4,0.3,2400.0,700.0,3.4,29.2,0.6
lid_p2,27,Al6061_lid27_p2,E5EDCE94-46C8-449C-9FA0-71F22978959A,8,189,2025-07-31 12:10:09.068332,20,0.000668021023912,264,1,27,30.0005,AUTO,7,ARMED,100,20.61667,5,2754056.447,27,000473_A_A_PROGRAM_2.NC,52,100,0,0,100,12000.0,764365.745000002,3,360.412804494132,12,251.513833133323,31,-347.694600734016,1828.0,16.529999999999998,UNAVAILABLE,52.98733333333334,59.99,7606F116-3463-4EEF-96CC-1AC408FAA001,0.5766666666666667,E5EDCE94-46C8-449C-9FA0-71F22978959A,1.723,5000.0,1400.0,3.6,35.0,0.5,132.73333333333335,500.0,100.0,3.5,23.1,0.1,700.0,200.0,3.4,23.1,0.1,3300.0,1100.0,3.2,25.9,0.4,2100.0,600.0,3.5,24.4,0.3,1700.0,700.0,2.4,29.2,0.6
lid_p2,27,Al6061_lid27_p2,E5EDCE94-46C8-449C-9FA0-71F22978959A,8,190,2025-07-31 12:10:10.068537,20,0.000668021023912,269,1,27,30.0005,AUTO,7,ARMED,100,20.61667,5,2754056.447,27,000473_A_A_PROGRAM_2.NC,53,100,0,0,100,12000.0,764365.745000002,10,361.199076228744,7,250.665087010687,27,-348.100509741984,1270.0,10.953333333333331,UNAVAILABLE,52.98766666666666,59.99,7606F116-3463-4EEF-96CC-1AC408FAA001,0.8466666666666667,E5EDCE94-46C8-449C-9FA0-71F22978959A,1.723,5500.0,1400.0,4.0,35.0,0.5,133.06666666666663,700.0,200.0,3.7,23.1,0.2,700.0,200.0,3.1,23.1,0.1,3700.0,1200.0,3.0,25.9,0.5,2600.0,600.0,4.0,24.4,0.3,3000.0,700.0,4.0,29.2,0.6
lid_p2,27,Al6061_lid27_p2,E5EDCE94-46C8-449C-9FA0-71F22978959A,8,191,2025-07-31 12:10:11.068859,20,0.000668021023912,270,1,27,30.0005,AUTO,7,ARMED,100,20.61667,5,2754056.447,27,000473_A_A_PROGRAM_2.NC,54,100,0,0,100,12000.0,764365.745000002,9,363.609662008127,5,254.462598063988,26,-349.586603804592,1222.0,10.506666666666666,UNAVAILABLE,52.988,59.99,7606F116-3463-4EEF-96CC-1AC408FAA001,0.8966666666666666,E5EDCE94-46C8-449C-9FA0-71F22978959A,1.723,5100.0,1400.0,3.7,35.0,0.5,133.03333333333333,700.0,200.0,3.6,23.1,0.1,800.0,200.0,3.6,23.1,0.1,3600.0,1000.0,3.6,25.9,0.3,3200.0,700.0,4.7,24.4,0.3,2700.0,700.0,3.7,29.2,0.6
lid_p2,27,Al6061_lid27_p2,E5EDCE94-46C8-449C-9FA0-71F22978959A,8,192,2025-07-31 12:10:12.069207,20,0.000668021023912,272,1,27,30.0005,AUTO,7,ARMED,100,20.61667,5,2754056.447,27,000473_A_A_PROGRAM_2.NC,55,100,0,0,100,12000.0,764365.745000002,4,360.341440130384,10,253.459397511009,28,-350.849609827865,1309.3333333333333,11.3,UNAVAILABLE,52.98866666666667,59.99,7606F116-3463-4EEF-96CC-1AC408FAA001,0.8633333333333333,E5EDCE94-46C8-449C-9FA0-71F22978959A,1.723,5300.0,1500.0,3.6,35.0,0.5,133.03333333333333,800.0,200.0,3.8,23.1,0.1,800.0,200.0,3.5,23.1,0.1,3400.0,1100.0,3.2,25.9,0.4,4400.0,700.0,6.0,24.4,0.3,3600.0,800.0,4.7,29.2,0.6
lid_p2,27,Al6061_lid27_p2,E5EDCE94-46C8-449C-9FA0-71F22978959A,8,193,2025-07-31 12:10:13.069467,20,0.000668021023912,273,1,27,30.0005,AUTO,7,ARMED,100,20.61667,5,2754056.447,27,000473_A_A_PROGRAM_2.NC,56,100,0,0,100,12000.0,764365.745000002,11,362.897629625336,8,251.681619126561,27,-352.337351647842,1314.6666666666667,11.333333333333334,UNAVAILABLE,52.98933333333334,59.99,7606F116-3463-4EEF-96CC-1AC408FAA001,0.8700000000000001,E5EDCE94-46C8-449C-9FA0-71F22978959A,1.723,5400.0,1500.0,3.7,35.0,0.5,132.96666666666667,700.0,200.0,3.5,23.1,0.1,800.0,200.0,3.4,23.1,0.1,4100.0,1100.0,3.7,25.9,0.4,5200.0,800.0,6.3,24.4,0.3,2600.0,700.0,3.6,29.2,0.6
lid_p2,27,Al6061_lid27_p2,E5EDCE94-46C8-449C-9FA0-71F22978959A,8,194,2025-07-31 12:10:14.069759,20,0.000668021023912,276,1,27,30.0005,AUTO,7,ARMED,100,20.48333,5,2754056.447,27,000473_A_A_PROGRAM_2.NC,57,100,0,0,100,12000.0,764365.745000002,11,362.403809411377,1,252.567770626268,32,-352.457088683316,1331.0,11.486666666666666,UNAVAILABLE,52.98933333333334,59.99,7606F116-3463-4EEF-96CC-1AC408FAA001,0.84,E5EDCE94-46C8-449C-9FA0-71F22978959A,1.723,4600.0,1300.0,3.4,35.0,0.5,132.93333333333334,900.0,200.0,4.8,23.1,0.4,800.0,200.0,3.6,23.1,0.1,2900.0,900.0,3.1,25.9,0.4,6200.0,1000.0,6.1,24.4,0.3,22000.0,3700.0,5.9,29.2,0.7
lid_p2,27,Al6061_lid27_p2,E5EDCE94-46C8-449C-9FA0-71F22978959A,8,195,2025-07-31 12:10:15.069973,20,0.000668021023912,282,1,27,30.0005,AUTO,7,ARMED,100,14.48333,5,2754056.447,27,000473_A_A_PROGRAM_2.NC,58,100,0,0,100,12000.0,764365.745000002,11,397.561708635644,8,254.652210967807,29,-342.993056921846,1255.0,10.97,UNAVAILABLE,52.98966666666667,59.99,7606F116-3463-4EEF-96CC-1AC408FAA001,0.9633333333333334,E5EDCE94-46C8-449C-9FA0-71F22978959A,1.723,4700.0,1300.0,3.5,35.0,0.5,133.03333333333333,400.0,100.0,3.1,23.1,0.2,700.0,200.0,3.5,23.1,0.1,4700.0,1100.0,4.2,25.9,0.4,1600.0,500.0,3.2,24.4,0.3,2200.0,700.0,3.2,29.2,0.6
lid_p2,27,Al6061_lid27_p2,E5EDCE94-46C8-449C-9FA0-71F22978959A,8,196,2025-07-31 12:10:16.070264,20,0.000668021023912,284,1,27,30.0005,AUTO,7,ARMED,100,20.61667,5,2754056.447,27,000473_A_A_PROGRAM_2.NC,59,100,0,0,100,12000.0,764365.745000002,10,398.208044441223,5,250.323917733966,27,-344.403994940016,1307.6666666666667,11.27,UNAVAILABLE,52.99099999999999,59.99,7606F116-3463-4EEF-96CC-1AC408FAA001,0.8700000000000001,E5EDCE94-46C8-449C-9FA0-71F22978959A,1.723,4500.0,1300.0,3.3,35.0,0.5,132.93333333333334,500.0,200.0,3.3,23.1,0.5,700.0,200.0,3.1,23.1,0.1,3400.0,1100.0,3.1,25.9,0.4,1700.0,500.0,3.4,24.4,0.3,1700.0,700.0,2.5,29.2,0.6
lid_p2,27,Al6061_lid27_p2,E5EDCE94-46C8-449C-9FA0-71F22978959A,8,197,2025-07-31 12:10:19.665749,20,0.000668021023912,294,1,27,30.0005,AUTO,7,ARMED,100,20.61667,5,2754056.447,27,000473_A_A_PROGRAM_2.NC,3,100,0,0,100,12000.0,764365.745000002,4,396.522300823221,10,251.334058942796,27,-348.033409400239,1204.3333333333333,10.333333333333334,UNAVAILABLE,52.99166666666667,59.99,7606F116-3463-4EEF-96CC-1AC408FAA001,0.8466666666666667,E5EDCE94-46C8-449C-9FA0-71F22978959A,1.723,5000.0,1400.0,3.6,35.0,0.5,133.03333333333333,600.0,200.0,3.4,23.1,0.2,700.0,200.0,3.0,23.1,0.1,4000.0,1300.0,3.1,25.9,0.5,2200.0,600.0,3.5,24.4,0.3,3200.0,700.0,4.3,29.2,0.6
lid_p2,27,Al6061_lid27_p2,E5EDCE94-46C8-449C-9FA0-71F22978959A,8,198,2025-07-31 12:10:20.665947,20,0.000668021023912,295,1,27,30.0005,AUTO,7,ARMED,100,20.61667,5,2754056.447,27,000473_A_A_PROGRAM_2.NC,4,100,0,0,100,12000.0,764365.745000002,3,400.645405972905,10,252.811174557179,27,-349.445457366082,1299.0,11.196666666666667,UNAVAILABLE,52.992,59.99,7606F116-3463-4EEF-96CC-1AC408FAA001,0.89,E5EDCE94-46C8-449C-9FA0-71F22978959A,1.723,5200.0,1400.0,3.7,35.0,0.5,132.93333333333334,700.0,200.0,3.7,23.1,0.2,700.0,200.0,3.2,23.1,0.1,3800.0,1000.0,3.7,25.9,0.3,3100.0,700.0,4.6,24.4,0.3,3400.0,700.0,4.6,29.2,0.6
lid_p2,27,Al6061_lid27_p2,E5EDCE94-46C8-449C-9FA0-71F22978959A,8,199,2025-07-31 12:10:21.666095,20,0.000668021023912,297,1,27,30.0005,AUTO,7,ARMED,100,20.61667,5,2754056.447,27,000473_A_A_PROGRAM_2.NC,5,100,0,0,100,12000.0,764365.745000002,2,396.525368058981,12,251.329298228348,27,-351.005540311658,1315.3333333333333,11.339999999999998,UNAVAILABLE,52.992,59.99,7606F116-3463-4EEF-96CC-1AC408FAA001,0.8733333333333334,E5EDCE94-46C8-449C-9FA0-71F22978959A,1.723,5500.0,1500.0,3.7,35.0,0.5,132.93333333333334,700.0,200.0,3.8,23.1,0.2,800.0,200.0,3.5,23.1,0.1,3600.0,1100.0,3.2,25.9,0.4,3200.0,700.0,4.4,24.4,0.3,2800.0,800.0,3.7,29.2,0.6
lid_p2,27,Al6061_lid27_p2,E5EDCE94-46C8-449C-9FA0-71F22978959A,8,200,2025-07-31 12:10:22.666290,20,0.000668021023912,298,1,27,30.0005,AUTO,7,ARMED,100,20.61667,5,2754056.447,27,000473_A_A_PROGRAM_2.NC,6,100,0,0,100,12000.0,764365.745000002,1,400.282820692594,10,253.80312753906,27,-352.457191668152,1320.0,11.373333333333331,UNAVAILABLE,52.992333333333335,59.99,7606F116-3463-4EEF-96CC-1AC408FAA001,0.8700000000000001,E5EDCE94-46C8-449C-9FA0-71F22978959A,1.723,5400.0,1500.0,3.7,35.0,0.5,132.96666666666667,700.0,200.0,3.8,23.1,0.1,800.0,200.0,3.1,23.1,0.1,3700.0,1200.0,3.1,25.9,0.4,4400.0,900.0,5.1,24.4,0.3,3100.0,700.0,4.3,29.2,0.6
lid_p2,27,Al6061_lid27_p2,E5EDCE94-46C8-449C-9FA0-71F22978959A,8,201,2025-07-31 12:10:23.666590,20,0.000668021023912,303,1,27,30.0005,AUTO,7,ARMED,100,146.25,5,2754056.447,27,000473_A_A_PROGRAM_2.NC,7,100,0,0,100,12000.0,764365.745000002,4,398.406384723791,8,252.563707997352,95,-346.547565886134,1240.0,10.663333333333332,UNAVAILABLE,52.99333333333333,59.99,7606F116-3463-4EEF-96CC-1AC408FAA001,0.8266666666666667,E5EDCE94-46C8-449C-9FA0-71F22978959A,1.723,4300.0,1300.0,3.2,35.0,0.5,133.0,400.0,100.0,3.3,23.1,0.2,900.0,200.0,4.0,23.1,0.1,2400.0,900.0,2.6,25.9,0.4,9000.0,1100.0,8.0,24.4,0.3,23100.0,3800.0,6.0,29.2,0.7
lid_p2,28,Al6061_lid28_p2,E5EDCE94-46C8-449C-9FA0-71F22978959A,8,175,2025-07-31 12:19:55.370511,20,0.000167897837986,253,1,27,30.0005,AUTO,7,ARMED,100,407.0,5,2754416.913,28,000473_A_A_PROGRAM_2.NC,42,100,0,0,100,0.0,764725.979999999,51,101.587750810849,31,437.355581494304,38,-99.8669982674121,706.6666666666666,6.723333333333334,UNAVAILABLE,53.165,59.97,7606F116-3463-4EEF-96CC-1AC408FAA001,0.7033333333333333,E5EDCE94-46C8-449C-9FA0-71F22978959A,1.736666666666667,6700.0,1500.0,4.5,35.7,0.1,133.26666666666668,1900.0,600.0,3.5,23.2,0.3,5600.0,1100.0,5.0,23.1,0.1,29700.0,8600.0,3.4,25.7,0.3,3900.0,500.0,7.6,24.6,0.0,900.0,200.0,4.8,29.4,0.1
lid_p2,28,Al6061_lid28_p2,E5EDCE94-46C8-449C-9FA0-71F22978959A,8,176,2025-07-31 12:19:56.370804,20,0.000668021023912,254,1,27,30.0005,AUTO,7,ARMED,100,138.7833,5,2754416.913,28,000473_A_A_PROGRAM_2.NC,43,100,0,23,100,3633.67948900949,764725.979999999,6,362.40442738759,6,252.563707997352,35,-157.33118807478,1569.0,17.08666666666667,UNAVAILABLE,53.165333333333336,59.97,7606F116-3463-4EEF-96CC-1AC408FAA001,1.0,E5EDCE94-46C8-449C-9FA0-71F22978959A,1.736666666666667,11600.0,2400.0,4.9,35.7,0.2,132.83333333333334,900.0,200.0,4.4,23.2,0.1,1700.0,400.0,4.5,23.1,0.0,2900.0,700.0,4.3,25.7,0.2,27200.0,6000.0,4.5,24.6,0.1,56200.0,14100.0,4.0,29.4,1.4
lid_p2,28,Al6061_lid28_p2,E5EDCE94-46C8-449C-9FA0-71F22978959A,8,177,2025-07-31 12:19:57.371087,20,0.000668021023912,256,1,27,30.0005,AUTO,7,ARMED,100,0.0,5,2754416.913,28,000473_A_A_PROGRAM_2.NC,44,100,0,13,100,6223.62840228477,764725.979999999,5,362.404404499582,5,252.563799549553,29,-342.932124227474,6121.666666666667,50.76666666666667,UNAVAILABLE,53.16633333333333,59.97,7606F116-3463-4EEF-96CC-1AC408FAA001,0.8866666666666667,E5EDCE94-46C8-449C-9FA0-71F22978959A,1.736666666666667,7300.0,2100.0,3.4,35.7,0.2,130.36666666666665,300.0,100.0,4.3,23.2,0.1,400.0,100.0,4.3,23.1,0.1,1600.0,500.0,3.3,25.7,0.2,1000.0,300.0,3.7,24.6,0.1,600.0,100.0,4.0,29.4,0.2
lid_p2,28,Al6061_lid28_p2,E5EDCE94-46C8-449C-9FA0-71F22978959A,8,178,2025-07-31 12:19:58.371328,20,0.000668021023912,256,1,27,30.0005,AUTO,7,ARMED,100,0.0,5,2754416.913,28,000473_A_A_PROGRAM_2.NC,45,100,0,9,100,8050.2944499784,764725.979999999,5,362.40442738759,5,252.563799549553,29,-342.932147112994,5909.0,48.79666666666666,UNAVAILABLE,53.16833333333333,59.97,7606F116-3463-4EEF-96CC-1AC408FAA001,0.9266666666666667,E5EDCE94-46C8-449C-9FA0-71F22978959A,1.736666666666667,10200.0,2900.0,3.5,35.7,0.2,130.43333333333334,300.0,100.0,3.6,23.2,0.1,400.0,100.0,3.4,23.1,0.1,1900.0,700.0,2.8,25.7,0.3,1100.0,300.0,4.3,24.6,0.1,900.0,200.0,4.1,29.4,0.2
lid_p2,28,Al6061_lid28_p2,E5EDCE94-46C8-449C-9FA0-71F22978959A,8,179,2025-07-31 12:19:59.371624,20,0.000668021023912,256,1,27,30.0005,AUTO,7,ARMED,100,0.0,5,2754416.913,28,000473_A_A_PROGRAM_2.NC,46,100,0,7,100,9157.19100594293,764725.979999999,5,362.404404499582,5,252.563788105528,29,-342.932089899196,5652.666666666667,48.48666666666667,UNAVAILABLE,53.17,59.97,7606F116-3463-4EEF-96CC-1AC408FAA001,0.8933333333333334,E5EDCE94-46C8-449C-9FA0-71F22978959A,1.736666666666667,7000.0,2100.0,3.3,35.7,0.4,130.56666666666663,400.0,100.0,3.2,23.2,0.1,400.0,100.0,3.7,23.1,0.1,2400.0,900.0,2.5,25.7,0.4,1400.0,400.0,3.8,24.6,0.1,2100.0,800.0,2.5,29.4,0.9
lid_p2,28,Al6061_lid28_p2,E5EDCE94-46C8-449C-9FA0-71F22978959A,8,180,2025-07-31 12:20:00.371927,20,0.000668021023912,256,1,27,30.0005,AUTO,7,ARMED,100,0.0,5,2754416.913,28,000473_A_A_PROGRAM_2.NC,47,100,0,5,100,10101.3444559439,764725.979999999,5,362.40437016757,5,252.563799549553,30,-342.932147112994,4734.333333333333,40.72333333333333,UNAVAILABLE,53.17133333333334,59.97,7606F116-3463-4EEF-96CC-1AC408FAA001,0.8866666666666667,E5EDCE94-46C8-449C-9FA0-71F22978959A,1.736666666666667,7200.0,2200.0,3.3,35.7,0.5,131.1,300.0,100.0,3.2,23.2,0.1,400.0,100.0,3.6,23.1,0.1,5600.0,2600.0,2.2,25.7,1.0,1900.0,600.0,3.0,24.6,0.2,3000.0,1400.0,2.1,29.4,1.4
lid_p2,28,Al6061_lid28_p2,E5EDCE94-46C8-449C-9FA0-71F22978959A,8,181,2025-07-31 12:20:01.372268,20,0.000668021023912,256,1,27,30.0005,AUTO,7,ARMED,100,0.0,5,2754416.913,28,000473_A_A_PROGRAM_2.NC,48,100,0,4,100,10696.051736662,764725.979999999,5,362.404404499582,5,252.563788105528,30,-342.932089899196,4073.0,33.74,UNAVAILABLE,53.172666666666665,59.97,7606F116-3463-4EEF-96CC-1AC408FAA001,0.8866666666666667,E5EDCE94-46C8-449C-9FA0-71F22978959A,1.736666666666667,7700.0,2200.0,3.5,35.7,0.5,131.5,400.0,100.0,3.5,23.2,0.2,400.0,100.0,3.4,23.1,0.1,2300.0,800.0,2.7,25.7,0.3,1600.0,500.0,3.0,24.6,0.2,1400.0,500.0,2.6,29.4,0.5
lid_p2,28,Al6061_lid28_p2,E5EDCE94-46C8-449C-9FA0-71F22978959A,8,182,2025-07-31 12:20:02.372550,20,0.000668021023912,258,1,27,30.0005,AUTO,7,ARMED,100,20.61667,5,2754416.913,28,000473_A_A_PROGRAM_2.NC,50,100,0,3,100,12000.0,764725.979999999,12,364.594134545223,5,252.050779122517,27,-343.638760398029,3598.333333333333,29.953333333333333,UNAVAILABLE,53.17333333333334,59.97,7606F116-3463-4EEF-96CC-1AC408FAA001,0.89,E5EDCE94-46C8-449C-9FA0-71F22978959A,1.736666666666667,7300.0,2200.0,3.3,35.7,0.5,131.79999999999998,400.0,100.0,3.4,23.2,0.1,500.0,100.0,3.7,23.1,0.1,3700.0,1100.0,3.3,25.7,0.3,1700.0,400.0,3.9,24.6,0.2,3100.0,800.0,3.8,29.4,0.7
lid_p2,28,Al6061_lid28_p2,E5EDCE94-46C8-449C-9FA0-71F22978959A,8,183,2025-07-31 12:20:03.372833,20,0.000668021023912,260,1,27,30.0005,AUTO,7,ARMED,100,20.61667,5,2754416.913,28,000473_A_A_PROGRAM_2.NC,50,100,0,3,100,12000.0,764725.979999999,7,360.682361517519,10,254.011137156892,27,-345.05085413491,3415.0,28.473333333333333,UNAVAILABLE,53.17466666666667,59.97,7606F116-3463-4EEF-96CC-1AC408FAA001,0.8833333333333333,E5EDCE94-46C8-449C-9FA0-71F22978959A,1.736666666666667,23500.0,4900.0,4.8,35.7,0.5,131.83333333333334,600.0,100.0,4.1,23.2,0.1,2100.0,400.0,5.5,23.1,0.1,4700.0,1300.0,3.5,25.7,0.5,12600.0,2600.0,4.8,24.6,0.3,7600.0,1700.0,4.6,29.4,0.6
lid_p2,28,Al6061_lid28_p2,E5EDCE94-46C8-449C-9FA0-71F22978959A,8,184,2025-07-31 12:20:04.373097,20,0.000668021023912,261,1,27,30.0005,AUTO,7,ARMED,100,20.61667,5,2754416.913,28,000473_A_A_PROGRAM_2.NC,52,100,0,1,100,12000.0,764725.979999999,9,364.126521100284,7,251.117007349001,27,-346.53643327334,3097.333333333333,25.956666666666667,UNAVAILABLE,53.175,59.97,7606F116-3463-4EEF-96CC-1AC408FAA001,0.8833333333333333,E5EDCE94-46C8-449C-9FA0-71F22978959A,1.736666666666667,6200.0,1500.0,4.3,35.7,0.5,132.0,700.0,200.0,3.5,23.2,0.1,700.0,200.0,3.1,23.1,0.1,3800.0,1200.0,3.2,25.7,0.4,2600.0,700.0,3.8,24.6,0.3,2500.0,600.0,4.0,29.4,0.5
lid_p2,28,Al6061_lid28_p2,E5EDCE94-46C8-449C-9FA0-71F22978959A,8,185,2025-07-31 12:20:05.373372,20,0.000668021023912,263,1,27,30.0005,AUTO,7,ARMED,100,20.61667,5,2754416.913,28,000473_A_A_PROGRAM_2.NC,52,100,0,0,100,12000.0,764725.979999999,13,361.51176523055,7,254.62992896931,29,-347.694760932649,1322.6666666666667,11.47,UNAVAILABLE,53.17600000000001,59.97,7606F116-3463-4EEF-96CC-1AC408FAA001,0.8533333333333334,E5EDCE94-46C8-449C-9FA0-71F22978959A,1.736666666666667,4600.0,1400.0,3.4,35.7,0.5,133.0,500.0,100.0,3.7,23.2,0.1,700.0,200.0,3.2,23.1,0.1,3400.0,1000.0,3.3,25.7,0.4,2100.0,600.0,3.3,24.6,0.3,1500.0,600.0,2.5,29.4,0.5
lid_p2,28,Al6061_lid28_p2,E5EDCE94-46C8-449C-9FA0-71F22978959A,8,186,2025-07-31 12:20:06.373642,20,0.000668021023912,269,1,27,30.0005,AUTO,7,ARMED,100,20.41667,5,2754416.913,28,000473_A_A_PROGRAM_2.NC,53,100,0,0,100,12000.0,764725.979999999,8,360.187150028291,7,252.938843140614,24,-347.915548977324,1217.6666666666667,10.45,UNAVAILABLE,53.17600000000001,59.97,7606F116-3463-4EEF-96CC-1AC408FAA001,0.8566666666666668,E5EDCE94-46C8-449C-9FA0-71F22978959A,1.736666666666667,5000.0,1400.0,3.6,35.7,0.5,133.03333333333333,700.0,200.0,3.6,23.2,0.1,800.0,200.0,3.6,23.1,0.1,3400.0,1200.0,2.9,25.7,0.4,2300.0,600.0,3.8,24.6,0.3,2400.0,600.0,3.9,29.4,0.5
lid_p2,28,Al6061_lid28_p2,E5EDCE94-46C8-449C-9FA0-71F22978959A,8,187,2025-07-31 12:20:07.373924,20,0.000668021023912,270,1,27,30.0005,AUTO,7,ARMED,100,20.61667,5,2754416.913,28,000473_A_A_PROGRAM_2.NC,54,100,0,0,100,12000.0,764725.979999999,6,364.213793074321,12,251.227807990109,27,-349.327871569394,1187.0,10.166666666666666,UNAVAILABLE,53.17633333333333,59.97,7606F116-3463-4EEF-96CC-1AC408FAA001,0.8999999999999999,E5EDCE94-46C8-449C-9FA0-71F22978959A,1.736666666666667,5200.0,1400.0,3.8,35.7,0.5,133.03333333333333,700.0,200.0,3.5,23.2,0.1,800.0,200.0,3.5,23.1,0.1,4200.0,1100.0,3.8,25.7,0.4,3000.0,700.0,4.4,24.6,0.3,2700.0,700.0,4.0,29.4,0.5
lid_p2,28,Al6061_lid28_p2,E5EDCE94-46C8-449C-9FA0-71F22978959A,8,188,2025-07-31 12:20:08.374075,20,0.000668021023912,272,1,27,30.0005,AUTO,7,ARMED,100,20.61667,5,2754416.913,28,000473_A_A_PROGRAM_2.NC,55,100,0,1,100,12000.0,764725.979999999,4,360.594859505903,11,253.899923813777,28,-350.813862647167,1304.3333333333333,11.24,UNAVAILABLE,53.177,59.97,7606F116-3463-4EEF-96CC-1AC408FAA001,0.8666666666666667,E5EDCE94-46C8-449C-9FA0-71F22978959A,1.736666666666667,4800.0,1400.0,3.4,35.7,0.5,133.0,600.0,200.0,3.2,23.2,0.1,700.0,200.0,3.2,23.1,0.1,2900.0,900.0,3.2,25.7,0.3,3400.0,800.0,4.5,24.6,0.3,3200.0,700.0,4.8,29.4,0.5
lid_p2,28,Al6061_lid28_p2,E5EDCE94-46C8-449C-9FA0-71F22978959A,8,189,2025-07-31 12:20:09.374335,20,0.000668021023912,273,1,27,30.0005,AUTO,7,ARMED,100,20.61667,5,2754416.913,28,000473_A_A_PROGRAM_2.NC,56,100,0,0,100,12000.0,764725.979999999,11,363.41424629514,7,250.551193953252,27,-352.226551407542,1310.6666666666667,11.293333333333331,UNAVAILABLE,53.177,59.97,7606F116-3463-4EEF-96CC-1AC408FAA001,0.8700000000000001,E5EDCE94-46C8-449C-9FA0-71F22978959A,1.736666666666667,5200.0,1500.0,3.6,35.7,0.5,132.96666666666667,700.0,200.0,3.7,23.2,0.1,900.0,200.0,3.5,23.1,0.1,3800.0,1200.0,3.3,25.7,0.4,4300.0,900.0,5.0,24.6,0.3,3300.0,700.0,5.0,29.4,0.5
lid_p2,28,Al6061_lid28_p2,E5EDCE94-46C8-449C-9FA0-71F22978959A,8,190,2025-07-31 12:20:10.374595,20,0.000668021023912,277,1,27,30.0005,AUTO,7,ARMED,100,20.05,5,2754416.913,28,000473_A_A_PROGRAM_2.NC,58,100,0,0,100,12000.0,764725.979999999,9,363.133241821943,1,254.017076734304,32,-352.457100126076,1334.3333333333333,11.503333333333332,UNAVAILABLE,53.17733333333333,59.97,7606F116-3463-4EEF-96CC-1AC408FAA001,0.8700000000000001,E5EDCE94-46C8-449C-9FA0-71F22978959A,1.736666666666667,4800.0,1300.0,3.6,35.7,0.5,133.0,1000.0,200.0,5.7,23.2,0.5,900.0,200.0,3.8,23.1,0.1,5800.0,1000.0,5.8,25.7,0.4,6400.0,800.0,8.1,24.6,0.3,21300.0,3500.0,6.0,29.4,0.5
lid_p2,28,Al6061_lid28_p2,E5EDCE94-46C8-449C-9FA0-71F22978959A,8,191,2025-07-31 12:20:11.374745,20,0.000668021023912,281,1,27,30.0005,AUTO,7,ARMED,100,11.51667,5,2754416.913,28,000473_A_A_PROGRAM_2.NC,58,100,0,0,100,12000.0,764725.979999999,10,399.05788650597,7,254.587763850238,31,-342.932124227474,1261.0,10.316666666666668,UNAVAILABLE,53.177666666666674,59.97,7606F116-3463-4EEF-96CC-1AC408FAA001,0.9133333333333332,E5EDCE94-46C8-449C-9FA0-71F22978959A,1.736666666666667,4300.0,1300.0,3.3,35.7,0.5,133.0,400.0,100.0,2.8,23.2,0.2,600.0,200.0,3.0,23.1,0.1,3300.0,1100.0,3.0,25.7,0.4,2400.0,500.0,4.7,24.6,0.3,2900.0,600.0,4.9,29.4,0.5
lid_p2,28,Al6061_lid28_p2,E5EDCE94-46C8-449C-9FA0-71F22978959A,8,192,2025-07-31 12:20:12.375015,20,0.000668021023912,284,1,27,30.0005,AUTO,7,ARMED,100,20.61667,5,2754416.913,28,000473_A_A_PROGRAM_2.NC,0,100,0,0,100,12000.0,764725.979999999,8,397.719930493662,5,250.422015917249,28,-344.369037309724,1152.3333333333333,10.003333333333332,UNAVAILABLE,53.178333333333335,59.97,7606F116-3463-4EEF-96CC-1AC408FAA001,0.86,E5EDCE94-46C8-449C-9FA0-71F22978959A,1.736666666666667,4500.0,1300.0,3.4,35.7,0.5,133.03333333333333,400.0,100.0,3.1,23.2,0.2,700.0,200.0,3.2,23.1,0.1,3400.0,1100.0,3.3,25.7,0.4,1900.0,500.0,3.7,24.6,0.3,1800.0,600.0,3.1,29.4,0.5
lid_p2,28,Al6061_lid28_p2,E5EDCE94-46C8-449C-9FA0-71F22978959A,8,193,2025-07-31 12:20:13.375293,20,0.000668021023912,285,1,27,30.0005,AUTO,7,ARMED,100,20.61667,5,2754416.913,28,000473_A_A_PROGRAM_2.NC,0,100,0,0,100,12000.0,764725.979999999,1,399.989591392166,10,254.161545565762,26,-345.780627565187,1175.0,10.053333333333336,UNAVAILABLE,53.178666666666665,59.97,7606F116-3463-4EEF-96CC-1AC408FAA001,0.8733333333333334,E5EDCE94-46C8-449C-9FA0-71F22978959A,1.736666666666667,5300.0,1400.0,3.7,35.7,0.5,133.1,600.0,200.0,3.4,23.2,0.2,700.0,200.0,3.2,23.1,0.1,4700.0,1100.0,4.5,25.7,0.4,2400.0,600.0,3.9,24.6,0.3,3200.0,600.0,5.1,29.4,0.5
lid_p2,28,Al6061_lid28_p2,E5EDCE94-46C8-449C-9FA0-71F22978959A,8,194,2025-07-31 12:20:14.375568,20,0.000668021023912,287,1,27,30.0005,AUTO,7,ARMED,100,20.61667,5,2754416.913,28,000473_A_A_PROGRAM_2.NC,1,100,0,0,100,12000.0,764725.979999999,2,396.829070178902,9,250.959644773116,27,-347.267934560302,1280.0,11.023333333333332,UNAVAILABLE,53.17933333333334,59.97,7606F116-3463-4EEF-96CC-1AC408FAA001,0.88,E5EDCE94-46C8-449C-9FA0-71F22978959A,1.736666666666667,5200.0,1400.0,3.8,35.7,0.5,133.03333333333333,600.0,200.0,3.4,23.2,0.2,700.0,200.0,3.1,23.1,0.1,3600.0,1300.0,2.9,25.7,0.5,2200.0,600.0,3.5,24.6,0.3,2800.0,600.0,4.5,29.4,0.5
lid_p2,28,Al6061_lid28_p2,E5EDCE94-46C8-449C-9FA0-71F22978959A,8,195,2025-07-31 12:20:15.375852,20,0.000668021023912,289,1,27,30.0005,AUTO,7,ARMED,100,20.61667,5,2754416.913,28,000473_A_A_PROGRAM_2.NC,2,100,0,0,100,12000.0,764725.979999999,0,400.523540878219,9,253.31345096063,32,-347.694635062294,1307.0,11.263333333333334,UNAVAILABLE,53.17933333333334,59.97,7606F116-3463-4EEF-96CC-1AC408FAA001,0.8666666666666667,E5EDCE94-46C8-449C-9FA0-71F22978959A,1.736666666666667,4300.0,1400.0,3.2,35.7,0.5,133.0,600.0,200.0,3.7,23.2,0.5,700.0,200.0,3.1,23.1,0.1,4200.0,1100.0,3.9,25.7,0.4,2200.0,600.0,4.1,24.6,0.3,1400.0,600.0,2.4,29.4,0.5
lid_p2,28,Al6061_lid28_p2,E5EDCE94-46C8-449C-9FA0-71F22978959A,8,196,2025-07-31 12:20:16.376000,20,0.000668021023912,294,1,27,30.0005,AUTO,7,ARMED,100,20.61667,5,2754416.913,28,000473_A_A_PROGRAM_2.NC,3,100,0,0,100,12000.0,764725.979999999,0,400.363667333171,10,253.673764757911,26,-348.518857029536,1191.3333333333333,10.203333333333331,UNAVAILABLE,53.17933333333334,59.97,7606F116-3463-4EEF-96CC-1AC408FAA001,0.8766666666666666,E5EDCE94-46C8-449C-9FA0-71F22978959A,1.736666666666667,4800.0,1400.0,3.4,35.7,0.5,133.03333333333333,700.0,200.0,3.6,23.2,0.2,800.0,300.0,3.1,23.1,0.1,3700.0,1300.0,2.9,25.7,0.5,2700.0,700.0,4.0,24.6,0.3,3100.0,600.0,4.8,29.4,0.5
lid_p2,28,Al6061_lid28_p2,E5EDCE94-46C8-449C-9FA0-71F22978959A,8,197,2025-07-31 12:20:17.376312,20,0.000668021023912,296,1,27,30.0005,AUTO,7,ARMED,100,20.61667,5,2754416.913,28,000473_A_A_PROGRAM_2.NC,4,100,0,0,100,12000.0,764725.979999999,0,396.157425661735,10,252.462165162509,26,-349.930241315327,1308.3333333333333,11.28,UNAVAILABLE,53.18033333333333,59.97,7606F116-3463-4EEF-96CC-1AC408FAA001,0.8733333333333334,E5EDCE94-46C8-449C-9FA0-71F22978959A,1.736666666666667,5000.0,1400.0,3.5,35.7,0.5,132.96666666666667,600.0,200.0,3.3,23.2,0.2,800.0,200.0,3.6,23.1,0.1,3100.0,1000.0,3.1,25.7,0.3,3400.0,700.0,5.0,24.6,0.3,2100.0,600.0,3.4,29.4,0.5
lid_p2,28,Al6061_lid28_p2,E5EDCE94-46C8-449C-9FA0-71F22978959A,8,198,2025-07-31 12:20:18.376600,20,0.000668021023912,297,1,27,30.0005,AUTO,7,ARMED,100,20.61667,5,2754416.913,28,000473_A_A_PROGRAM_2.NC,5,100,0,0,100,12000.0,764725.979999999,1,400.655168456542,9,252.665710092283,27,-351.416529904847,1305.6666666666667,11.25,UNAVAILABLE,53.18066666666667,59.97,7606F116-3463-4EEF-96CC-1AC408FAA001,0.8666666666666667,E5EDCE94-46C8-449C-9FA0-71F22978959A,1.736666666666667,5100.0,1500.0,3.4,35.7,0.5,133.0,700.0,200.0,3.3,23.2,0.2,800.0,200.0,3.2,23.1,0.1,4200.0,1100.0,3.9,25.7,0.4,3200.0,700.0,4.3,24.6,0.3,2500.0,600.0,4.0,29.4,0.5
lid_p2,28,Al6061_lid28_p2,E5EDCE94-46C8-449C-9FA0-71F22978959A,8,199,2025-07-31 12:20:19.376893,20,0.000668021023912,300,1,27,30.0005,AUTO,7,ARMED,100,20.61667,5,2754416.913,28,000473_A_A_PROGRAM_2.NC,6,100,0,0,100,12000.0,764725.979999999,8,396.460429642173,3,251.431424708472,31,-352.457100126076,1321.0,11.396666666666668,UNAVAILABLE,53.18066666666667,59.97,7606F116-3463-4EEF-96CC-1AC408FAA001,0.8700000000000001,E5EDCE94-46C8-449C-9FA0-71F22978959A,1.736666666666667,5600.0,1400.0,4.0,35.7,0.5,132.96666666666667,500.0,200.0,3.3,23.2,0.2,700.0,200.0,3.2,23.1,0.1,3900.0,1100.0,3.6,25.7,0.4,3800.0,700.0,5.5,24.6,0.3,1500.0,600.0,2.6,29.4,0.5
lid_p2,29,Al6061_lid29_p2,E5EDCE94-46C8-449C-9FA0-71F22978959A,8,181,2025-07-31 12:30:01.095435,20,0.000167897837986,253,1,27,30.0005,AUTO,7,ARMED,100,419.55,5,2755137.539,29,000473_A_A_PROGRAM_2.NC,45,100,0,12,100,591.081921880409,765446.773,79,164.640135620231,48,392.682048930213,35,-99.8669982674121,676.6666666666666,7.026666666666666,UNAVAILABLE,53.35333333333333,59.97,7606F116-3463-4EEF-96CC-1AC408FAA001,0.7033333333333335,E5EDCE94-46C8-449C-9FA0-71F22978959A,1.7493333333333334,6800.0,1700.0,4.1,36.2,0.1,133.46666666666667,2100.0,600.0,3.4,23.2,0.3,5100.0,1200.0,4.3,23.1,0.1,29500.0,8700.0,3.4,25.7,0.3,3100.0,600.0,5.2,24.7,0.1,800.0,200.0,4.2,29.5,0.1
lid_p2,29,Al6061_lid29_p2,E5EDCE94-46C8-449C-9FA0-71F22978959A,8,182,2025-07-31 12:30:02.095546,20,0.000668021023912,254,1,27,30.0005,AUTO,7,ARMED,100,386.55,5,2755137.539,29,000473_A_A_PROGRAM_2.NC,46,100,0,20,100,4286.42532009255,765446.773,5,362.404393055578,6,252.563765217478,9,-259.422691825486,2881.0,16.81,UNAVAILABLE,53.35333333333333,59.97,7606F116-3463-4EEF-96CC-1AC408FAA001,1.0,E5EDCE94-46C8-449C-9FA0-71F22978959A,1.7493333333333334,10500.0,2400.0,4.4,36.2,0.2,132.5666666666667,1000.0,200.0,5.1,23.2,0.1,1800.0,400.0,4.6,23.1,0.1,3000.0,700.0,4.2,25.7,0.2,33600.0,6300.0,5.3,24.7,0.1,53000.0,14300.0,3.7,29.5,1.4
lid_p2,29,Al6061_lid29_p2,E5EDCE94-46C8-449C-9FA0-71F22978959A,8,183,2025-07-31 12:30:03.095697,20,0.000668021023912,256,1,27,30.0005,AUTO,7,ARMED,100,0.0,5,2755137.539,29,000473_A_A_PROGRAM_2.NC,47,100,0,12,100,6528.54868615997,765446.773,5,362.404393055578,5,252.563788105528,29,-342.932101341955,5889.666666666667,50.73333333333333,UNAVAILABLE,53.355,59.97,7606F116-3463-4EEF-96CC-1AC408FAA001,0.89,E5EDCE94-46C8-449C-9FA0-71F22978959A,1.7493333333333334,7900.0,2100.0,3.7,36.2,0.2,130.5,300.0,100.0,4.1,23.2,0.1,300.0,100.0,3.8,23.1,0.1,1500.0,400.0,3.5,25.7,0.2,1200.0,300.0,4.3,24.7,0.1,600.0,100.0,3.9,29.5,0.1
lid_p2,29,Al6061_lid29_p2,E5EDCE94-46C8-449C-9FA0-71F22978959A,8,184,2025-07-31 12:30:04.095893,20,0.000668021023912,256,1,27,30.0005,AUTO,7,ARMED,100,0.0,5,2755137.539,29,000473_A_A_PROGRAM_2.NC,48,100,0,9,100,8197.3279073613,765446.773,5,362.404393055578,5,252.563799549553,29,-342.932089899196,5909.666666666667,48.74000000000001,UNAVAILABLE,53.357,59.97,7606F116-3463-4EEF-96CC-1AC408FAA001,0.9333333333333332,E5EDCE94-46C8-449C-9FA0-71F22978959A,1.7493333333333334,10000.0,3000.0,3.4,36.2,0.3,130.66666666666666,300.0,100.0,3.7,23.2,0.1,400.0,100.0,3.3,23.1,0.1,2100.0,700.0,2.9,25.7,0.3,1000.0,200.0,4.0,24.7,0.1,1000.0,300.0,3.5,29.5,0.3
lid_p2,29,Al6061_lid29_p2,E5EDCE94-46C8-449C-9FA0-71F22978959A,8,185,2025-07-31 12:30:05.096040,20,0.000668021023912,256,1,27,30.0005,AUTO,7,ARMED,100,0.0,5,2755137.539,29,000473_A_A_PROGRAM_2.NC,49,100,0,7,100,9313.31066412237,765446.773,5,362.404393055578,5,252.563799549553,29,-342.932112784715,5872.0,48.41333333333333,UNAVAILABLE,53.35866666666666,59.97,7606F116-3463-4EEF-96CC-1AC408FAA001,0.8933333333333334,E5EDCE94-46C8-449C-9FA0-71F22978959A,1.7493333333333334,7300.0,2100.0,3.4,36.2,0.5,130.63333333333333,400.0,100.0,3.6,23.2,0.1,400.0,100.0,3.7,23.1,0.1,2600.0,900.0,2.8,25.7,0.4,1400.0,400.0,3.6,24.7,0.1,2100.0,900.0,2.2,29.5,0.9
lid_p2,29,Al6061_lid29_p2,E5EDCE94-46C8-449C-9FA0-71F22978959A,8,186,2025-07-31 12:30:06.096252,20,0.000668021023912,256,1,27,30.0005,AUTO,7,ARMED,100,0.0,5,2755137.539,29,000473_A_A_PROGRAM_2.NC,50,100,0,5,100,10105.0565834596,765446.773,5,362.404404499582,5,252.563788105528,29,-342.932124227474,4735.666666666667,40.16,UNAVAILABLE,53.35966666666667,59.97,7606F116-3463-4EEF-96CC-1AC408FAA001,0.8866666666666667,E5EDCE94-46C8-449C-9FA0-71F22978959A,1.7493333333333334,6900.0,2200.0,3.2,36.2,0.5,131.33333333333334,400.0,100.0,3.3,23.2,0.1,400.0,100.0,4.1,23.1,0.1,5600.0,2600.0,2.1,25.7,1.0,1800.0,700.0,2.8,24.7,0.2,2700.0,1400.0,2.0,29.5,1.3
lid_p2,29,Al6061_lid29_p2,E5EDCE94-46C8-449C-9FA0-71F22978959A,8,187,2025-07-31 12:30:07.096464,20,0.000668021023912,256,1,27,30.0005,AUTO,7,ARMED,100,0.0,5,2755137.539,29,000473_A_A_PROGRAM_2.NC,51,100,0,4,100,10762.318087372,765446.773,4,362.404381611574,5,252.563799549553,30,-342.932078456436,4075.0,33.71666666666667,UNAVAILABLE,53.361,59.97,7606F116-3463-4EEF-96CC-1AC408FAA001,0.8866666666666667,E5EDCE94-46C8-449C-9FA0-71F22978959A,1.7493333333333334,6900.0,2200.0,3.2,36.2,0.5,131.66666666666666,400.0,100.0,3.7,23.2,0.2,400.0,100.0,3.8,23.1,0.1,3100.0,800.0,3.8,25.7,0.3,1500.0,500.0,3.0,24.7,0.2,1400.0,600.0,2.3,29.5,0.5
lid_p2,29,Al6061_lid29_p2,E5EDCE94-46C8-449C-9FA0-71F22978959A,8,188,2025-07-31 12:30:08.096614,20,0.000668021023912,258,1,27,30.0005,AUTO,7,ARMED,100,20.61667,5,2755137.539,29,000473_A_A_PROGRAM_2.NC,52,100,0,3,100,12000.0,765446.773,3,364.592348737582,10,253.100043570073,27,-343.712817937554,3598.0,29.92,UNAVAILABLE,53.362,59.97,7606F116-3463-4EEF-96CC-1AC408FAA001,0.89,E5EDCE94-46C8-449C-9FA0-71F22978959A,1.7493333333333334,7200.0,2100.0,3.4,36.2,0.5,131.93333333333334,400.0,100.0,3.4,23.2,0.1,500.0,100.0,3.5,23.1,0.1,3600.0,1100.0,3.3,25.7,0.3,1600.0,400.0,3.6,24.7,0.2,3000.0,800.0,3.6,29.5,0.7
lid_p2,29,Al6061_lid29_p2,E5EDCE94-46C8-449C-9FA0-71F22978959A,8,189,2025-07-31 12:30:09.096780,20,0.000668021023912,260,1,27,30.0005,AUTO,7,ARMED,100,20.61667,5,2755137.539,29,000473_A_A_PROGRAM_2.NC,53,100,0,3,100,12000.0,765446.773,0,361.557513876107,10,250.480014236531,26,-345.347507675112,3419.333333333333,28.47,UNAVAILABLE,53.36266666666668,59.97,7606F116-3463-4EEF-96CC-1AC408FAA001,0.8833333333333333,E5EDCE94-46C8-449C-9FA0-71F22978959A,1.7493333333333334,19200.0,4000.0,4.7,36.2,0.5,132.0,500.0,100.0,3.9,23.2,0.1,1500.0,300.0,5.1,23.1,0.1,4700.0,1400.0,3.4,25.7,0.5,8600.0,1700.0,5.1,24.7,0.3,4800.0,1000.0,4.7,29.5,0.5
lid_p2,29,Al6061_lid29_p2,E5EDCE94-46C8-449C-9FA0-71F22978959A,8,190,2025-07-31 12:30:10.096974,20,0.000167897837986,261,1,27,30.0005,AUTO,7,ARMED,100,20.61667,5,2755137.539,29,000473_A_A_PROGRAM_2.NC,54,100,0,0,100,12000.0,765446.773,8,364.595278945617,3,252.056272234243,27,-346.610799767372,3250.0,27.133333333333336,UNAVAILABLE,53.36366666666667,59.97,7606F116-3463-4EEF-96CC-1AC408FAA001,0.8833333333333333,E5EDCE94-46C8-449C-9FA0-71F22978959A,1.7493333333333334,5100.0,1400.0,3.7,36.2,0.5,132.06666666666666,600.0,200.0,3.2,23.2,0.1,700.0,200.0,3.1,23.1,0.1,3900.0,1200.0,3.2,25.7,0.4,2700.0,600.0,4.3,24.7,0.3,2700.0,600.0,4.2,29.5,0.5
lid_p2,29,Al6061_lid29_p2,E5EDCE94-46C8-449C-9FA0-71F22978959A,8,191,2025-07-31 12:30:11.097170,20,0.000668021023912,264,1,27,30.0005,AUTO,7,ARMED,100,20.61667,5,2755137.539,29,000473_A_A_PROGRAM_2.NC,55,100,0,0,100,12000.0,765446.773,9,361.516445890078,3,253.055446312508,31,-347.694566405737,1656.0,14.986666666666665,UNAVAILABLE,53.36366666666667,59.97,7606F116-3463-4EEF-96CC-1AC408FAA001,0.5399999999999999,E5EDCE94-46C8-449C-9FA0-71F22978959A,1.7493333333333334,4500.0,1400.0,3.3,36.2,0.5,132.93333333333334,500.0,100.0,3.4,23.2,0.1,700.0,200.0,3.0,23.1,0.1,3500.0,1000.0,3.4,25.7,0.4,2200.0,600.0,3.7,24.7,0.3,1500.0,600.0,2.5,29.5,0.5
lid_p2,29,Al6061_lid29_p2,E5EDCE94-46C8-449C-9FA0-71F22978959A,8,192,2025-07-31 12:30:12.097322,20,0.000668021023912,269,1,27,30.0005,AUTO,7,ARMED,100,20.48333,5,2755137.539,29,000473_A_A_PROGRAM_2.NC,56,100,0,0,100,12000.0,765446.773,0,360.255357887943,11,251.891463074061,28,-347.989926914115,1261.3333333333333,10.85,UNAVAILABLE,53.365,59.97,7606F116-3463-4EEF-96CC-1AC408FAA001,0.84,E5EDCE94-46C8-449C-9FA0-71F22978959A,1.7493333333333334,4700.0,1400.0,3.4,36.2,0.5,133.13333333333333,800.0,200.0,4.1,23.2,0.1,700.0,200.0,2.8,23.1,0.1,3600.0,1200.0,3.0,25.7,0.4,2100.0,600.0,3.5,24.7,0.3,2800.0,700.0,4.1,29.5,0.5
lid_p2,29,Al6061_lid29_p2,E5EDCE94-46C8-449C-9FA0-71F22978959A,8,193,2025-07-31 12:30:13.097473,20,0.000668021023912,270,1,27,30.0005,AUTO,7,ARMED,100,20.61667,5,2755137.539,29,000473_A_A_PROGRAM_2.NC,57,100,0,1,100,12000.0,765446.773,1,364.552053866683,9,253.24120509745,25,-349.476421473306,1223.3333333333333,10.503333333333332,UNAVAILABLE,53.365,59.97,7606F116-3463-4EEF-96CC-1AC408FAA001,0.8999999999999999,E5EDCE94-46C8-449C-9FA0-71F22978959A,1.7493333333333334,5300.0,1400.0,3.9,36.2,0.5,133.13333333333333,600.0,200.0,3.4,23.2,0.1,800.0,200.0,3.3,23.1,0.1,3400.0,1000.0,3.3,25.7,0.4,3100.0,700.0,4.7,24.7,0.3,3200.0,700.0,4.7,29.5,0.5
lid_p2,29,Al6061_lid29_p2,E5EDCE94-46C8-449C-9FA0-71F22978959A,8,194,2025-07-31 12:30:14.097623,20,0.000668021023912,272,1,27,30.0005,AUTO,7,ARMED,100,20.61667,5,2755137.539,29,000473_A_A_PROGRAM_2.NC,58,100,0,0,100,12000.0,765446.773,8,360.186188719244,3,252.933613221137,26,-350.888103270844,1303.6666666666667,11.23,UNAVAILABLE,53.365,59.97,7606F116-3463-4EEF-96CC-1AC408FAA001,0.8633333333333333,E5EDCE94-46C8-449C-9FA0-71F22978959A,1.7493333333333334,5500.0,1400.0,3.9,36.2,0.5,133.13333333333333,800.0,200.0,4.0,23.2,0.1,800.0,200.0,3.6,23.1,0.1,3300.0,1000.0,3.4,25.7,0.3,2900.0,700.0,4.3,24.7,0.3,3000.0,700.0,4.4,29.5,0.5
lid_p2,29,Al6061_lid29_p2,E5EDCE94-46C8-449C-9FA0-71F22978959A,8,195,2025-07-31 12:30:15.097834,20,0.000668021023912,273,1,27,30.0005,AUTO,7,ARMED,100,20.6,5,2755137.539,29,000473_A_A_PROGRAM_2.NC,59,100,0,0,100,12000.0,765446.773,8,364.622755999074,12,252.199459346569,25,-352.375055540415,1304.0,11.226666666666668,UNAVAILABLE,53.36533333333333,59.97,7606F116-3463-4EEF-96CC-1AC408FAA001,0.8666666666666667,E5EDCE94-46C8-449C-9FA0-71F22978959A,1.7493333333333334,5100.0,1400.0,3.6,36.2,0.5,133.1,700.0,200.0,3.5,23.2,0.1,800.0,200.0,3.1,23.1,0.1,4300.0,1100.0,3.8,25.7,0.4,3500.0,800.0,4.3,24.7,0.3,2800.0,600.0,4.3,29.5,0.5
lid_p2,29,Al6061_lid29_p2,E5EDCE94-46C8-449C-9FA0-71F22978959A,8,196,2025-07-31 12:30:16.097986,20,0.000668021023912,277,1,27,30.0005,AUTO,7,ARMED,100,13.86667,5,2755137.539,29,000473_A_A_PROGRAM_2.NC,0,100,0,0,100,12000.0,765446.773,1,362.404152731495,1,252.565813697973,33,-352.458235480241,1325.0,11.42,UNAVAILABLE,53.36566666666667,59.98,7606F116-3463-4EEF-96CC-1AC408FAA001,0.8666666666666667,E5EDCE94-46C8-449C-9FA0-71F22978959A,1.7493333333333334,4300.0,1300.0,3.2,36.2,0.5,133.06666666666663,1100.0,200.0,5.4,23.2,0.4,800.0,200.0,3.4,23.1,0.1,3100.0,900.0,3.4,25.7,0.4,7800.0,1000.0,7.6,24.7,0.3,22800.0,3700.0,6.2,29.5,0.6
lid_p2,29,Al6061_lid29_p2,E5EDCE94-46C8-449C-9FA0-71F22978959A,8,197,2025-07-31 12:30:17.098137,20,0.000668021023912,283,1,27,30.0005,AUTO,7,ARMED,100,20.25,5,2755137.539,29,000473_A_A_PROGRAM_2.NC,1,100,0,0,100,12000.0,765446.773,5,399.061983773429,9,254.389278807824,29,-343.030623501305,1261.6666666666667,11.006666666666668,UNAVAILABLE,53.36633333333333,59.98,7606F116-3463-4EEF-96CC-1AC408FAA001,0.92,E5EDCE94-46C8-449C-9FA0-71F22978959A,1.7493333333333334,4500.0,1300.0,3.4,36.2,0.5,133.06666666666663,500.0,100.0,3.3,23.2,0.2,700.0,200.0,3.1,23.1,0.1,3900.0,1100.0,3.6,25.7,0.4,1700.0,500.0,3.5,24.7,0.3,2000.0,600.0,3.3,29.5,0.5
lid_p2,29,Al6061_lid29_p2,E5EDCE94-46C8-449C-9FA0-71F22978959A,8,198,2025-07-31 12:30:18.098431,20,0.000668021023912,284,1,27,30.0005,AUTO,7,ARMED,100,20.61667,5,2755137.539,29,000473_A_A_PROGRAM_2.NC,2,100,0,0,100,12000.0,765446.773,9,396.815324842528,10,250.97399558061,25,-344.294247433591,1162.0,9.926666666666668,UNAVAILABLE,53.366666666666674,59.98,7606F116-3463-4EEF-96CC-1AC408FAA001,0.8733333333333334,E5EDCE94-46C8-449C-9FA0-71F22978959A,1.7493333333333334,4800.0,1300.0,3.7,36.2,0.5,133.16666666666666,400.0,100.0,3.2,23.2,0.2,700.0,200.0,3.3,23.1,0.1,4100.0,1100.0,3.6,25.7,0.4,1800.0,500.0,3.5,24.7,0.3,3300.0,600.0,5.1,29.5,0.5
lid_p2,29,Al6061_lid29_p2,E5EDCE94-46C8-449C-9FA0-71F22978959A,8,199,2025-07-31 12:30:19.098642,20,0.000668021023912,285,1,27,30.0005,AUTO,7,ARMED,100,20.61667,5,2755137.539,29,000473_A_A_PROGRAM_2.NC,3,100,0,0,100,12000.0,765446.773,9,399.993276643902,4,254.15798640333,26,-345.780192740325,1176.0,10.05,UNAVAILABLE,53.367333333333335,59.98,7606F116-3463-4EEF-96CC-1AC408FAA001,0.8733333333333334,E5EDCE94-46C8-449C-9FA0-71F22978959A,1.7493333333333334,5000.0,1400.0,3.6,36.2,0.5,133.20000000000002,600.0,200.0,3.4,23.2,0.2,800.0,200.0,3.3,23.1,0.1,4500.0,1100.0,3.9,25.7,0.4,2400.0,600.0,3.8,24.7,0.3,2700.0,600.0,4.3,29.5,0.5
lid_p2,29,Al6061_lid29_p2,E5EDCE94-46C8-449C-9FA0-71F22978959A,8,200,2025-07-31 12:30:20.098796,20,0.000668021023912,287,1,27,30.0005,AUTO,7,ARMED,100,20.61667,5,2755137.539,29,000473_A_A_PROGRAM_2.NC,4,100,0,0,100,12000.0,765446.773,5,397.714002030513,6,250.423206095861,27,-347.340882152155,1301.6666666666667,11.2,UNAVAILABLE,53.367333333333335,59.98,7606F116-3463-4EEF-96CC-1AC408FAA001,0.88,E5EDCE94-46C8-449C-9FA0-71F22978959A,1.7493333333333334,4500.0,1300.0,3.3,36.2,0.5,133.13333333333333,700.0,200.0,3.7,23.2,0.2,700.0,200.0,3.2,23.1,0.1,3600.0,1200.0,3.1,25.7,0.4,2300.0,600.0,3.6,24.7,0.3,3000.0,700.0,4.5,29.5,0.5
lid_p2,29,Al6061_lid29_p2,E5EDCE94-46C8-449C-9FA0-71F22978959A,8,201,2025-07-31 12:30:21.098946,20,0.000668021023912,289,1,27,30.0005,AUTO,7,ARMED,100,20.61667,5,2755137.539,29,000473_A_A_PROGRAM_2.NC,5,100,0,0,100,12000.0,765446.773,5,398.814430993746,16,253.8523624454,32,-347.694554962978,1305.3333333333333,11.24,UNAVAILABLE,53.36766666666667,59.98,7606F116-3463-4EEF-96CC-1AC408FAA001,0.8700000000000001,E5EDCE94-46C8-449C-9FA0-71F22978959A,1.7493333333333334,4600.0,1300.0,3.4,36.2,0.5,133.13333333333333,500.0,200.0,3.2,23.2,0.5,700.0,200.0,3.0,23.1,0.1,4700.0,1100.0,4.4,25.7,0.4,1900.0,500.0,3.5,24.7,0.3,1500.0,600.0,2.4,29.5,0.5
lid_p2,29,Al6061_lid29_p2,E5EDCE94-46C8-449C-9FA0-71F22978959A,8,202,2025-07-31 12:30:22.099116,20,0.000668021023912,294,1,27,30.0005,AUTO,7,ARMED,100,20.61667,5,2755137.539,29,000473_A_A_PROGRAM_2.NC,6,100,0,0,100,12000.0,765446.773,12,397.627608261415,5,254.678578571577,27,-348.7408351212,1231.0,10.563333333333333,UNAVAILABLE,53.36833333333334,59.98,7606F116-3463-4EEF-96CC-1AC408FAA001,0.85,E5EDCE94-46C8-449C-9FA0-71F22978959A,1.7493333333333334,4800.0,1400.0,3.5,36.2,0.5,133.16666666666666,600.0,200.0,3.4,23.2,0.2,800.0,200.0,3.4,23.1,0.1,4800.0,1200.0,4.0,25.7,0.4,2900.0,700.0,4.3,24.7,0.3,2400.0,600.0,3.7,29.5,0.5
lid_p2,29,Al6061_lid29_p2,E5EDCE94-46C8-449C-9FA0-71F22978959A,8,203,2025-07-31 12:30:23.099267,20,0.000668021023912,296,1,27,30.0005,AUTO,7,ARMED,100,20.61667,5,2755137.539,29,000473_A_A_PROGRAM_2.NC,7,100,0,0,100,12000.0,765446.773,11,399.189983346213,6,250.450876000355,28,-350.22712371072,1266.0,10.89,UNAVAILABLE,53.36833333333334,59.98,7606F116-3463-4EEF-96CC-1AC408FAA001,0.89,E5EDCE94-46C8-449C-9FA0-71F22978959A,1.7493333333333334,5200.0,1400.0,3.6,36.2,0.5,133.06666666666663,600.0,200.0,3.3,23.2,0.2,700.0,200.0,3.1,23.1,0.1,3700.0,900.0,4.1,25.7,0.3,3000.0,700.0,4.2,24.7,0.3,2800.0,700.0,4.1,29.5,0.6
lid_p2,29,Al6061_lid29_p2,E5EDCE94-46C8-449C-9FA0-71F22978959A,8,204,2025-07-31 12:30:24.099481,20,0.000668021023912,297,1,27,30.0005,AUTO,7,ARMED,100,20.61667,5,2755137.539,29,000473_A_A_PROGRAM_2.NC,8,100,0,0,100,12000.0,765446.773,9,398.664125369355,3,254.798063428562,26,-351.638897050334,1305.3333333333333,11.226666666666668,UNAVAILABLE,53.36833333333334,59.98,7606F116-3463-4EEF-96CC-1AC408FAA001,0.8700000000000001,E5EDCE94-46C8-449C-9FA0-71F22978959A,1.7493333333333334,5500.0,1500.0,3.7,36.2,0.5,133.13333333333333,700.0,200.0,3.3,23.2,0.2,800.0,300.0,3.0,23.1,0.1,4400.0,1200.0,3.7,25.7,0.4,3300.0,700.0,4.5,24.7,0.3,3300.0,700.0,5.0,29.5,0.5
lid_p2,29,Al6061_lid29_p2,E5EDCE94-46C8-449C-9FA0-71F22978959A,8,205,2025-07-31 12:30:25.099633,20,0.000668021023912,300,1,27,30.0005,AUTO,7,ARMED,100,20.61667,5,2755137.539,29,000473_A_A_PROGRAM_2.NC,9,100,0,0,100,12000.0,765446.773,1,397.179719317812,10,250.677904318815,32,-352.457065797797,1316.6666666666667,11.273333333333332,UNAVAILABLE,53.36966666666666,59.98,7606F116-3463-4EEF-96CC-1AC408FAA001,0.8733333333333334,E5EDCE94-46C8-449C-9FA0-71F22978959A,1.7493333333333334,4800.0,1400.0,3.4,36.2,0.5,133.13333333333333,500.0,200.0,3.3,23.2,0.2,700.0,200.0,3.2,23.1,0.1,3100.0,1100.0,3.0,25.7,0.4,2600.0,700.0,4.0,24.7,0.3,1600.0,600.0,2.6,29.5,0.5
lid_p2,30,Al6061_lid30_p2,E5EDCE94-46C8-449C-9FA0-71F22978959A,8,191,2025-07-31 12:40:11.893698,20,0.000167897837986,253,1,27,30.0005,AUTO,7,ARMED,100,615.6833,5,2755858.422,30,000473_A_A_PROGRAM_2.NC,41,100,0,19,100,1325.26788800556,765806.986000001,24,223.666087432091,19,350.86107069336,38,-99.8669982674121,917.6666666666666,9.293333333333337,UNAVAILABLE,53.54266666666666,59.97,7606F116-3463-4EEF-96CC-1AC408FAA001,1.0,E5EDCE94-46C8-449C-9FA0-71F22978959A,1.7619999999999998,7300.0,1700.0,4.2,36.8,0.1,133.29999999999998,2300.0,400.0,5.2,23.3,0.3,5000.0,1100.0,4.5,23.1,0.1,28200.0,6900.0,4.1,25.7,0.3,3100.0,700.0,4.2,24.8,0.1,1100.0,200.0,5.6,29.8,0.2
lid_p2,30,Al6061_lid30_p2,E5EDCE94-46C8-449C-9FA0-71F22978959A,8,192,2025-07-31 12:40:12.893915,20,0.000167897837986,254,1,27,30.0005,AUTO,7,ARMED,100,528.6167,5,2755858.422,30,000473_A_A_PROGRAM_2.NC,42,100,0,17,100,4655.78658770861,765806.986000001,5,362.404393055578,5,252.563776661503,78,-313.975221359108,917.6666666666666,9.293333333333337,UNAVAILABLE,53.54266666666666,59.97,7606F116-3463-4EEF-96CC-1AC408FAA001,1.0,E5EDCE94-46C8-449C-9FA0-71F22978959A,1.7619999999999998,10800.0,2300.0,4.6,36.8,0.2,133.29999999999998,400.0,100.0,5.7,23.3,0.1,2000.0,300.0,7.6,23.1,0.0,2500.0,600.0,4.2,25.7,0.2,27800.0,5000.0,5.6,24.8,0.1,59200.0,11700.0,5.1,29.8,1.1
lid_p2,30,Al6061_lid30_p2,E5EDCE94-46C8-449C-9FA0-71F22978959A,8,193,2025-07-31 12:40:13.894112,20,0.000167897837986,256,1,27,30.0005,AUTO,7,ARMED,100,0.0,5,2755858.422,30,000473_A_A_PROGRAM_2.NC,43,100,0,12,100,6858.68881370283,765806.986000001,5,362.404404499582,5,252.563799549553,29,-342.932101341955,6052.666666666667,50.44,UNAVAILABLE,53.54366666666667,59.97,7606F116-3463-4EEF-96CC-1AC408FAA001,1.0,E5EDCE94-46C8-449C-9FA0-71F22978959A,1.7619999999999998,8600.0,2300.0,3.7,36.8,0.2,130.49999999999997,300.0,100.0,3.8,23.3,0.1,400.0,100.0,3.9,23.1,0.1,1900.0,500.0,3.7,25.7,0.2,1100.0,300.0,4.0,24.8,0.1,600.0,200.0,3.9,29.8,0.2
lid_p2,30,Al6061_lid30_p2,E5EDCE94-46C8-449C-9FA0-71F22978959A,8,194,2025-07-31 12:40:14.894295,20,0.000167897837986,256,1,27,30.0005,AUTO,7,ARMED,100,0.0,5,2755858.422,30,000473_A_A_PROGRAM_2.NC,44,100,0,9,100,8369.15914894366,765806.986000001,5,362.404393055578,5,252.563799549553,29,-342.932101341955,5948.666666666667,49.09333333333333,UNAVAILABLE,53.545,59.97,7606F116-3463-4EEF-96CC-1AC408FAA001,0.9366666666666666,E5EDCE94-46C8-449C-9FA0-71F22978959A,1.7619999999999998,10200.0,2400.0,4.2,36.8,0.3,130.56666666666666,300.0,100.0,3.3,23.3,0.1,300.0,100.0,3.4,23.1,0.1,2300.0,700.0,3.2,25.7,0.3,900.0,300.0,3.6,24.8,0.1,1100.0,400.0,2.9,29.8,0.4
lid_p2,30,Al6061_lid30_p2,E5EDCE94-46C8-449C-9FA0-71F22978959A,8,195,2025-07-31 12:40:15.894523,20,0.000668021023912,256,1,27,30.0005,AUTO,7,ARMED,100,0.0,5,2755858.422,30,000473_A_A_PROGRAM_2.NC,45,100,0,6,100,9581.55996941172,765806.986000001,5,362.40437016757,5,252.563799549553,29,-342.932009799879,5023.0,41.46333333333333,UNAVAILABLE,53.54866666666666,59.97,7606F116-3463-4EEF-96CC-1AC408FAA001,0.8833333333333333,E5EDCE94-46C8-449C-9FA0-71F22978959A,1.7619999999999998,6700.0,2000.0,3.3,36.8,0.5,131.06666666666666,400.0,200.0,2.8,23.3,0.1,400.0,100.0,4.4,23.1,0.1,3000.0,1100.0,2.6,25.7,0.5,1300.0,400.0,2.9,24.8,0.2,2200.0,1200.0,1.9,29.8,1.2
lid_p2,30,Al6061_lid30_p2,E5EDCE94-46C8-449C-9FA0-71F22978959A,8,196,2025-07-31 12:40:16.894891,20,0.000668021023912,256,1,27,30.0005,AUTO,7,ARMED,100,0.0,5,2755858.422,30,000473_A_A_PROGRAM_2.NC,46,100,0,5,100,10278.8800226377,765806.986000001,4,362.404381611574,5,252.563799549553,30,-342.932112784715,4286.0,35.46,UNAVAILABLE,53.55,59.97,7606F116-3463-4EEF-96CC-1AC408FAA001,0.8866666666666667,E5EDCE94-46C8-449C-9FA0-71F22978959A,1.7619999999999998,6800.0,2100.0,3.2,36.8,0.5,131.49999999999997,300.0,100.0,3.4,23.3,0.1,300.0,100.0,3.8,23.1,0.1,4900.0,2000.0,2.5,25.7,0.8,1900.0,600.0,2.9,24.8,0.2,2800.0,1400.0,2.1,29.8,1.3
lid_p2,30,Al6061_lid30_p2,E5EDCE94-46C8-449C-9FA0-71F22978959A,8,197,2025-07-31 12:40:17.895008,20,0.000668021023912,256,1,27,30.0005,AUTO,7,ARMED,100,0.0,5,2755858.422,30,000473_A_A_PROGRAM_2.NC,47,100,0,4,100,12000.0,765806.986000001,4,363.305648021915,8,254.341311879232,30,-342.932101341955,4286.0,35.46,UNAVAILABLE,53.55,59.97,7606F116-3463-4EEF-96CC-1AC408FAA001,0.8866666666666667,E5EDCE94-46C8-449C-9FA0-71F22978959A,1.7619999999999998,7400.0,2100.0,3.5,36.8,0.5,131.49999999999997,300.0,100.0,3.6,23.3,0.2,400.0,100.0,3.4,23.1,0.1,4900.0,1200.0,4.0,25.7,0.4,1700.0,500.0,3.6,24.8,0.2,1500.0,700.0,2.3,29.8,0.6
lid_p2,30,Al6061_lid30_p2,E5EDCE94-46C8-449C-9FA0-71F22978959A,8,198,2025-07-31 12:40:18.895183,20,0.000668021023912,259,1,27,30.0005,AUTO,7,ARMED,100,20.61667,5,2755858.422,30,000473_A_A_PROGRAM_2.NC,48,100,0,3,100,12000.0,765806.986000001,4,360.179438365814,10,252.210511050235,26,-344.19506159419,3741.0,31.070000000000004,UNAVAILABLE,53.55133333333333,59.97,7606F116-3463-4EEF-96CC-1AC408FAA001,0.8833333333333333,E5EDCE94-46C8-449C-9FA0-71F22978959A,1.7619999999999998,7500.0,1900.0,3.9,36.8,0.5,131.79999999999998,400.0,100.0,3.7,23.3,0.1,500.0,200.0,3.4,23.1,0.1,3600.0,1100.0,3.2,25.7,0.4,1500.0,400.0,3.4,24.8,0.2,3200.0,800.0,4.2,29.8,0.6
lid_p2,30,Al6061_lid30_p2,E5EDCE94-46C8-449C-9FA0-71F22978959A,8,199,2025-07-31 12:40:19.895392,20,0.000668021023912,260,1,27,30.0005,AUTO,7,ARMED,100,20.61667,5,2755858.422,30,000473_A_A_PROGRAM_2.NC,49,100,0,2,100,12000.0,765806.986000001,2,364.545486084479,10,251.876086725646,26,-345.607052346235,3452.6666666666665,28.77333333333333,UNAVAILABLE,53.55133333333333,59.97,7606F116-3463-4EEF-96CC-1AC408FAA001,0.8866666666666667,E5EDCE94-46C8-449C-9FA0-71F22978959A,1.7619999999999998,6800.0,1800.0,3.9,36.8,0.5,131.9,600.0,100.0,3.8,23.3,0.1,700.0,200.0,3.7,23.1,0.1,5700.0,1300.0,4.3,25.7,0.5,2000.0,600.0,3.6,24.8,0.3,3300.0,700.0,4.8,29.8,0.5
lid_p2,30,Al6061_lid30_p2,E5EDCE94-46C8-449C-9FA0-71F22978959A,8,200,2025-07-31 12:40:20.895599,20,0.000668021023912,262,1,27,30.0005,AUTO,7,ARMED,100,20.61667,5,2755858.422,30,000473_A_A_PROGRAM_2.NC,50,100,0,0,100,12000.0,765806.986000001,9,360.262612788505,4,253.252088996055,26,-347.093535462666,3125.0,26.176666666666662,UNAVAILABLE,53.552666666666674,59.97,7606F116-3463-4EEF-96CC-1AC408FAA001,0.8833333333333333,E5EDCE94-46C8-449C-9FA0-71F22978959A,1.7619999999999998,5300.0,1400.0,3.9,36.8,0.5,131.99999999999997,600.0,200.0,3.4,23.3,0.1,800.0,200.0,3.3,23.1,0.1,3800.0,1200.0,3.1,25.7,0.4,2700.0,600.0,4.3,24.8,0.3,3000.0,700.0,4.4,29.8,0.5
lid_p2,30,Al6061_lid30_p2,E5EDCE94-46C8-449C-9FA0-71F22978959A,8,201,2025-07-31 12:40:21.895807,20,0.000668021023912,264,1,27,30.0005,AUTO,7,ARMED,100,20.61667,5,2755858.422,30,000473_A_A_PROGRAM_2.NC,51,100,0,0,100,12000.0,765806.986000001,10,364.020767059887,3,250.99798992827,32,-347.694566405737,2906.6666666666665,24.53,UNAVAILABLE,53.553,59.97,7606F116-3463-4EEF-96CC-1AC408FAA001,0.8566666666666666,E5EDCE94-46C8-449C-9FA0-71F22978959A,1.7619999999999998,4800.0,1300.0,3.6,36.8,0.5,132.20000000000002,500.0,100.0,3.4,23.3,0.4,700.0,200.0,3.3,23.1,0.1,3200.0,1000.0,3.1,25.7,0.4,2100.0,600.0,3.7,24.8,0.3,1500.0,600.0,2.4,29.8,0.5
lid_p2,30,Al6061_lid30_p2,E5EDCE94-46C8-449C-9FA0-71F22978959A,8,202,2025-07-31 12:40:22.895985,20,0.000668021023912,269,1,27,30.0005,AUTO,7,ARMED,100,20.61667,5,2755858.422,30,000473_A_A_PROGRAM_2.NC,52,100,0,0,100,12000.0,765806.986000001,1,364.603907334461,11,253.050765780297,26,-348.472090471434,1187.3333333333333,10.173333333333334,UNAVAILABLE,53.553666666666665,59.97,7606F116-3463-4EEF-96CC-1AC408FAA001,0.89,E5EDCE94-46C8-449C-9FA0-71F22978959A,1.7619999999999998,5200.0,1400.0,3.8,36.8,0.5,133.1,600.0,200.0,3.4,23.3,0.1,800.0,200.0,3.2,23.1,0.1,4200.0,1100.0,3.7,25.7,0.4,2100.0,600.0,3.4,24.8,0.3,3300.0,700.0,4.7,29.8,0.5
lid_p2,30,Al6061_lid30_p2,E5EDCE94-46C8-449C-9FA0-71F22978959A,8,203,2025-07-31 12:40:23.896201,20,0.000668021023912,271,1,27,30.0005,AUTO,7,ARMED,100,20.61667,5,2755858.422,30,000473_A_A_PROGRAM_2.NC,53,100,0,0,100,12000.0,765806.986000001,9,361.577809450931,5,254.659844297544,26,-349.735142265744,1307.3333333333333,11.27,UNAVAILABLE,53.554,59.97,7606F116-3463-4EEF-96CC-1AC408FAA001,0.8666666666666667,E5EDCE94-46C8-449C-9FA0-71F22978959A,1.7619999999999998,4700.0,1300.0,3.5,36.8,0.5,133.0,600.0,200.0,3.3,23.3,0.1,800.0,200.0,3.7,23.1,0.1,4100.0,1000.0,3.9,25.7,0.4,2600.0,700.0,3.9,24.8,0.3,2800.0,700.0,3.9,29.8,0.6
lid_p2,30,Al6061_lid30_p2,E5EDCE94-46C8-449C-9FA0-71F22978959A,8,204,2025-07-31 12:40:24.896418,20,0.000167897837986,272,1,27,30.0005,AUTO,7,ARMED,100,20.61667,5,2755858.422,30,000473_A_A_PROGRAM_2.NC,54,100,0,1,100,12000.0,765806.986000001,10,363.236177593854,6,250.469506804293,27,-351.221224885593,1307.3333333333333,11.27,UNAVAILABLE,53.554,59.97,7606F116-3463-4EEF-96CC-1AC408FAA001,0.8666666666666667,E5EDCE94-46C8-449C-9FA0-71F22978959A,1.7619999999999998,5300.0,1400.0,3.7,36.7,0.5,133.0,700.0,200.0,3.3,23.3,0.1,800.0,200.0,3.6,23.1,0.1,3700.0,1000.0,3.9,25.7,0.3,3500.0,700.0,4.8,24.8,0.3,3200.0,700.0,4.5,29.8,0.6
lid_p2,30,Al6061_lid30_p2,E5EDCE94-46C8-449C-9FA0-71F22978959A,8,205,2025-07-31 12:40:25.896631,20,0.000668021023912,274,1,27,30.0005,AUTO,7,ARMED,100,20.61667,5,2755858.422,30,000473_A_A_PROGRAM_2.NC,55,100,0,0,100,12000.0,765806.986000001,8,360.706920674847,3,254.038408858186,31,-352.457214553671,1304.6666666666667,11.25,UNAVAILABLE,53.55466666666666,59.97,7606F116-3463-4EEF-96CC-1AC408FAA001,0.8666666666666667,E5EDCE94-46C8-449C-9FA0-71F22978959A,1.7619999999999998,5600.0,1400.0,4.0,36.7,0.5,132.99999999999997,600.0,200.0,3.6,23.3,0.1,900.0,200.0,3.7,23.1,0.1,4300.0,1100.0,3.9,25.7,0.4,3900.0,700.0,5.2,24.8,0.3,1700.0,700.0,2.7,29.8,0.5
lid_p2,30,Al6061_lid30_p2,E5EDCE94-46C8-449C-9FA0-71F22978959A,8,206,2025-07-31 12:40:26.896779,20,0.000668021023912,278,1,27,30.0005,AUTO,7,ARMED,100,146.9333,5,2755858.422,30,000473_A_A_PROGRAM_2.NC,56,100,0,0,100,12000.0,765806.986000001,35,363.893074863939,6,252.563696553327,1,-328.199560236016,1326.6666666666667,11.433333333333332,UNAVAILABLE,53.55466666666666,59.98,7606F116-3463-4EEF-96CC-1AC408FAA001,0.8666666666666667,E5EDCE94-46C8-449C-9FA0-71F22978959A,1.7619999999999998,4500.0,1300.0,3.5,36.7,0.5,132.99999999999997,1000.0,200.0,5.3,23.3,0.1,800.0,200.0,3.5,23.1,0.1,2100.0,900.0,2.3,25.7,0.4,8300.0,1000.0,8.2,24.8,0.3,21900.0,3800.0,5.8,29.8,0.6
lid_p2,30,Al6061_lid30_p2,E5EDCE94-46C8-449C-9FA0-71F22978959A,8,207,2025-07-31 12:40:27.896986,20,0.000668021023912,283,1,27,30.0005,AUTO,7,ARMED,100,20.61667,5,2755858.422,30,000473_A_A_PROGRAM_2.NC,57,100,0,0,100,12000.0,765806.986000001,1,398.560284422562,11,250.314875709204,26,-343.438294694238,1326.6666666666667,11.433333333333332,UNAVAILABLE,53.55466666666666,59.98,7606F116-3463-4EEF-96CC-1AC408FAA001,0.8666666666666667,E5EDCE94-46C8-449C-9FA0-71F22978959A,1.7619999999999998,4100.0,1300.0,3.2,36.7,0.5,132.99999999999997,400.0,100.0,3.2,23.3,0.2,700.0,200.0,3.2,23.1,0.1,3900.0,1000.0,3.7,25.7,0.4,1900.0,500.0,3.7,24.8,0.3,2800.0,700.0,4.1,29.8,0.5
lid_p2,30,Al6061_lid30_p2,E5EDCE94-46C8-449C-9FA0-71F22978959A,8,208,2025-07-31 12:40:28.897210,20,0.000668021023912,284,1,27,30.0005,AUTO,7,ARMED,100,20.61667,5,2755858.422,30,000473_A_A_PROGRAM_2.NC,58,100,0,0,100,12000.0,765806.986000001,0,399.282309180811,9,254.635314718105,27,-344.850216789726,1173.0,10.056666666666668,UNAVAILABLE,53.55566666666667,59.98,7606F116-3463-4EEF-96CC-1AC408FAA001,0.8533333333333334,E5EDCE94-46C8-449C-9FA0-71F22978959A,1.7619999999999998,22700.0,4600.0,5.0,36.7,0.5,133.13333333333333,500.0,200.0,3.3,23.2,0.2,3000.0,700.0,4.6,23.1,0.1,5300.0,1200.0,4.5,25.7,0.4,12900.0,3200.0,4.0,24.8,0.3,5100.0,1400.0,3.5,29.8,0.5
lid_p2,30,Al6061_lid30_p2,E5EDCE94-46C8-449C-9FA0-71F22978959A,8,209,2025-07-31 12:40:29.897409,20,0.000668021023912,286,1,27,30.0005,AUTO,7,ARMED,100,20.61667,5,2755858.422,30,000473_A_A_PROGRAM_2.NC,59,100,0,0,100,12000.0,765806.986000001,8,396.212384117413,3,252.053132816857,27,-346.187554978751,1177.0,10.073333333333334,UNAVAILABLE,53.55566666666667,59.98,7606F116-3463-4EEF-96CC-1AC408FAA001,0.8666666666666667,E5EDCE94-46C8-449C-9FA0-71F22978959A,1.7619999999999998,5000.0,1400.0,3.6,36.7,0.5,133.1,700.0,200.0,3.8,23.2,0.2,800.0,200.0,3.5,23.1,0.1,3700.0,1100.0,3.3,25.7,0.4,2800.0,600.0,4.3,24.8,0.3,3200.0,700.0,4.7,29.8,0.5
lid_p2,30,Al6061_lid30_p2,E5EDCE94-46C8-449C-9FA0-71F22978959A,8,210,2025-07-31 12:40:30.897570,20,0.000668021023912,288,1,27,30.0005,AUTO,7,ARMED,100,20.61667,5,2755858.422,30,000473_A_A_PROGRAM_2.NC,0,100,0,1,100,12000.0,765806.986000001,6,400.590313809762,13,252.02987096601,26,-347.60060990743,1270.3333333333333,10.933333333333332,UNAVAILABLE,53.55566666666667,59.97,7606F116-3463-4EEF-96CC-1AC408FAA001,0.88,E5EDCE94-46C8-449C-9FA0-71F22978959A,1.7619999999999998,4600.0,1300.0,3.4,36.7,0.5,133.06666666666666,600.0,200.0,3.4,23.2,0.1,700.0,200.0,3.2,23.1,0.1,4500.0,1100.0,4.0,25.7,0.4,2100.0,600.0,3.3,24.8,0.3,2200.0,600.0,3.4,29.8,0.5
lid_p2,30,Al6061_lid30_p2,E5EDCE94-46C8-449C-9FA0-71F22978959A,8,211,2025-07-31 12:40:31.897772,20,0.000668021023912,292,1,27,30.0005,AUTO,7,ARMED,100,19.01667,5,2755858.422,30,000473_A_A_PROGRAM_2.NC,1,100,0,0,100,12000.0,765806.986000001,19,399.487058104922,9,253.937491340675,32,-347.694646505054,1305.6666666666667,11.253333333333332,UNAVAILABLE,53.557,59.98,7606F116-3463-4EEF-96CC-1AC408FAA001,0.8666666666666667,E5EDCE94-46C8-449C-9FA0-71F22978959A,1.7619999999999998,8300.0,1400.0,5.7,36.7,0.5,133.1,500.0,200.0,3.2,23.2,0.2,1000.0,200.0,4.2,23.1,0.1,3700.0,1200.0,3.2,25.7,0.4,2400.0,600.0,4.2,24.8,0.3,2800.0,700.0,4.0,29.8,0.5
lid_p2,30,Al6061_lid30_p2,E5EDCE94-46C8-449C-9FA0-71F22978959A,8,212,2025-07-31 12:40:32.897988,20,0.000668021023912,295,1,27,30.0005,AUTO,7,ARMED,100,20.61667,5,2755858.422,30,000473_A_A_PROGRAM_2.NC,2,100,0,0,100,12000.0,765806.986000001,9,396.354278106061,10,251.638984991979,25,-349.148082932031,1183.3333333333333,10.146666666666668,UNAVAILABLE,53.55733333333333,59.98,7606F116-3463-4EEF-96CC-1AC408FAA001,0.8533333333333334,E5EDCE94-46C8-449C-9FA0-71F22978959A,1.7619999999999998,4800.0,1400.0,3.5,36.7,0.5,133.16666666666666,600.0,200.0,3.3,23.2,0.2,900.0,200.0,3.6,23.1,0.1,3600.0,1200.0,3.0,25.7,0.5,2300.0,600.0,3.6,24.8,0.3,2700.0,700.0,4.0,29.8,0.5
lid_p2,30,Al6061_lid30_p2,E5EDCE94-46C8-449C-9FA0-71F22978959A,8,213,2025-07-31 12:40:33.898185,20,0.000668021023912,296,1,27,30.0005,AUTO,7,ARMED,100,20.61667,5,2755858.422,30,000473_A_A_PROGRAM_2.NC,3,100,0,0,100,12000.0,765806.986000001,9,398.863804211108,5,254.765916524148,27,-350.633971024968,1296.0,11.170000000000002,UNAVAILABLE,53.55733333333333,59.98,7606F116-3463-4EEF-96CC-1AC408FAA001,0.8733333333333334,E5EDCE94-46C8-449C-9FA0-71F22978959A,1.7619999999999998,4800.0,1400.0,3.4,36.7,0.5,133.1,600.0,200.0,3.4,23.2,0.1,700.0,200.0,3.0,23.1,0.1,5200.0,1000.0,5.2,25.7,0.3,3000.0,700.0,4.3,24.8,0.3,3200.0,700.0,4.7,29.8,0.5
lid_p2,30,Al6061_lid30_p2,E5EDCE94-46C8-449C-9FA0-71F22978959A,8,214,2025-07-31 12:40:34.898345,20,0.000668021023912,298,1,27,30.0005,AUTO,7,ARMED,100,20.61667,5,2755858.422,30,000473_A_A_PROGRAM_2.NC,4,100,0,0,100,12000.0,765806.986000001,11,396.997962709188,6,250.808926962354,28,-352.046316502557,1303.0,11.25,UNAVAILABLE,53.55766666666667,59.98,7606F116-3463-4EEF-96CC-1AC408FAA001,0.8633333333333333,E5EDCE94-46C8-449C-9FA0-71F22978959A,1.7619999999999998,5200.0,1500.0,3.5,36.7,0.5,133.1,800.0,200.0,3.7,23.2,0.2,900.0,300.0,3.4,23.1,0.1,3900.0,1200.0,3.2,25.7,0.5,3300.0,800.0,4.2,24.8,0.3,2800.0,700.0,4.0,29.8,0.5
lid_p2,30,Al6061_lid30_p2,E5EDCE94-46C8-449C-9FA0-71F22978959A,8,215,2025-07-31 12:40:35.898517,20,0.000668021023912,300,1,27,30.0005,AUTO,7,ARMED,100,20.61667,5,2755858.422,30,000473_A_A_PROGRAM_2.NC,5,100,0,0,100,12000.0,765806.986000001,4,399.669330493056,11,250.701155903374,32,-352.457088683316,1319.3333333333333,11.31,UNAVAILABLE,53.55833333333334,59.98,7606F116-3463-4EEF-96CC-1AC408FAA001,0.8700000000000001,E5EDCE94-46C8-449C-9FA0-71F22978959A,1.7619999999999998,5200.0,1300.0,3.9,36.7,0.5,133.06666666666666,500.0,100.0,3.2,23.2,0.5,700.0,200.0,3.2,23.1,0.1,3100.0,1000.0,3.0,25.7,0.4,2100.0,600.0,3.6,24.8,0.3,4000.0,700.0,5.5,29.8,0.5
