program,run,source_file,operation,segment_id,sample_index,Time,A_Axis_Load,A_Position,Block_Number,COR_Status,C_Axis_Load,C_Position,Controller_Mode,Current_Tool,EStop_State,Feed_Override,Feed_Rate,Machine_Mode,Machine_Time,Part_Count,Program_Name_Running,Program_Runtime_Seconds,Rapid_Override,Rapid_Speed,S_Axis_Load,Spindle_Override,Spindle_Speed,Spindle_Time,X_Axis_Load,X_Position,Y_Axis_Load,Y_Position,Z_Axis_Load,Z_Position,active power,current,featureId,forward kWh,frequency,partKindId,power factor,processKindId,reverse kWh,spindle motor a_peak,spindle motor a_rms,spindle motor crest,spindle motor temp,spindle motor v_rms,voltage,x-axis motor a_peak,x-axis motor a_rms,x-axis motor crest,x-axis motor temp,x-axis motor v_rms,y-axis bearing a_peak,y-axis bearing a_rms,y-axis bearing crest,y-axis bearing temp,y-axis bearing v_rms,y-axis motor a_peak,y-axis motor a_rms,y-axis motor crest,y-axis motor temp,y-axis motor v_rms,z-axis bearing a_peak,z-axis bearing a_rms,z-axis bearing crest,z-axis bearing temp,z-axis bearing v_rms,z-axis motor a_peak,z-axis motor a_rms,z-axis motor crest,z-axis motor temp,z-axis motor v_rms
body_p1,01,Al6061_body01_p1,962A9D60-A315-4D3B-BF12-FDAA9EFBF2AF,6,614,2025-07-10 11:22:26.110418,21,0.0001678978379824,4,1,8,30.0005,AUTO,4,ARMED,100,0.0,5,2568153.967,1,O9735.FNC,45,100,0,1,100,6420.0,681139.755,5,338.038392492454,5,266.89561075946,37,-280.966857419528,926.6666666666666,8.096666666666666,NONE,11.121666666666664,60.01,072B393C-87F5-4183-9ABC-0870E4B4F53B,0.7966666666666665,962A9D60-A315-4D3B-BF12-FDAA9EFBF2AF,0.1466666666666667,2600.0,700.0,3.6,25.3,0.3,133.23333333333332,500.0,100.0,5.7,23.1,0.4,300.0,100.0,3.7,21.3,0.1,7000.0,600.0,11.7,24.2,0.1,600.0,200.0,4.0,22.2,0.1,800.0,300.0,3.0,24.7,0.2
body_p1,01,Al6061_body01_p1,962A9D60-A315-4D3B-BF12-FDAA9EFBF2AF,6,615,2025-07-10 11:22:27.110717,21,0.0001678978379824,2408,1,8,30.0005,AUTO,4,ARMED,100,71.71667,5,2568153.967,1,000454_D_A_PROGRAM_1.NC,46,100,0,2,100,6420.0,681139.755,5,342.719700008405,6,290.647154189784,38,-316.585515666392,892.3333333333334,7.713333333333332,NONE,11.121666666666664,60.01,072B393C-87F5-4183-9ABC-0870E4B4F53B,0.8166666666666668,962A9D60-A315-4D3B-BF12-FDAA9EFBF2AF,0.1466666666666667,3200.0,700.0,4.4,25.3,0.2,133.23333333333335,400.0,100.0,4.6,23.1,0.1,300.0,100.0,3.7,21.3,0.1,1100.0,400.0,3.0,24.2,0.2,900.0,200.0,5.1,22.2,0.1,2400.0,500.0,4.8,24.7,0.2
body_p1,01,Al6061_body01_p1,962A9D60-A315-4D3B-BF12-FDAA9EFBF2AF,6,616,2025-07-10 11:22:28.111029,21,0.0001678978379824,2412,1,8,30.0005,AUTO,4,ARMED,100,379.9167,5,2568153.967,1,000454_D_A_PROGRAM_1.NC,47,100,0,0,100,6420.0,681139.755,77,408.675442262887,5,290.647085524449,40,-283.506834291537,859.0,7.393333333333333,NONE,11.122333333333332,60.01,072B393C-87F5-4183-9ABC-0870E4B4F53B,0.8099999999999999,962A9D60-A315-4D3B-BF12-FDAA9EFBF2AF,0.1466666666666667,2900.0,700.0,4.0,25.3,0.2,133.23333333333332,600.0,100.0,6.6,23.1,0.1,1300.0,200.0,7.5,21.3,0.1,1500.0,300.0,4.4,24.2,0.1,7700.0,1100.0,6.7,22.2,0.1,19500.0,3600.0,5.4,24.7,0.4
body_p1,01,Al6061_body01_p1,962A9D60-A315-4D3B-BF12-FDAA9EFBF2AF,6,617,2025-07-10 11:22:29.111294,21,0.0001678978379824,2415,1,8,30.0005,AUTO,4,ARMED,100,10.88333,5,2568153.967,1,000454_D_A_PROGRAM_1.NC,48,100,0,2,100,6420.0,681139.755,5,418.721504715769,5,290.647096968672,38,-299.956569041443,1089.3333333333333,11.216666666666669,NONE,11.122666666666667,60.01,072B393C-87F5-4183-9ABC-0870E4B4F53B,0.7266666666666667,962A9D60-A315-4D3B-BF12-FDAA9EFBF2AF,0.1466666666666667,3000.0,800.0,3.9,25.3,0.3,133.1,800.0,200.0,4.8,23.1,0.3,4900.0,500.0,9.4,21.3,0.1,34700.0,5900.0,5.9,24.2,0.3,12700.0,1500.0,8.3,22.2,0.1,34000.0,5700.0,5.9,24.7,0.4
body_p1,01,Al6061_body01_p1,962A9D60-A315-4D3B-BF12-FDAA9EFBF2AF,6,618,2025-07-10 11:22:30.111578,21,0.0001678978379824,2419,1,8,30.0005,AUTO,4,ARMED,100,13.15,5,2568153.967,1,000454_D_A_PROGRAM_1.NC,49,100,0,2,100,6420.0,681139.755,5,418.721504715769,5,214.645117218257,26,-316.249047881147,1093.0,7.753333333333333,NONE,11.122666666666667,60.01,072B393C-87F5-4183-9ABC-0870E4B4F53B,1.0,962A9D60-A315-4D3B-BF12-FDAA9EFBF2AF,0.1466666666666667,2800.0,700.0,4.2,25.4,0.3,133.23333333333332,400.0,100.0,4.0,23.1,0.1,400.0,100.0,4.3,21.3,0.1,1300.0,400.0,3.1,24.2,0.2,700.0,200.0,4.5,22.2,0.1,7200.0,500.0,13.1,24.7,0.2
body_p1,01,Al6061_body01_p1,962A9D60-A315-4D3B-BF12-FDAA9EFBF2AF,6,619,2025-07-10 11:22:31.111866,21,0.0001678978379824,2422,1,8,30.0005,AUTO,4,ARMED,100,284.3167,5,2568153.967,1,000454_D_A_PROGRAM_1.NC,50,100,0,0,100,6420.0,681139.755,95,375.840637344294,5,214.645197322052,40,-283.506788520209,885.0,7.689999999999999,NONE,11.122666666666667,60.01,072B393C-87F5-4183-9ABC-0870E4B4F53B,0.8133333333333334,962A9D60-A315-4D3B-BF12-FDAA9EFBF2AF,0.1466666666666667,3300.0,700.0,4.8,25.4,0.2,133.23333333333332,500.0,100.0,6.0,23.1,0.1,1700.0,300.0,6.8,21.3,0.1,1500.0,400.0,3.9,24.2,0.1,8000.0,1100.0,7.0,22.2,0.1,20600.0,3700.0,5.6,24.7,0.4
body_p1,01,Al6061_body01_p1,962A9D60-A315-4D3B-BF12-FDAA9EFBF2AF,6,620,2025-07-10 11:22:32.112124,21,0.0001678978379824,2425,1,8,30.0005,AUTO,4,ARMED,100,18.91667,5,2568153.967,1,000454_D_A_PROGRAM_1.NC,51,100,0,2,100,6420.0,681139.755,5,342.719722805219,5,214.645197322052,32,-322.353903668833,1182.6666666666667,10.953333333333331,NONE,11.123333333333331,60.01,072B393C-87F5-4183-9ABC-0870E4B4F53B,0.6933333333333334,962A9D60-A315-4D3B-BF12-FDAA9EFBF2AF,0.1466666666666667,3200.0,700.0,4.3,25.4,0.3,133.1,300.0,100.0,4.7,23.1,0.1,800.0,100.0,6.6,21.3,0.1,1300.0,400.0,3.5,24.2,0.1,9700.0,1500.0,6.6,22.2,0.1,35500.0,5700.0,6.2,24.7,0.4
body_p1,02,Al6061_body02_p1,962A9D60-A315-4D3B-BF12-FDAA9EFBF2AF,7,616,2025-07-10 11:41:22.847135,21,0.0001678978379824,2409,1,8,30.001,AUTO,4,ARMED,100,19.55,5,2569234.295,2,000454_D_A_PROGRAM_1.NC,55,100,0,1,100,6420.0,681860.468000002,6,342.719734340506,7,290.647188522451,66,-314.300097854897,873.0,7.466666666666666,NONE,11.486666666666665,59.97,072B393C-87F5-4183-9ABC-0870E4B4F53B,0.8566666666666668,962A9D60-A315-4D3B-BF12-FDAA9EFBF2AF,0.1643333333333333,3000.0,700.0,4.1,28.7,0.2,133.0666666666667,400.0,100.0,4.0,23.4,0.1,300.0,100.0,3.5,21.8,0.1,1100.0,400.0,2.8,24.7,0.2,4200.0,400.0,11.0,22.7,0.1,6300.0,600.0,11.1,25.6,0.2
body_p1,02,Al6061_body02_p1,962A9D60-A315-4D3B-BF12-FDAA9EFBF2AF,7,617,2025-07-10 11:41:23.847254,21,0.0001678978379824,2412,1,8,30.001,AUTO,4,ARMED,100,286.1,5,2569234.295,2,000454_D_A_PROGRAM_1.NC,56,100,0,0,100,6420.0,681860.468000002,89,403.209481361156,5,290.647085524449,40,-283.506811405873,937.6666666666666,8.200000000000001,NONE,11.487666666666668,59.97,072B393C-87F5-4183-9ABC-0870E4B4F53B,0.8433333333333334,962A9D60-A315-4D3B-BF12-FDAA9EFBF2AF,0.1643333333333333,2800.0,700.0,3.9,28.7,0.2,132.96666666666667,1000.0,100.0,7.7,23.4,0.1,1100.0,200.0,5.6,21.8,0.1,1500.0,400.0,3.9,24.7,0.1,8800.0,1000.0,8.7,22.7,0.1,19600.0,3500.0,5.5,25.6,0.4
body_p1,02,Al6061_body02_p1,962A9D60-A315-4D3B-BF12-FDAA9EFBF2AF,7,618,2025-07-10 11:41:24.847407,21,0.0001678978379824,2415,1,8,30.001,AUTO,4,ARMED,100,20.53333,5,2569234.295,2,000454_D_A_PROGRAM_1.NC,56,100,0,1,100,6420.0,681860.468000002,6,418.721481823874,5,290.647096968672,24,-322.477893949356,1221.0,11.396666666666668,NONE,11.488,59.97,072B393C-87F5-4183-9ABC-0870E4B4F53B,0.93,962A9D60-A315-4D3B-BF12-FDAA9EFBF2AF,0.1643333333333333,3200.0,800.0,4.1,28.7,0.3,132.83333333333334,600.0,100.0,4.6,23.4,0.3,2200.0,300.0,8.3,21.8,0.1,27300.0,3400.0,7.9,24.7,0.2,12700.0,1500.0,8.3,22.7,0.1,33500.0,5700.0,5.9,25.6,0.4
body_p1,02,Al6061_body02_p1,962A9D60-A315-4D3B-BF12-FDAA9EFBF2AF,7,619,2025-07-10 11:41:25.847586,21,0.0001678978379824,2418,1,8,30.001,AUTO,4,ARMED,100,9.85,5,2569234.295,2,000454_D_A_PROGRAM_1.NC,58,100,0,0,100,6420.0,681860.468000002,5,418.721493269822,6,214.645105774858,20,-315.867599484992,906.6666666666666,7.863333333333332,NONE,11.488,59.97,072B393C-87F5-4183-9ABC-0870E4B4F53B,1.0,962A9D60-A315-4D3B-BF12-FDAA9EFBF2AF,0.1643333333333333,2800.0,700.0,4.3,28.7,0.3,133.0,400.0,100.0,4.1,23.4,0.1,300.0,100.0,3.6,21.8,0.1,1300.0,400.0,3.1,24.7,0.2,3200.0,300.0,11.2,22.7,0.1,2700.0,500.0,5.6,25.6,0.2
body_p1,02,Al6061_body02_p1,962A9D60-A315-4D3B-BF12-FDAA9EFBF2AF,7,620,2025-07-10 11:41:26.847904,21,0.0001678978379824,2422,1,8,30.001,AUTO,4,ARMED,100,110.7167,5,2569234.295,2,000454_D_A_PROGRAM_1.NC,59,100,0,2,100,6420.0,681860.468000002,63,349.390964676972,5,214.645220208851,39,-283.506845734369,893.6666666666666,7.846666666666667,NONE,11.488,59.97,072B393C-87F5-4183-9ABC-0870E4B4F53B,0.8166666666666668,962A9D60-A315-4D3B-BF12-FDAA9EFBF2AF,0.1643333333333333,3100.0,700.0,4.4,28.7,0.2,132.9333333333333,700.0,100.0,6.7,23.4,0.1,1600.0,300.0,6.1,21.8,0.1,1600.0,400.0,3.6,24.7,0.1,8500.0,1100.0,7.6,22.7,0.1,18800.0,3600.0,5.2,25.6,0.4
body_p1,02,Al6061_body02_p1,962A9D60-A315-4D3B-BF12-FDAA9EFBF2AF,7,621,2025-07-10 11:41:27.848208,21,0.0001678978379824,2425,1,8,30.001,AUTO,4,ARMED,100,39.4,5,2569234.295,2,000454_D_A_PROGRAM_1.NC,0,100,0,0,100,6420.0,681860.468000002,5,342.719688473709,5,214.645197322052,24,-323.256963923485,1184.0,11.013333333333334,NONE,11.488666666666669,59.97,072B393C-87F5-4183-9ABC-0870E4B4F53B,0.6933333333333334,962A9D60-A315-4D3B-BF12-FDAA9EFBF2AF,0.1643333333333333,3300.0,800.0,4.3,28.7,0.3,132.83333333333334,300.0,100.0,4.6,23.4,0.1,700.0,100.0,5.5,21.8,0.1,1500.0,400.0,3.5,24.7,0.2,11700.0,1500.0,7.7,22.7,0.1,32300.0,5700.0,5.7,25.6,0.4
body_p1,03,Al6061_body03_p1,962A9D60-A315-4D3B-BF12-FDAA9EFBF2AF,6,608,2025-07-10 12:00:08.687880,21,0.0001678978379824,25,1,8,30.001,AUTO,4,ARMED,100,0.0,5,2570676.202,3,O9735.FNC,47,100,0,2,100,6420.0,682941.890000002,5,338.038403936291,5,266.895599315208,37,-280.966880305192,998.0,8.806666666666667,NONE,11.849333333333334,60.02,072B393C-87F5-4183-9ABC-0870E4B4F53B,0.8533333333333334,962A9D60-A315-4D3B-BF12-FDAA9EFBF2AF,0.1823333333333333,2600.0,700.0,3.5,31.3,0.3,133.1,400.0,100.0,5.1,23.7,0.4,300.0,100.0,3.8,22.1,0.1,7600.0,700.0,10.3,25.3,0.2,800.0,200.0,4.8,23.0,0.1,900.0,300.0,3.1,27.2,0.2
body_p1,03,Al6061_body03_p1,962A9D60-A315-4D3B-BF12-FDAA9EFBF2AF,6,609,2025-07-10 12:00:09.688033,21,0.0001678978379824,2409,1,8,30.001,AUTO,4,ARMED,100,12.41667,5,2570676.202,3,000454_D_A_PROGRAM_1.NC,48,100,0,3,100,6420.0,682941.890000002,5,342.719711452439,6,290.647177078229,12,-315.598436699333,929.3333333333334,8.1,NONE,11.85,60.02,072B393C-87F5-4183-9ABC-0870E4B4F53B,0.8933333333333332,962A9D60-A315-4D3B-BF12-FDAA9EFBF2AF,0.1823333333333333,2600.0,700.0,3.6,31.3,0.3,133.16666666666666,300.0,100.0,3.7,23.7,0.1,400.0,100.0,4.4,22.1,0.1,1200.0,400.0,2.9,25.3,0.2,900.0,200.0,4.6,23.0,0.1,2200.0,500.0,4.6,27.2,0.2
body_p1,03,Al6061_body03_p1,962A9D60-A315-4D3B-BF12-FDAA9EFBF2AF,6,610,2025-07-10 12:00:10.688185,21,0.0001678978379824,2412,1,8,30.001,AUTO,4,ARMED,100,380.05,5,2570676.202,3,000454_D_A_PROGRAM_1.NC,49,100,0,2,100,6420.0,682941.890000002,42,408.990377511983,6,290.647085524449,39,-283.506822848705,915.0,7.923333333333333,NONE,11.850666666666667,60.02,072B393C-87F5-4183-9ABC-0870E4B4F53B,0.8099999999999999,962A9D60-A315-4D3B-BF12-FDAA9EFBF2AF,0.1823333333333333,2700.0,700.0,3.7,31.3,0.2,133.16666666666666,400.0,100.0,5.6,23.7,0.1,1200.0,200.0,7.0,22.1,0.1,1300.0,400.0,3.5,25.3,0.2,9400.0,1100.0,8.6,23.0,0.1,20100.0,3500.0,5.7,27.2,0.4
body_p1,03,Al6061_body03_p1,962A9D60-A315-4D3B-BF12-FDAA9EFBF2AF,6,611,2025-07-10 12:00:11.688396,21,0.0001678978379824,2416,1,8,30.001,AUTO,4,ARMED,100,208.8667,5,2570676.202,3,000454_D_A_PROGRAM_1.NC,50,100,0,2,100,6420.0,682941.890000002,5,418.721504715769,6,290.647096968672,91,-312.398259940303,1089.0,11.393333333333333,NONE,11.851,60.02,072B393C-87F5-4183-9ABC-0870E4B4F53B,0.7166666666666667,962A9D60-A315-4D3B-BF12-FDAA9EFBF2AF,0.1823333333333333,3000.0,800.0,3.9,31.3,0.3,133.0,600.0,100.0,4.4,23.7,0.3,2200.0,400.0,6.1,22.1,0.1,35300.0,5200.0,6.8,25.3,0.2,11700.0,1500.0,7.9,23.0,0.1,33700.0,5800.0,5.8,27.2,0.4
body_p1,03,Al6061_body03_p1,962A9D60-A315-4D3B-BF12-FDAA9EFBF2AF,6,612,2025-07-10 12:00:12.688547,21,0.0001678978379824,2419,1,8,30.001,AUTO,4,ARMED,100,19.55,5,2570676.202,3,000454_D_A_PROGRAM_1.NC,51,100,0,2,100,6420.0,682941.890000002,5,418.721493269822,6,214.645140105055,26,-318.278061335159,1077.0,10.056666666666668,NONE,11.851,60.02,072B393C-87F5-4183-9ABC-0870E4B4F53B,0.9866666666666668,962A9D60-A315-4D3B-BF12-FDAA9EFBF2AF,0.1823333333333333,2800.0,700.0,3.8,31.3,0.3,133.13333333333333,400.0,100.0,4.3,23.7,0.1,300.0,100.0,3.7,22.1,0.1,1600.0,500.0,3.3,25.3,0.2,1200.0,200.0,6.3,23.0,0.1,1900.0,500.0,4.1,27.2,0.2
body_p1,03,Al6061_body03_p1,962A9D60-A315-4D3B-BF12-FDAA9EFBF2AF,6,613,2025-07-10 12:00:13.688696,21,0.0001678978379824,2422,1,8,30.001,AUTO,4,ARMED,100,283.6333,5,2570676.202,3,000454_D_A_PROGRAM_1.NC,52,100,0,1,100,6420.0,682941.890000002,19,342.863880817173,5,214.645208765451,39,-284.321803909449,869.3333333333334,7.883333333333333,NONE,11.851333333333336,60.02,072B393C-87F5-4183-9ABC-0870E4B4F53B,0.82,962A9D60-A315-4D3B-BF12-FDAA9EFBF2AF,0.1823333333333333,2900.0,700.0,4.1,31.3,0.2,133.20000000000002,500.0,100.0,7.4,23.7,0.1,1500.0,200.0,6.2,22.1,0.1,1700.0,400.0,3.9,25.3,0.2,7700.0,1100.0,6.9,23.0,0.1,19800.0,3500.0,5.6,27.2,0.4
body_p1,03,Al6061_body03_p1,962A9D60-A315-4D3B-BF12-FDAA9EFBF2AF,6,614,2025-07-10 12:00:14.688904,21,0.0001678978379824,2425,1,8,30.001,AUTO,4,ARMED,100,19.1,5,2570676.202,3,000454_D_A_PROGRAM_1.NC,53,100,0,0,100,6420.0,682941.890000002,5,342.719711361382,5,214.645197322052,24,-322.305273298566,1037.3333333333333,10.883333333333333,NONE,11.851333333333336,60.02,072B393C-87F5-4183-9ABC-0870E4B4F53B,0.71,962A9D60-A315-4D3B-BF12-FDAA9EFBF2AF,0.1823333333333333,3100.0,800.0,4.0,31.3,0.3,133.1,300.0,100.0,4.1,23.7,0.1,700.0,100.0,6.0,22.1,0.1,1400.0,400.0,3.2,25.3,0.2,10500.0,1500.0,7.0,22.9,0.1,33700.0,5800.0,5.8,27.2,0.4
body_p1,04,Al6061_body04_p1,962A9D60-A315-4D3B-BF12-FDAA9EFBF2AF,6,610,2025-07-10 13:34:23.587571,21,0.0001678978379824,28,1,8,30.0005,AUTO,4,ARMED,100,0.0,5,2574998.991,4,O9735.FNC,59,100,0,2,100,6420.0,684383.587999999,5,338.038403936291,5,266.895599315208,37,-280.966891748024,899.0,7.8,NONE,12.775,59.98,072B393C-87F5-4183-9ABC-0870E4B4F53B,0.9233333333333332,962A9D60-A315-4D3B-BF12-FDAA9EFBF2AF,0.2016666666666666,2400.0,600.0,3.8,27.9,0.2,131.79999999999998,400.0,100.0,3.8,22.8,1.2,1600.0,200.0,8.1,22.0,0.1,14400.0,2200.0,6.5,25.0,0.1,600.0,200.0,3.7,22.8,0.1,800.0,200.0,3.3,26.4,0.2
body_p1,04,Al6061_body04_p1,962A9D60-A315-4D3B-BF12-FDAA9EFBF2AF,6,611,2025-07-10 13:34:24.587902,21,0.0001678978379824,2409,1,8,30.0005,AUTO,4,ARMED,100,19.55,5,2574998.991,4,000454_D_A_PROGRAM_1.NC,0,100,0,0,100,6420.0,684383.587999999,5,342.719688564372,6,290.647119857117,25,-318.790423791201,931.0,8.16,NONE,12.775666666666666,59.98,072B393C-87F5-4183-9ABC-0870E4B4F53B,0.93,962A9D60-A315-4D3B-BF12-FDAA9EFBF2AF,0.2016666666666666,2400.0,600.0,3.8,27.9,0.2,131.83333333333334,400.0,100.0,4.5,22.8,0.1,500.0,100.0,4.8,22.0,0.1,900.0,300.0,3.1,25.0,0.1,1600.0,200.0,7.8,22.8,0.1,3200.0,600.0,5.2,26.4,0.2
body_p1,04,Al6061_body04_p1,962A9D60-A315-4D3B-BF12-FDAA9EFBF2AF,6,612,2025-07-10 13:34:25.588228,21,0.0001678978379824,2413,1,8,30.0005,AUTO,4,ARMED,100,55.63333,5,2574998.991,4,000454_D_A_PROGRAM_1.NC,0,100,0,2,100,6420.0,684383.587999999,67,418.719295647876,5,290.647108412894,39,-292.946758472393,1114.3333333333333,10.546666666666669,NONE,12.776000000000002,59.98,072B393C-87F5-4183-9ABC-0870E4B4F53B,1.0,962A9D60-A315-4D3B-BF12-FDAA9EFBF2AF,0.2016666666666666,2400.0,600.0,4.2,27.9,0.2,131.70000000000002,300.0,100.0,4.0,22.8,0.1,600.0,100.0,5.4,22.0,0.1,1300.0,300.0,4.6,25.0,0.1,8000.0,1000.0,7.7,22.8,0.1,18700.0,3500.0,5.3,26.4,0.4
body_p1,04,Al6061_body04_p1,962A9D60-A315-4D3B-BF12-FDAA9EFBF2AF,6,613,2025-07-10 13:34:26.588515,21,0.0001678978379824,2416,1,8,30.0005,AUTO,4,ARMED,100,179.0167,5,2574998.991,4,000454_D_A_PROGRAM_1.NC,1,100,0,0,100,6420.0,684383.587999999,5,418.721493269822,5,290.647096968672,98,-297.527427440629,840.3333333333334,7.206666666666666,NONE,12.776000000000002,59.98,072B393C-87F5-4183-9ABC-0870E4B4F53B,0.8666666666666667,962A9D60-A315-4D3B-BF12-FDAA9EFBF2AF,0.2016666666666666,4200.0,700.0,6.0,27.9,0.2,131.83333333333334,600.0,100.0,5.0,22.8,0.5,4200.0,600.0,6.7,22.0,0.1,33800.0,6100.0,5.5,25.0,0.2,12100.0,1500.0,8.0,22.8,0.1,32700.0,5500.0,5.9,26.4,0.5
body_p1,04,Al6061_body04_p1,962A9D60-A315-4D3B-BF12-FDAA9EFBF2AF,6,614,2025-07-10 13:34:27.588840,21,0.0001678978379824,2419,1,8,30.0005,AUTO,4,ARMED,100,19.55,5,2574998.991,4,000454_D_A_PROGRAM_1.NC,2,100,0,2,100,6420.0,684383.587999999,5,418.721481823874,5,214.645162991854,26,-320.473483597224,987.0,8.94,NONE,12.776333333333334,59.98,072B393C-87F5-4183-9ABC-0870E4B4F53B,0.6733333333333333,962A9D60-A315-4D3B-BF12-FDAA9EFBF2AF,0.2016666666666666,2300.0,600.0,3.6,27.9,0.2,131.79999999999998,400.0,100.0,4.2,22.8,0.1,400.0,100.0,4.4,22.0,0.1,1200.0,400.0,3.3,25.0,0.1,1700.0,200.0,9.3,22.9,0.1,2800.0,600.0,4.6,26.4,0.2
body_p1,04,Al6061_body04_p1,962A9D60-A315-4D3B-BF12-FDAA9EFBF2AF,6,615,2025-07-10 13:34:28.589105,21,0.0001678978379824,2423,1,8,30.0005,AUTO,4,ARMED,100,161.9667,5,2574998.991,4,000454_D_A_PROGRAM_1.NC,4,100,0,1,100,6420.0,684383.587999999,8,344.990271573633,5,214.645208765451,39,-283.531815852212,1146.6666666666667,10.946666666666667,NONE,12.776333333333334,59.98,072B393C-87F5-4183-9ABC-0870E4B4F53B,0.77,962A9D60-A315-4D3B-BF12-FDAA9EFBF2AF,0.2016666666666666,2600.0,600.0,4.3,27.9,0.2,131.70000000000002,200.0,100.0,3.6,22.8,0.1,600.0,100.0,5.6,22.0,0.1,1300.0,400.0,3.5,25.0,0.1,8000.0,1100.0,7.1,22.9,0.1,18900.0,3500.0,5.3,26.4,0.4
body_p1,04,Al6061_body04_p1,962A9D60-A315-4D3B-BF12-FDAA9EFBF2AF,6,616,2025-07-10 13:34:29.589376,21,0.0001678978379824,2426,1,8,30.0005,AUTO,4,ARMED,100,131.1833,5,2574998.991,4,000454_D_A_PROGRAM_1.NC,4,100,0,0,100,6420.0,684383.587999999,5,342.719688473709,5,214.645185878653,83,-302.030284836087,848.0,7.293333333333334,NONE,12.776333333333334,59.98,072B393C-87F5-4183-9ABC-0870E4B4F53B,0.77,962A9D60-A315-4D3B-BF12-FDAA9EFBF2AF,0.2016666666666666,2700.0,700.0,4.1,27.9,0.2,131.83333333333334,200.0,100.0,3.6,22.8,0.1,700.0,100.0,5.6,22.0,0.1,1300.0,300.0,3.9,25.0,0.1,11400.0,1600.0,7.2,22.9,0.1,32300.0,5500.0,5.9,26.4,0.4
body_p1,06,Al6061_body06_p1,962A9D60-A315-4D3B-BF12-FDAA9EFBF2AF,8,627,2025-07-11 11:37:30.529630,14,-0.0010460767582615,2408,1,9,30.0,AUTO,4,ARMED,100,13.78333,5,2595174.109,6,000454_D_A_PROGRAM_1.NC,55,100,0,1,100,6420.0,691589.264,5,342.719722896473,6,290.647142745561,26,-316.991496860763,888.0,7.650000000000001,NONE,17.113,59.98,072B393C-87F5-4183-9ABC-0870E4B4F53B,0.88,962A9D60-A315-4D3B-BF12-FDAA9EFBF2AF,0.381,2400.0,600.0,3.7,26.5,0.4,132.56666666666666,300.0,100.0,4.8,21.6,0.2,400.0,100.0,5.2,21.9,0.1,1100.0,300.0,3.1,24.7,0.1,3400.0,300.0,10.0,23.3,0.1,12400.0,1600.0,7.6,26.6,0.3
body_p1,06,Al6061_body06_p1,962A9D60-A315-4D3B-BF12-FDAA9EFBF2AF,8,628,2025-07-11 11:37:31.529880,14,-0.0010460767582615,2412,1,9,30.0,AUTO,4,ARMED,100,39.2,5,2595174.109,6,000454_D_A_PROGRAM_1.NC,56,100,0,0,100,6420.0,691589.264,85,413.247995328373,5,290.647085524449,40,-283.5060928094,892.3333333333334,7.616666666666667,NONE,17.113666666666663,59.98,072B393C-87F5-4183-9ABC-0870E4B4F53B,0.8266666666666667,962A9D60-A315-4D3B-BF12-FDAA9EFBF2AF,0.381,2800.0,700.0,4.2,26.5,0.2,132.56666666666666,300.0,100.0,4.0,21.6,0.1,300.0,100.0,3.5,21.9,0.1,1100.0,300.0,3.5,24.7,0.1,7000.0,600.0,11.2,23.3,0.1,14100.0,1100.0,13.4,26.6,0.2
body_p1,06,Al6061_body06_p1,962A9D60-A315-4D3B-BF12-FDAA9EFBF2AF,8,629,2025-07-11 11:37:32.530169,14,-0.0005460595695276,2414,1,9,30.0,AUTO,4,ARMED,100,78.38333,5,2595174.109,6,000454_D_A_PROGRAM_1.NC,57,100,0,1,100,6420.0,691589.264,5,418.721493269822,5,290.647096968672,34,-318.313280579148,1051.0,9.426666666666668,NONE,17.113666666666663,59.98,072B393C-87F5-4183-9ABC-0870E4B4F53B,0.7233333333333333,962A9D60-A315-4D3B-BF12-FDAA9EFBF2AF,0.381,2400.0,600.0,4.0,26.5,0.2,132.56666666666666,900.0,100.0,6.7,21.6,0.1,1000.0,200.0,5.4,21.9,0.1,1200.0,300.0,3.8,24.7,0.1,7600.0,1000.0,7.8,23.3,0.1,20500.0,3400.0,6.1,26.6,0.4
body_p1,06,Al6061_body06_p1,962A9D60-A315-4D3B-BF12-FDAA9EFBF2AF,8,630,2025-07-11 11:37:33.530413,14,-0.0010460767582615,2418,1,9,30.0,AUTO,4,ARMED,100,19.33333,5,2595174.109,6,000454_D_A_PROGRAM_1.NC,58,100,0,1,100,6420.0,691589.264,5,418.721504715769,5,214.645140105055,26,-316.644765120294,1060.3333333333333,7.62,NONE,17.114,59.98,072B393C-87F5-4183-9ABC-0870E4B4F53B,1.0,962A9D60-A315-4D3B-BF12-FDAA9EFBF2AF,0.381,3500.0,800.0,4.6,26.5,0.2,132.46666666666667,900.0,100.0,7.2,21.6,0.3,2100.0,200.0,9.3,21.9,0.1,27600.0,3200.0,8.7,24.7,0.2,12400.0,1500.0,8.1,23.3,0.1,31700.0,5500.0,5.7,26.6,0.4
body_p1,06,Al6061_body06_p1,962A9D60-A315-4D3B-BF12-FDAA9EFBF2AF,8,631,2025-07-11 11:37:34.530706,14,-0.0010460767582615,2423,1,9,30.0,AUTO,4,ARMED,100,71.4,5,2595174.109,6,000454_D_A_PROGRAM_1.NC,59,100,0,0,100,6420.0,691589.264,94,344.041897931764,5,214.645197322052,40,-283.598080149775,839.0,7.370000000000001,NONE,17.114,59.98,072B393C-87F5-4183-9ABC-0870E4B4F53B,0.8533333333333334,962A9D60-A315-4D3B-BF12-FDAA9EFBF2AF,0.381,2900.0,700.0,4.4,26.5,0.2,132.56666666666666,300.0,100.0,3.8,21.6,0.1,300.0,100.0,3.8,21.9,0.1,1200.0,400.0,3.2,24.7,0.1,8300.0,600.0,13.4,23.3,0.1,10700.0,1000.0,10.8,26.6,0.2
body_p1,06,Al6061_body06_p1,962A9D60-A315-4D3B-BF12-FDAA9EFBF2AF,8,632,2025-07-11 11:37:35.530996,14,-0.0010460767582615,2424,1,9,30.0,AUTO,4,ARMED,100,41.21667,5,2595174.109,6,000454_D_A_PROGRAM_1.NC,0,100,0,0,100,6420.0,691589.264,4,342.719677029872,5,214.645197322052,35,-320.724557416063,1138.0,10.523333333333332,NONE,17.114666666666665,59.98,072B393C-87F5-4183-9ABC-0870E4B4F53B,0.7000000000000001,962A9D60-A315-4D3B-BF12-FDAA9EFBF2AF,0.381,2900.0,600.0,4.9,26.5,0.2,132.46666666666667,1000.0,100.0,7.6,21.6,0.1,1400.0,300.0,5.4,21.9,0.1,1700.0,400.0,4.4,24.7,0.1,8100.0,900.0,8.8,23.3,0.1,19300.0,3300.0,5.9,26.6,0.4
body_p1,07,Al6061_body07_p1,962A9D60-A315-4D3B-BF12-FDAA9EFBF2AF,6,609,2025-07-11 11:57:09.836044,14,-0.0010460767582615,2406,1,9,30.0,AUTO,4,ARMED,100,0.0,5,2596255.517,7,000454_D_A_PROGRAM_1.NC,58,100,0,1,100,6420.0,692670.178000001,3,338.505674932181,14,269.26886255827,37,-280.966891748024,978.0,8.479999999999999,NONE,17.477333333333334,60.0,072B393C-87F5-4183-9ABC-0870E4B4F53B,0.9566666666666668,962A9D60-A315-4D3B-BF12-FDAA9EFBF2AF,0.3976666666666666,2300.0,600.0,3.8,29.8,0.3,132.96666666666667,200.0,100.0,3.7,21.5,0.1,300.0,100.0,3.9,22.2,0.1,1200.0,400.0,3.3,24.9,0.1,3000.0,300.0,10.4,23.5,0.1,13500.0,1900.0,7.2,27.3,0.2
body_p1,07,Al6061_body07_p1,962A9D60-A315-4D3B-BF12-FDAA9EFBF2AF,6,610,2025-07-11 11:57:10.836324,14,-0.0010460767582615,2409,1,9,30.0,AUTO,4,ARMED,100,9.95,5,2596255.517,7,000454_D_A_PROGRAM_1.NC,58,100,0,2,100,6420.0,692670.178000001,5,342.719677120338,6,290.647108412894,24,-323.759070637513,863.3333333333334,7.303333333333334,NONE,17.478,60.0,072B393C-87F5-4183-9ABC-0870E4B4F53B,0.8366666666666666,962A9D60-A315-4D3B-BF12-FDAA9EFBF2AF,0.3976666666666666,2500.0,600.0,4.1,29.8,0.2,133.0,400.0,100.0,3.4,21.5,1.3,1500.0,200.0,6.6,22.2,0.1,14200.0,2200.0,6.5,24.9,0.2,3300.0,300.0,10.8,23.5,0.1,14700.0,2100.0,6.9,27.3,0.3
body_p1,07,Al6061_body07_p1,962A9D60-A315-4D3B-BF12-FDAA9EFBF2AF,6,611,2025-07-11 11:57:11.836623,14,-0.0010460767582615,2413,1,9,30.0,AUTO,4,ARMED,100,90.03333,5,2596255.517,7,000454_D_A_PROGRAM_1.NC,0,100,0,1,100,6420.0,692670.178000001,7,418.72155049956,5,290.647096968672,69,-314.239006152622,849.3333333333334,7.196666666666666,NONE,17.478,60.0,072B393C-87F5-4183-9ABC-0870E4B4F53B,0.7933333333333333,962A9D60-A315-4D3B-BF12-FDAA9EFBF2AF,0.3976666666666666,3800.0,700.0,5.7,29.8,0.2,133.03333333333333,400.0,100.0,5.0,21.5,0.1,700.0,100.0,5.7,22.2,0.1,1300.0,400.0,3.7,24.9,0.2,11900.0,1000.0,11.3,23.5,0.1,30200.0,5300.0,5.7,27.3,0.4
body_p1,07,Al6061_body07_p1,962A9D60-A315-4D3B-BF12-FDAA9EFBF2AF,6,612,2025-07-11 11:57:12.836928,14,-0.0005460595695276,2417,1,9,30.0,AUTO,4,ARMED,100,176.5833,5,2596255.517,7,000454_D_A_PROGRAM_1.NC,0,100,0,1,100,6420.0,692670.178000001,5,418.721504715769,73,254.398766109701,40,-283.506777077377,1150.0,10.456666666666669,NONE,17.478666666666665,60.0,072B393C-87F5-4183-9ABC-0870E4B4F53B,0.7866666666666666,962A9D60-A315-4D3B-BF12-FDAA9EFBF2AF,0.3976666666666666,2500.0,600.0,4.0,29.8,0.2,132.9,300.0,100.0,4.0,21.5,0.1,500.0,100.0,5.5,22.2,0.1,1100.0,300.0,3.6,24.9,0.1,7900.0,1000.0,7.8,23.5,0.1,19900.0,3200.0,6.2,27.3,0.4
body_p1,07,Al6061_body07_p1,962A9D60-A315-4D3B-BF12-FDAA9EFBF2AF,6,613,2025-07-11 11:57:13.837224,14,-0.0010460767582615,2419,1,9,30.0,AUTO,4,ARMED,100,19.55,5,2596255.517,7,000454_D_A_PROGRAM_1.NC,1,100,0,0,100,6420.0,692670.178000001,5,418.721493269822,5,214.645185878653,24,-322.795837916482,941.6666666666666,8.306666666666667,NONE,17.478666666666665,60.0,072B393C-87F5-4183-9ABC-0870E4B4F53B,0.97,962A9D60-A315-4D3B-BF12-FDAA9EFBF2AF,0.3976666666666666,2800.0,600.0,4.4,29.8,0.2,133.0,600.0,100.0,5.0,21.5,0.6,3700.0,700.0,5.5,22.2,0.1,32900.0,6000.0,5.5,24.9,0.2,10500.0,1400.0,7.7,23.5,0.1,24900.0,2500.0,9.9,27.3,0.2
body_p1,07,Al6061_body07_p1,962A9D60-A315-4D3B-BF12-FDAA9EFBF2AF,6,614,2025-07-11 11:57:14.837506,14,-0.0010460767582615,2423,1,9,30.0,AUTO,4,ARMED,100,92.95,5,2596255.517,7,000454_D_A_PROGRAM_1.NC,2,100,0,2,100,6420.0,692670.178000001,6,342.719665586035,5,214.645197322052,54,-314.557005683985,841.6666666666666,7.146666666666666,NONE,17.479000000000003,60.0,072B393C-87F5-4183-9ABC-0870E4B4F53B,0.7599999999999999,962A9D60-A315-4D3B-BF12-FDAA9EFBF2AF,0.3976666666666666,3500.0,600.0,5.5,29.9,0.2,133.0,500.0,100.0,4.9,21.5,0.1,700.0,100.0,5.9,22.2,0.1,1300.0,400.0,3.3,24.9,0.1,9900.0,900.0,10.7,23.5,0.1,32800.0,5200.0,6.3,27.3,0.4
body_p1,08,Al6061_body08_p1,962A9D60-A315-4D3B-BF12-FDAA9EFBF2AF,7,650,2025-07-11 12:15:52.333091,14,-0.0010460767582615,29,1,9,30.0,AUTO,4,ARMED,100,0.0,5,2597336.955,8,O9735.FNC,53,100,0,1,100,6420.0,693390.890999999,4,338.038381048618,5,266.895599315208,37,-280.966891748024,887.3333333333334,7.56,NONE,17.835666666666665,59.98,072B393C-87F5-4183-9ABC-0870E4B4F53B,0.7999999999999999,962A9D60-A315-4D3B-BF12-FDAA9EFBF2AF,0.4136666666666666,2200.0,600.0,3.8,32.0,0.2,133.46666666666667,300.0,100.0,4.3,21.8,0.1,300.0,100.0,3.6,22.5,0.1,1200.0,400.0,3.1,25.4,0.1,1800.0,200.0,9.4,23.7,0.1,2400.0,500.0,5.2,27.9,0.2
body_p1,08,Al6061_body08_p1,962A9D60-A315-4D3B-BF12-FDAA9EFBF2AF,7,651,2025-07-11 12:15:53.333342,14,-0.0010460767582615,2408,1,9,30.0,AUTO,4,ARMED,100,14.08333,5,2597336.955,8,000454_D_A_PROGRAM_1.NC,54,100,0,1,100,6420.0,693390.890999999,6,342.719711452439,7,290.647154189784,45,-316.390214453722,843.0,7.079999999999999,NONE,17.836000000000002,59.98,072B393C-87F5-4183-9ABC-0870E4B4F53B,0.8266666666666667,962A9D60-A315-4D3B-BF12-FDAA9EFBF2AF,0.4136666666666666,2200.0,500.0,4.1,32.1,0.2,133.5,200.0,100.0,4.0,21.8,0.1,200.0,100.0,3.3,22.5,0.1,1100.0,400.0,3.1,25.4,0.1,600.0,200.0,3.7,23.7,0.1,700.0,300.0,2.7,27.9,0.2
body_p1,08,Al6061_body08_p1,962A9D60-A315-4D3B-BF12-FDAA9EFBF2AF,7,652,2025-07-11 12:15:54.333606,14,-0.0010460767582615,2412,1,9,30.0,AUTO,4,ARMED,100,296.0333,5,2597336.955,8,000454_D_A_PROGRAM_1.NC,55,100,0,0,100,6420.0,693390.890999999,81,406.045209491127,5,290.647096968672,40,-283.506834291537,858.6666666666666,7.276666666666666,NONE,17.836333333333332,59.98,072B393C-87F5-4183-9ABC-0870E4B4F53B,0.8066666666666666,962A9D60-A315-4D3B-BF12-FDAA9EFBF2AF,0.4136666666666666,2900.0,600.0,4.8,32.1,0.2,133.46666666666667,300.0,100.0,4.3,21.8,0.1,300.0,100.0,3.4,22.5,0.1,1100.0,300.0,3.3,25.4,0.1,7600.0,800.0,9.1,23.7,0.1,18500.0,1700.0,11.1,27.9,0.2
body_p1,08,Al6061_body08_p1,962A9D60-A315-4D3B-BF12-FDAA9EFBF2AF,7,653,2025-07-11 12:15:55.333840,14,-0.0010460767582615,2414,1,9,30.0,AUTO,4,ARMED,100,19.55,5,2597336.955,8,000454_D_A_PROGRAM_1.NC,56,100,0,1,100,6420.0,693390.890999999,5,418.721516161717,5,290.647096968672,24,-323.759721854973,1094.0,9.866666666666667,NONE,17.836333333333332,59.98,072B393C-87F5-4183-9ABC-0870E4B4F53B,0.75,962A9D60-A315-4D3B-BF12-FDAA9EFBF2AF,0.4136666666666666,2100.0,600.0,3.7,32.1,0.2,133.4,1000.0,100.0,7.4,21.8,0.1,1000.0,200.0,5.3,22.5,0.1,1500.0,400.0,4.1,25.4,0.1,8400.0,700.0,11.7,23.7,0.1,20800.0,3100.0,6.6,27.9,0.4
body_p1,08,Al6061_body08_p1,962A9D60-A315-4D3B-BF12-FDAA9EFBF2AF,7,654,2025-07-11 12:15:56.334092,14,-0.0010460767582615,2418,1,9,30.0,AUTO,4,ARMED,100,10.7,5,2597336.955,8,000454_D_A_PROGRAM_1.NC,57,100,0,0,100,6420.0,693390.890999999,5,418.721493269822,7,214.64507144466,65,-314.253206340395,974.6666666666666,8.33,NONE,17.836333333333332,59.98,072B393C-87F5-4183-9ABC-0870E4B4F53B,0.9766666666666668,962A9D60-A315-4D3B-BF12-FDAA9EFBF2AF,0.4136666666666666,2900.0,700.0,4.3,32.1,0.2,133.36666666666667,500.0,100.0,4.8,21.8,0.3,700.0,100.0,5.1,22.5,0.1,17100.0,1700.0,9.8,25.4,0.1,10800.0,1400.0,7.6,23.7,0.1,34700.0,5600.0,6.2,27.9,0.5
body_p1,08,Al6061_body08_p1,962A9D60-A315-4D3B-BF12-FDAA9EFBF2AF,7,655,2025-07-11 12:15:57.334343,14,-0.0010460767582615,2422,1,9,30.0,AUTO,4,ARMED,100,355.15,5,2597336.955,8,000454_D_A_PROGRAM_1.NC,58,100,0,2,100,6420.0,693390.890999999,94,379.736937354589,4,214.645208765451,41,-283.506788520209,831.0,7.736666666666667,NONE,17.836666666666666,59.98,072B393C-87F5-4183-9ABC-0870E4B4F53B,0.7966666666666665,962A9D60-A315-4D3B-BF12-FDAA9EFBF2AF,0.4136666666666666,2500.0,600.0,4.3,32.1,0.2,133.46666666666667,300.0,100.0,4.3,21.8,0.1,300.0,100.0,3.9,22.5,0.1,1200.0,400.0,3.2,25.4,0.1,8600.0,900.0,10.0,23.7,0.1,20400.0,2000.0,10.0,27.9,0.3
body_p1,08,Al6061_body08_p1,962A9D60-A315-4D3B-BF12-FDAA9EFBF2AF,7,656,2025-07-11 12:15:58.334632,14,-0.0010460767582615,2425,1,9,30.0,AUTO,4,ARMED,100,8.366667,5,2597336.955,8,000454_D_A_PROGRAM_1.NC,59,100,0,0,100,6420.0,693390.890999999,4,342.719711361382,5,214.645208765451,25,-323.7419411604,1053.3333333333333,10.876666666666669,NONE,17.837,59.98,072B393C-87F5-4183-9ABC-0870E4B4F53B,0.7233333333333333,962A9D60-A315-4D3B-BF12-FDAA9EFBF2AF,0.4136666666666666,2400.0,600.0,4.4,32.1,0.2,133.3,900.0,100.0,5.8,21.8,0.1,1500.0,300.0,5.5,22.5,0.1,1500.0,400.0,4.0,25.4,0.1,5400.0,700.0,8.3,23.7,0.1,18700.0,2900.0,6.5,27.9,0.4
body_p1,09,Al6061_body09_p1,962A9D60-A315-4D3B-BF12-FDAA9EFBF2AF,6,569,2025-07-11 12:35:30.858352,14,-0.0010460767582615,2406,1,9,30.001,AUTO,4,ARMED,100,0.0,5,2598417.775,9,000454_D_A_PROGRAM_1.NC,53,100,0,1,100,6420.0,694471.804999999,5,338.038392492454,5,266.895599315208,38,-280.966880305192,840.3333333333334,7.806666666666666,NONE,18.2,59.98,072B393C-87F5-4183-9ABC-0870E4B4F53B,0.7999999999999999,962A9D60-A315-4D3B-BF12-FDAA9EFBF2AF,0.4306666666666667,2200.0,600.0,3.8,33.6,0.2,133.20000000000002,200.0,100.0,3.8,22.0,0.1,200.0,100.0,3.5,22.7,0.1,1100.0,400.0,3.1,25.5,0.1,1300.0,200.0,7.1,23.8,0.1,2300.0,500.0,5.0,28.2,0.2
body_p1,09,Al6061_body09_p1,962A9D60-A315-4D3B-BF12-FDAA9EFBF2AF,6,570,2025-07-11 12:35:31.858591,14,-0.0010460767582615,2409,1,9,30.001,AUTO,4,ARMED,100,19.55,5,2598417.775,9,000454_D_A_PROGRAM_1.NC,54,100,0,1,100,6420.0,694471.804999999,5,342.719711452439,5,290.647108412894,25,-322.150055485063,871.6666666666666,7.076666666666667,NONE,18.200333333333333,59.98,072B393C-87F5-4183-9ABC-0870E4B4F53B,0.9333333333333332,962A9D60-A315-4D3B-BF12-FDAA9EFBF2AF,0.4306666666666667,2100.0,600.0,3.7,33.6,0.2,133.20000000000002,500.0,100.0,4.2,22.0,1.3,1800.0,200.0,8.1,22.7,0.1,13900.0,2200.0,6.3,25.5,0.2,1000.0,200.0,5.2,23.8,0.1,2600.0,300.0,9.3,28.2,0.2
body_p1,09,Al6061_body09_p1,962A9D60-A315-4D3B-BF12-FDAA9EFBF2AF,6,571,2025-07-11 12:35:32.858828,14,-0.0010460767582615,2413,1,9,30.001,AUTO,4,ARMED,100,95.73333,5,2598417.775,9,000454_D_A_PROGRAM_1.NC,55,100,0,1,100,6420.0,694471.804999999,7,418.721619175246,5,290.647108412894,67,-312.959169889677,898.6666666666666,7.346666666666667,NONE,18.200333333333333,59.98,072B393C-87F5-4183-9ABC-0870E4B4F53B,0.9733333333333332,962A9D60-A315-4D3B-BF12-FDAA9EFBF2AF,0.4306666666666667,3800.0,700.0,5.7,33.6,0.3,133.20000000000002,300.0,100.0,4.1,22.0,0.1,500.0,100.0,5.0,22.7,0.1,1200.0,400.0,3.3,25.5,0.1,2300.0,300.0,8.2,23.8,0.1,21400.0,2200.0,9.5,28.2,0.2
body_p1,09,Al6061_body09_p1,962A9D60-A315-4D3B-BF12-FDAA9EFBF2AF,6,572,2025-07-11 12:35:33.859032,14,-0.0010460767582615,2416,1,9,30.001,AUTO,4,ARMED,100,124.3,5,2598417.775,9,000454_D_A_PROGRAM_1.NC,56,100,0,1,100,6420.0,694471.804999999,5,418.721493269822,5,290.609438367344,78,-285.359119843266,906.3333333333334,7.813333333333333,NONE,18.200333333333333,59.98,072B393C-87F5-4183-9ABC-0870E4B4F53B,0.8033333333333333,962A9D60-A315-4D3B-BF12-FDAA9EFBF2AF,0.4306666666666667,2300.0,600.0,3.9,33.6,0.2,133.16666666666666,200.0,100.0,3.9,22.0,0.1,800.0,100.0,7.7,22.7,0.1,1300.0,300.0,4.0,25.5,0.1,8000.0,900.0,8.5,23.8,0.1,18800.0,3500.0,5.4,28.2,0.4
body_p1,09,Al6061_body09_p1,962A9D60-A315-4D3B-BF12-FDAA9EFBF2AF,6,573,2025-07-11 12:35:34.859283,14,-0.0010460767582615,2419,1,9,30.001,AUTO,4,ARMED,100,19.55,5,2598417.775,9,000454_D_A_PROGRAM_1.NC,57,100,0,0,100,6420.0,694471.804999999,5,418.721493269822,5,214.645174435253,24,-321.803300859521,1184.3333333333333,11.076666666666666,NONE,18.200666666666667,59.98,072B393C-87F5-4183-9ABC-0870E4B4F53B,0.7466666666666667,962A9D60-A315-4D3B-BF12-FDAA9EFBF2AF,0.4306666666666667,2800.0,600.0,4.6,33.6,0.2,133.06666666666666,800.0,100.0,5.2,22.0,0.7,4500.0,700.0,6.5,22.7,0.1,32400.0,6000.0,5.4,25.5,0.3,8600.0,1400.0,6.0,23.8,0.1,34800.0,5200.0,6.7,28.2,0.4
body_p1,09,Al6061_body09_p1,962A9D60-A315-4D3B-BF12-FDAA9EFBF2AF,6,574,2025-07-11 12:35:35.859546,14,-0.0010460767582615,2423,1,9,30.001,AUTO,4,ARMED,100,157.8667,5,2598417.775,9,000454_D_A_PROGRAM_1.NC,58,100,0,0,100,6420.0,694471.804999999,79,342.719780024403,5,214.645197322052,39,-314.071933677452,882.0,7.54,NONE,18.201,59.98,072B393C-87F5-4183-9ABC-0870E4B4F53B,0.9966666666666668,962A9D60-A315-4D3B-BF12-FDAA9EFBF2AF,0.4306666666666667,4000.0,700.0,6.1,33.6,0.3,133.16666666666666,300.0,100.0,3.5,22.0,0.1,400.0,100.0,4.1,22.7,0.1,1400.0,400.0,3.5,25.5,0.1,1900.0,200.0,7.9,23.8,0.1,17800.0,1900.0,9.2,28.2,0.2
body_p1,09,Al6061_body09_p1,962A9D60-A315-4D3B-BF12-FDAA9EFBF2AF,6,575,2025-07-11 12:35:36.859798,14,-0.0010460767582615,2426,1,9,30.001,AUTO,4,ARMED,100,152.3167,5,2598417.775,9,000454_D_A_PROGRAM_1.NC,59,100,0,2,100,6420.0,694471.804999999,4,342.719699917546,5,214.645197322052,97,-287.582771066204,868.3333333333334,7.396666666666667,NONE,18.20133333333333,59.98,072B393C-87F5-4183-9ABC-0870E4B4F53B,0.8366666666666666,962A9D60-A315-4D3B-BF12-FDAA9EFBF2AF,0.4306666666666667,2700.0,600.0,4.6,33.6,0.2,133.16666666666666,200.0,100.0,4.0,22.0,0.1,500.0,100.0,5.3,22.7,0.1,1200.0,400.0,3.1,25.5,0.1,6600.0,1000.0,6.8,23.8,0.1,17900.0,3500.0,5.1,28.2,0.4
body_p1,10,Al6061_body10_p1,962A9D60-A315-4D3B-BF12-FDAA9EFBF2AF,6,554,2025-07-11 12:56:13.682063,14,-0.0010460767582615,2399,1,9,30.001,AUTO,4,ARMED,100,0.0,5,2599859.099,10,000454_D_A_PROGRAM_1.NC,54,100,0,2,100,6420.0,695192.401000001,5,338.038403936291,5,266.895599315208,38,-280.966845976696,896.6666666666666,7.68,NONE,18.569333333333333,60.0,072B393C-87F5-4183-9ABC-0870E4B4F53B,0.8033333333333333,962A9D60-A315-4D3B-BF12-FDAA9EFBF2AF,0.4463333333333333,2500.0,600.0,4.0,34.5,0.3,132.9,300.0,100.0,5.3,22.2,0.3,300.0,100.0,3.5,22.9,0.1,1200.0,400.0,3.3,25.6,0.1,700.0,200.0,4.1,23.9,0.1,800.0,300.0,2.9,28.5,0.2
body_p1,10,Al6061_body10_p1,962A9D60-A315-4D3B-BF12-FDAA9EFBF2AF,6,555,2025-07-11 12:56:14.682396,14,-0.0010460767582615,2408,1,9,30.001,AUTO,4,ARMED,100,37.38333,5,2599859.099,10,000454_D_A_PROGRAM_1.NC,55,100,0,0,100,6420.0,695192.401000001,5,342.719700008405,6,290.647154189784,26,-316.663805501,862.0,7.293333333333334,NONE,18.569333333333333,60.0,072B393C-87F5-4183-9ABC-0870E4B4F53B,0.88,962A9D60-A315-4D3B-BF12-FDAA9EFBF2AF,0.4463333333333333,2600.0,600.0,4.3,34.5,0.2,132.96666666666667,300.0,100.0,3.7,22.2,0.1,300.0,100.0,3.4,22.9,0.1,1100.0,300.0,3.2,25.6,0.1,5000.0,500.0,10.9,23.9,0.1,11000.0,800.0,13.9,28.5,0.2
body_p1,10,Al6061_body10_p1,962A9D60-A315-4D3B-BF12-FDAA9EFBF2AF,6,556,2025-07-11 12:56:15.682703,14,-0.0010460767582615,2413,1,9,30.001,AUTO,4,ARMED,100,154.2333,5,2599859.099,10,000454_D_A_PROGRAM_1.NC,56,100,0,1,100,6420.0,695192.401000001,95,409.725081444539,5,290.647085524449,41,-283.506834291537,829.6666666666666,6.97,NONE,18.569333333333333,60.0,072B393C-87F5-4183-9ABC-0870E4B4F53B,0.9666666666666668,962A9D60-A315-4D3B-BF12-FDAA9EFBF2AF,0.4463333333333333,2300.0,600.0,3.7,34.5,0.2,132.9,800.0,100.0,8.0,22.2,0.1,1200.0,200.0,6.4,22.9,0.1,1300.0,300.0,3.9,25.6,0.1,8000.0,900.0,9.1,23.9,0.1,19700.0,3500.0,5.7,28.5,0.4
body_p1,10,Al6061_body10_p1,962A9D60-A315-4D3B-BF12-FDAA9EFBF2AF,6,557,2025-07-11 12:56:16.682978,14,-0.0010460767582615,2414,1,9,30.001,AUTO,4,ARMED,100,18.43333,5,2599859.099,10,000454_D_A_PROGRAM_1.NC,57,100,0,0,100,6420.0,695192.401000001,5,418.721493269822,5,290.647096968672,34,-320.507299806587,987.6666666666666,8.786666666666667,NONE,18.569666666666667,60.0,072B393C-87F5-4183-9ABC-0870E4B4F53B,0.6933333333333334,962A9D60-A315-4D3B-BF12-FDAA9EFBF2AF,0.4463333333333333,4400.0,700.0,6.2,34.5,0.2,132.9,800.0,100.0,6.9,22.2,0.3,2100.0,300.0,7.3,22.9,0.1,29900.0,4200.0,7.1,25.6,0.2,11400.0,1500.0,7.6,23.9,0.1,32500.0,5600.0,5.8,28.5,0.5
body_p1,10,Al6061_body10_p1,962A9D60-A315-4D3B-BF12-FDAA9EFBF2AF,6,558,2025-07-11 12:56:17.683327,14,-0.0010460767582615,2418,1,9,30.001,AUTO,4,ARMED,100,10.66667,5,2599859.099,10,000454_D_A_PROGRAM_1.NC,58,100,0,0,100,6420.0,695192.401000001,5,418.721504715769,5,214.645105774858,26,-316.322348769849,1145.6666666666667,10.76,NONE,18.57033333333333,60.0,072B393C-87F5-4183-9ABC-0870E4B4F53B,0.8333333333333334,962A9D60-A315-4D3B-BF12-FDAA9EFBF2AF,0.4463333333333333,2400.0,600.0,4.0,34.5,0.2,132.8,300.0,100.0,3.8,22.2,0.1,400.0,100.0,4.2,22.9,0.1,1200.0,400.0,3.1,25.6,0.1,5300.0,400.0,13.0,23.9,0.1,6300.0,700.0,9.8,28.5,0.2
body_p1,10,Al6061_body10_p1,962A9D60-A315-4D3B-BF12-FDAA9EFBF2AF,6,559,2025-07-11 12:56:18.683632,14,-0.0010460767582615,2422,1,9,30.001,AUTO,4,ARMED,100,335.9333,5,2599859.099,10,000454_D_A_PROGRAM_1.NC,59,100,0,1,100,6420.0,695192.401000001,92,356.484508014408,5,214.645208765451,41,-283.506788520209,825.6666666666666,6.943333333333334,NONE,18.57033333333333,60.0,072B393C-87F5-4183-9ABC-0870E4B4F53B,0.8633333333333333,962A9D60-A315-4D3B-BF12-FDAA9EFBF2AF,0.4463333333333333,2700.0,600.0,4.3,34.5,0.2,132.93333333333334,700.0,100.0,7.3,22.2,0.1,1500.0,300.0,5.8,22.9,0.1,1500.0,400.0,3.8,25.6,0.1,7800.0,900.0,8.4,23.9,0.1,18700.0,3500.0,5.4,28.5,0.4
body_p1,10,Al6061_body10_p1,962A9D60-A315-4D3B-BF12-FDAA9EFBF2AF,6,560,2025-07-11 12:56:19.683912,14,-0.0010460767582615,2424,1,9,30.001,AUTO,4,ARMED,100,19.55,5,2599859.099,10,000454_D_A_PROGRAM_1.NC,0,100,0,1,100,6420.0,695192.401000001,5,342.719711361382,5,214.645197322052,25,-322.099767075034,939.3333333333334,8.243333333333334,NONE,18.57033333333333,60.0,072B393C-87F5-4183-9ABC-0870E4B4F53B,0.7633333333333333,962A9D60-A315-4D3B-BF12-FDAA9EFBF2AF,0.4463333333333333,2900.0,700.0,4.3,34.5,0.3,132.9,300.0,100.0,4.6,22.2,0.1,700.0,100.0,5.7,22.9,0.1,1500.0,400.0,3.7,25.6,0.1,12700.0,1500.0,8.5,23.9,0.1,33300.0,5600.0,6.0,28.5,0.4
body_p1,11,Al6061_body11_p1,962A9D60-A315-4D3B-BF12-FDAA9EFBF2AF,7,542,2025-07-23 10:47:31.160705,20,0.0001678978379824,2406,1,45,30.001,AUTO,4,ARMED,100,175.3167,5,2652813.708,11,000454_D_A_PROGRAM_1.NC,1,100,0,0,100,6420.0,711403.431000001,4,340.328606500354,5,278.518873946667,37,-280.966891748024,926.6666666666666,8.006666666666666,UNAVAILABLE,28.212333333333333,60.0,072B393C-87F5-4183-9ABC-0870E4B4F53B,0.9366666666666666,962A9D60-A315-4D3B-BF12-FDAA9EFBF2AF,0.7313333333333333,2500.0,600.0,4.1,25.0,0.2,132.33333333333334,500.0,100.0,4.4,22.3,1.3,1600.0,200.0,6.7,21.3,0.1,14100.0,2200.0,6.5,24.2,0.1,9300.0,1100.0,8.7,22.3,0.1,21500.0,3800.0,5.6,24.7,0.4
body_p1,11,Al6061_body11_p1,962A9D60-A315-4D3B-BF12-FDAA9EFBF2AF,7,543,2025-07-23 10:47:32.160859,20,0.0001678978379824,2409,1,45,30.001,AUTO,4,ARMED,100,3.516667,5,2652813.708,11,000454_D_A_PROGRAM_1.NC,2,100,0,1,100,6420.0,711403.431000001,5,342.71974578454,6,290.647096968672,23,-323.650091836729,891.3333333333334,7.583333333333333,UNAVAILABLE,28.213,60.0,072B393C-87F5-4183-9ABC-0870E4B4F53B,0.8766666666666666,962A9D60-A315-4D3B-BF12-FDAA9EFBF2AF,0.7313333333333333,3000.0,700.0,4.1,25.0,0.2,132.33333333333334,1100.0,100.0,7.1,22.3,0.1,700.0,100.0,5.3,21.3,0.1,1100.0,300.0,3.6,24.2,0.1,10000.0,1400.0,7.3,22.3,0.1,33300.0,5600.0,5.9,24.7,0.5
body_p1,11,Al6061_body11_p1,962A9D60-A315-4D3B-BF12-FDAA9EFBF2AF,7,544,2025-07-23 10:47:33.161012,20,0.0001678978379824,2414,1,45,30.001,AUTO,4,ARMED,100,19.55,5,2652813.708,11,000454_D_A_PROGRAM_1.NC,3,100,0,1,100,6420.0,711403.431000001,6,418.721493269822,5,290.647108412894,26,-318.131299362244,940.0,8.176666666666668,UNAVAILABLE,28.213,60.0,072B393C-87F5-4183-9ABC-0870E4B4F53B,0.92,962A9D60-A315-4D3B-BF12-FDAA9EFBF2AF,0.7313333333333333,2700.0,700.0,4.0,25.0,0.2,132.36666666666667,300.0,100.0,3.8,22.3,0.1,300.0,100.0,3.5,21.3,0.1,1000.0,300.0,3.1,24.2,0.1,3200.0,200.0,13.5,22.3,0.1,2300.0,500.0,4.7,24.7,0.2
body_p1,11,Al6061_body11_p1,962A9D60-A315-4D3B-BF12-FDAA9EFBF2AF,7,545,2025-07-23 10:47:34.161163,20,0.0001678978379824,2417,1,45,30.001,AUTO,4,ARMED,100,267.2667,5,2652813.708,11,000454_D_A_PROGRAM_1.NC,4,100,0,2,100,6420.0,711403.431000001,5,418.721516161717,2,214.919816018313,40,-284.044812051202,919.0,7.963333333333334,UNAVAILABLE,28.213,60.0,072B393C-87F5-4183-9ABC-0870E4B4F53B,0.7233333333333333,962A9D60-A315-4D3B-BF12-FDAA9EFBF2AF,0.7313333333333333,2700.0,700.0,4.0,25.0,0.2,132.33333333333334,600.0,100.0,5.6,22.3,0.6,5400.0,600.0,8.8,21.3,0.1,32700.0,4300.0,7.6,24.2,0.2,7200.0,1100.0,6.7,22.3,0.1,20600.0,3500.0,5.8,24.7,0.4
body_p1,11,Al6061_body11_p1,962A9D60-A315-4D3B-BF12-FDAA9EFBF2AF,7,546,2025-07-23 10:47:35.161446,20,0.0001678978379824,2420,1,45,30.001,AUTO,4,ARMED,100,79.01667,5,2652813.708,11,000454_D_A_PROGRAM_1.NC,5,100,0,1,100,6420.0,711403.431000001,5,418.721493269822,5,214.645197322052,78,-306.179396748025,1245.0,10.896666666666668,UNAVAILABLE,28.21333333333333,60.0,072B393C-87F5-4183-9ABC-0870E4B4F53B,0.86,962A9D60-A315-4D3B-BF12-FDAA9EFBF2AF,0.7313333333333333,2900.0,700.0,4.0,25.0,0.2,132.2,900.0,100.0,6.0,22.3,0.1,700.0,100.0,4.9,21.3,0.1,1400.0,400.0,3.6,24.2,0.1,10100.0,1400.0,7.3,22.3,0.1,32100.0,5600.0,5.7,24.7,0.4
body_p1,11,Al6061_body11_p1,962A9D60-A315-4D3B-BF12-FDAA9EFBF2AF,7,547,2025-07-23 10:47:36.161594,20,0.0001678978379824,2424,1,45,30.001,AUTO,4,ARMED,100,19.55,5,2652813.708,11,000454_D_A_PROGRAM_1.NC,6,100,0,1,100,6420.0,711403.431000001,5,342.719654142199,5,214.645197322052,29,-314.234223172372,946.3333333333334,8.223333333333333,UNAVAILABLE,28.21366666666667,60.0,072B393C-87F5-4183-9ABC-0870E4B4F53B,0.9466666666666668,962A9D60-A315-4D3B-BF12-FDAA9EFBF2AF,0.7313333333333333,2500.0,600.0,4.1,25.0,0.2,132.33333333333334,300.0,100.0,3.4,22.3,0.1,300.0,100.0,3.4,21.3,0.1,1100.0,400.0,3.1,24.2,0.1,2700.0,200.0,11.6,22.3,0.1,6600.0,600.0,11.6,24.7,0.2
body_p1,12,Al6061_body12_p1,962A9D60-A315-4D3B-BF12-FDAA9EFBF2AF,6,541,2025-07-23 11:08:01.613449,20,0.0006680210239083,29,1,45,30.001,AUTO,4,ARMED,100,0.0,5,2653894.657,12,O9735.FNC,50,100,0,1,100,6420.0,712124.122,5,338.038403936291,5,266.895599315208,37,-280.966891748024,946.3333333333334,8.273333333333333,UNAVAILABLE,28.59633333333333,60.0,072B393C-87F5-4183-9ABC-0870E4B4F53B,0.7966666666666665,962A9D60-A315-4D3B-BF12-FDAA9EFBF2AF,0.7466666666666667,2300.0,600.0,3.7,28.5,0.2,133.16666666666666,500.0,100.0,4.3,22.1,1.3,1500.0,200.0,7.0,21.8,0.1,13900.0,2200.0,6.4,24.5,0.2,1200.0,200.0,6.3,22.7,0.1,3300.0,300.0,10.0,26.1,0.1
body_p1,12,Al6061_body12_p1,962A9D60-A315-4D3B-BF12-FDAA9EFBF2AF,6,542,2025-07-23 11:08:02.613617,20,0.0006680210239083,2409,1,45,30.001,AUTO,4,ARMED,100,19.55,5,2653894.657,12,000454_D_A_PROGRAM_1.NC,51,100,0,1,100,6420.0,712124.122,5,342.719688564372,6,290.647108412894,25,-320.365351627472,972.6666666666666,8.453333333333335,UNAVAILABLE,28.596666666666668,60.0,072B393C-87F5-4183-9ABC-0870E4B4F53B,0.8033333333333333,962A9D60-A315-4D3B-BF12-FDAA9EFBF2AF,0.7466666666666667,2600.0,600.0,4.0,28.5,0.2,133.06666666666666,300.0,100.0,3.7,22.1,0.1,800.0,100.0,6.5,21.8,0.1,1300.0,300.0,3.9,24.5,0.1,3100.0,300.0,9.8,22.7,0.1,34900.0,4100.0,8.6,26.1,0.3
body_p1,12,Al6061_body12_p1,962A9D60-A315-4D3B-BF12-FDAA9EFBF2AF,6,543,2025-07-23 11:08:03.613957,20,0.0006680210239083,2413,1,45,30.001,AUTO,4,ARMED,100,157.7,5,2653894.657,12,000454_D_A_PROGRAM_1.NC,52,100,0,2,100,6420.0,712124.122,6,418.721607729298,5,290.647096968672,70,-313.533653876279,1168.6666666666667,10.953333333333331,UNAVAILABLE,28.59733333333333,60.0,072B393C-87F5-4183-9ABC-0870E4B4F53B,1.0,962A9D60-A315-4D3B-BF12-FDAA9EFBF2AF,0.7466666666666667,2500.0,600.0,3.9,28.5,0.2,133.03333333333333,300.0,100.0,3.9,22.1,0.1,500.0,100.0,5.2,21.8,0.1,900.0,300.0,3.1,24.5,0.1,7900.0,1000.0,7.8,22.7,0.1,19500.0,3600.0,5.5,26.1,0.4
body_p1,12,Al6061_body12_p1,962A9D60-A315-4D3B-BF12-FDAA9EFBF2AF,6,544,2025-07-23 11:08:04.614169,20,0.0006680210239083,2416,1,45,30.001,AUTO,4,ARMED,100,226.1167,5,2653894.657,12,000454_D_A_PROGRAM_1.NC,53,100,0,1,100,6420.0,712124.122,5,418.721493269822,5,290.515309719156,56,-283.50757807562,874.0,7.496666666666667,UNAVAILABLE,28.59733333333333,60.0,072B393C-87F5-4183-9ABC-0870E4B4F53B,0.8266666666666667,962A9D60-A315-4D3B-BF12-FDAA9EFBF2AF,0.7466666666666667,3100.0,700.0,4.5,28.5,0.2,133.20000000000002,900.0,200.0,5.3,22.1,0.7,4800.0,700.0,7.1,21.8,0.1,34800.0,6000.0,5.8,24.5,0.3,11000.0,1400.0,7.7,22.7,0.1,34100.0,4500.0,7.5,26.1,0.4
body_p1,12,Al6061_body12_p1,962A9D60-A315-4D3B-BF12-FDAA9EFBF2AF,6,545,2025-07-23 11:08:05.614371,20,0.0006680210239083,2419,1,45,30.001,AUTO,4,ARMED,100,19.55,5,2653894.657,12,000454_D_A_PROGRAM_1.NC,54,100,0,2,100,6420.0,712124.122,5,418.721481823874,5,214.645174435253,24,-322.023489589038,1030.3333333333333,9.25,UNAVAILABLE,28.597666666666665,60.0,072B393C-87F5-4183-9ABC-0870E4B4F53B,0.68,962A9D60-A315-4D3B-BF12-FDAA9EFBF2AF,0.7466666666666667,3600.0,700.0,5.2,28.5,0.2,133.06666666666666,400.0,100.0,4.0,22.1,0.1,600.0,100.0,5.2,21.8,0.1,1500.0,400.0,3.8,24.5,0.1,2800.0,300.0,10.5,22.7,0.1,24600.0,2900.0,8.4,26.1,0.3
body_p1,12,Al6061_body12_p1,962A9D60-A315-4D3B-BF12-FDAA9EFBF2AF,6,546,2025-07-23 11:08:06.614574,20,0.0006680210239083,2423,1,45,30.001,AUTO,4,ARMED,100,130.9,5,2653894.657,12,000454_D_A_PROGRAM_1.NC,55,100,0,0,100,6420.0,712124.122,6,342.719619810688,5,214.645197322052,59,-314.166986828006,1203.6666666666667,11.323333333333332,UNAVAILABLE,28.598,60.0,072B393C-87F5-4183-9ABC-0870E4B4F53B,1.0,962A9D60-A315-4D3B-BF12-FDAA9EFBF2AF,0.7466666666666667,2500.0,600.0,4.1,28.5,0.2,133.0,300.0,100.0,4.6,22.1,0.1,600.0,100.0,5.7,21.8,0.1,1200.0,400.0,3.4,24.5,0.1,6500.0,1000.0,6.7,22.7,0.1,19200.0,3500.0,5.5,26.1,0.4
body_p1,12,Al6061_body12_p1,962A9D60-A315-4D3B-BF12-FDAA9EFBF2AF,6,547,2025-07-23 11:08:07.614912,20,0.0006680210239083,2426,1,45,30.001,AUTO,4,ARMED,100,127.2,5,2653894.657,12,000454_D_A_PROGRAM_1.NC,56,100,0,2,100,6420.0,712124.122,4,342.719688473709,5,214.645197322052,40,-283.508550716344,881.3333333333334,7.526666666666666,UNAVAILABLE,28.598,60.0,072B393C-87F5-4183-9ABC-0870E4B4F53B,0.88,962A9D60-A315-4D3B-BF12-FDAA9EFBF2AF,0.7466666666666667,2800.0,700.0,4.2,28.5,0.2,133.16666666666666,200.0,100.0,3.8,22.1,0.1,700.0,100.0,6.2,21.8,0.1,1200.0,300.0,3.5,24.5,0.1,12000.0,1500.0,8.0,22.7,0.1,34000.0,5200.0,6.6,26.1,0.4
body_p1,13,Al6061_body13_p1,962A9D60-A315-4D3B-BF12-FDAA9EFBF2AF,7,583,2025-07-23 11:27:43.910910,20,0.0006680210239083,2408,1,45,30.001,AUTO,4,ARMED,100,164.2833,5,2654974.921,13,000454_D_A_PROGRAM_1.NC,56,100,0,2,100,6420.0,713204.912000002,7,342.719574124035,47,290.645872436869,12,-298.332429019993,875.0,7.506666666666668,UNAVAILABLE,28.976,60.0,072B393C-87F5-4183-9ABC-0870E4B4F53B,0.9133333333333332,962A9D60-A315-4D3B-BF12-FDAA9EFBF2AF,0.7626666666666666,2500.0,600.0,4.2,30.9,0.2,132.56666666666663,400.0,100.0,4.3,22.2,1.2,1600.0,200.0,7.9,22.1,0.1,10100.0,1000.0,9.8,24.8,0.1,7800.0,1000.0,7.6,23.1,0.1,21500.0,3700.0,5.7,26.8,0.4
body_p1,13,Al6061_body13_p1,962A9D60-A315-4D3B-BF12-FDAA9EFBF2AF,7,584,2025-07-23 11:27:44.911122,20,0.0006680210239083,2411,1,45,30.001,AUTO,4,ARMED,100,48.73333,5,2654974.921,13,000454_D_A_PROGRAM_1.NC,56,100,0,0,100,6420.0,713204.912000002,4,342.719711452439,6,290.647108412894,32,-303.327879104402,886.0,7.61,UNAVAILABLE,28.976333333333333,60.0,072B393C-87F5-4183-9ABC-0870E4B4F53B,0.92,962A9D60-A315-4D3B-BF12-FDAA9EFBF2AF,0.7626666666666666,3100.0,600.0,4.9,30.9,0.2,132.6,700.0,100.0,4.9,22.2,0.1,1000.0,200.0,5.8,22.1,0.1,1400.0,300.0,4.3,24.8,0.1,10000.0,1400.0,7.2,23.1,0.1,31300.0,5700.0,5.5,26.8,0.5
body_p1,13,Al6061_body13_p1,962A9D60-A315-4D3B-BF12-FDAA9EFBF2AF,7,585,2025-07-23 11:27:45.911334,20,0.0006680210239083,2414,1,45,30.001,AUTO,4,ARMED,100,19.55,5,2654974.921,13,000454_D_A_PROGRAM_1.NC,57,100,0,0,100,6420.0,713204.912000002,5,418.721516161717,6,290.647096968672,27,-320.00890517353,912.3333333333334,7.946666666666666,UNAVAILABLE,28.976333333333333,60.0,072B393C-87F5-4183-9ABC-0870E4B4F53B,0.8866666666666667,962A9D60-A315-4D3B-BF12-FDAA9EFBF2AF,0.7626666666666666,2100.0,600.0,3.6,30.9,0.2,132.56666666666663,400.0,100.0,3.9,22.2,0.1,400.0,100.0,4.4,22.1,0.1,1000.0,300.0,3.1,24.8,0.1,800.0,200.0,4.5,23.1,0.1,2200.0,500.0,4.3,26.8,0.2
body_p1,13,Al6061_body13_p1,962A9D60-A315-4D3B-BF12-FDAA9EFBF2AF,7,586,2025-07-23 11:27:46.911488,20,0.0001678978379824,2418,1,45,30.001,AUTO,4,ARMED,100,174.9,5,2654974.921,13,000454_D_A_PROGRAM_1.NC,58,100,0,0,100,6420.0,713204.912000002,5,418.721493269822,66,220.20703268099,24,-283.506081366765,957.0,8.376666666666667,UNAVAILABLE,28.97666666666667,60.0,072B393C-87F5-4183-9ABC-0870E4B4F53B,0.6966666666666667,962A9D60-A315-4D3B-BF12-FDAA9EFBF2AF,0.7626666666666666,2400.0,600.0,4.1,30.9,0.2,132.53333333333333,300.0,100.0,4.1,22.2,0.6,3400.0,400.0,9.2,22.1,0.1,14400.0,1000.0,13.8,24.8,0.1,8100.0,1000.0,7.9,23.1,0.1,19700.0,3500.0,5.7,26.8,0.4
body_p1,13,Al6061_body13_p1,962A9D60-A315-4D3B-BF12-FDAA9EFBF2AF,7,587,2025-07-23 11:27:47.911656,20,0.0006680210239083,2421,1,45,30.001,AUTO,4,ARMED,100,148.9167,5,2654974.921,13,000454_D_A_PROGRAM_1.NC,0,100,0,1,100,6420.0,713204.912000002,5,418.721493269822,5,214.645208765451,70,-307.976431959919,1226.3333333333333,11.47,UNAVAILABLE,28.977,60.0,072B393C-87F5-4183-9ABC-0870E4B4F53B,0.97,962A9D60-A315-4D3B-BF12-FDAA9EFBF2AF,0.7626666666666666,2800.0,600.0,4.6,30.9,0.2,132.4,800.0,200.0,5.0,22.2,0.1,1500.0,300.0,5.8,22.1,0.1,1500.0,400.0,3.9,24.8,0.1,11500.0,1400.0,8.2,23.1,0.1,33000.0,5700.0,5.8,26.8,0.5
body_p1,13,Al6061_body13_p1,962A9D60-A315-4D3B-BF12-FDAA9EFBF2AF,7,588,2025-07-23 11:27:48.911869,20,0.0006680210239083,2424,1,45,30.001,AUTO,4,ARMED,100,19.55,5,2654974.921,13,000454_D_A_PROGRAM_1.NC,1,100,0,2,100,6420.0,713204.912000002,4,342.719677029872,5,214.645197322052,23,-320.64948125085,924.6666666666666,8.066666666666668,UNAVAILABLE,28.977666666666664,60.0,072B393C-87F5-4183-9ABC-0870E4B4F53B,0.9166666666666666,962A9D60-A315-4D3B-BF12-FDAA9EFBF2AF,0.7626666666666666,2300.0,600.0,3.8,30.9,0.2,132.56666666666663,300.0,100.0,3.5,22.2,0.1,400.0,100.0,4.0,22.1,0.1,1200.0,400.0,3.1,24.8,0.1,700.0,200.0,4.3,23.1,0.1,2400.0,500.0,4.7,26.8,0.2
body_p1,14,Al6061_body14_p1,962A9D60-A315-4D3B-BF12-FDAA9EFBF2AF,7,559,2025-07-23 12:57:27.811744,20,0.0006680210239083,2408,1,45,30.001,AUTO,4,ARMED,100,65.9,5,2659658.827,14,000454_D_A_PROGRAM_1.NC,57,100,0,2,100,6420.0,714646.266000001,6,342.719722896473,7,290.647142745561,55,-316.835008731839,877.6666666666666,7.523333333333333,UNAVAILABLE,29.919666666666668,59.99,072B393C-87F5-4183-9ABC-0870E4B4F53B,0.8666666666666667,962A9D60-A315-4D3B-BF12-FDAA9EFBF2AF,0.782,2500.0,600.0,3.9,27.8,0.3,132.4333333333333,200.0,100.0,3.7,22.3,0.1,300.0,100.0,3.4,22.0,0.1,1200.0,400.0,3.2,24.5,0.1,1000.0,200.0,5.9,22.9,0.1,900.0,300.0,3.5,26.1,0.2
body_p1,14,Al6061_body14_p1,962A9D60-A315-4D3B-BF12-FDAA9EFBF2AF,7,560,2025-07-23 12:57:28.812002,20,0.0006680210239083,2412,1,45,30.001,AUTO,4,ARMED,100,191.8,5,2659658.827,14,000454_D_A_PROGRAM_1.NC,58,100,0,1,100,6420.0,714646.266000001,84,411.636817955891,5,290.647085524449,40,-283.506834291537,915.6666666666666,7.463333333333332,UNAVAILABLE,29.919666666666668,59.99,072B393C-87F5-4183-9ABC-0870E4B4F53B,0.92,962A9D60-A315-4D3B-BF12-FDAA9EFBF2AF,0.782,3600.0,700.0,5.3,27.8,0.2,132.4333333333333,300.0,100.0,4.2,22.3,0.1,300.0,100.0,3.7,22.0,0.1,1000.0,300.0,3.1,24.5,0.1,7700.0,800.0,9.9,22.9,0.1,17700.0,1700.0,10.7,26.1,0.2
body_p1,14,Al6061_body14_p1,962A9D60-A315-4D3B-BF12-FDAA9EFBF2AF,7,561,2025-07-23 12:57:29.812287,20,0.0006680210239083,2414,1,45,30.001,AUTO,4,ARMED,100,15.48333,5,2659658.827,14,000454_D_A_PROGRAM_1.NC,59,100,0,1,100,6420.0,714646.266000001,5,418.721481823874,5,290.647085524449,24,-323.759000981249,943.0,7.78,UNAVAILABLE,29.920333333333332,59.99,072B393C-87F5-4183-9ABC-0870E4B4F53B,0.9733333333333332,962A9D60-A315-4D3B-BF12-FDAA9EFBF2AF,0.782,2500.0,600.0,4.0,27.8,0.2,132.4,1000.0,100.0,7.6,22.3,0.1,900.0,200.0,5.2,22.0,0.1,1200.0,300.0,3.9,24.5,0.1,9300.0,900.0,10.4,22.9,0.1,18500.0,3500.0,5.3,26.1,0.4
body_p1,14,Al6061_body14_p1,962A9D60-A315-4D3B-BF12-FDAA9EFBF2AF,7,562,2025-07-23 12:57:30.812565,20,0.0006680210239083,2418,1,45,30.001,AUTO,4,ARMED,100,107.2333,5,2659658.827,14,000454_D_A_PROGRAM_1.NC,0,100,0,0,100,6420.0,714646.266000001,5,418.721493269822,6,214.645128661656,14,-316.483699976777,939.3333333333334,8.173333333333334,UNAVAILABLE,29.920333333333332,59.99,072B393C-87F5-4183-9ABC-0870E4B4F53B,0.7999999999999999,962A9D60-A315-4D3B-BF12-FDAA9EFBF2AF,0.782,3700.0,700.0,5.0,27.8,0.3,132.4,600.0,100.0,5.2,22.3,0.3,800.0,100.0,5.4,22.0,0.1,22900.0,2400.0,9.5,24.5,0.2,11700.0,1400.0,8.2,22.9,0.1,32700.0,5500.0,6.0,26.1,0.4
body_p1,14,Al6061_body14_p1,962A9D60-A315-4D3B-BF12-FDAA9EFBF2AF,7,563,2025-07-23 12:57:31.812846,20,0.0006680210239083,2422,1,45,30.001,AUTO,4,ARMED,100,294.2,5,2659658.827,14,000454_D_A_PROGRAM_1.NC,1,100,0,0,100,6420.0,714646.266000001,37,354.144127953223,5,214.645208765451,39,-283.506822848705,1217.3333333333333,11.363333333333337,UNAVAILABLE,29.921000000000003,59.99,072B393C-87F5-4183-9ABC-0870E4B4F53B,0.7600000000000001,962A9D60-A315-4D3B-BF12-FDAA9EFBF2AF,0.782,3200.0,700.0,4.7,27.8,0.2,132.23333333333332,300.0,100.0,4.3,22.3,0.1,300.0,100.0,3.7,22.0,0.1,1200.0,400.0,3.3,24.5,0.1,7400.0,800.0,9.6,22.9,0.1,18000.0,1900.0,9.6,26.1,0.3
body_p1,14,Al6061_body14_p1,962A9D60-A315-4D3B-BF12-FDAA9EFBF2AF,7,564,2025-07-23 12:57:32.813146,20,0.0006680210239083,2424,1,45,30.001,AUTO,4,ARMED,100,19.41667,5,2659658.827,14,000454_D_A_PROGRAM_1.NC,2,100,0,1,100,6420.0,714646.266000001,4,342.719654142199,5,214.645185878653,24,-323.759790509613,916.3333333333334,7.936666666666666,UNAVAILABLE,29.921000000000003,59.99,072B393C-87F5-4183-9ABC-0870E4B4F53B,0.9866666666666668,962A9D60-A315-4D3B-BF12-FDAA9EFBF2AF,0.782,2600.0,700.0,3.9,27.8,0.2,132.4333333333333,1100.0,100.0,7.5,22.3,0.1,1300.0,300.0,5.2,22.0,0.1,1500.0,400.0,4.0,24.5,0.1,6700.0,700.0,9.8,22.9,0.1,19400.0,3200.0,6.1,26.1,0.4
body_p1,15,Al6061_body15_p1,962A9D60-A315-4D3B-BF12-FDAA9EFBF2AF,7,576,2025-07-23 13:17:37.112830,20,0.0006680210239083,2406,1,45,30.001,AUTO,4,ARMED,100,125.7667,5,2660739.846,15,000454_D_A_PROGRAM_1.NC,55,100,0,0,100,6420.0,715366.477000001,4,342.686374982343,13,290.476841271167,37,-282.584823404219,951.0,8.303333333333333,UNAVAILABLE,30.303,60.0,072B393C-87F5-4183-9ABC-0870E4B4F53B,0.96,962A9D60-A315-4D3B-BF12-FDAA9EFBF2AF,0.7999999999999999,2100.0,600.0,3.3,30.9,0.3,132.7,200.0,100.0,3.7,22.3,0.1,300.0,100.0,4.4,22.4,0.1,1100.0,400.0,3.0,25.0,0.1,3000.0,300.0,9.0,23.3,0.1,12900.0,1800.0,7.1,27.5,0.3
body_p1,15,Al6061_body15_p1,962A9D60-A315-4D3B-BF12-FDAA9EFBF2AF,7,577,2025-07-23 13:17:38.113126,20,0.0006680210239083,2410,1,45,30.001,AUTO,4,ARMED,100,4.133333,5,2660739.846,15,000454_D_A_PROGRAM_1.NC,57,100,0,2,100,6420.0,715366.477000001,5,342.719711452439,5,290.647096968672,28,-323.667770406627,907.6666666666666,7.766666666666666,UNAVAILABLE,30.303,60.0,072B393C-87F5-4183-9ABC-0870E4B4F53B,0.91,962A9D60-A315-4D3B-BF12-FDAA9EFBF2AF,0.7999999999999999,2200.0,600.0,3.6,30.9,0.2,132.76666666666668,500.0,100.0,4.3,22.3,1.3,2100.0,200.0,9.1,22.4,0.1,13800.0,2200.0,6.3,25.0,0.2,6900.0,900.0,7.5,23.3,0.1,21600.0,3700.0,5.9,27.5,0.4
body_p1,15,Al6061_body15_p1,962A9D60-A315-4D3B-BF12-FDAA9EFBF2AF,7,578,2025-07-23 13:17:39.113433,20,0.0006680210239083,2414,1,45,30.001,AUTO,4,ARMED,100,19.21667,5,2660739.846,15,000454_D_A_PROGRAM_1.NC,58,100,0,2,100,6420.0,715366.477000001,5,418.721516161717,5,290.647096968672,27,-318.087302809472,962.3333333333334,7.956666666666666,UNAVAILABLE,30.304,60.0,072B393C-87F5-4183-9ABC-0870E4B4F53B,0.95,962A9D60-A315-4D3B-BF12-FDAA9EFBF2AF,0.7999999999999999,5100.0,700.0,6.8,30.9,0.2,132.7,800.0,100.0,5.8,22.3,0.1,700.0,100.0,5.5,22.4,0.1,1000.0,300.0,3.2,25.0,0.1,9800.0,1500.0,6.7,23.3,0.1,32300.0,5600.0,5.7,27.5,0.4
body_p1,15,Al6061_body15_p1,962A9D60-A315-4D3B-BF12-FDAA9EFBF2AF,7,579,2025-07-23 13:17:40.113676,20,0.0006680210239083,2417,1,45,30.001,AUTO,4,ARMED,100,369.6333,5,2660739.846,15,000454_D_A_PROGRAM_1.NC,59,100,0,1,100,6420.0,715366.477000001,5,418.721504715769,49,269.533358679515,38,-283.506834291537,890.3333333333334,8.549999999999999,UNAVAILABLE,30.304,60.0,072B393C-87F5-4183-9ABC-0870E4B4F53B,0.7766666666666667,962A9D60-A315-4D3B-BF12-FDAA9EFBF2AF,0.7999999999999999,2700.0,600.0,4.3,30.9,0.2,132.73333333333332,300.0,100.0,3.8,22.3,0.1,300.0,100.0,3.6,22.4,0.1,1100.0,300.0,3.3,25.0,0.1,8000.0,500.0,17.0,23.3,0.1,10500.0,900.0,11.4,27.5,0.2
body_p1,15,Al6061_body15_p1,962A9D60-A315-4D3B-BF12-FDAA9EFBF2AF,7,580,2025-07-23 13:17:41.113888,20,0.0006680210239083,2420,1,45,30.001,AUTO,4,ARMED,100,16.76667,5,2660739.846,15,000454_D_A_PROGRAM_1.NC,0,100,0,0,100,6420.0,715366.477000001,5,418.721493269822,5,214.645185878653,24,-323.745431134027,1210.0,11.353333333333332,UNAVAILABLE,30.304,60.0,072B393C-87F5-4183-9ABC-0870E4B4F53B,0.7866666666666666,962A9D60-A315-4D3B-BF12-FDAA9EFBF2AF,0.7999999999999999,2300.0,600.0,3.8,30.9,0.2,132.5666666666667,400.0,100.0,4.7,22.3,0.6,4100.0,600.0,6.4,22.4,0.1,36600.0,4800.0,7.6,25.0,0.2,6800.0,900.0,7.2,23.3,0.1,20200.0,3400.0,5.9,27.5,0.4
body_p1,15,Al6061_body15_p1,962A9D60-A315-4D3B-BF12-FDAA9EFBF2AF,7,581,2025-07-23 13:17:42.114181,20,0.0006680210239083,2423,1,45,30.001,AUTO,4,ARMED,100,10.08333,5,2660739.846,15,000454_D_A_PROGRAM_1.NC,1,100,0,0,100,6420.0,715366.477000001,5,342.719688473709,5,214.645208765451,18,-315.711454632162,1001.3333333333334,9.05,UNAVAILABLE,30.304,60.0,072B393C-87F5-4183-9ABC-0870E4B4F53B,0.9633333333333334,962A9D60-A315-4D3B-BF12-FDAA9EFBF2AF,0.7999999999999999,3900.0,700.0,5.7,30.9,0.2,132.7,900.0,100.0,6.0,22.3,0.1,700.0,100.0,5.6,22.4,0.1,1300.0,400.0,3.3,25.0,0.1,12500.0,1500.0,8.5,23.3,0.1,31900.0,5600.0,5.7,27.5,0.4
body_p1,16,Al6061_body16_p1,962A9D60-A315-4D3B-BF12-FDAA9EFBF2AF,7,567,2025-07-29 10:21:51.245241,7,0.0006680210239097,2408,1,3,30.001,AUTO,4,ARMED,100,19.53333,5,2701451.554,25,000454_D_A_PROGRAM_1.NC,57,100,0,2,100,6420.0,732659.742,5,342.719700008405,6,290.647131301339,23,-317.216514340676,880.6666666666666,7.473333333333333,UNAVAILABLE,38.782,59.98,072B393C-87F5-4183-9ABC-0870E4B4F53B,0.9366666666666666,962A9D60-A315-4D3B-BF12-FDAA9EFBF2AF,1.098666666666667,2400.0,600.0,3.9,24.5,0.2,132.26666666666668,500.0,100.0,5.0,22.2,0.1,300.0,100.0,3.5,20.8,0.1,900.0,300.0,3.4,23.8,0.1,6000.0,400.0,14.8,21.9,0.1,5400.0,600.0,8.4,24.6,0.2
body_p1,16,Al6061_body16_p1,962A9D60-A315-4D3B-BF12-FDAA9EFBF2AF,7,568,2025-07-29 10:21:52.245531,7,0.0006680210239097,2412,1,3,30.001,AUTO,4,ARMED,100,290.0667,5,2701451.554,25,000454_D_A_PROGRAM_1.NC,58,100,0,2,100,6420.0,732659.742,2,415.054612256672,6,290.647085524449,40,-283.507683335624,884.3333333333334,7.563333333333333,UNAVAILABLE,38.78233333333333,59.98,072B393C-87F5-4183-9ABC-0870E4B4F53B,0.9666666666666668,962A9D60-A315-4D3B-BF12-FDAA9EFBF2AF,1.098666666666667,2900.0,700.0,4.4,24.5,0.2,132.29999999999998,400.0,100.0,5.8,22.2,0.1,1300.0,200.0,6.8,20.8,0.1,1200.0,300.0,4.1,23.8,0.1,6600.0,900.0,7.6,21.9,0.1,18700.0,3600.0,5.2,24.6,0.4
body_p1,16,Al6061_body16_p1,962A9D60-A315-4D3B-BF12-FDAA9EFBF2AF,7,569,2025-07-29 10:21:53.245680,7,0.0006680210239097,2414,1,3,30.001,AUTO,4,ARMED,100,9.866667,5,2701451.554,25,000454_D_A_PROGRAM_1.NC,59,100,0,0,100,6420.0,732659.742,5,418.721504715769,6,290.647108412894,77,-316.423824778865,977.0,8.62,UNAVAILABLE,38.78233333333333,59.98,072B393C-87F5-4183-9ABC-0870E4B4F53B,0.7599999999999999,962A9D60-A315-4D3B-BF12-FDAA9EFBF2AF,1.098666666666667,3100.0,700.0,4.2,24.5,0.2,132.26666666666668,400.0,100.0,4.4,22.2,0.3,2000.0,200.0,8.8,20.8,0.1,27200.0,3500.0,7.9,23.8,0.2,9900.0,1400.0,7.3,21.9,0.1,33500.0,5700.0,5.8,24.6,0.4
body_p1,16,Al6061_body16_p1,962A9D60-A315-4D3B-BF12-FDAA9EFBF2AF,7,570,2025-07-29 10:21:54.245955,7,0.0006680210239097,2419,1,3,30.001,AUTO,4,ARMED,100,19.55,5,2701451.554,25,000454_D_A_PROGRAM_1.NC,0,100,0,0,100,6420.0,732659.742,5,418.721493269822,5,214.645105774858,29,-314.86439798403,1250.0,11.77,UNAVAILABLE,38.78233333333333,59.98,072B393C-87F5-4183-9ABC-0870E4B4F53B,0.9,962A9D60-A315-4D3B-BF12-FDAA9EFBF2AF,1.098666666666667,2600.0,600.0,4.2,24.5,0.2,132.16666666666666,400.0,100.0,4.6,22.2,0.1,300.0,100.0,3.4,20.8,0.1,1100.0,300.0,3.1,23.8,0.1,4900.0,300.0,14.7,21.9,0.1,5700.0,600.0,8.9,24.6,0.2
body_p1,16,Al6061_body16_p1,962A9D60-A315-4D3B-BF12-FDAA9EFBF2AF,7,571,2025-07-29 10:21:55.246231,7,0.0006680210239097,2422,1,3,30.001,AUTO,4,ARMED,100,296.5333,5,2701451.554,25,000454_D_A_PROGRAM_1.NC,1,100,0,1,100,6420.0,732659.742,49,364.035396030376,5,214.645208765451,40,-283.506811405873,903.0,7.780000000000001,UNAVAILABLE,38.78266666666666,59.98,072B393C-87F5-4183-9ABC-0870E4B4F53B,0.9833333333333334,962A9D60-A315-4D3B-BF12-FDAA9EFBF2AF,1.098666666666667,2500.0,600.0,4.1,24.5,0.2,132.33333333333334,400.0,100.0,4.8,22.2,0.1,1600.0,300.0,5.8,20.8,0.1,1300.0,400.0,3.8,23.8,0.1,6100.0,800.0,7.7,21.9,0.1,18200.0,3600.0,5.1,24.6,0.4
body_p1,16,Al6061_body16_p1,962A9D60-A315-4D3B-BF12-FDAA9EFBF2AF,7,572,2025-07-29 10:21:56.246516,7,0.0006680210239097,2425,1,3,30.001,AUTO,4,ARMED,100,9.783333,5,2701451.554,25,000454_D_A_PROGRAM_1.NC,2,100,0,2,100,6420.0,732659.742,4,342.719722805219,5,214.645197322052,47,-323.758486071446,868.3333333333334,7.403333333333333,UNAVAILABLE,38.78366666666667,59.98,072B393C-87F5-4183-9ABC-0870E4B4F53B,0.8133333333333334,962A9D60-A315-4D3B-BF12-FDAA9EFBF2AF,1.098666666666667,3200.0,700.0,4.4,24.5,0.2,132.33333333333334,300.0,100.0,3.9,22.2,0.1,700.0,100.0,5.4,20.9,0.1,1100.0,300.0,3.5,23.8,0.1,9800.0,1300.0,7.4,21.9,0.1,33600.0,5700.0,5.9,24.6,0.4
body_p1,18,Al6061_body18_p1,962A9D60-A315-4D3B-BF12-FDAA9EFBF2AF,6,560,2025-07-29 11:02:23.540634,7,0.0006680210239097,25,1,3,30.0005,AUTO,4,ARMED,100,0.0,5,2703612.886,18,O9735.FNC,2,100,0,0,100,6420.0,734461.305000001,4,338.038403936291,5,266.895599315208,37,-280.966891748024,949.3333333333334,8.356666666666667,UNAVAILABLE,39.55,60.02,072B393C-87F5-4183-9ABC-0870E4B4F53B,0.94,962A9D60-A315-4D3B-BF12-FDAA9EFBF2AF,1.132,1900.0,600.0,3.5,30.6,0.2,132.6,300.0,100.0,4.8,21.6,0.3,300.0,100.0,3.5,21.8,0.1,1100.0,400.0,3.2,24.5,0.1,600.0,200.0,3.8,22.6,0.1,700.0,300.0,2.8,26.8,0.2
body_p1,18,Al6061_body18_p1,962A9D60-A315-4D3B-BF12-FDAA9EFBF2AF,6,561,2025-07-29 11:02:24.540940,7,0.0006680210239097,2408,1,3,30.0005,AUTO,4,ARMED,100,0.0,5,2703612.886,18,000454_D_A_PROGRAM_1.NC,3,100,0,0,100,6420.0,734461.305000001,5,342.719700008405,6,290.647142745561,12,-317.098919393254,912.3333333333334,7.833333333333333,UNAVAILABLE,39.55033333333333,60.02,072B393C-87F5-4183-9ABC-0870E4B4F53B,0.9133333333333332,962A9D60-A315-4D3B-BF12-FDAA9EFBF2AF,1.132,2400.0,600.0,3.9,30.6,0.2,132.6,300.0,100.0,3.7,21.6,0.1,300.0,100.0,3.3,21.8,0.1,1000.0,300.0,2.9,24.5,0.1,5600.0,400.0,12.7,22.6,0.1,6700.0,600.0,10.3,26.8,0.2
body_p1,18,Al6061_body18_p1,962A9D60-A315-4D3B-BF12-FDAA9EFBF2AF,6,562,2025-07-29 11:02:25.541087,7,0.0006680210239097,2412,1,3,30.0005,AUTO,4,ARMED,100,75.33333,5,2703612.886,18,000454_D_A_PROGRAM_1.NC,4,100,0,2,100,6420.0,734461.305000001,31,414.146879933762,5,290.647085524449,39,-283.50631021946,963.6666666666666,8.513333333333334,UNAVAILABLE,39.55033333333333,60.02,072B393C-87F5-4183-9ABC-0870E4B4F53B,1.0,962A9D60-A315-4D3B-BF12-FDAA9EFBF2AF,1.132,2400.0,600.0,4.1,30.6,0.2,132.6,400.0,100.0,5.1,21.6,0.1,1100.0,200.0,5.9,21.8,0.1,1200.0,300.0,3.8,24.5,0.1,7500.0,1000.0,7.8,22.6,0.1,19800.0,3500.0,5.7,26.8,0.4
body_p1,18,Al6061_body18_p1,962A9D60-A315-4D3B-BF12-FDAA9EFBF2AF,6,563,2025-07-29 11:02:26.541237,7,0.0006680210239097,2414,1,3,30.0005,AUTO,4,ARMED,100,18.43333,5,2703612.886,18,000454_D_A_PROGRAM_1.NC,5,100,0,0,100,6420.0,734461.305000001,5,418.721516161717,5,290.647096968672,24,-317.406833362237,963.6666666666666,8.513333333333334,UNAVAILABLE,39.55033333333333,60.02,072B393C-87F5-4183-9ABC-0870E4B4F53B,1.0,962A9D60-A315-4D3B-BF12-FDAA9EFBF2AF,1.132,4200.0,700.0,5.9,30.6,0.2,132.6,400.0,100.0,4.2,21.6,0.3,2000.0,200.0,8.2,21.8,0.1,27900.0,3200.0,8.6,24.5,0.2,11000.0,1400.0,7.7,22.6,0.1,32200.0,5800.0,5.6,26.8,0.5
body_p1,18,Al6061_body18_p1,962A9D60-A315-4D3B-BF12-FDAA9EFBF2AF,6,564,2025-07-29 11:02:27.541430,7,0.0006680210239097,2419,1,3,30.0005,AUTO,4,ARMED,100,14.81667,5,2703612.886,18,000454_D_A_PROGRAM_1.NC,6,100,0,2,100,6420.0,734461.305000001,5,418.721493269822,6,214.645128661656,28,-316.762211314743,899.6666666666666,7.82,UNAVAILABLE,39.55033333333333,60.02,072B393C-87F5-4183-9ABC-0870E4B4F53B,0.8566666666666668,962A9D60-A315-4D3B-BF12-FDAA9EFBF2AF,1.132,2400.0,600.0,3.9,30.6,0.2,132.63333333333333,300.0,100.0,4.1,21.6,0.1,300.0,100.0,3.8,21.8,0.1,1300.0,400.0,3.3,24.5,0.1,4100.0,400.0,10.8,22.6,0.1,6400.0,700.0,9.4,26.8,0.2
body_p1,18,Al6061_body18_p1,962A9D60-A315-4D3B-BF12-FDAA9EFBF2AF,6,565,2025-07-29 11:02:28.541582,7,0.0006680210239097,2422,1,3,30.0005,AUTO,4,ARMED,100,379.7667,5,2703612.886,18,000454_D_A_PROGRAM_1.NC,7,100,0,2,100,6420.0,734461.305000001,35,366.161250879411,5,214.645197322052,40,-283.506822848705,1218.0,11.163333333333332,UNAVAILABLE,39.551,60.02,072B393C-87F5-4183-9ABC-0870E4B4F53B,0.6699999999999999,962A9D60-A315-4D3B-BF12-FDAA9EFBF2AF,1.132,2800.0,600.0,4.5,30.6,0.2,132.46666666666667,500.0,100.0,5.8,21.6,0.1,1500.0,300.0,5.9,21.8,0.1,1400.0,400.0,3.7,24.5,0.1,6500.0,900.0,7.3,22.6,0.1,19900.0,3500.0,5.8,26.8,0.4
body_p1,18,Al6061_body18_p1,962A9D60-A315-4D3B-BF12-FDAA9EFBF2AF,6,566,2025-07-29 11:02:29.541794,7,0.0006680210239097,2424,1,3,30.0005,AUTO,4,ARMED,100,2.4,5,2703612.886,18,000454_D_A_PROGRAM_1.NC,8,100,0,0,100,6420.0,734461.305000001,4,342.719699917546,5,214.645208765451,65,-319.922121979325,995.6666666666666,8.99,UNAVAILABLE,39.55133333333333,60.02,072B393C-87F5-4183-9ABC-0870E4B4F53B,0.9833333333333334,962A9D60-A315-4D3B-BF12-FDAA9EFBF2AF,1.132,3200.0,700.0,4.9,30.6,0.3,132.56666666666663,300.0,100.0,4.8,21.6,0.1,700.0,100.0,5.5,21.8,0.1,1400.0,400.0,3.8,24.5,0.1,9700.0,1400.0,6.8,22.6,0.1,33600.0,5700.0,5.9,26.8,0.4
body_p1,19,Al6061_body19_p1,962A9D60-A315-4D3B-BF12-FDAA9EFBF2AF,6,553,2025-07-29 11:22:13.409095,7,0.0006680210239097,4,1,3,30.0005,AUTO,4,ARMED,100,0.0,5,2705054.063,19,O9735.FNC,6,100,0,1,100,6420.0,735181.909999999,4,338.038392492454,5,266.89561075946,38,-280.966880305192,948.3333333333334,8.303333333333333,UNAVAILABLE,39.93,59.99,072B393C-87F5-4183-9ABC-0870E4B4F53B,0.9133333333333334,962A9D60-A315-4D3B-BF12-FDAA9EFBF2AF,1.149,2400.0,600.0,4.1,32.2,0.2,132.70000000000002,400.0,100.0,4.6,21.8,0.7,800.0,100.0,8.0,22.0,0.1,12300.0,2100.0,6.0,24.6,0.2,600.0,200.0,3.5,22.9,0.1,800.0,300.0,2.8,27.1,0.2
body_p1,19,Al6061_body19_p1,962A9D60-A315-4D3B-BF12-FDAA9EFBF2AF,6,554,2025-07-29 11:22:14.409420,7,0.0006680210239097,2409,1,3,30.0005,AUTO,4,ARMED,100,19.55,5,2705054.063,19,000454_D_A_PROGRAM_1.NC,7,100,0,2,100,6420.0,735181.909999999,5,342.719711452439,6,290.647142745561,25,-316.849666621072,974.3333333333334,8.513333333333334,UNAVAILABLE,39.93,59.99,072B393C-87F5-4183-9ABC-0870E4B4F53B,0.92,962A9D60-A315-4D3B-BF12-FDAA9EFBF2AF,1.149,2300.0,600.0,3.8,32.2,0.2,132.70000000000002,400.0,100.0,3.9,21.8,0.1,400.0,100.0,4.1,22.0,0.1,1100.0,300.0,3.1,24.6,0.1,900.0,200.0,4.9,22.9,0.1,6300.0,500.0,12.0,27.1,0.2
body_p1,19,Al6061_body19_p1,962A9D60-A315-4D3B-BF12-FDAA9EFBF2AF,6,555,2025-07-29 11:22:15.409710,7,0.0006680210239097,2412,1,3,30.0005,AUTO,4,ARMED,100,213.5,5,2705054.063,19,000454_D_A_PROGRAM_1.NC,8,100,0,0,100,6420.0,735181.909999999,90,411.793856357403,6,290.647085524449,39,-283.506834291537,1201.6666666666667,11.296666666666669,UNAVAILABLE,39.93,59.99,072B393C-87F5-4183-9ABC-0870E4B4F53B,1.0,962A9D60-A315-4D3B-BF12-FDAA9EFBF2AF,1.149,2700.0,600.0,4.2,32.2,0.2,132.53333333333333,300.0,100.0,4.0,21.8,0.1,900.0,100.0,6.3,22.0,0.1,1100.0,300.0,3.2,24.6,0.1,9400.0,1000.0,9.2,22.9,0.1,18700.0,3500.0,5.3,27.1,0.4
body_p1,19,Al6061_body19_p1,962A9D60-A315-4D3B-BF12-FDAA9EFBF2AF,6,556,2025-07-29 11:22:16.410044,7,0.0006680210239097,2416,1,3,30.0005,AUTO,4,ARMED,100,193.95,5,2705054.063,19,000454_D_A_PROGRAM_1.NC,9,100,0,0,100,6420.0,735181.909999999,5,418.721493269822,5,290.647085524449,25,-319.345091169388,1201.6666666666667,11.296666666666669,UNAVAILABLE,39.93,59.99,072B393C-87F5-4183-9ABC-0870E4B4F53B,1.0,962A9D60-A315-4D3B-BF12-FDAA9EFBF2AF,1.149,3000.0,600.0,4.6,32.2,0.3,132.53333333333333,400.0,100.0,4.0,21.8,0.4,4600.0,500.0,9.9,22.0,0.1,33900.0,5900.0,5.7,24.6,0.2,10900.0,1400.0,7.7,22.9,0.1,33000.0,5700.0,5.8,27.1,0.4
body_p1,19,Al6061_body19_p1,962A9D60-A315-4D3B-BF12-FDAA9EFBF2AF,6,557,2025-07-29 11:22:17.410378,7,0.0006680210239097,2418,1,3,30.0005,AUTO,4,ARMED,100,11.3,5,2705054.063,19,000454_D_A_PROGRAM_1.NC,10,100,0,2,100,6420.0,735181.909999999,5,418.721493269822,6,214.645128661656,17,-316.507992481728,885.3333333333334,7.669999999999999,UNAVAILABLE,39.93066666666667,59.99,072B393C-87F5-4183-9ABC-0870E4B4F53B,0.9433333333333334,962A9D60-A315-4D3B-BF12-FDAA9EFBF2AF,1.149,2300.0,600.0,3.8,32.2,0.2,132.70000000000002,300.0,100.0,3.5,21.8,0.1,300.0,100.0,3.4,22.0,0.1,1200.0,400.0,3.0,24.6,0.1,800.0,200.0,4.5,22.9,0.1,2600.0,500.0,5.2,27.1,0.2
body_p1,19,Al6061_body19_p1,962A9D60-A315-4D3B-BF12-FDAA9EFBF2AF,6,558,2025-07-29 11:22:18.410707,7,0.0006680210239097,2423,1,3,30.0005,AUTO,4,ARMED,100,119.3,5,2705054.063,19,000454_D_A_PROGRAM_1.NC,12,100,0,0,100,6420.0,735181.909999999,56,344.582699326611,5,214.645208765451,39,-283.55054744522,958.0,7.786666666666666,UNAVAILABLE,39.931333333333335,59.99,072B393C-87F5-4183-9ABC-0870E4B4F53B,0.9533333333333333,962A9D60-A315-4D3B-BF12-FDAA9EFBF2AF,1.149,2600.0,600.0,4.2,32.2,0.2,132.70000000000002,200.0,100.0,3.8,21.8,0.1,1300.0,200.0,8.0,22.0,0.1,1200.0,400.0,3.3,24.6,0.1,8000.0,1000.0,7.9,22.9,0.1,19400.0,3500.0,5.5,27.1,0.4
body_p1,19,Al6061_body19_p1,962A9D60-A315-4D3B-BF12-FDAA9EFBF2AF,6,559,2025-07-29 11:22:19.410866,7,0.0006680210239097,2426,1,3,30.0005,AUTO,4,ARMED,100,80.43333,5,2705054.063,19,000454_D_A_PROGRAM_1.NC,13,100,0,2,100,6420.0,735181.909999999,4,342.719699917546,5,214.645197322052,98,-323.759744739853,953.6666666666666,8.41,UNAVAILABLE,39.93166666666667,59.99,072B393C-87F5-4183-9ABC-0870E4B4F53B,0.7766666666666667,962A9D60-A315-4D3B-BF12-FDAA9EFBF2AF,1.149,3100.0,700.0,4.5,32.2,0.3,132.66666666666666,200.0,100.0,4.0,21.8,0.1,700.0,100.0,5.8,22.0,0.1,1300.0,400.0,3.5,24.6,0.1,10200.0,1600.0,6.4,22.9,0.1,33300.0,5700.0,5.9,27.1,0.4
body_p1,20,Al6061_body20_p1,962A9D60-A315-4D3B-BF12-FDAA9EFBF2AF,6,532,2025-07-29 11:41:52.673182,7,0.0006680210239097,2408,1,3,30.0005,AUTO,4,ARMED,100,137.3667,5,2706135.458,20,000454_D_A_PROGRAM_1.NC,47,100,0,1,100,6420.0,736262.768000002,6,342.719768672607,7,290.647222855119,7,-313.637128733683,898.3333333333334,7.793333333333334,UNAVAILABLE,40.30733333333333,59.95000000000001,072B393C-87F5-4183-9ABC-0870E4B4F53B,0.85,962A9D60-A315-4D3B-BF12-FDAA9EFBF2AF,1.166,2500.0,600.0,3.9,33.6,0.2,132.73333333333335,400.0,100.0,4.2,22.1,0.9,800.0,100.0,6.4,22.3,0.1,1600.0,300.0,4.9,24.9,0.1,9500.0,1100.0,8.6,23.0,0.1,20600.0,3800.0,5.5,28.1,0.4
body_p1,20,Al6061_body20_p1,962A9D60-A315-4D3B-BF12-FDAA9EFBF2AF,6,533,2025-07-29 11:41:53.673332,7,0.0006680210239097,2412,1,3,30.0005,AUTO,4,ARMED,100,93.93333,5,2706135.458,20,000454_D_A_PROGRAM_1.NC,48,100,0,1,100,6420.0,736262.768000002,4,342.719711452439,6,290.647096968672,91,-302.561895927265,891.3333333333334,7.73,UNAVAILABLE,40.30766666666667,59.95000000000001,072B393C-87F5-4183-9ABC-0870E4B4F53B,0.88,962A9D60-A315-4D3B-BF12-FDAA9EFBF2AF,1.166,3600.0,600.0,5.6,33.6,0.2,132.63333333333333,400.0,100.0,3.9,22.1,0.2,1200.0,200.0,6.3,22.3,0.1,1300.0,400.0,3.7,24.9,0.1,12200.0,1500.0,8.2,23.0,0.1,37800.0,5700.0,6.6,28.1,0.4
body_p1,20,Al6061_body20_p1,962A9D60-A315-4D3B-BF12-FDAA9EFBF2AF,6,534,2025-07-29 11:41:54.673480,7,0.0006680210239097,2414,1,3,30.0005,AUTO,4,ARMED,100,19.55,5,2706135.458,20,000454_D_A_PROGRAM_1.NC,49,100,0,0,100,6420.0,736262.768000002,5,418.721516161717,6,290.647108412894,26,-320.077320099154,1136.0,10.283333333333331,UNAVAILABLE,40.308,59.95000000000001,072B393C-87F5-4183-9ABC-0870E4B4F53B,0.6966666666666667,962A9D60-A315-4D3B-BF12-FDAA9EFBF2AF,1.166,2700.0,700.0,4.1,33.6,0.2,132.53333333333333,400.0,100.0,2.7,22.1,0.2,300.0,100.0,3.8,22.3,0.1,1100.0,400.0,3.2,24.9,0.2,1900.0,200.0,8.3,23.0,0.1,3000.0,600.0,5.0,28.1,0.2
body_p1,20,Al6061_body20_p1,962A9D60-A315-4D3B-BF12-FDAA9EFBF2AF,6,535,2025-07-29 11:41:55.673631,7,0.0006680210239097,2418,1,3,30.0005,AUTO,4,ARMED,100,212.5833,5,2706135.458,20,000454_D_A_PROGRAM_1.NC,50,100,0,1,100,6420.0,736262.768000002,5,418.721504715769,8,214.659387137177,23,-287.323412959384,1041.0,9.543333333333337,UNAVAILABLE,40.308,59.95000000000001,072B393C-87F5-4183-9ABC-0870E4B4F53B,0.9666666666666668,962A9D60-A315-4D3B-BF12-FDAA9EFBF2AF,1.166,3000.0,600.0,4.8,33.6,0.2,132.56666666666663,300.0,100.0,3.6,22.1,0.6,2000.0,200.0,9.8,22.3,0.1,1900.0,400.0,4.9,24.9,0.1,8400.0,1000.0,8.1,23.0,0.1,20400.0,3500.0,5.8,28.1,0.4
body_p1,20,Al6061_body20_p1,962A9D60-A315-4D3B-BF12-FDAA9EFBF2AF,6,536,2025-07-29 11:41:56.673781,7,0.0006680210239097,2421,1,3,30.0005,AUTO,4,ARMED,100,122.1167,5,2706135.458,20,000454_D_A_PROGRAM_1.NC,51,100,0,2,100,6420.0,736262.768000002,0,418.692869813166,5,214.645197322052,12,-285.587472999569,866.6666666666666,7.5,UNAVAILABLE,40.30833333333333,59.95000000000001,072B393C-87F5-4183-9ABC-0870E4B4F53B,0.79,962A9D60-A315-4D3B-BF12-FDAA9EFBF2AF,1.166,3300.0,700.0,4.8,33.6,0.3,132.70000000000002,800.0,200.0,5.3,22.1,0.3,1400.0,300.0,5.5,22.3,0.1,1500.0,400.0,3.8,24.9,0.1,10900.0,1500.0,7.4,23.0,0.1,32100.0,5700.0,5.6,28.1,0.5
body_p1,20,Al6061_body20_p1,962A9D60-A315-4D3B-BF12-FDAA9EFBF2AF,6,537,2025-07-29 11:41:57.673931,7,0.0006680210239097,2424,1,3,30.0005,AUTO,4,ARMED,100,19.55,5,2706135.458,20,000454_D_A_PROGRAM_1.NC,52,100,0,0,100,6420.0,736262.768000002,4,342.719711361382,5,214.645197322052,26,-318.727512725624,1070.0,9.873333333333331,UNAVAILABLE,40.30866666666667,59.95000000000001,072B393C-87F5-4183-9ABC-0870E4B4F53B,0.9233333333333332,962A9D60-A315-4D3B-BF12-FDAA9EFBF2AF,1.166,2800.0,600.0,4.5,33.6,0.3,132.63333333333333,400.0,100.0,3.6,22.1,0.2,400.0,100.0,3.8,22.3,0.1,1300.0,400.0,3.4,24.9,0.2,2100.0,200.0,9.3,23.0,0.1,3400.0,600.0,5.3,28.1,0.2
body_p1,21,Al6061_body21_p1,962A9D60-A315-4D3B-BF12-FDAA9EFBF2AF,7,544,2025-07-30 09:59:10.295447,2,0.0001678978379824,2408,1,20,30.0005,AUTO,4,ARMED,100,7.483333,5,2723069.61,21,000454_D_A_PROGRAM_1.NC,54,100,0,3,100,6420.0,745629.376,6,342.719722896473,7,290.647188522451,71,-314.300063527288,920.3333333333334,7.926666666666667,UNAVAILABLE,44.58133333333333,60.01,072B393C-87F5-4183-9ABC-0870E4B4F53B,0.9166666666666666,962A9D60-A315-4D3B-BF12-FDAA9EFBF2AF,1.3443333333333334,3200.0,700.0,4.7,27.5,0.2,132.86666666666667,500.0,100.0,5.0,22.4,0.1,500.0,100.0,5.5,21.5,0.1,1100.0,300.0,3.7,24.4,0.1,8000.0,1000.0,7.9,22.3,0.1,22500.0,3000.0,7.6,25.5,0.4
body_p1,21,Al6061_body21_p1,962A9D60-A315-4D3B-BF12-FDAA9EFBF2AF,7,545,2025-07-30 09:59:11.295806,2,0.0001678978379824,2412,1,20,30.001,AUTO,4,ARMED,100,177.1,5,2723069.61,21,000454_D_A_PROGRAM_1.NC,55,100,0,1,100,6420.0,745629.376,91,366.288602432409,6,290.647108412894,40,-283.506811405873,962.3333333333334,8.35,UNAVAILABLE,44.58133333333333,60.01,072B393C-87F5-4183-9ABC-0870E4B4F53B,0.9266666666666666,962A9D60-A315-4D3B-BF12-FDAA9EFBF2AF,1.3443333333333334,3300.0,700.0,4.7,27.5,0.2,132.86666666666667,800.0,100.0,6.5,22.4,0.1,1100.0,200.0,5.9,21.5,0.1,1200.0,300.0,3.8,24.4,0.1,6800.0,700.0,10.2,22.3,0.1,17700.0,2700.0,6.7,25.5,0.3
body_p1,21,Al6061_body21_p1,962A9D60-A315-4D3B-BF12-FDAA9EFBF2AF,7,546,2025-07-30 09:59:12.296103,2,0.0001678978379824,2414,1,20,30.001,AUTO,4,ARMED,100,19.55,5,2723069.61,21,000454_D_A_PROGRAM_1.NC,56,100,0,0,100,6420.0,745629.376,6,418.721527607665,5,290.647108412894,23,-323.758761689028,1056.6666666666667,9.659999999999998,UNAVAILABLE,44.582,60.01,072B393C-87F5-4183-9ABC-0870E4B4F53B,0.9933333333333332,962A9D60-A315-4D3B-BF12-FDAA9EFBF2AF,1.3443333333333334,3300.0,700.0,4.6,27.5,0.2,132.86666666666667,600.0,100.0,5.8,22.4,0.2,800.0,100.0,6.2,21.5,0.1,7500.0,700.0,11.2,24.4,0.1,9900.0,1200.0,8.3,22.3,0.1,32200.0,5600.0,5.8,25.5,0.4
body_p1,21,Al6061_body21_p1,962A9D60-A315-4D3B-BF12-FDAA9EFBF2AF,7,547,2025-07-30 09:59:13.296467,2,0.0001678978379824,2418,1,20,30.001,AUTO,4,ARMED,100,47.75,5,2723069.61,21,000454_D_A_PROGRAM_1.NC,57,100,0,0,100,6420.0,745629.376,5,418.721493269822,7,214.645082888059,54,-314.236843513226,866.3333333333334,7.37,UNAVAILABLE,44.582,60.01,072B393C-87F5-4183-9ABC-0870E4B4F53B,0.7966666666666665,962A9D60-A315-4D3B-BF12-FDAA9EFBF2AF,1.3443333333333334,2700.0,700.0,4.2,27.5,0.2,132.86666666666667,400.0,100.0,4.5,22.4,0.1,500.0,100.0,6.1,21.5,0.1,1400.0,300.0,3.9,24.4,0.1,7500.0,1000.0,7.9,22.3,0.1,19900.0,2900.0,6.8,25.5,0.4
body_p1,21,Al6061_body21_p1,962A9D60-A315-4D3B-BF12-FDAA9EFBF2AF,7,548,2025-07-30 09:59:14.296760,2,0.0001678978379824,2422,1,20,30.001,AUTO,4,ARMED,100,341.85,5,2723069.61,21,000454_D_A_PROGRAM_1.NC,58,100,0,1,100,6420.0,745629.376,79,412.10745183914,5,214.645185878653,40,-283.506799963041,1131.6666666666667,10.28,UNAVAILABLE,44.58233333333333,60.01,072B393C-87F5-4183-9ABC-0870E4B4F53B,0.7266666666666667,962A9D60-A315-4D3B-BF12-FDAA9EFBF2AF,1.3443333333333334,3500.0,700.0,4.8,27.5,0.2,132.83333333333334,800.0,100.0,7.4,22.4,0.1,1500.0,300.0,5.6,21.5,0.1,1500.0,400.0,3.8,24.4,0.1,8100.0,800.0,10.7,22.3,0.1,18600.0,2500.0,7.3,25.5,0.3
body_p1,21,Al6061_body21_p1,962A9D60-A315-4D3B-BF12-FDAA9EFBF2AF,7,549,2025-07-30 09:59:15.297073,2,0.0001678978379824,2424,1,20,30.001,AUTO,4,ARMED,100,9.75,5,2723069.61,21,000454_D_A_PROGRAM_1.NC,59,100,0,0,100,6420.0,745629.376,5,342.719711361382,5,214.645197322052,23,-323.257135560086,1070.0,9.573333333333332,UNAVAILABLE,44.58266666666666,60.0,072B393C-87F5-4183-9ABC-0870E4B4F53B,0.7066666666666667,962A9D60-A315-4D3B-BF12-FDAA9EFBF2AF,1.3443333333333334,3300.0,700.0,4.5,27.5,0.2,132.76666666666668,300.0,100.0,3.8,22.4,0.1,700.0,100.0,5.4,21.5,0.1,1400.0,400.0,3.8,24.4,0.1,10400.0,1100.0,9.3,22.3,0.1,33200.0,5500.0,6.1,25.5,0.4
body_p1,22,Al6061_body22_p1,962A9D60-A315-4D3B-BF12-FDAA9EFBF2AF,6,572,2025-07-30 10:18:38.011041,2,0.0001678978379824,29,1,20,30.001,AUTO,4,ARMED,100,0.0,5,2724150.152,22,O9735.FNC,53,100,0,0,100,6420.0,746710.146,5,338.038403936291,5,266.89561075946,37,-280.966891748024,927.0,7.989999999999999,UNAVAILABLE,44.95533333333333,59.98,072B393C-87F5-4183-9ABC-0870E4B4F53B,0.8033333333333333,962A9D60-A315-4D3B-BF12-FDAA9EFBF2AF,1.3596666666666666,2200.0,600.0,3.9,30.5,0.2,132.70000000000002,300.0,100.0,4.4,22.4,0.2,300.0,100.0,3.6,21.9,0.1,2400.0,400.0,6.8,24.9,0.1,700.0,200.0,4.3,22.7,0.1,700.0,300.0,2.8,26.9,0.2
body_p1,22,Al6061_body22_p1,962A9D60-A315-4D3B-BF12-FDAA9EFBF2AF,6,573,2025-07-30 10:18:39.011190,2,0.0001678978379824,2408,1,20,30.001,AUTO,4,ARMED,100,123.9167,5,2724150.152,22,000454_D_A_PROGRAM_1.NC,54,100,0,0,100,6420.0,746710.146,5,342.719722896473,6,290.647154189784,15,-316.219056993028,873.3333333333334,7.376666666666666,UNAVAILABLE,44.956,59.98,072B393C-87F5-4183-9ABC-0870E4B4F53B,0.8233333333333333,962A9D60-A315-4D3B-BF12-FDAA9EFBF2AF,1.3596666666666666,2500.0,600.0,4.0,30.5,0.2,132.70000000000002,300.0,100.0,3.9,22.4,0.1,300.0,100.0,3.6,21.9,0.1,1100.0,300.0,3.5,24.9,0.1,800.0,200.0,4.6,22.7,0.1,2200.0,500.0,4.7,26.9,0.1
body_p1,22,Al6061_body22_p1,962A9D60-A315-4D3B-BF12-FDAA9EFBF2AF,6,574,2025-07-30 10:18:40.011474,2,0.0001678978379824,2412,1,20,30.001,AUTO,4,ARMED,100,325.1833,5,2724150.152,22,000454_D_A_PROGRAM_1.NC,55,100,0,1,100,6420.0,746710.146,24,415.124684348075,6,290.647085524449,39,-283.50801517203,903.3333333333334,7.760000000000001,UNAVAILABLE,44.95633333333333,59.98,072B393C-87F5-4183-9ABC-0870E4B4F53B,0.8066666666666666,962A9D60-A315-4D3B-BF12-FDAA9EFBF2AF,1.3596666666666666,2900.0,600.0,4.6,30.5,0.2,132.66666666666666,1000.0,100.0,7.5,22.4,0.1,1000.0,200.0,5.5,21.9,0.1,1200.0,300.0,4.0,24.9,0.1,6500.0,700.0,8.8,22.7,0.1,19300.0,3300.0,5.9,27.0,0.4
body_p1,22,Al6061_body22_p1,962A9D60-A315-4D3B-BF12-FDAA9EFBF2AF,6,575,2025-07-30 10:18:41.011626,2,0.0006680210239083,2414,1,20,30.001,AUTO,4,ARMED,100,19.55,5,2724150.152,22,000454_D_A_PROGRAM_1.NC,56,100,0,1,100,6420.0,746710.146,6,418.721539053612,6,290.647108412894,24,-323.758830344247,926.0,7.976666666666666,UNAVAILABLE,44.95633333333333,59.98,072B393C-87F5-4183-9ABC-0870E4B4F53B,0.9366666666666666,962A9D60-A315-4D3B-BF12-FDAA9EFBF2AF,1.3596666666666666,2800.0,700.0,4.1,30.5,0.2,132.66666666666666,500.0,100.0,5.3,22.4,0.3,1700.0,200.0,10.0,21.9,0.1,22400.0,2800.0,8.0,24.9,0.2,10800.0,1400.0,7.8,22.7,0.1,33200.0,5700.0,5.8,27.0,0.5
body_p1,22,Al6061_body22_p1,962A9D60-A315-4D3B-BF12-FDAA9EFBF2AF,6,576,2025-07-30 10:18:42.011779,2,0.0001678978379824,2418,1,20,30.001,AUTO,4,ARMED,100,1.033333,5,2724150.152,22,000454_D_A_PROGRAM_1.NC,57,100,0,1,100,6420.0,746710.146,5,418.721493269822,6,214.645128661656,28,-316.884486259586,891.0,7.643333333333333,UNAVAILABLE,44.957,59.98,072B393C-87F5-4183-9ABC-0870E4B4F53B,0.7400000000000001,962A9D60-A315-4D3B-BF12-FDAA9EFBF2AF,1.3596666666666666,2700.0,600.0,4.2,30.5,0.2,132.76666666666668,400.0,100.0,4.3,22.4,0.1,300.0,100.0,4.2,21.9,0.1,1200.0,300.0,3.5,24.9,0.1,7900.0,600.0,13.0,22.7,0.1,13500.0,1100.0,12.1,27.0,0.2
body_p1,22,Al6061_body22_p1,962A9D60-A315-4D3B-BF12-FDAA9EFBF2AF,6,577,2025-07-30 10:18:43.011931,2,0.0001678978379824,2422,1,20,30.001,AUTO,4,ARMED,100,238.8833,5,2724150.152,22,000454_D_A_PROGRAM_1.NC,58,100,0,0,100,6420.0,746710.146,36,349.290041480384,5,214.645208765451,40,-283.506845734369,1214.3333333333333,11.13,UNAVAILABLE,44.95766666666666,59.98,072B393C-87F5-4183-9ABC-0870E4B4F53B,0.82,962A9D60-A315-4D3B-BF12-FDAA9EFBF2AF,1.3596666666666666,2900.0,600.0,4.5,30.5,0.2,132.53333333333333,900.0,100.0,7.7,22.4,0.1,1500.0,300.0,5.8,21.9,0.1,1600.0,300.0,4.6,24.9,0.1,8000.0,800.0,10.5,22.7,0.1,19000.0,3300.0,5.7,27.0,0.4
body_p1,22,Al6061_body22_p1,962A9D60-A315-4D3B-BF12-FDAA9EFBF2AF,6,578,2025-07-30 10:18:44.012035,2,0.0001678978379824,2424,1,20,30.001,AUTO,4,ARMED,100,16.25,5,2724150.152,22,000454_D_A_PROGRAM_1.NC,59,100,0,0,100,6420.0,746710.146,4,342.719699917546,5,214.645185878653,60,-319.107706307841,1194.6666666666667,11.21,UNAVAILABLE,44.95766666666666,59.98,072B393C-87F5-4183-9ABC-0870E4B4F53B,1.0,962A9D60-A315-4D3B-BF12-FDAA9EFBF2AF,1.3596666666666666,2800.0,700.0,4.0,30.5,0.2,132.49999999999997,300.0,100.0,4.1,22.4,0.1,700.0,100.0,5.1,21.9,0.1,1300.0,400.0,3.5,24.9,0.1,10600.0,1400.0,7.7,22.7,0.1,32800.0,5700.0,5.8,27.0,0.4
body_p1,23,Al6061_body23_p1,962A9D60-A315-4D3B-BF12-FDAA9EFBF2AF,7,540,2025-07-30 10:38:00.286235,2,0.0006680210239083,2406,1,20,30.0005,AUTO,4,ARMED,100,0.0,5,2725231.639,23,000454_D_A_PROGRAM_1.NC,56,100,0,0,100,6420.0,747431.012000002,3,341.106274364726,5,282.46415747314,37,-280.966891748024,937.0,8.08,UNAVAILABLE,45.330666666666666,59.97,072B393C-87F5-4183-9ABC-0870E4B4F53B,0.8333333333333334,962A9D60-A315-4D3B-BF12-FDAA9EFBF2AF,1.3763333333333332,2400.0,600.0,4.3,32.3,0.2,132.70000000000002,400.0,100.0,4.2,22.3,1.2,1500.0,200.0,6.4,22.2,0.1,13000.0,2200.0,6.0,24.9,0.2,7600.0,1100.0,7.0,23.0,0.1,21600.0,3700.0,5.8,27.4,0.4
body_p1,23,Al6061_body23_p1,962A9D60-A315-4D3B-BF12-FDAA9EFBF2AF,7,541,2025-07-30 10:38:01.286532,2,0.0006680210239083,2409,1,20,30.0005,AUTO,4,ARMED,100,9.733333,5,2725231.639,23,000454_D_A_PROGRAM_1.NC,57,100,0,2,100,6420.0,747431.012000002,4,342.719700008405,6,290.647096968672,41,-319.002870671984,935.0,8.046666666666667,UNAVAILABLE,45.331,59.97,072B393C-87F5-4183-9ABC-0870E4B4F53B,0.8566666666666668,962A9D60-A315-4D3B-BF12-FDAA9EFBF2AF,1.3763333333333332,2900.0,700.0,4.5,32.3,0.2,132.63333333333333,900.0,200.0,5.6,22.3,0.1,700.0,100.0,5.4,22.2,0.1,1300.0,300.0,4.2,24.9,0.1,12100.0,1500.0,8.3,23.0,0.1,33900.0,5700.0,6.0,27.4,0.5
body_p1,23,Al6061_body23_p1,962A9D60-A315-4D3B-BF12-FDAA9EFBF2AF,7,542,2025-07-30 10:38:02.286869,2,0.0006680210239083,2413,1,20,30.0005,AUTO,4,ARMED,100,72.31667,5,2725231.639,23,000454_D_A_PROGRAM_1.NC,58,100,0,0,100,6420.0,747431.012000002,5,418.721516161717,6,290.647096968672,27,-316.556920767724,1032.6666666666667,9.383333333333333,UNAVAILABLE,45.331,59.97,072B393C-87F5-4183-9ABC-0870E4B4F53B,0.9766666666666668,962A9D60-A315-4D3B-BF12-FDAA9EFBF2AF,1.3763333333333332,2400.0,500.0,4.6,32.3,0.2,132.56666666666663,300.0,100.0,3.9,22.3,0.1,300.0,100.0,4.0,22.2,0.1,1000.0,300.0,3.5,24.9,0.1,2200.0,200.0,10.1,23.0,0.1,2000.0,500.0,4.3,27.4,0.1
body_p1,23,Al6061_body23_p1,962A9D60-A315-4D3B-BF12-FDAA9EFBF2AF,7,543,2025-07-30 10:38:03.287146,2,0.0001678978379824,2417,1,20,30.0005,AUTO,4,ARMED,100,379.45,5,2725231.639,23,000454_D_A_PROGRAM_1.NC,59,100,0,1,100,6420.0,747431.012000002,5,418.721481823874,66,216.334780897636,39,-283.562264703156,895.3333333333334,7.489999999999999,UNAVAILABLE,45.331,59.97,072B393C-87F5-4183-9ABC-0870E4B4F53B,0.9333333333333332,962A9D60-A315-4D3B-BF12-FDAA9EFBF2AF,1.3763333333333332,2900.0,600.0,5.0,32.3,0.2,132.66666666666666,500.0,100.0,5.8,22.3,0.6,4100.0,600.0,6.7,22.2,0.1,30800.0,4200.0,7.3,24.9,0.2,10000.0,1100.0,9.1,23.0,0.1,20600.0,3500.0,5.9,27.4,0.4
body_p1,23,Al6061_body23_p1,962A9D60-A315-4D3B-BF12-FDAA9EFBF2AF,7,544,2025-07-30 10:38:04.287495,2,0.0006680210239083,2421,1,20,30.0005,AUTO,4,ARMED,100,82.3,5,2725231.639,23,000454_D_A_PROGRAM_1.NC,0,100,0,1,100,6420.0,747431.012000002,5,418.721481823874,5,214.645197322052,23,-323.759710412533,911.3333333333334,10.35,UNAVAILABLE,45.33133333333333,59.98,072B393C-87F5-4183-9ABC-0870E4B4F53B,0.6566666666666666,962A9D60-A315-4D3B-BF12-FDAA9EFBF2AF,1.3763333333333332,2700.0,700.0,4.1,32.3,0.2,132.70000000000002,900.0,200.0,5.7,22.3,0.1,700.0,100.0,4.7,22.2,0.1,1200.0,400.0,3.5,24.9,0.1,10700.0,1500.0,7.2,23.0,0.1,34400.0,5700.0,6.0,27.4,0.5
body_p1,23,Al6061_body23_p1,962A9D60-A315-4D3B-BF12-FDAA9EFBF2AF,7,545,2025-07-30 10:38:05.287842,2,0.0006680210239083,2423,1,20,30.0005,AUTO,4,ARMED,100,19.5,5,2725231.639,23,000454_D_A_PROGRAM_1.NC,1,100,0,0,100,6420.0,747431.012000002,5,342.719677029872,5,214.645197322052,16,-317.217109352573,1197.3333333333333,10.03,UNAVAILABLE,45.332,59.98,072B393C-87F5-4183-9ABC-0870E4B4F53B,0.8966666666666666,962A9D60-A315-4D3B-BF12-FDAA9EFBF2AF,1.3763333333333332,2200.0,500.0,4.0,32.3,0.2,132.6,300.0,100.0,3.5,22.3,0.1,300.0,100.0,3.4,22.2,0.1,1300.0,400.0,3.6,24.9,0.1,900.0,200.0,5.2,23.0,0.1,2000.0,500.0,4.4,27.4,0.2
body_p1,24,Al6061_body24_p1,962A9D60-A315-4D3B-BF12-FDAA9EFBF2AF,6,513,2025-07-30 11:29:34.111097,2,0.0006680210239083,2408,1,20,30.0005,AUTO,4,ARMED,100,0.0,5,2728473.961,24,000454_D_A_PROGRAM_1.NC,54,100,0,0,100,6420.0,748511.156999999,6,342.719791560675,7,290.647222855119,11,-313.41975486814,889.0,7.633333333333333,UNAVAILABLE,45.935333333333325,59.97,072B393C-87F5-4183-9ABC-0870E4B4F53B,0.8766666666666666,962A9D60-A315-4D3B-BF12-FDAA9EFBF2AF,1.393,2500.0,600.0,4.0,29.4,0.2,131.96666666666667,300.0,100.0,3.8,22.4,0.1,600.0,100.0,6.2,21.5,0.1,900.0,300.0,3.2,24.9,0.1,7600.0,1100.0,6.7,22.9,0.1,20200.0,3300.0,6.2,27.0,0.4
body_p1,24,Al6061_body24_p1,962A9D60-A315-4D3B-BF12-FDAA9EFBF2AF,6,514,2025-07-30 11:29:35.111405,2,0.0006680210239083,2412,1,20,30.0005,AUTO,4,ARMED,100,142.55,5,2728473.961,24,000454_D_A_PROGRAM_1.NC,55,100,0,1,100,6420.0,748511.156999999,52,351.345422954528,5,290.647096968672,23,-283.507738275269,881.3333333333334,7.5566666666666675,UNAVAILABLE,45.935333333333325,59.97,072B393C-87F5-4183-9ABC-0870E4B4F53B,0.86,962A9D60-A315-4D3B-BF12-FDAA9EFBF2AF,1.393,3300.0,700.0,4.8,29.4,0.2,132.0,900.0,200.0,5.7,22.4,0.1,1100.0,200.0,6.0,21.5,0.1,1500.0,300.0,4.9,24.9,0.1,12200.0,1200.0,10.3,22.9,0.1,22100.0,2400.0,9.3,27.0,0.3
body_p1,24,Al6061_body24_p1,962A9D60-A315-4D3B-BF12-FDAA9EFBF2AF,6,515,2025-07-30 11:29:36.111681,2,0.0006680210239083,2414,1,20,30.0005,AUTO,4,ARMED,100,19.55,5,2728473.961,24,000454_D_A_PROGRAM_1.NC,56,100,0,0,100,6420.0,748511.156999999,5,418.721481823874,5,290.647096968672,23,-321.974492647824,1198.0,11.003333333333332,UNAVAILABLE,45.935333333333325,59.97,072B393C-87F5-4183-9ABC-0870E4B4F53B,0.6866666666666666,962A9D60-A315-4D3B-BF12-FDAA9EFBF2AF,1.393,3500.0,700.0,4.6,29.4,0.2,131.8,400.0,100.0,3.6,22.4,0.2,800.0,100.0,5.8,21.5,0.1,1800.0,300.0,5.4,24.9,0.1,5700.0,600.0,9.6,22.9,0.1,29300.0,4800.0,6.1,27.0,0.4
body_p1,24,Al6061_body24_p1,962A9D60-A315-4D3B-BF12-FDAA9EFBF2AF,6,516,2025-07-30 11:29:37.111974,2,0.0006680210239083,2418,1,20,30.0005,AUTO,4,ARMED,100,98.55,5,2728473.961,24,000454_D_A_PROGRAM_1.NC,57,100,0,0,100,6420.0,748511.156999999,5,418.721504715769,6,214.645094331458,28,-314.741619567581,968.6666666666666,8.573333333333332,UNAVAILABLE,45.935333333333325,59.97,072B393C-87F5-4183-9ABC-0870E4B4F53B,1.0,962A9D60-A315-4D3B-BF12-FDAA9EFBF2AF,1.393,2700.0,600.0,4.3,29.4,0.2,131.9333333333333,300.0,100.0,4.0,22.4,0.1,700.0,100.0,7.0,21.5,0.1,1400.0,400.0,3.9,24.9,0.1,9500.0,1000.0,9.3,22.9,0.1,20500.0,3400.0,6.1,27.0,0.4
body_p1,24,Al6061_body24_p1,962A9D60-A315-4D3B-BF12-FDAA9EFBF2AF,6,517,2025-07-30 11:29:38.112273,2,0.0006680210239083,2422,1,20,30.0005,AUTO,4,ARMED,100,156.7333,5,2728473.961,24,000454_D_A_PROGRAM_1.NC,58,100,0,2,100,6420.0,748511.156999999,39,418.712865824646,5,214.645197322052,40,-286.264350843566,864.3333333333334,7.426666666666667,UNAVAILABLE,45.936,59.97,072B393C-87F5-4183-9ABC-0870E4B4F53B,0.8966666666666666,962A9D60-A315-4D3B-BF12-FDAA9EFBF2AF,1.393,3800.0,700.0,5.5,29.4,0.2,132.0,1000.0,200.0,5.4,22.4,0.1,1400.0,200.0,5.8,21.5,0.1,1400.0,400.0,3.7,24.9,0.1,13100.0,1400.0,9.4,22.9,0.1,29700.0,3000.0,9.8,27.0,0.3
body_p1,24,Al6061_body24_p1,962A9D60-A315-4D3B-BF12-FDAA9EFBF2AF,6,518,2025-07-30 11:29:39.112423,2,0.0001678978379824,2424,1,20,30.0005,AUTO,4,ARMED,100,19.55,5,2728473.961,24,000454_D_A_PROGRAM_1.NC,59,100,0,0,100,6420.0,748511.156999999,4,342.719699917546,5,214.645197322052,26,-320.625074320534,1153.6666666666667,10.556666666666668,UNAVAILABLE,45.937000000000005,59.97,072B393C-87F5-4183-9ABC-0870E4B4F53B,0.6733333333333333,962A9D60-A315-4D3B-BF12-FDAA9EFBF2AF,1.393,3400.0,700.0,4.6,29.4,0.2,131.9333333333333,300.0,100.0,3.9,22.4,0.1,700.0,100.0,5.7,21.5,0.1,1400.0,400.0,3.7,24.9,0.1,6400.0,700.0,9.8,22.9,0.1,29700.0,4700.0,6.3,27.0,0.4
body_p1,25,Al6061_body25_p1,962A9D60-A315-4D3B-BF12-FDAA9EFBF2AF,6,535,2025-07-30 11:49:00.766432,2,0.0006680210239083,29,1,20,30.0005,AUTO,4,ARMED,100,0.0,5,2729554.751,25,O9735.FNC,53,100,0,0,100,6420.0,749231.659000001,4,338.254947598389,5,267.997165810178,37,-280.966891748024,915.0,7.866666666666667,UNAVAILABLE,46.31066666666667,60.01,072B393C-87F5-4183-9ABC-0870E4B4F53B,0.84,962A9D60-A315-4D3B-BF12-FDAA9EFBF2AF,1.41,2400.0,600.0,4.1,32.0,0.2,132.5,400.0,100.0,3.9,22.5,1.3,1600.0,200.0,6.7,21.8,0.1,13800.0,2200.0,6.2,25.4,0.2,2600.0,300.0,9.0,23.3,0.1,14000.0,1800.0,7.6,27.7,0.2
body_p1,25,Al6061_body25_p1,962A9D60-A315-4D3B-BF12-FDAA9EFBF2AF,6,536,2025-07-30 11:49:01.766621,2,0.0006680210239083,2409,1,20,30.0005,AUTO,4,ARMED,100,19.55,5,2729554.751,25,000454_D_A_PROGRAM_1.NC,54,100,0,0,100,6420.0,749231.659000001,5,342.719734340506,6,290.647096968672,24,-323.700313212679,936.0,8.086666666666666,UNAVAILABLE,46.31066666666667,60.01,072B393C-87F5-4183-9ABC-0870E4B4F53B,0.7999999999999999,962A9D60-A315-4D3B-BF12-FDAA9EFBF2AF,1.41,2800.0,600.0,4.5,32.0,0.2,132.53333333333333,500.0,100.0,4.9,22.5,0.1,800.0,100.0,6.3,21.8,0.1,1400.0,300.0,4.3,25.4,0.1,9000.0,1000.0,9.1,23.3,0.1,30700.0,5400.0,5.7,27.7,0.4
body_p1,25,Al6061_body25_p1,962A9D60-A315-4D3B-BF12-FDAA9EFBF2AF,6,537,2025-07-30 11:49:02.766780,2,0.0006680210239083,2413,1,20,30.0005,AUTO,4,ARMED,100,19.55,5,2729554.751,25,000454_D_A_PROGRAM_1.NC,55,100,0,2,100,6420.0,749231.659000001,6,418.721539053612,6,290.647096968672,15,-314.552360014173,1218.6666666666667,11.343333333333334,UNAVAILABLE,46.31100000000001,60.01,072B393C-87F5-4183-9ABC-0870E4B4F53B,0.7366666666666667,962A9D60-A315-4D3B-BF12-FDAA9EFBF2AF,1.41,3000.0,600.0,5.0,32.0,0.2,132.36666666666667,300.0,100.0,3.8,22.5,0.1,400.0,100.0,5.0,21.8,0.1,1000.0,300.0,3.5,25.4,0.1,8800.0,1100.0,8.4,23.3,0.1,21400.0,3100.0,7.0,27.7,0.4
body_p1,25,Al6061_body25_p1,962A9D60-A315-4D3B-BF12-FDAA9EFBF2AF,6,538,2025-07-30 11:49:03.766933,2,0.0006680210239083,2417,1,20,30.0005,AUTO,4,ARMED,100,247.35,5,2729554.751,25,000454_D_A_PROGRAM_1.NC,56,100,0,1,100,6420.0,749231.659000001,5,418.721527607665,41,260.921337649426,22,-283.506799963041,1218.6666666666667,11.343333333333334,UNAVAILABLE,46.31100000000001,60.01,072B393C-87F5-4183-9ABC-0870E4B4F53B,0.7366666666666667,962A9D60-A315-4D3B-BF12-FDAA9EFBF2AF,1.41,2600.0,600.0,4.2,32.0,0.2,132.36666666666667,700.0,100.0,5.7,22.5,0.6,4000.0,700.0,6.1,21.8,0.1,32700.0,6000.0,5.5,25.4,0.2,8800.0,1000.0,9.0,23.3,0.1,16100.0,2200.0,7.4,27.7,0.3
body_p1,25,Al6061_body25_p1,962A9D60-A315-4D3B-BF12-FDAA9EFBF2AF,6,539,2025-07-30 11:49:04.767087,2,0.0006680210239083,2420,1,20,30.0005,AUTO,4,ARMED,100,9.8,5,2729554.751,25,000454_D_A_PROGRAM_1.NC,57,100,0,0,100,6420.0,749231.659000001,5,418.721504715769,5,214.645208765451,25,-323.759801952053,1104.3333333333333,10.043333333333337,UNAVAILABLE,46.31133333333333,60.01,072B393C-87F5-4183-9ABC-0870E4B4F53B,0.7333333333333334,962A9D60-A315-4D3B-BF12-FDAA9EFBF2AF,1.41,2400.0,600.0,3.8,32.0,0.2,132.4333333333333,500.0,100.0,4.9,22.5,0.1,600.0,100.0,4.7,21.8,0.1,1300.0,400.0,3.4,25.4,0.1,11900.0,1000.0,11.8,23.3,0.1,32500.0,5300.0,6.2,27.7,0.4
body_p1,25,Al6061_body25_p1,962A9D60-A315-4D3B-BF12-FDAA9EFBF2AF,6,540,2025-07-30 11:49:05.767296,2,0.0006680210239083,2423,1,20,30.0005,AUTO,4,ARMED,100,0.6166667,5,2729554.751,25,000454_D_A_PROGRAM_1.NC,58,100,0,2,100,6420.0,749231.659000001,5,342.719642698362,5,214.645197322052,29,-314.304594771735,1105.6666666666667,10.316666666666666,UNAVAILABLE,46.31166666666667,60.0,072B393C-87F5-4183-9ABC-0870E4B4F53B,1.0,962A9D60-A315-4D3B-BF12-FDAA9EFBF2AF,1.41,2600.0,600.0,4.2,32.0,0.2,132.46666666666667,300.0,100.0,3.7,22.5,0.1,600.0,100.0,6.7,21.8,0.1,1200.0,400.0,3.4,25.4,0.1,6400.0,1000.0,6.6,23.3,0.1,20400.0,3200.0,6.5,27.7,0.4
body_p1,25,Al6061_body25_p1,962A9D60-A315-4D3B-BF12-FDAA9EFBF2AF,6,541,2025-07-30 11:49:06.767449,2,0.0006680210239083,2426,1,20,30.0005,AUTO,4,ARMED,100,0.0,5,2729554.751,25,000454_D_A_PROGRAM_1.NC,59,100,0,1,100,6420.0,749231.659000001,4,342.719688473709,5,214.645197322052,40,-283.506788520209,863.6666666666666,7.37,UNAVAILABLE,46.31199999999999,60.0,072B393C-87F5-4183-9ABC-0870E4B4F53B,0.84,962A9D60-A315-4D3B-BF12-FDAA9EFBF2AF,1.41,4100.0,600.0,6.4,32.0,0.2,132.63333333333333,200.0,100.0,3.8,22.5,0.1,300.0,100.0,4.3,21.8,0.1,1000.0,300.0,3.1,25.4,0.1,10100.0,1200.0,8.5,23.3,0.1,19900.0,1700.0,11.6,27.8,0.2
body_p1,26,Al6061_body26_p1,962A9D60-A315-4D3B-BF12-FDAA9EFBF2AF,7,536,2025-07-31 09:39:59.639798,20,0.000167897837986,29,1,27,30.0005,AUTO,4,ARMED,100,0.0,5,2745047.524,26,O9735.FNC,45,100,0,1,100,6420.0,758239.746999998,4,338.038403936291,5,266.895587870956,37,-280.966891748024,954.3333333333334,8.303333333333335,UNAVAILABLE,50.263666666666666,59.99,072B393C-87F5-4183-9ABC-0870E4B4F53B,0.8133333333333334,962A9D60-A315-4D3B-BF12-FDAA9EFBF2AF,1.5823333333333334,3600.0,700.0,5.2,28.5,0.2,133.13333333333335,500.0,100.0,4.0,22.1,1.3,1700.0,200.0,7.8,21.6,0.1,13700.0,2200.0,6.2,24.6,0.2,1900.0,200.0,9.1,22.4,0.1,5700.0,500.0,10.6,26.1,0.1
body_p1,26,Al6061_body26_p1,962A9D60-A315-4D3B-BF12-FDAA9EFBF2AF,7,537,2025-07-31 09:40:00.639950,20,0.000167897837986,2409,1,27,30.0005,AUTO,4,ARMED,100,19.55,5,2745047.524,26,000454_D_A_PROGRAM_1.NC,46,100,0,2,100,6420.0,758239.746999998,5,342.719677120338,6,290.647108412894,24,-322.447984807437,968.3333333333334,8.396666666666667,UNAVAILABLE,50.263666666666666,59.99,072B393C-87F5-4183-9ABC-0870E4B4F53B,0.8266666666666667,962A9D60-A315-4D3B-BF12-FDAA9EFBF2AF,1.5823333333333334,3600.0,800.0,4.8,28.5,0.2,133.0,300.0,100.0,3.4,22.1,0.1,800.0,100.0,6.3,21.6,0.1,1300.0,300.0,4.1,24.6,0.1,2700.0,300.0,8.2,22.4,0.1,29400.0,3700.0,8.1,26.1,0.3
body_p1,26,Al6061_body26_p1,962A9D60-A315-4D3B-BF12-FDAA9EFBF2AF,7,538,2025-07-31 09:40:01.640153,20,0.000167897837986,2413,1,27,30.0005,AUTO,4,ARMED,100,92.03333,5,2745047.524,26,000454_D_A_PROGRAM_1.NC,47,100,0,0,100,6420.0,758239.746999998,66,418.721046877864,6,290.647108412894,39,-299.387428496945,1121.0,10.403333333333334,UNAVAILABLE,50.264,59.99,072B393C-87F5-4183-9ABC-0870E4B4F53B,0.8933333333333332,962A9D60-A315-4D3B-BF12-FDAA9EFBF2AF,1.5823333333333334,4700.0,700.0,6.7,28.5,0.2,132.96666666666667,300.0,100.0,3.8,22.1,0.1,600.0,100.0,5.8,21.6,0.1,1300.0,300.0,4.0,24.6,0.1,7500.0,900.0,8.3,22.4,0.1,19200.0,3500.0,5.4,26.1,0.4
body_p1,26,Al6061_body26_p1,962A9D60-A315-4D3B-BF12-FDAA9EFBF2AF,7,539,2025-07-31 09:40:02.640448,20,0.000167897837986,2417,1,27,30.0005,AUTO,4,ARMED,100,168.5833,5,2745047.524,26,000454_D_A_PROGRAM_1.NC,48,100,0,0,100,6420.0,758239.746999998,5,418.721516161717,47,280.689480490727,29,-283.507452204468,944.6666666666666,8.25,UNAVAILABLE,50.26500000000001,59.99,072B393C-87F5-4183-9ABC-0870E4B4F53B,0.91,962A9D60-A315-4D3B-BF12-FDAA9EFBF2AF,1.5823333333333334,3000.0,700.0,4.3,28.5,0.2,133.0,900.0,200.0,5.6,22.1,0.7,4600.0,700.0,6.8,21.6,0.1,34400.0,6000.0,5.7,24.6,0.2,12500.0,1400.0,8.7,22.4,0.1,30400.0,3500.0,8.8,26.1,0.4
body_p1,26,Al6061_body26_p1,962A9D60-A315-4D3B-BF12-FDAA9EFBF2AF,7,540,2025-07-31 09:40:03.640737,20,0.000167897837986,2419,1,27,30.0005,AUTO,4,ARMED,100,19.55,5,2745047.524,26,000454_D_A_PROGRAM_1.NC,49,100,0,3,100,6420.0,758239.746999998,5,418.721516161717,5,214.645185878653,26,-322.101687883354,914.6666666666666,9.846666666666666,UNAVAILABLE,50.26500000000001,59.99,072B393C-87F5-4183-9ABC-0870E4B4F53B,0.6866666666666666,962A9D60-A315-4D3B-BF12-FDAA9EFBF2AF,1.5823333333333334,3700.0,800.0,4.7,28.5,0.2,133.06666666666666,400.0,100.0,3.7,22.1,0.1,700.0,100.0,5.3,21.6,0.1,1500.0,400.0,3.9,24.6,0.1,4400.0,400.0,12.6,22.4,0.1,31800.0,4300.0,7.4,26.1,0.3
body_p1,26,Al6061_body26_p1,962A9D60-A315-4D3B-BF12-FDAA9EFBF2AF,7,541,2025-07-31 09:40:04.640891,20,0.000167897837986,2423,1,27,30.0005,AUTO,4,ARMED,100,89.81667,5,2745047.524,26,000454_D_A_PROGRAM_1.NC,50,100,0,2,100,6420.0,758239.746999998,6,342.719711361382,5,214.645197322052,11,-306.258477738663,1194.6666666666667,11.02,UNAVAILABLE,50.26500000000001,59.99,072B393C-87F5-4183-9ABC-0870E4B4F53B,0.8099999999999999,962A9D60-A315-4D3B-BF12-FDAA9EFBF2AF,1.5823333333333334,3800.0,700.0,5.1,28.5,0.2,132.9333333333333,300.0,100.0,4.1,22.1,0.1,500.0,100.0,5.4,21.6,0.1,1400.0,400.0,3.6,24.6,0.1,7200.0,900.0,7.6,22.4,0.1,20700.0,3500.0,5.8,26.1,0.4
body_p1,26,Al6061_body26_p1,962A9D60-A315-4D3B-BF12-FDAA9EFBF2AF,7,542,2025-07-31 09:40:05.641113,20,0.000167897837986,2426,1,27,30.0005,AUTO,4,ARMED,100,0.0,5,2745047.524,26,000454_D_A_PROGRAM_1.NC,51,100,0,3,100,6420.0,758239.746999998,4,342.719711361382,5,214.645197322052,83,-285.82828739997,918.6666666666666,9.303333333333333,UNAVAILABLE,50.26566666666667,59.99,072B393C-87F5-4183-9ABC-0870E4B4F53B,0.73,962A9D60-A315-4D3B-BF12-FDAA9EFBF2AF,1.5823333333333334,3600.0,700.0,5.0,28.5,0.2,133.0,200.0,100.0,4.1,22.1,0.1,500.0,100.0,5.7,21.6,0.1,1300.0,400.0,3.6,24.6,0.1,9900.0,1300.0,7.4,22.4,0.1,31000.0,3600.0,8.5,26.1,0.3
body_p1,27,Al6061_body27_p1,962A9D60-A315-4D3B-BF12-FDAA9EFBF2AF,6,309,2025-07-31 09:59:01.438970,20,0.000167897837986,2408,1,27,30.0005,AUTO,4,ARMED,100,189.3667,5,2746128.88,27,000454_D_A_PROGRAM_1.NC,48,100,0,2,100,6420.0,758960.204,6,342.719448239664,7,290.645185783521,19,-296.296189289384,949.3333333333334,8.213333333333333,UNAVAILABLE,50.632000000000005,60.0,072B393C-87F5-4183-9ABC-0870E4B4F53B,0.9433333333333334,962A9D60-A315-4D3B-BF12-FDAA9EFBF2AF,1.598,2700.0,600.0,4.5,31.0,0.2,133.13333333333333,400.0,100.0,4.5,22.3,1.2,1700.0,200.0,8.7,21.9,0.1,10100.0,1000.0,10.4,24.8,0.1,11100.0,1100.0,10.2,22.8,0.1,20200.0,3800.0,5.4,27.0,0.4
body_p1,27,Al6061_body27_p1,962A9D60-A315-4D3B-BF12-FDAA9EFBF2AF,6,310,2025-07-31 09:59:02.439108,20,0.000167897837986,2411,1,27,30.0005,AUTO,4,ARMED,100,81.05,5,2746128.88,27,000454_D_A_PROGRAM_1.NC,49,100,0,0,100,6420.0,758960.204,4,342.779380644022,6,290.647108412894,74,-285.127082095044,941.6666666666666,8.023333333333333,UNAVAILABLE,50.632000000000005,60.0,072B393C-87F5-4183-9ABC-0870E4B4F53B,0.8733333333333334,962A9D60-A315-4D3B-BF12-FDAA9EFBF2AF,1.598,3000.0,700.0,4.1,31.0,0.2,133.16666666666666,800.0,200.0,5.4,22.2,0.1,1200.0,200.0,6.5,21.9,0.1,1600.0,300.0,4.9,24.8,0.1,12300.0,1500.0,8.3,22.8,0.1,32700.0,5700.0,5.7,27.0,0.4
body_p1,27,Al6061_body27_p1,962A9D60-A315-4D3B-BF12-FDAA9EFBF2AF,6,311,2025-07-31 09:59:03.439321,20,0.000167897837986,2414,1,27,30.0005,AUTO,4,ARMED,100,15.93333,5,2746128.88,27,000454_D_A_PROGRAM_1.NC,50,100,0,2,100,6420.0,758960.204,5,418.721516161717,6,290.647108412894,26,-319.842599348305,1238.6666666666667,9.163333333333334,UNAVAILABLE,50.63233333333333,60.0,072B393C-87F5-4183-9ABC-0870E4B4F53B,0.9866666666666668,962A9D60-A315-4D3B-BF12-FDAA9EFBF2AF,1.598,2600.0,600.0,4.1,31.0,0.2,133.06666666666666,300.0,100.0,3.5,22.2,0.1,300.0,100.0,3.4,21.9,0.1,1100.0,300.0,3.7,24.8,0.2,800.0,200.0,4.5,22.8,0.1,2000.0,500.0,4.1,27.0,0.1
body_p1,27,Al6061_body27_p1,962A9D60-A315-4D3B-BF12-FDAA9EFBF2AF,6,312,2025-07-31 09:59:04.439534,20,0.000167897837986,2418,1,27,30.0005,AUTO,4,ARMED,100,283.2833,5,2746128.88,27,000454_D_A_PROGRAM_1.NC,51,100,0,2,100,6420.0,758960.204,5,418.721516161717,42,214.664616770654,40,-286.09569835423,863.6666666666666,7.34,UNAVAILABLE,50.632666666666665,60.0,072B393C-87F5-4183-9ABC-0870E4B4F53B,0.92,962A9D60-A315-4D3B-BF12-FDAA9EFBF2AF,1.598,3300.0,600.0,5.3,31.0,0.2,133.16666666666666,300.0,100.0,4.0,22.2,0.6,3500.0,300.0,11.1,21.9,0.1,10200.0,700.0,13.8,24.8,0.2,7700.0,1000.0,7.7,22.8,0.1,20900.0,3500.0,5.9,27.0,0.4
body_p1,27,Al6061_body27_p1,962A9D60-A315-4D3B-BF12-FDAA9EFBF2AF,6,313,2025-07-31 09:59:05.439747,20,0.000167897837986,2420,1,27,30.0005,AUTO,4,ARMED,100,65.66667,5,2746128.88,27,000454_D_A_PROGRAM_1.NC,52,100,0,0,100,6420.0,758960.204,5,418.720694829712,5,214.645185878653,46,-286.997321450252,922.0,7.996666666666667,UNAVAILABLE,50.633,60.0,072B393C-87F5-4183-9ABC-0870E4B4F53B,0.65,962A9D60-A315-4D3B-BF12-FDAA9EFBF2AF,1.598,4500.0,800.0,6.0,31.0,0.2,133.13333333333333,1100.0,200.0,6.0,22.2,0.1,1700.0,300.0,6.6,21.9,0.1,1600.0,400.0,3.9,24.8,0.1,9500.0,1400.0,6.6,22.8,0.1,32100.0,5700.0,5.6,27.0,0.4
body_p1,27,Al6061_body27_p1,962A9D60-A315-4D3B-BF12-FDAA9EFBF2AF,6,314,2025-07-31 09:59:06.439914,20,0.000167897837986,2424,1,27,30.0005,AUTO,4,ARMED,100,19.55,5,2746128.88,27,000454_D_A_PROGRAM_1.NC,53,100,0,1,100,6420.0,758960.204,5,342.719699917546,5,214.645197322052,26,-317.481203094572,1208.6666666666667,11.243333333333332,UNAVAILABLE,50.633,60.0,072B393C-87F5-4183-9ABC-0870E4B4F53B,0.9166666666666666,962A9D60-A315-4D3B-BF12-FDAA9EFBF2AF,1.598,2900.0,600.0,4.5,31.0,0.2,132.86666666666667,400.0,100.0,3.9,22.2,0.1,400.0,100.0,3.8,21.9,0.1,1200.0,400.0,3.3,24.8,0.1,1400.0,200.0,7.9,22.8,0.1,3400.0,500.0,6.5,27.0,0.2
body_p1,28,Al6061_body28_p1,962A9D60-A315-4D3B-BF12-FDAA9EFBF2AF,8,537,2025-07-31 10:19:00.310557,20,0.000668021023912,2408,1,27,30.0005,AUTO,4,ARMED,100,107.9333,5,2747210.074,28,000454_D_A_PROGRAM_1.NC,49,100,0,0,100,6420.0,760041.104,5,342.719768672607,8,290.647234299341,45,-313.628489618639,920.0,7.909999999999999,UNAVAILABLE,51.012,59.97,072B393C-87F5-4183-9ABC-0870E4B4F53B,0.8866666666666667,962A9D60-A315-4D3B-BF12-FDAA9EFBF2AF,1.6146666666666667,2700.0,600.0,4.7,32.6,0.2,132.96666666666667,300.0,100.0,4.2,22.3,0.1,700.0,100.0,7.1,22.2,0.1,1100.0,300.0,3.4,25.2,0.1,8000.0,1000.0,8.0,23.1,0.1,21000.0,3500.0,6.0,27.7,0.4
body_p1,28,Al6061_body28_p1,962A9D60-A315-4D3B-BF12-FDAA9EFBF2AF,8,538,2025-07-31 10:19:01.310708,20,0.000668021023912,2412,1,27,30.0005,AUTO,4,ARMED,100,166.2833,5,2747210.074,28,000454_D_A_PROGRAM_1.NC,50,100,0,0,100,6420.0,760041.104,71,345.193121894717,6,290.647108412894,38,-283.516423384791,858.0,8.033333333333333,UNAVAILABLE,51.012,59.97,072B393C-87F5-4183-9ABC-0870E4B4F53B,0.7933333333333333,962A9D60-A315-4D3B-BF12-FDAA9EFBF2AF,1.6146666666666667,2700.0,600.0,4.3,32.6,0.2,132.9,1300.0,200.0,5.8,22.3,0.1,1200.0,200.0,6.0,22.2,0.1,1300.0,300.0,4.1,25.2,0.1,13000.0,1200.0,10.7,23.1,0.1,24800.0,2600.0,9.7,27.7,0.3
body_p1,28,Al6061_body28_p1,962A9D60-A315-4D3B-BF12-FDAA9EFBF2AF,8,539,2025-07-31 10:19:02.310867,20,0.000668021023912,2414,1,27,30.0005,AUTO,4,ARMED,100,19.55,5,2747210.074,28,000454_D_A_PROGRAM_1.NC,51,100,0,0,100,6420.0,760041.104,5,418.721504715769,6,290.647108412894,26,-322.082098260898,1141.0,11.39,UNAVAILABLE,51.01233333333334,59.97,072B393C-87F5-4183-9ABC-0870E4B4F53B,0.7166666666666667,962A9D60-A315-4D3B-BF12-FDAA9EFBF2AF,1.6146666666666667,3000.0,600.0,4.8,32.6,0.2,132.73333333333335,400.0,100.0,4.4,22.3,0.2,700.0,100.0,5.6,22.2,0.1,4400.0,400.0,12.1,25.2,0.1,6300.0,600.0,11.0,23.1,0.1,33800.0,4800.0,7.1,27.7,0.3
body_p1,28,Al6061_body28_p1,962A9D60-A315-4D3B-BF12-FDAA9EFBF2AF,8,540,2025-07-31 10:19:03.311036,20,0.000668021023912,2418,1,27,30.0005,AUTO,4,ARMED,100,168.9167,5,2747210.074,28,000454_D_A_PROGRAM_1.NC,52,100,0,3,100,6420.0,760041.104,5,418.721504715769,7,214.645048557861,1,-312.714345379114,903.3333333333334,7.743333333333333,UNAVAILABLE,51.01266666666667,59.97,072B393C-87F5-4183-9ABC-0870E4B4F53B,1.0,962A9D60-A315-4D3B-BF12-FDAA9EFBF2AF,1.6146666666666667,2300.0,600.0,3.9,32.6,0.2,132.9,300.0,100.0,3.8,22.3,0.1,500.0,100.0,5.8,22.2,0.1,1200.0,400.0,3.4,25.2,0.1,7400.0,1000.0,7.6,23.1,0.1,20600.0,3400.0,6.0,27.7,0.4
body_p1,28,Al6061_body28_p1,962A9D60-A315-4D3B-BF12-FDAA9EFBF2AF,8,541,2025-07-31 10:19:04.311189,20,0.000668021023912,2422,1,27,30.0005,AUTO,4,ARMED,100,340.9667,5,2747210.074,28,000454_D_A_PROGRAM_1.NC,53,100,0,2,100,6420.0,760041.104,46,383.412608054424,5,214.645197322052,16,-283.506777077377,876.0,7.88,UNAVAILABLE,51.01333333333333,59.97,072B393C-87F5-4183-9ABC-0870E4B4F53B,0.8099999999999999,962A9D60-A315-4D3B-BF12-FDAA9EFBF2AF,1.6146666666666667,3000.0,600.0,4.7,32.6,0.2,132.9333333333333,1100.0,200.0,4.7,22.3,0.1,1700.0,300.0,6.3,22.2,0.1,1500.0,400.0,4.0,25.2,0.1,10000.0,1300.0,7.9,23.1,0.1,27700.0,2800.0,9.8,27.7,0.3
body_p1,28,Al6061_body28_p1,962A9D60-A315-4D3B-BF12-FDAA9EFBF2AF,8,542,2025-07-31 10:19:05.311340,20,0.000167897837986,2424,1,27,30.0005,AUTO,4,ARMED,100,19.55,5,2747210.074,28,000454_D_A_PROGRAM_1.NC,54,100,0,1,100,6420.0,760041.104,4,342.719677029872,5,214.645197322052,24,-321.734943146579,1197.6666666666667,11.026666666666666,UNAVAILABLE,51.01333333333333,59.97,072B393C-87F5-4183-9ABC-0870E4B4F53B,0.7033333333333333,962A9D60-A315-4D3B-BF12-FDAA9EFBF2AF,1.6146666666666667,2500.0,600.0,4.2,32.6,0.2,132.83333333333334,400.0,100.0,3.9,22.3,0.1,600.0,100.0,5.1,22.2,0.1,1600.0,400.0,4.4,25.2,0.1,5300.0,500.0,9.9,23.1,0.1,33100.0,4600.0,7.2,27.7,0.3
body_p1,30,Al6061_body30_p1,962A9D60-A315-4D3B-BF12-FDAA9EFBF2AF,7,584,2025-07-31 10:58:49.624704,20,0.000668021023912,25,1,27,30.0005,AUTO,4,ARMED,100,0.0,5,2749732.511,30,O9735.FNC,1,100,0,1,100,6420.0,761843.327,4,338.038415380128,5,266.895599315208,37,-280.966891748024,971.3333333333334,8.42,UNAVAILABLE,51.771,59.98,072B393C-87F5-4183-9ABC-0870E4B4F53B,0.8733333333333334,962A9D60-A315-4D3B-BF12-FDAA9EFBF2AF,1.6483333333333334,2200.0,500.0,4.5,34.8,0.2,132.96666666666667,600.0,100.0,5.2,22.5,1.0,1900.0,200.0,8.9,22.6,0.1,14400.0,2200.0,6.5,25.5,0.1,800.0,200.0,4.6,23.5,0.1,700.0,200.0,2.8,28.6,0.2
body_p1,30,Al6061_body30_p1,962A9D60-A315-4D3B-BF12-FDAA9EFBF2AF,7,585,2025-07-31 10:58:50.624854,20,0.000668021023912,2409,1,27,30.0005,AUTO,4,ARMED,100,19.55,5,2749732.511,30,000454_D_A_PROGRAM_1.NC,2,100,0,0,100,6420.0,761843.327,5,342.719711452439,6,290.647119857117,24,-320.702792028318,903.3333333333334,7.7,UNAVAILABLE,51.771,59.98,072B393C-87F5-4183-9ABC-0870E4B4F53B,0.8099999999999999,962A9D60-A315-4D3B-BF12-FDAA9EFBF2AF,1.6483333333333334,2500.0,600.0,4.4,34.8,0.2,132.96666666666667,300.0,100.0,3.5,22.5,0.1,400.0,100.0,3.6,22.6,0.1,1100.0,300.0,3.4,25.5,0.1,1700.0,200.0,7.3,23.5,0.1,2900.0,600.0,4.7,28.6,0.2
body_p1,30,Al6061_body30_p1,962A9D60-A315-4D3B-BF12-FDAA9EFBF2AF,7,586,2025-07-31 10:58:51.625004,20,0.000668021023912,2413,1,27,30.0005,AUTO,4,ARMED,100,207.9667,5,2749732.511,30,000454_D_A_PROGRAM_1.NC,3,100,0,0,100,6420.0,761843.327,87,418.721584837403,6,290.647096968672,24,-313.999777042398,877.6666666666666,7.496666666666667,UNAVAILABLE,51.771,59.98,072B393C-87F5-4183-9ABC-0870E4B4F53B,0.8266666666666667,962A9D60-A315-4D3B-BF12-FDAA9EFBF2AF,1.6483333333333334,2700.0,500.0,5.1,34.8,0.2,133.03333333333333,300.0,100.0,4.4,22.5,0.1,600.0,100.0,5.6,22.6,0.1,1300.0,300.0,4.6,25.5,0.1,7900.0,900.0,8.3,23.5,0.1,20500.0,3500.0,5.9,28.6,0.4
body_p1,30,Al6061_body30_p1,962A9D60-A315-4D3B-BF12-FDAA9EFBF2AF,7,587,2025-07-31 10:58:52.625199,20,0.000668021023912,2416,1,27,30.0005,AUTO,4,ARMED,100,171.0667,5,2749732.511,30,000454_D_A_PROGRAM_1.NC,4,100,0,2,100,6420.0,761843.327,5,418.721493269822,6,290.649207005939,73,-288.060989903057,1067.0,9.556666666666668,UNAVAILABLE,51.771,59.98,072B393C-87F5-4183-9ABC-0870E4B4F53B,0.7166666666666667,962A9D60-A315-4D3B-BF12-FDAA9EFBF2AF,1.6483333333333334,3000.0,600.0,5.2,34.8,0.2,132.9,1200.0,200.0,5.2,22.5,0.5,4700.0,600.0,7.4,22.6,0.1,33100.0,6000.0,5.5,25.5,0.3,13000.0,1500.0,9.0,23.5,0.1,31100.0,5600.0,5.6,28.6,0.4
body_p1,30,Al6061_body30_p1,962A9D60-A315-4D3B-BF12-FDAA9EFBF2AF,7,588,2025-07-31 10:58:53.625352,20,0.000668021023912,2419,1,27,30.0005,AUTO,4,ARMED,100,19.55,5,2749732.511,30,000454_D_A_PROGRAM_1.NC,5,100,0,0,100,6420.0,761843.327,5,418.721516161717,5,214.645128661656,25,-318.341670395461,1105.0,10.26,UNAVAILABLE,51.772,59.98,072B393C-87F5-4183-9ABC-0870E4B4F53B,0.9966666666666668,962A9D60-A315-4D3B-BF12-FDAA9EFBF2AF,1.6483333333333334,2200.0,600.0,3.9,34.8,0.2,132.9,400.0,100.0,3.6,22.5,0.1,500.0,100.0,4.9,22.6,0.1,1200.0,400.0,3.4,25.5,0.1,1700.0,200.0,6.8,23.5,0.1,2800.0,600.0,4.6,28.6,0.2
body_p1,30,Al6061_body30_p1,962A9D60-A315-4D3B-BF12-FDAA9EFBF2AF,7,589,2025-07-31 10:58:54.625695,20,0.000668021023912,2423,1,27,30.0005,AUTO,4,ARMED,100,132.4333,5,2749732.511,30,000454_D_A_PROGRAM_1.NC,6,100,0,0,100,6420.0,761843.327,95,342.72605124696,5,214.645208765451,39,-289.145835617939,879.3333333333334,7.513333333333333,UNAVAILABLE,51.77266666666666,59.98,072B393C-87F5-4183-9ABC-0870E4B4F53B,0.8366666666666666,962A9D60-A315-4D3B-BF12-FDAA9EFBF2AF,1.6483333333333334,2100.0,500.0,4.1,34.8,0.2,132.96666666666667,200.0,100.0,3.5,22.5,0.1,500.0,100.0,5.1,22.6,0.1,1200.0,300.0,3.6,25.5,0.1,8200.0,1000.0,8.0,23.5,0.1,20400.0,3500.0,5.8,28.6,0.4
body_p1,30,Al6061_body30_p1,962A9D60-A315-4D3B-BF12-FDAA9EFBF2AF,7,590,2025-07-31 10:58:55.625908,20,0.000668021023912,2426,1,27,30.0005,AUTO,4,ARMED,100,224.25,5,2749732.511,30,000454_D_A_PROGRAM_1.NC,7,100,0,0,100,6420.0,761843.327,4,342.719711361382,5,214.645197322052,92,-303.426642187788,1006.0,8.94,UNAVAILABLE,51.77266666666666,59.98,072B393C-87F5-4183-9ABC-0870E4B4F53B,0.71,962A9D60-A315-4D3B-BF12-FDAA9EFBF2AF,1.6483333333333334,2800.0,600.0,4.7,34.8,0.2,132.96666666666667,400.0,100.0,5.5,22.5,0.1,800.0,100.0,6.5,22.6,0.1,1300.0,300.0,3.7,25.5,0.1,9700.0,1500.0,6.3,23.5,0.1,32400.0,5500.0,5.8,28.6,0.4
