program,run,source_file,operation,segment_id,sample_index,Time,A_Axis_Load,A_Position,Block_Number,COR_Status,C_Axis_Load,C_Position,Controller_Mode,Current_Tool,EStop_State,Feed_Override,Feed_Rate,Machine_Mode,Machine_Time,Part_Count,Program_Name_Running,Program_Runtime_Seconds,Rapid_Override,Rapid_Speed,S_Axis_Load,Spindle_Override,Spindle_Speed,Spindle_Time,X_Axis_Load,X_Position,Y_Axis_Load,Y_Position,Z_Axis_Load,Z_Position,active power,current,featureId,forward kWh,frequency,partKindId,power factor,processKindId,reverse kWh,spindle motor a_peak,spindle motor a_rms,spindle motor crest,spindle motor temp,spindle motor v_rms,voltage,x-axis motor a_peak,x-axis motor a_rms,x-axis motor crest,x-axis motor temp,x-axis motor v_rms,y-axis bearing a_peak,y-axis bearing a_rms,y-axis bearing crest,y-axis bearing temp,y-axis bearing v_rms,y-axis motor a_peak,y-axis motor a_rms,y-axis motor crest,y-axis motor temp,y-axis motor v_rms,z-axis bearing a_peak,z-axis bearing a_rms,z-axis bearing crest,z-axis bearing temp,z-axis bearing v_rms,z-axis motor a_peak,z-axis motor a_rms,z-axis motor crest,z-axis motor temp,z-axis motor v_rms
body_p1,01,Al6061_body01_p1,DE045126-2C5E-4E72-8491-E202079EAC7C,33,1006,2025-07-10 11:29:39.967020,21,0.0001678978379824,3123,1,8,30.0005,AUTO,21,ARMED,100,0.0,5,2568874.08,1,000454_D_A_PROGRAM_1.NC,59,100,0,9,100,8029.32987482358,681139.755,5,361.741693675496,5,279.991795517099,30,-312.636593343721,5838.666666666667,48.10333333333333,NONE,11.259333333333332,59.99,072B393C-87F5-4183-9ABC-0870E4B4F53B,0.9233333333333332,DE045126-2C5E-4E72-8491-E202079EAC7C,0.157,10700.0,3000.0,3.6,26.4,0.3,130.5,300.0,100.0,3.6,23.2,0.1,400.0,100.0,3.3,21.5,0.1,3600.0,1400.0,2.6,24.4,0.3,1100.0,300.0,3.7,22.5,0.1,900.0,300.0,3.5,25.0,0.3
body_p1,01,Al6061_body01_p1,DE045126-2C5E-4E72-8491-E202079EAC7C,33,1007,2025-07-10 11:29:40.967290,21,0.0001678978379824,3123,1,8,30.0005,AUTO,21,ARMED,100,0.0,5,2568874.08,1,000454_D_A_PROGRAM_1.NC,0,100,0,6,100,10000.0,681139.755,5,361.7417051195,5,279.991806961312,35,-314.801795866939,5311.0,43.76333333333333,NONE,11.260333333333335,59.99,072B393C-87F5-4183-9ABC-0870E4B4F53B,0.8833333333333333,DE045126-2C5E-4E72-8491-E202079EAC7C,0.157,8200.0,2200.0,3.7,26.4,0.5,130.79999999999998,600.0,200.0,4.2,23.2,0.5,400.0,100.0,3.7,21.5,0.1,3500.0,1200.0,2.9,24.4,0.3,3100.0,300.0,9.4,22.5,0.1,4900.0,900.0,5.5,25.0,0.8
body_p1,01,Al6061_body01_p1,DE045126-2C5E-4E72-8491-E202079EAC7C,33,1008,2025-07-10 11:29:41.967484,21,0.0001678978379824,3131,1,8,30.0005,AUTO,21,ARMED,100,25.05,5,2568874.08,1,000454_D_A_PROGRAM_1.NC,1,100,0,5,100,10000.0,681499.984,0,363.872717362429,2,282.125522930615,34,-312.677192301718,4741.666666666667,39.15,NONE,11.261666666666668,59.99,072B393C-87F5-4183-9ABC-0870E4B4F53B,0.89,DE045126-2C5E-4E72-8491-E202079EAC7C,0.157,7000.0,1700.0,4.1,26.4,0.6,131.06666666666666,700.0,100.0,5.4,23.2,0.4,1400.0,300.0,5.7,21.5,0.1,9800.0,2300.0,4.2,24.4,0.7,2900.0,400.0,8.1,22.5,0.2,6300.0,1800.0,3.5,25.0,1.6
body_p1,01,Al6061_body01_p1,DE045126-2C5E-4E72-8491-E202079EAC7C,33,1009,2025-07-10 11:29:42.967653,21,0.0001678978379824,3139,1,8,30.0005,AUTO,21,ARMED,100,25.03333,5,2568874.08,1,000454_D_A_PROGRAM_1.NC,2,100,0,0,100,10000.0,681499.984,10,337.587806211253,0,265.131021723096,31,-315.684690539332,1160.0,10.373333333333331,NONE,11.261666666666668,59.99,072B393C-87F5-4183-9ABC-0870E4B4F53B,0.4599999999999999,DE045126-2C5E-4E72-8491-E202079EAC7C,0.157,4600.0,1300.0,3.5,26.4,0.6,133.0,800.0,200.0,5.0,23.2,0.4,600.0,200.0,3.4,21.5,0.1,4400.0,1600.0,2.8,24.4,0.6,1100.0,300.0,3.7,22.5,0.2,5600.0,1700.0,3.2,25.0,1.6
body_p1,01,Al6061_body01_p1,DE045126-2C5E-4E72-8491-E202079EAC7C,33,1010,2025-07-10 11:29:43.967808,21,0.0001678978379824,3148,1,8,30.0005,AUTO,21,ARMED,100,15.75,5,2568874.08,1,000454_D_A_PROGRAM_1.NC,3,100,0,0,100,10000.0,681499.984,5,337.060425088665,7,237.243477135965,14,-314.059324002249,1050.0,8.953333333333333,NONE,11.263,59.99,072B393C-87F5-4183-9ABC-0870E4B4F53B,0.8866666666666667,DE045126-2C5E-4E72-8491-E202079EAC7C,0.157,3900.0,1300.0,3.0,26.4,0.6,133.03333333333333,1200.0,200.0,5.2,23.2,0.5,600.0,200.0,4.0,21.5,0.1,5800.0,1600.0,3.6,24.4,0.6,2800.0,300.0,8.3,22.5,0.2,5700.0,1700.0,3.3,25.0,1.6
body_p1,01,Al6061_body01_p1,DE045126-2C5E-4E72-8491-E202079EAC7C,33,1011,2025-07-10 11:29:44.968107,21,0.0001678978379824,3153,1,8,30.0005,AUTO,21,ARMED,100,0.03333333,5,2568874.08,1,000454_D_A_PROGRAM_1.NC,4,100,0,0,100,10000.0,681499.984,6,339.288320951201,5,239.306651759755,51,-312.649982179249,1033.0,8.813333333333333,NONE,11.263,59.99,072B393C-87F5-4183-9ABC-0870E4B4F53B,0.8766666666666666,DE045126-2C5E-4E72-8491-E202079EAC7C,0.157,4100.0,1300.0,3.1,26.4,0.6,133.06666666666666,500.0,100.0,4.5,23.2,0.5,1700.0,300.0,6.3,21.5,0.1,10100.0,2100.0,4.8,24.4,0.6,3400.0,400.0,9.5,22.5,0.2,5800.0,1800.0,3.2,25.0,1.6
body_p1,01,Al6061_body01_p1,DE045126-2C5E-4E72-8491-E202079EAC7C,33,1012,2025-07-10 11:29:45.968301,21,0.0001678978379824,3161,1,8,30.0005,AUTO,21,ARMED,100,25.03333,5,2568874.08,1,000454_D_A_PROGRAM_1.NC,5,100,0,1,100,10000.0,681499.984,0,361.851579001316,14,222.543957911245,32,-315.684667654259,1049.6666666666667,8.996666666666666,NONE,11.263,59.99,072B393C-87F5-4183-9ABC-0870E4B4F53B,0.8466666666666667,DE045126-2C5E-4E72-8491-E202079EAC7C,0.157,4100.0,1300.0,3.1,26.5,0.6,133.1,400.0,100.0,4.0,23.2,0.4,600.0,200.0,3.8,21.5,0.1,6900.0,1600.0,4.3,24.4,0.6,1900.0,300.0,6.3,22.5,0.2,6700.0,1900.0,3.6,25.0,1.7
body_p1,01,Al6061_body01_p1,DE045126-2C5E-4E72-8491-E202079EAC7C,33,1013,2025-07-10 11:29:46.968446,21,0.0001678978379824,3170,1,8,30.0005,AUTO,21,ARMED,100,22.6,5,2568874.08,1,000454_D_A_PROGRAM_1.NC,6,100,0,0,100,10000.0,681499.984,6,398.383266006493,6,222.541760778581,26,-315.683763693877,1082.6666666666667,9.283333333333331,NONE,11.263,59.99,072B393C-87F5-4183-9ABC-0870E4B4F53B,0.8999999999999999,DE045126-2C5E-4E72-8491-E202079EAC7C,0.157,4400.0,1300.0,3.4,26.5,0.6,133.06666666666666,1100.0,200.0,4.9,23.2,0.5,600.0,200.0,3.6,21.5,0.1,7300.0,1600.0,4.5,24.4,0.6,1600.0,300.0,5.5,22.5,0.2,4500.0,1800.0,2.6,25.0,1.6
body_p1,01,Al6061_body01_p1,DE045126-2C5E-4E72-8491-E202079EAC7C,33,1014,2025-07-10 11:29:47.968651,21,0.0001678978379824,3177,1,8,30.0005,AUTO,21,ARMED,100,78.98333,5,2568874.08,1,000454_D_A_PROGRAM_1.NC,7,100,0,0,100,10000.0,681499.984,63,399.877971194222,28,225.127724201222,41,-312.668095561868,1039.0,8.863333333333333,NONE,11.263333333333334,59.99,072B393C-87F5-4183-9ABC-0870E4B4F53B,0.89,DE045126-2C5E-4E72-8491-E202079EAC7C,0.157,4100.0,1300.0,3.1,26.5,0.6,133.03333333333333,600.0,100.0,4.8,23.2,0.4,1100.0,200.0,5.3,21.5,0.1,7100.0,1800.0,4.0,24.4,0.6,3300.0,300.0,10.1,22.5,0.2,4400.0,1700.0,2.6,25.0,1.6
body_p1,01,Al6061_body01_p1,DE045126-2C5E-4E72-8491-E202079EAC7C,33,1015,2025-07-10 11:29:48.968847,21,0.0001678978379824,3183,1,8,30.0005,AUTO,21,ARMED,100,25.03333,5,2568874.08,1,000454_D_A_PROGRAM_1.NC,8,100,0,0,100,10000.0,681499.984,3,425.164714786556,8,237.996492555647,32,-315.684473131139,1039.0,8.863333333333333,NONE,11.263333333333334,59.99,072B393C-87F5-4183-9ABC-0870E4B4F53B,0.89,DE045126-2C5E-4E72-8491-E202079EAC7C,0.157,4500.0,1300.0,3.4,26.5,0.6,133.03333333333333,500.0,100.0,4.5,23.2,0.5,600.0,200.0,3.7,21.5,0.1,10500.0,1700.0,6.3,24.4,0.6,2500.0,300.0,7.3,22.5,0.2,7100.0,1900.0,3.8,25.0,1.6
body_p1,01,Al6061_body01_p1,DE045126-2C5E-4E72-8491-E202079EAC7C,33,1016,2025-07-10 11:29:49.969209,21,0.0001678978379824,3193,1,8,30.0005,AUTO,21,ARMED,100,22.58333,5,2568874.08,1,000454_D_A_PROGRAM_1.NC,9,100,0,0,100,10000.0,681499.984,17,423.172684952565,0,265.241813724872,31,-315.68375225134,1031.0,8.72,NONE,11.263666666666666,59.99,072B393C-87F5-4183-9ABC-0870E4B4F53B,0.8833333333333334,DE045126-2C5E-4E72-8491-E202079EAC7C,0.157,4500.0,1300.0,3.4,26.5,0.6,133.06666666666666,1000.0,200.0,4.4,23.2,0.3,600.0,200.0,3.2,21.5,0.2,6000.0,1600.0,3.8,24.4,0.6,2100.0,300.0,6.4,22.5,0.2,3900.0,1800.0,2.2,25.0,1.7
body_p1,01,Al6061_body01_p1,DE045126-2C5E-4E72-8491-E202079EAC7C,33,1017,2025-07-10 11:29:50.969378,21,0.0001678978379824,3200,1,8,30.0005,AUTO,21,ARMED,100,33.48333,5,2568874.08,1,000454_D_A_PROGRAM_1.NC,10,100,0,1,100,10000.0,681499.984,13,398.233683388594,10,279.769020195892,37,-312.643046934297,1027.3333333333333,8.706666666666667,NONE,11.264666666666663,59.99,072B393C-87F5-4183-9ABC-0870E4B4F53B,0.89,DE045126-2C5E-4E72-8491-E202079EAC7C,0.157,4100.0,1300.0,3.1,26.5,0.6,133.13333333333333,900.0,200.0,5.6,23.2,0.5,1200.0,200.0,6.7,21.5,0.1,5900.0,1800.0,3.3,24.4,0.6,2800.0,300.0,8.1,22.5,0.2,5100.0,1700.0,2.9,25.0,1.6
body_p1,01,Al6061_body01_p1,DE045126-2C5E-4E72-8491-E202079EAC7C,33,1018,2025-07-10 11:29:51.969604,21,0.0001678978379824,3207,1,8,30.0005,AUTO,21,ARMED,100,19.53333,5,2568874.08,1,000454_D_A_PROGRAM_1.NC,11,100,0,0,100,10000.0,681499.984,3,399.876664749673,4,282.121128349191,44,-315.491586302053,1113.0,9.63,NONE,11.264666666666663,59.99,072B393C-87F5-4183-9ABC-0870E4B4F53B,0.7999999999999999,DE045126-2C5E-4E72-8491-E202079EAC7C,0.157,4200.0,1300.0,3.2,26.5,0.6,133.0,600.0,100.0,4.6,23.2,0.5,800.0,200.0,5.3,21.5,0.1,8200.0,1800.0,4.5,24.4,0.6,3000.0,300.0,8.9,22.5,0.2,6500.0,1900.0,3.5,25.0,1.6
body_p1,01,Al6061_body01_p1,DE045126-2C5E-4E72-8491-E202079EAC7C,33,1019,2025-07-10 11:29:52.969796,21,0.0001678978379824,3216,1,8,30.0005,AUTO,21,ARMED,100,25.33333,5,2568874.08,1,000454_D_A_PROGRAM_1.NC,12,100,0,0,100,10000.0,681499.984,13,376.846418379196,1,272.885040255155,29,-316.18246376136,1051.0,8.983333333333334,NONE,11.265,59.99,072B393C-87F5-4183-9ABC-0870E4B4F53B,0.9033333333333332,DE045126-2C5E-4E72-8491-E202079EAC7C,0.157,4200.0,1300.0,3.2,26.5,0.6,133.06666666666666,1500.0,500.0,3.2,23.2,0.4,600.0,200.0,3.3,21.5,0.1,3300.0,1600.0,2.1,24.4,0.6,1200.0,300.0,3.8,22.5,0.2,3200.0,1800.0,1.8,25.0,1.7
body_p1,01,Al6061_body01_p1,DE045126-2C5E-4E72-8491-E202079EAC7C,33,1020,2025-07-10 11:29:53.970126,21,0.0001678978379824,3219,1,8,30.0005,AUTO,21,ARMED,100,25.4,5,2568874.08,1,000454_D_A_PROGRAM_1.NC,13,100,0,0,100,10000.0,681499.984,7,352.567373233607,8,271.869947233854,32,-316.182315008385,1036.3333333333333,8.823333333333334,NONE,11.265,59.99,072B393C-87F5-4183-9ABC-0870E4B4F53B,0.8866666666666667,DE045126-2C5E-4E72-8491-E202079EAC7C,0.157,4500.0,1300.0,3.4,26.5,0.6,133.0,1300.0,500.0,2.5,23.2,0.2,600.0,200.0,3.5,21.5,0.1,4100.0,1600.0,2.6,24.4,0.6,1400.0,400.0,4.0,22.5,0.2,3100.0,1700.0,1.8,25.0,1.7
body_p1,01,Al6061_body01_p1,DE045126-2C5E-4E72-8491-E202079EAC7C,33,1021,2025-07-10 11:29:54.970335,21,0.0001678978379824,3219,1,8,30.0005,AUTO,21,ARMED,100,25.4,5,2568874.08,1,000454_D_A_PROGRAM_1.NC,14,100,0,0,100,10000.0,681499.984,0,341.139828271462,8,250.044431752613,32,-316.182383663604,1049.3333333333333,8.950000000000001,NONE,11.265666666666666,59.99,072B393C-87F5-4183-9ABC-0870E4B4F53B,0.88,DE045126-2C5E-4E72-8491-E202079EAC7C,0.157,4200.0,1300.0,3.2,26.5,0.6,133.06666666666666,1000.0,400.0,2.4,23.2,0.2,700.0,200.0,3.6,21.5,0.1,4900.0,1700.0,3.0,24.4,0.6,1400.0,400.0,4.1,22.5,0.2,3100.0,1700.0,1.8,25.0,1.7
body_p1,01,Al6061_body01_p1,DE045126-2C5E-4E72-8491-E202079EAC7C,33,1022,2025-07-10 11:29:55.970482,21,0.0001678978379824,3219,1,8,30.0005,AUTO,21,ARMED,100,25.4,5,2568874.08,1,000454_D_A_PROGRAM_1.NC,15,100,0,0,100,10000.0,681499.984,7,356.15072555125,7,231.9221427859,32,-316.182383663604,1052.6666666666667,8.99,NONE,11.265666666666666,59.99,072B393C-87F5-4183-9ABC-0870E4B4F53B,0.88,DE045126-2C5E-4E72-8491-E202079EAC7C,0.157,4700.0,1400.0,3.3,26.5,0.6,133.06666666666666,1300.0,500.0,2.4,23.2,0.2,600.0,200.0,2.9,21.5,0.2,3900.0,1600.0,2.5,24.4,0.6,1300.0,400.0,3.6,22.5,0.2,3300.0,2000.0,1.7,25.0,1.9
body_p1,01,Al6061_body01_p1,DE045126-2C5E-4E72-8491-E202079EAC7C,33,1023,2025-07-10 11:29:56.970695,21,0.0001678978379824,3222,1,8,30.0005,AUTO,21,ARMED,100,25.4,5,2568874.08,1,000454_D_A_PROGRAM_1.NC,16,100,0,0,100,10000.0,681499.984,8,382.05855603147,5,232.407548917938,32,-316.182452318823,1046.6666666666667,8.913333333333332,NONE,11.266333333333334,59.99,072B393C-87F5-4183-9ABC-0870E4B4F53B,0.8766666666666666,DE045126-2C5E-4E72-8491-E202079EAC7C,0.157,4800.0,1400.0,3.4,26.5,0.6,133.06666666666666,1200.0,400.0,2.9,23.2,0.3,600.0,200.0,3.4,21.5,0.1,3800.0,1700.0,2.3,24.4,0.6,1300.0,400.0,3.6,22.5,0.2,3200.0,1800.0,1.7,25.0,1.8
body_p1,01,Al6061_body01_p1,DE045126-2C5E-4E72-8491-E202079EAC7C,33,1024,2025-07-10 11:29:57.970891,21,0.0001678978379824,3225,1,8,30.0005,AUTO,21,ARMED,100,25.4,5,2568874.08,1,000454_D_A_PROGRAM_1.NC,17,100,0,0,100,10000.0,681499.984,8,406.573817480318,6,232.37288509415,30,-316.182395106141,1048.0,8.926666666666666,NONE,11.266333333333334,59.99,072B393C-87F5-4183-9ABC-0870E4B4F53B,0.8833333333333334,DE045126-2C5E-4E72-8491-E202079EAC7C,0.157,4300.0,1400.0,3.0,26.5,0.6,133.06666666666666,1200.0,500.0,2.6,23.2,0.2,600.0,200.0,3.5,21.5,0.2,4200.0,1600.0,2.6,24.4,0.6,1500.0,400.0,3.9,22.5,0.2,3200.0,1800.0,1.7,25.0,1.8
body_p1,01,Al6061_body01_p1,DE045126-2C5E-4E72-8491-E202079EAC7C,33,1025,2025-07-10 11:29:58.971089,21,0.0001678978379824,3225,1,8,30.0005,AUTO,21,ARMED,100,25.4,5,2568874.08,1,000454_D_A_PROGRAM_1.NC,18,100,0,0,100,10000.0,681499.984,6,420.307729922413,8,250.102029073802,31,-316.182326450922,1048.3333333333333,8.94,NONE,11.267,59.99,072B393C-87F5-4183-9ABC-0870E4B4F53B,0.8733333333333334,DE045126-2C5E-4E72-8491-E202079EAC7C,0.157,4200.0,1300.0,3.2,26.5,0.6,133.13333333333335,800.0,300.0,2.8,23.2,0.1,600.0,200.0,3.5,21.5,0.1,4100.0,1600.0,2.5,24.4,0.6,1400.0,300.0,4.0,22.5,0.1,3100.0,1700.0,1.8,25.0,1.7
body_p1,01,Al6061_body01_p1,DE045126-2C5E-4E72-8491-E202079EAC7C,33,1026,2025-07-10 11:29:59.971315,21,0.0001678978379824,3225,1,8,30.0005,AUTO,21,ARMED,100,25.4,5,2568874.08,1,000454_D_A_PROGRAM_1.NC,19,100,0,1,100,10000.0,681499.984,9,409.971426844146,7,271.24752798567,32,-316.182383663604,1047.6666666666667,8.943333333333333,NONE,11.267,59.99,072B393C-87F5-4183-9ABC-0870E4B4F53B,0.8766666666666666,DE045126-2C5E-4E72-8491-E202079EAC7C,0.157,4400.0,1400.0,3.2,26.5,0.6,133.1,1200.0,500.0,2.6,23.2,0.2,600.0,200.0,3.0,21.5,0.2,3700.0,1600.0,2.3,24.4,0.6,1500.0,400.0,4.1,22.5,0.1,3400.0,2000.0,1.7,25.0,1.9
body_p1,01,Al6061_body01_p1,DE045126-2C5E-4E72-8491-E202079EAC7C,33,1027,2025-07-10 11:30:00.971527,21,0.0001678978379824,3228,1,8,30.0005,AUTO,21,ARMED,100,25.35,5,2568874.08,1,000454_D_A_PROGRAM_1.NC,20,100,0,0,100,10000.0,681499.984,8,384.541050447912,6,272.884756650801,32,-316.182417991214,1044.3333333333333,8.91,NONE,11.267666666666663,59.99,072B393C-87F5-4183-9ABC-0870E4B4F53B,0.8733333333333334,DE045126-2C5E-4E72-8491-E202079EAC7C,0.157,4500.0,1300.0,3.4,26.5,0.6,133.06666666666666,1100.0,200.0,5.0,23.2,0.6,600.0,200.0,3.5,21.5,0.1,4000.0,1600.0,2.6,24.4,0.6,1400.0,300.0,4.5,22.5,0.2,3300.0,1900.0,1.7,25.0,1.8
body_p1,02,Al6061_body02_p1,DE045126-2C5E-4E72-8491-E202079EAC7C,35,1043,2025-07-10 11:48:32.524984,21,0.0001678978379824,3121,1,8,30.001,AUTO,21,ARMED,100,565.1,5,2569955.261,2,000454_D_A_PROGRAM_1.NC,4,100,0,21,100,1004.76980506013,682220.950999999,89,158.183101902964,48,410.294623286106,36,-99.8669982674121,704.0,5.756666666666667,NONE,11.620666666666668,60.0,072B393C-87F5-4183-9ABC-0870E4B4F53B,0.9033333333333332,DE045126-2C5E-4E72-8491-E202079EAC7C,0.1749999999999999,7200.0,1700.0,4.2,29.5,0.1,133.53333333333333,1800.0,400.0,4.5,23.5,0.2,5000.0,1100.0,4.5,21.9,0.1,27200.0,8300.0,3.3,24.8,0.3,3300.0,700.0,4.7,22.8,0.1,900.0,200.0,4.0,26.1,0.2
body_p1,02,Al6061_body02_p1,DE045126-2C5E-4E72-8491-E202079EAC7C,35,1044,2025-07-10 11:48:33.525134,21,0.0001678978379824,3122,1,8,30.001,AUTO,21,ARMED,100,533.3333,5,2569955.261,2,000454_D_A_PROGRAM_1.NC,5,100,0,19,100,4561.45889389431,682220.950999999,5,361.7417051195,6,279.991761184461,11,-283.610312326272,1616.6666666666667,7.069999999999999,NONE,11.620666666666668,60.0,072B393C-87F5-4183-9ABC-0870E4B4F53B,1.0,DE045126-2C5E-4E72-8491-E202079EAC7C,0.1749999999999999,10200.0,2300.0,4.4,29.5,0.3,133.6,400.0,100.0,5.4,23.5,0.1,1600.0,300.0,5.1,21.9,0.1,5100.0,1400.0,3.5,24.8,0.2,28800.0,5900.0,4.9,22.8,0.1,54200.0,13300.0,4.1,26.1,1.3
body_p1,02,Al6061_body02_p1,DE045126-2C5E-4E72-8491-E202079EAC7C,35,1045,2025-07-10 11:48:34.525285,21,0.0001678978379824,3123,1,8,30.001,AUTO,21,ARMED,100,0.0,5,2569955.261,2,000454_D_A_PROGRAM_1.NC,6,100,0,12,100,6683.56728085081,682220.950999999,5,361.741693675496,5,279.991795517099,30,-312.636604786258,3587.333333333333,31.81,NONE,11.622,60.0,072B393C-87F5-4183-9ABC-0870E4B4F53B,1.0,DE045126-2C5E-4E72-8491-E202079EAC7C,0.1749999999999999,11200.0,2600.0,4.3,29.5,0.2,132.0,300.0,100.0,3.9,23.5,0.1,400.0,100.0,3.9,21.9,0.1,3100.0,1300.0,2.3,24.8,0.2,1300.0,300.0,4.5,22.8,0.1,700.0,200.0,4.2,26.1,0.1
body_p1,02,Al6061_body02_p1,DE045126-2C5E-4E72-8491-E202079EAC7C,35,1046,2025-07-10 11:48:35.525435,21,0.0001678978379824,3123,1,8,30.001,AUTO,21,ARMED,100,0.0,5,2569955.261,2,000454_D_A_PROGRAM_1.NC,7,100,0,8,100,8292.89990666868,682220.950999999,5,361.7417051195,5,279.991806961312,29,-312.636639113867,5739.666666666667,47.25333333333333,NONE,11.623333333333331,60.0,072B393C-87F5-4183-9ABC-0870E4B4F53B,0.9433333333333334,DE045126-2C5E-4E72-8491-E202079EAC7C,0.1749999999999999,10600.0,2900.0,3.7,29.5,0.3,130.73333333333332,300.0,100.0,3.4,23.5,0.1,400.0,100.0,3.8,21.9,0.1,3700.0,1400.0,2.7,24.8,0.3,1400.0,300.0,4.8,22.8,0.1,900.0,300.0,2.9,26.1,0.3
body_p1,02,Al6061_body02_p1,DE045126-2C5E-4E72-8491-E202079EAC7C,35,1047,2025-07-10 11:48:36.525586,21,0.0001678978379824,3124,1,8,30.001,AUTO,21,ARMED,100,21.33333,5,2569955.261,2,000454_D_A_PROGRAM_1.NC,8,100,0,6,100,10000.0,682220.950999999,5,362.044067147565,5,279.761927063909,32,-315.681807020138,5759.333333333333,47.41333333333333,NONE,11.624666666666668,60.0,072B393C-87F5-4183-9ABC-0870E4B4F53B,0.92,DE045126-2C5E-4E72-8491-E202079EAC7C,0.1749999999999999,7700.0,2300.0,3.3,29.5,0.6,130.73333333333332,700.0,200.0,4.8,23.5,0.5,500.0,100.0,3.8,21.9,0.1,6300.0,1300.0,4.8,24.8,0.5,1800.0,400.0,4.9,22.8,0.2,4000.0,900.0,4.3,26.1,0.9
body_p1,02,Al6061_body02_p1,DE045126-2C5E-4E72-8491-E202079EAC7C,35,1048,2025-07-10 11:48:37.525739,21,0.0001678978379824,3131,1,8,30.001,AUTO,21,ARMED,100,9.183333,5,2569955.261,2,000454_D_A_PROGRAM_1.NC,9,100,0,0,100,10000.0,682220.950999999,4,355.141298115134,5,276.789748414247,39,-312.636365675574,4863.0,40.083333333333336,NONE,11.626,60.0,072B393C-87F5-4183-9ABC-0870E4B4F53B,0.8933333333333334,DE045126-2C5E-4E72-8491-E202079EAC7C,0.1749999999999999,4100.0,1400.0,3.0,29.5,0.6,131.29999999999998,500.0,100.0,4.4,23.5,0.4,1700.0,300.0,6.6,21.9,0.1,9300.0,2100.0,4.4,24.8,0.6,2500.0,300.0,7.3,22.8,0.2,6100.0,1600.0,3.7,26.1,1.5
body_p1,02,Al6061_body02_p1,DE045126-2C5E-4E72-8491-E202079EAC7C,35,1049,2025-07-10 11:48:38.525890,21,0.0001678978379824,3139,1,8,30.001,AUTO,21,ARMED,100,25.03333,5,2569955.261,2,000454_D_A_PROGRAM_1.NC,10,100,0,0,100,10000.0,682220.950999999,10,339.391557578986,0,265.655820586486,32,-315.684507458748,3532.0,31.15,NONE,11.627,60.0,072B393C-87F5-4183-9ABC-0870E4B4F53B,0.7233333333333333,DE045126-2C5E-4E72-8491-E202079EAC7C,0.1749999999999999,4200.0,1300.0,3.1,29.5,0.6,131.96666666666667,400.0,100.0,4.0,23.5,0.4,600.0,200.0,3.9,21.9,0.1,3900.0,1500.0,2.6,24.8,0.6,1800.0,300.0,6.0,22.8,0.2,6400.0,1700.0,3.7,26.1,1.5
body_p1,02,Al6061_body02_p1,DE045126-2C5E-4E72-8491-E202079EAC7C,35,1050,2025-07-10 11:48:39.526042,21,0.0001678978379824,3146,1,8,30.001,AUTO,21,ARMED,100,24.76667,5,2569955.261,2,000454_D_A_PROGRAM_1.NC,11,100,0,0,100,10000.0,682220.950999999,5,337.782320451632,7,236.753512644701,22,-315.683717923731,1016.3333333333334,8.653333333333332,NONE,11.627333333333333,60.0,072B393C-87F5-4183-9ABC-0870E4B4F53B,0.8766666666666666,DE045126-2C5E-4E72-8491-E202079EAC7C,0.1749999999999999,4200.0,1300.0,3.2,29.5,0.6,133.29999999999998,1100.0,200.0,4.9,23.5,0.4,600.0,200.0,3.7,21.9,0.1,6400.0,1600.0,4.1,24.8,0.6,2600.0,300.0,7.8,22.8,0.2,4600.0,1600.0,2.8,26.1,1.5
body_p1,02,Al6061_body02_p1,DE045126-2C5E-4E72-8491-E202079EAC7C,35,1051,2025-07-10 11:48:40.526330,21,0.0001678978379824,3155,1,8,30.001,AUTO,21,ARMED,100,59.35,5,2569955.261,2,000454_D_A_PROGRAM_1.NC,12,100,0,0,100,10000.0,682220.950999999,19,358.182093470387,11,225.577637394323,40,-312.636388560454,1116.3333333333333,8.943333333333333,NONE,11.627666666666668,60.0,072B393C-87F5-4183-9ABC-0870E4B4F53B,0.9333333333333332,DE045126-2C5E-4E72-8491-E202079EAC7C,0.1749999999999999,4200.0,1300.0,3.1,29.5,0.6,133.29999999999998,600.0,100.0,4.7,23.5,0.6,1500.0,300.0,5.7,21.9,0.1,9600.0,2100.0,4.5,24.8,0.6,1500.0,300.0,5.1,22.8,0.2,4200.0,1600.0,2.6,26.1,1.5
body_p1,02,Al6061_body02_p1,DE045126-2C5E-4E72-8491-E202079EAC7C,35,1052,2025-07-10 11:48:41.526481,21,0.0001678978379824,3162,1,8,30.001,AUTO,21,ARMED,100,22.75,5,2569955.261,2,000454_D_A_PROGRAM_1.NC,13,100,0,0,100,10000.0,682220.950999999,3,364.467060325488,13,223.626646264684,32,-315.684656211722,1031.3333333333333,8.743333333333332,NONE,11.628333333333336,60.0,072B393C-87F5-4183-9ABC-0870E4B4F53B,0.8766666666666666,DE045126-2C5E-4E72-8491-E202079EAC7C,0.1749999999999999,4300.0,1300.0,3.2,29.5,0.6,133.29999999999998,600.0,100.0,4.7,23.5,0.4,500.0,100.0,3.5,21.9,0.1,4000.0,1500.0,2.6,24.8,0.6,2300.0,300.0,7.4,22.8,0.2,6300.0,1800.0,3.5,26.1,1.5
body_p1,02,Al6061_body02_p1,DE045126-2C5E-4E72-8491-E202079EAC7C,35,1053,2025-07-10 11:48:42.526633,21,0.0001678978379824,3170,1,8,30.001,AUTO,21,ARMED,100,23.36667,5,2569955.261,2,000454_D_A_PROGRAM_1.NC,14,100,0,0,100,10000.0,682220.950999999,3,400.099416471863,10,225.33685252917,30,-315.68482784977,1010.6666666666666,8.603333333333333,NONE,11.628333333333336,60.0,072B393C-87F5-4183-9ABC-0870E4B4F53B,0.8533333333333334,DE045126-2C5E-4E72-8491-E202079EAC7C,0.1749999999999999,4300.0,1300.0,3.3,29.5,0.6,133.29999999999998,900.0,200.0,4.7,23.5,0.3,700.0,200.0,3.9,21.9,0.1,4300.0,1600.0,2.6,24.8,0.6,1400.0,300.0,4.5,22.8,0.2,4800.0,1600.0,3.0,26.2,1.5
body_p1,02,Al6061_body02_p1,DE045126-2C5E-4E72-8491-E202079EAC7C,35,1054,2025-07-10 11:48:43.526796,21,0.0001678978379824,3177,1,8,30.001,AUTO,21,ARMED,100,84.9,5,2569955.261,2,000454_D_A_PROGRAM_1.NC,15,100,0,1,100,10000.0,682220.950999999,74,421.307041272327,33,236.644763643675,39,-312.636879407133,1099.6666666666667,9.513333333333334,NONE,11.629333333333337,60.0,072B393C-87F5-4183-9ABC-0870E4B4F53B,0.8766666666666666,DE045126-2C5E-4E72-8491-E202079EAC7C,0.1749999999999999,4200.0,1300.0,3.1,29.5,0.6,133.29999999999998,400.0,100.0,3.9,23.5,0.6,1200.0,200.0,5.8,21.9,0.1,6400.0,1600.0,4.0,24.8,0.6,2700.0,300.0,8.0,22.8,0.2,4500.0,1600.0,2.8,26.2,1.5
body_p1,02,Al6061_body02_p1,DE045126-2C5E-4E72-8491-E202079EAC7C,35,1055,2025-07-10 11:48:44.527090,21,0.0001678978379824,3184,1,8,30.001,AUTO,21,ARMED,100,24.76667,5,2569955.261,2,000454_D_A_PROGRAM_1.NC,16,100,0,0,100,10000.0,682220.950999999,18,424.555913272893,5,239.374576959921,31,-313.44407607718,1045.6666666666667,8.91,NONE,11.629333333333337,60.0,072B393C-87F5-4183-9ABC-0870E4B4F53B,0.8866666666666667,DE045126-2C5E-4E72-8491-E202079EAC7C,0.1749999999999999,4700.0,1300.0,3.5,29.5,0.6,133.29999999999998,500.0,100.0,3.9,23.5,0.6,1600.0,200.0,7.8,21.9,0.1,15800.0,2700.0,5.8,24.8,0.6,1900.0,300.0,6.0,22.8,0.2,6600.0,1800.0,3.7,26.2,1.5
body_p1,02,Al6061_body02_p1,DE045126-2C5E-4E72-8491-E202079EAC7C,35,1056,2025-07-10 11:48:45.527241,21,0.0001678978379824,3194,1,8,30.001,AUTO,21,ARMED,100,25.06667,5,2569955.261,2,000454_D_A_PROGRAM_1.NC,17,100,0,1,100,10000.0,682220.950999999,20,424.693367252203,11,268.181704376813,28,-315.684713424405,1030.6666666666667,8.773333333333333,NONE,11.629333333333337,60.0,072B393C-87F5-4183-9ABC-0870E4B4F53B,0.8933333333333334,DE045126-2C5E-4E72-8491-E202079EAC7C,0.1749999999999999,4600.0,1400.0,3.4,29.5,0.6,133.29999999999998,900.0,200.0,4.8,23.5,0.4,600.0,200.0,3.1,21.9,0.2,4300.0,1600.0,2.7,24.8,0.6,1200.0,300.0,4.0,22.8,0.2,2900.0,1700.0,1.8,26.2,1.6
body_p1,02,Al6061_body02_p1,DE045126-2C5E-4E72-8491-E202079EAC7C,35,1057,2025-07-10 11:48:46.527536,21,0.0001678978379824,3200,1,8,30.001,AUTO,21,ARMED,100,32.68333,5,2569955.261,2,000454_D_A_PROGRAM_1.NC,18,100,0,1,100,10000.0,682220.950999999,1,397.740981254273,6,279.991896428257,19,-313.920068333267,1029.0,8.8,NONE,11.629666666666669,60.0,072B393C-87F5-4183-9ABC-0870E4B4F53B,0.8066666666666666,DE045126-2C5E-4E72-8491-E202079EAC7C,0.1749999999999999,4200.0,1300.0,3.2,29.5,0.6,133.26666666666665,1200.0,200.0,7.0,23.5,0.5,600.0,200.0,4.1,21.9,0.1,4400.0,1800.0,2.5,24.8,0.6,1500.0,300.0,5.1,22.8,0.2,4200.0,1600.0,2.6,26.2,1.5
body_p1,02,Al6061_body02_p1,DE045126-2C5E-4E72-8491-E202079EAC7C,35,1058,2025-07-10 11:48:47.527836,21,0.0001678978379824,3208,1,8,30.001,AUTO,21,ARMED,100,13.23333,5,2569955.261,2,000454_D_A_PROGRAM_1.NC,19,100,0,0,100,10000.0,682220.950999999,1,399.874730564755,2,282.125168159719,47,-313.669583685942,1075.6666666666667,9.253333333333332,NONE,11.63,60.0,072B393C-87F5-4183-9ABC-0870E4B4F53B,0.9033333333333332,DE045126-2C5E-4E72-8491-E202079EAC7C,0.1749999999999999,4100.0,1300.0,3.1,29.5,0.6,133.29999999999998,600.0,100.0,4.8,23.5,0.6,900.0,200.0,4.7,21.9,0.1,7800.0,1900.0,4.2,24.8,0.6,2200.0,300.0,6.8,22.8,0.2,6400.0,1800.0,3.6,26.2,1.5
body_p1,02,Al6061_body02_p1,DE045126-2C5E-4E72-8491-E202079EAC7C,35,1059,2025-07-10 11:48:48.527987,21,0.0001678978379824,3216,1,8,30.001,AUTO,21,ARMED,100,25.4,5,2569955.261,2,000454_D_A_PROGRAM_1.NC,20,100,0,0,100,10000.0,682220.950999999,8,374.845980028368,5,272.884983033894,31,-316.182257795703,1027.6666666666667,8.723333333333334,NONE,11.630666666666668,60.0,072B393C-87F5-4183-9ABC-0870E4B4F53B,0.8766666666666666,DE045126-2C5E-4E72-8491-E202079EAC7C,0.1749999999999999,4500.0,1400.0,3.3,29.5,0.6,133.29999999999998,1000.0,400.0,2.6,23.5,0.3,600.0,200.0,3.6,21.9,0.1,5300.0,1500.0,3.4,24.8,0.6,1300.0,400.0,3.5,22.8,0.2,2900.0,1700.0,1.7,26.2,1.6
body_p1,02,Al6061_body02_p1,DE045126-2C5E-4E72-8491-E202079EAC7C,35,1060,2025-07-10 11:48:49.528140,21,0.0001678978379824,3219,1,8,30.001,AUTO,21,ARMED,100,25.4,5,2569955.261,2,000454_D_A_PROGRAM_1.NC,21,100,0,0,100,10000.0,682220.950999999,9,350.83890756976,9,270.851864754981,30,-316.182372221068,1014.6666666666666,8.86,NONE,11.630666666666668,60.0,072B393C-87F5-4183-9ABC-0870E4B4F53B,0.8533333333333334,DE045126-2C5E-4E72-8491-E202079EAC7C,0.1749999999999999,4500.0,1400.0,3.3,29.5,0.6,133.29999999999998,1000.0,400.0,2.6,23.5,0.2,500.0,200.0,3.2,21.9,0.1,4300.0,1600.0,2.7,24.8,0.6,1400.0,400.0,3.9,22.8,0.2,2800.0,1600.0,1.8,26.2,1.5
body_p1,02,Al6061_body02_p1,DE045126-2C5E-4E72-8491-E202079EAC7C,35,1061,2025-07-10 11:48:50.528292,21,0.0001678978379824,3219,1,8,30.001,AUTO,21,ARMED,100,25.4,5,2569955.261,2,000454_D_A_PROGRAM_1.NC,22,100,0,0,100,10000.0,682220.950999999,1,341.470389184173,8,248.072603337288,32,-316.182395106141,1032.3333333333333,8.803333333333333,NONE,11.630666666666668,60.0,072B393C-87F5-4183-9ABC-0870E4B4F53B,0.8733333333333334,DE045126-2C5E-4E72-8491-E202079EAC7C,0.1749999999999999,4700.0,1300.0,3.5,29.5,0.6,133.29999999999998,800.0,300.0,2.6,23.5,0.1,700.0,200.0,3.5,21.9,0.1,4600.0,1600.0,2.8,24.8,0.6,1400.0,400.0,3.7,22.8,0.2,3000.0,1700.0,1.8,26.2,1.6
body_p1,02,Al6061_body02_p1,DE045126-2C5E-4E72-8491-E202079EAC7C,35,1062,2025-07-10 11:48:51.528442,21,0.0001678978379824,3219,1,8,30.001,AUTO,21,ARMED,100,25.4,5,2569955.261,2,000454_D_A_PROGRAM_1.NC,23,100,0,0,100,10000.0,682220.950999999,8,358.094604060275,6,231.403007474619,32,-316.182532416579,1037.6666666666667,8.826666666666666,NONE,11.631333333333332,60.0,072B393C-87F5-4183-9ABC-0870E4B4F53B,0.8766666666666666,DE045126-2C5E-4E72-8491-E202079EAC7C,0.1749999999999999,4600.0,1500.0,3.2,29.5,0.6,133.26666666666665,1100.0,400.0,2.6,23.5,0.2,600.0,200.0,3.2,21.9,0.2,3700.0,1600.0,2.4,24.8,0.6,1500.0,400.0,4.0,22.8,0.2,3100.0,1800.0,1.7,26.2,1.7
body_p1,02,Al6061_body02_p1,DE045126-2C5E-4E72-8491-E202079EAC7C,35,1063,2025-07-10 11:48:52.528594,21,0.0001678978379824,3222,1,8,30.001,AUTO,21,ARMED,100,25.4,5,2569955.261,2,000454_D_A_PROGRAM_1.NC,24,100,0,1,100,10000.0,682220.950999999,8,386.68142967809,4,232.407514585989,32,-316.182532416579,1038.6666666666667,8.853333333333333,NONE,11.631666666666668,60.0,072B393C-87F5-4183-9ABC-0870E4B4F53B,0.88,DE045126-2C5E-4E72-8491-E202079EAC7C,0.1749999999999999,5000.0,1500.0,3.4,29.5,0.6,133.29999999999998,1100.0,300.0,3.4,23.5,0.4,600.0,200.0,3.5,21.9,0.2,4600.0,1700.0,2.7,24.8,0.6,1300.0,400.0,3.6,22.8,0.2,3000.0,1700.0,1.7,26.2,1.6
body_p1,02,Al6061_body02_p1,DE045126-2C5E-4E72-8491-E202079EAC7C,35,1064,2025-07-10 11:48:53.528742,21,0.0001678978379824,3225,1,8,30.001,AUTO,21,ARMED,100,25.4,5,2569955.261,2,000454_D_A_PROGRAM_1.NC,25,100,0,1,100,10000.0,682220.950999999,7,410.669108867389,9,234.484116810128,32,-316.182360778531,1036.3333333333333,8.813333333333334,NONE,11.631666666666668,60.0,072B393C-87F5-4183-9ABC-0870E4B4F53B,0.88,DE045126-2C5E-4E72-8491-E202079EAC7C,0.1749999999999999,4800.0,1400.0,3.3,29.5,0.6,133.26666666666665,1000.0,300.0,3.1,23.5,0.2,600.0,200.0,3.4,21.9,0.1,3900.0,1600.0,2.4,24.8,0.6,1500.0,400.0,3.9,22.8,0.2,2900.0,1700.0,1.7,26.2,1.6
body_p1,02,Al6061_body02_p1,DE045126-2C5E-4E72-8491-E202079EAC7C,35,1065,2025-07-10 11:48:54.529001,21,0.0001678978379824,3225,1,8,30.001,AUTO,21,ARMED,100,25.4,5,2569955.261,2,000454_D_A_PROGRAM_1.NC,26,100,0,1,100,10000.0,682220.950999999,7,420.359532219304,7,254.715161265666,32,-316.182372221068,1038.0,8.84,NONE,11.631666666666668,60.0,072B393C-87F5-4183-9ABC-0870E4B4F53B,0.88,DE045126-2C5E-4E72-8491-E202079EAC7C,0.1749999999999999,4300.0,1400.0,3.2,29.5,0.6,133.29999999999998,700.0,200.0,3.0,23.5,0.1,600.0,200.0,3.2,21.9,0.2,4200.0,1600.0,2.5,24.8,0.6,1400.0,400.0,3.8,22.8,0.2,3100.0,1600.0,1.9,26.2,1.6
body_p1,02,Al6061_body02_p1,DE045126-2C5E-4E72-8491-E202079EAC7C,35,1066,2025-07-10 11:48:55.529196,21,0.0001678978379824,3225,1,8,30.001,AUTO,21,ARMED,100,25.4,5,2569955.261,2,000454_D_A_PROGRAM_1.NC,27,100,0,0,100,10000.0,682220.950999999,7,403.268183610852,6,273.905981993416,32,-316.182292123312,1038.6666666666667,8.85,NONE,11.632,60.0,072B393C-87F5-4183-9ABC-0870E4B4F53B,0.8766666666666666,DE045126-2C5E-4E72-8491-E202079EAC7C,0.1749999999999999,4200.0,1400.0,3.0,29.5,0.6,133.26666666666665,1200.0,400.0,2.9,23.5,0.2,700.0,200.0,3.4,21.9,0.2,4000.0,1600.0,2.5,24.8,0.6,1300.0,400.0,3.5,22.8,0.2,3200.0,1800.0,1.7,26.2,1.8
body_p1,02,Al6061_body02_p1,DE045126-2C5E-4E72-8491-E202079EAC7C,35,1067,2025-07-10 11:48:56.529487,21,0.0001678978379824,3228,1,8,30.001,AUTO,21,ARMED,100,25.4,5,2569955.261,2,000454_D_A_PROGRAM_1.NC,28,100,0,0,100,10000.0,682220.950999999,8,378.502387654738,4,271.037078860625,32,-316.183236034101,1035.0,8.836666666666668,NONE,11.632333333333332,60.0,072B393C-87F5-4183-9ABC-0870E4B4F53B,0.8733333333333334,DE045126-2C5E-4E72-8491-E202079EAC7C,0.1749999999999999,4300.0,1400.0,3.2,29.5,0.6,133.26666666666665,500.0,100.0,4.5,23.5,0.6,600.0,200.0,3.7,21.9,0.1,4000.0,1600.0,2.5,24.8,0.6,1800.0,300.0,5.3,22.8,0.2,6400.0,1800.0,3.5,26.2,1.6
body_p1,03,Al6061_body03_p1,DE045126-2C5E-4E72-8491-E202079EAC7C,32,1038,2025-07-10 12:07:18.773643,21,0.0001678978379824,3121,1,8,30.001,AUTO,21,ARMED,100,632.9833,5,2571036.287,3,000454_D_A_PROGRAM_1.NC,57,100,0,12,100,793.239319784317,683302.151000002,24,148.048439413133,19,416.782083139659,35,-99.8670097108772,556.0,5.069999999999999,NONE,11.981666666666667,60.0,072B393C-87F5-4183-9ABC-0870E4B4F53B,0.6699999999999999,DE045126-2C5E-4E72-8491-E202079EAC7C,0.1926666666666666,8100.0,1800.0,4.4,31.7,0.1,133.33333333333334,1500.0,300.0,4.3,23.8,0.2,5100.0,1100.0,4.8,22.2,0.1,27000.0,7500.0,3.6,25.3,0.4,3600.0,800.0,4.6,23.1,0.1,800.0,200.0,4.5,27.3,0.2
body_p1,03,Al6061_body03_p1,DE045126-2C5E-4E72-8491-E202079EAC7C,32,1039,2025-07-10 12:07:19.773931,21,0.0001678978379824,3122,1,8,30.001,AUTO,21,ARMED,100,533.3333,5,2571036.287,3,000454_D_A_PROGRAM_1.NC,58,100,0,19,100,4415.5153879385,683302.151000002,5,361.741716563504,5,279.991761184461,11,-274.334802095981,3609.6666666666665,32.25,NONE,11.982,60.0,072B393C-87F5-4183-9ABC-0870E4B4F53B,1.0,DE045126-2C5E-4E72-8491-E202079EAC7C,0.1926666666666666,9700.0,2400.0,4.1,31.7,0.3,131.73333333333332,200.0,100.0,4.0,23.8,0.1,1500.0,300.0,5.7,22.2,0.1,5300.0,1500.0,3.6,25.3,0.3,26600.0,5000.0,5.3,23.1,0.1,55600.0,12200.0,4.6,27.3,1.1
body_p1,03,Al6061_body03_p1,DE045126-2C5E-4E72-8491-E202079EAC7C,32,1040,2025-07-10 12:07:20.774253,21,0.0001678978379824,3123,1,8,30.001,AUTO,21,ARMED,100,0.0,5,2571036.287,3,000454_D_A_PROGRAM_1.NC,0,100,0,12,100,6778.49133378183,683302.151000002,5,361.7417051195,5,279.991795517099,30,-312.636593343721,5942.0,49.946666666666665,NONE,11.984,60.0,072B393C-87F5-4183-9ABC-0870E4B4F53B,0.88,DE045126-2C5E-4E72-8491-E202079EAC7C,0.1926666666666666,9500.0,2600.0,3.7,31.7,0.2,130.36666666666667,200.0,100.0,3.7,23.8,0.1,400.0,100.0,3.7,22.2,0.1,3500.0,1400.0,2.5,25.3,0.3,1200.0,300.0,4.1,23.1,0.1,700.0,200.0,4.6,27.3,0.1
body_p1,03,Al6061_body03_p1,DE045126-2C5E-4E72-8491-E202079EAC7C,32,1041,2025-07-10 12:07:21.774600,21,0.0001678978379824,3123,1,8,30.001,AUTO,21,ARMED,100,0.0,5,2571036.287,3,000454_D_A_PROGRAM_1.NC,0,100,0,9,100,8231.32383499578,683302.151000002,5,361.741693675496,5,279.991795517099,30,-312.636627671331,5838.666666666667,48.153333333333336,NONE,11.985,60.0,072B393C-87F5-4183-9ABC-0870E4B4F53B,0.9266666666666667,DE045126-2C5E-4E72-8491-E202079EAC7C,0.1926666666666666,12100.0,2900.0,4.2,31.7,0.3,130.50000000000003,300.0,100.0,3.6,23.8,0.1,400.0,100.0,3.6,22.2,0.1,3500.0,1300.0,2.6,25.3,0.2,1200.0,300.0,4.4,23.1,0.1,1000.0,400.0,2.9,27.3,0.4
body_p1,03,Al6061_body03_p1,DE045126-2C5E-4E72-8491-E202079EAC7C,32,1042,2025-07-10 12:07:22.774887,21,0.0001678978379824,3124,1,8,30.001,AUTO,21,ARMED,100,21.46667,5,2571036.287,3,000454_D_A_PROGRAM_1.NC,1,100,0,6,100,10000.0,683302.151000002,5,361.74208277163,5,279.991612409698,25,-315.403902136607,5260.0,43.376666666666665,NONE,11.986,60.0,072B393C-87F5-4183-9ABC-0870E4B4F53B,0.8833333333333333,DE045126-2C5E-4E72-8491-E202079EAC7C,0.1926666666666666,7500.0,2300.0,3.2,31.7,0.6,130.83333333333334,700.0,200.0,4.5,23.8,0.5,600.0,100.0,4.4,22.2,0.1,4300.0,1400.0,3.1,25.3,0.5,2100.0,400.0,5.6,23.1,0.2,4700.0,1200.0,3.9,27.3,1.1
body_p1,03,Al6061_body03_p1,DE045126-2C5E-4E72-8491-E202079EAC7C,32,1043,2025-07-10 12:07:23.775165,21,0.0001678978379824,3131,1,8,30.001,AUTO,21,ARMED,100,4.666667,5,2571036.287,3,000454_D_A_PROGRAM_1.NC,2,100,0,0,100,10000.0,683302.151000002,30,361.722314800222,18,280.813570087358,43,-312.636033844812,4690.333333333333,38.75666666666667,NONE,11.987666666666668,60.0,072B393C-87F5-4183-9ABC-0870E4B4F53B,0.8866666666666667,DE045126-2C5E-4E72-8491-E202079EAC7C,0.1926666666666666,4100.0,1300.0,3.1,31.7,0.6,131.0666666666667,500.0,100.0,4.4,23.8,0.4,1400.0,300.0,5.5,22.2,0.1,9300.0,2100.0,4.5,25.3,0.6,2400.0,300.0,7.4,23.1,0.2,4100.0,1900.0,2.2,27.3,1.8
body_p1,03,Al6061_body03_p1,DE045126-2C5E-4E72-8491-E202079EAC7C,32,1044,2025-07-10 12:07:24.775458,21,0.0001678978379824,3139,1,8,30.001,AUTO,21,ARMED,100,25.03333,5,2571036.287,3,000454_D_A_PROGRAM_1.NC,3,100,0,0,100,10000.0,683302.151000002,1,338.246742226243,14,265.081319126328,32,-315.684587556503,1097.6666666666667,9.616666666666667,NONE,11.988666666666669,60.0,072B393C-87F5-4183-9ABC-0870E4B4F53B,0.7833333333333332,DE045126-2C5E-4E72-8491-E202079EAC7C,0.1926666666666666,3900.0,1300.0,3.0,31.7,0.6,133.03333333333333,500.0,100.0,4.2,23.8,0.4,700.0,200.0,4.3,22.2,0.1,4900.0,1500.0,3.4,25.3,0.6,2400.0,300.0,7.4,23.1,0.2,6700.0,2000.0,3.4,27.3,1.7
body_p1,03,Al6061_body03_p1,DE045126-2C5E-4E72-8491-E202079EAC7C,32,1045,2025-07-10 12:07:25.775813,21,0.0001678978379824,3147,1,8,30.001,AUTO,21,ARMED,100,24.16667,5,2571036.287,3,000454_D_A_PROGRAM_1.NC,5,100,0,0,100,10000.0,683302.151000002,4,338.982124386185,6,236.805093842179,28,-315.684942275134,1044.0,8.946666666666667,NONE,11.989,60.0,072B393C-87F5-4183-9ABC-0870E4B4F53B,0.9233333333333332,DE045126-2C5E-4E72-8491-E202079EAC7C,0.1926666666666666,4100.0,1300.0,3.2,31.7,0.6,133.1,1100.0,200.0,5.6,23.8,0.4,600.0,200.0,3.8,22.2,0.1,4200.0,1500.0,2.7,25.3,0.6,1200.0,300.0,3.9,23.1,0.2,4400.0,1900.0,2.4,27.3,1.8
body_p1,03,Al6061_body03_p1,DE045126-2C5E-4E72-8491-E202079EAC7C,32,1046,2025-07-10 12:07:26.776087,21,0.0001678978379824,3155,1,8,30.001,AUTO,21,ARMED,100,123.6167,5,2571036.287,3,000454_D_A_PROGRAM_1.NC,5,100,0,1,100,10000.0,683302.151000002,70,350.725476762269,41,230.994684658524,39,-312.636354233134,1018.6666666666666,8.696666666666667,NONE,11.989333333333336,60.0,072B393C-87F5-4183-9ABC-0870E4B4F53B,0.8766666666666666,DE045126-2C5E-4E72-8491-E202079EAC7C,0.1926666666666666,3900.0,1300.0,3.0,31.7,0.6,133.1,500.0,100.0,4.2,23.8,0.6,1500.0,300.0,5.4,22.2,0.1,10600.0,2100.0,5.1,25.3,0.6,1400.0,300.0,4.7,23.1,0.2,4600.0,1900.0,2.4,27.3,1.8
body_p1,03,Al6061_body03_p1,DE045126-2C5E-4E72-8491-E202079EAC7C,32,1047,2025-07-10 12:07:27.776385,21,0.0001678978379824,3162,1,8,30.001,AUTO,21,ARMED,100,21.53333,5,2571036.287,3,000454_D_A_PROGRAM_1.NC,7,100,0,0,100,10000.0,683302.151000002,18,363.712374041747,5,222.615437847314,33,-315.684541786358,1019.0,8.729999999999999,NONE,11.989666666666666,60.0,072B393C-87F5-4183-9ABC-0870E4B4F53B,0.8266666666666667,DE045126-2C5E-4E72-8491-E202079EAC7C,0.1926666666666666,4000.0,1300.0,3.1,31.7,0.6,133.1,600.0,100.0,4.8,23.8,0.4,600.0,100.0,3.8,22.2,0.1,3900.0,1500.0,2.6,25.3,0.6,1900.0,300.0,6.0,23.1,0.2,6600.0,2000.0,3.3,27.3,1.8
body_p1,03,Al6061_body03_p1,DE045126-2C5E-4E72-8491-E202079EAC7C,32,1048,2025-07-10 12:07:28.776633,21,0.0001678978379824,3169,1,8,30.001,AUTO,21,ARMED,100,15.53333,5,2571036.287,3,000454_D_A_PROGRAM_1.NC,7,100,0,0,100,10000.0,683302.151000002,19,400.541009139404,15,224.147550313285,34,-315.684621884113,1069.0,9.19,NONE,11.989666666666666,59.99,072B393C-87F5-4183-9ABC-0870E4B4F53B,0.9066666666666666,DE045126-2C5E-4E72-8491-E202079EAC7C,0.1926666666666666,4100.0,1300.0,3.1,31.7,0.6,133.0,1000.0,200.0,5.0,23.8,0.2,600.0,200.0,3.5,22.2,0.2,5500.0,1600.0,3.6,25.3,0.6,2900.0,300.0,8.6,23.1,0.2,3400.0,1900.0,1.8,27.3,1.8
body_p1,03,Al6061_body03_p1,DE045126-2C5E-4E72-8491-E202079EAC7C,32,1049,2025-07-10 12:07:29.776942,21,0.0001678978379824,3177,1,8,30.001,AUTO,21,ARMED,100,115.35,5,2571036.287,3,000454_D_A_PROGRAM_1.NC,8,100,0,0,100,10000.0,683302.151000002,25,422.388660431663,15,237.22435559467,38,-312.666275283355,1025.6666666666667,8.743333333333334,NONE,11.989666666666666,59.99,072B393C-87F5-4183-9ABC-0870E4B4F53B,0.8866666666666667,DE045126-2C5E-4E72-8491-E202079EAC7C,0.1926666666666666,4400.0,1300.0,3.3,31.7,0.6,133.03333333333333,500.0,100.0,4.0,23.8,0.6,1100.0,200.0,5.7,22.2,0.1,6800.0,1600.0,4.2,25.3,0.6,2600.0,300.0,8.1,23.1,0.2,4900.0,1900.0,2.7,27.3,1.7
body_p1,03,Al6061_body03_p1,DE045126-2C5E-4E72-8491-E202079EAC7C,32,1050,2025-07-10 12:07:30.777239,21,0.0001678978379824,3184,1,8,30.001,AUTO,21,ARMED,100,24.95,5,2571036.287,3,000454_D_A_PROGRAM_1.NC,9,100,0,0,100,10000.0,683302.151000002,14,425.056042478152,0,239.372688702765,31,-314.761867571916,1008.0,8.603333333333333,NONE,11.990333333333334,59.99,072B393C-87F5-4183-9ABC-0870E4B4F53B,0.8433333333333334,DE045126-2C5E-4E72-8491-E202079EAC7C,0.1926666666666666,4100.0,1300.0,3.1,31.7,0.6,133.0666666666667,500.0,100.0,3.8,23.8,0.6,1600.0,200.0,6.9,22.2,0.1,15100.0,2800.0,5.5,25.3,0.6,2100.0,300.0,6.2,23.1,0.2,6700.0,2000.0,3.3,27.3,1.8
body_p1,03,Al6061_body03_p1,DE045126-2C5E-4E72-8491-E202079EAC7C,32,1051,2025-07-10 12:07:31.777515,21,0.0001678978379824,3194,1,8,30.001,AUTO,21,ARMED,100,24.91667,5,2571036.287,3,000454_D_A_PROGRAM_1.NC,10,100,0,1,100,10000.0,683302.151000002,3,422.345043447296,14,268.381217992936,31,-315.684713424405,1095.6666666666667,9.486666666666666,NONE,11.990666666666668,59.99,072B393C-87F5-4183-9ABC-0870E4B4F53B,0.9033333333333332,DE045126-2C5E-4E72-8491-E202079EAC7C,0.1926666666666666,4100.0,1300.0,3.1,31.7,0.6,133.03333333333333,900.0,200.0,4.6,23.8,0.4,600.0,200.0,3.3,22.2,0.2,5400.0,1500.0,3.5,25.3,0.6,1100.0,300.0,3.8,23.1,0.2,3300.0,1900.0,1.7,27.3,1.8
body_p1,03,Al6061_body03_p1,DE045126-2C5E-4E72-8491-E202079EAC7C,32,1052,2025-07-10 12:07:32.777803,21,0.0001678978379824,3200,1,8,30.001,AUTO,21,ARMED,100,95.41667,5,2571036.287,3,000454_D_A_PROGRAM_1.NC,11,100,0,0,100,10000.0,683302.151000002,58,397.815075414961,14,279.957552316661,33,-312.661377877741,1015.6666666666666,8.64,NONE,11.990666666666668,59.99,072B393C-87F5-4183-9ABC-0870E4B4F53B,0.8766666666666666,DE045126-2C5E-4E72-8491-E202079EAC7C,0.1926666666666666,4100.0,1300.0,3.2,31.7,0.6,133.1,1200.0,200.0,6.7,23.8,0.5,600.0,200.0,3.6,22.2,0.1,4600.0,1700.0,2.7,25.3,0.6,2700.0,300.0,8.5,23.1,0.2,5100.0,1900.0,2.7,27.3,1.8
body_p1,03,Al6061_body03_p1,DE045126-2C5E-4E72-8491-E202079EAC7C,32,1053,2025-07-10 12:07:33.778119,21,0.0001678978379824,3208,1,8,30.001,AUTO,21,ARMED,100,19.16667,5,2571036.287,3,000454_D_A_PROGRAM_1.NC,12,100,0,0,100,10000.0,683302.151000002,5,399.874547446656,6,282.12550004217,42,-312.736704432486,1077.0,9.296666666666669,NONE,11.990666666666668,59.99,072B393C-87F5-4183-9ABC-0870E4B4F53B,0.8033333333333333,DE045126-2C5E-4E72-8491-E202079EAC7C,0.1926666666666666,4100.0,1300.0,3.1,31.7,0.6,133.0,500.0,100.0,4.5,23.8,0.5,1100.0,200.0,5.7,22.2,0.1,7900.0,1800.0,4.3,25.3,0.6,2500.0,400.0,6.8,23.1,0.2,6400.0,2000.0,3.2,27.3,1.8
body_p1,03,Al6061_body03_p1,DE045126-2C5E-4E72-8491-E202079EAC7C,32,1054,2025-07-10 12:07:34.778416,21,0.0001678978379824,3216,1,8,30.001,AUTO,21,ARMED,100,25.4,5,2571036.287,3,000454_D_A_PROGRAM_1.NC,13,100,0,0,100,10000.0,683302.151000002,8,376.17333038375,6,272.885040255155,31,-316.182440876287,1043.3333333333333,8.916666666666666,NONE,11.991,59.99,072B393C-87F5-4183-9ABC-0870E4B4F53B,0.8966666666666666,DE045126-2C5E-4E72-8491-E202079EAC7C,0.1926666666666666,4600.0,1400.0,3.3,31.7,0.6,133.0666666666667,900.0,400.0,2.6,23.8,0.4,600.0,200.0,3.5,22.2,0.1,3300.0,1500.0,2.2,25.3,0.6,1300.0,300.0,3.7,23.1,0.2,3500.0,1900.0,1.8,27.3,1.9
body_p1,03,Al6061_body03_p1,DE045126-2C5E-4E72-8491-E202079EAC7C,32,1055,2025-07-10 12:07:35.778711,21,0.0001678978379824,3219,1,8,30.001,AUTO,21,ARMED,100,25.4,5,2571036.287,3,000454_D_A_PROGRAM_1.NC,14,100,0,0,100,10000.0,683302.151000002,7,351.977100132347,8,271.546028545882,31,-316.182452318823,1031.3333333333333,8.726666666666667,NONE,11.992,59.98,072B393C-87F5-4183-9ABC-0870E4B4F53B,0.8866666666666667,DE045126-2C5E-4E72-8491-E202079EAC7C,0.1926666666666666,4700.0,1400.0,3.5,31.7,0.6,133.0666666666667,1000.0,400.0,2.6,23.8,0.2,600.0,200.0,3.5,22.2,0.1,4300.0,1600.0,2.8,25.3,0.6,1400.0,400.0,3.8,23.1,0.2,3100.0,1800.0,1.7,27.3,1.8
body_p1,03,Al6061_body03_p1,DE045126-2C5E-4E72-8491-E202079EAC7C,32,1056,2025-07-10 12:07:36.778969,21,0.0001678978379824,3219,1,8,30.001,AUTO,21,ARMED,100,25.4,5,2571036.287,3,000454_D_A_PROGRAM_1.NC,15,100,0,1,100,10000.0,683302.151000002,8,341.230259025564,7,249.383539302235,32,-316.182452318823,1035.0,8.833333333333332,NONE,11.992,59.98,072B393C-87F5-4183-9ABC-0870E4B4F53B,0.8766666666666666,DE045126-2C5E-4E72-8491-E202079EAC7C,0.1926666666666666,4400.0,1300.0,3.3,31.7,0.6,133.03333333333333,900.0,300.0,2.9,23.8,0.1,700.0,200.0,3.6,22.2,0.1,4800.0,1600.0,3.0,25.3,0.6,1500.0,400.0,4.1,23.1,0.2,3200.0,1900.0,1.7,27.3,1.8
body_p1,03,Al6061_body03_p1,DE045126-2C5E-4E72-8491-E202079EAC7C,32,1057,2025-07-10 12:07:37.779307,21,0.0001678978379824,3219,1,8,30.001,AUTO,21,ARMED,100,25.4,5,2571036.287,3,000454_D_A_PROGRAM_1.NC,16,100,0,0,100,10000.0,683302.151000002,9,359.367760942459,6,231.165200632734,32,-316.182452318823,1028.3333333333333,8.806666666666667,NONE,11.992,59.98,072B393C-87F5-4183-9ABC-0870E4B4F53B,0.8733333333333334,DE045126-2C5E-4E72-8491-E202079EAC7C,0.1926666666666666,4800.0,1400.0,3.4,31.7,0.6,133.0666666666667,1000.0,400.0,2.6,23.8,0.2,700.0,200.0,3.3,22.2,0.2,3800.0,1500.0,2.6,25.3,0.6,1300.0,400.0,3.5,23.1,0.2,3500.0,2000.0,1.7,27.3,1.9
body_p1,03,Al6061_body03_p1,DE045126-2C5E-4E72-8491-E202079EAC7C,32,1058,2025-07-10 12:07:38.779578,21,0.0001678978379824,3222,1,8,30.001,AUTO,21,ARMED,100,25.4,5,2571036.287,3,000454_D_A_PROGRAM_1.NC,17,100,0,0,100,10000.0,683302.151000002,9,385.354369525505,4,232.407526029972,31,-316.182349335995,1032.0,8.796666666666667,NONE,11.992666666666668,59.98,072B393C-87F5-4183-9ABC-0870E4B4F53B,0.88,DE045126-2C5E-4E72-8491-E202079EAC7C,0.1926666666666666,4500.0,1400.0,3.2,31.7,0.6,133.0666666666667,900.0,300.0,2.8,23.8,0.3,700.0,200.0,3.4,22.2,0.2,4200.0,1600.0,2.6,25.3,0.6,1400.0,400.0,4.0,23.1,0.2,3400.0,2000.0,1.7,27.3,1.9
body_p1,03,Al6061_body03_p1,DE045126-2C5E-4E72-8491-E202079EAC7C,32,1059,2025-07-10 12:07:39.779765,21,0.0001678978379824,3225,1,8,30.001,AUTO,21,ARMED,100,25.4,5,2571036.287,3,000454_D_A_PROGRAM_1.NC,18,100,0,0,100,10000.0,683302.151000002,8,407.191761301079,7,232.62346254072,31,-316.182440876287,1026.6666666666667,8.76,NONE,11.993,59.98,072B393C-87F5-4183-9ABC-0870E4B4F53B,0.8766666666666666,DE045126-2C5E-4E72-8491-E202079EAC7C,0.1926666666666666,4800.0,1400.0,3.3,31.7,0.6,133.0,1000.0,300.0,3.1,23.8,0.2,600.0,200.0,3.5,22.2,0.1,4100.0,1600.0,2.6,25.3,0.6,1700.0,400.0,4.5,23.1,0.2,3200.0,1900.0,1.7,27.3,1.8
body_p1,03,Al6061_body03_p1,DE045126-2C5E-4E72-8491-E202079EAC7C,32,1060,2025-07-10 12:07:40.780038,21,0.0001678978379824,3225,1,8,30.001,AUTO,21,ARMED,100,25.4,5,2571036.287,3,000454_D_A_PROGRAM_1.NC,19,100,0,0,100,10000.0,683302.151000002,2,420.198224955551,8,255.993907673109,32,-316.18242943375,1038.6666666666667,8.863333333333335,NONE,11.993,59.98,072B393C-87F5-4183-9ABC-0870E4B4F53B,0.88,DE045126-2C5E-4E72-8491-E202079EAC7C,0.1926666666666666,4200.0,1400.0,3.1,31.7,0.6,133.0,700.0,200.0,2.9,23.8,0.1,600.0,200.0,3.3,22.2,0.2,4200.0,1600.0,2.7,25.3,0.6,1700.0,400.0,4.6,23.1,0.2,3300.0,1900.0,1.8,27.3,1.8
body_p1,03,Al6061_body03_p1,DE045126-2C5E-4E72-8491-E202079EAC7C,32,1061,2025-07-10 12:07:41.780390,21,0.0001678978379824,3225,1,8,30.001,AUTO,21,ARMED,100,25.4,5,2571036.287,3,000454_D_A_PROGRAM_1.NC,20,100,0,0,100,10000.0,683302.151000002,8,404.550262089151,6,273.590338073643,31,-316.182452318823,1038.0,8.833333333333332,NONE,11.994,59.98,072B393C-87F5-4183-9ABC-0870E4B4F53B,0.8833333333333334,DE045126-2C5E-4E72-8491-E202079EAC7C,0.1926666666666666,4900.0,1400.0,3.6,31.7,0.6,133.0666666666667,1100.0,400.0,2.8,23.8,0.2,700.0,200.0,3.4,22.2,0.2,3800.0,1500.0,2.5,25.3,0.6,1400.0,400.0,3.8,23.1,0.2,3700.0,2100.0,1.8,27.3,2.0
body_p1,03,Al6061_body03_p1,DE045126-2C5E-4E72-8491-E202079EAC7C,32,1062,2025-07-10 12:07:42.780698,21,0.0001678978379824,3228,1,8,30.001,AUTO,21,ARMED,100,25.4,5,2571036.287,3,000454_D_A_PROGRAM_1.NC,21,100,0,1,100,10000.0,683302.151000002,1,378.843778252241,15,272.238658804272,31,-316.18246376136,1033.0,8.81,NONE,11.994,59.98,072B393C-87F5-4183-9ABC-0870E4B4F53B,0.8866666666666667,DE045126-2C5E-4E72-8491-E202079EAC7C,0.1926666666666666,4200.0,1300.0,3.1,31.7,0.6,133.0666666666667,500.0,100.0,4.2,23.8,0.6,600.0,200.0,3.9,22.2,0.1,4100.0,1500.0,2.7,25.3,0.6,1500.0,300.0,4.7,23.1,0.2,6600.0,2100.0,3.2,27.3,1.9
body_p1,04,Al6061_body04_p1,DE045126-2C5E-4E72-8491-E202079EAC7C,33,1041,2025-07-10 13:41:34.671859,21,-0.0003322253479435,4,1,8,30.0005,AUTO,21,ARMED,100,0.0,5,2575359.155,4,O9735.FNC,10,100,0,0,100,0.0,684744.071,5,12.4206062656161,5,503.59819449292,34,-99.8669982674121,618.0,5.333333333333333,NONE,12.906,60.01,072B393C-87F5-4183-9ABC-0870E4B4F53B,0.8333333333333334,DE045126-2C5E-4E72-8491-E202079EAC7C,0.2106666666666666,4400.0,200.0,18.9,28.8,0.1,132.0,1200.0,200.0,5.0,22.5,0.3,3300.0,500.0,7.3,22.2,0.1,25500.0,4900.0,5.2,25.2,0.2,1400.0,200.0,8.9,23.1,0.1,400.0,100.0,4.1,26.7,0.2
body_p1,04,Al6061_body04_p1,DE045126-2C5E-4E72-8491-E202079EAC7C,33,1042,2025-07-10 13:41:35.672009,21,0.0001678978379824,3121,1,8,30.0005,AUTO,21,ARMED,100,376.3333,5,2575359.155,4,000454_D_A_PROGRAM_1.NC,11,100,0,35,100,2608.41389121447,684744.071,101,360.371777740012,44,280.869841280445,35,-99.8669982674121,543.6666666666666,5.04,NONE,12.906,60.01,072B393C-87F5-4183-9ABC-0870E4B4F53B,0.7399999999999999,DE045126-2C5E-4E72-8491-E202079EAC7C,0.2106666666666666,8300.0,2400.0,3.5,28.8,0.1,132.1,300.0,100.0,5.2,22.5,0.2,4100.0,400.0,9.8,22.2,0.1,12300.0,1700.0,7.4,25.2,0.1,14800.0,1600.0,9.2,23.1,0.1,47200.0,5300.0,8.9,26.7,0.5
body_p1,04,Al6061_body04_p1,DE045126-2C5E-4E72-8491-E202079EAC7C,33,1043,2025-07-10 13:41:36.672160,21,0.0001678978379824,3123,1,8,30.0005,AUTO,21,ARMED,100,0.0,5,2575359.155,4,000454_D_A_PROGRAM_1.NC,12,100,0,14,100,5608.68380462042,684744.071,5,361.741693675496,5,279.991795517099,29,-312.636639113867,3607.0,32.266666666666666,NONE,12.906,60.01,072B393C-87F5-4183-9ABC-0870E4B4F53B,1.0,DE045126-2C5E-4E72-8491-E202079EAC7C,0.2106666666666666,7700.0,2400.0,3.2,28.8,0.3,130.46666666666667,200.0,100.0,3.7,22.5,0.1,300.0,100.0,3.5,22.2,0.1,3100.0,1300.0,2.4,25.2,0.2,1200.0,300.0,4.3,23.1,0.1,500.0,100.0,4.4,26.7,0.2
body_p1,04,Al6061_body04_p1,DE045126-2C5E-4E72-8491-E202079EAC7C,33,1044,2025-07-10 13:41:37.672328,21,0.0001678978379824,3123,1,8,30.0005,AUTO,21,ARMED,100,0.0,5,2575359.155,4,000454_D_A_PROGRAM_1.NC,13,100,0,11,100,7518.04604744765,684744.071,5,361.7417051195,5,279.991795517099,30,-312.636627671331,6072.333333333333,49.05666666666667,NONE,12.906999999999998,60.01,072B393C-87F5-4183-9ABC-0870E4B4F53B,0.9733333333333332,DE045126-2C5E-4E72-8491-E202079EAC7C,0.2106666666666666,10600.0,3100.0,3.4,28.8,0.3,129.0666666666667,300.0,100.0,3.2,22.5,0.1,500.0,100.0,3.7,22.2,0.1,3700.0,1400.0,2.6,25.2,0.3,1100.0,300.0,3.7,23.1,0.1,800.0,200.0,4.5,26.7,0.1
body_p1,04,Al6061_body04_p1,DE045126-2C5E-4E72-8491-E202079EAC7C,33,1045,2025-07-10 13:41:38.672481,21,0.0001678978379824,3123,1,8,30.0005,AUTO,21,ARMED,100,0.0,5,2575359.155,4,000454_D_A_PROGRAM_1.NC,14,100,0,7,100,8827.50649467939,684744.071,5,361.741693675496,5,279.991795517099,30,-312.636627671331,5856.666666666667,48.80333333333334,NONE,12.90933333333333,60.01,072B393C-87F5-4183-9ABC-0870E4B4F53B,0.93,DE045126-2C5E-4E72-8491-E202079EAC7C,0.2106666666666666,6600.0,2000.0,3.3,28.8,0.3,129.03333333333333,400.0,100.0,3.8,22.5,0.1,400.0,100.0,3.5,22.2,0.1,3500.0,1300.0,2.7,25.2,0.2,1000.0,300.0,3.6,23.1,0.1,1300.0,500.0,2.7,26.7,0.5
body_p1,04,Al6061_body04_p1,DE045126-2C5E-4E72-8491-E202079EAC7C,33,1046,2025-07-10 13:41:39.672649,21,0.0001678978379824,3128,1,8,30.0005,AUTO,21,ARMED,100,25.03333,5,2575359.155,4,000454_D_A_PROGRAM_1.NC,15,100,0,5,100,10000.0,684744.071,7,361.497123867323,8,279.793913637974,32,-315.684507458748,5533.666666666667,46.06666666666666,NONE,12.911,60.01,072B393C-87F5-4183-9ABC-0870E4B4F53B,0.8866666666666667,DE045126-2C5E-4E72-8491-E202079EAC7C,0.2106666666666666,7400.0,2200.0,3.3,28.8,0.6,129.26666666666665,400.0,100.0,3.5,22.5,0.4,600.0,200.0,3.7,22.2,0.1,4500.0,1800.0,2.4,25.0,0.7,2800.0,400.0,6.7,23.1,0.2,5800.0,1800.0,3.3,26.7,1.7
body_p1,04,Al6061_body04_p1,DE045126-2C5E-4E72-8491-E202079EAC7C,33,1047,2025-07-10 13:41:40.672815,21,0.0001678978379824,3135,1,8,30.0005,AUTO,21,ARMED,100,10.71667,5,2575359.155,4,000454_D_A_PROGRAM_1.NC,16,100,0,0,100,10000.0,684744.071,6,337.51331699606,7,265.405443932639,32,-315.682802520812,4683.666666666667,39.06333333333333,NONE,12.911333333333332,60.01,072B393C-87F5-4183-9ABC-0870E4B4F53B,0.8833333333333333,DE045126-2C5E-4E72-8491-E202079EAC7C,0.2106666666666666,4000.0,1200.0,3.4,29.0,0.5,129.73333333333335,900.0,200.0,4.8,22.5,0.5,600.0,200.0,4.2,22.2,0.1,4400.0,1300.0,3.4,25.0,0.5,2800.0,300.0,8.7,23.1,0.2,4300.0,1900.0,2.3,26.7,1.8
body_p1,04,Al6061_body04_p1,DE045126-2C5E-4E72-8491-E202079EAC7C,33,1048,2025-07-10 13:41:41.672970,21,0.0001678978379824,3144,1,8,30.0005,AUTO,21,ARMED,100,4.633333,5,2575359.155,4,000454_D_A_PROGRAM_1.NC,17,100,0,0,100,10000.0,684744.071,9,337.620989989636,26,245.299029410474,37,-312.636434330214,1102.3333333333333,9.753333333333332,NONE,12.912,60.01,072B393C-87F5-4183-9ABC-0870E4B4F53B,0.5633333333333334,DE045126-2C5E-4E72-8491-E202079EAC7C,0.2106666666666666,4000.0,1200.0,3.4,29.0,0.5,131.7,400.0,100.0,4.3,22.5,0.7,2200.0,400.0,5.3,22.2,0.1,19000.0,3200.0,5.9,25.0,0.5,2500.0,400.0,6.8,23.1,0.2,5700.0,1800.0,3.1,26.7,1.7
body_p1,04,Al6061_body04_p1,DE045126-2C5E-4E72-8491-E202079EAC7C,33,1049,2025-07-10 13:41:42.673182,21,0.0001678978379824,3150,1,8,30.0005,AUTO,21,ARMED,100,25.06667,5,2575359.155,4,000454_D_A_PROGRAM_1.NC,18,100,0,1,100,10000.0,684744.071,16,339.566204976905,1,237.364899146978,32,-315.684541786358,1040.3333333333333,8.983333333333334,NONE,12.912333333333333,60.01,072B393C-87F5-4183-9ABC-0870E4B4F53B,0.8966666666666666,DE045126-2C5E-4E72-8491-E202079EAC7C,0.2106666666666666,3600.0,1200.0,3.0,29.0,0.5,131.7,400.0,100.0,4.5,22.5,0.4,500.0,200.0,3.4,22.2,0.1,3700.0,1300.0,2.8,25.0,0.5,2300.0,300.0,7.7,23.1,0.2,6900.0,2000.0,3.5,26.7,1.8
body_p1,04,Al6061_body04_p1,DE045126-2C5E-4E72-8491-E202079EAC7C,33,1050,2025-07-10 13:41:43.673525,21,0.0001678978379824,3157,1,8,30.0005,AUTO,21,ARMED,100,4.75,5,2575359.155,4,000454_D_A_PROGRAM_1.NC,19,100,0,0,100,10000.0,684744.071,7,364.057731192609,12,222.898822466373,29,-315.684839292306,1015.6666666666666,8.726666666666665,NONE,12.912666666666668,60.01,072B393C-87F5-4183-9ABC-0870E4B4F53B,0.89,DE045126-2C5E-4E72-8491-E202079EAC7C,0.2106666666666666,4100.0,1200.0,3.5,29.0,0.5,131.66666666666666,1000.0,200.0,5.3,22.5,0.5,600.0,200.0,3.7,22.2,0.1,4900.0,1400.0,3.6,25.0,0.5,2500.0,300.0,7.3,23.1,0.2,5400.0,1900.0,2.9,26.7,1.8
body_p1,04,Al6061_body04_p1,DE045126-2C5E-4E72-8491-E202079EAC7C,33,1051,2025-07-10 13:41:44.673692,21,0.0001678978379824,3166,1,8,30.0005,AUTO,21,ARMED,100,99.4,5,2575359.155,4,000454_D_A_PROGRAM_1.NC,20,100,0,0,100,10000.0,684744.071,53,397.336411574513,3,223.019614246306,37,-312.645701602761,1028.3333333333333,8.883333333333335,NONE,12.913333333333334,60.01,072B393C-87F5-4183-9ABC-0870E4B4F53B,0.8033333333333333,DE045126-2C5E-4E72-8491-E202079EAC7C,0.2106666666666666,4000.0,1200.0,3.4,29.0,0.5,131.73333333333332,600.0,100.0,5.1,22.5,0.4,800.0,200.0,5.2,22.2,0.1,5200.0,1300.0,4.1,25.0,0.5,2100.0,300.0,6.9,23.1,0.2,4500.0,1900.0,2.4,26.7,1.7
body_p1,04,Al6061_body04_p1,DE045126-2C5E-4E72-8491-E202079EAC7C,33,1052,2025-07-10 13:41:45.673904,21,0.0001678978379824,3172,1,8,30.0005,AUTO,21,ARMED,100,24.9,5,2575359.155,4,000454_D_A_PROGRAM_1.NC,21,100,0,0,100,10000.0,684744.071,8,400.118506533652,10,224.801701434424,31,-315.685581430881,1079.3333333333333,9.38,NONE,12.914,60.0,072B393C-87F5-4183-9ABC-0870E4B4F53B,0.9133333333333332,DE045126-2C5E-4E72-8491-E202079EAC7C,0.2106666666666666,3900.0,1200.0,3.3,29.0,0.5,131.7,500.0,100.0,4.8,22.5,0.4,500.0,100.0,3.3,22.2,0.1,6400.0,1400.0,4.6,25.0,0.5,2500.0,300.0,7.3,23.1,0.2,6100.0,2000.0,3.0,26.7,1.8
body_p1,04,Al6061_body04_p1,DE045126-2C5E-4E72-8491-E202079EAC7C,33,1053,2025-07-10 13:41:46.674055,21,0.0001678978379824,3182,1,8,30.0005,AUTO,21,ARMED,100,25.13333,5,2575359.155,4,000454_D_A_PROGRAM_1.NC,22,100,0,0,100,10000.0,684744.071,2,425.085653057257,10,239.100905556136,32,-315.684679096795,1023.6666666666666,8.79,NONE,12.914,60.0,072B393C-87F5-4183-9ABC-0870E4B4F53B,0.8866666666666667,DE045126-2C5E-4E72-8491-E202079EAC7C,0.2106666666666666,4000.0,1200.0,3.4,29.0,0.5,131.76666666666668,900.0,200.0,5.3,22.5,0.3,600.0,200.0,3.6,22.2,0.2,3800.0,1300.0,2.8,25.0,0.5,1900.0,300.0,6.2,23.1,0.2,4000.0,1900.0,2.1,26.7,1.8
body_p1,04,Al6061_body04_p1,DE045126-2C5E-4E72-8491-E202079EAC7C,33,1054,2025-07-10 13:41:47.674208,21,0.0001678978379824,3188,1,8,30.0005,AUTO,21,ARMED,100,89.88333,5,2575359.155,4,000454_D_A_PROGRAM_1.NC,23,100,0,1,100,10000.0,684744.071,12,422.715295868208,58,262.122567941001,40,-312.636388560454,1009.0,8.653333333333334,NONE,12.914333333333332,60.0,072B393C-87F5-4183-9ABC-0870E4B4F53B,0.8300000000000001,DE045126-2C5E-4E72-8491-E202079EAC7C,0.2106666666666666,3600.0,1200.0,3.1,29.0,0.5,131.7,500.0,100.0,4.8,22.5,0.8,1600.0,200.0,6.8,22.2,0.1,12500.0,1700.0,7.3,25.0,0.5,2000.0,300.0,6.3,23.1,0.2,4400.0,1800.0,2.4,26.7,1.7
body_p1,04,Al6061_body04_p1,DE045126-2C5E-4E72-8491-E202079EAC7C,33,1055,2025-07-10 13:41:48.674399,21,0.0001678978379824,3195,1,8,30.0005,AUTO,21,ARMED,100,24.86667,5,2575359.155,4,000454_D_A_PROGRAM_1.NC,24,100,0,0,100,10000.0,684744.071,8,424.556222312567,11,267.87539896683,33,-314.118253203252,1028.6666666666667,8.853333333333333,NONE,12.914333333333332,60.0,072B393C-87F5-4183-9ABC-0870E4B4F53B,0.8966666666666666,DE045126-2C5E-4E72-8491-E202079EAC7C,0.2106666666666666,4100.0,1200.0,3.5,29.0,0.5,131.73333333333332,500.0,100.0,4.5,22.5,0.4,1100.0,200.0,5.6,22.2,0.1,7000.0,1500.0,4.6,25.0,0.5,3100.0,300.0,9.3,23.1,0.2,6100.0,2000.0,3.0,26.7,1.8
body_p1,04,Al6061_body04_p1,DE045126-2C5E-4E72-8491-E202079EAC7C,33,1056,2025-07-10 13:41:49.674549,21,0.0001678978379824,3205,1,8,30.0005,AUTO,21,ARMED,100,25.03333,5,2575359.155,4,000454_D_A_PROGRAM_1.NC,25,100,0,0,100,10000.0,684744.071,13,399.730044377018,2,282.661879304543,31,-315.684736309478,1012.3333333333334,8.709999999999999,NONE,12.915,60.0,072B393C-87F5-4183-9ABC-0870E4B4F53B,0.86,DE045126-2C5E-4E72-8491-E202079EAC7C,0.2106666666666666,3700.0,1200.0,3.1,29.0,0.5,131.73333333333332,1100.0,200.0,5.7,22.5,0.3,600.0,200.0,3.8,22.2,0.1,4100.0,1300.0,3.1,25.0,0.5,1100.0,300.0,3.8,23.1,0.2,3200.0,1900.0,1.7,26.7,1.8
body_p1,04,Al6061_body04_p1,DE045126-2C5E-4E72-8491-E202079EAC7C,33,1057,2025-07-10 13:41:50.674702,21,0.0001678978379824,3211,1,8,30.0005,AUTO,21,ARMED,100,3.1,5,2575359.155,4,000454_D_A_PROGRAM_1.NC,26,100,0,0,100,10000.0,684744.071,6,382.943001690302,6,270.662278937254,19,-314.164206291641,1092.3333333333333,9.523333333333332,NONE,12.915,60.0,072B393C-87F5-4183-9ABC-0870E4B4F53B,0.8033333333333333,DE045126-2C5E-4E72-8491-E202079EAC7C,0.2106666666666666,3900.0,1200.0,3.3,29.0,0.6,131.66666666666666,900.0,300.0,3.4,22.5,0.5,600.0,100.0,4.3,22.2,0.1,3700.0,1300.0,2.9,25.0,0.5,2400.0,300.0,7.8,23.1,0.2,4700.0,1800.0,2.5,26.7,1.7
body_p1,04,Al6061_body04_p1,DE045126-2C5E-4E72-8491-E202079EAC7C,33,1058,2025-07-10 13:41:51.674853,21,0.0001678978379824,3218,1,8,30.0005,AUTO,21,ARMED,100,25.4,5,2575359.155,4,000454_D_A_PROGRAM_1.NC,27,100,0,0,100,10000.0,684744.071,9,361.312396600632,6,274.346201689409,32,-316.182406548677,1048.3333333333333,9.05,NONE,12.915,60.0,072B393C-87F5-4183-9ABC-0870E4B4F53B,0.8933333333333332,DE045126-2C5E-4E72-8491-E202079EAC7C,0.2106666666666666,4400.0,1200.0,3.6,29.0,0.6,131.73333333333332,1000.0,400.0,2.5,22.5,0.2,600.0,200.0,3.6,22.2,0.1,3400.0,1300.0,2.6,25.0,0.5,1400.0,400.0,4.0,23.1,0.2,3400.0,2000.0,1.8,26.7,1.9
body_p1,04,Al6061_body04_p1,DE045126-2C5E-4E72-8491-E202079EAC7C,33,1059,2025-07-10 13:41:52.675006,21,0.0001678978379824,3219,1,8,30.0005,AUTO,21,ARMED,100,25.4,5,2575359.155,4,000454_D_A_PROGRAM_1.NC,28,100,0,0,100,10000.0,684744.071,6,342.389636777054,8,260.337691197762,31,-316.182280680776,1030.6666666666667,8.83,NONE,12.915666666666668,60.0,072B393C-87F5-4183-9ABC-0870E4B4F53B,0.88,DE045126-2C5E-4E72-8491-E202079EAC7C,0.2106666666666666,4100.0,1200.0,3.5,29.0,0.5,131.73333333333332,900.0,300.0,2.7,22.5,0.1,600.0,200.0,3.6,22.2,0.1,4200.0,1400.0,2.9,25.0,0.5,1400.0,400.0,4.1,23.1,0.2,3100.0,1800.0,1.7,26.7,1.7
body_p1,04,Al6061_body04_p1,DE045126-2C5E-4E72-8491-E202079EAC7C,33,1060,2025-07-10 13:41:53.675199,21,0.0001678978379824,3219,1,8,30.0005,AUTO,21,ARMED,100,25.4,5,2575359.155,4,000454_D_A_PROGRAM_1.NC,29,100,0,0,100,10000.0,684744.071,8,348.258612307254,7,236.416314444694,32,-316.182315008385,1030.3333333333333,8.88,NONE,12.916,60.0,072B393C-87F5-4183-9ABC-0870E4B4F53B,0.88,DE045126-2C5E-4E72-8491-E202079EAC7C,0.2106666666666666,4200.0,1200.0,3.4,29.0,0.5,131.66666666666666,800.0,300.0,2.4,22.5,0.1,600.0,200.0,3.2,22.2,0.1,4000.0,1300.0,3.0,25.0,0.5,1400.0,400.0,3.9,23.1,0.2,3300.0,2000.0,1.7,26.7,1.9
body_p1,04,Al6061_body04_p1,DE045126-2C5E-4E72-8491-E202079EAC7C,33,1061,2025-07-10 13:41:54.675395,21,0.0001678978379824,3219,1,8,30.0005,AUTO,21,ARMED,100,25.4,5,2575359.155,4,000454_D_A_PROGRAM_1.NC,30,100,0,1,100,10000.0,684744.071,11,371.587805676239,0,232.406095532127,31,-316.182440876287,1035.3333333333333,8.903333333333332,NONE,12.916,60.0,072B393C-87F5-4183-9ABC-0870E4B4F53B,0.8766666666666666,DE045126-2C5E-4E72-8491-E202079EAC7C,0.2106666666666666,4500.0,1300.0,3.4,29.0,0.6,131.73333333333332,900.0,300.0,2.7,22.5,0.3,600.0,200.0,3.4,22.2,0.1,3500.0,1400.0,2.5,25.0,0.5,1600.0,400.0,4.4,23.1,0.2,3400.0,1900.0,1.7,26.7,1.9
body_p1,04,Al6061_body04_p1,DE045126-2C5E-4E72-8491-E202079EAC7C,33,1062,2025-07-10 13:41:55.675591,21,0.0001678978379824,3224,1,8,30.0005,AUTO,21,ARMED,100,25.4,5,2575359.155,4,000454_D_A_PROGRAM_1.NC,31,100,0,1,100,10000.0,684744.071,9,397.587913461959,6,230.934180097742,32,-316.182440876287,1031.3333333333333,8.88,NONE,12.916333333333334,60.0,072B393C-87F5-4183-9ABC-0870E4B4F53B,0.8766666666666666,DE045126-2C5E-4E72-8491-E202079EAC7C,0.2106666666666666,4200.0,1300.0,3.2,29.0,0.6,131.73333333333332,900.0,400.0,2.7,22.5,0.2,600.0,200.0,3.4,22.2,0.2,3300.0,1300.0,2.6,25.0,0.5,1300.0,400.0,3.6,23.1,0.2,3400.0,2000.0,1.7,26.7,1.9
body_p1,04,Al6061_body04_p1,DE045126-2C5E-4E72-8491-E202079EAC7C,33,1063,2025-07-10 13:41:56.675744,21,0.0001678978379824,3225,1,8,30.0005,AUTO,21,ARMED,100,25.4,5,2575359.155,4,000454_D_A_PROGRAM_1.NC,32,100,0,0,100,10000.0,684744.071,6,418.015427098242,8,242.634235234093,31,-316.18246376136,1024.3333333333333,8.796666666666667,NONE,12.916666666666666,60.0,072B393C-87F5-4183-9ABC-0870E4B4F53B,0.8866666666666667,DE045126-2C5E-4E72-8491-E202079EAC7C,0.2106666666666666,4400.0,1200.0,3.6,29.0,0.5,131.73333333333332,800.0,200.0,3.3,22.5,0.1,600.0,200.0,3.5,22.2,0.1,3900.0,1400.0,2.8,25.0,0.5,1500.0,400.0,4.0,23.1,0.2,3300.0,1800.0,1.8,26.7,1.8
body_p1,04,Al6061_body04_p1,DE045126-2C5E-4E72-8491-E202079EAC7C,33,1064,2025-07-10 13:41:57.675914,21,0.0001678978379824,3225,1,8,30.0005,AUTO,21,ARMED,100,25.4,5,2575359.155,4,000454_D_A_PROGRAM_1.NC,33,100,0,1,100,10000.0,684744.071,5,416.59146870754,7,265.021122359786,31,-316.182292123312,1034.3333333333333,8.903333333333334,NONE,12.917000000000002,60.0,072B393C-87F5-4183-9ABC-0870E4B4F53B,0.8766666666666666,DE045126-2C5E-4E72-8491-E202079EAC7C,0.2106666666666666,4700.0,1200.0,3.8,29.0,0.5,131.73333333333332,800.0,300.0,3.1,22.5,0.1,700.0,200.0,3.7,22.2,0.1,3600.0,1300.0,2.7,25.0,0.5,1500.0,400.0,4.0,23.1,0.2,3400.0,2000.0,1.7,26.7,1.9
body_p1,04,Al6061_body04_p1,DE045126-2C5E-4E72-8491-E202079EAC7C,33,1065,2025-07-10 13:41:58.676227,21,0.0001678978379824,3225,1,8,30.0005,AUTO,21,ARMED,100,25.4,5,2575359.155,4,000454_D_A_PROGRAM_1.NC,34,100,0,0,100,10000.0,684744.071,9,394.85905717202,2,274.043912676404,32,-316.182395106141,1036.6666666666667,8.92,NONE,12.917000000000002,60.0,072B393C-87F5-4183-9ABC-0870E4B4F53B,0.8733333333333334,DE045126-2C5E-4E72-8491-E202079EAC7C,0.2106666666666666,4000.0,1200.0,3.3,29.0,0.5,131.73333333333332,1300.0,400.0,3.5,22.5,0.3,700.0,200.0,3.6,22.2,0.2,3800.0,1300.0,2.9,25.0,0.5,1800.0,400.0,5.0,23.1,0.2,3400.0,2000.0,1.7,26.7,1.9
body_p1,04,Al6061_body04_p1,DE045126-2C5E-4E72-8491-E202079EAC7C,33,1066,2025-07-10 13:41:59.676379,21,0.0001678978379824,3233,1,8,30.0005,AUTO,21,ARMED,100,0.0,5,2575359.155,4,000454_D_A_PROGRAM_1.NC,35,100,0,0,100,10000.0,684744.071,5,378.498084652336,6,270.662313270071,60,-312.636537312175,1034.0,8.886666666666667,NONE,12.917000000000002,60.0,072B393C-87F5-4183-9ABC-0870E4B4F53B,0.8733333333333334,DE045126-2C5E-4E72-8491-E202079EAC7C,0.2106666666666666,4000.0,1200.0,3.4,29.0,0.6,131.73333333333332,300.0,100.0,3.3,22.5,0.1,400.0,100.0,3.5,22.2,0.1,2400.0,1200.0,2.0,25.0,0.5,3500.0,300.0,10.1,23.1,0.2,6700.0,1900.0,3.6,26.7,1.7
body_p1,06,Al6061_body06_p1,DE045126-2C5E-4E72-8491-E202079EAC7C,37,1056,2025-07-11 11:44:39.637231,14,-0.0010460767582615,3121,1,9,30.0,AUTO,21,ARMED,100,495.1,5,2595534.558,6,000454_D_A_PROGRAM_1.NC,4,100,0,0,100,0.0,691949.364000001,4,28.4290108882241,3,493.351079991455,36,-99.8669982674121,532.6666666666666,4.833333333333333,NONE,17.244666666666667,59.99,072B393C-87F5-4183-9ABC-0870E4B4F53B,1.0,DE045126-2C5E-4E72-8491-E202079EAC7C,0.391,6000.0,400.0,16.8,27.6,0.2,132.9333333333333,600.0,100.0,6.3,21.6,0.2,1000.0,100.0,7.8,22.0,0.2,3100.0,900.0,3.5,24.8,0.1,4900.0,400.0,11.5,23.4,0.2,1800.0,200.0,8.7,26.8,0.4
body_p1,06,Al6061_body06_p1,DE045126-2C5E-4E72-8491-E202079EAC7C,37,1057,2025-07-11 11:44:40.637488,14,-0.0010460767582615,3122,1,9,30.0,AUTO,21,ARMED,100,526.9,5,2595534.558,6,000454_D_A_PROGRAM_1.NC,5,100,0,26,100,2984.44499049427,691949.364000001,7,361.741396131394,8,279.99202440135,0,-100.59242222685,627.0,7.293333333333333,NONE,17.244666666666667,59.98,072B393C-87F5-4183-9ABC-0870E4B4F53B,0.9633333333333334,DE045126-2C5E-4E72-8491-E202079EAC7C,0.391,4500.0,800.0,5.4,27.6,0.1,132.86666666666667,1900.0,500.0,3.8,21.6,0.3,4700.0,800.0,5.6,22.0,0.1,26000.0,7200.0,3.6,24.8,0.3,2100.0,400.0,5.7,23.4,0.0,700.0,100.0,5.2,26.8,0.1
body_p1,06,Al6061_body06_p1,DE045126-2C5E-4E72-8491-E202079EAC7C,37,1058,2025-07-11 11:44:41.637730,14,-0.0010460767582615,3123,1,9,30.0,AUTO,21,ARMED,100,0.0,5,2595534.558,6,000454_D_A_PROGRAM_1.NC,6,100,0,13,100,6100.92818533972,691949.364000001,5,361.741693675496,5,279.991795517099,30,-312.636604786258,5781.666666666667,47.78,NONE,17.24533333333333,59.99,072B393C-87F5-4183-9ABC-0870E4B4F53B,0.9766666666666666,DE045126-2C5E-4E72-8491-E202079EAC7C,0.391,10200.0,2500.0,4.0,27.6,0.2,130.13333333333333,700.0,100.0,4.8,21.6,0.1,2000.0,400.0,5.4,22.0,0.1,5200.0,1400.0,3.7,24.8,0.2,29600.0,5000.0,6.0,23.4,0.1,46600.0,11600.0,4.0,26.8,1.2
body_p1,06,Al6061_body06_p1,DE045126-2C5E-4E72-8491-E202079EAC7C,37,1059,2025-07-11 11:44:42.637981,14,-0.0010460767582615,3123,1,9,30.0,AUTO,21,ARMED,100,0.0,5,2595534.558,6,000454_D_A_PROGRAM_1.NC,7,100,0,9,100,7798.99004334463,691949.364000001,5,361.7417051195,5,279.991806961312,30,-312.636604786258,5851.333333333333,48.44,NONE,17.247333333333334,59.98,072B393C-87F5-4183-9ABC-0870E4B4F53B,0.9333333333333336,DE045126-2C5E-4E72-8491-E202079EAC7C,0.391,9100.0,2700.0,3.4,27.6,0.2,129.93333333333334,200.0,100.0,3.6,21.6,0.1,400.0,100.0,3.6,22.0,0.1,3300.0,1300.0,2.5,24.8,0.2,1200.0,300.0,3.9,23.4,0.1,600.0,100.0,4.5,26.8,0.2
body_p1,06,Al6061_body06_p1,DE045126-2C5E-4E72-8491-E202079EAC7C,37,1060,2025-07-11 11:44:43.638269,14,-0.0010460767582615,3123,1,9,30.0,AUTO,21,ARMED,100,0.0,5,2595534.558,6,000454_D_A_PROGRAM_1.NC,8,100,0,7,100,10000.0,691949.364000001,5,361.7417051195,5,279.991795517099,30,-312.636627671331,5782.0,47.836666666666666,NONE,17.249333333333336,59.98,072B393C-87F5-4183-9ABC-0870E4B4F53B,0.8866666666666667,DE045126-2C5E-4E72-8491-E202079EAC7C,0.391,10000.0,3200.0,3.1,27.6,0.2,130.03333333333333,300.0,100.0,3.5,21.6,0.1,400.0,100.0,3.2,22.0,0.1,3500.0,1400.0,2.6,24.8,0.3,1000.0,300.0,4.0,23.4,0.1,800.0,200.0,4.4,26.8,0.1
body_p1,06,Al6061_body06_p1,DE045126-2C5E-4E72-8491-E202079EAC7C,37,1061,2025-07-11 11:44:44.638537,14,-0.0010460767582615,3129,1,9,30.0,AUTO,21,ARMED,100,24.73333,5,2595534.558,6,000454_D_A_PROGRAM_1.NC,9,100,0,5,100,10000.0,691949.364000001,1,364.316148245548,13,280.221810857433,32,-315.684530343821,5049.333333333333,41.77666666666666,NONE,17.250333333333334,59.98,072B393C-87F5-4183-9ABC-0870E4B4F53B,0.8833333333333333,DE045126-2C5E-4E72-8491-E202079EAC7C,0.391,8600.0,2100.0,4.0,27.6,0.3,130.46666666666667,500.0,100.0,4.3,21.6,0.5,400.0,100.0,3.6,22.0,0.1,3100.0,1200.0,2.5,24.8,0.2,1500.0,300.0,5.3,23.4,0.1,2700.0,700.0,4.0,26.8,0.6
body_p1,06,Al6061_body06_p1,DE045126-2C5E-4E72-8491-E202079EAC7C,37,1062,2025-07-11 11:44:45.638784,14,-0.0010460767582615,3137,1,9,30.0,AUTO,21,ARMED,100,24.9,5,2595534.558,6,000454_D_A_PROGRAM_1.NC,10,100,0,1,100,10000.0,691949.364000001,15,339.566888552357,6,267.888971849932,30,-315.684782079624,3536.333333333333,37.48,NONE,17.251666666666665,59.98,072B393C-87F5-4183-9ABC-0870E4B4F53B,0.7200000000000001,DE045126-2C5E-4E72-8491-E202079EAC7C,0.391,7600.0,1800.0,4.2,27.6,0.5,131.20000000000002,700.0,100.0,5.4,21.6,0.4,800.0,100.0,5.5,22.0,0.1,8100.0,1900.0,4.2,24.8,0.6,2500.0,400.0,6.1,23.4,0.2,6500.0,1700.0,3.8,26.8,1.4
body_p1,06,Al6061_body06_p1,DE045126-2C5E-4E72-8491-E202079EAC7C,37,1063,2025-07-11 11:44:46.639088,14,-0.0010460767582615,3144,1,9,30.0,AUTO,21,ARMED,100,91.38333,5,2595534.558,6,000454_D_A_PROGRAM_1.NC,11,100,0,1,100,10000.0,691949.364000001,10,337.061065943524,58,237.254234519572,38,-312.674182076064,1006.3333333333334,8.546666666666667,NONE,17.251666666666665,59.98,072B393C-87F5-4183-9ABC-0870E4B4F53B,0.8833333333333333,DE045126-2C5E-4E72-8491-E202079EAC7C,0.391,3100.0,1000.0,3.0,27.6,0.5,132.6,600.0,200.0,3.9,21.6,0.3,500.0,200.0,3.4,22.0,0.1,3800.0,1200.0,3.3,24.8,0.4,2100.0,300.0,7.1,23.4,0.2,2800.0,1600.0,1.8,26.8,1.5
body_p1,06,Al6061_body06_p1,DE045126-2C5E-4E72-8491-E202079EAC7C,37,1064,2025-07-11 11:44:47.639351,14,-0.0010460767582615,3151,1,9,30.0,AUTO,21,ARMED,100,16.65,5,2595534.558,6,000454_D_A_PROGRAM_1.NC,12,100,0,0,100,10000.0,691949.364000001,13,339.19195412784,2,239.374016204765,32,-314.161093698848,1056.0,9.523333333333332,NONE,17.251666666666665,59.98,072B393C-87F5-4183-9ABC-0870E4B4F53B,0.8300000000000001,DE045126-2C5E-4E72-8491-E202079EAC7C,0.391,3600.0,1000.0,3.5,27.6,0.5,132.53333333333333,400.0,100.0,4.2,21.6,0.8,2500.0,400.0,6.9,22.0,0.1,12200.0,1700.0,7.2,24.8,0.4,2400.0,400.0,6.9,23.4,0.2,4100.0,1600.0,2.6,26.8,1.5
body_p1,06,Al6061_body06_p1,DE045126-2C5E-4E72-8491-E202079EAC7C,37,1065,2025-07-11 11:44:48.639617,14,-0.0010460767582615,3161,1,9,30.0,AUTO,21,ARMED,100,24.93333,5,2595534.558,6,000454_D_A_PROGRAM_1.NC,13,100,0,0,100,10000.0,691949.364000001,18,363.652222821781,3,225.709633071508,29,-315.684701981868,1040.6666666666667,8.683333333333334,NONE,17.252666666666666,59.98,072B393C-87F5-4183-9ABC-0870E4B4F53B,0.9,DE045126-2C5E-4E72-8491-E202079EAC7C,0.391,3400.0,1000.0,3.3,27.6,0.5,132.6,700.0,100.0,5.0,21.6,0.5,1700.0,200.0,7.7,22.0,0.1,9000.0,1800.0,5.1,24.8,0.4,3000.0,300.0,9.7,23.4,0.2,6000.0,1700.0,3.4,26.8,1.5
body_p1,06,Al6061_body06_p1,DE045126-2C5E-4E72-8491-E202079EAC7C,37,1066,2025-07-11 11:44:49.639866,14,-0.0010460767582615,3167,1,9,30.0,AUTO,21,ARMED,100,90.06667,5,2595534.558,6,000454_D_A_PROGRAM_1.NC,14,100,0,0,100,10000.0,691949.364000001,0,397.684542833322,6,222.998100655633,37,-312.664181299179,1000.0,8.466666666666667,NONE,17.252666666666666,59.98,072B393C-87F5-4183-9ABC-0870E4B4F53B,0.9,DE045126-2C5E-4E72-8491-E202079EAC7C,0.391,3500.0,1000.0,3.4,27.6,0.5,132.6,700.0,100.0,5.0,21.6,0.3,700.0,200.0,4.1,22.0,0.1,5200.0,1200.0,4.4,24.8,0.4,1100.0,300.0,3.9,23.4,0.2,2800.0,1600.0,1.7,26.8,1.5
body_p1,06,Al6061_body06_p1,DE045126-2C5E-4E72-8491-E202079EAC7C,37,1067,2025-07-11 11:44:50.640118,14,-0.0010460767582615,3175,1,9,30.0,AUTO,21,ARMED,100,9.633333,5,2595534.558,6,000454_D_A_PROGRAM_1.NC,15,100,0,0,100,10000.0,691949.364000001,0,399.874616115943,0,225.12541263229,46,-312.675407281069,1089.3333333333333,9.416666666666666,NONE,17.252666666666666,59.98,072B393C-87F5-4183-9ABC-0870E4B4F53B,0.7966666666666665,DE045126-2C5E-4E72-8491-E202079EAC7C,0.391,3300.0,1000.0,3.3,27.6,0.5,132.53333333333333,500.0,100.0,4.1,21.6,0.5,500.0,100.0,4.2,22.0,0.1,4000.0,1100.0,3.6,24.8,0.4,1900.0,300.0,6.4,23.4,0.2,5200.0,1600.0,3.3,26.8,1.4
body_p1,06,Al6061_body06_p1,DE045126-2C5E-4E72-8491-E202079EAC7C,37,1068,2025-07-11 11:44:51.640359,14,-0.0010460767582615,3183,1,9,30.0,AUTO,21,ARMED,100,25.03333,5,2595534.558,6,000454_D_A_PROGRAM_1.NC,16,100,0,0,100,10000.0,691949.364000001,2,421.75946524438,12,237.604581904436,32,-315.68459899904,1022.6666666666666,8.72,NONE,17.253,59.98,072B393C-87F5-4183-9ABC-0870E4B4F53B,0.92,DE045126-2C5E-4E72-8491-E202079EAC7C,0.391,3300.0,1000.0,3.3,27.6,0.5,132.6,600.0,100.0,4.6,21.6,0.4,1200.0,200.0,6.0,22.0,0.1,6600.0,1400.0,4.6,24.8,0.4,1800.0,300.0,5.7,23.4,0.2,5800.0,1700.0,3.4,26.8,1.5
body_p1,06,Al6061_body06_p1,DE045126-2C5E-4E72-8491-E202079EAC7C,37,1069,2025-07-11 11:44:52.640647,14,-0.0010460767582615,3190,1,9,30.0,AUTO,21,ARMED,100,9.4,5,2595534.558,6,000454_D_A_PROGRAM_1.NC,17,100,0,0,100,10000.0,691949.364000001,1,422.422188906581,28,265.742499352606,32,-314.128871738985,1022.6666666666666,8.72,NONE,17.253,59.98,072B393C-87F5-4183-9ABC-0870E4B4F53B,0.92,DE045126-2C5E-4E72-8491-E202079EAC7C,0.391,3500.0,1000.0,3.4,27.6,0.5,132.6,600.0,100.0,4.3,21.6,0.4,500.0,200.0,3.2,22.0,0.1,3500.0,1100.0,3.1,24.8,0.4,900.0,300.0,3.4,23.4,0.2,3500.0,1600.0,2.2,26.8,1.5
body_p1,06,Al6061_body06_p1,DE045126-2C5E-4E72-8491-E202079EAC7C,37,1070,2025-07-11 11:44:53.640914,14,-0.0010460767582615,3199,1,9,30.0,AUTO,21,ARMED,100,11.5,5,2595534.558,6,000454_D_A_PROGRAM_1.NC,18,100,0,0,100,10000.0,691949.364000001,5,424.555787367841,6,267.876108510466,42,-312.674697849785,1017.6666666666666,8.683333333333332,NONE,17.253666666666668,59.98,072B393C-87F5-4183-9ABC-0870E4B4F53B,0.8866666666666667,DE045126-2C5E-4E72-8491-E202079EAC7C,0.391,3700.0,1000.0,3.7,27.6,0.5,132.53333333333333,600.0,200.0,4.0,21.6,0.5,500.0,100.0,3.6,22.0,0.1,3800.0,1100.0,3.4,24.8,0.4,1800.0,300.0,6.3,23.4,0.2,3800.0,1600.0,2.4,26.8,1.5
body_p1,06,Al6061_body06_p1,DE045126-2C5E-4E72-8491-E202079EAC7C,37,1071,2025-07-11 11:44:54.641176,14,-0.0010460767582615,3205,1,9,30.0,AUTO,21,ARMED,100,25.03333,5,2595534.558,6,000454_D_A_PROGRAM_1.NC,19,100,0,0,100,10000.0,691949.364000001,4,397.791724411293,9,279.578956993731,33,-315.684621884113,1002.6666666666666,8.543333333333335,NONE,17.254,59.98,072B393C-87F5-4183-9ABC-0870E4B4F53B,0.8633333333333333,DE045126-2C5E-4E72-8491-E202079EAC7C,0.391,3700.0,1000.0,3.6,27.6,0.5,132.56666666666666,700.0,100.0,5.0,21.6,0.3,1100.0,200.0,5.2,22.0,0.1,7100.0,1500.0,4.7,24.8,0.4,2000.0,300.0,6.6,23.4,0.2,5900.0,1700.0,3.5,26.8,1.5
body_p1,06,Al6061_body06_p1,DE045126-2C5E-4E72-8491-E202079EAC7C,37,1072,2025-07-11 11:44:55.641425,14,-0.0010460767582615,3213,1,9,30.0,AUTO,21,ARMED,100,25.2,5,2595534.558,6,000454_D_A_PROGRAM_1.NC,20,100,0,1,100,10000.0,691949.364000001,12,381.420534927931,14,272.863181733464,27,-316.182715497162,1007.3333333333334,8.583333333333334,NONE,17.254,59.98,072B393C-87F5-4183-9ABC-0870E4B4F53B,0.89,DE045126-2C5E-4E72-8491-E202079EAC7C,0.391,3500.0,1000.0,3.4,27.6,0.5,132.56666666666666,500.0,100.0,4.5,21.6,0.4,500.0,200.0,3.4,22.0,0.1,3600.0,1100.0,3.1,24.8,0.4,1900.0,300.0,6.6,23.4,0.2,5800.0,1700.0,3.4,26.8,1.5
body_p1,06,Al6061_body06_p1,DE045126-2C5E-4E72-8491-E202079EAC7C,37,1073,2025-07-11 11:44:56.641669,14,-0.0010460767582615,3219,1,9,30.0,AUTO,21,ARMED,100,25.4,5,2595534.558,6,000454_D_A_PROGRAM_1.NC,21,100,0,0,100,10000.0,691949.364000001,8,355.561893448415,8,273.175074954804,32,-316.182486646433,1026.6666666666667,8.790000000000001,NONE,17.254666666666665,59.98,072B393C-87F5-4183-9ABC-0870E4B4F53B,0.8366666666666666,DE045126-2C5E-4E72-8491-E202079EAC7C,0.391,3700.0,1000.0,3.6,27.6,0.5,132.56666666666666,1100.0,300.0,3.9,21.6,0.5,500.0,100.0,3.4,22.0,0.1,3200.0,1100.0,3.0,24.8,0.4,1900.0,300.0,6.0,23.4,0.2,4000.0,1600.0,2.5,26.8,1.5
body_p1,06,Al6061_body06_p1,DE045126-2C5E-4E72-8491-E202079EAC7C,37,1074,2025-07-11 11:44:57.641923,14,-0.0010460767582615,3219,1,9,30.0,AUTO,21,ARMED,100,25.4,5,2595534.558,6,000454_D_A_PROGRAM_1.NC,22,100,0,1,100,10000.0,691949.364000001,8,341.468121820115,7,257.204100620112,33,-316.182349335995,1017.0,8.69,NONE,17.255,59.98,072B393C-87F5-4183-9ABC-0870E4B4F53B,0.8766666666666666,DE045126-2C5E-4E72-8491-E202079EAC7C,0.391,4100.0,1100.0,3.8,27.6,0.5,132.56666666666666,900.0,400.0,2.5,21.6,0.2,600.0,100.0,3.9,22.0,0.1,3500.0,1100.0,3.2,24.8,0.4,1400.0,400.0,3.9,23.4,0.2,2900.0,1600.0,1.8,26.8,1.5
body_p1,06,Al6061_body06_p1,DE045126-2C5E-4E72-8491-E202079EAC7C,37,1075,2025-07-11 11:44:58.642190,14,-0.0010460767582615,3219,1,9,30.0,AUTO,21,ARMED,100,25.4,5,2595534.558,6,000454_D_A_PROGRAM_1.NC,23,100,0,0,100,10000.0,691949.364000001,7,350.848214023437,6,234.435388029404,31,-316.182349335995,1023.0,8.72,NONE,17.255,59.98,072B393C-87F5-4183-9ABC-0870E4B4F53B,0.88,DE045126-2C5E-4E72-8491-E202079EAC7C,0.391,3700.0,1000.0,3.5,27.6,0.5,132.6,700.0,300.0,2.7,21.6,0.1,600.0,200.0,3.6,22.0,0.1,3800.0,1300.0,3.0,24.8,0.4,1300.0,400.0,3.7,23.4,0.2,2800.0,1500.0,1.8,26.8,1.5
body_p1,06,Al6061_body06_p1,DE045126-2C5E-4E72-8491-E202079EAC7C,37,1076,2025-07-11 11:44:59.642451,14,-0.0010460767582615,3222,1,9,30.0,AUTO,21,ARMED,100,25.31667,5,2595534.558,6,000454_D_A_PROGRAM_1.NC,24,100,0,0,100,10000.0,691949.364000001,8,374.851269391427,6,232.407629025817,31,-316.182475203896,1021.0,8.716666666666667,NONE,17.255,59.98,072B393C-87F5-4183-9ABC-0870E4B4F53B,0.8733333333333334,DE045126-2C5E-4E72-8491-E202079EAC7C,0.391,4200.0,1100.0,3.7,27.6,0.5,132.53333333333333,900.0,300.0,2.9,21.6,0.1,700.0,200.0,3.5,22.0,0.1,3200.0,1100.0,2.9,24.8,0.4,1300.0,400.0,3.6,23.4,0.2,3000.0,1700.0,1.7,26.8,1.7
body_p1,06,Al6061_body06_p1,DE045126-2C5E-4E72-8491-E202079EAC7C,37,1077,2025-07-11 11:45:00.642710,14,-0.0010460767582615,3224,1,9,30.0,AUTO,21,ARMED,100,25.4,5,2595534.558,6,000454_D_A_PROGRAM_1.NC,25,100,0,0,100,10000.0,691949.364000001,8,400.84765260108,6,231.006484996276,32,-316.182520974042,1021.0,8.709999999999999,NONE,17.255333333333333,59.98,072B393C-87F5-4183-9ABC-0870E4B4F53B,0.88,DE045126-2C5E-4E72-8491-E202079EAC7C,0.391,3900.0,1200.0,3.3,27.6,0.5,132.53333333333333,1000.0,300.0,3.6,21.6,0.2,600.0,200.0,3.1,22.0,0.2,3000.0,1300.0,2.4,24.8,0.4,1300.0,400.0,3.5,23.4,0.2,2900.0,1700.0,1.7,26.8,1.6
body_p1,06,Al6061_body06_p1,DE045126-2C5E-4E72-8491-E202079EAC7C,37,1078,2025-07-11 11:45:01.642967,14,-0.0010460767582615,3225,1,9,30.0,AUTO,21,ARMED,100,25.4,5,2595534.558,6,000454_D_A_PROGRAM_1.NC,26,100,0,0,100,10000.0,691949.364000001,6,419.295599111152,7,245.633096585088,32,-316.18242943375,1025.3333333333333,8.766666666666667,NONE,17.256,59.98,072B393C-87F5-4183-9ABC-0870E4B4F53B,0.8766666666666666,DE045126-2C5E-4E72-8491-E202079EAC7C,0.391,3900.0,1200.0,3.3,27.6,0.5,132.56666666666666,800.0,300.0,2.9,21.6,0.2,500.0,200.0,3.4,22.0,0.1,3100.0,1100.0,2.9,24.8,0.4,1200.0,400.0,3.4,23.4,0.2,2900.0,1600.0,1.7,26.8,1.6
body_p1,06,Al6061_body06_p1,DE045126-2C5E-4E72-8491-E202079EAC7C,37,1079,2025-07-11 11:45:02.643214,14,-0.0010460767582615,3225,1,9,30.0,AUTO,21,ARMED,100,25.4,5,2595534.558,6,000454_D_A_PROGRAM_1.NC,27,100,0,1,100,10000.0,691949.364000001,7,414.540063353568,7,267.554994238144,31,-316.182372221068,1022.3333333333334,8.723333333333333,NONE,17.256,59.98,072B393C-87F5-4183-9ABC-0870E4B4F53B,0.8766666666666666,DE045126-2C5E-4E72-8491-E202079EAC7C,0.391,3800.0,1100.0,3.6,27.6,0.5,132.56666666666666,700.0,200.0,3.0,21.6,0.1,600.0,200.0,3.4,22.0,0.1,3400.0,1200.0,2.8,24.8,0.4,1500.0,300.0,4.4,23.4,0.2,2900.0,1500.0,1.9,26.8,1.5
body_p1,06,Al6061_body06_p1,DE045126-2C5E-4E72-8491-E202079EAC7C,37,1080,2025-07-11 11:45:03.643524,14,-0.0010460767582615,3228,1,9,30.0,AUTO,21,ARMED,100,25.33333,5,2595534.558,6,000454_D_A_PROGRAM_1.NC,28,100,0,0,100,10000.0,691949.364000001,6,386.509695902652,7,272.884756650801,32,-316.182315008385,1024.6666666666667,8.666666666666666,NONE,17.256333333333334,59.98,072B393C-87F5-4183-9ABC-0870E4B4F53B,0.8866666666666667,DE045126-2C5E-4E72-8491-E202079EAC7C,0.391,3700.0,1100.0,3.4,27.6,0.5,132.56666666666666,900.0,300.0,3.2,21.6,0.1,700.0,200.0,3.5,22.0,0.2,3400.0,1100.0,3.0,24.8,0.4,1300.0,400.0,3.7,23.4,0.2,3000.0,1800.0,1.7,26.8,1.7
body_p1,07,Al6061_body07_p1,DE045126-2C5E-4E72-8491-E202079EAC7C,32,1036,2025-07-11 12:04:18.557539,14,-0.0010460767582615,29,1,9,30.0,AUTO,21,ARMED,100,0.0,5,2596616.002,7,O9735.FNC,6,100,0,0,100,0.0,693030.402,5,12.4205948207998,5,503.59819449292,35,-99.8669982674121,559.6666666666666,5.25,NONE,17.608999999999998,60.03,072B393C-87F5-4183-9ABC-0870E4B4F53B,0.98,DE045126-2C5E-4E72-8491-E202079EAC7C,0.408,10200.0,600.0,16.7,30.5,0.2,133.96666666666667,500.0,100.0,6.4,21.6,0.2,1200.0,100.0,9.0,22.3,0.1,2700.0,900.0,3.0,25.3,0.1,10400.0,500.0,19.7,23.6,0.1,2900.0,300.0,10.6,27.7,0.3
body_p1,07,Al6061_body07_p1,DE045126-2C5E-4E72-8491-E202079EAC7C,32,1037,2025-07-11 12:04:19.557787,14,-0.0010460767582615,3121,1,9,30.0,AUTO,21,ARMED,100,70.71667,5,2596616.002,7,000454_D_A_PROGRAM_1.NC,7,100,0,39,100,2291.92601623272,693030.402,3,357.072814724606,2,282.980085408571,35,-99.8670097108772,490.0,5.11,NONE,17.608999999999998,60.03,072B393C-87F5-4183-9ABC-0870E4B4F53B,1.0,DE045126-2C5E-4E72-8491-E202079EAC7C,0.408,2800.0,300.0,10.2,30.5,0.1,134.03333333333333,2000.0,400.0,5.2,21.6,0.3,3700.0,500.0,7.0,22.3,0.1,28000.0,5500.0,5.1,25.3,0.2,1400.0,200.0,8.3,23.6,0.1,600.0,100.0,4.4,27.7,0.1
body_p1,07,Al6061_body07_p1,DE045126-2C5E-4E72-8491-E202079EAC7C,32,1038,2025-07-11 12:04:20.558010,14,-0.0010460767582615,3123,1,9,30.0,AUTO,21,ARMED,100,0.0,5,2596616.002,7,000454_D_A_PROGRAM_1.NC,8,100,0,15,100,5890.66011304259,693030.402,5,361.741716563504,5,279.991806961312,29,-312.636616228794,5309.333333333333,45.06666666666666,NONE,17.610333333333333,60.03,072B393C-87F5-4183-9ABC-0870E4B4F53B,1.0,DE045126-2C5E-4E72-8491-E202079EAC7C,0.408,7400.0,2300.0,3.2,30.5,0.2,131.4,500.0,100.0,4.3,21.6,0.2,2100.0,300.0,6.6,22.3,0.0,3700.0,1300.0,2.9,25.3,0.1,23400.0,2900.0,8.1,23.6,0.1,51000.0,7700.0,6.7,27.7,0.8
body_p1,07,Al6061_body07_p1,DE045126-2C5E-4E72-8491-E202079EAC7C,32,1039,2025-07-11 12:04:21.558232,14,-0.0010460767582615,3123,1,9,30.0,AUTO,21,ARMED,100,0.0,5,2596616.002,7,000454_D_A_PROGRAM_1.NC,9,100,0,11,100,7566.31648235894,693030.402,5,361.7417051195,5,279.991806961312,30,-312.636616228794,5309.333333333333,45.06666666666666,NONE,17.610333333333333,60.03,072B393C-87F5-4183-9ABC-0870E4B4F53B,1.0,DE045126-2C5E-4E72-8491-E202079EAC7C,0.408,8200.0,2400.0,3.3,30.5,0.2,131.4,200.0,100.0,3.7,21.6,0.1,300.0,100.0,3.6,22.3,0.1,2900.0,1300.0,2.2,25.3,0.1,1100.0,300.0,3.7,23.6,0.1,600.0,100.0,4.2,27.7,0.2
body_p1,07,Al6061_body07_p1,DE045126-2C5E-4E72-8491-E202079EAC7C,32,1040,2025-07-11 12:04:22.558478,14,-0.0010460767582615,3123,1,9,30.0,AUTO,21,ARMED,100,0.0,5,2596616.002,7,000454_D_A_PROGRAM_1.NC,10,100,0,7,100,8862.13843517343,693030.402,5,361.741693675496,5,279.991795517099,30,-312.636604786258,5863.333333333333,48.086666666666666,NONE,17.614,60.03,072B393C-87F5-4183-9ABC-0870E4B4F53B,0.93,DE045126-2C5E-4E72-8491-E202079EAC7C,0.408,10200.0,3200.0,3.2,30.5,0.2,131.0666666666667,300.0,100.0,3.1,21.6,0.1,500.0,100.0,3.5,22.3,0.1,3500.0,1400.0,2.5,25.3,0.3,1100.0,300.0,4.0,23.6,0.1,800.0,200.0,4.2,27.7,0.1
body_p1,07,Al6061_body07_p1,DE045126-2C5E-4E72-8491-E202079EAC7C,32,1041,2025-07-11 12:04:23.558737,14,-0.0010460767582615,3128,1,9,30.0,AUTO,21,ARMED,100,25.03333,5,2596616.002,7,000454_D_A_PROGRAM_1.NC,11,100,0,5,100,10000.0,693030.402,3,364.345853076035,14,281.441375867867,32,-315.684633326649,5094.666666666667,41.84666666666666,NONE,17.615333333333336,60.03,072B393C-87F5-4183-9ABC-0870E4B4F53B,0.8833333333333333,DE045126-2C5E-4E72-8491-E202079EAC7C,0.408,7000.0,2000.0,3.4,30.5,0.3,131.6,300.0,100.0,3.8,21.6,0.1,400.0,100.0,3.8,22.3,0.1,3500.0,1300.0,2.6,25.3,0.3,900.0,300.0,3.6,23.6,0.1,2800.0,500.0,5.4,27.7,0.5
body_p1,07,Al6061_body07_p1,DE045126-2C5E-4E72-8491-E202079EAC7C,32,1042,2025-07-11 12:04:24.558985,14,-0.0010460767582615,3135,1,9,30.0,AUTO,21,ARMED,100,24.51667,5,2596616.002,7,000454_D_A_PROGRAM_1.NC,12,100,0,1,100,10000.0,693030.402,5,338.087933370931,6,265.149984882578,24,-315.684267165482,4565.0,37.56666666666667,NONE,17.616,60.03,072B393C-87F5-4183-9ABC-0870E4B4F53B,0.77,DE045126-2C5E-4E72-8491-E202079EAC7C,0.408,7500.0,2200.0,3.4,30.5,0.6,131.76666666666665,400.0,100.0,4.0,21.6,0.4,500.0,100.0,3.7,22.3,0.1,6300.0,1700.0,3.6,25.3,0.7,2300.0,400.0,5.5,23.6,0.2,6900.0,1900.0,3.6,27.7,1.7
body_p1,07,Al6061_body07_p1,DE045126-2C5E-4E72-8491-E202079EAC7C,32,1043,2025-07-11 12:04:25.559230,14,-0.0010460767582615,3143,1,9,30.0,AUTO,21,ARMED,100,91.56667,5,2596616.002,7,000454_D_A_PROGRAM_1.NC,13,100,0,1,100,10000.0,693030.402,11,337.979033311062,59,250.442992815285,40,-312.636285578493,1007.0,8.553333333333333,NONE,17.617,60.03,072B393C-87F5-4183-9ABC-0870E4B4F53B,0.8733333333333334,DE045126-2C5E-4E72-8491-E202079EAC7C,0.408,3400.0,1000.0,3.3,30.5,0.5,133.66666666666666,800.0,200.0,4.8,21.6,0.5,600.0,200.0,4.0,22.3,0.1,3900.0,1200.0,3.3,25.3,0.4,2100.0,300.0,6.8,23.6,0.2,4900.0,1900.0,2.6,27.7,1.8
body_p1,07,Al6061_body07_p1,DE045126-2C5E-4E72-8491-E202079EAC7C,32,1044,2025-07-11 12:04:26.559479,14,-0.0010460767582615,3150,1,9,30.0,AUTO,21,ARMED,100,25.08333,5,2596616.002,7,000454_D_A_PROGRAM_1.NC,14,100,0,0,100,10000.0,693030.402,5,339.797980990931,13,237.971052581965,32,-315.684610441576,1083.6666666666667,9.31,NONE,17.617,60.03,072B393C-87F5-4183-9ABC-0870E4B4F53B,0.8533333333333334,DE045126-2C5E-4E72-8491-E202079EAC7C,0.408,3300.0,1000.0,3.3,30.5,0.5,133.66666666666666,500.0,100.0,4.2,21.6,0.8,2500.0,400.0,6.1,22.3,0.1,18900.0,3000.0,6.2,25.3,0.5,1600.0,300.0,5.0,23.6,0.2,4400.0,1900.0,2.4,27.7,1.7
body_p1,07,Al6061_body07_p1,DE045126-2C5E-4E72-8491-E202079EAC7C,32,1045,2025-07-11 12:04:27.559696,14,-0.0010460767582615,3160,1,9,30.0,AUTO,21,ARMED,100,19.23333,5,2596616.002,7,000454_D_A_PROGRAM_1.NC,15,100,0,0,100,10000.0,693030.402,17,363.575641082687,14,222.50523780364,38,-315.684919390061,1010.6666666666666,8.56,NONE,17.617,60.03,072B393C-87F5-4183-9ABC-0870E4B4F53B,0.9033333333333332,DE045126-2C5E-4E72-8491-E202079EAC7C,0.408,3900.0,1000.0,3.8,30.5,0.5,133.63333333333333,900.0,100.0,6.9,21.6,0.4,500.0,100.0,3.6,22.3,0.1,8600.0,1400.0,6.0,25.3,0.4,2200.0,300.0,7.0,23.6,0.2,6800.0,2000.0,3.3,27.7,1.8
body_p1,07,Al6061_body07_p1,DE045126-2C5E-4E72-8491-E202079EAC7C,32,1046,2025-07-11 12:04:28.559945,14,-0.0010460767582615,3166,1,9,30.0,AUTO,21,ARMED,100,54.36667,5,2596616.002,7,000454_D_A_PROGRAM_1.NC,16,100,0,0,100,10000.0,693030.402,58,377.771149776364,8,224.251095661346,38,-312.636216923853,999.0,8.453333333333335,NONE,17.61733333333333,60.03,072B393C-87F5-4183-9ABC-0870E4B4F53B,0.8766666666666666,DE045126-2C5E-4E72-8491-E202079EAC7C,0.408,3700.0,1000.0,3.6,30.5,0.5,133.70000000000002,700.0,200.0,4.4,21.6,0.3,600.0,200.0,3.6,22.3,0.1,6100.0,1200.0,5.0,25.3,0.4,3200.0,300.0,9.7,23.6,0.2,4000.0,1900.0,2.1,27.7,1.8
body_p1,07,Al6061_body07_p1,DE045126-2C5E-4E72-8491-E202079EAC7C,32,1047,2025-07-11 12:04:29.560234,14,-0.0010460767582615,3172,1,9,30.0,AUTO,21,ARMED,100,19.05,5,2596616.002,7,000454_D_A_PROGRAM_1.NC,17,100,0,0,100,10000.0,693030.402,5,399.902141055155,0,225.086974216225,32,-315.653382404544,1019.3333333333334,8.909999999999998,NONE,17.618,60.03,072B393C-87F5-4183-9ABC-0870E4B4F53B,0.7999999999999999,DE045126-2C5E-4E72-8491-E202079EAC7C,0.408,3600.0,1000.0,3.4,30.5,0.5,133.7,500.0,100.0,5.0,21.6,0.5,600.0,100.0,4.5,22.3,0.1,3400.0,1100.0,3.0,25.3,0.4,1200.0,300.0,4.3,23.6,0.2,5600.0,1900.0,3.0,27.7,1.7
body_p1,07,Al6061_body07_p1,DE045126-2C5E-4E72-8491-E202079EAC7C,32,1048,2025-07-11 12:04:30.560498,14,-0.0010460767582615,3182,1,9,30.0,AUTO,21,ARMED,100,25.03333,5,2596616.002,7,000454_D_A_PROGRAM_1.NC,18,100,0,0,100,10000.0,693030.402,11,423.598828849381,1,240.207149593866,31,-315.684610441576,1060.3333333333333,8.703333333333333,NONE,17.618,60.03,072B393C-87F5-4183-9ABC-0870E4B4F53B,0.9066666666666666,DE045126-2C5E-4E72-8491-E202079EAC7C,0.408,3500.0,1000.0,3.4,30.5,0.5,133.66666666666666,600.0,100.0,4.8,21.6,0.4,1100.0,200.0,6.6,22.3,0.1,6600.0,1500.0,4.6,25.3,0.5,1900.0,300.0,6.2,23.6,0.2,7500.0,2000.0,3.7,27.7,1.8
body_p1,07,Al6061_body07_p1,DE045126-2C5E-4E72-8491-E202079EAC7C,32,1049,2025-07-11 12:04:31.560796,14,-0.0005460595695276,3189,1,9,30.0,AUTO,21,ARMED,100,9.366667,5,2596616.002,7,000454_D_A_PROGRAM_1.NC,19,100,0,0,100,10000.0,693030.402,1,422.526060574683,37,264.461097878654,36,-312.636936619816,1011.3333333333334,8.486666666666666,NONE,17.618,60.03,072B393C-87F5-4183-9ABC-0870E4B4F53B,0.8866666666666667,DE045126-2C5E-4E72-8491-E202079EAC7C,0.408,3700.0,1000.0,3.6,30.5,0.5,133.73333333333332,900.0,200.0,5.1,21.6,0.2,500.0,200.0,3.3,22.3,0.1,4400.0,1200.0,3.7,25.3,0.4,2600.0,300.0,8.2,23.6,0.2,3200.0,1900.0,1.7,27.7,1.8
body_p1,07,Al6061_body07_p1,DE045126-2C5E-4E72-8491-E202079EAC7C,32,1050,2025-07-11 12:04:32.561023,14,-0.0010460767582615,3197,1,9,30.0,AUTO,21,ARMED,100,18.61667,5,2596616.002,7,000454_D_A_PROGRAM_1.NC,20,100,0,0,100,10000.0,693030.402,7,424.557012080622,14,267.876097066214,31,-312.698509567556,1033.0,8.783333333333333,NONE,17.618333333333336,60.03,072B393C-87F5-4183-9ABC-0870E4B4F53B,0.85,DE045126-2C5E-4E72-8491-E202079EAC7C,0.408,3600.0,1000.0,3.5,30.5,0.5,133.7,800.0,100.0,5.3,21.6,0.6,1000.0,200.0,6.1,22.3,0.1,5500.0,1100.0,4.8,25.3,0.4,2000.0,300.0,6.4,23.6,0.2,4900.0,1900.0,2.6,27.7,1.8
body_p1,07,Al6061_body07_p1,DE045126-2C5E-4E72-8491-E202079EAC7C,32,1051,2025-07-11 12:04:33.561314,14,-0.0010460767582615,3205,1,9,30.0,AUTO,21,ARMED,100,25.03333,5,2596616.002,7,000454_D_A_PROGRAM_1.NC,21,100,0,0,100,10000.0,693030.402,2,397.033996609828,12,281.834576953823,32,-315.684656211722,1050.3333333333333,8.966666666666667,NONE,17.618666666666666,60.03,072B393C-87F5-4183-9ABC-0870E4B4F53B,0.9033333333333332,DE045126-2C5E-4E72-8491-E202079EAC7C,0.408,3900.0,1000.0,3.8,30.5,0.5,133.66666666666666,600.0,100.0,4.9,21.6,0.3,1200.0,200.0,5.8,22.3,0.1,6400.0,1400.0,4.5,25.3,0.4,1700.0,300.0,5.8,23.6,0.2,6800.0,2000.0,3.3,27.7,1.8
body_p1,07,Al6061_body07_p1,DE045126-2C5E-4E72-8491-E202079EAC7C,32,1052,2025-07-11 12:04:34.561601,14,-0.0010460767582615,3211,1,9,30.0,AUTO,21,ARMED,100,16.71667,5,2596616.002,7,000454_D_A_PROGRAM_1.NC,22,100,0,0,100,10000.0,693030.402,6,382.943001690302,7,270.661719604344,34,-315.982951695264,1010.6666666666666,8.576666666666666,NONE,17.619,60.03,072B393C-87F5-4183-9ABC-0870E4B4F53B,0.8733333333333334,DE045126-2C5E-4E72-8491-E202079EAC7C,0.408,3600.0,1000.0,3.4,30.5,0.5,133.73333333333332,700.0,100.0,5.0,21.6,0.4,600.0,200.0,3.6,22.3,0.1,5100.0,1200.0,4.3,25.3,0.4,1000.0,300.0,3.6,23.6,0.2,3600.0,1900.0,1.9,27.7,1.9
body_p1,07,Al6061_body07_p1,DE045126-2C5E-4E72-8491-E202079EAC7C,32,1053,2025-07-11 12:04:35.561888,14,-0.0010460767582615,3218,1,9,30.0,AUTO,21,ARMED,100,25.4,5,2596616.002,7,000454_D_A_PROGRAM_1.NC,23,100,0,0,100,10000.0,693030.402,7,360.673011642618,7,274.293752588682,32,-316.182303565849,1040.6666666666667,8.876666666666667,NONE,17.619,60.03,072B393C-87F5-4183-9ABC-0870E4B4F53B,0.8533333333333334,DE045126-2C5E-4E72-8491-E202079EAC7C,0.408,3300.0,1000.0,3.3,30.5,0.5,133.7,900.0,200.0,3.5,21.6,0.5,500.0,100.0,3.8,22.3,0.1,3100.0,1100.0,2.8,25.3,0.4,3000.0,300.0,8.9,23.6,0.2,4700.0,1900.0,2.5,27.7,1.8
body_p1,07,Al6061_body07_p1,DE045126-2C5E-4E72-8491-E202079EAC7C,32,1054,2025-07-11 12:04:36.562192,14,-0.0010460767582615,3219,1,9,30.0,AUTO,21,ARMED,100,25.4,5,2596616.002,7,000454_D_A_PROGRAM_1.NC,24,100,0,0,100,10000.0,693030.402,5,341.784463800303,8,258.492199263627,30,-316.182292123312,1015.6666666666666,8.596666666666666,NONE,17.619333333333334,60.03,072B393C-87F5-4183-9ABC-0870E4B4F53B,0.8766666666666666,DE045126-2C5E-4E72-8491-E202079EAC7C,0.408,3900.0,1100.0,3.5,30.5,0.5,133.76666666666668,1000.0,300.0,2.9,21.6,0.2,500.0,100.0,3.5,22.3,0.1,3700.0,1200.0,3.2,25.3,0.4,1300.0,400.0,3.6,23.6,0.2,3300.0,2000.0,1.7,27.7,1.9
body_p1,07,Al6061_body07_p1,DE045126-2C5E-4E72-8491-E202079EAC7C,32,1055,2025-07-11 12:04:37.562488,14,-0.0010460767582615,3219,1,9,30.0,AUTO,21,ARMED,100,25.4,5,2596616.002,7,000454_D_A_PROGRAM_1.NC,25,100,0,1,100,10000.0,693030.402,9,346.841840938251,6,237.800171737672,31,-316.182452318823,1027.6666666666667,8.716666666666667,NONE,17.62,60.03,072B393C-87F5-4183-9ABC-0870E4B4F53B,0.8766666666666666,DE045126-2C5E-4E72-8491-E202079EAC7C,0.408,3500.0,1100.0,3.3,30.5,0.5,133.7,700.0,300.0,2.6,21.6,0.1,600.0,200.0,3.6,22.3,0.1,3900.0,1300.0,3.1,25.3,0.4,1500.0,300.0,4.4,23.6,0.2,3100.0,1800.0,1.7,27.8,1.7
body_p1,07,Al6061_body07_p1,DE045126-2C5E-4E72-8491-E202079EAC7C,32,1056,2025-07-11 12:04:38.562815,14,-0.0010460767582615,3220,1,9,30.0,AUTO,21,ARMED,100,25.4,5,2596616.002,7,000454_D_A_PROGRAM_1.NC,26,100,0,0,100,10000.0,693030.402,8,370.916260081113,8,232.395441184175,32,-316.18242943375,1022.0,8.660000000000002,NONE,17.62,60.03,072B393C-87F5-4183-9ABC-0870E4B4F53B,0.88,DE045126-2C5E-4E72-8491-E202079EAC7C,0.408,3800.0,1100.0,3.5,30.5,0.5,133.73333333333332,800.0,300.0,2.8,21.6,0.1,600.0,200.0,3.2,22.3,0.1,3600.0,1200.0,3.1,25.3,0.4,1500.0,300.0,4.4,23.6,0.2,3500.0,2100.0,1.7,27.8,2.0
body_p1,07,Al6061_body07_p1,DE045126-2C5E-4E72-8491-E202079EAC7C,32,1057,2025-07-11 12:04:39.563098,14,-0.0010460767582615,3224,1,9,30.0,AUTO,21,ARMED,100,25.28333,5,2596616.002,7,000454_D_A_PROGRAM_1.NC,27,100,0,0,100,10000.0,693030.402,8,395.617145816428,7,231.126794484449,32,-316.182383663604,1019.6666666666666,8.623333333333333,NONE,17.62,60.03,072B393C-87F5-4183-9ABC-0870E4B4F53B,0.8766666666666666,DE045126-2C5E-4E72-8491-E202079EAC7C,0.408,4000.0,1200.0,3.3,30.5,0.5,133.66666666666666,900.0,300.0,3.0,21.6,0.3,600.0,200.0,3.3,22.3,0.2,3000.0,1300.0,2.3,25.3,0.4,1400.0,400.0,4.0,23.6,0.2,3400.0,2000.0,1.7,27.8,1.9
body_p1,07,Al6061_body07_p1,DE045126-2C5E-4E72-8491-E202079EAC7C,32,1058,2025-07-11 12:04:40.563401,14,-0.0010460767582615,3225,1,9,30.0,AUTO,21,ARMED,100,25.4,5,2596616.002,7,000454_D_A_PROGRAM_1.NC,28,100,0,1,100,10000.0,693030.402,7,418.836650948948,8,244.408704869316,31,-316.182395106141,1020.0,8.63,NONE,17.621,60.03,072B393C-87F5-4183-9ABC-0870E4B4F53B,0.88,DE045126-2C5E-4E72-8491-E202079EAC7C,0.408,4200.0,1200.0,3.4,30.5,0.5,133.7,900.0,300.0,3.0,21.6,0.2,600.0,200.0,3.4,22.3,0.1,3100.0,1100.0,2.8,25.3,0.4,1200.0,400.0,3.3,23.6,0.2,3300.0,2000.0,1.7,27.8,1.9
body_p1,07,Al6061_body07_p1,DE045126-2C5E-4E72-8491-E202079EAC7C,32,1059,2025-07-11 12:04:41.563647,14,-0.0010460767582615,3225,1,9,30.0,AUTO,21,ARMED,100,25.4,5,2596616.002,7,000454_D_A_PROGRAM_1.NC,29,100,0,0,100,10000.0,693030.402,7,416.219098792568,7,265.54251104551,32,-316.182417991214,1022.0,8.666666666666666,NONE,17.621,60.03,072B393C-87F5-4183-9ABC-0870E4B4F53B,0.8766666666666666,DE045126-2C5E-4E72-8491-E202079EAC7C,0.408,4000.0,1100.0,3.6,30.5,0.5,133.73333333333332,700.0,200.0,3.2,21.6,0.1,500.0,200.0,3.3,22.3,0.1,3400.0,1200.0,2.8,25.3,0.4,1400.0,300.0,4.2,23.6,0.2,3200.0,1800.0,1.8,27.8,1.7
body_p1,07,Al6061_body07_p1,DE045126-2C5E-4E72-8491-E202079EAC7C,32,1060,2025-07-11 12:04:42.563940,14,-0.0010460767582615,3225,1,9,30.0,AUTO,21,ARMED,100,25.4,5,2596616.002,7,000454_D_A_PROGRAM_1.NC,30,100,0,0,100,10000.0,693030.402,9,390.439124178768,8,272.891646102828,31,-316.182372221068,1025.3333333333333,8.693333333333333,NONE,17.621333333333332,60.03,072B393C-87F5-4183-9ABC-0870E4B4F53B,0.88,DE045126-2C5E-4E72-8491-E202079EAC7C,0.408,3800.0,1100.0,3.5,30.5,0.5,133.7,800.0,300.0,3.2,21.6,0.1,600.0,200.0,3.1,22.3,0.2,3300.0,1200.0,2.8,25.3,0.4,1400.0,300.0,4.0,23.6,0.2,3400.0,2000.0,1.7,27.8,1.9
body_p1,08,Al6061_body08_p1,DE045126-2C5E-4E72-8491-E202079EAC7C,34,1077,2025-07-11 12:23:01.051963,14,-0.0010460767582615,3121,1,9,30.0,AUTO,21,ARMED,100,633.3333,5,2597697.439,8,000454_D_A_PROGRAM_1.NC,1,100,0,24,100,1537.74367482371,693751.236000001,22,199.520314693715,15,383.833108787682,37,-99.8670097108772,604.6666666666666,5.21,NONE,17.966666666666665,59.98,072B393C-87F5-4183-9ABC-0870E4B4F53B,0.81,DE045126-2C5E-4E72-8491-E202079EAC7C,0.4243333333333333,3600.0,500.0,6.8,32.4,0.2,133.4,200.0,0.0,4.4,22.0,0.0,400.0,100.0,5.9,22.6,0.0,1500.0,900.0,1.8,25.4,0.0,2000.0,200.0,10.5,23.8,0.1,700.0,100.0,5.4,28.1,0.2
body_p1,08,Al6061_body08_p1,DE045126-2C5E-4E72-8491-E202079EAC7C,34,1078,2025-07-11 12:23:02.052146,14,-0.0010460767582615,3122,1,9,30.0,AUTO,21,ARMED,100,517.6333,5,2597697.439,8,000454_D_A_PROGRAM_1.NC,2,100,0,19,100,4481.19351417666,693751.236000001,5,361.741716563504,5,279.991761184461,13,-308.625332082298,546.3333333333334,5.026666666666666,NONE,17.966666666666665,59.98,072B393C-87F5-4183-9ABC-0870E4B4F53B,0.7400000000000001,DE045126-2C5E-4E72-8491-E202079EAC7C,0.4243333333333333,6600.0,1600.0,4.2,32.4,0.1,133.5,1600.0,400.0,4.5,22.0,0.2,4800.0,1000.0,4.7,22.6,0.1,24900.0,6900.0,3.6,25.4,0.3,3400.0,800.0,4.2,23.8,0.0,800.0,200.0,4.7,28.1,0.1
body_p1,08,Al6061_body08_p1,DE045126-2C5E-4E72-8491-E202079EAC7C,34,1079,2025-07-11 12:23:03.052431,14,-0.0010460767582615,3123,1,9,30.0,AUTO,21,ARMED,100,0.0,5,2597697.439,8,000454_D_A_PROGRAM_1.NC,4,100,0,12,100,6915.8167460678,693751.236000001,5,361.7417051195,5,279.991795517099,30,-312.636616228794,3246.0,28.94666666666667,NONE,17.968,59.98,072B393C-87F5-4183-9ABC-0870E4B4F53B,0.9499999999999998,DE045126-2C5E-4E72-8491-E202079EAC7C,0.4243333333333333,10100.0,2300.0,4.4,32.4,0.3,132.0,300.0,100.0,4.9,22.0,0.1,1900.0,300.0,6.6,22.6,0.1,4300.0,1400.0,3.0,25.4,0.2,31200.0,5500.0,5.7,23.8,0.2,55700.0,12100.0,4.6,28.1,1.1
body_p1,08,Al6061_body08_p1,DE045126-2C5E-4E72-8491-E202079EAC7C,34,1080,2025-07-11 12:23:04.052694,14,-0.0010460767582615,3123,1,9,30.0,AUTO,21,ARMED,100,0.0,5,2597697.439,8,000454_D_A_PROGRAM_1.NC,5,100,0,8,100,8402.72271121683,693751.236000001,5,361.741716563504,5,279.991795517099,30,-312.636593343721,5750.666666666667,47.446666666666665,NONE,17.968666666666667,59.97,072B393C-87F5-4183-9ABC-0870E4B4F53B,0.9466666666666668,DE045126-2C5E-4E72-8491-E202079EAC7C,0.4243333333333333,9800.0,2500.0,4.0,32.4,0.2,130.6,300.0,100.0,3.8,22.0,0.1,400.0,100.0,3.7,22.6,0.1,3300.0,1400.0,2.4,25.4,0.2,1300.0,300.0,4.3,23.8,0.1,800.0,200.0,3.9,28.1,0.1
body_p1,08,Al6061_body08_p1,DE045126-2C5E-4E72-8491-E202079EAC7C,34,1081,2025-07-11 12:23:05.052958,14,-0.0010460767582615,3126,1,9,30.0,AUTO,21,ARMED,100,20.35,5,2597697.439,8,000454_D_A_PROGRAM_1.NC,6,100,0,6,100,10000.0,693751.236000001,0,364.468742594067,11,280.644903761697,29,-315.684770637087,5869.666666666667,48.400000000000006,NONE,17.970666666666666,59.97,072B393C-87F5-4183-9ABC-0870E4B4F53B,0.92,DE045126-2C5E-4E72-8491-E202079EAC7C,0.4243333333333333,10200.0,2600.0,3.9,32.4,0.3,130.6,300.0,100.0,3.6,22.0,0.1,400.0,100.0,4.0,22.6,0.1,3400.0,1300.0,2.5,25.4,0.2,1100.0,300.0,4.5,23.8,0.1,1000.0,300.0,3.1,28.1,0.4
body_p1,08,Al6061_body08_p1,DE045126-2C5E-4E72-8491-E202079EAC7C,34,1082,2025-07-11 12:23:06.053239,14,-0.0010460767582615,3133,1,9,30.0,AUTO,21,ARMED,100,96.56667,5,2597697.439,8,000454_D_A_PROGRAM_1.NC,7,100,0,0,100,10000.0,693751.236000001,50,342.005684609153,26,268.761911716629,40,-312.636468657534,5108.0,42.13666666666666,NONE,17.971999999999998,59.97,072B393C-87F5-4183-9ABC-0870E4B4F53B,0.89,DE045126-2C5E-4E72-8491-E202079EAC7C,0.4243333333333333,8100.0,2300.0,3.5,32.4,0.6,131.0,600.0,100.0,4.2,22.0,0.4,500.0,100.0,3.7,22.6,0.1,3800.0,1300.0,3.0,25.4,0.5,3600.0,400.0,8.8,23.8,0.2,6200.0,1100.0,5.7,28.1,1.0
body_p1,08,Al6061_body08_p1,DE045126-2C5E-4E72-8491-E202079EAC7C,34,1083,2025-07-11 12:23:07.053519,14,-0.0010460767582615,3141,1,9,30.0,AUTO,21,ARMED,100,23.56667,5,2597697.439,8,000454_D_A_PROGRAM_1.NC,8,100,0,0,100,10000.0,693751.236000001,0,339.73155981948,12,266.178296476168,31,-315.684621884113,3861.6666666666665,33.333333333333336,NONE,17.973333333333333,59.97,072B393C-87F5-4183-9ABC-0870E4B4F53B,0.7766666666666667,DE045126-2C5E-4E72-8491-E202079EAC7C,0.4243333333333333,3500.0,1100.0,3.3,32.4,0.5,131.66666666666666,700.0,100.0,6.2,22.0,0.5,1700.0,300.0,6.5,22.6,0.1,8800.0,1800.0,4.9,25.4,0.5,1000.0,300.0,3.8,23.8,0.2,4200.0,1800.0,2.3,28.1,1.7
body_p1,08,Al6061_body08_p1,DE045126-2C5E-4E72-8491-E202079EAC7C,34,1084,2025-07-11 12:23:08.053780,14,-0.0010460767582615,3148,1,9,30.0,AUTO,21,ARMED,100,24.63333,5,2597697.439,8,000454_D_A_PROGRAM_1.NC,8,100,0,0,100,10000.0,693751.236000001,1,339.453435469069,9,237.242757518953,38,-315.68479352216,1112.0,9.87,NONE,17.973666666666666,59.98,072B393C-87F5-4183-9ABC-0870E4B4F53B,0.7566666666666667,DE045126-2C5E-4E72-8491-E202079EAC7C,0.4243333333333333,3500.0,1000.0,3.3,32.4,0.5,133.2,500.0,100.0,4.4,22.0,0.5,700.0,100.0,4.7,22.6,0.1,17500.0,2200.0,7.9,25.4,0.5,1800.0,300.0,6.0,23.8,0.2,6900.0,1900.0,3.6,28.1,1.7
body_p1,08,Al6061_body08_p1,DE045126-2C5E-4E72-8491-E202079EAC7C,34,1085,2025-07-11 12:23:09.054028,14,-0.0010460767582615,3155,1,9,30.0,AUTO,21,ARMED,100,123.55,5,2597697.439,8,000454_D_A_PROGRAM_1.NC,9,100,0,0,100,10000.0,693751.236000001,62,360.34785977178,35,222.997116523294,38,-312.674994496154,1031.0,8.773333333333333,NONE,17.974,59.97,072B393C-87F5-4183-9ABC-0870E4B4F53B,0.92,DE045126-2C5E-4E72-8491-E202079EAC7C,0.4243333333333333,3700.0,1000.0,3.6,32.4,0.5,133.16666666666666,700.0,100.0,4.7,22.0,0.3,500.0,200.0,3.2,22.6,0.1,3500.0,1300.0,2.8,25.4,0.5,1700.0,300.0,6.2,23.8,0.2,3300.0,1800.0,1.8,28.1,1.7
body_p1,08,Al6061_body08_p1,DE045126-2C5E-4E72-8491-E202079EAC7C,34,1086,2025-07-11 12:23:10.054274,14,-0.0010460767582615,3163,1,9,30.0,AUTO,21,ARMED,100,18.16667,5,2597697.439,8,000454_D_A_PROGRAM_1.NC,11,100,0,0,100,10000.0,693751.236000001,16,363.872866136449,2,225.125092216794,32,-313.631537572733,1008.0,8.553333333333333,NONE,17.974666666666664,59.97,072B393C-87F5-4183-9ABC-0870E4B4F53B,0.8966666666666666,DE045126-2C5E-4E72-8491-E202079EAC7C,0.4243333333333333,3700.0,1000.0,3.5,32.4,0.5,133.23333333333332,500.0,100.0,5.1,22.0,0.6,1500.0,300.0,5.8,22.6,0.1,7500.0,1400.0,5.4,25.4,0.5,1900.0,300.0,6.2,23.8,0.2,4400.0,1800.0,2.5,28.1,1.7
body_p1,08,Al6061_body08_p1,DE045126-2C5E-4E72-8491-E202079EAC7C,34,1087,2025-07-11 12:23:11.054522,14,-0.0010460767582615,3172,1,9,30.0,AUTO,21,ARMED,100,25.08333,5,2597697.439,8,000454_D_A_PROGRAM_1.NC,11,100,0,0,100,10000.0,693751.236000001,21,399.621798690923,11,225.728297274129,30,-315.684747752014,1010.6666666666666,8.613333333333333,NONE,17.974666666666664,59.97,072B393C-87F5-4183-9ABC-0870E4B4F53B,0.8099999999999999,DE045126-2C5E-4E72-8491-E202079EAC7C,0.4243333333333333,3500.0,1000.0,3.3,32.4,0.5,133.16666666666666,900.0,200.0,5.8,22.0,0.4,800.0,200.0,4.9,22.6,0.1,3100.0,1200.0,2.6,25.4,0.5,2300.0,300.0,7.8,23.8,0.2,6500.0,1900.0,3.3,28.1,1.7
body_p1,08,Al6061_body08_p1,DE045126-2C5E-4E72-8491-E202079EAC7C,34,1088,2025-07-11 12:23:12.054843,14,-0.0010460767582615,3179,1,9,30.0,AUTO,21,ARMED,100,31.36667,5,2597697.439,8,000454_D_A_PROGRAM_1.NC,12,100,0,0,100,10000.0,693751.236000001,11,422.414883097688,0,237.238672017106,37,-312.67438804172,1057.0,9.066666666666666,NONE,17.975333333333335,59.97,072B393C-87F5-4183-9ABC-0870E4B4F53B,0.91,DE045126-2C5E-4E72-8491-E202079EAC7C,0.4243333333333333,3400.0,1000.0,3.2,32.4,0.5,133.13333333333333,700.0,100.0,4.6,22.0,0.3,600.0,200.0,3.3,22.6,0.1,3700.0,1200.0,3.0,25.4,0.5,1000.0,300.0,3.9,23.8,0.2,3000.0,1800.0,1.7,28.1,1.7
body_p1,08,Al6061_body08_p1,DE045126-2C5E-4E72-8491-E202079EAC7C,34,1089,2025-07-11 12:23:13.055104,14,-0.0010460767582615,3186,1,9,30.0,AUTO,21,ARMED,100,0.15,5,2597697.439,8,000454_D_A_PROGRAM_1.NC,13,100,0,1,100,10000.0,693751.236000001,6,424.555295193546,5,239.385242751855,51,-312.666276213898,1000.3333333333334,8.466666666666667,NONE,17.975333333333335,59.97,072B393C-87F5-4183-9ABC-0870E4B4F53B,0.8766666666666666,DE045126-2C5E-4E72-8491-E202079EAC7C,0.4243333333333333,3400.0,1000.0,3.4,32.4,0.5,133.16666666666666,500.0,100.0,4.0,22.0,0.5,600.0,100.0,4.3,22.6,0.1,4800.0,1200.0,4.0,25.4,0.5,2200.0,300.0,6.9,23.8,0.2,6100.0,1700.0,3.5,28.1,1.6
body_p1,08,Al6061_body08_p1,DE045126-2C5E-4E72-8491-E202079EAC7C,34,1090,2025-07-11 12:23:14.055346,14,-0.0010460767582615,3194,1,9,30.0,AUTO,21,ARMED,100,25.03333,5,2597697.439,8,000454_D_A_PROGRAM_1.NC,15,100,0,0,100,10000.0,693751.236000001,2,422.149360004519,14,265.572495977874,33,-315.684553228894,991.6666666666666,8.416666666666666,NONE,17.976,59.97,072B393C-87F5-4183-9ABC-0870E4B4F53B,0.8366666666666666,DE045126-2C5E-4E72-8491-E202079EAC7C,0.4243333333333333,3500.0,1000.0,3.4,32.4,0.5,133.13333333333333,500.0,100.0,4.4,22.0,0.8,1900.0,300.0,7.5,22.6,0.1,15200.0,2600.0,5.9,25.4,0.5,2400.0,300.0,7.4,23.8,0.2,6500.0,1900.0,3.4,28.1,1.6
body_p1,08,Al6061_body08_p1,DE045126-2C5E-4E72-8491-E202079EAC7C,34,1091,2025-07-11 12:23:15.055554,14,-0.0010460767582615,3201,1,9,30.0,AUTO,21,ARMED,100,24.06667,5,2597697.439,8,000454_D_A_PROGRAM_1.NC,15,100,0,0,100,10000.0,693751.236000001,40,397.74094691963,8,279.991919316702,30,-314.534235036386,1082.0,9.36,NONE,17.976,59.97,072B393C-87F5-4183-9ABC-0870E4B4F53B,0.91,DE045126-2C5E-4E72-8491-E202079EAC7C,0.4243333333333333,3800.0,1100.0,3.6,32.4,0.5,133.1,500.0,100.0,3.8,22.0,0.4,600.0,200.0,3.6,22.6,0.2,3500.0,1200.0,2.9,25.4,0.5,1800.0,300.0,6.5,23.8,0.2,6300.0,1800.0,3.4,28.1,1.7
body_p1,08,Al6061_body08_p1,DE045126-2C5E-4E72-8491-E202079EAC7C,34,1092,2025-07-11 12:23:16.055797,14,-0.0010460767582615,3208,1,9,30.0,AUTO,21,ARMED,100,13.46667,5,2597697.439,8,000454_D_A_PROGRAM_1.NC,17,100,0,0,100,10000.0,693751.236000001,5,399.87262470662,6,282.126724811686,44,-312.67029251036,1013.3333333333334,8.626666666666667,NONE,17.976333333333333,59.97,072B393C-87F5-4183-9ABC-0870E4B4F53B,0.89,DE045126-2C5E-4E72-8491-E202079EAC7C,0.4243333333333333,3200.0,1000.0,3.1,32.4,0.5,133.2,700.0,200.0,4.4,22.0,0.5,600.0,200.0,3.6,22.6,0.1,3900.0,1400.0,2.9,25.4,0.4,2000.0,300.0,7.1,23.8,0.2,6000.0,1800.0,3.4,28.1,1.7
body_p1,08,Al6061_body08_p1,DE045126-2C5E-4E72-8491-E202079EAC7C,34,1093,2025-07-11 12:23:17.056050,14,-0.0010460767582615,3216,1,9,30.0,AUTO,21,ARMED,100,25.4,5,2597697.439,8,000454_D_A_PROGRAM_1.NC,17,100,0,0,100,10000.0,693751.236000001,8,371.601207224887,5,272.884925812633,32,-316.182452318823,1004.0,8.526666666666666,NONE,17.976333333333333,59.97,072B393C-87F5-4183-9ABC-0870E4B4F53B,0.8866666666666667,DE045126-2C5E-4E72-8491-E202079EAC7C,0.4243333333333333,3300.0,1000.0,3.2,32.4,0.5,133.23333333333332,600.0,100.0,4.7,22.0,0.5,900.0,200.0,5.3,22.6,0.1,7400.0,1600.0,4.7,25.4,0.5,2500.0,400.0,6.9,23.8,0.2,6700.0,1900.0,3.6,28.1,1.6
body_p1,08,Al6061_body08_p1,DE045126-2C5E-4E72-8491-E202079EAC7C,34,1094,2025-07-11 12:23:18.056285,14,-0.0010460767582615,3219,1,9,30.0,AUTO,21,ARMED,100,25.4,5,2597697.439,8,000454_D_A_PROGRAM_1.NC,19,100,0,0,100,10000.0,693751.236000001,8,348.269228351679,8,268.886471178185,32,-316.182440876287,996.0,8.706666666666667,NONE,17.97666666666667,59.97,072B393C-87F5-4183-9ABC-0870E4B4F53B,0.8533333333333334,DE045126-2C5E-4E72-8491-E202079EAC7C,0.4243333333333333,3800.0,1100.0,3.4,32.4,0.5,133.23333333333332,1000.0,300.0,3.2,22.0,0.4,700.0,200.0,3.9,22.6,0.2,2900.0,1200.0,2.5,25.4,0.4,1200.0,300.0,3.7,23.8,0.2,3300.0,1900.0,1.7,28.1,1.9
body_p1,08,Al6061_body08_p1,DE045126-2C5E-4E72-8491-E202079EAC7C,34,1095,2025-07-11 12:23:19.056565,14,-0.0010460767582615,3219,1,9,30.0,AUTO,21,ARMED,100,25.4,5,2597697.439,8,000454_D_A_PROGRAM_1.NC,20,100,0,0,100,10000.0,693751.236000001,6,343.459099024167,7,242.571449020596,31,-316.182440876287,1019.0,8.66,NONE,17.977,59.97,072B393C-87F5-4183-9ABC-0870E4B4F53B,0.88,DE045126-2C5E-4E72-8491-E202079EAC7C,0.4243333333333333,4300.0,1100.0,4.0,32.5,0.5,133.2,900.0,300.0,3.1,22.0,0.1,700.0,200.0,3.6,22.6,0.1,4000.0,1300.0,3.1,25.4,0.5,1400.0,300.0,4.1,23.8,0.2,3100.0,1800.0,1.7,28.1,1.7
body_p1,08,Al6061_body08_p1,DE045126-2C5E-4E72-8491-E202079EAC7C,34,1096,2025-07-11 12:23:20.056825,14,-0.0010460767582615,3219,1,9,30.0,AUTO,21,ARMED,100,25.4,5,2597697.439,8,000454_D_A_PROGRAM_1.NC,21,100,0,0,100,10000.0,693751.236000001,8,361.298089750821,7,230.951151586988,31,-316.182383663604,1017.0,8.67,NONE,17.977333333333334,59.97,072B393C-87F5-4183-9ABC-0870E4B4F53B,0.8766666666666666,DE045126-2C5E-4E72-8491-E202079EAC7C,0.4243333333333333,3800.0,1100.0,3.5,32.5,0.5,133.23333333333332,700.0,300.0,2.7,22.0,0.1,700.0,200.0,3.6,22.6,0.1,3800.0,1300.0,3.0,25.4,0.5,1400.0,300.0,4.4,23.8,0.2,3200.0,1800.0,1.8,28.1,1.7
body_p1,08,Al6061_body08_p1,DE045126-2C5E-4E72-8491-E202079EAC7C,34,1097,2025-07-11 12:23:21.057082,14,-0.0010460767582615,3222,1,9,30.0,AUTO,21,ARMED,100,25.4,5,2597697.439,8,000454_D_A_PROGRAM_1.NC,22,100,0,0,100,10000.0,693751.236000001,7,387.303826749447,4,232.407526029972,32,-316.18242943375,1017.0,8.593333333333334,NONE,17.977333333333334,59.97,072B393C-87F5-4183-9ABC-0870E4B4F53B,0.8866666666666667,DE045126-2C5E-4E72-8491-E202079EAC7C,0.4243333333333333,4200.0,1200.0,3.5,32.5,0.5,133.23333333333332,1100.0,300.0,3.5,22.0,0.3,600.0,200.0,3.4,22.6,0.2,3300.0,1200.0,2.8,25.4,0.5,1400.0,400.0,3.9,23.8,0.2,3200.0,1900.0,1.7,28.1,1.8
body_p1,08,Al6061_body08_p1,DE045126-2C5E-4E72-8491-E202079EAC7C,34,1098,2025-07-11 12:23:22.057346,14,-0.0010460767582615,3225,1,9,30.0,AUTO,21,ARMED,100,25.4,5,2597697.439,8,000454_D_A_PROGRAM_1.NC,23,100,0,1,100,10000.0,693751.236000001,7,411.184039159461,7,234.833890699284,31,-316.182452318823,1019.3333333333334,8.676666666666668,NONE,17.977666666666668,59.97,072B393C-87F5-4183-9ABC-0870E4B4F53B,0.8766666666666666,DE045126-2C5E-4E72-8491-E202079EAC7C,0.4243333333333333,4000.0,1200.0,3.4,32.5,0.5,133.23333333333332,900.0,300.0,3.5,22.0,0.3,600.0,200.0,3.3,22.6,0.2,3400.0,1300.0,2.7,25.4,0.5,1300.0,300.0,4.1,23.8,0.2,3200.0,1900.0,1.7,28.1,1.8
body_p1,08,Al6061_body08_p1,DE045126-2C5E-4E72-8491-E202079EAC7C,34,1099,2025-07-11 12:23:23.057637,14,-0.0010460767582615,3225,1,9,30.0,AUTO,21,ARMED,100,25.4,5,2597697.439,8,000454_D_A_PROGRAM_1.NC,24,100,0,2,100,10000.0,693751.236000001,3,419.811696445158,8,257.903919031595,31,-316.18246376136,1020.3333333333334,8.659999999999998,NONE,17.977666666666668,59.97,072B393C-87F5-4183-9ABC-0870E4B4F53B,0.8666666666666667,DE045126-2C5E-4E72-8491-E202079EAC7C,0.4243333333333333,4000.0,1200.0,3.4,32.5,0.5,133.2,800.0,300.0,3.1,22.0,0.2,600.0,200.0,3.5,22.6,0.2,3600.0,1300.0,2.8,25.4,0.5,1300.0,300.0,3.8,23.8,0.2,3100.0,1800.0,1.7,28.1,1.7
body_p1,08,Al6061_body08_p1,DE045126-2C5E-4E72-8491-E202079EAC7C,34,1100,2025-07-11 12:23:24.057911,14,-0.0010460767582615,3225,1,9,30.0,AUTO,21,ARMED,100,25.4,5,2597697.439,8,000454_D_A_PROGRAM_1.NC,24,100,0,1,100,10000.0,693751.236000001,7,402.664271566214,7,274.026478524771,31,-316.182349335995,1019.3333333333334,8.66,NONE,17.977666666666668,59.97,072B393C-87F5-4183-9ABC-0870E4B4F53B,0.8833333333333334,DE045126-2C5E-4E72-8491-E202079EAC7C,0.4243333333333333,4100.0,1100.0,3.7,32.5,0.5,133.2,600.0,200.0,2.9,22.0,0.1,700.0,200.0,3.5,22.6,0.1,3400.0,1300.0,2.7,25.4,0.4,1500.0,300.0,4.4,23.8,0.2,3100.0,1700.0,1.8,28.1,1.7
body_p1,08,Al6061_body08_p1,DE045126-2C5E-4E72-8491-E202079EAC7C,34,1101,2025-07-11 12:23:25.058170,14,-0.0010460767582615,3228,1,9,30.0,AUTO,21,ARMED,100,25.4,5,2597697.439,8,000454_D_A_PROGRAM_1.NC,25,100,0,0,100,10000.0,693751.236000001,7,379.346725990469,5,270.715254474514,32,-316.156025911631,1020.6666666666666,8.67,NONE,17.978666666666665,59.97,072B393C-87F5-4183-9ABC-0870E4B4F53B,0.8733333333333334,DE045126-2C5E-4E72-8491-E202079EAC7C,0.4243333333333333,3800.0,1100.0,3.4,32.5,0.5,133.23333333333332,1100.0,300.0,3.4,22.0,0.2,600.0,200.0,3.1,22.6,0.2,3000.0,1200.0,2.5,25.4,0.5,1300.0,400.0,3.6,23.8,0.2,3400.0,1900.0,1.7,28.1,1.9
body_p1,09,Al6061_body09_p1,DE045126-2C5E-4E72-8491-E202079EAC7C,35,1002,2025-07-11 12:42:43.970847,14,-0.0010460767582615,3121,1,9,30.001,AUTO,21,ARMED,100,0.0,5,2599138.458,9,000454_D_A_PROGRAM_1.NC,6,100,0,0,100,0.0,694832.163999998,7,12.7858470283879,4,503.36662869751,37,-99.8669982674121,674.0,5.8566666666666665,NONE,18.331,59.98,072B393C-87F5-4183-9ABC-0870E4B4F53B,0.8133333333333334,DE045126-2C5E-4E72-8491-E202079EAC7C,0.441,9600.0,800.0,12.7,33.7,0.3,133.06666666666666,600.0,100.0,7.8,22.2,0.2,900.0,100.0,7.7,22.8,0.2,3300.0,900.0,3.7,25.6,0.1,6400.0,400.0,15.1,23.9,0.3,2200.0,200.0,8.9,28.2,0.5
body_p1,09,Al6061_body09_p1,DE045126-2C5E-4E72-8491-E202079EAC7C,35,1003,2025-07-11 12:42:44.971104,14,-0.0010460767582615,3122,1,9,30.001,AUTO,21,ARMED,100,198.15,5,2599138.458,9,000454_D_A_PROGRAM_1.NC,7,100,0,24,100,3241.49043252795,694832.163999998,6,361.741773783524,7,279.991692519186,29,-103.832402653222,710.6666666666666,6.826666666666667,NONE,18.331,59.98,072B393C-87F5-4183-9ABC-0870E4B4F53B,0.9466666666666668,DE045126-2C5E-4E72-8491-E202079EAC7C,0.441,7500.0,1400.0,5.5,33.7,0.1,133.06666666666666,2100.0,500.0,4.6,22.2,0.3,4500.0,800.0,5.8,22.8,0.1,27100.0,7100.0,3.8,25.6,0.3,2400.0,400.0,6.8,23.9,0.0,600.0,100.0,5.2,28.2,0.1
body_p1,09,Al6061_body09_p1,DE045126-2C5E-4E72-8491-E202079EAC7C,35,1004,2025-07-11 12:42:45.971338,14,-0.0010460767582615,3123,1,9,30.001,AUTO,21,ARMED,100,0.0,5,2599138.458,9,000454_D_A_PROGRAM_1.NC,8,100,0,13,100,6115.61743883591,694832.163999998,5,361.741693675496,5,279.991806961312,30,-312.636593343721,2970.6666666666665,19.39666666666667,NONE,18.331,59.98,072B393C-87F5-4183-9ABC-0870E4B4F53B,1.0,DE045126-2C5E-4E72-8491-E202079EAC7C,0.441,12100.0,2200.0,5.5,33.7,0.2,132.2,600.0,100.0,4.0,22.2,0.1,1800.0,400.0,4.8,22.8,0.1,4900.0,1400.0,3.5,25.6,0.2,27600.0,4900.0,5.7,23.9,0.1,48000.0,11300.0,4.3,28.2,1.1
body_p1,09,Al6061_body09_p1,DE045126-2C5E-4E72-8491-E202079EAC7C,35,1005,2025-07-11 12:42:46.971597,14,-0.0010460767582615,3123,1,9,30.001,AUTO,21,ARMED,100,0.0,5,2599138.458,9,000454_D_A_PROGRAM_1.NC,9,100,0,9,100,7897.08754911791,694832.163999998,5,361.741716563504,5,279.991795517099,30,-312.636627671331,5819.666666666667,48.10333333333333,NONE,18.333,59.98,072B393C-87F5-4183-9ABC-0870E4B4F53B,0.88,DE045126-2C5E-4E72-8491-E202079EAC7C,0.441,6800.0,2100.0,3.2,33.7,0.2,130.33333333333334,200.0,100.0,3.7,22.2,0.1,400.0,100.0,4.0,22.8,0.1,3000.0,1300.0,2.2,25.6,0.2,1300.0,300.0,4.3,23.9,0.1,900.0,200.0,5.4,28.2,0.1
body_p1,09,Al6061_body09_p1,DE045126-2C5E-4E72-8491-E202079EAC7C,35,1006,2025-07-11 12:42:47.971841,14,-0.0010460767582615,3123,1,9,30.001,AUTO,21,ARMED,100,0.0,5,2599138.458,9,000454_D_A_PROGRAM_1.NC,10,100,0,7,100,8986.75347949424,694832.163999998,5,361.7417051195,5,279.991795517099,30,-312.636650556404,5866.0,48.42333333333334,NONE,18.334666666666667,59.98,072B393C-87F5-4183-9ABC-0870E4B4F53B,0.9266666666666667,DE045126-2C5E-4E72-8491-E202079EAC7C,0.441,10300.0,3100.0,3.4,33.7,0.3,130.33333333333334,400.0,100.0,3.9,22.2,0.1,500.0,100.0,3.5,22.8,0.1,3500.0,1400.0,2.5,25.6,0.3,1300.0,300.0,4.3,23.9,0.1,900.0,200.0,4.3,28.2,0.2
body_p1,09,Al6061_body09_p1,DE045126-2C5E-4E72-8491-E202079EAC7C,35,1007,2025-07-11 12:42:48.972149,14,-0.0010460767582615,3130,1,9,30.001,AUTO,21,ARMED,100,24.73333,5,2599138.458,9,000454_D_A_PROGRAM_1.NC,11,100,0,4,100,10000.0,694832.163999998,13,363.883337538571,3,282.109478130729,31,-315.619032199475,5311.666666666667,43.85333333333333,NONE,18.336,59.98,072B393C-87F5-4183-9ABC-0870E4B4F53B,0.8833333333333333,DE045126-2C5E-4E72-8491-E202079EAC7C,0.441,8100.0,2200.0,3.7,33.7,0.4,130.63333333333333,500.0,100.0,4.5,22.2,0.4,400.0,100.0,4.0,22.8,0.1,3400.0,1300.0,2.6,25.6,0.3,1700.0,300.0,5.7,23.9,0.1,3700.0,800.0,4.9,28.2,0.7
body_p1,09,Al6061_body09_p1,DE045126-2C5E-4E72-8491-E202079EAC7C,35,1008,2025-07-11 12:42:49.972382,14,-0.0010460767582615,3138,1,9,30.001,AUTO,21,ARMED,100,25.03333,5,2599138.458,9,000454_D_A_PROGRAM_1.NC,12,100,0,1,100,10000.0,694832.163999998,13,338.551236594041,0,268.642896295994,32,-315.684679096795,4728.333333333333,39.09666666666666,NONE,18.337666666666667,59.98,072B393C-87F5-4183-9ABC-0870E4B4F53B,0.8833333333333333,DE045126-2C5E-4E72-8491-E202079EAC7C,0.441,6500.0,1700.0,3.8,33.7,0.5,130.93333333333334,700.0,100.0,5.7,22.2,0.4,900.0,200.0,6.1,22.8,0.1,8700.0,2000.0,4.4,25.6,0.6,2000.0,400.0,5.0,23.9,0.2,6500.0,2000.0,3.3,28.2,1.7
body_p1,09,Al6061_body09_p1,DE045126-2C5E-4E72-8491-E202079EAC7C,35,1009,2025-07-11 12:42:50.972621,14,-0.0010460767582615,3145,1,9,30.001,AUTO,21,ARMED,100,51.28333,5,2599138.458,9,000454_D_A_PROGRAM_1.NC,13,100,0,1,100,10000.0,694832.163999998,5,337.334424872757,3,241.178985820731,37,-312.636434330214,1105.6666666666667,9.716666666666669,NONE,18.33833333333333,59.98,072B393C-87F5-4183-9ABC-0870E4B4F53B,0.5633333333333334,DE045126-2C5E-4E72-8491-E202079EAC7C,0.441,3500.0,1100.0,3.3,33.7,0.5,132.86666666666665,600.0,100.0,3.9,22.2,0.2,600.0,200.0,3.9,22.8,0.1,4500.0,1200.0,3.7,25.6,0.4,2100.0,300.0,7.2,23.9,0.2,4000.0,1900.0,2.1,28.2,1.8
body_p1,09,Al6061_body09_p1,DE045126-2C5E-4E72-8491-E202079EAC7C,35,1010,2025-07-11 12:42:51.972873,14,-0.0010460767582615,3152,1,9,30.001,AUTO,21,ARMED,100,20.76667,5,2599138.458,9,000454_D_A_PROGRAM_1.NC,14,100,0,1,100,10000.0,694832.163999998,1,339.193739366378,1,239.370411350195,46,-315.371532220912,1019.0,8.683333333333334,NONE,18.339,59.98,072B393C-87F5-4183-9ABC-0870E4B4F53B,0.8933333333333332,DE045126-2C5E-4E72-8491-E202079EAC7C,0.441,3500.0,1000.0,3.4,33.7,0.5,132.9,400.0,100.0,3.5,22.2,0.8,1900.0,300.0,5.9,22.8,0.1,13300.0,1700.0,7.6,25.6,0.5,1500.0,300.0,4.6,23.9,0.2,4700.0,1900.0,2.5,28.2,1.8
body_p1,09,Al6061_body09_p1,DE045126-2C5E-4E72-8491-E202079EAC7C,35,1011,2025-07-11 12:42:52.973163,14,-0.0010460767582615,3161,1,9,30.001,AUTO,21,ARMED,100,25.03333,5,2599138.458,9,000454_D_A_PROGRAM_1.NC,15,100,0,1,100,10000.0,694832.163999998,5,361.308425478734,14,225.300226508635,31,-315.684621884113,1001.6666666666666,8.493333333333332,NONE,18.339,59.98,072B393C-87F5-4183-9ABC-0870E4B4F53B,0.89,DE045126-2C5E-4E72-8491-E202079EAC7C,0.441,3800.0,1000.0,3.6,33.7,0.5,132.9,700.0,100.0,5.4,22.2,0.4,1700.0,200.0,6.8,22.8,0.1,9100.0,1800.0,5.1,25.6,0.5,2300.0,300.0,8.1,23.9,0.2,6700.0,2100.0,3.3,28.2,1.8
body_p1,09,Al6061_body09_p1,DE045126-2C5E-4E72-8491-E202079EAC7C,35,1012,2025-07-11 12:42:53.973397,14,-0.0010460767582615,3167,1,9,30.001,AUTO,21,ARMED,100,15.0,5,2599138.458,9,000454_D_A_PROGRAM_1.NC,17,100,0,0,100,10000.0,694832.163999998,6,397.741172245794,6,222.994072579081,27,-314.022925293701,1031.3333333333333,8.793333333333333,NONE,18.33933333333333,59.98,072B393C-87F5-4183-9ABC-0870E4B4F53B,0.9133333333333332,DE045126-2C5E-4E72-8491-E202079EAC7C,0.441,3500.0,1100.0,3.3,33.7,0.5,132.9,600.0,100.0,4.2,22.2,0.4,600.0,200.0,3.9,22.8,0.1,5400.0,1200.0,4.4,25.6,0.5,1000.0,300.0,3.9,23.9,0.2,3300.0,1900.0,1.7,28.2,1.9
body_p1,09,Al6061_body09_p1,DE045126-2C5E-4E72-8491-E202079EAC7C,35,1013,2025-07-11 12:42:54.973627,14,-0.0010460767582615,3175,1,9,30.001,AUTO,21,ARMED,100,12.05,5,2599138.458,9,000454_D_A_PROGRAM_1.NC,17,100,0,0,100,10000.0,694832.163999998,4,399.874719119874,6,225.125126547026,41,-313.566086815572,1016.6666666666666,8.656666666666666,NONE,18.339666666666663,59.98,072B393C-87F5-4183-9ABC-0870E4B4F53B,0.8933333333333332,DE045126-2C5E-4E72-8491-E202079EAC7C,0.441,3400.0,1000.0,3.3,33.7,0.5,132.9,700.0,100.0,4.9,22.2,0.5,500.0,100.0,3.9,22.8,0.1,4500.0,1200.0,3.7,25.6,0.5,2600.0,300.0,8.4,23.9,0.2,4800.0,1900.0,2.6,28.2,1.8
body_p1,09,Al6061_body09_p1,DE045126-2C5E-4E72-8491-E202079EAC7C,35,1014,2025-07-11 12:42:55.973874,14,-0.0010460767582615,3183,1,9,30.001,AUTO,21,ARMED,100,25.03333,5,2599138.458,9,000454_D_A_PROGRAM_1.NC,18,100,0,0,100,10000.0,694832.163999998,4,421.637079338522,10,238.844439029395,32,-315.684530343821,998.0,8.463333333333333,NONE,18.339666666666663,59.98,072B393C-87F5-4183-9ABC-0870E4B4F53B,0.8666666666666667,DE045126-2C5E-4E72-8491-E202079EAC7C,0.441,3600.0,1100.0,3.5,33.7,0.5,132.9,700.0,100.0,5.2,22.2,0.4,1400.0,200.0,6.8,22.8,0.1,6500.0,1500.0,4.4,25.6,0.5,2500.0,300.0,7.8,23.9,0.2,6400.0,2100.0,3.1,28.2,1.8
body_p1,09,Al6061_body09_p1,DE045126-2C5E-4E72-8491-E202079EAC7C,35,1015,2025-07-11 12:42:56.974107,14,-0.0010460767582615,3190,1,9,30.001,AUTO,21,ARMED,100,17.96667,5,2599138.458,9,000454_D_A_PROGRAM_1.NC,19,100,0,0,100,10000.0,694832.163999998,6,422.422223244322,4,265.742487908354,33,-314.154022434172,1032.3333333333333,8.873333333333333,NONE,18.339666666666663,59.98,072B393C-87F5-4183-9ABC-0870E4B4F53B,0.86,DE045126-2C5E-4E72-8491-E202079EAC7C,0.441,3500.0,1000.0,3.4,33.7,0.5,132.9,500.0,100.0,3.9,22.2,0.4,600.0,200.0,3.5,22.8,0.1,3400.0,1200.0,2.8,25.6,0.5,1100.0,300.0,4.0,23.9,0.2,6600.0,2000.0,3.3,28.2,1.9
body_p1,09,Al6061_body09_p1,DE045126-2C5E-4E72-8491-E202079EAC7C,35,1016,2025-07-11 12:42:57.974347,14,-0.0010460767582615,3197,1,9,30.001,AUTO,21,ARMED,100,30.78333,5,2599138.458,9,000454_D_A_PROGRAM_1.NC,21,100,0,0,100,10000.0,694832.163999998,5,415.606936982638,6,271.919729026811,33,-312.636216923853,1029.6666666666667,8.799999999999999,NONE,18.34,59.98,072B393C-87F5-4183-9ABC-0870E4B4F53B,0.91,DE045126-2C5E-4E72-8491-E202079EAC7C,0.441,3400.0,1000.0,3.3,33.7,0.5,132.9,600.0,200.0,3.9,22.2,0.5,600.0,100.0,3.9,22.8,0.1,4100.0,1200.0,3.5,25.6,0.4,2500.0,300.0,8.3,23.9,0.2,4700.0,1900.0,2.5,28.2,1.8
body_p1,09,Al6061_body09_p1,DE045126-2C5E-4E72-8491-E202079EAC7C,35,1017,2025-07-11 12:42:58.974588,14,-0.0010460767582615,3205,1,9,30.001,AUTO,21,ARMED,100,25.03333,5,2599138.458,9,000454_D_A_PROGRAM_1.NC,22,100,0,0,100,10000.0,694832.163999998,16,400.150840727805,3,279.569401076255,32,-315.684667654259,998.0,8.459999999999999,NONE,18.340666666666667,59.98,072B393C-87F5-4183-9ABC-0870E4B4F53B,0.8866666666666667,DE045126-2C5E-4E72-8491-E202079EAC7C,0.441,3500.0,1000.0,3.3,33.7,0.5,132.9,800.0,100.0,6.7,22.2,0.3,1200.0,200.0,5.8,22.8,0.1,6200.0,1600.0,3.9,25.6,0.5,1600.0,300.0,5.2,23.9,0.2,6500.0,2000.0,3.3,28.2,1.8
body_p1,09,Al6061_body09_p1,DE045126-2C5E-4E72-8491-E202079EAC7C,35,1018,2025-07-11 12:42:59.974843,14,-0.0010460767582615,3212,1,9,30.001,AUTO,21,ARMED,100,19.51667,5,2599138.458,9,000454_D_A_PROGRAM_1.NC,22,100,0,0,100,10000.0,694832.163999998,6,382.53174133038,6,272.322795589098,14,-316.182578186724,998.0,9.32,NONE,18.340666666666667,59.98,072B393C-87F5-4183-9ABC-0870E4B4F53B,0.7999999999999999,DE045126-2C5E-4E72-8491-E202079EAC7C,0.441,3900.0,1100.0,3.7,33.7,0.5,132.9,400.0,100.0,4.3,22.2,0.4,500.0,200.0,3.2,22.8,0.1,3400.0,1200.0,2.9,25.6,0.5,1300.0,300.0,4.8,23.9,0.2,6500.0,2100.0,3.1,28.2,1.8
body_p1,09,Al6061_body09_p1,DE045126-2C5E-4E72-8491-E202079EAC7C,35,1019,2025-07-11 12:43:00.975110,14,-0.0010460767582615,3219,1,9,30.001,AUTO,21,ARMED,100,25.4,5,2599138.458,9,000454_D_A_PROGRAM_1.NC,23,100,0,0,100,10000.0,694832.163999998,8,358.058949127414,6,273.882559878859,31,-316.182360778531,1056.6666666666667,8.703333333333333,NONE,18.340666666666667,59.98,072B393C-87F5-4183-9ABC-0870E4B4F53B,0.9133333333333332,DE045126-2C5E-4E72-8491-E202079EAC7C,0.441,3800.0,1100.0,3.6,33.7,0.6,132.9,1000.0,300.0,3.6,22.2,0.4,500.0,200.0,3.2,22.8,0.1,3200.0,1200.0,2.8,25.6,0.5,2300.0,300.0,7.1,23.9,0.2,4600.0,2000.0,2.3,28.2,1.9
body_p1,09,Al6061_body09_p1,DE045126-2C5E-4E72-8491-E202079EAC7C,35,1020,2025-07-11 12:43:01.975363,14,-0.0010460767582615,3219,1,9,30.001,AUTO,21,ARMED,100,25.4,5,2599138.458,9,000454_D_A_PROGRAM_1.NC,24,100,0,0,100,10000.0,694832.163999998,7,341.228567984739,7,255.898892789256,32,-316.182395106141,1011.0,8.540000000000001,NONE,18.340666666666667,59.98,072B393C-87F5-4183-9ABC-0870E4B4F53B,0.89,DE045126-2C5E-4E72-8491-E202079EAC7C,0.441,3500.0,1100.0,3.2,33.7,0.5,132.86666666666667,1000.0,300.0,3.1,22.2,0.2,600.0,200.0,3.7,22.8,0.1,3400.0,1200.0,2.9,25.6,0.5,1400.0,300.0,4.3,23.9,0.2,3500.0,2000.0,1.7,28.2,1.9
body_p1,09,Al6061_body09_p1,DE045126-2C5E-4E72-8491-E202079EAC7C,35,1021,2025-07-11 12:43:02.975593,14,-0.0010460767582615,3219,1,9,30.001,AUTO,21,ARMED,100,25.4,5,2599138.458,9,000454_D_A_PROGRAM_1.NC,26,100,0,1,100,10000.0,694832.163999998,9,350.869591478342,6,234.421449206814,32,-316.18246376136,1014.0,8.636666666666667,NONE,18.34233333333333,59.98,072B393C-87F5-4183-9ABC-0870E4B4F53B,0.8733333333333334,DE045126-2C5E-4E72-8491-E202079EAC7C,0.441,3800.0,1100.0,3.6,33.7,0.5,132.9,600.0,200.0,2.7,22.2,0.1,700.0,200.0,3.7,22.8,0.1,4100.0,1300.0,3.1,25.6,0.5,1200.0,300.0,3.7,23.9,0.2,3300.0,1900.0,1.7,28.2,1.8
body_p1,09,Al6061_body09_p1,DE045126-2C5E-4E72-8491-E202079EAC7C,35,1022,2025-07-11 12:43:03.975822,14,-0.0010460767582615,3222,1,9,30.001,AUTO,21,ARMED,100,25.4,5,2599138.458,9,000454_D_A_PROGRAM_1.NC,27,100,0,1,100,10000.0,694832.163999998,10,378.801064354831,6,232.407594693869,31,-316.182417991214,1018.0,8.659999999999998,NONE,18.34233333333333,59.98,072B393C-87F5-4183-9ABC-0870E4B4F53B,0.8866666666666667,DE045126-2C5E-4E72-8491-E202079EAC7C,0.441,4200.0,1200.0,3.5,33.7,0.5,132.86666666666667,900.0,300.0,2.9,22.2,0.1,600.0,200.0,3.2,22.8,0.2,3200.0,1200.0,2.7,25.6,0.5,1200.0,300.0,3.6,23.9,0.2,3500.0,2100.0,1.7,28.2,2.0
body_p1,09,Al6061_body09_p1,DE045126-2C5E-4E72-8491-E202079EAC7C,35,1023,2025-07-11 12:43:04.976068,14,-0.0010460767582615,3224,1,9,30.001,AUTO,21,ARMED,100,25.4,5,2599138.458,9,000454_D_A_PROGRAM_1.NC,27,100,0,0,100,10000.0,694832.163999998,8,400.872957296104,7,231.008956896553,32,-316.182360778531,1013.6666666666666,8.623333333333333,NONE,18.34233333333333,59.98,072B393C-87F5-4183-9ABC-0870E4B4F53B,0.8733333333333334,DE045126-2C5E-4E72-8491-E202079EAC7C,0.441,4500.0,1200.0,3.6,33.7,0.5,132.83333333333334,900.0,300.0,3.4,22.2,0.2,600.0,200.0,3.2,22.8,0.2,3000.0,1300.0,2.3,25.6,0.5,1300.0,300.0,4.0,23.9,0.2,3400.0,2000.0,1.7,28.2,1.9
body_p1,09,Al6061_body09_p1,DE045126-2C5E-4E72-8491-E202079EAC7C,35,1024,2025-07-11 12:43:05.976326,14,-0.0010460767582615,3225,1,9,30.001,AUTO,21,ARMED,100,25.4,5,2599138.458,9,000454_D_A_PROGRAM_1.NC,28,100,0,0,100,10000.0,694832.163999998,8,419.686329425468,7,246.907761717136,31,-316.182292123312,1012.0,8.610000000000001,NONE,18.34266666666667,59.98,072B393C-87F5-4183-9ABC-0870E4B4F53B,0.8733333333333334,DE045126-2C5E-4E72-8491-E202079EAC7C,0.441,4300.0,1200.0,3.5,33.7,0.5,132.9,900.0,300.0,3.1,22.2,0.2,600.0,200.0,3.5,22.8,0.2,3100.0,1200.0,2.7,25.6,0.5,1200.0,300.0,3.5,23.9,0.2,3400.0,2000.0,1.7,28.2,1.9
body_p1,09,Al6061_body09_p1,DE045126-2C5E-4E72-8491-E202079EAC7C,35,1025,2025-07-11 12:43:06.976558,14,-0.0010460767582615,3225,1,9,30.001,AUTO,21,ARMED,100,25.4,5,2599138.458,9,000454_D_A_PROGRAM_1.NC,29,100,0,1,100,10000.0,694832.163999998,8,412.616863680524,7,269.363105975091,31,-316.182349335995,1021.0,8.693333333333333,NONE,18.343,59.98,072B393C-87F5-4183-9ABC-0870E4B4F53B,0.8833333333333333,DE045126-2C5E-4E72-8491-E202079EAC7C,0.441,3600.0,1100.0,3.3,33.7,0.5,132.9,700.0,200.0,3.5,22.2,0.1,600.0,200.0,3.5,22.8,0.1,3600.0,1300.0,2.9,25.6,0.4,1300.0,300.0,3.8,23.9,0.2,3400.0,1900.0,1.8,28.2,1.8
body_p1,09,Al6061_body09_p1,DE045126-2C5E-4E72-8491-E202079EAC7C,35,1026,2025-07-11 12:43:07.976829,14,-0.0010460767582615,3228,1,9,30.001,AUTO,21,ARMED,100,25.4,5,2599138.458,9,000454_D_A_PROGRAM_1.NC,30,100,0,0,100,10000.0,694832.163999998,8,387.79224362108,7,272.884951203433,32,-316.182372221068,1011.6666666666666,8.596666666666666,NONE,18.343333333333334,59.98,072B393C-87F5-4183-9ABC-0870E4B4F53B,0.8733333333333334,DE045126-2C5E-4E72-8491-E202079EAC7C,0.441,4000.0,1100.0,3.6,33.7,0.5,132.9,900.0,300.0,3.1,22.2,0.1,600.0,200.0,3.3,22.8,0.2,3500.0,1200.0,2.9,25.6,0.5,1400.0,300.0,4.3,23.9,0.2,3500.0,2100.0,1.7,28.2,2.0
body_p1,10,Al6061_body10_p1,DE045126-2C5E-4E72-8491-E202079EAC7C,34,986,2025-07-11 13:03:28.407608,14,-0.0010460767582615,3119,1,9,30.001,AUTO,21,ARMED,100,0.0,5,2600219.101,10,000454_D_A_PROGRAM_1.NC,9,100,0,0,100,0.0,695552.500000001,5,12.4206062656161,4,503.59819449292,35,-99.8669982674121,632.0,5.56,NONE,18.700333333333333,59.98,072B393C-87F5-4183-9ABC-0870E4B4F53B,0.84,DE045126-2C5E-4E72-8491-E202079EAC7C,0.4566666666666666,3000.0,400.0,8.7,34.5,0.1,132.86666666666667,1000.0,100.0,7.5,22.4,0.2,400.0,100.0,6.2,23.0,0.0,9700.0,1300.0,7.6,25.6,0.1,2100.0,200.0,11.7,24.0,0.1,600.0,100.0,4.5,28.6,0.2
body_p1,10,Al6061_body10_p1,DE045126-2C5E-4E72-8491-E202079EAC7C,34,987,2025-07-11 13:03:29.407801,14,-0.0010460767582615,3121,1,9,30.001,AUTO,21,ARMED,100,631.7167,5,2600219.101,10,000454_D_A_PROGRAM_1.NC,10,100,0,22,100,1967.0261302364,695552.500000001,23,286.066245386064,14,328.433231992926,35,-99.8670097108772,643.3333333333334,6.013333333333333,NONE,18.700333333333333,59.98,072B393C-87F5-4183-9ABC-0870E4B4F53B,0.6900000000000001,DE045126-2C5E-4E72-8491-E202079EAC7C,0.4566666666666666,7800.0,1900.0,4.2,34.5,0.1,132.9333333333333,1500.0,200.0,6.8,22.4,0.2,5800.0,800.0,7.7,23.0,0.1,24000.0,4800.0,5.0,25.6,0.2,4100.0,600.0,6.7,24.0,0.1,3400.0,300.0,11.2,28.6,0.1
body_p1,10,Al6061_body10_p1,DE045126-2C5E-4E72-8491-E202079EAC7C,34,988,2025-07-11 13:03:30.407969,14,-0.0010460767582615,3123,1,9,30.001,AUTO,21,ARMED,100,92.15,5,2600219.101,10,000454_D_A_PROGRAM_1.NC,11,100,0,15,100,5382.12228231517,695552.500000001,5,361.7417051195,5,279.991795517099,28,-312.636650556404,522.3333333333334,5.386666666666667,NONE,18.700333333333333,59.98,072B393C-87F5-4183-9ABC-0870E4B4F53B,1.0,DE045126-2C5E-4E72-8491-E202079EAC7C,0.4566666666666666,9100.0,2200.0,4.2,34.5,0.3,133.06666666666666,200.0,100.0,3.8,22.4,0.1,300.0,100.0,3.8,23.0,0.1,3300.0,1300.0,2.4,25.6,0.2,18700.0,1500.0,12.1,24.0,0.1,24300.0,2000.0,12.4,28.6,0.3
body_p1,10,Al6061_body10_p1,DE045126-2C5E-4E72-8491-E202079EAC7C,34,989,2025-07-11 13:03:31.408181,14,-0.0010460767582615,3123,1,9,30.001,AUTO,21,ARMED,100,0.0,5,2600219.101,10,000454_D_A_PROGRAM_1.NC,12,100,0,12,100,7277.32292099568,695552.500000001,5,361.741693675496,5,279.991795517099,30,-312.636604786258,5855.333333333333,48.45666666666667,NONE,18.702,59.98,072B393C-87F5-4183-9ABC-0870E4B4F53B,0.8866666666666667,DE045126-2C5E-4E72-8491-E202079EAC7C,0.4566666666666666,9300.0,2700.0,3.5,34.5,0.3,130.16666666666666,300.0,100.0,3.1,22.4,0.1,500.0,100.0,4.1,23.0,0.1,3800.0,1500.0,2.6,25.6,0.3,1300.0,300.0,3.9,24.0,0.1,800.0,200.0,4.2,28.6,0.1
body_p1,10,Al6061_body10_p1,DE045126-2C5E-4E72-8491-E202079EAC7C,34,990,2025-07-11 13:03:32.408392,14,-0.0010460767582615,3123,1,9,30.001,AUTO,21,ARMED,100,0.0,5,2600219.101,10,000454_D_A_PROGRAM_1.NC,13,100,0,8,100,8725.16495290494,695552.500000001,5,361.7417051195,5,279.991795517099,30,-312.636616228794,5871.666666666667,48.55,NONE,18.703666666666667,59.98,072B393C-87F5-4183-9ABC-0870E4B4F53B,0.9266666666666667,DE045126-2C5E-4E72-8491-E202079EAC7C,0.4566666666666666,7500.0,2200.0,3.4,34.5,0.3,130.0666666666667,300.0,100.0,3.4,22.4,0.1,400.0,100.0,3.5,23.0,0.1,3400.0,1300.0,2.6,25.6,0.2,1100.0,300.0,4.2,24.0,0.1,1000.0,400.0,2.7,28.6,0.4
body_p1,10,Al6061_body10_p1,DE045126-2C5E-4E72-8491-E202079EAC7C,34,991,2025-07-11 13:03:33.408589,14,-0.0010460767582615,3128,1,9,30.001,AUTO,21,ARMED,100,25.03333,5,2600219.101,10,000454_D_A_PROGRAM_1.NC,14,100,0,6,100,10000.0,695552.500000001,6,361.198229707109,14,282.150402887443,29,-315.68459899904,5606.0,46.34333333333333,NONE,18.706,59.98,072B393C-87F5-4183-9ABC-0870E4B4F53B,0.8933333333333334,DE045126-2C5E-4E72-8491-E202079EAC7C,0.4566666666666666,7400.0,2300.0,3.2,34.5,0.6,130.26666666666665,500.0,100.0,4.0,22.4,0.4,600.0,200.0,3.6,23.0,0.1,4500.0,1600.0,2.9,25.6,0.6,1500.0,400.0,3.8,24.0,0.2,2900.0,1300.0,2.2,28.6,1.3
body_p1,10,Al6061_body10_p1,DE045126-2C5E-4E72-8491-E202079EAC7C,34,992,2025-07-11 13:03:34.408784,14,-0.0010460767582615,3135,1,9,30.001,AUTO,21,ARMED,100,11.65,5,2600219.101,10,000454_D_A_PROGRAM_1.NC,15,100,0,0,100,10000.0,695552.500000001,6,337.060379313317,7,265.742260315684,24,-314.403000585478,4953.0,41.11000000000001,NONE,18.70733333333333,59.98,072B393C-87F5-4183-9ABC-0870E4B4F53B,0.9333333333333336,DE045126-2C5E-4E72-8491-E202079EAC7C,0.4566666666666666,3600.0,1100.0,3.4,34.5,0.5,130.6,800.0,200.0,4.5,22.4,0.5,600.0,100.0,4.3,23.0,0.1,4600.0,1200.0,3.8,25.6,0.5,2100.0,300.0,6.6,24.0,0.2,4900.0,1900.0,2.7,28.6,1.7
body_p1,10,Al6061_body10_p1,DE045126-2C5E-4E72-8491-E202079EAC7C,34,993,2025-07-11 13:03:35.408974,14,-0.0010460767582615,3142,1,9,30.001,AUTO,21,ARMED,100,15.26667,5,2600219.101,10,000454_D_A_PROGRAM_1.NC,16,100,0,0,100,10000.0,695552.500000001,7,339.191496374369,6,267.877589894377,45,-312.67205464613,1617.3333333333333,16.423333333333332,NONE,18.707666666666668,59.98,072B393C-87F5-4183-9ABC-0870E4B4F53B,0.3766666666666667,DE045126-2C5E-4E72-8491-E202079EAC7C,0.4566666666666666,3600.0,1100.0,3.4,34.5,0.5,132.4,600.0,100.0,4.5,22.4,0.8,2200.0,400.0,5.5,23.0,0.1,17100.0,3100.0,5.5,25.6,0.5,1600.0,400.0,4.4,24.0,0.2,6800.0,2000.0,3.4,28.6,1.8
body_p1,10,Al6061_body10_p1,DE045126-2C5E-4E72-8491-E202079EAC7C,34,994,2025-07-11 13:03:36.409185,14,-0.0010460767582615,3150,1,9,30.001,AUTO,21,ARMED,100,25.03333,5,2600219.101,10,000454_D_A_PROGRAM_1.NC,17,100,0,1,100,10000.0,695552.500000001,0,336.292921287148,13,238.917577793903,32,-315.684541786358,1003.6666666666666,8.54,NONE,18.708,59.98,072B393C-87F5-4183-9ABC-0870E4B4F53B,0.8833333333333334,DE045126-2C5E-4E72-8491-E202079EAC7C,0.4566666666666666,4300.0,1100.0,3.8,34.5,0.6,132.76666666666668,900.0,200.0,5.6,22.4,0.4,600.0,200.0,3.8,23.0,0.1,3800.0,1300.0,2.9,25.6,0.5,1500.0,300.0,5.1,24.0,0.2,6100.0,1900.0,3.1,28.6,1.8
body_p1,10,Al6061_body10_p1,DE045126-2C5E-4E72-8491-E202079EAC7C,34,995,2025-07-11 13:03:37.409376,14,-0.0010460767582615,3158,1,9,30.001,AUTO,21,ARMED,100,19.25,5,2600219.101,10,000454_D_A_PROGRAM_1.NC,18,100,0,0,100,10000.0,695552.500000001,14,361.741831003544,4,222.994049692283,31,-313.945493649329,982.0,8.696666666666667,NONE,18.708,59.98,072B393C-87F5-4183-9ABC-0870E4B4F53B,0.8233333333333333,DE045126-2C5E-4E72-8491-E202079EAC7C,0.4566666666666666,3500.0,1100.0,3.3,34.5,0.5,132.73333333333332,600.0,100.0,3.8,22.4,0.5,500.0,100.0,3.5,23.0,0.1,5700.0,1300.0,4.4,25.6,0.5,1700.0,300.0,5.9,24.0,0.2,5000.0,1900.0,2.6,28.6,1.8
body_p1,10,Al6061_body10_p1,DE045126-2C5E-4E72-8491-E202079EAC7C,34,996,2025-07-11 13:03:38.409523,14,-0.0010460767582615,3164,1,9,30.001,AUTO,21,ARMED,100,0.1333333,5,2600219.101,10,000454_D_A_PROGRAM_1.NC,19,100,0,1,100,10000.0,695552.500000001,5,363.954265952999,6,225.123231451752,31,-312.653655202509,1072.0,8.826666666666666,NONE,18.708666666666662,59.98,072B393C-87F5-4183-9ABC-0870E4B4F53B,0.91,DE045126-2C5E-4E72-8491-E202079EAC7C,0.4566666666666666,3500.0,1100.0,3.4,34.5,0.5,132.66666666666666,700.0,100.0,5.0,22.4,0.1,700.0,200.0,4.5,23.0,0.1,3200.0,1200.0,2.6,25.6,0.5,2700.0,300.0,8.6,24.0,0.2,7200.0,1900.0,3.7,28.6,1.8
body_p1,10,Al6061_body10_p1,DE045126-2C5E-4E72-8491-E202079EAC7C,34,997,2025-07-11 13:03:39.409867,14,-0.0010460767582615,3172,1,9,30.001,AUTO,21,ARMED,100,25.03333,5,2600219.101,10,000454_D_A_PROGRAM_1.NC,20,100,0,1,100,10000.0,695552.500000001,12,399.735287506815,7,222.629044062467,33,-315.684701981868,1012.6666666666666,8.646666666666668,NONE,18.708666666666662,59.98,072B393C-87F5-4183-9ABC-0870E4B4F53B,0.8933333333333332,DE045126-2C5E-4E72-8491-E202079EAC7C,0.4566666666666666,3300.0,1100.0,3.1,34.5,0.5,132.73333333333332,500.0,100.0,4.3,22.4,0.4,500.0,100.0,3.7,23.0,0.1,3400.0,1300.0,2.7,25.6,0.5,1800.0,300.0,6.2,24.0,0.2,6200.0,2100.0,3.0,28.6,1.8
body_p1,10,Al6061_body10_p1,DE045126-2C5E-4E72-8491-E202079EAC7C,34,998,2025-07-11 13:03:40.410221,14,-0.0010460767582615,3182,1,9,30.001,AUTO,21,ARMED,100,25.03333,5,2600219.101,10,000454_D_A_PROGRAM_1.NC,21,100,0,0,100,10000.0,695552.500000001,7,423.147732786727,7,236.754508274886,33,-315.68375225134,996.3333333333334,8.473333333333334,NONE,18.708666666666662,59.98,072B393C-87F5-4183-9ABC-0870E4B4F53B,0.8833333333333334,DE045126-2C5E-4E72-8491-E202079EAC7C,0.4566666666666666,3500.0,1100.0,3.3,34.5,0.5,132.70000000000002,800.0,200.0,4.8,22.4,0.5,600.0,200.0,3.8,23.0,0.1,4900.0,1300.0,3.8,25.6,0.5,1700.0,300.0,6.1,24.0,0.2,4300.0,1900.0,2.3,28.6,1.8
body_p1,10,Al6061_body10_p1,DE045126-2C5E-4E72-8491-E202079EAC7C,34,999,2025-07-11 13:03:41.410419,14,-0.0010460767582615,3186,1,9,30.001,AUTO,21,ARMED,100,64.0,5,2600219.101,10,000454_D_A_PROGRAM_1.NC,22,100,0,0,100,10000.0,695552.500000001,6,424.142189271216,5,244.485402441791,41,-312.636113941892,1024.3333333333333,8.799999999999999,NONE,18.709,59.98,072B393C-87F5-4183-9ABC-0870E4B4F53B,0.8466666666666667,DE045126-2C5E-4E72-8491-E202079EAC7C,0.4566666666666666,3800.0,1100.0,3.6,34.5,0.5,132.7,700.0,100.0,5.3,22.4,0.8,2300.0,300.0,8.6,23.0,0.1,15600.0,2600.0,6.0,25.6,0.5,1300.0,300.0,4.1,24.0,0.2,4000.0,1900.0,2.1,28.6,1.8
body_p1,10,Al6061_body10_p1,DE045126-2C5E-4E72-8491-E202079EAC7C,34,1000,2025-07-11 13:03:42.410632,14,-0.0010460767582615,3196,1,9,30.001,AUTO,21,ARMED,100,24.78333,5,2600219.101,10,000454_D_A_PROGRAM_1.NC,23,100,0,0,100,10000.0,695552.500000001,10,425.165859381319,0,266.511095329981,33,-315.684667654259,1033.3333333333333,8.853333333333333,NONE,18.709333333333333,59.98,072B393C-87F5-4183-9ABC-0870E4B4F53B,0.9033333333333332,DE045126-2C5E-4E72-8491-E202079EAC7C,0.4566666666666666,3500.0,1100.0,3.3,34.5,0.5,132.70000000000002,600.0,100.0,4.8,22.4,0.4,500.0,100.0,3.3,23.0,0.1,5200.0,1300.0,4.1,25.6,0.5,1700.0,300.0,5.6,24.0,0.2,6500.0,2000.0,3.2,28.6,1.8
body_p1,10,Al6061_body10_p1,DE045126-2C5E-4E72-8491-E202079EAC7C,34,1001,2025-07-11 13:03:43.410838,14,-0.0010460767582615,3203,1,9,30.001,AUTO,21,ARMED,100,24.91667,5,2600219.101,10,000454_D_A_PROGRAM_1.NC,24,100,0,1,100,10000.0,695552.500000001,0,399.735045790089,15,282.658400260916,30,-315.684667654259,996.3333333333334,8.473333333333333,NONE,18.709333333333333,59.98,072B393C-87F5-4183-9ABC-0870E4B4F53B,0.8866666666666667,DE045126-2C5E-4E72-8491-E202079EAC7C,0.4566666666666666,3400.0,1000.0,3.2,34.5,0.5,132.70000000000002,700.0,200.0,4.4,22.4,0.3,600.0,200.0,3.4,23.0,0.1,4100.0,1300.0,3.2,25.6,0.5,3000.0,300.0,9.3,24.0,0.2,4700.0,2000.0,2.4,28.6,1.9
body_p1,10,Al6061_body10_p1,DE045126-2C5E-4E72-8491-E202079EAC7C,34,1002,2025-07-11 13:03:44.411033,14,-0.0010460767582615,3210,1,9,30.001,AUTO,21,ARMED,100,79.25,5,2600219.101,10,000454_D_A_PROGRAM_1.NC,25,100,0,0,100,10000.0,695552.500000001,11,382.943299257213,2,270.66258793261,30,-313.385129752746,989.0,8.43,NONE,18.709666666666667,59.97,072B393C-87F5-4183-9ABC-0870E4B4F53B,0.8133333333333334,DE045126-2C5E-4E72-8491-E202079EAC7C,0.4566666666666666,3500.0,1000.0,3.3,34.5,0.5,132.7,800.0,200.0,4.9,22.4,0.7,900.0,200.0,5.7,23.0,0.1,6700.0,1300.0,5.2,25.6,0.5,2700.0,300.0,7.8,24.0,0.2,4900.0,1900.0,2.6,28.6,1.8
body_p1,10,Al6061_body10_p1,DE045126-2C5E-4E72-8491-E202079EAC7C,34,1003,2025-07-11 13:03:45.411227,14,-0.0010460767582615,3218,1,9,30.001,AUTO,21,ARMED,100,25.4,5,2600219.101,10,000454_D_A_PROGRAM_1.NC,26,100,0,0,100,10000.0,695552.500000001,8,363.939482564596,6,274.353566696738,32,-316.182440876287,1064.6666666666667,9.163333333333334,NONE,18.71033333333333,59.98,072B393C-87F5-4183-9ABC-0870E4B4F53B,0.92,DE045126-2C5E-4E72-8491-E202079EAC7C,0.4566666666666666,3900.0,1100.0,3.6,34.5,0.5,132.70000000000002,700.0,300.0,2.4,22.4,0.1,600.0,200.0,3.4,23.0,0.1,3400.0,1200.0,2.8,25.6,0.5,1200.0,300.0,3.9,24.0,0.2,3400.0,2100.0,1.6,28.6,2.0
body_p1,10,Al6061_body10_p1,DE045126-2C5E-4E72-8491-E202079EAC7C,34,1004,2025-07-11 13:03:46.411419,14,-0.0010460767582615,3219,1,9,30.001,AUTO,21,ARMED,100,25.4,5,2600219.101,10,000454_D_A_PROGRAM_1.NC,27,100,0,0,100,10000.0,695552.500000001,7,344.107288015141,8,261.552191725027,32,-316.182337893458,1011.3333333333334,8.613333333333333,NONE,18.711,59.98,072B393C-87F5-4183-9ABC-0870E4B4F53B,0.9,DE045126-2C5E-4E72-8491-E202079EAC7C,0.4566666666666666,3600.0,1100.0,3.4,34.5,0.5,132.66666666666666,600.0,300.0,2.4,22.4,0.1,600.0,200.0,3.4,23.0,0.1,3800.0,1300.0,2.8,25.6,0.5,1000.0,300.0,3.6,24.0,0.2,3300.0,2000.0,1.7,28.6,1.9
body_p1,10,Al6061_body10_p1,DE045126-2C5E-4E72-8491-E202079EAC7C,34,1005,2025-07-11 13:03:47.411468,14,-0.0010460767582615,3219,1,9,30.001,AUTO,21,ARMED,100,25.4,5,2600219.101,10,000454_D_A_PROGRAM_1.NC,28,100,0,1,100,10000.0,695552.500000001,7,344.800454211249,7,240.342358920691,32,-316.182475203896,1010.0,8.563333333333333,NONE,18.711,59.97,072B393C-87F5-4183-9ABC-0870E4B4F53B,0.8833333333333334,DE045126-2C5E-4E72-8491-E202079EAC7C,0.4566666666666666,3600.0,1100.0,3.3,34.5,0.5,132.73333333333332,700.0,300.0,2.6,22.4,0.1,600.0,200.0,3.2,23.0,0.1,3900.0,1300.0,3.0,25.6,0.5,1000.0,300.0,3.6,24.0,0.2,3400.0,2000.0,1.7,28.6,1.9
body_p1,10,Al6061_body10_p1,DE045126-2C5E-4E72-8491-E202079EAC7C,34,1006,2025-07-11 13:03:48.411681,14,-0.0010460767582615,3219,1,9,30.001,AUTO,21,ARMED,100,25.4,5,2600219.101,10,000454_D_A_PROGRAM_1.NC,29,100,0,0,100,10000.0,695552.500000001,9,367.78989553311,7,231.501540246604,33,-316.182486646433,1018.0,8.616666666666665,NONE,18.711,59.98,072B393C-87F5-4183-9ABC-0870E4B4F53B,0.8866666666666667,DE045126-2C5E-4E72-8491-E202079EAC7C,0.4566666666666666,4000.0,1200.0,3.4,34.5,0.6,132.73333333333332,800.0,300.0,3.2,22.4,0.3,700.0,200.0,3.7,23.0,0.1,3500.0,1300.0,2.7,25.6,0.5,1000.0,300.0,3.3,24.0,0.2,3400.0,2100.0,1.6,28.6,2.0
body_p1,10,Al6061_body10_p1,DE045126-2C5E-4E72-8491-E202079EAC7C,34,1007,2025-07-11 13:03:49.411869,14,-0.0010460767582615,3224,1,9,30.001,AUTO,21,ARMED,100,25.28333,5,2600219.101,10,000454_D_A_PROGRAM_1.NC,30,100,0,1,100,10000.0,695552.500000001,7,392.433286427648,4,231.829606398822,31,-316.182486646433,1005.3333333333334,8.563333333333333,NONE,18.712,59.98,072B393C-87F5-4183-9ABC-0870E4B4F53B,0.8833333333333334,DE045126-2C5E-4E72-8491-E202079EAC7C,0.4566666666666666,4400.0,1200.0,3.7,34.5,0.5,132.7,700.0,300.0,2.8,22.4,0.3,600.0,200.0,3.4,23.0,0.2,3500.0,1200.0,2.8,25.6,0.5,1100.0,300.0,3.6,24.0,0.2,3400.0,2100.0,1.7,28.6,2.0
body_p1,10,Al6061_body10_p1,DE045126-2C5E-4E72-8491-E202079EAC7C,34,1008,2025-07-11 13:03:50.412061,14,-0.0010460767582615,3225,1,9,30.001,AUTO,21,ARMED,100,25.4,5,2600219.101,10,000454_D_A_PROGRAM_1.NC,31,100,0,0,100,10000.0,695552.500000001,8,415.897343042979,7,239.32279293792,31,-316.182395106141,1008.0,8.59,NONE,18.712333333333333,59.97,072B393C-87F5-4183-9ABC-0870E4B4F53B,0.8766666666666666,DE045126-2C5E-4E72-8491-E202079EAC7C,0.4566666666666666,3900.0,1100.0,3.4,34.5,0.5,132.66666666666666,600.0,200.0,2.8,22.4,0.1,600.0,200.0,3.4,23.0,0.1,3700.0,1300.0,2.8,25.6,0.5,1100.0,300.0,3.9,24.0,0.2,3300.0,2000.0,1.7,28.6,1.9
body_p1,10,Al6061_body10_p1,DE045126-2C5E-4E72-8491-E202079EAC7C,34,1009,2025-07-11 13:03:51.412209,14,-0.0010460767582615,3225,1,9,30.001,AUTO,21,ARMED,100,25.4,5,2600219.101,10,000454_D_A_PROGRAM_1.NC,32,100,0,0,100,10000.0,695552.500000001,7,417.953738481004,7,262.774615654028,32,-316.182315008385,1011.0,8.613333333333333,NONE,18.712333333333333,59.97,072B393C-87F5-4183-9ABC-0870E4B4F53B,0.89,DE045126-2C5E-4E72-8491-E202079EAC7C,0.4566666666666666,3600.0,1100.0,3.4,34.5,0.5,132.7,700.0,200.0,3.2,22.4,0.1,600.0,200.0,3.5,23.0,0.1,3400.0,1300.0,2.6,25.6,0.5,1100.0,300.0,4.1,24.0,0.2,3300.0,2000.0,1.7,28.6,1.9
body_p1,10,Al6061_body10_p1,DE045126-2C5E-4E72-8491-E202079EAC7C,34,1010,2025-07-11 13:03:52.412396,14,-0.0010460767582615,3225,1,9,30.001,AUTO,21,ARMED,100,25.4,5,2600219.101,10,000454_D_A_PROGRAM_1.NC,33,100,0,0,100,10000.0,695552.500000001,8,393.573579564013,7,273.771573324451,31,-316.182269238239,1012.3333333333334,8.64,NONE,18.712333333333333,59.97,072B393C-87F5-4183-9ABC-0870E4B4F53B,0.88,DE045126-2C5E-4E72-8491-E202079EAC7C,0.4566666666666666,3300.0,1100.0,3.1,34.5,0.5,132.66666666666666,800.0,300.0,2.7,22.4,0.3,600.0,200.0,3.6,23.0,0.2,3100.0,1200.0,2.5,25.6,0.5,1000.0,300.0,3.4,24.0,0.2,3500.0,2100.0,1.7,28.6,2.0
body_p1,10,Al6061_body10_p1,DE045126-2C5E-4E72-8491-E202079EAC7C,34,1011,2025-07-11 13:03:53.412547,14,-0.0010460767582615,3232,1,9,30.001,AUTO,21,ARMED,100,9.8,5,2600219.101,10,000454_D_A_PROGRAM_1.NC,34,100,0,0,100,10000.0,695552.500000001,5,378.49805031987,7,270.662267492981,42,-313.318964437532,1009.3333333333334,8.596666666666666,NONE,18.713,59.97,072B393C-87F5-4183-9ABC-0870E4B4F53B,0.8766666666666666,DE045126-2C5E-4E72-8491-E202079EAC7C,0.4566666666666666,3700.0,1000.0,3.5,34.5,0.6,132.66666666666666,300.0,100.0,3.1,22.4,0.1,400.0,100.0,3.7,23.0,0.1,2300.0,1200.0,1.9,25.6,0.5,2500.0,300.0,7.3,24.0,0.2,6800.0,2000.0,3.3,28.6,1.8
body_p1,11,Al6061_body11_p1,DE045126-2C5E-4E72-8491-E202079EAC7C,36,995,2025-07-23 10:55:06.841084,20,0.0001678978379824,29,1,45,30.001,AUTO,21,ARMED,100,0.0,5,2653174.141,11,O9735.FNC,37,100,0,0,100,0.0,711403.431000001,4,12.4205948207998,3,503.59819449292,36,-99.8669982674121,759.6666666666666,7.359999999999999,UNAVAILABLE,28.354666666666663,59.99,072B393C-87F5-4183-9ABC-0870E4B4F53B,0.64,DE045126-2C5E-4E72-8491-E202079EAC7C,0.7416666666666667,300.0,100.0,4.6,26.2,0.1,133.20000000000002,1700.0,300.0,5.7,22.2,0.3,2500.0,400.0,6.1,21.5,0.1,25300.0,4500.0,5.6,24.3,0.1,1100.0,100.0,11.3,22.5,0.1,300.0,100.0,3.7,25.0,0.1
body_p1,11,Al6061_body11_p1,DE045126-2C5E-4E72-8491-E202079EAC7C,36,996,2025-07-23 10:55:07.841210,20,0.0001678978379824,3121,1,45,30.001,AUTO,21,ARMED,100,583.0333,5,2653174.141,11,000454_D_A_PROGRAM_1.NC,38,100,0,35,100,2364.61364431413,711763.657999999,79,357.94899055416,35,282.419845427615,37,-99.8669982674121,946.6666666666666,11.243333333333334,UNAVAILABLE,28.354666666666663,59.99,072B393C-87F5-4183-9ABC-0870E4B4F53B,1.0,DE045126-2C5E-4E72-8491-E202079EAC7C,0.7416666666666667,7600.0,2200.0,3.4,26.2,0.2,133.16666666666666,600.0,100.0,5.1,22.2,0.2,3200.0,400.0,7.7,21.5,0.1,12200.0,1600.0,7.7,24.3,0.1,11000.0,1500.0,7.4,22.5,0.1,43600.0,5300.0,8.3,25.2,0.5
body_p1,11,Al6061_body11_p1,DE045126-2C5E-4E72-8491-E202079EAC7C,36,997,2025-07-23 10:55:08.841551,20,0.0001678978379824,3123,1,45,30.001,AUTO,21,ARMED,100,0.0,5,2653174.141,11,000454_D_A_PROGRAM_1.NC,39,100,0,14,100,5696.36771234221,711763.657999999,5,361.741693675496,5,279.991806961312,29,-312.772427694296,5975.333333333333,49.46,UNAVAILABLE,28.355666666666664,60.0,072B393C-87F5-4183-9ABC-0870E4B4F53B,0.91,DE045126-2C5E-4E72-8491-E202079EAC7C,0.7416666666666667,8300.0,2400.0,3.4,26.2,0.2,130.36666666666667,200.0,100.0,3.4,22.2,0.1,300.0,100.0,4.2,21.5,0.1,3300.0,1300.0,2.6,24.3,0.2,1200.0,300.0,4.2,22.5,0.1,900.0,400.0,2.3,25.2,0.2
body_p1,11,Al6061_body11_p1,DE045126-2C5E-4E72-8491-E202079EAC7C,36,998,2025-07-23 10:55:09.841882,20,0.0001678978379824,3123,1,45,30.001,AUTO,21,ARMED,100,0.0,5,2653174.141,11,000454_D_A_PROGRAM_1.NC,40,100,0,10,100,7578.75699259978,711763.657999999,5,361.741682231493,5,279.991795517099,29,-312.77238192415,5881.0,47.77333333333333,UNAVAILABLE,28.35833333333333,60.0,072B393C-87F5-4183-9ABC-0870E4B4F53B,0.9433333333333334,DE045126-2C5E-4E72-8491-E202079EAC7C,0.7416666666666667,10100.0,3300.0,3.1,26.2,0.2,130.46666666666667,300.0,100.0,3.3,22.2,0.1,400.0,100.0,3.4,21.5,0.1,3800.0,1400.0,2.7,24.3,0.3,1200.0,300.0,4.3,22.5,0.1,1000.0,400.0,2.8,25.0,0.1
body_p1,11,Al6061_body11_p1,DE045126-2C5E-4E72-8491-E202079EAC7C,36,999,2025-07-23 10:55:10.842034,20,0.0001678978379824,3123,1,45,30.001,AUTO,21,ARMED,100,0.0,5,2653174.141,11,000454_D_A_PROGRAM_1.NC,41,100,0,7,100,8860.50628100889,711763.657999999,5,361.741682231493,5,279.991795517099,29,-312.772404809223,5735.333333333333,48.306666666666665,UNAVAILABLE,28.359666666666666,60.0,072B393C-87F5-4183-9ABC-0870E4B4F53B,0.91,DE045126-2C5E-4E72-8491-E202079EAC7C,0.7416666666666667,6600.0,2000.0,3.4,26.2,0.3,130.5,300.0,100.0,3.4,22.2,0.1,300.0,100.0,3.5,21.5,0.1,3400.0,1300.0,2.7,24.3,0.2,1000.0,300.0,3.9,22.5,0.1,1500.0,500.0,2.8,25.2,0.4
body_p1,11,Al6061_body11_p1,DE045126-2C5E-4E72-8491-E202079EAC7C,36,1000,2025-07-23 10:55:11.842247,20,0.0001678978379824,3128,1,45,30.001,AUTO,21,ARMED,100,25.03333,5,2653174.141,11,000454_D_A_PROGRAM_1.NC,42,100,0,5,100,10000.0,711763.657999999,17,362.664835697215,5,279.325993746087,30,-315.820410464541,4900.333333333333,41.34666666666666,UNAVAILABLE,28.360666666666663,60.0,072B393C-87F5-4183-9ABC-0870E4B4F53B,0.9033333333333332,DE045126-2C5E-4E72-8491-E202079EAC7C,0.7416666666666667,7800.0,2200.0,3.5,26.2,0.6,130.96666666666667,400.0,100.0,4.0,22.2,0.4,500.0,100.0,3.7,21.5,0.1,4300.0,1700.0,2.6,24.3,0.6,1400.0,400.0,4.1,22.5,0.2,4100.0,1400.0,3.0,25.2,1.3
body_p1,11,Al6061_body11_p1,DE045126-2C5E-4E72-8491-E202079EAC7C,36,1001,2025-07-23 10:55:12.842443,20,0.0001678978379824,3134,1,45,30.001,AUTO,21,ARMED,100,11.8,5,2653174.141,11,000454_D_A_PROGRAM_1.NC,43,100,0,0,100,10000.0,711763.657999999,6,337.060379313317,7,265.742283204229,31,-314.525939197437,3113.333333333333,28.566666666666663,UNAVAILABLE,28.361,60.0,072B393C-87F5-4183-9ABC-0870E4B4F53B,0.3666666666666667,DE045126-2C5E-4E72-8491-E202079EAC7C,0.7416666666666667,4000.0,1100.0,3.5,26.2,0.5,131.96666666666667,700.0,200.0,3.8,22.2,0.5,700.0,100.0,4.5,21.5,0.1,4400.0,1300.0,3.3,24.3,0.5,2900.0,300.0,9.5,22.5,0.2,7500.0,1500.0,5.1,25.2,1.4
body_p1,11,Al6061_body11_p1,DE045126-2C5E-4E72-8491-E202079EAC7C,36,1002,2025-07-23 10:55:13.842652,20,0.0001678978379824,3143,1,45,30.001,AUTO,21,ARMED,100,9.916667,5,2653174.141,11,000454_D_A_PROGRAM_1.NC,44,100,0,0,100,10000.0,711763.657999999,6,338.372747071739,5,256.100815532705,40,-312.772050129841,1065.6666666666667,9.11,UNAVAILABLE,28.36133333333333,60.0,072B393C-87F5-4183-9ABC-0870E4B4F53B,0.8866666666666667,DE045126-2C5E-4E72-8491-E202079EAC7C,0.7416666666666667,3400.0,1100.0,3.0,26.2,0.5,133.06666666666666,500.0,100.0,4.3,22.2,0.7,2200.0,400.0,5.1,21.5,0.1,17300.0,3200.0,5.5,24.3,0.5,3000.0,300.0,8.9,22.5,0.2,6000.0,1600.0,3.7,25.2,1.4
body_p1,11,Al6061_body11_p1,DE045126-2C5E-4E72-8491-E202079EAC7C,36,1003,2025-07-23 10:55:14.842805,20,0.0001678978379824,3150,1,45,30.001,AUTO,21,ARMED,100,25.03333,5,2653174.141,11,000454_D_A_PROGRAM_1.NC,45,100,0,1,100,10000.0,711763.657999999,14,337.238625855752,0,236.760081515117,31,-315.82047911976,1075.0,9.223333333333334,UNAVAILABLE,28.362,60.0,072B393C-87F5-4183-9ABC-0870E4B4F53B,0.8533333333333334,DE045126-2C5E-4E72-8491-E202079EAC7C,0.7416666666666667,3700.0,1100.0,3.2,26.2,0.5,133.06666666666666,400.0,100.0,4.4,22.2,0.4,600.0,200.0,3.6,21.5,0.1,6000.0,1300.0,4.5,24.3,0.5,1300.0,300.0,4.8,22.5,0.2,6300.0,1600.0,3.9,25.2,1.4
body_p1,11,Al6061_body11_p1,DE045126-2C5E-4E72-8491-E202079EAC7C,36,1004,2025-07-23 10:55:15.842924,20,0.0001678978379824,3158,1,45,30.001,AUTO,21,ARMED,100,11.71667,5,2653174.141,11,000454_D_A_PROGRAM_1.NC,46,100,0,1,100,10000.0,711763.657999999,6,362.917931288323,6,222.378886876427,21,-315.820307481713,1112.6666666666667,9.583333333333334,UNAVAILABLE,28.362666666666662,60.01,072B393C-87F5-4183-9ABC-0870E4B4F53B,0.8866666666666667,DE045126-2C5E-4E72-8491-E202079EAC7C,0.7416666666666667,3400.0,1100.0,3.0,26.2,0.5,133.03333333333333,700.0,200.0,3.9,22.2,0.5,500.0,200.0,3.4,21.5,0.1,5700.0,1400.0,4.0,24.3,0.5,2100.0,300.0,6.7,22.5,0.2,4000.0,1500.0,2.7,25.2,1.4
body_p1,11,Al6061_body11_p1,DE045126-2C5E-4E72-8491-E202079EAC7C,36,1005,2025-07-23 10:55:16.843116,20,0.0001678978379824,3166,1,45,30.001,AUTO,21,ARMED,100,116.1,5,2653174.141,11,000454_D_A_PROGRAM_1.NC,47,100,0,1,100,10000.0,711763.657999999,19,363.944035013478,3,224.612878730031,41,-312.772061572281,1069.0,9.12,UNAVAILABLE,28.362666666666662,60.01,072B393C-87F5-4183-9ABC-0870E4B4F53B,0.88,DE045126-2C5E-4E72-8491-E202079EAC7C,0.7416666666666667,3500.0,1100.0,3.1,26.2,0.5,133.06666666666666,800.0,100.0,6.1,22.2,0.4,700.0,200.0,4.5,21.5,0.1,5300.0,1300.0,4.0,24.3,0.5,2000.0,300.0,6.7,22.5,0.2,3700.0,1500.0,2.5,25.2,1.4
body_p1,11,Al6061_body11_p1,DE045126-2C5E-4E72-8491-E202079EAC7C,36,1006,2025-07-23 10:55:17.843468,20,0.0001678978379824,3172,1,45,30.001,AUTO,21,ARMED,100,25.03333,5,2653174.141,11,000454_D_A_PROGRAM_1.NC,48,100,0,0,100,10000.0,711763.657999999,6,400.461798920382,13,223.597019274749,31,-315.820341809323,1056.0,9.02,UNAVAILABLE,28.363333333333333,60.01,072B393C-87F5-4183-9ABC-0870E4B4F53B,0.8233333333333333,DE045126-2C5E-4E72-8491-E202079EAC7C,0.7416666666666667,3800.0,1100.0,3.4,26.2,0.5,133.06666666666666,600.0,100.0,5.2,22.2,0.4,500.0,100.0,3.7,21.5,0.1,4100.0,1400.0,2.9,24.3,0.5,2300.0,300.0,7.9,22.5,0.2,6200.0,1700.0,3.7,25.2,1.4
body_p1,11,Al6061_body11_p1,DE045126-2C5E-4E72-8491-E202079EAC7C,36,1007,2025-07-23 10:55:18.843619,20,0.0001678978379824,3182,1,45,30.001,AUTO,21,ARMED,100,25.03333,5,2653174.141,11,000454_D_A_PROGRAM_1.NC,48,100,0,0,100,10000.0,711763.657999999,6,423.10382613161,6,236.77581704965,29,-315.819426406404,1132.0,9.750000000000002,UNAVAILABLE,28.363333333333333,60.01,072B393C-87F5-4183-9ABC-0870E4B4F53B,0.9,DE045126-2C5E-4E72-8491-E202079EAC7C,0.7416666666666667,3400.0,1100.0,3.1,26.2,0.5,133.06666666666666,800.0,200.0,4.5,22.2,0.3,600.0,200.0,3.9,21.5,0.1,5700.0,1400.0,4.1,24.3,0.5,1800.0,300.0,6.5,22.5,0.2,4100.0,1500.0,2.7,25.2,1.4
body_p1,11,Al6061_body11_p1,DE045126-2C5E-4E72-8491-E202079EAC7C,36,1008,2025-07-23 10:55:19.843787,20,0.0006680210239083,3188,1,45,30.001,AUTO,21,ARMED,100,86.6,5,2653174.141,11,000454_D_A_PROGRAM_1.NC,50,100,0,0,100,10000.0,711763.657999999,14,422.449647653884,61,265.403451937096,39,-312.783092138297,1080.6666666666667,9.253333333333332,UNAVAILABLE,28.364000000000004,60.01,072B393C-87F5-4183-9ABC-0870E4B4F53B,0.89,DE045126-2C5E-4E72-8491-E202079EAC7C,0.7416666666666667,3500.0,1100.0,3.2,26.3,0.5,133.06666666666666,700.0,100.0,4.6,22.2,0.8,1500.0,200.0,6.1,21.5,0.1,14000.0,2000.0,6.9,24.3,0.5,2100.0,300.0,6.8,22.5,0.2,5600.0,1500.0,3.7,25.2,1.4
body_p1,11,Al6061_body11_p1,DE045126-2C5E-4E72-8491-E202079EAC7C,36,1009,2025-07-23 10:55:20.843991,20,0.0001678978379824,3196,1,45,30.001,AUTO,21,ARMED,100,18.75,5,2653174.141,11,000454_D_A_PROGRAM_1.NC,51,100,0,0,100,10000.0,711763.657999999,20,425.158671326206,5,266.437314236084,31,-315.82051344737,1062.3333333333333,9.063333333333333,UNAVAILABLE,28.364000000000004,60.01,072B393C-87F5-4183-9ABC-0870E4B4F53B,0.8733333333333334,DE045126-2C5E-4E72-8491-E202079EAC7C,0.7416666666666667,3700.0,1100.0,3.3,26.3,0.5,133.06666666666666,800.0,100.0,5.7,22.2,0.4,1100.0,200.0,5.9,21.5,0.1,6700.0,1500.0,4.3,24.3,0.5,2500.0,300.0,7.8,22.5,0.2,5900.0,1600.0,3.6,25.2,1.4
body_p1,11,Al6061_body11_p1,DE045126-2C5E-4E72-8491-E202079EAC7C,36,1010,2025-07-23 10:55:21.844316,20,0.0001678978379824,3204,1,45,30.001,AUTO,21,ARMED,100,25.05,5,2653174.141,11,000454_D_A_PROGRAM_1.NC,52,100,0,1,100,10000.0,711763.657999999,13,398.575290201722,1,282.965597035488,30,-315.820547774979,1105.0,9.523333333333332,UNAVAILABLE,28.36433333333333,60.01,072B393C-87F5-4183-9ABC-0870E4B4F53B,0.8433333333333334,DE045126-2C5E-4E72-8491-E202079EAC7C,0.7416666666666667,4100.0,1100.0,3.6,26.3,0.5,133.03333333333333,700.0,200.0,4.6,22.2,0.3,600.0,200.0,3.7,21.5,0.2,6700.0,1400.0,4.7,24.3,0.5,1000.0,300.0,3.8,22.5,0.2,2700.0,1500.0,1.8,25.2,1.4
body_p1,11,Al6061_body11_p1,DE045126-2C5E-4E72-8491-E202079EAC7C,36,1011,2025-07-23 10:55:22.844530,20,0.0001678978379824,3211,1,45,30.001,AUTO,21,ARMED,100,25.4,5,2653174.141,11,000454_D_A_PROGRAM_1.NC,53,100,0,1,100,10000.0,711763.657999999,17,382.942990245421,6,270.662278937254,37,-315.497193136542,1068.0,9.12,UNAVAILABLE,28.36433333333333,60.01,072B393C-87F5-4183-9ABC-0870E4B4F53B,0.88,DE045126-2C5E-4E72-8491-E202079EAC7C,0.7416666666666667,3400.0,1100.0,3.0,26.3,0.5,133.0,800.0,200.0,3.6,22.2,0.6,600.0,100.0,4.6,21.5,0.1,3400.0,1300.0,2.6,24.3,0.5,2500.0,400.0,7.0,22.5,0.2,5200.0,1500.0,3.5,25.2,1.4
body_p1,11,Al6061_body11_p1,DE045126-2C5E-4E72-8491-E202079EAC7C,36,1012,2025-07-23 10:55:23.844721,20,0.0001678978379824,3218,1,45,30.001,AUTO,21,ARMED,100,25.4,5,2653174.141,11,000454_D_A_PROGRAM_1.NC,54,100,0,0,100,10000.0,711763.657999999,9,365.343211212618,5,274.229350783421,31,-316.318252341788,1057.0,9.033333333333331,UNAVAILABLE,28.364666666666665,60.01,072B393C-87F5-4183-9ABC-0870E4B4F53B,0.88,DE045126-2C5E-4E72-8491-E202079EAC7C,0.7416666666666667,3900.0,1200.0,3.3,26.3,0.5,133.03333333333333,900.0,400.0,2.3,22.2,0.2,500.0,200.0,3.3,21.5,0.1,3700.0,1400.0,2.7,24.3,0.5,1200.0,300.0,3.6,22.5,0.2,2800.0,1600.0,1.8,25.2,1.5
body_p1,11,Al6061_body11_p1,DE045126-2C5E-4E72-8491-E202079EAC7C,36,1013,2025-07-23 10:55:24.844935,20,0.0001678978379824,3219,1,45,30.001,AUTO,21,ARMED,100,25.4,5,2653174.141,11,000454_D_A_PROGRAM_1.NC,55,100,0,0,100,10000.0,711763.657999999,8,342.938654846712,7,261.65643760295,31,-316.318206571642,1082.6666666666667,9.243333333333334,UNAVAILABLE,28.365,60.01,072B393C-87F5-4183-9ABC-0870E4B4F53B,0.8766666666666666,DE045126-2C5E-4E72-8491-E202079EAC7C,0.7416666666666667,4100.0,1200.0,3.5,26.3,0.5,133.06666666666666,900.0,400.0,2.2,22.2,0.2,600.0,200.0,3.6,21.5,0.1,4300.0,1500.0,2.9,24.3,0.5,1200.0,300.0,3.8,22.5,0.1,2500.0,1400.0,1.8,25.2,1.3
body_p1,11,Al6061_body11_p1,DE045126-2C5E-4E72-8491-E202079EAC7C,36,1014,2025-07-23 10:55:25.845088,20,0.0001678978379824,3219,1,45,30.001,AUTO,21,ARMED,100,25.4,5,2653174.141,11,000454_D_A_PROGRAM_1.NC,56,100,0,0,100,10000.0,711763.657999999,9,347.215294089177,7,237.410502682515,32,-316.318240899252,1087.0,9.293333333333337,UNAVAILABLE,28.36533333333333,60.01,072B393C-87F5-4183-9ABC-0870E4B4F53B,0.88,DE045126-2C5E-4E72-8491-E202079EAC7C,0.7416666666666667,3900.0,1100.0,3.4,26.3,0.5,133.06666666666666,800.0,400.0,2.2,22.2,0.1,600.0,200.0,3.1,21.5,0.2,4200.0,1400.0,2.9,24.3,0.5,1100.0,300.0,3.4,22.6,0.2,2800.0,1600.0,1.8,25.2,1.5
body_p1,11,Al6061_body11_p1,DE045126-2C5E-4E72-8491-E202079EAC7C,36,1015,2025-07-23 10:55:26.845241,20,0.0001678978379824,3219,1,45,30.001,AUTO,21,ARMED,100,25.4,5,2653174.141,11,000454_D_A_PROGRAM_1.NC,57,100,0,0,100,10000.0,711763.657999999,9,370.161848453466,7,232.230190073082,32,-316.318229456715,1084.3333333333333,9.286666666666669,UNAVAILABLE,28.365666666666662,60.01,072B393C-87F5-4183-9ABC-0870E4B4F53B,0.8733333333333334,DE045126-2C5E-4E72-8491-E202079EAC7C,0.7416666666666667,4500.0,1300.0,3.4,26.3,0.6,133.03333333333333,900.0,300.0,2.6,22.2,0.3,600.0,200.0,3.2,21.5,0.1,3500.0,1400.0,2.4,24.3,0.5,1200.0,300.0,3.4,22.6,0.2,2700.0,1500.0,1.8,25.2,1.5
body_p1,11,Al6061_body11_p1,DE045126-2C5E-4E72-8491-E202079EAC7C,36,1016,2025-07-23 10:55:27.845389,20,0.0001678978379824,3224,1,45,30.001,AUTO,21,ARMED,100,25.4,5,2653174.141,11,000454_D_A_PROGRAM_1.NC,58,100,0,0,100,10000.0,711763.657999999,9,396.139731831565,7,231.057935785333,31,-316.318286669398,1078.6666666666667,9.223333333333334,UNAVAILABLE,28.365666666666662,60.01,072B393C-87F5-4183-9ABC-0870E4B4F53B,0.8733333333333334,DE045126-2C5E-4E72-8491-E202079EAC7C,0.7416666666666667,4200.0,1300.0,3.2,26.3,0.5,133.1,900.0,400.0,2.4,22.2,0.2,600.0,200.0,3.1,21.5,0.2,3400.0,1300.0,2.5,24.3,0.5,1200.0,300.0,3.7,22.6,0.2,2800.0,1600.0,1.7,25.2,1.5
body_p1,11,Al6061_body11_p1,DE045126-2C5E-4E72-8491-E202079EAC7C,36,1017,2025-07-23 10:55:28.845556,20,0.0001678978379824,3225,1,45,30.001,AUTO,21,ARMED,100,25.4,5,2653174.141,11,000454_D_A_PROGRAM_1.NC,59,100,0,0,100,10000.0,711763.657999999,5,417.296678816686,7,241.356217015095,33,-316.318309554471,1077.6666666666667,9.216666666666669,UNAVAILABLE,28.366,60.01,072B393C-87F5-4183-9ABC-0870E4B4F53B,0.8766666666666666,DE045126-2C5E-4E72-8491-E202079EAC7C,0.7416666666666667,4200.0,1200.0,3.4,26.3,0.5,133.03333333333333,800.0,300.0,2.8,22.2,0.1,700.0,200.0,3.9,21.5,0.1,3900.0,1400.0,2.7,24.3,0.5,1200.0,300.0,3.8,22.6,0.1,2500.0,1400.0,1.8,25.2,1.4
body_p1,11,Al6061_body11_p1,DE045126-2C5E-4E72-8491-E202079EAC7C,36,1018,2025-07-23 10:55:29.845768,20,0.0001678978379824,3225,1,45,30.001,AUTO,21,ARMED,100,25.4,5,2653174.141,11,000454_D_A_PROGRAM_1.NC,0,100,0,0,100,10000.0,711763.657999999,6,415.916800762127,7,265.94315142633,32,-316.318355324617,1080.6666666666667,9.246666666666668,UNAVAILABLE,28.366333333333333,60.01,072B393C-87F5-4183-9ABC-0870E4B4F53B,0.8766666666666666,DE045126-2C5E-4E72-8491-E202079EAC7C,0.7416666666666667,4100.0,1200.0,3.5,26.3,0.5,133.1,1000.0,300.0,3.0,22.2,0.1,600.0,200.0,3.2,21.5,0.2,3600.0,1400.0,2.6,24.3,0.5,1100.0,300.0,3.6,22.6,0.1,2800.0,1600.0,1.7,25.2,1.5
body_p1,11,Al6061_body11_p1,DE045126-2C5E-4E72-8491-E202079EAC7C,36,1019,2025-07-23 10:55:30.845981,20,0.0001678978379824,3225,1,45,30.001,AUTO,21,ARMED,100,25.4,5,2653174.141,11,000454_D_A_PROGRAM_1.NC,1,100,0,1,100,10000.0,711763.657999999,9,396.310130765659,4,274.255963600989,32,-316.318183686569,1082.3333333333333,9.24,UNAVAILABLE,28.367,60.01,072B393C-87F5-4183-9ABC-0870E4B4F53B,0.8700000000000001,DE045126-2C5E-4E72-8491-E202079EAC7C,0.7416666666666667,3800.0,1200.0,3.2,26.3,0.5,133.1,1000.0,400.0,2.5,22.2,0.3,500.0,200.0,3.0,21.5,0.1,3300.0,1400.0,2.5,24.3,0.5,1300.0,300.0,3.7,22.6,0.2,2800.0,1600.0,1.8,25.2,1.5
body_p1,12,Al6061_body12_p1,DE045126-2C5E-4E72-8491-E202079EAC7C,33,1001,2025-07-23 11:15:41.746815,20,0.0001678978379824,29,1,45,30.001,AUTO,21,ARMED,100,0.0,5,2654254.66,12,O9735.FNC,31,100,0,0,100,0.0,712484.349000001,5,12.448019399788,2,503.582109501953,37,-99.8669982674121,733.3333333333334,7.010000000000001,UNAVAILABLE,28.738666666666663,59.99,072B393C-87F5-4183-9ABC-0870E4B4F53B,0.6466666666666666,DE045126-2C5E-4E72-8491-E202079EAC7C,0.7573333333333334,500.0,100.0,8.0,29.3,0.1,132.79999999999998,2100.0,400.0,5.2,22.1,0.3,3100.0,500.0,6.8,21.9,0.1,25700.0,4900.0,5.2,24.7,0.2,1000.0,100.0,9.4,22.9,0.1,500.0,100.0,4.3,26.6,0.1
body_p1,12,Al6061_body12_p1,DE045126-2C5E-4E72-8491-E202079EAC7C,33,1002,2025-07-23 11:15:42.747028,20,0.0001678978379824,3121,1,45,30.001,AUTO,21,ARMED,100,129.2333,5,2654254.66,12,000454_D_A_PROGRAM_1.NC,32,100,0,34,100,3164.56339725953,712484.349000001,100,361.738603794433,46,279.994439130197,37,-99.8653876803662,501.6666666666667,4.43,UNAVAILABLE,28.739,59.99,072B393C-87F5-4183-9ABC-0870E4B4F53B,1.0,DE045126-2C5E-4E72-8491-E202079EAC7C,0.7573333333333334,6700.0,2100.0,3.1,29.3,0.1,133.0,900.0,200.0,5.3,22.1,0.2,2900.0,400.0,7.6,21.9,0.1,8700.0,1400.0,6.3,24.7,0.1,18300.0,2000.0,9.4,22.9,0.1,49500.0,6100.0,8.2,26.6,0.6
body_p1,12,Al6061_body12_p1,DE045126-2C5E-4E72-8491-E202079EAC7C,33,1003,2025-07-23 11:15:43.747170,20,0.0006680210239083,3123,1,45,30.001,AUTO,21,ARMED,100,0.0,5,2654254.66,12,000454_D_A_PROGRAM_1.NC,32,100,0,14,100,5648.2786750763,712484.349000001,5,361.741693675496,5,279.991795517099,29,-312.772450579369,5906.666666666667,49.556666666666665,UNAVAILABLE,28.741333333333333,59.99,072B393C-87F5-4183-9ABC-0870E4B4F53B,1.0,DE045126-2C5E-4E72-8491-E202079EAC7C,0.7573333333333334,7900.0,2500.0,3.2,29.3,0.2,129.96666666666667,300.0,100.0,4.5,22.1,0.1,300.0,100.0,3.7,21.9,0.1,3100.0,1300.0,2.4,24.7,0.2,1300.0,300.0,4.5,22.9,0.1,900.0,400.0,2.4,26.6,0.2
body_p1,12,Al6061_body12_p1,DE045126-2C5E-4E72-8491-E202079EAC7C,33,1004,2025-07-23 11:15:44.747514,20,0.0006680210239083,3123,1,45,30.001,AUTO,21,ARMED,100,0.0,5,2654254.66,12,000454_D_A_PROGRAM_1.NC,33,100,0,10,100,7628.00169246658,712484.349000001,5,361.7417051195,5,279.991806961312,29,-312.772404809223,5871.666666666667,48.75,UNAVAILABLE,28.74233333333333,59.99,072B393C-87F5-4183-9ABC-0870E4B4F53B,0.9233333333333332,DE045126-2C5E-4E72-8491-E202079EAC7C,0.7573333333333334,9900.0,3400.0,3.0,29.3,0.2,130.03333333333333,300.0,100.0,3.2,22.1,0.1,400.0,100.0,3.4,21.9,0.1,3300.0,1300.0,2.5,24.7,0.2,1100.0,300.0,4.1,22.9,0.1,1200.0,400.0,3.4,26.6,0.1
body_p1,12,Al6061_body12_p1,DE045126-2C5E-4E72-8491-E202079EAC7C,33,1005,2025-07-23 11:15:45.747716,20,0.0006680210239083,3123,1,45,30.001,AUTO,21,ARMED,100,0.0,5,2654254.66,12,000454_D_A_PROGRAM_1.NC,35,100,0,7,100,8955.87763528752,712484.349000001,5,361.7417051195,5,279.991806961312,30,-312.772404809223,5503.666666666667,45.580000000000005,UNAVAILABLE,28.74366666666667,59.99,072B393C-87F5-4183-9ABC-0870E4B4F53B,0.8833333333333333,DE045126-2C5E-4E72-8491-E202079EAC7C,0.7573333333333334,7000.0,1900.0,3.6,29.3,0.3,130.23333333333332,300.0,100.0,3.3,22.1,0.1,400.0,100.0,3.5,21.9,0.1,3600.0,1300.0,2.8,24.7,0.3,1000.0,300.0,3.9,22.9,0.1,2700.0,600.0,4.6,26.6,0.5
body_p1,12,Al6061_body12_p1,DE045126-2C5E-4E72-8491-E202079EAC7C,33,1006,2025-07-23 11:15:46.747930,20,0.0006680210239083,3128,1,45,30.001,AUTO,21,ARMED,100,25.03333,5,2654254.66,12,000454_D_A_PROGRAM_1.NC,35,100,0,5,100,10000.0,712484.349000001,17,362.054092095015,4,279.450095160468,31,-315.820410464541,5024.666666666667,41.620000000000005,UNAVAILABLE,28.74533333333333,59.99,072B393C-87F5-4183-9ABC-0870E4B4F53B,0.9033333333333332,DE045126-2C5E-4E72-8491-E202079EAC7C,0.7573333333333334,7100.0,2100.0,3.3,29.3,0.6,130.5,400.0,100.0,3.7,22.1,0.4,600.0,100.0,3.9,21.9,0.1,4300.0,1800.0,2.4,24.7,0.7,2300.0,400.0,5.8,22.9,0.2,6500.0,1700.0,3.8,26.6,1.5
body_p1,12,Al6061_body12_p1,DE045126-2C5E-4E72-8491-E202079EAC7C,33,1007,2025-07-23 11:15:47.748133,20,0.0006680210239083,3135,1,45,30.001,AUTO,21,ARMED,100,24.55,5,2654254.66,12,000454_D_A_PROGRAM_1.NC,37,100,0,0,100,10000.0,712484.349000001,18,338.0879905911,8,265.149984882578,30,-315.820250269031,3112.6666666666665,37.38333333333333,UNAVAILABLE,28.746333333333336,59.99,072B393C-87F5-4183-9ABC-0870E4B4F53B,0.6366666666666667,DE045126-2C5E-4E72-8491-E202079EAC7C,0.7573333333333334,3500.0,1100.0,3.1,29.3,0.5,131.0666666666667,600.0,200.0,3.7,22.1,0.5,600.0,200.0,3.7,21.9,0.1,4200.0,1400.0,3.1,24.7,0.5,2600.0,300.0,8.1,22.9,0.2,5100.0,1800.0,2.9,26.6,1.7
body_p1,12,Al6061_body12_p1,DE045126-2C5E-4E72-8491-E202079EAC7C,33,1008,2025-07-23 11:15:48.748298,20,0.0001678978379824,3144,1,45,30.001,AUTO,21,ARMED,100,134.2833,5,2654254.66,12,000454_D_A_PROGRAM_1.NC,38,100,0,0,100,10000.0,712484.349000001,6,337.341153848785,3,241.276706351186,37,-312.772301863522,1048.6666666666667,8.953333333333333,UNAVAILABLE,28.747,59.99,072B393C-87F5-4183-9ABC-0870E4B4F53B,0.8833333333333334,DE045126-2C5E-4E72-8491-E202079EAC7C,0.7573333333333334,3600.0,1100.0,3.2,29.3,0.5,132.63333333333335,500.0,100.0,4.5,22.1,0.8,2400.0,400.0,5.7,21.9,0.1,18100.0,3200.0,5.7,24.7,0.5,1900.0,300.0,5.5,22.9,0.2,7000.0,1800.0,3.9,26.6,1.7
body_p1,12,Al6061_body12_p1,DE045126-2C5E-4E72-8491-E202079EAC7C,33,1009,2025-07-23 11:15:49.748502,20,0.0006680210239083,3150,1,45,30.001,AUTO,21,ARMED,100,23.3,5,2654254.66,12,000454_D_A_PROGRAM_1.NC,39,100,0,0,100,10000.0,712484.349000001,1,339.193693591031,1,239.370399906212,46,-315.528636922977,1141.3333333333333,9.966666666666669,UNAVAILABLE,28.747,59.99,072B393C-87F5-4183-9ABC-0870E4B4F53B,0.7999999999999999,DE045126-2C5E-4E72-8491-E202079EAC7C,0.7573333333333334,3800.0,1100.0,3.4,29.3,0.5,132.6,600.0,100.0,5.4,22.1,0.4,600.0,100.0,4.1,21.9,0.1,4100.0,1300.0,3.1,24.7,0.5,3500.0,300.0,11.1,22.9,0.2,6500.0,1900.0,3.4,26.6,1.7
body_p1,12,Al6061_body12_p1,DE045126-2C5E-4E72-8491-E202079EAC7C,33,1010,2025-07-23 11:15:50.748712,20,0.0001678978379824,3158,1,45,30.001,AUTO,21,ARMED,100,15.91667,5,2654254.66,12,000454_D_A_PROGRAM_1.NC,40,100,0,1,100,10000.0,712484.349000001,1,364.389035106634,15,223.422701801719,30,-315.820490562297,1064.3333333333333,9.156666666666668,UNAVAILABLE,28.747333333333334,59.99,072B393C-87F5-4183-9ABC-0870E4B4F53B,0.9,DE045126-2C5E-4E72-8491-E202079EAC7C,0.7573333333333334,3800.0,1100.0,3.3,29.3,0.5,132.63333333333335,600.0,200.0,3.7,22.1,0.3,600.0,200.0,3.7,21.9,0.2,6700.0,1400.0,4.7,24.7,0.5,2500.0,300.0,7.7,22.9,0.2,4800.0,1800.0,2.7,26.6,1.7
body_p1,12,Al6061_body12_p1,DE045126-2C5E-4E72-8491-E202079EAC7C,33,1011,2025-07-23 11:15:51.748916,20,0.0006680210239083,3166,1,45,30.001,AUTO,21,ARMED,100,172.8333,5,2654254.66,12,000454_D_A_PROGRAM_1.NC,41,100,0,0,100,10000.0,712484.349000001,67,395.939423024554,2,223.107854298263,35,-312.771661044351,1053.0,9.036666666666669,UNAVAILABLE,28.747666666666664,59.99,072B393C-87F5-4183-9ABC-0870E4B4F53B,0.8866666666666667,DE045126-2C5E-4E72-8491-E202079EAC7C,0.7573333333333334,3500.0,1100.0,3.2,29.3,0.5,132.66666666666666,600.0,100.0,4.6,22.1,0.5,700.0,200.0,4.4,21.9,0.1,3500.0,1300.0,2.7,24.7,0.5,900.0,300.0,3.5,22.9,0.2,8100.0,1800.0,4.5,26.6,1.6
body_p1,12,Al6061_body12_p1,DE045126-2C5E-4E72-8491-E202079EAC7C,33,1012,2025-07-23 11:15:52.749084,20,0.0006680210239083,3173,1,45,30.001,AUTO,21,ARMED,100,19.25,5,2654254.66,12,000454_D_A_PROGRAM_1.NC,42,100,0,0,100,10000.0,712484.349000001,5,399.874730564755,6,225.125069329973,41,-313.764372859424,1112.3333333333333,9.653333333333334,UNAVAILABLE,28.748,59.99,072B393C-87F5-4183-9ABC-0870E4B4F53B,0.8099999999999999,DE045126-2C5E-4E72-8491-E202079EAC7C,0.7573333333333334,3500.0,1100.0,3.1,29.3,0.5,132.66666666666666,1000.0,200.0,5.6,22.1,0.4,1100.0,200.0,5.9,21.9,0.1,6800.0,1600.0,4.2,24.7,0.5,2000.0,300.0,6.5,22.9,0.2,6700.0,1900.0,3.5,26.6,1.7
body_p1,12,Al6061_body12_p1,DE045126-2C5E-4E72-8491-E202079EAC7C,33,1013,2025-07-23 11:15:53.749367,20,0.0006680210239083,3181,1,45,30.001,AUTO,21,ARMED,100,25.11667,5,2654254.66,12,000454_D_A_PROGRAM_1.NC,43,100,0,1,100,10000.0,712484.349000001,3,423.667115171353,8,240.198726822553,30,-315.820444792151,1073.6666666666667,9.243333333333332,UNAVAILABLE,28.748,59.99,072B393C-87F5-4183-9ABC-0870E4B4F53B,0.9033333333333332,DE045126-2C5E-4E72-8491-E202079EAC7C,0.7573333333333334,3300.0,1100.0,3.0,29.3,0.5,132.63333333333335,600.0,200.0,3.8,22.1,0.2,600.0,200.0,3.4,21.9,0.2,5000.0,1400.0,3.7,24.7,0.5,1000.0,300.0,3.9,22.9,0.2,3100.0,1800.0,1.7,26.6,1.7
body_p1,12,Al6061_body12_p1,DE045126-2C5E-4E72-8491-E202079EAC7C,33,1014,2025-07-23 11:15:54.749581,20,0.0006680210239083,3190,1,45,30.001,AUTO,21,ARMED,100,90.58333,5,2654254.66,12,000454_D_A_PROGRAM_1.NC,43,100,0,1,100,10000.0,712484.349000001,10,422.541833043955,60,264.266076377009,39,-312.772301826394,1054.0,9.03,UNAVAILABLE,28.748,59.99,072B393C-87F5-4183-9ABC-0870E4B4F53B,0.8766666666666666,DE045126-2C5E-4E72-8491-E202079EAC7C,0.7573333333333334,3700.0,1100.0,3.3,29.3,0.5,132.66666666666666,700.0,200.0,4.3,22.1,0.6,1000.0,200.0,6.1,21.9,0.1,4900.0,1300.0,3.6,24.7,0.5,2900.0,400.0,8.2,22.9,0.2,4700.0,1800.0,2.6,26.6,1.7
body_p1,12,Al6061_body12_p1,DE045126-2C5E-4E72-8491-E202079EAC7C,33,1015,2025-07-23 11:15:55.749895,20,0.0006680210239083,3196,1,45,30.001,AUTO,21,ARMED,100,15.93333,5,2654254.66,12,000454_D_A_PROGRAM_1.NC,45,100,0,0,100,10000.0,712484.349000001,19,424.555787367841,3,267.876085621962,31,-312.845956850208,1047.0,8.993333333333334,UNAVAILABLE,28.748666666666665,59.99,072B393C-87F5-4183-9ABC-0870E4B4F53B,0.7999999999999999,DE045126-2C5E-4E72-8491-E202079EAC7C,0.7573333333333334,3600.0,1100.0,3.2,29.3,0.5,132.66666666666666,800.0,200.0,5.1,22.1,0.4,1200.0,200.0,5.7,21.9,0.1,6200.0,1500.0,4.0,24.7,0.5,2200.0,300.0,7.2,22.9,0.2,6400.0,1900.0,3.3,26.6,1.7
body_p1,12,Al6061_body12_p1,DE045126-2C5E-4E72-8491-E202079EAC7C,33,1016,2025-07-23 11:15:56.750063,20,0.0006680210239083,3205,1,45,30.001,AUTO,21,ARMED,100,25.03333,5,2654254.66,12,000454_D_A_PROGRAM_1.NC,46,100,0,0,100,10000.0,712484.349000001,15,399.232352274508,2,282.894025357099,30,-315.820353251859,1124.0,9.75,UNAVAILABLE,28.749,59.99,072B393C-87F5-4183-9ABC-0870E4B4F53B,0.9133333333333332,DE045126-2C5E-4E72-8491-E202079EAC7C,0.7573333333333334,3600.0,1100.0,3.2,29.3,0.5,132.63333333333335,500.0,100.0,4.5,22.1,0.4,600.0,200.0,3.6,21.9,0.2,5700.0,1400.0,4.0,24.7,0.5,1200.0,300.0,4.2,22.9,0.2,3200.0,1800.0,1.7,26.6,1.8
body_p1,12,Al6061_body12_p1,DE045126-2C5E-4E72-8491-E202079EAC7C,33,1017,2025-07-23 11:15:57.750277,20,0.0001678978379824,3211,1,45,30.001,AUTO,21,ARMED,100,49.25,5,2654254.66,12,000454_D_A_PROGRAM_1.NC,46,100,0,0,100,10000.0,712484.349000001,13,382.943093249352,5,270.662416268523,37,-313.6863774107,1057.6666666666667,9.086666666666666,UNAVAILABLE,28.749,59.99,072B393C-87F5-4183-9ABC-0870E4B4F53B,0.8933333333333334,DE045126-2C5E-4E72-8491-E202079EAC7C,0.7573333333333334,3900.0,1100.0,3.5,29.3,0.6,132.66666666666666,1000.0,300.0,3.3,22.1,0.5,600.0,100.0,4.0,21.9,0.1,3300.0,1300.0,2.5,24.7,0.5,2100.0,300.0,6.7,22.9,0.2,4400.0,1800.0,2.5,26.7,1.7
body_p1,12,Al6061_body12_p1,DE045126-2C5E-4E72-8491-E202079EAC7C,33,1018,2025-07-23 11:15:58.750490,20,0.0006680210239083,3218,1,45,30.001,AUTO,21,ARMED,100,25.4,5,2654254.66,12,000454_D_A_PROGRAM_1.NC,48,100,0,2,100,10000.0,712484.349000001,9,360.793346935862,5,274.304887865795,31,-316.318206571642,1060.6666666666667,9.113333333333332,UNAVAILABLE,28.749,59.99,072B393C-87F5-4183-9ABC-0870E4B4F53B,0.8866666666666667,DE045126-2C5E-4E72-8491-E202079EAC7C,0.7573333333333334,4000.0,1200.0,3.4,29.3,0.5,132.63333333333335,1000.0,400.0,2.4,22.1,0.2,500.0,200.0,3.3,21.9,0.1,3600.0,1400.0,2.6,24.7,0.5,1300.0,400.0,3.5,22.9,0.2,3300.0,1900.0,1.7,26.7,1.8
body_p1,12,Al6061_body12_p1,DE045126-2C5E-4E72-8491-E202079EAC7C,33,1019,2025-07-23 11:15:59.750641,20,0.0006680210239083,3219,1,45,30.001,AUTO,21,ARMED,100,25.4,5,2654254.66,12,000454_D_A_PROGRAM_1.NC,49,100,0,2,100,10000.0,712484.349000001,6,342.213527572803,8,259.854926007915,32,-316.318252341788,1066.3333333333333,9.14,UNAVAILABLE,28.749333333333336,59.99,072B393C-87F5-4183-9ABC-0870E4B4F53B,0.8700000000000001,DE045126-2C5E-4E72-8491-E202079EAC7C,0.7573333333333334,4000.0,1200.0,3.4,29.3,0.5,132.66666666666666,900.0,400.0,2.4,22.1,0.1,700.0,200.0,3.6,21.9,0.1,4200.0,1400.0,2.9,24.7,0.5,1200.0,300.0,3.8,22.9,0.2,2900.0,1700.0,1.7,26.7,1.7
body_p1,12,Al6061_body12_p1,DE045126-2C5E-4E72-8491-E202079EAC7C,33,1020,2025-07-23 11:16:00.750795,20,0.0006680210239083,3219,1,45,30.001,AUTO,21,ARMED,100,25.4,5,2654254.66,12,000454_D_A_PROGRAM_1.NC,50,100,0,2,100,10000.0,712484.349000001,8,348.636871952324,7,236.087493271072,32,-316.318252341788,1066.3333333333333,9.14,UNAVAILABLE,28.749333333333336,59.99,072B393C-87F5-4183-9ABC-0870E4B4F53B,0.8700000000000001,DE045126-2C5E-4E72-8491-E202079EAC7C,0.7573333333333334,4200.0,1200.0,3.5,29.3,0.5,132.66666666666666,900.0,400.0,2.4,22.1,0.1,700.0,200.0,3.3,21.9,0.2,4300.0,1400.0,3.1,24.7,0.5,1300.0,300.0,4.1,22.9,0.2,3300.0,1900.0,1.7,26.7,1.9
body_p1,12,Al6061_body12_p1,DE045126-2C5E-4E72-8491-E202079EAC7C,33,1021,2025-07-23 11:16:01.750895,20,0.0006680210239083,3222,1,45,30.001,AUTO,21,ARMED,100,25.25,5,2654254.66,12,000454_D_A_PROGRAM_1.NC,51,100,0,0,100,10000.0,712484.349000001,8,372.082838954615,4,232.406312967799,32,-316.318355324617,1072.6666666666667,9.233333333333333,UNAVAILABLE,28.750333333333334,59.99,072B393C-87F5-4183-9ABC-0870E4B4F53B,0.88,DE045126-2C5E-4E72-8491-E202079EAC7C,0.7573333333333334,4700.0,1400.0,3.4,29.3,0.6,132.63333333333335,900.0,300.0,2.6,22.1,0.3,600.0,200.0,3.1,21.9,0.1,3300.0,1400.0,2.3,24.7,0.5,1400.0,400.0,3.9,22.9,0.2,3300.0,1900.0,1.8,26.7,1.8
body_p1,12,Al6061_body12_p1,DE045126-2C5E-4E72-8491-E202079EAC7C,33,1022,2025-07-23 11:16:02.750985,20,0.0006680210239083,3224,1,45,30.001,AUTO,21,ARMED,100,25.4,5,2654254.66,12,000454_D_A_PROGRAM_1.NC,51,100,0,0,100,10000.0,712484.349000001,9,398.070110391281,6,230.914359046244,32,-316.31834388208,1067.3333333333333,9.146666666666668,UNAVAILABLE,28.750333333333334,59.99,072B393C-87F5-4183-9ABC-0870E4B4F53B,0.8766666666666666,DE045126-2C5E-4E72-8491-E202079EAC7C,0.7573333333333334,4300.0,1300.0,3.3,29.3,0.6,132.66666666666666,900.0,300.0,2.5,22.1,0.2,600.0,200.0,3.2,21.9,0.2,3900.0,1300.0,2.9,24.7,0.5,1200.0,300.0,3.4,22.9,0.2,3400.0,1900.0,1.8,26.7,1.9
body_p1,12,Al6061_body12_p1,DE045126-2C5E-4E72-8491-E202079EAC7C,33,1023,2025-07-23 11:16:03.751102,20,0.0006680210239083,3225,1,45,30.001,AUTO,21,ARMED,100,25.4,5,2654254.66,12,000454_D_A_PROGRAM_1.NC,53,100,0,0,100,10000.0,712484.349000001,7,416.938397763906,7,240.786524109189,32,-316.318275226861,1063.3333333333333,9.126666666666669,UNAVAILABLE,28.75166666666667,59.99,072B393C-87F5-4183-9ABC-0870E4B4F53B,0.8700000000000001,DE045126-2C5E-4E72-8491-E202079EAC7C,0.7573333333333334,4300.0,1200.0,3.5,29.3,0.5,132.63333333333335,700.0,300.0,2.6,22.1,0.1,600.0,200.0,3.5,21.9,0.1,3700.0,1400.0,2.7,24.7,0.5,1200.0,300.0,3.8,22.9,0.2,3000.0,1700.0,1.7,26.7,1.7
body_p1,12,Al6061_body12_p1,DE045126-2C5E-4E72-8491-E202079EAC7C,33,1024,2025-07-23 11:16:04.751298,20,0.0006680210239083,3225,1,45,30.001,AUTO,21,ARMED,100,25.4,5,2654254.66,12,000454_D_A_PROGRAM_1.NC,54,100,0,1,100,10000.0,712484.349000001,9,414.669940137916,7,267.415912241226,31,-316.318332439544,1070.0,9.203333333333331,UNAVAILABLE,28.75166666666667,59.99,072B393C-87F5-4183-9ABC-0870E4B4F53B,0.8700000000000001,DE045126-2C5E-4E72-8491-E202079EAC7C,0.7573333333333334,4000.0,1200.0,3.5,29.3,0.5,132.66666666666666,900.0,300.0,2.7,22.1,0.1,700.0,200.0,3.1,21.9,0.2,3700.0,1400.0,2.6,24.7,0.5,1100.0,300.0,3.5,22.9,0.1,3400.0,2000.0,1.7,26.7,1.9
body_p1,12,Al6061_body12_p1,DE045126-2C5E-4E72-8491-E202079EAC7C,33,1025,2025-07-23 11:16:05.751452,20,0.0006680210239083,3226,1,45,30.001,AUTO,21,ARMED,100,25.3,5,2654254.66,12,000454_D_A_PROGRAM_1.NC,55,100,0,0,100,10000.0,712484.349000001,6,394.403928582577,4,273.956501323283,31,-316.318252341788,1069.0,9.173333333333334,UNAVAILABLE,28.752,59.99,072B393C-87F5-4183-9ABC-0870E4B4F53B,0.8766666666666666,DE045126-2C5E-4E72-8491-E202079EAC7C,0.7573333333333334,3900.0,1200.0,3.3,29.3,0.5,132.66666666666666,900.0,400.0,2.6,22.1,0.3,700.0,200.0,3.4,21.9,0.2,3400.0,1300.0,2.5,24.7,0.5,1400.0,300.0,3.9,22.9,0.2,3400.0,2000.0,1.7,26.7,1.9
body_p1,13,Al6061_body13_p1,DE045126-2C5E-4E72-8491-E202079EAC7C,35,1038,2025-07-23 11:35:21.981829,20,0.0001678978379824,3121,1,45,30.001,AUTO,21,ARMED,100,584.1667,5,2655335.194,13,000454_D_A_PROGRAM_1.NC,34,100,0,25,100,1324.13936126088,713565.027,24,214.188617018412,15,374.443106016317,36,-99.8669982674121,745.6666666666666,7.186666666666667,UNAVAILABLE,29.11800000000001,60.01,072B393C-87F5-4183-9ABC-0870E4B4F53B,0.8300000000000001,DE045126-2C5E-4E72-8491-E202079EAC7C,0.7736666666666666,6000.0,1500.0,3.9,31.2,0.1,132.6,1500.0,400.0,3.9,22.3,0.2,4900.0,1100.0,4.3,22.2,0.1,25100.0,8000.0,3.1,24.9,0.4,3400.0,800.0,4.4,23.2,0.1,700.0,200.0,4.1,26.9,0.1
body_p1,13,Al6061_body13_p1,DE045126-2C5E-4E72-8491-E202079EAC7C,35,1039,2025-07-23 11:35:22.981982,20,0.0006680210239083,3122,1,45,30.001,AUTO,21,ARMED,100,531.05,5,2655335.194,13,000454_D_A_PROGRAM_1.NC,35,100,0,19,100,4630.44917160486,713565.027,5,361.741716563504,6,279.991772628674,11,-303.618319792987,2463.6666666666665,22.87,UNAVAILABLE,29.11800000000001,60.0,072B393C-87F5-4183-9ABC-0870E4B4F53B,1.0,DE045126-2C5E-4E72-8491-E202079EAC7C,0.7736666666666666,10200.0,2300.0,4.4,31.2,0.3,131.73333333333335,400.0,100.0,4.9,22.3,0.1,2000.0,300.0,6.4,22.2,0.1,5300.0,1400.0,3.8,24.9,0.2,26000.0,5600.0,4.7,23.2,0.1,56600.0,12800.0,4.4,26.9,1.2
body_p1,13,Al6061_body13_p1,DE045126-2C5E-4E72-8491-E202079EAC7C,35,1040,2025-07-23 11:35:23.982134,20,0.0006680210239083,3123,1,45,30.001,AUTO,21,ARMED,100,0.0,5,2655335.194,13,000454_D_A_PROGRAM_1.NC,36,100,0,12,100,6828.47587713743,713565.027,5,361.7417051195,5,279.991795517099,29,-312.772404809223,5764.333333333333,50.10333333333333,UNAVAILABLE,29.119,60.01,072B393C-87F5-4183-9ABC-0870E4B4F53B,0.8866666666666667,DE045126-2C5E-4E72-8491-E202079EAC7C,0.7736666666666666,10400.0,2500.0,4.2,31.2,0.2,129.86666666666667,300.0,100.0,3.5,22.3,0.1,400.0,100.0,3.9,22.2,0.1,3200.0,1300.0,2.5,24.9,0.2,1200.0,300.0,4.3,23.2,0.1,1200.0,400.0,2.9,26.9,0.1
body_p1,13,Al6061_body13_p1,DE045126-2C5E-4E72-8491-E202079EAC7C,35,1041,2025-07-23 11:35:24.982427,20,0.0006680210239083,3123,1,45,30.001,AUTO,21,ARMED,100,0.0,5,2655335.194,13,000454_D_A_PROGRAM_1.NC,37,100,0,9,100,8265.72604605191,713565.027,4,361.7417051195,5,279.991795517099,29,-312.772404809223,5907.333333333333,49.00666666666667,UNAVAILABLE,29.121333333333336,60.01,072B393C-87F5-4183-9ABC-0870E4B4F53B,0.94,DE045126-2C5E-4E72-8491-E202079EAC7C,0.7736666666666666,9300.0,2700.0,3.4,31.2,0.3,129.79999999999998,300.0,100.0,3.9,22.3,0.1,400.0,100.0,3.4,22.2,0.1,3500.0,1300.0,2.7,24.9,0.3,1000.0,300.0,3.9,23.2,0.1,1300.0,400.0,2.9,26.9,0.3
body_p1,13,Al6061_body13_p1,DE045126-2C5E-4E72-8491-E202079EAC7C,35,1042,2025-07-23 11:35:25.982578,20,0.0006680210239083,3124,1,45,30.001,AUTO,21,ARMED,100,21.08333,5,2655335.194,13,000454_D_A_PROGRAM_1.NC,38,100,0,6,100,10000.0,713565.027,4,361.7417051195,5,279.991806961312,15,-314.950228450179,5757.0,47.76666666666667,UNAVAILABLE,29.123,60.01,072B393C-87F5-4183-9ABC-0870E4B4F53B,0.91,DE045126-2C5E-4E72-8491-E202079EAC7C,0.7736666666666666,7600.0,2200.0,3.4,31.2,0.6,129.86666666666667,800.0,200.0,4.0,22.3,0.5,700.0,200.0,4.4,22.2,0.1,5800.0,1300.0,4.4,24.9,0.5,2700.0,400.0,7.0,23.2,0.2,4200.0,1100.0,3.8,26.9,1.0
body_p1,13,Al6061_body13_p1,DE045126-2C5E-4E72-8491-E202079EAC7C,35,1043,2025-07-23 11:35:26.982728,20,0.0006680210239083,3133,1,45,30.001,AUTO,21,ARMED,100,91.71667,5,2655335.194,13,000454_D_A_PROGRAM_1.NC,39,100,0,0,100,10000.0,713565.027,15,363.202433185038,8,281.718647080736,43,-312.77367495633,4903.666666666667,40.76666666666667,UNAVAILABLE,29.12400000000001,60.01,072B393C-87F5-4183-9ABC-0870E4B4F53B,0.9233333333333332,DE045126-2C5E-4E72-8491-E202079EAC7C,0.7736666666666666,4200.0,1200.0,3.6,31.2,0.5,130.36666666666667,500.0,100.0,3.9,22.3,0.4,1500.0,300.0,5.7,22.2,0.1,8600.0,2000.0,4.3,24.9,0.6,1700.0,300.0,5.6,23.2,0.2,6000.0,2000.0,3.0,26.9,1.8
body_p1,13,Al6061_body13_p1,DE045126-2C5E-4E72-8491-E202079EAC7C,35,1044,2025-07-23 11:35:27.982880,20,0.0006680210239083,3139,1,45,30.001,AUTO,21,ARMED,100,25.03333,5,2655335.194,13,000454_D_A_PROGRAM_1.NC,40,100,0,0,100,10000.0,713565.027,2,337.575641203456,14,265.134352006385,31,-315.820399022005,2870.0,27.05333333333333,UNAVAILABLE,29.12466666666667,60.02,072B393C-87F5-4183-9ABC-0870E4B4F53B,0.3666666666666667,DE045126-2C5E-4E72-8491-E202079EAC7C,0.7736666666666666,3900.0,1200.0,3.3,31.2,0.5,131.4333333333333,500.0,100.0,4.2,22.3,0.4,500.0,200.0,3.4,22.2,0.1,4100.0,1400.0,2.9,24.9,0.5,1900.0,300.0,6.7,23.2,0.2,6400.0,2100.0,3.1,26.9,1.9
body_p1,13,Al6061_body13_p1,DE045126-2C5E-4E72-8491-E202079EAC7C,35,1045,2025-07-23 11:35:28.983033,20,0.0006680210239083,3147,1,45,30.001,AUTO,21,ARMED,100,16.05,5,2655335.194,13,000454_D_A_PROGRAM_1.NC,41,100,0,0,100,10000.0,713565.027,5,338.336452006224,7,236.626220753349,24,-315.820456234687,1054.6666666666667,9.046666666666669,UNAVAILABLE,29.125,60.02,072B393C-87F5-4183-9ABC-0870E4B4F53B,0.8733333333333334,DE045126-2C5E-4E72-8491-E202079EAC7C,0.7736666666666666,3800.0,1200.0,3.2,31.2,0.5,132.4,900.0,300.0,3.4,22.3,0.5,600.0,200.0,3.7,22.2,0.1,6800.0,1500.0,4.6,24.9,0.5,1800.0,300.0,5.9,23.2,0.2,4300.0,2000.0,2.2,26.9,1.9
body_p1,13,Al6061_body13_p1,DE045126-2C5E-4E72-8491-E202079EAC7C,35,1046,2025-07-23 11:35:29.983184,20,0.0006680210239083,3155,1,45,30.001,AUTO,21,ARMED,100,45.95,5,2655335.194,13,000454_D_A_PROGRAM_1.NC,42,100,0,0,100,10000.0,713565.027,6,339.27567529399,6,239.316390625128,41,-312.787062611203,1045.3333333333333,8.963333333333333,UNAVAILABLE,29.125666666666664,60.02,072B393C-87F5-4183-9ABC-0870E4B4F53B,0.8566666666666668,DE045126-2C5E-4E72-8491-E202079EAC7C,0.7736666666666666,4100.0,1200.0,3.5,31.2,0.5,132.4,700.0,100.0,5.0,22.3,0.6,1600.0,300.0,5.7,22.2,0.1,10000.0,2000.0,5.0,24.9,0.6,1900.0,300.0,6.5,23.2,0.2,4400.0,2000.0,2.2,26.9,1.8
body_p1,13,Al6061_body13_p1,DE045126-2C5E-4E72-8491-E202079EAC7C,35,1047,2025-07-23 11:35:30.983334,20,0.0006680210239083,3161,1,45,30.001,AUTO,21,ARMED,100,25.03333,5,2655335.194,13,000454_D_A_PROGRAM_1.NC,43,100,0,0,100,10000.0,713565.027,6,364.445382894897,11,224.184810058062,30,-315.820296039177,1115.6666666666667,9.663333333333332,UNAVAILABLE,29.125666666666664,60.02,072B393C-87F5-4183-9ABC-0870E4B4F53B,0.8766666666666666,DE045126-2C5E-4E72-8491-E202079EAC7C,0.7736666666666666,3600.0,1200.0,3.1,31.2,0.6,132.33333333333334,800.0,100.0,5.6,22.3,0.4,600.0,100.0,4.1,22.2,0.1,3600.0,1400.0,2.5,24.9,0.6,2100.0,300.0,6.7,23.2,0.2,6400.0,2100.0,3.1,26.9,1.8
body_p1,13,Al6061_body13_p1,DE045126-2C5E-4E72-8491-E202079EAC7C,35,1048,2025-07-23 11:35:31.983512,20,0.0006680210239083,3170,1,45,30.001,AUTO,21,ARMED,100,23.76667,5,2655335.194,13,000454_D_A_PROGRAM_1.NC,44,100,0,1,100,10000.0,713565.027,14,400.395750347347,11,223.434042221582,39,-315.820547774979,1072.3333333333333,9.24,UNAVAILABLE,29.126,60.02,072B393C-87F5-4183-9ABC-0870E4B4F53B,0.8966666666666666,DE045126-2C5E-4E72-8491-E202079EAC7C,0.7736666666666666,4100.0,1200.0,3.5,31.2,0.6,132.4,800.0,200.0,3.3,22.3,0.4,600.0,200.0,3.8,22.2,0.2,7800.0,1500.0,5.3,24.9,0.5,1400.0,300.0,5.0,23.2,0.2,4400.0,2000.0,2.2,26.9,1.9
body_p1,13,Al6061_body13_p1,DE045126-2C5E-4E72-8491-E202079EAC7C,35,1049,2025-07-23 11:35:32.983665,20,0.0006680210239083,3177,1,45,30.001,AUTO,21,ARMED,100,104.5333,5,2655335.194,13,000454_D_A_PROGRAM_1.NC,45,100,0,0,100,10000.0,713565.027,44,411.216637218317,21,231.222055299576,38,-312.772153111801,1052.0,9.036666666666669,UNAVAILABLE,29.12633333333333,60.02,072B393C-87F5-4183-9ABC-0870E4B4F53B,0.88,DE045126-2C5E-4E72-8491-E202079EAC7C,0.7736666666666666,3900.0,1200.0,3.4,31.2,0.5,132.4,700.0,200.0,4.5,22.3,0.6,1300.0,200.0,6.3,22.2,0.1,6900.0,1600.0,4.4,24.9,0.5,1800.0,300.0,6.2,23.2,0.2,7400.0,1900.0,3.8,26.9,1.8
body_p1,13,Al6061_body13_p1,DE045126-2C5E-4E72-8491-E202079EAC7C,35,1050,2025-07-23 11:35:33.983818,20,0.0006680210239083,3184,1,45,30.001,AUTO,21,ARMED,100,24.95,5,2655695.69,13,000454_D_A_PROGRAM_1.NC,46,100,0,1,100,10000.0,713565.027,4,424.557927753729,5,239.370377018247,38,-315.540926103605,1053.0,9.026666666666666,UNAVAILABLE,29.12633333333333,60.02,072B393C-87F5-4183-9ABC-0870E4B4F53B,0.8233333333333333,DE045126-2C5E-4E72-8491-E202079EAC7C,0.7736666666666666,3900.0,1200.0,3.4,31.2,0.6,132.4,700.0,100.0,5.2,22.3,0.6,1700.0,200.0,7.2,22.2,0.1,14900.0,2600.0,5.6,24.9,0.5,1600.0,300.0,5.6,23.2,0.2,7100.0,2100.0,3.4,26.9,1.8
body_p1,13,Al6061_body13_p1,DE045126-2C5E-4E72-8491-E202079EAC7C,35,1051,2025-07-23 11:35:34.984120,20,0.0006680210239083,3194,1,45,30.001,AUTO,21,ARMED,100,21.91667,5,2655695.69,13,000454_D_A_PROGRAM_1.NC,47,100,0,1,100,10000.0,713565.027,7,423.034430837907,8,268.68568141771,28,-315.82047911976,1063.6666666666667,8.993333333333332,UNAVAILABLE,29.12666666666667,60.02,072B393C-87F5-4183-9ABC-0870E4B4F53B,0.89,DE045126-2C5E-4E72-8491-E202079EAC7C,0.7736666666666666,3900.0,1200.0,3.4,31.2,0.6,132.4,800.0,200.0,4.5,22.3,0.3,600.0,200.0,3.2,22.2,0.2,4400.0,1400.0,3.1,24.9,0.5,1000.0,300.0,3.6,23.2,0.2,3400.0,2000.0,1.7,26.9,1.9
body_p1,13,Al6061_body13_p1,DE045126-2C5E-4E72-8491-E202079EAC7C,35,1052,2025-07-23 11:35:35.984332,20,0.0006680210239083,3200,1,45,30.001,AUTO,21,ARMED,100,68.2,5,2655695.69,13,000454_D_A_PROGRAM_1.NC,48,100,0,1,100,10000.0,713565.027,53,397.74104992356,13,279.991907872479,37,-314.556158936285,1046.6666666666667,9.03,UNAVAILABLE,29.127,60.02,072B393C-87F5-4183-9ABC-0870E4B4F53B,0.8733333333333334,DE045126-2C5E-4E72-8491-E202079EAC7C,0.7736666666666666,3700.0,1200.0,3.2,31.2,0.5,132.4,900.0,200.0,4.0,22.3,0.5,700.0,200.0,4.5,22.2,0.1,4900.0,1600.0,3.0,24.9,0.5,2300.0,300.0,7.3,23.2,0.2,9000.0,2000.0,4.6,26.9,1.8
body_p1,13,Al6061_body13_p1,DE045126-2C5E-4E72-8491-E202079EAC7C,35,1053,2025-07-23 11:35:36.984544,20,0.0006680210239083,3208,1,45,30.001,AUTO,21,ARMED,100,17.06667,5,2655695.69,13,000454_D_A_PROGRAM_1.NC,49,100,0,0,100,10000.0,713565.027,5,399.87526847417,16,282.124172512365,32,-314.621789220664,1124.3333333333333,9.743333333333332,UNAVAILABLE,29.127666666666663,60.02,072B393C-87F5-4183-9ABC-0870E4B4F53B,0.8433333333333334,DE045126-2C5E-4E72-8491-E202079EAC7C,0.7736666666666666,3700.0,1200.0,3.2,31.2,0.5,132.36666666666667,400.0,100.0,3.9,22.3,0.5,1100.0,200.0,5.5,22.2,0.1,7300.0,1700.0,4.2,24.9,0.6,2000.0,300.0,6.9,23.2,0.2,7000.0,2100.0,3.3,27.0,1.9
body_p1,13,Al6061_body13_p1,DE045126-2C5E-4E72-8491-E202079EAC7C,35,1054,2025-07-23 11:35:37.984757,20,0.0006680210239083,3216,1,45,30.001,AUTO,21,ARMED,100,25.4,5,2655695.69,13,000454_D_A_PROGRAM_1.NC,50,100,0,0,100,10000.0,713565.027,7,374.350894424849,5,272.884994478147,32,-316.318263784325,1061.0,9.123333333333331,UNAVAILABLE,29.127666666666663,60.02,072B393C-87F5-4183-9ABC-0870E4B4F53B,0.89,DE045126-2C5E-4E72-8491-E202079EAC7C,0.7736666666666666,4200.0,1200.0,3.3,31.2,0.6,132.4,1200.0,500.0,2.2,22.3,0.4,600.0,200.0,3.7,22.2,0.1,3100.0,1300.0,2.3,24.9,0.5,1200.0,300.0,3.6,23.2,0.2,3500.0,2100.0,1.7,27.0,2.0
body_p1,13,Al6061_body13_p1,DE045126-2C5E-4E72-8491-E202079EAC7C,35,1055,2025-07-23 11:35:38.985097,20,0.0006680210239083,3219,1,45,30.001,AUTO,21,ARMED,100,25.4,5,2655695.69,13,000454_D_A_PROGRAM_1.NC,51,100,0,0,100,10000.0,713565.027,8,349.381752388362,8,269.81242726368,32,-316.318263784325,1039.6666666666667,8.933333333333334,UNAVAILABLE,29.128,60.02,072B393C-87F5-4183-9ABC-0870E4B4F53B,0.8933333333333334,DE045126-2C5E-4E72-8491-E202079EAC7C,0.7736666666666666,4100.0,1200.0,3.4,31.2,0.6,132.33333333333334,1300.0,700.0,1.9,22.3,0.2,600.0,200.0,3.8,22.2,0.1,4400.0,1400.0,3.1,24.9,0.5,1200.0,300.0,3.8,23.2,0.2,3300.0,2000.0,1.7,27.0,1.9
body_p1,13,Al6061_body13_p1,DE045126-2C5E-4E72-8491-E202079EAC7C,35,1056,2025-07-23 11:35:39.985396,20,0.0006680210239083,3219,1,45,30.001,AUTO,21,ARMED,100,25.4,5,2655695.69,13,000454_D_A_PROGRAM_1.NC,52,100,0,0,100,10000.0,713565.027,6,341.57602905903,8,247.60809035788,32,-316.31837820969,1061.0,9.090000000000002,UNAVAILABLE,29.12833333333333,60.02,072B393C-87F5-4183-9ABC-0870E4B4F53B,0.8733333333333334,DE045126-2C5E-4E72-8491-E202079EAC7C,0.7736666666666666,4000.0,1200.0,3.3,31.2,0.5,132.36666666666667,1100.0,500.0,2.1,22.3,0.2,700.0,200.0,3.8,22.2,0.1,4200.0,1500.0,2.9,24.9,0.5,1100.0,300.0,3.8,23.2,0.2,3400.0,2000.0,1.7,27.0,1.9
body_p1,13,Al6061_body13_p1,DE045126-2C5E-4E72-8491-E202079EAC7C,35,1057,2025-07-23 11:35:40.985587,20,0.0006680210239083,3219,1,45,30.001,AUTO,21,ARMED,100,25.4,5,2655695.69,13,000454_D_A_PROGRAM_1.NC,53,100,0,0,100,10000.0,713565.027,8,361.139578852266,5,230.962103519022,32,-316.318286669398,1068.6666666666667,9.19,UNAVAILABLE,29.128666666666664,60.02,072B393C-87F5-4183-9ABC-0870E4B4F53B,0.8766666666666666,DE045126-2C5E-4E72-8491-E202079EAC7C,0.7736666666666666,4500.0,1300.0,3.4,31.2,0.6,132.36666666666667,1300.0,600.0,2.1,22.3,0.2,700.0,200.0,3.2,22.2,0.2,3400.0,1400.0,2.4,24.9,0.6,1100.0,300.0,3.4,23.2,0.2,3500.0,2200.0,1.6,27.0,2.1
body_p1,13,Al6061_body13_p1,DE045126-2C5E-4E72-8491-E202079EAC7C,35,1058,2025-07-23 11:35:41.985739,20,0.0006680210239083,3222,1,45,30.001,AUTO,21,ARMED,100,25.4,5,2655695.69,13,000454_D_A_PROGRAM_1.NC,54,100,0,1,100,10000.0,713565.027,8,384.51620157433,4,232.407548917938,31,-316.318401094762,1068.3333333333333,9.183333333333332,UNAVAILABLE,29.128666666666664,60.02,072B393C-87F5-4183-9ABC-0870E4B4F53B,0.8733333333333334,DE045126-2C5E-4E72-8491-E202079EAC7C,0.7736666666666666,4500.0,1400.0,3.2,31.2,0.6,132.4,1100.0,400.0,2.4,22.3,0.3,700.0,200.0,3.4,22.2,0.2,4300.0,1500.0,2.9,24.9,0.5,1300.0,300.0,4.0,23.2,0.2,3400.0,2100.0,1.6,27.0,2.0
body_p1,13,Al6061_body13_p1,DE045126-2C5E-4E72-8491-E202079EAC7C,35,1059,2025-07-23 11:35:42.985891,20,0.0006680210239083,3225,1,45,30.001,AUTO,21,ARMED,100,25.4,5,2655695.69,13,000454_D_A_PROGRAM_1.NC,55,100,0,0,100,10000.0,713565.027,8,408.798829578361,6,233.382953900743,32,-316.318229456715,1066.3333333333333,9.173333333333334,UNAVAILABLE,29.12933333333333,60.02,072B393C-87F5-4183-9ABC-0870E4B4F53B,0.8700000000000001,DE045126-2C5E-4E72-8491-E202079EAC7C,0.7736666666666666,4200.0,1400.0,3.1,31.2,0.6,132.4,1200.0,400.0,2.8,22.3,0.2,700.0,200.0,3.7,22.2,0.2,3600.0,1400.0,2.5,24.9,0.6,1200.0,300.0,3.7,23.2,0.2,3400.0,2000.0,1.7,27.0,1.9
body_p1,13,Al6061_body13_p1,DE045126-2C5E-4E72-8491-E202079EAC7C,35,1060,2025-07-23 11:35:43.986041,20,0.0006680210239083,3225,1,45,30.001,AUTO,21,ARMED,100,25.4,5,2655695.69,13,000454_D_A_PROGRAM_1.NC,56,100,0,0,100,10000.0,713565.027,6,420.313702780287,6,255.144847158556,31,-316.318240899252,1067.0,9.176666666666666,UNAVAILABLE,29.12933333333333,60.02,072B393C-87F5-4183-9ABC-0870E4B4F53B,0.8733333333333334,DE045126-2C5E-4E72-8491-E202079EAC7C,0.7736666666666666,4000.0,1200.0,3.3,31.2,0.5,132.36666666666667,900.0,400.0,2.3,22.3,0.2,700.0,200.0,3.5,22.2,0.1,4200.0,1500.0,2.9,24.9,0.5,1100.0,300.0,3.6,23.2,0.2,3300.0,2000.0,1.7,27.0,1.9
body_p1,13,Al6061_body13_p1,DE045126-2C5E-4E72-8491-E202079EAC7C,35,1061,2025-07-23 11:35:44.986194,20,0.0006680210239083,3225,1,45,30.001,AUTO,21,ARMED,100,25.4,5,2655695.69,13,000454_D_A_PROGRAM_1.NC,57,100,0,0,100,10000.0,713565.027,7,405.401829917403,7,273.334364484811,33,-316.318160801496,1065.6666666666667,9.17,UNAVAILABLE,29.129999999999995,60.02,072B393C-87F5-4183-9ABC-0870E4B4F53B,0.8766666666666666,DE045126-2C5E-4E72-8491-E202079EAC7C,0.7736666666666666,4500.0,1200.0,3.6,31.2,0.6,132.4,1300.0,500.0,2.4,22.3,0.2,700.0,200.0,3.5,22.2,0.2,3700.0,1400.0,2.6,24.9,0.5,1000.0,300.0,3.3,23.2,0.2,3700.0,2200.0,1.7,27.0,2.1
body_p1,13,Al6061_body13_p1,DE045126-2C5E-4E72-8491-E202079EAC7C,35,1062,2025-07-23 11:35:45.986345,20,0.0006680210239083,3228,1,45,30.001,AUTO,21,ARMED,100,25.4,5,2655695.69,13,000454_D_A_PROGRAM_1.NC,58,100,0,0,100,10000.0,713565.027,8,379.533940927432,5,272.757805336299,33,-316.318252341788,1066.3333333333333,9.176666666666668,UNAVAILABLE,29.129999999999995,60.02,072B393C-87F5-4183-9ABC-0870E4B4F53B,0.88,DE045126-2C5E-4E72-8491-E202079EAC7C,0.7736666666666666,3900.0,1200.0,3.3,31.2,0.6,132.4,400.0,100.0,3.6,22.3,0.6,600.0,200.0,3.5,22.2,0.1,4700.0,1400.0,3.4,24.9,0.6,1500.0,300.0,5.3,23.2,0.2,6800.0,2200.0,3.1,27.0,2.0
body_p1,14,Al6061_body14_p1,DE045126-2C5E-4E72-8491-E202079EAC7C,35,1020,2025-07-23 13:05:08.927869,20,0.0001678978379824,3119,1,45,30.001,AUTO,21,ARMED,100,0.0,5,2660019.188,14,000454_D_A_PROGRAM_1.NC,38,100,0,0,100,0.0,715006.369000001,4,12.4206062656161,2,503.59819449292,36,-99.8669982674121,706.3333333333334,7.1933333333333325,UNAVAILABLE,30.06266666666667,60.0,072B393C-87F5-4183-9ABC-0870E4B4F53B,0.7266666666666667,DE045126-2C5E-4E72-8491-E202079EAC7C,0.7929999999999998,6900.0,400.0,18.5,28.7,0.4,134.16666666666666,500.0,100.0,6.3,22.3,0.1,900.0,100.0,7.7,22.2,0.1,3000.0,900.0,3.5,24.7,0.1,5100.0,500.0,9.9,23.1,0.2,2700.0,400.0,6.4,26.6,0.5
body_p1,14,Al6061_body14_p1,DE045126-2C5E-4E72-8491-E202079EAC7C,35,1021,2025-07-23 13:05:09.928087,20,0.0001678978379824,3121,1,45,30.001,AUTO,21,ARMED,100,633.3333,5,2660019.188,14,000454_D_A_PROGRAM_1.NC,39,100,0,25,100,1434.05226047282,715006.369000001,24,231.124187942925,15,363.602113854824,37,-99.8669982674121,723.0,6.463333333333334,UNAVAILABLE,30.06266666666667,60.0,072B393C-87F5-4183-9ABC-0870E4B4F53B,0.8233333333333333,DE045126-2C5E-4E72-8491-E202079EAC7C,0.7929999999999998,3400.0,200.0,14.5,28.7,0.1,134.16666666666666,300.0,100.0,5.6,22.3,0.1,200.0,100.0,3.9,22.2,0.1,1500.0,800.0,1.9,24.7,0.1,1900.0,200.0,11.6,23.1,0.1,500.0,100.0,4.7,26.6,0.2
body_p1,14,Al6061_body14_p1,DE045126-2C5E-4E72-8491-E202079EAC7C,35,1022,2025-07-23 13:05:10.928261,20,0.0006680210239083,3122,1,45,30.001,AUTO,21,ARMED,100,241.3,5,2660019.188,14,000454_D_A_PROGRAM_1.NC,40,100,0,17,100,4830.53981390125,715006.369000001,5,361.7417051195,5,279.991784072887,66,-312.691460306151,2007.0,6.94,UNAVAILABLE,30.06266666666667,60.0,072B393C-87F5-4183-9ABC-0870E4B4F53B,1.0,DE045126-2C5E-4E72-8491-E202079EAC7C,0.7929999999999998,6000.0,1600.0,3.7,28.7,0.1,133.56666666666663,1700.0,300.0,5.6,22.3,0.3,5200.0,900.0,5.6,22.2,0.1,23900.0,5700.0,4.2,24.7,0.2,2900.0,700.0,4.1,23.1,0.1,1200.0,300.0,4.1,26.6,0.3
body_p1,14,Al6061_body14_p1,DE045126-2C5E-4E72-8491-E202079EAC7C,35,1023,2025-07-23 13:05:11.928495,20,0.0006680210239083,3123,1,45,30.001,AUTO,21,ARMED,100,0.0,5,2660019.188,14,000454_D_A_PROGRAM_1.NC,41,100,0,12,100,6878.72679027164,715006.369000001,5,361.741693675496,5,279.991795517099,29,-312.772404809223,6124.666666666667,50.50333333333333,UNAVAILABLE,30.063666666666663,60.0,072B393C-87F5-4183-9ABC-0870E4B4F53B,0.98,DE045126-2C5E-4E72-8491-E202079EAC7C,0.7929999999999998,10500.0,2400.0,4.4,28.7,0.3,131.29999999999998,200.0,100.0,3.8,22.3,0.1,2000.0,100.0,13.7,22.2,0.1,3500.0,1400.0,2.6,24.7,0.2,27500.0,3200.0,8.6,23.1,0.1,54900.0,8300.0,6.6,26.6,0.8
body_p1,14,Al6061_body14_p1,DE045126-2C5E-4E72-8491-E202079EAC7C,35,1024,2025-07-23 13:05:12.928720,20,0.0006680210239083,3123,1,45,30.001,AUTO,21,ARMED,100,0.0,5,2660019.188,14,000454_D_A_PROGRAM_1.NC,42,100,0,8,100,8562.53279650546,715006.369000001,5,361.741682231493,5,279.991795517099,30,-312.772359039077,5864.333333333333,47.57,UNAVAILABLE,30.065,60.0,072B393C-87F5-4183-9ABC-0870E4B4F53B,0.9433333333333334,DE045126-2C5E-4E72-8491-E202079EAC7C,0.7929999999999998,10500.0,3100.0,3.4,28.8,0.2,131.46666666666667,300.0,100.0,4.0,22.3,0.1,400.0,100.0,3.9,22.2,0.1,3500.0,1400.0,2.6,24.7,0.3,1100.0,300.0,3.9,23.1,0.1,1100.0,400.0,2.7,26.6,0.1
body_p1,14,Al6061_body14_p1,DE045126-2C5E-4E72-8491-E202079EAC7C,35,1025,2025-07-23 13:05:13.928917,20,0.0006680210239083,3127,1,45,30.001,AUTO,21,ARMED,100,25.03333,5,2660019.188,14,000454_D_A_PROGRAM_1.NC,43,100,0,6,100,10000.0,715006.369000001,2,364.000056478732,17,282.440845591994,29,-315.820490562297,5825.0,47.88333333333333,UNAVAILABLE,30.067666666666664,60.0,072B393C-87F5-4183-9ABC-0870E4B4F53B,0.9166666666666666,DE045126-2C5E-4E72-8491-E202079EAC7C,0.7929999999999998,8300.0,2200.0,3.8,28.8,0.2,131.36666666666665,300.0,100.0,3.6,22.3,0.1,400.0,100.0,3.9,22.2,0.1,3600.0,1300.0,2.7,24.7,0.3,1000.0,200.0,4.0,23.1,0.1,1500.0,500.0,3.1,26.6,0.4
body_p1,14,Al6061_body14_p1,DE045126-2C5E-4E72-8491-E202079EAC7C,35,1026,2025-07-23 13:05:14.929166,20,0.0006680210239083,3133,1,45,30.001,AUTO,21,ARMED,100,107.9333,5,2660019.188,14,000454_D_A_PROGRAM_1.NC,44,100,0,0,100,10000.0,715006.369000001,55,337.065311606971,22,265.746059814144,36,-312.810554225853,4912.0,40.42666666666667,UNAVAILABLE,30.06866666666667,60.0,072B393C-87F5-4183-9ABC-0870E4B4F53B,0.89,DE045126-2C5E-4E72-8491-E202079EAC7C,0.7929999999999998,8000.0,2300.0,3.6,28.8,0.6,131.93333333333334,600.0,200.0,4.1,22.3,0.3,600.0,200.0,4.0,22.2,0.1,5600.0,1300.0,4.2,24.7,0.5,1800.0,400.0,5.0,23.1,0.2,3400.0,1100.0,3.1,26.6,1.1
body_p1,14,Al6061_body14_p1,DE045126-2C5E-4E72-8491-E202079EAC7C,35,1027,2025-07-23 13:05:15.929340,20,0.0006680210239083,3140,1,45,30.001,AUTO,21,ARMED,100,18.5,5,2660019.188,14,000454_D_A_PROGRAM_1.NC,45,100,0,0,100,10000.0,715006.369000001,6,339.191736694941,6,267.875673628883,44,-315.820399022005,1538.6666666666667,31.56,UNAVAILABLE,30.06866666666667,60.0,072B393C-87F5-4183-9ABC-0870E4B4F53B,0.3666666666666667,DE045126-2C5E-4E72-8491-E202079EAC7C,0.7929999999999998,3500.0,1100.0,3.3,28.8,0.5,132.63333333333333,800.0,200.0,4.8,22.3,0.6,1600.0,200.0,6.5,22.2,0.1,6800.0,1400.0,4.9,24.7,0.5,1300.0,300.0,4.4,23.1,0.2,7000.0,1400.0,5.0,26.6,1.3
body_p1,14,Al6061_body14_p1,DE045126-2C5E-4E72-8491-E202079EAC7C,35,1028,2025-07-23 13:05:16.929539,20,0.0006680210239083,3148,1,45,30.001,AUTO,21,ARMED,100,24.95,5,2660019.188,14,000454_D_A_PROGRAM_1.NC,46,100,0,0,100,10000.0,715006.369000001,3,338.901154791351,10,240.000551373053,30,-315.820524889906,1053.0,8.976666666666667,UNAVAILABLE,30.069666666666663,60.0,072B393C-87F5-4183-9ABC-0870E4B4F53B,0.88,DE045126-2C5E-4E72-8491-E202079EAC7C,0.7929999999999998,3400.0,1100.0,3.1,28.8,0.5,133.96666666666667,600.0,100.0,4.6,22.3,0.5,2300.0,300.0,7.8,22.2,0.1,17500.0,2800.0,6.2,24.7,0.5,2200.0,300.0,7.0,23.1,0.2,5900.0,1600.0,3.6,26.6,1.3
body_p1,14,Al6061_body14_p1,DE045126-2C5E-4E72-8491-E202079EAC7C,35,1029,2025-07-23 13:05:17.929751,20,0.0006680210239083,3156,1,45,30.001,AUTO,21,ARMED,100,84.61667,5,2660019.188,14,000454_D_A_PROGRAM_1.NC,47,100,0,0,100,10000.0,715006.369000001,0,361.741728007508,2,222.994152682876,32,-313.423279169376,1096.0,9.44,UNAVAILABLE,30.07,60.0,072B393C-87F5-4183-9ABC-0870E4B4F53B,0.8233333333333333,DE045126-2C5E-4E72-8491-E202079EAC7C,0.7929999999999998,3600.0,1100.0,3.3,28.8,0.5,134.0,1000.0,200.0,4.4,22.3,0.2,600.0,200.0,3.8,22.2,0.1,4200.0,1300.0,3.2,24.7,0.5,1300.0,300.0,4.5,23.1,0.2,2700.0,1500.0,1.8,26.6,1.4
body_p1,14,Al6061_body14_p1,DE045126-2C5E-4E72-8491-E202079EAC7C,35,1030,2025-07-23 13:05:18.929982,20,0.0006680210239083,3164,1,45,30.001,AUTO,21,ARMED,100,25.01667,5,2660019.188,14,000454_D_A_PROGRAM_1.NC,48,100,0,0,100,10000.0,715006.369000001,5,363.874547021562,5,225.127225198106,29,-312.805862540227,1080.3333333333333,9.253333333333334,UNAVAILABLE,30.07,60.0,072B393C-87F5-4183-9ABC-0870E4B4F53B,0.9066666666666666,DE045126-2C5E-4E72-8491-E202079EAC7C,0.7929999999999998,3600.0,1100.0,3.3,28.8,0.5,133.96666666666667,800.0,200.0,4.7,22.3,0.6,1100.0,200.0,6.9,22.2,0.1,4700.0,1300.0,3.7,24.7,0.5,2100.0,300.0,7.0,23.1,0.2,8400.0,1400.0,5.8,26.6,1.3
body_p1,14,Al6061_body14_p1,DE045126-2C5E-4E72-8491-E202079EAC7C,35,1031,2025-07-23 13:05:19.930177,20,0.0006680210239083,3171,1,45,30.001,AUTO,21,ARMED,100,24.91667,5,2660019.188,14,000454_D_A_PROGRAM_1.NC,49,100,0,0,100,10000.0,715006.369000001,14,397.814033930774,5,225.729674397346,31,-315.820399022005,1052.0,8.953333333333333,UNAVAILABLE,30.07,60.0,072B393C-87F5-4183-9ABC-0870E4B4F53B,0.8933333333333334,DE045126-2C5E-4E72-8491-E202079EAC7C,0.7929999999999998,3600.0,1100.0,3.3,28.8,0.5,134.0,600.0,100.0,4.4,22.3,0.2,800.0,100.0,5.4,22.2,0.1,3100.0,1300.0,2.5,24.7,0.5,1600.0,300.0,5.7,23.1,0.2,6100.0,1600.0,3.9,26.6,1.3
body_p1,14,Al6061_body14_p1,DE045126-2C5E-4E72-8491-E202079EAC7C,35,1032,2025-07-23 13:05:20.930407,20,0.0006680210239083,3179,1,45,30.001,AUTO,21,ARMED,100,58.7,5,2660019.188,14,000454_D_A_PROGRAM_1.NC,50,100,0,0,100,10000.0,715006.369000001,6,422.422391639334,6,237.243707369522,29,-314.184493908823,1054.0,8.99,UNAVAILABLE,30.07033333333333,60.0,072B393C-87F5-4183-9ABC-0870E4B4F53B,0.8700000000000001,DE045126-2C5E-4E72-8491-E202079EAC7C,0.7929999999999998,3600.0,1100.0,3.3,28.8,0.5,134.0,900.0,200.0,4.2,22.3,0.4,600.0,200.0,3.4,22.2,0.2,5400.0,1300.0,4.2,24.7,0.5,1100.0,300.0,4.1,23.1,0.2,2600.0,1500.0,1.8,26.6,1.4
body_p1,14,Al6061_body14_p1,DE045126-2C5E-4E72-8491-E202079EAC7C,35,1033,2025-07-23 13:05:21.930574,20,0.0006680210239083,3186,1,45,30.001,AUTO,21,ARMED,100,11.88333,5,2660019.188,14,000454_D_A_PROGRAM_1.NC,51,100,0,0,100,10000.0,715006.369000001,4,424.555787367841,5,239.374805839576,40,-312.810954426055,1108.6666666666667,9.5,UNAVAILABLE,30.07133333333333,60.0,072B393C-87F5-4183-9ABC-0870E4B4F53B,0.8466666666666667,DE045126-2C5E-4E72-8491-E202079EAC7C,0.7929999999999998,4100.0,1100.0,3.8,28.8,0.5,133.9333333333333,900.0,200.0,4.5,22.3,0.5,500.0,100.0,3.9,22.2,0.1,6400.0,1300.0,5.1,24.7,0.5,1600.0,300.0,6.0,23.1,0.2,5100.0,1400.0,3.6,26.6,1.3
body_p1,14,Al6061_body14_p1,DE045126-2C5E-4E72-8491-E202079EAC7C,35,1034,2025-07-23 13:05:22.930794,20,0.0006680210239083,3194,1,45,30.001,AUTO,21,ARMED,100,25.03333,5,2660019.188,14,000454_D_A_PROGRAM_1.NC,52,100,0,0,100,10000.0,715006.369000001,10,424.903850194073,1,265.827175374593,32,-315.820387579469,1076.3333333333333,9.156666666666666,UNAVAILABLE,30.07133333333333,60.0,072B393C-87F5-4183-9ABC-0870E4B4F53B,0.89,DE045126-2C5E-4E72-8491-E202079EAC7C,0.7929999999999998,3700.0,1100.0,3.4,28.8,0.5,134.0,600.0,100.0,4.2,22.3,0.7,1700.0,300.0,6.6,22.2,0.1,15700.0,2600.0,6.1,24.7,0.5,2000.0,300.0,6.4,23.1,0.2,5600.0,1600.0,3.5,26.6,1.3
body_p1,14,Al6061_body14_p1,DE045126-2C5E-4E72-8491-E202079EAC7C,35,1035,2025-07-23 13:05:23.931061,20,0.0006680210239083,3203,1,45,30.001,AUTO,21,ARMED,100,17.86667,5,2660019.188,14,000454_D_A_PROGRAM_1.NC,53,100,0,0,100,10000.0,715006.369000001,5,397.848216484851,6,279.912613010496,23,-315.814288707524,1047.3333333333333,8.909999999999998,UNAVAILABLE,30.07133333333333,60.0,072B393C-87F5-4183-9ABC-0870E4B4F53B,0.8533333333333334,DE045126-2C5E-4E72-8491-E202079EAC7C,0.7929999999999998,3600.0,1100.0,3.3,28.8,0.5,133.96666666666667,600.0,100.0,4.1,22.3,0.4,600.0,200.0,3.7,22.2,0.1,3900.0,1300.0,3.1,24.7,0.5,1800.0,300.0,6.3,23.1,0.2,5600.0,1500.0,3.7,26.6,1.4
body_p1,14,Al6061_body14_p1,DE045126-2C5E-4E72-8491-E202079EAC7C,35,1036,2025-07-23 13:05:24.931271,20,0.0006680210239083,3210,1,45,30.001,AUTO,21,ARMED,100,51.01667,5,2660019.188,14,000454_D_A_PROGRAM_1.NC,54,100,0,1,100,10000.0,715006.369000001,34,394.282830294929,20,278.339302906597,40,-312.772095899601,1118.3333333333333,9.653333333333334,UNAVAILABLE,30.07166666666667,60.0,072B393C-87F5-4183-9ABC-0870E4B4F53B,0.8866666666666667,DE045126-2C5E-4E72-8491-E202079EAC7C,0.7929999999999998,3400.0,1100.0,3.1,28.8,0.5,133.96666666666667,900.0,200.0,3.7,22.3,0.5,600.0,200.0,3.7,22.2,0.1,4600.0,1400.0,3.3,24.7,0.5,2000.0,300.0,6.9,23.2,0.2,3600.0,1400.0,2.6,26.6,1.3
body_p1,14,Al6061_body14_p1,DE045126-2C5E-4E72-8491-E202079EAC7C,35,1037,2025-07-23 13:05:25.931499,20,0.0006680210239083,3216,1,45,30.001,AUTO,21,ARMED,100,25.31667,5,2660019.188,14,000454_D_A_PROGRAM_1.NC,55,100,0,0,100,10000.0,715006.369000001,7,369.827660697535,5,273.200935948477,32,-316.318275226861,1081.6666666666667,9.233333333333334,UNAVAILABLE,30.072333333333336,60.0,072B393C-87F5-4183-9ABC-0870E4B4F53B,0.89,DE045126-2C5E-4E72-8491-E202079EAC7C,0.7929999999999998,3600.0,1100.0,3.3,28.8,0.5,134.0,500.0,100.0,3.9,22.3,0.6,900.0,200.0,4.9,22.2,0.1,7000.0,1600.0,4.4,24.7,0.5,2300.0,300.0,7.6,23.2,0.2,7400.0,1500.0,5.1,26.7,1.3
body_p1,14,Al6061_body14_p1,DE045126-2C5E-4E72-8491-E202079EAC7C,35,1038,2025-07-23 13:05:26.931729,20,0.0006680210239083,3219,1,45,30.001,AUTO,21,ARMED,100,25.4,5,2660019.188,14,000454_D_A_PROGRAM_1.NC,56,100,0,0,100,10000.0,715006.369000001,8,346.089028674666,8,266.644149096176,31,-316.318240899252,1066.6666666666667,9.126666666666669,UNAVAILABLE,30.072666666666667,60.0,072B393C-87F5-4183-9ABC-0870E4B4F53B,0.85,DE045126-2C5E-4E72-8491-E202079EAC7C,0.7929999999999998,4100.0,1200.0,3.5,28.8,0.5,134.0,1300.0,600.0,2.0,22.3,0.4,600.0,200.0,3.6,22.2,0.1,4900.0,1200.0,4.0,24.7,0.5,1500.0,300.0,4.4,23.2,0.2,2700.0,1600.0,1.8,26.7,1.5
body_p1,14,Al6061_body14_p1,DE045126-2C5E-4E72-8491-E202079EAC7C,35,1039,2025-07-23 13:05:27.931953,20,0.0006680210239083,3219,1,45,30.001,AUTO,21,ARMED,100,25.4,5,2660019.188,14,000454_D_A_PROGRAM_1.NC,57,100,0,0,100,10000.0,715006.369000001,8,343.096059943885,7,243.298957141166,31,-316.318229456715,1066.3333333333333,9.083333333333334,UNAVAILABLE,30.073,60.0,072B393C-87F5-4183-9ABC-0870E4B4F53B,0.8766666666666666,DE045126-2C5E-4E72-8491-E202079EAC7C,0.7929999999999998,3600.0,1100.0,3.2,28.8,0.5,134.0,1400.0,700.0,2.0,22.3,0.2,600.0,200.0,4.0,22.2,0.1,4100.0,1300.0,3.2,24.7,0.5,1300.0,300.0,4.4,23.2,0.2,2500.0,1400.0,1.8,26.7,1.3
body_p1,14,Al6061_body14_p1,DE045126-2C5E-4E72-8491-E202079EAC7C,35,1040,2025-07-23 13:05:28.932167,20,0.0006680210239083,3219,1,45,30.001,AUTO,21,ARMED,100,25.4,5,2660019.188,14,000454_D_A_PROGRAM_1.NC,58,100,0,0,100,10000.0,715006.369000001,8,364.406681760707,7,230.967014699728,32,-316.318275226861,1073.0,9.15,UNAVAILABLE,30.073,60.0,072B393C-87F5-4183-9ABC-0870E4B4F53B,0.88,DE045126-2C5E-4E72-8491-E202079EAC7C,0.7929999999999998,4000.0,1100.0,3.5,28.8,0.5,133.9,1100.0,500.0,2.1,22.3,0.2,600.0,200.0,3.2,22.2,0.1,4100.0,1300.0,3.1,24.7,0.5,1100.0,300.0,3.8,23.2,0.2,2700.0,1500.0,1.8,26.7,1.5
body_p1,14,Al6061_body14_p1,DE045126-2C5E-4E72-8491-E202079EAC7C,35,1041,2025-07-23 13:05:29.932383,20,0.0006680210239083,3222,1,45,30.001,AUTO,21,ARMED,100,25.4,5,2660019.188,14,000454_D_A_PROGRAM_1.NC,59,100,0,0,100,10000.0,715006.369000001,9,389.087985144703,4,232.407514585989,32,-316.318286669398,1072.0,9.136666666666668,UNAVAILABLE,30.073333333333327,60.0,072B393C-87F5-4183-9ABC-0870E4B4F53B,0.8766666666666666,DE045126-2C5E-4E72-8491-E202079EAC7C,0.7929999999999998,4400.0,1300.0,3.4,28.8,0.6,133.93333333333334,1300.0,600.0,2.2,22.3,0.3,700.0,200.0,3.5,22.2,0.2,3800.0,1300.0,3.0,24.7,0.5,1200.0,300.0,3.8,23.2,0.2,2800.0,1600.0,1.8,26.7,1.5
body_p1,14,Al6061_body14_p1,DE045126-2C5E-4E72-8491-E202079EAC7C,35,1042,2025-07-23 13:05:30.932584,20,0.0006680210239083,3225,1,45,30.001,AUTO,21,ARMED,100,25.4,5,2660019.188,14,000454_D_A_PROGRAM_1.NC,0,100,0,0,100,10000.0,715006.369000001,8,411.560725296033,7,235.103865696637,33,-316.318355324617,1080.6666666666667,9.19,UNAVAILABLE,30.073333333333327,60.0,072B393C-87F5-4183-9ABC-0870E4B4F53B,0.8766666666666666,DE045126-2C5E-4E72-8491-E202079EAC7C,0.7929999999999998,4300.0,1300.0,3.3,28.8,0.6,133.93333333333334,1200.0,500.0,2.3,22.3,0.4,600.0,200.0,3.3,22.2,0.1,3800.0,1300.0,3.0,24.7,0.5,1100.0,300.0,3.2,23.2,0.2,2900.0,1500.0,1.9,26.7,1.5
body_p1,14,Al6061_body14_p1,DE045126-2C5E-4E72-8491-E202079EAC7C,35,1043,2025-07-23 13:05:31.932824,20,0.0006680210239083,3225,1,45,30.001,AUTO,21,ARMED,100,25.4,5,2660019.188,14,000454_D_A_PROGRAM_1.NC,1,100,0,0,100,10000.0,715006.369000001,6,419.317908276166,7,259.591190909622,31,-316.31834388208,1071.3333333333333,9.133333333333333,UNAVAILABLE,30.07433333333333,60.0,072B393C-87F5-4183-9ABC-0870E4B4F53B,0.8700000000000001,DE045126-2C5E-4E72-8491-E202079EAC7C,0.7929999999999998,4400.0,1300.0,3.4,28.8,0.5,133.96666666666667,1000.0,400.0,2.3,22.3,0.2,600.0,200.0,3.6,22.2,0.1,3500.0,1300.0,2.7,24.7,0.5,1400.0,300.0,4.3,23.2,0.2,2500.0,1400.0,1.8,26.7,1.4
body_p1,14,Al6061_body14_p1,DE045126-2C5E-4E72-8491-E202079EAC7C,35,1044,2025-07-23 13:05:32.933046,20,0.0006680210239083,3225,1,45,30.001,AUTO,21,ARMED,100,25.4,5,2660019.188,14,000454_D_A_PROGRAM_1.NC,2,100,0,0,100,10000.0,715006.369000001,9,400.923894266387,5,274.275539785277,31,-316.318309554471,1061.6666666666667,9.063333333333334,UNAVAILABLE,30.07433333333333,60.0,072B393C-87F5-4183-9ABC-0870E4B4F53B,0.8733333333333334,DE045126-2C5E-4E72-8491-E202079EAC7C,0.7929999999999998,4500.0,1200.0,3.9,28.8,0.5,133.96666666666667,900.0,400.0,2.4,22.3,0.2,700.0,200.0,3.8,22.2,0.1,3600.0,1300.0,2.8,24.7,0.5,1100.0,300.0,3.6,23.2,0.2,2600.0,1500.0,1.8,26.7,1.4
body_p1,14,Al6061_body14_p1,DE045126-2C5E-4E72-8491-E202079EAC7C,35,1045,2025-07-23 13:05:33.933271,20,0.0006680210239083,3232,1,45,30.001,AUTO,21,ARMED,100,25.35,5,2660019.188,14,000454_D_A_PROGRAM_1.NC,3,100,0,0,100,10000.0,715006.369000001,3,378.511977856901,17,271.274810732631,31,-316.318195129106,1064.6666666666667,9.09,UNAVAILABLE,30.07466666666667,60.0,072B393C-87F5-4183-9ABC-0870E4B4F53B,0.8700000000000001,DE045126-2C5E-4E72-8491-E202079EAC7C,0.7929999999999998,3700.0,1200.0,3.2,28.8,0.5,133.96666666666667,1300.0,600.0,2.3,22.3,0.3,600.0,200.0,3.3,22.2,0.2,3300.0,1300.0,2.6,24.7,0.5,1300.0,300.0,3.8,23.2,0.2,2900.0,1600.0,1.8,26.7,1.6
body_p1,15,Al6061_body15_p1,DE045126-2C5E-4E72-8491-E202079EAC7C,35,1028,2025-07-23 13:25:09.230691,20,0.0001678978379824,3119,1,45,30.001,AUTO,21,ARMED,100,0.0,5,2661100.339,15,000454_D_A_PROGRAM_1.NC,28,100,0,1,100,0.0,715726.579,4,12.4206062656161,3,503.598205937012,37,-99.8669982674121,627.0,5.466666666666666,UNAVAILABLE,30.443,60.0,072B393C-87F5-4183-9ABC-0870E4B4F53B,0.8233333333333333,DE045126-2C5E-4E72-8491-E202079EAC7C,0.8106666666666666,5100.0,500.0,9.6,31.3,0.2,132.7,500.0,100.0,6.8,22.4,0.2,900.0,100.0,8.5,22.5,0.1,2500.0,900.0,3.0,25.2,0.1,6200.0,500.0,12.7,23.5,0.1,2600.0,400.0,7.2,27.6,0.3
body_p1,15,Al6061_body15_p1,DE045126-2C5E-4E72-8491-E202079EAC7C,35,1029,2025-07-23 13:25:10.230944,20,0.0001678978379824,3121,1,45,30.001,AUTO,21,ARMED,100,633.3,5,2661100.339,15,000454_D_A_PROGRAM_1.NC,29,100,0,31,100,2011.17032550815,715726.579,25,335.313636395262,14,296.906673541601,37,-99.8670097108772,566.0,5.0633333333333335,UNAVAILABLE,30.44333333333333,60.0,072B393C-87F5-4183-9ABC-0870E4B4F53B,1.0,DE045126-2C5E-4E72-8491-E202079EAC7C,0.8106666666666666,3400.0,300.0,10.8,31.3,0.1,132.83333333333334,1500.0,200.0,7.1,22.4,0.3,2000.0,200.0,9.4,22.5,0.1,20900.0,3300.0,6.3,25.2,0.1,1800.0,200.0,11.5,23.5,0.1,600.0,100.0,5.3,27.6,0.2
body_p1,15,Al6061_body15_p1,DE045126-2C5E-4E72-8491-E202079EAC7C,35,1030,2025-07-23 13:25:11.231197,20,0.0006680210239083,3123,1,45,30.001,AUTO,21,ARMED,100,0.0,5,2661100.339,15,000454_D_A_PROGRAM_1.NC,30,100,0,16,100,5197.0637539465,715726.579,5,361.7417051195,5,279.991795517099,27,-312.772507792051,566.0,5.0633333333333335,UNAVAILABLE,30.44333333333333,60.0,072B393C-87F5-4183-9ABC-0870E4B4F53B,1.0,DE045126-2C5E-4E72-8491-E202079EAC7C,0.8106666666666666,6300.0,1800.0,3.5,31.3,0.1,132.83333333333334,500.0,100.0,6.2,22.4,0.2,4300.0,700.0,6.4,22.5,0.1,23700.0,3600.0,6.5,25.2,0.2,4200.0,600.0,6.7,23.5,0.0,14400.0,1600.0,9.2,27.6,0.2
body_p1,15,Al6061_body15_p1,DE045126-2C5E-4E72-8491-E202079EAC7C,35,1031,2025-07-23 13:25:12.231470,20,0.0006680210239083,3123,1,45,30.001,AUTO,21,ARMED,100,0.0,5,2661100.339,15,000454_D_A_PROGRAM_1.NC,31,100,0,11,100,7392.71581070331,715726.579,5,361.741682231493,5,279.991806961312,29,-312.772393366686,6052.333333333333,37.13,UNAVAILABLE,30.444333333333333,60.0,072B393C-87F5-4183-9ABC-0870E4B4F53B,1.0,DE045126-2C5E-4E72-8491-E202079EAC7C,0.8106666666666666,7900.0,2200.0,3.7,31.4,0.3,130.9,300.0,100.0,4.4,22.4,0.1,300.0,100.0,3.9,22.5,0.1,3200.0,1300.0,2.4,25.2,0.2,3500.0,300.0,10.3,23.5,0.1,2700.0,400.0,6.9,27.6,0.3
body_p1,15,Al6061_body15_p1,DE045126-2C5E-4E72-8491-E202079EAC7C,35,1032,2025-07-23 13:25:13.231741,20,0.0006680210239083,3123,1,45,30.001,AUTO,21,ARMED,100,0.0,5,2661100.339,15,000454_D_A_PROGRAM_1.NC,32,100,0,8,100,8622.00944008085,715726.579,5,361.741693675496,5,279.991795517099,30,-312.77238192415,5878.333333333333,48.77333333333333,UNAVAILABLE,30.448,60.0,072B393C-87F5-4183-9ABC-0870E4B4F53B,0.9266666666666667,DE045126-2C5E-4E72-8491-E202079EAC7C,0.8106666666666666,10200.0,2800.0,3.6,31.4,0.3,129.93333333333334,400.0,100.0,4.0,22.4,0.1,400.0,100.0,3.5,22.5,0.1,3800.0,1400.0,2.6,25.2,0.3,1300.0,300.0,4.2,23.5,0.1,1000.0,400.0,2.7,27.6,0.1
body_p1,15,Al6061_body15_p1,DE045126-2C5E-4E72-8491-E202079EAC7C,35,1033,2025-07-23 13:25:14.231995,20,0.0006680210239083,3128,1,45,30.001,AUTO,21,ARMED,100,25.03333,5,2661100.339,15,000454_D_A_PROGRAM_1.NC,33,100,0,5,100,10000.0,715726.579,3,361.107970513388,9,280.289894365486,31,-315.820341809323,5240.0,43.46,UNAVAILABLE,30.449666666666666,60.0,072B393C-87F5-4183-9ABC-0870E4B4F53B,0.8866666666666667,DE045126-2C5E-4E72-8491-E202079EAC7C,0.8106666666666666,8300.0,2200.0,3.8,31.4,0.3,130.33333333333334,300.0,100.0,3.4,22.4,0.1,500.0,100.0,4.7,22.5,0.1,3300.0,1300.0,2.6,25.2,0.2,1200.0,300.0,4.4,23.5,0.1,1600.0,500.0,2.9,27.6,0.4
body_p1,15,Al6061_body15_p1,DE045126-2C5E-4E72-8491-E202079EAC7C,35,1034,2025-07-23 13:25:15.232240,20,0.0006680210239083,3135,1,45,30.001,AUTO,21,ARMED,100,51.83333,5,2661100.339,15,000454_D_A_PROGRAM_1.NC,34,100,0,0,100,10000.0,715726.579,71,337.060837066789,38,265.74270664231,37,-312.895663812204,4678.333333333333,38.88333333333333,UNAVAILABLE,30.450333333333333,60.0,072B393C-87F5-4183-9ABC-0870E4B4F53B,0.8766666666666666,DE045126-2C5E-4E72-8491-E202079EAC7C,0.8106666666666666,7600.0,2200.0,3.4,31.4,0.6,130.5666666666667,600.0,200.0,3.9,22.4,0.4,600.0,200.0,3.8,22.5,0.1,4300.0,1700.0,2.6,25.2,0.7,1300.0,400.0,3.4,23.5,0.2,3500.0,1700.0,2.1,27.6,1.7
body_p1,15,Al6061_body15_p1,DE045126-2C5E-4E72-8491-E202079EAC7C,35,1035,2025-07-23 13:25:16.232488,20,0.0006680210239083,3142,1,45,30.001,AUTO,21,ARMED,100,25.35,5,2661100.339,15,000454_D_A_PROGRAM_1.NC,35,100,0,0,100,10000.0,715726.579,6,339.191507818206,6,267.876108510466,29,-312.8119384759,1041.0,8.936666666666667,UNAVAILABLE,30.451000000000004,60.0,072B393C-87F5-4183-9ABC-0870E4B4F53B,0.8266666666666667,DE045126-2C5E-4E72-8491-E202079EAC7C,0.8106666666666666,3400.0,1100.0,3.1,31.4,0.5,132.5,1000.0,200.0,4.0,22.4,0.5,500.0,100.0,3.8,22.5,0.1,4000.0,1300.0,3.2,25.2,0.5,1700.0,300.0,5.6,23.5,0.2,8700.0,2200.0,4.0,27.6,2.1
body_p1,15,Al6061_body15_p1,DE045126-2C5E-4E72-8491-E202079EAC7C,35,1036,2025-07-23 13:25:17.232748,20,0.0006680210239083,3150,1,45,30.001,AUTO,21,ARMED,100,25.03333,5,2661100.339,15,000454_D_A_PROGRAM_1.NC,36,100,0,0,100,10000.0,715726.579,16,336.218619134272,3,238.273370732143,32,-315.820399022005,1137.0,9.73,UNAVAILABLE,30.451000000000004,60.0,072B393C-87F5-4183-9ABC-0870E4B4F53B,0.9166666666666666,DE045126-2C5E-4E72-8491-E202079EAC7C,0.8106666666666666,3500.0,1100.0,3.2,31.4,0.5,132.5,500.0,100.0,4.3,22.4,0.7,2400.0,400.0,5.8,22.5,0.1,19300.0,3100.0,6.2,25.2,0.5,2300.0,400.0,6.3,23.5,0.2,6900.0,2300.0,3.0,27.6,2.1
body_p1,15,Al6061_body15_p1,DE045126-2C5E-4E72-8491-E202079EAC7C,35,1037,2025-07-23 13:25:18.233006,20,0.0006680210239083,3156,1,45,30.001,AUTO,21,ARMED,100,18.11667,5,2661100.339,15,000454_D_A_PROGRAM_1.NC,37,100,0,0,100,10000.0,715726.579,6,361.757589396967,7,222.982640623187,22,-315.748482680217,1069.3333333333333,9.03,UNAVAILABLE,30.451333333333334,60.0,072B393C-87F5-4183-9ABC-0870E4B4F53B,0.8933333333333334,DE045126-2C5E-4E72-8491-E202079EAC7C,0.8106666666666666,3700.0,1100.0,3.3,31.4,0.5,132.5,900.0,200.0,4.9,22.4,0.4,600.0,200.0,4.0,22.5,0.1,3900.0,1400.0,2.9,25.2,0.5,1200.0,300.0,4.4,23.5,0.2,5600.0,2300.0,2.4,27.6,2.2
body_p1,15,Al6061_body15_p1,DE045126-2C5E-4E72-8491-E202079EAC7C,35,1038,2025-07-23 13:25:19.233302,20,0.0006680210239083,3166,1,45,30.001,AUTO,21,ARMED,100,0.85,5,2661100.339,15,000454_D_A_PROGRAM_1.NC,38,100,0,0,100,10000.0,715726.579,1,377.387260664241,3,224.27503525267,40,-312.772130226921,1069.3333333333333,9.03,UNAVAILABLE,30.451333333333334,60.0,072B393C-87F5-4183-9ABC-0870E4B4F53B,0.8933333333333334,DE045126-2C5E-4E72-8491-E202079EAC7C,0.8106666666666666,3800.0,1100.0,3.4,31.4,0.5,132.5,900.0,300.0,3.5,22.4,0.5,600.0,100.0,4.1,22.5,0.1,7100.0,1300.0,5.6,25.2,0.5,3900.0,400.0,10.6,23.5,0.2,6100.0,2200.0,2.7,27.6,2.1
body_p1,15,Al6061_body15_p1,DE045126-2C5E-4E72-8491-E202079EAC7C,35,1039,2025-07-23 13:25:20.233597,20,0.0006680210239083,3172,1,45,30.001,AUTO,21,ARMED,100,25.03333,5,2661100.339,15,000454_D_A_PROGRAM_1.NC,39,100,0,0,100,10000.0,715726.579,11,399.116335353234,1,222.361909086401,32,-315.820410464541,1041.0,8.926666666666666,UNAVAILABLE,30.45166666666667,60.0,072B393C-87F5-4183-9ABC-0870E4B4F53B,0.8833333333333334,DE045126-2C5E-4E72-8491-E202079EAC7C,0.8106666666666666,4100.0,1100.0,3.6,31.4,0.5,132.56666666666666,600.0,100.0,4.7,22.4,0.1,600.0,100.0,4.1,22.5,0.1,4100.0,1300.0,3.2,25.2,0.5,1400.0,300.0,4.7,23.5,0.2,6500.0,2300.0,2.9,27.6,2.0
body_p1,15,Al6061_body15_p1,DE045126-2C5E-4E72-8491-E202079EAC7C,35,1040,2025-07-23 13:25:21.233896,20,0.0006680210239083,3180,1,45,30.001,AUTO,21,ARMED,100,20.43333,5,2661100.339,15,000454_D_A_PROGRAM_1.NC,40,100,0,0,100,10000.0,715726.579,6,423.738629833233,6,236.625034217392,27,-315.820410464541,1104.0,9.596666666666666,UNAVAILABLE,30.45233333333333,60.0,072B393C-87F5-4183-9ABC-0870E4B4F53B,0.8733333333333334,DE045126-2C5E-4E72-8491-E202079EAC7C,0.8106666666666666,4100.0,1100.0,3.7,31.4,0.5,132.5,500.0,100.0,4.2,22.4,0.4,600.0,200.0,3.6,22.5,0.1,6700.0,1300.0,5.2,25.2,0.5,1800.0,300.0,6.3,23.5,0.2,7100.0,2400.0,3.0,27.6,2.2
body_p1,15,Al6061_body15_p1,DE045126-2C5E-4E72-8491-E202079EAC7C,35,1041,2025-07-23 13:25:23.851386,20,0.0006680210239083,3199,1,45,30.001,AUTO,21,ARMED,100,97.13333,5,2661100.339,15,000454_D_A_PROGRAM_1.NC,43,100,0,0,100,10000.0,715726.579,0,397.745627876028,5,279.989218480202,32,-312.810691536291,1104.0,9.596666666666666,UNAVAILABLE,30.45233333333333,60.0,072B393C-87F5-4183-9ABC-0870E4B4F53B,0.8733333333333334,DE045126-2C5E-4E72-8491-E202079EAC7C,0.8106666666666666,3600.0,1100.0,3.2,31.4,0.5,132.5,900.0,100.0,5.8,22.4,0.5,1300.0,200.0,6.3,22.5,0.1,6400.0,1700.0,3.7,25.2,0.5,1000.0,300.0,3.4,23.5,0.2,4700.0,2200.0,2.1,27.6,2.1
body_p1,15,Al6061_body15_p1,DE045126-2C5E-4E72-8491-E202079EAC7C,35,1042,2025-07-23 13:25:24.851700,20,0.0006680210239083,3208,1,45,30.001,AUTO,21,ARMED,100,19.56667,5,2661100.339,15,000454_D_A_PROGRAM_1.NC,43,100,0,1,100,10000.0,715726.579,9,399.874833568686,8,282.125099494384,30,-313.918456757312,1071.3333333333333,9.213333333333331,UNAVAILABLE,30.453333333333333,60.0,072B393C-87F5-4183-9ABC-0870E4B4F53B,0.9133333333333332,DE045126-2C5E-4E72-8491-E202079EAC7C,0.8106666666666666,3800.0,1100.0,3.4,31.4,0.5,132.53333333333333,1000.0,300.0,3.6,22.4,0.5,700.0,200.0,4.3,22.5,0.1,6600.0,1400.0,4.8,25.2,0.5,2200.0,300.0,6.9,23.5,0.2,4600.0,2200.0,2.1,27.6,2.1
body_p1,15,Al6061_body15_p1,DE045126-2C5E-4E72-8491-E202079EAC7C,35,1043,2025-07-23 13:25:25.851959,20,0.0006680210239083,3216,1,45,30.001,AUTO,21,ARMED,100,25.4,5,2661100.339,15,000454_D_A_PROGRAM_1.NC,45,100,0,0,100,10000.0,715726.579,8,374.954012854637,6,272.885017366651,32,-316.318401094762,1053.0,9.056666666666668,UNAVAILABLE,30.453333333333333,60.0,072B393C-87F5-4183-9ABC-0870E4B4F53B,0.8833333333333334,DE045126-2C5E-4E72-8491-E202079EAC7C,0.8106666666666666,3600.0,1100.0,3.2,31.4,0.5,132.46666666666667,500.0,100.0,4.0,22.4,0.5,1100.0,200.0,5.8,22.5,0.1,7600.0,1600.0,4.7,25.2,0.5,3600.0,300.0,10.6,23.5,0.2,7500.0,2300.0,3.2,27.6,2.1
body_p1,15,Al6061_body15_p1,DE045126-2C5E-4E72-8491-E202079EAC7C,35,1044,2025-07-23 13:25:26.852200,20,0.0006680210239083,3219,1,45,30.001,AUTO,21,ARMED,100,25.4,5,2661100.339,15,000454_D_A_PROGRAM_1.NC,45,100,0,0,100,10000.0,715726.579,8,350.945575572413,8,270.9211941576,32,-316.31837820969,1049.3333333333333,9.016666666666666,UNAVAILABLE,30.454000000000004,60.0,072B393C-87F5-4183-9ABC-0870E4B4F53B,0.8300000000000001,DE045126-2C5E-4E72-8491-E202079EAC7C,0.8106666666666666,3800.0,1200.0,3.2,31.4,0.6,132.5,1400.0,700.0,2.1,22.4,0.4,600.0,200.0,3.3,22.5,0.1,4700.0,1200.0,3.9,25.2,0.5,1200.0,300.0,3.6,23.5,0.2,3900.0,2400.0,1.7,27.6,2.3
body_p1,15,Al6061_body15_p1,DE045126-2C5E-4E72-8491-E202079EAC7C,35,1045,2025-07-23 13:25:27.852508,20,0.0006680210239083,3219,1,45,30.001,AUTO,21,ARMED,100,25.4,5,2661100.339,15,000454_D_A_PROGRAM_1.NC,47,100,0,0,100,10000.0,715726.579,7,342.126097981667,7,245.69249788197,32,-316.31837820969,1061.6666666666667,9.13,UNAVAILABLE,30.454000000000004,60.0,072B393C-87F5-4183-9ABC-0870E4B4F53B,0.8833333333333334,DE045126-2C5E-4E72-8491-E202079EAC7C,0.8106666666666666,4000.0,1200.0,3.4,31.4,0.5,132.53333333333333,1700.0,800.0,2.2,22.4,0.3,600.0,200.0,3.7,22.5,0.1,4000.0,1300.0,3.1,25.2,0.5,1200.0,300.0,3.8,23.5,0.2,3800.0,2300.0,1.7,27.6,2.2
body_p1,15,Al6061_body15_p1,DE045126-2C5E-4E72-8491-E202079EAC7C,35,1046,2025-07-23 13:25:28.852813,20,0.0006680210239083,3219,1,45,30.001,AUTO,21,ARMED,100,25.4,5,2661100.339,15,000454_D_A_PROGRAM_1.NC,48,100,0,0,100,10000.0,715726.579,7,357.945843453076,5,231.436298143678,33,-316.318286669398,1066.0,9.173333333333334,UNAVAILABLE,30.454333333333334,60.0,072B393C-87F5-4183-9ABC-0870E4B4F53B,0.8733333333333334,DE045126-2C5E-4E72-8491-E202079EAC7C,0.8106666666666666,4100.0,1200.0,3.5,31.4,0.5,132.53333333333333,1200.0,600.0,1.9,22.4,0.2,600.0,200.0,3.4,22.5,0.1,4200.0,1400.0,3.0,25.2,0.5,1100.0,300.0,3.7,23.5,0.2,3800.0,2200.0,1.7,27.6,2.1
body_p1,15,Al6061_body15_p1,DE045126-2C5E-4E72-8491-E202079EAC7C,35,1047,2025-07-23 13:25:29.853068,20,0.0006680210239083,3222,1,45,30.001,AUTO,21,ARMED,100,25.4,5,2661100.339,15,000454_D_A_PROGRAM_1.NC,49,100,0,0,100,10000.0,715726.579,7,383.900225097234,4,232.407537473955,31,-316.318286669398,1053.0,9.046666666666669,UNAVAILABLE,30.454666666666668,60.0,072B393C-87F5-4183-9ABC-0870E4B4F53B,0.8700000000000001,DE045126-2C5E-4E72-8491-E202079EAC7C,0.8106666666666666,4300.0,1300.0,3.2,31.4,0.6,132.53333333333333,1500.0,700.0,2.0,22.4,0.3,700.0,200.0,3.7,22.5,0.1,3300.0,1300.0,2.6,25.2,0.5,1200.0,300.0,3.7,23.5,0.2,4000.0,2400.0,1.7,27.6,2.3
body_p1,15,Al6061_body15_p1,DE045126-2C5E-4E72-8491-E202079EAC7C,35,1048,2025-07-23 13:25:30.853314,20,0.0006680210239083,3225,1,45,30.001,AUTO,21,ARMED,100,25.4,5,2661100.339,15,000454_D_A_PROGRAM_1.NC,50,100,0,0,100,10000.0,715726.579,8,408.249057821697,7,233.104991003422,33,-316.318195129106,1071.0,9.206666666666663,UNAVAILABLE,30.455,60.0,072B393C-87F5-4183-9ABC-0870E4B4F53B,0.8866666666666667,DE045126-2C5E-4E72-8491-E202079EAC7C,0.8106666666666666,6400.0,1400.0,4.6,31.4,0.6,132.53333333333333,1300.0,600.0,2.3,22.4,0.4,600.0,200.0,2.9,22.5,0.1,4100.0,1400.0,2.9,25.2,0.5,1200.0,400.0,3.5,23.5,0.2,3800.0,2300.0,1.6,27.6,2.2
body_p1,15,Al6061_body15_p1,DE045126-2C5E-4E72-8491-E202079EAC7C,35,1049,2025-07-23 13:25:31.853556,20,0.0006680210239083,3225,1,45,30.001,AUTO,21,ARMED,100,25.4,5,2661100.339,15,000454_D_A_PROGRAM_1.NC,51,100,0,0,100,10000.0,715726.579,7,420.375796862872,6,254.538187349732,32,-316.318275226861,1061.6666666666667,9.143333333333333,UNAVAILABLE,30.455666666666666,60.0,072B393C-87F5-4183-9ABC-0870E4B4F53B,0.8700000000000001,DE045126-2C5E-4E72-8491-E202079EAC7C,0.8106666666666666,4100.0,1300.0,3.1,31.4,0.6,132.5,1300.0,600.0,2.3,22.4,0.2,600.0,200.0,3.4,22.5,0.1,3400.0,1300.0,2.6,25.2,0.5,1300.0,300.0,3.7,23.5,0.2,3700.0,2300.0,1.6,27.6,2.2
body_p1,15,Al6061_body15_p1,DE045126-2C5E-4E72-8491-E202079EAC7C,35,1050,2025-07-23 13:25:32.853851,20,0.0006680210239083,3225,1,45,30.001,AUTO,21,ARMED,100,25.4,5,2661100.339,15,000454_D_A_PROGRAM_1.NC,52,100,0,1,100,10000.0,715726.579,8,405.966978149522,6,273.143131030643,33,-316.318275226861,1064.0,9.13,UNAVAILABLE,30.455666666666666,60.0,072B393C-87F5-4183-9ABC-0870E4B4F53B,0.88,DE045126-2C5E-4E72-8491-E202079EAC7C,0.8106666666666666,3800.0,1100.0,3.3,31.4,0.5,132.53333333333333,900.0,400.0,2.1,22.4,0.2,600.0,200.0,3.4,22.5,0.1,4000.0,1400.0,3.0,25.2,0.5,1200.0,300.0,3.6,23.5,0.2,3700.0,2200.0,1.7,27.6,2.1
body_p1,15,Al6061_body15_p1,DE045126-2C5E-4E72-8491-E202079EAC7C,35,1051,2025-07-23 13:25:33.854144,20,0.0006680210239083,3230,1,45,30.001,AUTO,21,ARMED,100,25.4,5,2661100.339,15,000454_D_A_PROGRAM_1.NC,53,100,0,1,100,10000.0,715726.579,8,381.423464817511,4,272.884825316436,31,-316.318366767153,1061.0,9.11,UNAVAILABLE,30.456,60.0,072B393C-87F5-4183-9ABC-0870E4B4F53B,0.8833333333333334,DE045126-2C5E-4E72-8491-E202079EAC7C,0.8106666666666666,3600.0,1200.0,3.1,31.4,0.5,132.53333333333333,1300.0,600.0,2.1,22.4,0.2,600.0,200.0,3.2,22.5,0.2,3200.0,1300.0,2.5,25.2,0.5,1400.0,300.0,4.2,23.5,0.2,4000.0,2400.0,1.6,27.6,2.3
body_p1,16,Al6061_body16_p1,DE045126-2C5E-4E72-8491-E202079EAC7C,33,1014,2025-07-29 10:29:18.952378,7,0.0006680210239097,3121,1,3,30.001,AUTO,21,ARMED,100,315.3667,5,2701811.776,25,000454_D_A_PROGRAM_1.NC,25,100,0,26,100,468.685192866028,733020.225000001,81,61.8764464787175,45,471.940903528952,37,-99.8669982674121,578.6666666666666,5.173333333333333,UNAVAILABLE,38.922666666666665,60.0,072B393C-87F5-4183-9ABC-0870E4B4F53B,1.0,DE045126-2C5E-4E72-8491-E202079EAC7C,1.1096666666666666,4500.0,1000.0,4.3,25.7,0.1,132.53333333333333,1200.0,400.0,3.2,22.2,0.3,4600.0,1000.0,4.7,21.1,0.1,26300.0,8000.0,3.3,23.8,0.3,2700.0,500.0,5.2,22.1,0.1,700.0,200.0,4.4,24.8,0.1
body_p1,16,Al6061_body16_p1,DE045126-2C5E-4E72-8491-E202079EAC7C,33,1015,2025-07-29 10:29:19.952527,7,0.0006680210239097,3122,1,3,30.001,AUTO,21,ARMED,100,369.0833,5,2701811.776,25,000454_D_A_PROGRAM_1.NC,26,100,0,20,100,4016.27236626715,733020.225000001,5,361.741728007508,6,279.991703963399,20,-186.228135155,1028.6666666666667,12.32,UNAVAILABLE,38.922666666666665,60.0,072B393C-87F5-4183-9ABC-0870E4B4F53B,1.0,DE045126-2C5E-4E72-8491-E202079EAC7C,1.1096666666666666,10100.0,2600.0,3.9,25.7,0.2,132.33333333333334,300.0,100.0,3.8,22.2,0.1,1800.0,400.0,4.9,21.1,0.1,4500.0,1400.0,3.2,23.8,0.2,24400.0,5100.0,4.8,22.1,0.1,54100.0,14000.0,3.9,24.8,1.3
body_p1,16,Al6061_body16_p1,DE045126-2C5E-4E72-8491-E202079EAC7C,33,1016,2025-07-29 10:29:20.952679,7,0.0006680210239097,3123,1,3,30.001,AUTO,21,ARMED,100,0.0,5,2701811.776,25,000454_D_A_PROGRAM_1.NC,27,100,0,13,100,6228.10741792034,733020.225000001,5,361.741693675496,5,279.991806961312,29,-312.772416251759,6048.666666666667,50.78666666666667,UNAVAILABLE,38.92366666666667,60.0,072B393C-87F5-4183-9ABC-0870E4B4F53B,0.91,DE045126-2C5E-4E72-8491-E202079EAC7C,1.1096666666666666,9900.0,2700.0,3.7,25.7,0.2,129.6,200.0,100.0,3.8,22.2,0.1,300.0,100.0,3.6,21.1,0.1,3000.0,1300.0,2.3,23.8,0.2,1100.0,300.0,4.0,22.1,0.1,800.0,300.0,2.5,24.8,0.1
body_p1,16,Al6061_body16_p1,DE045126-2C5E-4E72-8491-E202079EAC7C,33,1017,2025-07-29 10:29:21.952973,7,0.0006680210239097,3123,1,3,30.001,AUTO,21,ARMED,100,0.0,5,2701811.776,25,000454_D_A_PROGRAM_1.NC,28,100,0,9,100,8035.96215768399,733020.225000001,5,361.741682231493,5,279.991795517099,29,-312.772359039077,5794.0,48.173333333333325,UNAVAILABLE,38.926,60.0,072B393C-87F5-4183-9ABC-0870E4B4F53B,0.94,DE045126-2C5E-4E72-8491-E202079EAC7C,1.1096666666666666,9900.0,2900.0,3.5,25.7,0.2,129.76666666666665,300.0,100.0,3.5,22.2,0.1,400.0,100.0,3.2,21.1,0.1,3400.0,1300.0,2.5,23.8,0.2,1000.0,300.0,4.0,22.1,0.1,1100.0,300.0,3.4,24.8,0.2
body_p1,16,Al6061_body16_p1,DE045126-2C5E-4E72-8491-E202079EAC7C,33,1018,2025-07-29 10:29:22.953123,7,0.0006680210239097,3123,1,3,30.001,AUTO,21,ARMED,100,0.0,5,2701811.776,25,000454_D_A_PROGRAM_1.NC,29,100,0,7,100,10000.0,733020.225000001,5,361.7417051195,5,279.991806961312,30,-312.772416251759,5845.0,48.60666666666666,UNAVAILABLE,38.92733333333333,60.0,072B393C-87F5-4183-9ABC-0870E4B4F53B,0.9066666666666668,DE045126-2C5E-4E72-8491-E202079EAC7C,1.1096666666666666,8000.0,2200.0,3.6,25.7,0.4,129.66666666666666,700.0,200.0,4.9,22.2,0.5,400.0,100.0,3.9,21.1,0.1,3600.0,1200.0,3.1,23.8,0.3,2200.0,300.0,7.5,22.1,0.1,4400.0,700.0,6.0,24.8,0.6
body_p1,16,Al6061_body16_p1,DE045126-2C5E-4E72-8491-E202079EAC7C,33,1019,2025-07-29 10:29:23.953411,7,0.0006680210239097,3131,1,3,30.001,AUTO,21,ARMED,100,15.65,5,2701811.776,25,000454_D_A_PROGRAM_1.NC,30,100,0,0,100,10000.0,733020.225000001,5,363.872751694895,6,282.125488597948,29,-312.812659349624,4982.333333333333,41.45,UNAVAILABLE,38.928333333333335,60.0,072B393C-87F5-4183-9ABC-0870E4B4F53B,0.9066666666666668,DE045126-2C5E-4E72-8491-E202079EAC7C,1.1096666666666666,7000.0,1700.0,4.1,25.7,0.5,130.20000000000002,500.0,100.0,3.8,22.2,0.4,1500.0,200.0,6.2,21.1,0.1,9100.0,2200.0,4.2,23.8,0.6,1700.0,300.0,5.0,22.1,0.2,5800.0,1700.0,3.4,24.8,1.4
body_p1,16,Al6061_body16_p1,DE045126-2C5E-4E72-8491-E202079EAC7C,33,1020,2025-07-29 10:29:24.953623,7,0.0006680210239097,3139,1,3,30.001,AUTO,21,ARMED,100,25.03333,5,2701811.776,25,000454_D_A_PROGRAM_1.NC,31,100,0,0,100,10000.0,733020.225000001,15,337.925922464552,2,268.716752617465,31,-315.820547774979,2892.333333333333,27.296666666666667,UNAVAILABLE,38.92933333333334,60.0,072B393C-87F5-4183-9ABC-0870E4B4F53B,0.5966666666666667,DE045126-2C5E-4E72-8491-E202079EAC7C,1.1096666666666666,3600.0,1100.0,3.2,25.7,0.5,131.23333333333335,1000.0,300.0,4.0,22.2,0.4,600.0,200.0,3.7,21.1,0.1,4300.0,1400.0,3.1,23.8,0.5,1100.0,300.0,3.9,22.1,0.2,2800.0,1600.0,1.8,24.8,1.5
body_p1,16,Al6061_body16_p1,DE045126-2C5E-4E72-8491-E202079EAC7C,33,1021,2025-07-29 10:29:25.953818,7,0.0006680210239097,3145,1,3,30.001,AUTO,21,ARMED,100,2.933333,5,2701811.776,25,000454_D_A_PROGRAM_1.NC,32,100,0,0,100,10000.0,733020.225000001,5,337.060459420175,7,237.243934896969,30,-313.034896596113,1056.3333333333333,9.1,UNAVAILABLE,38.92933333333334,60.0,072B393C-87F5-4183-9ABC-0870E4B4F53B,0.89,DE045126-2C5E-4E72-8491-E202079EAC7C,1.1096666666666666,3800.0,1100.0,3.3,25.7,0.5,132.26666666666668,900.0,200.0,4.0,22.2,0.6,500.0,100.0,4.0,21.1,0.1,6500.0,1400.0,4.7,23.8,0.5,2500.0,300.0,7.6,22.1,0.2,4600.0,1600.0,2.9,24.8,1.5
body_p1,16,Al6061_body16_p1,DE045126-2C5E-4E72-8491-E202079EAC7C,33,1022,2025-07-29 10:29:26.954107,7,0.0006680210239097,3153,1,3,30.001,AUTO,21,ARMED,100,14.21667,5,2701811.776,25,000454_D_A_PROGRAM_1.NC,33,100,0,0,100,10000.0,733020.225000001,0,339.191484930532,2,239.37478295161,33,-312.839320234971,1065.3333333333333,9.19,UNAVAILABLE,38.92966666666667,60.0,072B393C-87F5-4183-9ABC-0870E4B4F53B,0.7933333333333333,DE045126-2C5E-4E72-8491-E202079EAC7C,1.1096666666666666,3500.0,1100.0,3.1,25.7,0.5,132.23333333333335,600.0,100.0,4.9,22.2,0.5,1500.0,300.0,5.6,21.1,0.1,9800.0,2000.0,5.0,23.8,0.5,1600.0,300.0,5.5,22.1,0.2,6500.0,1800.0,3.6,24.8,1.5
body_p1,16,Al6061_body16_p1,DE045126-2C5E-4E72-8491-E202079EAC7C,33,1023,2025-07-29 10:29:27.954306,7,0.0006680210239097,3161,1,3,30.001,AUTO,21,ARMED,100,25.03333,5,2701811.776,25,000454_D_A_PROGRAM_1.NC,34,100,0,0,100,10000.0,733020.225000001,11,361.862485137069,0,222.537927239817,31,-315.820364694396,1057.3333333333333,9.08,UNAVAILABLE,38.93033333333333,60.0,072B393C-87F5-4183-9ABC-0870E4B4F53B,0.8766666666666666,DE045126-2C5E-4E72-8491-E202079EAC7C,1.1096666666666666,3700.0,1100.0,3.3,25.7,0.5,132.23333333333335,900.0,200.0,4.8,22.2,0.4,500.0,200.0,3.3,21.1,0.1,4200.0,1400.0,3.0,23.8,0.5,1200.0,300.0,4.3,22.1,0.2,5800.0,1700.0,3.4,24.8,1.6
body_p1,16,Al6061_body16_p1,DE045126-2C5E-4E72-8491-E202079EAC7C,33,1024,2025-07-29 10:29:28.954609,7,0.0006680210239097,3168,1,3,30.001,AUTO,21,ARMED,100,22.38333,5,2701811.776,25,000454_D_A_PROGRAM_1.NC,35,100,0,0,100,10000.0,733020.225000001,6,397.741172245794,6,222.99409546588,16,-314.798157140337,1044.6666666666667,8.983333333333334,UNAVAILABLE,38.931,60.0,072B393C-87F5-4183-9ABC-0870E4B4F53B,0.8566666666666666,DE045126-2C5E-4E72-8491-E202079EAC7C,1.1096666666666666,3700.0,1100.0,3.3,25.7,0.5,132.16666666666666,1000.0,200.0,4.1,22.2,0.5,500.0,100.0,3.7,21.1,0.1,4000.0,1400.0,2.9,23.8,0.5,1800.0,300.0,6.3,22.1,0.2,5900.0,1600.0,3.7,24.8,1.5
body_p1,16,Al6061_body16_p1,DE045126-2C5E-4E72-8491-E202079EAC7C,33,1025,2025-07-29 10:29:29.954755,7,0.0006680210239097,3175,1,3,30.001,AUTO,21,ARMED,100,12.76667,5,2701811.776,25,000454_D_A_PROGRAM_1.NC,36,100,0,0,100,10000.0,733020.225000001,16,399.87803986368,12,225.127792861686,42,-312.804100404457,1144.0,9.966666666666669,UNAVAILABLE,38.931,60.0,072B393C-87F5-4183-9ABC-0870E4B4F53B,0.9233333333333332,DE045126-2C5E-4E72-8491-E202079EAC7C,1.1096666666666666,4400.0,1100.0,3.9,25.7,0.5,132.20000000000002,500.0,100.0,4.1,22.2,0.4,1200.0,200.0,5.6,21.1,0.1,7900.0,1600.0,4.9,23.8,0.5,1700.0,300.0,5.6,22.1,0.2,6300.0,1700.0,3.7,24.8,1.5
body_p1,16,Al6061_body16_p1,DE045126-2C5E-4E72-8491-E202079EAC7C,33,1026,2025-07-29 10:29:30.955035,7,0.0006680210239097,3183,1,3,30.001,AUTO,21,ARMED,100,25.03333,5,2701811.776,25,000454_D_A_PROGRAM_1.NC,37,100,0,0,100,10000.0,733020.225000001,1,423.31482073026,13,236.577457762335,32,-315.820353251859,1071.0,9.233333333333333,UNAVAILABLE,38.932,60.0,072B393C-87F5-4183-9ABC-0870E4B4F53B,0.8866666666666667,DE045126-2C5E-4E72-8491-E202079EAC7C,1.1096666666666666,3700.0,1100.0,3.3,25.8,0.5,132.20000000000002,500.0,100.0,4.1,22.2,0.4,600.0,200.0,3.6,21.1,0.1,3500.0,1400.0,2.6,23.8,0.5,1600.0,300.0,6.0,22.1,0.2,6100.0,1700.0,3.5,24.8,1.6
body_p1,16,Al6061_body16_p1,DE045126-2C5E-4E72-8491-E202079EAC7C,33,1027,2025-07-29 10:29:31.955316,7,0.0006680210239097,3191,1,3,30.001,AUTO,21,ARMED,100,17.28333,5,2701811.776,25,000454_D_A_PROGRAM_1.NC,38,100,0,0,100,10000.0,733020.225000001,6,422.45972832051,5,265.716808253712,32,-315.791575272608,1051.0,9.03,UNAVAILABLE,38.932,60.0,072B393C-87F5-4183-9ABC-0870E4B4F53B,0.8700000000000001,DE045126-2C5E-4E72-8491-E202079EAC7C,1.1096666666666666,3700.0,1100.0,3.2,25.8,0.5,132.20000000000002,900.0,200.0,3.5,22.2,0.5,600.0,200.0,3.9,21.1,0.1,4300.0,1400.0,3.1,23.8,0.5,1400.0,300.0,5.3,22.1,0.2,4000.0,1600.0,2.5,24.8,1.5
body_p1,16,Al6061_body16_p1,DE045126-2C5E-4E72-8491-E202079EAC7C,33,1028,2025-07-29 10:29:32.955468,7,0.0006680210239097,3199,1,3,30.001,AUTO,21,ARMED,100,130.75,5,2701811.776,25,000454_D_A_PROGRAM_1.NC,39,100,0,1,100,10000.0,733020.225000001,75,410.947179553132,30,274.025425653569,39,-312.772153111801,1116.6666666666667,9.733333333333333,UNAVAILABLE,38.932,60.0,072B393C-87F5-4183-9ABC-0870E4B4F53B,0.8666666666666667,DE045126-2C5E-4E72-8491-E202079EAC7C,1.1096666666666666,3800.0,1100.0,3.3,25.8,0.5,132.20000000000002,900.0,200.0,5.9,22.2,0.5,1000.0,200.0,4.9,21.1,0.1,7300.0,1800.0,4.1,23.8,0.5,1700.0,300.0,5.9,22.1,0.2,8300.0,1700.0,5.0,24.8,1.5
body_p1,16,Al6061_body16_p1,DE045126-2C5E-4E72-8491-E202079EAC7C,33,1029,2025-07-29 10:29:33.955670,7,0.0006680210239097,3205,1,3,30.001,AUTO,21,ARMED,100,25.03333,5,2701811.776,25,000454_D_A_PROGRAM_1.NC,40,100,0,1,100,10000.0,733020.225000001,17,400.172560707413,5,281.725535911494,32,-315.82047911976,1082.6666666666667,9.339999999999998,UNAVAILABLE,38.93233333333333,60.0,072B393C-87F5-4183-9ABC-0870E4B4F53B,0.8933333333333334,DE045126-2C5E-4E72-8491-E202079EAC7C,1.1096666666666666,3800.0,1100.0,3.4,25.8,0.5,132.20000000000002,400.0,100.0,3.7,22.2,0.5,500.0,100.0,3.4,21.1,0.1,6900.0,1500.0,4.7,23.8,0.5,1600.0,300.0,5.5,22.1,0.2,6100.0,1800.0,3.4,24.8,1.5
body_p1,16,Al6061_body16_p1,DE045126-2C5E-4E72-8491-E202079EAC7C,33,1030,2025-07-29 10:29:34.955957,7,0.0006680210239097,3216,1,3,30.001,AUTO,21,ARMED,100,25.31667,5,2701811.776,25,000454_D_A_PROGRAM_1.NC,41,100,0,0,100,10000.0,733020.225000001,19,379.443234552325,4,272.884502375302,30,-316.318469749981,1058.3333333333333,9.106666666666667,UNAVAILABLE,38.933,60.0,072B393C-87F5-4183-9ABC-0870E4B4F53B,0.8866666666666667,DE045126-2C5E-4E72-8491-E202079EAC7C,1.1096666666666666,4500.0,1200.0,3.8,25.8,0.6,132.20000000000002,1300.0,600.0,2.0,22.2,0.4,600.0,200.0,3.7,21.1,0.1,3400.0,1400.0,2.5,23.8,0.5,1500.0,300.0,4.7,22.1,0.2,3600.0,1700.0,2.1,24.8,1.6
body_p1,16,Al6061_body16_p1,DE045126-2C5E-4E72-8491-E202079EAC7C,33,1031,2025-07-29 10:29:35.956152,7,0.0006680210239097,3219,1,3,30.001,AUTO,21,ARMED,100,25.4,5,2701811.776,25,000454_D_A_PROGRAM_1.NC,42,100,0,0,100,10000.0,733020.225000001,8,354.930353871716,9,272.943431435752,30,-316.318195129106,1050.3333333333333,9.03,UNAVAILABLE,38.933,60.0,072B393C-87F5-4183-9ABC-0870E4B4F53B,0.82,DE045126-2C5E-4E72-8491-E202079EAC7C,1.1096666666666666,4200.0,1200.0,3.5,25.8,0.5,132.23333333333335,1300.0,700.0,1.9,22.2,0.2,600.0,200.0,3.7,21.1,0.1,3800.0,1400.0,2.7,23.8,0.5,1300.0,300.0,3.7,22.1,0.2,3000.0,1700.0,1.8,24.8,1.6
body_p1,16,Al6061_body16_p1,DE045126-2C5E-4E72-8491-E202079EAC7C,33,1032,2025-07-29 10:29:36.956344,7,0.0006680210239097,3219,1,3,30.001,AUTO,21,ARMED,100,25.4,5,2701811.776,25,000454_D_A_PROGRAM_1.NC,43,100,0,0,100,10000.0,733020.225000001,6,340.981934938844,7,252.641287043605,32,-316.318160801496,1073.6666666666667,9.233333333333334,UNAVAILABLE,38.933,60.0,072B393C-87F5-4183-9ABC-0870E4B4F53B,0.8766666666666666,DE045126-2C5E-4E72-8491-E202079EAC7C,1.1096666666666666,4400.0,1200.0,3.8,25.8,0.5,132.23333333333335,1100.0,600.0,1.9,22.2,0.2,700.0,200.0,3.5,21.1,0.1,4200.0,1500.0,2.8,23.8,0.5,1300.0,300.0,4.4,22.1,0.2,2700.0,1500.0,1.8,24.8,1.5
body_p1,16,Al6061_body16_p1,DE045126-2C5E-4E72-8491-E202079EAC7C,33,1033,2025-07-29 10:29:37.956544,7,0.0006680210239097,3219,1,3,30.001,AUTO,21,ARMED,100,25.4,5,2701811.776,25,000454_D_A_PROGRAM_1.NC,44,100,0,0,100,10000.0,733020.225000001,7,353.733907222901,7,232.850802535913,32,-316.318263784325,1072.0,9.226666666666668,UNAVAILABLE,38.933,60.0,072B393C-87F5-4183-9ABC-0870E4B4F53B,0.88,DE045126-2C5E-4E72-8491-E202079EAC7C,1.1096666666666666,4100.0,1300.0,3.2,25.8,0.5,132.20000000000002,1300.0,700.0,1.9,22.2,0.2,600.0,200.0,3.2,21.1,0.1,4100.0,1400.0,3.0,23.8,0.5,1100.0,300.0,3.4,22.1,0.2,3000.0,1700.0,1.7,24.8,1.7
body_p1,16,Al6061_body16_p1,DE045126-2C5E-4E72-8491-E202079EAC7C,33,1034,2025-07-29 10:29:38.956693,7,0.0006680210239097,3222,1,3,30.001,AUTO,21,ARMED,100,25.4,5,2701811.776,25,000454_D_A_PROGRAM_1.NC,45,100,0,1,100,10000.0,733020.225000001,6,376.845192529677,5,232.407594693869,32,-316.318332439544,1075.6666666666667,9.253333333333332,UNAVAILABLE,38.934,60.0,072B393C-87F5-4183-9ABC-0870E4B4F53B,0.8733333333333334,DE045126-2C5E-4E72-8491-E202079EAC7C,1.1096666666666666,4800.0,1400.0,3.5,25.8,0.6,132.20000000000002,1200.0,600.0,2.0,22.2,0.2,600.0,200.0,3.4,21.1,0.2,3500.0,1500.0,2.3,23.8,0.5,1100.0,300.0,3.3,22.1,0.2,3000.0,1700.0,1.7,24.8,1.7
body_p1,16,Al6061_body16_p1,DE045126-2C5E-4E72-8491-E202079EAC7C,33,1035,2025-07-29 10:29:39.956901,7,0.0006680210239097,3225,1,3,30.001,AUTO,21,ARMED,100,25.4,5,2701811.776,25,000454_D_A_PROGRAM_1.NC,46,100,0,0,100,10000.0,733020.225000001,8,401.528910842272,6,231.085150933786,32,-316.318320997007,1074.0,9.24,UNAVAILABLE,38.934,60.0,072B393C-87F5-4183-9ABC-0870E4B4F53B,0.8766666666666666,DE045126-2C5E-4E72-8491-E202079EAC7C,1.1096666666666666,4300.0,1400.0,3.2,25.8,0.6,132.23333333333335,1200.0,600.0,2.0,22.2,0.2,600.0,200.0,3.5,21.1,0.2,3600.0,1400.0,2.6,23.9,0.5,1300.0,300.0,3.8,22.1,0.2,3100.0,1800.0,1.8,24.8,1.7
body_p1,16,Al6061_body16_p1,DE045126-2C5E-4E72-8491-E202079EAC7C,33,1036,2025-07-29 10:29:40.957053,7,0.0006680210239097,3225,1,3,30.001,AUTO,21,ARMED,100,25.4,5,2701811.776,25,000454_D_A_PROGRAM_1.NC,47,100,0,0,100,10000.0,733020.225000001,6,419.850933598365,6,247.546919598411,31,-316.318206571642,1070.0,9.213333333333331,UNAVAILABLE,38.934,60.0,072B393C-87F5-4183-9ABC-0870E4B4F53B,0.88,DE045126-2C5E-4E72-8491-E202079EAC7C,1.1096666666666666,4100.0,1200.0,3.5,25.8,0.5,132.20000000000002,1000.0,500.0,2.0,22.2,0.2,600.0,200.0,3.5,21.1,0.1,3800.0,1400.0,2.6,23.9,0.5,1400.0,300.0,4.5,22.1,0.2,2800.0,1600.0,1.8,24.8,1.5
body_p1,16,Al6061_body16_p1,DE045126-2C5E-4E72-8491-E202079EAC7C,33,1037,2025-07-29 10:29:41.957201,7,0.0006680210239097,3225,1,3,30.001,AUTO,21,ARMED,100,25.4,5,2701811.776,25,000454_D_A_PROGRAM_1.NC,48,100,0,0,100,10000.0,733020.225000001,8,409.949839850643,7,271.260528656163,32,-316.318229456715,1075.6666666666667,9.246666666666668,UNAVAILABLE,38.934666666666665,59.99,072B393C-87F5-4183-9ABC-0870E4B4F53B,0.8733333333333334,DE045126-2C5E-4E72-8491-E202079EAC7C,1.1096666666666666,3900.0,1200.0,3.3,25.8,0.5,132.20000000000002,1300.0,600.0,2.1,22.2,0.2,600.0,200.0,3.3,21.1,0.2,3800.0,1400.0,2.7,23.9,0.5,1300.0,300.0,4.0,22.1,0.2,3100.0,1800.0,1.7,24.8,1.8
body_p1,16,Al6061_body16_p1,DE045126-2C5E-4E72-8491-E202079EAC7C,33,1038,2025-07-29 10:29:42.957396,7,0.0006680210239097,3228,1,3,30.001,AUTO,21,ARMED,100,25.4,5,2701811.776,25,000454_D_A_PROGRAM_1.NC,49,100,0,0,100,10000.0,733020.225000001,8,384.509474020768,6,272.884790983619,32,-316.318286669398,1072.6666666666667,9.226666666666668,UNAVAILABLE,38.935,59.99,072B393C-87F5-4183-9ABC-0870E4B4F53B,0.88,DE045126-2C5E-4E72-8491-E202079EAC7C,1.1096666666666666,4400.0,1200.0,3.7,25.8,0.5,132.23333333333335,1300.0,400.0,3.1,22.2,0.6,500.0,200.0,3.2,21.1,0.2,4300.0,1400.0,3.1,23.9,0.5,1200.0,300.0,3.6,22.1,0.2,3000.0,1800.0,1.7,24.8,1.7
body_p1,17,Al6061_body17_p1,DE045126-2C5E-4E72-8491-E202079EAC7C,15,716,2025-07-29 10:50:09.754420,7,0.0006680210239097,4,1,3,30.0005,AUTO,21,ARMED,100,0.0,5,2702892.729,17,000454_D_A_PROGRAM_1.NC,40,100,0,0,100,0.0,733740.441000001,5,12.4206062656161,3,503.59819449292,36,-99.8669982674121,715.3333333333334,6.3500000000000005,UNAVAILABLE,39.31066666666667,59.99,072B393C-87F5-4183-9ABC-0870E4B4F53B,0.73,DE045126-2C5E-4E72-8491-E202079EAC7C,1.1256666666666666,3900.0,200.0,18.0,28.6,0.1,132.63333333333333,600.0,100.0,5.7,21.6,0.3,3500.0,500.0,7.1,21.6,0.1,27800.0,5300.0,5.3,24.1,0.2,1900.0,200.0,8.5,22.5,0.1,500.0,100.0,4.5,25.7,0.1
body_p1,17,Al6061_body17_p1,DE045126-2C5E-4E72-8491-E202079EAC7C,15,717,2025-07-29 10:50:10.754631,7,0.0006680210239097,3122,1,3,30.0005,AUTO,21,ARMED,100,87.28333,5,2702892.729,17,000454_D_A_PROGRAM_1.NC,41,100,0,30,100,3144.49608238539,733740.441000001,45,361.739393430705,18,279.993752477444,36,-99.8660285116602,746.0,7.216666666666668,UNAVAILABLE,39.31066666666667,59.99,072B393C-87F5-4183-9ABC-0870E4B4F53B,0.9466666666666668,DE045126-2C5E-4E72-8491-E202079EAC7C,1.1256666666666666,7300.0,2200.0,3.3,28.6,0.2,132.6,300.0,100.0,4.0,21.6,0.2,2300.0,300.0,7.0,21.6,0.1,3700.0,1200.0,3.1,24.1,0.1,21100.0,2400.0,8.7,22.5,0.1,48400.0,7300.0,6.7,25.7,0.7
body_p1,17,Al6061_body17_p1,DE045126-2C5E-4E72-8491-E202079EAC7C,15,718,2025-07-29 10:50:11.754953,7,0.0006680210239097,3123,1,3,30.0005,AUTO,21,ARMED,100,0.0,5,2702892.729,17,000454_D_A_PROGRAM_1.NC,42,100,0,14,100,5768.84108109097,733740.441000001,5,361.741693675496,5,279.991806961312,29,-312.772427694296,3023.333333333333,26.80333333333333,UNAVAILABLE,39.31133333333333,59.99,072B393C-87F5-4183-9ABC-0870E4B4F53B,1.0,DE045126-2C5E-4E72-8491-E202079EAC7C,1.1256666666666666,8000.0,2600.0,3.1,28.6,0.2,131.49999999999997,200.0,100.0,3.8,21.6,0.1,300.0,100.0,3.8,21.6,0.1,2800.0,1300.0,2.2,24.1,0.2,1100.0,300.0,4.0,22.5,0.1,800.0,300.0,2.3,25.7,0.2
body_p1,17,Al6061_body17_p1,DE045126-2C5E-4E72-8491-E202079EAC7C,15,719,2025-07-29 10:50:12.755281,7,0.0006680210239097,3123,1,3,30.0005,AUTO,21,ARMED,100,0.0,5,2702892.729,17,000454_D_A_PROGRAM_1.NC,43,100,0,11,100,7637.21598779162,733740.441000001,5,361.741693675496,5,279.991806961312,29,-312.772416251759,5760.0,47.91666666666666,UNAVAILABLE,39.312333333333335,59.99,072B393C-87F5-4183-9ABC-0870E4B4F53B,0.9133333333333334,DE045126-2C5E-4E72-8491-E202079EAC7C,1.1256666666666666,10300.0,3400.0,3.0,28.6,0.2,129.9,400.0,100.0,3.3,21.6,0.1,500.0,100.0,3.6,21.6,0.1,3400.0,1400.0,2.5,24.1,0.3,1200.0,300.0,4.6,22.5,0.1,900.0,300.0,2.7,25.8,0.1
body_p1,17,Al6061_body17_p1,DE045126-2C5E-4E72-8491-E202079EAC7C,15,720,2025-07-29 10:50:13.755584,7,0.0006680210239097,3123,1,3,30.0005,AUTO,21,ARMED,100,0.0,5,2702892.729,17,000454_D_A_PROGRAM_1.NC,44,100,0,7,100,8910.10074501879,733740.441000001,5,361.7417051195,5,279.991795517099,29,-312.772416251759,5870.333333333333,48.80666666666667,UNAVAILABLE,39.31433333333333,59.99,072B393C-87F5-4183-9ABC-0870E4B4F53B,0.92,DE045126-2C5E-4E72-8491-E202079EAC7C,1.1256666666666666,7100.0,2000.0,3.5,28.6,0.3,129.86666666666667,400.0,100.0,3.5,21.6,0.1,400.0,100.0,3.7,21.6,0.1,3500.0,1300.0,2.7,24.1,0.3,1100.0,300.0,4.2,22.5,0.1,3300.0,600.0,5.7,25.8,0.5
body_p1,17,Al6061_body17_p1,DE045126-2C5E-4E72-8491-E202079EAC7C,15,721,2025-07-29 10:50:14.755729,7,0.0006680210239097,3128,1,3,30.0005,AUTO,21,ARMED,100,24.71667,5,2702892.729,17,000454_D_A_PROGRAM_1.NC,45,100,0,6,100,10000.0,733740.441000001,11,362.060111641087,1,279.447863539021,30,-315.820387579469,5341.333333333333,44.41333333333333,UNAVAILABLE,39.31633333333333,59.99,072B393C-87F5-4183-9ABC-0870E4B4F53B,0.8833333333333333,DE045126-2C5E-4E72-8491-E202079EAC7C,1.1256666666666666,7500.0,2200.0,3.5,28.6,0.6,130.13333333333335,400.0,100.0,3.7,21.6,0.4,600.0,100.0,4.2,21.6,0.1,4500.0,1900.0,2.4,24.1,0.8,1700.0,400.0,4.6,22.5,0.2,6400.0,1700.0,3.8,25.8,1.5
body_p1,17,Al6061_body17_p1,DE045126-2C5E-4E72-8491-E202079EAC7C,15,722,2025-07-29 10:50:15.756017,7,0.0006680210239097,3138,1,3,30.0005,AUTO,21,ARMED,100,24.28333,5,2702892.729,17,000454_D_A_PROGRAM_1.NC,46,100,0,2,100,10000.0,733740.441000001,1,339.259596426676,16,265.521716839272,30,-315.820559217516,4768.0,39.75,UNAVAILABLE,39.31733333333333,59.99,072B393C-87F5-4183-9ABC-0870E4B4F53B,0.8833333333333333,DE045126-2C5E-4E72-8491-E202079EAC7C,1.1256666666666666,3800.0,1200.0,3.2,28.6,0.5,130.4333333333333,700.0,200.0,3.1,21.6,0.5,700.0,200.0,4.1,21.6,0.1,4600.0,1400.0,3.2,24.1,0.5,2100.0,300.0,7.5,22.5,0.2,4500.0,1700.0,2.7,25.8,1.6
body_p1,17,Al6061_body17_p1,DE045126-2C5E-4E72-8491-E202079EAC7C,15,723,2025-07-29 10:50:16.756309,7,0.0006680210239097,3144,1,3,30.0005,AUTO,21,ARMED,100,149.3333,5,2702892.729,17,000454_D_A_PROGRAM_1.NC,47,100,0,1,100,10000.0,733740.441000001,8,337.971697811684,21,250.33786800058,39,-312.772107342041,1049.0,10.393333333333333,UNAVAILABLE,39.31733333333333,59.99,072B393C-87F5-4183-9ABC-0870E4B4F53B,0.7600000000000001,DE045126-2C5E-4E72-8491-E202079EAC7C,1.1256666666666666,4100.0,1200.0,3.5,28.6,0.5,132.43333333333334,700.0,200.0,4.6,21.6,0.8,2400.0,400.0,5.6,21.6,0.1,17500.0,3200.0,5.5,24.1,0.6,1500.0,300.0,4.8,22.5,0.2,4200.0,1700.0,2.5,25.8,1.5
body_p1,17,Al6061_body17_p1,DE045126-2C5E-4E72-8491-E202079EAC7C,15,724,2025-07-29 10:50:17.756597,7,0.0006680210239097,3151,1,3,30.0005,AUTO,21,ARMED,100,22.33333,5,2702892.729,17,000454_D_A_PROGRAM_1.NC,47,100,0,0,100,10000.0,733740.441000001,3,339.126559535201,13,236.930085021912,31,-315.820456234687,1073.0,9.25,UNAVAILABLE,39.31766666666667,59.99,072B393C-87F5-4183-9ABC-0870E4B4F53B,0.9166666666666666,DE045126-2C5E-4E72-8491-E202079EAC7C,1.1256666666666666,3600.0,1200.0,3.1,28.6,0.5,132.5,400.0,100.0,3.7,21.6,0.4,500.0,100.0,3.6,21.6,0.1,7800.0,1600.0,5.0,24.1,0.6,1800.0,300.0,6.2,22.5,0.2,7100.0,1800.0,3.8,25.8,1.6
body_p1,17,Al6061_body17_p1,DE045126-2C5E-4E72-8491-E202079EAC7C,15,725,2025-07-29 10:50:18.756888,7,0.0006680210239097,3161,1,3,30.0005,AUTO,21,ARMED,100,24.93333,5,2702892.729,17,000454_D_A_PROGRAM_1.NC,49,100,0,0,100,10000.0,733740.441000001,4,364.444272811831,8,224.737767099637,32,-315.820627872735,1052.0,9.03,UNAVAILABLE,39.31766666666667,59.99,072B393C-87F5-4183-9ABC-0870E4B4F53B,0.88,DE045126-2C5E-4E72-8491-E202079EAC7C,1.1256666666666666,3600.0,1200.0,3.1,28.6,0.5,132.46666666666667,600.0,200.0,3.4,21.6,0.2,700.0,200.0,3.9,21.6,0.1,6500.0,1500.0,4.4,24.1,0.6,2200.0,300.0,7.5,22.5,0.2,3000.0,1700.0,1.8,25.8,1.6
body_p1,17,Al6061_body17_p1,DE045126-2C5E-4E72-8491-E202079EAC7C,15,726,2025-07-29 10:50:19.757163,7,0.0006680210239097,3166,1,3,30.0005,AUTO,21,ARMED,100,99.36667,5,2702892.729,17,000454_D_A_PROGRAM_1.NC,50,100,0,0,100,10000.0,733740.441000001,86,397.689120797143,10,222.997734466856,39,-312.800473351212,1069.0,9.22,UNAVAILABLE,39.318333333333335,59.99,072B393C-87F5-4183-9ABC-0870E4B4F53B,0.85,DE045126-2C5E-4E72-8491-E202079EAC7C,1.1256666666666666,3600.0,1200.0,3.0,28.6,0.5,132.5,700.0,200.0,4.2,21.6,0.5,700.0,100.0,4.5,21.6,0.1,4200.0,1400.0,2.9,24.1,0.6,1200.0,300.0,4.5,22.5,0.2,4500.0,1700.0,2.7,25.8,1.5
body_p1,17,Al6061_body17_p1,DE045126-2C5E-4E72-8491-E202079EAC7C,15,727,2025-07-29 10:50:20.757313,7,0.0006680210239097,3173,1,3,30.0005,AUTO,21,ARMED,100,18.95,5,2702892.729,17,000454_D_A_PROGRAM_1.NC,51,100,0,1,100,10000.0,733740.441000001,6,399.899588846654,10,225.090258475055,32,-315.786034612194,1100.0,9.536666666666669,UNAVAILABLE,39.31933333333333,59.99,072B393C-87F5-4183-9ABC-0870E4B4F53B,0.8933333333333334,DE045126-2C5E-4E72-8491-E202079EAC7C,1.1256666666666666,3700.0,1200.0,3.1,28.6,0.5,132.43333333333334,500.0,100.0,4.3,21.6,0.4,1000.0,200.0,6.1,21.6,0.1,7200.0,1700.0,4.3,24.1,0.6,2200.0,300.0,7.6,22.5,0.2,6200.0,1800.0,3.4,25.8,1.6
body_p1,17,Al6061_body17_p1,DE045126-2C5E-4E72-8491-E202079EAC7C,15,728,2025-07-29 10:50:21.757606,7,0.0006680210239097,3182,1,3,30.0005,AUTO,21,ARMED,100,25.03333,5,2702892.729,17,000454_D_A_PROGRAM_1.NC,52,100,0,0,100,10000.0,733740.441000001,15,422.342811494097,1,239.666638844005,30,-315.820490562297,1057.0,9.09,UNAVAILABLE,39.31933333333333,59.99,072B393C-87F5-4183-9ABC-0870E4B4F53B,0.8866666666666667,DE045126-2C5E-4E72-8491-E202079EAC7C,1.1256666666666666,3700.0,1200.0,3.1,28.6,0.5,132.5,500.0,100.0,3.2,21.6,0.3,600.0,200.0,3.5,21.6,0.1,4400.0,1500.0,3.0,24.1,0.6,1200.0,300.0,4.5,22.5,0.2,3000.0,1700.0,1.8,25.8,1.6
body_p1,17,Al6061_body17_p1,DE045126-2C5E-4E72-8491-E202079EAC7C,15,729,2025-07-29 10:50:22.757868,7,0.0006680210239097,3188,1,3,30.0005,AUTO,21,ARMED,100,76.11667,5,2702892.729,17,000454_D_A_PROGRAM_1.NC,53,100,0,1,100,10000.0,733740.441000001,5,422.422417824858,0,265.739031744191,37,-312.810897501947,1040.6666666666667,8.936666666666667,UNAVAILABLE,39.31933333333333,59.99,072B393C-87F5-4183-9ABC-0870E4B4F53B,0.8866666666666667,DE045126-2C5E-4E72-8491-E202079EAC7C,1.1256666666666666,3600.0,1200.0,3.1,28.6,0.5,132.5,600.0,100.0,4.2,21.6,0.6,800.0,200.0,5.3,21.6,0.1,4600.0,1400.0,3.3,24.1,0.5,1600.0,300.0,5.2,22.5,0.2,8300.0,1700.0,4.9,25.8,1.6
body_p1,17,Al6061_body17_p1,DE045126-2C5E-4E72-8491-E202079EAC7C,15,730,2025-07-29 10:50:23.758184,7,0.0006680210239097,3197,1,3,30.0005,AUTO,21,ARMED,100,18.91667,5,2702892.729,17,000454_D_A_PROGRAM_1.NC,54,100,0,1,100,10000.0,733740.441000001,3,424.555936164721,3,267.875856736918,48,-313.575103458342,1131.3333333333333,9.856666666666667,UNAVAILABLE,39.31966666666667,59.99,072B393C-87F5-4183-9ABC-0870E4B4F53B,0.9066666666666668,DE045126-2C5E-4E72-8491-E202079EAC7C,1.1256666666666666,3800.0,1200.0,3.2,28.6,0.5,132.46666666666667,400.0,100.0,3.4,21.6,0.3,1200.0,200.0,5.6,21.6,0.1,6900.0,1700.0,4.1,24.1,0.6,1400.0,300.0,5.3,22.5,0.2,6200.0,1800.0,3.4,25.8,1.6
body_p1,17,Al6061_body17_p1,DE045126-2C5E-4E72-8491-E202079EAC7C,15,731,2025-07-29 10:50:24.758459,7,0.0006680210239097,3205,1,3,30.0005,AUTO,21,ARMED,100,25.03333,5,2702892.729,17,000454_D_A_PROGRAM_1.NC,55,100,0,0,100,10000.0,733740.441000001,5,397.004417638176,15,280.524111619443,32,-315.820410464541,1065.6666666666667,9.176666666666668,UNAVAILABLE,39.32,59.98,072B393C-87F5-4183-9ABC-0870E4B4F53B,0.8866666666666667,DE045126-2C5E-4E72-8491-E202079EAC7C,1.1256666666666666,3700.0,1200.0,3.2,28.6,0.5,132.5,500.0,200.0,3.1,21.6,0.4,700.0,200.0,4.3,21.6,0.1,4300.0,1500.0,2.9,24.1,0.6,1100.0,300.0,4.0,22.5,0.2,3600.0,1700.0,2.1,25.8,1.6
body_p1,17,Al6061_body17_p1,DE045126-2C5E-4E72-8491-E202079EAC7C,15,732,2025-07-29 10:50:25.758766,7,0.0006680210239097,3211,1,3,30.0005,AUTO,21,ARMED,100,79.1,5,2702892.729,17,000454_D_A_PROGRAM_1.NC,56,100,0,0,100,10000.0,733740.441000001,21,382.942967355659,7,270.662290381526,28,-314.98027655098,1049.3333333333333,9.01,UNAVAILABLE,39.32066666666667,59.99,072B393C-87F5-4183-9ABC-0870E4B4F53B,0.8700000000000001,DE045126-2C5E-4E72-8491-E202079EAC7C,1.1256666666666666,3600.0,1200.0,3.1,28.6,0.6,132.5,700.0,200.0,2.9,21.6,0.5,500.0,100.0,3.5,21.6,0.1,3600.0,1400.0,2.5,24.1,0.6,2700.0,300.0,8.1,22.5,0.2,5400.0,1700.0,3.1,25.8,1.6
body_p1,17,Al6061_body17_p1,DE045126-2C5E-4E72-8491-E202079EAC7C,15,733,2025-07-29 10:50:26.759077,7,0.0006680210239097,3218,1,3,30.0005,AUTO,21,ARMED,100,25.4,5,2702892.729,17,000454_D_A_PROGRAM_1.NC,56,100,0,0,100,10000.0,733740.441000001,9,361.933882899717,6,274.379241304028,32,-316.318263784325,1070.3333333333333,9.256666666666666,UNAVAILABLE,39.32066666666667,59.99,072B393C-87F5-4183-9ABC-0870E4B4F53B,0.8466666666666667,DE045126-2C5E-4E72-8491-E202079EAC7C,1.1256666666666666,4200.0,1200.0,3.4,28.6,0.6,132.46666666666667,700.0,300.0,2.5,21.6,0.2,500.0,200.0,3.3,21.6,0.1,3800.0,1500.0,2.6,24.1,0.6,1300.0,300.0,3.7,22.5,0.2,3100.0,1800.0,1.7,25.8,1.7
body_p1,17,Al6061_body17_p1,DE045126-2C5E-4E72-8491-E202079EAC7C,15,734,2025-07-29 10:50:27.759373,7,0.0006680210239097,3219,1,3,30.0005,AUTO,21,ARMED,100,25.4,5,2702892.729,17,000454_D_A_PROGRAM_1.NC,58,100,0,1,100,10000.0,733740.441000001,7,342.153275772141,7,259.680698403842,30,-316.31834388208,1063.3333333333333,9.14,UNAVAILABLE,39.321000000000005,59.99,072B393C-87F5-4183-9ABC-0870E4B4F53B,0.8633333333333333,DE045126-2C5E-4E72-8491-E202079EAC7C,1.1256666666666666,4100.0,1200.0,3.4,28.6,0.5,132.46666666666667,700.0,300.0,2.2,21.6,0.2,700.0,200.0,3.8,21.6,0.1,4400.0,1600.0,2.8,24.1,0.6,1100.0,300.0,3.8,22.5,0.2,2700.0,1600.0,1.7,25.8,1.5
body_p1,17,Al6061_body17_p1,DE045126-2C5E-4E72-8491-E202079EAC7C,15,735,2025-07-29 10:50:28.759673,7,0.0006680210239097,3219,1,3,30.0005,AUTO,21,ARMED,100,25.4,5,2702892.729,17,000454_D_A_PROGRAM_1.NC,59,100,0,0,100,10000.0,733740.441000001,8,347.8139543788,7,236.824076503559,32,-316.318355324617,1065.6666666666667,9.173333333333334,UNAVAILABLE,39.321333333333335,59.99,072B393C-87F5-4183-9ABC-0870E4B4F53B,0.8766666666666666,DE045126-2C5E-4E72-8491-E202079EAC7C,1.1256666666666666,4100.0,1200.0,3.4,28.6,0.5,132.46666666666667,700.0,300.0,2.3,21.6,0.1,700.0,200.0,3.4,21.6,0.2,3900.0,1500.0,2.6,24.1,0.6,1200.0,300.0,3.7,22.5,0.2,3300.0,1900.0,1.8,25.8,1.8
body_p1,17,Al6061_body17_p1,DE045126-2C5E-4E72-8491-E202079EAC7C,15,736,2025-07-29 10:50:29.759916,7,0.0006680210239097,3222,1,3,30.0005,AUTO,21,ARMED,100,25.33333,5,2702892.729,17,000454_D_A_PROGRAM_1.NC,0,100,0,0,100,10000.0,733740.441000001,8,372.292435886752,7,232.406541847454,31,-316.318286669398,1065.3333333333333,9.159999999999998,UNAVAILABLE,39.321333333333335,59.99,072B393C-87F5-4183-9ABC-0870E4B4F53B,0.8666666666666667,DE045126-2C5E-4E72-8491-E202079EAC7C,1.1256666666666666,5000.0,1400.0,3.5,28.6,0.6,132.46666666666667,700.0,300.0,2.5,21.6,0.2,600.0,200.0,3.3,21.6,0.1,3600.0,1600.0,2.3,24.1,0.6,1300.0,300.0,3.9,22.5,0.2,3000.0,1800.0,1.7,25.8,1.7
body_p1,17,Al6061_body17_p1,DE045126-2C5E-4E72-8491-E202079EAC7C,15,737,2025-07-29 10:50:30.760178,7,0.0006680210239097,3224,1,3,30.0005,AUTO,21,ARMED,100,25.4,5,2702892.729,17,000454_D_A_PROGRAM_1.NC,0,100,0,1,100,10000.0,733740.441000001,8,394.384769400581,4,231.339950896237,31,-316.318298111934,1062.3333333333333,9.133333333333333,UNAVAILABLE,39.321666666666665,59.99,072B393C-87F5-4183-9ABC-0870E4B4F53B,0.8733333333333334,DE045126-2C5E-4E72-8491-E202079EAC7C,1.1256666666666666,5100.0,1400.0,3.6,28.6,0.6,132.4,700.0,300.0,2.4,21.6,0.2,600.0,200.0,3.5,21.6,0.2,3300.0,1400.0,2.4,24.1,0.6,1200.0,300.0,3.4,22.5,0.2,3100.0,1800.0,1.7,25.8,1.8
body_p1,17,Al6061_body17_p1,DE045126-2C5E-4E72-8491-E202079EAC7C,15,738,2025-07-29 10:50:31.760497,7,0.0006680210239097,3225,1,3,30.0005,AUTO,21,ARMED,100,25.4,5,2702892.729,17,000454_D_A_PROGRAM_1.NC,2,100,0,0,100,10000.0,733740.441000001,7,419.313786721939,7,245.687272399486,32,-316.318206571642,1070.6666666666667,9.216666666666669,UNAVAILABLE,39.32233333333334,59.99,072B393C-87F5-4183-9ABC-0870E4B4F53B,0.8766666666666666,DE045126-2C5E-4E72-8491-E202079EAC7C,1.1256666666666666,4900.0,1300.0,3.8,28.6,0.6,132.46666666666667,600.0,300.0,2.4,21.6,0.2,600.0,200.0,3.3,21.6,0.1,3900.0,1500.0,2.6,24.1,0.6,1300.0,300.0,4.3,22.5,0.1,2800.0,1600.0,1.7,25.8,1.6
body_p1,17,Al6061_body17_p1,DE045126-2C5E-4E72-8491-E202079EAC7C,15,739,2025-07-29 10:50:32.760648,7,0.0006680210239097,3225,1,3,30.0005,AUTO,21,ARMED,100,25.4,5,2702892.729,17,000454_D_A_PROGRAM_1.NC,3,100,0,0,100,10000.0,733740.441000001,8,415.371139711611,7,266.620170497646,32,-316.318332439544,1058.6666666666667,9.113333333333337,UNAVAILABLE,39.32233333333334,59.99,072B393C-87F5-4183-9ABC-0870E4B4F53B,0.8633333333333333,DE045126-2C5E-4E72-8491-E202079EAC7C,1.1256666666666666,4200.0,1200.0,3.4,28.6,0.5,132.46666666666667,700.0,300.0,2.6,21.6,0.1,700.0,200.0,3.6,21.6,0.2,3800.0,1500.0,2.6,24.1,0.6,1100.0,300.0,3.3,22.5,0.1,3200.0,1900.0,1.7,25.8,1.8
body_p1,17,Al6061_body17_p1,DE045126-2C5E-4E72-8491-E202079EAC7C,15,740,2025-07-29 10:50:33.760951,7,0.0006680210239097,3225,1,3,30.0005,AUTO,21,ARMED,100,25.4,5,2702892.729,17,000454_D_A_PROGRAM_1.NC,4,100,0,0,100,10000.0,733740.441000001,9,391.636773768685,7,273.182445066274,32,-316.318366767153,1069.0,9.21,UNAVAILABLE,39.32233333333334,59.98,072B393C-87F5-4183-9ABC-0870E4B4F53B,0.8766666666666666,DE045126-2C5E-4E72-8491-E202079EAC7C,1.1256666666666666,4400.0,1200.0,3.5,28.6,0.5,132.46666666666667,800.0,300.0,2.8,21.6,0.3,600.0,200.0,3.5,21.6,0.1,3700.0,1500.0,2.5,24.1,0.6,1400.0,300.0,4.0,22.5,0.2,3200.0,1800.0,1.7,25.8,1.7
body_p1,18,Al6061_body18_p1,DE045126-2C5E-4E72-8491-E202079EAC7C,33,994,2025-07-29 11:09:40.235544,7,0.0006680210239097,4,1,3,30.0005,AUTO,21,ARMED,100,0.0,5,2704333.136,18,O9735.FNC,19,100,0,0,100,0.0,734821.416,4,12.4206062656161,2,503.598205937012,37,-99.866986823947,673.6666666666666,5.853333333333334,UNAVAILABLE,39.687666666666665,59.98,072B393C-87F5-4183-9ABC-0870E4B4F53B,0.7666666666666666,DE045126-2C5E-4E72-8491-E202079EAC7C,1.1426666666666667,2400.0,200.0,11.9,31.0,0.1,133.16666666666666,500.0,100.0,6.4,21.7,0.2,700.0,100.0,7.7,21.9,0.1,13100.0,1800.0,7.4,24.7,0.1,1600.0,200.0,9.1,22.7,0.1,600.0,100.0,6.3,26.8,0.1
body_p1,18,Al6061_body18_p1,DE045126-2C5E-4E72-8491-E202079EAC7C,33,995,2025-07-29 11:09:41.235811,7,0.0006680210239097,3121,1,3,30.0005,AUTO,21,ARMED,100,628.7667,5,2704333.136,18,000454_D_A_PROGRAM_1.NC,20,100,0,0,100,1938.3159185748,734821.416,11,307.92647539088,15,314.438903153358,36,-99.8669982674121,613.3333333333334,5.516666666666667,UNAVAILABLE,39.687666666666665,59.98,072B393C-87F5-4183-9ABC-0870E4B4F53B,0.66,DE045126-2C5E-4E72-8491-E202079EAC7C,1.1426666666666667,6300.0,1700.0,3.7,31.0,0.1,133.26666666666668,800.0,100.0,7.8,21.7,0.3,4800.0,800.0,5.9,21.9,0.1,24700.0,5000.0,4.9,24.7,0.2,3400.0,600.0,5.5,22.7,0.0,2100.0,200.0,10.3,26.8,0.1
body_p1,18,Al6061_body18_p1,DE045126-2C5E-4E72-8491-E202079EAC7C,33,996,2025-07-29 11:09:42.236075,7,0.0006680210239097,3123,1,3,30.0005,AUTO,21,ARMED,100,0.0,5,2704333.136,18,000454_D_A_PROGRAM_1.NC,21,100,0,17,100,5069.62504115354,734821.416,5,361.7417051195,5,279.991795517099,113,-312.772278941321,3057.333333333333,26.99,UNAVAILABLE,39.68866666666667,59.98,072B393C-87F5-4183-9ABC-0870E4B4F53B,1.0,DE045126-2C5E-4E72-8491-E202079EAC7C,1.1426666666666667,9000.0,2200.0,4.2,31.0,0.3,132.06666666666663,200.0,100.0,4.0,21.7,0.1,400.0,100.0,4.3,21.9,0.1,3100.0,1300.0,2.3,24.7,0.2,14600.0,1400.0,10.4,22.7,0.1,30800.0,2300.0,13.7,26.8,0.3
body_p1,18,Al6061_body18_p1,DE045126-2C5E-4E72-8491-E202079EAC7C,33,997,2025-07-29 11:09:43.236344,7,0.0006680210239097,3123,1,3,30.0005,AUTO,21,ARMED,100,0.0,5,2704333.136,18,000454_D_A_PROGRAM_1.NC,22,100,0,11,100,7138.54601042129,734821.416,5,361.741716563504,5,279.991795517099,29,-312.772404809223,5804.0,48.053333333333335,UNAVAILABLE,39.690000000000005,59.98,072B393C-87F5-4183-9ABC-0870E4B4F53B,0.9333333333333336,DE045126-2C5E-4E72-8491-E202079EAC7C,1.1426666666666667,10500.0,2700.0,3.9,31.0,0.2,130.46666666666667,300.0,100.0,3.0,21.7,0.1,400.0,100.0,3.6,21.9,0.1,3500.0,1300.0,2.6,24.7,0.2,1100.0,300.0,3.8,22.7,0.1,900.0,300.0,2.9,26.8,0.1
body_p1,18,Al6061_body18_p1,DE045126-2C5E-4E72-8491-E202079EAC7C,33,998,2025-07-29 11:09:44.236619,7,0.0006680210239097,3123,1,3,30.0005,AUTO,21,ARMED,100,0.0,5,2704333.136,18,000454_D_A_PROGRAM_1.NC,23,100,0,8,100,8560.26552987487,734821.416,5,361.741693675496,5,279.991795517099,29,-312.772404809223,5883.333333333333,48.68666666666667,UNAVAILABLE,39.69133333333333,59.98,072B393C-87F5-4183-9ABC-0870E4B4F53B,0.92,DE045126-2C5E-4E72-8491-E202079EAC7C,1.1426666666666667,8400.0,2200.0,3.8,31.0,0.3,130.46666666666667,400.0,100.0,3.0,21.7,0.1,400.0,100.0,3.7,21.9,0.1,3500.0,1300.0,2.7,24.7,0.2,1000.0,300.0,3.8,22.7,0.1,1600.0,500.0,3.1,26.8,0.4
body_p1,18,Al6061_body18_p1,DE045126-2C5E-4E72-8491-E202079EAC7C,33,999,2025-07-29 11:09:45.236871,7,0.0006680210239097,3128,1,3,30.001,AUTO,21,ARMED,100,25.06667,5,2704333.136,18,000454_D_A_PROGRAM_1.NC,24,100,0,6,100,10000.0,734821.416,13,362.842422946821,0,282.963434566305,30,-315.820376136932,5270.666666666667,44.29999999999999,UNAVAILABLE,39.693666666666665,59.98,072B393C-87F5-4183-9ABC-0870E4B4F53B,0.88,DE045126-2C5E-4E72-8491-E202079EAC7C,1.1426666666666667,7600.0,2300.0,3.3,31.0,0.7,130.79999999999998,400.0,100.0,3.2,21.7,0.4,600.0,200.0,3.9,21.9,0.1,4400.0,1700.0,2.5,24.7,0.7,1300.0,400.0,3.7,22.7,0.2,2900.0,1400.0,2.1,26.8,1.3
body_p1,18,Al6061_body18_p1,DE045126-2C5E-4E72-8491-E202079EAC7C,33,1000,2025-07-29 11:09:46.237091,7,0.0006680210239097,3133,1,3,30.0005,AUTO,21,ARMED,100,149.4,5,2704333.136,18,000454_D_A_PROGRAM_1.NC,25,100,0,0,100,10000.0,734821.416,9,337.065197168603,1,265.746002592781,36,-312.810611438535,4700.333333333333,40.27,UNAVAILABLE,39.69466666666667,59.98,072B393C-87F5-4183-9ABC-0870E4B4F53B,0.88,DE045126-2C5E-4E72-8491-E202079EAC7C,1.1426666666666667,4000.0,1200.0,3.5,31.0,0.5,131.1,500.0,100.0,3.4,21.7,0.6,1400.0,200.0,7.6,21.9,0.1,4700.0,1400.0,3.5,24.7,0.5,1400.0,300.0,5.0,22.7,0.2,4400.0,1600.0,2.7,26.8,1.5
body_p1,18,Al6061_body18_p1,DE045126-2C5E-4E72-8491-E202079EAC7C,33,1001,2025-07-29 11:09:47.237351,7,0.0006680210239097,3142,1,3,30.001,AUTO,21,ARMED,100,12.68333,5,2704333.136,18,000454_D_A_PROGRAM_1.NC,26,100,0,0,100,10000.0,734821.416,5,339.189024505624,2,267.835532193052,39,-312.794179808922,1104.6666666666667,9.68,UNAVAILABLE,39.695,59.99,072B393C-87F5-4183-9ABC-0870E4B4F53B,0.7966666666666665,DE045126-2C5E-4E72-8491-E202079EAC7C,1.1426666666666667,3600.0,1200.0,3.1,31.0,0.5,133.03333333333333,400.0,100.0,3.2,21.7,0.7,2500.0,400.0,6.3,21.9,0.1,18700.0,3200.0,5.9,24.7,0.5,2400.0,300.0,7.7,22.7,0.2,5800.0,1800.0,3.2,26.8,1.5
body_p1,18,Al6061_body18_p1,DE045126-2C5E-4E72-8491-E202079EAC7C,33,1002,2025-07-29 11:09:48.237659,7,0.0006680210239097,3150,1,3,30.001,AUTO,21,ARMED,100,25.03333,5,2704333.136,18,000454_D_A_PROGRAM_1.NC,27,100,0,0,100,10000.0,734821.416,2,338.884584115689,17,240.009534899522,30,-315.820582102589,1070.3333333333333,9.226666666666668,UNAVAILABLE,39.695,59.99,072B393C-87F5-4183-9ABC-0870E4B4F53B,0.9266666666666666,DE045126-2C5E-4E72-8491-E202079EAC7C,1.1426666666666667,3900.0,1200.0,3.3,31.0,0.5,133.0,400.0,100.0,3.0,21.7,0.4,700.0,200.0,3.7,21.9,0.2,4500.0,1400.0,3.1,24.7,0.5,1100.0,300.0,4.0,22.7,0.2,2900.0,1700.0,1.7,26.8,1.6
body_p1,18,Al6061_body18_p1,DE045126-2C5E-4E72-8491-E202079EAC7C,33,1003,2025-07-29 11:09:49.237943,7,0.0006680210239097,3156,1,3,30.001,AUTO,21,ARMED,100,99.45,5,2704333.136,18,000454_D_A_PROGRAM_1.NC,28,100,0,1,100,10000.0,734821.416,5,361.741853891552,6,222.994072579081,24,-314.746379662758,1046.0,8.993333333333334,UNAVAILABLE,39.695,59.99,072B393C-87F5-4183-9ABC-0870E4B4F53B,0.8766666666666666,DE045126-2C5E-4E72-8491-E202079EAC7C,1.1426666666666667,4000.0,1200.0,3.4,31.0,0.5,133.0,500.0,100.0,4.0,21.7,0.5,600.0,200.0,3.5,21.9,0.1,6700.0,1400.0,4.7,24.7,0.6,2400.0,300.0,8.2,22.7,0.2,4400.0,1700.0,2.6,26.8,1.6
body_p1,18,Al6061_body18_p1,DE045126-2C5E-4E72-8491-E202079EAC7C,33,1004,2025-07-29 11:09:50.238212,7,0.0006680210239097,3164,1,3,30.001,AUTO,21,ARMED,100,53.95,5,2704333.136,18,000454_D_A_PROGRAM_1.NC,29,100,0,0,100,10000.0,734821.416,5,368.320988867897,6,224.846530056819,41,-312.77197003276,1036.3333333333333,8.903333333333334,UNAVAILABLE,39.696000000000005,59.99,072B393C-87F5-4183-9ABC-0870E4B4F53B,0.7966666666666665,DE045126-2C5E-4E72-8491-E202079EAC7C,1.1426666666666667,3400.0,1200.0,2.9,31.0,0.5,133.0,300.0,100.0,2.7,21.7,0.2,600.0,200.0,4.0,21.9,0.1,3500.0,1400.0,2.5,24.7,0.5,1900.0,300.0,6.9,22.8,0.2,6200.0,1800.0,3.4,26.8,1.5
body_p1,18,Al6061_body18_p1,DE045126-2C5E-4E72-8491-E202079EAC7C,33,1005,2025-07-29 11:09:51.238474,7,0.0006680210239097,3172,1,3,30.001,AUTO,21,ARMED,100,25.03333,5,2704333.136,18,000454_D_A_PROGRAM_1.NC,30,100,0,0,100,10000.0,734821.416,2,397.897692828852,12,222.520842244671,31,-315.820330366786,1114.6666666666667,9.686666666666666,UNAVAILABLE,39.696333333333335,59.99,072B393C-87F5-4183-9ABC-0870E4B4F53B,0.9133333333333332,DE045126-2C5E-4E72-8491-E202079EAC7C,1.1426666666666667,4000.0,1200.0,3.4,31.0,0.5,132.96666666666667,500.0,100.0,3.5,21.7,0.4,700.0,200.0,3.7,21.9,0.2,6000.0,1500.0,4.1,24.7,0.6,1700.0,300.0,6.3,22.8,0.2,6200.0,1800.0,3.5,26.8,1.7
body_p1,18,Al6061_body18_p1,DE045126-2C5E-4E72-8491-E202079EAC7C,33,1006,2025-07-29 11:09:52.238769,7,0.0006680210239097,3181,1,3,30.001,AUTO,21,ARMED,100,22.41667,5,2704333.136,18,000454_D_A_PROGRAM_1.NC,31,100,0,0,100,10000.0,734821.416,14,422.681699582939,5,237.049821342973,38,-315.817446847593,1074.6666666666667,8.983333333333334,UNAVAILABLE,39.696333333333335,59.99,072B393C-87F5-4183-9ABC-0870E4B4F53B,0.8966666666666666,DE045126-2C5E-4E72-8491-E202079EAC7C,1.1426666666666667,3900.0,1200.0,3.3,31.0,0.5,133.0,400.0,100.0,3.8,21.7,0.5,600.0,200.0,3.8,21.9,0.1,4100.0,1400.0,2.9,24.7,0.5,1900.0,300.0,6.7,22.8,0.2,4500.0,1700.0,2.7,26.8,1.6
body_p1,18,Al6061_body18_p1,DE045126-2C5E-4E72-8491-E202079EAC7C,33,1007,2025-07-29 11:09:53.239056,7,0.0006680210239097,3188,1,3,30.001,AUTO,21,ARMED,100,175.1833,5,2704333.136,18,000454_D_A_PROGRAM_1.NC,32,100,0,0,100,10000.0,734821.416,11,423.799052220192,45,248.728785474237,38,-312.772038687401,1041.0,8.886666666666668,UNAVAILABLE,39.696333333333335,59.99,072B393C-87F5-4183-9ABC-0870E4B4F53B,0.8866666666666667,DE045126-2C5E-4E72-8491-E202079EAC7C,1.1426666666666667,4600.0,1200.0,3.9,31.0,0.5,133.0,400.0,100.0,3.8,21.7,0.8,1500.0,300.0,5.9,21.9,0.1,15200.0,2700.0,5.7,24.7,0.5,1400.0,300.0,4.6,22.8,0.2,6900.0,1800.0,3.9,26.8,1.6
body_p1,18,Al6061_body18_p1,DE045126-2C5E-4E72-8491-E202079EAC7C,33,1008,2025-07-29 11:09:54.239355,7,0.0006680210239097,3194,1,3,30.001,AUTO,21,ARMED,100,25.03333,5,2704333.136,18,000454_D_A_PROGRAM_1.NC,33,100,0,1,100,10000.0,734821.416,14,422.692332868289,3,265.218238523585,33,-315.820364694396,1116.0,9.713333333333331,UNAVAILABLE,39.697,59.99,072B393C-87F5-4183-9ABC-0870E4B4F53B,0.8033333333333333,DE045126-2C5E-4E72-8491-E202079EAC7C,1.1426666666666667,4000.0,1200.0,3.4,31.0,0.5,132.96666666666667,400.0,100.0,3.9,21.7,0.4,600.0,200.0,3.8,21.9,0.1,3700.0,1400.0,2.6,24.7,0.5,1400.0,300.0,5.2,22.8,0.2,6400.0,1900.0,3.4,26.8,1.6
body_p1,18,Al6061_body18_p1,DE045126-2C5E-4E72-8491-E202079EAC7C,33,1009,2025-07-29 11:09:55.239643,7,0.0006680210239097,3202,1,3,30.001,AUTO,21,ARMED,100,20.11667,5,2704333.136,18,000454_D_A_PROGRAM_1.NC,34,100,0,1,100,10000.0,734821.416,11,400.535321019356,5,281.001837615932,28,-315.820582102589,1062.6666666666667,9.14,UNAVAILABLE,39.697,59.99,072B393C-87F5-4183-9ABC-0870E4B4F53B,0.9066666666666668,DE045126-2C5E-4E72-8491-E202079EAC7C,1.1426666666666667,4100.0,1200.0,3.5,31.0,0.5,133.0,400.0,100.0,3.3,21.7,0.4,700.0,200.0,3.8,21.9,0.2,6200.0,1400.0,4.3,24.7,0.5,1600.0,300.0,5.7,22.8,0.2,4400.0,1700.0,2.5,26.8,1.6
body_p1,18,Al6061_body18_p1,DE045126-2C5E-4E72-8491-E202079EAC7C,33,1010,2025-07-29 11:09:56.239971,7,0.0006680210239097,3211,1,3,30.001,AUTO,21,ARMED,100,3.166667,5,2704333.136,18,000454_D_A_PROGRAM_1.NC,35,100,0,0,100,10000.0,734821.416,46,383.320270753153,21,270.917085663784,24,-312.77199291764,1044.6666666666667,8.966666666666667,UNAVAILABLE,39.69766666666667,59.99,072B393C-87F5-4183-9ABC-0870E4B4F53B,0.8733333333333334,DE045126-2C5E-4E72-8491-E202079EAC7C,1.1426666666666667,3800.0,1200.0,3.3,31.0,0.5,133.03333333333333,400.0,100.0,2.9,21.7,0.7,1100.0,200.0,6.1,21.9,0.1,7900.0,1700.0,4.6,24.7,0.6,2000.0,300.0,6.9,22.8,0.2,5900.0,1700.0,3.4,26.8,1.6
body_p1,18,Al6061_body18_p1,DE045126-2C5E-4E72-8491-E202079EAC7C,33,1011,2025-07-29 11:09:57.240244,7,0.0006680210239097,3218,1,3,30.001,AUTO,21,ARMED,100,25.4,5,2704333.136,18,000454_D_A_PROGRAM_1.NC,36,100,0,0,100,10000.0,734821.416,6,368.443776214847,12,273.623904065329,31,-316.318286669398,1040.6666666666667,8.956666666666667,UNAVAILABLE,39.69766666666667,59.99,072B393C-87F5-4183-9ABC-0870E4B4F53B,0.86,DE045126-2C5E-4E72-8491-E202079EAC7C,1.1426666666666667,4500.0,1300.0,3.6,31.0,0.6,133.0,400.0,100.0,3.0,21.7,0.1,600.0,200.0,3.5,21.9,0.1,3800.0,1400.0,2.8,24.7,0.5,1200.0,300.0,3.6,22.8,0.2,3200.0,1800.0,1.7,26.8,1.8
body_p1,18,Al6061_body18_p1,DE045126-2C5E-4E72-8491-E202079EAC7C,33,1012,2025-07-29 11:09:58.240495,7,0.0006680210239097,3219,1,3,30.001,AUTO,21,ARMED,100,25.4,5,2704333.136,18,000454_D_A_PROGRAM_1.NC,37,100,0,1,100,10000.0,734821.416,7,344.449664724011,8,264.423536799041,32,-316.318320997007,1055.0,9.063333333333333,UNAVAILABLE,39.698,59.99,072B393C-87F5-4183-9ABC-0870E4B4F53B,0.8733333333333334,DE045126-2C5E-4E72-8491-E202079EAC7C,1.1426666666666667,4000.0,1200.0,3.3,31.0,0.5,133.0,500.0,100.0,3.1,21.7,0.1,600.0,200.0,3.5,21.9,0.1,4200.0,1500.0,2.8,24.7,0.5,1100.0,300.0,3.7,22.8,0.2,2900.0,1700.0,1.7,26.8,1.6
body_p1,18,Al6061_body18_p1,DE045126-2C5E-4E72-8491-E202079EAC7C,33,1013,2025-07-29 11:09:59.240757,7,0.0006680210239097,3219,1,3,30.001,AUTO,21,ARMED,100,25.4,5,2704333.136,18,000454_D_A_PROGRAM_1.NC,38,100,0,0,100,10000.0,734821.416,8,343.767836164659,7,242.002612308241,32,-316.31837820969,1053.0,9.056666666666668,UNAVAILABLE,39.69833333333334,59.99,072B393C-87F5-4183-9ABC-0870E4B4F53B,0.8666666666666667,DE045126-2C5E-4E72-8491-E202079EAC7C,1.1426666666666667,4100.0,1200.0,3.4,31.0,0.5,132.96666666666667,500.0,100.0,3.3,21.7,0.1,700.0,200.0,3.4,21.9,0.2,4000.0,1500.0,2.8,24.7,0.5,1100.0,300.0,3.8,22.8,0.2,3300.0,1900.0,1.7,26.8,1.8
body_p1,19,Al6061_body19_p1,DE045126-2C5E-4E72-8491-E202079EAC7C,34,1009,2025-07-29 11:29:49.506488,7,0.0006680210239097,3119,1,3,30.0005,AUTO,21,ARMED,100,0.0,5,2705414.562,19,000454_D_A_PROGRAM_1.NC,43,100,0,0,100,0.0,735542.017999999,4,12.4206062656161,3,503.598205937012,37,-99.8669982674121,734.0,6.79,UNAVAILABLE,40.07033333333334,59.98,072B393C-87F5-4183-9ABC-0870E4B4F53B,0.8233333333333333,DE045126-2C5E-4E72-8491-E202079EAC7C,1.159,2400.0,200.0,11.4,32.3,0.1,132.96666666666667,200.0,0.0,3.9,22.0,0.1,300.0,100.0,5.1,22.2,0.0,1400.0,800.0,1.7,24.6,0.1,1800.0,200.0,10.9,23.0,0.1,500.0,100.0,4.2,27.1,0.1
body_p1,19,Al6061_body19_p1,DE045126-2C5E-4E72-8491-E202079EAC7C,34,1010,2025-07-29 11:29:50.506652,7,0.0006680210239097,3121,1,3,30.0005,AUTO,21,ARMED,100,633.3333,5,2705414.562,19,000454_D_A_PROGRAM_1.NC,44,100,0,21,100,1647.65657403566,735542.017999999,31,247.927689901281,17,352.846046705405,37,-99.8669982674121,746.6666666666666,7.323333333333333,UNAVAILABLE,40.07033333333334,59.98,072B393C-87F5-4183-9ABC-0870E4B4F53B,1.0,DE045126-2C5E-4E72-8491-E202079EAC7C,1.159,7100.0,1700.0,4.2,32.3,0.1,132.96666666666667,700.0,200.0,4.6,22.0,0.3,4500.0,1000.0,4.7,22.2,0.1,27500.0,6200.0,4.4,24.6,0.2,3300.0,700.0,4.4,23.0,0.1,700.0,200.0,4.1,27.1,0.1
body_p1,19,Al6061_body19_p1,DE045126-2C5E-4E72-8491-E202079EAC7C,34,1011,2025-07-29 11:29:51.506804,7,0.0006680210239097,3122,1,3,30.0005,AUTO,21,ARMED,100,214.5833,5,2705414.562,19,000454_D_A_PROGRAM_1.NC,45,100,0,17,100,4845.67218666973,735542.017999999,5,361.7417051195,5,279.991772628674,91,-312.217659198052,1145.0,13.52,UNAVAILABLE,40.07066666666667,59.98,072B393C-87F5-4183-9ABC-0870E4B4F53B,1.0,DE045126-2C5E-4E72-8491-E202079EAC7C,1.159,9700.0,2200.0,4.4,32.3,0.3,132.83333333333334,200.0,100.0,3.7,22.0,0.1,1700.0,200.0,9.3,22.2,0.1,3200.0,1300.0,2.4,24.6,0.2,22700.0,3700.0,6.1,23.0,0.1,57400.0,9200.0,6.2,27.1,0.9
body_p1,19,Al6061_body19_p1,DE045126-2C5E-4E72-8491-E202079EAC7C,34,1012,2025-07-29 11:29:52.506997,7,0.0006680210239097,3123,1,3,30.0005,AUTO,21,ARMED,100,0.0,5,2705414.562,19,000454_D_A_PROGRAM_1.NC,46,100,0,12,100,7068.62239710553,735542.017999999,5,361.741716563504,5,279.991795517099,29,-312.772393366686,6118.333333333333,50.973333333333336,UNAVAILABLE,40.073,59.98,072B393C-87F5-4183-9ABC-0870E4B4F53B,0.9,DE045126-2C5E-4E72-8491-E202079EAC7C,1.159,9700.0,2800.0,3.5,32.3,0.2,130.06666666666666,300.0,100.0,3.0,22.0,0.1,400.0,100.0,3.9,22.2,0.1,3500.0,1300.0,2.6,24.6,0.2,1300.0,300.0,4.5,23.0,0.1,900.0,300.0,2.7,27.1,0.1
body_p1,19,Al6061_body19_p1,DE045126-2C5E-4E72-8491-E202079EAC7C,34,1013,2025-07-29 11:29:53.507115,7,0.0006680210239097,3123,1,3,30.0005,AUTO,21,ARMED,100,0.0,5,2705414.562,19,000454_D_A_PROGRAM_1.NC,47,100,0,9,100,8444.6168907589,735542.017999999,5,361.741682231493,5,279.991795517099,29,-312.772370481613,5894.0,48.79,UNAVAILABLE,40.074000000000005,59.98,072B393C-87F5-4183-9ABC-0870E4B4F53B,0.9266666666666667,DE045126-2C5E-4E72-8491-E202079EAC7C,1.159,8000.0,2400.0,3.3,32.3,0.3,130.20000000000002,400.0,100.0,3.2,22.0,0.1,400.0,100.0,3.6,22.2,0.1,3400.0,1300.0,2.7,24.6,0.2,900.0,200.0,3.6,23.0,0.1,1400.0,500.0,3.1,27.1,0.4
body_p1,19,Al6061_body19_p1,DE045126-2C5E-4E72-8491-E202079EAC7C,34,1014,2025-07-29 11:29:54.507267,7,0.0006680210239097,3127,1,3,30.0005,AUTO,21,ARMED,100,21.8,5,2705414.562,19,000454_D_A_PROGRAM_1.NC,48,100,0,6,100,10000.0,735542.017999999,21,364.206171367697,16,280.092594141663,31,-315.820604987662,5447.333333333333,45.080000000000005,UNAVAILABLE,40.07533333333333,59.98,072B393C-87F5-4183-9ABC-0870E4B4F53B,0.8833333333333333,DE045126-2C5E-4E72-8491-E202079EAC7C,1.159,7800.0,2400.0,3.3,32.3,0.6,130.5,600.0,100.0,3.9,22.0,0.4,600.0,200.0,3.6,22.2,0.1,5900.0,1400.0,4.2,24.6,0.5,1900.0,400.0,5.1,23.0,0.2,4400.0,1100.0,3.9,27.1,1.1
body_p1,19,Al6061_body19_p1,DE045126-2C5E-4E72-8491-E202079EAC7C,34,1015,2025-07-29 11:29:55.507476,7,0.0006680210239097,3134,1,3,30.0005,AUTO,21,ARMED,100,70.25,5,2705414.562,19,000454_D_A_PROGRAM_1.NC,49,100,0,0,100,10000.0,735542.017999999,24,337.065059842562,16,265.745865261512,36,-312.810817404192,4872.0,40.47666666666667,UNAVAILABLE,40.077,59.98,072B393C-87F5-4183-9ABC-0870E4B4F53B,0.8766666666666666,DE045126-2C5E-4E72-8491-E202079EAC7C,1.159,3700.0,1100.0,3.3,32.3,0.5,130.76666666666668,500.0,100.0,3.5,22.0,0.6,1400.0,300.0,5.7,22.2,0.1,8800.0,1700.0,5.0,24.6,0.5,1200.0,300.0,4.3,23.0,0.2,6500.0,2000.0,3.2,27.1,1.9
body_p1,19,Al6061_body19_p1,DE045126-2C5E-4E72-8491-E202079EAC7C,34,1016,2025-07-29 11:29:56.507688,7,0.0006680210239097,3140,1,3,30.0005,AUTO,21,ARMED,100,20.36667,5,2705414.562,19,000454_D_A_PROGRAM_1.NC,50,100,0,1,100,10000.0,735542.017999999,15,339.26185308291,0,267.781063995992,32,-315.81255818826,2299.6666666666665,22.73333333333333,UNAVAILABLE,40.078,59.99,072B393C-87F5-4183-9ABC-0870E4B4F53B,0.43,DE045126-2C5E-4E72-8491-E202079EAC7C,1.159,4100.0,1100.0,3.7,32.3,0.5,132.20000000000002,500.0,200.0,2.9,22.0,0.5,2100.0,300.0,7.5,22.2,0.1,18500.0,2900.0,6.3,24.6,0.5,1700.0,300.0,5.5,23.0,0.2,6900.0,2200.0,3.2,27.1,1.9
body_p1,19,Al6061_body19_p1,DE045126-2C5E-4E72-8491-E202079EAC7C,34,1017,2025-07-29 11:29:57.507895,7,0.0006680210239097,3150,1,3,30.0005,AUTO,21,ARMED,100,24.95,5,2705414.562,19,000454_D_A_PROGRAM_1.NC,51,100,0,0,100,10000.0,735542.017999999,10,338.862360184657,5,240.021036102198,29,-315.820341809323,1057.3333333333333,9.066666666666665,UNAVAILABLE,40.078,59.99,072B393C-87F5-4183-9ABC-0870E4B4F53B,0.8933333333333334,DE045126-2C5E-4E72-8491-E202079EAC7C,1.159,3800.0,1100.0,3.3,32.3,0.5,132.8,500.0,100.0,3.4,22.0,0.3,600.0,200.0,3.5,22.2,0.1,4600.0,1400.0,3.2,24.6,0.5,1200.0,300.0,4.2,23.0,0.2,3400.0,2100.0,1.6,27.1,2.0
body_p1,19,Al6061_body19_p1,DE045126-2C5E-4E72-8491-E202079EAC7C,34,1018,2025-07-29 11:29:58.508244,7,0.0006680210239097,3157,1,3,30.0005,AUTO,21,ARMED,100,23.71667,5,2705414.562,19,000454_D_A_PROGRAM_1.NC,52,100,0,1,100,10000.0,735542.017999999,1,358.182127802399,1,225.577591620726,41,-312.772244651322,1042.0,8.953333333333333,UNAVAILABLE,40.078,59.99,072B393C-87F5-4183-9ABC-0870E4B4F53B,0.7866666666666666,DE045126-2C5E-4E72-8491-E202079EAC7C,1.159,3700.0,1100.0,3.3,32.3,0.5,132.8,500.0,200.0,3.5,22.0,0.6,1600.0,200.0,7.7,22.2,0.1,6300.0,1400.0,4.4,24.6,0.5,1300.0,300.0,4.3,23.0,0.2,4700.0,2000.0,2.3,27.1,1.9
body_p1,19,Al6061_body19_p1,DE045126-2C5E-4E72-8491-E202079EAC7C,34,1019,2025-07-29 11:29:59.508305,7,0.0006680210239097,3163,1,3,30.0005,AUTO,21,ARMED,100,24.91667,5,2705414.562,19,000454_D_A_PROGRAM_1.NC,53,100,0,1,100,10000.0,735542.017999999,5,363.872717362429,6,225.125321085005,42,-313.147579570268,1107.0,9.576666666666666,UNAVAILABLE,40.079,59.99,072B393C-87F5-4183-9ABC-0870E4B4F53B,0.9133333333333332,DE045126-2C5E-4E72-8491-E202079EAC7C,1.159,3500.0,1200.0,3.0,32.3,0.5,132.8,400.0,200.0,2.7,22.0,0.3,700.0,200.0,4.5,22.2,0.1,3900.0,1400.0,2.8,24.6,0.5,1300.0,300.0,4.9,23.0,0.2,7000.0,2100.0,3.3,27.1,1.9
body_p1,20,Al6061_body20_p1,DE045126-2C5E-4E72-8491-E202079EAC7C,36,986,2025-07-29 11:49:26.790659,7,0.0006680210239097,3121,1,3,30.0005,AUTO,21,ARMED,100,633.3333,5,2706495.946,20,000454_D_A_PROGRAM_1.NC,21,100,0,15,100,792.202405640808,736622.77,26,130.846599896551,16,427.79245529793,37,-99.8669982674121,544.6666666666666,5.223333333333334,UNAVAILABLE,40.448,59.97,072B393C-87F5-4183-9ABC-0870E4B4F53B,0.7333333333333334,DE045126-2C5E-4E72-8491-E202079EAC7C,1.1763333333333332,8300.0,1800.0,4.5,33.7,0.1,132.46666666666667,800.0,100.0,5.3,22.2,0.3,4400.0,1000.0,4.2,22.4,0.1,28000.0,8400.0,3.3,25.2,0.4,2900.0,600.0,4.6,23.2,0.1,700.0,200.0,4.1,28.2,0.1
body_p1,20,Al6061_body20_p1,DE045126-2C5E-4E72-8491-E202079EAC7C,36,987,2025-07-29 11:49:27.790944,7,0.0006680210239097,3122,1,3,30.0005,AUTO,21,ARMED,100,517.0833,5,2706495.946,20,000454_D_A_PROGRAM_1.NC,22,100,0,21,100,4269.99700541023,736622.77,6,361.741728007508,6,279.991749740249,37,-229.958437702776,3748.0,27.186666666666667,UNAVAILABLE,40.448,59.97,072B393C-87F5-4183-9ABC-0870E4B4F53B,1.0,DE045126-2C5E-4E72-8491-E202079EAC7C,1.1763333333333332,13600.0,2400.0,5.7,33.7,0.3,130.73333333333335,300.0,100.0,4.2,22.2,0.1,1800.0,400.0,4.8,22.4,0.1,4700.0,1400.0,3.3,25.2,0.2,29500.0,5500.0,5.4,23.2,0.1,59300.0,14200.0,4.2,28.2,1.4
body_p1,20,Al6061_body20_p1,DE045126-2C5E-4E72-8491-E202079EAC7C,36,988,2025-07-29 11:49:28.791225,7,0.0006680210239097,3123,1,3,30.0005,AUTO,21,ARMED,100,0.0,5,2706495.946,20,000454_D_A_PROGRAM_1.NC,23,100,0,12,100,6609.34780053991,736622.77,5,361.7417051195,5,279.991795517099,29,-312.772404809223,5834.666666666667,48.44666666666666,UNAVAILABLE,40.449666666666666,59.97,072B393C-87F5-4183-9ABC-0870E4B4F53B,0.93,DE045126-2C5E-4E72-8491-E202079EAC7C,1.1763333333333332,8800.0,2400.0,3.6,33.7,0.2,129.5666666666667,300.0,100.0,3.2,22.2,0.1,400.0,100.0,3.8,22.4,0.1,3000.0,1300.0,2.3,25.2,0.2,1200.0,300.0,4.2,23.2,0.1,1100.0,400.0,3.0,28.2,0.1
body_p1,20,Al6061_body20_p1,DE045126-2C5E-4E72-8491-E202079EAC7C,36,989,2025-07-29 11:49:29.791561,7,0.0006680210239097,3123,1,3,30.0005,AUTO,21,ARMED,100,0.0,5,2706495.946,20,000454_D_A_PROGRAM_1.NC,24,100,0,9,100,8038.14444720907,736622.77,5,361.741693675496,5,279.991806961312,29,-312.772393366686,5900.0,49.1,UNAVAILABLE,40.45033333333333,59.97,072B393C-87F5-4183-9ABC-0870E4B4F53B,0.9266666666666667,DE045126-2C5E-4E72-8491-E202079EAC7C,1.1763333333333332,10800.0,3100.0,3.5,33.7,0.3,129.53333333333333,300.0,100.0,3.0,22.2,0.1,400.0,100.0,3.5,22.4,0.1,3100.0,1300.0,2.4,25.2,0.2,1200.0,300.0,4.3,23.2,0.1,1200.0,400.0,2.9,28.2,0.3
body_p1,20,Al6061_body20_p1,DE045126-2C5E-4E72-8491-E202079EAC7C,36,990,2025-07-29 11:49:30.791857,7,0.0006680210239097,3124,1,3,30.0005,AUTO,21,ARMED,100,25.4,5,2706495.946,20,000454_D_A_PROGRAM_1.NC,25,100,0,7,100,10000.0,736622.77,5,361.741716563504,5,279.991795517099,30,-314.317318872302,5300.666666666667,44.09,UNAVAILABLE,40.453,59.97,072B393C-87F5-4183-9ABC-0870E4B4F53B,0.8833333333333333,DE045126-2C5E-4E72-8491-E202079EAC7C,1.1763333333333332,8000.0,2400.0,3.3,33.7,0.6,129.9,600.0,200.0,3.4,22.2,0.5,600.0,100.0,4.4,22.4,0.1,4200.0,1400.0,3.1,25.2,0.5,1900.0,400.0,5.4,23.2,0.1,3900.0,900.0,4.5,28.2,0.8
body_p1,20,Al6061_body20_p1,DE045126-2C5E-4E72-8491-E202079EAC7C,36,991,2025-07-29 11:49:31.792142,7,0.0006680210239097,3131,1,3,30.0005,AUTO,21,ARMED,100,7.65,5,2706495.946,20,000454_D_A_PROGRAM_1.NC,26,100,0,0,100,10000.0,736622.77,5,363.723439800369,6,282.038077941308,42,-312.78288612058,4530.0,38.32666666666666,UNAVAILABLE,40.45433333333333,59.97,072B393C-87F5-4183-9ABC-0870E4B4F53B,0.8833333333333333,DE045126-2C5E-4E72-8491-E202079EAC7C,1.1763333333333332,6000.0,1300.0,4.5,33.7,0.6,130.26666666666668,500.0,200.0,2.9,22.2,0.4,1300.0,300.0,5.3,22.4,0.1,8800.0,2000.0,4.4,25.2,0.6,2000.0,300.0,5.9,23.2,0.2,6400.0,1900.0,3.3,28.2,1.7
body_p1,20,Al6061_body20_p1,DE045126-2C5E-4E72-8491-E202079EAC7C,36,992,2025-07-29 11:49:32.792436,7,0.0006680210239097,3139,1,3,30.0005,AUTO,21,ARMED,100,25.03333,5,2706495.946,20,000454_D_A_PROGRAM_1.NC,27,100,0,0,100,10000.0,736622.77,4,336.279936266704,9,266.405387239648,32,-315.82047911976,1035.0,8.896666666666667,UNAVAILABLE,40.45466666666667,59.97,072B393C-87F5-4183-9ABC-0870E4B4F53B,0.7933333333333333,DE045126-2C5E-4E72-8491-E202079EAC7C,1.1763333333333332,3600.0,1200.0,3.1,33.7,0.6,132.16666666666666,500.0,200.0,2.4,22.2,0.5,700.0,200.0,4.0,22.4,0.1,3800.0,1400.0,2.8,25.2,0.5,2200.0,300.0,7.7,23.2,0.2,6100.0,1900.0,3.2,28.2,1.8
body_p1,20,Al6061_body20_p1,DE045126-2C5E-4E72-8491-E202079EAC7C,36,993,2025-07-29 11:49:33.792766,7,0.0006680210239097,3148,1,3,30.0005,AUTO,21,ARMED,100,24.7,5,2706495.946,20,000454_D_A_PROGRAM_1.NC,28,100,0,0,100,10000.0,736622.77,13,337.776609878828,13,236.756098994377,38,-315.819369193722,1117.3333333333333,9.743333333333334,UNAVAILABLE,40.455333333333336,59.97,072B393C-87F5-4183-9ABC-0870E4B4F53B,0.9133333333333332,DE045126-2C5E-4E72-8491-E202079EAC7C,1.1763333333333332,4000.0,1200.0,3.5,33.7,0.6,132.06666666666666,600.0,100.0,4.6,22.2,0.6,500.0,100.0,3.3,22.4,0.1,4200.0,1400.0,2.9,25.2,0.5,1700.0,300.0,6.0,23.2,0.2,7400.0,1800.0,4.1,28.2,1.7
body_p1,20,Al6061_body20_p1,DE045126-2C5E-4E72-8491-E202079EAC7C,36,994,2025-07-29 11:49:34.793055,7,0.0006680210239097,3155,1,3,30.0005,AUTO,21,ARMED,100,37.01667,5,2706495.946,20,000454_D_A_PROGRAM_1.NC,29,100,0,0,100,10000.0,736622.77,6,343.322983687633,6,236.374452200825,31,-312.772050129841,1035.3333333333333,8.9,UNAVAILABLE,40.455333333333336,59.97,072B393C-87F5-4183-9ABC-0870E4B4F53B,0.85,DE045126-2C5E-4E72-8491-E202079EAC7C,1.1763333333333332,3800.0,1200.0,3.3,33.7,0.6,132.13333333333333,400.0,100.0,3.0,22.2,0.5,1600.0,300.0,6.0,22.4,0.1,10200.0,2000.0,5.2,25.2,0.5,1400.0,300.0,4.8,23.2,0.2,5500.0,1900.0,2.9,28.2,1.7
body_p1,20,Al6061_body20_p1,DE045126-2C5E-4E72-8491-E202079EAC7C,36,995,2025-07-29 11:49:35.793328,7,0.0006680210239097,3161,1,3,30.0005,AUTO,21,ARMED,100,25.03333,5,2706495.946,20,000454_D_A_PROGRAM_1.NC,30,100,0,0,100,10000.0,736622.77,14,362.49176802565,2,222.338903639293,31,-315.820273154104,1109.6666666666667,9.326666666666666,UNAVAILABLE,40.455333333333336,59.97,072B393C-87F5-4183-9ABC-0870E4B4F53B,0.8966666666666666,DE045126-2C5E-4E72-8491-E202079EAC7C,1.1763333333333332,3700.0,1200.0,3.2,33.7,0.6,132.16666666666666,400.0,200.0,2.7,22.2,0.4,600.0,200.0,3.7,22.4,0.1,6700.0,1400.0,4.7,25.2,0.6,1500.0,300.0,5.5,23.2,0.2,6300.0,2000.0,3.2,28.2,1.8
body_p1,20,Al6061_body20_p1,DE045126-2C5E-4E72-8491-E202079EAC7C,36,996,2025-07-29 11:49:36.793599,7,0.0006680210239097,3169,1,3,30.0005,AUTO,21,ARMED,100,16.63333,5,2706495.946,20,000454_D_A_PROGRAM_1.NC,31,100,0,0,100,10000.0,736622.77,14,400.108082545712,2,222.956874888133,29,-315.820559217516,1061.0,9.016666666666667,UNAVAILABLE,40.455666666666666,59.97,072B393C-87F5-4183-9ABC-0870E4B4F53B,0.89,DE045126-2C5E-4E72-8491-E202079EAC7C,1.1763333333333332,3500.0,1200.0,3.0,33.7,0.6,132.13333333333333,400.0,200.0,2.7,22.2,0.5,600.0,200.0,3.8,22.4,0.1,6200.0,1400.0,4.4,25.2,0.5,1900.0,300.0,6.5,23.2,0.2,4700.0,1800.0,2.6,28.2,1.7
body_p1,20,Al6061_body20_p1,DE045126-2C5E-4E72-8491-E202079EAC7C,36,997,2025-07-29 11:49:37.793942,7,0.0006680210239097,3177,1,3,30.0005,AUTO,21,ARMED,100,16.5,5,2706495.946,20,000454_D_A_PROGRAM_1.NC,32,100,0,0,100,10000.0,736622.77,1,407.66435303286,5,229.31228345615,41,-312.772130226921,1041.3333333333333,8.963333333333333,UNAVAILABLE,40.45666666666666,59.97,072B393C-87F5-4183-9ABC-0870E4B4F53B,0.8700000000000001,DE045126-2C5E-4E72-8491-E202079EAC7C,1.1763333333333332,3800.0,1200.0,3.3,33.7,0.6,132.13333333333333,500.0,100.0,3.1,22.2,0.6,1200.0,200.0,5.5,22.4,0.1,7300.0,1600.0,4.5,25.2,0.5,1200.0,300.0,4.4,23.2,0.2,4400.0,1800.0,2.5,28.2,1.6
body_p1,20,Al6061_body20_p1,DE045126-2C5E-4E72-8491-E202079EAC7C,36,998,2025-07-29 11:49:38.794202,7,0.0006680210239097,3183,1,3,30.0005,AUTO,21,ARMED,100,25.03333,5,2706495.946,20,000454_D_A_PROGRAM_1.NC,33,100,0,0,100,10000.0,736622.77,8,424.570174881538,9,239.354057898827,33,-315.766307845525,1097.6666666666667,9.53,UNAVAILABLE,40.45666666666666,59.97,072B393C-87F5-4183-9ABC-0870E4B4F53B,0.8466666666666667,DE045126-2C5E-4E72-8491-E202079EAC7C,1.1763333333333332,3700.0,1200.0,3.2,33.7,0.6,132.16666666666666,400.0,200.0,2.6,22.2,0.6,600.0,100.0,4.0,22.4,0.1,10500.0,1600.0,6.7,25.2,0.5,1600.0,300.0,5.5,23.2,0.2,7000.0,1900.0,3.6,28.2,1.7
body_p1,20,Al6061_body20_p1,DE045126-2C5E-4E72-8491-E202079EAC7C,36,999,2025-07-29 11:49:39.794354,7,0.0006680210239097,3193,1,3,30.0005,AUTO,21,ARMED,100,22.75,5,2706495.946,20,000454_D_A_PROGRAM_1.NC,34,100,0,0,100,10000.0,736622.77,1,425.221287136267,11,267.033193559341,31,-315.820524889906,1051.3333333333333,9.043333333333337,UNAVAILABLE,40.45666666666666,59.97,072B393C-87F5-4183-9ABC-0870E4B4F53B,0.9066666666666666,DE045126-2C5E-4E72-8491-E202079EAC7C,1.1763333333333332,4500.0,1200.0,3.8,33.7,0.6,132.16666666666666,400.0,100.0,3.2,22.2,0.3,600.0,200.0,3.6,22.4,0.1,5000.0,1500.0,3.4,25.2,0.5,1700.0,300.0,5.8,23.2,0.2,4200.0,1800.0,2.3,28.2,1.7
body_p1,20,Al6061_body20_p1,DE045126-2C5E-4E72-8491-E202079EAC7C,36,1000,2025-07-29 11:49:40.794621,7,0.0006680210239097,3200,1,3,30.0005,AUTO,21,ARMED,100,6.216667,5,2706495.946,20,000454_D_A_PROGRAM_1.NC,35,100,0,0,100,10000.0,736622.77,66,399.457553201268,27,279.217167882811,40,-312.771558061523,1037.0,8.913333333333334,UNAVAILABLE,40.45666666666666,59.97,072B393C-87F5-4183-9ABC-0870E4B4F53B,0.88,DE045126-2C5E-4E72-8491-E202079EAC7C,1.1763333333333332,4100.0,1200.0,3.5,33.7,0.6,132.13333333333333,400.0,100.0,2.8,22.2,0.6,1200.0,200.0,5.6,22.4,0.1,7500.0,1700.0,4.3,25.2,0.5,2200.0,300.0,7.7,23.2,0.2,7500.0,1800.0,4.2,28.2,1.7
body_p1,20,Al6061_body20_p1,DE045126-2C5E-4E72-8491-E202079EAC7C,36,1001,2025-07-29 11:49:41.794781,7,0.0006680210239097,3207,1,3,30.0005,AUTO,21,ARMED,100,19.43333,5,2706495.946,20,000454_D_A_PROGRAM_1.NC,36,100,0,0,100,10000.0,736622.77,4,399.874570336419,6,282.125488597948,34,-312.867846238048,1099.6666666666667,9.573333333333334,UNAVAILABLE,40.458,59.97,072B393C-87F5-4183-9ABC-0870E4B4F53B,0.8466666666666667,DE045126-2C5E-4E72-8491-E202079EAC7C,1.1763333333333332,4000.0,1200.0,3.5,33.7,0.6,132.13333333333333,400.0,200.0,2.8,22.2,0.6,1000.0,200.0,5.4,22.4,0.1,7200.0,1700.0,4.2,25.2,0.5,1900.0,300.0,6.6,23.2,0.2,6200.0,2000.0,3.1,28.2,1.7
body_p1,20,Al6061_body20_p1,DE045126-2C5E-4E72-8491-E202079EAC7C,36,1002,2025-07-29 11:49:42.795058,7,0.0006680210239097,3215,1,3,30.0005,AUTO,21,ARMED,100,25.21667,5,2706495.946,20,000454_D_A_PROGRAM_1.NC,37,100,0,0,100,10000.0,736622.77,7,380.071987890042,19,272.885005922399,31,-316.318423979835,1068.6666666666667,9.21,UNAVAILABLE,40.458,59.97,072B393C-87F5-4183-9ABC-0870E4B4F53B,0.8866666666666667,DE045126-2C5E-4E72-8491-E202079EAC7C,1.1763333333333332,4400.0,1200.0,3.6,33.7,0.6,132.2,500.0,200.0,2.9,22.2,0.4,500.0,200.0,3.1,22.4,0.1,4500.0,1300.0,3.3,25.2,0.5,1300.0,300.0,4.0,23.2,0.2,3400.0,2000.0,1.7,28.2,1.9
body_p1,20,Al6061_body20_p1,DE045126-2C5E-4E72-8491-E202079EAC7C,36,1003,2025-07-29 11:49:43.795331,7,0.0006680210239097,3219,1,3,30.0005,AUTO,21,ARMED,100,25.4,5,2706495.946,20,000454_D_A_PROGRAM_1.NC,38,100,0,0,100,10000.0,736622.77,8,351.955059302703,7,271.533485623255,32,-316.318366767153,1054.6666666666667,8.97,UNAVAILABLE,40.458,59.97,072B393C-87F5-4183-9ABC-0870E4B4F53B,0.8866666666666667,DE045126-2C5E-4E72-8491-E202079EAC7C,1.1763333333333332,3900.0,1200.0,3.2,33.7,0.6,132.16666666666666,500.0,200.0,2.6,22.2,0.2,500.0,200.0,3.4,22.4,0.1,3900.0,1400.0,2.7,25.2,0.5,1100.0,300.0,3.4,23.2,0.2,3200.0,1900.0,1.7,28.2,1.8
body_p1,20,Al6061_body20_p1,DE045126-2C5E-4E72-8491-E202079EAC7C,36,1004,2025-07-29 11:49:44.795503,7,0.0006680210239097,3219,1,3,30.0005,AUTO,21,ARMED,100,25.4,5,2706495.946,20,000454_D_A_PROGRAM_1.NC,39,100,0,0,100,10000.0,736622.77,6,341.074036521863,7,250.650381438414,32,-316.318286669398,1063.3333333333333,9.15,UNAVAILABLE,40.458333333333336,59.97,072B393C-87F5-4183-9ABC-0870E4B4F53B,0.8766666666666666,DE045126-2C5E-4E72-8491-E202079EAC7C,1.1763333333333332,3800.0,1200.0,3.2,33.7,0.6,132.13333333333333,400.0,200.0,2.6,22.2,0.2,700.0,200.0,3.5,22.4,0.1,4300.0,1500.0,2.9,25.2,0.5,1100.0,300.0,3.8,23.2,0.2,3100.0,1800.0,1.7,28.2,1.7
body_p1,20,Al6061_body20_p1,DE045126-2C5E-4E72-8491-E202079EAC7C,36,1005,2025-07-29 11:49:45.795649,7,0.0006680210239097,3219,1,3,30.0005,AUTO,21,ARMED,100,25.4,5,2706495.946,20,000454_D_A_PROGRAM_1.NC,40,100,0,0,100,10000.0,736622.77,8,356.831906997692,7,231.718393362757,32,-316.318252341788,1056.6666666666667,9.07,UNAVAILABLE,40.459,59.97,072B393C-87F5-4183-9ABC-0870E4B4F53B,0.8833333333333334,DE045126-2C5E-4E72-8491-E202079EAC7C,1.1763333333333332,4300.0,1300.0,3.2,33.7,0.6,132.16666666666666,500.0,200.0,2.7,22.2,0.2,700.0,200.0,3.2,22.4,0.2,3500.0,1400.0,2.5,25.2,0.6,1200.0,300.0,3.6,23.2,0.2,3300.0,2000.0,1.7,28.2,1.9
body_p1,20,Al6061_body20_p1,DE045126-2C5E-4E72-8491-E202079EAC7C,36,1006,2025-07-29 11:49:46.795774,7,0.0006680210239097,3222,1,3,30.0005,AUTO,21,ARMED,100,25.4,5,2706495.946,20,000454_D_A_PROGRAM_1.NC,41,100,0,1,100,10000.0,736622.77,8,381.449000148633,4,232.407548917938,31,-316.318275226861,1057.6666666666667,9.123333333333337,UNAVAILABLE,40.45933333333333,59.97,072B393C-87F5-4183-9ABC-0870E4B4F53B,0.8700000000000001,DE045126-2C5E-4E72-8491-E202079EAC7C,1.1763333333333332,4500.0,1400.0,3.2,33.7,0.6,132.13333333333333,500.0,200.0,2.5,22.2,0.4,600.0,200.0,3.5,22.4,0.2,4100.0,1500.0,2.7,25.2,0.5,1200.0,300.0,3.6,23.2,0.2,3200.0,1900.0,1.7,28.2,1.8
body_p1,20,Al6061_body20_p1,DE045126-2C5E-4E72-8491-E202079EAC7C,36,1007,2025-07-29 11:49:47.796118,7,0.0006680210239097,3225,1,3,30.0005,AUTO,21,ARMED,100,25.4,5,2706495.946,20,000454_D_A_PROGRAM_1.NC,42,100,0,1,100,10000.0,736622.77,7,407.221040035122,7,232.635879262017,31,-316.318355324617,1052.3333333333333,9.073333333333332,UNAVAILABLE,40.45933333333333,59.97,072B393C-87F5-4183-9ABC-0870E4B4F53B,0.8766666666666666,DE045126-2C5E-4E72-8491-E202079EAC7C,1.1763333333333332,4500.0,1400.0,3.2,33.7,0.6,132.13333333333333,500.0,200.0,2.7,22.2,0.2,600.0,200.0,3.4,22.4,0.2,3600.0,1400.0,2.5,25.2,0.6,1200.0,300.0,3.6,23.2,0.2,3200.0,1900.0,1.7,28.2,1.8
body_p1,20,Al6061_body20_p1,DE045126-2C5E-4E72-8491-E202079EAC7C,36,1008,2025-07-29 11:49:48.796309,7,0.0006680210239097,3225,1,3,30.0005,AUTO,21,ARMED,100,25.4,5,2706495.946,20,000454_D_A_PROGRAM_1.NC,43,100,0,0,100,10000.0,736622.77,7,420.450403659647,7,252.109086214693,32,-316.318332439544,1066.0,9.18,UNAVAILABLE,40.45966666666666,59.97,072B393C-87F5-4183-9ABC-0870E4B4F53B,0.8700000000000001,DE045126-2C5E-4E72-8491-E202079EAC7C,1.1763333333333332,4800.0,1200.0,3.9,33.7,0.6,132.13333333333333,400.0,200.0,2.4,22.2,0.2,700.0,200.0,3.7,22.4,0.1,4100.0,1500.0,2.7,25.2,0.5,1200.0,300.0,3.9,23.2,0.2,3000.0,1800.0,1.7,28.2,1.7
body_p1,20,Al6061_body20_p1,DE045126-2C5E-4E72-8491-E202079EAC7C,36,1009,2025-07-29 11:49:49.796521,7,0.0006680210239097,3225,1,3,30.0005,AUTO,21,ARMED,100,25.4,5,2706495.946,20,000454_D_A_PROGRAM_1.NC,44,100,0,0,100,10000.0,736622.77,7,409.357113202414,8,271.605309642023,32,-316.318240899252,1054.3333333333333,9.07,UNAVAILABLE,40.45966666666666,59.97,072B393C-87F5-4183-9ABC-0870E4B4F53B,0.88,DE045126-2C5E-4E72-8491-E202079EAC7C,1.1763333333333332,4200.0,1300.0,3.3,33.7,0.6,132.13333333333333,400.0,200.0,2.5,22.2,0.2,700.0,200.0,3.4,22.4,0.2,3600.0,1400.0,2.5,25.2,0.5,1200.0,300.0,3.4,23.2,0.2,3500.0,2000.0,1.7,28.2,1.9
body_p1,20,Al6061_body20_p1,DE045126-2C5E-4E72-8491-E202079EAC7C,36,1010,2025-07-29 11:49:50.796822,7,0.0006680210239097,3228,1,3,30.0005,AUTO,21,ARMED,100,25.4,5,2706495.946,20,000454_D_A_PROGRAM_1.NC,45,100,0,0,100,10000.0,736622.77,8,382.528376535316,5,272.884802427891,33,-316.318195129106,1063.6666666666667,9.14,UNAVAILABLE,40.46,59.97,072B393C-87F5-4183-9ABC-0870E4B4F53B,0.8766666666666666,DE045126-2C5E-4E72-8491-E202079EAC7C,1.1763333333333332,4000.0,1200.0,3.2,33.7,0.6,132.16666666666666,500.0,200.0,2.9,22.2,0.7,600.0,200.0,3.2,22.4,0.2,4100.0,1400.0,3.0,25.2,0.5,1300.0,300.0,4.1,23.2,0.2,4400.0,2000.0,2.2,28.2,1.9
body_p1,21,Al6061_body21_p1,DE045126-2C5E-4E72-8491-E202079EAC7C,36,990,2025-07-30 10:06:42.634621,2,0.0001678978379824,28,1,20,30.0005,AUTO,21,ARMED,100,0.0,5,2723429.968,21,O9735.FNC,27,100,0,0,100,0.0,745989.748999999,5,12.4206062656161,5,503.598205937012,34,-99.8670097108772,744.0,7.1066666666666665,UNAVAILABLE,44.72166666666666,60.02,072B393C-87F5-4183-9ABC-0870E4B4F53B,0.8933333333333332,DE045126-2C5E-4E72-8491-E202079EAC7C,1.354,2700.0,200.0,12.9,28.4,0.1,133.13333333333335,1300.0,200.0,5.6,22.4,0.2,2400.0,300.0,8.7,21.7,0.0,19100.0,2600.0,7.4,24.6,0.1,1400.0,100.0,10.3,22.5,0.0,500.0,100.0,4.5,26.2,0.1
body_p1,21,Al6061_body21_p1,DE045126-2C5E-4E72-8491-E202079EAC7C,36,991,2025-07-30 10:06:43.634913,2,0.0001678978379824,3121,1,20,30.001,AUTO,21,ARMED,100,249.9667,5,2723429.968,21,000454_D_A_PROGRAM_1.NC,28,100,0,34,100,2069.75735429516,745989.748999999,104,329.826940012094,46,300.419268586635,35,-99.8669982674121,744.0,7.1066666666666665,UNAVAILABLE,44.72166666666666,60.02,072B393C-87F5-4183-9ABC-0870E4B4F53B,0.8933333333333332,DE045126-2C5E-4E72-8491-E202079EAC7C,1.354,8500.0,1900.0,4.4,28.4,0.1,133.13333333333335,800.0,100.0,8.4,22.4,0.2,4600.0,700.0,6.7,21.7,0.1,24000.0,3700.0,6.4,24.6,0.2,3200.0,600.0,5.2,22.5,0.1,16500.0,1700.0,9.8,26.2,0.2
body_p1,21,Al6061_body21_p1,DE045126-2C5E-4E72-8491-E202079EAC7C,36,992,2025-07-30 10:06:44.635211,2,0.0001678978379824,3123,1,20,30.001,AUTO,21,ARMED,100,0.0,5,2723429.968,21,000454_D_A_PROGRAM_1.NC,29,100,0,16,100,5372.77656621311,745989.748999999,5,361.7417051195,5,279.991795517099,28,-312.759268777342,2534.0,23.42,UNAVAILABLE,44.72166666666666,60.02,072B393C-87F5-4183-9ABC-0870E4B4F53B,1.0,DE045126-2C5E-4E72-8491-E202079EAC7C,1.354,7900.0,2300.0,3.4,28.4,0.3,132.29999999999998,200.0,100.0,3.7,22.4,0.1,300.0,100.0,3.7,21.7,0.1,2900.0,1300.0,2.3,24.6,0.2,2100.0,300.0,7.2,22.5,0.1,1200.0,200.0,5.9,26.2,0.2
body_p1,21,Al6061_body21_p1,DE045126-2C5E-4E72-8491-E202079EAC7C,36,993,2025-07-30 10:06:45.635508,2,0.0001678978379824,3123,1,20,30.001,AUTO,21,ARMED,100,0.0,5,2723429.968,21,000454_D_A_PROGRAM_1.NC,30,100,0,11,100,7267.22142849027,745989.748999999,5,361.741682231493,5,279.991795517099,29,-312.759211564659,6044.0,50.02666666666667,UNAVAILABLE,44.723333333333336,60.02,072B393C-87F5-4183-9ABC-0870E4B4F53B,0.92,DE045126-2C5E-4E72-8491-E202079EAC7C,1.354,10300.0,3400.0,3.0,28.4,0.2,130.33333333333334,300.0,100.0,3.2,22.4,0.1,400.0,100.0,3.6,21.7,0.1,3500.0,1300.0,2.7,24.6,0.2,1000.0,300.0,4.1,22.5,0.1,700.0,200.0,3.5,26.2,0.1
body_p1,21,Al6061_body21_p1,DE045126-2C5E-4E72-8491-E202079EAC7C,36,994,2025-07-30 10:06:46.635766,2,0.0001678978379824,3123,1,20,30.001,AUTO,21,ARMED,100,0.0,5,2723429.968,21,000454_D_A_PROGRAM_1.NC,31,100,0,7,100,8830.51343943806,745989.748999999,5,361.7417051195,5,279.991806961312,29,-312.75917723705,5906.333333333333,48.10666666666668,UNAVAILABLE,44.72566666666666,60.02,072B393C-87F5-4183-9ABC-0870E4B4F53B,0.94,DE045126-2C5E-4E72-8491-E202079EAC7C,1.354,6900.0,2000.0,3.4,28.4,0.2,130.43333333333334,400.0,100.0,3.2,22.4,0.1,400.0,100.0,3.6,21.7,0.1,3200.0,1300.0,2.5,24.6,0.2,1000.0,200.0,4.0,22.5,0.1,1300.0,500.0,2.7,26.2,0.5
body_p1,21,Al6061_body21_p1,DE045126-2C5E-4E72-8491-E202079EAC7C,36,995,2025-07-30 10:06:47.635914,2,0.0001678978379824,3128,1,20,30.001,AUTO,21,ARMED,100,25.03333,5,2723429.968,21,000454_D_A_PROGRAM_1.NC,32,100,0,5,100,10000.0,745989.748999999,17,360.907586004421,5,280.919120059666,31,-315.807240105051,5008.666666666667,41.38999999999999,UNAVAILABLE,44.728,60.02,072B393C-87F5-4183-9ABC-0870E4B4F53B,0.9033333333333332,DE045126-2C5E-4E72-8491-E202079EAC7C,1.354,7100.0,2200.0,3.3,28.4,0.5,130.9,500.0,100.0,4.3,22.4,0.4,600.0,200.0,3.7,21.7,0.1,4100.0,1600.0,2.6,24.6,0.6,1300.0,400.0,3.6,22.5,0.2,3400.0,1300.0,2.7,26.2,1.2
body_p1,21,Al6061_body21_p1,DE045126-2C5E-4E72-8491-E202079EAC7C,36,996,2025-07-30 10:06:48.636127,2,0.0001678978379824,3134,1,20,30.001,AUTO,21,ARMED,100,8.05,5,2723429.968,21,000454_D_A_PROGRAM_1.NC,33,100,0,0,100,10000.0,745989.748999999,6,337.063268927745,7,265.73904447512,31,-315.661439305201,4433.0,36.870000000000005,UNAVAILABLE,44.72899999999999,60.03,072B393C-87F5-4183-9ABC-0870E4B4F53B,0.66,DE045126-2C5E-4E72-8491-E202079EAC7C,1.354,3700.0,1100.0,3.4,28.4,0.5,131.2,600.0,100.0,4.5,22.4,0.5,600.0,100.0,4.3,21.7,0.1,3600.0,1200.0,3.0,24.6,0.5,2400.0,300.0,7.9,22.5,0.2,4500.0,1800.0,2.5,26.2,1.6
body_p1,21,Al6061_body21_p1,DE045126-2C5E-4E72-8491-E202079EAC7C,36,997,2025-07-30 10:06:49.636341,2,0.0001678978379824,3142,1,20,30.001,AUTO,21,ARMED,100,24.15,5,2723429.968,21,000454_D_A_PROGRAM_1.NC,34,100,0,1,100,10000.0,745989.748999999,5,339.19156503739,6,267.876108510466,39,-312.803665591735,1048.3333333333333,8.826666666666666,UNAVAILABLE,44.72899999999999,60.02,072B393C-87F5-4183-9ABC-0870E4B4F53B,0.8933333333333332,DE045126-2C5E-4E72-8491-E202079EAC7C,1.354,3700.0,1100.0,3.5,28.4,0.5,132.99999999999997,400.0,100.0,4.4,22.4,0.7,2200.0,400.0,5.4,21.7,0.1,16700.0,3100.0,5.3,24.6,0.5,2500.0,400.0,6.3,22.5,0.2,6100.0,1900.0,3.2,26.2,1.6
body_p1,21,Al6061_body21_p1,DE045126-2C5E-4E72-8491-E202079EAC7C,36,998,2025-07-30 10:06:50.636661,2,0.0001678978379824,3150,1,20,30.001,AUTO,21,ARMED,100,25.03333,5,2723429.968,21,000454_D_A_PROGRAM_1.NC,35,100,0,0,100,10000.0,745989.748999999,11,338.519979974275,0,236.633250997016,32,-315.80730876027,1051.3333333333333,9.866666666666667,UNAVAILABLE,44.72899999999999,60.02,072B393C-87F5-4183-9ABC-0870E4B4F53B,0.7966666666666665,DE045126-2C5E-4E72-8491-E202079EAC7C,1.354,3600.0,1100.0,3.4,28.4,0.5,133.03333333333333,500.0,100.0,4.3,22.4,0.4,600.0,100.0,4.3,21.7,0.1,4100.0,1300.0,3.2,24.6,0.5,1800.0,300.0,6.3,22.5,0.2,6500.0,1900.0,3.5,26.2,1.7
body_p1,21,Al6061_body21_p1,DE045126-2C5E-4E72-8491-E202079EAC7C,36,999,2025-07-30 10:06:51.636814,2,0.0001678978379824,3157,1,20,30.001,AUTO,21,ARMED,100,11.05,5,2723429.968,21,000454_D_A_PROGRAM_1.NC,36,100,0,0,100,10000.0,745989.748999999,6,361.741716563504,7,222.994072579081,22,-315.356816098985,1092.6666666666667,9.01,UNAVAILABLE,44.73033333333333,60.02,072B393C-87F5-4183-9ABC-0870E4B4F53B,0.91,DE045126-2C5E-4E72-8491-E202079EAC7C,1.354,3800.0,1100.0,3.6,28.4,0.5,132.96666666666667,600.0,200.0,4.1,22.4,0.5,600.0,200.0,4.0,21.7,0.1,5700.0,1300.0,4.3,24.6,0.5,2800.0,300.0,8.7,22.5,0.2,8800.0,1800.0,4.9,26.2,1.7
body_p1,21,Al6061_body21_p1,DE045126-2C5E-4E72-8491-E202079EAC7C,36,1000,2025-07-30 10:06:52.637008,2,0.0001678978379824,3166,1,20,30.001,AUTO,21,ARMED,100,16.75,5,2723429.968,21,000454_D_A_PROGRAM_1.NC,37,100,0,1,100,10000.0,745989.748999999,25,383.384952379301,4,223.897506066556,39,-312.758914208648,1041.3333333333333,8.86,UNAVAILABLE,44.73033333333333,60.02,072B393C-87F5-4183-9ABC-0870E4B4F53B,0.8866666666666667,DE045126-2C5E-4E72-8491-E202079EAC7C,1.354,3400.0,1100.0,3.2,28.4,0.5,132.9,700.0,100.0,5.8,22.4,0.1,700.0,200.0,4.7,21.7,0.1,3300.0,1200.0,2.7,24.6,0.5,1400.0,300.0,4.8,22.5,0.2,6400.0,1800.0,3.5,26.2,1.7
body_p1,21,Al6061_body21_p1,DE045126-2C5E-4E72-8491-E202079EAC7C,36,1001,2025-07-30 10:06:53.637201,2,0.0001678978379824,3173,1,20,30.001,AUTO,21,ARMED,100,25.03333,5,2723429.968,21,000454_D_A_PROGRAM_1.NC,38,100,0,0,100,10000.0,745989.748999999,2,398.505989771638,13,222.33749610118,31,-315.807205777442,1086.6666666666667,9.356666666666667,UNAVAILABLE,44.73066666666667,60.02,072B393C-87F5-4183-9ABC-0870E4B4F53B,0.8333333333333334,DE045126-2C5E-4E72-8491-E202079EAC7C,1.354,3500.0,1100.0,3.2,28.4,0.5,132.9333333333333,500.0,100.0,4.6,22.4,0.4,600.0,200.0,3.7,21.7,0.1,3600.0,1300.0,2.8,24.6,0.5,1800.0,300.0,6.2,22.5,0.2,6300.0,2000.0,3.2,26.2,1.8
body_p1,21,Al6061_body21_p1,DE045126-2C5E-4E72-8491-E202079EAC7C,36,1002,2025-07-30 10:06:54.637323,2,0.0001678978379824,3181,1,20,30.001,AUTO,21,ARMED,100,24.85,5,2723429.968,21,000454_D_A_PROGRAM_1.NC,39,100,0,0,100,10000.0,745989.748999999,3,425.087976577767,9,239.09500046103,30,-315.807297317733,1074.0,9.17,UNAVAILABLE,44.73066666666667,60.02,072B393C-87F5-4183-9ABC-0870E4B4F53B,0.9066666666666666,DE045126-2C5E-4E72-8491-E202079EAC7C,1.354,3500.0,1100.0,3.4,28.4,0.5,132.9333333333333,500.0,100.0,3.7,22.4,0.4,600.0,200.0,3.6,21.7,0.1,4500.0,1300.0,3.5,24.6,0.5,1900.0,300.0,6.4,22.5,0.2,5400.0,1800.0,3.0,26.2,1.7
body_p1,21,Al6061_body21_p1,DE045126-2C5E-4E72-8491-E202079EAC7C,36,1003,2025-07-30 10:06:55.637644,2,0.0001678978379824,3188,1,20,30.001,AUTO,21,ARMED,100,120.65,5,2723429.968,21,000454_D_A_PROGRAM_1.NC,40,100,0,0,100,10000.0,745989.748999999,13,423.407304373088,63,253.573252257307,39,-312.758925651088,1049.3333333333333,8.950000000000001,UNAVAILABLE,44.73133333333333,60.03,072B393C-87F5-4183-9ABC-0870E4B4F53B,0.88,DE045126-2C5E-4E72-8491-E202079EAC7C,1.354,3800.0,1100.0,3.6,28.4,0.5,133.03333333333333,700.0,100.0,4.9,22.4,0.8,1500.0,300.0,5.6,21.7,0.1,14600.0,2600.0,5.6,24.6,0.5,1500.0,300.0,5.2,22.5,0.2,4300.0,1800.0,2.4,26.2,1.7
body_p1,21,Al6061_body21_p1,DE045126-2C5E-4E72-8491-E202079EAC7C,36,1004,2025-07-30 10:06:56.637797,2,0.0001678978379824,3195,1,20,30.001,AUTO,21,ARMED,100,24.95,5,2723429.968,21,000454_D_A_PROGRAM_1.NC,41,100,0,0,100,10000.0,745989.748999999,20,424.740650322278,4,267.630285973331,32,-315.807775248314,1029.3333333333333,8.773333333333332,UNAVAILABLE,44.73133333333333,60.02,072B393C-87F5-4183-9ABC-0870E4B4F53B,0.8833333333333334,DE045126-2C5E-4E72-8491-E202079EAC7C,1.354,3500.0,1000.0,3.3,28.4,0.5,133.0,500.0,100.0,4.1,22.4,0.4,600.0,100.0,3.8,21.7,0.1,6700.0,1400.0,5.0,24.6,0.5,2400.0,300.0,7.7,22.5,0.2,7100.0,1900.0,3.7,26.2,1.7
body_p1,21,Al6061_body21_p1,DE045126-2C5E-4E72-8491-E202079EAC7C,36,1005,2025-07-30 10:06:57.638096,2,0.0001678978379824,3205,1,20,30.001,AUTO,21,ARMED,100,21.06667,5,2723429.968,21,000454_D_A_PROGRAM_1.NC,42,100,0,1,100,10000.0,745989.748999999,20,400.47704032603,12,281.640574003967,28,-315.80730876027,1113.3333333333333,9.616666666666667,UNAVAILABLE,44.73133333333333,60.03,072B393C-87F5-4183-9ABC-0870E4B4F53B,0.84,DE045126-2C5E-4E72-8491-E202079EAC7C,1.354,4000.0,1100.0,3.8,28.4,0.5,132.9333333333333,600.0,100.0,4.4,22.4,0.2,600.0,200.0,3.3,21.7,0.1,6300.0,1300.0,4.8,24.6,0.5,2100.0,300.0,6.8,22.5,0.2,3100.0,1900.0,1.7,26.2,1.8
body_p1,21,Al6061_body21_p1,DE045126-2C5E-4E72-8491-E202079EAC7C,36,1006,2025-07-30 10:06:58.638308,2,0.0001678978379824,3211,1,20,30.001,AUTO,21,ARMED,100,67.91667,5,2723429.968,21,000454_D_A_PROGRAM_1.NC,43,100,0,0,100,10000.0,745989.748999999,13,382.946423709772,2,270.665231559551,38,-313.483821629901,1054.6666666666667,8.993333333333334,UNAVAILABLE,44.73133333333333,60.02,072B393C-87F5-4183-9ABC-0870E4B4F53B,0.89,DE045126-2C5E-4E72-8491-E202079EAC7C,1.354,3500.0,1000.0,3.4,28.4,0.5,132.96666666666667,900.0,200.0,4.0,22.4,0.6,1100.0,200.0,6.7,21.7,0.1,4700.0,1200.0,3.8,24.6,0.5,2600.0,300.0,7.7,22.5,0.2,5200.0,1800.0,2.9,26.2,1.7
body_p1,21,Al6061_body21_p1,DE045126-2C5E-4E72-8491-E202079EAC7C,36,1007,2025-07-30 10:06:59.638609,2,0.0001678978379824,3218,1,20,30.001,AUTO,21,ARMED,100,25.4,5,2723429.968,21,000454_D_A_PROGRAM_1.NC,44,100,0,1,100,10000.0,745989.748999999,7,367.804128041261,7,273.787362319421,31,-316.305024769615,1036.0,8.826666666666666,UNAVAILABLE,44.73233333333334,60.02,072B393C-87F5-4183-9ABC-0870E4B4F53B,0.88,DE045126-2C5E-4E72-8491-E202079EAC7C,1.354,4000.0,1100.0,3.5,28.4,0.5,132.9333333333333,900.0,400.0,2.4,22.4,0.1,600.0,200.0,3.5,21.7,0.1,3200.0,1200.0,2.5,24.6,0.5,1200.0,300.0,3.6,22.5,0.2,3300.0,2000.0,1.7,26.2,1.9
body_p1,22,Al6061_body22_p1,DE045126-2C5E-4E72-8491-E202079EAC7C,33,1029,2025-07-30 10:26:15.119760,2,0.0001678978379824,3121,1,20,30.001,AUTO,21,ARMED,100,377.2833,5,2724510.649,22,000454_D_A_PROGRAM_1.NC,31,100,0,32,100,379.510576524262,747070.641,86,80.6782246629141,45,459.903961334734,37,-99.8670097108772,654.6666666666666,5.773333333333333,UNAVAILABLE,45.097,59.98,072B393C-87F5-4183-9ABC-0870E4B4F53B,0.9466666666666668,DE045126-2C5E-4E72-8491-E202079EAC7C,1.3709999999999998,5200.0,1400.0,3.8,30.9,0.1,132.76666666666668,1500.0,400.0,4.1,22.3,0.3,4800.0,1100.0,4.3,22.0,0.1,24700.0,8400.0,2.9,24.8,0.3,2800.0,700.0,4.1,22.9,0.1,800.0,200.0,3.8,26.8,0.2
body_p1,22,Al6061_body22_p1,DE045126-2C5E-4E72-8491-E202079EAC7C,33,1030,2025-07-30 10:26:16.120040,2,0.0001678978379824,3122,1,20,30.001,AUTO,21,ARMED,100,521.65,5,2724510.649,22,000454_D_A_PROGRAM_1.NC,32,100,0,20,100,4122.19465342152,747070.641,5,361.741716563504,6,279.991738296036,9,-206.224854324041,5400.333333333333,46.23,UNAVAILABLE,45.099,59.98,072B393C-87F5-4183-9ABC-0870E4B4F53B,1.0,DE045126-2C5E-4E72-8491-E202079EAC7C,1.3709999999999998,9300.0,2300.0,4.1,30.9,0.3,130.1,200.0,100.0,4.2,22.3,0.1,1000.0,100.0,8.0,22.0,0.0,3400.0,1300.0,2.5,24.8,0.2,31600.0,3600.0,8.8,22.9,0.1,52900.0,8000.0,6.6,26.8,0.7
body_p1,22,Al6061_body22_p1,DE045126-2C5E-4E72-8491-E202079EAC7C,33,1031,2025-07-30 10:26:17.120322,2,0.0001678978379824,3123,1,20,30.001,AUTO,21,ARMED,100,0.0,5,2724510.649,22,000454_D_A_PROGRAM_1.NC,33,100,0,13,100,6415.29518331511,747070.641,5,361.741693675496,5,279.991795517099,29,-312.759211564659,5400.333333333333,46.23,UNAVAILABLE,45.099,59.98,072B393C-87F5-4183-9ABC-0870E4B4F53B,1.0,DE045126-2C5E-4E72-8491-E202079EAC7C,1.3709999999999998,9200.0,2400.0,3.9,30.9,0.2,130.1,300.0,100.0,3.8,22.3,0.1,300.0,100.0,3.6,22.0,0.1,3000.0,1300.0,2.3,24.8,0.2,1200.0,300.0,4.8,22.9,0.1,700.0,200.0,3.5,26.8,0.1
body_p1,22,Al6061_body22_p1,DE045126-2C5E-4E72-8491-E202079EAC7C,33,1032,2025-07-30 10:26:18.120681,2,0.0001678978379824,3123,1,20,30.001,AUTO,21,ARMED,100,0.0,5,2724510.649,22,000454_D_A_PROGRAM_1.NC,34,100,0,9,100,8109.29191955427,747070.641,5,361.7417051195,5,279.991795517099,29,-312.759200122123,5902.0,48.93333333333333,UNAVAILABLE,45.1,59.98,072B393C-87F5-4183-9ABC-0870E4B4F53B,0.93,DE045126-2C5E-4E72-8491-E202079EAC7C,1.3709999999999998,10700.0,2700.0,4.0,30.9,0.2,129.9,300.0,100.0,4.0,22.3,0.1,400.0,100.0,3.5,22.0,0.1,3200.0,1300.0,2.5,24.8,0.2,900.0,200.0,3.7,22.9,0.1,1000.0,300.0,3.3,26.8,0.3
body_p1,22,Al6061_body22_p1,DE045126-2C5E-4E72-8491-E202079EAC7C,33,1033,2025-07-30 10:26:19.121023,2,0.0001678978379824,3124,1,20,30.001,AUTO,21,ARMED,100,21.46667,5,2724510.649,22,000454_D_A_PROGRAM_1.NC,35,100,0,6,100,10000.0,747070.641,5,361.742071327626,5,279.991623853911,36,-315.522195078755,5610.666666666667,46.52666666666666,UNAVAILABLE,45.102,59.98,072B393C-87F5-4183-9ABC-0870E4B4F53B,0.8866666666666667,DE045126-2C5E-4E72-8491-E202079EAC7C,1.3709999999999998,8300.0,2200.0,3.7,30.9,0.5,130.0,600.0,100.0,4.2,22.3,0.5,500.0,100.0,4.2,22.0,0.1,3700.0,1300.0,2.9,24.8,0.4,2800.0,400.0,7.8,22.9,0.1,4700.0,900.0,5.0,26.8,0.9
body_p1,22,Al6061_body22_p1,DE045126-2C5E-4E72-8491-E202079EAC7C,33,1034,2025-07-30 10:26:20.121298,2,0.0001678978379824,3131,1,20,30.001,AUTO,21,ARMED,100,13.11667,5,2724510.649,22,000454_D_A_PROGRAM_1.NC,36,100,0,0,100,10000.0,747070.641,4,361.722681013192,6,280.813364091532,39,-312.758799784248,4936.0,41.09333333333333,UNAVAILABLE,45.10366666666667,59.98,072B393C-87F5-4183-9ABC-0870E4B4F53B,0.9333333333333336,DE045126-2C5E-4E72-8491-E202079EAC7C,1.3709999999999998,5600.0,1200.0,4.5,30.9,0.5,130.4,400.0,100.0,4.2,22.3,0.4,1500.0,300.0,5.7,22.0,0.1,9800.0,1900.0,5.0,24.8,0.5,2100.0,300.0,6.7,22.9,0.2,6400.0,1900.0,3.4,26.8,1.6
body_p1,22,Al6061_body22_p1,DE045126-2C5E-4E72-8491-E202079EAC7C,33,1035,2025-07-30 10:26:21.121606,2,0.0001678978379824,3139,1,20,30.001,AUTO,21,ARMED,100,25.03333,5,2724510.649,22,000454_D_A_PROGRAM_1.NC,37,100,0,1,100,10000.0,747070.641,12,336.278368434091,0,266.411338261332,31,-315.807240105051,1631.3333333333333,16.5,UNAVAILABLE,45.104666666666674,59.98,072B393C-87F5-4183-9ABC-0870E4B4F53B,0.38,DE045126-2C5E-4E72-8491-E202079EAC7C,1.3709999999999998,3400.0,1100.0,3.1,30.9,0.5,132.23333333333335,700.0,100.0,4.6,22.3,0.4,600.0,200.0,3.8,22.0,0.1,3700.0,1300.0,2.9,24.8,0.5,1000.0,300.0,3.7,22.9,0.2,4300.0,1800.0,2.4,26.8,1.7
body_p1,22,Al6061_body22_p1,DE045126-2C5E-4E72-8491-E202079EAC7C,33,1036,2025-07-30 10:26:22.121792,2,0.0001678978379824,3147,1,20,30.001,AUTO,21,ARMED,100,11.3,5,2724510.649,22,000454_D_A_PROGRAM_1.NC,38,100,0,0,100,10000.0,747070.641,6,337.090139518815,7,237.219501903349,21,-315.770303597288,1037.6666666666667,8.876666666666667,UNAVAILABLE,45.104666666666674,59.98,072B393C-87F5-4183-9ABC-0870E4B4F53B,0.8833333333333334,DE045126-2C5E-4E72-8491-E202079EAC7C,1.3709999999999998,3600.0,1100.0,3.3,30.9,0.5,132.5,600.0,200.0,3.6,22.3,0.5,500.0,100.0,3.7,22.0,0.1,5800.0,1300.0,4.4,24.8,0.5,2100.0,300.0,7.3,22.9,0.2,7000.0,1700.0,4.0,26.8,1.6
body_p1,22,Al6061_body22_p1,DE045126-2C5E-4E72-8491-E202079EAC7C,33,1037,2025-07-30 10:26:23.122003,2,0.0001678978379824,3155,1,20,30.001,AUTO,21,ARMED,100,47.05,5,2724510.649,22,000454_D_A_PROGRAM_1.NC,39,100,0,0,100,10000.0,747070.641,1,350.725442430168,0,230.994730434625,40,-312.758879881328,1108.3333333333333,9.63,UNAVAILABLE,45.105,59.98,072B393C-87F5-4183-9ABC-0870E4B4F53B,0.9233333333333332,DE045126-2C5E-4E72-8491-E202079EAC7C,1.3709999999999998,3500.0,1100.0,3.2,30.9,0.5,132.46666666666667,400.0,100.0,4.0,22.3,0.5,1700.0,300.0,6.3,22.0,0.1,8700.0,1900.0,4.6,24.8,0.5,1900.0,300.0,6.8,22.9,0.2,5700.0,1900.0,3.0,26.8,1.6
body_p1,22,Al6061_body22_p1,DE045126-2C5E-4E72-8491-E202079EAC7C,33,1038,2025-07-30 10:26:24.122168,2,0.0001678978379824,3161,1,20,30.001,AUTO,21,ARMED,100,25.03333,5,2724510.649,22,000454_D_A_PROGRAM_1.NC,40,100,0,0,100,10000.0,747070.641,6,363.712271045711,15,222.61884798366,31,-315.807194334905,1036.3333333333333,8.863333333333335,UNAVAILABLE,45.105,59.98,072B393C-87F5-4183-9ABC-0870E4B4F53B,0.9,DE045126-2C5E-4E72-8491-E202079EAC7C,1.3709999999999998,3500.0,1100.0,3.1,30.9,0.5,132.46666666666667,400.0,100.0,4.4,22.3,0.4,700.0,200.0,4.1,22.0,0.1,4100.0,1300.0,3.1,24.8,0.5,2000.0,300.0,7.1,22.9,0.2,6300.0,1900.0,3.3,26.8,1.7
body_p1,22,Al6061_body22_p1,DE045126-2C5E-4E72-8491-E202079EAC7C,33,1039,2025-07-30 10:26:25.122380,2,0.0001678978379824,3168,1,20,30.001,AUTO,21,ARMED,100,23.5,5,2724510.649,22,000454_D_A_PROGRAM_1.NC,41,100,0,0,100,10000.0,747070.641,6,399.00667022989,6,222.374286629911,26,-315.807137122223,1024.6666666666667,8.76,UNAVAILABLE,45.10533333333333,59.98,072B393C-87F5-4183-9ABC-0870E4B4F53B,0.89,DE045126-2C5E-4E72-8491-E202079EAC7C,1.3709999999999998,3500.0,1100.0,3.2,30.9,0.5,132.5,600.0,200.0,3.5,22.3,0.5,600.0,200.0,3.9,22.0,0.1,7300.0,1300.0,5.5,24.8,0.5,2800.0,300.0,9.0,22.9,0.2,4800.0,1700.0,2.7,26.8,1.6
body_p1,22,Al6061_body22_p1,DE045126-2C5E-4E72-8491-E202079EAC7C,33,1040,2025-07-30 10:26:26.122591,2,0.0001678978379824,3177,1,20,30.001,AUTO,21,ARMED,100,85.5,5,2724510.649,22,000454_D_A_PROGRAM_1.NC,42,100,0,0,100,10000.0,747070.641,45,415.855908712551,22,233.715928023204,39,-312.759017190609,1124.3333333333333,9.78,UNAVAILABLE,45.10566666666666,59.98,072B393C-87F5-4183-9ABC-0870E4B4F53B,0.8033333333333333,DE045126-2C5E-4E72-8491-E202079EAC7C,1.3709999999999998,3800.0,1100.0,3.5,30.9,0.5,132.46666666666667,500.0,100.0,4.2,22.3,0.5,1300.0,200.0,6.1,22.0,0.1,8300.0,1600.0,5.4,24.8,0.5,1800.0,300.0,6.2,22.9,0.2,4200.0,1800.0,2.4,26.8,1.6
body_p1,22,Al6061_body22_p1,DE045126-2C5E-4E72-8491-E202079EAC7C,33,1041,2025-07-30 10:26:27.122816,2,0.0001678978379824,3184,1,20,30.001,AUTO,21,ARMED,100,24.91667,5,2724510.649,22,000454_D_A_PROGRAM_1.NC,43,100,0,0,100,10000.0,747070.641,4,424.556954851052,13,239.372654370817,31,-314.878420266397,1053.0,9.033333333333331,UNAVAILABLE,45.106,59.98,072B393C-87F5-4183-9ABC-0870E4B4F53B,0.9033333333333332,DE045126-2C5E-4E72-8491-E202079EAC7C,1.3709999999999998,3400.0,1100.0,3.1,30.9,0.5,132.46666666666667,500.0,100.0,4.6,22.3,0.5,500.0,100.0,3.7,22.0,0.1,11600.0,1500.0,7.9,24.8,0.5,2900.0,300.0,9.0,22.9,0.2,6600.0,1900.0,3.5,26.8,1.7
body_p1,22,Al6061_body22_p1,DE045126-2C5E-4E72-8491-E202079EAC7C,33,1042,2025-07-30 10:26:28.123022,2,0.0001678978379824,3193,1,20,30.001,AUTO,21,ARMED,100,25.03333,5,2724510.649,22,000454_D_A_PROGRAM_1.NC,44,100,0,0,100,10000.0,747070.641,17,424.711005405431,2,268.163839899137,30,-315.807182892369,1026.0,8.78,UNAVAILABLE,45.106,59.98,072B393C-87F5-4183-9ABC-0870E4B4F53B,0.8833333333333334,DE045126-2C5E-4E72-8491-E202079EAC7C,1.3709999999999998,3500.0,1100.0,3.2,30.9,0.5,132.53333333333333,500.0,100.0,3.9,22.3,0.2,600.0,200.0,3.4,22.0,0.1,4900.0,1300.0,3.8,24.8,0.5,2800.0,300.0,9.1,22.9,0.2,3000.0,1800.0,1.7,26.8,1.7
body_p1,22,Al6061_body22_p1,DE045126-2C5E-4E72-8491-E202079EAC7C,33,1043,2025-07-30 10:26:29.123279,2,0.0001678978379824,3199,1,20,30.001,AUTO,21,ARMED,100,130.7,5,2724510.649,22,000454_D_A_PROGRAM_1.NC,45,100,0,1,100,10000.0,747070.641,37,397.814926631506,17,279.957437874436,38,-312.783675707657,1052.6666666666667,9.056666666666668,UNAVAILABLE,45.10666666666666,59.98,072B393C-87F5-4183-9ABC-0870E4B4F53B,0.8133333333333334,DE045126-2C5E-4E72-8491-E202079EAC7C,1.3709999999999998,3300.0,1100.0,3.1,30.9,0.5,132.5,700.0,100.0,4.9,22.3,0.6,1300.0,200.0,6.0,22.1,0.1,6600.0,1600.0,4.1,24.8,0.5,1300.0,300.0,4.8,22.9,0.2,7300.0,1800.0,4.2,26.8,1.6
body_p1,22,Al6061_body22_p1,DE045126-2C5E-4E72-8491-E202079EAC7C,33,1044,2025-07-30 10:26:30.123493,2,0.0001678978379824,3208,1,20,30.001,AUTO,21,ARMED,100,17.06667,5,2724510.649,22,000454_D_A_PROGRAM_1.NC,46,100,0,0,100,10000.0,747070.641,3,399.874810678923,5,282.125110938607,37,-313.817133950554,1072.0,9.24,UNAVAILABLE,45.10733333333334,59.98,072B393C-87F5-4183-9ABC-0870E4B4F53B,0.8999999999999999,DE045126-2C5E-4E72-8491-E202079EAC7C,1.3709999999999998,3600.0,1100.0,3.3,30.9,0.5,132.46666666666667,400.0,100.0,4.3,22.3,0.5,1000.0,200.0,6.1,22.1,0.1,6900.0,1600.0,4.3,24.8,0.5,1700.0,300.0,6.0,22.9,0.2,6600.0,1900.0,3.4,26.8,1.7
body_p1,22,Al6061_body22_p1,DE045126-2C5E-4E72-8491-E202079EAC7C,33,1045,2025-07-30 10:26:31.123639,2,0.0001678978379824,3216,1,20,30.001,AUTO,21,ARMED,100,25.4,5,2724510.649,22,000454_D_A_PROGRAM_1.NC,47,100,0,0,100,10000.0,747070.641,15,378.789624509243,1,272.884891479877,29,-316.305081982298,1039.3333333333333,8.9,UNAVAILABLE,45.10766666666667,59.98,072B393C-87F5-4183-9ABC-0870E4B4F53B,0.8866666666666667,DE045126-2C5E-4E72-8491-E202079EAC7C,1.3709999999999998,3700.0,1200.0,3.2,30.9,0.5,132.56666666666663,1000.0,400.0,2.4,22.3,0.3,600.0,200.0,3.1,22.1,0.2,4600.0,1200.0,3.9,24.8,0.5,1200.0,300.0,3.6,22.9,0.2,3200.0,1900.0,1.7,26.8,1.8
body_p1,22,Al6061_body22_p1,DE045126-2C5E-4E72-8491-E202079EAC7C,33,1046,2025-07-30 10:26:32.123992,2,0.0001678978379824,3219,1,20,30.001,AUTO,21,ARMED,100,25.4,5,2724510.649,22,000454_D_A_PROGRAM_1.NC,48,100,0,0,100,10000.0,747070.641,8,351.97150409616,8,271.542847038135,32,-316.304956114396,1023.0,8.746666666666668,UNAVAILABLE,45.10766666666667,59.98,072B393C-87F5-4183-9ABC-0870E4B4F53B,0.8933333333333332,DE045126-2C5E-4E72-8491-E202079EAC7C,1.3709999999999998,4000.0,1100.0,3.4,30.9,0.5,132.5,1000.0,400.0,2.3,22.3,0.2,600.0,200.0,3.5,22.1,0.1,4100.0,1300.0,3.2,24.8,0.5,1100.0,300.0,3.5,22.9,0.2,3100.0,1800.0,1.7,26.8,1.7
body_p1,22,Al6061_body22_p1,DE045126-2C5E-4E72-8491-E202079EAC7C,33,1047,2025-07-30 10:26:33.124287,2,0.0001678978379824,3219,1,20,30.001,AUTO,21,ARMED,100,25.4,5,2724510.649,22,000454_D_A_PROGRAM_1.NC,49,100,0,1,100,10000.0,747070.641,6,341.233062813815,7,249.364748212997,32,-316.304910344251,1047.6666666666667,8.973333333333334,UNAVAILABLE,45.10766666666667,59.98,072B393C-87F5-4183-9ABC-0870E4B4F53B,0.8766666666666666,DE045126-2C5E-4E72-8491-E202079EAC7C,1.3709999999999998,3400.0,1100.0,3.1,30.9,0.5,132.5,700.0,400.0,2.0,22.3,0.1,700.0,200.0,3.5,22.1,0.1,4100.0,1400.0,3.1,24.8,0.5,1100.0,300.0,3.7,22.9,0.2,3000.0,1800.0,1.7,26.8,1.7
body_p1,22,Al6061_body22_p1,DE045126-2C5E-4E72-8491-E202079EAC7C,33,1048,2025-07-30 10:26:34.124489,2,0.0001678978379824,3219,1,20,30.001,AUTO,21,ARMED,100,25.4,5,2724510.649,22,000454_D_A_PROGRAM_1.NC,50,100,0,0,100,10000.0,747070.641,8,356.813516483363,7,231.723485953933,32,-316.304990442006,1050.0,8.98,UNAVAILABLE,45.10833333333333,59.98,072B393C-87F5-4183-9ABC-0870E4B4F53B,0.8766666666666666,DE045126-2C5E-4E72-8491-E202079EAC7C,1.3709999999999998,4600.0,1300.0,3.7,30.9,0.5,132.56666666666663,1000.0,400.0,2.3,22.3,0.2,600.0,200.0,3.1,22.1,0.1,3200.0,1200.0,2.6,24.8,0.5,1100.0,300.0,3.3,22.9,0.2,3200.0,1900.0,1.7,26.8,1.8
body_p1,22,Al6061_body22_p1,DE045126-2C5E-4E72-8491-E202079EAC7C,33,1049,2025-07-30 10:26:35.124794,2,0.0001678978379824,3222,1,20,30.001,AUTO,21,ARMED,100,25.4,5,2724510.649,22,000454_D_A_PROGRAM_1.NC,51,100,0,0,100,10000.0,747070.641,8,382.744357901754,5,232.407537473955,32,-316.305047654688,1045.3333333333333,8.963333333333333,UNAVAILABLE,45.10833333333333,59.98,072B393C-87F5-4183-9ABC-0870E4B4F53B,0.88,DE045126-2C5E-4E72-8491-E202079EAC7C,1.3709999999999998,4100.0,1300.0,3.1,30.9,0.5,132.5,800.0,300.0,2.4,22.3,0.3,700.0,200.0,3.6,22.1,0.2,4000.0,1400.0,3.0,24.8,0.5,1200.0,300.0,3.7,22.9,0.2,3200.0,1900.0,1.7,26.8,1.8
body_p1,22,Al6061_body22_p1,DE045126-2C5E-4E72-8491-E202079EAC7C,33,1050,2025-07-30 10:26:36.125145,2,0.0001678978379824,3225,1,20,30.001,AUTO,21,ARMED,100,25.4,5,2724510.649,22,000454_D_A_PROGRAM_1.NC,52,100,0,1,100,10000.0,747070.641,8,407.209285046904,7,232.630992681378,32,-316.305081982298,1048.3333333333333,8.973333333333334,UNAVAILABLE,45.10833333333333,59.98,072B393C-87F5-4183-9ABC-0870E4B4F53B,0.8766666666666666,DE045126-2C5E-4E72-8491-E202079EAC7C,1.3709999999999998,4500.0,1300.0,3.4,30.9,0.5,132.46666666666667,800.0,400.0,2.3,22.3,0.1,700.0,200.0,3.7,22.1,0.2,3400.0,1300.0,2.7,24.8,0.5,1200.0,300.0,3.8,22.9,0.2,3100.0,1900.0,1.7,26.8,1.8
body_p1,22,Al6061_body22_p1,DE045126-2C5E-4E72-8491-E202079EAC7C,33,1051,2025-07-30 10:26:37.125437,2,0.0001678978379824,3225,1,20,30.001,AUTO,21,ARMED,100,25.4,5,2724510.649,22,000454_D_A_PROGRAM_1.NC,53,100,0,0,100,10000.0,747070.641,7,420.377367067807,7,250.784090446454,32,-316.30494467186,1054.6666666666667,8.903333333333334,UNAVAILABLE,45.10933333333333,59.98,072B393C-87F5-4183-9ABC-0870E4B4F53B,0.8933333333333334,DE045126-2C5E-4E72-8491-E202079EAC7C,1.3709999999999998,3700.0,1200.0,3.2,30.9,0.5,132.46666666666667,600.0,200.0,2.4,22.3,0.1,700.0,200.0,3.9,22.1,0.1,3700.0,1300.0,2.8,24.8,0.5,1200.0,300.0,3.9,22.9,0.2,2900.0,1700.0,1.7,26.8,1.7
body_p1,22,Al6061_body22_p1,DE045126-2C5E-4E72-8491-E202079EAC7C,33,1052,2025-07-30 10:26:38.125724,2,0.0001678978379824,3225,1,20,30.001,AUTO,21,ARMED,100,25.4,5,2724510.649,22,000454_D_A_PROGRAM_1.NC,54,100,0,0,100,10000.0,747070.641,7,409.373412183723,7,271.595994020737,32,-316.304990442006,1047.3333333333333,8.966666666666667,UNAVAILABLE,45.10966666666667,59.98,072B393C-87F5-4183-9ABC-0870E4B4F53B,0.8733333333333334,DE045126-2C5E-4E72-8491-E202079EAC7C,1.3709999999999998,3800.0,1200.0,3.2,30.9,0.5,132.53333333333333,900.0,400.0,2.6,22.3,0.1,600.0,200.0,3.1,22.1,0.2,3400.0,1300.0,2.7,24.8,0.5,1100.0,300.0,3.4,22.9,0.2,3300.0,2000.0,1.7,26.8,1.9
body_p1,22,Al6061_body22_p1,DE045126-2C5E-4E72-8491-E202079EAC7C,33,1053,2025-07-30 10:26:39.125876,2,0.0006680210239083,3228,1,20,30.001,AUTO,21,ARMED,100,25.4,5,2724510.649,22,000454_D_A_PROGRAM_1.NC,55,100,0,0,100,10000.0,747070.641,8,383.849161601729,6,272.884779539346,32,-316.305059097225,1052.0,9.003333333333332,UNAVAILABLE,45.10966666666667,59.98,072B393C-87F5-4183-9ABC-0870E4B4F53B,0.8833333333333334,DE045126-2C5E-4E72-8491-E202079EAC7C,1.3709999999999998,4200.0,1200.0,3.6,30.9,0.5,132.53333333333333,800.0,200.0,4.9,22.3,0.6,500.0,200.0,3.2,22.1,0.1,5400.0,1300.0,4.3,24.8,0.5,1700.0,300.0,5.7,22.9,0.2,4600.0,1900.0,2.4,26.8,1.8
body_p1,23,Al6061_body23_p1,DE045126-2C5E-4E72-8491-E202079EAC7C,35,992,2025-07-30 10:45:32.387899,2,0.0001678978379824,3119,1,20,30.0005,AUTO,21,ARMED,100,0.0,5,2725592.134,23,000454_D_A_PROGRAM_1.NC,28,100,0,0,100,0.0,747791.138999999,5,12.4205948207998,5,503.59819449292,35,-99.8669982674121,623.0,5.906666666666666,UNAVAILABLE,45.46966666666668,60.0,072B393C-87F5-4183-9ABC-0870E4B4F53B,0.8466666666666667,DE045126-2C5E-4E72-8491-E202079EAC7C,1.3863333333333332,2900.0,100.0,19.8,32.5,0.1,132.79999999999998,900.0,100.0,6.4,22.3,0.2,1000.0,100.0,8.7,22.3,0.0,14300.0,1900.0,7.6,25.3,0.1,1800.0,200.0,11.6,23.2,0.1,400.0,100.0,3.9,27.9,0.1
body_p1,23,Al6061_body23_p1,DE045126-2C5E-4E72-8491-E202079EAC7C,35,993,2025-07-30 10:45:33.388050,2,0.0001678978379824,3121,1,20,30.0005,AUTO,21,ARMED,100,630.2333,5,2725592.134,23,000454_D_A_PROGRAM_1.NC,29,100,0,31,100,2011.68353698346,747791.138999999,31,320.672153919385,15,306.279643693635,35,-99.8669982674121,1316.0,15.166666666666666,UNAVAILABLE,45.47,60.0,072B393C-87F5-4183-9ABC-0870E4B4F53B,1.0,DE045126-2C5E-4E72-8491-E202079EAC7C,1.3863333333333332,6600.0,1800.0,3.7,32.5,0.1,132.5,1000.0,200.0,6.5,22.3,0.2,5400.0,700.0,7.3,22.3,0.1,24300.0,4200.0,5.7,25.3,0.2,3600.0,600.0,5.8,23.2,0.0,8600.0,800.0,10.5,27.9,0.1
body_p1,23,Al6061_body23_p1,DE045126-2C5E-4E72-8491-E202079EAC7C,35,994,2025-07-30 10:45:34.388200,2,0.0001678978379824,3123,1,20,30.0005,AUTO,21,ARMED,100,121.5667,5,2725592.134,23,000454_D_A_PROGRAM_1.NC,30,100,0,16,100,5330.20100890425,747791.138999999,5,361.741693675496,5,279.991795517099,27,-312.759303104951,6138.666666666667,51.13,UNAVAILABLE,45.47166666666666,60.0,072B393C-87F5-4183-9ABC-0870E4B4F53B,1.0,DE045126-2C5E-4E72-8491-E202079EAC7C,1.3863333333333332,7600.0,2100.0,3.6,32.5,0.3,129.79999999999998,200.0,100.0,4.0,22.3,0.1,300.0,100.0,3.9,22.3,0.1,2900.0,1300.0,2.2,25.3,0.2,13000.0,1000.0,13.4,23.2,0.1,15000.0,1000.0,14.5,27.9,0.2
body_p1,23,Al6061_body23_p1,DE045126-2C5E-4E72-8491-E202079EAC7C,35,995,2025-07-30 10:45:35.388407,2,0.0001678978379824,3123,1,20,30.0005,AUTO,21,ARMED,100,0.0,5,2725592.134,23,000454_D_A_PROGRAM_1.NC,31,100,0,11,100,7410.8021169282,747791.138999999,5,361.741728007508,5,279.991795517099,29,-312.759200122123,5917.666666666667,49.053333333333335,UNAVAILABLE,45.47266666666667,60.0,072B393C-87F5-4183-9ABC-0870E4B4F53B,0.9366666666666666,DE045126-2C5E-4E72-8491-E202079EAC7C,1.3863333333333332,10000.0,2800.0,3.6,32.5,0.2,129.9,300.0,100.0,3.8,22.3,0.1,500.0,100.0,4.3,22.3,0.1,3300.0,1300.0,2.5,25.3,0.2,1200.0,300.0,4.2,23.2,0.1,900.0,200.0,4.1,27.9,0.1
body_p1,23,Al6061_body23_p1,DE045126-2C5E-4E72-8491-E202079EAC7C,35,996,2025-07-30 10:45:36.388542,2,0.0001678978379824,3123,1,20,30.0005,AUTO,21,ARMED,100,0.0,5,2725592.134,23,000454_D_A_PROGRAM_1.NC,32,100,0,7,100,8813.63959992158,747791.138999999,5,361.741716563504,5,279.991806961312,30,-312.759200122123,5685.0,47.13666666666668,UNAVAILABLE,45.47433333333333,60.0,072B393C-87F5-4183-9ABC-0870E4B4F53B,0.8833333333333333,DE045126-2C5E-4E72-8491-E202079EAC7C,1.3863333333333332,7800.0,2100.0,3.7,32.5,0.3,130.03333333333333,300.0,100.0,3.4,22.3,0.1,300.0,100.0,3.6,22.3,0.1,3100.0,1300.0,2.4,25.3,0.2,1000.0,200.0,4.1,23.2,0.1,1300.0,500.0,2.8,27.9,0.5
body_p1,23,Al6061_body23_p1,DE045126-2C5E-4E72-8491-E202079EAC7C,35,997,2025-07-30 10:45:37.388839,2,0.0001678978379824,3128,1,20,30.0005,AUTO,21,ARMED,100,25.03333,5,2725592.134,23,000454_D_A_PROGRAM_1.NC,33,100,0,6,100,10000.0,747791.138999999,3,363.986666817001,8,282.453869117151,30,-315.807251547588,4931.333333333333,41.02666666666666,UNAVAILABLE,45.47533333333334,60.0,072B393C-87F5-4183-9ABC-0870E4B4F53B,0.9033333333333332,DE045126-2C5E-4E72-8491-E202079EAC7C,1.3863333333333332,7400.0,2200.0,3.4,32.6,0.5,130.4333333333333,500.0,100.0,4.3,22.3,0.4,600.0,200.0,3.8,22.3,0.1,4900.0,1600.0,3.0,25.3,0.6,1400.0,400.0,3.7,23.2,0.2,2400.0,1300.0,1.9,27.9,1.2
body_p1,23,Al6061_body23_p1,DE045126-2C5E-4E72-8491-E202079EAC7C,35,998,2025-07-30 10:45:38.389128,2,0.0001678978379824,3134,1,20,30.0005,AUTO,21,ARMED,100,8.683333,5,2725592.134,23,000454_D_A_PROGRAM_1.NC,34,100,0,0,100,10000.0,747791.138999999,0,337.060447976338,5,265.742294648501,32,-313.892629130783,4175.666666666667,35.43666666666667,UNAVAILABLE,45.47666666666667,60.0,072B393C-87F5-4183-9ABC-0870E4B4F53B,0.44,DE045126-2C5E-4E72-8491-E202079EAC7C,1.3863333333333332,3800.0,1100.0,3.5,32.6,0.5,130.83333333333334,800.0,200.0,4.3,22.3,0.5,600.0,100.0,4.0,22.3,0.1,4200.0,1300.0,3.2,25.3,0.5,2000.0,300.0,6.7,23.2,0.2,7000.0,1400.0,4.9,27.9,1.3
body_p1,23,Al6061_body23_p1,DE045126-2C5E-4E72-8491-E202079EAC7C,35,999,2025-07-30 10:45:39.389320,2,0.0001678978379824,3142,1,20,30.0005,AUTO,21,ARMED,100,25.33333,5,2725952.389,23,000454_D_A_PROGRAM_1.NC,35,100,0,0,100,10000.0,747791.138999999,6,339.191484930532,6,267.876108510466,30,-312.798642360547,1029.3333333333333,8.793333333333335,UNAVAILABLE,45.47666666666667,60.0,072B393C-87F5-4183-9ABC-0870E4B4F53B,0.8866666666666667,DE045126-2C5E-4E72-8491-E202079EAC7C,1.3863333333333332,3900.0,1100.0,3.6,32.6,0.5,132.6,400.0,100.0,3.8,22.3,0.7,2100.0,400.0,5.1,22.3,0.1,19100.0,3200.0,6.1,25.3,0.5,2100.0,400.0,5.9,23.2,0.2,6000.0,1600.0,3.8,27.9,1.3
body_p1,23,Al6061_body23_p1,DE045126-2C5E-4E72-8491-E202079EAC7C,35,1000,2025-07-30 10:45:40.389473,2,0.0001678978379824,3150,1,20,30.0005,AUTO,21,ARMED,100,25.05,5,2725952.389,23,000454_D_A_PROGRAM_1.NC,36,100,0,0,100,10000.0,747791.138999999,17,339.131560577917,3,236.933724208431,31,-315.807137122223,1114.6666666666667,9.696666666666667,UNAVAILABLE,45.47766666666666,60.0,072B393C-87F5-4183-9ABC-0870E4B4F53B,0.7999999999999999,DE045126-2C5E-4E72-8491-E202079EAC7C,1.3863333333333332,3600.0,1100.0,3.2,32.6,0.5,132.5,600.0,100.0,4.3,22.3,0.4,600.0,200.0,3.6,22.3,0.1,4000.0,1300.0,3.0,25.3,0.5,1000.0,300.0,3.6,23.2,0.2,5800.0,1400.0,4.0,27.9,1.4
body_p1,23,Al6061_body23_p1,DE045126-2C5E-4E72-8491-E202079EAC7C,35,1001,2025-07-30 10:45:41.389676,2,0.0001678978379824,3160,1,20,30.0005,AUTO,21,ARMED,100,25.0,5,2725952.389,23,000454_D_A_PROGRAM_1.NC,37,100,0,0,100,10000.0,747791.138999999,6,361.741728007508,7,222.994164126276,25,-313.4572863878,1055.3333333333333,9.046666666666669,UNAVAILABLE,45.47766666666666,60.0,072B393C-87F5-4183-9ABC-0870E4B4F53B,0.9133333333333332,DE045126-2C5E-4E72-8491-E202079EAC7C,1.3863333333333332,3600.0,1100.0,3.3,32.6,0.5,132.53333333333333,900.0,200.0,4.0,22.3,0.5,600.0,200.0,3.7,22.3,0.1,3800.0,1300.0,2.9,25.3,0.5,1800.0,300.0,6.0,23.2,0.2,3600.0,1500.0,2.5,27.9,1.4
body_p1,23,Al6061_body23_p1,DE045126-2C5E-4E72-8491-E202079EAC7C,35,1002,2025-07-30 10:45:42.389991,2,0.0006680210239083,3164,1,20,30.0005,AUTO,21,ARMED,100,30.85,5,2725952.389,23,000454_D_A_PROGRAM_1.NC,38,100,0,1,100,10000.0,747791.138999999,2,363.876114850102,4,225.12714509431,39,-312.791433623307,1034.3333333333333,8.856666666666667,UNAVAILABLE,45.478,60.0,072B393C-87F5-4183-9ABC-0870E4B4F53B,0.8933333333333332,DE045126-2C5E-4E72-8491-E202079EAC7C,1.3863333333333332,3600.0,1100.0,3.3,32.6,0.5,132.56666666666663,600.0,100.0,5.0,22.3,0.1,800.0,200.0,4.7,22.3,0.1,3900.0,1300.0,3.1,25.3,0.5,1400.0,300.0,5.0,23.2,0.2,6000.0,1500.0,3.9,27.9,1.3
body_p1,23,Al6061_body23_p1,DE045126-2C5E-4E72-8491-E202079EAC7C,35,1003,2025-07-30 10:45:43.390205,2,0.0006680210239083,3172,1,20,30.0005,AUTO,21,ARMED,100,25.03333,5,2725952.389,23,000454_D_A_PROGRAM_1.NC,39,100,0,0,100,10000.0,747791.138999999,11,399.17108780054,1,222.374531168246,32,-315.807137122223,1060.0,9.123333333333331,UNAVAILABLE,45.478,60.0,072B393C-87F5-4183-9ABC-0870E4B4F53B,0.8099999999999999,DE045126-2C5E-4E72-8491-E202079EAC7C,1.3863333333333332,3700.0,1100.0,3.3,32.6,0.5,132.56666666666663,500.0,100.0,4.2,22.3,0.4,600.0,200.0,3.7,22.3,0.2,4000.0,1300.0,3.0,25.3,0.5,1600.0,300.0,5.9,23.2,0.2,6000.0,1600.0,3.7,27.9,1.4
body_p1,23,Al6061_body23_p1,DE045126-2C5E-4E72-8491-E202079EAC7C,35,1004,2025-07-30 10:45:44.390497,2,0.0001678978379824,3181,1,20,30.0005,AUTO,21,ARMED,100,20.45,5,2725952.389,23,000454_D_A_PROGRAM_1.NC,40,100,0,1,100,10000.0,747791.138999999,1,424.848634942696,12,237.28371553326,30,-315.807331645343,1070.6666666666667,9.216666666666669,UNAVAILABLE,45.47833333333333,59.99,072B393C-87F5-4183-9ABC-0870E4B4F53B,0.8966666666666666,DE045126-2C5E-4E72-8491-E202079EAC7C,1.3863333333333332,3700.0,1100.0,3.3,32.6,0.5,132.53333333333333,800.0,200.0,4.0,22.3,0.5,600.0,200.0,3.6,22.3,0.1,3700.0,1300.0,2.9,25.3,0.5,2400.0,300.0,8.1,23.2,0.2,4200.0,1400.0,2.9,27.9,1.3
body_p1,23,Al6061_body23_p1,DE045126-2C5E-4E72-8491-E202079EAC7C,35,1005,2025-07-30 10:45:45.390647,2,0.0001678978379824,3188,1,20,30.0005,AUTO,21,ARMED,100,181.2167,5,2725952.389,23,000454_D_A_PROGRAM_1.NC,41,100,0,0,100,10000.0,747791.138999999,10,424.365453266588,39,241.725617334689,39,-312.758925651088,1043.3333333333333,8.95,UNAVAILABLE,45.47866666666667,60.0,072B393C-87F5-4183-9ABC-0870E4B4F53B,0.89,DE045126-2C5E-4E72-8491-E202079EAC7C,1.3863333333333332,3700.0,1100.0,3.3,32.6,0.5,132.56666666666663,600.0,200.0,4.1,22.3,0.8,1700.0,300.0,6.4,22.3,0.1,15100.0,2600.0,5.7,25.3,0.5,2200.0,300.0,6.7,23.2,0.2,5200.0,1500.0,3.5,27.9,1.3
body_p1,23,Al6061_body23_p1,DE045126-2C5E-4E72-8491-E202079EAC7C,35,1006,2025-07-30 10:45:46.390946,2,0.0006680210239083,3194,1,20,30.0005,AUTO,21,ARMED,100,24.86667,5,2725952.389,23,000454_D_A_PROGRAM_1.NC,42,100,0,0,100,10000.0,747791.138999999,1,424.568583899514,12,267.857191161589,31,-315.749109858111,1020.3333333333334,8.729999999999999,UNAVAILABLE,45.47866666666667,59.99,072B393C-87F5-4183-9ABC-0870E4B4F53B,0.8266666666666667,DE045126-2C5E-4E72-8491-E202079EAC7C,1.3863333333333332,3800.0,1100.0,3.4,32.6,0.5,132.6,500.0,100.0,3.8,22.3,0.4,600.0,100.0,3.8,22.3,0.1,6900.0,1300.0,5.3,25.3,0.5,1800.0,300.0,6.3,23.2,0.2,6100.0,1600.0,3.8,27.9,1.3
body_p1,23,Al6061_body23_p1,DE045126-2C5E-4E72-8491-E202079EAC7C,35,1007,2025-07-30 10:45:47.391158,2,0.0006680210239083,3203,1,20,30.0005,AUTO,21,ARMED,100,24.86667,5,2725952.389,23,000454_D_A_PROGRAM_1.NC,43,100,0,0,100,10000.0,747791.138999999,15,400.182964104395,5,282.233144398608,30,-315.807331645343,1116.0,9.683333333333335,UNAVAILABLE,45.47933333333333,59.99,072B393C-87F5-4183-9ABC-0870E4B4F53B,0.9133333333333332,DE045126-2C5E-4E72-8491-E202079EAC7C,1.3863333333333332,4100.0,1100.0,3.6,32.6,0.5,132.56666666666663,700.0,200.0,3.4,22.3,0.3,600.0,200.0,3.4,22.3,0.2,5900.0,1300.0,4.5,25.3,0.5,1400.0,300.0,4.9,23.2,0.2,3300.0,1400.0,2.3,27.9,1.4
body_p1,23,Al6061_body23_p1,DE045126-2C5E-4E72-8491-E202079EAC7C,35,1008,2025-07-30 10:45:48.391355,2,0.0001678978379824,3211,1,20,30.0005,AUTO,21,ARMED,100,85.3,5,2725952.389,23,000454_D_A_PROGRAM_1.NC,44,100,0,0,100,10000.0,747791.138999999,39,383.306662789443,24,270.908491015159,37,-312.980979364212,1045.3333333333333,8.950000000000001,UNAVAILABLE,45.47966666666667,59.99,072B393C-87F5-4183-9ABC-0870E4B4F53B,0.8833333333333334,DE045126-2C5E-4E72-8491-E202079EAC7C,1.3863333333333332,3400.0,1100.0,3.1,32.6,0.5,132.6,1000.0,200.0,5.1,22.3,0.6,1000.0,200.0,5.5,22.3,0.1,6100.0,1400.0,4.3,25.3,0.5,2100.0,300.0,6.8,23.2,0.2,4700.0,1400.0,3.3,27.9,1.3
body_p1,23,Al6061_body23_p1,DE045126-2C5E-4E72-8491-E202079EAC7C,35,1009,2025-07-30 10:45:49.391716,2,0.0006680210239083,3218,1,20,30.0005,AUTO,21,ARMED,100,25.4,5,2725952.389,23,000454_D_A_PROGRAM_1.NC,45,100,0,0,100,10000.0,747791.138999999,8,367.159810652303,6,273.931262346514,32,-316.304990442006,1077.3333333333333,9.293333333333331,UNAVAILABLE,45.48,59.99,072B393C-87F5-4183-9ABC-0870E4B4F53B,0.8266666666666667,DE045126-2C5E-4E72-8491-E202079EAC7C,1.3863333333333332,3900.0,1200.0,3.3,32.6,0.5,132.56666666666663,1000.0,400.0,2.4,22.3,0.2,600.0,200.0,3.3,22.3,0.2,3300.0,1300.0,2.6,25.3,0.5,1200.0,300.0,3.7,23.2,0.2,2900.0,1600.0,1.8,27.9,1.5
body_p1,23,Al6061_body23_p1,DE045126-2C5E-4E72-8491-E202079EAC7C,35,1010,2025-07-30 10:45:50.391908,2,0.0006680210239083,3219,1,20,30.0005,AUTO,21,ARMED,100,25.4,5,2725952.389,23,000454_D_A_PROGRAM_1.NC,46,100,0,1,100,10000.0,747791.138999999,7,345.179632740879,8,265.485588172741,31,-316.305047654688,1051.3333333333333,9.006666666666668,UNAVAILABLE,45.48,59.99,072B393C-87F5-4183-9ABC-0870E4B4F53B,0.8733333333333334,DE045126-2C5E-4E72-8491-E202079EAC7C,1.3863333333333332,3700.0,1100.0,3.2,32.6,0.5,132.56666666666663,800.0,300.0,2.4,22.3,0.1,600.0,200.0,3.6,22.3,0.1,4100.0,1400.0,3.0,25.3,0.5,1100.0,300.0,3.7,23.2,0.2,2400.0,1400.0,1.7,27.9,1.3
body_p1,23,Al6061_body23_p1,DE045126-2C5E-4E72-8491-E202079EAC7C,35,1011,2025-07-30 10:45:51.392275,2,0.0006680210239083,3219,1,20,30.0005,AUTO,21,ARMED,100,25.4,5,2725952.389,23,000454_D_A_PROGRAM_1.NC,47,100,0,0,100,10000.0,747791.138999999,8,344.45221226651,7,240.866117618119,31,-316.305013327079,1043.6666666666667,8.936666666666666,UNAVAILABLE,45.48066666666667,59.99,072B393C-87F5-4183-9ABC-0870E4B4F53B,0.88,DE045126-2C5E-4E72-8491-E202079EAC7C,1.3863333333333332,3900.0,1200.0,3.3,32.6,0.5,132.56666666666663,900.0,300.0,2.6,22.3,0.1,800.0,200.0,3.8,22.3,0.2,4000.0,1300.0,3.0,25.3,0.5,1200.0,300.0,4.0,23.2,0.2,2700.0,1600.0,1.7,27.9,1.5
body_p1,23,Al6061_body23_p1,DE045126-2C5E-4E72-8491-E202079EAC7C,35,1012,2025-07-30 10:45:52.392427,2,0.0001678978379824,3219,1,20,30.0005,AUTO,21,ARMED,100,25.4,5,2725952.389,23,000454_D_A_PROGRAM_1.NC,48,100,0,0,100,10000.0,747791.138999999,9,368.453888085637,7,231.672925332457,32,-316.305070539761,1049.0,8.983333333333333,UNAVAILABLE,45.481,59.99,072B393C-87F5-4183-9ABC-0870E4B4F53B,0.88,DE045126-2C5E-4E72-8491-E202079EAC7C,1.3863333333333332,4200.0,1400.0,3.1,32.6,0.6,132.56666666666663,800.0,300.0,2.4,22.3,0.3,600.0,200.0,3.1,22.3,0.2,3200.0,1300.0,2.4,25.3,0.5,1100.0,300.0,3.4,23.2,0.2,2600.0,1500.0,1.7,27.9,1.5
body_p1,23,Al6061_body23_p1,DE045126-2C5E-4E72-8491-E202079EAC7C,35,1013,2025-07-30 10:45:53.392758,2,0.0006680210239083,3224,1,20,30.0005,AUTO,21,ARMED,100,25.4,5,2725952.389,23,000454_D_A_PROGRAM_1.NC,49,100,0,1,100,10000.0,747791.138999999,9,394.372431788082,6,231.342640242139,31,-316.304990442006,1044.3333333333333,8.936666666666666,UNAVAILABLE,45.48133333333333,59.99,072B393C-87F5-4183-9ABC-0870E4B4F53B,0.8866666666666667,DE045126-2C5E-4E72-8491-E202079EAC7C,1.3863333333333332,4500.0,1300.0,3.4,32.6,0.6,132.53333333333333,800.0,300.0,2.3,22.3,0.3,600.0,200.0,3.0,22.3,0.2,3600.0,1200.0,2.9,25.3,0.5,1100.0,300.0,3.5,23.2,0.2,2800.0,1600.0,1.7,27.9,1.6
body_p1,23,Al6061_body23_p1,DE045126-2C5E-4E72-8491-E202079EAC7C,35,1014,2025-07-30 10:45:54.392910,2,0.0001678978379824,3225,1,20,30.0005,AUTO,21,ARMED,100,25.4,5,2725952.389,23,000454_D_A_PROGRAM_1.NC,50,100,0,0,100,10000.0,747791.138999999,8,416.31260202307,7,239.87642993601,32,-316.304956114396,1050.3333333333333,8.993333333333334,UNAVAILABLE,45.48133333333333,59.99,072B393C-87F5-4183-9ABC-0870E4B4F53B,0.8766666666666666,DE045126-2C5E-4E72-8491-E202079EAC7C,1.3863333333333332,3900.0,1200.0,3.1,32.6,0.5,132.5,800.0,300.0,2.8,22.3,0.1,700.0,200.0,3.6,22.3,0.1,3600.0,1300.0,2.7,25.3,0.5,1200.0,300.0,3.8,23.2,0.2,2600.0,1500.0,1.7,27.9,1.4
body_p1,23,Al6061_body23_p1,DE045126-2C5E-4E72-8491-E202079EAC7C,35,1015,2025-07-30 10:45:55.393063,2,0.0006680210239083,3225,1,20,30.0005,AUTO,21,ARMED,100,25.4,5,2725952.389,23,000454_D_A_PROGRAM_1.NC,51,100,0,0,100,10000.0,747791.138999999,6,418.23831823682,7,262.214327955096,32,-316.305070539761,1053.3333333333333,9.013333333333334,UNAVAILABLE,45.48166666666666,59.99,072B393C-87F5-4183-9ABC-0870E4B4F53B,0.8700000000000001,DE045126-2C5E-4E72-8491-E202079EAC7C,1.3863333333333332,3700.0,1200.0,3.2,32.6,0.5,132.53333333333333,800.0,300.0,3.0,22.3,0.1,600.0,200.0,3.2,22.3,0.2,3700.0,1300.0,2.8,25.3,0.5,1100.0,300.0,3.6,23.2,0.2,2800.0,1600.0,1.7,27.9,1.6
body_p1,23,Al6061_body23_p1,DE045126-2C5E-4E72-8491-E202079EAC7C,35,1016,2025-07-30 10:45:56.393213,2,0.0006680210239083,3225,1,20,30.0005,AUTO,21,ARMED,100,25.4,5,2725952.389,23,000454_D_A_PROGRAM_1.NC,52,100,0,0,100,10000.0,747791.138999999,8,398.077117414203,7,274.384448448002,32,-316.305059097225,1042.6666666666667,8.92,UNAVAILABLE,45.48166666666666,59.99,072B393C-87F5-4183-9ABC-0870E4B4F53B,0.8833333333333333,DE045126-2C5E-4E72-8491-E202079EAC7C,1.3863333333333332,4100.0,1200.0,3.4,32.6,0.5,132.56666666666663,1000.0,400.0,2.4,22.3,0.3,600.0,200.0,3.0,22.3,0.2,3500.0,1300.0,2.7,25.3,0.5,1200.0,300.0,3.7,23.2,0.2,2900.0,1700.0,1.7,27.9,1.6
body_p1,23,Al6061_body23_p1,DE045126-2C5E-4E72-8491-E202079EAC7C,35,1017,2025-07-30 10:45:57.393365,2,0.0001678978379824,3232,1,20,30.0005,AUTO,21,ARMED,100,19.88333,5,2725952.389,23,000454_D_A_PROGRAM_1.NC,53,100,0,0,100,10000.0,747791.138999999,2,378.498061764025,1,270.662278937254,32,-313.488026489462,1050.3333333333333,8.986666666666666,UNAVAILABLE,45.48233333333334,59.99,072B393C-87F5-4183-9ABC-0870E4B4F53B,0.8700000000000001,DE045126-2C5E-4E72-8491-E202079EAC7C,1.3863333333333332,3700.0,1100.0,3.4,32.6,0.6,132.5,400.0,100.0,3.6,22.3,0.1,400.0,100.0,3.5,22.3,0.1,2400.0,1200.0,1.9,25.3,0.5,2400.0,300.0,7.3,23.2,0.2,6500.0,1700.0,3.9,27.9,1.4
body_p1,24,Al6061_body24_p1,DE045126-2C5E-4E72-8491-E202079EAC7C,36,969,2025-07-30 11:37:10.218857,2,0.0001678978379824,3119,1,20,30.0005,AUTO,21,ARMED,100,0.0,5,2728833.967,24,000454_D_A_PROGRAM_1.NC,30,100,0,0,100,0.0,748871.527,5,12.4206062656161,5,503.59819449292,35,-99.8669982674121,595.3333333333334,5.656666666666666,UNAVAILABLE,46.07533333333333,59.99,072B393C-87F5-4183-9ABC-0870E4B4F53B,0.7766666666666667,DE045126-2C5E-4E72-8491-E202079EAC7C,1.4036666666666668,2500.0,200.0,12.4,30.3,0.1,132.73333333333335,800.0,100.0,8.2,22.5,0.2,400.0,100.0,5.2,21.6,0.0,8400.0,1200.0,7.3,25.2,0.1,1700.0,200.0,11.1,23.1,0.0,500.0,100.0,4.4,27.7,0.1
body_p1,24,Al6061_body24_p1,DE045126-2C5E-4E72-8491-E202079EAC7C,36,970,2025-07-30 11:37:11.219166,2,0.0001678978379824,3121,1,20,30.0005,AUTO,21,ARMED,100,633.3333,5,2728833.967,24,000454_D_A_PROGRAM_1.NC,32,100,0,29,100,2062.09558114421,748871.527,27,338.888340530216,15,294.617739478788,35,-99.8669982674121,553.3333333333334,4.839999999999999,UNAVAILABLE,46.07566666666667,59.99,072B393C-87F5-4183-9ABC-0870E4B4F53B,0.8366666666666668,DE045126-2C5E-4E72-8491-E202079EAC7C,1.4036666666666668,6000.0,1500.0,4.1,30.3,0.1,132.86666666666665,1400.0,200.0,5.9,22.5,0.3,4700.0,900.0,5.4,21.6,0.1,24400.0,5500.0,4.4,25.2,0.3,3800.0,700.0,5.5,23.1,0.1,800.0,200.0,4.3,27.7,0.1
body_p1,24,Al6061_body24_p1,DE045126-2C5E-4E72-8491-E202079EAC7C,36,971,2025-07-30 11:37:12.219377,2,0.0006680210239083,3122,1,20,30.0005,AUTO,21,ARMED,100,0.0,5,2728833.967,24,000454_D_A_PROGRAM_1.NC,33,100,0,16,100,5372.35911942086,748871.527,5,361.741693675496,5,279.991795517099,35,-312.759291662415,5456.666666666667,46.60666666666666,UNAVAILABLE,46.07666666666668,60.0,072B393C-87F5-4183-9ABC-0870E4B4F53B,1.0,DE045126-2C5E-4E72-8491-E202079EAC7C,1.4036666666666668,13100.0,2300.0,5.7,30.3,0.3,130.26666666666668,200.0,100.0,3.9,22.5,0.1,800.0,100.0,8.8,21.6,0.1,2800.0,1300.0,2.2,25.2,0.2,22300.0,2600.0,8.4,23.1,0.1,58000.0,6400.0,9.0,27.7,0.6
body_p1,24,Al6061_body24_p1,DE045126-2C5E-4E72-8491-E202079EAC7C,36,972,2025-07-30 11:37:13.219575,2,0.0006680210239083,3123,1,20,30.0005,AUTO,21,ARMED,100,0.0,5,2728833.967,24,000454_D_A_PROGRAM_1.NC,34,100,0,11,100,7273.44663543759,748871.527,5,361.741716563504,5,279.991806961312,29,-312.759200122123,5913.333333333333,48.89000000000001,UNAVAILABLE,46.07933333333333,60.0,072B393C-87F5-4183-9ABC-0870E4B4F53B,0.93,DE045126-2C5E-4E72-8491-E202079EAC7C,1.4036666666666668,10200.0,3300.0,3.1,30.3,0.2,129.96666666666667,300.0,100.0,3.5,22.5,0.1,400.0,100.0,3.7,21.6,0.1,3300.0,1300.0,2.5,25.2,0.2,1200.0,300.0,4.2,23.1,0.1,700.0,200.0,3.4,27.7,0.1
body_p1,24,Al6061_body24_p1,DE045126-2C5E-4E72-8491-E202079EAC7C,36,973,2025-07-30 11:37:14.219901,2,0.0006680210239083,3123,1,20,30.0005,AUTO,21,ARMED,100,0.0,5,2728833.967,24,000454_D_A_PROGRAM_1.NC,35,100,0,7,100,8719.79502382911,748871.527,5,361.741693675496,5,279.991795517099,30,-312.759188679586,5897.666666666667,48.796666666666674,UNAVAILABLE,46.08033333333333,60.0,072B393C-87F5-4183-9ABC-0870E4B4F53B,0.93,DE045126-2C5E-4E72-8491-E202079EAC7C,1.4036666666666668,7400.0,2200.0,3.3,30.3,0.2,129.93333333333334,300.0,100.0,3.7,22.5,0.1,300.0,100.0,3.5,21.6,0.1,3100.0,1300.0,2.4,25.2,0.2,900.0,300.0,3.4,23.1,0.1,1200.0,400.0,2.9,27.7,0.4
body_p1,24,Al6061_body24_p1,DE045126-2C5E-4E72-8491-E202079EAC7C,36,974,2025-07-30 11:37:15.220159,2,0.0006680210239083,3128,1,20,30.0005,AUTO,21,ARMED,100,25.06667,5,2728833.967,24,000454_D_A_PROGRAM_1.NC,36,100,0,6,100,10000.0,748871.527,18,363.482437333377,5,282.79969063138,31,-315.807228662514,4999.666666666667,42.32666666666666,UNAVAILABLE,46.082,60.0,072B393C-87F5-4183-9ABC-0870E4B4F53B,0.8933333333333334,DE045126-2C5E-4E72-8491-E202079EAC7C,1.4036666666666668,7600.0,2200.0,3.4,30.3,0.5,130.43333333333334,500.0,100.0,4.3,22.5,0.4,600.0,200.0,3.9,21.6,0.1,4400.0,1500.0,3.0,25.2,0.6,1300.0,400.0,3.6,23.1,0.2,2900.0,1300.0,2.2,27.7,1.3
body_p1,24,Al6061_body24_p1,DE045126-2C5E-4E72-8491-E202079EAC7C,36,975,2025-07-30 11:37:16.220447,2,0.0001678978379824,3135,1,20,30.0005,AUTO,21,ARMED,100,99.3,5,2728833.967,24,000454_D_A_PROGRAM_1.NC,36,100,0,0,100,10000.0,748871.527,7,337.061912787446,7,265.74358785129,33,-312.799351982637,4579.0,37.99,UNAVAILABLE,46.083,60.0,072B393C-87F5-4183-9ABC-0870E4B4F53B,0.7333333333333334,DE045126-2C5E-4E72-8491-E202079EAC7C,1.4036666666666668,3500.0,1100.0,3.3,30.3,0.5,130.66666666666666,600.0,200.0,4.3,22.5,0.5,500.0,100.0,3.8,21.6,0.1,5400.0,1200.0,4.5,25.2,0.5,1100.0,300.0,4.1,23.1,0.2,6200.0,2100.0,2.9,27.7,2.0
body_p1,24,Al6061_body24_p1,DE045126-2C5E-4E72-8491-E202079EAC7C,36,976,2025-07-30 11:37:17.220714,2,0.0006680210239083,3141,1,20,30.0005,AUTO,21,ARMED,100,14.18333,5,2728833.967,24,000454_D_A_PROGRAM_1.NC,37,100,0,0,100,10000.0,748871.527,13,339.1915993689,1,267.87597117944,31,-313.319284825853,1027.6666666666667,8.78,UNAVAILABLE,46.083666666666666,60.0,072B393C-87F5-4183-9ABC-0870E4B4F53B,0.8866666666666667,DE045126-2C5E-4E72-8491-E202079EAC7C,1.4036666666666668,3600.0,1100.0,3.4,30.3,0.5,132.63333333333333,400.0,100.0,4.2,22.5,0.7,2100.0,400.0,5.2,21.6,0.1,17600.0,3100.0,5.6,25.2,0.5,1800.0,300.0,5.6,23.1,0.2,6700.0,2300.0,3.0,27.7,2.0
body_p1,24,Al6061_body24_p1,DE045126-2C5E-4E72-8491-E202079EAC7C,36,977,2025-07-30 11:37:18.220867,2,0.0006680210239083,3150,1,20,30.0005,AUTO,21,ARMED,100,25.03333,5,2728833.967,24,000454_D_A_PROGRAM_1.NC,39,100,0,0,100,10000.0,748871.527,12,337.272442975262,2,240.20285810033,32,-315.80727443266,1124.0,9.79,UNAVAILABLE,46.083666666666666,60.0,072B393C-87F5-4183-9ABC-0870E4B4F53B,0.8133333333333334,DE045126-2C5E-4E72-8491-E202079EAC7C,1.4036666666666668,3600.0,1100.0,3.3,30.3,0.5,132.56666666666663,400.0,100.0,4.2,22.5,0.4,600.0,200.0,3.8,21.6,0.1,5200.0,1300.0,4.1,25.2,0.5,1000.0,300.0,3.5,23.1,0.2,3900.0,2200.0,1.8,27.7,2.1
body_p1,24,Al6061_body24_p1,DE045126-2C5E-4E72-8491-E202079EAC7C,36,978,2025-07-30 11:37:19.221146,2,0.0006680210239083,3156,1,20,30.0005,AUTO,21,ARMED,100,99.45,5,2728833.967,24,000454_D_A_PROGRAM_1.NC,39,100,0,1,100,10000.0,748871.527,7,361.741773783524,7,222.994084022481,15,-314.074599788452,1045.3333333333333,8.953333333333333,UNAVAILABLE,46.084333333333326,60.0,072B393C-87F5-4183-9ABC-0870E4B4F53B,0.9,DE045126-2C5E-4E72-8491-E202079EAC7C,1.4036666666666668,3300.0,1100.0,3.1,30.3,0.5,132.63333333333333,700.0,100.0,4.4,22.5,0.5,500.0,100.0,3.6,21.6,0.1,6600.0,1300.0,5.2,25.2,0.5,1300.0,300.0,4.6,23.1,0.2,6800.0,2100.0,3.2,27.7,2.0
body_p1,24,Al6061_body24_p1,DE045126-2C5E-4E72-8491-E202079EAC7C,36,979,2025-07-30 11:37:20.221297,2,0.0006680210239083,3166,1,20,30.0005,AUTO,21,ARMED,100,16.38333,5,2728833.967,24,000454_D_A_PROGRAM_1.NC,40,100,0,0,100,10000.0,748871.527,4,363.954334617023,5,225.123380215943,52,-312.776329602424,1038.3333333333333,8.81,UNAVAILABLE,46.084333333333326,60.0,072B393C-87F5-4183-9ABC-0870E4B4F53B,0.89,DE045126-2C5E-4E72-8491-E202079EAC7C,1.4036666666666668,3300.0,1100.0,3.0,30.3,0.5,132.63333333333333,700.0,100.0,5.5,22.5,0.1,700.0,100.0,4.9,21.6,0.1,3400.0,1200.0,2.8,25.2,0.5,1600.0,300.0,5.3,23.1,0.2,6400.0,2200.0,2.9,27.7,2.0
body_p1,24,Al6061_body24_p1,DE045126-2C5E-4E72-8491-E202079EAC7C,36,980,2025-07-30 11:37:21.221570,2,0.0006680210239083,3172,1,20,30.0005,AUTO,21,ARMED,100,25.03333,5,2728833.967,24,000454_D_A_PROGRAM_1.NC,42,100,0,0,100,10000.0,748871.527,7,399.740426271205,5,222.63258007633,32,-315.807125679686,1029.3333333333333,8.81,UNAVAILABLE,46.084333333333326,59.99,072B393C-87F5-4183-9ABC-0870E4B4F53B,0.8066666666666666,DE045126-2C5E-4E72-8491-E202079EAC7C,1.4036666666666668,3800.0,1100.0,3.4,30.3,0.5,132.6,500.0,100.0,4.4,22.5,0.4,600.0,200.0,3.5,21.6,0.1,5900.0,1300.0,4.7,25.2,0.5,1500.0,300.0,5.6,23.1,0.2,6800.0,2300.0,3.0,27.7,2.1
body_p1,24,Al6061_body24_p1,DE045126-2C5E-4E72-8491-E202079EAC7C,36,981,2025-07-30 11:37:22.221724,2,0.0006680210239083,3179,1,20,30.0005,AUTO,21,ARMED,100,17.25,5,2728833.967,24,000454_D_A_PROGRAM_1.NC,42,100,0,1,100,10000.0,748871.527,41,422.422403085282,14,237.243718813505,29,-314.874192795258,1101.0,9.159999999999998,UNAVAILABLE,46.084333333333326,59.99,072B393C-87F5-4183-9ABC-0870E4B4F53B,0.9033333333333332,DE045126-2C5E-4E72-8491-E202079EAC7C,1.4036666666666668,4100.0,1100.0,3.8,30.3,0.5,132.56666666666663,800.0,200.0,5.0,22.5,0.5,600.0,100.0,3.9,21.6,0.1,4700.0,1200.0,3.8,25.2,0.5,1700.0,300.0,6.0,23.1,0.2,8400.0,2100.0,4.0,27.7,2.0
body_p1,24,Al6061_body24_p1,DE045126-2C5E-4E72-8491-E202079EAC7C,36,982,2025-07-30 11:37:23.222018,2,0.0001678978379824,3186,1,20,30.0005,AUTO,21,ARMED,100,181.2167,5,2728833.967,24,000454_D_A_PROGRAM_1.NC,43,100,0,0,100,10000.0,748871.527,12,424.136695232572,58,244.555187848677,40,-312.758834111568,1040.3333333333333,8.870000000000001,UNAVAILABLE,46.08533333333333,59.99,072B393C-87F5-4183-9ABC-0870E4B4F53B,0.88,DE045126-2C5E-4E72-8491-E202079EAC7C,1.4036666666666668,3300.0,1100.0,3.1,30.3,0.5,132.63333333333333,500.0,100.0,4.7,22.5,0.8,1900.0,300.0,7.5,21.6,0.1,15100.0,2600.0,5.8,25.2,0.5,2000.0,300.0,6.3,23.1,0.2,6600.0,2200.0,3.0,27.7,2.0
body_p1,24,Al6061_body24_p1,DE045126-2C5E-4E72-8491-E202079EAC7C,36,983,2025-07-30 11:37:24.222212,2,0.0006680210239083,3194,1,20,30.0005,AUTO,21,ARMED,100,25.03333,5,2728833.967,24,000454_D_A_PROGRAM_1.NC,44,100,0,0,100,10000.0,748871.527,9,425.166053962429,8,266.51103810872,32,-315.807228662514,1037.0,8.89,UNAVAILABLE,46.08533333333333,59.99,072B393C-87F5-4183-9ABC-0870E4B4F53B,0.8666666666666667,DE045126-2C5E-4E72-8491-E202079EAC7C,1.4036666666666668,3700.0,1100.0,3.4,30.3,0.5,132.6,400.0,100.0,3.9,22.5,0.4,600.0,100.0,4.1,21.6,0.1,5500.0,1200.0,4.5,25.2,0.5,1900.0,300.0,7.1,23.1,0.2,6900.0,2300.0,3.0,27.7,2.0
body_p1,24,Al6061_body24_p1,DE045126-2C5E-4E72-8491-E202079EAC7C,36,984,2025-07-30 11:37:25.222442,2,0.0006680210239083,3203,1,20,30.0005,AUTO,21,ARMED,100,24.91667,5,2728833.967,24,000454_D_A_PROGRAM_1.NC,46,100,0,0,100,10000.0,748871.527,14,399.730044377018,3,282.661913637211,30,-315.807331645343,1094.3333333333333,9.473333333333333,UNAVAILABLE,46.08533333333333,59.99,072B393C-87F5-4183-9ABC-0870E4B4F53B,0.8633333333333333,DE045126-2C5E-4E72-8491-E202079EAC7C,1.4036666666666668,3300.0,1100.0,3.0,30.3,0.5,132.6,600.0,200.0,3.6,22.5,0.2,600.0,200.0,3.5,21.6,0.1,4900.0,1200.0,3.9,25.2,0.5,1300.0,300.0,4.8,23.1,0.2,3700.0,2200.0,1.7,27.7,2.1
body_p1,24,Al6061_body24_p1,DE045126-2C5E-4E72-8491-E202079EAC7C,36,985,2025-07-30 11:37:26.222595,2,0.0006680210239083,3210,1,20,30.0005,AUTO,21,ARMED,100,84.98333,5,2728833.967,24,000454_D_A_PROGRAM_1.NC,46,100,0,0,100,10000.0,748871.527,4,382.984500829421,6,270.691999712857,36,-313.277547024745,1040.3333333333333,8.913333333333332,UNAVAILABLE,46.08533333333333,59.99,072B393C-87F5-4183-9ABC-0870E4B4F53B,0.8966666666666666,DE045126-2C5E-4E72-8491-E202079EAC7C,1.4036666666666668,3500.0,1100.0,3.2,30.3,0.5,132.36666666666667,700.0,200.0,4.6,22.5,0.6,1200.0,200.0,6.3,21.6,0.1,7000.0,1500.0,4.7,25.2,0.5,1700.0,300.0,5.7,23.1,0.2,4900.0,2100.0,2.3,27.7,2.0
body_p1,24,Al6061_body24_p1,DE045126-2C5E-4E72-8491-E202079EAC7C,36,986,2025-07-30 11:37:27.222870,2,0.0006680210239083,3218,1,20,30.0005,AUTO,21,ARMED,100,25.25,5,2728833.967,24,000454_D_A_PROGRAM_1.NC,47,100,0,0,100,10000.0,748871.527,10,366.536218628638,7,274.051312552033,33,-316.305013327079,1024.3333333333333,8.770000000000001,UNAVAILABLE,46.086000000000006,59.99,072B393C-87F5-4183-9ABC-0870E4B4F53B,0.89,DE045126-2C5E-4E72-8491-E202079EAC7C,1.4036666666666668,3800.0,1200.0,3.3,30.3,0.5,132.46666666666667,800.0,300.0,2.3,22.5,0.1,500.0,200.0,3.2,21.6,0.1,3200.0,1200.0,2.6,25.2,0.5,1300.0,300.0,3.9,23.1,0.2,3700.0,2300.0,1.6,27.7,2.2
body_p1,24,Al6061_body24_p1,DE045126-2C5E-4E72-8491-E202079EAC7C,36,987,2025-07-30 11:37:28.223024,2,0.0006680210239083,3219,1,20,30.0005,AUTO,21,ARMED,100,25.4,5,2728833.967,24,000454_D_A_PROGRAM_1.NC,48,100,0,0,100,10000.0,748871.527,9,344.100719252828,8,263.863362550211,32,-316.305081982298,1051.6666666666667,9.006666666666668,UNAVAILABLE,46.086666666666666,59.99,072B393C-87F5-4183-9ABC-0870E4B4F53B,0.8833333333333334,DE045126-2C5E-4E72-8491-E202079EAC7C,1.4036666666666668,3900.0,1100.0,3.4,30.3,0.5,132.43333333333334,800.0,400.0,2.4,22.5,0.1,600.0,200.0,3.5,21.6,0.1,4000.0,1300.0,3.0,25.2,0.5,1200.0,300.0,4.0,23.1,0.2,3500.0,2100.0,1.6,27.7,2.0
body_p1,24,Al6061_body24_p1,DE045126-2C5E-4E72-8491-E202079EAC7C,36,988,2025-07-30 11:37:29.223270,2,0.0006680210239083,3219,1,20,30.0005,AUTO,21,ARMED,100,25.4,5,2728833.967,24,000454_D_A_PROGRAM_1.NC,49,100,0,0,100,10000.0,748871.527,8,343.456077799277,8,242.577228253279,31,-316.304956114396,1048.0,8.986666666666666,UNAVAILABLE,46.086666666666666,59.99,072B393C-87F5-4183-9ABC-0870E4B4F53B,0.8766666666666666,DE045126-2C5E-4E72-8491-E202079EAC7C,1.4036666666666668,4000.0,1100.0,3.6,30.3,0.5,132.36666666666665,800.0,300.0,2.6,22.5,0.1,700.0,200.0,3.5,21.6,0.1,4000.0,1300.0,3.1,25.2,0.5,1200.0,300.0,4.0,23.1,0.2,3700.0,2300.0,1.7,27.7,2.2
body_p1,24,Al6061_body24_p1,DE045126-2C5E-4E72-8491-E202079EAC7C,36,989,2025-07-30 11:37:30.223610,2,0.0001678978379824,3219,1,20,30.0005,AUTO,21,ARMED,100,25.4,5,2728833.967,24,000454_D_A_PROGRAM_1.NC,50,100,0,1,100,10000.0,748871.527,10,365.21553251509,7,231.045966736807,31,-316.304956114396,1054.3333333333333,8.983333333333334,UNAVAILABLE,46.087,59.99,072B393C-87F5-4183-9ABC-0870E4B4F53B,0.8833333333333334,DE045126-2C5E-4E72-8491-E202079EAC7C,1.4036666666666668,4300.0,1400.0,3.2,30.3,0.6,132.4,800.0,300.0,2.5,22.5,0.3,700.0,200.0,3.8,21.6,0.1,3300.0,1300.0,2.6,25.2,0.5,1400.0,300.0,4.1,23.1,0.2,3700.0,2300.0,1.6,27.7,2.2
body_p1,24,Al6061_body24_p1,DE045126-2C5E-4E72-8491-E202079EAC7C,36,990,2025-07-30 11:37:31.223889,2,0.0006680210239083,3222,1,20,30.0005,AUTO,21,ARMED,100,25.4,5,2728833.967,24,000454_D_A_PROGRAM_1.NC,51,100,0,0,100,10000.0,748871.527,10,389.913460691182,4,232.407514585989,32,-316.304910344251,1046.6666666666667,8.98,UNAVAILABLE,46.087,59.99,072B393C-87F5-4183-9ABC-0870E4B4F53B,0.8700000000000001,DE045126-2C5E-4E72-8491-E202079EAC7C,1.4036666666666668,4000.0,1300.0,3.0,30.3,0.6,132.46666666666667,800.0,300.0,2.5,22.5,0.3,600.0,200.0,3.3,21.6,0.1,3600.0,1200.0,3.0,25.2,0.5,1200.0,300.0,3.5,23.1,0.2,3800.0,2300.0,1.6,27.7,2.2
body_p1,24,Al6061_body24_p1,DE045126-2C5E-4E72-8491-E202079EAC7C,36,991,2025-07-30 11:37:32.224186,2,0.0006680210239083,3225,1,20,30.0005,AUTO,21,ARMED,100,25.4,5,2728833.967,24,000454_D_A_PROGRAM_1.NC,52,100,0,0,100,10000.0,748871.527,8,414.173880924226,7,237.356751031251,31,-316.304990442006,1054.6666666666667,9.043333333333337,UNAVAILABLE,46.08766666666667,59.99,072B393C-87F5-4183-9ABC-0870E4B4F53B,0.8700000000000001,DE045126-2C5E-4E72-8491-E202079EAC7C,1.4036666666666668,4300.0,1200.0,3.5,30.3,0.5,132.46666666666667,700.0,200.0,2.9,22.5,0.1,600.0,200.0,3.5,21.6,0.1,3700.0,1300.0,2.8,25.2,0.5,1200.0,300.0,3.9,23.1,0.2,3500.0,2100.0,1.6,27.7,2.0
body_p1,24,Al6061_body24_p1,DE045126-2C5E-4E72-8491-E202079EAC7C,36,992,2025-07-30 11:37:33.224523,2,0.0006680210239083,3225,1,20,30.0005,AUTO,21,ARMED,100,25.4,5,2728833.967,24,000454_D_A_PROGRAM_1.NC,53,100,0,0,100,10000.0,748871.527,6,417.947775159893,7,262.785670801648,32,-316.305081982298,1048.3333333333333,8.986666666666666,UNAVAILABLE,46.088,59.99,072B393C-87F5-4183-9ABC-0870E4B4F53B,0.88,DE045126-2C5E-4E72-8491-E202079EAC7C,1.4036666666666668,3700.0,1100.0,3.2,30.3,0.5,132.43333333333334,800.0,300.0,3.1,22.5,0.1,700.0,200.0,3.6,21.6,0.1,3500.0,1300.0,2.7,25.2,0.5,1100.0,300.0,3.5,23.1,0.2,3700.0,2200.0,1.7,27.7,2.1
body_p1,24,Al6061_body24_p1,DE045126-2C5E-4E72-8491-E202079EAC7C,36,993,2025-07-30 11:37:34.224870,2,0.0006680210239083,3225,1,20,30.0005,AUTO,21,ARMED,100,25.4,5,2728833.967,24,000454_D_A_PROGRAM_1.NC,55,100,0,0,100,10000.0,748871.527,10,397.442361414815,2,274.354727672399,33,-316.305093424834,1053.0,9.03,UNAVAILABLE,46.08833333333334,59.99,072B393C-87F5-4183-9ABC-0870E4B4F53B,0.88,DE045126-2C5E-4E72-8491-E202079EAC7C,1.4036666666666668,4000.0,1200.0,3.4,30.4,0.5,132.4,900.0,400.0,2.6,22.5,0.3,600.0,200.0,3.3,21.6,0.1,3200.0,1200.0,2.6,25.2,0.5,1200.0,300.0,3.6,23.1,0.2,3800.0,2400.0,1.6,27.7,2.3
body_p1,24,Al6061_body24_p1,DE045126-2C5E-4E72-8491-E202079EAC7C,36,994,2025-07-30 11:37:35.225075,2,0.0006680210239083,3232,1,20,30.0005,AUTO,21,ARMED,100,17.93333,5,2728833.967,24,000454_D_A_PROGRAM_1.NC,55,100,0,0,100,10000.0,748871.527,6,378.498073208181,8,270.662290381526,45,-313.441913456009,1045.0,8.956666666666665,UNAVAILABLE,46.08866666666666,59.99,072B393C-87F5-4183-9ABC-0870E4B4F53B,0.8700000000000001,DE045126-2C5E-4E72-8491-E202079EAC7C,1.4036666666666668,3900.0,1100.0,3.6,30.4,0.6,132.43333333333334,300.0,100.0,3.2,22.5,0.2,400.0,100.0,3.7,21.6,0.1,2300.0,1200.0,1.9,25.2,0.5,2500.0,300.0,7.7,23.1,0.2,6900.0,2200.0,3.1,27.7,2.0
body_p1,25,Al6061_body25_p1,DE045126-2C5E-4E72-8491-E202079EAC7C,32,982,2025-07-30 11:56:30.784049,2,0.0001678978379824,3121,1,20,30.0005,AUTO,21,ARMED,100,520.45,5,2729915.243,25,000454_D_A_PROGRAM_1.NC,24,100,0,20,100,1007.88054749066,749591.664000001,22,170.851802239377,15,402.185089035663,35,-99.8669982674121,754.6666666666666,7.396666666666666,UNAVAILABLE,46.451,60.02,072B393C-87F5-4183-9ABC-0870E4B4F53B,0.99,DE045126-2C5E-4E72-8491-E202079EAC7C,1.422,5100.0,1400.0,3.6,32.4,0.1,132.33333333333334,1300.0,300.0,3.9,22.6,0.2,5200.0,1100.0,4.8,22.0,0.1,26400.0,7900.0,3.3,25.4,0.3,3200.0,700.0,4.5,23.5,0.1,800.0,200.0,3.9,27.8,0.2
body_p1,25,Al6061_body25_p1,DE045126-2C5E-4E72-8491-E202079EAC7C,32,983,2025-07-30 11:56:31.784242,2,0.0006680210239083,3122,1,20,30.0005,AUTO,21,ARMED,100,533.3333,5,2729915.243,25,000454_D_A_PROGRAM_1.NC,25,100,0,20,100,4418.01540882404,749591.664000001,6,361.741716563504,6,279.991761184461,11,-269.848562132065,1846.6666666666667,19.19,UNAVAILABLE,46.45133333333334,60.01,072B393C-87F5-4183-9ABC-0870E4B4F53B,1.0,DE045126-2C5E-4E72-8491-E202079EAC7C,1.422,10100.0,2400.0,4.2,32.4,0.3,131.83333333333334,300.0,100.0,5.0,22.6,0.1,2100.0,300.0,6.1,22.0,0.1,5000.0,1400.0,3.6,25.4,0.2,25000.0,5400.0,4.6,23.5,0.1,54400.0,12900.0,4.2,27.8,1.3
body_p1,25,Al6061_body25_p1,DE045126-2C5E-4E72-8491-E202079EAC7C,32,984,2025-07-30 11:56:32.784438,2,0.0006680210239083,3123,1,20,30.0005,AUTO,21,ARMED,100,0.0,5,2729915.243,25,000454_D_A_PROGRAM_1.NC,26,100,0,12,100,6698.04831415063,749591.664000001,5,361.741693675496,5,279.991806961312,29,-312.759200122123,6147.0,51.25666666666666,UNAVAILABLE,46.452333333333335,60.02,072B393C-87F5-4183-9ABC-0870E4B4F53B,1.0,DE045126-2C5E-4E72-8491-E202079EAC7C,1.422,10200.0,2400.0,4.3,32.4,0.2,129.43333333333334,200.0,100.0,3.6,22.6,0.1,400.0,100.0,3.9,22.0,0.1,3000.0,1300.0,2.3,25.4,0.2,1000.0,300.0,3.7,23.5,0.1,900.0,200.0,3.9,27.8,0.1
body_p1,25,Al6061_body25_p1,DE045126-2C5E-4E72-8491-E202079EAC7C,32,985,2025-07-30 11:56:33.784735,2,0.0006680210239083,3123,1,20,30.0005,AUTO,21,ARMED,100,0.0,5,2729915.243,25,000454_D_A_PROGRAM_1.NC,27,100,0,9,100,8242.8782494349,749591.664000001,5,361.741693675496,5,279.991806961312,30,-312.759188679586,5907.666666666667,49.10333333333333,UNAVAILABLE,46.45433333333333,60.01,072B393C-87F5-4183-9ABC-0870E4B4F53B,0.93,DE045126-2C5E-4E72-8491-E202079EAC7C,1.422,9600.0,2600.0,3.7,32.4,0.2,129.53333333333333,300.0,100.0,3.6,22.6,0.1,400.0,100.0,4.2,22.0,0.1,3400.0,1300.0,2.6,25.4,0.2,1000.0,200.0,4.1,23.5,0.1,1200.0,300.0,3.4,27.8,0.3
body_p1,25,Al6061_body25_p1,DE045126-2C5E-4E72-8491-E202079EAC7C,32,986,2025-07-30 11:56:34.784889,2,0.0006680210239083,3126,1,20,30.0005,AUTO,21,ARMED,100,18.03333,5,2729915.243,25,000454_D_A_PROGRAM_1.NC,28,100,0,6,100,10000.0,749591.664000001,20,362.043952707525,16,279.761721068083,30,-315.807411743098,5836.333333333333,48.50333333333333,UNAVAILABLE,46.45633333333333,60.01,072B393C-87F5-4183-9ABC-0870E4B4F53B,0.9233333333333332,DE045126-2C5E-4E72-8491-E202079EAC7C,1.422,7600.0,2200.0,3.5,32.4,0.5,129.6,600.0,200.0,4.0,22.6,0.5,600.0,100.0,4.0,22.0,0.1,4900.0,1300.0,3.9,25.4,0.4,1600.0,400.0,4.5,23.5,0.1,6100.0,1100.0,5.7,27.8,1.0
body_p1,25,Al6061_body25_p1,DE045126-2C5E-4E72-8491-E202079EAC7C,32,987,2025-07-30 11:56:35.785082,2,0.0006680210239083,3133,1,20,30.0005,AUTO,21,ARMED,100,69.85,5,2729915.243,25,000454_D_A_PROGRAM_1.NC,29,100,0,1,100,10000.0,749591.664000001,43,345.960995028739,23,271.178736065251,37,-312.759062960369,4911.666666666667,40.84333333333333,UNAVAILABLE,46.45733333333334,60.01,072B393C-87F5-4183-9ABC-0870E4B4F53B,0.8866666666666667,DE045126-2C5E-4E72-8491-E202079EAC7C,1.422,3500.0,1100.0,3.2,32.4,0.5,130.1,500.0,100.0,4.0,22.6,0.4,1400.0,300.0,5.5,22.0,0.1,8500.0,1900.0,4.5,25.4,0.5,1300.0,300.0,4.5,23.5,0.2,5200.0,1400.0,3.6,27.8,1.3
body_p1,25,Al6061_body25_p1,DE045126-2C5E-4E72-8491-E202079EAC7C,32,988,2025-07-30 11:56:36.785235,2,0.0006680210239083,3139,1,20,30.0005,AUTO,21,ARMED,100,25.03333,5,2729915.243,25,000454_D_A_PROGRAM_1.NC,30,100,0,0,100,10000.0,749591.664000001,15,339.391534690919,2,265.65584347499,31,-315.807091352077,3761.6666666666665,32.97,UNAVAILABLE,46.458333333333336,60.02,072B393C-87F5-4183-9ABC-0870E4B4F53B,0.7566666666666667,DE045126-2C5E-4E72-8491-E202079EAC7C,1.422,3600.0,1100.0,3.2,32.4,0.5,130.76666666666668,500.0,100.0,4.4,22.7,0.4,600.0,200.0,4.0,22.0,0.1,5100.0,1300.0,4.0,25.4,0.5,1600.0,300.0,6.2,23.5,0.2,5900.0,1500.0,4.0,27.8,1.3
body_p1,25,Al6061_body25_p1,DE045126-2C5E-4E72-8491-E202079EAC7C,32,989,2025-07-30 11:56:37.785385,2,0.0006680210239083,3146,1,20,30.0005,AUTO,21,ARMED,100,11.56667,5,2729915.243,25,000454_D_A_PROGRAM_1.NC,31,100,0,0,100,10000.0,749591.664000001,9,338.992675785234,5,236.811536804474,29,-315.807434628171,1036.0,8.883333333333333,UNAVAILABLE,46.458333333333336,60.02,072B393C-87F5-4183-9ABC-0870E4B4F53B,0.88,DE045126-2C5E-4E72-8491-E202079EAC7C,1.422,3900.0,1100.0,3.6,32.4,0.5,132.23333333333332,700.0,200.0,3.9,22.7,0.5,600.0,200.0,4.0,22.0,0.1,4000.0,1300.0,3.0,25.4,0.5,1500.0,300.0,5.5,23.5,0.2,3700.0,1400.0,2.7,27.8,1.3
body_p1,25,Al6061_body25_p1,DE045126-2C5E-4E72-8491-E202079EAC7C,32,990,2025-07-30 11:56:38.785686,2,0.0006680210239083,3155,1,20,30.0005,AUTO,21,ARMED,100,101.65,5,2729915.243,25,000454_D_A_PROGRAM_1.NC,32,100,0,0,100,10000.0,749591.664000001,3,350.765645320469,1,230.96538795423,41,-312.759005748169,1080.6666666666667,9.37,UNAVAILABLE,46.459,60.02,072B393C-87F5-4183-9ABC-0870E4B4F53B,0.8433333333333334,DE045126-2C5E-4E72-8491-E202079EAC7C,1.422,3600.0,1100.0,3.3,32.4,0.5,132.16666666666666,700.0,100.0,5.3,22.7,0.5,1500.0,300.0,5.4,22.0,0.1,9200.0,1900.0,4.8,25.4,0.5,2100.0,300.0,7.1,23.5,0.2,3900.0,1400.0,2.7,27.8,1.3
body_p1,25,Al6061_body25_p1,DE045126-2C5E-4E72-8491-E202079EAC7C,32,991,2025-07-30 11:56:39.786046,2,0.0006680210239083,3162,1,20,30.0005,AUTO,21,ARMED,100,24.65,5,2729915.243,25,000454_D_A_PROGRAM_1.NC,33,100,0,0,100,10000.0,749591.664000001,8,363.71772983559,11,222.618813653428,32,-315.807205777442,1057.0,9.096666666666666,UNAVAILABLE,46.45933333333334,60.02,072B393C-87F5-4183-9ABC-0870E4B4F53B,0.8999999999999999,DE045126-2C5E-4E72-8491-E202079EAC7C,1.422,3900.0,1100.0,3.5,32.4,0.5,132.23333333333332,600.0,100.0,5.3,22.7,0.4,600.0,200.0,3.7,22.0,0.1,7000.0,1300.0,5.4,25.4,0.5,2400.0,300.0,7.7,23.5,0.2,6100.0,1600.0,3.9,27.8,1.3
body_p1,25,Al6061_body25_p1,DE045126-2C5E-4E72-8491-E202079EAC7C,32,992,2025-07-30 11:56:40.786239,2,0.0006680210239083,3170,1,20,30.0005,AUTO,21,ARMED,100,24.65,5,2729915.243,25,000454_D_A_PROGRAM_1.NC,34,100,0,0,100,10000.0,749591.664000001,2,400.541192257957,12,224.141313654531,31,-315.807262990124,1033.3333333333333,8.873333333333333,UNAVAILABLE,46.45966666666667,60.02,072B393C-87F5-4183-9ABC-0870E4B4F53B,0.8766666666666666,DE045126-2C5E-4E72-8491-E202079EAC7C,1.422,3700.0,1100.0,3.3,32.4,0.5,132.23333333333332,500.0,200.0,3.5,22.7,0.3,600.0,200.0,3.7,22.0,0.2,6800.0,1400.0,5.0,25.4,0.5,1200.0,300.0,4.5,23.5,0.2,4000.0,1400.0,2.9,27.8,1.3
body_p1,25,Al6061_body25_p1,DE045126-2C5E-4E72-8491-E202079EAC7C,32,993,2025-07-30 11:56:41.786523,2,0.0006680210239083,3177,1,20,30.0005,AUTO,21,ARMED,100,103.2667,5,2729915.243,25,000454_D_A_PROGRAM_1.NC,35,100,0,0,100,10000.0,749591.664000001,43,415.892913461245,22,233.735977881005,41,-312.758982863289,1037.3333333333333,8.913333333333334,UNAVAILABLE,46.46000000000001,60.02,072B393C-87F5-4183-9ABC-0870E4B4F53B,0.8666666666666667,DE045126-2C5E-4E72-8491-E202079EAC7C,1.422,3700.0,1100.0,3.3,32.4,0.5,132.23333333333332,700.0,200.0,4.4,22.7,0.6,1200.0,200.0,5.7,22.0,0.1,6900.0,1400.0,4.9,25.4,0.5,900.0,300.0,3.5,23.5,0.2,3700.0,1400.0,2.7,27.8,1.3
body_p1,25,Al6061_body25_p1,DE045126-2C5E-4E72-8491-E202079EAC7C,32,994,2025-07-30 11:56:42.786867,2,0.0006680210239083,3184,1,20,30.0005,AUTO,21,ARMED,100,24.78333,5,2729915.243,25,000454_D_A_PROGRAM_1.NC,36,100,0,1,100,10000.0,749591.664000001,4,424.556874729656,13,239.372677258782,31,-314.877951126355,1080.6666666666667,9.346666666666666,UNAVAILABLE,46.46000000000001,60.02,072B393C-87F5-4183-9ABC-0870E4B4F53B,0.8633333333333333,DE045126-2C5E-4E72-8491-E202079EAC7C,1.422,3600.0,1100.0,3.3,32.4,0.5,132.2,500.0,100.0,4.2,22.7,0.6,1400.0,200.0,7.4,22.0,0.1,15800.0,2300.0,6.8,25.4,0.5,1800.0,300.0,6.4,23.5,0.2,6400.0,1600.0,4.1,27.8,1.3
body_p1,25,Al6061_body25_p1,DE045126-2C5E-4E72-8491-E202079EAC7C,32,995,2025-07-30 11:56:43.787081,2,0.0006680210239083,3194,1,20,30.0005,AUTO,21,ARMED,100,25.06667,5,2729915.243,25,000454_D_A_PROGRAM_1.NC,37,100,0,1,100,10000.0,749591.664000001,16,424.702203497688,4,268.172789304353,30,-315.807320202806,1018.3333333333334,8.73,UNAVAILABLE,46.46000000000001,60.02,072B393C-87F5-4183-9ABC-0870E4B4F53B,0.89,DE045126-2C5E-4E72-8491-E202079EAC7C,1.422,3400.0,1100.0,3.1,32.4,0.5,132.23333333333332,400.0,100.0,3.4,22.7,0.3,600.0,200.0,3.3,22.0,0.2,4000.0,1300.0,3.1,25.4,0.5,1100.0,300.0,4.2,23.5,0.2,2400.0,1400.0,1.7,27.8,1.3
body_p1,25,Al6061_body25_p1,DE045126-2C5E-4E72-8491-E202079EAC7C,32,996,2025-07-30 11:56:44.787272,2,0.0006680210239083,3200,1,20,30.0005,AUTO,21,ARMED,100,85.75,5,2729915.243,25,000454_D_A_PROGRAM_1.NC,38,100,0,0,100,10000.0,749591.664000001,6,397.741404714877,6,279.991656099585,32,-312.932382911774,1108.3333333333333,9.63,UNAVAILABLE,46.46099999999999,60.02,072B393C-87F5-4183-9ABC-0870E4B4F53B,0.8233333333333333,DE045126-2C5E-4E72-8491-E202079EAC7C,1.422,3400.0,1100.0,3.1,32.4,0.5,132.20000000000002,800.0,200.0,4.5,22.7,0.6,1100.0,200.0,6.2,22.0,0.1,3900.0,1500.0,2.6,25.4,0.5,2000.0,300.0,7.0,23.5,0.2,6500.0,1400.0,4.7,27.8,1.3
body_p1,25,Al6061_body25_p1,DE045126-2C5E-4E72-8491-E202079EAC7C,32,997,2025-07-30 11:56:45.787468,2,0.0006680210239083,3208,1,20,30.0005,AUTO,21,ARMED,100,24.43333,5,2729915.243,25,000454_D_A_PROGRAM_1.NC,38,100,0,0,100,10000.0,749591.664000001,0,399.874696230112,2,282.125145271274,34,-313.804570151365,1043.6666666666667,8.95,UNAVAILABLE,46.46133333333333,60.02,072B393C-87F5-4183-9ABC-0870E4B4F53B,0.9033333333333332,DE045126-2C5E-4E72-8491-E202079EAC7C,1.422,4200.0,1100.0,3.9,32.4,0.5,132.2,700.0,100.0,5.6,22.7,0.5,1100.0,200.0,5.6,22.0,0.1,7700.0,1600.0,4.8,25.4,0.5,1800.0,300.0,6.2,23.5,0.2,5700.0,1600.0,3.6,27.8,1.3
body_p1,25,Al6061_body25_p1,DE045126-2C5E-4E72-8491-E202079EAC7C,32,998,2025-07-30 11:56:46.787615,2,0.0006680210239083,3216,1,20,30.0005,AUTO,21,ARMED,100,25.4,5,2729915.243,25,000454_D_A_PROGRAM_1.NC,40,100,0,0,100,10000.0,749591.664000001,8,373.537787189001,6,272.884983033894,32,-316.304967556933,1017.6666666666666,8.69,UNAVAILABLE,46.46133333333333,60.02,072B393C-87F5-4183-9ABC-0870E4B4F53B,0.8833333333333334,DE045126-2C5E-4E72-8491-E202079EAC7C,1.422,4200.0,1200.0,3.5,32.4,0.5,132.23333333333332,900.0,400.0,2.2,22.7,0.3,600.0,200.0,3.1,22.0,0.2,6000.0,1300.0,4.8,25.4,0.5,1200.0,300.0,3.6,23.5,0.2,2700.0,1500.0,1.8,27.8,1.4
body_p1,25,Al6061_body25_p1,DE045126-2C5E-4E72-8491-E202079EAC7C,32,999,2025-07-30 11:56:47.787970,2,0.0006680210239083,3219,1,20,30.0005,AUTO,21,ARMED,100,25.4,5,2729915.243,25,000454_D_A_PROGRAM_1.NC,41,100,0,0,100,10000.0,749591.664000001,8,350.84417173468,8,270.855309480994,32,-316.305001884542,1058.3333333333333,9.133333333333333,UNAVAILABLE,46.46133333333333,60.02,072B393C-87F5-4183-9ABC-0870E4B4F53B,0.8433333333333334,DE045126-2C5E-4E72-8491-E202079EAC7C,1.422,4000.0,1100.0,3.6,32.4,0.5,132.23333333333332,900.0,400.0,2.3,22.7,0.2,700.0,200.0,3.8,22.0,0.1,3800.0,1300.0,2.8,25.4,0.5,1200.0,300.0,3.8,23.5,0.2,2400.0,1400.0,1.8,27.8,1.3
body_p1,25,Al6061_body25_p1,DE045126-2C5E-4E72-8491-E202079EAC7C,32,1000,2025-07-30 11:56:48.788166,2,0.0006680210239083,3219,1,20,30.0005,AUTO,21,ARMED,100,25.4,5,2729915.243,25,000454_D_A_PROGRAM_1.NC,42,100,0,0,100,10000.0,749591.664000001,6,341.233154366084,8,249.364702436896,31,-316.305093424834,1049.3333333333333,9.013333333333334,UNAVAILABLE,46.461666666666666,60.02,072B393C-87F5-4183-9ABC-0870E4B4F53B,0.8733333333333334,DE045126-2C5E-4E72-8491-E202079EAC7C,1.422,3600.0,1100.0,3.2,32.4,0.5,132.2,800.0,400.0,2.2,22.7,0.1,800.0,200.0,3.9,22.0,0.1,4100.0,1400.0,3.0,25.4,0.5,1100.0,300.0,3.6,23.5,0.2,2600.0,1400.0,1.9,27.8,1.3
body_p1,25,Al6061_body25_p1,DE045126-2C5E-4E72-8491-E202079EAC7C,32,1001,2025-07-30 11:56:49.788469,2,0.0006680210239083,3219,1,20,30.0005,AUTO,21,ARMED,100,25.4,5,2729915.243,25,000454_D_A_PROGRAM_1.NC,43,100,0,0,100,10000.0,749591.664000001,9,358.08851585018,6,231.404415089708,31,-316.305047654688,1050.0,9.006666666666666,UNAVAILABLE,46.46233333333333,60.02,072B393C-87F5-4183-9ABC-0870E4B4F53B,0.88,DE045126-2C5E-4E72-8491-E202079EAC7C,1.422,3700.0,1300.0,2.9,32.4,0.5,132.2,900.0,400.0,2.1,22.7,0.2,700.0,200.0,3.3,22.0,0.2,3400.0,1300.0,2.7,25.4,0.5,1100.0,300.0,3.4,23.5,0.2,2700.0,1500.0,1.8,27.8,1.4
body_p1,25,Al6061_body25_p1,DE045126-2C5E-4E72-8491-E202079EAC7C,32,1002,2025-07-30 11:56:50.788618,2,0.0006680210239083,3222,1,20,30.0005,AUTO,21,ARMED,100,25.4,5,2729915.243,25,000454_D_A_PROGRAM_1.NC,44,100,0,0,100,10000.0,749591.664000001,8,382.744357901754,4,232.407548917938,32,-316.304898901714,1046.0,8.966666666666667,UNAVAILABLE,46.46233333333333,60.02,072B393C-87F5-4183-9ABC-0870E4B4F53B,0.8833333333333334,DE045126-2C5E-4E72-8491-E202079EAC7C,1.422,4200.0,1300.0,3.1,32.4,0.6,132.2,900.0,300.0,2.7,22.7,0.3,700.0,200.0,3.3,22.0,0.2,3900.0,1400.0,2.8,25.4,0.5,1200.0,300.0,3.6,23.5,0.2,2600.0,1500.0,1.7,27.8,1.4
body_p1,25,Al6061_body25_p1,DE045126-2C5E-4E72-8491-E202079EAC7C,32,1003,2025-07-30 11:56:51.788814,2,0.0006680210239083,3225,1,20,30.0005,AUTO,21,ARMED,100,25.4,5,2729915.243,25,000454_D_A_PROGRAM_1.NC,45,100,0,0,100,10000.0,749591.664000001,8,408.391468302135,7,233.175222725636,31,-316.30494467186,1044.0,8.946666666666667,UNAVAILABLE,46.46233333333333,60.02,072B393C-87F5-4183-9ABC-0870E4B4F53B,0.8766666666666666,DE045126-2C5E-4E72-8491-E202079EAC7C,1.422,4300.0,1300.0,3.3,32.4,0.6,132.23333333333332,800.0,300.0,2.5,22.7,0.2,600.0,200.0,3.4,22.0,0.2,3500.0,1300.0,2.6,25.4,0.5,1100.0,300.0,3.4,23.5,0.2,2500.0,1400.0,1.8,27.8,1.4
body_p1,25,Al6061_body25_p1,DE045126-2C5E-4E72-8491-E202079EAC7C,32,1004,2025-07-30 11:56:52.789010,2,0.0006680210239083,3225,1,20,30.0005,AUTO,21,ARMED,100,25.4,5,2729915.243,25,000454_D_A_PROGRAM_1.NC,46,100,0,0,100,10000.0,749591.664000001,6,420.447608526307,7,253.397816001556,32,-316.304990442006,1049.0,8.966666666666667,UNAVAILABLE,46.46233333333333,60.03,072B393C-87F5-4183-9ABC-0870E4B4F53B,0.8833333333333334,DE045126-2C5E-4E72-8491-E202079EAC7C,1.422,4000.0,1100.0,3.5,32.4,0.5,132.2,600.0,200.0,2.6,22.7,0.1,600.0,200.0,3.4,22.0,0.1,3600.0,1400.0,2.6,25.4,0.5,1200.0,300.0,4.0,23.5,0.2,2400.0,1400.0,1.8,27.8,1.3
body_p1,25,Al6061_body25_p1,DE045126-2C5E-4E72-8491-E202079EAC7C,32,1005,2025-07-30 11:56:53.789291,2,0.0006680210239083,3225,1,20,30.0005,AUTO,21,ARMED,100,25.4,5,2729915.243,25,000454_D_A_PROGRAM_1.NC,47,100,0,0,100,10000.0,749591.664000001,8,408.215005581671,6,272.202974268622,31,-316.305047654688,1048.0,8.983333333333333,UNAVAILABLE,46.46333333333333,60.03,072B393C-87F5-4183-9ABC-0870E4B4F53B,0.8833333333333334,DE045126-2C5E-4E72-8491-E202079EAC7C,1.422,3800.0,1200.0,3.2,32.4,0.5,132.2,900.0,400.0,2.3,22.7,0.2,600.0,200.0,3.0,22.0,0.2,3600.0,1300.0,2.8,25.5,0.5,1200.0,300.0,3.7,23.5,0.2,2700.0,1600.0,1.7,27.8,1.5
body_p1,25,Al6061_body25_p1,DE045126-2C5E-4E72-8491-E202079EAC7C,32,1006,2025-07-30 11:56:54.789442,2,0.0006680210239083,3228,1,20,30.0005,AUTO,21,ARMED,100,25.4,5,2729915.243,25,000454_D_A_PROGRAM_1.NC,47,100,0,1,100,10000.0,749591.664000001,8,381.239396793672,6,272.884813872163,33,-316.305047654688,1046.0,9.003333333333334,UNAVAILABLE,46.46333333333333,60.03,072B393C-87F5-4183-9ABC-0870E4B4F53B,0.8733333333333334,DE045126-2C5E-4E72-8491-E202079EAC7C,1.422,3600.0,1200.0,3.1,32.4,0.5,132.23333333333332,500.0,100.0,4.0,22.7,0.6,500.0,200.0,3.5,22.0,0.1,3700.0,1300.0,2.9,25.5,0.5,1300.0,300.0,4.5,23.5,0.2,5600.0,1600.0,3.6,27.8,1.4
body_p1,26,Al6061_body26_p1,DE045126-2C5E-4E72-8491-E202079EAC7C,33,989,2025-07-31 09:47:35.363420,20,0.000167897837986,3119,1,27,30.0005,AUTO,21,ARMED,100,0.0,5,2745407.912,26,000454_D_A_PROGRAM_1.NC,21,100,0,0,100,0.0,758599.853,5,12.4205948207998,4,503.59819449292,34,-99.8670097108772,692.6666666666666,6.13,UNAVAILABLE,50.40566666666666,59.97,072B393C-87F5-4183-9ABC-0870E4B4F53B,0.8300000000000001,DE045126-2C5E-4E72-8491-E202079EAC7C,1.593,2900.0,300.0,11.1,29.3,0.2,133.13333333333333,300.0,100.0,5.3,22.2,0.1,300.0,100.0,4.4,21.7,0.0,1500.0,900.0,1.7,24.7,0.1,1600.0,200.0,8.4,22.6,0.1,700.0,100.0,5.3,26.4,0.2
body_p1,26,Al6061_body26_p1,DE045126-2C5E-4E72-8491-E202079EAC7C,33,990,2025-07-31 09:47:36.363715,20,0.000167897837986,3121,1,27,30.0005,AUTO,21,ARMED,100,627.8667,5,2745407.912,26,000454_D_A_PROGRAM_1.NC,22,100,0,26,100,1752.38490253006,758599.853,23,231.924312740594,15,363.089815023496,35,-99.8669982674121,706.3333333333334,6.6433333333333335,UNAVAILABLE,50.40566666666666,59.97,072B393C-87F5-4183-9ABC-0870E4B4F53B,0.66,DE045126-2C5E-4E72-8491-E202079EAC7C,1.593,5300.0,1400.0,3.7,29.3,0.1,133.16666666666666,1600.0,300.0,5.2,22.2,0.3,4800.0,1000.0,4.6,21.7,0.1,26500.0,6500.0,4.1,24.7,0.3,3700.0,800.0,4.6,22.6,0.1,1100.0,200.0,5.2,26.4,0.2
body_p1,26,Al6061_body26_p1,DE045126-2C5E-4E72-8491-E202079EAC7C,33,991,2025-07-31 09:47:37.364005,20,0.000167897837986,3122,1,27,30.0005,AUTO,21,ARMED,100,113.4333,5,2745407.912,26,000454_D_A_PROGRAM_1.NC,23,100,0,16,100,5128.35457013318,758599.853,5,361.741693675496,5,279.991784072887,59,-313.36241631783,2838.0,25.176666666666662,UNAVAILABLE,50.40566666666666,59.97,072B393C-87F5-4183-9ABC-0870E4B4F53B,0.96,DE045126-2C5E-4E72-8491-E202079EAC7C,1.593,11000.0,2300.0,4.8,29.3,0.3,132.13333333333333,200.0,100.0,4.0,22.2,0.1,1600.0,200.0,7.7,21.7,0.0,3300.0,1300.0,2.5,24.7,0.2,31000.0,4500.0,6.9,22.6,0.1,58400.0,10200.0,5.7,26.4,1.0
body_p1,26,Al6061_body26_p1,DE045126-2C5E-4E72-8491-E202079EAC7C,33,992,2025-07-31 09:47:38.364321,20,0.000167897837986,3123,1,27,30.0005,AUTO,21,ARMED,100,0.0,5,2745407.912,26,000454_D_A_PROGRAM_1.NC,24,100,0,12,100,7004.03138332076,758599.853,5,361.7417051195,5,279.991795517099,29,-313.364899348246,6160.666666666667,51.15,UNAVAILABLE,50.40733333333333,59.97,072B393C-87F5-4183-9ABC-0870E4B4F53B,0.88,DE045126-2C5E-4E72-8491-E202079EAC7C,1.593,9600.0,2900.0,3.3,29.3,0.2,130.20000000000002,300.0,100.0,3.7,22.2,0.1,400.0,100.0,4.0,21.7,0.1,3000.0,1300.0,2.3,24.7,0.2,1000.0,300.0,3.7,22.6,0.1,600.0,200.0,3.9,26.4,0.1
body_p1,26,Al6061_body26_p1,DE045126-2C5E-4E72-8491-E202079EAC7C,33,993,2025-07-31 09:47:39.364624,20,0.000167897837986,3123,1,27,30.0005,AUTO,21,ARMED,100,0.0,5,2745407.912,26,000454_D_A_PROGRAM_1.NC,25,100,0,8,100,8588.2056115501,758599.853,5,361.741693675496,5,279.991795517099,29,-313.364899348246,5894.333333333333,48.696666666666665,UNAVAILABLE,50.409,59.97,072B393C-87F5-4183-9ABC-0870E4B4F53B,0.9266666666666667,DE045126-2C5E-4E72-8491-E202079EAC7C,1.593,8400.0,2100.0,3.9,29.3,0.2,130.43333333333334,300.0,100.0,3.9,22.2,0.1,300.0,100.0,3.4,21.7,0.1,3300.0,1300.0,2.5,24.7,0.2,1000.0,200.0,4.0,22.6,0.1,1100.0,300.0,3.0,26.4,0.4
body_p1,26,Al6061_body26_p1,DE045126-2C5E-4E72-8491-E202079EAC7C,33,994,2025-07-31 09:47:40.364931,20,0.000167897837986,3126,1,27,30.0005,AUTO,21,ARMED,100,21.25,5,2745407.912,26,000454_D_A_PROGRAM_1.NC,26,100,0,6,100,10000.0,758599.853,3,364.468788370082,14,280.64482365214,29,-316.413007986393,5385.333333333333,44.473333333333336,UNAVAILABLE,50.41,59.97,072B393C-87F5-4183-9ABC-0870E4B4F53B,0.8833333333333333,DE045126-2C5E-4E72-8491-E202079EAC7C,1.593,7000.0,2200.0,3.2,29.3,0.5,130.70000000000002,800.0,100.0,5.2,22.2,0.3,600.0,100.0,4.0,21.7,0.1,3600.0,1200.0,3.0,24.7,0.5,1800.0,400.0,5.1,22.6,0.2,3500.0,1000.0,3.4,26.4,1.0
body_p1,26,Al6061_body26_p1,DE045126-2C5E-4E72-8491-E202079EAC7C,33,995,2025-07-31 09:47:41.365217,20,0.000167897837986,3133,1,27,30.0005,AUTO,21,ARMED,100,199.1333,5,2745407.912,26,000454_D_A_PROGRAM_1.NC,27,100,0,0,100,10000.0,758599.853,38,342.03987879346,21,268.782797513885,40,-313.364837179744,4810.333333333333,39.84666666666667,UNAVAILABLE,50.41133333333333,59.97,072B393C-87F5-4183-9ABC-0870E4B4F53B,0.8966666666666666,DE045126-2C5E-4E72-8491-E202079EAC7C,1.593,3400.0,1100.0,3.2,29.3,0.5,130.96666666666667,800.0,200.0,4.8,22.2,0.6,1500.0,300.0,5.9,21.7,0.1,8800.0,1800.0,4.8,24.7,0.5,1200.0,300.0,4.3,22.6,0.2,4000.0,1700.0,2.4,26.4,1.6
body_p1,26,Al6061_body26_p1,DE045126-2C5E-4E72-8491-E202079EAC7C,33,996,2025-07-31 09:47:42.365540,20,0.000167897837986,3141,1,27,30.0005,AUTO,21,ARMED,100,24.03333,5,2745407.912,26,000454_D_A_PROGRAM_1.NC,28,100,0,0,100,10000.0,758599.853,1,339.194815087036,14,267.870203276334,32,-316.2774874129,1184.6666666666667,10.64,UNAVAILABLE,50.41233333333333,59.97,072B393C-87F5-4183-9ABC-0870E4B4F53B,0.4433333333333333,DE045126-2C5E-4E72-8491-E202079EAC7C,1.593,3200.0,1100.0,3.0,29.3,0.5,132.93333333333334,600.0,100.0,4.5,22.2,0.5,600.0,100.0,4.1,21.7,0.1,16000.0,2100.0,7.7,24.7,0.5,1700.0,300.0,6.0,22.6,0.2,6600.0,1800.0,3.6,26.4,1.6
body_p1,26,Al6061_body26_p1,DE045126-2C5E-4E72-8491-E202079EAC7C,33,997,2025-07-31 09:47:43.365902,20,0.000167897837986,3148,1,27,30.0005,AUTO,21,ARMED,100,24.95,5,2745407.912,26,000454_D_A_PROGRAM_1.NC,29,100,0,0,100,10000.0,758599.853,7,339.405141363268,8,239.601820125638,31,-316.412962216247,1030.6666666666667,8.78,UNAVAILABLE,50.41266666666667,59.97,072B393C-87F5-4183-9ABC-0870E4B4F53B,0.86,DE045126-2C5E-4E72-8491-E202079EAC7C,1.593,3400.0,1100.0,3.2,29.3,0.5,132.96666666666667,700.0,200.0,4.2,22.2,0.2,600.0,200.0,3.6,21.7,0.1,4000.0,1300.0,3.0,24.7,0.5,1700.0,300.0,6.2,22.6,0.2,3100.0,1800.0,1.7,26.4,1.7
body_p1,26,Al6061_body26_p1,DE045126-2C5E-4E72-8491-E202079EAC7C,33,998,2025-07-31 09:47:44.366241,20,0.000167897837986,3155,1,27,30.0005,AUTO,21,ARMED,100,100.0667,5,2745407.912,26,000454_D_A_PROGRAM_1.NC,30,100,0,1,100,10000.0,758599.853,67,360.285386954279,40,224.051053598285,38,-313.364155583375,1114.3333333333333,9.64,UNAVAILABLE,50.41266666666667,59.97,072B393C-87F5-4183-9ABC-0870E4B4F53B,0.7966666666666665,DE045126-2C5E-4E72-8491-E202079EAC7C,1.593,3800.0,1100.0,3.5,29.3,0.5,133.0,900.0,200.0,4.7,22.2,0.6,1500.0,200.0,6.3,21.7,0.1,6900.0,1400.0,4.9,24.7,0.5,1300.0,300.0,4.8,22.6,0.2,4500.0,1700.0,2.7,26.4,1.6
body_p1,26,Al6061_body26_p1,DE045126-2C5E-4E72-8491-E202079EAC7C,33,999,2025-07-31 09:47:45.366519,20,0.000167897837986,3163,1,27,30.0005,AUTO,21,ARMED,100,24.85,5,2745407.912,26,000454_D_A_PROGRAM_1.NC,31,100,0,0,100,10000.0,758599.853,20,363.910528851623,4,225.073814294083,31,-316.391179497366,1057.0,9.023333333333332,UNAVAILABLE,50.41333333333333,59.97,072B393C-87F5-4183-9ABC-0870E4B4F53B,0.9166666666666666,DE045126-2C5E-4E72-8491-E202079EAC7C,1.593,3700.0,1100.0,3.4,29.3,0.5,133.0,700.0,100.0,5.8,22.2,0.3,700.0,200.0,4.9,21.7,0.1,3400.0,1300.0,2.7,24.7,0.5,1500.0,300.0,5.5,22.6,0.2,6300.0,1800.0,3.4,26.4,1.6
body_p1,26,Al6061_body26_p1,DE045126-2C5E-4E72-8491-E202079EAC7C,33,1000,2025-07-31 09:47:46.366852,20,0.000167897837986,3172,1,27,30.0005,AUTO,21,ARMED,100,25.03333,5,2745407.912,26,000454_D_A_PROGRAM_1.NC,32,100,0,0,100,10000.0,758599.853,15,397.298442034116,2,225.285830712323,31,-316.412893561029,1038.6666666666667,8.873333333333333,UNAVAILABLE,50.41333333333333,59.97,072B393C-87F5-4183-9ABC-0870E4B4F53B,0.8766666666666666,DE045126-2C5E-4E72-8491-E202079EAC7C,1.593,3500.0,1100.0,3.3,29.3,0.5,133.0,600.0,200.0,4.0,22.2,0.4,600.0,200.0,3.6,21.7,0.1,4200.0,1400.0,3.0,24.7,0.5,1500.0,300.0,5.9,22.6,0.2,3100.0,1800.0,1.7,26.4,1.7
body_p1,26,Al6061_body26_p1,DE045126-2C5E-4E72-8491-E202079EAC7C,33,1001,2025-07-31 09:47:47.367178,20,0.000167897837986,3178,1,27,30.0005,AUTO,21,ARMED,100,115.3667,5,2745407.912,26,000454_D_A_PROGRAM_1.NC,33,100,0,0,100,10000.0,758599.853,6,422.422380193387,6,237.243638705625,17,-314.179745256183,1048.3333333333333,8.983333333333333,UNAVAILABLE,50.41366666666666,59.97,072B393C-87F5-4183-9ABC-0870E4B4F53B,0.8566666666666668,DE045126-2C5E-4E72-8491-E202079EAC7C,1.593,3800.0,1100.0,3.6,29.3,0.5,133.0,900.0,200.0,4.5,22.2,0.5,500.0,100.0,4.2,21.7,0.1,3900.0,1300.0,3.0,24.7,0.5,3900.0,300.0,11.8,22.6,0.2,4700.0,1700.0,2.8,26.4,1.6
body_p1,26,Al6061_body26_p1,DE045126-2C5E-4E72-8491-E202079EAC7C,33,1002,2025-07-31 09:47:48.367493,20,0.000167897837986,3186,1,27,30.0005,AUTO,21,ARMED,100,12.5,5,2745407.912,26,000454_D_A_PROGRAM_1.NC,34,100,0,0,100,10000.0,758599.853,1,424.555352423115,2,239.3850138722,48,-313.394667620988,1092.3333333333333,9.416666666666666,UNAVAILABLE,50.41366666666666,59.97,072B393C-87F5-4183-9ABC-0870E4B4F53B,0.8766666666666666,DE045126-2C5E-4E72-8491-E202079EAC7C,1.593,3400.0,1100.0,3.2,29.3,0.5,133.03333333333333,600.0,100.0,4.3,22.2,0.7,1900.0,300.0,7.5,21.7,0.1,17100.0,2600.0,6.5,24.7,0.5,1400.0,300.0,4.7,22.6,0.2,6100.0,1800.0,3.4,26.4,1.6
body_p1,26,Al6061_body26_p1,DE045126-2C5E-4E72-8491-E202079EAC7C,33,1003,2025-07-31 09:47:49.367688,20,0.000167897837986,3194,1,27,30.0005,AUTO,21,ARMED,100,25.03333,5,2745407.912,26,000454_D_A_PROGRAM_1.NC,35,100,0,0,100,10000.0,758599.853,3,421.91412768303,13,267.946026643744,32,-316.412859233419,1066.0,9.11,UNAVAILABLE,50.414,59.97,072B393C-87F5-4183-9ABC-0870E4B4F53B,0.8966666666666666,DE045126-2C5E-4E72-8491-E202079EAC7C,1.593,3500.0,1100.0,3.3,29.3,0.5,133.03333333333333,600.0,100.0,4.1,22.2,0.4,500.0,200.0,3.4,21.7,0.1,3900.0,1300.0,3.0,24.7,0.5,1000.0,300.0,3.9,22.6,0.2,4400.0,1900.0,2.4,26.4,1.8
body_p1,26,Al6061_body26_p1,DE045126-2C5E-4E72-8491-E202079EAC7C,33,1004,2025-07-31 09:47:50.367988,20,0.000167897837986,3200,1,27,30.0005,AUTO,21,ARMED,100,11.26667,5,2745407.912,26,000454_D_A_PROGRAM_1.NC,36,100,0,0,100,10000.0,758599.853,49,397.740969809392,12,279.991907872479,32,-315.237069954703,1033.3333333333333,8.81,UNAVAILABLE,50.414,59.97,072B393C-87F5-4183-9ABC-0870E4B4F53B,0.8766666666666666,DE045126-2C5E-4E72-8491-E202079EAC7C,1.593,3300.0,1100.0,3.0,29.3,0.5,133.0,1000.0,200.0,4.9,22.2,0.5,500.0,100.0,3.8,21.7,0.1,4000.0,1500.0,2.7,24.7,0.5,1800.0,300.0,6.5,22.6,0.2,4300.0,1700.0,2.5,26.4,1.6
body_p1,26,Al6061_body26_p1,DE045126-2C5E-4E72-8491-E202079EAC7C,33,1005,2025-07-31 09:47:51.368196,20,0.000167897837986,3210,1,27,30.0005,AUTO,21,ARMED,100,145.6167,5,2745407.912,26,000454_D_A_PROGRAM_1.NC,37,100,0,1,100,10000.0,758599.853,4,399.873162616035,6,282.126873586449,42,-313.399004305772,1039.0,8.896666666666667,UNAVAILABLE,50.415,59.97,072B393C-87F5-4183-9ABC-0870E4B4F53B,0.7966666666666665,DE045126-2C5E-4E72-8491-E202079EAC7C,1.593,3300.0,1100.0,3.1,29.3,0.5,133.0,500.0,100.0,4.5,22.2,0.6,1000.0,200.0,5.7,21.7,0.1,8500.0,1600.0,5.2,24.7,0.5,2500.0,300.0,8.1,22.6,0.2,6000.0,1700.0,3.5,26.4,1.6
body_p1,26,Al6061_body26_p1,DE045126-2C5E-4E72-8491-E202079EAC7C,33,1006,2025-07-31 09:47:52.368500,20,0.000167897837986,3216,1,27,30.0005,AUTO,21,ARMED,100,25.4,5,2745407.912,26,000454_D_A_PROGRAM_1.NC,38,100,0,0,100,10000.0,758599.853,8,369.102913784952,5,273.434330027729,31,-316.910769765885,1081.6666666666667,9.27,UNAVAILABLE,50.415,59.97,072B393C-87F5-4183-9ABC-0870E4B4F53B,0.8933333333333332,DE045126-2C5E-4E72-8491-E202079EAC7C,1.593,3900.0,1100.0,3.5,29.3,0.5,132.93333333333334,1100.0,500.0,2.4,22.2,0.4,600.0,100.0,4.2,21.7,0.1,4500.0,1300.0,3.5,24.7,0.5,1200.0,300.0,3.8,22.6,0.2,2900.0,1700.0,1.7,26.4,1.7
body_p1,26,Al6061_body26_p1,DE045126-2C5E-4E72-8491-E202079EAC7C,33,1007,2025-07-31 09:47:53.368807,20,0.000167897837986,3219,1,27,30.0005,AUTO,21,ARMED,100,25.4,5,2745407.912,26,000454_D_A_PROGRAM_1.NC,39,100,0,1,100,10000.0,758599.853,8,348.29298575684,8,268.907574416619,31,-316.910746880812,1047.6666666666667,8.946666666666667,UNAVAILABLE,50.415333333333336,59.97,072B393C-87F5-4183-9ABC-0870E4B4F53B,0.8866666666666667,DE045126-2C5E-4E72-8491-E202079EAC7C,1.593,3500.0,1100.0,3.3,29.3,0.5,133.03333333333333,1100.0,600.0,2.0,22.2,0.2,500.0,200.0,3.5,21.7,0.1,3800.0,1400.0,2.8,24.7,0.5,1100.0,300.0,3.7,22.6,0.2,3100.0,1800.0,1.7,26.4,1.8
body_p1,26,Al6061_body26_p1,DE045126-2C5E-4E72-8491-E202079EAC7C,33,1008,2025-07-31 09:47:54.369089,20,0.000167897837986,3219,1,27,30.0005,AUTO,21,ARMED,100,25.4,5,2745407.912,26,000454_D_A_PROGRAM_1.NC,40,100,0,0,100,10000.0,758599.853,9,343.438534095652,7,242.611011015417,32,-316.910769765885,1053.0,8.953333333333333,UNAVAILABLE,50.415333333333336,59.97,072B393C-87F5-4183-9ABC-0870E4B4F53B,0.8766666666666666,DE045126-2C5E-4E72-8491-E202079EAC7C,1.593,3500.0,1100.0,3.2,29.3,0.5,133.06666666666663,800.0,400.0,2.1,22.2,0.2,600.0,200.0,3.5,21.7,0.1,3900.0,1400.0,2.8,24.7,0.5,1200.0,300.0,4.0,22.6,0.2,3200.0,1800.0,1.7,26.4,1.8
body_p1,26,Al6061_body26_p1,DE045126-2C5E-4E72-8491-E202079EAC7C,33,1009,2025-07-31 09:47:55.369359,20,0.000167897837986,3219,1,27,30.0005,AUTO,21,ARMED,100,25.4,5,2745407.912,26,000454_D_A_PROGRAM_1.NC,41,100,0,0,100,10000.0,758599.853,8,361.260210097784,7,230.953669272513,32,-316.910632455447,1048.6666666666667,8.963333333333333,UNAVAILABLE,50.415666666666674,59.97,072B393C-87F5-4183-9ABC-0870E4B4F53B,0.8733333333333334,DE045126-2C5E-4E72-8491-E202079EAC7C,1.593,4400.0,1200.0,3.6,29.3,0.5,133.03333333333333,1100.0,400.0,2.5,22.2,0.3,600.0,200.0,3.6,21.7,0.1,3300.0,1300.0,2.5,24.7,0.5,1300.0,300.0,4.1,22.6,0.2,3000.0,1800.0,1.7,26.4,1.7
body_p1,26,Al6061_body26_p1,DE045126-2C5E-4E72-8491-E202079EAC7C,33,1010,2025-07-31 09:47:56.369673,20,0.000167897837986,3222,1,27,30.0005,AUTO,21,ARMED,100,25.4,5,2745407.912,26,000454_D_A_PROGRAM_1.NC,42,100,0,0,100,10000.0,758599.853,9,388.580002834156,5,232.407514585989,31,-316.910678225593,1054.6666666666667,8.996666666666666,UNAVAILABLE,50.41633333333333,59.97,072B393C-87F5-4183-9ABC-0870E4B4F53B,0.8766666666666666,DE045126-2C5E-4E72-8491-E202079EAC7C,1.593,4100.0,1200.0,3.3,29.3,0.5,133.06666666666666,900.0,400.0,2.6,22.2,0.3,500.0,200.0,3.4,21.7,0.1,3800.0,1300.0,2.8,24.7,0.5,1000.0,300.0,3.4,22.6,0.2,3000.0,1800.0,1.7,26.5,1.7
body_p1,26,Al6061_body26_p1,DE045126-2C5E-4E72-8491-E202079EAC7C,33,1011,2025-07-31 09:47:57.369967,20,0.000167897837986,3225,1,27,30.0005,AUTO,21,ARMED,100,25.4,5,2745407.912,26,000454_D_A_PROGRAM_1.NC,43,100,0,0,100,10000.0,758599.853,7,411.15272304674,8,234.811964028311,32,-316.910712553202,1045.6666666666667,8.92,UNAVAILABLE,50.417,59.97,072B393C-87F5-4183-9ABC-0870E4B4F53B,0.8700000000000001,DE045126-2C5E-4E72-8491-E202079EAC7C,1.593,3700.0,1200.0,3.2,29.3,0.5,133.0,1100.0,400.0,2.9,22.2,0.2,600.0,200.0,3.6,21.7,0.1,3400.0,1300.0,2.5,24.7,0.5,1300.0,300.0,4.1,22.6,0.2,3200.0,1900.0,1.7,26.5,1.8
body_p1,26,Al6061_body26_p1,DE045126-2C5E-4E72-8491-E202079EAC7C,33,1012,2025-07-31 09:47:58.370116,20,0.000167897837986,3225,1,27,30.0005,AUTO,21,ARMED,100,25.4,5,2745407.912,26,000454_D_A_PROGRAM_1.NC,44,100,0,0,100,10000.0,758599.853,8,419.466888290714,7,256.582268122675,32,-316.910769765885,1051.3333333333333,8.979999999999999,UNAVAILABLE,50.417,59.97,072B393C-87F5-4183-9ABC-0870E4B4F53B,0.8733333333333334,DE045126-2C5E-4E72-8491-E202079EAC7C,1.593,3800.0,1100.0,3.3,29.3,0.5,133.0,800.0,300.0,2.6,22.2,0.1,600.0,200.0,3.3,21.7,0.1,3700.0,1400.0,2.8,24.7,0.5,1300.0,300.0,4.0,22.6,0.2,3100.0,1900.0,1.7,26.5,1.8
body_p1,26,Al6061_body26_p1,DE045126-2C5E-4E72-8491-E202079EAC7C,33,1013,2025-07-31 09:47:59.370384,20,0.000167897837986,3225,1,27,30.0005,AUTO,21,ARMED,100,25.4,5,2745407.912,26,000454_D_A_PROGRAM_1.NC,45,100,0,0,100,10000.0,758599.853,9,402.701913780378,6,274.019703527472,32,-316.910666783056,1056.3333333333333,9.033333333333331,UNAVAILABLE,50.41733333333334,59.97,072B393C-87F5-4183-9ABC-0870E4B4F53B,0.8766666666666666,DE045126-2C5E-4E72-8491-E202079EAC7C,1.593,3700.0,1100.0,3.3,29.3,0.5,133.03333333333333,1100.0,500.0,2.3,22.2,0.2,600.0,200.0,3.8,21.7,0.1,3100.0,1300.0,2.4,24.7,0.5,1200.0,300.0,3.7,22.6,0.2,3100.0,1800.0,1.8,26.5,1.7
body_p1,27,Al6061_body27_p1,DE045126-2C5E-4E72-8491-E202079EAC7C,34,766,2025-07-31 10:06:38.559447,20,0.000167897837986,3121,1,27,30.0005,AUTO,21,ARMED,100,275.5667,5,2746489.359,27,000454_D_A_PROGRAM_1.NC,26,100,0,20,100,152.426379095811,759320.303,85,53.624306977126,47,477.223204720729,37,-99.8669982674121,709.3333333333334,6.746666666666666,UNAVAILABLE,50.772333333333336,60.0,072B393C-87F5-4183-9ABC-0870E4B4F53B,0.79,DE045126-2C5E-4E72-8491-E202079EAC7C,1.608,4900.0,1100.0,4.4,31.4,0.1,132.70000000000002,1900.0,500.0,3.8,22.3,0.3,4800.0,1000.0,5.0,22.1,0.1,26100.0,7900.0,3.3,25.2,0.3,3000.0,500.0,5.7,23.0,0.1,800.0,100.0,5.5,27.3,0.2
body_p1,27,Al6061_body27_p1,DE045126-2C5E-4E72-8491-E202079EAC7C,34,767,2025-07-31 10:06:39.559600,20,0.000167897837986,3122,1,27,30.0005,AUTO,21,ARMED,100,118.3167,5,2746489.359,27,000454_D_A_PROGRAM_1.NC,27,100,0,23,100,3962.16588183061,759320.303,6,361.741739451512,7,279.991703963399,32,-175.702097086449,2258.333333333333,21.69666666666667,UNAVAILABLE,50.77266666666667,60.0,072B393C-87F5-4183-9ABC-0870E4B4F53B,1.0,DE045126-2C5E-4E72-8491-E202079EAC7C,1.608,9900.0,2300.0,4.3,31.4,0.2,131.99999999999997,700.0,200.0,4.0,22.3,0.1,1700.0,400.0,4.5,22.1,0.0,5700.0,1400.0,4.0,25.2,0.2,34900.0,5800.0,6.0,23.0,0.1,54700.0,13800.0,4.0,27.3,1.3
body_p1,27,Al6061_body27_p1,DE045126-2C5E-4E72-8491-E202079EAC7C,34,768,2025-07-31 10:06:40.559814,20,0.000167897837986,3123,1,27,30.0005,AUTO,21,ARMED,100,0.0,5,2746489.359,27,000454_D_A_PROGRAM_1.NC,28,100,0,13,100,6314.95420184167,759320.303,5,361.7417051195,5,279.991795517099,29,-313.364899348246,6096.0,50.60666666666666,UNAVAILABLE,50.774,59.99,072B393C-87F5-4183-9ABC-0870E4B4F53B,0.9499999999999998,DE045126-2C5E-4E72-8491-E202079EAC7C,1.608,8600.0,2300.0,3.7,31.4,0.2,129.79999999999998,300.0,100.0,4.8,22.3,0.1,400.0,100.0,3.9,22.1,0.1,3200.0,1300.0,2.4,25.2,0.2,1100.0,300.0,4.3,23.0,0.1,900.0,200.0,5.1,27.3,0.1
body_p1,27,Al6061_body27_p1,DE045126-2C5E-4E72-8491-E202079EAC7C,34,769,2025-07-31 10:06:41.560018,20,0.000167897837986,3123,1,27,30.0005,AUTO,21,ARMED,100,0.0,5,2746489.359,27,000454_D_A_PROGRAM_1.NC,29,100,0,9,100,8035.80507972914,759320.303,5,361.741682231493,5,279.991806961312,29,-313.364899348246,5872.0,48.63666666666666,UNAVAILABLE,50.775666666666666,60.0,072B393C-87F5-4183-9ABC-0870E4B4F53B,0.9266666666666667,DE045126-2C5E-4E72-8491-E202079EAC7C,1.608,9900.0,2900.0,3.4,31.4,0.2,129.99999999999997,300.0,100.0,3.4,22.3,0.1,500.0,100.0,3.6,22.1,0.1,3700.0,1400.0,2.7,25.2,0.3,1100.0,300.0,4.3,23.0,0.1,800.0,200.0,3.7,27.3,0.2
body_p1,27,Al6061_body27_p1,DE045126-2C5E-4E72-8491-E202079EAC7C,34,770,2025-07-31 10:06:42.560171,20,0.000167897837986,3124,1,27,30.0005,AUTO,21,ARMED,100,0.0,5,2746489.359,27,000454_D_A_PROGRAM_1.NC,30,100,0,7,100,10000.0,759320.303,5,361.741693675496,5,279.991829849737,30,-313.405302944563,5271.0,43.64000000000001,UNAVAILABLE,50.77766666666667,60.0,072B393C-87F5-4183-9ABC-0870E4B4F53B,0.8833333333333333,DE045126-2C5E-4E72-8491-E202079EAC7C,1.608,8700.0,2200.0,3.9,31.4,0.4,130.36666666666667,600.0,100.0,4.8,22.3,0.5,400.0,100.0,3.8,22.1,0.1,3400.0,1300.0,2.7,25.2,0.3,1800.0,300.0,5.6,23.0,0.1,6300.0,800.0,7.7,27.3,0.7
body_p1,27,Al6061_body27_p1,DE045126-2C5E-4E72-8491-E202079EAC7C,34,771,2025-07-31 10:06:43.560272,20,0.000167897837986,3131,1,27,30.0005,AUTO,21,ARMED,100,25.03333,5,2746489.359,27,000454_D_A_PROGRAM_1.NC,31,100,0,3,100,10000.0,759320.303,5,363.883669419075,5,282.109054694498,40,-316.348991220853,4692.0,38.91333333333333,UNAVAILABLE,50.77866666666667,60.0,072B393C-87F5-4183-9ABC-0870E4B4F53B,0.8833333333333333,DE045126-2C5E-4E72-8491-E202079EAC7C,1.608,7000.0,1600.0,4.4,31.4,0.5,130.63333333333335,800.0,100.0,5.8,22.3,0.4,1600.0,300.0,6.4,22.1,0.1,9000.0,2100.0,4.4,25.2,0.6,2400.0,400.0,6.7,23.0,0.2,6700.0,1700.0,3.9,27.3,1.5
body_p1,27,Al6061_body27_p1,DE045126-2C5E-4E72-8491-E202079EAC7C,34,772,2025-07-31 10:06:44.560424,20,0.000167897837986,3138,1,27,30.0005,AUTO,21,ARMED,100,24.9,5,2746489.359,27,000454_D_A_PROGRAM_1.NC,32,100,0,0,100,10000.0,759320.303,9,336.390251118987,1,267.670940666398,30,-316.41282490581,1102.0,9.61,UNAVAILABLE,50.77866666666667,60.0,072B393C-87F5-4183-9ABC-0870E4B4F53B,0.7999999999999999,DE045126-2C5E-4E72-8491-E202079EAC7C,1.608,3600.0,1100.0,3.3,31.4,0.5,132.53333333333333,400.0,100.0,3.9,22.3,0.4,600.0,200.0,3.1,22.1,0.2,3700.0,1300.0,3.0,25.2,0.5,1100.0,300.0,4.4,23.0,0.2,3000.0,1800.0,1.7,27.3,1.7
body_p1,27,Al6061_body27_p1,DE045126-2C5E-4E72-8491-E202079EAC7C,34,773,2025-07-31 10:06:45.560511,20,0.000167897837986,3145,1,27,30.0005,AUTO,21,ARMED,100,0.1333333,5,2746489.359,27,000454_D_A_PROGRAM_1.NC,33,100,0,0,100,10000.0,759320.303,6,337.060402200991,7,237.243580132191,18,-314.159045707687,1038.0,8.873333333333333,UNAVAILABLE,50.77966666666666,60.0,072B393C-87F5-4183-9ABC-0870E4B4F53B,0.88,DE045126-2C5E-4E72-8491-E202079EAC7C,1.608,3300.0,1100.0,3.1,31.4,0.5,132.6,500.0,100.0,4.0,22.3,0.6,900.0,200.0,5.8,22.1,0.1,5800.0,1300.0,4.5,25.2,0.5,4100.0,400.0,11.5,23.0,0.2,4900.0,1700.0,3.0,27.3,1.6
body_p1,27,Al6061_body27_p1,DE045126-2C5E-4E72-8491-E202079EAC7C,34,774,2025-07-31 10:06:46.560662,20,0.000167897837986,3153,1,27,30.0005,AUTO,21,ARMED,100,11.18333,5,2746489.359,27,000454_D_A_PROGRAM_1.NC,33,100,0,0,100,10000.0,759320.303,6,339.191519262042,6,239.374714287714,49,-313.673485558004,1024.3333333333333,9.033333333333331,UNAVAILABLE,50.78,60.0,072B393C-87F5-4183-9ABC-0870E4B4F53B,0.84,DE045126-2C5E-4E72-8491-E202079EAC7C,1.608,3300.0,1100.0,3.1,31.4,0.5,132.56666666666666,700.0,100.0,4.8,22.3,0.4,1500.0,300.0,5.5,22.1,0.2,10100.0,1900.0,5.3,25.2,0.5,2700.0,300.0,8.2,23.0,0.2,6000.0,1800.0,3.4,27.3,1.6
body_p1,27,Al6061_body27_p1,DE045126-2C5E-4E72-8491-E202079EAC7C,34,775,2025-07-31 10:06:47.560814,20,0.000167897837986,3161,1,27,30.0005,AUTO,21,ARMED,100,25.03333,5,2746489.359,27,000454_D_A_PROGRAM_1.NC,35,100,0,0,100,10000.0,759320.303,0,361.361203432543,13,222.930000986433,31,-316.412996543857,1103.0,9.17,UNAVAILABLE,50.78,60.0,072B393C-87F5-4183-9ABC-0870E4B4F53B,0.9,DE045126-2C5E-4E72-8491-E202079EAC7C,1.608,3600.0,1100.0,3.3,31.4,0.5,132.49999999999997,400.0,100.0,3.9,22.3,0.4,600.0,200.0,3.3,22.1,0.2,3800.0,1300.0,2.9,25.2,0.5,1200.0,300.0,4.8,23.0,0.2,4500.0,1800.0,2.5,27.3,1.7
body_p1,27,Al6061_body27_p1,DE045126-2C5E-4E72-8491-E202079EAC7C,34,776,2025-07-31 10:06:48.561137,20,0.000167897837986,3168,1,27,30.0005,AUTO,21,ARMED,100,15.05,5,2746489.359,27,000454_D_A_PROGRAM_1.NC,36,100,0,0,100,10000.0,759320.303,42,397.741218025432,4,222.994084022481,31,-314.738564410341,1046.6666666666667,8.866666666666665,UNAVAILABLE,50.78,59.99,072B393C-87F5-4183-9ABC-0870E4B4F53B,0.8866666666666667,DE045126-2C5E-4E72-8491-E202079EAC7C,1.608,3400.0,1100.0,3.1,31.4,0.5,132.6,600.0,100.0,4.0,22.3,0.5,600.0,100.0,4.3,22.1,0.1,4400.0,1300.0,3.4,25.2,0.5,2000.0,300.0,7.2,23.0,0.2,4600.0,1700.0,2.8,27.3,1.6
body_p1,27,Al6061_body27_p1,DE045126-2C5E-4E72-8491-E202079EAC7C,34,777,2025-07-31 10:06:49.561289,20,0.000167897837986,3175,1,27,30.0005,AUTO,21,ARMED,100,12.11667,5,2746489.359,27,000454_D_A_PROGRAM_1.NC,36,100,0,0,100,10000.0,759320.303,4,399.874650450587,6,226.063715080995,42,-313.364562561183,1029.3333333333333,8.816666666666666,UNAVAILABLE,50.78033333333334,60.0,072B393C-87F5-4183-9ABC-0870E4B4F53B,0.8766666666666666,DE045126-2C5E-4E72-8491-E202079EAC7C,1.608,3300.0,1100.0,3.1,31.4,0.5,132.6,700.0,100.0,5.3,22.3,0.4,1300.0,200.0,5.9,22.1,0.1,6800.0,1500.0,4.4,25.2,0.5,2400.0,300.0,8.0,23.0,0.2,6700.0,1700.0,3.8,27.3,1.6
body_p1,27,Al6061_body27_p1,DE045126-2C5E-4E72-8491-E202079EAC7C,34,778,2025-07-31 10:06:50.561442,20,0.000167897837986,3183,1,27,30.0005,AUTO,21,ARMED,100,25.03333,5,2746489.359,27,000454_D_A_PROGRAM_1.NC,38,100,0,0,100,10000.0,759320.303,11,424.962338986473,7,237.411911028167,31,-316.412859233419,1096.3333333333333,9.48,UNAVAILABLE,50.78066666666666,60.0,072B393C-87F5-4183-9ABC-0870E4B4F53B,0.8266666666666667,DE045126-2C5E-4E72-8491-E202079EAC7C,1.608,3500.0,1100.0,3.2,31.4,0.5,132.49999999999997,500.0,100.0,4.3,22.3,0.4,600.0,200.0,3.9,22.1,0.1,3700.0,1300.0,2.9,25.2,0.5,1500.0,300.0,5.9,23.0,0.2,6100.0,1900.0,3.2,27.3,1.7
body_p1,27,Al6061_body27_p1,DE045126-2C5E-4E72-8491-E202079EAC7C,34,779,2025-07-31 10:06:51.561593,20,0.000167897837986,3190,1,27,30.0005,AUTO,21,ARMED,100,14.18333,5,2746489.359,27,000454_D_A_PROGRAM_1.NC,38,100,0,0,100,10000.0,759320.303,5,422.692905165671,6,265.539044369446,32,-316.410010041835,1075.3333333333333,8.959999999999999,UNAVAILABLE,50.78133333333333,59.99,072B393C-87F5-4183-9ABC-0870E4B4F53B,0.8966666666666666,DE045126-2C5E-4E72-8491-E202079EAC7C,1.608,3300.0,1100.0,3.1,31.4,0.5,132.6,600.0,200.0,4.0,22.3,0.5,600.0,200.0,3.6,22.1,0.1,3800.0,1300.0,2.9,25.2,0.5,3400.0,300.0,10.9,23.0,0.2,4500.0,1800.0,2.6,27.3,1.7
body_p1,27,Al6061_body27_p1,DE045126-2C5E-4E72-8491-E202079EAC7C,34,780,2025-07-31 10:06:52.561744,20,0.000167897837986,3199,1,27,30.0005,AUTO,21,ARMED,100,139.65,5,2746489.359,27,000454_D_A_PROGRAM_1.NC,40,100,0,0,100,10000.0,759320.303,2,399.571589997235,6,279.165966298494,37,-313.364029715474,1031.6666666666667,8.78,UNAVAILABLE,50.781666666666666,59.99,072B393C-87F5-4183-9ABC-0870E4B4F53B,0.8833333333333334,DE045126-2C5E-4E72-8491-E202079EAC7C,1.608,4000.0,1100.0,3.7,31.4,0.5,132.56666666666666,800.0,100.0,5.4,22.3,0.5,1500.0,200.0,6.8,22.1,0.1,6300.0,1800.0,3.6,25.2,0.5,1800.0,300.0,6.5,23.0,0.2,3800.0,1700.0,2.2,27.3,1.6
body_p1,27,Al6061_body27_p1,DE045126-2C5E-4E72-8491-E202079EAC7C,34,781,2025-07-31 10:06:53.561895,20,0.000167897837986,3206,1,27,30.0005,AUTO,21,ARMED,100,24.88333,5,2746489.359,27,000454_D_A_PROGRAM_1.NC,41,100,0,0,100,10000.0,759320.303,12,400.142520278559,1,279.980703978693,32,-316.412893561029,1018.0,8.723333333333334,UNAVAILABLE,50.781666666666666,59.99,072B393C-87F5-4183-9ABC-0870E4B4F53B,0.8166666666666668,DE045126-2C5E-4E72-8491-E202079EAC7C,1.608,3700.0,1100.0,3.4,31.4,0.5,132.6,700.0,100.0,5.0,22.3,0.4,600.0,200.0,3.8,22.1,0.1,5400.0,1300.0,4.1,25.2,0.5,2100.0,300.0,7.2,23.0,0.2,6200.0,1900.0,3.3,27.3,1.7
body_p1,27,Al6061_body27_p1,DE045126-2C5E-4E72-8491-E202079EAC7C,34,782,2025-07-31 10:06:54.562046,20,0.000167897837986,3214,1,27,30.0005,AUTO,21,ARMED,100,25.16667,5,2746489.359,27,000454_D_A_PROGRAM_1.NC,42,100,0,0,100,10000.0,759320.303,11,377.500337414472,2,272.885005922399,29,-316.910758323348,1091.0,9.413333333333332,UNAVAILABLE,50.78233333333333,59.99,072B393C-87F5-4183-9ABC-0870E4B4F53B,0.9,DE045126-2C5E-4E72-8491-E202079EAC7C,1.608,4300.0,1100.0,3.9,31.4,0.5,132.56666666666666,1000.0,300.0,3.0,22.3,0.4,600.0,200.0,3.7,22.1,0.1,2900.0,1200.0,2.4,25.2,0.5,2700.0,300.0,8.5,23.0,0.2,3300.0,1700.0,1.9,27.3,1.7
body_p1,27,Al6061_body27_p1,DE045126-2C5E-4E72-8491-E202079EAC7C,34,783,2025-07-31 10:06:55.562199,20,0.000167897837986,3219,1,27,30.0005,AUTO,21,ARMED,100,25.4,5,2746489.359,27,000454_D_A_PROGRAM_1.NC,43,100,0,1,100,10000.0,759320.303,7,353.149956076549,8,272.166914660161,31,-316.91065534052,1044.0,8.943333333333333,UNAVAILABLE,50.78233333333333,59.99,072B393C-87F5-4183-9ABC-0870E4B4F53B,0.8833333333333334,DE045126-2C5E-4E72-8491-E202079EAC7C,1.608,3600.0,1100.0,3.1,31.4,0.5,132.49999999999997,900.0,400.0,2.4,22.3,0.1,600.0,200.0,3.7,22.1,0.1,3800.0,1300.0,2.9,25.2,0.5,1000.0,300.0,3.5,23.0,0.2,2900.0,1700.0,1.7,27.3,1.7
body_p1,27,Al6061_body27_p1,DE045126-2C5E-4E72-8491-E202079EAC7C,34,784,2025-07-31 10:06:56.562351,20,0.000167897837986,3219,1,27,30.0005,AUTO,21,ARMED,100,25.4,5,2746489.359,27,000454_D_A_PROGRAM_1.NC,44,100,0,1,100,10000.0,759320.303,5,340.994404196488,7,250.700941141371,31,-316.910609570374,1046.6666666666667,8.959999999999999,UNAVAILABLE,50.783,59.99,072B393C-87F5-4183-9ABC-0870E4B4F53B,0.8733333333333334,DE045126-2C5E-4E72-8491-E202079EAC7C,1.608,3800.0,1100.0,3.4,31.4,0.5,132.6,900.0,300.0,2.8,22.3,0.1,700.0,200.0,3.5,22.1,0.1,4200.0,1400.0,3.0,25.2,0.5,1200.0,300.0,3.6,23.0,0.2,3100.0,1800.0,1.7,27.3,1.7
body_p1,27,Al6061_body27_p1,DE045126-2C5E-4E72-8491-E202079EAC7C,34,785,2025-07-31 10:06:57.562504,20,0.000167897837986,3219,1,27,30.0005,AUTO,21,ARMED,100,25.4,5,2746489.359,27,000454_D_A_PROGRAM_1.NC,45,100,0,0,100,10000.0,759320.303,9,353.125530948688,7,233.138848648052,31,-316.910758323348,1049.0,8.983333333333333,UNAVAILABLE,50.783,59.99,072B393C-87F5-4183-9ABC-0870E4B4F53B,0.8833333333333333,DE045126-2C5E-4E72-8491-E202079EAC7C,1.608,4100.0,1200.0,3.4,31.4,0.5,132.63333333333333,900.0,300.0,2.7,22.3,0.1,600.0,200.0,3.0,22.1,0.2,3600.0,1300.0,2.9,25.2,0.5,1200.0,300.0,4.1,23.0,0.2,3000.0,1800.0,1.7,27.3,1.7
body_p1,27,Al6061_body27_p1,DE045126-2C5E-4E72-8491-E202079EAC7C,34,786,2025-07-31 10:06:58.562656,20,0.000167897837986,3222,1,27,30.0005,AUTO,21,ARMED,100,25.4,5,2746489.359,27,000454_D_A_PROGRAM_1.NC,46,100,0,0,100,10000.0,759320.303,8,378.782113084308,6,232.407583249886,31,-316.910758323348,1043.3333333333333,8.94,UNAVAILABLE,50.78333333333333,60.0,072B393C-87F5-4183-9ABC-0870E4B4F53B,0.8733333333333334,DE045126-2C5E-4E72-8491-E202079EAC7C,1.608,3800.0,1200.0,3.0,31.4,0.5,132.6,800.0,300.0,2.8,22.3,0.1,600.0,200.0,3.4,22.1,0.1,3200.0,1400.0,2.3,25.2,0.5,1000.0,300.0,3.4,23.0,0.2,3000.0,1800.0,1.7,27.3,1.7
body_p1,27,Al6061_body27_p1,DE045126-2C5E-4E72-8491-E202079EAC7C,34,787,2025-07-31 10:06:59.562808,20,0.000167897837986,3225,1,27,30.0005,AUTO,21,ARMED,100,25.4,5,2746489.359,27,000454_D_A_PROGRAM_1.NC,47,100,0,0,100,10000.0,759320.303,9,403.441732910732,7,231.422748425283,31,-316.910712553202,1042.0,8.903333333333332,UNAVAILABLE,50.78333333333333,59.99,072B393C-87F5-4183-9ABC-0870E4B4F53B,0.8700000000000001,DE045126-2C5E-4E72-8491-E202079EAC7C,1.608,3800.0,1200.0,3.1,31.4,0.5,132.56666666666666,800.0,300.0,2.4,22.3,0.1,600.0,200.0,3.4,22.1,0.1,3100.0,1300.0,2.4,25.2,0.5,1100.0,300.0,3.7,23.0,0.2,3000.0,1800.0,1.7,27.3,1.7
body_p1,27,Al6061_body27_p1,DE045126-2C5E-4E72-8491-E202079EAC7C,34,788,2025-07-31 10:07:00.562961,20,0.000167897837986,3225,1,27,30.0005,AUTO,21,ARMED,100,25.4,5,2746489.359,27,000454_D_A_PROGRAM_1.NC,48,100,0,0,100,10000.0,759320.303,8,420.220717828514,8,249.447479035712,31,-316.910666783056,1051.0,9.006666666666668,UNAVAILABLE,50.78399999999999,59.99,072B393C-87F5-4183-9ABC-0870E4B4F53B,0.8766666666666666,DE045126-2C5E-4E72-8491-E202079EAC7C,1.608,3600.0,1100.0,3.2,31.4,0.5,132.56666666666666,700.0,200.0,2.8,22.3,0.1,600.0,200.0,3.2,22.1,0.2,3900.0,1300.0,2.9,25.2,0.5,1200.0,300.0,3.7,23.0,0.2,3200.0,1800.0,1.7,27.3,1.8
body_p1,27,Al6061_body27_p1,DE045126-2C5E-4E72-8491-E202079EAC7C,34,789,2025-07-31 10:07:01.563115,20,0.000167897837986,3225,1,27,30.0005,AUTO,21,ARMED,100,25.4,5,2746489.359,27,000454_D_A_PROGRAM_1.NC,49,100,0,0,100,10000.0,759320.303,6,410.531074801376,7,270.896921875443,31,-316.910678225593,1051.0,9.006666666666668,UNAVAILABLE,50.78399999999999,59.99,072B393C-87F5-4183-9ABC-0870E4B4F53B,0.8766666666666666,DE045126-2C5E-4E72-8491-E202079EAC7C,1.608,3900.0,1200.0,3.4,31.4,0.5,132.56666666666666,800.0,300.0,2.6,22.3,0.1,600.0,200.0,3.3,22.1,0.2,3300.0,1300.0,2.5,25.2,0.5,1100.0,300.0,3.7,23.0,0.2,3000.0,1800.0,1.7,27.3,1.7
body_p1,27,Al6061_body27_p1,DE045126-2C5E-4E72-8491-E202079EAC7C,34,790,2025-07-31 10:07:02.563266,20,0.000167897837986,3228,1,27,30.0005,AUTO,21,ARMED,100,25.4,5,2746489.359,27,000454_D_A_PROGRAM_1.NC,50,100,0,1,100,10000.0,759320.303,8,387.824014611205,6,272.885019869068,32,-316.910781208421,1039.6666666666667,8.889999999999999,UNAVAILABLE,50.78399999999999,59.99,072B393C-87F5-4183-9ABC-0870E4B4F53B,0.8733333333333334,DE045126-2C5E-4E72-8491-E202079EAC7C,1.608,3600.0,1100.0,3.2,31.4,0.5,132.63333333333333,900.0,200.0,4.0,22.3,0.6,600.0,200.0,3.4,22.1,0.2,3400.0,1300.0,2.7,25.2,0.5,1100.0,300.0,4.1,23.0,0.2,3100.0,1800.0,1.7,27.3,1.8
body_p1,29,Al6061_body29_p1,DE045126-2C5E-4E72-8491-E202079EAC7C,24,380,2025-07-31 10:46:19.196051,20,0.000167897837986,4,1,27,30.0005,AUTO,21,ARMED,100,0.0,5,2749011.682,29,O9735.FNC,34,100,0,0,100,0.0,761122.392000001,4,12.4206062656161,2,503.59819449292,37,-99.8669982674121,684.3333333333334,5.953333333333333,UNAVAILABLE,51.531666666666666,60.0,072B393C-87F5-4183-9ABC-0870E4B4F53B,0.7766666666666667,DE045126-2C5E-4E72-8491-E202079EAC7C,1.6426666666666667,4100.0,500.0,8.0,33.9,0.1,133.1,2200.0,500.0,4.5,22.5,0.3,4100.0,600.0,7.2,22.5,0.1,25500.0,5600.0,4.5,25.3,0.2,1800.0,200.0,7.6,23.5,0.1,400.0,100.0,4.4,27.9,0.1
body_p1,29,Al6061_body29_p1,DE045126-2C5E-4E72-8491-E202079EAC7C,24,381,2025-07-31 10:46:20.196202,20,0.000167897837986,3121,1,27,30.0005,AUTO,21,ARMED,100,89.78333,5,2749011.682,29,000454_D_A_PROGRAM_1.NC,35,100,0,30,100,2869.28281388031,761122.392000001,31,361.738352026346,10,279.99458790496,37,-99.8653876803662,638.3333333333334,5.753333333333334,UNAVAILABLE,51.532,60.0,072B393C-87F5-4183-9ABC-0870E4B4F53B,0.64,DE045126-2C5E-4E72-8491-E202079EAC7C,1.6426666666666667,7100.0,2000.0,3.6,33.9,0.2,133.20000000000002,1200.0,300.0,4.6,22.5,0.2,1800.0,300.0,6.2,22.5,0.0,4400.0,1300.0,3.4,25.3,0.1,23500.0,2900.0,8.1,23.5,0.1,50900.0,8100.0,6.3,27.9,0.9
body_p1,29,Al6061_body29_p1,DE045126-2C5E-4E72-8491-E202079EAC7C,24,382,2025-07-31 10:46:21.196371,20,0.000167897837986,3123,1,27,30.0005,AUTO,21,ARMED,100,0.0,5,2749011.682,29,000454_D_A_PROGRAM_1.NC,36,100,0,14,100,5844.06291814688,761122.392000001,5,361.741693675496,5,279.991795517099,29,-313.364922233319,3349.0,29.776666666666667,UNAVAILABLE,51.53266666666666,59.99,072B393C-87F5-4183-9ABC-0870E4B4F53B,0.98,DE045126-2C5E-4E72-8491-E202079EAC7C,1.6426666666666667,7300.0,2200.0,3.3,33.9,0.2,131.76666666666665,200.0,100.0,4.0,22.5,0.1,400.0,100.0,3.9,22.5,0.1,3100.0,1300.0,2.4,25.3,0.2,1000.0,300.0,3.6,23.5,0.1,600.0,100.0,4.4,27.9,0.2
body_p1,29,Al6061_body29_p1,DE045126-2C5E-4E72-8491-E202079EAC7C,24,383,2025-07-31 10:46:22.196522,20,0.000167897837986,3123,1,27,30.0005,AUTO,21,ARMED,100,0.0,5,2749011.682,29,000454_D_A_PROGRAM_1.NC,37,100,0,11,100,7619.4802846264,761122.392000001,5,361.741693675496,5,279.991806961312,30,-313.364899348246,5885.666666666667,50.31333333333333,UNAVAILABLE,51.535,60.0,072B393C-87F5-4183-9ABC-0870E4B4F53B,0.8833333333333333,DE045126-2C5E-4E72-8491-E202079EAC7C,1.6426666666666667,9400.0,3000.0,3.2,33.9,0.2,130.33333333333334,300.0,100.0,3.3,22.5,0.1,400.0,100.0,3.3,22.5,0.1,3400.0,1400.0,2.5,25.3,0.3,1100.0,300.0,4.2,23.5,0.1,900.0,200.0,4.9,27.9,0.1
body_p1,29,Al6061_body29_p1,DE045126-2C5E-4E72-8491-E202079EAC7C,24,384,2025-07-31 10:46:23.196671,20,0.000167897837986,3123,1,27,30.0005,AUTO,21,ARMED,100,0.0,5,2749011.682,29,000454_D_A_PROGRAM_1.NC,38,100,0,7,100,8960.66922568042,761122.392000001,5,361.741693675496,5,279.991795517099,29,-313.364922233319,5900.333333333333,48.75,UNAVAILABLE,51.53633333333334,60.0,072B393C-87F5-4183-9ABC-0870E4B4F53B,0.93,DE045126-2C5E-4E72-8491-E202079EAC7C,1.6426666666666667,7100.0,1900.0,3.7,33.9,0.4,130.36666666666667,400.0,100.0,4.4,22.5,0.3,400.0,100.0,3.7,22.5,0.1,3400.0,1300.0,2.6,25.3,0.3,1800.0,300.0,6.1,23.5,0.1,3300.0,500.0,6.2,27.9,0.5
body_p1,29,Al6061_body29_p1,DE045126-2C5E-4E72-8491-E202079EAC7C,24,385,2025-07-31 10:46:24.196822,20,0.000167897837986,3128,1,27,30.0005,AUTO,21,ARMED,100,25.03333,5,2749011.682,29,000454_D_A_PROGRAM_1.NC,39,100,0,5,100,10000.0,761122.392000001,3,364.040614565204,14,281.904866877407,31,-316.413274849127,5125.666666666667,42.35999999999999,UNAVAILABLE,51.53766666666667,60.0,072B393C-87F5-4183-9ABC-0870E4B4F53B,0.8833333333333333,DE045126-2C5E-4E72-8491-E202079EAC7C,1.6426666666666667,7500.0,2000.0,3.7,33.9,0.5,130.76666666666665,900.0,100.0,6.2,22.5,0.4,500.0,100.0,3.8,22.5,0.1,5400.0,1900.0,2.9,25.3,0.7,2000.0,400.0,4.6,23.5,0.2,6400.0,1800.0,3.6,27.9,1.6
body_p1,29,Al6061_body29_p1,DE045126-2C5E-4E72-8491-E202079EAC7C,24,386,2025-07-31 10:46:25.196987,20,0.000167897837986,3138,1,27,30.0005,AUTO,21,ARMED,100,14.15,5,2749011.682,29,000454_D_A_PROGRAM_1.NC,40,100,0,0,100,10000.0,761122.392000001,1,339.639778669404,10,266.028685767231,30,-316.413133854295,4593.0,38.0,UNAVAILABLE,51.53866666666666,60.0,072B393C-87F5-4183-9ABC-0870E4B4F53B,0.8866666666666667,DE045126-2C5E-4E72-8491-E202079EAC7C,1.6426666666666667,3700.0,1100.0,3.3,33.9,0.5,131.1,500.0,100.0,4.0,22.5,0.4,600.0,200.0,3.4,22.5,0.1,4300.0,1300.0,3.3,25.3,0.5,1400.0,300.0,5.2,23.5,0.2,4600.0,2000.0,2.3,27.9,1.9
body_p1,29,Al6061_body29_p1,DE045126-2C5E-4E72-8491-E202079EAC7C,24,387,2025-07-31 10:46:26.197139,20,0.000167897837986,3144,1,27,30.0005,AUTO,21,ARMED,100,133.7667,5,2749011.682,29,000454_D_A_PROGRAM_1.NC,41,100,0,1,100,10000.0,761122.392000001,11,337.160673098882,61,238.680720806103,39,-313.364910790783,1026.3333333333333,9.496666666666668,UNAVAILABLE,51.53933333333333,60.0,072B393C-87F5-4183-9ABC-0870E4B4F53B,0.77,DE045126-2C5E-4E72-8491-E202079EAC7C,1.6426666666666667,3400.0,1100.0,3.0,33.9,0.5,133.03333333333333,600.0,100.0,4.5,22.5,0.8,2400.0,400.0,6.2,22.5,0.1,17300.0,2700.0,6.5,25.3,0.5,1600.0,300.0,5.0,23.5,0.2,4300.0,1900.0,2.3,27.9,1.7
body_p1,29,Al6061_body29_p1,DE045126-2C5E-4E72-8491-E202079EAC7C,24,388,2025-07-31 10:46:27.197333,20,0.000167897837986,3151,1,27,30.0005,AUTO,21,ARMED,100,22.03333,5,2749011.682,29,000454_D_A_PROGRAM_1.NC,42,100,0,0,100,10000.0,761122.392000001,4,339.191679475757,13,239.374542627972,32,-316.412779135664,1131.3333333333333,9.816666666666666,UNAVAILABLE,51.54,60.0,072B393C-87F5-4183-9ABC-0870E4B4F53B,0.9233333333333332,DE045126-2C5E-4E72-8491-E202079EAC7C,1.6426666666666667,3400.0,1100.0,3.1,33.9,0.5,132.9,1100.0,200.0,5.9,22.5,0.4,700.0,200.0,4.3,22.5,0.1,9300.0,1800.0,5.3,25.3,0.5,1600.0,300.0,5.4,23.5,0.2,6600.0,2000.0,3.3,27.9,1.8
body_p1,29,Al6061_body29_p1,DE045126-2C5E-4E72-8491-E202079EAC7C,24,389,2025-07-31 10:46:28.197485,20,0.000167897837986,3161,1,27,30.0005,AUTO,21,ARMED,100,25.05,5,2749011.682,29,000454_D_A_PROGRAM_1.NC,43,100,0,0,100,10000.0,761122.392000001,14,364.141758009967,3,225.284109849908,31,-316.412973658784,1032.6666666666667,8.81,UNAVAILABLE,51.54,60.0,072B393C-87F5-4183-9ABC-0870E4B4F53B,0.8733333333333334,DE045126-2C5E-4E72-8491-E202079EAC7C,1.6426666666666667,4000.0,1100.0,3.6,33.9,0.5,132.99999999999997,500.0,100.0,3.9,22.5,0.2,700.0,200.0,3.8,22.5,0.2,3800.0,1300.0,2.9,25.3,0.5,1200.0,300.0,4.3,23.5,0.2,3400.0,2000.0,1.7,27.9,1.9
body_p1,29,Al6061_body29_p1,DE045126-2C5E-4E72-8491-E202079EAC7C,24,390,2025-07-31 10:46:29.197653,20,0.000668021023912,3167,1,27,30.0005,AUTO,21,ARMED,100,134.7,5,2749011.682,29,000454_D_A_PROGRAM_1.NC,44,100,0,0,100,10000.0,761122.392000001,55,397.731135060115,9,222.994072579081,36,-314.075824139856,1111.6666666666667,9.636666666666668,UNAVAILABLE,51.540333333333336,60.0,072B393C-87F5-4183-9ABC-0870E4B4F53B,0.9066666666666666,DE045126-2C5E-4E72-8491-E202079EAC7C,1.6426666666666667,3300.0,1100.0,3.0,33.9,0.5,132.96666666666667,700.0,100.0,5.4,22.5,0.5,600.0,100.0,4.5,22.5,0.1,5800.0,1300.0,4.6,25.3,0.5,2200.0,300.0,7.6,23.5,0.2,4400.0,1800.0,2.4,27.9,1.7
body_p1,29,Al6061_body29_p1,DE045126-2C5E-4E72-8491-E202079EAC7C,24,391,2025-07-31 10:46:30.197800,20,0.000668021023912,3175,1,27,30.0005,AUTO,21,ARMED,100,24.66667,5,2749011.682,29,000454_D_A_PROGRAM_1.NC,45,100,0,0,100,10000.0,761122.392000001,2,400.121653875974,0,224.79731860818,33,-314.964044045389,1049.6666666666667,8.98,UNAVAILABLE,51.540333333333336,60.0,072B393C-87F5-4183-9ABC-0870E4B4F53B,0.8833333333333333,DE045126-2C5E-4E72-8491-E202079EAC7C,1.6426666666666667,3700.0,1100.0,3.3,33.9,0.5,132.96666666666667,800.0,200.0,4.9,22.5,0.4,1300.0,200.0,6.0,22.5,0.1,6500.0,1600.0,4.2,25.3,0.5,1900.0,300.0,6.4,23.5,0.2,6700.0,2000.0,3.4,27.9,1.8
body_p1,29,Al6061_body29_p1,DE045126-2C5E-4E72-8491-E202079EAC7C,24,392,2025-07-31 10:46:31.198097,20,0.000668021023912,3183,1,27,30.0005,AUTO,21,ARMED,100,25.03333,5,2749011.682,29,000454_D_A_PROGRAM_1.NC,46,100,0,0,100,10000.0,761122.392000001,10,421.919930761347,2,239.455080765493,31,-316.412996543857,1032.6666666666667,8.83,UNAVAILABLE,51.540666666666674,60.0,072B393C-87F5-4183-9ABC-0870E4B4F53B,0.8733333333333334,DE045126-2C5E-4E72-8491-E202079EAC7C,1.6426666666666667,3600.0,1100.0,3.2,33.9,0.5,132.99999999999997,500.0,100.0,4.1,22.5,0.4,600.0,200.0,3.2,22.5,0.2,4000.0,1300.0,3.2,25.3,0.5,1000.0,300.0,3.8,23.5,0.2,3400.0,2000.0,1.7,27.9,1.9
body_p1,29,Al6061_body29_p1,DE045126-2C5E-4E72-8491-E202079EAC7C,24,393,2025-07-31 10:46:32.198393,20,0.000668021023912,3190,1,27,30.0005,AUTO,21,ARMED,100,25.98333,5,2749011.682,29,000454_D_A_PROGRAM_1.NC,47,100,0,0,100,10000.0,761122.392000001,5,422.422154568839,6,265.742419242841,23,-314.196039428133,1060.0,9.113333333333332,UNAVAILABLE,51.54133333333333,60.0,072B393C-87F5-4183-9ABC-0870E4B4F53B,0.85,DE045126-2C5E-4E72-8491-E202079EAC7C,1.6426666666666667,3700.0,1100.0,3.4,33.9,0.5,132.96666666666667,700.0,100.0,4.6,22.5,0.5,600.0,100.0,4.4,22.5,0.1,4100.0,1300.0,3.3,25.3,0.5,1800.0,300.0,6.6,23.5,0.2,4600.0,1900.0,2.5,27.9,1.8
body_p1,29,Al6061_body29_p1,DE045126-2C5E-4E72-8491-E202079EAC7C,24,394,2025-07-31 10:46:33.198605,20,0.000668021023912,3197,1,27,30.0005,AUTO,21,ARMED,100,30.28333,5,2749011.682,29,000454_D_A_PROGRAM_1.NC,48,100,0,0,100,10000.0,761122.392000001,32,424.555833151496,17,267.876039844953,42,-313.654227931377,1076.3333333333333,9.233333333333333,UNAVAILABLE,51.54166666666666,60.0,072B393C-87F5-4183-9ABC-0870E4B4F53B,0.9033333333333332,DE045126-2C5E-4E72-8491-E202079EAC7C,1.6426666666666667,3400.0,1100.0,3.1,33.9,0.5,132.99999999999997,800.0,200.0,4.9,22.5,0.3,1300.0,200.0,6.0,22.5,0.1,6600.0,1600.0,4.2,25.3,0.5,1500.0,300.0,5.4,23.5,0.2,6500.0,1900.0,3.3,27.9,1.8
body_p1,29,Al6061_body29_p1,DE045126-2C5E-4E72-8491-E202079EAC7C,24,395,2025-07-31 10:46:34.198755,20,0.000167897837986,3205,1,27,30.0005,AUTO,21,ARMED,100,25.03333,5,2749011.682,29,000454_D_A_PROGRAM_1.NC,49,100,0,0,100,10000.0,761122.392000001,1,397.292932363118,12,280.012726981845,32,-316.412836348346,1038.3333333333333,8.866666666666667,UNAVAILABLE,51.54233333333334,60.0,072B393C-87F5-4183-9ABC-0870E4B4F53B,0.8866666666666667,DE045126-2C5E-4E72-8491-E202079EAC7C,1.6426666666666667,3900.0,1100.0,3.4,33.9,0.5,132.99999999999997,500.0,100.0,3.9,22.5,0.4,600.0,200.0,3.5,22.5,0.1,4300.0,1300.0,3.2,25.3,0.5,1300.0,300.0,5.1,23.5,0.2,7400.0,2100.0,3.6,27.9,1.9
body_p1,29,Al6061_body29_p1,DE045126-2C5E-4E72-8491-E202079EAC7C,24,396,2025-07-31 10:46:35.198966,20,0.000167897837986,3214,1,27,30.0005,AUTO,21,ARMED,100,21.56667,5,2749011.682,29,000454_D_A_PROGRAM_1.NC,50,100,0,0,100,10000.0,761122.392000001,5,382.855826030439,11,271.731802961527,39,-316.910083213696,1025.0,8.763333333333334,UNAVAILABLE,51.54233333333334,60.0,072B393C-87F5-4183-9ABC-0870E4B4F53B,0.8066666666666666,DE045126-2C5E-4E72-8491-E202079EAC7C,1.6426666666666667,3600.0,1100.0,3.2,33.9,0.6,132.96666666666667,900.0,300.0,3.2,22.5,0.5,500.0,100.0,3.7,22.5,0.1,3000.0,1200.0,2.4,25.3,0.5,1900.0,300.0,6.4,23.5,0.2,5200.0,1900.0,2.8,27.9,1.8
body_p1,29,Al6061_body29_p1,DE045126-2C5E-4E72-8491-E202079EAC7C,24,397,2025-07-31 10:46:36.199085,20,0.000668021023912,3219,1,27,30.0005,AUTO,21,ARMED,100,25.4,5,2749011.682,29,000454_D_A_PROGRAM_1.NC,51,100,0,0,100,10000.0,761122.392000001,8,361.331233680297,7,274.347517780743,31,-316.910712553202,1088.0,9.373333333333331,UNAVAILABLE,51.54266666666666,60.0,072B393C-87F5-4183-9ABC-0870E4B4F53B,0.9033333333333332,DE045126-2C5E-4E72-8491-E202079EAC7C,1.6426666666666667,4000.0,1200.0,3.4,33.9,0.5,132.99999999999997,900.0,400.0,2.3,22.5,0.1,600.0,100.0,4.0,22.5,0.1,3500.0,1300.0,2.7,25.3,0.5,1100.0,300.0,3.5,23.5,0.2,3200.0,1900.0,1.7,27.9,1.8
body_p1,29,Al6061_body29_p1,DE045126-2C5E-4E72-8491-E202079EAC7C,24,398,2025-07-31 10:46:37.199277,20,0.000668021023912,3219,1,27,30.0005,AUTO,21,ARMED,100,25.4,5,2749011.682,29,000454_D_A_PROGRAM_1.NC,52,100,0,1,100,10000.0,761122.392000001,6,341.344299506124,7,256.587643439279,32,-316.910735438275,1045.0,8.923333333333334,UNAVAILABLE,51.54266666666666,60.0,072B393C-87F5-4183-9ABC-0870E4B4F53B,0.88,DE045126-2C5E-4E72-8491-E202079EAC7C,1.6426666666666667,4000.0,1200.0,3.5,33.9,0.5,132.99999999999997,800.0,300.0,2.5,22.5,0.1,700.0,200.0,3.9,22.5,0.1,4200.0,1400.0,3.0,25.3,0.5,1200.0,300.0,3.8,23.5,0.2,3400.0,2000.0,1.7,27.9,1.9
body_p1,29,Al6061_body29_p1,DE045126-2C5E-4E72-8491-E202079EAC7C,24,399,2025-07-31 10:46:38.199425,20,0.000167897837986,3219,1,27,30.0005,AUTO,21,ARMED,100,25.4,5,2749011.682,29,000454_D_A_PROGRAM_1.NC,53,100,0,1,100,10000.0,761122.392000001,8,350.290477598237,7,234.81189645568,30,-316.910701110666,1041.6666666666667,8.896666666666667,UNAVAILABLE,51.54333333333333,60.0,072B393C-87F5-4183-9ABC-0870E4B4F53B,0.8766666666666666,DE045126-2C5E-4E72-8491-E202079EAC7C,1.6426666666666667,4400.0,1300.0,3.5,33.9,0.5,133.03333333333333,800.0,300.0,2.6,22.5,0.1,700.0,200.0,3.7,22.5,0.1,3800.0,1300.0,2.9,25.3,0.5,1200.0,300.0,4.0,23.5,0.2,3300.0,2000.0,1.7,27.9,1.9
body_p1,29,Al6061_body29_p1,DE045126-2C5E-4E72-8491-E202079EAC7C,24,400,2025-07-31 10:46:39.199618,20,0.000167897837986,3222,1,27,30.0005,AUTO,21,ARMED,100,25.31667,5,2749011.682,29,000454_D_A_PROGRAM_1.NC,54,100,0,0,100,10000.0,761122.392000001,8,375.479899971783,6,232.407629025817,32,-316.910643897983,1052.6666666666667,8.996666666666666,UNAVAILABLE,51.54333333333333,60.0,072B393C-87F5-4183-9ABC-0870E4B4F53B,0.8766666666666666,DE045126-2C5E-4E72-8491-E202079EAC7C,1.6426666666666667,4700.0,1300.0,3.6,33.9,0.6,132.99999999999997,900.0,300.0,3.3,22.5,0.2,600.0,200.0,3.5,22.5,0.1,3100.0,1400.0,2.2,25.3,0.5,1100.0,300.0,3.6,23.5,0.2,3200.0,1900.0,1.6,27.9,1.8
body_p1,29,Al6061_body29_p1,DE045126-2C5E-4E72-8491-E202079EAC7C,24,401,2025-07-31 10:46:40.199769,20,0.000668021023912,3225,1,27,30.0005,AUTO,21,ARMED,100,25.4,5,2749011.682,29,000454_D_A_PROGRAM_1.NC,55,100,0,0,100,10000.0,761122.392000001,9,400.176958011407,8,230.949574069998,32,-316.910689668129,1047.6666666666667,8.950000000000001,UNAVAILABLE,51.544,60.0,072B393C-87F5-4183-9ABC-0870E4B4F53B,0.8733333333333334,DE045126-2C5E-4E72-8491-E202079EAC7C,1.6426666666666667,4200.0,1300.0,3.2,33.9,0.6,132.96666666666667,800.0,300.0,2.5,22.5,0.1,600.0,200.0,3.6,22.5,0.1,3300.0,1300.0,2.6,25.3,0.5,1200.0,300.0,3.8,23.5,0.2,3300.0,2000.0,1.7,27.9,1.9
body_p1,29,Al6061_body29_p1,DE045126-2C5E-4E72-8491-E202079EAC7C,24,402,2025-07-31 10:46:41.199980,20,0.000167897837986,3225,1,27,30.0005,AUTO,21,ARMED,100,25.4,5,2749011.682,29,000454_D_A_PROGRAM_1.NC,56,100,0,0,100,10000.0,761122.392000001,7,418.569296504158,8,243.783863410477,32,-316.910804093494,1041.6666666666667,8.913333333333332,UNAVAILABLE,51.544,60.0,072B393C-87F5-4183-9ABC-0870E4B4F53B,0.8700000000000001,DE045126-2C5E-4E72-8491-E202079EAC7C,1.6426666666666667,4000.0,1200.0,3.3,33.9,0.5,132.99999999999997,800.0,200.0,3.2,22.5,0.1,600.0,200.0,3.6,22.5,0.1,3700.0,1400.0,2.7,25.3,0.5,1300.0,300.0,4.1,23.5,0.2,3400.0,2000.0,1.7,28.0,2.0
body_p1,29,Al6061_body29_p1,DE045126-2C5E-4E72-8491-E202079EAC7C,24,403,2025-07-31 10:46:42.200253,20,0.000668021023912,3225,1,27,30.0005,AUTO,21,ARMED,100,25.4,5,2749011.682,29,000454_D_A_PROGRAM_1.NC,57,100,0,0,100,10000.0,761122.392000001,8,414.998472202879,6,267.053564328247,31,-316.910735438275,1047.0,8.943333333333333,UNAVAILABLE,51.544,60.0,072B393C-87F5-4183-9ABC-0870E4B4F53B,0.8833333333333334,DE045126-2C5E-4E72-8491-E202079EAC7C,1.6426666666666667,4200.0,1200.0,3.5,33.9,0.5,132.96666666666667,800.0,300.0,2.8,22.5,0.1,700.0,200.0,3.5,22.5,0.2,3700.0,1300.0,2.9,25.3,0.5,1100.0,300.0,3.7,23.5,0.2,3300.0,2000.0,1.7,28.0,1.9
body_p1,29,Al6061_body29_p1,DE045126-2C5E-4E72-8491-E202079EAC7C,24,404,2025-07-31 10:46:43.200404,20,0.000668021023912,3228,1,27,30.0005,AUTO,21,ARMED,100,25.3,5,2749011.682,29,000454_D_A_PROGRAM_1.NC,58,100,0,0,100,10000.0,761122.392000001,8,391.112746994606,6,273.010002768706,32,-316.910735438275,1046.6666666666667,8.926666666666668,UNAVAILABLE,51.54433333333333,60.0,072B393C-87F5-4183-9ABC-0870E4B4F53B,0.8733333333333334,DE045126-2C5E-4E72-8491-E202079EAC7C,1.6426666666666667,4100.0,1200.0,3.5,33.9,0.5,132.96666666666667,800.0,200.0,3.3,22.5,0.3,700.0,200.0,3.9,22.5,0.2,2800.0,1300.0,2.2,25.3,0.5,1000.0,300.0,3.5,23.5,0.2,3300.0,2000.0,1.6,28.0,1.9
body_p1,30,Al6061_body30_p1,DE045126-2C5E-4E72-8491-E202079EAC7C,34,1031,2025-07-31 11:06:19.358113,20,0.000167897837986,3121,1,27,30.0005,AUTO,21,ARMED,100,418.65,5,2750092.987,30,000454_D_A_PROGRAM_1.NC,31,100,0,33,100,682.289506428863,762203.792999999,86,116.847570108471,46,436.752182497724,38,-99.8670097108772,703.0,6.636666666666667,UNAVAILABLE,51.90966666666666,59.99,072B393C-87F5-4183-9ABC-0870E4B4F53B,0.6666666666666666,DE045126-2C5E-4E72-8491-E202079EAC7C,1.6583333333333332,6100.0,1500.0,4.0,34.8,0.4,133.20000000000002,2500.0,600.0,3.9,22.7,0.3,4800.0,1000.0,4.8,22.7,0.1,26100.0,8500.0,3.1,25.4,0.4,3300.0,600.0,5.7,23.7,0.3,1300.0,200.0,5.6,28.7,0.5
body_p1,30,Al6061_body30_p1,DE045126-2C5E-4E72-8491-E202079EAC7C,34,1032,2025-07-31 11:06:20.358358,20,0.000167897837986,3122,1,27,30.0005,AUTO,21,ARMED,100,485.15,5,2750092.987,30,000454_D_A_PROGRAM_1.NC,32,100,0,20,100,4356.89253516381,762203.792999999,5,361.741716563504,6,279.991726851824,3,-215.824846697161,2424.333333333333,22.71,UNAVAILABLE,51.911,59.99,072B393C-87F5-4183-9ABC-0870E4B4F53B,1.0,DE045126-2C5E-4E72-8491-E202079EAC7C,1.6583333333333332,10000.0,2300.0,4.4,34.8,0.3,132.4,900.0,200.0,4.6,22.7,0.1,1900.0,400.0,4.9,22.7,0.1,4200.0,1400.0,3.0,25.4,0.2,26300.0,5600.0,4.7,23.7,0.2,55500.0,14300.0,3.9,28.7,1.4
body_p1,30,Al6061_body30_p1,DE045126-2C5E-4E72-8491-E202079EAC7C,34,1033,2025-07-31 11:06:21.358554,20,0.000167897837986,3123,1,27,30.0005,AUTO,21,ARMED,100,0.0,5,2750092.987,30,000454_D_A_PROGRAM_1.NC,33,100,0,12,100,6569.99214617695,762203.792999999,4,361.741693675496,5,279.991795517099,29,-313.364899348246,5795.0,50.34,UNAVAILABLE,51.91233333333333,59.99,072B393C-87F5-4183-9ABC-0870E4B4F53B,0.8833333333333333,DE045126-2C5E-4E72-8491-E202079EAC7C,1.6583333333333332,9400.0,2300.0,4.2,34.8,0.2,130.36666666666665,200.0,100.0,3.5,22.7,0.1,400.0,100.0,4.4,22.7,0.1,3200.0,1300.0,2.4,25.4,0.2,1200.0,300.0,4.3,23.7,0.1,700.0,200.0,4.2,28.7,0.1
body_p1,30,Al6061_body30_p1,DE045126-2C5E-4E72-8491-E202079EAC7C,34,1034,2025-07-31 11:06:22.358838,20,0.000167897837986,3123,1,27,30.0005,AUTO,21,ARMED,100,0.0,5,2750092.987,30,000454_D_A_PROGRAM_1.NC,34,100,0,9,100,8083.93704527139,762203.792999999,4,361.741693675496,5,279.991806961312,29,-313.36488790571,5908.0,48.75666666666666,UNAVAILABLE,51.91400000000001,59.99,072B393C-87F5-4183-9ABC-0870E4B4F53B,0.93,DE045126-2C5E-4E72-8491-E202079EAC7C,1.6583333333333332,9800.0,2800.0,3.5,34.8,0.2,130.46666666666667,300.0,100.0,3.7,22.7,0.1,500.0,100.0,4.1,22.7,0.1,3100.0,1300.0,2.4,25.4,0.2,1100.0,300.0,4.1,23.7,0.1,1000.0,300.0,4.1,28.7,0.3
body_p1,30,Al6061_body30_p1,DE045126-2C5E-4E72-8491-E202079EAC7C,34,1035,2025-07-31 11:06:23.359167,20,0.000668021023912,3123,1,27,30.0005,AUTO,21,ARMED,100,0.0,5,2750092.987,30,000454_D_A_PROGRAM_1.NC,35,100,0,6,100,10000.0,762203.792999999,4,361.787240811173,5,279.958321195403,26,-316.38788017628,5508.0,45.46,UNAVAILABLE,51.916,59.99,072B393C-87F5-4183-9ABC-0870E4B4F53B,0.8833333333333333,DE045126-2C5E-4E72-8491-E202079EAC7C,1.6583333333333332,7800.0,2200.0,3.6,34.8,0.5,130.66666666666666,500.0,100.0,4.7,22.7,0.5,400.0,100.0,3.6,22.7,0.1,3500.0,1200.0,2.9,25.4,0.4,2100.0,400.0,5.8,23.7,0.1,4100.0,900.0,4.5,28.7,0.9
body_p1,30,Al6061_body30_p1,DE045126-2C5E-4E72-8491-E202079EAC7C,34,1036,2025-07-31 11:06:24.359318,20,0.000668021023912,3131,1,27,30.0005,AUTO,21,ARMED,100,25.03333,5,2750092.987,30,000454_D_A_PROGRAM_1.NC,36,100,0,0,100,10000.0,762203.792999999,5,363.872694474119,6,282.125511486393,41,-313.405412072208,4694.333333333333,38.8,UNAVAILABLE,51.917,59.99,072B393C-87F5-4183-9ABC-0870E4B4F53B,0.8833333333333333,DE045126-2C5E-4E72-8491-E202079EAC7C,1.6583333333333332,6700.0,1300.0,5.0,34.8,0.5,131.03333333333333,1000.0,200.0,5.8,22.7,0.4,1600.0,300.0,5.8,22.7,0.1,8800.0,2000.0,4.4,25.4,0.6,2000.0,300.0,5.9,23.7,0.2,5600.0,1600.0,3.6,28.7,1.4
body_p1,30,Al6061_body30_p1,DE045126-2C5E-4E72-8491-E202079EAC7C,34,1037,2025-07-31 11:06:25.359591,20,0.000167897837986,3139,1,27,30.0005,AUTO,21,ARMED,100,25.03333,5,2750092.987,30,000454_D_A_PROGRAM_1.NC,37,100,0,0,100,10000.0,762203.792999999,8,337.575675535557,2,265.134271896477,32,-316.412973658784,1082.6666666666667,9.373333333333331,UNAVAILABLE,51.91733333333334,59.99,072B393C-87F5-4183-9ABC-0870E4B4F53B,0.6733333333333333,DE045126-2C5E-4E72-8491-E202079EAC7C,1.6583333333333332,3900.0,1100.0,3.5,34.8,0.5,133.03333333333333,400.0,100.0,3.8,22.7,0.4,500.0,200.0,3.4,22.7,0.1,3700.0,1300.0,2.9,25.4,0.5,1400.0,300.0,5.2,23.7,0.2,7000.0,1600.0,4.4,28.7,1.5
body_p1,30,Al6061_body30_p1,DE045126-2C5E-4E72-8491-E202079EAC7C,34,1038,2025-07-31 11:06:26.359753,20,0.000167897837986,3147,1,27,30.0005,AUTO,21,ARMED,100,11.51667,5,2750092.987,30,000454_D_A_PROGRAM_1.NC,38,100,0,0,100,10000.0,762203.792999999,5,337.058553985871,7,237.243419915839,20,-316.040999682836,1083.0,9.3,UNAVAILABLE,51.91733333333334,59.99,072B393C-87F5-4183-9ABC-0870E4B4F53B,0.9033333333333332,DE045126-2C5E-4E72-8491-E202079EAC7C,1.6583333333333332,3500.0,1100.0,3.2,34.8,0.5,133.0,500.0,100.0,3.8,22.7,0.5,500.0,100.0,3.7,22.7,0.1,4000.0,1300.0,3.0,25.4,0.5,1500.0,300.0,5.3,23.7,0.2,4000.0,1500.0,2.7,28.7,1.4
body_p1,30,Al6061_body30_p1,DE045126-2C5E-4E72-8491-E202079EAC7C,34,1039,2025-07-31 11:06:27.359948,20,0.000668021023912,3155,1,27,30.0005,AUTO,21,ARMED,100,8.966667,5,2750092.987,30,000454_D_A_PROGRAM_1.NC,39,100,0,0,100,10000.0,762203.792999999,20,346.547660608593,13,234.030979069898,40,-313.364539676303,1039.0,8.886666666666665,UNAVAILABLE,51.91733333333334,59.99,072B393C-87F5-4183-9ABC-0870E4B4F53B,0.8866666666666667,DE045126-2C5E-4E72-8491-E202079EAC7C,1.6583333333333332,3800.0,1100.0,3.5,34.8,0.5,133.03333333333333,1100.0,200.0,5.9,22.7,0.5,1500.0,300.0,5.4,22.7,0.1,9000.0,1900.0,4.7,25.4,0.5,2200.0,300.0,7.3,23.7,0.2,5100.0,1500.0,3.4,28.7,1.4
body_p1,30,Al6061_body30_p1,DE045126-2C5E-4E72-8491-E202079EAC7C,34,1040,2025-07-31 11:06:28.360100,20,0.000668021023912,3162,1,27,30.0005,AUTO,21,ARMED,100,25.06667,5,2750092.987,30,000454_D_A_PROGRAM_1.NC,40,100,0,0,100,10000.0,762203.792999999,1,363.083812125414,13,222.355100257119,32,-316.412950773711,1023.6666666666666,8.753333333333334,UNAVAILABLE,51.918,59.99,072B393C-87F5-4183-9ABC-0870E4B4F53B,0.8099999999999999,DE045126-2C5E-4E72-8491-E202079EAC7C,1.6583333333333332,3700.0,1100.0,3.3,34.8,0.5,133.03333333333333,800.0,100.0,6.1,22.7,0.4,600.0,200.0,3.9,22.7,0.1,3300.0,1300.0,2.5,25.4,0.5,1700.0,300.0,6.3,23.7,0.2,5800.0,1700.0,3.4,28.7,1.5
body_p1,30,Al6061_body30_p1,DE045126-2C5E-4E72-8491-E202079EAC7C,34,1041,2025-07-31 11:06:29.360413,20,0.000668021023912,3169,1,27,30.0005,AUTO,21,ARMED,100,20.2,5,2750092.987,30,000454_D_A_PROGRAM_1.NC,41,100,0,0,100,10000.0,762203.792999999,6,400.414863346302,10,223.480227826594,31,-316.413110969222,1122.0,9.726666666666668,UNAVAILABLE,51.919,59.99,072B393C-87F5-4183-9ABC-0870E4B4F53B,0.9166666666666666,DE045126-2C5E-4E72-8491-E202079EAC7C,1.6583333333333332,3600.0,1100.0,3.3,34.8,0.5,132.96666666666667,500.0,100.0,3.6,22.7,0.5,600.0,200.0,3.9,22.7,0.1,3900.0,1300.0,2.9,25.4,0.5,1500.0,300.0,5.5,23.7,0.2,4400.0,1500.0,2.8,28.7,1.4
body_p1,30,Al6061_body30_p1,DE045126-2C5E-4E72-8491-E202079EAC7C,34,1042,2025-07-31 11:06:30.360566,20,0.000668021023912,3177,1,27,30.0005,AUTO,21,ARMED,100,83.65,5,2750092.987,30,000454_D_A_PROGRAM_1.NC,42,100,0,0,100,10000.0,762203.792999999,71,400.3615529576,34,225.386459713939,39,-313.36769778976,1047.0,8.953333333333335,UNAVAILABLE,51.919,59.99,072B393C-87F5-4183-9ABC-0870E4B4F53B,0.8833333333333334,DE045126-2C5E-4E72-8491-E202079EAC7C,1.6583333333333332,3400.0,1100.0,3.1,34.8,0.5,133.03333333333333,1000.0,100.0,7.0,22.7,0.5,1200.0,200.0,5.8,22.7,0.1,6800.0,1600.0,4.3,25.4,0.5,1800.0,300.0,6.1,23.7,0.2,3400.0,1500.0,2.3,28.7,1.4
body_p1,30,Al6061_body30_p1,DE045126-2C5E-4E72-8491-E202079EAC7C,34,1043,2025-07-31 11:06:31.360830,20,0.000668021023912,3184,1,27,30.0005,AUTO,21,ARMED,100,25.03333,5,2750092.987,30,000454_D_A_PROGRAM_1.NC,43,100,0,0,100,10000.0,762203.792999999,18,425.162402705134,6,237.971762108897,32,-316.412802020737,1028.6666666666667,8.823333333333332,UNAVAILABLE,51.919,60.0,072B393C-87F5-4183-9ABC-0870E4B4F53B,0.8633333333333333,DE045126-2C5E-4E72-8491-E202079EAC7C,1.6583333333333332,3400.0,1100.0,3.1,34.8,0.5,133.0,800.0,100.0,5.5,22.7,0.5,700.0,100.0,4.6,22.7,0.1,12700.0,1800.0,7.1,25.4,0.5,1500.0,300.0,5.3,23.7,0.2,8600.0,1600.0,5.2,28.7,1.4
body_p1,30,Al6061_body30_p1,DE045126-2C5E-4E72-8491-E202079EAC7C,34,1044,2025-07-31 11:06:32.360982,20,0.000167897837986,3193,1,27,30.0005,AUTO,21,ARMED,100,25.06667,5,2750092.987,30,000454_D_A_PROGRAM_1.NC,44,100,0,0,100,10000.0,762203.792999999,17,424.371316034543,8,265.31940534898,30,-316.413168181904,1091.0,9.526666666666666,UNAVAILABLE,51.91966666666667,60.0,072B393C-87F5-4183-9ABC-0870E4B4F53B,0.8533333333333334,DE045126-2C5E-4E72-8491-E202079EAC7C,1.6583333333333332,3700.0,1100.0,3.4,34.8,0.5,133.0,500.0,100.0,3.9,22.7,0.3,600.0,200.0,3.8,22.7,0.1,4000.0,1300.0,3.0,25.4,0.5,1200.0,300.0,4.5,23.7,0.2,5000.0,1600.0,3.2,28.7,1.5
body_p1,30,Al6061_body30_p1,DE045126-2C5E-4E72-8491-E202079EAC7C,34,1045,2025-07-31 11:06:33.361179,20,0.000668021023912,3199,1,27,30.0005,AUTO,21,ARMED,100,66.6,5,2750092.987,30,000454_D_A_PROGRAM_1.NC,45,100,0,0,100,10000.0,762203.792999999,8,398.264515898462,3,279.755081132938,37,-313.370666386633,1062.3333333333333,8.853333333333333,UNAVAILABLE,51.91966666666667,60.0,072B393C-87F5-4183-9ABC-0870E4B4F53B,0.8966666666666666,DE045126-2C5E-4E72-8491-E202079EAC7C,1.6583333333333332,3400.0,1100.0,3.1,34.8,0.5,133.0,600.0,100.0,4.6,22.7,0.6,1100.0,200.0,5.3,22.7,0.1,6500.0,1600.0,4.1,25.4,0.5,1500.0,300.0,5.9,23.7,0.2,3600.0,1500.0,2.5,28.7,1.4
body_p1,30,Al6061_body30_p1,DE045126-2C5E-4E72-8491-E202079EAC7C,34,1046,2025-07-31 11:06:34.361330,20,0.000668021023912,3208,1,27,30.0005,AUTO,21,ARMED,100,9.416667,5,2750092.987,30,000454_D_A_PROGRAM_1.NC,46,100,0,0,100,10000.0,762203.792999999,4,399.875176915121,5,282.124355619924,53,-315.112681341807,1027.0,8.706666666666667,UNAVAILABLE,51.91966666666667,60.0,072B393C-87F5-4183-9ABC-0870E4B4F53B,0.8866666666666667,DE045126-2C5E-4E72-8491-E202079EAC7C,1.6583333333333332,3500.0,1100.0,3.2,34.8,0.5,133.1,800.0,100.0,5.4,22.7,0.5,1100.0,200.0,5.6,22.7,0.1,7200.0,1700.0,4.4,25.4,0.5,1600.0,300.0,5.5,23.7,0.2,6000.0,1600.0,3.6,28.7,1.4
body_p1,30,Al6061_body30_p1,DE045126-2C5E-4E72-8491-E202079EAC7C,34,1047,2025-07-31 11:06:35.361482,20,0.000668021023912,3216,1,27,30.0005,AUTO,21,ARMED,100,25.33333,5,2750092.987,30,000454_D_A_PROGRAM_1.NC,47,100,0,0,100,10000.0,762203.792999999,8,379.494080934435,6,272.884410821285,30,-316.910712553202,1074.0,9.266666666666666,UNAVAILABLE,51.92000000000001,60.0,072B393C-87F5-4183-9ABC-0870E4B4F53B,0.8266666666666667,DE045126-2C5E-4E72-8491-E202079EAC7C,1.6583333333333332,3600.0,1100.0,3.1,34.8,0.5,133.03333333333333,1000.0,300.0,3.0,22.7,0.3,600.0,200.0,3.8,22.7,0.1,3300.0,1300.0,2.6,25.5,0.5,1100.0,300.0,3.9,23.7,0.2,2600.0,1500.0,1.7,28.7,1.5
body_p1,30,Al6061_body30_p1,DE045126-2C5E-4E72-8491-E202079EAC7C,34,1048,2025-07-31 11:06:36.361633,20,0.000668021023912,3219,1,27,30.0005,AUTO,21,ARMED,100,25.4,5,2750092.987,30,000454_D_A_PROGRAM_1.NC,48,100,0,0,100,10000.0,762203.792999999,7,353.770349356221,7,272.458766496675,32,-316.910598127838,1054.6666666666667,9.006666666666666,UNAVAILABLE,51.92066666666667,60.0,072B393C-87F5-4183-9ABC-0870E4B4F53B,0.89,DE045126-2C5E-4E72-8491-E202079EAC7C,1.6583333333333332,4100.0,1100.0,3.6,34.8,0.5,133.1,900.0,400.0,2.4,22.7,0.1,600.0,200.0,3.4,22.7,0.1,4000.0,1400.0,2.9,25.5,0.5,1100.0,300.0,3.8,23.7,0.2,2700.0,1600.0,1.7,28.7,1.5
body_p1,30,Al6061_body30_p1,DE045126-2C5E-4E72-8491-E202079EAC7C,34,1049,2025-07-31 11:06:37.361785,20,0.000668021023912,3219,1,27,30.0005,AUTO,21,ARMED,100,25.4,5,2750092.987,30,000454_D_A_PROGRAM_1.NC,49,100,0,0,100,10000.0,762203.792999999,3,341.601308929419,7,247.5028396589,32,-316.91065534052,1047.0,8.950000000000001,UNAVAILABLE,51.92066666666667,60.0,072B393C-87F5-4183-9ABC-0870E4B4F53B,0.8766666666666666,DE045126-2C5E-4E72-8491-E202079EAC7C,1.6583333333333332,3700.0,1100.0,3.3,34.8,0.5,133.03333333333333,700.0,300.0,2.3,22.7,0.1,700.0,200.0,3.7,22.7,0.1,4200.0,1400.0,3.0,25.5,0.5,1200.0,300.0,3.8,23.7,0.2,2900.0,1600.0,1.8,28.7,1.6
body_p1,30,Al6061_body30_p1,DE045126-2C5E-4E72-8491-E202079EAC7C,34,1050,2025-07-31 11:06:38.361938,20,0.000668021023912,3219,1,27,30.0005,AUTO,21,ARMED,100,25.4,5,2750092.987,30,000454_D_A_PROGRAM_1.NC,50,100,0,0,100,10000.0,762203.792999999,9,357.390122621814,6,231.568968726833,31,-316.910701110666,1046.6666666666667,8.943333333333333,UNAVAILABLE,51.92066666666667,60.0,072B393C-87F5-4183-9ABC-0870E4B4F53B,0.8700000000000001,DE045126-2C5E-4E72-8491-E202079EAC7C,1.6583333333333332,4400.0,1300.0,3.4,34.8,0.5,133.1,900.0,300.0,2.8,22.7,0.1,600.0,200.0,3.4,22.7,0.1,3500.0,1300.0,2.7,25.5,0.5,1200.0,300.0,3.7,23.7,0.2,2700.0,1500.0,1.7,28.7,1.5
body_p1,30,Al6061_body30_p1,DE045126-2C5E-4E72-8491-E202079EAC7C,34,1051,2025-07-31 11:06:39.362087,20,0.000668021023912,3222,1,27,30.0005,AUTO,21,ARMED,100,25.4,5,2750092.987,30,000454_D_A_PROGRAM_1.NC,51,100,0,0,100,10000.0,762203.792999999,9,382.02700241583,5,232.407548917938,32,-316.910769765885,1046.6666666666667,8.95,UNAVAILABLE,51.92133333333334,60.0,072B393C-87F5-4183-9ABC-0870E4B4F53B,0.8766666666666666,DE045126-2C5E-4E72-8491-E202079EAC7C,1.6583333333333332,4100.0,1300.0,3.2,34.8,0.5,133.1,800.0,300.0,2.9,22.7,0.3,600.0,200.0,3.3,22.7,0.1,3200.0,1400.0,2.2,25.5,0.5,1100.0,300.0,3.7,23.7,0.2,2700.0,1600.0,1.7,28.7,1.5
body_p1,30,Al6061_body30_p1,DE045126-2C5E-4E72-8491-E202079EAC7C,34,1052,2025-07-31 11:06:40.362241,20,0.000668021023912,3225,1,27,30.0005,AUTO,21,ARMED,100,25.4,5,2750092.987,30,000454_D_A_PROGRAM_1.NC,52,100,0,1,100,10000.0,762203.792999999,8,407.738179395087,8,232.863671738907,30,-316.910804093494,1057.3333333333333,9.046666666666669,UNAVAILABLE,51.922,60.0,072B393C-87F5-4183-9ABC-0870E4B4F53B,0.8566666666666668,DE045126-2C5E-4E72-8491-E202079EAC7C,1.6583333333333332,4400.0,1300.0,3.4,34.8,0.5,133.03333333333333,900.0,300.0,2.8,22.7,0.1,600.0,200.0,3.3,22.7,0.1,3400.0,1400.0,2.5,25.5,0.5,1200.0,300.0,3.9,23.7,0.2,3000.0,1700.0,1.8,28.7,1.6
body_p1,30,Al6061_body30_p1,DE045126-2C5E-4E72-8491-E202079EAC7C,34,1053,2025-07-31 11:06:41.362437,20,0.000668021023912,3225,1,27,30.0005,AUTO,21,ARMED,100,25.4,5,2750092.987,30,000454_D_A_PROGRAM_1.NC,53,100,0,1,100,10000.0,762203.792999999,6,420.45927191251,7,252.667575461474,31,-316.910701110666,1049.3333333333333,8.976666666666668,UNAVAILABLE,51.922,60.0,072B393C-87F5-4183-9ABC-0870E4B4F53B,0.8700000000000001,DE045126-2C5E-4E72-8491-E202079EAC7C,1.6583333333333332,3700.0,1200.0,3.1,34.8,0.5,133.0,800.0,200.0,3.3,22.7,0.1,600.0,200.0,3.4,22.7,0.1,4000.0,1400.0,2.8,25.5,0.5,1100.0,300.0,3.6,23.7,0.2,2900.0,1700.0,1.7,28.7,1.6
body_p1,30,Al6061_body30_p1,DE045126-2C5E-4E72-8491-E202079EAC7C,34,1054,2025-07-31 11:06:42.362591,20,0.000668021023912,3225,1,27,30.0005,AUTO,21,ARMED,100,25.4,5,2750092.987,30,000454_D_A_PROGRAM_1.NC,54,100,0,0,100,10000.0,762203.792999999,9,408.877735438948,6,271.866833693169,31,-316.910666783056,1048.6666666666667,8.95,UNAVAILABLE,51.922,60.0,072B393C-87F5-4183-9ABC-0870E4B4F53B,0.8766666666666666,DE045126-2C5E-4E72-8491-E202079EAC7C,1.6583333333333332,3800.0,1200.0,3.2,34.8,0.5,133.1,800.0,300.0,2.4,22.7,0.1,600.0,200.0,3.5,22.7,0.1,3800.0,1300.0,2.9,25.5,0.5,1200.0,300.0,4.0,23.7,0.2,2800.0,1600.0,1.8,28.7,1.5
body_p1,30,Al6061_body30_p1,DE045126-2C5E-4E72-8491-E202079EAC7C,34,1055,2025-07-31 11:06:43.362833,20,0.000668021023912,3228,1,27,30.0005,AUTO,21,ARMED,100,25.3,5,2750092.987,30,000454_D_A_PROGRAM_1.NC,55,100,0,1,100,10000.0,762203.792999999,8,384.604558093519,6,272.884779539346,31,-316.910678225593,1044.0,8.916666666666666,UNAVAILABLE,51.922666666666665,60.0,072B393C-87F5-4183-9ABC-0870E4B4F53B,0.8700000000000001,DE045126-2C5E-4E72-8491-E202079EAC7C,1.6583333333333332,3600.0,1200.0,3.1,34.8,0.5,133.13333333333333,700.0,100.0,4.4,22.7,0.6,500.0,200.0,3.3,22.7,0.1,3700.0,1300.0,2.8,25.5,0.5,1200.0,300.0,4.5,23.7,0.2,5100.0,1700.0,3.1,28.7,1.5
