Dataname,Value,Time
featureId,UNAVAILABLE,2025-07-29 13:13:00.888903
partKindId,NONE,2025-07-29 13:13:00.888903
processKindId,NONE,2025-07-29 13:13:00.888903
A_Axis_Load,7,2025-07-29 13:13:00.888903
A_Position,0.000668021023909704,2025-07-29 13:13:00.888903
C_Axis_Load,3,2025-07-29 13:13:00.888903
C_Position,30.0005,2025-07-29 13:13:00.888903
Machine_Time,2711540.494,2025-07-29 13:13:00.888903
Spindle_Time,739504.062,2025-07-29 13:13:00.888903
Feed_Override,100,2025-07-29 13:13:00.888903
Feed_Rate,0,2025-07-29 13:13:00.888903
Program_Runtime_Seconds,23,2025-07-29 13:13:00.888903
Rapid_Override,100,2025-07-29 13:13:00.888903
Rapid_Speed,0,2025-07-29 13:13:00.888903
S_Axis_Load,0,2025-07-29 13:13:00.888903
Spindle_Override,100,2025-07-29 13:13:00.888903
Spindle_Speed,0,2025-07-29 13:13:00.888903
X_Axis_Load,3,2025-07-29 13:13:00.888903
X_Position,383.575304115001,2025-07-29 13:13:00.888903
Y_Axis_Load,5,2025-07-29 13:13:00.888903
Y_Position,505.350101841553,2025-07-29 13:13:00.888903
Z_Axis_Load,37,2025-07-29 13:13:00.888903
Z_Position,-275.238894920771,2025-07-29 13:13:00.888903
COR_Status,1,2025-07-29 13:13:00.888903
Controller_Mode,AUTO,2025-07-29 13:13:00.888903
EStop_State,ARMED,2025-07-29 13:13:00.888903
Machine_Mode,4,2025-07-29 13:13:00.888903
Block_Number,598,2025-07-29 13:13:00.888903
Current_Tool,21,2025-07-29 13:13:00.888903
Part_Count,19,2025-07-29 13:13:00.888903
Program_Name_Running,000473_A_A_PROGRAM_2.NC,2025-07-29 13:13:00.888903
spindle motor v_rms,0.0,2025-07-29 13:13:00.888903
spindle motor a_peak,200,2025-07-29 13:13:00.888903
spindle motor a_rms,100,2025-07-29 13:13:00.888903
spindle motor temp,35.5,2025-07-29 13:13:00.888903
spindle motor crest,3.6,2025-07-29 13:13:00.888903
z-axis bearing v_rms,0.0,2025-07-29 13:13:00.888903
z-axis bearing a_peak,400,2025-07-29 13:13:00.888903
z-axis bearing a_rms,100,2025-07-29 13:13:00.888903
z-axis bearing temp,24.2,2025-07-29 13:13:00.888903
z-axis bearing crest,3.9,2025-07-29 13:13:00.888903
z-axis motor v_rms,0.0,2025-07-29 13:13:00.888903
z-axis motor a_peak,700,2025-07-29 13:13:00.888903
z-axis motor a_rms,300,2025-07-29 13:13:00.888903
z-axis motor temp,29.5,2025-07-29 13:13:00.888903
z-axis motor crest,2.3,2025-07-29 13:13:00.888903
y-axis bearing v_rms,0.0,2025-07-29 13:13:00.888903
y-axis bearing a_peak,200,2025-07-29 13:13:00.888903
y-axis bearing a_rms,100,2025-07-29 13:13:00.888903
y-axis bearing temp,22.8,2025-07-29 13:13:00.888903
y-axis bearing crest,3.9,2025-07-29 13:13:00.888903
y-axis motor v_rms,0.0,2025-07-29 13:13:00.888903
y-axis motor a_peak,400,2025-07-29 13:13:00.888903
y-axis motor a_rms,200,2025-07-29 13:13:00.888903
y-axis motor temp,25.3,2025-07-29 13:13:00.888903
y-axis motor crest,2.2,2025-07-29 13:13:00.888903
x-axis motor v_rms,0.0,2025-07-29 13:13:00.888903
x-axis motor a_peak,200,2025-07-29 13:13:00.888903
x-axis motor a_rms,0,2025-07-29 13:13:00.888903
x-axis motor temp,23.1,2025-07-29 13:13:00.888903
x-axis motor crest,3.9,2025-07-29 13:13:00.888903
voltage,133.29999999999998,2025-07-29 13:13:00.888903
current,3.6366666666666667,2025-07-29 13:13:00.888903
active power,395.3333333333333,2025-07-29 13:13:00.888903
forward kWh,41.85333333333333,2025-07-29 13:13:00.888903
reverse kWh,1.2693333333333332,2025-07-29 13:13:00.888903
frequency,60.02,2025-07-29 13:13:00.888903
power factor,0.77,2025-07-29 13:13:00.888903
featureId,UNAVAILABLE,2025-07-29 13:13:01.889072
partKindId,NONE,2025-07-29 13:13:01.889072
processKindId,NONE,2025-07-29 13:13:01.889072
A_Axis_Load,7,2025-07-29 13:13:01.889072
A_Position,0.000668021023909704,2025-07-29 13:13:01.889072
C_Axis_Load,3,2025-07-29 13:13:01.889072
C_Position,30.0005,2025-07-29 13:13:01.889072
Machine_Time,2711540.494,2025-07-29 13:13:01.889072
Spindle_Time,739504.062,2025-07-29 13:13:01.889072
Feed_Override,100,2025-07-29 13:13:01.889072
Feed_Rate,0,2025-07-29 13:13:01.889072
Program_Runtime_Seconds,23,2025-07-29 13:13:01.889072
Rapid_Override,100,2025-07-29 13:13:01.889072
Rapid_Speed,0,2025-07-29 13:13:01.889072
S_Axis_Load,0,2025-07-29 13:13:01.889072
Spindle_Override,100,2025-07-29 13:13:01.889072
Spindle_Speed,0,2025-07-29 13:13:01.889072
X_Axis_Load,3,2025-07-29 13:13:01.889072
X_Position,383.575292670091,2025-07-29 13:13:01.889072
Y_Axis_Load,5,2025-07-29 13:13:01.889072
Y_Position,505.350101841553,2025-07-29 13:13:01.889072
Z_Axis_Load,37,2025-07-29 13:13:01.889072
Z_Position,-275.238894920771,2025-07-29 13:13:01.889072
COR_Status,1,2025-07-29 13:13:01.889072
Controller_Mode,AUTO,2025-07-29 13:13:01.889072
EStop_State,ARMED,2025-07-29 13:13:01.889072
Machine_Mode,4,2025-07-29 13:13:01.889072
Block_Number,598,2025-07-29 13:13:01.889072
Current_Tool,21,2025-07-29 13:13:01.889072
Part_Count,19,2025-07-29 13:13:01.889072
Program_Name_Running,000473_A_A_PROGRAM_2.NC,2025-07-29 13:13:01.889072
spindle motor v_rms,0.0,2025-07-29 13:13:01.889072
spindle motor a_peak,200,2025-07-29 13:13:01.889072
spindle motor a_rms,100,2025-07-29 13:13:01.889072
spindle motor temp,35.5,2025-07-29 13:13:01.889072
spindle motor crest,3.6,2025-07-29 13:13:01.889072
z-axis bearing v_rms,0.0,2025-07-29 13:13:01.889072
z-axis bearing a_peak,200,2025-07-29 13:13:01.889072
z-axis bearing a_rms,0,2025-07-29 13:13:01.889072
z-axis bearing temp,24.2,2025-07-29 13:13:01.889072
z-axis bearing crest,3.9,2025-07-29 13:13:01.889072
z-axis motor v_rms,0.1,2025-07-29 13:13:01.889072
z-axis motor a_peak,700,2025-07-29 13:13:01.889072
z-axis motor a_rms,300,2025-07-29 13:13:01.889072
z-axis motor temp,29.5,2025-07-29 13:13:01.889072
z-axis motor crest,2.2,2025-07-29 13:13:01.889072
y-axis bearing v_rms,0.0,2025-07-29 13:13:01.889072
y-axis bearing a_peak,200,2025-07-29 13:13:01.889072
y-axis bearing a_rms,100,2025-07-29 13:13:01.889072
y-axis bearing temp,22.8,2025-07-29 13:13:01.889072
y-axis bearing crest,4.4,2025-07-29 13:13:01.889072
y-axis motor v_rms,0.0,2025-07-29 13:13:01.889072
y-axis motor a_peak,400,2025-07-29 13:13:01.889072
y-axis motor a_rms,200,2025-07-29 13:13:01.889072
y-axis motor temp,25.3,2025-07-29 13:13:01.889072
y-axis motor crest,2.2,2025-07-29 13:13:01.889072
x-axis motor v_rms,0.0,2025-07-29 13:13:01.889072
x-axis motor a_peak,200,2025-07-29 13:13:01.889072
x-axis motor a_rms,0,2025-07-29 13:13:01.889072
x-axis motor temp,23.1,2025-07-29 13:13:01.889072
x-axis motor crest,3.7,2025-07-29 13:13:01.889072
voltage,133.23333333333332,2025-07-29 13:13:01.889072
current,3.65,2025-07-29 13:13:01.889072
active power,396.6666666666667,2025-07-29 13:13:01.889072
forward kWh,41.85333333333333,2025-07-29 13:13:01.889072
reverse kWh,1.2693333333333332,2025-07-29 13:13:01.889072
frequency,60.02,2025-07-29 13:13:01.889072
power factor,0.7766666666666667,2025-07-29 13:13:01.889072
featureId,UNAVAILABLE,2025-07-29 13:13:02.889320
partKindId,NONE,2025-07-29 13:13:02.889320
processKindId,NONE,2025-07-29 13:13:02.889320
A_Axis_Load,7,2025-07-29 13:13:02.889320
A_Position,0.000668021023909704,2025-07-29 13:13:02.889320
C_Axis_Load,3,2025-07-29 13:13:02.889320
C_Position,30.0005,2025-07-29 13:13:02.889320
Machine_Time,2711540.494,2025-07-29 13:13:02.889320
Spindle_Time,739504.062,2025-07-29 13:13:02.889320
Feed_Override,100,2025-07-29 13:13:02.889320
Feed_Rate,0,2025-07-29 13:13:02.889320
Program_Runtime_Seconds,23,2025-07-29 13:13:02.889320
Rapid_Override,100,2025-07-29 13:13:02.889320
Rapid_Speed,0,2025-07-29 13:13:02.889320
S_Axis_Load,0,2025-07-29 13:13:02.889320
Spindle_Override,100,2025-07-29 13:13:02.889320
Spindle_Speed,0,2025-07-29 13:13:02.889320
X_Axis_Load,3,2025-07-29 13:13:02.889320
X_Position,383.575304115001,2025-07-29 13:13:02.889320
Y_Axis_Load,5,2025-07-29 13:13:02.889320
Y_Position,505.350101841553,2025-07-29 13:13:02.889320
Z_Axis_Load,37,2025-07-29 13:13:02.889320
Z_Position,-275.238894920771,2025-07-29 13:13:02.889320
COR_Status,1,2025-07-29 13:13:02.889320
Controller_Mode,AUTO,2025-07-29 13:13:02.889320
EStop_State,ARMED,2025-07-29 13:13:02.889320
Machine_Mode,4,2025-07-29 13:13:02.889320
Block_Number,598,2025-07-29 13:13:02.889320
Current_Tool,21,2025-07-29 13:13:02.889320
Part_Count,19,2025-07-29 13:13:02.889320
Program_Name_Running,000473_A_A_PROGRAM_2.NC,2025-07-29 13:13:02.889320
spindle motor v_rms,0.0,2025-07-29 13:13:02.889320
spindle motor a_peak,300,2025-07-29 13:13:02.889320
spindle motor a_rms,100,2025-07-29 13:13:02.889320
spindle motor temp,35.5,2025-07-29 13:13:02.889320
spindle motor crest,4.4,2025-07-29 13:13:02.889320
z-axis bearing v_rms,0.0,2025-07-29 13:13:02.889320
z-axis bearing a_peak,400,2025-07-29 13:13:02.889320
z-axis bearing a_rms,100,2025-07-29 13:13:02.889320
z-axis bearing temp,24.2,2025-07-29 13:13:02.889320
z-axis bearing crest,4.9,2025-07-29 13:13:02.889320
z-axis motor v_rms,0.0,2025-07-29 13:13:02.889320
z-axis motor a_peak,700,2025-07-29 13:13:02.889320
z-axis motor a_rms,300,2025-07-29 13:13:02.889320
z-axis motor temp,29.5,2025-07-29 13:13:02.889320
z-axis motor crest,2.2,2025-07-29 13:13:02.889320
y-axis bearing v_rms,0.0,2025-07-29 13:13:02.889320
y-axis bearing a_peak,300,2025-07-29 13:13:02.889320
y-axis bearing a_rms,100,2025-07-29 13:13:02.889320
y-axis bearing temp,22.8,2025-07-29 13:13:02.889320
y-axis bearing crest,4.2,2025-07-29 13:13:02.889320
y-axis motor v_rms,0.0,2025-07-29 13:13:02.889320
y-axis motor a_peak,400,2025-07-29 13:13:02.889320
y-axis motor a_rms,200,2025-07-29 13:13:02.889320
y-axis motor temp,25.3,2025-07-29 13:13:02.889320
y-axis motor crest,2.3,2025-07-29 13:13:02.889320
x-axis motor v_rms,0.0,2025-07-29 13:13:02.889320
x-axis motor a_peak,200,2025-07-29 13:13:02.889320
x-axis motor a_rms,0,2025-07-29 13:13:02.889320
x-axis motor temp,23.1,2025-07-29 13:13:02.889320
x-axis motor crest,4.9,2025-07-29 13:13:02.889320
voltage,133.29999999999998,2025-07-29 13:13:02.889320
current,3.6566666666666676,2025-07-29 13:13:02.889320
active power,398.6666666666667,2025-07-29 13:13:02.889320
forward kWh,41.85333333333333,2025-07-29 13:13:02.889320
reverse kWh,1.2693333333333332,2025-07-29 13:13:02.889320
frequency,60.02,2025-07-29 13:13:02.889320
power factor,0.7766666666666667,2025-07-29 13:13:02.889320
featureId,UNAVAILABLE,2025-07-29 13:13:03.889606
partKindId,NONE,2025-07-29 13:13:03.889606
processKindId,NONE,2025-07-29 13:13:03.889606
A_Axis_Load,7,2025-07-29 13:13:03.889606
A_Position,0.000668021023909704,2025-07-29 13:13:03.889606
C_Axis_Load,3,2025-07-29 13:13:03.889606
C_Position,30.0005,2025-07-29 13:13:03.889606
Machine_Time,2711540.494,2025-07-29 13:13:03.889606
Spindle_Time,739504.062,2025-07-29 13:13:03.889606
Feed_Override,100,2025-07-29 13:13:03.889606
Feed_Rate,0,2025-07-29 13:13:03.889606
Program_Runtime_Seconds,23,2025-07-29 13:13:03.889606
Rapid_Override,100,2025-07-29 13:13:03.889606
Rapid_Speed,0,2025-07-29 13:13:03.889606
S_Axis_Load,0,2025-07-29 13:13:03.889606
Spindle_Override,100,2025-07-29 13:13:03.889606
Spindle_Speed,0,2025-07-29 13:13:03.889606
X_Axis_Load,3,2025-07-29 13:13:03.889606
X_Position,383.575304115001,2025-07-29 13:13:03.889606
Y_Axis_Load,5,2025-07-29 13:13:03.889606
Y_Position,505.350101841553,2025-07-29 13:13:03.889606
Z_Axis_Load,37,2025-07-29 13:13:03.889606
Z_Position,-275.238906363701,2025-07-29 13:13:03.889606
COR_Status,1,2025-07-29 13:13:03.889606
Controller_Mode,AUTO,2025-07-29 13:13:03.889606
EStop_State,ARMED,2025-07-29 13:13:03.889606
Machine_Mode,4,2025-07-29 13:13:03.889606
Block_Number,598,2025-07-29 13:13:03.889606
Current_Tool,21,2025-07-29 13:13:03.889606
Part_Count,19,2025-07-29 13:13:03.889606
Program_Name_Running,000473_A_A_PROGRAM_2.NC,2025-07-29 13:13:03.889606
spindle motor v_rms,0.0,2025-07-29 13:13:03.889606
spindle motor a_peak,200,2025-07-29 13:13:03.889606
spindle motor a_rms,100,2025-07-29 13:13:03.889606
spindle motor temp,35.5,2025-07-29 13:13:03.889606
spindle motor crest,3.7,2025-07-29 13:13:03.889606
z-axis bearing v_rms,0.0,2025-07-29 13:13:03.889606
z-axis bearing a_peak,400,2025-07-29 13:13:03.889606
z-axis bearing a_rms,100,2025-07-29 13:13:03.889606
z-axis bearing temp,24.2,2025-07-29 13:13:03.889606
z-axis bearing crest,6.0,2025-07-29 13:13:03.889606
z-axis motor v_rms,0.0,2025-07-29 13:13:03.889606
z-axis motor a_peak,700,2025-07-29 13:13:03.889606
z-axis motor a_rms,300,2025-07-29 13:13:03.889606
z-axis motor temp,29.5,2025-07-29 13:13:03.889606
z-axis motor crest,2.2,2025-07-29 13:13:03.889606
y-axis bearing v_rms,0.0,2025-07-29 13:13:03.889606
y-axis bearing a_peak,300,2025-07-29 13:13:03.889606
y-axis bearing a_rms,100,2025-07-29 13:13:03.889606
y-axis bearing temp,22.8,2025-07-29 13:13:03.889606
y-axis bearing crest,4.8,2025-07-29 13:13:03.889606
y-axis motor v_rms,0.1,2025-07-29 13:13:03.889606
y-axis motor a_peak,400,2025-07-29 13:13:03.889606
y-axis motor a_rms,200,2025-07-29 13:13:03.889606
y-axis motor temp,25.3,2025-07-29 13:13:03.889606
y-axis motor crest,2.2,2025-07-29 13:13:03.889606
x-axis motor v_rms,0.0,2025-07-29 13:13:03.889606
x-axis motor a_peak,200,2025-07-29 13:13:03.889606
x-axis motor a_rms,0,2025-07-29 13:13:03.889606
x-axis motor temp,23.1,2025-07-29 13:13:03.889606
x-axis motor crest,4.3,2025-07-29 13:13:03.889606
voltage,133.23333333333332,2025-07-29 13:13:03.889606
current,3.6300000000000003,2025-07-29 13:13:03.889606
active power,395.0,2025-07-29 13:13:03.889606
forward kWh,41.85333333333333,2025-07-29 13:13:03.889606
reverse kWh,1.2693333333333332,2025-07-29 13:13:03.889606
frequency,60.02,2025-07-29 13:13:03.889606
power factor,0.77,2025-07-29 13:13:03.889606
featureId,UNAVAILABLE,2025-07-29 13:13:04.889888
partKindId,NONE,2025-07-29 13:13:04.889888
processKindId,NONE,2025-07-29 13:13:04.889888
A_Axis_Load,7,2025-07-29 13:13:04.889888
A_Position,0.000668021023909704,2025-07-29 13:13:04.889888
C_Axis_Load,3,2025-07-29 13:13:04.889888
C_Position,30.0005,2025-07-29 13:13:04.889888
Machine_Time,2711540.494,2025-07-29 13:13:04.889888
Spindle_Time,739504.062,2025-07-29 13:13:04.889888
Feed_Override,100,2025-07-29 13:13:04.889888
Feed_Rate,0,2025-07-29 13:13:04.889888
Program_Runtime_Seconds,23,2025-07-29 13:13:04.889888
Rapid_Override,100,2025-07-29 13:13:04.889888
Rapid_Speed,0,2025-07-29 13:13:04.889888
S_Axis_Load,0,2025-07-29 13:13:04.889888
Spindle_Override,100,2025-07-29 13:13:04.889888
Spindle_Speed,0,2025-07-29 13:13:04.889888
X_Axis_Load,3,2025-07-29 13:13:04.889888
X_Position,383.575292670091,2025-07-29 13:13:04.889888
Y_Axis_Load,5,2025-07-29 13:13:04.889888
Y_Position,505.350090397461,2025-07-29 13:13:04.889888
Z_Axis_Load,37,2025-07-29 13:13:04.889888
Z_Position,-275.238894920771,2025-07-29 13:13:04.889888
COR_Status,1,2025-07-29 13:13:04.889888
Controller_Mode,AUTO,2025-07-29 13:13:04.889888
EStop_State,ARMED,2025-07-29 13:13:04.889888
Machine_Mode,4,2025-07-29 13:13:04.889888
Block_Number,598,2025-07-29 13:13:04.889888
Current_Tool,21,2025-07-29 13:13:04.889888
Part_Count,19,2025-07-29 13:13:04.889888
Program_Name_Running,000473_A_A_PROGRAM_2.NC,2025-07-29 13:13:04.889888
spindle motor v_rms,0.0,2025-07-29 13:13:04.889888
spindle motor a_peak,300,2025-07-29 13:13:04.889888
spindle motor a_rms,100,2025-07-29 13:13:04.889888
spindle motor temp,35.5,2025-07-29 13:13:04.889888
spindle motor crest,3.8,2025-07-29 13:13:04.889888
z-axis bearing v_rms,0.0,2025-07-29 13:13:04.889888
z-axis bearing a_peak,300,2025-07-29 13:13:04.889888
z-axis bearing a_rms,100,2025-07-29 13:13:04.889888
z-axis bearing temp,24.2,2025-07-29 13:13:04.889888
z-axis bearing crest,3.6,2025-07-29 13:13:04.889888
z-axis motor v_rms,0.0,2025-07-29 13:13:04.889888
z-axis motor a_peak,700,2025-07-29 13:13:04.889888
z-axis motor a_rms,300,2025-07-29 13:13:04.889888
z-axis motor temp,29.5,2025-07-29 13:13:04.889888
z-axis motor crest,2.4,2025-07-29 13:13:04.889888
y-axis bearing v_rms,0.0,2025-07-29 13:13:04.889888
y-axis bearing a_peak,300,2025-07-29 13:13:04.889888
y-axis bearing a_rms,100,2025-07-29 13:13:04.889888
y-axis bearing temp,22.8,2025-07-29 13:13:04.889888
y-axis bearing crest,4.6,2025-07-29 13:13:04.889888
y-axis motor v_rms,0.1,2025-07-29 13:13:04.889888
y-axis motor a_peak,400,2025-07-29 13:13:04.889888
y-axis motor a_rms,200,2025-07-29 13:13:04.889888
y-axis motor temp,25.3,2025-07-29 13:13:04.889888
y-axis motor crest,2.3,2025-07-29 13:13:04.889888
x-axis motor v_rms,0.0,2025-07-29 13:13:04.889888
x-axis motor a_peak,200,2025-07-29 13:13:04.889888
x-axis motor a_rms,0,2025-07-29 13:13:04.889888
x-axis motor temp,23.1,2025-07-29 13:13:04.889888
x-axis motor crest,4.4,2025-07-29 13:13:04.889888
voltage,133.23333333333332,2025-07-29 13:13:04.889888
current,3.673333333333334,2025-07-29 13:13:04.889888
active power,399.3333333333333,2025-07-29 13:13:04.889888
forward kWh,41.854000000000006,2025-07-29 13:13:04.889888
reverse kWh,1.2693333333333332,2025-07-29 13:13:04.889888
frequency,60.02,2025-07-29 13:13:04.889888
power factor,0.7766666666666667,2025-07-29 13:13:04.889888
featureId,UNAVAILABLE,2025-07-29 13:13:05.890195
partKindId,NONE,2025-07-29 13:13:05.890195
processKindId,NONE,2025-07-29 13:13:05.890195
A_Axis_Load,7,2025-07-29 13:13:05.890195
A_Position,0.000668021023909704,2025-07-29 13:13:05.890195
C_Axis_Load,3,2025-07-29 13:13:05.890195
C_Position,30.0005,2025-07-29 13:13:05.890195
Machine_Time,2711540.494,2025-07-29 13:13:05.890195
Spindle_Time,739504.062,2025-07-29 13:13:05.890195
Feed_Override,100,2025-07-29 13:13:05.890195
Feed_Rate,0,2025-07-29 13:13:05.890195
Program_Runtime_Seconds,23,2025-07-29 13:13:05.890195
Rapid_Override,100,2025-07-29 13:13:05.890195
Rapid_Speed,0,2025-07-29 13:13:05.890195
S_Axis_Load,0,2025-07-29 13:13:05.890195
Spindle_Override,100,2025-07-29 13:13:05.890195
Spindle_Speed,0,2025-07-29 13:13:05.890195
X_Axis_Load,3,2025-07-29 13:13:05.890195
X_Position,383.575292670091,2025-07-29 13:13:05.890195
Y_Axis_Load,5,2025-07-29 13:13:05.890195
Y_Position,505.350101841553,2025-07-29 13:13:05.890195
Z_Axis_Load,37,2025-07-29 13:13:05.890195
Z_Position,-275.238894920771,2025-07-29 13:13:05.890195
COR_Status,1,2025-07-29 13:13:05.890195
Controller_Mode,AUTO,2025-07-29 13:13:05.890195
EStop_State,ARMED,2025-07-29 13:13:05.890195
Machine_Mode,4,2025-07-29 13:13:05.890195
Block_Number,598,2025-07-29 13:13:05.890195
Current_Tool,21,2025-07-29 13:13:05.890195
Part_Count,19,2025-07-29 13:13:05.890195
Program_Name_Running,000473_A_A_PROGRAM_2.NC,2025-07-29 13:13:05.890195
spindle motor v_rms,0.0,2025-07-29 13:13:05.890195
spindle motor a_peak,300,2025-07-29 13:13:05.890195
spindle motor a_rms,100,2025-07-29 13:13:05.890195
spindle motor temp,35.5,2025-07-29 13:13:05.890195
spindle motor crest,4.3,2025-07-29 13:13:05.890195
z-axis bearing v_rms,0.0,2025-07-29 13:13:05.890195
z-axis bearing a_peak,400,2025-07-29 13:13:05.890195
z-axis bearing a_rms,100,2025-07-29 13:13:05.890195
z-axis bearing temp,24.2,2025-07-29 13:13:05.890195
z-axis bearing crest,4.1,2025-07-29 13:13:05.890195
z-axis motor v_rms,0.0,2025-07-29 13:13:05.890195
z-axis motor a_peak,700,2025-07-29 13:13:05.890195
z-axis motor a_rms,300,2025-07-29 13:13:05.890195
z-axis motor temp,29.5,2025-07-29 13:13:05.890195
z-axis motor crest,2.3,2025-07-29 13:13:05.890195
y-axis bearing v_rms,0.0,2025-07-29 13:13:05.890195
y-axis bearing a_peak,200,2025-07-29 13:13:05.890195
y-axis bearing a_rms,100,2025-07-29 13:13:05.890195
y-axis bearing temp,22.8,2025-07-29 13:13:05.890195
y-axis bearing crest,4.2,2025-07-29 13:13:05.890195
y-axis motor v_rms,0.0,2025-07-29 13:13:05.890195
y-axis motor a_peak,500,2025-07-29 13:13:05.890195
y-axis motor a_rms,200,2025-07-29 13:13:05.890195
y-axis motor temp,25.3,2025-07-29 13:13:05.890195
y-axis motor crest,2.4,2025-07-29 13:13:05.890195
x-axis motor v_rms,0.0,2025-07-29 13:13:05.890195
x-axis motor a_peak,200,2025-07-29 13:13:05.890195
x-axis motor a_rms,0,2025-07-29 13:13:05.890195
x-axis motor temp,23.1,2025-07-29 13:13:05.890195
x-axis motor crest,4.4,2025-07-29 13:13:05.890195
voltage,133.26666666666665,2025-07-29 13:13:05.890195
current,3.65,2025-07-29 13:13:05.890195
active power,397.0,2025-07-29 13:13:05.890195
forward kWh,41.85433333333334,2025-07-29 13:13:05.890195
reverse kWh,1.2693333333333332,2025-07-29 13:13:05.890195
frequency,60.02,2025-07-29 13:13:05.890195
power factor,0.77,2025-07-29 13:13:05.890195
featureId,UNAVAILABLE,2025-07-29 13:13:06.890371
partKindId,NONE,2025-07-29 13:13:06.890371
processKindId,NONE,2025-07-29 13:13:06.890371
A_Axis_Load,7,2025-07-29 13:13:06.890371
A_Position,0.000668021023909704,2025-07-29 13:13:06.890371
C_Axis_Load,3,2025-07-29 13:13:06.890371
C_Position,30.0005,2025-07-29 13:13:06.890371
Machine_Time,2711540.494,2025-07-29 13:13:06.890371
Spindle_Time,739504.062,2025-07-29 13:13:06.890371
Feed_Override,100,2025-07-29 13:13:06.890371
Feed_Rate,0,2025-07-29 13:13:06.890371
Program_Runtime_Seconds,23,2025-07-29 13:13:06.890371
Rapid_Override,100,2025-07-29 13:13:06.890371
Rapid_Speed,0,2025-07-29 13:13:06.890371
S_Axis_Load,0,2025-07-29 13:13:06.890371
Spindle_Override,100,2025-07-29 13:13:06.890371
Spindle_Speed,0,2025-07-29 13:13:06.890371
X_Axis_Load,3,2025-07-29 13:13:06.890371
X_Position,383.575304115001,2025-07-29 13:13:06.890371
Y_Axis_Load,5,2025-07-29 13:13:06.890371
Y_Position,505.350101841553,2025-07-29 13:13:06.890371
Z_Axis_Load,37,2025-07-29 13:13:06.890371
Z_Position,-275.238906363701,2025-07-29 13:13:06.890371
COR_Status,1,2025-07-29 13:13:06.890371
Controller_Mode,AUTO,2025-07-29 13:13:06.890371
EStop_State,ARMED,2025-07-29 13:13:06.890371
Machine_Mode,4,2025-07-29 13:13:06.890371
Block_Number,598,2025-07-29 13:13:06.890371
Current_Tool,21,2025-07-29 13:13:06.890371
Part_Count,19,2025-07-29 13:13:06.890371
Program_Name_Running,000473_A_A_PROGRAM_2.NC,2025-07-29 13:13:06.890371
spindle motor v_rms,0.0,2025-07-29 13:13:06.890371
spindle motor a_peak,200,2025-07-29 13:13:06.890371
spindle motor a_rms,100,2025-07-29 13:13:06.890371
spindle motor temp,35.5,2025-07-29 13:13:06.890371
spindle motor crest,3.7,2025-07-29 13:13:06.890371
z-axis bearing v_rms,0.0,2025-07-29 13:13:06.890371
z-axis bearing a_peak,200,2025-07-29 13:13:06.890371
z-axis bearing a_rms,0,2025-07-29 13:13:06.890371
z-axis bearing temp,24.2,2025-07-29 13:13:06.890371
z-axis bearing crest,3.9,2025-07-29 13:13:06.890371
z-axis motor v_rms,0.0,2025-07-29 13:13:06.890371
z-axis motor a_peak,700,2025-07-29 13:13:06.890371
z-axis motor a_rms,300,2025-07-29 13:13:06.890371
z-axis motor temp,29.5,2025-07-29 13:13:06.890371
z-axis motor crest,2.4,2025-07-29 13:13:06.890371
y-axis bearing v_rms,0.0,2025-07-29 13:13:06.890371
y-axis bearing a_peak,200,2025-07-29 13:13:06.890371
y-axis bearing a_rms,0,2025-07-29 13:13:06.890371
y-axis bearing temp,22.8,2025-07-29 13:13:06.890371
y-axis bearing crest,4.0,2025-07-29 13:13:06.890371
y-axis motor v_rms,0.1,2025-07-29 13:13:06.890371
y-axis motor a_peak,400,2025-07-29 13:13:06.890371
y-axis motor a_rms,200,2025-07-29 13:13:06.890371
y-axis motor temp,25.3,2025-07-29 13:13:06.890371
y-axis motor crest,2.1,2025-07-29 13:13:06.890371
x-axis motor v_rms,0.0,2025-07-29 13:13:06.890371
x-axis motor a_peak,200,2025-07-29 13:13:06.890371
x-axis motor a_rms,0,2025-07-29 13:13:06.890371
x-axis motor temp,23.1,2025-07-29 13:13:06.890371
x-axis motor crest,4.1,2025-07-29 13:13:06.890371
voltage,133.26666666666668,2025-07-29 13:13:06.890371
current,3.6300000000000003,2025-07-29 13:13:06.890371
active power,394.0,2025-07-29 13:13:06.890371
forward kWh,41.85433333333334,2025-07-29 13:13:06.890371
reverse kWh,1.2693333333333332,2025-07-29 13:13:06.890371
frequency,60.01,2025-07-29 13:13:06.890371
power factor,0.77,2025-07-29 13:13:06.890371
featureId,UNAVAILABLE,2025-07-29 13:13:07.890583
partKindId,NONE,2025-07-29 13:13:07.890583
processKindId,NONE,2025-07-29 13:13:07.890583
A_Axis_Load,7,2025-07-29 13:13:07.890583
A_Position,0.000668021023909704,2025-07-29 13:13:07.890583
C_Axis_Load,3,2025-07-29 13:13:07.890583
C_Position,30.0005,2025-07-29 13:13:07.890583
Machine_Time,2711540.494,2025-07-29 13:13:07.890583
Spindle_Time,739504.062,2025-07-29 13:13:07.890583
Feed_Override,100,2025-07-29 13:13:07.890583
Feed_Rate,0,2025-07-29 13:13:07.890583
Program_Runtime_Seconds,23,2025-07-29 13:13:07.890583
Rapid_Override,100,2025-07-29 13:13:07.890583
Rapid_Speed,0,2025-07-29 13:13:07.890583
S_Axis_Load,0,2025-07-29 13:13:07.890583
Spindle_Override,100,2025-07-29 13:13:07.890583
Spindle_Speed,0,2025-07-29 13:13:07.890583
X_Axis_Load,3,2025-07-29 13:13:07.890583
X_Position,383.575304115001,2025-07-29 13:13:07.890583
Y_Axis_Load,5,2025-07-29 13:13:07.890583
Y_Position,505.350101841553,2025-07-29 13:13:07.890583
Z_Axis_Load,37,2025-07-29 13:13:07.890583
Z_Position,-275.238894920771,2025-07-29 13:13:07.890583
COR_Status,1,2025-07-29 13:13:07.890583
Controller_Mode,AUTO,2025-07-29 13:13:07.890583
EStop_State,ARMED,2025-07-29 13:13:07.890583
Machine_Mode,4,2025-07-29 13:13:07.890583
Block_Number,598,2025-07-29 13:13:07.890583
Current_Tool,21,2025-07-29 13:13:07.890583
Part_Count,19,2025-07-29 13:13:07.890583
Program_Name_Running,000473_A_A_PROGRAM_2.NC,2025-07-29 13:13:07.890583
spindle motor v_rms,0.0,2025-07-29 13:13:07.890583
spindle motor a_peak,300,2025-07-29 13:13:07.890583
spindle motor a_rms,100,2025-07-29 13:13:07.890583
spindle motor temp,35.5,2025-07-29 13:13:07.890583
spindle motor crest,4.3,2025-07-29 13:13:07.890583
z-axis bearing v_rms,0.0,2025-07-29 13:13:07.890583
z-axis bearing a_peak,200,2025-07-29 13:13:07.890583
z-axis bearing a_rms,100,2025-07-29 13:13:07.890583
z-axis bearing temp,24.2,2025-07-29 13:13:07.890583
z-axis bearing crest,4.4,2025-07-29 13:13:07.890583
z-axis motor v_rms,0.0,2025-07-29 13:13:07.890583
z-axis motor a_peak,700,2025-07-29 13:13:07.890583
z-axis motor a_rms,300,2025-07-29 13:13:07.890583
z-axis motor temp,29.5,2025-07-29 13:13:07.890583
z-axis motor crest,2.3,2025-07-29 13:13:07.890583
y-axis bearing v_rms,0.0,2025-07-29 13:13:07.890583
y-axis bearing a_peak,200,2025-07-29 13:13:07.890583
y-axis bearing a_rms,100,2025-07-29 13:13:07.890583
y-axis bearing temp,22.8,2025-07-29 13:13:07.890583
y-axis bearing crest,4.1,2025-07-29 13:13:07.890583
y-axis motor v_rms,0.0,2025-07-29 13:13:07.890583
y-axis motor a_peak,400,2025-07-29 13:13:07.890583
y-axis motor a_rms,200,2025-07-29 13:13:07.890583
y-axis motor temp,25.3,2025-07-29 13:13:07.890583
y-axis motor crest,2.3,2025-07-29 13:13:07.890583
x-axis motor v_rms,0.0,2025-07-29 13:13:07.890583
x-axis motor a_peak,200,2025-07-29 13:13:07.890583
x-axis motor a_rms,0,2025-07-29 13:13:07.890583
x-axis motor temp,23.1,2025-07-29 13:13:07.890583
x-axis motor crest,4.4,2025-07-29 13:13:07.890583
voltage,133.23333333333332,2025-07-29 13:13:07.890583
current,3.6733333333333333,2025-07-29 13:13:07.890583
active power,400.3333333333333,2025-07-29 13:13:07.890583
forward kWh,41.85466666666667,2025-07-29 13:13:07.890583
reverse kWh,1.2693333333333332,2025-07-29 13:13:07.890583
frequency,60.01,2025-07-29 13:13:07.890583
power factor,0.7766666666666667,2025-07-29 13:13:07.890583
featureId,UNAVAILABLE,2025-07-29 13:13:08.890839
partKindId,NONE,2025-07-29 13:13:08.890839
processKindId,NONE,2025-07-29 13:13:08.890839
A_Axis_Load,7,2025-07-29 13:13:08.890839
A_Position,0.000668021023909704,2025-07-29 13:13:08.890839
C_Axis_Load,3,2025-07-29 13:13:08.890839
C_Position,30.0005,2025-07-29 13:13:08.890839
Machine_Time,2711540.494,2025-07-29 13:13:08.890839
Spindle_Time,739504.062,2025-07-29 13:13:08.890839
Feed_Override,100,2025-07-29 13:13:08.890839
Feed_Rate,0,2025-07-29 13:13:08.890839
Program_Runtime_Seconds,23,2025-07-29 13:13:08.890839
Rapid_Override,100,2025-07-29 13:13:08.890839
Rapid_Speed,0,2025-07-29 13:13:08.890839
S_Axis_Load,0,2025-07-29 13:13:08.890839
Spindle_Override,100,2025-07-29 13:13:08.890839
Spindle_Speed,0,2025-07-29 13:13:08.890839
X_Axis_Load,3,2025-07-29 13:13:08.890839
X_Position,383.575304115001,2025-07-29 13:13:08.890839
Y_Axis_Load,5,2025-07-29 13:13:08.890839
Y_Position,505.350101841553,2025-07-29 13:13:08.890839
Z_Axis_Load,37,2025-07-29 13:13:08.890839
Z_Position,-275.238894920771,2025-07-29 13:13:08.890839
COR_Status,1,2025-07-29 13:13:08.890839
Controller_Mode,AUTO,2025-07-29 13:13:08.890839
EStop_State,ARMED,2025-07-29 13:13:08.890839
Machine_Mode,4,2025-07-29 13:13:08.890839
Block_Number,598,2025-07-29 13:13:08.890839
Current_Tool,21,2025-07-29 13:13:08.890839
Part_Count,19,2025-07-29 13:13:08.890839
Program_Name_Running,000473_A_A_PROGRAM_2.NC,2025-07-29 13:13:08.890839
spindle motor v_rms,0.0,2025-07-29 13:13:08.890839
spindle motor a_peak,200,2025-07-29 13:13:08.890839
spindle motor a_rms,100,2025-07-29 13:13:08.890839
spindle motor temp,35.5,2025-07-29 13:13:08.890839
spindle motor crest,3.8,2025-07-29 13:13:08.890839
z-axis bearing v_rms,0.0,2025-07-29 13:13:08.890839
z-axis bearing a_peak,200,2025-07-29 13:13:08.890839
z-axis bearing a_rms,0,2025-07-29 13:13:08.890839
z-axis bearing temp,24.2,2025-07-29 13:13:08.890839
z-axis bearing crest,4.2,2025-07-29 13:13:08.890839
z-axis motor v_rms,0.0,2025-07-29 13:13:08.890839
z-axis motor a_peak,700,2025-07-29 13:13:08.890839
z-axis motor a_rms,300,2025-07-29 13:13:08.890839
z-axis motor temp,29.5,2025-07-29 13:13:08.890839
z-axis motor crest,2.2,2025-07-29 13:13:08.890839
y-axis bearing v_rms,0.0,2025-07-29 13:13:08.890839
y-axis bearing a_peak,200,2025-07-29 13:13:08.890839
y-axis bearing a_rms,0,2025-07-29 13:13:08.890839
y-axis bearing temp,22.8,2025-07-29 13:13:08.890839
y-axis bearing crest,3.8,2025-07-29 13:13:08.890839
y-axis motor v_rms,0.0,2025-07-29 13:13:08.890839
y-axis motor a_peak,400,2025-07-29 13:13:08.890839
y-axis motor a_rms,200,2025-07-29 13:13:08.890839
y-axis motor temp,25.3,2025-07-29 13:13:08.890839
y-axis motor crest,2.2,2025-07-29 13:13:08.890839
x-axis motor v_rms,0.0,2025-07-29 13:13:08.890839
x-axis motor a_peak,200,2025-07-29 13:13:08.890839
x-axis motor a_rms,0,2025-07-29 13:13:08.890839
x-axis motor temp,23.1,2025-07-29 13:13:08.890839
x-axis motor crest,4.3,2025-07-29 13:13:08.890839
voltage,133.29999999999998,2025-07-29 13:13:08.890839
current,3.616666666666667,2025-07-29 13:13:08.890839
active power,392.3333333333333,2025-07-29 13:13:08.890839
forward kWh,41.85466666666667,2025-07-29 13:13:08.890839
reverse kWh,1.2693333333333332,2025-07-29 13:13:08.890839
frequency,60.01,2025-07-29 13:13:08.890839
power factor,0.77,2025-07-29 13:13:08.890839
featureId,UNAVAILABLE,2025-07-29 13:13:09.891168
partKindId,NONE,2025-07-29 13:13:09.891168
processKindId,NONE,2025-07-29 13:13:09.891168
A_Axis_Load,7,2025-07-29 13:13:09.891168
A_Position,0.000668021023909704,2025-07-29 13:13:09.891168
C_Axis_Load,3,2025-07-29 13:13:09.891168
C_Position,30.0005,2025-07-29 13:13:09.891168
Machine_Time,2711540.494,2025-07-29 13:13:09.891168
Spindle_Time,739504.062,2025-07-29 13:13:09.891168
Feed_Override,100,2025-07-29 13:13:09.891168
Feed_Rate,0,2025-07-29 13:13:09.891168
Program_Runtime_Seconds,23,2025-07-29 13:13:09.891168
Rapid_Override,100,2025-07-29 13:13:09.891168
Rapid_Speed,0,2025-07-29 13:13:09.891168
S_Axis_Load,0,2025-07-29 13:13:09.891168
Spindle_Override,100,2025-07-29 13:13:09.891168
Spindle_Speed,0,2025-07-29 13:13:09.891168
X_Axis_Load,3,2025-07-29 13:13:09.891168
X_Position,383.575304115001,2025-07-29 13:13:09.891168
Y_Axis_Load,5,2025-07-29 13:13:09.891168
Y_Position,505.350101841553,2025-07-29 13:13:09.891168
Z_Axis_Load,37,2025-07-29 13:13:09.891168
Z_Position,-275.238906363701,2025-07-29 13:13:09.891168
COR_Status,1,2025-07-29 13:13:09.891168
Controller_Mode,AUTO,2025-07-29 13:13:09.891168
EStop_State,ARMED,2025-07-29 13:13:09.891168
Machine_Mode,4,2025-07-29 13:13:09.891168
Block_Number,598,2025-07-29 13:13:09.891168
Current_Tool,21,2025-07-29 13:13:09.891168
Part_Count,19,2025-07-29 13:13:09.891168
Program_Name_Running,000473_A_A_PROGRAM_2.NC,2025-07-29 13:13:09.891168
spindle motor v_rms,0.0,2025-07-29 13:13:09.891168
spindle motor a_peak,200,2025-07-29 13:13:09.891168
spindle motor a_rms,100,2025-07-29 13:13:09.891168
spindle motor temp,35.5,2025-07-29 13:13:09.891168
spindle motor crest,3.9,2025-07-29 13:13:09.891168
z-axis bearing v_rms,0.0,2025-07-29 13:13:09.891168
z-axis bearing a_peak,200,2025-07-29 13:13:09.891168
z-axis bearing a_rms,0,2025-07-29 13:13:09.891168
z-axis bearing temp,24.2,2025-07-29 13:13:09.891168
z-axis bearing crest,3.8,2025-07-29 13:13:09.891168
z-axis motor v_rms,0.0,2025-07-29 13:13:09.891168
z-axis motor a_peak,700,2025-07-29 13:13:09.891168
z-axis motor a_rms,300,2025-07-29 13:13:09.891168
z-axis motor temp,29.5,2025-07-29 13:13:09.891168
z-axis motor crest,2.2,2025-07-29 13:13:09.891168
y-axis bearing v_rms,0.0,2025-07-29 13:13:09.891168
y-axis bearing a_peak,200,2025-07-29 13:13:09.891168
y-axis bearing a_rms,0,2025-07-29 13:13:09.891168
y-axis bearing temp,22.8,2025-07-29 13:13:09.891168
y-axis bearing crest,3.8,2025-07-29 13:13:09.891168
y-axis motor v_rms,0.0,2025-07-29 13:13:09.891168
y-axis motor a_peak,500,2025-07-29 13:13:09.891168
y-axis motor a_rms,200,2025-07-29 13:13:09.891168
y-axis motor temp,25.3,2025-07-29 13:13:09.891168
y-axis motor crest,2.4,2025-07-29 13:13:09.891168
x-axis motor v_rms,0.0,2025-07-29 13:13:09.891168
x-axis motor a_peak,200,2025-07-29 13:13:09.891168
x-axis motor a_rms,0,2025-07-29 13:13:09.891168
x-axis motor temp,23.1,2025-07-29 13:13:09.891168
x-axis motor crest,3.9,2025-07-29 13:13:09.891168
voltage,133.23333333333332,2025-07-29 13:13:09.891168
current,3.6400000000000006,2025-07-29 13:13:09.891168
active power,396.3333333333333,2025-07-29 13:13:09.891168
forward kWh,41.85466666666667,2025-07-29 13:13:09.891168
reverse kWh,1.2693333333333332,2025-07-29 13:13:09.891168
frequency,60.01,2025-07-29 13:13:09.891168
power factor,0.7766666666666667,2025-07-29 13:13:09.891168
featureId,UNAVAILABLE,2025-07-29 13:13:10.891288
partKindId,NONE,2025-07-29 13:13:10.891288
processKindId,NONE,2025-07-29 13:13:10.891288
A_Axis_Load,7,2025-07-29 13:13:10.891288
A_Position,0.000668021023909704,2025-07-29 13:13:10.891288
C_Axis_Load,3,2025-07-29 13:13:10.891288
C_Position,30.0005,2025-07-29 13:13:10.891288
Machine_Time,2711540.494,2025-07-29 13:13:10.891288
Spindle_Time,739504.062,2025-07-29 13:13:10.891288
Feed_Override,100,2025-07-29 13:13:10.891288
Feed_Rate,0,2025-07-29 13:13:10.891288
Program_Runtime_Seconds,23,2025-07-29 13:13:10.891288
Rapid_Override,100,2025-07-29 13:13:10.891288
Rapid_Speed,0,2025-07-29 13:13:10.891288
S_Axis_Load,0,2025-07-29 13:13:10.891288
Spindle_Override,100,2025-07-29 13:13:10.891288
Spindle_Speed,0,2025-07-29 13:13:10.891288
X_Axis_Load,3,2025-07-29 13:13:10.891288
X_Position,383.575304115001,2025-07-29 13:13:10.891288
Y_Axis_Load,5,2025-07-29 13:13:10.891288
Y_Position,505.350101841553,2025-07-29 13:13:10.891288
Z_Axis_Load,37,2025-07-29 13:13:10.891288
Z_Position,-275.238894920771,2025-07-29 13:13:10.891288
COR_Status,1,2025-07-29 13:13:10.891288
Controller_Mode,AUTO,2025-07-29 13:13:10.891288
EStop_State,ARMED,2025-07-29 13:13:10.891288
Machine_Mode,4,2025-07-29 13:13:10.891288
Block_Number,598,2025-07-29 13:13:10.891288
Current_Tool,21,2025-07-29 13:13:10.891288
Part_Count,19,2025-07-29 13:13:10.891288
Program_Name_Running,000473_A_A_PROGRAM_2.NC,2025-07-29 13:13:10.891288
spindle motor v_rms,0.0,2025-07-29 13:13:10.891288
spindle motor a_peak,200,2025-07-29 13:13:10.891288
spindle motor a_rms,100,2025-07-29 13:13:10.891288
spindle motor temp,35.6,2025-07-29 13:13:10.891288
spindle motor crest,4.0,2025-07-29 13:13:10.891288
z-axis bearing v_rms,0.0,2025-07-29 13:13:10.891288
z-axis bearing a_peak,300,2025-07-29 13:13:10.891288
z-axis bearing a_rms,100,2025-07-29 13:13:10.891288
z-axis bearing temp,24.2,2025-07-29 13:13:10.891288
z-axis bearing crest,4.9,2025-07-29 13:13:10.891288
z-axis motor v_rms,0.0,2025-07-29 13:13:10.891288
z-axis motor a_peak,700,2025-07-29 13:13:10.891288
z-axis motor a_rms,300,2025-07-29 13:13:10.891288
z-axis motor temp,29.5,2025-07-29 13:13:10.891288
z-axis motor crest,2.2,2025-07-29 13:13:10.891288
y-axis bearing v_rms,0.0,2025-07-29 13:13:10.891288
y-axis bearing a_peak,200,2025-07-29 13:13:10.891288
y-axis bearing a_rms,100,2025-07-29 13:13:10.891288
y-axis bearing temp,22.8,2025-07-29 13:13:10.891288
y-axis bearing crest,3.6,2025-07-29 13:13:10.891288
y-axis motor v_rms,0.0,2025-07-29 13:13:10.891288
y-axis motor a_peak,400,2025-07-29 13:13:10.891288
y-axis motor a_rms,200,2025-07-29 13:13:10.891288
y-axis motor temp,25.3,2025-07-29 13:13:10.891288
y-axis motor crest,2.3,2025-07-29 13:13:10.891288
x-axis motor v_rms,0.0,2025-07-29 13:13:10.891288
x-axis motor a_peak,200,2025-07-29 13:13:10.891288
x-axis motor a_rms,0,2025-07-29 13:13:10.891288
x-axis motor temp,23.1,2025-07-29 13:13:10.891288
x-axis motor crest,3.6,2025-07-29 13:13:10.891288
voltage,133.29999999999998,2025-07-29 13:13:10.891288
current,3.643333333333333,2025-07-29 13:13:10.891288
active power,397.0,2025-07-29 13:13:10.891288
forward kWh,41.85466666666667,2025-07-29 13:13:10.891288
reverse kWh,1.2693333333333332,2025-07-29 13:13:10.891288
frequency,60.01,2025-07-29 13:13:10.891288
power factor,0.7766666666666667,2025-07-29 13:13:10.891288
featureId,UNAVAILABLE,2025-07-29 13:13:11.891593
partKindId,NONE,2025-07-29 13:13:11.891593
processKindId,NONE,2025-07-29 13:13:11.891593
A_Axis_Load,7,2025-07-29 13:13:11.891593
A_Position,0.000668021023909704,2025-07-29 13:13:11.891593
C_Axis_Load,3,2025-07-29 13:13:11.891593
C_Position,30.0005,2025-07-29 13:13:11.891593
Machine_Time,2711540.494,2025-07-29 13:13:11.891593
Spindle_Time,739504.062,2025-07-29 13:13:11.891593
Feed_Override,100,2025-07-29 13:13:11.891593
Feed_Rate,0,2025-07-29 13:13:11.891593
Program_Runtime_Seconds,23,2025-07-29 13:13:11.891593
Rapid_Override,100,2025-07-29 13:13:11.891593
Rapid_Speed,0,2025-07-29 13:13:11.891593
S_Axis_Load,0,2025-07-29 13:13:11.891593
Spindle_Override,100,2025-07-29 13:13:11.891593
Spindle_Speed,0,2025-07-29 13:13:11.891593
X_Axis_Load,3,2025-07-29 13:13:11.891593
X_Position,383.575292670091,2025-07-29 13:13:11.891593
Y_Axis_Load,5,2025-07-29 13:13:11.891593
Y_Position,505.350101841553,2025-07-29 13:13:11.891593
Z_Axis_Load,37,2025-07-29 13:13:11.891593
Z_Position,-275.238906363701,2025-07-29 13:13:11.891593
COR_Status,1,2025-07-29 13:13:11.891593
Controller_Mode,AUTO,2025-07-29 13:13:11.891593
EStop_State,ARMED,2025-07-29 13:13:11.891593
Machine_Mode,4,2025-07-29 13:13:11.891593
Block_Number,598,2025-07-29 13:13:11.891593
Current_Tool,21,2025-07-29 13:13:11.891593
Part_Count,19,2025-07-29 13:13:11.891593
Program_Name_Running,000473_A_A_PROGRAM_2.NC,2025-07-29 13:13:11.891593
spindle motor v_rms,0.1,2025-07-29 13:13:11.891593
spindle motor a_peak,200,2025-07-29 13:13:11.891593
spindle motor a_rms,100,2025-07-29 13:13:11.891593
spindle motor temp,35.6,2025-07-29 13:13:11.891593
spindle motor crest,3.4,2025-07-29 13:13:11.891593
z-axis bearing v_rms,0.1,2025-07-29 13:13:11.891593
z-axis bearing a_peak,200,2025-07-29 13:13:11.891593
z-axis bearing a_rms,0,2025-07-29 13:13:11.891593
z-axis bearing temp,24.2,2025-07-29 13:13:11.891593
z-axis bearing crest,4.5,2025-07-29 13:13:11.891593
z-axis motor v_rms,0.2,2025-07-29 13:13:11.891593
z-axis motor a_peak,700,2025-07-29 13:13:11.891593
z-axis motor a_rms,300,2025-07-29 13:13:11.891593
z-axis motor temp,29.5,2025-07-29 13:13:11.891593
z-axis motor crest,2.4,2025-07-29 13:13:11.891593
y-axis bearing v_rms,0.0,2025-07-29 13:13:11.891593
y-axis bearing a_peak,200,2025-07-29 13:13:11.891593
y-axis bearing a_rms,0,2025-07-29 13:13:11.891593
y-axis bearing temp,22.8,2025-07-29 13:13:11.891593
y-axis bearing crest,4.0,2025-07-29 13:13:11.891593
y-axis motor v_rms,0.0,2025-07-29 13:13:11.891593
y-axis motor a_peak,400,2025-07-29 13:13:11.891593
y-axis motor a_rms,200,2025-07-29 13:13:11.891593
y-axis motor temp,25.3,2025-07-29 13:13:11.891593
y-axis motor crest,2.2,2025-07-29 13:13:11.891593
x-axis motor v_rms,0.1,2025-07-29 13:13:11.891593
x-axis motor a_peak,200,2025-07-29 13:13:11.891593
x-axis motor a_rms,0,2025-07-29 13:13:11.891593
x-axis motor temp,23.1,2025-07-29 13:13:11.891593
x-axis motor crest,4.1,2025-07-29 13:13:11.891593
voltage,133.26666666666668,2025-07-29 13:13:11.891593
current,3.663333333333334,2025-07-29 13:13:11.891593
active power,397.0,2025-07-29 13:13:11.891593
forward kWh,41.85466666666667,2025-07-29 13:13:11.891593
reverse kWh,1.2693333333333332,2025-07-29 13:13:11.891593
frequency,60.01,2025-07-29 13:13:11.891593
power factor,0.7666666666666666,2025-07-29 13:13:11.891593
featureId,UNAVAILABLE,2025-07-29 13:13:12.891891
partKindId,NONE,2025-07-29 13:13:12.891891
processKindId,NONE,2025-07-29 13:13:12.891891
A_Axis_Load,7,2025-07-29 13:13:12.891891
A_Position,0.000668021023909704,2025-07-29 13:13:12.891891
C_Axis_Load,3,2025-07-29 13:13:12.891891
C_Position,30.0005,2025-07-29 13:13:12.891891
Machine_Time,2711540.494,2025-07-29 13:13:12.891891
Spindle_Time,739504.062,2025-07-29 13:13:12.891891
Feed_Override,100,2025-07-29 13:13:12.891891
Feed_Rate,0,2025-07-29 13:13:12.891891
Program_Runtime_Seconds,23,2025-07-29 13:13:12.891891
Rapid_Override,100,2025-07-29 13:13:12.891891
Rapid_Speed,0,2025-07-29 13:13:12.891891
S_Axis_Load,0,2025-07-29 13:13:12.891891
Spindle_Override,100,2025-07-29 13:13:12.891891
Spindle_Speed,0,2025-07-29 13:13:12.891891
X_Axis_Load,3,2025-07-29 13:13:12.891891
X_Position,383.575304115001,2025-07-29 13:13:12.891891
Y_Axis_Load,5,2025-07-29 13:13:12.891891
Y_Position,505.350101841553,2025-07-29 13:13:12.891891
Z_Axis_Load,37,2025-07-29 13:13:12.891891
Z_Position,-275.238906363701,2025-07-29 13:13:12.891891
COR_Status,1,2025-07-29 13:13:12.891891
Controller_Mode,AUTO,2025-07-29 13:13:12.891891
EStop_State,ARMED,2025-07-29 13:13:12.891891
Machine_Mode,4,2025-07-29 13:13:12.891891
Block_Number,598,2025-07-29 13:13:12.891891
Current_Tool,21,2025-07-29 13:13:12.891891
Part_Count,19,2025-07-29 13:13:12.891891
Program_Name_Running,000473_A_A_PROGRAM_2.NC,2025-07-29 13:13:12.891891
spindle motor v_rms,0.1,2025-07-29 13:13:12.891891
spindle motor a_peak,200,2025-07-29 13:13:12.891891
spindle motor a_rms,100,2025-07-29 13:13:12.891891
spindle motor temp,35.6,2025-07-29 13:13:12.891891
spindle motor crest,3.8,2025-07-29 13:13:12.891891
z-axis bearing v_rms,0.0,2025-07-29 13:13:12.891891
z-axis bearing a_peak,200,2025-07-29 13:13:12.891891
z-axis bearing a_rms,0,2025-07-29 13:13:12.891891
z-axis bearing temp,24.2,2025-07-29 13:13:12.891891
z-axis bearing crest,4.0,2025-07-29 13:13:12.891891
z-axis motor v_rms,0.0,2025-07-29 13:13:12.891891
z-axis motor a_peak,700,2025-07-29 13:13:12.891891
z-axis motor a_rms,300,2025-07-29 13:13:12.891891
z-axis motor temp,29.5,2025-07-29 13:13:12.891891
z-axis motor crest,2.3,2025-07-29 13:13:12.891891
y-axis bearing v_rms,0.0,2025-07-29 13:13:12.891891
y-axis bearing a_peak,200,2025-07-29 13:13:12.891891
y-axis bearing a_rms,0,2025-07-29 13:13:12.891891
y-axis bearing temp,22.8,2025-07-29 13:13:12.891891
y-axis bearing crest,3.9,2025-07-29 13:13:12.891891
y-axis motor v_rms,0.1,2025-07-29 13:13:12.891891
y-axis motor a_peak,400,2025-07-29 13:13:12.891891
y-axis motor a_rms,200,2025-07-29 13:13:12.891891
y-axis motor temp,25.3,2025-07-29 13:13:12.891891
y-axis motor crest,2.2,2025-07-29 13:13:12.891891
x-axis motor v_rms,0.0,2025-07-29 13:13:12.891891
x-axis motor a_peak,200,2025-07-29 13:13:12.891891
x-axis motor a_rms,0,2025-07-29 13:13:12.891891
x-axis motor temp,23.1,2025-07-29 13:13:12.891891
x-axis motor crest,4.1,2025-07-29 13:13:12.891891
voltage,133.29999999999998,2025-07-29 13:13:12.891891
current,3.66,2025-07-29 13:13:12.891891
active power,398.0,2025-07-29 13:13:12.891891
forward kWh,41.85466666666667,2025-07-29 13:13:12.891891
reverse kWh,1.2693333333333332,2025-07-29 13:13:12.891891
frequency,60.01,2025-07-29 13:13:12.891891
power factor,0.7766666666666667,2025-07-29 13:13:12.891891
featureId,UNAVAILABLE,2025-07-29 13:13:13.892202
partKindId,NONE,2025-07-29 13:13:13.892202
processKindId,NONE,2025-07-29 13:13:13.892202
A_Axis_Load,7,2025-07-29 13:13:13.892202
A_Position,0.000668021023909704,2025-07-29 13:13:13.892202
C_Axis_Load,3,2025-07-29 13:13:13.892202
C_Position,30.0005,2025-07-29 13:13:13.892202
Machine_Time,2711540.494,2025-07-29 13:13:13.892202
Spindle_Time,739504.062,2025-07-29 13:13:13.892202
Feed_Override,100,2025-07-29 13:13:13.892202
Feed_Rate,0,2025-07-29 13:13:13.892202
Program_Runtime_Seconds,23,2025-07-29 13:13:13.892202
Rapid_Override,100,2025-07-29 13:13:13.892202
Rapid_Speed,0,2025-07-29 13:13:13.892202
S_Axis_Load,0,2025-07-29 13:13:13.892202
Spindle_Override,100,2025-07-29 13:13:13.892202
Spindle_Speed,0,2025-07-29 13:13:13.892202
X_Axis_Load,3,2025-07-29 13:13:13.892202
X_Position,383.575292670091,2025-07-29 13:13:13.892202
Y_Axis_Load,5,2025-07-29 13:13:13.892202
Y_Position,505.350101841553,2025-07-29 13:13:13.892202
Z_Axis_Load,37,2025-07-29 13:13:13.892202
Z_Position,-275.238894920771,2025-07-29 13:13:13.892202
COR_Status,1,2025-07-29 13:13:13.892202
Controller_Mode,AUTO,2025-07-29 13:13:13.892202
EStop_State,ARMED,2025-07-29 13:13:13.892202
Machine_Mode,4,2025-07-29 13:13:13.892202
Block_Number,598,2025-07-29 13:13:13.892202
Current_Tool,21,2025-07-29 13:13:13.892202
Part_Count,19,2025-07-29 13:13:13.892202
Program_Name_Running,000473_A_A_PROGRAM_2.NC,2025-07-29 13:13:13.892202
spindle motor v_rms,0.0,2025-07-29 13:13:13.892202
spindle motor a_peak,300,2025-07-29 13:13:13.892202
spindle motor a_rms,100,2025-07-29 13:13:13.892202
spindle motor temp,35.6,2025-07-29 13:13:13.892202
spindle motor crest,4.5,2025-07-29 13:13:13.892202
z-axis bearing v_rms,0.0,2025-07-29 13:13:13.892202
z-axis bearing a_peak,200,2025-07-29 13:13:13.892202
z-axis bearing a_rms,0,2025-07-29 13:13:13.892202
z-axis bearing temp,24.2,2025-07-29 13:13:13.892202
z-axis bearing crest,3.8,2025-07-29 13:13:13.892202
z-axis motor v_rms,0.0,2025-07-29 13:13:13.892202
z-axis motor a_peak,700,2025-07-29 13:13:13.892202
z-axis motor a_rms,300,2025-07-29 13:13:13.892202
z-axis motor temp,29.5,2025-07-29 13:13:13.892202
z-axis motor crest,2.4,2025-07-29 13:13:13.892202
y-axis bearing v_rms,0.0,2025-07-29 13:13:13.892202
y-axis bearing a_peak,200,2025-07-29 13:13:13.892202
y-axis bearing a_rms,0,2025-07-29 13:13:13.892202
y-axis bearing temp,22.8,2025-07-29 13:13:13.892202
y-axis bearing crest,4.1,2025-07-29 13:13:13.892202
y-axis motor v_rms,0.0,2025-07-29 13:13:13.892202
y-axis motor a_peak,400,2025-07-29 13:13:13.892202
y-axis motor a_rms,200,2025-07-29 13:13:13.892202
y-axis motor temp,25.3,2025-07-29 13:13:13.892202
y-axis motor crest,2.3,2025-07-29 13:13:13.892202
x-axis motor v_rms,0.0,2025-07-29 13:13:13.892202
x-axis motor a_peak,200,2025-07-29 13:13:13.892202
x-axis motor a_rms,0,2025-07-29 13:13:13.892202
x-axis motor temp,23.1,2025-07-29 13:13:13.892202
x-axis motor crest,4.0,2025-07-29 13:13:13.892202
voltage,133.20000000000002,2025-07-29 13:13:13.892202
current,3.6633333333333327,2025-07-29 13:13:13.892202
active power,398.3333333333333,2025-07-29 13:13:13.892202
forward kWh,41.85466666666667,2025-07-29 13:13:13.892202
reverse kWh,1.2693333333333332,2025-07-29 13:13:13.892202
frequency,60.01,2025-07-29 13:13:13.892202
power factor,0.7766666666666667,2025-07-29 13:13:13.892202
featureId,UNAVAILABLE,2025-07-29 13:13:14.892475
partKindId,NONE,2025-07-29 13:13:14.892475
processKindId,NONE,2025-07-29 13:13:14.892475
A_Axis_Load,7,2025-07-29 13:13:14.892475
A_Position,0.000668021023909704,2025-07-29 13:13:14.892475
C_Axis_Load,3,2025-07-29 13:13:14.892475
C_Position,30.0005,2025-07-29 13:13:14.892475
Machine_Time,2711540.494,2025-07-29 13:13:14.892475
Spindle_Time,739504.062,2025-07-29 13:13:14.892475
Feed_Override,100,2025-07-29 13:13:14.892475
Feed_Rate,0,2025-07-29 13:13:14.892475
Program_Runtime_Seconds,23,2025-07-29 13:13:14.892475
Rapid_Override,100,2025-07-29 13:13:14.892475
Rapid_Speed,0,2025-07-29 13:13:14.892475
S_Axis_Load,0,2025-07-29 13:13:14.892475
Spindle_Override,100,2025-07-29 13:13:14.892475
Spindle_Speed,0,2025-07-29 13:13:14.892475
X_Axis_Load,3,2025-07-29 13:13:14.892475
X_Position,383.575292670091,2025-07-29 13:13:14.892475
Y_Axis_Load,5,2025-07-29 13:13:14.892475
Y_Position,505.350101841553,2025-07-29 13:13:14.892475
Z_Axis_Load,37,2025-07-29 13:13:14.892475
Z_Position,-275.238894920771,2025-07-29 13:13:14.892475
COR_Status,1,2025-07-29 13:13:14.892475
Controller_Mode,AUTO,2025-07-29 13:13:14.892475
EStop_State,ARMED,2025-07-29 13:13:14.892475
Machine_Mode,4,2025-07-29 13:13:14.892475
Block_Number,598,2025-07-29 13:13:14.892475
Current_Tool,21,2025-07-29 13:13:14.892475
Part_Count,19,2025-07-29 13:13:14.892475
Program_Name_Running,000473_A_A_PROGRAM_2.NC,2025-07-29 13:13:14.892475
spindle motor v_rms,0.0,2025-07-29 13:13:14.892475
spindle motor a_peak,200,2025-07-29 13:13:14.892475
spindle motor a_rms,100,2025-07-29 13:13:14.892475
spindle motor temp,35.6,2025-07-29 13:13:14.892475
spindle motor crest,3.8,2025-07-29 13:13:14.892475
z-axis bearing v_rms,0.0,2025-07-29 13:13:14.892475
z-axis bearing a_peak,200,2025-07-29 13:13:14.892475
z-axis bearing a_rms,0,2025-07-29 13:13:14.892475
z-axis bearing temp,24.2,2025-07-29 13:13:14.892475
z-axis bearing crest,4.1,2025-07-29 13:13:14.892475
z-axis motor v_rms,0.0,2025-07-29 13:13:14.892475
z-axis motor a_peak,700,2025-07-29 13:13:14.892475
z-axis motor a_rms,300,2025-07-29 13:13:14.892475
z-axis motor temp,29.5,2025-07-29 13:13:14.892475
z-axis motor crest,2.3,2025-07-29 13:13:14.892475
y-axis bearing v_rms,0.0,2025-07-29 13:13:14.892475
y-axis bearing a_peak,200,2025-07-29 13:13:14.892475
y-axis bearing a_rms,0,2025-07-29 13:13:14.892475
y-axis bearing temp,22.8,2025-07-29 13:13:14.892475
y-axis bearing crest,4.0,2025-07-29 13:13:14.892475
y-axis motor v_rms,0.0,2025-07-29 13:13:14.892475
y-axis motor a_peak,400,2025-07-29 13:13:14.892475
y-axis motor a_rms,200,2025-07-29 13:13:14.892475
y-axis motor temp,25.3,2025-07-29 13:13:14.892475
y-axis motor crest,2.2,2025-07-29 13:13:14.892475
x-axis motor v_rms,0.0,2025-07-29 13:13:14.892475
x-axis motor a_peak,200,2025-07-29 13:13:14.892475
x-axis motor a_rms,0,2025-07-29 13:13:14.892475
x-axis motor temp,23.1,2025-07-29 13:13:14.892475
x-axis motor crest,4.3,2025-07-29 13:13:14.892475
voltage,133.20000000000002,2025-07-29 13:13:14.892475
current,3.6633333333333327,2025-07-29 13:13:14.892475
active power,398.3333333333333,2025-07-29 13:13:14.892475
forward kWh,41.85466666666667,2025-07-29 13:13:14.892475
reverse kWh,1.2693333333333332,2025-07-29 13:13:14.892475
frequency,60.01,2025-07-29 13:13:14.892475
power factor,0.7766666666666667,2025-07-29 13:13:14.892475
featureId,UNAVAILABLE,2025-07-29 13:13:15.892818
partKindId,NONE,2025-07-29 13:13:15.892818
processKindId,NONE,2025-07-29 13:13:15.892818
A_Axis_Load,7,2025-07-29 13:13:15.892818
A_Position,0.000668021023909704,2025-07-29 13:13:15.892818
C_Axis_Load,3,2025-07-29 13:13:15.892818
C_Position,30.0005,2025-07-29 13:13:15.892818
Machine_Time,2711540.494,2025-07-29 13:13:15.892818
Spindle_Time,739504.062,2025-07-29 13:13:15.892818
Feed_Override,100,2025-07-29 13:13:15.892818
Feed_Rate,0,2025-07-29 13:13:15.892818
Program_Runtime_Seconds,23,2025-07-29 13:13:15.892818
Rapid_Override,100,2025-07-29 13:13:15.892818
Rapid_Speed,0,2025-07-29 13:13:15.892818
S_Axis_Load,0,2025-07-29 13:13:15.892818
Spindle_Override,100,2025-07-29 13:13:15.892818
Spindle_Speed,0,2025-07-29 13:13:15.892818
X_Axis_Load,3,2025-07-29 13:13:15.892818
X_Position,383.575304115001,2025-07-29 13:13:15.892818
Y_Axis_Load,5,2025-07-29 13:13:15.892818
Y_Position,505.350101841553,2025-07-29 13:13:15.892818
Z_Axis_Load,37,2025-07-29 13:13:15.892818
Z_Position,-275.238894920771,2025-07-29 13:13:15.892818
COR_Status,1,2025-07-29 13:13:15.892818
Controller_Mode,AUTO,2025-07-29 13:13:15.892818
EStop_State,ARMED,2025-07-29 13:13:15.892818
Machine_Mode,4,2025-07-29 13:13:15.892818
Block_Number,598,2025-07-29 13:13:15.892818
Current_Tool,21,2025-07-29 13:13:15.892818
Part_Count,19,2025-07-29 13:13:15.892818
Program_Name_Running,000473_A_A_PROGRAM_2.NC,2025-07-29 13:13:15.892818
spindle motor v_rms,0.0,2025-07-29 13:13:15.892818
spindle motor a_peak,200,2025-07-29 13:13:15.892818
spindle motor a_rms,100,2025-07-29 13:13:15.892818
spindle motor temp,35.6,2025-07-29 13:13:15.892818
spindle motor crest,3.7,2025-07-29 13:13:15.892818
z-axis bearing v_rms,0.0,2025-07-29 13:13:15.892818
z-axis bearing a_peak,200,2025-07-29 13:13:15.892818
z-axis bearing a_rms,0,2025-07-29 13:13:15.892818
z-axis bearing temp,24.2,2025-07-29 13:13:15.892818
z-axis bearing crest,3.9,2025-07-29 13:13:15.892818
z-axis motor v_rms,0.0,2025-07-29 13:13:15.892818
z-axis motor a_peak,700,2025-07-29 13:13:15.892818
z-axis motor a_rms,300,2025-07-29 13:13:15.892818
z-axis motor temp,29.5,2025-07-29 13:13:15.892818
z-axis motor crest,2.4,2025-07-29 13:13:15.892818
y-axis bearing v_rms,0.0,2025-07-29 13:13:15.892818
y-axis bearing a_peak,200,2025-07-29 13:13:15.892818
y-axis bearing a_rms,0,2025-07-29 13:13:15.892818
y-axis bearing temp,22.8,2025-07-29 13:13:15.892818
y-axis bearing crest,3.8,2025-07-29 13:13:15.892818
y-axis motor v_rms,0.0,2025-07-29 13:13:15.892818
y-axis motor a_peak,400,2025-07-29 13:13:15.892818
y-axis motor a_rms,200,2025-07-29 13:13:15.892818
y-axis motor temp,25.3,2025-07-29 13:13:15.892818
y-axis motor crest,2.3,2025-07-29 13:13:15.892818
x-axis motor v_rms,0.0,2025-07-29 13:13:15.892818
x-axis motor a_peak,200,2025-07-29 13:13:15.892818
x-axis motor a_rms,0,2025-07-29 13:13:15.892818
x-axis motor temp,23.1,2025-07-29 13:13:15.892818
x-axis motor crest,4.2,2025-07-29 13:13:15.892818
voltage,133.20000000000002,2025-07-29 13:13:15.892818
current,3.6366666666666667,2025-07-29 13:13:15.892818
active power,395.0,2025-07-29 13:13:15.892818
forward kWh,41.855333333333334,2025-07-29 13:13:15.892818
reverse kWh,1.2693333333333332,2025-07-29 13:13:15.892818
frequency,60.01,2025-07-29 13:13:15.892818
power factor,0.7766666666666667,2025-07-29 13:13:15.892818
featureId,UNAVAILABLE,2025-07-29 13:13:16.893048
partKindId,NONE,2025-07-29 13:13:16.893048
processKindId,NONE,2025-07-29 13:13:16.893048
A_Axis_Load,7,2025-07-29 13:13:16.893048
A_Position,0.000668021023909704,2025-07-29 13:13:16.893048
C_Axis_Load,3,2025-07-29 13:13:16.893048
C_Position,30.0005,2025-07-29 13:13:16.893048
Machine_Time,2711540.494,2025-07-29 13:13:16.893048
Spindle_Time,739504.062,2025-07-29 13:13:16.893048
Feed_Override,100,2025-07-29 13:13:16.893048
Feed_Rate,0,2025-07-29 13:13:16.893048
Program_Runtime_Seconds,23,2025-07-29 13:13:16.893048
Rapid_Override,100,2025-07-29 13:13:16.893048
Rapid_Speed,0,2025-07-29 13:13:16.893048
S_Axis_Load,0,2025-07-29 13:13:16.893048
Spindle_Override,100,2025-07-29 13:13:16.893048
Spindle_Speed,0,2025-07-29 13:13:16.893048
X_Axis_Load,3,2025-07-29 13:13:16.893048
X_Position,383.575292670091,2025-07-29 13:13:16.893048
Y_Axis_Load,5,2025-07-29 13:13:16.893048
Y_Position,505.350101841553,2025-07-29 13:13:16.893048
Z_Axis_Load,37,2025-07-29 13:13:16.893048
Z_Position,-275.238894920771,2025-07-29 13:13:16.893048
COR_Status,1,2025-07-29 13:13:16.893048
Controller_Mode,AUTO,2025-07-29 13:13:16.893048
EStop_State,ARMED,2025-07-29 13:13:16.893048
Machine_Mode,4,2025-07-29 13:13:16.893048
Block_Number,598,2025-07-29 13:13:16.893048
Current_Tool,21,2025-07-29 13:13:16.893048
Part_Count,19,2025-07-29 13:13:16.893048
Program_Name_Running,000473_A_A_PROGRAM_2.NC,2025-07-29 13:13:16.893048
spindle motor v_rms,0.0,2025-07-29 13:13:16.893048
spindle motor a_peak,200,2025-07-29 13:13:16.893048
spindle motor a_rms,100,2025-07-29 13:13:16.893048
spindle motor temp,35.6,2025-07-29 13:13:16.893048
spindle motor crest,4.0,2025-07-29 13:13:16.893048
z-axis bearing v_rms,0.0,2025-07-29 13:13:16.893048
z-axis bearing a_peak,200,2025-07-29 13:13:16.893048
z-axis bearing a_rms,0,2025-07-29 13:13:16.893048
z-axis bearing temp,24.2,2025-07-29 13:13:16.893048
z-axis bearing crest,3.9,2025-07-29 13:13:16.893048
z-axis motor v_rms,0.0,2025-07-29 13:13:16.893048
z-axis motor a_peak,700,2025-07-29 13:13:16.893048
z-axis motor a_rms,300,2025-07-29 13:13:16.893048
z-axis motor temp,29.5,2025-07-29 13:13:16.893048
z-axis motor crest,2.4,2025-07-29 13:13:16.893048
y-axis bearing v_rms,0.0,2025-07-29 13:13:16.893048
y-axis bearing a_peak,200,2025-07-29 13:13:16.893048
y-axis bearing a_rms,0,2025-07-29 13:13:16.893048
y-axis bearing temp,22.8,2025-07-29 13:13:16.893048
y-axis bearing crest,4.0,2025-07-29 13:13:16.893048
y-axis motor v_rms,0.0,2025-07-29 13:13:16.893048
y-axis motor a_peak,400,2025-07-29 13:13:16.893048
y-axis motor a_rms,200,2025-07-29 13:13:16.893048
y-axis motor temp,25.3,2025-07-29 13:13:16.893048
y-axis motor crest,2.3,2025-07-29 13:13:16.893048
x-axis motor v_rms,0.0,2025-07-29 13:13:16.893048
x-axis motor a_peak,200,2025-07-29 13:13:16.893048
x-axis motor a_rms,0,2025-07-29 13:13:16.893048
x-axis motor temp,23.1,2025-07-29 13:13:16.893048
x-axis motor crest,4.5,2025-07-29 13:13:16.893048
voltage,133.20000000000002,2025-07-29 13:13:16.893048
current,3.6366666666666667,2025-07-29 13:13:16.893048
active power,395.0,2025-07-29 13:13:16.893048
forward kWh,41.855333333333334,2025-07-29 13:13:16.893048
reverse kWh,1.2693333333333332,2025-07-29 13:13:16.893048
frequency,60.01,2025-07-29 13:13:16.893048
power factor,0.7766666666666667,2025-07-29 13:13:16.893048
featureId,UNAVAILABLE,2025-07-29 13:13:17.893298
partKindId,NONE,2025-07-29 13:13:17.893298
processKindId,NONE,2025-07-29 13:13:17.893298
A_Axis_Load,7,2025-07-29 13:13:17.893298
A_Position,0.000668021023909704,2025-07-29 13:13:17.893298
C_Axis_Load,3,2025-07-29 13:13:17.893298
C_Position,30.0005,2025-07-29 13:13:17.893298
Machine_Time,2711540.494,2025-07-29 13:13:17.893298
Spindle_Time,739504.062,2025-07-29 13:13:17.893298
Feed_Override,100,2025-07-29 13:13:17.893298
Feed_Rate,0,2025-07-29 13:13:17.893298
Program_Runtime_Seconds,23,2025-07-29 13:13:17.893298
Rapid_Override,100,2025-07-29 13:13:17.893298
Rapid_Speed,0,2025-07-29 13:13:17.893298
S_Axis_Load,0,2025-07-29 13:13:17.893298
Spindle_Override,100,2025-07-29 13:13:17.893298
Spindle_Speed,0,2025-07-29 13:13:17.893298
X_Axis_Load,3,2025-07-29 13:13:17.893298
X_Position,383.575292670091,2025-07-29 13:13:17.893298
Y_Axis_Load,5,2025-07-29 13:13:17.893298
Y_Position,505.350101841553,2025-07-29 13:13:17.893298
Z_Axis_Load,37,2025-07-29 13:13:17.893298
Z_Position,-275.238894920771,2025-07-29 13:13:17.893298
COR_Status,1,2025-07-29 13:13:17.893298
Controller_Mode,AUTO,2025-07-29 13:13:17.893298
EStop_State,ARMED,2025-07-29 13:13:17.893298
Machine_Mode,4,2025-07-29 13:13:17.893298
Block_Number,598,2025-07-29 13:13:17.893298
Current_Tool,21,2025-07-29 13:13:17.893298
Part_Count,19,2025-07-29 13:13:17.893298
Program_Name_Running,000473_A_A_PROGRAM_2.NC,2025-07-29 13:13:17.893298
spindle motor v_rms,0.0,2025-07-29 13:13:17.893298
spindle motor a_peak,200,2025-07-29 13:13:17.893298
spindle motor a_rms,100,2025-07-29 13:13:17.893298
spindle motor temp,35.6,2025-07-29 13:13:17.893298
spindle motor crest,3.6,2025-07-29 13:13:17.893298
z-axis bearing v_rms,0.0,2025-07-29 13:13:17.893298
z-axis bearing a_peak,200,2025-07-29 13:13:17.893298
z-axis bearing a_rms,0,2025-07-29 13:13:17.893298
z-axis bearing temp,24.2,2025-07-29 13:13:17.893298
z-axis bearing crest,4.2,2025-07-29 13:13:17.893298
z-axis motor v_rms,0.1,2025-07-29 13:13:17.893298
z-axis motor a_peak,700,2025-07-29 13:13:17.893298
z-axis motor a_rms,300,2025-07-29 13:13:17.893298
z-axis motor temp,29.5,2025-07-29 13:13:17.893298
z-axis motor crest,2.3,2025-07-29 13:13:17.893298
y-axis bearing v_rms,0.0,2025-07-29 13:13:17.893298
y-axis bearing a_peak,200,2025-07-29 13:13:17.893298
y-axis bearing a_rms,0,2025-07-29 13:13:17.893298
y-axis bearing temp,22.8,2025-07-29 13:13:17.893298
y-axis bearing crest,4.2,2025-07-29 13:13:17.893298
y-axis motor v_rms,0.0,2025-07-29 13:13:17.893298
y-axis motor a_peak,400,2025-07-29 13:13:17.893298
y-axis motor a_rms,200,2025-07-29 13:13:17.893298
y-axis motor temp,25.3,2025-07-29 13:13:17.893298
y-axis motor crest,2.2,2025-07-29 13:13:17.893298
x-axis motor v_rms,0.0,2025-07-29 13:13:17.893298
x-axis motor a_peak,200,2025-07-29 13:13:17.893298
x-axis motor a_rms,0,2025-07-29 13:13:17.893298
x-axis motor temp,23.1,2025-07-29 13:13:17.893298
x-axis motor crest,4.2,2025-07-29 13:13:17.893298
voltage,133.20000000000002,2025-07-29 13:13:17.893298
current,3.6566666666666667,2025-07-29 13:13:17.893298
active power,398.0,2025-07-29 13:13:17.893298
forward kWh,41.855333333333334,2025-07-29 13:13:17.893298
reverse kWh,1.2693333333333332,2025-07-29 13:13:17.893298
frequency,60.01,2025-07-29 13:13:17.893298
power factor,0.7733333333333333,2025-07-29 13:13:17.893298
featureId,UNAVAILABLE,2025-07-29 13:13:18.893460
partKindId,NONE,2025-07-29 13:13:18.893460
processKindId,NONE,2025-07-29 13:13:18.893460
A_Axis_Load,7,2025-07-29 13:13:18.893460
A_Position,0.000668021023909704,2025-07-29 13:13:18.893460
C_Axis_Load,3,2025-07-29 13:13:18.893460
C_Position,30.0005,2025-07-29 13:13:18.893460
Machine_Time,2711540.494,2025-07-29 13:13:18.893460
Spindle_Time,739504.062,2025-07-29 13:13:18.893460
Feed_Override,100,2025-07-29 13:13:18.893460
Feed_Rate,0,2025-07-29 13:13:18.893460
Program_Runtime_Seconds,23,2025-07-29 13:13:18.893460
Rapid_Override,100,2025-07-29 13:13:18.893460
Rapid_Speed,0,2025-07-29 13:13:18.893460
S_Axis_Load,0,2025-07-29 13:13:18.893460
Spindle_Override,100,2025-07-29 13:13:18.893460
Spindle_Speed,0,2025-07-29 13:13:18.893460
X_Axis_Load,3,2025-07-29 13:13:18.893460
X_Position,383.575258335362,2025-07-29 13:13:18.893460
Y_Axis_Load,5,2025-07-29 13:13:18.893460
Y_Position,505.35014761792,2025-07-29 13:13:18.893460
Z_Axis_Load,37,2025-07-29 13:13:18.893460
Z_Position,-275.238906363701,2025-07-29 13:13:18.893460
COR_Status,1,2025-07-29 13:13:18.893460
Controller_Mode,AUTO,2025-07-29 13:13:18.893460
EStop_State,ARMED,2025-07-29 13:13:18.893460
Machine_Mode,4,2025-07-29 13:13:18.893460
Block_Number,598,2025-07-29 13:13:18.893460
Current_Tool,21,2025-07-29 13:13:18.893460
Part_Count,19,2025-07-29 13:13:18.893460
Program_Name_Running,000473_A_A_PROGRAM_2.NC,2025-07-29 13:13:18.893460
spindle motor v_rms,0.1,2025-07-29 13:13:18.893460
spindle motor a_peak,1400,2025-07-29 13:13:18.893460
spindle motor a_rms,100,2025-07-29 13:13:18.893460
spindle motor temp,35.6,2025-07-29 13:13:18.893460
spindle motor crest,11.7,2025-07-29 13:13:18.893460
z-axis bearing v_rms,0.1,2025-07-29 13:13:18.893460
z-axis bearing a_peak,4900,2025-07-29 13:13:18.893460
z-axis bearing a_rms,300,2025-07-29 13:13:18.893460
z-axis bearing temp,24.2,2025-07-29 13:13:18.893460
z-axis bearing crest,16.5,2025-07-29 13:13:18.893460
z-axis motor v_rms,0.1,2025-07-29 13:13:18.893460
z-axis motor a_peak,1500,2025-07-29 13:13:18.893460
z-axis motor a_rms,300,2025-07-29 13:13:18.893460
z-axis motor temp,29.5,2025-07-29 13:13:18.893460
z-axis motor crest,4.8,2025-07-29 13:13:18.893460
y-axis bearing v_rms,0.1,2025-07-29 13:13:18.893460
y-axis bearing a_peak,6900,2025-07-29 13:13:18.893460
y-axis bearing a_rms,500,2025-07-29 13:13:18.893460
y-axis bearing temp,22.8,2025-07-29 13:13:18.893460
y-axis bearing crest,14.3,2025-07-29 13:13:18.893460
y-axis motor v_rms,0.2,2025-07-29 13:13:18.893460
y-axis motor a_peak,7300,2025-07-29 13:13:18.893460
y-axis motor a_rms,500,2025-07-29 13:13:18.893460
y-axis motor temp,25.3,2025-07-29 13:13:18.893460
y-axis motor crest,13.4,2025-07-29 13:13:18.893460
x-axis motor v_rms,0.1,2025-07-29 13:13:18.893460
x-axis motor a_peak,1000,2025-07-29 13:13:18.893460
x-axis motor a_rms,100,2025-07-29 13:13:18.893460
x-axis motor temp,23.1,2025-07-29 13:13:18.893460
x-axis motor crest,9.8,2025-07-29 13:13:18.893460
voltage,133.20000000000002,2025-07-29 13:13:18.893460
current,3.5966666666666662,2025-07-29 13:13:18.893460
active power,390.6666666666667,2025-07-29 13:13:18.893460
forward kWh,41.855333333333334,2025-07-29 13:13:18.893460
reverse kWh,1.2693333333333332,2025-07-29 13:13:18.893460
frequency,60.01,2025-07-29 13:13:18.893460
power factor,0.7766666666666667,2025-07-29 13:13:18.893460
featureId,UNAVAILABLE,2025-07-29 13:13:19.893778
partKindId,NONE,2025-07-29 13:13:19.893778
processKindId,NONE,2025-07-29 13:13:19.893778
A_Axis_Load,7,2025-07-29 13:13:19.893778
A_Position,0.000668021023909704,2025-07-29 13:13:19.893778
C_Axis_Load,3,2025-07-29 13:13:19.893778
C_Position,30.0005,2025-07-29 13:13:19.893778
Machine_Time,2711540.494,2025-07-29 13:13:19.893778
Spindle_Time,739504.062,2025-07-29 13:13:19.893778
Feed_Override,100,2025-07-29 13:13:19.893778
Feed_Rate,0,2025-07-29 13:13:19.893778
Program_Runtime_Seconds,23,2025-07-29 13:13:19.893778
Rapid_Override,100,2025-07-29 13:13:19.893778
Rapid_Speed,0,2025-07-29 13:13:19.893778
S_Axis_Load,0,2025-07-29 13:13:19.893778
Spindle_Override,100,2025-07-29 13:13:19.893778
Spindle_Speed,0,2025-07-29 13:13:19.893778
X_Axis_Load,3,2025-07-29 13:13:19.893778
X_Position,383.575338449729,2025-07-29 13:13:19.893778
Y_Axis_Load,4,2025-07-29 13:13:19.893778
Y_Position,505.350078953369,2025-07-29 13:13:19.893778
Z_Axis_Load,37,2025-07-29 13:13:19.893778
Z_Position,-275.238906363701,2025-07-29 13:13:19.893778
COR_Status,1,2025-07-29 13:13:19.893778
Controller_Mode,AUTO,2025-07-29 13:13:19.893778
EStop_State,ARMED,2025-07-29 13:13:19.893778
Machine_Mode,4,2025-07-29 13:13:19.893778
Block_Number,598,2025-07-29 13:13:19.893778
Current_Tool,21,2025-07-29 13:13:19.893778
Part_Count,19,2025-07-29 13:13:19.893778
Program_Name_Running,000473_A_A_PROGRAM_2.NC,2025-07-29 13:13:19.893778
spindle motor v_rms,0.0,2025-07-29 13:13:19.893778
spindle motor a_peak,300,2025-07-29 13:13:19.893778
spindle motor a_rms,100,2025-07-29 13:13:19.893778
spindle motor temp,35.6,2025-07-29 13:13:19.893778
spindle motor crest,4.2,2025-07-29 13:13:19.893778
z-axis bearing v_rms,0.0,2025-07-29 13:13:19.893778
z-axis bearing a_peak,200,2025-07-29 13:13:19.893778
z-axis bearing a_rms,0,2025-07-29 13:13:19.893778
z-axis bearing temp,24.2,2025-07-29 13:13:19.893778
z-axis bearing crest,4.9,2025-07-29 13:13:19.893778
z-axis motor v_rms,0.1,2025-07-29 13:13:19.893778
z-axis motor a_peak,800,2025-07-29 13:13:19.893778
z-axis motor a_rms,300,2025-07-29 13:13:19.893778
z-axis motor temp,29.5,2025-07-29 13:13:19.893778
z-axis motor crest,2.5,2025-07-29 13:13:19.893778
y-axis bearing v_rms,0.1,2025-07-29 13:13:19.893778
y-axis bearing a_peak,400,2025-07-29 13:13:19.893778
y-axis bearing a_rms,100,2025-07-29 13:13:19.893778
y-axis bearing temp,22.8,2025-07-29 13:13:19.893778
y-axis bearing crest,6.5,2025-07-29 13:13:19.893778
y-axis motor v_rms,0.1,2025-07-29 13:13:19.893778
y-axis motor a_peak,600,2025-07-29 13:13:19.893778
y-axis motor a_rms,200,2025-07-29 13:13:19.893778
y-axis motor temp,25.3,2025-07-29 13:13:19.893778
y-axis motor crest,2.6,2025-07-29 13:13:19.893778
x-axis motor v_rms,0.1,2025-07-29 13:13:19.893778
x-axis motor a_peak,500,2025-07-29 13:13:19.893778
x-axis motor a_rms,100,2025-07-29 13:13:19.893778
x-axis motor temp,23.1,2025-07-29 13:13:19.893778
x-axis motor crest,6.5,2025-07-29 13:13:19.893778
voltage,133.23333333333332,2025-07-29 13:13:19.893778
current,3.6766666666666663,2025-07-29 13:13:19.893778
active power,399.6666666666667,2025-07-29 13:13:19.893778
forward kWh,41.855333333333334,2025-07-29 13:13:19.893778
reverse kWh,1.2693333333333332,2025-07-29 13:13:19.893778
frequency,60.01,2025-07-29 13:13:19.893778
power factor,0.7666666666666666,2025-07-29 13:13:19.893778
featureId,UNAVAILABLE,2025-07-29 13:13:20.894052
partKindId,NONE,2025-07-29 13:13:20.894052
processKindId,NONE,2025-07-29 13:13:20.894052
A_Axis_Load,7,2025-07-29 13:13:20.894052
A_Position,0.000668021023909704,2025-07-29 13:13:20.894052
C_Axis_Load,3,2025-07-29 13:13:20.894052
C_Position,30.0005,2025-07-29 13:13:20.894052
Machine_Time,2711540.494,2025-07-29 13:13:20.894052
Spindle_Time,739504.062,2025-07-29 13:13:20.894052
Feed_Override,100,2025-07-29 13:13:20.894052
Feed_Rate,0,2025-07-29 13:13:20.894052
Program_Runtime_Seconds,23,2025-07-29 13:13:20.894052
Rapid_Override,100,2025-07-29 13:13:20.894052
Rapid_Speed,0,2025-07-29 13:13:20.894052
S_Axis_Load,0,2025-07-29 13:13:20.894052
Spindle_Override,100,2025-07-29 13:13:20.894052
Spindle_Speed,0,2025-07-29 13:13:20.894052
X_Axis_Load,3,2025-07-29 13:13:20.894052
X_Position,383.57531555991,2025-07-29 13:13:20.894052
Y_Axis_Load,4,2025-07-29 13:13:20.894052
Y_Position,505.350090397461,2025-07-29 13:13:20.894052
Z_Axis_Load,37,2025-07-29 13:13:20.894052
Z_Position,-275.238894920771,2025-07-29 13:13:20.894052
COR_Status,1,2025-07-29 13:13:20.894052
Controller_Mode,AUTO,2025-07-29 13:13:20.894052
EStop_State,ARMED,2025-07-29 13:13:20.894052
Machine_Mode,4,2025-07-29 13:13:20.894052
Block_Number,598,2025-07-29 13:13:20.894052
Current_Tool,21,2025-07-29 13:13:20.894052
Part_Count,19,2025-07-29 13:13:20.894052
Program_Name_Running,000473_A_A_PROGRAM_2.NC,2025-07-29 13:13:20.894052
spindle motor v_rms,0.0,2025-07-29 13:13:20.894052
spindle motor a_peak,200,2025-07-29 13:13:20.894052
spindle motor a_rms,100,2025-07-29 13:13:20.894052
spindle motor temp,35.6,2025-07-29 13:13:20.894052
spindle motor crest,3.5,2025-07-29 13:13:20.894052
z-axis bearing v_rms,0.0,2025-07-29 13:13:20.894052
z-axis bearing a_peak,200,2025-07-29 13:13:20.894052
z-axis bearing a_rms,0,2025-07-29 13:13:20.894052
z-axis bearing temp,24.2,2025-07-29 13:13:20.894052
z-axis bearing crest,4.1,2025-07-29 13:13:20.894052
z-axis motor v_rms,0.0,2025-07-29 13:13:20.894052
z-axis motor a_peak,700,2025-07-29 13:13:20.894052
z-axis motor a_rms,300,2025-07-29 13:13:20.894052
z-axis motor temp,29.5,2025-07-29 13:13:20.894052
z-axis motor crest,2.3,2025-07-29 13:13:20.894052
y-axis bearing v_rms,0.0,2025-07-29 13:13:20.894052
y-axis bearing a_peak,200,2025-07-29 13:13:20.894052
y-axis bearing a_rms,0,2025-07-29 13:13:20.894052
y-axis bearing temp,22.8,2025-07-29 13:13:20.894052
y-axis bearing crest,4.1,2025-07-29 13:13:20.894052
y-axis motor v_rms,0.0,2025-07-29 13:13:20.894052
y-axis motor a_peak,500,2025-07-29 13:13:20.894052
y-axis motor a_rms,200,2025-07-29 13:13:20.894052
y-axis motor temp,25.3,2025-07-29 13:13:20.894052
y-axis motor crest,2.2,2025-07-29 13:13:20.894052
x-axis motor v_rms,0.0,2025-07-29 13:13:20.894052
x-axis motor a_peak,200,2025-07-29 13:13:20.894052
x-axis motor a_rms,0,2025-07-29 13:13:20.894052
x-axis motor temp,23.1,2025-07-29 13:13:20.894052
x-axis motor crest,4.0,2025-07-29 13:13:20.894052
voltage,133.20000000000002,2025-07-29 13:13:20.894052
current,3.6199999999999997,2025-07-29 13:13:20.894052
active power,394.0,2025-07-29 13:13:20.894052
forward kWh,41.855333333333334,2025-07-29 13:13:20.894052
reverse kWh,1.2693333333333332,2025-07-29 13:13:20.894052
frequency,60.01,2025-07-29 13:13:20.894052
power factor,0.77,2025-07-29 13:13:20.894052
featureId,UNAVAILABLE,2025-07-29 13:13:24.449398
partKindId,NONE,2025-07-29 13:13:24.449398
processKindId,NONE,2025-07-29 13:13:24.449398
A_Axis_Load,7,2025-07-29 13:13:24.449398
A_Position,0.000668021023909704,2025-07-29 13:13:24.449398
C_Axis_Load,3,2025-07-29 13:13:24.449398
C_Position,30.0005,2025-07-29 13:13:24.449398
Machine_Time,2711540.494,2025-07-29 13:13:24.449398
Spindle_Time,739504.062,2025-07-29 13:13:24.449398
Feed_Override,100,2025-07-29 13:13:24.449398
Feed_Rate,0,2025-07-29 13:13:24.449398
Program_Runtime_Seconds,23,2025-07-29 13:13:24.449398
Rapid_Override,100,2025-07-29 13:13:24.449398
Rapid_Speed,0,2025-07-29 13:13:24.449398
S_Axis_Load,0,2025-07-29 13:13:24.449398
Spindle_Override,100,2025-07-29 13:13:24.449398
Spindle_Speed,0,2025-07-29 13:13:24.449398
X_Axis_Load,3,2025-07-29 13:13:24.449398
X_Position,383.575292670091,2025-07-29 13:13:24.449398
Y_Axis_Load,4,2025-07-29 13:13:24.449398
Y_Position,505.350101841553,2025-07-29 13:13:24.449398
Z_Axis_Load,37,2025-07-29 13:13:24.449398
Z_Position,-275.238894920771,2025-07-29 13:13:24.449398
COR_Status,1,2025-07-29 13:13:24.449398
Controller_Mode,AUTO,2025-07-29 13:13:24.449398
EStop_State,ARMED,2025-07-29 13:13:24.449398
Machine_Mode,4,2025-07-29 13:13:24.449398
Block_Number,598,2025-07-29 13:13:24.449398
Current_Tool,21,2025-07-29 13:13:24.449398
Part_Count,19,2025-07-29 13:13:24.449398
Program_Name_Running,000473_A_A_PROGRAM_2.NC,2025-07-29 13:13:24.449398
spindle motor v_rms,0.0,2025-07-29 13:13:24.449398
spindle motor a_peak,200,2025-07-29 13:13:24.449398
spindle motor a_rms,100,2025-07-29 13:13:24.449398
spindle motor temp,35.6,2025-07-29 13:13:24.449398
spindle motor crest,3.6,2025-07-29 13:13:24.449398
z-axis bearing v_rms,0.0,2025-07-29 13:13:24.449398
z-axis bearing a_peak,200,2025-07-29 13:13:24.449398
z-axis bearing a_rms,0,2025-07-29 13:13:24.449398
z-axis bearing temp,24.2,2025-07-29 13:13:24.449398
z-axis bearing crest,3.9,2025-07-29 13:13:24.449398
z-axis motor v_rms,0.0,2025-07-29 13:13:24.449398
z-axis motor a_peak,800,2025-07-29 13:13:24.449398
z-axis motor a_rms,300,2025-07-29 13:13:24.449398
z-axis motor temp,29.5,2025-07-29 13:13:24.449398
z-axis motor crest,2.5,2025-07-29 13:13:24.449398
y-axis bearing v_rms,0.0,2025-07-29 13:13:24.449398
y-axis bearing a_peak,200,2025-07-29 13:13:24.449398
y-axis bearing a_rms,0,2025-07-29 13:13:24.449398
y-axis bearing temp,22.8,2025-07-29 13:13:24.449398
y-axis bearing crest,3.9,2025-07-29 13:13:24.449398
y-axis motor v_rms,0.0,2025-07-29 13:13:24.449398
y-axis motor a_peak,400,2025-07-29 13:13:24.449398
y-axis motor a_rms,200,2025-07-29 13:13:24.449398
y-axis motor temp,25.3,2025-07-29 13:13:24.449398
y-axis motor crest,2.1,2025-07-29 13:13:24.449398
x-axis motor v_rms,0.0,2025-07-29 13:13:24.449398
x-axis motor a_peak,200,2025-07-29 13:13:24.449398
x-axis motor a_rms,0,2025-07-29 13:13:24.449398
x-axis motor temp,23.1,2025-07-29 13:13:24.449398
x-axis motor crest,4.2,2025-07-29 13:13:24.449398
voltage,133.16666666666666,2025-07-29 13:13:24.449398
current,3.6566666666666663,2025-07-29 13:13:24.449398
active power,397.6666666666667,2025-07-29 13:13:24.449398
forward kWh,41.85666666666666,2025-07-29 13:13:24.449398
reverse kWh,1.2693333333333332,2025-07-29 13:13:24.449398
frequency,60.0,2025-07-29 13:13:24.449398
power factor,0.77,2025-07-29 13:13:24.449398
featureId,UNAVAILABLE,2025-07-29 13:13:25.449552
partKindId,NONE,2025-07-29 13:13:25.449552
processKindId,NONE,2025-07-29 13:13:25.449552
A_Axis_Load,7,2025-07-29 13:13:25.449552
A_Position,0.000668021023909704,2025-07-29 13:13:25.449552
C_Axis_Load,3,2025-07-29 13:13:25.449552
C_Position,30.0005,2025-07-29 13:13:25.449552
Machine_Time,2711540.494,2025-07-29 13:13:25.449552
Spindle_Time,739504.062,2025-07-29 13:13:25.449552
Feed_Override,100,2025-07-29 13:13:25.449552
Feed_Rate,0,2025-07-29 13:13:25.449552
Program_Runtime_Seconds,23,2025-07-29 13:13:25.449552
Rapid_Override,100,2025-07-29 13:13:25.449552
Rapid_Speed,0,2025-07-29 13:13:25.449552
S_Axis_Load,0,2025-07-29 13:13:25.449552
Spindle_Override,100,2025-07-29 13:13:25.449552
Spindle_Speed,0,2025-07-29 13:13:25.449552
X_Axis_Load,3,2025-07-29 13:13:25.449552
X_Position,383.575292670091,2025-07-29 13:13:25.449552
Y_Axis_Load,4,2025-07-29 13:13:25.449552
Y_Position,505.350090397461,2025-07-29 13:13:25.449552
Z_Axis_Load,37,2025-07-29 13:13:25.449552
Z_Position,-275.238894920771,2025-07-29 13:13:25.449552
COR_Status,1,2025-07-29 13:13:25.449552
Controller_Mode,AUTO,2025-07-29 13:13:25.449552
EStop_State,ARMED,2025-07-29 13:13:25.449552
Machine_Mode,4,2025-07-29 13:13:25.449552
Block_Number,598,2025-07-29 13:13:25.449552
Current_Tool,21,2025-07-29 13:13:25.449552
Part_Count,19,2025-07-29 13:13:25.449552
Program_Name_Running,000473_A_A_PROGRAM_2.NC,2025-07-29 13:13:25.449552
spindle motor v_rms,0.1,2025-07-29 13:13:25.449552
spindle motor a_peak,200,2025-07-29 13:13:25.449552
spindle motor a_rms,100,2025-07-29 13:13:25.449552
spindle motor temp,35.6,2025-07-29 13:13:25.449552
spindle motor crest,3.8,2025-07-29 13:13:25.449552
z-axis bearing v_rms,0.0,2025-07-29 13:13:25.449552
z-axis bearing a_peak,300,2025-07-29 13:13:25.449552
z-axis bearing a_rms,0,2025-07-29 13:13:25.449552
z-axis bearing temp,24.2,2025-07-29 13:13:25.449552
z-axis bearing crest,5.2,2025-07-29 13:13:25.449552
z-axis motor v_rms,0.0,2025-07-29 13:13:25.449552
z-axis motor a_peak,700,2025-07-29 13:13:25.449552
z-axis motor a_rms,300,2025-07-29 13:13:25.449552
z-axis motor temp,29.5,2025-07-29 13:13:25.449552
z-axis motor crest,2.4,2025-07-29 13:13:25.449552
y-axis bearing v_rms,0.0,2025-07-29 13:13:25.449552
y-axis bearing a_peak,200,2025-07-29 13:13:25.449552
y-axis bearing a_rms,0,2025-07-29 13:13:25.449552
y-axis bearing temp,22.8,2025-07-29 13:13:25.449552
y-axis bearing crest,3.8,2025-07-29 13:13:25.449552
y-axis motor v_rms,0.0,2025-07-29 13:13:25.449552
y-axis motor a_peak,500,2025-07-29 13:13:25.449552
y-axis motor a_rms,200,2025-07-29 13:13:25.449552
y-axis motor temp,25.3,2025-07-29 13:13:25.449552
y-axis motor crest,2.3,2025-07-29 13:13:25.449552
x-axis motor v_rms,0.0,2025-07-29 13:13:25.449552
x-axis motor a_peak,200,2025-07-29 13:13:25.449552
x-axis motor a_rms,0,2025-07-29 13:13:25.449552
x-axis motor temp,23.1,2025-07-29 13:13:25.449552
x-axis motor crest,3.7,2025-07-29 13:13:25.449552
voltage,133.20000000000002,2025-07-29 13:13:25.449552
current,3.6633333333333327,2025-07-29 13:13:25.449552
active power,398.0,2025-07-29 13:13:25.449552
forward kWh,41.85666666666666,2025-07-29 13:13:25.449552
reverse kWh,1.2693333333333332,2025-07-29 13:13:25.449552
frequency,60.0,2025-07-29 13:13:25.449552
power factor,0.7733333333333333,2025-07-29 13:13:25.449552
featureId,UNAVAILABLE,2025-07-29 13:13:26.952559
partKindId,NONE,2025-07-29 13:13:26.952559
processKindId,NONE,2025-07-29 13:13:26.952559
A_Axis_Load,7,2025-07-29 13:13:26.952559
A_Position,0.000668021023909704,2025-07-29 13:13:26.952559
C_Axis_Load,3,2025-07-29 13:13:26.952559
C_Position,30.0005,2025-07-29 13:13:26.952559
Machine_Time,2711540.494,2025-07-29 13:13:26.952559
Spindle_Time,739504.062,2025-07-29 13:13:26.952559
Feed_Override,100,2025-07-29 13:13:26.952559
Feed_Rate,0,2025-07-29 13:13:26.952559
Program_Runtime_Seconds,23,2025-07-29 13:13:26.952559
Rapid_Override,100,2025-07-29 13:13:26.952559
Rapid_Speed,0,2025-07-29 13:13:26.952559
S_Axis_Load,0,2025-07-29 13:13:26.952559
Spindle_Override,100,2025-07-29 13:13:26.952559
Spindle_Speed,0,2025-07-29 13:13:26.952559
X_Axis_Load,3,2025-07-29 13:13:26.952559
X_Position,383.57531555991,2025-07-29 13:13:26.952559
Y_Axis_Load,4,2025-07-29 13:13:26.952559
Y_Position,505.350090397461,2025-07-29 13:13:26.952559
Z_Axis_Load,37,2025-07-29 13:13:26.952559
Z_Position,-275.238894920771,2025-07-29 13:13:26.952559
COR_Status,1,2025-07-29 13:13:26.952559
Controller_Mode,AUTO,2025-07-29 13:13:26.952559
EStop_State,ARMED,2025-07-29 13:13:26.952559
Machine_Mode,4,2025-07-29 13:13:26.952559
Block_Number,598,2025-07-29 13:13:26.952559
Current_Tool,21,2025-07-29 13:13:26.952559
Part_Count,19,2025-07-29 13:13:26.952559
Program_Name_Running,000473_A_A_PROGRAM_2.NC,2025-07-29 13:13:26.952559
spindle motor v_rms,0.9,2025-07-29 13:13:26.952559
spindle motor a_peak,400,2025-07-29 13:13:26.952559
spindle motor a_rms,100,2025-07-29 13:13:26.952559
spindle motor temp,35.6,2025-07-29 13:13:26.952559
spindle motor crest,3.9,2025-07-29 13:13:26.952559
z-axis bearing v_rms,0.7,2025-07-29 13:13:26.952559
z-axis bearing a_peak,300,2025-07-29 13:13:26.952559
z-axis bearing a_rms,100,2025-07-29 13:13:26.952559
z-axis bearing temp,24.2,2025-07-29 13:13:26.952559
z-axis bearing crest,3.7,2025-07-29 13:13:26.952559
z-axis motor v_rms,1.4,2025-07-29 13:13:26.952559
z-axis motor a_peak,1200,2025-07-29 13:13:26.952559
z-axis motor a_rms,300,2025-07-29 13:13:26.952559
z-axis motor temp,29.5,2025-07-29 13:13:26.952559
z-axis motor crest,3.5,2025-07-29 13:13:26.952559
y-axis bearing v_rms,0.3,2025-07-29 13:13:26.952559
y-axis bearing a_peak,500,2025-07-29 13:13:26.952559
y-axis bearing a_rms,100,2025-07-29 13:13:26.952559
y-axis bearing temp,22.8,2025-07-29 13:13:26.952559
y-axis bearing crest,5.5,2025-07-29 13:13:26.952559
y-axis motor v_rms,0.2,2025-07-29 13:13:26.952559
y-axis motor a_peak,600,2025-07-29 13:13:26.952559
y-axis motor a_rms,200,2025-07-29 13:13:26.952559
y-axis motor temp,25.3,2025-07-29 13:13:26.952559
y-axis motor crest,2.7,2025-07-29 13:13:26.952559
x-axis motor v_rms,0.2,2025-07-29 13:13:26.952559
x-axis motor a_peak,300,2025-07-29 13:13:26.952559
x-axis motor a_rms,100,2025-07-29 13:13:26.952559
x-axis motor temp,23.1,2025-07-29 13:13:26.952559
x-axis motor crest,4.9,2025-07-29 13:13:26.952559
voltage,133.20000000000002,2025-07-29 13:13:26.952559
current,3.6633333333333327,2025-07-29 13:13:26.952559
active power,398.0,2025-07-29 13:13:26.952559
forward kWh,41.85666666666666,2025-07-29 13:13:26.952559
reverse kWh,1.2693333333333332,2025-07-29 13:13:26.952559
frequency,60.0,2025-07-29 13:13:26.952559
power factor,0.7733333333333333,2025-07-29 13:13:26.952559
featureId,UNAVAILABLE,2025-07-29 13:13:27.952850
partKindId,NONE,2025-07-29 13:13:27.952850
processKindId,NONE,2025-07-29 13:13:27.952850
A_Axis_Load,7,2025-07-29 13:13:27.952850
A_Position,0.000668021023909704,2025-07-29 13:13:27.952850
C_Axis_Load,3,2025-07-29 13:13:27.952850
C_Position,30.0005,2025-07-29 13:13:27.952850
Machine_Time,2711540.494,2025-07-29 13:13:27.952850
Spindle_Time,739504.062,2025-07-29 13:13:27.952850
Feed_Override,100,2025-07-29 13:13:27.952850
Feed_Rate,0,2025-07-29 13:13:27.952850
Program_Runtime_Seconds,23,2025-07-29 13:13:27.952850
Rapid_Override,100,2025-07-29 13:13:27.952850
Rapid_Speed,0,2025-07-29 13:13:27.952850
S_Axis_Load,0,2025-07-29 13:13:27.952850
Spindle_Override,100,2025-07-29 13:13:27.952850
Spindle_Speed,0,2025-07-29 13:13:27.952850
X_Axis_Load,3,2025-07-29 13:13:27.952850
X_Position,383.575292670091,2025-07-29 13:13:27.952850
Y_Axis_Load,4,2025-07-29 13:13:27.952850
Y_Position,505.350101841553,2025-07-29 13:13:27.952850
Z_Axis_Load,37,2025-07-29 13:13:27.952850
Z_Position,-275.238894920771,2025-07-29 13:13:27.952850
COR_Status,1,2025-07-29 13:13:27.952850
Controller_Mode,AUTO,2025-07-29 13:13:27.952850
EStop_State,ARMED,2025-07-29 13:13:27.952850
Machine_Mode,4,2025-07-29 13:13:27.952850
Block_Number,598,2025-07-29 13:13:27.952850
Current_Tool,21,2025-07-29 13:13:27.952850
Part_Count,19,2025-07-29 13:13:27.952850
Program_Name_Running,000473_A_A_PROGRAM_2.NC,2025-07-29 13:13:27.952850
spindle motor v_rms,0.2,2025-07-29 13:13:27.952850
spindle motor a_peak,300,2025-07-29 13:13:27.952850
spindle motor a_rms,100,2025-07-29 13:13:27.952850
spindle motor temp,35.6,2025-07-29 13:13:27.952850
spindle motor crest,3.9,2025-07-29 13:13:27.952850
z-axis bearing v_rms,0.2,2025-07-29 13:13:27.952850
z-axis bearing a_peak,200,2025-07-29 13:13:27.952850
z-axis bearing a_rms,100,2025-07-29 13:13:27.952850
z-axis bearing temp,24.2,2025-07-29 13:13:27.952850
z-axis bearing crest,4.1,2025-07-29 13:13:27.952850
z-axis motor v_rms,0.3,2025-07-29 13:13:27.952850
z-axis motor a_peak,700,2025-07-29 13:13:27.952850
z-axis motor a_rms,300,2025-07-29 13:13:27.952850
z-axis motor temp,29.5,2025-07-29 13:13:27.952850
z-axis motor crest,2.3,2025-07-29 13:13:27.952850
y-axis bearing v_rms,0.1,2025-07-29 13:13:27.952850
y-axis bearing a_peak,200,2025-07-29 13:13:27.952850
y-axis bearing a_rms,0,2025-07-29 13:13:27.952850
y-axis bearing temp,22.8,2025-07-29 13:13:27.952850
y-axis bearing crest,4.1,2025-07-29 13:13:27.952850
y-axis motor v_rms,0.0,2025-07-29 13:13:27.952850
y-axis motor a_peak,400,2025-07-29 13:13:27.952850
y-axis motor a_rms,200,2025-07-29 13:13:27.952850
y-axis motor temp,25.3,2025-07-29 13:13:27.952850
y-axis motor crest,2.1,2025-07-29 13:13:27.952850
x-axis motor v_rms,0.0,2025-07-29 13:13:27.952850
x-axis motor a_peak,200,2025-07-29 13:13:27.952850
x-axis motor a_rms,0,2025-07-29 13:13:27.952850
x-axis motor temp,23.1,2025-07-29 13:13:27.952850
x-axis motor crest,4.2,2025-07-29 13:13:27.952850
voltage,133.20000000000002,2025-07-29 13:13:27.952850
current,3.643333333333333,2025-07-29 13:13:27.952850
active power,396.3333333333333,2025-07-29 13:13:27.952850
forward kWh,41.85666666666666,2025-07-29 13:13:27.952850
reverse kWh,1.2693333333333332,2025-07-29 13:13:27.952850
frequency,60.0,2025-07-29 13:13:27.952850
power factor,0.7733333333333333,2025-07-29 13:13:27.952850
featureId,UNAVAILABLE,2025-07-29 13:13:28.952998
partKindId,NONE,2025-07-29 13:13:28.952998
processKindId,NONE,2025-07-29 13:13:28.952998
A_Axis_Load,7,2025-07-29 13:13:28.952998
A_Position,0.000668021023909704,2025-07-29 13:13:28.952998
C_Axis_Load,3,2025-07-29 13:13:28.952998
C_Position,30.0005,2025-07-29 13:13:28.952998
Machine_Time,2711540.494,2025-07-29 13:13:28.952998
Spindle_Time,739504.062,2025-07-29 13:13:28.952998
Feed_Override,100,2025-07-29 13:13:28.952998
Feed_Rate,0,2025-07-29 13:13:28.952998
Program_Runtime_Seconds,23,2025-07-29 13:13:28.952998
Rapid_Override,100,2025-07-29 13:13:28.952998
Rapid_Speed,0,2025-07-29 13:13:28.952998
S_Axis_Load,0,2025-07-29 13:13:28.952998
Spindle_Override,100,2025-07-29 13:13:28.952998
Spindle_Speed,0,2025-07-29 13:13:28.952998
X_Axis_Load,3,2025-07-29 13:13:28.952998
X_Position,383.575304115001,2025-07-29 13:13:28.952998
Y_Axis_Load,4,2025-07-29 13:13:28.952998
Y_Position,505.350090397461,2025-07-29 13:13:28.952998
Z_Axis_Load,37,2025-07-29 13:13:28.952998
Z_Position,-275.238894920771,2025-07-29 13:13:28.952998
COR_Status,1,2025-07-29 13:13:28.952998
Controller_Mode,AUTO,2025-07-29 13:13:28.952998
EStop_State,ARMED,2025-07-29 13:13:28.952998
Machine_Mode,4,2025-07-29 13:13:28.952998
Block_Number,598,2025-07-29 13:13:28.952998
Current_Tool,21,2025-07-29 13:13:28.952998
Part_Count,19,2025-07-29 13:13:28.952998
Program_Name_Running,000473_A_A_PROGRAM_2.NC,2025-07-29 13:13:28.952998
spindle motor v_rms,0.0,2025-07-29 13:13:28.952998
spindle motor a_peak,200,2025-07-29 13:13:28.952998
spindle motor a_rms,100,2025-07-29 13:13:28.952998
spindle motor temp,35.6,2025-07-29 13:13:28.952998
spindle motor crest,3.8,2025-07-29 13:13:28.952998
z-axis bearing v_rms,0.0,2025-07-29 13:13:28.952998
z-axis bearing a_peak,200,2025-07-29 13:13:28.952998
z-axis bearing a_rms,0,2025-07-29 13:13:28.952998
z-axis bearing temp,24.2,2025-07-29 13:13:28.952998
z-axis bearing crest,4.2,2025-07-29 13:13:28.952998
z-axis motor v_rms,0.0,2025-07-29 13:13:28.952998
z-axis motor a_peak,700,2025-07-29 13:13:28.952998
z-axis motor a_rms,300,2025-07-29 13:13:28.952998
z-axis motor temp,29.5,2025-07-29 13:13:28.952998
z-axis motor crest,2.4,2025-07-29 13:13:28.952998
y-axis bearing v_rms,0.0,2025-07-29 13:13:28.952998
y-axis bearing a_peak,200,2025-07-29 13:13:28.952998
y-axis bearing a_rms,0,2025-07-29 13:13:28.952998
y-axis bearing temp,22.8,2025-07-29 13:13:28.952998
y-axis bearing crest,4.0,2025-07-29 13:13:28.952998
y-axis motor v_rms,0.1,2025-07-29 13:13:28.952998
y-axis motor a_peak,500,2025-07-29 13:13:28.952998
y-axis motor a_rms,200,2025-07-29 13:13:28.952998
y-axis motor temp,25.3,2025-07-29 13:13:28.952998
y-axis motor crest,2.2,2025-07-29 13:13:28.952998
x-axis motor v_rms,0.0,2025-07-29 13:13:28.952998
x-axis motor a_peak,200,2025-07-29 13:13:28.952998
x-axis motor a_rms,0,2025-07-29 13:13:28.952998
x-axis motor temp,23.1,2025-07-29 13:13:28.952998
x-axis motor crest,4.3,2025-07-29 13:13:28.952998
voltage,133.20000000000002,2025-07-29 13:13:28.952998
current,3.6666666666666665,2025-07-29 13:13:28.952998
active power,399.6666666666667,2025-07-29 13:13:28.952998
forward kWh,41.85666666666666,2025-07-29 13:13:28.952998
reverse kWh,1.2693333333333332,2025-07-29 13:13:28.952998
frequency,60.0,2025-07-29 13:13:28.952998
power factor,0.7799999999999999,2025-07-29 13:13:28.952998
featureId,UNAVAILABLE,2025-07-29 13:13:29.953283
partKindId,NONE,2025-07-29 13:13:29.953283
processKindId,NONE,2025-07-29 13:13:29.953283
A_Axis_Load,7,2025-07-29 13:13:29.953283
A_Position,0.000668021023909704,2025-07-29 13:13:29.953283
C_Axis_Load,3,2025-07-29 13:13:29.953283
C_Position,30.0005,2025-07-29 13:13:29.953283
Machine_Time,2711540.494,2025-07-29 13:13:29.953283
Spindle_Time,739504.062,2025-07-29 13:13:29.953283
Feed_Override,100,2025-07-29 13:13:29.953283
Feed_Rate,0,2025-07-29 13:13:29.953283
Program_Runtime_Seconds,23,2025-07-29 13:13:29.953283
Rapid_Override,100,2025-07-29 13:13:29.953283
Rapid_Speed,0,2025-07-29 13:13:29.953283
S_Axis_Load,0,2025-07-29 13:13:29.953283
Spindle_Override,100,2025-07-29 13:13:29.953283
Spindle_Speed,0,2025-07-29 13:13:29.953283
X_Axis_Load,3,2025-07-29 13:13:29.953283
X_Position,383.575304115001,2025-07-29 13:13:29.953283
Y_Axis_Load,4,2025-07-29 13:13:29.953283
Y_Position,505.350101841553,2025-07-29 13:13:29.953283
Z_Axis_Load,37,2025-07-29 13:13:29.953283
Z_Position,-275.238894920771,2025-07-29 13:13:29.953283
COR_Status,1,2025-07-29 13:13:29.953283
Controller_Mode,AUTO,2025-07-29 13:13:29.953283
EStop_State,ARMED,2025-07-29 13:13:29.953283
Machine_Mode,4,2025-07-29 13:13:29.953283
Block_Number,598,2025-07-29 13:13:29.953283
Current_Tool,21,2025-07-29 13:13:29.953283
Part_Count,19,2025-07-29 13:13:29.953283
Program_Name_Running,000473_A_A_PROGRAM_2.NC,2025-07-29 13:13:29.953283
spindle motor v_rms,0.0,2025-07-29 13:13:29.953283
spindle motor a_peak,200,2025-07-29 13:13:29.953283
spindle motor a_rms,100,2025-07-29 13:13:29.953283
spindle motor temp,35.6,2025-07-29 13:13:29.953283
spindle motor crest,3.8,2025-07-29 13:13:29.953283
z-axis bearing v_rms,0.0,2025-07-29 13:13:29.953283
z-axis bearing a_peak,200,2025-07-29 13:13:29.953283
z-axis bearing a_rms,0,2025-07-29 13:13:29.953283
z-axis bearing temp,24.2,2025-07-29 13:13:29.953283
z-axis bearing crest,3.9,2025-07-29 13:13:29.953283
z-axis motor v_rms,0.0,2025-07-29 13:13:29.953283
z-axis motor a_peak,700,2025-07-29 13:13:29.953283
z-axis motor a_rms,300,2025-07-29 13:13:29.953283
z-axis motor temp,29.5,2025-07-29 13:13:29.953283
z-axis motor crest,2.4,2025-07-29 13:13:29.953283
y-axis bearing v_rms,0.0,2025-07-29 13:13:29.953283
y-axis bearing a_peak,200,2025-07-29 13:13:29.953283
y-axis bearing a_rms,0,2025-07-29 13:13:29.953283
y-axis bearing temp,22.8,2025-07-29 13:13:29.953283
y-axis bearing crest,3.6,2025-07-29 13:13:29.953283
y-axis motor v_rms,0.0,2025-07-29 13:13:29.953283
y-axis motor a_peak,500,2025-07-29 13:13:29.953283
y-axis motor a_rms,200,2025-07-29 13:13:29.953283
y-axis motor temp,25.3,2025-07-29 13:13:29.953283
y-axis motor crest,2.2,2025-07-29 13:13:29.953283
x-axis motor v_rms,0.0,2025-07-29 13:13:29.953283
x-axis motor a_peak,200,2025-07-29 13:13:29.953283
x-axis motor a_rms,0,2025-07-29 13:13:29.953283
x-axis motor temp,23.1,2025-07-29 13:13:29.953283
x-axis motor crest,4.3,2025-07-29 13:13:29.953283
voltage,133.20000000000002,2025-07-29 13:13:29.953283
current,3.643333333333333,2025-07-29 13:13:29.953283
active power,396.0,2025-07-29 13:13:29.953283
forward kWh,41.85666666666666,2025-07-29 13:13:29.953283
reverse kWh,1.2693333333333332,2025-07-29 13:13:29.953283
frequency,60.0,2025-07-29 13:13:29.953283
power factor,0.77,2025-07-29 13:13:29.953283
featureId,UNAVAILABLE,2025-07-29 13:13:30.953515
partKindId,NONE,2025-07-29 13:13:30.953515
processKindId,NONE,2025-07-29 13:13:30.953515
A_Axis_Load,7,2025-07-29 13:13:30.953515
A_Position,0.000668021023909704,2025-07-29 13:13:30.953515
C_Axis_Load,3,2025-07-29 13:13:30.953515
C_Position,30.0005,2025-07-29 13:13:30.953515
Machine_Time,2711540.494,2025-07-29 13:13:30.953515
Spindle_Time,739504.062,2025-07-29 13:13:30.953515
Feed_Override,100,2025-07-29 13:13:30.953515
Feed_Rate,0,2025-07-29 13:13:30.953515
Program_Runtime_Seconds,0,2025-07-29 13:13:30.953515
Rapid_Override,100,2025-07-29 13:13:30.953515
Rapid_Speed,0,2025-07-29 13:13:30.953515
S_Axis_Load,0,2025-07-29 13:13:30.953515
Spindle_Override,100,2025-07-29 13:13:30.953515
Spindle_Speed,0,2025-07-29 13:13:30.953515
X_Axis_Load,3,2025-07-29 13:13:30.953515
X_Position,383.575304115001,2025-07-29 13:13:30.953515
Y_Axis_Load,4,2025-07-29 13:13:30.953515
Y_Position,505.350101841553,2025-07-29 13:13:30.953515
Z_Axis_Load,37,2025-07-29 13:13:30.953515
Z_Position,-275.238906363701,2025-07-29 13:13:30.953515
COR_Status,1,2025-07-29 13:13:30.953515
Controller_Mode,AUTO,2025-07-29 13:13:30.953515
EStop_State,ARMED,2025-07-29 13:13:30.953515
Machine_Mode,5,2025-07-29 13:13:30.953515
Block_Number,0,2025-07-29 13:13:30.953515
Current_Tool,21,2025-07-29 13:13:30.953515
Part_Count,19,2025-07-29 13:13:30.953515
Program_Name_Running,000473_A_A_PROGRAM_2.NC,2025-07-29 13:13:30.953515
spindle motor v_rms,0.0,2025-07-29 13:13:30.953515
spindle motor a_peak,300,2025-07-29 13:13:30.953515
spindle motor a_rms,100,2025-07-29 13:13:30.953515
spindle motor temp,35.6,2025-07-29 13:13:30.953515
spindle motor crest,4.2,2025-07-29 13:13:30.953515
z-axis bearing v_rms,0.0,2025-07-29 13:13:30.953515
z-axis bearing a_peak,200,2025-07-29 13:13:30.953515
z-axis bearing a_rms,0,2025-07-29 13:13:30.953515
z-axis bearing temp,24.2,2025-07-29 13:13:30.953515
z-axis bearing crest,4.1,2025-07-29 13:13:30.953515
z-axis motor v_rms,0.0,2025-07-29 13:13:30.953515
z-axis motor a_peak,800,2025-07-29 13:13:30.953515
z-axis motor a_rms,300,2025-07-29 13:13:30.953515
z-axis motor temp,29.5,2025-07-29 13:13:30.953515
z-axis motor crest,2.5,2025-07-29 13:13:30.953515
y-axis bearing v_rms,0.0,2025-07-29 13:13:30.953515
y-axis bearing a_peak,200,2025-07-29 13:13:30.953515
y-axis bearing a_rms,0,2025-07-29 13:13:30.953515
y-axis bearing temp,22.8,2025-07-29 13:13:30.953515
y-axis bearing crest,4.0,2025-07-29 13:13:30.953515
y-axis motor v_rms,0.0,2025-07-29 13:13:30.953515
y-axis motor a_peak,400,2025-07-29 13:13:30.953515
y-axis motor a_rms,200,2025-07-29 13:13:30.953515
y-axis motor temp,25.3,2025-07-29 13:13:30.953515
y-axis motor crest,2.1,2025-07-29 13:13:30.953515
x-axis motor v_rms,0.0,2025-07-29 13:13:30.953515
x-axis motor a_peak,200,2025-07-29 13:13:30.953515
x-axis motor a_rms,0,2025-07-29 13:13:30.953515
x-axis motor temp,23.1,2025-07-29 13:13:30.953515
x-axis motor crest,4.5,2025-07-29 13:13:30.953515
voltage,133.29999999999998,2025-07-29 13:13:30.953515
current,3.6566666666666663,2025-07-29 13:13:30.953515
active power,398.3333333333333,2025-07-29 13:13:30.953515
forward kWh,41.85666666666666,2025-07-29 13:13:30.953515
reverse kWh,1.2693333333333332,2025-07-29 13:13:30.953515
frequency,60.0,2025-07-29 13:13:30.953515
power factor,0.7733333333333333,2025-07-29 13:13:30.953515
featureId,UNAVAILABLE,2025-07-29 13:13:31.953734
partKindId,NONE,2025-07-29 13:13:31.953734
processKindId,NONE,2025-07-29 13:13:31.953734
A_Axis_Load,7,2025-07-29 13:13:31.953734
A_Position,0.000668021023909704,2025-07-29 13:13:31.953734
C_Axis_Load,3,2025-07-29 13:13:31.953734
C_Position,30.0005,2025-07-29 13:13:31.953734
Machine_Time,2711540.494,2025-07-29 13:13:31.953734
Spindle_Time,739504.062,2025-07-29 13:13:31.953734
Feed_Override,100,2025-07-29 13:13:31.953734
Feed_Rate,0,2025-07-29 13:13:31.953734
Program_Runtime_Seconds,1,2025-07-29 13:13:31.953734
Rapid_Override,100,2025-07-29 13:13:31.953734
Rapid_Speed,0,2025-07-29 13:13:31.953734
S_Axis_Load,0,2025-07-29 13:13:31.953734
Spindle_Override,100,2025-07-29 13:13:31.953734
Spindle_Speed,0,2025-07-29 13:13:31.953734
X_Axis_Load,3,2025-07-29 13:13:31.953734
X_Position,383.575304115001,2025-07-29 13:13:31.953734
Y_Axis_Load,4,2025-07-29 13:13:31.953734
Y_Position,505.350101841553,2025-07-29 13:13:31.953734
Z_Axis_Load,37,2025-07-29 13:13:31.953734
Z_Position,-275.238906363701,2025-07-29 13:13:31.953734
COR_Status,1,2025-07-29 13:13:31.953734
Controller_Mode,AUTO,2025-07-29 13:13:31.953734
EStop_State,ARMED,2025-07-29 13:13:31.953734
Machine_Mode,5,2025-07-29 13:13:31.953734
Block_Number,0,2025-07-29 13:13:31.953734
Current_Tool,21,2025-07-29 13:13:31.953734
Part_Count,19,2025-07-29 13:13:31.953734
Program_Name_Running,000473_A_A_PROGRAM_2.NC,2025-07-29 13:13:31.953734
spindle motor v_rms,0.0,2025-07-29 13:13:31.953734
spindle motor a_peak,1200,2025-07-29 13:13:31.953734
spindle motor a_rms,100,2025-07-29 13:13:31.953734
spindle motor temp,35.7,2025-07-29 13:13:31.953734
spindle motor crest,12.7,2025-07-29 13:13:31.953734
z-axis bearing v_rms,0.1,2025-07-29 13:13:31.953734
z-axis bearing a_peak,13700,2025-07-29 13:13:31.953734
z-axis bearing a_rms,900,2025-07-29 13:13:31.953734
z-axis bearing temp,24.2,2025-07-29 13:13:31.953734
z-axis bearing crest,15.6,2025-07-29 13:13:31.953734
z-axis motor v_rms,0.2,2025-07-29 13:13:31.953734
z-axis motor a_peak,4300,2025-07-29 13:13:31.953734
z-axis motor a_rms,400,2025-07-29 13:13:31.953734
z-axis motor temp,29.5,2025-07-29 13:13:31.953734
z-axis motor crest,10.2,2025-07-29 13:13:31.953734
y-axis bearing v_rms,0.1,2025-07-29 13:13:31.953734
y-axis bearing a_peak,4100,2025-07-29 13:13:31.953734
y-axis bearing a_rms,400,2025-07-29 13:13:31.953734
y-axis bearing temp,22.8,2025-07-29 13:13:31.953734
y-axis bearing crest,9.8,2025-07-29 13:13:31.953734
y-axis motor v_rms,0.1,2025-07-29 13:13:31.953734
y-axis motor a_peak,7200,2025-07-29 13:13:31.953734
y-axis motor a_rms,1600,2025-07-29 13:13:31.953734
y-axis motor temp,25.3,2025-07-29 13:13:31.953734
y-axis motor crest,4.6,2025-07-29 13:13:31.953734
x-axis motor v_rms,0.3,2025-07-29 13:13:31.953734
x-axis motor a_peak,700,2025-07-29 13:13:31.953734
x-axis motor a_rms,200,2025-07-29 13:13:31.953734
x-axis motor temp,23.1,2025-07-29 13:13:31.953734
x-axis motor crest,4.5,2025-07-29 13:13:31.953734
voltage,133.16666666666666,2025-07-29 13:13:31.953734
current,3.783333333333333,2025-07-29 13:13:31.953734
active power,436.6666666666667,2025-07-29 13:13:31.953734
forward kWh,41.857,2025-07-29 13:13:31.953734
reverse kWh,1.2693333333333332,2025-07-29 13:13:31.953734
frequency,60.0,2025-07-29 13:13:31.953734
power factor,0.8066666666666666,2025-07-29 13:13:31.953734
featureId,UNAVAILABLE,2025-07-29 13:13:32.953903
partKindId,NONE,2025-07-29 13:13:32.953903
processKindId,NONE,2025-07-29 13:13:32.953903
A_Axis_Load,7,2025-07-29 13:13:32.953903
A_Position,0.000668021023909704,2025-07-29 13:13:32.953903
C_Axis_Load,3,2025-07-29 13:13:32.953903
C_Position,30.0005,2025-07-29 13:13:32.953903
Machine_Time,2711540.494,2025-07-29 13:13:32.953903
Spindle_Time,739504.062,2025-07-29 13:13:32.953903
Feed_Override,100,2025-07-29 13:13:32.953903
Feed_Rate,43.06667,2025-07-29 13:13:32.953903
Program_Runtime_Seconds,2,2025-07-29 13:13:32.953903
Rapid_Override,100,2025-07-29 13:13:32.953903
Rapid_Speed,0,2025-07-29 13:13:32.953903
S_Axis_Load,0,2025-07-29 13:13:32.953903
Spindle_Override,100,2025-07-29 13:13:32.953903
Spindle_Speed,65.31,2025-07-29 13:13:32.953903
X_Axis_Load,91,2025-07-29 13:13:32.953903
X_Position,75.6065520423465,2025-07-29 13:13:32.953903
Y_Axis_Load,7,2025-07-29 13:13:32.953903
Y_Position,455.763966196441,2025-07-29 13:13:32.953903
Z_Axis_Load,37,2025-07-29 13:13:32.953903
Z_Position,-274.928402463142,2025-07-29 13:13:32.953903
COR_Status,1,2025-07-29 13:13:32.953903
Controller_Mode,AUTO,2025-07-29 13:13:32.953903
EStop_State,ARMED,2025-07-29 13:13:32.953903
Machine_Mode,5,2025-07-29 13:13:32.953903
Block_Number,11,2025-07-29 13:13:32.953903
Current_Tool,21,2025-07-29 13:13:32.953903
Part_Count,19,2025-07-29 13:13:32.953903
Program_Name_Running,000473_A_A_PROGRAM_2.NC,2025-07-29 13:13:32.953903
spindle motor v_rms,0.1,2025-07-29 13:13:32.953903
spindle motor a_peak,10800,2025-07-29 13:13:32.953903
spindle motor a_rms,2000,2025-07-29 13:13:32.953903
spindle motor temp,35.7,2025-07-29 13:13:32.953903
spindle motor crest,5.3,2025-07-29 13:13:32.953903
z-axis bearing v_rms,0.2,2025-07-29 13:13:32.953903
z-axis bearing a_peak,29900,2025-07-29 13:13:32.953903
z-axis bearing a_rms,3900,2025-07-29 13:13:32.953903
z-axis bearing temp,24.2,2025-07-29 13:13:32.953903
z-axis bearing crest,7.7,2025-07-29 13:13:32.953903
z-axis motor v_rms,1.2,2025-07-29 13:13:32.953903
z-axis motor a_peak,52400,2025-07-29 13:13:32.953903
z-axis motor a_rms,11700,2025-07-29 13:13:32.953903
z-axis motor temp,29.5,2025-07-29 13:13:32.953903
z-axis motor crest,4.5,2025-07-29 13:13:32.953903
y-axis bearing v_rms,0.1,2025-07-29 13:13:32.953903
y-axis bearing a_peak,1700,2025-07-29 13:13:32.953903
y-axis bearing a_rms,300,2025-07-29 13:13:32.953903
y-axis bearing temp,22.8,2025-07-29 13:13:32.953903
y-axis bearing crest,5.7,2025-07-29 13:13:32.953903
y-axis motor v_rms,0.1,2025-07-29 13:13:32.953903
y-axis motor a_peak,2800,2025-07-29 13:13:32.953903
y-axis motor a_rms,500,2025-07-29 13:13:32.953903
y-axis motor temp,25.3,2025-07-29 13:13:32.953903
y-axis motor crest,5.1,2025-07-29 13:13:32.953903
x-axis motor v_rms,0.1,2025-07-29 13:13:32.953903
x-axis motor a_peak,300,2025-07-29 13:13:32.953903
x-axis motor a_rms,100,2025-07-29 13:13:32.953903
x-axis motor temp,23.1,2025-07-29 13:13:32.953903
x-axis motor crest,4.8,2025-07-29 13:13:32.953903
voltage,133.16666666666666,2025-07-29 13:13:32.953903
current,3.783333333333333,2025-07-29 13:13:32.953903
active power,436.6666666666667,2025-07-29 13:13:32.953903
forward kWh,41.857,2025-07-29 13:13:32.953903
reverse kWh,1.2693333333333332,2025-07-29 13:13:32.953903
frequency,60.0,2025-07-29 13:13:32.953903
power factor,0.8066666666666666,2025-07-29 13:13:32.953903
featureId,UNAVAILABLE,2025-07-29 13:13:33.954162
partKindId,NONE,2025-07-29 13:13:33.954162
processKindId,NONE,2025-07-29 13:13:33.954162
A_Axis_Load,7,2025-07-29 13:13:33.954162
A_Position,0.000668021023909704,2025-07-29 13:13:33.954162
C_Axis_Load,3,2025-07-29 13:13:33.954162
C_Position,30.0005,2025-07-29 13:13:33.954162
Machine_Time,2711540.494,2025-07-29 13:13:33.954162
Spindle_Time,739504.062,2025-07-29 13:13:33.954162
Feed_Override,100,2025-07-29 13:13:33.954162
Feed_Rate,0,2025-07-29 13:13:33.954162
Program_Runtime_Seconds,3,2025-07-29 13:13:33.954162
Rapid_Override,100,2025-07-29 13:13:33.954162
Rapid_Speed,0,2025-07-29 13:13:33.954162
S_Axis_Load,0,2025-07-29 13:13:33.954162
Spindle_Override,100,2025-07-29 13:13:33.954162
Spindle_Speed,8.86735537190104,2025-07-29 13:13:33.954162
X_Axis_Load,5,2025-07-29 13:13:33.954162
X_Position,75.6053846538513,2025-07-29 13:13:33.954162
Y_Axis_Load,5,2025-07-29 13:13:33.954162
Y_Position,455.763794522662,2025-07-29 13:13:33.954162
Z_Axis_Load,40,2025-07-29 13:13:33.954162
Z_Position,-99.866975380482,2025-07-29 13:13:33.954162
COR_Status,1,2025-07-29 13:13:33.954162
Controller_Mode,AUTO,2025-07-29 13:13:33.954162
EStop_State,ARMED,2025-07-29 13:13:33.954162
Machine_Mode,5,2025-07-29 13:13:33.954162
Block_Number,11,2025-07-29 13:13:33.954162
Current_Tool,21,2025-07-29 13:13:33.954162
Part_Count,19,2025-07-29 13:13:33.954162
Program_Name_Running,000473_A_A_PROGRAM_2.NC,2025-07-29 13:13:33.954162
spindle motor v_rms,0.1,2025-07-29 13:13:33.954162
spindle motor a_peak,1100,2025-07-29 13:13:33.954162
spindle motor a_rms,600,2025-07-29 13:13:33.954162
spindle motor temp,35.7,2025-07-29 13:13:33.954162
spindle motor crest,1.9,2025-07-29 13:13:33.954162
z-axis bearing v_rms,0.1,2025-07-29 13:13:33.954162
z-axis bearing a_peak,400,2025-07-29 13:13:33.954162
z-axis bearing a_rms,100,2025-07-29 13:13:33.954162
z-axis bearing temp,24.2,2025-07-29 13:13:33.954162
z-axis bearing crest,5.7,2025-07-29 13:13:33.954162
z-axis motor v_rms,0.1,2025-07-29 13:13:33.954162
z-axis motor a_peak,600,2025-07-29 13:13:33.954162
z-axis motor a_rms,200,2025-07-29 13:13:33.954162
z-axis motor temp,29.5,2025-07-29 13:13:33.954162
z-axis motor crest,4.0,2025-07-29 13:13:33.954162
y-axis bearing v_rms,0.0,2025-07-29 13:13:33.954162
y-axis bearing a_peak,200,2025-07-29 13:13:33.954162
y-axis bearing a_rms,100,2025-07-29 13:13:33.954162
y-axis bearing temp,22.8,2025-07-29 13:13:33.954162
y-axis bearing crest,3.7,2025-07-29 13:13:33.954162
y-axis motor v_rms,0.1,2025-07-29 13:13:33.954162
y-axis motor a_peak,400,2025-07-29 13:13:33.954162
y-axis motor a_rms,100,2025-07-29 13:13:33.954162
y-axis motor temp,25.3,2025-07-29 13:13:33.954162
y-axis motor crest,3.9,2025-07-29 13:13:33.954162
x-axis motor v_rms,0.0,2025-07-29 13:13:33.954162
x-axis motor a_peak,200,2025-07-29 13:13:33.954162
x-axis motor a_rms,0,2025-07-29 13:13:33.954162
x-axis motor temp,23.1,2025-07-29 13:13:33.954162
x-axis motor crest,4.0,2025-07-29 13:13:33.954162
voltage,132.53333333333333,2025-07-29 13:13:33.954162
current,14.1,2025-07-29 13:13:33.954162
active power,1381.0,2025-07-29 13:13:33.954162
forward kWh,41.85766666666667,2025-07-29 13:13:33.954162
reverse kWh,1.2693333333333332,2025-07-29 13:13:33.954162
frequency,60.0,2025-07-29 13:13:33.954162
power factor,0.4666666666666666,2025-07-29 13:13:33.954162
featureId,UNAVAILABLE,2025-07-29 13:13:35.237981
partKindId,NONE,2025-07-29 13:13:35.237981
processKindId,NONE,2025-07-29 13:13:35.237981
A_Axis_Load,7,2025-07-29 13:13:35.237981
A_Position,0.000668021023909704,2025-07-29 13:13:35.237981
C_Axis_Load,3,2025-07-29 13:13:35.237981
C_Position,30.0005,2025-07-29 13:13:35.237981
Machine_Time,2711540.494,2025-07-29 13:13:35.237981
Spindle_Time,739504.062,2025-07-29 13:13:35.237981
Feed_Override,100,2025-07-29 13:13:35.237981
Feed_Rate,0,2025-07-29 13:13:35.237981
Program_Runtime_Seconds,4,2025-07-29 13:13:35.237981
Rapid_Override,100,2025-07-29 13:13:35.237981
Rapid_Speed,0,2025-07-29 13:13:35.237981
S_Axis_Load,0,2025-07-29 13:13:35.237981
Spindle_Override,100,2025-07-29 13:13:35.237981
Spindle_Speed,0,2025-07-29 13:13:35.237981
X_Axis_Load,5,2025-07-29 13:13:35.237981
X_Position,75.6053960988366,2025-07-29 13:13:35.237981
Y_Axis_Load,5,2025-07-29 13:13:35.237981
Y_Position,455.763805967581,2025-07-29 13:13:35.237981
Z_Axis_Load,39,2025-07-29 13:13:35.237981
Z_Position,-99.8669982674121,2025-07-29 13:13:35.237981
COR_Status,1,2025-07-29 13:13:35.237981
Controller_Mode,AUTO,2025-07-29 13:13:35.237981
EStop_State,ARMED,2025-07-29 13:13:35.237981
Machine_Mode,5,2025-07-29 13:13:35.237981
Block_Number,11,2025-07-29 13:13:35.237981
Current_Tool,21,2025-07-29 13:13:35.237981
Part_Count,19,2025-07-29 13:13:35.237981
Program_Name_Running,000473_A_A_PROGRAM_2.NC,2025-07-29 13:13:35.237981
spindle motor v_rms,0.0,2025-07-29 13:13:35.237981
spindle motor a_peak,1100,2025-07-29 13:13:35.237981
spindle motor a_rms,600,2025-07-29 13:13:35.237981
spindle motor temp,35.7,2025-07-29 13:13:35.237981
spindle motor crest,2.0,2025-07-29 13:13:35.237981
z-axis bearing v_rms,0.0,2025-07-29 13:13:35.237981
z-axis bearing a_peak,2000,2025-07-29 13:13:35.237981
z-axis bearing a_rms,100,2025-07-29 13:13:35.237981
z-axis bearing temp,24.2,2025-07-29 13:13:35.237981
z-axis bearing crest,14.3,2025-07-29 13:13:35.237981
z-axis motor v_rms,0.1,2025-07-29 13:13:35.237981
z-axis motor a_peak,1200,2025-07-29 13:13:35.237981
z-axis motor a_rms,100,2025-07-29 13:13:35.237981
z-axis motor temp,29.5,2025-07-29 13:13:35.237981
z-axis motor crest,8.1,2025-07-29 13:13:35.237981
y-axis bearing v_rms,0.0,2025-07-29 13:13:35.237981
y-axis bearing a_peak,300,2025-07-29 13:13:35.237981
y-axis bearing a_rms,100,2025-07-29 13:13:35.237981
y-axis bearing temp,22.8,2025-07-29 13:13:35.237981
y-axis bearing crest,5.3,2025-07-29 13:13:35.237981
y-axis motor v_rms,0.0,2025-07-29 13:13:35.237981
y-axis motor a_peak,300,2025-07-29 13:13:35.237981
y-axis motor a_rms,100,2025-07-29 13:13:35.237981
y-axis motor temp,25.3,2025-07-29 13:13:35.237981
y-axis motor crest,4.3,2025-07-29 13:13:35.237981
x-axis motor v_rms,0.0,2025-07-29 13:13:35.237981
x-axis motor a_peak,200,2025-07-29 13:13:35.237981
x-axis motor a_rms,0,2025-07-29 13:13:35.237981
x-axis motor temp,23.1,2025-07-29 13:13:35.237981
x-axis motor crest,3.8,2025-07-29 13:13:35.237981
voltage,132.9,2025-07-29 13:13:35.237981
current,5.859999999999999,2025-07-29 13:13:35.237981
active power,676.0,2025-07-29 13:13:35.237981
forward kWh,41.858,2025-07-29 13:13:35.237981
reverse kWh,1.2693333333333332,2025-07-29 13:13:35.237981
frequency,60.0,2025-07-29 13:13:35.237981
power factor,0.7599999999999999,2025-07-29 13:13:35.237981
featureId,UNAVAILABLE,2025-07-29 13:13:40.460445
partKindId,7606F116-3463-4EEF-96CC-1AC408FAA001,2025-07-29 13:13:40.460445
processKindId,1BFABEA4-68A9-484B-AE13-2E0BF9278D50,2025-07-29 13:13:40.460445
A_Axis_Load,7,2025-07-29 13:13:40.460445
A_Position,0.000668021023909704,2025-07-29 13:13:40.460445
C_Axis_Load,3,2025-07-29 13:13:40.460445
C_Position,30.0005,2025-07-29 13:13:40.460445
Machine_Time,2711540.494,2025-07-29 13:13:40.460445
Spindle_Time,739504.062,2025-07-29 13:13:40.460445
Feed_Override,100,2025-07-29 13:13:40.460445
Feed_Rate,531.1,2025-07-29 13:13:40.460445
Program_Runtime_Seconds,9,2025-07-29 13:13:40.460445
Rapid_Override,100,2025-07-29 13:13:40.460445
Rapid_Speed,0,2025-07-29 13:13:40.460445
S_Axis_Load,19,2025-07-29 13:13:40.460445
Spindle_Override,100,2025-07-29 13:13:40.460445
Spindle_Speed,4354.53847236084,2025-07-29 13:13:40.460445
X_Axis_Load,6,2025-07-29 13:13:40.460445
X_Position,373.420391246961,2025-07-29 13:13:40.460445
Y_Axis_Load,5,2025-07-29 13:13:40.460445
Y_Position,315.428770265385,2025-07-29 13:13:40.460445
Z_Axis_Load,11,2025-07-29 13:13:40.460445
Z_Position,-256.624105745819,2025-07-29 13:13:40.460445
COR_Status,1,2025-07-29 13:13:40.460445
Controller_Mode,AUTO,2025-07-29 13:13:40.460445
EStop_State,ARMED,2025-07-29 13:13:40.460445
Machine_Mode,5,2025-07-29 13:13:40.460445
Block_Number,15,2025-07-29 13:13:40.460445
Current_Tool,6,2025-07-29 13:13:40.460445
Part_Count,19,2025-07-29 13:13:40.460445
Program_Name_Running,000473_A_A_PROGRAM_2.NC,2025-07-29 13:13:40.460445
spindle motor v_rms,0.2,2025-07-29 13:13:40.460445
spindle motor a_peak,11500,2025-07-29 13:13:40.460445
spindle motor a_rms,2500,2025-07-29 13:13:40.460445
spindle motor temp,35.7,2025-07-29 13:13:40.460445
spindle motor crest,4.7,2025-07-29 13:13:40.460445
z-axis bearing v_rms,0.1,2025-07-29 13:13:40.460445
z-axis bearing a_peak,32000,2025-07-29 13:13:40.460445
z-axis bearing a_rms,6300,2025-07-29 13:13:40.460445
z-axis bearing temp,24.2,2025-07-29 13:13:40.460445
z-axis bearing crest,5.1,2025-07-29 13:13:40.460445
z-axis motor v_rms,1.3,2025-07-29 13:13:40.460445
z-axis motor a_peak,66100,2025-07-29 13:13:40.460445
z-axis motor a_rms,13900,2025-07-29 13:13:40.460445
z-axis motor temp,29.5,2025-07-29 13:13:40.460445
z-axis motor crest,4.7,2025-07-29 13:13:40.460445
y-axis bearing v_rms,0.0,2025-07-29 13:13:40.460445
y-axis bearing a_peak,2100,2025-07-29 13:13:40.460445
y-axis bearing a_rms,300,2025-07-29 13:13:40.460445
y-axis bearing temp,22.8,2025-07-29 13:13:40.460445
y-axis bearing crest,6.2,2025-07-29 13:13:40.460445
y-axis motor v_rms,0.2,2025-07-29 13:13:40.460445
y-axis motor a_peak,3800,2025-07-29 13:13:40.460445
y-axis motor a_rms,700,2025-07-29 13:13:40.460445
y-axis motor temp,25.3,2025-07-29 13:13:40.460445
y-axis motor crest,5.5,2025-07-29 13:13:40.460445
x-axis motor v_rms,0.1,2025-07-29 13:13:40.460445
x-axis motor a_peak,300,2025-07-29 13:13:40.460445
x-axis motor a_rms,100,2025-07-29 13:13:40.460445
x-axis motor temp,23.1,2025-07-29 13:13:40.460445
x-axis motor crest,4.4,2025-07-29 13:13:40.460445
voltage,131.8,2025-07-29 13:13:40.460445
current,25.44666666666667,2025-07-29 13:13:40.460445
active power,2867.6666666666665,2025-07-29 13:13:40.460445
forward kWh,41.859,2025-07-29 13:13:40.460445
reverse kWh,1.2693333333333332,2025-07-29 13:13:40.460445
frequency,60.0,2025-07-29 13:13:40.460445
power factor,0.92,2025-07-29 13:13:40.460445
featureId,UNAVAILABLE,2025-07-29 13:13:42.264693
partKindId,7606F116-3463-4EEF-96CC-1AC408FAA001,2025-07-29 13:13:42.264693
processKindId,1BFABEA4-68A9-484B-AE13-2E0BF9278D50,2025-07-29 13:13:42.264693
A_Axis_Load,7,2025-07-29 13:13:42.264693
A_Position,0.000668021023909704,2025-07-29 13:13:42.264693
C_Axis_Load,3,2025-07-29 13:13:42.264693
C_Position,30.0005,2025-07-29 13:13:42.264693
Machine_Time,2711540.494,2025-07-29 13:13:42.264693
Spindle_Time,739504.062,2025-07-29 13:13:42.264693
Feed_Override,100,2025-07-29 13:13:42.264693
Feed_Rate,0,2025-07-29 13:13:42.264693
Program_Runtime_Seconds,11,2025-07-29 13:13:42.264693
Rapid_Override,100,2025-07-29 13:13:42.264693
Rapid_Speed,0,2025-07-29 13:13:42.264693
S_Axis_Load,10,2025-07-29 13:13:42.264693
Spindle_Override,100,2025-07-29 13:13:42.264693
Spindle_Speed,7952.5616449211,2025-07-29 13:13:42.264693
X_Axis_Load,5,2025-07-29 13:13:42.264693
X_Position,373.420402690965,2025-07-29 13:13:42.264693
Y_Axis_Load,5,2025-07-29 13:13:42.264693
Y_Position,315.428793154338,2025-07-29 13:13:42.264693
Z_Axis_Load,30,2025-07-29 13:13:42.264693
Z_Position,-340.107410386776,2025-07-29 13:13:42.264693
COR_Status,1,2025-07-29 13:13:42.264693
Controller_Mode,AUTO,2025-07-29 13:13:42.264693
EStop_State,ARMED,2025-07-29 13:13:42.264693
Machine_Mode,5,2025-07-29 13:13:42.264693
Block_Number,17,2025-07-29 13:13:42.264693
Current_Tool,6,2025-07-29 13:13:42.264693
Part_Count,19,2025-07-29 13:13:42.264693
Program_Name_Running,000473_A_A_PROGRAM_2.NC,2025-07-29 13:13:42.264693
spindle motor v_rms,0.2,2025-07-29 13:13:42.264693
spindle motor a_peak,11400,2025-07-29 13:13:42.264693
spindle motor a_rms,3100,2025-07-29 13:13:42.264693
spindle motor temp,35.7,2025-07-29 13:13:42.264693
spindle motor crest,3.7,2025-07-29 13:13:42.264693
z-axis bearing v_rms,0.1,2025-07-29 13:13:42.264693
z-axis bearing a_peak,1000,2025-07-29 13:13:42.264693
z-axis bearing a_rms,300,2025-07-29 13:13:42.264693
z-axis bearing temp,24.2,2025-07-29 13:13:42.264693
z-axis bearing crest,3.7,2025-07-29 13:13:42.264693
z-axis motor v_rms,0.2,2025-07-29 13:13:42.264693
z-axis motor a_peak,700,2025-07-29 13:13:42.264693
z-axis motor a_rms,200,2025-07-29 13:13:42.264693
z-axis motor temp,29.5,2025-07-29 13:13:42.264693
z-axis motor crest,4.0,2025-07-29 13:13:42.264693
y-axis bearing v_rms,0.1,2025-07-29 13:13:42.264693
y-axis bearing a_peak,400,2025-07-29 13:13:42.264693
y-axis bearing a_rms,100,2025-07-29 13:13:42.264693
y-axis bearing temp,22.8,2025-07-29 13:13:42.264693
y-axis bearing crest,3.5,2025-07-29 13:13:42.264693
y-axis motor v_rms,0.3,2025-07-29 13:13:42.264693
y-axis motor a_peak,2000,2025-07-29 13:13:42.264693
y-axis motor a_rms,700,2025-07-29 13:13:42.264693
y-axis motor temp,25.3,2025-07-29 13:13:42.264693
y-axis motor crest,2.9,2025-07-29 13:13:42.264693
x-axis motor v_rms,0.1,2025-07-29 13:13:42.264693
x-axis motor a_peak,400,2025-07-29 13:13:42.264693
x-axis motor a_rms,100,2025-07-29 13:13:42.264693
x-axis motor temp,23.1,2025-07-29 13:13:42.264693
x-axis motor crest,3.0,2025-07-29 13:13:42.264693
voltage,130.0666666666667,2025-07-29 13:13:42.264693
current,49.410000000000004,2025-07-29 13:13:42.264693
active power,5957.666666666667,2025-07-29 13:13:42.264693
forward kWh,41.86266666666666,2025-07-29 13:13:42.264693
reverse kWh,1.2693333333333332,2025-07-29 13:13:42.264693
frequency,60.0,2025-07-29 13:13:42.264693
power factor,0.9266666666666667,2025-07-29 13:13:42.264693
featureId,UNAVAILABLE,2025-07-29 13:13:43.264969
partKindId,7606F116-3463-4EEF-96CC-1AC408FAA001,2025-07-29 13:13:43.264969
processKindId,1BFABEA4-68A9-484B-AE13-2E0BF9278D50,2025-07-29 13:13:43.264969
A_Axis_Load,7,2025-07-29 13:13:43.264969
A_Position,0.000668021023909704,2025-07-29 13:13:43.264969
C_Axis_Load,3,2025-07-29 13:13:43.264969
C_Position,30.0005,2025-07-29 13:13:43.264969
Machine_Time,2711540.494,2025-07-29 13:13:43.264969
Spindle_Time,739504.062,2025-07-29 13:13:43.264969
Feed_Override,100,2025-07-29 13:13:43.264969
Feed_Rate,0,2025-07-29 13:13:43.264969
Program_Runtime_Seconds,12,2025-07-29 13:13:43.264969
Rapid_Override,100,2025-07-29 13:13:43.264969
Rapid_Speed,0,2025-07-29 13:13:43.264969
S_Axis_Load,7,2025-07-29 13:13:43.264969
Spindle_Override,100,2025-07-29 13:13:43.264969
Spindle_Speed,9792,2025-07-29 13:13:43.264969
X_Axis_Load,5,2025-07-29 13:13:43.264969
X_Position,373.420425578973,2025-07-29 13:13:43.264969
Y_Axis_Load,19,2025-07-29 13:13:43.264969
Y_Position,315.428426931088,2025-07-29 13:13:43.264969
Z_Axis_Load,31,2025-07-29 13:13:43.264969
Z_Position,-340.107421829536,2025-07-29 13:13:43.264969
COR_Status,1,2025-07-29 13:13:43.264969
Controller_Mode,AUTO,2025-07-29 13:13:43.264969
EStop_State,ARMED,2025-07-29 13:13:43.264969
Machine_Mode,5,2025-07-29 13:13:43.264969
Block_Number,17,2025-07-29 13:13:43.264969
Current_Tool,6,2025-07-29 13:13:43.264969
Part_Count,19,2025-07-29 13:13:43.264969
Program_Name_Running,000473_A_A_PROGRAM_2.NC,2025-07-29 13:13:43.264969
spindle motor v_rms,0.6,2025-07-29 13:13:43.264969
spindle motor a_peak,12800,2025-07-29 13:13:43.264969
spindle motor a_rms,2800,2025-07-29 13:13:43.264969
spindle motor temp,35.7,2025-07-29 13:13:43.264969
spindle motor crest,4.6,2025-07-29 13:13:43.264969
z-axis bearing v_rms,0.2,2025-07-29 13:13:43.264969
z-axis bearing a_peak,12200,2025-07-29 13:13:43.264969
z-axis bearing a_rms,1600,2025-07-29 13:13:43.264969
z-axis bearing temp,24.2,2025-07-29 13:13:43.264969
z-axis bearing crest,7.5,2025-07-29 13:13:43.264969
z-axis motor v_rms,0.7,2025-07-29 13:13:43.264969
z-axis motor a_peak,3500,2025-07-29 13:13:43.264969
z-axis motor a_rms,900,2025-07-29 13:13:43.264969
z-axis motor temp,29.5,2025-07-29 13:13:43.264969
z-axis motor crest,3.8,2025-07-29 13:13:43.264969
y-axis bearing v_rms,0.2,2025-07-29 13:13:43.264969
y-axis bearing a_peak,2800,2025-07-29 13:13:43.264969
y-axis bearing a_rms,600,2025-07-29 13:13:43.264969
y-axis bearing temp,22.8,2025-07-29 13:13:43.264969
y-axis bearing crest,4.7,2025-07-29 13:13:43.264969
y-axis motor v_rms,0.7,2025-07-29 13:13:43.264969
y-axis motor a_peak,6700,2025-07-29 13:13:43.264969
y-axis motor a_rms,2100,2025-07-29 13:13:43.264969
y-axis motor temp,25.3,2025-07-29 13:13:43.264969
y-axis motor crest,3.2,2025-07-29 13:13:43.264969
x-axis motor v_rms,1.3,2025-07-29 13:13:43.264969
x-axis motor a_peak,700,2025-07-29 13:13:43.264969
x-axis motor a_rms,200,2025-07-29 13:13:43.264969
x-axis motor temp,23.1,2025-07-29 13:13:43.264969
x-axis motor crest,3.1,2025-07-29 13:13:43.264969
voltage,130.23333333333332,2025-07-29 13:13:43.264969
current,46.97,2025-07-29 13:13:43.264969
active power,5667.0,2025-07-29 13:13:43.264969
forward kWh,41.864,2025-07-29 13:13:43.264969
reverse kWh,1.2693333333333332,2025-07-29 13:13:43.264969
frequency,60.0,2025-07-29 13:13:43.264969
power factor,0.89,2025-07-29 13:13:43.264969
featureId,UNAVAILABLE,2025-07-29 13:13:44.345080
partKindId,7606F116-3463-4EEF-96CC-1AC408FAA001,2025-07-29 13:13:44.345080
processKindId,1BFABEA4-68A9-484B-AE13-2E0BF9278D50,2025-07-29 13:13:44.345080
A_Axis_Load,7,2025-07-29 13:13:44.345080
A_Position,0.000668021023909704,2025-07-29 13:13:44.345080
C_Axis_Load,3,2025-07-29 13:13:44.345080
C_Position,30.0005,2025-07-29 13:13:44.345080
Machine_Time,2711540.494,2025-07-29 13:13:44.345080
Spindle_Time,739504.062,2025-07-29 13:13:44.345080
Feed_Override,100,2025-07-29 13:13:44.345080
Feed_Rate,60.5,2025-07-29 13:13:44.345080
Program_Runtime_Seconds,13,2025-07-29 13:13:44.345080
Rapid_Override,100,2025-07-29 13:13:44.345080
Rapid_Speed,0,2025-07-29 13:13:44.345080
S_Axis_Load,0,2025-07-29 13:13:44.345080
Spindle_Override,100,2025-07-29 13:13:44.345080
Spindle_Speed,9792,2025-07-29 13:13:44.345080
X_Axis_Load,3,2025-07-29 13:13:44.345080
X_Position,434.380432482988,2025-07-29 13:13:44.345080
Y_Axis_Load,6,2025-07-29 13:13:44.345080
Y_Position,301.004811721528,2025-07-29 13:13:44.345080
Z_Axis_Load,30,2025-07-29 13:13:44.345080
Z_Position,-340.107456157814,2025-07-29 13:13:44.345080
COR_Status,1,2025-07-29 13:13:44.345080
Controller_Mode,AUTO,2025-07-29 13:13:44.345080
EStop_State,ARMED,2025-07-29 13:13:44.345080
Machine_Mode,5,2025-07-29 13:13:44.345080
Block_Number,20,2025-07-29 13:13:44.345080
Current_Tool,6,2025-07-29 13:13:44.345080
Part_Count,19,2025-07-29 13:13:44.345080
Program_Name_Running,000473_A_A_PROGRAM_2.NC,2025-07-29 13:13:44.345080
spindle motor v_rms,0.6,2025-07-29 13:13:44.345080
spindle motor a_peak,8400,2025-07-29 13:13:44.345080
spindle motor a_rms,2200,2025-07-29 13:13:44.345080
spindle motor temp,35.7,2025-07-29 13:13:44.345080
spindle motor crest,3.8,2025-07-29 13:13:44.345080
z-axis bearing v_rms,0.4,2025-07-29 13:13:44.345080
z-axis bearing a_peak,12700,2025-07-29 13:13:44.345080
z-axis bearing a_rms,2900,2025-07-29 13:13:44.345080
z-axis bearing temp,24.2,2025-07-29 13:13:44.345080
z-axis bearing crest,4.4,2025-07-29 13:13:44.345080
z-axis motor v_rms,1.4,2025-07-29 13:13:44.345080
z-axis motor a_peak,6600,2025-07-29 13:13:44.345080
z-axis motor a_rms,1600,2025-07-29 13:13:44.345080
z-axis motor temp,29.5,2025-07-29 13:13:44.345080
z-axis motor crest,4.0,2025-07-29 13:13:44.345080
y-axis bearing v_rms,0.8,2025-07-29 13:13:44.345080
y-axis bearing a_peak,6400,2025-07-29 13:13:44.345080
y-axis bearing a_rms,2700,2025-07-29 13:13:44.345080
y-axis bearing temp,22.8,2025-07-29 13:13:44.345080
y-axis bearing crest,2.3,2025-07-29 13:13:44.345080
y-axis motor v_rms,1.2,2025-07-29 13:13:44.345080
y-axis motor a_peak,11600,2025-07-29 13:13:44.345080
y-axis motor a_rms,4000,2025-07-29 13:13:44.345080
y-axis motor temp,25.3,2025-07-29 13:13:44.345080
y-axis motor crest,2.9,2025-07-29 13:13:44.345080
x-axis motor v_rms,0.2,2025-07-29 13:13:44.345080
x-axis motor a_peak,500,2025-07-29 13:13:44.345080
x-axis motor a_rms,200,2025-07-29 13:13:44.345080
x-axis motor temp,23.1,2025-07-29 13:13:44.345080
x-axis motor crest,3.4,2025-07-29 13:13:44.345080
voltage,130.66666666666666,2025-07-29 13:13:44.345080
current,40.72666666666667,2025-07-29 13:13:44.345080
active power,4827.333333333333,2025-07-29 13:13:44.345080
forward kWh,41.86466666666667,2025-07-29 13:13:44.345080
reverse kWh,1.2693333333333332,2025-07-29 13:13:44.345080
frequency,60.0,2025-07-29 13:13:44.345080
power factor,0.88,2025-07-29 13:13:44.345080
featureId,UNAVAILABLE,2025-07-29 13:13:45.345380
partKindId,7606F116-3463-4EEF-96CC-1AC408FAA001,2025-07-29 13:13:45.345380
processKindId,1BFABEA4-68A9-484B-AE13-2E0BF9278D50,2025-07-29 13:13:45.345380
A_Axis_Load,7,2025-07-29 13:13:45.345380
A_Position,0.000668021023909704,2025-07-29 13:13:45.345380
C_Axis_Load,3,2025-07-29 13:13:45.345380
C_Position,30,2025-07-29 13:13:45.345380
Machine_Time,2711540.494,2025-07-29 13:13:45.345380
Spindle_Time,739504.062,2025-07-29 13:13:45.345380
Feed_Override,100,2025-07-29 13:13:45.345380
Feed_Rate,71.25,2025-07-29 13:13:45.345380
Program_Runtime_Seconds,14,2025-07-29 13:13:45.345380
Rapid_Override,100,2025-07-29 13:13:45.345380
Rapid_Speed,0,2025-07-29 13:13:45.345380
S_Axis_Load,1,2025-07-29 13:13:45.345380
Spindle_Override,100,2025-07-29 13:13:45.345380
Spindle_Speed,9792,2025-07-29 13:13:45.345380
X_Axis_Load,2,2025-07-29 13:13:45.345380
X_Position,434.380386700198,2025-07-29 13:13:45.345380
Y_Axis_Load,10,2025-07-29 13:13:45.345380
Y_Position,238.584522330988,2025-07-29 13:13:45.345380
Z_Axis_Load,32,2025-07-29 13:13:45.345380
Z_Position,-340.107433272295,2025-07-29 13:13:45.345380
COR_Status,1,2025-07-29 13:13:45.345380
Controller_Mode,AUTO,2025-07-29 13:13:45.345380
EStop_State,ARMED,2025-07-29 13:13:45.345380
Machine_Mode,5,2025-07-29 13:13:45.345380
Block_Number,20,2025-07-29 13:13:45.345380
Current_Tool,6,2025-07-29 13:13:45.345380
Part_Count,19,2025-07-29 13:13:45.345380
Program_Name_Running,000473_A_A_PROGRAM_2.NC,2025-07-29 13:13:45.345380
spindle motor v_rms,0.7,2025-07-29 13:13:45.345380
spindle motor a_peak,7700,2025-07-29 13:13:45.345380
spindle motor a_rms,2500,2025-07-29 13:13:45.345380
spindle motor temp,35.7,2025-07-29 13:13:45.345380
spindle motor crest,3.1,2025-07-29 13:13:45.345380
z-axis bearing v_rms,0.3,2025-07-29 13:13:45.345380
z-axis bearing a_peak,8600,2025-07-29 13:13:45.345380
z-axis bearing a_rms,3200,2025-07-29 13:13:45.345380
z-axis bearing temp,24.2,2025-07-29 13:13:45.345380
z-axis bearing crest,2.7,2025-07-29 13:13:45.345380
z-axis motor v_rms,1.3,2025-07-29 13:13:45.345380
z-axis motor a_peak,3800,2025-07-29 13:13:45.345380
z-axis motor a_rms,1500,2025-07-29 13:13:45.345380
z-axis motor temp,29.5,2025-07-29 13:13:45.345380
z-axis motor crest,2.5,2025-07-29 13:13:45.345380
y-axis bearing v_rms,0.8,2025-07-29 13:13:45.345380
y-axis bearing a_peak,5200,2025-07-29 13:13:45.345380
y-axis bearing a_rms,2600,2025-07-29 13:13:45.345380
y-axis bearing temp,22.8,2025-07-29 13:13:45.345380
y-axis bearing crest,2.0,2025-07-29 13:13:45.345380
y-axis motor v_rms,1.5,2025-07-29 13:13:45.345380
y-axis motor a_peak,12600,2025-07-29 13:13:45.345380
y-axis motor a_rms,4900,2025-07-29 13:13:45.345380
y-axis motor temp,25.3,2025-07-29 13:13:45.345380
y-axis motor crest,2.6,2025-07-29 13:13:45.345380
x-axis motor v_rms,0.6,2025-07-29 13:13:45.345380
x-axis motor a_peak,600,2025-07-29 13:13:45.345380
x-axis motor a_rms,200,2025-07-29 13:13:45.345380
x-axis motor temp,23.1,2025-07-29 13:13:45.345380
x-axis motor crest,3.5,2025-07-29 13:13:45.345380
voltage,132.63333333333335,2025-07-29 13:13:45.345380
current,11.01,2025-07-29 13:13:45.345380
active power,1251.6666666666667,2025-07-29 13:13:45.345380
forward kWh,41.86533333333333,2025-07-29 13:13:45.345380
reverse kWh,1.2693333333333332,2025-07-29 13:13:45.345380
frequency,60.0,2025-07-29 13:13:45.345380
power factor,0.8533333333333334,2025-07-29 13:13:45.345380
featureId,UNAVAILABLE,2025-07-29 13:13:46.345531
partKindId,7606F116-3463-4EEF-96CC-1AC408FAA001,2025-07-29 13:13:46.345531
processKindId,1BFABEA4-68A9-484B-AE13-2E0BF9278D50,2025-07-29 13:13:46.345531
A_Axis_Load,7,2025-07-29 13:13:46.345531
A_Position,0.000668021023909704,2025-07-29 13:13:46.345531
C_Axis_Load,3,2025-07-29 13:13:46.345531
C_Position,30.0005,2025-07-29 13:13:46.345531
Machine_Time,2711540.494,2025-07-29 13:13:46.345531
Spindle_Time,739504.062,2025-07-29 13:13:46.345531
Feed_Override,100,2025-07-29 13:13:46.345531
Feed_Rate,71.25,2025-07-29 13:13:46.345531
Program_Runtime_Seconds,15,2025-07-29 13:13:46.345531
Rapid_Override,100,2025-07-29 13:13:46.345531
Rapid_Speed,0,2025-07-29 13:13:46.345531
S_Axis_Load,2,2025-07-29 13:13:46.345531
Spindle_Override,100,2025-07-29 13:13:46.345531
Spindle_Speed,9792,2025-07-29 13:13:46.345531
X_Axis_Load,8,2025-07-29 13:13:46.345531
X_Position,403.999866308859,2025-07-29 13:13:46.345531
Y_Axis_Load,2,2025-07-29 13:13:46.345531
Y_Position,199.858754783783,2025-07-29 13:13:46.345531
Z_Axis_Load,32,2025-07-29 13:13:46.345531
Z_Position,-340.107261630902,2025-07-29 13:13:46.345531
COR_Status,1,2025-07-29 13:13:46.345531
Controller_Mode,AUTO,2025-07-29 13:13:46.345531
EStop_State,ARMED,2025-07-29 13:13:46.345531
Machine_Mode,5,2025-07-29 13:13:46.345531
Block_Number,21,2025-07-29 13:13:46.345531
Current_Tool,6,2025-07-29 13:13:46.345531
Part_Count,19,2025-07-29 13:13:46.345531
Program_Name_Running,000473_A_A_PROGRAM_2.NC,2025-07-29 13:13:46.345531
spindle motor v_rms,1.5,2025-07-29 13:13:46.345531
spindle motor a_peak,17100,2025-07-29 13:13:46.345531
spindle motor a_rms,5500,2025-07-29 13:13:46.345531
spindle motor temp,35.7,2025-07-29 13:13:46.345531
spindle motor crest,3.1,2025-07-29 13:13:46.345531
z-axis bearing v_rms,0.3,2025-07-29 13:13:46.345531
z-axis bearing a_peak,7700,2025-07-29 13:13:46.345531
z-axis bearing a_rms,2700,2025-07-29 13:13:46.345531
z-axis bearing temp,24.2,2025-07-29 13:13:46.345531
z-axis bearing crest,2.8,2025-07-29 13:13:46.345531
z-axis motor v_rms,1.4,2025-07-29 13:13:46.345531
z-axis motor a_peak,4800,2025-07-29 13:13:46.345531
z-axis motor a_rms,2000,2025-07-29 13:13:46.345531
z-axis motor temp,29.5,2025-07-29 13:13:46.345531
z-axis motor crest,2.4,2025-07-29 13:13:46.345531
y-axis bearing v_rms,0.5,2025-07-29 13:13:46.345531
y-axis bearing a_peak,3400,2025-07-29 13:13:46.345531
y-axis bearing a_rms,1600,2025-07-29 13:13:46.345531
y-axis bearing temp,22.8,2025-07-29 13:13:46.345531
y-axis bearing crest,2.2,2025-07-29 13:13:46.345531
y-axis motor v_rms,1.4,2025-07-29 13:13:46.345531
y-axis motor a_peak,8800,2025-07-29 13:13:46.345531
y-axis motor a_rms,4300,2025-07-29 13:13:46.345531
y-axis motor temp,25.3,2025-07-29 13:13:46.345531
y-axis motor crest,2.1,2025-07-29 13:13:46.345531
x-axis motor v_rms,0.2,2025-07-29 13:13:46.345531
x-axis motor a_peak,600,2025-07-29 13:13:46.345531
x-axis motor a_rms,200,2025-07-29 13:13:46.345531
x-axis motor temp,23.1,2025-07-29 13:13:46.345531
x-axis motor crest,3.1,2025-07-29 13:13:46.345531
voltage,132.63333333333335,2025-07-29 13:13:46.345531
current,10.636666666666668,2025-07-29 13:13:46.345531
active power,1221.6666666666667,2025-07-29 13:13:46.345531
forward kWh,41.86666666666667,2025-07-29 13:13:46.345531
reverse kWh,1.2693333333333332,2025-07-29 13:13:46.345531
frequency,60.0,2025-07-29 13:13:46.345531
power factor,0.8666666666666667,2025-07-29 13:13:46.345531
featureId,UNAVAILABLE,2025-07-29 13:13:47.345745
partKindId,7606F116-3463-4EEF-96CC-1AC408FAA001,2025-07-29 13:13:47.345745
processKindId,1BFABEA4-68A9-484B-AE13-2E0BF9278D50,2025-07-29 13:13:47.345745
A_Axis_Load,7,2025-07-29 13:13:47.345745
A_Position,0.000668021023909704,2025-07-29 13:13:47.345745
C_Axis_Load,3,2025-07-29 13:13:47.345745
C_Position,30.0005,2025-07-29 13:13:47.345745
Machine_Time,2711540.494,2025-07-29 13:13:47.345745
Spindle_Time,739504.062,2025-07-29 13:13:47.345745
Feed_Override,100,2025-07-29 13:13:47.345745
Feed_Rate,71.25,2025-07-29 13:13:47.345745
Program_Runtime_Seconds,16,2025-07-29 13:13:47.345745
Rapid_Override,100,2025-07-29 13:13:47.345745
Rapid_Speed,0,2025-07-29 13:13:47.345745
S_Axis_Load,0,2025-07-29 13:13:47.345745
Spindle_Override,100,2025-07-29 13:13:47.345745
Spindle_Speed,9792,2025-07-29 13:13:47.345745
X_Axis_Load,10,2025-07-29 13:13:47.345745
X_Position,327.279291247342,2025-07-29 13:13:47.345745
Y_Axis_Load,1,2025-07-29 13:13:47.345745
Y_Position,199.856581540764,2025-07-29 13:13:47.345745
Z_Axis_Load,31,2025-07-29 13:13:47.345745
Z_Position,-340.107295959181,2025-07-29 13:13:47.345745
COR_Status,1,2025-07-29 13:13:47.345745
Controller_Mode,AUTO,2025-07-29 13:13:47.345745
EStop_State,ARMED,2025-07-29 13:13:47.345745
Machine_Mode,5,2025-07-29 13:13:47.345745
Block_Number,21,2025-07-29 13:13:47.345745
Current_Tool,6,2025-07-29 13:13:47.345745
Part_Count,19,2025-07-29 13:13:47.345745
Program_Name_Running,000473_A_A_PROGRAM_2.NC,2025-07-29 13:13:47.345745
spindle motor v_rms,1.1,2025-07-29 13:13:47.345745
spindle motor a_peak,15800,2025-07-29 13:13:47.345745
spindle motor a_rms,3800,2025-07-29 13:13:47.345745
spindle motor temp,35.7,2025-07-29 13:13:47.345745
spindle motor crest,4.1,2025-07-29 13:13:47.345745
z-axis bearing v_rms,0.3,2025-07-29 13:13:47.345745
z-axis bearing a_peak,9800,2025-07-29 13:13:47.345745
z-axis bearing a_rms,2300,2025-07-29 13:13:47.345745
z-axis bearing temp,24.2,2025-07-29 13:13:47.345745
z-axis bearing crest,4.2,2025-07-29 13:13:47.345745
z-axis motor v_rms,1.4,2025-07-29 13:13:47.345745
z-axis motor a_peak,6100,2025-07-29 13:13:47.345745
z-axis motor a_rms,1700,2025-07-29 13:13:47.345745
z-axis motor temp,29.5,2025-07-29 13:13:47.345745
z-axis motor crest,3.6,2025-07-29 13:13:47.345745
y-axis bearing v_rms,0.7,2025-07-29 13:13:47.345745
y-axis bearing a_peak,7700,2025-07-29 13:13:47.345745
y-axis bearing a_rms,2200,2025-07-29 13:13:47.345745
y-axis bearing temp,22.8,2025-07-29 13:13:47.345745
y-axis bearing crest,3.5,2025-07-29 13:13:47.345745
y-axis motor v_rms,1.1,2025-07-29 13:13:47.345745
y-axis motor a_peak,11300,2025-07-29 13:13:47.345745
y-axis motor a_rms,3400,2025-07-29 13:13:47.345745
y-axis motor temp,25.3,2025-07-29 13:13:47.345745
y-axis motor crest,3.3,2025-07-29 13:13:47.345745
x-axis motor v_rms,0.6,2025-07-29 13:13:47.345745
x-axis motor a_peak,600,2025-07-29 13:13:47.345745
x-axis motor a_rms,100,2025-07-29 13:13:47.345745
x-axis motor temp,23.1,2025-07-29 13:13:47.345745
x-axis motor crest,4.4,2025-07-29 13:13:47.345745
voltage,132.56666666666666,2025-07-29 13:13:47.345745
current,11.686666666666667,2025-07-29 13:13:47.345745
active power,1341.6666666666667,2025-07-29 13:13:47.345745
forward kWh,41.867,2025-07-29 13:13:47.345745
reverse kWh,1.2693333333333332,2025-07-29 13:13:47.345745
frequency,60.0,2025-07-29 13:13:47.345745
power factor,0.86,2025-07-29 13:13:47.345745
featureId,UNAVAILABLE,2025-07-29 13:13:48.345986
partKindId,7606F116-3463-4EEF-96CC-1AC408FAA001,2025-07-29 13:13:48.345986
processKindId,1BFABEA4-68A9-484B-AE13-2E0BF9278D50,2025-07-29 13:13:48.345986
A_Axis_Load,7,2025-07-29 13:13:48.345986
A_Position,0.000668021023909704,2025-07-29 13:13:48.345986
C_Axis_Load,3,2025-07-29 13:13:48.345986
C_Position,30,2025-07-29 13:13:48.345986
Machine_Time,2711540.494,2025-07-29 13:13:48.345986
Spindle_Time,739504.062,2025-07-29 13:13:48.345986
Feed_Override,100,2025-07-29 13:13:48.345986
Feed_Rate,71.25,2025-07-29 13:13:48.345986
Program_Runtime_Seconds,17,2025-07-29 13:13:48.345986
Rapid_Override,100,2025-07-29 13:13:48.345986
Rapid_Speed,0,2025-07-29 13:13:48.345986
S_Axis_Load,0,2025-07-29 13:13:48.345986
Spindle_Override,100,2025-07-29 13:13:48.345986
Spindle_Speed,9792,2025-07-29 13:13:48.345986
X_Axis_Load,1,2025-07-29 13:13:48.345986
X_Position,326.430386770703,2025-07-29 13:13:48.345986
Y_Axis_Load,9,2025-07-29 13:13:48.345986
Y_Position,268.5610470043,2025-07-29 13:13:48.345986
Z_Axis_Load,31,2025-07-29 13:13:48.345986
Z_Position,-340.107433272295,2025-07-29 13:13:48.345986
COR_Status,1,2025-07-29 13:13:48.345986
Controller_Mode,AUTO,2025-07-29 13:13:48.345986
EStop_State,ARMED,2025-07-29 13:13:48.345986
Machine_Mode,5,2025-07-29 13:13:48.345986
Block_Number,22,2025-07-29 13:13:48.345986
Current_Tool,6,2025-07-29 13:13:48.345986
Part_Count,19,2025-07-29 13:13:48.345986
Program_Name_Running,000473_A_A_PROGRAM_2.NC,2025-07-29 13:13:48.345986
spindle motor v_rms,0.6,2025-07-29 13:13:48.345986
spindle motor a_peak,7600,2025-07-29 13:13:48.345986
spindle motor a_rms,2400,2025-07-29 13:13:48.345986
spindle motor temp,35.7,2025-07-29 13:13:48.345986
spindle motor crest,3.2,2025-07-29 13:13:48.345986
z-axis bearing v_rms,0.5,2025-07-29 13:13:48.345986
z-axis bearing a_peak,9400,2025-07-29 13:13:48.345986
z-axis bearing a_rms,3400,2025-07-29 13:13:48.345986
z-axis bearing temp,24.2,2025-07-29 13:13:48.345986
z-axis bearing crest,2.8,2025-07-29 13:13:48.345986
z-axis motor v_rms,1.3,2025-07-29 13:13:48.345986
z-axis motor a_peak,3700,2025-07-29 13:13:48.345986
z-axis motor a_rms,1500,2025-07-29 13:13:48.345986
z-axis motor temp,29.5,2025-07-29 13:13:48.345986
z-axis motor crest,2.5,2025-07-29 13:13:48.345986
y-axis bearing v_rms,1.3,2025-07-29 13:13:48.345986
y-axis bearing a_peak,7100,2025-07-29 13:13:48.345986
y-axis bearing a_rms,3900,2025-07-29 13:13:48.345986
y-axis bearing temp,22.8,2025-07-29 13:13:48.345986
y-axis bearing crest,1.8,2025-07-29 13:13:48.345986
y-axis motor v_rms,1.5,2025-07-29 13:13:48.345986
y-axis motor a_peak,12100,2025-07-29 13:13:48.345986
y-axis motor a_rms,4700,2025-07-29 13:13:48.345986
y-axis motor temp,25.3,2025-07-29 13:13:48.345986
y-axis motor crest,2.6,2025-07-29 13:13:48.345986
x-axis motor v_rms,0.1,2025-07-29 13:13:48.345986
x-axis motor a_peak,500,2025-07-29 13:13:48.345986
x-axis motor a_rms,100,2025-07-29 13:13:48.345986
x-axis motor temp,23.1,2025-07-29 13:13:48.345986
x-axis motor crest,3.5,2025-07-29 13:13:48.345986
voltage,132.6,2025-07-29 13:13:48.345986
current,10.969999999999999,2025-07-29 13:13:48.345986
active power,1260.3333333333333,2025-07-29 13:13:48.345986
forward kWh,41.867,2025-07-29 13:13:48.345986
reverse kWh,1.2693333333333332,2025-07-29 13:13:48.345986
frequency,60.0,2025-07-29 13:13:48.345986
power factor,0.9033333333333333,2025-07-29 13:13:48.345986
featureId,UNAVAILABLE,2025-07-29 13:13:49.346301
partKindId,7606F116-3463-4EEF-96CC-1AC408FAA001,2025-07-29 13:13:49.346301
processKindId,1BFABEA4-68A9-484B-AE13-2E0BF9278D50,2025-07-29 13:13:49.346301
A_Axis_Load,7,2025-07-29 13:13:49.346301
A_Position,0.000167897837983751,2025-07-29 13:13:49.346301
C_Axis_Load,3,2025-07-29 13:13:49.346301
C_Position,30.0005,2025-07-29 13:13:49.346301
Machine_Time,2711540.494,2025-07-29 13:13:49.346301
Spindle_Time,739504.062,2025-07-29 13:13:49.346301
Feed_Override,100,2025-07-29 13:13:49.346301
Feed_Rate,71.25,2025-07-29 13:13:49.346301
Program_Runtime_Seconds,18,2025-07-29 13:13:49.346301
Rapid_Override,100,2025-07-29 13:13:49.346301
Rapid_Speed,0,2025-07-29 13:13:49.346301
S_Axis_Load,0,2025-07-29 13:13:49.346301
Spindle_Override,100,2025-07-29 13:13:49.346301
Spindle_Speed,9792,2025-07-29 13:13:49.346301
X_Axis_Load,10,2025-07-29 13:13:49.346301
X_Position,347.823384262548,2025-07-29 13:13:49.346301
Y_Axis_Load,3,2025-07-29 13:13:49.346301
Y_Position,305.268896479189,2025-07-29 13:13:49.346301
Z_Axis_Load,32,2025-07-29 13:13:49.346301
Z_Position,-340.107479043333,2025-07-29 13:13:49.346301
COR_Status,1,2025-07-29 13:13:49.346301
Controller_Mode,AUTO,2025-07-29 13:13:49.346301
EStop_State,ARMED,2025-07-29 13:13:49.346301
Machine_Mode,5,2025-07-29 13:13:49.346301
Block_Number,23,2025-07-29 13:13:49.346301
Current_Tool,6,2025-07-29 13:13:49.346301
Part_Count,19,2025-07-29 13:13:49.346301
Program_Name_Running,000473_A_A_PROGRAM_2.NC,2025-07-29 13:13:49.346301
spindle motor v_rms,0.9,2025-07-29 13:13:49.346301
spindle motor a_peak,15000,2025-07-29 13:13:49.346301
spindle motor a_rms,3800,2025-07-29 13:13:49.346301
spindle motor temp,35.7,2025-07-29 13:13:49.346301
spindle motor crest,4.0,2025-07-29 13:13:49.346301
z-axis bearing v_rms,0.4,2025-07-29 13:13:49.346301
z-axis bearing a_peak,8800,2025-07-29 13:13:49.346301
z-axis bearing a_rms,2200,2025-07-29 13:13:49.346301
z-axis bearing temp,24.2,2025-07-29 13:13:49.346301
z-axis bearing crest,4.0,2025-07-29 13:13:49.346301
z-axis motor v_rms,1.4,2025-07-29 13:13:49.346301
z-axis motor a_peak,5100,2025-07-29 13:13:49.346301
z-axis motor a_rms,1900,2025-07-29 13:13:49.346301
z-axis motor temp,29.5,2025-07-29 13:13:49.346301
z-axis motor crest,2.7,2025-07-29 13:13:49.346301
y-axis bearing v_rms,0.6,2025-07-29 13:13:49.346301
y-axis bearing a_peak,3500,2025-07-29 13:13:49.346301
y-axis bearing a_rms,1800,2025-07-29 13:13:49.346301
y-axis bearing temp,22.8,2025-07-29 13:13:49.346301
y-axis bearing crest,2.0,2025-07-29 13:13:49.346301
y-axis motor v_rms,1.1,2025-07-29 13:13:49.346301
y-axis motor a_peak,8200,2025-07-29 13:13:49.346301
y-axis motor a_rms,3200,2025-07-29 13:13:49.346301
y-axis motor temp,25.3,2025-07-29 13:13:49.346301
y-axis motor crest,2.5,2025-07-29 13:13:49.346301
x-axis motor v_rms,0.2,2025-07-29 13:13:49.346301
x-axis motor a_peak,600,2025-07-29 13:13:49.346301
x-axis motor a_rms,200,2025-07-29 13:13:49.346301
x-axis motor temp,23.1,2025-07-29 13:13:49.346301
x-axis motor crest,3.4,2025-07-29 13:13:49.346301
voltage,132.56666666666666,2025-07-29 13:13:49.346301
current,10.913333333333334,2025-07-29 13:13:49.346301
active power,1250.0,2025-07-29 13:13:49.346301
forward kWh,41.867,2025-07-29 13:13:49.346301
reverse kWh,1.2693333333333332,2025-07-29 13:13:49.346301
frequency,60.0,2025-07-29 13:13:49.346301
power factor,0.85,2025-07-29 13:13:49.346301
featureId,UNAVAILABLE,2025-07-29 13:13:50.346609
partKindId,7606F116-3463-4EEF-96CC-1AC408FAA001,2025-07-29 13:13:50.346609
processKindId,1BFABEA4-68A9-484B-AE13-2E0BF9278D50,2025-07-29 13:13:50.346609
A_Axis_Load,7,2025-07-29 13:13:50.346609
A_Position,0.000668021023909704,2025-07-29 13:13:50.346609
C_Axis_Load,3,2025-07-29 13:13:50.346609
C_Position,30.0005,2025-07-29 13:13:50.346609
Machine_Time,2711540.494,2025-07-29 13:13:50.346609
Spindle_Time,739504.062,2025-07-29 13:13:50.346609
Feed_Override,100,2025-07-29 13:13:50.346609
Feed_Rate,71.25,2025-07-29 13:13:50.346609
Program_Runtime_Seconds,19,2025-07-29 13:13:50.346609
Rapid_Override,100,2025-07-29 13:13:50.346609
Rapid_Speed,0,2025-07-29 13:13:50.346609
S_Axis_Load,1,2025-07-29 13:13:50.346609
Spindle_Override,100,2025-07-29 13:13:50.346609
Spindle_Speed,9792,2025-07-29 13:13:50.346609
X_Axis_Load,10,2025-07-29 13:13:50.346609
X_Position,406.034085039041,2025-07-29 13:13:50.346609
Y_Axis_Load,7,2025-07-29 13:13:50.346609
Y_Position,298.918817879786,2025-07-29 13:13:50.346609
Z_Axis_Load,32,2025-07-29 13:13:50.346609
Z_Position,-340.107479043333,2025-07-29 13:13:50.346609
COR_Status,1,2025-07-29 13:13:50.346609
Controller_Mode,AUTO,2025-07-29 13:13:50.346609
EStop_State,ARMED,2025-07-29 13:13:50.346609
Machine_Mode,5,2025-07-29 13:13:50.346609
Block_Number,25,2025-07-29 13:13:50.346609
Current_Tool,6,2025-07-29 13:13:50.346609
Part_Count,19,2025-07-29 13:13:50.346609
Program_Name_Running,000473_A_A_PROGRAM_2.NC,2025-07-29 13:13:50.346609
spindle motor v_rms,0.8,2025-07-29 13:13:50.346609
spindle motor a_peak,15600,2025-07-29 13:13:50.346609
spindle motor a_rms,5400,2025-07-29 13:13:50.346609
spindle motor temp,35.7,2025-07-29 13:13:50.346609
spindle motor crest,2.9,2025-07-29 13:13:50.346609
z-axis bearing v_rms,0.5,2025-07-29 13:13:50.346609
z-axis bearing a_peak,10300,2025-07-29 13:13:50.346609
z-axis bearing a_rms,4100,2025-07-29 13:13:50.346609
z-axis bearing temp,24.2,2025-07-29 13:13:50.346609
z-axis bearing crest,2.5,2025-07-29 13:13:50.346609
z-axis motor v_rms,1.4,2025-07-29 13:13:50.346609
z-axis motor a_peak,5800,2025-07-29 13:13:50.346609
z-axis motor a_rms,2200,2025-07-29 13:13:50.346609
z-axis motor temp,29.5,2025-07-29 13:13:50.346609
z-axis motor crest,2.7,2025-07-29 13:13:50.346609
y-axis bearing v_rms,0.8,2025-07-29 13:13:50.346609
y-axis bearing a_peak,5800,2025-07-29 13:13:50.346609
y-axis bearing a_rms,2600,2025-07-29 13:13:50.346609
y-axis bearing temp,22.8,2025-07-29 13:13:50.346609
y-axis bearing crest,2.2,2025-07-29 13:13:50.346609
y-axis motor v_rms,1.6,2025-07-29 13:13:50.346609
y-axis motor a_peak,10500,2025-07-29 13:13:50.346609
y-axis motor a_rms,4700,2025-07-29 13:13:50.346609
y-axis motor temp,25.3,2025-07-29 13:13:50.346609
y-axis motor crest,2.2,2025-07-29 13:13:50.346609
x-axis motor v_rms,0.4,2025-07-29 13:13:50.346609
x-axis motor a_peak,500,2025-07-29 13:13:50.346609
x-axis motor a_rms,200,2025-07-29 13:13:50.346609
x-axis motor temp,23.1,2025-07-29 13:13:50.346609
x-axis motor crest,3.4,2025-07-29 13:13:50.346609
voltage,132.6,2025-07-29 13:13:50.346609
current,10.826666666666668,2025-07-29 13:13:50.346609
active power,1229.0,2025-07-29 13:13:50.346609
forward kWh,41.868,2025-07-29 13:13:50.346609
reverse kWh,1.2693333333333332,2025-07-29 13:13:50.346609
frequency,60.0,2025-07-29 13:13:50.346609
power factor,0.8366666666666666,2025-07-29 13:13:50.346609
featureId,UNAVAILABLE,2025-07-29 13:13:51.346918
partKindId,7606F116-3463-4EEF-96CC-1AC408FAA001,2025-07-29 13:13:51.346918
processKindId,1BFABEA4-68A9-484B-AE13-2E0BF9278D50,2025-07-29 13:13:51.346918
A_Axis_Load,7,2025-07-29 13:13:51.346918
A_Position,0.000668021023909704,2025-07-29 13:13:51.346918
C_Axis_Load,3,2025-07-29 13:13:51.346918
C_Position,30.0005,2025-07-29 13:13:51.346918
Machine_Time,2711540.494,2025-07-29 13:13:51.346918
Spindle_Time,739504.062,2025-07-29 13:13:51.346918
Feed_Override,100,2025-07-29 13:13:51.346918
Feed_Rate,71.25,2025-07-29 13:13:51.346918
Program_Runtime_Seconds,20,2025-07-29 13:13:51.346918
Rapid_Override,100,2025-07-29 13:13:51.346918
Rapid_Speed,0,2025-07-29 13:13:51.346918
S_Axis_Load,1,2025-07-29 13:13:51.346918
Spindle_Override,100,2025-07-29 13:13:51.346918
Spindle_Speed,9792,2025-07-29 13:13:51.346918
X_Axis_Load,0,2025-07-29 13:13:51.346918
X_Position,428.030390911408,2025-07-29 13:13:51.346918
Y_Axis_Load,9,2025-07-29 13:13:51.346918
Y_Position,248.135602695545,2025-07-29 13:13:51.346918
Z_Axis_Load,32,2025-07-29 13:13:51.346918
Z_Position,-340.107501928852,2025-07-29 13:13:51.346918
COR_Status,1,2025-07-29 13:13:51.346918
Controller_Mode,AUTO,2025-07-29 13:13:51.346918
EStop_State,ARMED,2025-07-29 13:13:51.346918
Machine_Mode,5,2025-07-29 13:13:51.346918
Block_Number,26,2025-07-29 13:13:51.346918
Current_Tool,6,2025-07-29 13:13:51.346918
Part_Count,19,2025-07-29 13:13:51.346918
Program_Name_Running,000473_A_A_PROGRAM_2.NC,2025-07-29 13:13:51.346918
spindle motor v_rms,0.7,2025-07-29 13:13:51.346918
spindle motor a_peak,11800,2025-07-29 13:13:51.346918
spindle motor a_rms,3100,2025-07-29 13:13:51.346918
spindle motor temp,35.7,2025-07-29 13:13:51.346918
spindle motor crest,3.8,2025-07-29 13:13:51.346918
z-axis bearing v_rms,0.4,2025-07-29 13:13:51.346918
z-axis bearing a_peak,17800,2025-07-29 13:13:51.346918
z-axis bearing a_rms,4300,2025-07-29 13:13:51.346918
z-axis bearing temp,24.2,2025-07-29 13:13:51.346918
z-axis bearing crest,4.1,2025-07-29 13:13:51.346918
z-axis motor v_rms,1.2,2025-07-29 13:13:51.346918
z-axis motor a_peak,7500,2025-07-29 13:13:51.346918
z-axis motor a_rms,1700,2025-07-29 13:13:51.346918
z-axis motor temp,29.5,2025-07-29 13:13:51.346918
z-axis motor crest,4.4,2025-07-29 13:13:51.346918
y-axis bearing v_rms,0.9,2025-07-29 13:13:51.346918
y-axis bearing a_peak,8000,2025-07-29 13:13:51.346918
y-axis bearing a_rms,3000,2025-07-29 13:13:51.346918
y-axis bearing temp,22.8,2025-07-29 13:13:51.346918
y-axis bearing crest,2.7,2025-07-29 13:13:51.346918
y-axis motor v_rms,1.7,2025-07-29 13:13:51.346918
y-axis motor a_peak,14000,2025-07-29 13:13:51.346918
y-axis motor a_rms,5300,2025-07-29 13:13:51.346918
y-axis motor temp,25.3,2025-07-29 13:13:51.346918
y-axis motor crest,2.6,2025-07-29 13:13:51.346918
x-axis motor v_rms,0.1,2025-07-29 13:13:51.346918
x-axis motor a_peak,600,2025-07-29 13:13:51.346918
x-axis motor a_rms,200,2025-07-29 13:13:51.346918
x-axis motor temp,23.1,2025-07-29 13:13:51.346918
x-axis motor crest,3.3,2025-07-29 13:13:51.346918
voltage,132.56666666666666,2025-07-29 13:13:51.346918
current,11.993333333333334,2025-07-29 13:13:51.346918
active power,1363.3333333333333,2025-07-29 13:13:51.346918
forward kWh,41.868,2025-07-29 13:13:51.346918
reverse kWh,1.2693333333333332,2025-07-29 13:13:51.346918
frequency,60.0,2025-07-29 13:13:51.346918
power factor,0.8533333333333334,2025-07-29 13:13:51.346918
featureId,UNAVAILABLE,2025-07-29 13:13:52.347165
partKindId,7606F116-3463-4EEF-96CC-1AC408FAA001,2025-07-29 13:13:52.347165
processKindId,1BFABEA4-68A9-484B-AE13-2E0BF9278D50,2025-07-29 13:13:52.347165
A_Axis_Load,7,2025-07-29 13:13:52.347165
A_Position,0.000668021023909704,2025-07-29 13:13:52.347165
C_Axis_Load,3,2025-07-29 13:13:52.347165
C_Position,30.0005,2025-07-29 13:13:52.347165
Machine_Time,2711540.494,2025-07-29 13:13:52.347165
Spindle_Time,739504.062,2025-07-29 13:13:52.347165
Feed_Override,100,2025-07-29 13:13:52.347165
Feed_Rate,71.25,2025-07-29 13:13:52.347165
Program_Runtime_Seconds,21,2025-07-29 13:13:52.347165
Rapid_Override,100,2025-07-29 13:13:52.347165
Rapid_Speed,0,2025-07-29 13:13:52.347165
S_Axis_Load,0,2025-07-29 13:13:52.347165
Spindle_Override,100,2025-07-29 13:13:52.347165
Spindle_Speed,9792,2025-07-29 13:13:52.347165
X_Axis_Load,12,2025-07-29 13:13:52.347165
X_Position,408.186528148036,2025-07-29 13:13:52.347165
Y_Axis_Load,2,2025-07-29 13:13:52.347165
Y_Position,206.20865418303,2025-07-29 13:13:52.347165
Z_Axis_Load,31,2025-07-29 13:13:52.347165
Z_Position,-340.107398944017,2025-07-29 13:13:52.347165
COR_Status,1,2025-07-29 13:13:52.347165
Controller_Mode,AUTO,2025-07-29 13:13:52.347165
EStop_State,ARMED,2025-07-29 13:13:52.347165
Machine_Mode,5,2025-07-29 13:13:52.347165
Block_Number,27,2025-07-29 13:13:52.347165
Current_Tool,6,2025-07-29 13:13:52.347165
Part_Count,19,2025-07-29 13:13:52.347165
Program_Name_Running,000473_A_A_PROGRAM_2.NC,2025-07-29 13:13:52.347165
spindle motor v_rms,1.5,2025-07-29 13:13:52.347165
spindle motor a_peak,20200,2025-07-29 13:13:52.347165
spindle motor a_rms,6700,2025-07-29 13:13:52.347165
spindle motor temp,35.7,2025-07-29 13:13:52.347165
spindle motor crest,3.0,2025-07-29 13:13:52.347165
z-axis bearing v_rms,0.4,2025-07-29 13:13:52.347165
z-axis bearing a_peak,12600,2025-07-29 13:13:52.347165
z-axis bearing a_rms,5200,2025-07-29 13:13:52.347165
z-axis bearing temp,24.2,2025-07-29 13:13:52.347165
z-axis bearing crest,2.4,2025-07-29 13:13:52.347165
z-axis motor v_rms,1.4,2025-07-29 13:13:52.347165
z-axis motor a_peak,5900,2025-07-29 13:13:52.347165
z-axis motor a_rms,2500,2025-07-29 13:13:52.347165
z-axis motor temp,29.5,2025-07-29 13:13:52.347165
z-axis motor crest,2.4,2025-07-29 13:13:52.347165
y-axis bearing v_rms,0.8,2025-07-29 13:13:52.347165
y-axis bearing a_peak,5400,2025-07-29 13:13:52.347165
y-axis bearing a_rms,2700,2025-07-29 13:13:52.347165
y-axis bearing temp,22.8,2025-07-29 13:13:52.347165
y-axis bearing crest,2.0,2025-07-29 13:13:52.347165
y-axis motor v_rms,1.8,2025-07-29 13:13:52.347165
y-axis motor a_peak,10400,2025-07-29 13:13:52.347165
y-axis motor a_rms,5400,2025-07-29 13:13:52.347165
y-axis motor temp,25.3,2025-07-29 13:13:52.347165
y-axis motor crest,1.9,2025-07-29 13:13:52.347165
x-axis motor v_rms,0.2,2025-07-29 13:13:52.347165
x-axis motor a_peak,600,2025-07-29 13:13:52.347165
x-axis motor a_rms,200,2025-07-29 13:13:52.347165
x-axis motor temp,23.1,2025-07-29 13:13:52.347165
x-axis motor crest,3.4,2025-07-29 13:13:52.347165
voltage,132.5,2025-07-29 13:13:52.347165
current,12.69,2025-07-29 13:13:52.347165
active power,1449.0,2025-07-29 13:13:52.347165
forward kWh,41.868,2025-07-29 13:13:52.347165
reverse kWh,1.2693333333333332,2025-07-29 13:13:52.347165
frequency,60.0,2025-07-29 13:13:52.347165
power factor,0.8733333333333334,2025-07-29 13:13:52.347165
featureId,UNAVAILABLE,2025-07-29 13:13:53.347410
partKindId,7606F116-3463-4EEF-96CC-1AC408FAA001,2025-07-29 13:13:53.347410
processKindId,1BFABEA4-68A9-484B-AE13-2E0BF9278D50,2025-07-29 13:13:53.347410
A_Axis_Load,7,2025-07-29 13:13:53.347410
A_Position,0.00116814420983566,2025-07-29 13:13:53.347410
C_Axis_Load,3,2025-07-29 13:13:53.347410
C_Position,30.001,2025-07-29 13:13:53.347410
Machine_Time,2711540.494,2025-07-29 13:13:53.347410
Spindle_Time,739504.062,2025-07-29 13:13:53.347410
Feed_Override,100,2025-07-29 13:13:53.347410
Feed_Rate,60.11667,2025-07-29 13:13:53.347410
Program_Runtime_Seconds,22,2025-07-29 13:13:53.347410
Rapid_Override,100,2025-07-29 13:13:53.347410
Rapid_Speed,0,2025-07-29 13:13:53.347410
S_Axis_Load,1,2025-07-29 13:13:53.347410
Spindle_Override,100,2025-07-29 13:13:53.347410
Spindle_Speed,9792,2025-07-29 13:13:53.347410
X_Axis_Load,7,2025-07-29 13:13:53.347410
X_Position,338.400212280018,2025-07-29 13:13:53.347410
Y_Axis_Load,1,2025-07-29 13:13:53.347410
Y_Position,206.208837277419,2025-07-29 13:13:53.347410
Z_Axis_Load,32,2025-07-29 13:13:53.347410
Z_Position,-340.107250188143,2025-07-29 13:13:53.347410
COR_Status,1,2025-07-29 13:13:53.347410
Controller_Mode,AUTO,2025-07-29 13:13:53.347410
EStop_State,ARMED,2025-07-29 13:13:53.347410
Machine_Mode,5,2025-07-29 13:13:53.347410
Block_Number,27,2025-07-29 13:13:53.347410
Current_Tool,6,2025-07-29 13:13:53.347410
Part_Count,19,2025-07-29 13:13:53.347410
Program_Name_Running,000473_A_A_PROGRAM_2.NC,2025-07-29 13:13:53.347410
spindle motor v_rms,1.2,2025-07-29 13:13:53.347410
spindle motor a_peak,18300,2025-07-29 13:13:53.347410
spindle motor a_rms,5400,2025-07-29 13:13:53.347410
spindle motor temp,35.8,2025-07-29 13:13:53.347410
spindle motor crest,3.4,2025-07-29 13:13:53.347410
z-axis bearing v_rms,0.3,2025-07-29 13:13:53.347410
z-axis bearing a_peak,12900,2025-07-29 13:13:53.347410
z-axis bearing a_rms,4200,2025-07-29 13:13:53.347410
z-axis bearing temp,24.2,2025-07-29 13:13:53.347410
z-axis bearing crest,3.1,2025-07-29 13:13:53.347410
z-axis motor v_rms,1.4,2025-07-29 13:13:53.347410
z-axis motor a_peak,5800,2025-07-29 13:13:53.347410
z-axis motor a_rms,2000,2025-07-29 13:13:53.347410
z-axis motor temp,29.5,2025-07-29 13:13:53.347410
z-axis motor crest,2.9,2025-07-29 13:13:53.347410
y-axis bearing v_rms,0.9,2025-07-29 13:13:53.347410
y-axis bearing a_peak,8100,2025-07-29 13:13:53.347410
y-axis bearing a_rms,2800,2025-07-29 13:13:53.347410
y-axis bearing temp,22.8,2025-07-29 13:13:53.347410
y-axis bearing crest,2.9,2025-07-29 13:13:53.347410
y-axis motor v_rms,1.3,2025-07-29 13:13:53.347410
y-axis motor a_peak,12600,2025-07-29 13:13:53.347410
y-axis motor a_rms,4200,2025-07-29 13:13:53.347410
y-axis motor temp,25.3,2025-07-29 13:13:53.347410
y-axis motor crest,3.0,2025-07-29 13:13:53.347410
x-axis motor v_rms,0.6,2025-07-29 13:13:53.347410
x-axis motor a_peak,700,2025-07-29 13:13:53.347410
x-axis motor a_rms,200,2025-07-29 13:13:53.347410
x-axis motor temp,23.1,2025-07-29 13:13:53.347410
x-axis motor crest,4.4,2025-07-29 13:13:53.347410
voltage,132.5,2025-07-29 13:13:53.347410
current,12.75,2025-07-29 13:13:53.347410
active power,1456.6666666666667,2025-07-29 13:13:53.347410
forward kWh,41.869,2025-07-29 13:13:53.347410
reverse kWh,1.2693333333333332,2025-07-29 13:13:53.347410
frequency,59.99,2025-07-29 13:13:53.347410
power factor,0.9466666666666667,2025-07-29 13:13:53.347410
featureId,UNAVAILABLE,2025-07-29 13:13:54.396099
partKindId,7606F116-3463-4EEF-96CC-1AC408FAA001,2025-07-29 13:13:54.396099
processKindId,1BFABEA4-68A9-484B-AE13-2E0BF9278D50,2025-07-29 13:13:54.396099
A_Axis_Load,7,2025-07-29 13:13:54.396099
A_Position,0.000668021023909704,2025-07-29 13:13:54.396099
C_Axis_Load,3,2025-07-29 13:13:54.396099
C_Position,30.0005,2025-07-29 13:13:54.396099
Machine_Time,2711540.494,2025-07-29 13:13:54.396099
Spindle_Time,739504.062,2025-07-29 13:13:54.396099
Feed_Override,100,2025-07-29 13:13:54.396099
Feed_Rate,71.25,2025-07-29 13:13:54.396099
Program_Runtime_Seconds,23,2025-07-29 13:13:54.396099
Rapid_Override,100,2025-07-29 13:13:54.396099
Rapid_Speed,0,2025-07-29 13:13:54.396099
S_Axis_Load,0,2025-07-29 13:13:54.396099
Spindle_Override,100,2025-07-29 13:13:54.396099
Spindle_Speed,9792,2025-07-29 13:13:54.396099
X_Axis_Load,0,2025-07-29 13:13:54.396099
X_Position,332.780247030486,2025-07-29 13:13:54.396099
Y_Axis_Load,8,2025-07-29 13:13:54.396099
Y_Position,269.687378861019,2025-07-29 13:13:54.396099
Z_Axis_Load,32,2025-07-29 13:13:54.396099
Z_Position,-340.107398944017,2025-07-29 13:13:54.396099
COR_Status,1,2025-07-29 13:13:54.396099
Controller_Mode,AUTO,2025-07-29 13:13:54.396099
EStop_State,ARMED,2025-07-29 13:13:54.396099
Machine_Mode,5,2025-07-29 13:13:54.396099
Block_Number,28,2025-07-29 13:13:54.396099
Current_Tool,6,2025-07-29 13:13:54.396099
Part_Count,19,2025-07-29 13:13:54.396099
Program_Name_Running,000473_A_A_PROGRAM_2.NC,2025-07-29 13:13:54.396099
spindle motor v_rms,1.2,2025-07-29 13:13:54.396099
spindle motor a_peak,12900,2025-07-29 13:13:54.396099
spindle motor a_rms,4200,2025-07-29 13:13:54.396099
spindle motor temp,35.8,2025-07-29 13:13:54.396099
spindle motor crest,3.1,2025-07-29 13:13:54.396099
z-axis bearing v_rms,0.5,2025-07-29 13:13:54.396099
z-axis bearing a_peak,12900,2025-07-29 13:13:54.396099
z-axis bearing a_rms,4000,2025-07-29 13:13:54.396099
z-axis bearing temp,24.2,2025-07-29 13:13:54.396099
z-axis bearing crest,3.2,2025-07-29 13:13:54.396099
z-axis motor v_rms,1.2,2025-07-29 13:13:54.396099
z-axis motor a_peak,6300,2025-07-29 13:13:54.396099
z-axis motor a_rms,1800,2025-07-29 13:13:54.396099
z-axis motor temp,29.5,2025-07-29 13:13:54.396099
z-axis motor crest,3.4,2025-07-29 13:13:54.396099
y-axis bearing v_rms,1.3,2025-07-29 13:13:54.396099
y-axis bearing a_peak,11100,2025-07-29 13:13:54.396099
y-axis bearing a_rms,4400,2025-07-29 13:13:54.396099
y-axis bearing temp,22.8,2025-07-29 13:13:54.396099
y-axis bearing crest,2.5,2025-07-29 13:13:54.396099
y-axis motor v_rms,1.6,2025-07-29 13:13:54.396099
y-axis motor a_peak,13500,2025-07-29 13:13:54.396099
y-axis motor a_rms,5100,2025-07-29 13:13:54.396099
y-axis motor temp,25.3,2025-07-29 13:13:54.396099
y-axis motor crest,2.6,2025-07-29 13:13:54.396099
x-axis motor v_rms,0.9,2025-07-29 13:13:54.396099
x-axis motor a_peak,600,2025-07-29 13:13:54.396099
x-axis motor a_rms,200,2025-07-29 13:13:54.396099
x-axis motor temp,23.1,2025-07-29 13:13:54.396099
x-axis motor crest,4.1,2025-07-29 13:13:54.396099
voltage,132.5,2025-07-29 13:13:54.396099
current,12.253333333333336,2025-07-29 13:13:54.396099
active power,1395.6666666666667,2025-07-29 13:13:54.396099
forward kWh,41.869,2025-07-29 13:13:54.396099
reverse kWh,1.2693333333333332,2025-07-29 13:13:54.396099
frequency,59.99,2025-07-29 13:13:54.396099
power factor,0.9,2025-07-29 13:13:54.396099
featureId,UNAVAILABLE,2025-07-29 13:13:55.396297
partKindId,7606F116-3463-4EEF-96CC-1AC408FAA001,2025-07-29 13:13:55.396297
processKindId,1BFABEA4-68A9-484B-AE13-2E0BF9278D50,2025-07-29 13:13:55.396297
A_Axis_Load,7,2025-07-29 13:13:55.396297
A_Position,0.000668021023909704,2025-07-29 13:13:55.396297
C_Axis_Load,3,2025-07-29 13:13:55.396297
C_Position,30,2025-07-29 13:13:55.396297
Machine_Time,2711540.494,2025-07-29 13:13:55.396297
Spindle_Time,739504.062,2025-07-29 13:13:55.396297
Feed_Override,100,2025-07-29 13:13:55.396297
Feed_Rate,71.25,2025-07-29 13:13:55.396297
Program_Runtime_Seconds,24,2025-07-29 13:13:55.396297
Rapid_Override,100,2025-07-29 13:13:55.396297
Rapid_Speed,0,2025-07-29 13:13:55.396297
S_Axis_Load,0,2025-07-29 13:13:55.396297
Spindle_Override,100,2025-07-29 13:13:55.396297
Spindle_Speed,9792,2025-07-29 13:13:55.396297
X_Axis_Load,9,2025-07-29 13:13:55.396297
X_Position,376.322510537785,2025-07-29 13:13:55.396297
Y_Axis_Load,1,2025-07-29 13:13:55.396297
Y_Position,298.918717744028,2025-07-29 13:13:55.396297
Z_Axis_Load,31,2025-07-29 13:13:55.396297
Z_Position,-340.107376058497,2025-07-29 13:13:55.396297
COR_Status,1,2025-07-29 13:13:55.396297
Controller_Mode,AUTO,2025-07-29 13:13:55.396297
EStop_State,ARMED,2025-07-29 13:13:55.396297
Machine_Mode,5,2025-07-29 13:13:55.396297
Block_Number,29,2025-07-29 13:13:55.396297
Current_Tool,6,2025-07-29 13:13:55.396297
Part_Count,19,2025-07-29 13:13:55.396297
Program_Name_Running,000473_A_A_PROGRAM_2.NC,2025-07-29 13:13:55.396297
spindle motor v_rms,0.8,2025-07-29 13:13:55.396297
spindle motor a_peak,15200,2025-07-29 13:13:55.396297
spindle motor a_rms,3900,2025-07-29 13:13:55.396297
spindle motor temp,35.8,2025-07-29 13:13:55.396297
spindle motor crest,3.9,2025-07-29 13:13:55.396297
z-axis bearing v_rms,0.4,2025-07-29 13:13:55.396297
z-axis bearing a_peak,12500,2025-07-29 13:13:55.396297
z-axis bearing a_rms,3000,2025-07-29 13:13:55.396297
z-axis bearing temp,24.2,2025-07-29 13:13:55.396297
z-axis bearing crest,4.2,2025-07-29 13:13:55.396297
z-axis motor v_rms,1.4,2025-07-29 13:13:55.396297
z-axis motor a_peak,5600,2025-07-29 13:13:55.396297
z-axis motor a_rms,1700,2025-07-29 13:13:55.396297
z-axis motor temp,29.5,2025-07-29 13:13:55.396297
z-axis motor crest,3.2,2025-07-29 13:13:55.396297
y-axis bearing v_rms,0.7,2025-07-29 13:13:55.396297
y-axis bearing a_peak,7100,2025-07-29 13:13:55.396297
y-axis bearing a_rms,2300,2025-07-29 13:13:55.396297
y-axis bearing temp,22.8,2025-07-29 13:13:55.396297
y-axis bearing crest,3.1,2025-07-29 13:13:55.396297
y-axis motor v_rms,1.1,2025-07-29 13:13:55.396297
y-axis motor a_peak,9300,2025-07-29 13:13:55.396297
y-axis motor a_rms,3400,2025-07-29 13:13:55.396297
y-axis motor temp,25.3,2025-07-29 13:13:55.396297
y-axis motor crest,2.8,2025-07-29 13:13:55.396297
x-axis motor v_rms,0.9,2025-07-29 13:13:55.396297
x-axis motor a_peak,800,2025-07-29 13:13:55.396297
x-axis motor a_rms,200,2025-07-29 13:13:55.396297
x-axis motor temp,23.1,2025-07-29 13:13:55.396297
x-axis motor crest,4.6,2025-07-29 13:13:55.396297
voltage,132.56666666666666,2025-07-29 13:13:55.396297
current,12.209999999999999,2025-07-29 13:13:55.396297
active power,1385.6666666666667,2025-07-29 13:13:55.396297
forward kWh,41.86933333333334,2025-07-29 13:13:55.396297
reverse kWh,1.2693333333333332,2025-07-29 13:13:55.396297
frequency,60.0,2025-07-29 13:13:55.396297
power factor,0.9199999999999999,2025-07-29 13:13:55.396297
featureId,UNAVAILABLE,2025-07-29 13:13:57.649009
partKindId,7606F116-3463-4EEF-96CC-1AC408FAA001,2025-07-29 13:13:57.649009
processKindId,1BFABEA4-68A9-484B-AE13-2E0BF9278D50,2025-07-29 13:13:57.649009
A_Axis_Load,7,2025-07-29 13:13:57.649009
A_Position,0.000668021023909704,2025-07-29 13:13:57.649009
C_Axis_Load,3,2025-07-29 13:13:57.649009
C_Position,30.0005,2025-07-29 13:13:57.649009
Machine_Time,2711540.494,2025-07-29 13:13:57.649009
Spindle_Time,739504.062,2025-07-29 13:13:57.649009
Feed_Override,100,2025-07-29 13:13:57.649009
Feed_Rate,57.9,2025-07-29 13:13:57.649009
Program_Runtime_Seconds,27,2025-07-29 13:13:57.649009
Rapid_Override,100,2025-07-29 13:13:57.649009
Rapid_Speed,0,2025-07-29 13:13:57.649009
S_Axis_Load,0,2025-07-29 13:13:57.649009
Spindle_Override,100,2025-07-29 13:13:57.649009
Spindle_Speed,9792,2025-07-29 13:13:57.649009
X_Axis_Load,11,2025-07-29 13:13:57.649009
X_Position,420.172059596511,2025-07-29 13:13:57.649009
Y_Axis_Load,3,2025-07-29 13:13:57.649009
Y_Position,212.563150924276,2025-07-29 13:13:57.649009
Z_Axis_Load,31,2025-07-29 13:13:57.649009
Z_Position,-340.107433272295,2025-07-29 13:13:57.649009
COR_Status,1,2025-07-29 13:13:57.649009
Controller_Mode,AUTO,2025-07-29 13:13:57.649009
EStop_State,ARMED,2025-07-29 13:13:57.649009
Machine_Mode,5,2025-07-29 13:13:57.649009
Block_Number,33,2025-07-29 13:13:57.649009
Current_Tool,6,2025-07-29 13:13:57.649009
Part_Count,19,2025-07-29 13:13:57.649009
Program_Name_Running,000473_A_A_PROGRAM_2.NC,2025-07-29 13:13:57.649009
spindle motor v_rms,1.3,2025-07-29 13:13:57.649009
spindle motor a_peak,19500,2025-07-29 13:13:57.649009
spindle motor a_rms,5900,2025-07-29 13:13:57.649009
spindle motor temp,35.8,2025-07-29 13:13:57.649009
spindle motor crest,3.3,2025-07-29 13:13:57.649009
z-axis bearing v_rms,0.3,2025-07-29 13:13:57.649009
z-axis bearing a_peak,12600,2025-07-29 13:13:57.649009
z-axis bearing a_rms,4800,2025-07-29 13:13:57.649009
z-axis bearing temp,24.2,2025-07-29 13:13:57.649009
z-axis bearing crest,2.6,2025-07-29 13:13:57.649009
z-axis motor v_rms,1.4,2025-07-29 13:13:57.649009
z-axis motor a_peak,7300,2025-07-29 13:13:57.649009
z-axis motor a_rms,2300,2025-07-29 13:13:57.649009
z-axis motor temp,29.5,2025-07-29 13:13:57.649009
z-axis motor crest,3.1,2025-07-29 13:13:57.649009
y-axis bearing v_rms,0.8,2025-07-29 13:13:57.649009
y-axis bearing a_peak,5800,2025-07-29 13:13:57.649009
y-axis bearing a_rms,2600,2025-07-29 13:13:57.649009
y-axis bearing temp,22.8,2025-07-29 13:13:57.649009
y-axis bearing crest,2.2,2025-07-29 13:13:57.649009
y-axis motor v_rms,1.6,2025-07-29 13:13:57.649009
y-axis motor a_peak,10600,2025-07-29 13:13:57.649009
y-axis motor a_rms,4900,2025-07-29 13:13:57.649009
y-axis motor temp,25.3,2025-07-29 13:13:57.649009
y-axis motor crest,2.2,2025-07-29 13:13:57.649009
x-axis motor v_rms,0.2,2025-07-29 13:13:57.649009
x-axis motor a_peak,600,2025-07-29 13:13:57.649009
x-axis motor a_rms,200,2025-07-29 13:13:57.649009
x-axis motor temp,23.1,2025-07-29 13:13:57.649009
x-axis motor crest,3.5,2025-07-29 13:13:57.649009
voltage,132.53333333333333,2025-07-29 13:13:57.649009
current,12.833333333333334,2025-07-29 13:13:57.649009
active power,1466.3333333333333,2025-07-29 13:13:57.649009
forward kWh,41.870333333333335,2025-07-29 13:13:57.649009
reverse kWh,1.2693333333333332,2025-07-29 13:13:57.649009
frequency,59.99,2025-07-29 13:13:57.649009
power factor,0.93,2025-07-29 13:13:57.649009
featureId,UNAVAILABLE,2025-07-29 13:13:58.649266
partKindId,7606F116-3463-4EEF-96CC-1AC408FAA001,2025-07-29 13:13:58.649266
processKindId,1BFABEA4-68A9-484B-AE13-2E0BF9278D50,2025-07-29 13:13:58.649266
A_Axis_Load,7,2025-07-29 13:13:58.649266
A_Position,0.000668021023909704,2025-07-29 13:13:58.649266
C_Axis_Load,3,2025-07-29 13:13:58.649266
C_Position,30.001,2025-07-29 13:13:58.649266
Machine_Time,2711540.494,2025-07-29 13:13:58.649266
Spindle_Time,739504.062,2025-07-29 13:13:58.649266
Feed_Override,100,2025-07-29 13:13:58.649266
Feed_Rate,71.25,2025-07-29 13:13:58.649266
Program_Runtime_Seconds,28,2025-07-29 13:13:58.649266
Rapid_Override,100,2025-07-29 13:13:58.649266
Rapid_Speed,0,2025-07-29 13:13:58.649266
S_Axis_Load,0,2025-07-29 13:13:58.649266
Spindle_Override,100,2025-07-29 13:13:58.649266
Spindle_Speed,9792,2025-07-29 13:13:58.649266
X_Axis_Load,12,2025-07-29 13:13:58.649266
X_Position,343.279349311575,2025-07-29 13:13:58.649266
Y_Axis_Load,0,2025-07-29 13:13:58.649266
Y_Position,212.558928309936,2025-07-29 13:13:58.649266
Z_Axis_Load,32,2025-07-29 13:13:58.649266
Z_Position,-340.107353172978,2025-07-29 13:13:58.649266
COR_Status,1,2025-07-29 13:13:58.649266
Controller_Mode,AUTO,2025-07-29 13:13:58.649266
EStop_State,ARMED,2025-07-29 13:13:58.649266
Machine_Mode,5,2025-07-29 13:13:58.649266
Block_Number,33,2025-07-29 13:13:58.649266
Current_Tool,6,2025-07-29 13:13:58.649266
Part_Count,19,2025-07-29 13:13:58.649266
Program_Name_Running,000473_A_A_PROGRAM_2.NC,2025-07-29 13:13:58.649266
spindle motor v_rms,1.2,2025-07-29 13:13:58.649266
spindle motor a_peak,19500,2025-07-29 13:13:58.649266
spindle motor a_rms,5200,2025-07-29 13:13:58.649266
spindle motor temp,35.8,2025-07-29 13:13:58.649266
spindle motor crest,3.7,2025-07-29 13:13:58.649266
z-axis bearing v_rms,0.4,2025-07-29 13:13:58.649266
z-axis bearing a_peak,13700,2025-07-29 13:13:58.649266
z-axis bearing a_rms,4200,2025-07-29 13:13:58.649266
z-axis bearing temp,24.2,2025-07-29 13:13:58.649266
z-axis bearing crest,3.3,2025-07-29 13:13:58.649266
z-axis motor v_rms,1.3,2025-07-29 13:13:58.649266
z-axis motor a_peak,6500,2025-07-29 13:13:58.649266
z-axis motor a_rms,1900,2025-07-29 13:13:58.649266
z-axis motor temp,29.5,2025-07-29 13:13:58.649266
z-axis motor crest,3.3,2025-07-29 13:13:58.649266
y-axis bearing v_rms,0.9,2025-07-29 13:13:58.649266
y-axis bearing a_peak,8300,2025-07-29 13:13:58.649266
y-axis bearing a_rms,3100,2025-07-29 13:13:58.649266
y-axis bearing temp,22.8,2025-07-29 13:13:58.649266
y-axis bearing crest,2.7,2025-07-29 13:13:58.649266
y-axis motor v_rms,1.4,2025-07-29 13:13:58.649266
y-axis motor a_peak,12700,2025-07-29 13:13:58.649266
y-axis motor a_rms,4400,2025-07-29 13:13:58.649266
y-axis motor temp,25.3,2025-07-29 13:13:58.649266
y-axis motor crest,2.9,2025-07-29 13:13:58.649266
x-axis motor v_rms,0.6,2025-07-29 13:13:58.649266
x-axis motor a_peak,600,2025-07-29 13:13:58.649266
x-axis motor a_rms,100,2025-07-29 13:13:58.649266
x-axis motor temp,23.1,2025-07-29 13:13:58.649266
x-axis motor crest,4.3,2025-07-29 13:13:58.649266
voltage,132.53333333333333,2025-07-29 13:13:58.649266
current,12.840000000000002,2025-07-29 13:13:58.649266
active power,1374.6666666666667,2025-07-29 13:13:58.649266
forward kWh,41.87133333333333,2025-07-29 13:13:58.649266
reverse kWh,1.2693333333333332,2025-07-29 13:13:58.649266
frequency,59.99,2025-07-29 13:13:58.649266
power factor,0.8066666666666666,2025-07-29 13:13:58.649266
featureId,UNAVAILABLE,2025-07-29 13:14:01.115614
partKindId,7606F116-3463-4EEF-96CC-1AC408FAA001,2025-07-29 13:14:01.115614
processKindId,1BFABEA4-68A9-484B-AE13-2E0BF9278D50,2025-07-29 13:14:01.115614
A_Axis_Load,7,2025-07-29 13:14:01.115614
A_Position,0.000668021023909704,2025-07-29 13:14:01.115614
C_Axis_Load,3,2025-07-29 13:14:01.115614
C_Position,30.0005,2025-07-29 13:14:01.115614
Machine_Time,2711540.494,2025-07-29 13:14:01.115614
Spindle_Time,739504.062,2025-07-29 13:14:01.115614
Feed_Override,100,2025-07-29 13:14:01.115614
Feed_Rate,69.71667,2025-07-29 13:14:01.115614
Program_Runtime_Seconds,30,2025-07-29 13:14:01.115614
Rapid_Override,100,2025-07-29 13:14:01.115614
Rapid_Speed,0,2025-07-29 13:14:01.115614
S_Axis_Load,0,2025-07-29 13:14:01.115614
Spindle_Override,100,2025-07-29 13:14:01.115614
Spindle_Speed,9792,2025-07-29 13:14:01.115614
X_Axis_Load,11,2025-07-29 13:14:01.115614
X_Position,403.665320663775,2025-07-29 13:14:01.115614
Y_Axis_Load,4,2025-07-29 13:14:01.115614
Y_Position,286.218797558964,2025-07-29 13:14:01.115614
Z_Axis_Load,31,2025-07-29 13:14:01.115614
Z_Position,-340.107444715055,2025-07-29 13:14:01.115614
COR_Status,1,2025-07-29 13:14:01.115614
Controller_Mode,AUTO,2025-07-29 13:14:01.115614
EStop_State,ARMED,2025-07-29 13:14:01.115614
Machine_Mode,5,2025-07-29 13:14:01.115614
Block_Number,37,2025-07-29 13:14:01.115614
Current_Tool,6,2025-07-29 13:14:01.115614
Part_Count,19,2025-07-29 13:14:01.115614
Program_Name_Running,000473_A_A_PROGRAM_2.NC,2025-07-29 13:14:01.115614
spindle motor v_rms,0.8,2025-07-29 13:14:01.115614
spindle motor a_peak,22300,2025-07-29 13:14:01.115614
spindle motor a_rms,5100,2025-07-29 13:14:01.115614
spindle motor temp,35.8,2025-07-29 13:14:01.115614
spindle motor crest,4.3,2025-07-29 13:14:01.115614
z-axis bearing v_rms,0.4,2025-07-29 13:14:01.115614
z-axis bearing a_peak,14400,2025-07-29 13:14:01.115614
z-axis bearing a_rms,4000,2025-07-29 13:14:01.115614
z-axis bearing temp,24.2,2025-07-29 13:14:01.115614
z-axis bearing crest,3.6,2025-07-29 13:14:01.115614
z-axis motor v_rms,1.4,2025-07-29 13:14:01.115614
z-axis motor a_peak,7800,2025-07-29 13:14:01.115614
z-axis motor a_rms,2000,2025-07-29 13:14:01.115614
z-axis motor temp,29.5,2025-07-29 13:14:01.115614
z-axis motor crest,3.8,2025-07-29 13:14:01.115614
y-axis bearing v_rms,0.9,2025-07-29 13:14:01.115614
y-axis bearing a_peak,8200,2025-07-29 13:14:01.115614
y-axis bearing a_rms,2800,2025-07-29 13:14:01.115614
y-axis bearing temp,22.8,2025-07-29 13:14:01.115614
y-axis bearing crest,2.9,2025-07-29 13:14:01.115614
y-axis motor v_rms,1.4,2025-07-29 13:14:01.115614
y-axis motor a_peak,12100,2025-07-29 13:14:01.115614
y-axis motor a_rms,4300,2025-07-29 13:14:01.115614
y-axis motor temp,25.3,2025-07-29 13:14:01.115614
y-axis motor crest,2.8,2025-07-29 13:14:01.115614
x-axis motor v_rms,0.6,2025-07-29 13:14:01.115614
x-axis motor a_peak,700,2025-07-29 13:14:01.115614
x-axis motor a_rms,200,2025-07-29 13:14:01.115614
x-axis motor temp,23.1,2025-07-29 13:14:01.115614
x-axis motor crest,4.1,2025-07-29 13:14:01.115614
voltage,132.53333333333333,2025-07-29 13:14:01.115614
current,12.840000000000002,2025-07-29 13:14:01.115614
active power,1374.6666666666667,2025-07-29 13:14:01.115614
forward kWh,41.87133333333333,2025-07-29 13:14:01.115614
reverse kWh,1.2693333333333332,2025-07-29 13:14:01.115614
frequency,59.99,2025-07-29 13:14:01.115614
power factor,0.8066666666666666,2025-07-29 13:14:01.115614
featureId,UNAVAILABLE,2025-07-29 13:14:02.115882
partKindId,7606F116-3463-4EEF-96CC-1AC408FAA001,2025-07-29 13:14:02.115882
processKindId,1BFABEA4-68A9-484B-AE13-2E0BF9278D50,2025-07-29 13:14:02.115882
A_Axis_Load,7,2025-07-29 13:14:02.115882
A_Position,0.000668021023909704,2025-07-29 13:14:02.115882
C_Axis_Load,3,2025-07-29 13:14:02.115882
C_Position,30.0005,2025-07-29 13:14:02.115882
Machine_Time,2711540.494,2025-07-29 13:14:02.115882
Spindle_Time,739504.062,2025-07-29 13:14:02.115882
Feed_Override,100,2025-07-29 13:14:02.115882
Feed_Rate,71.2,2025-07-29 13:14:02.115882
Program_Runtime_Seconds,31,2025-07-29 13:14:02.115882
Rapid_Override,100,2025-07-29 13:14:02.115882
Rapid_Speed,0,2025-07-29 13:14:02.115882
S_Axis_Load,0,2025-07-29 13:14:02.115882
Spindle_Override,100,2025-07-29 13:14:02.115882
Spindle_Speed,9792,2025-07-29 13:14:02.115882
X_Axis_Load,0,2025-07-29 13:14:02.115882
X_Position,415.329978864804,2025-07-29 13:14:02.115882
Y_Axis_Load,9,2025-07-29 13:14:02.115882
Y_Position,221.484001608225,2025-07-29 13:14:02.115882
Z_Axis_Load,32,2025-07-29 13:14:02.115882
Z_Position,-340.107410386776,2025-07-29 13:14:02.115882
COR_Status,1,2025-07-29 13:14:02.115882
Controller_Mode,AUTO,2025-07-29 13:14:02.115882
EStop_State,ARMED,2025-07-29 13:14:02.115882
Machine_Mode,5,2025-07-29 13:14:02.115882
Block_Number,38,2025-07-29 13:14:02.115882
Current_Tool,6,2025-07-29 13:14:02.115882
Part_Count,19,2025-07-29 13:14:02.115882
Program_Name_Running,000473_A_A_PROGRAM_2.NC,2025-07-29 13:14:02.115882
spindle motor v_rms,0.8,2025-07-29 13:14:02.115882
spindle motor a_peak,20200,2025-07-29 13:14:02.115882
spindle motor a_rms,3300,2025-07-29 13:14:02.115882
spindle motor temp,35.8,2025-07-29 13:14:02.115882
spindle motor crest,6.2,2025-07-29 13:14:02.115882
z-axis bearing v_rms,0.3,2025-07-29 13:14:02.115882
z-axis bearing a_peak,13700,2025-07-29 13:14:02.115882
z-axis bearing a_rms,3500,2025-07-29 13:14:02.115882
z-axis bearing temp,24.2,2025-07-29 13:14:02.115882
z-axis bearing crest,3.9,2025-07-29 13:14:02.115882
z-axis motor v_rms,1.3,2025-07-29 13:14:02.115882
z-axis motor a_peak,7300,2025-07-29 13:14:02.115882
z-axis motor a_rms,1800,2025-07-29 13:14:02.115882
z-axis motor temp,29.5,2025-07-29 13:14:02.115882
z-axis motor crest,4.0,2025-07-29 13:14:02.115882
y-axis bearing v_rms,0.8,2025-07-29 13:14:02.115882
y-axis bearing a_peak,6400,2025-07-29 13:14:02.115882
y-axis bearing a_rms,2600,2025-07-29 13:14:02.115882
y-axis bearing temp,22.8,2025-07-29 13:14:02.115882
y-axis bearing crest,2.5,2025-07-29 13:14:02.115882
y-axis motor v_rms,1.3,2025-07-29 13:14:02.115882
y-axis motor a_peak,13000,2025-07-29 13:14:02.115882
y-axis motor a_rms,4100,2025-07-29 13:14:02.115882
y-axis motor temp,25.3,2025-07-29 13:14:02.115882
y-axis motor crest,3.2,2025-07-29 13:14:02.115882
x-axis motor v_rms,0.9,2025-07-29 13:14:02.115882
x-axis motor a_peak,700,2025-07-29 13:14:02.115882
x-axis motor a_rms,200,2025-07-29 13:14:02.115882
x-axis motor temp,23.1,2025-07-29 13:14:02.115882
x-axis motor crest,3.7,2025-07-29 13:14:02.115882
voltage,132.6,2025-07-29 13:14:02.115882
current,11.33,2025-07-29 13:14:02.115882
active power,1287.3333333333333,2025-07-29 13:14:02.115882
forward kWh,41.87200000000001,2025-07-29 13:14:02.115882
reverse kWh,1.2693333333333332,2025-07-29 13:14:02.115882
frequency,59.99,2025-07-29 13:14:02.115882
power factor,0.94,2025-07-29 13:14:02.115882
featureId,UNAVAILABLE,2025-07-29 13:14:05.008960
partKindId,7606F116-3463-4EEF-96CC-1AC408FAA001,2025-07-29 13:14:05.008960
processKindId,1BFABEA4-68A9-484B-AE13-2E0BF9278D50,2025-07-29 13:14:05.008960
A_Axis_Load,7,2025-07-29 13:14:05.008960
A_Position,0.000668021023909704,2025-07-29 13:14:05.008960
C_Axis_Load,3,2025-07-29 13:14:05.008960
C_Position,30.0005,2025-07-29 13:14:05.008960
Machine_Time,2711540.494,2025-07-29 13:14:05.008960
Spindle_Time,739504.062,2025-07-29 13:14:05.008960
Feed_Override,100,2025-07-29 13:14:05.008960
Feed_Rate,51.85,2025-07-29 13:14:05.008960
Program_Runtime_Seconds,34,2025-07-29 13:14:05.008960
Rapid_Override,100,2025-07-29 13:14:05.008960
Rapid_Speed,0,2025-07-29 13:14:05.008960
S_Axis_Load,1,2025-07-29 13:14:05.008960
Spindle_Override,100,2025-07-29 13:14:05.008960
Spindle_Speed,9792,2025-07-29 13:14:05.008960
X_Axis_Load,26,2025-07-29 13:14:05.008960
X_Position,380.405467931019,2025-07-29 13:14:05.008960
Y_Axis_Load,17,2025-07-29 13:14:05.008960
Y_Position,280.607139381461,2025-07-29 13:14:05.008960
Z_Axis_Load,32,2025-07-29 13:14:05.008960
Z_Position,-340.107444715055,2025-07-29 13:14:05.008960
COR_Status,1,2025-07-29 13:14:05.008960
Controller_Mode,AUTO,2025-07-29 13:14:05.008960
EStop_State,ARMED,2025-07-29 13:14:05.008960
Machine_Mode,5,2025-07-29 13:14:05.008960
Block_Number,41,2025-07-29 13:14:05.008960
Current_Tool,6,2025-07-29 13:14:05.008960
Part_Count,19,2025-07-29 13:14:05.008960
Program_Name_Running,000473_A_A_PROGRAM_2.NC,2025-07-29 13:14:05.008960
spindle motor v_rms,0.8,2025-07-29 13:14:05.008960
spindle motor a_peak,17800,2025-07-29 13:14:05.008960
spindle motor a_rms,4000,2025-07-29 13:14:05.008960
spindle motor temp,35.8,2025-07-29 13:14:05.008960
spindle motor crest,4.4,2025-07-29 13:14:05.008960
z-axis bearing v_rms,0.4,2025-07-29 13:14:05.008960
z-axis bearing a_peak,11500,2025-07-29 13:14:05.008960
z-axis bearing a_rms,3200,2025-07-29 13:14:05.008960
z-axis bearing temp,24.2,2025-07-29 13:14:05.008960
z-axis bearing crest,3.5,2025-07-29 13:14:05.008960
z-axis motor v_rms,1.4,2025-07-29 13:14:05.008960
z-axis motor a_peak,5800,2025-07-29 13:14:05.008960
z-axis motor a_rms,2000,2025-07-29 13:14:05.008960
z-axis motor temp,29.5,2025-07-29 13:14:05.008960
z-axis motor crest,3.0,2025-07-29 13:14:05.008960
y-axis bearing v_rms,0.8,2025-07-29 13:14:05.008960
y-axis bearing a_peak,6800,2025-07-29 13:14:05.008960
y-axis bearing a_rms,2600,2025-07-29 13:14:05.008960
y-axis bearing temp,22.8,2025-07-29 13:14:05.008960
y-axis bearing crest,2.6,2025-07-29 13:14:05.008960
y-axis motor v_rms,1.4,2025-07-29 13:14:05.008960
y-axis motor a_peak,9900,2025-07-29 13:14:05.008960
y-axis motor a_rms,4200,2025-07-29 13:14:05.008960
y-axis motor temp,25.3,2025-07-29 13:14:05.008960
y-axis motor crest,2.3,2025-07-29 13:14:05.008960
x-axis motor v_rms,0.8,2025-07-29 13:14:05.008960
x-axis motor a_peak,500,2025-07-29 13:14:05.008960
x-axis motor a_rms,200,2025-07-29 13:14:05.008960
x-axis motor temp,23.1,2025-07-29 13:14:05.008960
x-axis motor crest,3.1,2025-07-29 13:14:05.008960
voltage,132.63333333333335,2025-07-29 13:14:05.008960
current,11.463333333333333,2025-07-29 13:14:05.008960
active power,1300.3333333333333,2025-07-29 13:14:05.008960
forward kWh,41.873333333333335,2025-07-29 13:14:05.008960
reverse kWh,1.2693333333333332,2025-07-29 13:14:05.008960
frequency,59.99,2025-07-29 13:14:05.008960
power factor,0.8466666666666667,2025-07-29 13:14:05.008960
featureId,UNAVAILABLE,2025-07-29 13:14:06.421812
partKindId,7606F116-3463-4EEF-96CC-1AC408FAA001,2025-07-29 13:14:06.421812
processKindId,1BFABEA4-68A9-484B-AE13-2E0BF9278D50,2025-07-29 13:14:06.421812
A_Axis_Load,7,2025-07-29 13:14:06.421812
A_Position,0.000668021023909704,2025-07-29 13:14:06.421812
C_Axis_Load,3,2025-07-29 13:14:06.421812
C_Position,30.001,2025-07-29 13:14:06.421812
Machine_Time,2711540.494,2025-07-29 13:14:06.421812
Spindle_Time,739504.062,2025-07-29 13:14:06.421812
Feed_Override,100,2025-07-29 13:14:06.421812
Feed_Rate,38.45,2025-07-29 13:14:06.421812
Program_Runtime_Seconds,35,2025-07-29 13:14:06.421812
Rapid_Override,100,2025-07-29 13:14:06.421812
Rapid_Speed,0,2025-07-29 13:14:06.421812
S_Axis_Load,0,2025-07-29 13:14:06.421812
Spindle_Override,100,2025-07-29 13:14:06.421812
Spindle_Speed,9792,2025-07-29 13:14:06.421812
X_Axis_Load,42,2025-07-29 13:14:06.421812
X_Position,406.26618167792,2025-07-29 13:14:06.421812
Y_Axis_Load,6,2025-07-29 13:14:06.421812
Y_Position,225.260140280907,2025-07-29 13:14:06.421812
Z_Axis_Load,31,2025-07-29 13:14:06.421812
Z_Position,-340.107444715055,2025-07-29 13:14:06.421812
COR_Status,1,2025-07-29 13:14:06.421812
Controller_Mode,AUTO,2025-07-29 13:14:06.421812
EStop_State,ARMED,2025-07-29 13:14:06.421812
Machine_Mode,5,2025-07-29 13:14:06.421812
Block_Number,45,2025-07-29 13:14:06.421812
Current_Tool,6,2025-07-29 13:14:06.421812
Part_Count,19,2025-07-29 13:14:06.421812
Program_Name_Running,000473_A_A_PROGRAM_2.NC,2025-07-29 13:14:06.421812
spindle motor v_rms,1.5,2025-07-29 13:14:06.421812
spindle motor a_peak,20800,2025-07-29 13:14:06.421812
spindle motor a_rms,6800,2025-07-29 13:14:06.421812
spindle motor temp,35.8,2025-07-29 13:14:06.421812
spindle motor crest,3.1,2025-07-29 13:14:06.421812
z-axis bearing v_rms,0.4,2025-07-29 13:14:06.421812
z-axis bearing a_peak,13100,2025-07-29 13:14:06.421812
z-axis bearing a_rms,5500,2025-07-29 13:14:06.421812
z-axis bearing temp,24.2,2025-07-29 13:14:06.421812
z-axis bearing crest,2.4,2025-07-29 13:14:06.421812
z-axis motor v_rms,1.4,2025-07-29 13:14:06.421812
z-axis motor a_peak,6000,2025-07-29 13:14:06.421812
z-axis motor a_rms,2400,2025-07-29 13:14:06.421812
z-axis motor temp,29.5,2025-07-29 13:14:06.421812
z-axis motor crest,2.5,2025-07-29 13:14:06.421812
y-axis bearing v_rms,0.8,2025-07-29 13:14:06.421812
y-axis bearing a_peak,5700,2025-07-29 13:14:06.421812
y-axis bearing a_rms,2700,2025-07-29 13:14:06.421812
y-axis bearing temp,22.8,2025-07-29 13:14:06.421812
y-axis bearing crest,2.1,2025-07-29 13:14:06.421812
y-axis motor v_rms,1.9,2025-07-29 13:14:06.421812
y-axis motor a_peak,11900,2025-07-29 13:14:06.421812
y-axis motor a_rms,5700,2025-07-29 13:14:06.421812
y-axis motor temp,25.3,2025-07-29 13:14:06.421812
y-axis motor crest,2.1,2025-07-29 13:14:06.421812
x-axis motor v_rms,0.2,2025-07-29 13:14:06.421812
x-axis motor a_peak,600,2025-07-29 13:14:06.421812
x-axis motor a_rms,200,2025-07-29 13:14:06.421812
x-axis motor temp,23.1,2025-07-29 13:14:06.421812
x-axis motor crest,3.4,2025-07-29 13:14:06.421812
voltage,132.6,2025-07-29 13:14:06.421812
current,11.733333333333334,2025-07-29 13:14:06.421812
active power,1331.0,2025-07-29 13:14:06.421812
forward kWh,41.873666666666665,2025-07-29 13:14:06.421812
reverse kWh,1.2693333333333332,2025-07-29 13:14:06.421812
frequency,59.99,2025-07-29 13:14:06.421812
power factor,0.7966666666666665,2025-07-29 13:14:06.421812
featureId,UNAVAILABLE,2025-07-29 13:14:07.625713
partKindId,7606F116-3463-4EEF-96CC-1AC408FAA001,2025-07-29 13:14:07.625713
processKindId,1BFABEA4-68A9-484B-AE13-2E0BF9278D50,2025-07-29 13:14:07.625713
A_Axis_Load,7,2025-07-29 13:14:07.625713
A_Position,0.000668021023909704,2025-07-29 13:14:07.625713
C_Axis_Load,3,2025-07-29 13:14:07.625713
C_Position,30.0005,2025-07-29 13:14:07.625713
Machine_Time,2711540.494,2025-07-29 13:14:07.625713
Spindle_Time,739504.062,2025-07-29 13:14:07.625713
Feed_Override,100,2025-07-29 13:14:07.625713
Feed_Rate,71.25,2025-07-29 13:14:07.625713
Program_Runtime_Seconds,36,2025-07-29 13:14:07.625713
Rapid_Override,100,2025-07-29 13:14:07.625713
Rapid_Speed,0,2025-07-29 13:14:07.625713
S_Axis_Load,1,2025-07-29 13:14:07.625713
Spindle_Override,100,2025-07-29 13:14:07.625713
Spindle_Speed,9792,2025-07-29 13:14:07.625713
X_Axis_Load,0,2025-07-29 13:14:07.625713
X_Position,351.830401588627,2025-07-29 13:14:07.625713
Y_Axis_Load,9,2025-07-29 13:14:07.625713
Y_Position,254.596358483636,2025-07-29 13:14:07.625713
Z_Axis_Load,32,2025-07-29 13:14:07.625713
Z_Position,-340.107421829536,2025-07-29 13:14:07.625713
COR_Status,1,2025-07-29 13:14:07.625713
Controller_Mode,AUTO,2025-07-29 13:14:07.625713
EStop_State,ARMED,2025-07-29 13:14:07.625713
Machine_Mode,5,2025-07-29 13:14:07.625713
Block_Number,46,2025-07-29 13:14:07.625713
Current_Tool,6,2025-07-29 13:14:07.625713
Part_Count,19,2025-07-29 13:14:07.625713
Program_Name_Running,000473_A_A_PROGRAM_2.NC,2025-07-29 13:14:07.625713
spindle motor v_rms,1.2,2025-07-29 13:14:07.625713
spindle motor a_peak,13300,2025-07-29 13:14:07.625713
spindle motor a_rms,4000,2025-07-29 13:14:07.625713
spindle motor temp,35.8,2025-07-29 13:14:07.625713
spindle motor crest,3.3,2025-07-29 13:14:07.625713
z-axis bearing v_rms,0.5,2025-07-29 13:14:07.625713
z-axis bearing a_peak,12800,2025-07-29 13:14:07.625713
z-axis bearing a_rms,3600,2025-07-29 13:14:07.625713
z-axis bearing temp,24.2,2025-07-29 13:14:07.625713
z-axis bearing crest,3.5,2025-07-29 13:14:07.625713
z-axis motor v_rms,1.2,2025-07-29 13:14:07.625713
z-axis motor a_peak,4900,2025-07-29 13:14:07.625713
z-axis motor a_rms,1800,2025-07-29 13:14:07.625713
z-axis motor temp,29.5,2025-07-29 13:14:07.625713
z-axis motor crest,2.8,2025-07-29 13:14:07.625713
y-axis bearing v_rms,1.1,2025-07-29 13:14:07.625713
y-axis bearing a_peak,8400,2025-07-29 13:14:07.625713
y-axis bearing a_rms,3600,2025-07-29 13:14:07.625713
y-axis bearing temp,22.8,2025-07-29 13:14:07.625713
y-axis bearing crest,2.3,2025-07-29 13:14:07.625713
y-axis motor v_rms,1.7,2025-07-29 13:14:07.625713
y-axis motor a_peak,15600,2025-07-29 13:14:07.625713
y-axis motor a_rms,5200,2025-07-29 13:14:07.625713
y-axis motor temp,25.3,2025-07-29 13:14:07.625713
y-axis motor crest,3.0,2025-07-29 13:14:07.625713
x-axis motor v_rms,0.9,2025-07-29 13:14:07.625713
x-axis motor a_peak,600,2025-07-29 13:14:07.625713
x-axis motor a_rms,200,2025-07-29 13:14:07.625713
x-axis motor temp,23.1,2025-07-29 13:14:07.625713
x-axis motor crest,3.8,2025-07-29 13:14:07.625713
voltage,132.56666666666666,2025-07-29 13:14:07.625713
current,11.433333333333332,2025-07-29 13:14:07.625713
active power,1296.0,2025-07-29 13:14:07.625713
forward kWh,41.875,2025-07-29 13:14:07.625713
reverse kWh,1.2693333333333332,2025-07-29 13:14:07.625713
frequency,59.99,2025-07-29 13:14:07.625713
power factor,0.84,2025-07-29 13:14:07.625713
featureId,UNAVAILABLE,2025-07-29 13:14:12.905689
partKindId,7606F116-3463-4EEF-96CC-1AC408FAA001,2025-07-29 13:14:12.905689
processKindId,1BFABEA4-68A9-484B-AE13-2E0BF9278D50,2025-07-29 13:14:12.905689
A_Axis_Load,7,2025-07-29 13:14:12.905689
A_Position,0.000668021023909704,2025-07-29 13:14:12.905689
C_Axis_Load,3,2025-07-29 13:14:12.905689
C_Position,30.0005,2025-07-29 13:14:12.905689
Machine_Time,2711540.494,2025-07-29 13:14:12.905689
Spindle_Time,739504.062,2025-07-29 13:14:12.905689
Feed_Override,100,2025-07-29 13:14:12.905689
Feed_Rate,43.25,2025-07-29 13:14:12.905689
Program_Runtime_Seconds,42,2025-07-29 13:14:12.905689
Rapid_Override,100,2025-07-29 13:14:12.905689
Rapid_Speed,0,2025-07-29 13:14:12.905689
S_Axis_Load,1,2025-07-29 13:14:12.905689
Spindle_Override,100,2025-07-29 13:14:12.905689
Spindle_Speed,9792,2025-07-29 13:14:12.905689
X_Axis_Load,0,2025-07-29 13:14:12.905689
X_Position,364.530206974167,2025-07-29 13:14:12.905689
Y_Axis_Load,9,2025-07-29 13:14:12.905689
Y_Position,247.525599458524,2025-07-29 13:14:12.905689
Z_Axis_Load,32,2025-07-29 13:14:12.905689
Z_Position,-340.107456157814,2025-07-29 13:14:12.905689
COR_Status,1,2025-07-29 13:14:12.905689
Controller_Mode,AUTO,2025-07-29 13:14:12.905689
EStop_State,ARMED,2025-07-29 13:14:12.905689
Machine_Mode,5,2025-07-29 13:14:12.905689
Block_Number,58,2025-07-29 13:14:12.905689
Current_Tool,6,2025-07-29 13:14:12.905689
Part_Count,19,2025-07-29 13:14:12.905689
Program_Name_Running,000473_A_A_PROGRAM_2.NC,2025-07-29 13:14:12.905689
spindle motor v_rms,1.1,2025-07-29 13:14:12.905689
spindle motor a_peak,14300,2025-07-29 13:14:12.905689
spindle motor a_rms,3800,2025-07-29 13:14:12.905689
spindle motor temp,35.8,2025-07-29 13:14:12.905689
spindle motor crest,3.8,2025-07-29 13:14:12.905689
z-axis bearing v_rms,0.4,2025-07-29 13:14:12.905689
z-axis bearing a_peak,13100,2025-07-29 13:14:12.905689
z-axis bearing a_rms,3400,2025-07-29 13:14:12.905689
z-axis bearing temp,24.2,2025-07-29 13:14:12.905689
z-axis bearing crest,3.8,2025-07-29 13:14:12.905689
z-axis motor v_rms,1.3,2025-07-29 13:14:12.905689
z-axis motor a_peak,6000,2025-07-29 13:14:12.905689
z-axis motor a_rms,1800,2025-07-29 13:14:12.905689
z-axis motor temp,29.5,2025-07-29 13:14:12.905689
z-axis motor crest,3.3,2025-07-29 13:14:12.905689
y-axis bearing v_rms,1.1,2025-07-29 13:14:12.905689
y-axis bearing a_peak,8900,2025-07-29 13:14:12.905689
y-axis bearing a_rms,3400,2025-07-29 13:14:12.905689
y-axis bearing temp,22.8,2025-07-29 13:14:12.905689
y-axis bearing crest,2.6,2025-07-29 13:14:12.905689
y-axis motor v_rms,1.4,2025-07-29 13:14:12.905689
y-axis motor a_peak,13500,2025-07-29 13:14:12.905689
y-axis motor a_rms,4300,2025-07-29 13:14:12.905689
y-axis motor temp,25.3,2025-07-29 13:14:12.905689
y-axis motor crest,3.2,2025-07-29 13:14:12.905689
x-axis motor v_rms,0.9,2025-07-29 13:14:12.905689
x-axis motor a_peak,600,2025-07-29 13:14:12.905689
x-axis motor a_rms,200,2025-07-29 13:14:12.905689
x-axis motor temp,23.1,2025-07-29 13:14:12.905689
x-axis motor crest,3.7,2025-07-29 13:14:12.905689
voltage,132.53333333333333,2025-07-29 13:14:12.905689
current,11.533333333333333,2025-07-29 13:14:12.905689
active power,1381.6666666666667,2025-07-29 13:14:12.905689
forward kWh,41.87633333333333,2025-07-29 13:14:12.905689
reverse kWh,1.2693333333333332,2025-07-29 13:14:12.905689
frequency,59.99,2025-07-29 13:14:12.905689
power factor,0.9366666666666666,2025-07-29 13:14:12.905689
featureId,UNAVAILABLE,2025-07-29 13:14:13.905909
partKindId,7606F116-3463-4EEF-96CC-1AC408FAA001,2025-07-29 13:14:13.905909
processKindId,1BFABEA4-68A9-484B-AE13-2E0BF9278D50,2025-07-29 13:14:13.905909
A_Axis_Load,7,2025-07-29 13:14:13.905909
A_Position,0.000668021023909704,2025-07-29 13:14:13.905909
C_Axis_Load,3,2025-07-29 13:14:13.905909
C_Position,30,2025-07-29 13:14:13.905909
Machine_Time,2711540.494,2025-07-29 13:14:13.905909
Spindle_Time,739504.062,2025-07-29 13:14:13.905909
Feed_Override,100,2025-07-29 13:14:13.905909
Feed_Rate,69.86667,2025-07-29 13:14:13.905909
Program_Runtime_Seconds,43,2025-07-29 13:14:13.905909
Rapid_Override,100,2025-07-29 13:14:13.905909
Rapid_Speed,0,2025-07-29 13:14:13.905909
S_Axis_Load,0,2025-07-29 13:14:13.905909
Spindle_Override,100,2025-07-29 13:14:13.905909
Spindle_Speed,9792,2025-07-29 13:14:13.905909
X_Axis_Load,0,2025-07-29 13:14:13.905909
X_Position,389.930662390241,2025-07-29 13:14:13.905909
Y_Axis_Load,9,2025-07-29 13:14:13.905909
Y_Position,252.69416988366,2025-07-29 13:14:13.905909
Z_Axis_Load,31,2025-07-29 13:14:13.905909
Z_Position,-340.107479043333,2025-07-29 13:14:13.905909
COR_Status,1,2025-07-29 13:14:13.905909
Controller_Mode,AUTO,2025-07-29 13:14:13.905909
EStop_State,ARMED,2025-07-29 13:14:13.905909
Machine_Mode,5,2025-07-29 13:14:13.905909
Block_Number,62,2025-07-29 13:14:13.905909
Current_Tool,6,2025-07-29 13:14:13.905909
Part_Count,19,2025-07-29 13:14:13.905909
Program_Name_Running,000473_A_A_PROGRAM_2.NC,2025-07-29 13:14:13.905909
spindle motor v_rms,1.0,2025-07-29 13:14:13.905909
spindle motor a_peak,21400,2025-07-29 13:14:13.905909
spindle motor a_rms,4000,2025-07-29 13:14:13.905909
spindle motor temp,35.8,2025-07-29 13:14:13.905909
spindle motor crest,5.4,2025-07-29 13:14:13.905909
z-axis bearing v_rms,0.4,2025-07-29 13:14:13.905909
z-axis bearing a_peak,15500,2025-07-29 13:14:13.905909
z-axis bearing a_rms,3800,2025-07-29 13:14:13.905909
z-axis bearing temp,24.2,2025-07-29 13:14:13.905909
z-axis bearing crest,4.1,2025-07-29 13:14:13.905909
z-axis motor v_rms,1.4,2025-07-29 13:14:13.905909
z-axis motor a_peak,7000,2025-07-29 13:14:13.905909
z-axis motor a_rms,2000,2025-07-29 13:14:13.905909
z-axis motor temp,29.5,2025-07-29 13:14:13.905909
z-axis motor crest,3.5,2025-07-29 13:14:13.905909
y-axis bearing v_rms,0.8,2025-07-29 13:14:13.905909
y-axis bearing a_peak,8400,2025-07-29 13:14:13.905909
y-axis bearing a_rms,2600,2025-07-29 13:14:13.905909
y-axis bearing temp,22.8,2025-07-29 13:14:13.905909
y-axis bearing crest,3.2,2025-07-29 13:14:13.905909
y-axis motor v_rms,1.3,2025-07-29 13:14:13.905909
y-axis motor a_peak,11700,2025-07-29 13:14:13.905909
y-axis motor a_rms,3800,2025-07-29 13:14:13.905909
y-axis motor temp,25.3,2025-07-29 13:14:13.905909
y-axis motor crest,3.1,2025-07-29 13:14:13.905909
x-axis motor v_rms,1.0,2025-07-29 13:14:13.905909
x-axis motor a_peak,700,2025-07-29 13:14:13.905909
x-axis motor a_rms,200,2025-07-29 13:14:13.905909
x-axis motor temp,23.1,2025-07-29 13:14:13.905909
x-axis motor crest,3.6,2025-07-29 13:14:13.905909
voltage,132.6,2025-07-29 13:14:13.905909
current,11.503333333333332,2025-07-29 13:14:13.905909
active power,1304.0,2025-07-29 13:14:13.905909
forward kWh,41.87633333333333,2025-07-29 13:14:13.905909
reverse kWh,1.2693333333333332,2025-07-29 13:14:13.905909
frequency,59.99,2025-07-29 13:14:13.905909
power factor,0.93,2025-07-29 13:14:13.905909
featureId,UNAVAILABLE,2025-07-29 13:14:14.906241
partKindId,7606F116-3463-4EEF-96CC-1AC408FAA001,2025-07-29 13:14:14.906241
processKindId,1BFABEA4-68A9-484B-AE13-2E0BF9278D50,2025-07-29 13:14:14.906241
A_Axis_Load,7,2025-07-29 13:14:14.906241
A_Position,0.000668021023909704,2025-07-29 13:14:14.906241
C_Axis_Load,3,2025-07-29 13:14:14.906241
C_Position,30.0005,2025-07-29 13:14:14.906241
Machine_Time,2711540.494,2025-07-29 13:14:14.906241
Spindle_Time,739504.062,2025-07-29 13:14:14.906241
Feed_Override,100,2025-07-29 13:14:14.906241
Feed_Rate,63.23333,2025-07-29 13:14:14.906241
Program_Runtime_Seconds,44,2025-07-29 13:14:14.906241
Rapid_Override,100,2025-07-29 13:14:14.906241
Rapid_Speed,0,2025-07-29 13:14:14.906241
S_Axis_Load,0,2025-07-29 13:14:14.906241
Spindle_Override,100,2025-07-29 13:14:14.906241
Spindle_Speed,9792,2025-07-29 13:14:14.906241
X_Axis_Load,33,2025-07-29 13:14:14.906241
X_Position,379.543677214416,2025-07-29 13:14:14.906241
Y_Axis_Load,6,2025-07-29 13:14:14.906241
Y_Position,260.821268930954,2025-07-29 13:14:14.906241
Z_Axis_Load,31,2025-07-29 13:14:14.906241
Z_Position,-340.107410386776,2025-07-29 13:14:14.906241
COR_Status,1,2025-07-29 13:14:14.906241
Controller_Mode,AUTO,2025-07-29 13:14:14.906241
EStop_State,ARMED,2025-07-29 13:14:14.906241
Machine_Mode,5,2025-07-29 13:14:14.906241
Block_Number,66,2025-07-29 13:14:14.906241
Current_Tool,6,2025-07-29 13:14:14.906241
Part_Count,19,2025-07-29 13:14:14.906241
Program_Name_Running,000473_A_A_PROGRAM_2.NC,2025-07-29 13:14:14.906241
spindle motor v_rms,0.6,2025-07-29 13:14:14.906241
spindle motor a_peak,9700,2025-07-29 13:14:14.906241
spindle motor a_rms,2000,2025-07-29 13:14:14.906241
spindle motor temp,35.8,2025-07-29 13:14:14.906241
spindle motor crest,4.8,2025-07-29 13:14:14.906241
z-axis bearing v_rms,0.3,2025-07-29 13:14:14.906241
z-axis bearing a_peak,11500,2025-07-29 13:14:14.906241
z-axis bearing a_rms,1600,2025-07-29 13:14:14.906241
z-axis bearing temp,24.2,2025-07-29 13:14:14.906241
z-axis bearing crest,7.2,2025-07-29 13:14:14.906241
z-axis motor v_rms,1.5,2025-07-29 13:14:14.906241
z-axis motor a_peak,4700,2025-07-29 13:14:14.906241
z-axis motor a_rms,1600,2025-07-29 13:14:14.906241
z-axis motor temp,29.5,2025-07-29 13:14:14.906241
z-axis motor crest,2.9,2025-07-29 13:14:14.906241
y-axis bearing v_rms,0.4,2025-07-29 13:14:14.906241
y-axis bearing a_peak,7300,2025-07-29 13:14:14.906241
y-axis bearing a_rms,1400,2025-07-29 13:14:14.906241
y-axis bearing temp,22.8,2025-07-29 13:14:14.906241
y-axis bearing crest,5.4,2025-07-29 13:14:14.906241
y-axis motor v_rms,0.8,2025-07-29 13:14:14.906241
y-axis motor a_peak,8900,2025-07-29 13:14:14.906241
y-axis motor a_rms,2300,2025-07-29 13:14:14.906241
y-axis motor temp,25.3,2025-07-29 13:14:14.906241
y-axis motor crest,3.8,2025-07-29 13:14:14.906241
x-axis motor v_rms,1.2,2025-07-29 13:14:14.906241
x-axis motor a_peak,600,2025-07-29 13:14:14.906241
x-axis motor a_rms,100,2025-07-29 13:14:14.906241
x-axis motor temp,23.1,2025-07-29 13:14:14.906241
x-axis motor crest,4.3,2025-07-29 13:14:14.906241
voltage,132.6,2025-07-29 13:14:14.906241
current,11.503333333333332,2025-07-29 13:14:14.906241
active power,1304.0,2025-07-29 13:14:14.906241
forward kWh,41.87633333333333,2025-07-29 13:14:14.906241
reverse kWh,1.2693333333333332,2025-07-29 13:14:14.906241
frequency,59.99,2025-07-29 13:14:14.906241
power factor,0.93,2025-07-29 13:14:14.906241
featureId,UNAVAILABLE,2025-07-29 13:14:16.220832
partKindId,7606F116-3463-4EEF-96CC-1AC408FAA001,2025-07-29 13:14:16.220832
processKindId,1BFABEA4-68A9-484B-AE13-2E0BF9278D50,2025-07-29 13:14:16.220832
A_Axis_Load,7,2025-07-29 13:14:16.220832
A_Position,0.000668021023909704,2025-07-29 13:14:16.220832
C_Axis_Load,3,2025-07-29 13:14:16.220832
C_Position,30.0005,2025-07-29 13:14:16.220832
Machine_Time,2711540.494,2025-07-29 13:14:16.220832
Spindle_Time,739504.062,2025-07-29 13:14:16.220832
Feed_Override,100,2025-07-29 13:14:16.220832
Feed_Rate,180.6667,2025-07-29 13:14:16.220832
Program_Runtime_Seconds,45,2025-07-29 13:14:16.220832
Rapid_Override,100,2025-07-29 13:14:16.220832
Rapid_Speed,0,2025-07-29 13:14:16.220832
S_Axis_Load,1,2025-07-29 13:14:16.220832
Spindle_Override,100,2025-07-29 13:14:16.220832
Spindle_Speed,9792,2025-07-29 13:14:16.220832
X_Axis_Load,17,2025-07-29 13:14:16.220832
X_Position,383.783021633454,2025-07-29 13:14:16.220832
Y_Axis_Load,36,2025-07-29 13:14:16.220832
Y_Position,271.01826528146,2025-07-29 13:14:16.220832
Z_Axis_Load,22,2025-07-29 13:14:16.220832
Z_Position,-327.778043628976,2025-07-29 13:14:16.220832
COR_Status,1,2025-07-29 13:14:16.220832
Controller_Mode,AUTO,2025-07-29 13:14:16.220832
EStop_State,ARMED,2025-07-29 13:14:16.220832
Machine_Mode,5,2025-07-29 13:14:16.220832
Block_Number,75,2025-07-29 13:14:16.220832
Current_Tool,6,2025-07-29 13:14:16.220832
Part_Count,19,2025-07-29 13:14:16.220832
Program_Name_Running,000473_A_A_PROGRAM_2.NC,2025-07-29 13:14:16.220832
spindle motor v_rms,0.5,2025-07-29 13:14:16.220832
spindle motor a_peak,4000,2025-07-29 13:14:16.220832
spindle motor a_rms,1200,2025-07-29 13:14:16.220832
spindle motor temp,35.8,2025-07-29 13:14:16.220832
spindle motor crest,3.3,2025-07-29 13:14:16.220832
z-axis bearing v_rms,0.2,2025-07-29 13:14:16.220832
z-axis bearing a_peak,4300,2025-07-29 13:14:16.220832
z-axis bearing a_rms,600,2025-07-29 13:14:16.220832
z-axis bearing temp,24.2,2025-07-29 13:14:16.220832
z-axis bearing crest,7.0,2025-07-29 13:14:16.220832
z-axis motor v_rms,1.5,2025-07-29 13:14:16.220832
z-axis motor a_peak,12900,2025-07-29 13:14:16.220832
z-axis motor a_rms,2400,2025-07-29 13:14:16.220832
z-axis motor temp,29.5,2025-07-29 13:14:16.220832
z-axis motor crest,5.5,2025-07-29 13:14:16.220832
y-axis bearing v_rms,0.1,2025-07-29 13:14:16.220832
y-axis bearing a_peak,4000,2025-07-29 13:14:16.220832
y-axis bearing a_rms,500,2025-07-29 13:14:16.220832
y-axis bearing temp,22.8,2025-07-29 13:14:16.220832
y-axis bearing crest,8.0,2025-07-29 13:14:16.220832
y-axis motor v_rms,0.6,2025-07-29 13:14:16.220832
y-axis motor a_peak,25200,2025-07-29 13:14:16.220832
y-axis motor a_rms,3900,2025-07-29 13:14:16.220832
y-axis motor temp,25.3,2025-07-29 13:14:16.220832
y-axis motor crest,6.5,2025-07-29 13:14:16.220832
x-axis motor v_rms,0.9,2025-07-29 13:14:16.220832
x-axis motor a_peak,500,2025-07-29 13:14:16.220832
x-axis motor a_rms,100,2025-07-29 13:14:16.220832
x-axis motor temp,23.1,2025-07-29 13:14:16.220832
x-axis motor crest,3.3,2025-07-29 13:14:16.220832
voltage,132.73333333333332,2025-07-29 13:14:16.220832
current,8.99,2025-07-29 13:14:16.220832
active power,1046.0,2025-07-29 13:14:16.220832
forward kWh,41.87766666666667,2025-07-29 13:14:16.220832
reverse kWh,1.2693333333333332,2025-07-29 13:14:16.220832
frequency,59.99,2025-07-29 13:14:16.220832
power factor,0.8666666666666667,2025-07-29 13:14:16.220832
featureId,UNAVAILABLE,2025-07-29 13:14:17.221019
partKindId,7606F116-3463-4EEF-96CC-1AC408FAA001,2025-07-29 13:14:17.221019
processKindId,1BFABEA4-68A9-484B-AE13-2E0BF9278D50,2025-07-29 13:14:17.221019
A_Axis_Load,7,2025-07-29 13:14:17.221019
A_Position,0.000668021023909704,2025-07-29 13:14:17.221019
C_Axis_Load,3,2025-07-29 13:14:17.221019
C_Position,30.0005,2025-07-29 13:14:17.221019
Machine_Time,2711540.494,2025-07-29 13:14:17.221019
Spindle_Time,739504.062,2025-07-29 13:14:17.221019
Feed_Override,100,2025-07-29 13:14:17.221019
Feed_Rate,71.25,2025-07-29 13:14:17.221019
Program_Runtime_Seconds,46,2025-07-29 13:14:17.221019
Rapid_Override,100,2025-07-29 13:14:17.221019
Rapid_Speed,0,2025-07-29 13:14:17.221019
S_Axis_Load,1,2025-07-29 13:14:17.221019
Spindle_Override,100,2025-07-29 13:14:17.221019
Spindle_Speed,9792,2025-07-29 13:14:17.221019
X_Axis_Load,11,2025-07-29 13:14:17.221019
X_Position,396.549986059432,2025-07-29 13:14:17.221019
Y_Axis_Load,7,2025-07-29 13:14:17.221019
Y_Position,305.268718744718,2025-07-29 13:14:17.221019
Z_Axis_Load,33,2025-07-29 13:14:17.221019
Z_Position,-342.279074499688,2025-07-29 13:14:17.221019
COR_Status,1,2025-07-29 13:14:17.221019
Controller_Mode,AUTO,2025-07-29 13:14:17.221019
EStop_State,ARMED,2025-07-29 13:14:17.221019
Machine_Mode,5,2025-07-29 13:14:17.221019
Block_Number,79,2025-07-29 13:14:17.221019
Current_Tool,6,2025-07-29 13:14:17.221019
Part_Count,19,2025-07-29 13:14:17.221019
Program_Name_Running,000473_A_A_PROGRAM_2.NC,2025-07-29 13:14:17.221019
spindle motor v_rms,0.8,2025-07-29 13:14:17.221019
spindle motor a_peak,13700,2025-07-29 13:14:17.221019
spindle motor a_rms,3800,2025-07-29 13:14:17.221019
spindle motor temp,35.8,2025-07-29 13:14:17.221019
spindle motor crest,3.6,2025-07-29 13:14:17.221019
z-axis bearing v_rms,0.3,2025-07-29 13:14:17.221019
z-axis bearing a_peak,6500,2025-07-29 13:14:17.221019
z-axis bearing a_rms,2300,2025-07-29 13:14:17.221019
z-axis bearing temp,24.2,2025-07-29 13:14:17.221019
z-axis bearing crest,2.8,2025-07-29 13:14:17.221019
z-axis motor v_rms,1.4,2025-07-29 13:14:17.221019
z-axis motor a_peak,4500,2025-07-29 13:14:17.221019
z-axis motor a_rms,1700,2025-07-29 13:14:17.221019
z-axis motor temp,29.5,2025-07-29 13:14:17.221019
z-axis motor crest,2.6,2025-07-29 13:14:17.221019
y-axis bearing v_rms,0.5,2025-07-29 13:14:17.221019
y-axis bearing a_peak,3200,2025-07-29 13:14:17.221019
y-axis bearing a_rms,1600,2025-07-29 13:14:17.221019
y-axis bearing temp,22.8,2025-07-29 13:14:17.221019
y-axis bearing crest,2.0,2025-07-29 13:14:17.221019
y-axis motor v_rms,1.4,2025-07-29 13:14:17.221019
y-axis motor a_peak,8700,2025-07-29 13:14:17.221019
y-axis motor a_rms,4000,2025-07-29 13:14:17.221019
y-axis motor temp,25.3,2025-07-29 13:14:17.221019
y-axis motor crest,2.2,2025-07-29 13:14:17.221019
x-axis motor v_rms,0.1,2025-07-29 13:14:17.221019
x-axis motor a_peak,400,2025-07-29 13:14:17.221019
x-axis motor a_rms,100,2025-07-29 13:14:17.221019
x-axis motor temp,23.1,2025-07-29 13:14:17.221019
x-axis motor crest,3.3,2025-07-29 13:14:17.221019
voltage,132.6,2025-07-29 13:14:17.221019
current,10.89,2025-07-29 13:14:17.221019
active power,1250.6666666666667,2025-07-29 13:14:17.221019
forward kWh,41.87866666666667,2025-07-29 13:14:17.221019
reverse kWh,1.2693333333333332,2025-07-29 13:14:17.221019
frequency,59.99,2025-07-29 13:14:17.221019
power factor,0.86,2025-07-29 13:14:17.221019
featureId,UNAVAILABLE,2025-07-29 13:14:19.985680
partKindId,7606F116-3463-4EEF-96CC-1AC408FAA001,2025-07-29 13:14:19.985680
processKindId,1BFABEA4-68A9-484B-AE13-2E0BF9278D50,2025-07-29 13:14:19.985680
A_Axis_Load,7,2025-07-29 13:14:19.985680
A_Position,0.000668021023909704,2025-07-29 13:14:19.985680
C_Axis_Load,3,2025-07-29 13:14:19.985680
C_Position,30.0005,2025-07-29 13:14:19.985680
Machine_Time,2711540.494,2025-07-29 13:14:19.985680
Spindle_Time,739504.062,2025-07-29 13:14:19.985680
Feed_Override,100,2025-07-29 13:14:19.985680
Feed_Rate,71.25,2025-07-29 13:14:19.985680
Program_Runtime_Seconds,49,2025-07-29 13:14:19.985680
Rapid_Override,100,2025-07-29 13:14:19.985680
Rapid_Speed,0,2025-07-29 13:14:19.985680
S_Axis_Load,0,2025-07-29 13:14:19.985680
Spindle_Override,100,2025-07-29 13:14:19.985680
Spindle_Speed,9792,2025-07-29 13:14:19.985680
X_Axis_Load,11,2025-07-29 13:14:19.985680
X_Position,387.996866651498,2025-07-29 13:14:19.985680
Y_Axis_Load,2,2025-07-29 13:14:19.985680
Y_Position,199.858800556793,2025-07-29 13:14:19.985680
Z_Axis_Load,33,2025-07-29 13:14:19.985680
Z_Position,-342.279040171409,2025-07-29 13:14:19.985680
COR_Status,1,2025-07-29 13:14:19.985680
Controller_Mode,AUTO,2025-07-29 13:14:19.985680
EStop_State,ARMED,2025-07-29 13:14:19.985680
Machine_Mode,5,2025-07-29 13:14:19.985680
Block_Number,81,2025-07-29 13:14:19.985680
Current_Tool,6,2025-07-29 13:14:19.985680
Part_Count,19,2025-07-29 13:14:19.985680
Program_Name_Running,000473_A_A_PROGRAM_2.NC,2025-07-29 13:14:19.985680
spindle motor v_rms,1.5,2025-07-29 13:14:19.985680
spindle motor a_peak,16800,2025-07-29 13:14:19.985680
spindle motor a_rms,5500,2025-07-29 13:14:19.985680
spindle motor temp,35.8,2025-07-29 13:14:19.985680
spindle motor crest,3.1,2025-07-29 13:14:19.985680
z-axis bearing v_rms,0.3,2025-07-29 13:14:19.985680
z-axis bearing a_peak,9000,2025-07-29 13:14:19.985680
z-axis bearing a_rms,3200,2025-07-29 13:14:19.985680
z-axis bearing temp,24.2,2025-07-29 13:14:19.985680
z-axis bearing crest,2.8,2025-07-29 13:14:19.985680
z-axis motor v_rms,1.4,2025-07-29 13:14:19.985680
z-axis motor a_peak,4200,2025-07-29 13:14:19.985680
z-axis motor a_rms,1800,2025-07-29 13:14:19.985680
z-axis motor temp,29.5,2025-07-29 13:14:19.985680
z-axis motor crest,2.4,2025-07-29 13:14:19.985680
y-axis bearing v_rms,0.4,2025-07-29 13:14:19.985680
y-axis bearing a_peak,3200,2025-07-29 13:14:19.985680
y-axis bearing a_rms,1400,2025-07-29 13:14:19.985680
y-axis bearing temp,22.8,2025-07-29 13:14:19.985680
y-axis bearing crest,2.3,2025-07-29 13:14:19.985680
y-axis motor v_rms,1.4,2025-07-29 13:14:19.985680
y-axis motor a_peak,9000,2025-07-29 13:14:19.985680
y-axis motor a_rms,4100,2025-07-29 13:14:19.985680
y-axis motor temp,25.3,2025-07-29 13:14:19.985680
y-axis motor crest,2.2,2025-07-29 13:14:19.985680
x-axis motor v_rms,0.2,2025-07-29 13:14:19.985680
x-axis motor a_peak,600,2025-07-29 13:14:19.985680
x-axis motor a_rms,200,2025-07-29 13:14:19.985680
x-axis motor temp,23.1,2025-07-29 13:14:19.985680
x-axis motor crest,3.5,2025-07-29 13:14:19.985680
voltage,132.6,2025-07-29 13:14:19.985680
current,10.89,2025-07-29 13:14:19.985680
active power,1250.6666666666667,2025-07-29 13:14:19.985680
forward kWh,41.87866666666667,2025-07-29 13:14:19.985680
reverse kWh,1.2693333333333332,2025-07-29 13:14:19.985680
frequency,59.99,2025-07-29 13:14:19.985680
power factor,0.86,2025-07-29 13:14:19.985680
featureId,UNAVAILABLE,2025-07-29 13:14:20.985914
partKindId,7606F116-3463-4EEF-96CC-1AC408FAA001,2025-07-29 13:14:20.985914
processKindId,1BFABEA4-68A9-484B-AE13-2E0BF9278D50,2025-07-29 13:14:20.985914
A_Axis_Load,7,2025-07-29 13:14:20.985914
A_Position,0.000668021023909704,2025-07-29 13:14:20.985914
C_Axis_Load,3,2025-07-29 13:14:20.985914
C_Position,30.001,2025-07-29 13:14:20.985914
Machine_Time,2711540.494,2025-07-29 13:14:20.985914
Spindle_Time,739504.062,2025-07-29 13:14:20.985914
Feed_Override,100,2025-07-29 13:14:20.985914
Feed_Rate,61.28333,2025-07-29 13:14:20.985914
Program_Runtime_Seconds,50,2025-07-29 13:14:20.985914
Rapid_Override,100,2025-07-29 13:14:20.985914
Rapid_Speed,0,2025-07-29 13:14:20.985914
S_Axis_Load,0,2025-07-29 13:14:20.985914
Spindle_Override,100,2025-07-29 13:14:20.985914
Spindle_Speed,9792,2025-07-29 13:14:20.985914
X_Axis_Load,5,2025-07-29 13:14:20.985914
X_Position,326.430363881469,2025-07-29 13:14:20.985914
Y_Axis_Load,23,2025-07-29 13:14:20.985914
Y_Position,214.764514382822,2025-07-29 13:14:20.985914
Z_Axis_Load,33,2025-07-29 13:14:20.985914
Z_Position,-342.279097385207,2025-07-29 13:14:20.985914
COR_Status,1,2025-07-29 13:14:20.985914
Controller_Mode,AUTO,2025-07-29 13:14:20.985914
EStop_State,ARMED,2025-07-29 13:14:20.985914
Machine_Mode,5,2025-07-29 13:14:20.985914
Block_Number,82,2025-07-29 13:14:20.985914
Current_Tool,6,2025-07-29 13:14:20.985914
Part_Count,19,2025-07-29 13:14:20.985914
Program_Name_Running,000473_A_A_PROGRAM_2.NC,2025-07-29 13:14:20.985914
spindle motor v_rms,0.6,2025-07-29 13:14:20.985914
spindle motor a_peak,7800,2025-07-29 13:14:20.985914
spindle motor a_rms,2200,2025-07-29 13:14:20.985914
spindle motor temp,35.9,2025-07-29 13:14:20.985914
spindle motor crest,3.5,2025-07-29 13:14:20.985914
z-axis bearing v_rms,0.3,2025-07-29 13:14:20.985914
z-axis bearing a_peak,9500,2025-07-29 13:14:20.985914
z-axis bearing a_rms,2900,2025-07-29 13:14:20.985914
z-axis bearing temp,24.2,2025-07-29 13:14:20.985914
z-axis bearing crest,3.3,2025-07-29 13:14:20.985914
z-axis motor v_rms,1.3,2025-07-29 13:14:20.985914
z-axis motor a_peak,6300,2025-07-29 13:14:20.985914
z-axis motor a_rms,1600,2025-07-29 13:14:20.985914
z-axis motor temp,29.5,2025-07-29 13:14:20.985914
z-axis motor crest,4.0,2025-07-29 13:14:20.985914
y-axis bearing v_rms,1.0,2025-07-29 13:14:20.985914
y-axis bearing a_peak,7100,2025-07-29 13:14:20.985914
y-axis bearing a_rms,3200,2025-07-29 13:14:20.985914
y-axis bearing temp,22.8,2025-07-29 13:14:20.985914
y-axis bearing crest,2.2,2025-07-29 13:14:20.985914
y-axis motor v_rms,1.5,2025-07-29 13:14:20.985914
y-axis motor a_peak,13000,2025-07-29 13:14:20.985914
y-axis motor a_rms,4700,2025-07-29 13:14:20.985914
y-axis motor temp,25.3,2025-07-29 13:14:20.985914
y-axis motor crest,2.8,2025-07-29 13:14:20.985914
x-axis motor v_rms,0.2,2025-07-29 13:14:20.985914
x-axis motor a_peak,400,2025-07-29 13:14:20.985914
x-axis motor a_rms,100,2025-07-29 13:14:20.985914
x-axis motor temp,23.1,2025-07-29 13:14:20.985914
x-axis motor crest,3.3,2025-07-29 13:14:20.985914
voltage,132.6,2025-07-29 13:14:20.985914
current,11.62,2025-07-29 13:14:20.985914
active power,1334.6666666666667,2025-07-29 13:14:20.985914
forward kWh,41.879333333333335,2025-07-29 13:14:20.985914
reverse kWh,1.2693333333333332,2025-07-29 13:14:20.985914
frequency,59.99,2025-07-29 13:14:20.985914
power factor,0.8733333333333334,2025-07-29 13:14:20.985914
featureId,UNAVAILABLE,2025-07-29 13:14:21.986268
partKindId,7606F116-3463-4EEF-96CC-1AC408FAA001,2025-07-29 13:14:21.986268
processKindId,1BFABEA4-68A9-484B-AE13-2E0BF9278D50,2025-07-29 13:14:21.986268
A_Axis_Load,7,2025-07-29 13:14:21.986268
A_Position,0.000668021023909704,2025-07-29 13:14:21.986268
C_Axis_Load,3,2025-07-29 13:14:21.986268
C_Position,30.0005,2025-07-29 13:14:21.986268
Machine_Time,2711540.494,2025-07-29 13:14:21.986268
Spindle_Time,739504.062,2025-07-29 13:14:21.986268
Feed_Override,100,2025-07-29 13:14:21.986268
Feed_Rate,71.25,2025-07-29 13:14:21.986268
Program_Runtime_Seconds,51,2025-07-29 13:14:21.986268
Rapid_Override,100,2025-07-29 13:14:21.986268
Rapid_Speed,0,2025-07-29 13:14:21.986268
S_Axis_Load,1,2025-07-29 13:14:21.986268
Spindle_Override,100,2025-07-29 13:14:21.986268
Spindle_Speed,9792,2025-07-29 13:14:21.986268
X_Axis_Load,1,2025-07-29 13:14:21.986268
X_Position,326.430432549172,2025-07-29 13:14:21.986268
Y_Axis_Load,8,2025-07-29 13:14:21.986268
Y_Position,277.194808300533,2025-07-29 13:14:21.986268
Z_Axis_Load,32,2025-07-29 13:14:21.986268
Z_Position,-342.279154599004,2025-07-29 13:14:21.986268
COR_Status,1,2025-07-29 13:14:21.986268
Controller_Mode,AUTO,2025-07-29 13:14:21.986268
EStop_State,ARMED,2025-07-29 13:14:21.986268
Machine_Mode,5,2025-07-29 13:14:21.986268
Block_Number,82,2025-07-29 13:14:21.986268
Current_Tool,6,2025-07-29 13:14:21.986268
Part_Count,19,2025-07-29 13:14:21.986268
Program_Name_Running,000473_A_A_PROGRAM_2.NC,2025-07-29 13:14:21.986268
spindle motor v_rms,0.6,2025-07-29 13:14:21.986268
spindle motor a_peak,9600,2025-07-29 13:14:21.986268
spindle motor a_rms,2400,2025-07-29 13:14:21.986268
spindle motor temp,35.9,2025-07-29 13:14:21.986268
spindle motor crest,4.0,2025-07-29 13:14:21.986268
z-axis bearing v_rms,0.5,2025-07-29 13:14:21.986268
z-axis bearing a_peak,10000,2025-07-29 13:14:21.986268
z-axis bearing a_rms,3600,2025-07-29 13:14:21.986268
z-axis bearing temp,24.2,2025-07-29 13:14:21.986268
z-axis bearing crest,2.8,2025-07-29 13:14:21.986268
z-axis motor v_rms,1.3,2025-07-29 13:14:21.986268
z-axis motor a_peak,4200,2025-07-29 13:14:21.986268
z-axis motor a_rms,1500,2025-07-29 13:14:21.986268
z-axis motor temp,29.5,2025-07-29 13:14:21.986268
z-axis motor crest,2.8,2025-07-29 13:14:21.986268
y-axis bearing v_rms,1.2,2025-07-29 13:14:21.986268
y-axis bearing a_peak,7800,2025-07-29 13:14:21.986268
y-axis bearing a_rms,3800,2025-07-29 13:14:21.986268
y-axis bearing temp,22.8,2025-07-29 13:14:21.986268
y-axis bearing crest,2.0,2025-07-29 13:14:21.986268
y-axis motor v_rms,1.3,2025-07-29 13:14:21.986268
y-axis motor a_peak,12900,2025-07-29 13:14:21.986268
y-axis motor a_rms,4200,2025-07-29 13:14:21.986268
y-axis motor temp,25.3,2025-07-29 13:14:21.986268
y-axis motor crest,3.1,2025-07-29 13:14:21.986268
x-axis motor v_rms,0.9,2025-07-29 13:14:21.986268
x-axis motor a_peak,500,2025-07-29 13:14:21.986268
x-axis motor a_rms,100,2025-07-29 13:14:21.986268
x-axis motor temp,23.1,2025-07-29 13:14:21.986268
x-axis motor crest,3.4,2025-07-29 13:14:21.986268
voltage,132.63333333333335,2025-07-29 13:14:21.986268
current,10.933333333333332,2025-07-29 13:14:21.986268
active power,1255.3333333333333,2025-07-29 13:14:21.986268
forward kWh,41.879333333333335,2025-07-29 13:14:21.986268
reverse kWh,1.2693333333333332,2025-07-29 13:14:21.986268
frequency,59.99,2025-07-29 13:14:21.986268
power factor,0.87,2025-07-29 13:14:21.986268
featureId,UNAVAILABLE,2025-07-29 13:14:22.986418
partKindId,7606F116-3463-4EEF-96CC-1AC408FAA001,2025-07-29 13:14:22.986418
processKindId,1BFABEA4-68A9-484B-AE13-2E0BF9278D50,2025-07-29 13:14:22.986418
A_Axis_Load,7,2025-07-29 13:14:22.986418
A_Position,0.000668021023909704,2025-07-29 13:14:22.986418
C_Axis_Load,3,2025-07-29 13:14:22.986418
C_Position,30,2025-07-29 13:14:22.986418
Machine_Time,2711540.494,2025-07-29 13:14:22.986418
Spindle_Time,739504.062,2025-07-29 13:14:22.986418
Feed_Override,100,2025-07-29 13:14:22.986418
Feed_Rate,71.25,2025-07-29 13:14:22.986418
Program_Runtime_Seconds,52,2025-07-29 13:14:22.986418
Rapid_Override,100,2025-07-29 13:14:22.986418
Rapid_Speed,0,2025-07-29 13:14:22.986418
S_Axis_Load,0,2025-07-29 13:14:22.986418
Spindle_Override,100,2025-07-29 13:14:22.986418
Spindle_Speed,9792,2025-07-29 13:14:22.986418
X_Axis_Load,11,2025-07-29 13:14:22.986418
X_Position,367.44419506213,2025-07-29 13:14:22.986418
Y_Axis_Load,2,2025-07-29 13:14:22.986418
Y_Position,305.268759146032,2025-07-29 13:14:22.986418
Z_Axis_Load,32,2025-07-29 13:14:22.986418
Z_Position,-342.278982957612,2025-07-29 13:14:22.986418
COR_Status,1,2025-07-29 13:14:22.986418
Controller_Mode,AUTO,2025-07-29 13:14:22.986418
EStop_State,ARMED,2025-07-29 13:14:22.986418
Machine_Mode,5,2025-07-29 13:14:22.986418
Block_Number,83,2025-07-29 13:14:22.986418
Current_Tool,6,2025-07-29 13:14:22.986418
Part_Count,19,2025-07-29 13:14:22.986418
Program_Name_Running,000473_A_A_PROGRAM_2.NC,2025-07-29 13:14:22.986418
spindle motor v_rms,0.8,2025-07-29 13:14:22.986418
spindle motor a_peak,13700,2025-07-29 13:14:22.986418
spindle motor a_rms,3300,2025-07-29 13:14:22.986418
spindle motor temp,35.9,2025-07-29 13:14:22.986418
spindle motor crest,4.2,2025-07-29 13:14:22.986418
z-axis bearing v_rms,0.3,2025-07-29 13:14:22.986418
z-axis bearing a_peak,7700,2025-07-29 13:14:22.986418
z-axis bearing a_rms,2000,2025-07-29 13:14:22.986418
z-axis bearing temp,24.2,2025-07-29 13:14:22.986418
z-axis bearing crest,3.9,2025-07-29 13:14:22.986418
z-axis motor v_rms,1.4,2025-07-29 13:14:22.986418
z-axis motor a_peak,4400,2025-07-29 13:14:22.986418
z-axis motor a_rms,1600,2025-07-29 13:14:22.986418
z-axis motor temp,29.5,2025-07-29 13:14:22.986418
z-axis motor crest,2.8,2025-07-29 13:14:22.986418
y-axis bearing v_rms,0.5,2025-07-29 13:14:22.986418
y-axis bearing a_peak,7000,2025-07-29 13:14:22.986418
y-axis bearing a_rms,1700,2025-07-29 13:14:22.986418
y-axis bearing temp,22.8,2025-07-29 13:14:22.986418
y-axis bearing crest,4.1,2025-07-29 13:14:22.986418
y-axis motor v_rms,1.0,2025-07-29 13:14:22.986418
y-axis motor a_peak,8900,2025-07-29 13:14:22.986418
y-axis motor a_rms,2800,2025-07-29 13:14:22.986418
y-axis motor temp,25.3,2025-07-29 13:14:22.986418
y-axis motor crest,3.2,2025-07-29 13:14:22.986418
x-axis motor v_rms,0.7,2025-07-29 13:14:22.986418
x-axis motor a_peak,700,2025-07-29 13:14:22.986418
x-axis motor a_rms,200,2025-07-29 13:14:22.986418
x-axis motor temp,23.1,2025-07-29 13:14:22.986418
x-axis motor crest,4.1,2025-07-29 13:14:22.986418
voltage,132.63333333333335,2025-07-29 13:14:22.986418
current,10.933333333333332,2025-07-29 13:14:22.986418
active power,1255.3333333333333,2025-07-29 13:14:22.986418
forward kWh,41.879333333333335,2025-07-29 13:14:22.986418
reverse kWh,1.2693333333333332,2025-07-29 13:14:22.986418
frequency,59.99,2025-07-29 13:14:22.986418
power factor,0.87,2025-07-29 13:14:22.986418
featureId,UNAVAILABLE,2025-07-29 13:14:23.986583
partKindId,7606F116-3463-4EEF-96CC-1AC408FAA001,2025-07-29 13:14:23.986583
processKindId,1BFABEA4-68A9-484B-AE13-2E0BF9278D50,2025-07-29 13:14:23.986583
A_Axis_Load,7,2025-07-29 13:14:23.986583
A_Position,0.000668021023909704,2025-07-29 13:14:23.986583
C_Axis_Load,3,2025-07-29 13:14:23.986583
C_Position,30.0005,2025-07-29 13:14:23.986583
Machine_Time,2711540.494,2025-07-29 13:14:23.986583
Spindle_Time,739504.062,2025-07-29 13:14:23.986583
Feed_Override,100,2025-07-29 13:14:23.986583
Feed_Rate,71.25,2025-07-29 13:14:23.986583
Program_Runtime_Seconds,53,2025-07-29 13:14:23.986583
Rapid_Override,100,2025-07-29 13:14:23.986583
Rapid_Speed,0,2025-07-29 13:14:23.986583
S_Axis_Load,1,2025-07-29 13:14:23.986583
Spindle_Override,100,2025-07-29 13:14:23.986583
Spindle_Speed,9792,2025-07-29 13:14:23.986583
X_Axis_Load,12,2025-07-29 13:14:23.986583
X_Position,421.987995034802,2025-07-29 13:14:23.986583
Y_Axis_Load,7,2025-07-29 13:14:23.986583
Y_Position,298.918806435574,2025-07-29 13:14:23.986583
Z_Axis_Load,32,2025-07-29 13:14:23.986583
Z_Position,-342.279131713485,2025-07-29 13:14:23.986583
COR_Status,1,2025-07-29 13:14:23.986583
Controller_Mode,AUTO,2025-07-29 13:14:23.986583
EStop_State,ARMED,2025-07-29 13:14:23.986583
Machine_Mode,5,2025-07-29 13:14:23.986583
Block_Number,85,2025-07-29 13:14:23.986583
Current_Tool,6,2025-07-29 13:14:23.986583
Part_Count,19,2025-07-29 13:14:23.986583
Program_Name_Running,000473_A_A_PROGRAM_2.NC,2025-07-29 13:14:23.986583
spindle motor v_rms,0.8,2025-07-29 13:14:23.986583
spindle motor a_peak,14800,2025-07-29 13:14:23.986583
spindle motor a_rms,4400,2025-07-29 13:14:23.986583
spindle motor temp,35.9,2025-07-29 13:14:23.986583
spindle motor crest,3.3,2025-07-29 13:14:23.986583
z-axis bearing v_rms,0.4,2025-07-29 13:14:23.986583
z-axis bearing a_peak,13900,2025-07-29 13:14:23.986583
z-axis bearing a_rms,3600,2025-07-29 13:14:23.986583
z-axis bearing temp,24.2,2025-07-29 13:14:23.986583
z-axis bearing crest,3.9,2025-07-29 13:14:23.986583
z-axis motor v_rms,1.4,2025-07-29 13:14:23.986583
z-axis motor a_peak,6100,2025-07-29 13:14:23.986583
z-axis motor a_rms,1700,2025-07-29 13:14:23.986583
z-axis motor temp,29.5,2025-07-29 13:14:23.986583
z-axis motor crest,3.6,2025-07-29 13:14:23.986583
y-axis bearing v_rms,0.8,2025-07-29 13:14:23.986583
y-axis bearing a_peak,7300,2025-07-29 13:14:23.986583
y-axis bearing a_rms,2600,2025-07-29 13:14:23.986583
y-axis bearing temp,22.8,2025-07-29 13:14:23.986583
y-axis bearing crest,2.8,2025-07-29 13:14:23.986583
y-axis motor v_rms,1.3,2025-07-29 13:14:23.986583
y-axis motor a_peak,11500,2025-07-29 13:14:23.986583
y-axis motor a_rms,4100,2025-07-29 13:14:23.986583
y-axis motor temp,25.3,2025-07-29 13:14:23.986583
y-axis motor crest,2.8,2025-07-29 13:14:23.986583
x-axis motor v_rms,0.6,2025-07-29 13:14:23.986583
x-axis motor a_peak,600,2025-07-29 13:14:23.986583
x-axis motor a_rms,100,2025-07-29 13:14:23.986583
x-axis motor temp,23.1,2025-07-29 13:14:23.986583
x-axis motor crest,4.0,2025-07-29 13:14:23.986583
voltage,132.56666666666666,2025-07-29 13:14:23.986583
current,12.443333333333333,2025-07-29 13:14:23.986583
active power,1416.0,2025-07-29 13:14:23.986583
forward kWh,41.88033333333333,2025-07-29 13:14:23.986583
reverse kWh,1.2693333333333332,2025-07-29 13:14:23.986583
frequency,59.99,2025-07-29 13:14:23.986583
power factor,0.9666666666666667,2025-07-29 13:14:23.986583
featureId,UNAVAILABLE,2025-07-29 13:14:24.986813
partKindId,7606F116-3463-4EEF-96CC-1AC408FAA001,2025-07-29 13:14:24.986813
processKindId,1BFABEA4-68A9-484B-AE13-2E0BF9278D50,2025-07-29 13:14:24.986813
A_Axis_Load,7,2025-07-29 13:14:24.986813
A_Position,0.000668021023909704,2025-07-29 13:14:24.986813
C_Axis_Load,3,2025-07-29 13:14:24.986813
C_Position,30.001,2025-07-29 13:14:24.986813
Machine_Time,2711540.494,2025-07-29 13:14:24.986813
Spindle_Time,739504.062,2025-07-29 13:14:24.986813
Feed_Override,100,2025-07-29 13:14:24.986813
Feed_Rate,71.25,2025-07-29 13:14:24.986813
Program_Runtime_Seconds,54,2025-07-29 13:14:24.986813
Rapid_Override,100,2025-07-29 13:14:24.986813
Rapid_Speed,0,2025-07-29 13:14:24.986813
S_Axis_Load,0,2025-07-29 13:14:24.986813
Spindle_Override,100,2025-07-29 13:14:24.986813
Spindle_Speed,9792,2025-07-29 13:14:24.986813
X_Axis_Load,1,2025-07-29 13:14:24.986813
X_Position,428.030471033042,2025-07-29 13:14:24.986813
Y_Axis_Load,9,2025-07-29 13:14:24.986813
Y_Position,235.835106741191,2025-07-29 13:14:24.986813
Z_Axis_Load,33,2025-07-29 13:14:24.986813
Z_Position,-342.279063056928,2025-07-29 13:14:24.986813
COR_Status,1,2025-07-29 13:14:24.986813
Controller_Mode,AUTO,2025-07-29 13:14:24.986813
EStop_State,ARMED,2025-07-29 13:14:24.986813
Machine_Mode,5,2025-07-29 13:14:24.986813
Block_Number,86,2025-07-29 13:14:24.986813
Current_Tool,6,2025-07-29 13:14:24.986813
Part_Count,19,2025-07-29 13:14:24.986813
Program_Name_Running,000473_A_A_PROGRAM_2.NC,2025-07-29 13:14:24.986813
spindle motor v_rms,0.7,2025-07-29 13:14:24.986813
spindle motor a_peak,12200,2025-07-29 13:14:24.986813
spindle motor a_rms,3000,2025-07-29 13:14:24.986813
spindle motor temp,35.9,2025-07-29 13:14:24.986813
spindle motor crest,4.0,2025-07-29 13:14:24.986813
z-axis bearing v_rms,0.4,2025-07-29 13:14:24.986813
z-axis bearing a_peak,17000,2025-07-29 13:14:24.986813
z-axis bearing a_rms,4000,2025-07-29 13:14:24.986813
z-axis bearing temp,24.2,2025-07-29 13:14:24.986813
z-axis bearing crest,4.2,2025-07-29 13:14:24.986813
z-axis motor v_rms,1.2,2025-07-29 13:14:24.986813
z-axis motor a_peak,7200,2025-07-29 13:14:24.986813
z-axis motor a_rms,1700,2025-07-29 13:14:24.986813
z-axis motor temp,29.5,2025-07-29 13:14:24.986813
z-axis motor crest,4.2,2025-07-29 13:14:24.986813
y-axis bearing v_rms,0.8,2025-07-29 13:14:24.986813
y-axis bearing a_peak,7900,2025-07-29 13:14:24.986813
y-axis bearing a_rms,2900,2025-07-29 13:14:24.986813
y-axis bearing temp,22.8,2025-07-29 13:14:24.986813
y-axis bearing crest,2.7,2025-07-29 13:14:24.986813
y-axis motor v_rms,1.6,2025-07-29 13:14:24.986813
y-axis motor a_peak,13700,2025-07-29 13:14:24.986813
y-axis motor a_rms,5000,2025-07-29 13:14:24.986813
y-axis motor temp,25.3,2025-07-29 13:14:24.986813
y-axis motor crest,2.7,2025-07-29 13:14:24.986813
x-axis motor v_rms,0.1,2025-07-29 13:14:24.986813
x-axis motor a_peak,600,2025-07-29 13:14:24.986813
x-axis motor a_rms,200,2025-07-29 13:14:24.986813
x-axis motor temp,23.1,2025-07-29 13:14:24.986813
x-axis motor crest,3.5,2025-07-29 13:14:24.986813
voltage,132.56666666666666,2025-07-29 13:14:24.986813
current,12.443333333333333,2025-07-29 13:14:24.986813
active power,1416.0,2025-07-29 13:14:24.986813
forward kWh,41.88033333333333,2025-07-29 13:14:24.986813
reverse kWh,1.2693333333333332,2025-07-29 13:14:24.986813
frequency,59.99,2025-07-29 13:14:24.986813
power factor,0.9666666666666667,2025-07-29 13:14:24.986813
featureId,UNAVAILABLE,2025-07-29 13:14:25.987058
partKindId,7606F116-3463-4EEF-96CC-1AC408FAA001,2025-07-29 13:14:25.987058
processKindId,1BFABEA4-68A9-484B-AE13-2E0BF9278D50,2025-07-29 13:14:25.987058
A_Axis_Load,7,2025-07-29 13:14:25.987058
A_Position,0.00116814420983566,2025-07-29 13:14:25.987058
C_Axis_Load,3,2025-07-29 13:14:25.987058
C_Position,30.0005,2025-07-29 13:14:25.987058
Machine_Time,2711540.494,2025-07-29 13:14:25.987058
Spindle_Time,739504.062,2025-07-29 13:14:25.987058
Feed_Override,100,2025-07-29 13:14:25.987058
Feed_Rate,71.25,2025-07-29 13:14:25.987058
Program_Runtime_Seconds,55,2025-07-29 13:14:25.987058
Rapid_Override,100,2025-07-29 13:14:25.987058
Rapid_Speed,0,2025-07-29 13:14:25.987058
S_Axis_Load,2,2025-07-29 13:14:25.987058
Spindle_Override,100,2025-07-29 13:14:25.987058
Spindle_Speed,9792,2025-07-29 13:14:25.987058
X_Axis_Load,8,2025-07-29 13:14:25.987058
X_Position,399.589844582699,2025-07-29 13:14:25.987058
Y_Axis_Load,2,2025-07-29 13:14:25.987058
Y_Position,206.208757173624,2025-07-29 13:14:25.987058
Z_Axis_Load,33,2025-07-29 13:14:25.987058
Z_Position,-342.279085942447,2025-07-29 13:14:25.987058
COR_Status,1,2025-07-29 13:14:25.987058
Controller_Mode,AUTO,2025-07-29 13:14:25.987058
EStop_State,ARMED,2025-07-29 13:14:25.987058
Machine_Mode,5,2025-07-29 13:14:25.987058
Block_Number,87,2025-07-29 13:14:25.987058
Current_Tool,6,2025-07-29 13:14:25.987058
Part_Count,19,2025-07-29 13:14:25.987058
Program_Name_Running,000473_A_A_PROGRAM_2.NC,2025-07-29 13:14:25.987058
spindle motor v_rms,1.3,2025-07-29 13:14:25.987058
spindle motor a_peak,17900,2025-07-29 13:14:25.987058
spindle motor a_rms,6200,2025-07-29 13:14:25.987058
spindle motor temp,35.9,2025-07-29 13:14:25.987058
spindle motor crest,2.9,2025-07-29 13:14:25.987058
z-axis bearing v_rms,0.3,2025-07-29 13:14:25.987058
z-axis bearing a_peak,12000,2025-07-29 13:14:25.987058
z-axis bearing a_rms,4700,2025-07-29 13:14:25.987058
z-axis bearing temp,24.2,2025-07-29 13:14:25.987058
z-axis bearing crest,2.6,2025-07-29 13:14:25.987058
z-axis motor v_rms,1.4,2025-07-29 13:14:25.987058
z-axis motor a_peak,4600,2025-07-29 13:14:25.987058
z-axis motor a_rms,1900,2025-07-29 13:14:25.987058
z-axis motor temp,29.5,2025-07-29 13:14:25.987058
z-axis motor crest,2.4,2025-07-29 13:14:25.987058
y-axis bearing v_rms,0.7,2025-07-29 13:14:25.987058
y-axis bearing a_peak,5200,2025-07-29 13:14:25.987058
y-axis bearing a_rms,2500,2025-07-29 13:14:25.987058
y-axis bearing temp,22.8,2025-07-29 13:14:25.987058
y-axis bearing crest,2.0,2025-07-29 13:14:25.987058
y-axis motor v_rms,1.6,2025-07-29 13:14:25.987058
y-axis motor a_peak,9700,2025-07-29 13:14:25.987058
y-axis motor a_rms,4800,2025-07-29 13:14:25.987058
y-axis motor temp,25.3,2025-07-29 13:14:25.987058
y-axis motor crest,2.0,2025-07-29 13:14:25.987058
x-axis motor v_rms,0.2,2025-07-29 13:14:25.987058
x-axis motor a_peak,600,2025-07-29 13:14:25.987058
x-axis motor a_rms,200,2025-07-29 13:14:25.987058
x-axis motor temp,23.1,2025-07-29 13:14:25.987058
x-axis motor crest,3.5,2025-07-29 13:14:25.987058
voltage,132.6,2025-07-29 13:14:25.987058
current,11.483333333333334,2025-07-29 13:14:25.987058
active power,1306.6666666666667,2025-07-29 13:14:25.987058
forward kWh,41.881,2025-07-29 13:14:25.987058
reverse kWh,1.2693333333333332,2025-07-29 13:14:25.987058
frequency,59.99,2025-07-29 13:14:25.987058
power factor,0.8099999999999999,2025-07-29 13:14:25.987058
featureId,UNAVAILABLE,2025-07-29 13:14:26.987210
partKindId,7606F116-3463-4EEF-96CC-1AC408FAA001,2025-07-29 13:14:26.987210
processKindId,1BFABEA4-68A9-484B-AE13-2E0BF9278D50,2025-07-29 13:14:26.987210
A_Axis_Load,7,2025-07-29 13:14:26.987210
A_Position,0.000668021023909704,2025-07-29 13:14:26.987210
C_Axis_Load,3,2025-07-29 13:14:26.987210
C_Position,30.001,2025-07-29 13:14:26.987210
Machine_Time,2711540.494,2025-07-29 13:14:26.987210
Spindle_Time,739504.062,2025-07-29 13:14:26.987210
Feed_Override,100,2025-07-29 13:14:26.987210
Feed_Rate,56.48333,2025-07-29 13:14:26.987210
Program_Runtime_Seconds,56,2025-07-29 13:14:26.987210
Rapid_Override,100,2025-07-29 13:14:26.987210
Rapid_Speed,0,2025-07-29 13:14:26.987210
S_Axis_Load,1,2025-07-29 13:14:26.987210
Spindle_Override,100,2025-07-29 13:14:26.987210
Spindle_Speed,9792,2025-07-29 13:14:26.987210
X_Axis_Load,9,2025-07-29 13:14:26.987210
X_Position,332.780178367465,2025-07-29 13:14:26.987210
Y_Axis_Load,21,2025-07-29 13:14:26.987210
Y_Position,212.181175892759,2025-07-29 13:14:26.987210
Z_Axis_Load,33,2025-07-29 13:14:26.987210
Z_Position,-342.27902872865,2025-07-29 13:14:26.987210
COR_Status,1,2025-07-29 13:14:26.987210
Controller_Mode,AUTO,2025-07-29 13:14:26.987210
EStop_State,ARMED,2025-07-29 13:14:26.987210
Machine_Mode,5,2025-07-29 13:14:26.987210
Block_Number,88,2025-07-29 13:14:26.987210
Current_Tool,6,2025-07-29 13:14:26.987210
Part_Count,19,2025-07-29 13:14:26.987210
Program_Name_Running,000473_A_A_PROGRAM_2.NC,2025-07-29 13:14:26.987210
spindle motor v_rms,1.1,2025-07-29 13:14:26.987210
spindle motor a_peak,16900,2025-07-29 13:14:26.987210
spindle motor a_rms,3900,2025-07-29 13:14:26.987210
spindle motor temp,35.9,2025-07-29 13:14:26.987210
spindle motor crest,4.4,2025-07-29 13:14:26.987210
z-axis bearing v_rms,0.3,2025-07-29 13:14:26.987210
z-axis bearing a_peak,12100,2025-07-29 13:14:26.987210
z-axis bearing a_rms,3300,2025-07-29 13:14:26.987210
z-axis bearing temp,24.2,2025-07-29 13:14:26.987210
z-axis bearing crest,3.6,2025-07-29 13:14:26.987210
z-axis motor v_rms,1.3,2025-07-29 13:14:26.987210
z-axis motor a_peak,6800,2025-07-29 13:14:26.987210
z-axis motor a_rms,1800,2025-07-29 13:14:26.987210
z-axis motor temp,29.5,2025-07-29 13:14:26.987210
z-axis motor crest,3.8,2025-07-29 13:14:26.987210
y-axis bearing v_rms,1.0,2025-07-29 13:14:26.987210
y-axis bearing a_peak,10300,2025-07-29 13:14:26.987210
y-axis bearing a_rms,3400,2025-07-29 13:14:26.987210
y-axis bearing temp,22.8,2025-07-29 13:14:26.987210
y-axis bearing crest,3.0,2025-07-29 13:14:26.987210
y-axis motor v_rms,1.4,2025-07-29 13:14:26.987210
y-axis motor a_peak,13900,2025-07-29 13:14:26.987210
y-axis motor a_rms,4400,2025-07-29 13:14:26.987210
y-axis motor temp,25.3,2025-07-29 13:14:26.987210
y-axis motor crest,3.1,2025-07-29 13:14:26.987210
x-axis motor v_rms,0.5,2025-07-29 13:14:26.987210
x-axis motor a_peak,500,2025-07-29 13:14:26.987210
x-axis motor a_rms,100,2025-07-29 13:14:26.987210
x-axis motor temp,23.1,2025-07-29 13:14:26.987210
x-axis motor crest,3.4,2025-07-29 13:14:26.987210
voltage,132.53333333333333,2025-07-29 13:14:26.987210
current,12.54,2025-07-29 13:14:26.987210
active power,1430.3333333333333,2025-07-29 13:14:26.987210
forward kWh,41.88133333333334,2025-07-29 13:14:26.987210
reverse kWh,1.2693333333333332,2025-07-29 13:14:26.987210
frequency,59.99,2025-07-29 13:14:26.987210
power factor,0.8566666666666666,2025-07-29 13:14:26.987210
featureId,UNAVAILABLE,2025-07-29 13:14:27.987370
partKindId,7606F116-3463-4EEF-96CC-1AC408FAA001,2025-07-29 13:14:27.987370
processKindId,1BFABEA4-68A9-484B-AE13-2E0BF9278D50,2025-07-29 13:14:27.987370
A_Axis_Load,7,2025-07-29 13:14:27.987370
A_Position,0.000668021023909704,2025-07-29 13:14:27.987370
C_Axis_Load,3,2025-07-29 13:14:27.987370
C_Position,30.0005,2025-07-29 13:14:27.987370
Machine_Time,2711540.494,2025-07-29 13:14:27.987370
Spindle_Time,739504.062,2025-07-29 13:14:27.987370
Feed_Override,100,2025-07-29 13:14:27.987370
Feed_Rate,71.25,2025-07-29 13:14:27.987370
Program_Runtime_Seconds,57,2025-07-29 13:14:27.987370
Rapid_Override,100,2025-07-29 13:14:27.987370
Rapid_Speed,0,2025-07-29 13:14:27.987370
S_Axis_Load,0,2025-07-29 13:14:27.987370
Spindle_Override,100,2025-07-29 13:14:27.987370
Spindle_Speed,9792,2025-07-29 13:14:27.987370
X_Axis_Load,0,2025-07-29 13:14:27.987370
X_Position,332.780384356527,2025-07-29 13:14:27.987370
Y_Axis_Load,7,2025-07-29 13:14:27.987370
Y_Position,285.668150657751,2025-07-29 13:14:27.987370
Z_Axis_Load,33,2025-07-29 13:14:27.987370
Z_Position,-342.279108827966,2025-07-29 13:14:27.987370
COR_Status,1,2025-07-29 13:14:27.987370
Controller_Mode,AUTO,2025-07-29 13:14:27.987370
EStop_State,ARMED,2025-07-29 13:14:27.987370
Machine_Mode,5,2025-07-29 13:14:27.987370
Block_Number,88,2025-07-29 13:14:27.987370
Current_Tool,6,2025-07-29 13:14:27.987370
Part_Count,19,2025-07-29 13:14:27.987370
Program_Name_Running,000473_A_A_PROGRAM_2.NC,2025-07-29 13:14:27.987370
spindle motor v_rms,1.1,2025-07-29 13:14:27.987370
spindle motor a_peak,13300,2025-07-29 13:14:27.987370
spindle motor a_rms,3900,2025-07-29 13:14:27.987370
spindle motor temp,35.9,2025-07-29 13:14:27.987370
spindle motor crest,3.4,2025-07-29 13:14:27.987370
z-axis bearing v_rms,0.5,2025-07-29 13:14:27.987370
z-axis bearing a_peak,11800,2025-07-29 13:14:27.987370
z-axis bearing a_rms,3600,2025-07-29 13:14:27.987370
z-axis bearing temp,24.2,2025-07-29 13:14:27.987370
z-axis bearing crest,3.3,2025-07-29 13:14:27.987370
z-axis motor v_rms,1.2,2025-07-29 13:14:27.987370
z-axis motor a_peak,6500,2025-07-29 13:14:27.987370
z-axis motor a_rms,1700,2025-07-29 13:14:27.987370
z-axis motor temp,29.5,2025-07-29 13:14:27.987370
z-axis motor crest,3.9,2025-07-29 13:14:27.987370
y-axis bearing v_rms,1.2,2025-07-29 13:14:27.987370
y-axis bearing a_peak,9000,2025-07-29 13:14:27.987370
y-axis bearing a_rms,3800,2025-07-29 13:14:27.987370
y-axis bearing temp,22.8,2025-07-29 13:14:27.987370
y-axis bearing crest,2.4,2025-07-29 13:14:27.987370
y-axis motor v_rms,1.5,2025-07-29 13:14:27.987370
y-axis motor a_peak,14700,2025-07-29 13:14:27.987370
y-axis motor a_rms,4600,2025-07-29 13:14:27.987370
y-axis motor temp,25.3,2025-07-29 13:14:27.987370
y-axis motor crest,3.2,2025-07-29 13:14:27.987370
x-axis motor v_rms,0.9,2025-07-29 13:14:27.987370
x-axis motor a_peak,500,2025-07-29 13:14:27.987370
x-axis motor a_rms,100,2025-07-29 13:14:27.987370
x-axis motor temp,23.1,2025-07-29 13:14:27.987370
x-axis motor crest,3.6,2025-07-29 13:14:27.987370
voltage,132.53333333333333,2025-07-29 13:14:27.987370
current,12.54,2025-07-29 13:14:27.987370
active power,1430.3333333333333,2025-07-29 13:14:27.987370
forward kWh,41.88133333333334,2025-07-29 13:14:27.987370
reverse kWh,1.2693333333333332,2025-07-29 13:14:27.987370
frequency,59.99,2025-07-29 13:14:27.987370
power factor,0.8566666666666666,2025-07-29 13:14:27.987370
featureId,UNAVAILABLE,2025-07-29 13:14:28.987574
partKindId,7606F116-3463-4EEF-96CC-1AC408FAA001,2025-07-29 13:14:28.987574
processKindId,1BFABEA4-68A9-484B-AE13-2E0BF9278D50,2025-07-29 13:14:28.987574
A_Axis_Load,7,2025-07-29 13:14:28.987574
A_Position,0.000668021023909704,2025-07-29 13:14:28.987574
C_Axis_Load,3,2025-07-29 13:14:28.987574
C_Position,30.0005,2025-07-29 13:14:28.987574
Machine_Time,2711540.494,2025-07-29 13:14:28.987574
Spindle_Time,739504.062,2025-07-29 13:14:28.987574
Feed_Override,100,2025-07-29 13:14:28.987574
Feed_Rate,71.23333,2025-07-29 13:14:28.987574
Program_Runtime_Seconds,58,2025-07-29 13:14:28.987574
Rapid_Override,100,2025-07-29 13:14:28.987574
Rapid_Speed,0,2025-07-29 13:14:28.987574
S_Axis_Load,0,2025-07-29 13:14:28.987574
Spindle_Override,100,2025-07-29 13:14:28.987574
Spindle_Speed,9792,2025-07-29 13:14:28.987574
X_Axis_Load,8,2025-07-29 13:14:28.987574
X_Position,377.577723221793,2025-07-29 13:14:28.987574
Y_Axis_Load,1,2025-07-29 13:14:28.987574
Y_Position,298.918729188251,2025-07-29 13:14:28.987574
Z_Axis_Load,33,2025-07-29 13:14:28.987574
Z_Position,-342.279074499688,2025-07-29 13:14:28.987574
COR_Status,1,2025-07-29 13:14:28.987574
Controller_Mode,AUTO,2025-07-29 13:14:28.987574
EStop_State,ARMED,2025-07-29 13:14:28.987574
Machine_Mode,5,2025-07-29 13:14:28.987574
Block_Number,89,2025-07-29 13:14:28.987574
Current_Tool,6,2025-07-29 13:14:28.987574
Part_Count,19,2025-07-29 13:14:28.987574
Program_Name_Running,000473_A_A_PROGRAM_2.NC,2025-07-29 13:14:28.987574
spindle motor v_rms,0.8,2025-07-29 13:14:28.987574
spindle motor a_peak,14100,2025-07-29 13:14:28.987574
spindle motor a_rms,3600,2025-07-29 13:14:28.987574
spindle motor temp,35.9,2025-07-29 13:14:28.987574
spindle motor crest,3.9,2025-07-29 13:14:28.987574
z-axis bearing v_rms,0.4,2025-07-29 13:14:28.987574
z-axis bearing a_peak,12000,2025-07-29 13:14:28.987574
z-axis bearing a_rms,2800,2025-07-29 13:14:28.987574
z-axis bearing temp,24.2,2025-07-29 13:14:28.987574
z-axis bearing crest,4.2,2025-07-29 13:14:28.987574
z-axis motor v_rms,1.4,2025-07-29 13:14:28.987574
z-axis motor a_peak,4900,2025-07-29 13:14:28.987574
z-axis motor a_rms,1600,2025-07-29 13:14:28.987574
z-axis motor temp,29.5,2025-07-29 13:14:28.987574
z-axis motor crest,3.1,2025-07-29 13:14:28.987574
y-axis bearing v_rms,0.7,2025-07-29 13:14:28.987574
y-axis bearing a_peak,6900,2025-07-29 13:14:28.987574
y-axis bearing a_rms,2200,2025-07-29 13:14:28.987574
y-axis bearing temp,22.8,2025-07-29 13:14:28.987574
y-axis bearing crest,3.2,2025-07-29 13:14:28.987574
y-axis motor v_rms,1.1,2025-07-29 13:14:28.987574
y-axis motor a_peak,9100,2025-07-29 13:14:28.987574
y-axis motor a_rms,3400,2025-07-29 13:14:28.987574
y-axis motor temp,25.3,2025-07-29 13:14:28.987574
y-axis motor crest,2.7,2025-07-29 13:14:28.987574
x-axis motor v_rms,0.9,2025-07-29 13:14:28.987574
x-axis motor a_peak,700,2025-07-29 13:14:28.987574
x-axis motor a_rms,200,2025-07-29 13:14:28.987574
x-axis motor temp,23.1,2025-07-29 13:14:28.987574
x-axis motor crest,4.0,2025-07-29 13:14:28.987574
voltage,132.56666666666666,2025-07-29 13:14:28.987574
current,12.426666666666668,2025-07-29 13:14:28.987574
active power,1421.0,2025-07-29 13:14:28.987574
forward kWh,41.88166666666667,2025-07-29 13:14:28.987574
reverse kWh,1.2693333333333332,2025-07-29 13:14:28.987574
frequency,59.99,2025-07-29 13:14:28.987574
power factor,0.8666666666666667,2025-07-29 13:14:28.987574
featureId,UNAVAILABLE,2025-07-29 13:14:30.508460
partKindId,7606F116-3463-4EEF-96CC-1AC408FAA001,2025-07-29 13:14:30.508460
processKindId,1BFABEA4-68A9-484B-AE13-2E0BF9278D50,2025-07-29 13:14:30.508460
A_Axis_Load,7,2025-07-29 13:14:30.508460
A_Position,0.000668021023909704,2025-07-29 13:14:30.508460
C_Axis_Load,3,2025-07-29 13:14:30.508460
C_Position,30,2025-07-29 13:14:30.508460
Machine_Time,2711540.494,2025-07-29 13:14:30.508460
Spindle_Time,739504.062,2025-07-29 13:14:30.508460
Feed_Override,100,2025-07-29 13:14:30.508460
Feed_Rate,71.25,2025-07-29 13:14:30.508460
Program_Runtime_Seconds,59,2025-07-29 13:14:30.508460
Rapid_Override,100,2025-07-29 13:14:30.508460
Rapid_Speed,0,2025-07-29 13:14:30.508460
S_Axis_Load,1,2025-07-29 13:14:30.508460
Spindle_Override,100,2025-07-29 13:14:30.508460
Spindle_Speed,9792,2025-07-29 13:14:30.508460
X_Axis_Load,0,2025-07-29 13:14:30.508460
X_Position,421.680362300295,2025-07-29 13:14:30.508460
Y_Axis_Load,9,2025-07-29 13:14:30.508460
Y_Position,246.044401654249,2025-07-29 13:14:30.508460
Z_Axis_Load,33,2025-07-29 13:14:30.508460
Z_Position,-342.279085942447,2025-07-29 13:14:30.508460
COR_Status,1,2025-07-29 13:14:30.508460
Controller_Mode,AUTO,2025-07-29 13:14:30.508460
EStop_State,ARMED,2025-07-29 13:14:30.508460
Machine_Mode,5,2025-07-29 13:14:30.508460
Block_Number,92,2025-07-29 13:14:30.508460
Current_Tool,6,2025-07-29 13:14:30.508460
Part_Count,19,2025-07-29 13:14:30.508460
Program_Name_Running,000473_A_A_PROGRAM_2.NC,2025-07-29 13:14:30.508460
spindle motor v_rms,0.7,2025-07-29 13:14:30.508460
spindle motor a_peak,10000,2025-07-29 13:14:30.508460
spindle motor a_rms,2800,2025-07-29 13:14:30.508460
spindle motor temp,35.9,2025-07-29 13:14:30.508460
spindle motor crest,3.6,2025-07-29 13:14:30.508460
z-axis bearing v_rms,0.4,2025-07-29 13:14:30.508460
z-axis bearing a_peak,11100,2025-07-29 13:14:30.508460
z-axis bearing a_rms,3800,2025-07-29 13:14:30.508460
z-axis bearing temp,24.2,2025-07-29 13:14:30.508460
z-axis bearing crest,3.0,2025-07-29 13:14:30.508460
z-axis motor v_rms,1.2,2025-07-29 13:14:30.508460
z-axis motor a_peak,4300,2025-07-29 13:14:30.508460
z-axis motor a_rms,1500,2025-07-29 13:14:30.508460
z-axis motor temp,29.5,2025-07-29 13:14:30.508460
z-axis motor crest,2.9,2025-07-29 13:14:30.508460
y-axis bearing v_rms,0.8,2025-07-29 13:14:30.508460
y-axis bearing a_peak,5800,2025-07-29 13:14:30.508460
y-axis bearing a_rms,2800,2025-07-29 13:14:30.508460
y-axis bearing temp,22.8,2025-07-29 13:14:30.508460
y-axis bearing crest,2.1,2025-07-29 13:14:30.508460
y-axis motor v_rms,1.6,2025-07-29 13:14:30.508460
y-axis motor a_peak,12400,2025-07-29 13:14:30.508460
y-axis motor a_rms,5000,2025-07-29 13:14:30.508460
y-axis motor temp,25.3,2025-07-29 13:14:30.508460
y-axis motor crest,2.5,2025-07-29 13:14:30.508460
x-axis motor v_rms,0.3,2025-07-29 13:14:30.508460
x-axis motor a_peak,600,2025-07-29 13:14:30.508460
x-axis motor a_rms,200,2025-07-29 13:14:30.508460
x-axis motor temp,23.1,2025-07-29 13:14:30.508460
x-axis motor crest,3.7,2025-07-29 13:14:30.508460
voltage,132.53333333333333,2025-07-29 13:14:30.508460
current,12.626666666666665,2025-07-29 13:14:30.508460
active power,1444.0,2025-07-29 13:14:30.508460
forward kWh,41.882666666666665,2025-07-29 13:14:30.508460
reverse kWh,1.2693333333333332,2025-07-29 13:14:30.508460
frequency,59.99,2025-07-29 13:14:30.508460
power factor,0.7966666666666665,2025-07-29 13:14:30.508460
featureId,UNAVAILABLE,2025-07-29 13:14:31.508663
partKindId,7606F116-3463-4EEF-96CC-1AC408FAA001,2025-07-29 13:14:31.508663
processKindId,1BFABEA4-68A9-484B-AE13-2E0BF9278D50,2025-07-29 13:14:31.508663
A_Axis_Load,7,2025-07-29 13:14:31.508663
A_Position,0.000668021023909704,2025-07-29 13:14:31.508663
C_Axis_Load,3,2025-07-29 13:14:31.508663
C_Position,30.0005,2025-07-29 13:14:31.508663
Machine_Time,2711540.494,2025-07-29 13:14:31.508663
Spindle_Time,739504.062,2025-07-29 13:14:31.508663
Feed_Override,100,2025-07-29 13:14:31.508663
Feed_Rate,71.25,2025-07-29 13:14:31.508663
Program_Runtime_Seconds,0,2025-07-29 13:14:31.508663
Rapid_Override,100,2025-07-29 13:14:31.508663
Rapid_Speed,0,2025-07-29 13:14:31.508663
S_Axis_Load,0,2025-07-29 13:14:31.508663
Spindle_Override,100,2025-07-29 13:14:31.508663
Spindle_Speed,9792,2025-07-29 13:14:31.508663
X_Axis_Load,10,2025-07-29 13:14:31.508663
X_Position,382.385258296299,2025-07-29 13:14:31.508663
Y_Axis_Load,1,2025-07-29 13:14:31.508663
Y_Position,212.558779545745,2025-07-29 13:14:31.508663
Z_Axis_Load,33,2025-07-29 13:14:31.508663
Z_Position,-342.279063056928,2025-07-29 13:14:31.508663
COR_Status,1,2025-07-29 13:14:31.508663
Controller_Mode,AUTO,2025-07-29 13:14:31.508663
EStop_State,ARMED,2025-07-29 13:14:31.508663
Machine_Mode,5,2025-07-29 13:14:31.508663
Block_Number,93,2025-07-29 13:14:31.508663
Current_Tool,6,2025-07-29 13:14:31.508663
Part_Count,19,2025-07-29 13:14:31.508663
Program_Name_Running,000473_A_A_PROGRAM_2.NC,2025-07-29 13:14:31.508663
spindle motor v_rms,1.3,2025-07-29 13:14:31.508663
spindle motor a_peak,18800,2025-07-29 13:14:31.508663
spindle motor a_rms,6500,2025-07-29 13:14:31.508663
spindle motor temp,35.9,2025-07-29 13:14:31.508663
spindle motor crest,2.9,2025-07-29 13:14:31.508663
z-axis bearing v_rms,0.3,2025-07-29 13:14:31.508663
z-axis bearing a_peak,12900,2025-07-29 13:14:31.508663
z-axis bearing a_rms,5100,2025-07-29 13:14:31.508663
z-axis bearing temp,24.2,2025-07-29 13:14:31.508663
z-axis bearing crest,2.5,2025-07-29 13:14:31.508663
z-axis motor v_rms,1.4,2025-07-29 13:14:31.508663
z-axis motor a_peak,4600,2025-07-29 13:14:31.508663
z-axis motor a_rms,1900,2025-07-29 13:14:31.508663
z-axis motor temp,29.5,2025-07-29 13:14:31.508663
z-axis motor crest,2.4,2025-07-29 13:14:31.508663
y-axis bearing v_rms,0.7,2025-07-29 13:14:31.508663
y-axis bearing a_peak,5100,2025-07-29 13:14:31.508663
y-axis bearing a_rms,2500,2025-07-29 13:14:31.508663
y-axis bearing temp,22.8,2025-07-29 13:14:31.508663
y-axis bearing crest,2.1,2025-07-29 13:14:31.508663
y-axis motor v_rms,1.6,2025-07-29 13:14:31.508663
y-axis motor a_peak,10000,2025-07-29 13:14:31.508663
y-axis motor a_rms,4800,2025-07-29 13:14:31.508663
y-axis motor temp,25.3,2025-07-29 13:14:31.508663
y-axis motor crest,2.1,2025-07-29 13:14:31.508663
x-axis motor v_rms,0.2,2025-07-29 13:14:31.508663
x-axis motor a_peak,600,2025-07-29 13:14:31.508663
x-axis motor a_rms,200,2025-07-29 13:14:31.508663
x-axis motor temp,23.1,2025-07-29 13:14:31.508663
x-axis motor crest,3.5,2025-07-29 13:14:31.508663
voltage,132.56666666666666,2025-07-29 13:14:31.508663
current,12.780000000000001,2025-07-29 13:14:31.508663
active power,1459.6666666666667,2025-07-29 13:14:31.508663
forward kWh,41.883,2025-07-29 13:14:31.508663
reverse kWh,1.2693333333333332,2025-07-29 13:14:31.508663
frequency,59.99,2025-07-29 13:14:31.508663
power factor,0.8466666666666667,2025-07-29 13:14:31.508663
featureId,UNAVAILABLE,2025-07-29 13:14:32.508813
partKindId,7606F116-3463-4EEF-96CC-1AC408FAA001,2025-07-29 13:14:32.508813
processKindId,1BFABEA4-68A9-484B-AE13-2E0BF9278D50,2025-07-29 13:14:32.508813
A_Axis_Load,7,2025-07-29 13:14:32.508813
A_Position,0.000668021023909704,2025-07-29 13:14:32.508813
C_Axis_Load,3,2025-07-29 13:14:32.508813
C_Position,30.0005,2025-07-29 13:14:32.508813
Machine_Time,2711540.494,2025-07-29 13:14:32.508813
Spindle_Time,739504.062,2025-07-29 13:14:32.508813
Feed_Override,100,2025-07-29 13:14:32.508813
Feed_Rate,66.23333,2025-07-29 13:14:32.508813
Program_Runtime_Seconds,1,2025-07-29 13:14:32.508813
Rapid_Override,100,2025-07-29 13:14:32.508813
Rapid_Speed,0,2025-07-29 13:14:32.508813
S_Axis_Load,0,2025-07-29 13:14:32.508813
Spindle_Override,100,2025-07-29 13:14:32.508813
Spindle_Speed,9792,2025-07-29 13:14:32.508813
X_Axis_Load,0,2025-07-29 13:14:32.508813
X_Position,339.130386285948,2025-07-29 13:14:32.508813
Y_Axis_Load,9,2025-07-29 13:14:32.508813
Y_Position,238.400201935563,2025-07-29 13:14:32.508813
Z_Axis_Load,32,2025-07-29 13:14:32.508813
Z_Position,-342.279200370042,2025-07-29 13:14:32.508813
COR_Status,1,2025-07-29 13:14:32.508813
Controller_Mode,AUTO,2025-07-29 13:14:32.508813
EStop_State,ARMED,2025-07-29 13:14:32.508813
Machine_Mode,5,2025-07-29 13:14:32.508813
Block_Number,94,2025-07-29 13:14:32.508813
Current_Tool,6,2025-07-29 13:14:32.508813
Part_Count,19,2025-07-29 13:14:32.508813
Program_Name_Running,000473_A_A_PROGRAM_2.NC,2025-07-29 13:14:32.508813
spindle motor v_rms,1.1,2025-07-29 13:14:32.508813
spindle motor a_peak,13000,2025-07-29 13:14:32.508813
spindle motor a_rms,3900,2025-07-29 13:14:32.508813
spindle motor temp,35.9,2025-07-29 13:14:32.508813
spindle motor crest,3.3,2025-07-29 13:14:32.508813
z-axis bearing v_rms,0.4,2025-07-29 13:14:32.508813
z-axis bearing a_peak,12800,2025-07-29 13:14:32.508813
z-axis bearing a_rms,3900,2025-07-29 13:14:32.508813
z-axis bearing temp,24.2,2025-07-29 13:14:32.508813
z-axis bearing crest,3.3,2025-07-29 13:14:32.508813
z-axis motor v_rms,1.2,2025-07-29 13:14:32.508813
z-axis motor a_peak,4700,2025-07-29 13:14:32.508813
z-axis motor a_rms,1700,2025-07-29 13:14:32.508813
z-axis motor temp,29.5,2025-07-29 13:14:32.508813
z-axis motor crest,2.8,2025-07-29 13:14:32.508813
y-axis bearing v_rms,1.2,2025-07-29 13:14:32.508813
y-axis bearing a_peak,9400,2025-07-29 13:14:32.508813
y-axis bearing a_rms,3900,2025-07-29 13:14:32.508813
y-axis bearing temp,22.8,2025-07-29 13:14:32.508813
y-axis bearing crest,2.4,2025-07-29 13:14:32.508813
y-axis motor v_rms,1.9,2025-07-29 13:14:32.508813
y-axis motor a_peak,14800,2025-07-29 13:14:32.508813
y-axis motor a_rms,5800,2025-07-29 13:14:32.508813
y-axis motor temp,25.3,2025-07-29 13:14:32.508813
y-axis motor crest,2.5,2025-07-29 13:14:32.508813
x-axis motor v_rms,0.1,2025-07-29 13:14:32.508813
x-axis motor a_peak,500,2025-07-29 13:14:32.508813
x-axis motor a_rms,100,2025-07-29 13:14:32.508813
x-axis motor temp,23.1,2025-07-29 13:14:32.508813
x-axis motor crest,3.7,2025-07-29 13:14:32.508813
voltage,132.5,2025-07-29 13:14:32.508813
current,12.656666666666666,2025-07-29 13:14:32.508813
active power,1445.3333333333333,2025-07-29 13:14:32.508813
forward kWh,41.883,2025-07-29 13:14:32.508813
reverse kWh,1.2693333333333332,2025-07-29 13:14:32.508813
frequency,59.99,2025-07-29 13:14:32.508813
power factor,0.86,2025-07-29 13:14:32.508813
featureId,UNAVAILABLE,2025-07-29 13:14:33.509006
partKindId,7606F116-3463-4EEF-96CC-1AC408FAA001,2025-07-29 13:14:33.509006
processKindId,1BFABEA4-68A9-484B-AE13-2E0BF9278D50,2025-07-29 13:14:33.509006
A_Axis_Load,7,2025-07-29 13:14:33.509006
A_Position,0.000668021023909704,2025-07-29 13:14:33.509006
C_Axis_Load,3,2025-07-29 13:14:33.509006
C_Position,29.9995,2025-07-29 13:14:33.509006
Machine_Time,2711540.494,2025-07-29 13:14:33.509006
Spindle_Time,739504.062,2025-07-29 13:14:33.509006
Feed_Override,100,2025-07-29 13:14:33.509006
Feed_Rate,71.25,2025-07-29 13:14:33.509006
Program_Runtime_Seconds,2,2025-07-29 13:14:33.509006
Rapid_Override,100,2025-07-29 13:14:33.509006
Rapid_Speed,0,2025-07-29 13:14:33.509006
S_Axis_Load,0,2025-07-29 13:14:33.509006
Spindle_Override,100,2025-07-29 13:14:33.509006
Spindle_Speed,9792,2025-07-29 13:14:33.509006
X_Axis_Load,10,2025-07-29 13:14:33.509006
X_Position,343.070963178035,2025-07-29 13:14:33.509006
Y_Axis_Load,4,2025-07-29 13:14:33.509006
Y_Position,292.568524698218,2025-07-29 13:14:33.509006
Z_Axis_Load,33,2025-07-29 13:14:33.509006
Z_Position,-342.279188927283,2025-07-29 13:14:33.509006
COR_Status,1,2025-07-29 13:14:33.509006
Controller_Mode,AUTO,2025-07-29 13:14:33.509006
EStop_State,ARMED,2025-07-29 13:14:33.509006
Machine_Mode,5,2025-07-29 13:14:33.509006
Block_Number,95,2025-07-29 13:14:33.509006
Current_Tool,6,2025-07-29 13:14:33.509006
Part_Count,19,2025-07-29 13:14:33.509006
Program_Name_Running,000473_A_A_PROGRAM_2.NC,2025-07-29 13:14:33.509006
spindle motor v_rms,0.8,2025-07-29 13:14:33.509006
spindle motor a_peak,17700,2025-07-29 13:14:33.509006
spindle motor a_rms,4500,2025-07-29 13:14:33.509006
spindle motor temp,35.9,2025-07-29 13:14:33.509006
spindle motor crest,4.0,2025-07-29 13:14:33.509006
z-axis bearing v_rms,0.4,2025-07-29 13:14:33.509006
z-axis bearing a_peak,11000,2025-07-29 13:14:33.509006
z-axis bearing a_rms,3500,2025-07-29 13:14:33.509006
z-axis bearing temp,24.2,2025-07-29 13:14:33.509006
z-axis bearing crest,3.1,2025-07-29 13:14:33.509006
z-axis motor v_rms,1.4,2025-07-29 13:14:33.509006
z-axis motor a_peak,5200,2025-07-29 13:14:33.509006
z-axis motor a_rms,1800,2025-07-29 13:14:33.509006
z-axis motor temp,29.5,2025-07-29 13:14:33.509006
z-axis motor crest,2.9,2025-07-29 13:14:33.509006
y-axis bearing v_rms,0.8,2025-07-29 13:14:33.509006
y-axis bearing a_peak,5900,2025-07-29 13:14:33.509006
y-axis bearing a_rms,2500,2025-07-29 13:14:33.509006
y-axis bearing temp,22.8,2025-07-29 13:14:33.509006
y-axis bearing crest,2.3,2025-07-29 13:14:33.509006
y-axis motor v_rms,1.4,2025-07-29 13:14:33.509006
y-axis motor a_peak,9800,2025-07-29 13:14:33.509006
y-axis motor a_rms,4200,2025-07-29 13:14:33.509006
y-axis motor temp,25.3,2025-07-29 13:14:33.509006
y-axis motor crest,2.3,2025-07-29 13:14:33.509006
x-axis motor v_rms,0.2,2025-07-29 13:14:33.509006
x-axis motor a_peak,500,2025-07-29 13:14:33.509006
x-axis motor a_rms,200,2025-07-29 13:14:33.509006
x-axis motor temp,23.1,2025-07-29 13:14:33.509006
x-axis motor crest,3.4,2025-07-29 13:14:33.509006
voltage,132.56666666666666,2025-07-29 13:14:33.509006
current,12.773333333333333,2025-07-29 13:14:33.509006
active power,1459.0,2025-07-29 13:14:33.509006
forward kWh,41.88333333333333,2025-07-29 13:14:33.509006
reverse kWh,1.2693333333333332,2025-07-29 13:14:33.509006
frequency,59.99,2025-07-29 13:14:33.509006
power factor,0.8766666666666666,2025-07-29 13:14:33.509006
featureId,UNAVAILABLE,2025-07-29 13:14:34.509169
partKindId,7606F116-3463-4EEF-96CC-1AC408FAA001,2025-07-29 13:14:34.509169
processKindId,1BFABEA4-68A9-484B-AE13-2E0BF9278D50,2025-07-29 13:14:34.509169
A_Axis_Load,7,2025-07-29 13:14:34.509169
A_Position,0.000668021023909704,2025-07-29 13:14:34.509169
C_Axis_Load,3,2025-07-29 13:14:34.509169
C_Position,30.0005,2025-07-29 13:14:34.509169
Machine_Time,2711540.494,2025-07-29 13:14:34.509169
Spindle_Time,739504.062,2025-07-29 13:14:34.509169
Feed_Override,100,2025-07-29 13:14:34.509169
Feed_Rate,71.25,2025-07-29 13:14:34.509169
Program_Runtime_Seconds,3,2025-07-29 13:14:34.509169
Rapid_Override,100,2025-07-29 13:14:34.509169
Rapid_Speed,0,2025-07-29 13:14:34.509169
S_Axis_Load,2,2025-07-29 13:14:34.509169
Spindle_Override,100,2025-07-29 13:14:34.509169
Spindle_Speed,9792,2025-07-29 13:14:34.509169
X_Axis_Load,9,2025-07-29 13:14:34.509169
X_Position,401.255491953031,2025-07-29 13:14:34.509169
Y_Axis_Load,8,2025-07-29 13:14:34.509169
Y_Position,286.218580118926,2025-07-29 13:14:34.509169
Z_Axis_Load,33,2025-07-29 13:14:34.509169
Z_Position,-342.279063056928,2025-07-29 13:14:34.509169
COR_Status,1,2025-07-29 13:14:34.509169
Controller_Mode,AUTO,2025-07-29 13:14:34.509169
EStop_State,ARMED,2025-07-29 13:14:34.509169
Machine_Mode,5,2025-07-29 13:14:34.509169
Block_Number,97,2025-07-29 13:14:34.509169
Current_Tool,6,2025-07-29 13:14:34.509169
Part_Count,19,2025-07-29 13:14:34.509169
Program_Name_Running,000473_A_A_PROGRAM_2.NC,2025-07-29 13:14:34.509169
spindle motor v_rms,0.9,2025-07-29 13:14:34.509169
spindle motor a_peak,24500,2025-07-29 13:14:34.509169
spindle motor a_rms,5500,2025-07-29 13:14:34.509169
spindle motor temp,35.9,2025-07-29 13:14:34.509169
spindle motor crest,4.5,2025-07-29 13:14:34.509169
z-axis bearing v_rms,0.4,2025-07-29 13:14:34.509169
z-axis bearing a_peak,14200,2025-07-29 13:14:34.509169
z-axis bearing a_rms,3800,2025-07-29 13:14:34.509169
z-axis bearing temp,24.2,2025-07-29 13:14:34.509169
z-axis bearing crest,3.7,2025-07-29 13:14:34.509169
z-axis motor v_rms,1.4,2025-07-29 13:14:34.509169
z-axis motor a_peak,7100,2025-07-29 13:14:34.509169
z-axis motor a_rms,1900,2025-07-29 13:14:34.509169
z-axis motor temp,29.5,2025-07-29 13:14:34.509169
z-axis motor crest,3.8,2025-07-29 13:14:34.509169
y-axis bearing v_rms,0.7,2025-07-29 13:14:34.509169
y-axis bearing a_peak,7600,2025-07-29 13:14:34.509169
y-axis bearing a_rms,2500,2025-07-29 13:14:34.509169
y-axis bearing temp,22.8,2025-07-29 13:14:34.509169
y-axis bearing crest,3.0,2025-07-29 13:14:34.509169
y-axis motor v_rms,1.3,2025-07-29 13:14:34.509169
y-axis motor a_peak,10600,2025-07-29 13:14:34.509169
y-axis motor a_rms,4000,2025-07-29 13:14:34.509169
y-axis motor temp,25.3,2025-07-29 13:14:34.509169
y-axis motor crest,2.7,2025-07-29 13:14:34.509169
x-axis motor v_rms,0.6,2025-07-29 13:14:34.509169
x-axis motor a_peak,500,2025-07-29 13:14:34.509169
x-axis motor a_rms,200,2025-07-29 13:14:34.509169
x-axis motor temp,23.1,2025-07-29 13:14:34.509169
x-axis motor crest,3.6,2025-07-29 13:14:34.509169
voltage,132.56666666666666,2025-07-29 13:14:34.509169
current,11.93,2025-07-29 13:14:34.509169
active power,1361.0,2025-07-29 13:14:34.509169
forward kWh,41.88433333333334,2025-07-29 13:14:34.509169
reverse kWh,1.2693333333333332,2025-07-29 13:14:34.509169
frequency,59.99,2025-07-29 13:14:34.509169
power factor,0.8666666666666667,2025-07-29 13:14:34.509169
featureId,UNAVAILABLE,2025-07-29 13:14:36.380280
partKindId,7606F116-3463-4EEF-96CC-1AC408FAA001,2025-07-29 13:14:36.380280
processKindId,1BFABEA4-68A9-484B-AE13-2E0BF9278D50,2025-07-29 13:14:36.380280
A_Axis_Load,7,2025-07-29 13:14:36.380280
A_Position,0.00116814420983566,2025-07-29 13:14:36.380280
C_Axis_Load,3,2025-07-29 13:14:36.380280
C_Position,30.0005,2025-07-29 13:14:36.380280
Machine_Time,2711540.494,2025-07-29 13:14:36.380280
Spindle_Time,739504.062,2025-07-29 13:14:36.380280
Feed_Override,100,2025-07-29 13:14:36.380280
Feed_Rate,71.25,2025-07-29 13:14:36.380280
Program_Runtime_Seconds,5,2025-07-29 13:14:36.380280
Rapid_Override,100,2025-07-29 13:14:36.380280
Rapid_Speed,0,2025-07-29 13:14:36.380280
S_Axis_Load,0,2025-07-29 13:14:36.380280
Spindle_Override,100,2025-07-29 13:14:36.380280
Spindle_Speed,9792,2025-07-29 13:14:36.380280
X_Axis_Load,11,2025-07-29 13:14:36.380280
X_Position,362.203095209584,2025-07-29 13:14:36.380280
Y_Axis_Load,1,2025-07-29 13:14:36.380280
Y_Position,218.908824804665,2025-07-29 13:14:36.380280
Z_Axis_Load,31,2025-07-29 13:14:36.380280
Z_Position,-342.279131713485,2025-07-29 13:14:36.380280
COR_Status,1,2025-07-29 13:14:36.380280
Controller_Mode,AUTO,2025-07-29 13:14:36.380280
EStop_State,ARMED,2025-07-29 13:14:36.380280
Machine_Mode,5,2025-07-29 13:14:36.380280
Block_Number,99,2025-07-29 13:14:36.380280
Current_Tool,6,2025-07-29 13:14:36.380280
Part_Count,19,2025-07-29 13:14:36.380280
Program_Name_Running,000473_A_A_PROGRAM_2.NC,2025-07-29 13:14:36.380280
spindle motor v_rms,1.4,2025-07-29 13:14:36.380280
spindle motor a_peak,23600,2025-07-29 13:14:36.380280
spindle motor a_rms,7000,2025-07-29 13:14:36.380280
spindle motor temp,35.9,2025-07-29 13:14:36.380280
spindle motor crest,3.4,2025-07-29 13:14:36.380280
z-axis bearing v_rms,0.3,2025-07-29 13:14:36.380280
z-axis bearing a_peak,19100,2025-07-29 13:14:36.380280
z-axis bearing a_rms,5200,2025-07-29 13:14:36.380280
z-axis bearing temp,24.2,2025-07-29 13:14:36.380280
z-axis bearing crest,3.7,2025-07-29 13:14:36.380280
z-axis motor v_rms,1.4,2025-07-29 13:14:36.380280
z-axis motor a_peak,6200,2025-07-29 13:14:36.380280
z-axis motor a_rms,2000,2025-07-29 13:14:36.380280
z-axis motor temp,29.5,2025-07-29 13:14:36.380280
z-axis motor crest,3.1,2025-07-29 13:14:36.380280
y-axis bearing v_rms,0.7,2025-07-29 13:14:36.380280
y-axis bearing a_peak,5500,2025-07-29 13:14:36.380280
y-axis bearing a_rms,2400,2025-07-29 13:14:36.380280
y-axis bearing temp,22.8,2025-07-29 13:14:36.380280
y-axis bearing crest,2.3,2025-07-29 13:14:36.380280
y-axis motor v_rms,1.6,2025-07-29 13:14:36.380280
y-axis motor a_peak,11100,2025-07-29 13:14:36.380280
y-axis motor a_rms,4700,2025-07-29 13:14:36.380280
y-axis motor temp,25.3,2025-07-29 13:14:36.380280
y-axis motor crest,2.3,2025-07-29 13:14:36.380280
x-axis motor v_rms,0.4,2025-07-29 13:14:36.380280
x-axis motor a_peak,700,2025-07-29 13:14:36.380280
x-axis motor a_rms,200,2025-07-29 13:14:36.380280
x-axis motor temp,23.1,2025-07-29 13:14:36.380280
x-axis motor crest,3.9,2025-07-29 13:14:36.380280
voltage,132.53333333333333,2025-07-29 13:14:36.380280
current,12.876666666666667,2025-07-29 13:14:36.380280
active power,1469.0,2025-07-29 13:14:36.380280
forward kWh,41.88466666666667,2025-07-29 13:14:36.380280
reverse kWh,1.2693333333333332,2025-07-29 13:14:36.380280
frequency,59.99,2025-07-29 13:14:36.380280
power factor,0.8033333333333333,2025-07-29 13:14:36.380280
featureId,UNAVAILABLE,2025-07-29 13:14:37.902834
partKindId,7606F116-3463-4EEF-96CC-1AC408FAA001,2025-07-29 13:14:37.902834
processKindId,1BFABEA4-68A9-484B-AE13-2E0BF9278D50,2025-07-29 13:14:37.902834
A_Axis_Load,7,2025-07-29 13:14:37.902834
A_Position,0.000668021023909704,2025-07-29 13:14:37.902834
C_Axis_Load,3,2025-07-29 13:14:37.902834
C_Position,30.0005,2025-07-29 13:14:37.902834
Machine_Time,2711540.494,2025-07-29 13:14:37.902834
Spindle_Time,739504.062,2025-07-29 13:14:37.902834
Feed_Override,100,2025-07-29 13:14:37.902834
Feed_Rate,59.86667,2025-07-29 13:14:37.902834
Program_Runtime_Seconds,7,2025-07-29 13:14:37.902834
Rapid_Override,100,2025-07-29 13:14:37.902834
Rapid_Speed,0,2025-07-29 13:14:37.902834
S_Axis_Load,0,2025-07-29 13:14:37.902834
Spindle_Override,100,2025-07-29 13:14:37.902834
Spindle_Speed,9792,2025-07-29 13:14:37.902834
X_Axis_Load,9,2025-07-29 13:14:37.902834
X_Position,359.285970646309,2025-07-29 13:14:37.902834
Y_Axis_Load,4,2025-07-29 13:14:37.902834
Y_Position,286.218926751976,2025-07-29 13:14:37.902834
Z_Axis_Load,33,2025-07-29 13:14:37.902834
Z_Position,-342.279143156245,2025-07-29 13:14:37.902834
COR_Status,1,2025-07-29 13:14:37.902834
Controller_Mode,AUTO,2025-07-29 13:14:37.902834
EStop_State,ARMED,2025-07-29 13:14:37.902834
Machine_Mode,5,2025-07-29 13:14:37.902834
Block_Number,101,2025-07-29 13:14:37.902834
Current_Tool,6,2025-07-29 13:14:37.902834
Part_Count,19,2025-07-29 13:14:37.902834
Program_Name_Running,000473_A_A_PROGRAM_2.NC,2025-07-29 13:14:37.902834
spindle motor v_rms,0.8,2025-07-29 13:14:37.902834
spindle motor a_peak,24700,2025-07-29 13:14:37.902834
spindle motor a_rms,5000,2025-07-29 13:14:37.902834
spindle motor temp,35.9,2025-07-29 13:14:37.902834
spindle motor crest,4.9,2025-07-29 13:14:37.902834
z-axis bearing v_rms,0.4,2025-07-29 13:14:37.902834
z-axis bearing a_peak,15100,2025-07-29 13:14:37.902834
z-axis bearing a_rms,3700,2025-07-29 13:14:37.902834
z-axis bearing temp,24.2,2025-07-29 13:14:37.902834
z-axis bearing crest,4.1,2025-07-29 13:14:37.902834
z-axis motor v_rms,1.4,2025-07-29 13:14:37.902834
z-axis motor a_peak,6500,2025-07-29 13:14:37.902834
z-axis motor a_rms,1900,2025-07-29 13:14:37.902834
z-axis motor temp,29.5,2025-07-29 13:14:37.902834
z-axis motor crest,3.4,2025-07-29 13:14:37.902834
y-axis bearing v_rms,0.6,2025-07-29 13:14:37.902834
y-axis bearing a_peak,6700,2025-07-29 13:14:37.902834
y-axis bearing a_rms,2200,2025-07-29 13:14:37.902834
y-axis bearing temp,22.8,2025-07-29 13:14:37.902834
y-axis bearing crest,3.0,2025-07-29 13:14:37.902834
y-axis motor v_rms,1.2,2025-07-29 13:14:37.902834
y-axis motor a_peak,9400,2025-07-29 13:14:37.902834
y-axis motor a_rms,3500,2025-07-29 13:14:37.902834
y-axis motor temp,25.3,2025-07-29 13:14:37.902834
y-axis motor crest,2.7,2025-07-29 13:14:37.902834
x-axis motor v_rms,0.3,2025-07-29 13:14:37.902834
x-axis motor a_peak,500,2025-07-29 13:14:37.902834
x-axis motor a_rms,100,2025-07-29 13:14:37.902834
x-axis motor temp,23.1,2025-07-29 13:14:37.902834
x-axis motor crest,3.3,2025-07-29 13:14:37.902834
voltage,132.6,2025-07-29 13:14:37.902834
current,11.659999999999998,2025-07-29 13:14:37.902834
active power,1319.6666666666667,2025-07-29 13:14:37.902834
forward kWh,41.886,2025-07-29 13:14:37.902834
reverse kWh,1.2693333333333332,2025-07-29 13:14:37.902834
frequency,59.99,2025-07-29 13:14:37.902834
power factor,0.8733333333333334,2025-07-29 13:14:37.902834
featureId,UNAVAILABLE,2025-07-29 13:14:40.331187
partKindId,7606F116-3463-4EEF-96CC-1AC408FAA001,2025-07-29 13:14:40.331187
processKindId,1BFABEA4-68A9-484B-AE13-2E0BF9278D50,2025-07-29 13:14:40.331187
A_Axis_Load,7,2025-07-29 13:14:40.331187
A_Position,0.00116814420983566,2025-07-29 13:14:40.331187
C_Axis_Load,3,2025-07-29 13:14:40.331187
C_Position,30,2025-07-29 13:14:40.331187
Machine_Time,2711540.494,2025-07-29 13:14:40.331187
Spindle_Time,739504.062,2025-07-29 13:14:40.331187
Feed_Override,100,2025-07-29 13:14:40.331187
Feed_Rate,71.25,2025-07-29 13:14:40.331187
Program_Runtime_Seconds,9,2025-07-29 13:14:40.331187
Rapid_Override,100,2025-07-29 13:14:40.331187
Rapid_Speed,0,2025-07-29 13:14:40.331187
S_Axis_Load,2,2025-07-29 13:14:40.331187
Spindle_Override,100,2025-07-29 13:14:40.331187
Spindle_Speed,9792,2025-07-29 13:14:40.331187
X_Axis_Load,11,2025-07-29 13:14:40.331187
X_Position,371.9652915824,2025-07-29 13:14:40.331187
Y_Axis_Load,0,2025-07-29 13:14:40.331187
Y_Position,225.258778516391,2025-07-29 13:14:40.331187
Z_Axis_Load,32,2025-07-29 13:14:40.331187
Z_Position,-342.279040171409,2025-07-29 13:14:40.331187
COR_Status,1,2025-07-29 13:14:40.331187
Controller_Mode,AUTO,2025-07-29 13:14:40.331187
EStop_State,ARMED,2025-07-29 13:14:40.331187
Machine_Mode,5,2025-07-29 13:14:40.331187
Block_Number,105,2025-07-29 13:14:40.331187
Current_Tool,6,2025-07-29 13:14:40.331187
Part_Count,19,2025-07-29 13:14:40.331187
Program_Name_Running,000473_A_A_PROGRAM_2.NC,2025-07-29 13:14:40.331187
spindle motor v_rms,1.4,2025-07-29 13:14:40.331187
spindle motor a_peak,20800,2025-07-29 13:14:40.331187
spindle motor a_rms,6800,2025-07-29 13:14:40.331187
spindle motor temp,35.9,2025-07-29 13:14:40.331187
spindle motor crest,3.1,2025-07-29 13:14:40.331187
z-axis bearing v_rms,0.3,2025-07-29 13:14:40.331187
z-axis bearing a_peak,13100,2025-07-29 13:14:40.331187
z-axis bearing a_rms,4800,2025-07-29 13:14:40.331187
z-axis bearing temp,24.2,2025-07-29 13:14:40.331187
z-axis bearing crest,2.7,2025-07-29 13:14:40.331187
z-axis motor v_rms,1.4,2025-07-29 13:14:40.331187
z-axis motor a_peak,4800,2025-07-29 13:14:40.331187
z-axis motor a_rms,1900,2025-07-29 13:14:40.331187
z-axis motor temp,29.5,2025-07-29 13:14:40.331187
z-axis motor crest,2.5,2025-07-29 13:14:40.331187
y-axis bearing v_rms,0.6,2025-07-29 13:14:40.331187
y-axis bearing a_peak,5200,2025-07-29 13:14:40.331187
y-axis bearing a_rms,2200,2025-07-29 13:14:40.331187
y-axis bearing temp,22.8,2025-07-29 13:14:40.331187
y-axis bearing crest,2.4,2025-07-29 13:14:40.331187
y-axis motor v_rms,1.6,2025-07-29 13:14:40.331187
y-axis motor a_peak,11200,2025-07-29 13:14:40.331187
y-axis motor a_rms,4800,2025-07-29 13:14:40.331187
y-axis motor temp,25.3,2025-07-29 13:14:40.331187
y-axis motor crest,2.3,2025-07-29 13:14:40.331187
x-axis motor v_rms,0.6,2025-07-29 13:14:40.331187
x-axis motor a_peak,700,2025-07-29 13:14:40.331187
x-axis motor a_rms,200,2025-07-29 13:14:40.331187
x-axis motor temp,23.1,2025-07-29 13:14:40.331187
x-axis motor crest,3.7,2025-07-29 13:14:40.331187
voltage,132.53333333333333,2025-07-29 13:14:40.331187
current,12.816666666666668,2025-07-29 13:14:40.331187
active power,1459.6666666666667,2025-07-29 13:14:40.331187
forward kWh,41.88633333333333,2025-07-29 13:14:40.331187
reverse kWh,1.2693333333333332,2025-07-29 13:14:40.331187
frequency,59.99,2025-07-29 13:14:40.331187
power factor,0.89,2025-07-29 13:14:40.331187
featureId,UNAVAILABLE,2025-07-29 13:14:41.331380
partKindId,7606F116-3463-4EEF-96CC-1AC408FAA001,2025-07-29 13:14:41.331380
processKindId,1BFABEA4-68A9-484B-AE13-2E0BF9278D50,2025-07-29 13:14:41.331380
A_Axis_Load,7,2025-07-29 13:14:41.331380
A_Position,0.000668021023909704,2025-07-29 13:14:41.331380
C_Axis_Load,3,2025-07-29 13:14:41.331380
C_Position,30.0005,2025-07-29 13:14:41.331380
Machine_Time,2711540.494,2025-07-29 13:14:41.331380
Spindle_Time,739504.062,2025-07-29 13:14:41.331380
Feed_Override,100,2025-07-29 13:14:41.331380
Feed_Rate,71.25,2025-07-29 13:14:41.331380
Program_Runtime_Seconds,10,2025-07-29 13:14:41.331380
Rapid_Override,100,2025-07-29 13:14:41.331380
Rapid_Speed,0,2025-07-29 13:14:41.331380
S_Axis_Load,0,2025-07-29 13:14:41.331380
Spindle_Override,100,2025-07-29 13:14:41.331380
Spindle_Speed,9792,2025-07-29 13:14:41.331380
X_Axis_Load,0,2025-07-29 13:14:41.331380
X_Position,351.830699128384,2025-07-29 13:14:41.331380
Y_Axis_Load,10,2025-07-29 13:14:41.331380
Y_Position,277.830422067409,2025-07-29 13:14:41.331380
Z_Axis_Load,33,2025-07-29 13:14:41.331380
Z_Position,-342.279074499688,2025-07-29 13:14:41.331380
COR_Status,1,2025-07-29 13:14:41.331380
Controller_Mode,AUTO,2025-07-29 13:14:41.331380
EStop_State,ARMED,2025-07-29 13:14:41.331380
Machine_Mode,5,2025-07-29 13:14:41.331380
Block_Number,106,2025-07-29 13:14:41.331380
Current_Tool,6,2025-07-29 13:14:41.331380
Part_Count,19,2025-07-29 13:14:41.331380
Program_Name_Running,000473_A_A_PROGRAM_2.NC,2025-07-29 13:14:41.331380
spindle motor v_rms,0.9,2025-07-29 13:14:41.331380
spindle motor a_peak,17500,2025-07-29 13:14:41.331380
spindle motor a_rms,4200,2025-07-29 13:14:41.331380
spindle motor temp,35.9,2025-07-29 13:14:41.331380
spindle motor crest,4.2,2025-07-29 13:14:41.331380
z-axis bearing v_rms,0.4,2025-07-29 13:14:41.331380
z-axis bearing a_peak,12100,2025-07-29 13:14:41.331380
z-axis bearing a_rms,3400,2025-07-29 13:14:41.331380
z-axis bearing temp,24.2,2025-07-29 13:14:41.331380
z-axis bearing crest,3.6,2025-07-29 13:14:41.331380
z-axis motor v_rms,1.4,2025-07-29 13:14:41.331380
z-axis motor a_peak,6000,2025-07-29 13:14:41.331380
z-axis motor a_rms,1800,2025-07-29 13:14:41.331380
z-axis motor temp,29.5,2025-07-29 13:14:41.331380
z-axis motor crest,3.4,2025-07-29 13:14:41.331380
y-axis bearing v_rms,0.8,2025-07-29 13:14:41.331380
y-axis bearing a_peak,8800,2025-07-29 13:14:41.331380
y-axis bearing a_rms,2500,2025-07-29 13:14:41.331380
y-axis bearing temp,22.8,2025-07-29 13:14:41.331380
y-axis bearing crest,3.4,2025-07-29 13:14:41.331380
y-axis motor v_rms,1.2,2025-07-29 13:14:41.331380
y-axis motor a_peak,11400,2025-07-29 13:14:41.331380
y-axis motor a_rms,3600,2025-07-29 13:14:41.331380
y-axis motor temp,25.3,2025-07-29 13:14:41.331380
y-axis motor crest,3.2,2025-07-29 13:14:41.331380
x-axis motor v_rms,0.8,2025-07-29 13:14:41.331380
x-axis motor a_peak,700,2025-07-29 13:14:41.331380
x-axis motor a_rms,200,2025-07-29 13:14:41.331380
x-axis motor temp,23.1,2025-07-29 13:14:41.331380
x-axis motor crest,3.8,2025-07-29 13:14:41.331380
voltage,132.56666666666666,2025-07-29 13:14:41.331380
current,12.203333333333333,2025-07-29 13:14:41.331380
active power,1391.6666666666667,2025-07-29 13:14:41.331380
forward kWh,41.88666666666666,2025-07-29 13:14:41.331380
reverse kWh,1.2693333333333332,2025-07-29 13:14:41.331380
frequency,59.99,2025-07-29 13:14:41.331380
power factor,0.8300000000000001,2025-07-29 13:14:41.331380
featureId,UNAVAILABLE,2025-07-29 13:14:42.729640
partKindId,7606F116-3463-4EEF-96CC-1AC408FAA001,2025-07-29 13:14:42.729640
processKindId,1BFABEA4-68A9-484B-AE13-2E0BF9278D50,2025-07-29 13:14:42.729640
A_Axis_Load,7,2025-07-29 13:14:42.729640
A_Position,0.000668021023909704,2025-07-29 13:14:42.729640
C_Axis_Load,3,2025-07-29 13:14:42.729640
C_Position,30.0005,2025-07-29 13:14:42.729640
Machine_Time,2711540.494,2025-07-29 13:14:42.729640
Spindle_Time,739504.062,2025-07-29 13:14:42.729640
Feed_Override,100,2025-07-29 13:14:42.729640
Feed_Rate,68.58333,2025-07-29 13:14:42.729640
Program_Runtime_Seconds,12,2025-07-29 13:14:42.729640
Rapid_Override,100,2025-07-29 13:14:42.729640
Rapid_Speed,0,2025-07-29 13:14:42.729640
S_Axis_Load,0,2025-07-29 13:14:42.729640
Spindle_Override,100,2025-07-29 13:14:42.729640
Spindle_Speed,9792,2025-07-29 13:14:42.729640
X_Axis_Load,0,2025-07-29 13:14:42.729640
X_Position,402.630471941918,2025-07-29 13:14:42.729640
Y_Axis_Load,8,2025-07-29 13:14:42.729640
Y_Position,258.455898031355,2025-07-29 13:14:42.729640
Z_Axis_Load,33,2025-07-29 13:14:42.729640
Z_Position,-342.279131713485,2025-07-29 13:14:42.729640
COR_Status,1,2025-07-29 13:14:42.729640
Controller_Mode,AUTO,2025-07-29 13:14:42.729640
EStop_State,ARMED,2025-07-29 13:14:42.729640
Machine_Mode,5,2025-07-29 13:14:42.729640
Block_Number,110,2025-07-29 13:14:42.729640
Current_Tool,6,2025-07-29 13:14:42.729640
Part_Count,19,2025-07-29 13:14:42.729640
Program_Name_Running,000473_A_A_PROGRAM_2.NC,2025-07-29 13:14:42.729640
spindle motor v_rms,0.7,2025-07-29 13:14:42.729640
spindle motor a_peak,10200,2025-07-29 13:14:42.729640
spindle motor a_rms,2800,2025-07-29 13:14:42.729640
spindle motor temp,35.9,2025-07-29 13:14:42.729640
spindle motor crest,3.6,2025-07-29 13:14:42.729640
z-axis bearing v_rms,0.4,2025-07-29 13:14:42.729640
z-axis bearing a_peak,12800,2025-07-29 13:14:42.729640
z-axis bearing a_rms,3400,2025-07-29 13:14:42.729640
z-axis bearing temp,24.2,2025-07-29 13:14:42.729640
z-axis bearing crest,3.7,2025-07-29 13:14:42.729640
z-axis motor v_rms,1.2,2025-07-29 13:14:42.729640
z-axis motor a_peak,4700,2025-07-29 13:14:42.729640
z-axis motor a_rms,1500,2025-07-29 13:14:42.729640
z-axis motor temp,29.5,2025-07-29 13:14:42.729640
z-axis motor crest,3.1,2025-07-29 13:14:42.729640
y-axis bearing v_rms,0.8,2025-07-29 13:14:42.729640
y-axis bearing a_peak,6200,2025-07-29 13:14:42.729640
y-axis bearing a_rms,2800,2025-07-29 13:14:42.729640
y-axis bearing temp,22.8,2025-07-29 13:14:42.729640
y-axis bearing crest,2.2,2025-07-29 13:14:42.729640
y-axis motor v_rms,1.4,2025-07-29 13:14:42.729640
y-axis motor a_peak,13500,2025-07-29 13:14:42.729640
y-axis motor a_rms,4500,2025-07-29 13:14:42.729640
y-axis motor temp,25.3,2025-07-29 13:14:42.729640
y-axis motor crest,3.0,2025-07-29 13:14:42.729640
x-axis motor v_rms,0.9,2025-07-29 13:14:42.729640
x-axis motor a_peak,700,2025-07-29 13:14:42.729640
x-axis motor a_rms,200,2025-07-29 13:14:42.729640
x-axis motor temp,23.1,2025-07-29 13:14:42.729640
x-axis motor crest,3.6,2025-07-29 13:14:42.729640
voltage,132.6,2025-07-29 13:14:42.729640
current,11.35,2025-07-29 13:14:42.729640
active power,1291.0,2025-07-29 13:14:42.729640
forward kWh,41.887,2025-07-29 13:14:42.729640
reverse kWh,1.2693333333333332,2025-07-29 13:14:42.729640
frequency,59.99,2025-07-29 13:14:42.729640
power factor,0.7733333333333333,2025-07-29 13:14:42.729640
featureId,UNAVAILABLE,2025-07-29 13:14:44.146461
partKindId,7606F116-3463-4EEF-96CC-1AC408FAA001,2025-07-29 13:14:44.146461
processKindId,1BFABEA4-68A9-484B-AE13-2E0BF9278D50,2025-07-29 13:14:44.146461
A_Axis_Load,7,2025-07-29 13:14:44.146461
A_Position,0.000668021023909704,2025-07-29 13:14:44.146461
C_Axis_Load,3,2025-07-29 13:14:44.146461
C_Position,30.0005,2025-07-29 13:14:44.146461
Machine_Time,2711540.494,2025-07-29 13:14:44.146461
Spindle_Time,739504.062,2025-07-29 13:14:44.146461
Feed_Override,100,2025-07-29 13:14:44.146461
Feed_Rate,71.25,2025-07-29 13:14:44.146461
Program_Runtime_Seconds,13,2025-07-29 13:14:44.146461
Rapid_Override,100,2025-07-29 13:14:44.146461
Rapid_Speed,0,2025-07-29 13:14:44.146461
S_Axis_Load,0,2025-07-29 13:14:44.146461
Spindle_Override,100,2025-07-29 13:14:44.146461
Spindle_Speed,9792,2025-07-29 13:14:44.146461
X_Axis_Load,0,2025-07-29 13:14:44.146461
X_Position,358.180405947879,2025-07-29 13:14:44.146461
Y_Axis_Load,8,2025-07-29 13:14:44.146461
Y_Position,254.44425292772,2025-07-29 13:14:44.146461
Z_Axis_Load,32,2025-07-29 13:14:44.146461
Z_Position,-342.279143156245,2025-07-29 13:14:44.146461
COR_Status,1,2025-07-29 13:14:44.146461
Controller_Mode,AUTO,2025-07-29 13:14:44.146461
EStop_State,ARMED,2025-07-29 13:14:44.146461
Machine_Mode,5,2025-07-29 13:14:44.146461
Block_Number,112,2025-07-29 13:14:44.146461
Current_Tool,6,2025-07-29 13:14:44.146461
Part_Count,19,2025-07-29 13:14:44.146461
Program_Name_Running,000473_A_A_PROGRAM_2.NC,2025-07-29 13:14:44.146461
spindle motor v_rms,1.0,2025-07-29 13:14:44.146461
spindle motor a_peak,14600,2025-07-29 13:14:44.146461
spindle motor a_rms,3500,2025-07-29 13:14:44.146461
spindle motor temp,35.9,2025-07-29 13:14:44.146461
spindle motor crest,4.2,2025-07-29 13:14:44.146461
z-axis bearing v_rms,0.4,2025-07-29 13:14:44.146461
z-axis bearing a_peak,13200,2025-07-29 13:14:44.146461
z-axis bearing a_rms,3400,2025-07-29 13:14:44.146461
z-axis bearing temp,24.2,2025-07-29 13:14:44.146461
z-axis bearing crest,3.9,2025-07-29 13:14:44.146461
z-axis motor v_rms,1.3,2025-07-29 13:14:44.146461
z-axis motor a_peak,5600,2025-07-29 13:14:44.146461
z-axis motor a_rms,1800,2025-07-29 13:14:44.146461
z-axis motor temp,29.5,2025-07-29 13:14:44.146461
z-axis motor crest,3.1,2025-07-29 13:14:44.146461
y-axis bearing v_rms,1.0,2025-07-29 13:14:44.146461
y-axis bearing a_peak,8500,2025-07-29 13:14:44.146461
y-axis bearing a_rms,3200,2025-07-29 13:14:44.146461
y-axis bearing temp,22.8,2025-07-29 13:14:44.146461
y-axis bearing crest,2.6,2025-07-29 13:14:44.146461
y-axis motor v_rms,1.4,2025-07-29 13:14:44.146461
y-axis motor a_peak,14300,2025-07-29 13:14:44.146461
y-axis motor a_rms,4400,2025-07-29 13:14:44.146461
y-axis motor temp,25.3,2025-07-29 13:14:44.146461
y-axis motor crest,3.2,2025-07-29 13:14:44.146461
x-axis motor v_rms,0.9,2025-07-29 13:14:44.146461
x-axis motor a_peak,600,2025-07-29 13:14:44.146461
x-axis motor a_rms,200,2025-07-29 13:14:44.146461
x-axis motor temp,23.1,2025-07-29 13:14:44.146461
x-axis motor crest,3.5,2025-07-29 13:14:44.146461
voltage,132.56666666666666,2025-07-29 13:14:44.146461
current,12.636666666666665,2025-07-29 13:14:44.146461
active power,1439.3333333333333,2025-07-29 13:14:44.146461
forward kWh,41.888,2025-07-29 13:14:44.146461
reverse kWh,1.2693333333333332,2025-07-29 13:14:44.146461
frequency,59.99,2025-07-29 13:14:44.146461
power factor,0.9066666666666666,2025-07-29 13:14:44.146461
featureId,UNAVAILABLE,2025-07-29 13:14:46.247154
partKindId,7606F116-3463-4EEF-96CC-1AC408FAA001,2025-07-29 13:14:46.247154
processKindId,1BFABEA4-68A9-484B-AE13-2E0BF9278D50,2025-07-29 13:14:46.247154
A_Axis_Load,7,2025-07-29 13:14:46.247154
A_Position,0.000668021023909704,2025-07-29 13:14:46.247154
C_Axis_Load,3,2025-07-29 13:14:46.247154
C_Position,30.0015,2025-07-29 13:14:46.247154
Machine_Time,2711540.494,2025-07-29 13:14:46.247154
Spindle_Time,739504.062,2025-07-29 13:14:46.247154
Feed_Override,100,2025-07-29 13:14:46.247154
Feed_Rate,66.28333,2025-07-29 13:14:46.247154
Program_Runtime_Seconds,15,2025-07-29 13:14:46.247154
Rapid_Override,100,2025-07-29 13:14:46.247154
Rapid_Speed,0,2025-07-29 13:14:46.247154
S_Axis_Load,0,2025-07-29 13:14:46.247154
Spindle_Override,100,2025-07-29 13:14:46.247154
Spindle_Speed,9792,2025-07-29 13:14:46.247154
X_Axis_Load,9,2025-07-29 13:14:46.247154
X_Position,364.530630407914,2025-07-29 13:14:46.247154
Y_Axis_Load,3,2025-07-29 13:14:46.247154
Y_Position,241.463687457219,2025-07-29 13:14:46.247154
Z_Axis_Load,33,2025-07-29 13:14:46.247154
Z_Position,-342.279166041764,2025-07-29 13:14:46.247154
COR_Status,1,2025-07-29 13:14:46.247154
Controller_Mode,AUTO,2025-07-29 13:14:46.247154
EStop_State,ARMED,2025-07-29 13:14:46.247154
Machine_Mode,5,2025-07-29 13:14:46.247154
Block_Number,117,2025-07-29 13:14:46.247154
Current_Tool,6,2025-07-29 13:14:46.247154
Part_Count,19,2025-07-29 13:14:46.247154
Program_Name_Running,000473_A_A_PROGRAM_2.NC,2025-07-29 13:14:46.247154
spindle motor v_rms,1.1,2025-07-29 13:14:46.247154
spindle motor a_peak,20700,2025-07-29 13:14:46.247154
spindle motor a_rms,5100,2025-07-29 13:14:46.247154
spindle motor temp,35.9,2025-07-29 13:14:46.247154
spindle motor crest,4.0,2025-07-29 13:14:46.247154
z-axis bearing v_rms,0.4,2025-07-29 13:14:46.247154
z-axis bearing a_peak,13100,2025-07-29 13:14:46.247154
z-axis bearing a_rms,4000,2025-07-29 13:14:46.247154
z-axis bearing temp,24.2,2025-07-29 13:14:46.247154
z-axis bearing crest,3.3,2025-07-29 13:14:46.247154
z-axis motor v_rms,1.3,2025-07-29 13:14:46.247154
z-axis motor a_peak,6700,2025-07-29 13:14:46.247154
z-axis motor a_rms,1800,2025-07-29 13:14:46.247154
z-axis motor temp,29.5,2025-07-29 13:14:46.247154
z-axis motor crest,3.7,2025-07-29 13:14:46.247154
y-axis bearing v_rms,1.0,2025-07-29 13:14:46.247154
y-axis bearing a_peak,8800,2025-07-29 13:14:46.247154
y-axis bearing a_rms,3200,2025-07-29 13:14:46.247154
y-axis bearing temp,22.8,2025-07-29 13:14:46.247154
y-axis bearing crest,2.7,2025-07-29 13:14:46.247154
y-axis motor v_rms,1.5,2025-07-29 13:14:46.247154
y-axis motor a_peak,13900,2025-07-29 13:14:46.247154
y-axis motor a_rms,4600,2025-07-29 13:14:46.247154
y-axis motor temp,25.3,2025-07-29 13:14:46.247154
y-axis motor crest,3.0,2025-07-29 13:14:46.247154
x-axis motor v_rms,0.6,2025-07-29 13:14:46.247154
x-axis motor a_peak,800,2025-07-29 13:14:46.247154
x-axis motor a_rms,200,2025-07-29 13:14:46.247154
x-axis motor temp,23.1,2025-07-29 13:14:46.247154
x-axis motor crest,4.5,2025-07-29 13:14:46.247154
voltage,132.63333333333335,2025-07-29 13:14:46.247154
current,11.153333333333334,2025-07-29 13:14:46.247154
active power,1269.6666666666667,2025-07-29 13:14:46.247154
forward kWh,41.88933333333333,2025-07-29 13:14:46.247154
reverse kWh,1.2693333333333332,2025-07-29 13:14:46.247154
frequency,59.99,2025-07-29 13:14:46.247154
power factor,0.8666666666666667,2025-07-29 13:14:46.247154
featureId,UNAVAILABLE,2025-07-29 13:14:50.919204
partKindId,7606F116-3463-4EEF-96CC-1AC408FAA001,2025-07-29 13:14:50.919204
processKindId,1BFABEA4-68A9-484B-AE13-2E0BF9278D50,2025-07-29 13:14:50.919204
A_Axis_Load,7,2025-07-29 13:14:50.919204
A_Position,0.000668021023909704,2025-07-29 13:14:50.919204
C_Axis_Load,3,2025-07-29 13:14:50.919204
C_Position,30.0005,2025-07-29 13:14:50.919204
Machine_Time,2711540.494,2025-07-29 13:14:50.919204
Spindle_Time,739504.062,2025-07-29 13:14:50.919204
Feed_Override,100,2025-07-29 13:14:50.919204
Feed_Rate,71.25,2025-07-29 13:14:50.919204
Program_Runtime_Seconds,20,2025-07-29 13:14:50.919204
Rapid_Override,100,2025-07-29 13:14:50.919204
Rapid_Speed,0,2025-07-29 13:14:50.919204
S_Axis_Load,0,2025-07-29 13:14:50.919204
Spindle_Override,100,2025-07-29 13:14:50.919204
Spindle_Speed,9792,2025-07-29 13:14:50.919204
X_Axis_Load,10,2025-07-29 13:14:50.919204
X_Position,410.835979337917,2025-07-29 13:14:50.919204
Y_Axis_Load,5,2025-07-29 13:14:50.919204
Y_Position,305.268764522624,2025-07-29 13:14:50.919204
Z_Axis_Load,32,2025-07-29 13:14:50.919204
Z_Position,-344.448347075863,2025-07-29 13:14:50.919204
COR_Status,1,2025-07-29 13:14:50.919204
Controller_Mode,AUTO,2025-07-29 13:14:50.919204
EStop_State,ARMED,2025-07-29 13:14:50.919204
Machine_Mode,5,2025-07-29 13:14:50.919204
Block_Number,139,2025-07-29 13:14:50.919204
Current_Tool,6,2025-07-29 13:14:50.919204
Part_Count,19,2025-07-29 13:14:50.919204
Program_Name_Running,000473_A_A_PROGRAM_2.NC,2025-07-29 13:14:50.919204
spindle motor v_rms,0.6,2025-07-29 13:14:50.919204
spindle motor a_peak,11100,2025-07-29 13:14:50.919204
spindle motor a_rms,2200,2025-07-29 13:14:50.919204
spindle motor temp,35.9,2025-07-29 13:14:50.919204
spindle motor crest,5.1,2025-07-29 13:14:50.919204
z-axis bearing v_rms,0.2,2025-07-29 13:14:50.919204
z-axis bearing a_peak,8800,2025-07-29 13:14:50.919204
z-axis bearing a_rms,1600,2025-07-29 13:14:50.919204
z-axis bearing temp,24.2,2025-07-29 13:14:50.919204
z-axis bearing crest,5.5,2025-07-29 13:14:50.919204
z-axis motor v_rms,1.5,2025-07-29 13:14:50.919204
z-axis motor a_peak,5400,2025-07-29 13:14:50.919204
z-axis motor a_rms,1600,2025-07-29 13:14:50.919204
z-axis motor temp,29.5,2025-07-29 13:14:50.919204
z-axis motor crest,3.5,2025-07-29 13:14:50.919204
y-axis bearing v_rms,0.2,2025-07-29 13:14:50.919204
y-axis bearing a_peak,1700,2025-07-29 13:14:50.919204
y-axis bearing a_rms,500,2025-07-29 13:14:50.919204
y-axis bearing temp,22.8,2025-07-29 13:14:50.919204
y-axis bearing crest,3.4,2025-07-29 13:14:50.919204
y-axis motor v_rms,0.7,2025-07-29 13:14:50.919204
y-axis motor a_peak,6400,2025-07-29 13:14:50.919204
y-axis motor a_rms,1900,2025-07-29 13:14:50.919204
y-axis motor temp,25.3,2025-07-29 13:14:50.919204
y-axis motor crest,3.4,2025-07-29 13:14:50.919204
x-axis motor v_rms,0.4,2025-07-29 13:14:50.919204
x-axis motor a_peak,400,2025-07-29 13:14:50.919204
x-axis motor a_rms,100,2025-07-29 13:14:50.919204
x-axis motor temp,23.0,2025-07-29 13:14:50.919204
x-axis motor crest,3.8,2025-07-29 13:14:50.919204
voltage,132.70000000000002,2025-07-29 13:14:50.919204
current,9.713333333333333,2025-07-29 13:14:50.919204
active power,1134.3333333333333,2025-07-29 13:14:50.919204
forward kWh,41.89,2025-07-29 13:14:50.919204
reverse kWh,1.2693333333333332,2025-07-29 13:14:50.919204
frequency,59.99,2025-07-29 13:14:50.919204
power factor,0.88,2025-07-29 13:14:50.919204
featureId,UNAVAILABLE,2025-07-29 13:14:53.133340
partKindId,7606F116-3463-4EEF-96CC-1AC408FAA001,2025-07-29 13:14:53.133340
processKindId,1BFABEA4-68A9-484B-AE13-2E0BF9278D50,2025-07-29 13:14:53.133340
A_Axis_Load,7,2025-07-29 13:14:53.133340
A_Position,0.000668021023909704,2025-07-29 13:14:53.133340
C_Axis_Load,3,2025-07-29 13:14:53.133340
C_Position,30.0005,2025-07-29 13:14:53.133340
Machine_Time,2711540.494,2025-07-29 13:14:53.133340
Spindle_Time,739504.062,2025-07-29 13:14:53.133340
Feed_Override,100,2025-07-29 13:14:53.133340
Feed_Rate,71.25,2025-07-29 13:14:53.133340
Program_Runtime_Seconds,22,2025-07-29 13:14:53.133340
Rapid_Override,100,2025-07-29 13:14:53.133340
Rapid_Speed,0,2025-07-29 13:14:53.133340
S_Axis_Load,0,2025-07-29 13:14:53.133340
Spindle_Override,100,2025-07-29 13:14:53.133340
Spindle_Speed,9792,2025-07-29 13:14:53.133340
X_Axis_Load,10,2025-07-29 13:14:53.133340
X_Position,421.428878165764,2025-07-29 13:14:53.133340
Y_Axis_Load,5,2025-07-29 13:14:53.133340
Y_Position,199.858663237764,2025-07-29 13:14:53.133340
Z_Axis_Load,32,2025-07-29 13:14:53.133340
Z_Position,-344.448232648268,2025-07-29 13:14:53.133340
COR_Status,1,2025-07-29 13:14:53.133340
Controller_Mode,AUTO,2025-07-29 13:14:53.133340
EStop_State,ARMED,2025-07-29 13:14:53.133340
Machine_Mode,5,2025-07-29 13:14:53.133340
Block_Number,141,2025-07-29 13:14:53.133340
Current_Tool,6,2025-07-29 13:14:53.133340
Part_Count,19,2025-07-29 13:14:53.133340
Program_Name_Running,000473_A_A_PROGRAM_2.NC,2025-07-29 13:14:53.133340
spindle motor v_rms,0.6,2025-07-29 13:14:53.133340
spindle motor a_peak,10100,2025-07-29 13:14:53.133340
spindle motor a_rms,2300,2025-07-29 13:14:53.133340
spindle motor temp,35.9,2025-07-29 13:14:53.133340
spindle motor crest,4.4,2025-07-29 13:14:53.133340
z-axis bearing v_rms,0.2,2025-07-29 13:14:53.133340
z-axis bearing a_peak,9000,2025-07-29 13:14:53.133340
z-axis bearing a_rms,2000,2025-07-29 13:14:53.133340
z-axis bearing temp,24.2,2025-07-29 13:14:53.133340
z-axis bearing crest,4.4,2025-07-29 13:14:53.133340
z-axis motor v_rms,1.4,2025-07-29 13:14:53.133340
z-axis motor a_peak,3300,2025-07-29 13:14:53.133340
z-axis motor a_rms,1600,2025-07-29 13:14:53.133340
z-axis motor temp,29.5,2025-07-29 13:14:53.133340
z-axis motor crest,2.1,2025-07-29 13:14:53.133340
y-axis bearing v_rms,0.2,2025-07-29 13:14:53.133340
y-axis bearing a_peak,1300,2025-07-29 13:14:53.133340
y-axis bearing a_rms,400,2025-07-29 13:14:53.133340
y-axis bearing temp,22.8,2025-07-29 13:14:53.133340
y-axis bearing crest,3.4,2025-07-29 13:14:53.133340
y-axis motor v_rms,0.7,2025-07-29 13:14:53.133340
y-axis motor a_peak,4400,2025-07-29 13:14:53.133340
y-axis motor a_rms,1900,2025-07-29 13:14:53.133340
y-axis motor temp,25.3,2025-07-29 13:14:53.133340
y-axis motor crest,2.4,2025-07-29 13:14:53.133340
x-axis motor v_rms,0.1,2025-07-29 13:14:53.133340
x-axis motor a_peak,500,2025-07-29 13:14:53.133340
x-axis motor a_rms,100,2025-07-29 13:14:53.133340
x-axis motor temp,23.0,2025-07-29 13:14:53.133340
x-axis motor crest,3.3,2025-07-29 13:14:53.133340
voltage,132.70000000000002,2025-07-29 13:14:53.133340
current,10.046666666666667,2025-07-29 13:14:53.133340
active power,1123.0,2025-07-29 13:14:53.133340
forward kWh,41.891333333333336,2025-07-29 13:14:53.133340
reverse kWh,1.2693333333333332,2025-07-29 13:14:53.133340
frequency,59.99,2025-07-29 13:14:53.133340
power factor,0.8266666666666667,2025-07-29 13:14:53.133340
featureId,UNAVAILABLE,2025-07-29 13:14:57.994444
partKindId,7606F116-3463-4EEF-96CC-1AC408FAA001,2025-07-29 13:14:57.994444
processKindId,1BFABEA4-68A9-484B-AE13-2E0BF9278D50,2025-07-29 13:14:57.994444
A_Axis_Load,7,2025-07-29 13:14:57.994444
A_Position,0.000668021023909704,2025-07-29 13:14:57.994444
C_Axis_Load,3,2025-07-29 13:14:57.994444
C_Position,30.0005,2025-07-29 13:14:57.994444
Machine_Time,2711540.494,2025-07-29 13:14:57.994444
Spindle_Time,739504.062,2025-07-29 13:14:57.994444
Feed_Override,100,2025-07-29 13:14:57.994444
Feed_Rate,43.5,2025-07-29 13:14:57.994444
Program_Runtime_Seconds,27,2025-07-29 13:14:57.994444
Rapid_Override,100,2025-07-29 13:14:57.994444
Rapid_Speed,0,2025-07-29 13:14:57.994444
S_Axis_Load,0,2025-07-29 13:14:57.994444
Spindle_Override,100,2025-07-29 13:14:57.994444
Spindle_Speed,9792,2025-07-29 13:14:57.994444
X_Axis_Load,4,2025-07-29 13:14:57.994444
X_Position,428.030425249251,2025-07-29 13:14:57.994444
Y_Axis_Load,9,2025-07-29 13:14:57.994444
Y_Position,280.310871607082,2025-07-29 13:14:57.994444
Z_Axis_Load,32,2025-07-29 13:14:57.994444
Z_Position,-344.448335633103,2025-07-29 13:14:57.994444
COR_Status,1,2025-07-29 13:14:57.994444
Controller_Mode,AUTO,2025-07-29 13:14:57.994444
EStop_State,ARMED,2025-07-29 13:14:57.994444
Machine_Mode,5,2025-07-29 13:14:57.994444
Block_Number,146,2025-07-29 13:14:57.994444
Current_Tool,6,2025-07-29 13:14:57.994444
Part_Count,19,2025-07-29 13:14:57.994444
Program_Name_Running,000473_A_A_PROGRAM_2.NC,2025-07-29 13:14:57.994444
spindle motor v_rms,0.6,2025-07-29 13:14:57.994444
spindle motor a_peak,13000,2025-07-29 13:14:57.994444
spindle motor a_rms,2500,2025-07-29 13:14:57.994444
spindle motor temp,35.9,2025-07-29 13:14:57.994444
spindle motor crest,5.1,2025-07-29 13:14:57.994444
z-axis bearing v_rms,0.4,2025-07-29 13:14:57.994444
z-axis bearing a_peak,16000,2025-07-29 13:14:57.994444
z-axis bearing a_rms,3300,2025-07-29 13:14:57.994444
z-axis bearing temp,24.2,2025-07-29 13:14:57.994444
z-axis bearing crest,4.8,2025-07-29 13:14:57.994444
z-axis motor v_rms,1.3,2025-07-29 13:14:57.994444
z-axis motor a_peak,7600,2025-07-29 13:14:57.994444
z-axis motor a_rms,1700,2025-07-29 13:14:57.994444
z-axis motor temp,29.6,2025-07-29 13:14:57.994444
z-axis motor crest,4.4,2025-07-29 13:14:57.994444
y-axis bearing v_rms,0.8,2025-07-29 13:14:57.994444
y-axis bearing a_peak,8200,2025-07-29 13:14:57.994444
y-axis bearing a_rms,2700,2025-07-29 13:14:57.994444
y-axis bearing temp,22.8,2025-07-29 13:14:57.994444
y-axis bearing crest,3.0,2025-07-29 13:14:57.994444
y-axis motor v_rms,1.2,2025-07-29 13:14:57.994444
y-axis motor a_peak,12800,2025-07-29 13:14:57.994444
y-axis motor a_rms,4000,2025-07-29 13:14:57.994444
y-axis motor temp,25.3,2025-07-29 13:14:57.994444
y-axis motor crest,3.2,2025-07-29 13:14:57.994444
x-axis motor v_rms,0.1,2025-07-29 13:14:57.994444
x-axis motor a_peak,500,2025-07-29 13:14:57.994444
x-axis motor a_rms,200,2025-07-29 13:14:57.994444
x-axis motor temp,23.0,2025-07-29 13:14:57.994444
x-axis motor crest,3.4,2025-07-29 13:14:57.994444
voltage,132.70000000000002,2025-07-29 13:14:57.994444
current,9.576666666666668,2025-07-29 13:14:57.994444
active power,1108.0,2025-07-29 13:14:57.994444
forward kWh,41.89233333333333,2025-07-29 13:14:57.994444
reverse kWh,1.2693333333333332,2025-07-29 13:14:57.994444
frequency,59.99,2025-07-29 13:14:57.994444
power factor,0.84,2025-07-29 13:14:57.994444
featureId,UNAVAILABLE,2025-07-29 13:14:58.994685
partKindId,7606F116-3463-4EEF-96CC-1AC408FAA001,2025-07-29 13:14:58.994685
processKindId,1BFABEA4-68A9-484B-AE13-2E0BF9278D50,2025-07-29 13:14:58.994685
A_Axis_Load,7,2025-07-29 13:14:58.994685
A_Position,0.000668021023909704,2025-07-29 13:14:58.994685
C_Axis_Load,3,2025-07-29 13:14:58.994685
C_Position,30.0005,2025-07-29 13:14:58.994685
Machine_Time,2711540.494,2025-07-29 13:14:58.994685
Spindle_Time,739504.062,2025-07-29 13:14:58.994685
Feed_Override,100,2025-07-29 13:14:58.994685
Feed_Rate,68.86667,2025-07-29 13:14:58.994685
Program_Runtime_Seconds,28,2025-07-29 13:14:58.994685
Rapid_Override,100,2025-07-29 13:14:58.994685
Rapid_Speed,0,2025-07-29 13:14:58.994685
S_Axis_Load,0,2025-07-29 13:14:58.994685
Spindle_Override,100,2025-07-29 13:14:58.994685
Spindle_Speed,9792,2025-07-29 13:14:58.994685
X_Axis_Load,2,2025-07-29 13:14:58.994685
X_Position,428.030413803304,2025-07-29 13:14:58.994685
Y_Axis_Load,9,2025-07-29 13:14:58.994685
Y_Position,206.211068740281,2025-07-29 13:14:58.994685
Z_Axis_Load,31,2025-07-29 13:14:58.994685
Z_Position,-344.448358518622,2025-07-29 13:14:58.994685
COR_Status,1,2025-07-29 13:14:58.994685
Controller_Mode,AUTO,2025-07-29 13:14:58.994685
EStop_State,ARMED,2025-07-29 13:14:58.994685
Machine_Mode,5,2025-07-29 13:14:58.994685
Block_Number,146,2025-07-29 13:14:58.994685
Current_Tool,6,2025-07-29 13:14:58.994685
Part_Count,19,2025-07-29 13:14:58.994685
Program_Name_Running,000473_A_A_PROGRAM_2.NC,2025-07-29 13:14:58.994685
spindle motor v_rms,0.6,2025-07-29 13:14:58.994685
spindle motor a_peak,9300,2025-07-29 13:14:58.994685
spindle motor a_rms,1900,2025-07-29 13:14:58.994685
spindle motor temp,35.9,2025-07-29 13:14:58.994685
spindle motor crest,5.0,2025-07-29 13:14:58.994685
z-axis bearing v_rms,0.2,2025-07-29 13:14:58.994685
z-axis bearing a_peak,10300,2025-07-29 13:14:58.994685
z-axis bearing a_rms,1900,2025-07-29 13:14:58.994685
z-axis bearing temp,24.2,2025-07-29 13:14:58.994685
z-axis bearing crest,5.5,2025-07-29 13:14:58.994685
z-axis motor v_rms,1.5,2025-07-29 13:14:58.994685
z-axis motor a_peak,4400,2025-07-29 13:14:58.994685
z-axis motor a_rms,1600,2025-07-29 13:14:58.994685
z-axis motor temp,29.6,2025-07-29 13:14:58.994685
z-axis motor crest,2.8,2025-07-29 13:14:58.994685
y-axis bearing v_rms,0.2,2025-07-29 13:14:58.994685
y-axis bearing a_peak,2500,2025-07-29 13:14:58.994685
y-axis bearing a_rms,700,2025-07-29 13:14:58.994685
y-axis bearing temp,22.8,2025-07-29 13:14:58.994685
y-axis bearing crest,3.5,2025-07-29 13:14:58.994685
y-axis motor v_rms,0.7,2025-07-29 13:14:58.994685
y-axis motor a_peak,7800,2025-07-29 13:14:58.994685
y-axis motor a_rms,2000,2025-07-29 13:14:58.994685
y-axis motor temp,25.3,2025-07-29 13:14:58.994685
y-axis motor crest,4.0,2025-07-29 13:14:58.994685
x-axis motor v_rms,0.9,2025-07-29 13:14:58.994685
x-axis motor a_peak,500,2025-07-29 13:14:58.994685
x-axis motor a_rms,100,2025-07-29 13:14:58.994685
x-axis motor temp,23.0,2025-07-29 13:14:58.994685
x-axis motor crest,3.5,2025-07-29 13:14:58.994685
voltage,132.66666666666666,2025-07-29 13:14:58.994685
current,9.76,2025-07-29 13:14:58.994685
active power,1125.3333333333333,2025-07-29 13:14:58.994685
forward kWh,41.89233333333333,2025-07-29 13:14:58.994685
reverse kWh,1.2693333333333332,2025-07-29 13:14:58.994685
frequency,59.99,2025-07-29 13:14:58.994685
power factor,0.8366666666666666,2025-07-29 13:14:58.994685
featureId,UNAVAILABLE,2025-07-29 13:14:59.994945
partKindId,7606F116-3463-4EEF-96CC-1AC408FAA001,2025-07-29 13:14:59.994945
processKindId,1BFABEA4-68A9-484B-AE13-2E0BF9278D50,2025-07-29 13:14:59.994945
A_Axis_Load,7,2025-07-29 13:14:59.994945
A_Position,0.000668021023909704,2025-07-29 13:14:59.994945
C_Axis_Load,3,2025-07-29 13:14:59.994945
C_Position,30.0005,2025-07-29 13:14:59.994945
Machine_Time,2711540.494,2025-07-29 13:14:59.994945
Spindle_Time,739504.062,2025-07-29 13:14:59.994945
Feed_Override,100,2025-07-29 13:14:59.994945
Feed_Rate,71.25,2025-07-29 13:14:59.994945
Program_Runtime_Seconds,29,2025-07-29 13:14:59.994945
Rapid_Override,100,2025-07-29 13:14:59.994945
Rapid_Speed,0,2025-07-29 13:14:59.994945
S_Axis_Load,1,2025-07-29 13:14:59.994945
Spindle_Override,100,2025-07-29 13:14:59.994945
Spindle_Speed,9792,2025-07-29 13:14:59.994945
X_Axis_Load,11,2025-07-29 13:14:59.994945
X_Position,363.23628499649,2025-07-29 13:14:59.994945
Y_Axis_Load,4,2025-07-29 13:14:59.994945
Y_Position,206.208791503821,2025-07-29 13:14:59.994945
Z_Axis_Load,32,2025-07-29 13:14:59.994945
Z_Position,-344.448358518622,2025-07-29 13:14:59.994945
COR_Status,1,2025-07-29 13:14:59.994945
Controller_Mode,AUTO,2025-07-29 13:14:59.994945
EStop_State,ARMED,2025-07-29 13:14:59.994945
Machine_Mode,5,2025-07-29 13:14:59.994945
Block_Number,147,2025-07-29 13:14:59.994945
Current_Tool,6,2025-07-29 13:14:59.994945
Part_Count,19,2025-07-29 13:14:59.994945
Program_Name_Running,000473_A_A_PROGRAM_2.NC,2025-07-29 13:14:59.994945
spindle motor v_rms,0.6,2025-07-29 13:14:59.994945
spindle motor a_peak,8800,2025-07-29 13:14:59.994945
spindle motor a_rms,2300,2025-07-29 13:14:59.994945
spindle motor temp,35.9,2025-07-29 13:14:59.994945
spindle motor crest,3.9,2025-07-29 13:14:59.994945
z-axis bearing v_rms,0.2,2025-07-29 13:14:59.994945
z-axis bearing a_peak,6200,2025-07-29 13:14:59.994945
z-axis bearing a_rms,1600,2025-07-29 13:14:59.994945
z-axis bearing temp,24.2,2025-07-29 13:14:59.994945
z-axis bearing crest,3.9,2025-07-29 13:14:59.994945
z-axis motor v_rms,1.4,2025-07-29 13:14:59.994945
z-axis motor a_peak,3500,2025-07-29 13:14:59.994945
z-axis motor a_rms,1600,2025-07-29 13:14:59.994945
z-axis motor temp,29.6,2025-07-29 13:14:59.994945
z-axis motor crest,2.2,2025-07-29 13:14:59.994945
y-axis bearing v_rms,0.3,2025-07-29 13:14:59.994945
y-axis bearing a_peak,1800,2025-07-29 13:14:59.994945
y-axis bearing a_rms,800,2025-07-29 13:14:59.994945
y-axis bearing temp,22.8,2025-07-29 13:14:59.994945
y-axis bearing crest,2.4,2025-07-29 13:14:59.994945
y-axis motor v_rms,0.7,2025-07-29 13:14:59.994945
y-axis motor a_peak,4800,2025-07-29 13:14:59.994945
y-axis motor a_rms,1900,2025-07-29 13:14:59.994945
y-axis motor temp,25.3,2025-07-29 13:14:59.994945
y-axis motor crest,2.5,2025-07-29 13:14:59.994945
x-axis motor v_rms,0.2,2025-07-29 13:14:59.994945
x-axis motor a_peak,500,2025-07-29 13:14:59.994945
x-axis motor a_rms,200,2025-07-29 13:14:59.994945
x-axis motor temp,23.0,2025-07-29 13:14:59.994945
x-axis motor crest,3.0,2025-07-29 13:14:59.994945
voltage,132.63333333333335,2025-07-29 13:14:59.994945
current,11.049999999999999,2025-07-29 13:14:59.994945
active power,1264.0,2025-07-29 13:14:59.994945
forward kWh,41.89233333333333,2025-07-29 13:14:59.994945
reverse kWh,1.2693333333333332,2025-07-29 13:14:59.994945
frequency,59.99,2025-07-29 13:14:59.994945
power factor,0.77,2025-07-29 13:14:59.994945
featureId,UNAVAILABLE,2025-07-29 13:15:00.995202
partKindId,7606F116-3463-4EEF-96CC-1AC408FAA001,2025-07-29 13:15:00.995202
processKindId,1BFABEA4-68A9-484B-AE13-2E0BF9278D50,2025-07-29 13:15:00.995202
A_Axis_Load,7,2025-07-29 13:15:00.995202
A_Position,0.000668021023909704,2025-07-29 13:15:00.995202
C_Axis_Load,3,2025-07-29 13:15:00.995202
C_Position,30.0005,2025-07-29 13:15:00.995202
Machine_Time,2711540.494,2025-07-29 13:15:00.995202
Spindle_Time,739504.062,2025-07-29 13:15:00.995202
Feed_Override,100,2025-07-29 13:15:00.995202
Feed_Rate,71.25,2025-07-29 13:15:00.995202
Program_Runtime_Seconds,30,2025-07-29 13:15:00.995202
Rapid_Override,100,2025-07-29 13:15:00.995202
Rapid_Speed,0,2025-07-29 13:15:00.995202
S_Axis_Load,1,2025-07-29 13:15:00.995202
Spindle_Override,100,2025-07-29 13:15:00.995202
Spindle_Speed,9792,2025-07-29 13:15:00.995202
X_Axis_Load,2,2025-07-29 13:15:00.995202
X_Position,332.780315693507,2025-07-29 13:15:00.995202
Y_Axis_Load,9,2025-07-29 13:15:00.995202
Y_Position,244.861463159353,2025-07-29 13:15:00.995202
Z_Axis_Load,33,2025-07-29 13:15:00.995202
Z_Position,-344.448381404141,2025-07-29 13:15:00.995202
COR_Status,1,2025-07-29 13:15:00.995202
Controller_Mode,AUTO,2025-07-29 13:15:00.995202
EStop_State,ARMED,2025-07-29 13:15:00.995202
Machine_Mode,5,2025-07-29 13:15:00.995202
Block_Number,148,2025-07-29 13:15:00.995202
Current_Tool,6,2025-07-29 13:15:00.995202
Part_Count,19,2025-07-29 13:15:00.995202
Program_Name_Running,000473_A_A_PROGRAM_2.NC,2025-07-29 13:15:00.995202
spindle motor v_rms,1.0,2025-07-29 13:15:00.995202
spindle motor a_peak,13900,2025-07-29 13:15:00.995202
spindle motor a_rms,3700,2025-07-29 13:15:00.995202
spindle motor temp,35.9,2025-07-29 13:15:00.995202
spindle motor crest,3.7,2025-07-29 13:15:00.995202
z-axis bearing v_rms,0.4,2025-07-29 13:15:00.995202
z-axis bearing a_peak,12400,2025-07-29 13:15:00.995202
z-axis bearing a_rms,3800,2025-07-29 13:15:00.995202
z-axis bearing temp,24.2,2025-07-29 13:15:00.995202
z-axis bearing crest,3.2,2025-07-29 13:15:00.995202
z-axis motor v_rms,1.2,2025-07-29 13:15:00.995202
z-axis motor a_peak,7600,2025-07-29 13:15:00.995202
z-axis motor a_rms,2000,2025-07-29 13:15:00.995202
z-axis motor temp,29.6,2025-07-29 13:15:00.995202
z-axis motor crest,3.8,2025-07-29 13:15:00.995202
y-axis bearing v_rms,1.1,2025-07-29 13:15:00.995202
y-axis bearing a_peak,10300,2025-07-29 13:15:00.995202
y-axis bearing a_rms,4100,2025-07-29 13:15:00.995202
y-axis bearing temp,22.8,2025-07-29 13:15:00.995202
y-axis bearing crest,2.5,2025-07-29 13:15:00.995202
y-axis motor v_rms,1.7,2025-07-29 13:15:00.995202
y-axis motor a_peak,14300,2025-07-29 13:15:00.995202
y-axis motor a_rms,5200,2025-07-29 13:15:00.995202
y-axis motor temp,25.3,2025-07-29 13:15:00.995202
y-axis motor crest,2.7,2025-07-29 13:15:00.995202
x-axis motor v_rms,0.1,2025-07-29 13:15:00.995202
x-axis motor a_peak,500,2025-07-29 13:15:00.995202
x-axis motor a_rms,100,2025-07-29 13:15:00.995202
x-axis motor temp,23.0,2025-07-29 13:15:00.995202
x-axis motor crest,3.4,2025-07-29 13:15:00.995202
voltage,132.70000000000002,2025-07-29 13:15:00.995202
current,10.123333333333333,2025-07-29 13:15:00.995202
active power,1169.6666666666667,2025-07-29 13:15:00.995202
forward kWh,41.893,2025-07-29 13:15:00.995202
reverse kWh,1.2693333333333332,2025-07-29 13:15:00.995202
frequency,60.0,2025-07-29 13:15:00.995202
power factor,0.8700000000000001,2025-07-29 13:15:00.995202
featureId,UNAVAILABLE,2025-07-29 13:15:03.650763
partKindId,7606F116-3463-4EEF-96CC-1AC408FAA001,2025-07-29 13:15:03.650763
processKindId,1BFABEA4-68A9-484B-AE13-2E0BF9278D50,2025-07-29 13:15:03.650763
A_Axis_Load,7,2025-07-29 13:15:03.650763
A_Position,0.000668021023909704,2025-07-29 13:15:03.650763
C_Axis_Load,3,2025-07-29 13:15:03.650763
C_Position,30.0005,2025-07-29 13:15:03.650763
Machine_Time,2711540.494,2025-07-29 13:15:03.650763
Spindle_Time,739504.062,2025-07-29 13:15:03.650763
Feed_Override,100,2025-07-29 13:15:03.650763
Feed_Rate,71.25,2025-07-29 13:15:03.650763
Program_Runtime_Seconds,33,2025-07-29 13:15:03.650763
Rapid_Override,100,2025-07-29 13:15:03.650763
Rapid_Speed,0,2025-07-29 13:15:03.650763
S_Axis_Load,0,2025-07-29 13:15:03.650763
Spindle_Override,100,2025-07-29 13:15:03.650763
Spindle_Speed,9792,2025-07-29 13:15:03.650763
X_Axis_Load,0,2025-07-29 13:15:03.650763
X_Position,421.680419530033,2025-07-29 13:15:03.650763
Y_Axis_Load,9,2025-07-29 13:15:03.650763
Y_Position,268.469464777947,2025-07-29 13:15:03.650763
Z_Axis_Load,33,2025-07-29 13:15:03.650763
Z_Position,-344.448358518622,2025-07-29 13:15:03.650763
COR_Status,1,2025-07-29 13:15:03.650763
Controller_Mode,AUTO,2025-07-29 13:15:03.650763
EStop_State,ARMED,2025-07-29 13:15:03.650763
Machine_Mode,5,2025-07-29 13:15:03.650763
Block_Number,152,2025-07-29 13:15:03.650763
Current_Tool,6,2025-07-29 13:15:03.650763
Part_Count,19,2025-07-29 13:15:03.650763
Program_Name_Running,000473_A_A_PROGRAM_2.NC,2025-07-29 13:15:03.650763
spindle motor v_rms,0.7,2025-07-29 13:15:03.650763
spindle motor a_peak,11000,2025-07-29 13:15:03.650763
spindle motor a_rms,2800,2025-07-29 13:15:03.650763
spindle motor temp,35.9,2025-07-29 13:15:03.650763
spindle motor crest,4.0,2025-07-29 13:15:03.650763
z-axis bearing v_rms,0.4,2025-07-29 13:15:03.650763
z-axis bearing a_peak,13300,2025-07-29 13:15:03.650763
z-axis bearing a_rms,3400,2025-07-29 13:15:03.650763
z-axis bearing temp,24.2,2025-07-29 13:15:03.650763
z-axis bearing crest,3.9,2025-07-29 13:15:03.650763
z-axis motor v_rms,1.2,2025-07-29 13:15:03.650763
z-axis motor a_peak,4700,2025-07-29 13:15:03.650763
z-axis motor a_rms,1600,2025-07-29 13:15:03.650763
z-axis motor temp,29.6,2025-07-29 13:15:03.650763
z-axis motor crest,3.0,2025-07-29 13:15:03.650763
y-axis bearing v_rms,0.9,2025-07-29 13:15:03.650763
y-axis bearing a_peak,5800,2025-07-29 13:15:03.650763
y-axis bearing a_rms,3000,2025-07-29 13:15:03.650763
y-axis bearing temp,22.8,2025-07-29 13:15:03.650763
y-axis bearing crest,1.9,2025-07-29 13:15:03.650763
y-axis motor v_rms,1.6,2025-07-29 13:15:03.650763
y-axis motor a_peak,12400,2025-07-29 13:15:03.650763
y-axis motor a_rms,5100,2025-07-29 13:15:03.650763
y-axis motor temp,25.3,2025-07-29 13:15:03.650763
y-axis motor crest,2.4,2025-07-29 13:15:03.650763
x-axis motor v_rms,0.1,2025-07-29 13:15:03.650763
x-axis motor a_peak,500,2025-07-29 13:15:03.650763
x-axis motor a_rms,200,2025-07-29 13:15:03.650763
x-axis motor temp,23.0,2025-07-29 13:15:03.650763
x-axis motor crest,3.3,2025-07-29 13:15:03.650763
voltage,132.73333333333332,2025-07-29 13:15:03.650763
current,9.893333333333333,2025-07-29 13:15:03.650763
active power,1155.6666666666667,2025-07-29 13:15:03.650763
forward kWh,41.894333333333336,2025-07-29 13:15:03.650763
reverse kWh,1.2693333333333332,2025-07-29 13:15:03.650763
frequency,59.99,2025-07-29 13:15:03.650763
power factor,0.9,2025-07-29 13:15:03.650763
featureId,UNAVAILABLE,2025-07-29 13:15:04.650978
partKindId,7606F116-3463-4EEF-96CC-1AC408FAA001,2025-07-29 13:15:04.650978
processKindId,1BFABEA4-68A9-484B-AE13-2E0BF9278D50,2025-07-29 13:15:04.650978
A_Axis_Load,7,2025-07-29 13:15:04.650978
A_Position,0.000668021023909704,2025-07-29 13:15:04.650978
C_Axis_Load,3,2025-07-29 13:15:04.650978
C_Position,30.0005,2025-07-29 13:15:04.650978
Machine_Time,2711540.494,2025-07-29 13:15:04.650978
Spindle_Time,739504.062,2025-07-29 13:15:04.650978
Feed_Override,100,2025-07-29 13:15:04.650978
Feed_Rate,60.88333,2025-07-29 13:15:04.650978
Program_Runtime_Seconds,33,2025-07-29 13:15:04.650978
Rapid_Override,100,2025-07-29 13:15:04.650978
Rapid_Speed,0,2025-07-29 13:15:04.650978
S_Axis_Load,0,2025-07-29 13:15:04.650978
Spindle_Override,100,2025-07-29 13:15:04.650978
Spindle_Speed,9792,2025-07-29 13:15:04.650978
X_Axis_Load,21,2025-07-29 13:15:04.650978
X_Position,415.813970672184,2025-07-29 13:15:04.650978
Y_Axis_Load,15,2025-07-29 13:15:04.650978
Y_Position,212.558928309936,2025-07-29 13:15:04.650978
Z_Axis_Load,33,2025-07-29 13:15:04.650978
Z_Position,-344.448278419306,2025-07-29 13:15:04.650978
COR_Status,1,2025-07-29 13:15:04.650978
Controller_Mode,AUTO,2025-07-29 13:15:04.650978
EStop_State,ARMED,2025-07-29 13:15:04.650978
Machine_Mode,5,2025-07-29 13:15:04.650978
Block_Number,153,2025-07-29 13:15:04.650978
Current_Tool,6,2025-07-29 13:15:04.650978
Part_Count,19,2025-07-29 13:15:04.650978
Program_Name_Running,000473_A_A_PROGRAM_2.NC,2025-07-29 13:15:04.650978
spindle motor v_rms,0.6,2025-07-29 13:15:04.650978
spindle motor a_peak,11700,2025-07-29 13:15:04.650978
spindle motor a_rms,2300,2025-07-29 13:15:04.650978
spindle motor temp,35.9,2025-07-29 13:15:04.650978
spindle motor crest,5.0,2025-07-29 13:15:04.650978
z-axis bearing v_rms,0.2,2025-07-29 13:15:04.650978
z-axis bearing a_peak,9500,2025-07-29 13:15:04.650978
z-axis bearing a_rms,2000,2025-07-29 13:15:04.650978
z-axis bearing temp,24.2,2025-07-29 13:15:04.650978
z-axis bearing crest,4.7,2025-07-29 13:15:04.650978
z-axis motor v_rms,1.4,2025-07-29 13:15:04.650978
z-axis motor a_peak,4000,2025-07-29 13:15:04.650978
z-axis motor a_rms,1600,2025-07-29 13:15:04.650978
z-axis motor temp,29.6,2025-07-29 13:15:04.650978
z-axis motor crest,2.5,2025-07-29 13:15:04.650978
y-axis bearing v_rms,0.3,2025-07-29 13:15:04.650978
y-axis bearing a_peak,3000,2025-07-29 13:15:04.650978
y-axis bearing a_rms,800,2025-07-29 13:15:04.650978
y-axis bearing temp,22.8,2025-07-29 13:15:04.650978
y-axis bearing crest,3.8,2025-07-29 13:15:04.650978
y-axis motor v_rms,0.7,2025-07-29 13:15:04.650978
y-axis motor a_peak,4900,2025-07-29 13:15:04.650978
y-axis motor a_rms,2000,2025-07-29 13:15:04.650978
y-axis motor temp,25.3,2025-07-29 13:15:04.650978
y-axis motor crest,2.5,2025-07-29 13:15:04.650978
x-axis motor v_rms,0.2,2025-07-29 13:15:04.650978
x-axis motor a_peak,500,2025-07-29 13:15:04.650978
x-axis motor a_rms,200,2025-07-29 13:15:04.650978
x-axis motor temp,23.0,2025-07-29 13:15:04.650978
x-axis motor crest,3.1,2025-07-29 13:15:04.650978
voltage,132.66666666666666,2025-07-29 13:15:04.650978
current,10.066666666666666,2025-07-29 13:15:04.650978
active power,1161.0,2025-07-29 13:15:04.650978
forward kWh,41.894999999999996,2025-07-29 13:15:04.650978
reverse kWh,1.2693333333333332,2025-07-29 13:15:04.650978
frequency,59.99,2025-07-29 13:15:04.650978
power factor,0.89,2025-07-29 13:15:04.650978
featureId,UNAVAILABLE,2025-07-29 13:15:06.624804
partKindId,7606F116-3463-4EEF-96CC-1AC408FAA001,2025-07-29 13:15:06.624804
processKindId,1BFABEA4-68A9-484B-AE13-2E0BF9278D50,2025-07-29 13:15:06.624804
A_Axis_Load,7,2025-07-29 13:15:06.624804
A_Position,0.000668021023909704,2025-07-29 13:15:06.624804
C_Axis_Load,3,2025-07-29 13:15:06.624804
C_Position,30.001,2025-07-29 13:15:06.624804
Machine_Time,2711540.494,2025-07-29 13:15:06.624804
Spindle_Time,739504.062,2025-07-29 13:15:06.624804
Feed_Override,100,2025-07-29 13:15:06.624804
Feed_Rate,71.25,2025-07-29 13:15:06.624804
Program_Runtime_Seconds,35,2025-07-29 13:15:06.624804
Rapid_Override,100,2025-07-29 13:15:06.624804
Rapid_Speed,0,2025-07-29 13:15:06.624804
S_Axis_Load,0,2025-07-29 13:15:06.624804
Spindle_Override,100,2025-07-29 13:15:06.624804
Spindle_Speed,9792,2025-07-29 13:15:06.624804
X_Axis_Load,0,2025-07-29 13:15:06.624804
X_Position,339.130374842112,2025-07-29 13:15:06.624804
Y_Axis_Load,9,2025-07-29 13:15:06.624804
Y_Position,267.433421947083,2025-07-29 13:15:06.624804
Z_Axis_Load,32,2025-07-29 13:15:06.624804
Z_Position,-344.448381404141,2025-07-29 13:15:06.624804
COR_Status,1,2025-07-29 13:15:06.624804
Controller_Mode,AUTO,2025-07-29 13:15:06.624804
EStop_State,ARMED,2025-07-29 13:15:06.624804
Machine_Mode,5,2025-07-29 13:15:06.624804
Block_Number,154,2025-07-29 13:15:06.624804
Current_Tool,6,2025-07-29 13:15:06.624804
Part_Count,19,2025-07-29 13:15:06.624804
Program_Name_Running,000473_A_A_PROGRAM_2.NC,2025-07-29 13:15:06.624804
spindle motor v_rms,0.6,2025-07-29 13:15:06.624804
spindle motor a_peak,15800,2025-07-29 13:15:06.624804
spindle motor a_rms,2800,2025-07-29 13:15:06.624804
spindle motor temp,35.9,2025-07-29 13:15:06.624804
spindle motor crest,5.7,2025-07-29 13:15:06.624804
z-axis bearing v_rms,0.3,2025-07-29 13:15:06.624804
z-axis bearing a_peak,12400,2025-07-29 13:15:06.624804
z-axis bearing a_rms,2100,2025-07-29 13:15:06.624804
z-axis bearing temp,24.2,2025-07-29 13:15:06.624804
z-axis bearing crest,5.9,2025-07-29 13:15:06.624804
z-axis motor v_rms,1.4,2025-07-29 13:15:06.624804
z-axis motor a_peak,4500,2025-07-29 13:15:06.624804
z-axis motor a_rms,1600,2025-07-29 13:15:06.624804
z-axis motor temp,29.6,2025-07-29 13:15:06.624804
z-axis motor crest,2.8,2025-07-29 13:15:06.624804
y-axis bearing v_rms,0.5,2025-07-29 13:15:06.624804
y-axis bearing a_peak,6500,2025-07-29 13:15:06.624804
y-axis bearing a_rms,1600,2025-07-29 13:15:06.624804
y-axis bearing temp,22.8,2025-07-29 13:15:06.624804
y-axis bearing crest,4.0,2025-07-29 13:15:06.624804
y-axis motor v_rms,0.9,2025-07-29 13:15:06.624804
y-axis motor a_peak,9000,2025-07-29 13:15:06.624804
y-axis motor a_rms,2600,2025-07-29 13:15:06.624804
y-axis motor temp,25.3,2025-07-29 13:15:06.624804
y-axis motor crest,3.5,2025-07-29 13:15:06.624804
x-axis motor v_rms,0.9,2025-07-29 13:15:06.624804
x-axis motor a_peak,700,2025-07-29 13:15:06.624804
x-axis motor a_rms,200,2025-07-29 13:15:06.624804
x-axis motor temp,23.0,2025-07-29 13:15:06.624804
x-axis motor crest,4.1,2025-07-29 13:15:06.624804
voltage,132.70000000000002,2025-07-29 13:15:06.624804
current,10.12,2025-07-29 13:15:06.624804
active power,1162.0,2025-07-29 13:15:06.624804
forward kWh,41.89533333333333,2025-07-29 13:15:06.624804
reverse kWh,1.2693333333333332,2025-07-29 13:15:06.624804
frequency,59.99,2025-07-29 13:15:06.624804
power factor,0.7233333333333333,2025-07-29 13:15:06.624804
featureId,UNAVAILABLE,2025-07-29 13:15:08.120886
partKindId,7606F116-3463-4EEF-96CC-1AC408FAA001,2025-07-29 13:15:08.120886
processKindId,1BFABEA4-68A9-484B-AE13-2E0BF9278D50,2025-07-29 13:15:08.120886
A_Axis_Load,7,2025-07-29 13:15:08.120886
A_Position,0.000668021023909704,2025-07-29 13:15:08.120886
C_Axis_Load,3,2025-07-29 13:15:08.120886
C_Position,30.0005,2025-07-29 13:15:08.120886
Machine_Time,2711540.494,2025-07-29 13:15:08.120886
Spindle_Time,739504.062,2025-07-29 13:15:08.120886
Feed_Override,100,2025-07-29 13:15:08.120886
Feed_Rate,71.25,2025-07-29 13:15:08.120886
Program_Runtime_Seconds,37,2025-07-29 13:15:08.120886
Rapid_Override,100,2025-07-29 13:15:08.120886
Rapid_Speed,0,2025-07-29 13:15:08.120886
S_Axis_Load,0,2025-07-29 13:15:08.120886
Spindle_Override,100,2025-07-29 13:15:08.120886
Spindle_Speed,9792,2025-07-29 13:15:08.120886
X_Axis_Load,11,2025-07-29 13:15:08.120886
X_Position,408.219595952492,2025-07-29 13:15:08.120886
Y_Axis_Load,8,2025-07-29 13:15:08.120886
Y_Position,286.218728893689,2025-07-29 13:15:08.120886
Z_Axis_Load,32,2025-07-29 13:15:08.120886
Z_Position,-344.448301304825,2025-07-29 13:15:08.120886
COR_Status,1,2025-07-29 13:15:08.120886
Controller_Mode,AUTO,2025-07-29 13:15:08.120886
EStop_State,ARMED,2025-07-29 13:15:08.120886
Machine_Mode,5,2025-07-29 13:15:08.120886
Block_Number,157,2025-07-29 13:15:08.120886
Current_Tool,6,2025-07-29 13:15:08.120886
Part_Count,19,2025-07-29 13:15:08.120886
Program_Name_Running,000473_A_A_PROGRAM_2.NC,2025-07-29 13:15:08.120886
spindle motor v_rms,0.8,2025-07-29 13:15:08.120886
spindle motor a_peak,24600,2025-07-29 13:15:08.120886
spindle motor a_rms,5000,2025-07-29 13:15:08.120886
spindle motor temp,35.9,2025-07-29 13:15:08.120886
spindle motor crest,4.9,2025-07-29 13:15:08.120886
z-axis bearing v_rms,0.4,2025-07-29 13:15:08.120886
z-axis bearing a_peak,14800,2025-07-29 13:15:08.120886
z-axis bearing a_rms,3700,2025-07-29 13:15:08.120886
z-axis bearing temp,24.2,2025-07-29 13:15:08.120886
z-axis bearing crest,4.0,2025-07-29 13:15:08.120886
z-axis motor v_rms,1.4,2025-07-29 13:15:08.120886
z-axis motor a_peak,7400,2025-07-29 13:15:08.120886
z-axis motor a_rms,1900,2025-07-29 13:15:08.120886
z-axis motor temp,29.6,2025-07-29 13:15:08.120886
z-axis motor crest,3.9,2025-07-29 13:15:08.120886
y-axis bearing v_rms,0.7,2025-07-29 13:15:08.120886
y-axis bearing a_peak,7500,2025-07-29 13:15:08.120886
y-axis bearing a_rms,2400,2025-07-29 13:15:08.120886
y-axis bearing temp,22.8,2025-07-29 13:15:08.120886
y-axis bearing crest,3.1,2025-07-29 13:15:08.120886
y-axis motor v_rms,1.2,2025-07-29 13:15:08.120886
y-axis motor a_peak,10500,2025-07-29 13:15:08.120886
y-axis motor a_rms,3700,2025-07-29 13:15:08.120886
y-axis motor temp,25.3,2025-07-29 13:15:08.120886
y-axis motor crest,2.9,2025-07-29 13:15:08.120886
x-axis motor v_rms,0.6,2025-07-29 13:15:08.120886
x-axis motor a_peak,600,2025-07-29 13:15:08.120886
x-axis motor a_rms,200,2025-07-29 13:15:08.120886
x-axis motor temp,23.0,2025-07-29 13:15:08.120886
x-axis motor crest,3.7,2025-07-29 13:15:08.120886
voltage,132.73333333333332,2025-07-29 13:15:08.120886
current,9.95,2025-07-29 13:15:08.120886
active power,1150.0,2025-07-29 13:15:08.120886
forward kWh,41.896,2025-07-29 13:15:08.120886
reverse kWh,1.2693333333333332,2025-07-29 13:15:08.120886
frequency,59.99,2025-07-29 13:15:08.120886
power factor,0.9199999999999999,2025-07-29 13:15:08.120886
featureId,UNAVAILABLE,2025-07-29 13:15:09.121092
partKindId,7606F116-3463-4EEF-96CC-1AC408FAA001,2025-07-29 13:15:09.121092
processKindId,1BFABEA4-68A9-484B-AE13-2E0BF9278D50,2025-07-29 13:15:09.121092
A_Axis_Load,7,2025-07-29 13:15:09.121092
A_Position,0.000668021023909704,2025-07-29 13:15:09.121092
C_Axis_Load,3,2025-07-29 13:15:09.121092
C_Position,30.0005,2025-07-29 13:15:09.121092
Machine_Time,2711540.494,2025-07-29 13:15:09.121092
Spindle_Time,739504.062,2025-07-29 13:15:09.121092
Feed_Override,100,2025-07-29 13:15:09.121092
Feed_Rate,71.25,2025-07-29 13:15:09.121092
Program_Runtime_Seconds,38,2025-07-29 13:15:09.121092
Rapid_Override,100,2025-07-29 13:15:09.121092
Rapid_Speed,0,2025-07-29 13:15:09.121092
S_Axis_Load,0,2025-07-29 13:15:09.121092
Spindle_Override,100,2025-07-29 13:15:09.121092
Spindle_Speed,9792,2025-07-29 13:15:09.121092
X_Axis_Load,0,2025-07-29 13:15:09.121092
X_Position,415.3302421216,2025-07-29 13:15:09.121092
Y_Axis_Load,7,2025-07-29 13:15:09.121092
Y_Position,227.908898141928,2025-07-29 13:15:09.121092
Z_Axis_Load,33,2025-07-29 13:15:09.121092
Z_Position,-344.448369961382,2025-07-29 13:15:09.121092
COR_Status,1,2025-07-29 13:15:09.121092
Controller_Mode,AUTO,2025-07-29 13:15:09.121092
EStop_State,ARMED,2025-07-29 13:15:09.121092
Machine_Mode,5,2025-07-29 13:15:09.121092
Block_Number,158,2025-07-29 13:15:09.121092
Current_Tool,6,2025-07-29 13:15:09.121092
Part_Count,19,2025-07-29 13:15:09.121092
Program_Name_Running,000473_A_A_PROGRAM_2.NC,2025-07-29 13:15:09.121092
spindle motor v_rms,0.7,2025-07-29 13:15:09.121092
spindle motor a_peak,13300,2025-07-29 13:15:09.121092
spindle motor a_rms,2800,2025-07-29 13:15:09.121092
spindle motor temp,35.9,2025-07-29 13:15:09.121092
spindle motor crest,4.8,2025-07-29 13:15:09.121092
z-axis bearing v_rms,0.3,2025-07-29 13:15:09.121092
z-axis bearing a_peak,12700,2025-07-29 13:15:09.121092
z-axis bearing a_rms,3200,2025-07-29 13:15:09.121092
z-axis bearing temp,24.2,2025-07-29 13:15:09.121092
z-axis bearing crest,4.0,2025-07-29 13:15:09.121092
z-axis motor v_rms,1.4,2025-07-29 13:15:09.121092
z-axis motor a_peak,5900,2025-07-29 13:15:09.121092
z-axis motor a_rms,1800,2025-07-29 13:15:09.121092
z-axis motor temp,29.6,2025-07-29 13:15:09.121092
z-axis motor crest,3.4,2025-07-29 13:15:09.121092
y-axis bearing v_rms,0.7,2025-07-29 13:15:09.121092
y-axis bearing a_peak,6100,2025-07-29 13:15:09.121092
y-axis bearing a_rms,2200,2025-07-29 13:15:09.121092
y-axis bearing temp,22.8,2025-07-29 13:15:09.121092
y-axis bearing crest,2.7,2025-07-29 13:15:09.121092
y-axis motor v_rms,1.2,2025-07-29 13:15:09.121092
y-axis motor a_peak,12600,2025-07-29 13:15:09.121092
y-axis motor a_rms,3500,2025-07-29 13:15:09.121092
y-axis motor temp,25.3,2025-07-29 13:15:09.121092
y-axis motor crest,3.6,2025-07-29 13:15:09.121092
x-axis motor v_rms,0.9,2025-07-29 13:15:09.121092
x-axis motor a_peak,500,2025-07-29 13:15:09.121092
x-axis motor a_rms,200,2025-07-29 13:15:09.121092
x-axis motor temp,23.0,2025-07-29 13:15:09.121092
x-axis motor crest,3.3,2025-07-29 13:15:09.121092
voltage,132.63333333333335,2025-07-29 13:15:09.121092
current,11.56,2025-07-29 13:15:09.121092
active power,1315.3333333333333,2025-07-29 13:15:09.121092
forward kWh,41.89633333333334,2025-07-29 13:15:09.121092
reverse kWh,1.2693333333333332,2025-07-29 13:15:09.121092
frequency,59.99,2025-07-29 13:15:09.121092
power factor,0.9533333333333333,2025-07-29 13:15:09.121092
featureId,UNAVAILABLE,2025-07-29 13:15:10.121301
partKindId,7606F116-3463-4EEF-96CC-1AC408FAA001,2025-07-29 13:15:10.121301
processKindId,1BFABEA4-68A9-484B-AE13-2E0BF9278D50,2025-07-29 13:15:10.121301
A_Axis_Load,7,2025-07-29 13:15:10.121301
A_Position,0.000668021023909704,2025-07-29 13:15:10.121301
C_Axis_Load,3,2025-07-29 13:15:10.121301
C_Position,30.0005,2025-07-29 13:15:10.121301
Machine_Time,2711540.494,2025-07-29 13:15:10.121301
Spindle_Time,739504.062,2025-07-29 13:15:10.121301
Feed_Override,100,2025-07-29 13:15:10.121301
Feed_Rate,71.25,2025-07-29 13:15:10.121301
Program_Runtime_Seconds,40,2025-07-29 13:15:10.121301
Rapid_Override,100,2025-07-29 13:15:10.121301
Rapid_Speed,0,2025-07-29 13:15:10.121301
S_Axis_Load,1,2025-07-29 13:15:10.121301
Spindle_Override,100,2025-07-29 13:15:10.121301
Spindle_Speed,9792,2025-07-29 13:15:10.121301
X_Axis_Load,0,2025-07-29 13:15:10.121301
X_Position,345.480411103043,2025-07-29 13:15:10.121301
Y_Axis_Load,9,2025-07-29 13:15:10.121301
Y_Position,241.548338597714,2025-07-29 13:15:10.121301
Z_Axis_Load,32,2025-07-29 13:15:10.121301
Z_Position,-344.448335633103,2025-07-29 13:15:10.121301
COR_Status,1,2025-07-29 13:15:10.121301
Controller_Mode,AUTO,2025-07-29 13:15:10.121301
EStop_State,ARMED,2025-07-29 13:15:10.121301
Machine_Mode,5,2025-07-29 13:15:10.121301
Block_Number,160,2025-07-29 13:15:10.121301
Current_Tool,6,2025-07-29 13:15:10.121301
Part_Count,19,2025-07-29 13:15:10.121301
Program_Name_Running,000473_A_A_PROGRAM_2.NC,2025-07-29 13:15:10.121301
spindle motor v_rms,1.1,2025-07-29 13:15:10.121301
spindle motor a_peak,12000,2025-07-29 13:15:10.121301
spindle motor a_rms,3800,2025-07-29 13:15:10.121301
spindle motor temp,35.9,2025-07-29 13:15:10.121301
spindle motor crest,3.1,2025-07-29 13:15:10.121301
z-axis bearing v_rms,0.4,2025-07-29 13:15:10.121301
z-axis bearing a_peak,11200,2025-07-29 13:15:10.121301
z-axis bearing a_rms,3600,2025-07-29 13:15:10.121301
z-axis bearing temp,24.2,2025-07-29 13:15:10.121301
z-axis bearing crest,3.1,2025-07-29 13:15:10.121301
z-axis motor v_rms,1.2,2025-07-29 13:15:10.121301
z-axis motor a_peak,4800,2025-07-29 13:15:10.121301
z-axis motor a_rms,1700,2025-07-29 13:15:10.121301
z-axis motor temp,29.6,2025-07-29 13:15:10.121301
z-axis motor crest,2.8,2025-07-29 13:15:10.121301
y-axis bearing v_rms,1.1,2025-07-29 13:15:10.121301
y-axis bearing a_peak,8300,2025-07-29 13:15:10.121301
y-axis bearing a_rms,3900,2025-07-29 13:15:10.121301
y-axis bearing temp,22.8,2025-07-29 13:15:10.121301
y-axis bearing crest,2.1,2025-07-29 13:15:10.121301
y-axis motor v_rms,1.9,2025-07-29 13:15:10.121301
y-axis motor a_peak,14600,2025-07-29 13:15:10.121301
y-axis motor a_rms,6000,2025-07-29 13:15:10.121301
y-axis motor temp,25.3,2025-07-29 13:15:10.121301
y-axis motor crest,2.4,2025-07-29 13:15:10.121301
x-axis motor v_rms,0.1,2025-07-29 13:15:10.121301
x-axis motor a_peak,500,2025-07-29 13:15:10.121301
x-axis motor a_rms,100,2025-07-29 13:15:10.121301
x-axis motor temp,23.0,2025-07-29 13:15:10.121301
x-axis motor crest,3.9,2025-07-29 13:15:10.121301
voltage,132.63333333333335,2025-07-29 13:15:10.121301
current,10.923333333333332,2025-07-29 13:15:10.121301
active power,1246.0,2025-07-29 13:15:10.121301
forward kWh,41.89666666666667,2025-07-29 13:15:10.121301
reverse kWh,1.2693333333333332,2025-07-29 13:15:10.121301
frequency,59.99,2025-07-29 13:15:10.121301
power factor,0.93,2025-07-29 13:15:10.121301
featureId,UNAVAILABLE,2025-07-29 13:15:11.421918
partKindId,7606F116-3463-4EEF-96CC-1AC408FAA001,2025-07-29 13:15:11.421918
processKindId,1BFABEA4-68A9-484B-AE13-2E0BF9278D50,2025-07-29 13:15:11.421918
A_Axis_Load,7,2025-07-29 13:15:11.421918
A_Position,0.000668021023909704,2025-07-29 13:15:11.421918
C_Axis_Load,3,2025-07-29 13:15:11.421918
C_Position,30.0005,2025-07-29 13:15:11.421918
Machine_Time,2711540.494,2025-07-29 13:15:11.421918
Spindle_Time,739504.062,2025-07-29 13:15:11.421918
Feed_Override,100,2025-07-29 13:15:11.421918
Feed_Rate,57.15,2025-07-29 13:15:11.421918
Program_Runtime_Seconds,40,2025-07-29 13:15:11.421918
Rapid_Override,100,2025-07-29 13:15:11.421918
Rapid_Speed,0,2025-07-29 13:15:11.421918
S_Axis_Load,2,2025-07-29 13:15:11.421918
Spindle_Override,100,2025-07-29 13:15:11.421918
Spindle_Speed,9792,2025-07-29 13:15:11.421918
X_Axis_Load,17,2025-07-29 13:15:11.421918
X_Position,345.776664615854,2025-07-29 13:15:11.421918
Y_Axis_Load,19,2025-07-29 13:15:11.421918
Y_Position,286.206166443936,2025-07-29 13:15:11.421918
Z_Axis_Load,32,2025-07-29 13:15:11.421918
Z_Position,-344.448347075863,2025-07-29 13:15:11.421918
COR_Status,1,2025-07-29 13:15:11.421918
Controller_Mode,AUTO,2025-07-29 13:15:11.421918
EStop_State,ARMED,2025-07-29 13:15:11.421918
Machine_Mode,5,2025-07-29 13:15:11.421918
Block_Number,161,2025-07-29 13:15:11.421918
Current_Tool,6,2025-07-29 13:15:11.421918
Part_Count,19,2025-07-29 13:15:11.421918
Program_Name_Running,000473_A_A_PROGRAM_2.NC,2025-07-29 13:15:11.421918
spindle motor v_rms,0.8,2025-07-29 13:15:11.421918
spindle motor a_peak,23100,2025-07-29 13:15:11.421918
spindle motor a_rms,5100,2025-07-29 13:15:11.421918
spindle motor temp,35.9,2025-07-29 13:15:11.421918
spindle motor crest,4.5,2025-07-29 13:15:11.421918
z-axis bearing v_rms,0.4,2025-07-29 13:15:11.421918
z-axis bearing a_peak,15900,2025-07-29 13:15:11.421918
z-axis bearing a_rms,3800,2025-07-29 13:15:11.421918
z-axis bearing temp,24.2,2025-07-29 13:15:11.421918
z-axis bearing crest,4.1,2025-07-29 13:15:11.421918
z-axis motor v_rms,1.4,2025-07-29 13:15:11.421918
z-axis motor a_peak,7400,2025-07-29 13:15:11.421918
z-axis motor a_rms,2100,2025-07-29 13:15:11.421918
z-axis motor temp,29.6,2025-07-29 13:15:11.421918
z-axis motor crest,3.5,2025-07-29 13:15:11.421918
y-axis bearing v_rms,0.5,2025-07-29 13:15:11.421918
y-axis bearing a_peak,6600,2025-07-29 13:15:11.421918
y-axis bearing a_rms,1900,2025-07-29 13:15:11.421918
y-axis bearing temp,22.8,2025-07-29 13:15:11.421918
y-axis bearing crest,3.4,2025-07-29 13:15:11.421918
y-axis motor v_rms,1.1,2025-07-29 13:15:11.421918
y-axis motor a_peak,8800,2025-07-29 13:15:11.421918
y-axis motor a_rms,3200,2025-07-29 13:15:11.421918
y-axis motor temp,25.3,2025-07-29 13:15:11.421918
y-axis motor crest,2.7,2025-07-29 13:15:11.421918
x-axis motor v_rms,0.5,2025-07-29 13:15:11.421918
x-axis motor a_peak,500,2025-07-29 13:15:11.421918
x-axis motor a_rms,200,2025-07-29 13:15:11.421918
x-axis motor temp,23.0,2025-07-29 13:15:11.421918
x-axis motor crest,3.2,2025-07-29 13:15:11.421918
voltage,132.63333333333335,2025-07-29 13:15:11.421918
current,11.426666666666668,2025-07-29 13:15:11.421918
active power,1304.3333333333333,2025-07-29 13:15:11.421918
forward kWh,41.897,2025-07-29 13:15:11.421918
reverse kWh,1.2693333333333332,2025-07-29 13:15:11.421918
frequency,59.99,2025-07-29 13:15:11.421918
power factor,0.9366666666666666,2025-07-29 13:15:11.421918
featureId,UNAVAILABLE,2025-07-29 13:15:12.422111
partKindId,7606F116-3463-4EEF-96CC-1AC408FAA001,2025-07-29 13:15:12.422111
processKindId,1BFABEA4-68A9-484B-AE13-2E0BF9278D50,2025-07-29 13:15:12.422111
A_Axis_Load,7,2025-07-29 13:15:12.422111
A_Position,0.000668021023909704,2025-07-29 13:15:12.422111
C_Axis_Load,3,2025-07-29 13:15:12.422111
C_Position,30.0005,2025-07-29 13:15:12.422111
Machine_Time,2711540.494,2025-07-29 13:15:12.422111
Spindle_Time,739504.062,2025-07-29 13:15:12.422111
Feed_Override,100,2025-07-29 13:15:12.422111
Feed_Rate,71.23333,2025-07-29 13:15:12.422111
Program_Runtime_Seconds,41,2025-07-29 13:15:12.422111
Rapid_Override,100,2025-07-29 13:15:12.422111
Rapid_Speed,0,2025-07-29 13:15:12.422111
S_Axis_Load,0,2025-07-29 13:15:12.422111
Spindle_Override,100,2025-07-29 13:15:12.422111
Spindle_Speed,9792,2025-07-29 13:15:12.422111
X_Axis_Load,10,2025-07-29 13:15:12.422111
X_Position,402.43035769837,2025-07-29 13:15:12.422111
Y_Axis_Load,8,2025-07-29 13:15:12.422111
Y_Position,279.868690122747,2025-07-29 13:15:12.422111
Z_Axis_Load,32,2025-07-29 13:15:12.422111
Z_Position,-344.448278419306,2025-07-29 13:15:12.422111
COR_Status,1,2025-07-29 13:15:12.422111
Controller_Mode,AUTO,2025-07-29 13:15:12.422111
EStop_State,ARMED,2025-07-29 13:15:12.422111
Machine_Mode,5,2025-07-29 13:15:12.422111
Block_Number,163,2025-07-29 13:15:12.422111
Current_Tool,6,2025-07-29 13:15:12.422111
Part_Count,19,2025-07-29 13:15:12.422111
Program_Name_Running,000473_A_A_PROGRAM_2.NC,2025-07-29 13:15:12.422111
spindle motor v_rms,0.8,2025-07-29 13:15:12.422111
spindle motor a_peak,18100,2025-07-29 13:15:12.422111
spindle motor a_rms,4300,2025-07-29 13:15:12.422111
spindle motor temp,35.9,2025-07-29 13:15:12.422111
spindle motor crest,4.2,2025-07-29 13:15:12.422111
z-axis bearing v_rms,0.4,2025-07-29 13:15:12.422111
z-axis bearing a_peak,12400,2025-07-29 13:15:12.422111
z-axis bearing a_rms,3400,2025-07-29 13:15:12.422111
z-axis bearing temp,24.2,2025-07-29 13:15:12.422111
z-axis bearing crest,3.7,2025-07-29 13:15:12.422111
z-axis motor v_rms,1.4,2025-07-29 13:15:12.422111
z-axis motor a_peak,6300,2025-07-29 13:15:12.422111
z-axis motor a_rms,1800,2025-07-29 13:15:12.422111
z-axis motor temp,29.6,2025-07-29 13:15:12.422111
z-axis motor crest,3.6,2025-07-29 13:15:12.422111
y-axis bearing v_rms,0.9,2025-07-29 13:15:12.422111
y-axis bearing a_peak,7600,2025-07-29 13:15:12.422111
y-axis bearing a_rms,2900,2025-07-29 13:15:12.422111
y-axis bearing temp,22.8,2025-07-29 13:15:12.422111
y-axis bearing crest,2.6,2025-07-29 13:15:12.422111
y-axis motor v_rms,1.4,2025-07-29 13:15:12.422111
y-axis motor a_peak,12600,2025-07-29 13:15:12.422111
y-axis motor a_rms,4300,2025-07-29 13:15:12.422111
y-axis motor temp,25.3,2025-07-29 13:15:12.422111
y-axis motor crest,2.9,2025-07-29 13:15:12.422111
x-axis motor v_rms,0.6,2025-07-29 13:15:12.422111
x-axis motor a_peak,600,2025-07-29 13:15:12.422111
x-axis motor a_rms,200,2025-07-29 13:15:12.422111
x-axis motor temp,23.0,2025-07-29 13:15:12.422111
x-axis motor crest,3.8,2025-07-29 13:15:12.422111
voltage,132.66666666666666,2025-07-29 13:15:12.422111
current,10.953333333333333,2025-07-29 13:15:12.422111
active power,1253.0,2025-07-29 13:15:12.422111
forward kWh,41.897,2025-07-29 13:15:12.422111
reverse kWh,1.2693333333333332,2025-07-29 13:15:12.422111
frequency,59.99,2025-07-29 13:15:12.422111
power factor,0.82,2025-07-29 13:15:12.422111
featureId,UNAVAILABLE,2025-07-29 13:15:13.422419
partKindId,7606F116-3463-4EEF-96CC-1AC408FAA001,2025-07-29 13:15:13.422419
processKindId,1BFABEA4-68A9-484B-AE13-2E0BF9278D50,2025-07-29 13:15:13.422419
A_Axis_Load,7,2025-07-29 13:15:13.422419
A_Position,0.000668021023909704,2025-07-29 13:15:13.422419
C_Axis_Load,3,2025-07-29 13:15:13.422419
C_Position,30.0005,2025-07-29 13:15:13.422419
Machine_Time,2711540.494,2025-07-29 13:15:13.422419
Spindle_Time,739504.062,2025-07-29 13:15:13.422419
Feed_Override,100,2025-07-29 13:15:13.422419
Feed_Rate,71.25,2025-07-29 13:15:13.422419
Program_Runtime_Seconds,42,2025-07-29 13:15:13.422419
Rapid_Override,100,2025-07-29 13:15:13.422419
Rapid_Speed,0,2025-07-29 13:15:13.422419
S_Axis_Load,0,2025-07-29 13:15:13.422419
Spindle_Override,100,2025-07-29 13:15:13.422419
Spindle_Speed,9792,2025-07-29 13:15:13.422419
X_Axis_Load,9,2025-07-29 13:15:13.422419
X_Position,408.257309679225,2025-07-29 13:15:13.422419
Y_Axis_Load,4,2025-07-29 13:15:13.422419
Y_Position,225.268413858597,2025-07-29 13:15:13.422419
Z_Axis_Load,33,2025-07-29 13:15:13.422419
Z_Position,-344.448347075863,2025-07-29 13:15:13.422419
COR_Status,1,2025-07-29 13:15:13.422419
Controller_Mode,AUTO,2025-07-29 13:15:13.422419
EStop_State,ARMED,2025-07-29 13:15:13.422419
Machine_Mode,5,2025-07-29 13:15:13.422419
Block_Number,165,2025-07-29 13:15:13.422419
Current_Tool,6,2025-07-29 13:15:13.422419
Part_Count,19,2025-07-29 13:15:13.422419
Program_Name_Running,000473_A_A_PROGRAM_2.NC,2025-07-29 13:15:13.422419
spindle motor v_rms,1.1,2025-07-29 13:15:13.422419
spindle motor a_peak,19600,2025-07-29 13:15:13.422419
spindle motor a_rms,5200,2025-07-29 13:15:13.422419
spindle motor temp,35.9,2025-07-29 13:15:13.422419
spindle motor crest,3.8,2025-07-29 13:15:13.422419
z-axis bearing v_rms,0.3,2025-07-29 13:15:13.422419
z-axis bearing a_peak,13100,2025-07-29 13:15:13.422419
z-axis bearing a_rms,4200,2025-07-29 13:15:13.422419
z-axis bearing temp,24.2,2025-07-29 13:15:13.422419
z-axis bearing crest,3.1,2025-07-29 13:15:13.422419
z-axis motor v_rms,1.4,2025-07-29 13:15:13.422419
z-axis motor a_peak,6200,2025-07-29 13:15:13.422419
z-axis motor a_rms,2000,2025-07-29 13:15:13.422419
z-axis motor temp,29.6,2025-07-29 13:15:13.422419
z-axis motor crest,3.1,2025-07-29 13:15:13.422419
y-axis bearing v_rms,0.6,2025-07-29 13:15:13.422419
y-axis bearing a_peak,5700,2025-07-29 13:15:13.422419
y-axis bearing a_rms,2300,2025-07-29 13:15:13.422419
y-axis bearing temp,22.8,2025-07-29 13:15:13.422419
y-axis bearing crest,2.5,2025-07-29 13:15:13.422419
y-axis motor v_rms,1.4,2025-07-29 13:15:13.422419
y-axis motor a_peak,10900,2025-07-29 13:15:13.422419
y-axis motor a_rms,4300,2025-07-29 13:15:13.422419
y-axis motor temp,25.3,2025-07-29 13:15:13.422419
y-axis motor crest,2.6,2025-07-29 13:15:13.422419
x-axis motor v_rms,0.7,2025-07-29 13:15:13.422419
x-axis motor a_peak,600,2025-07-29 13:15:13.422419
x-axis motor a_rms,200,2025-07-29 13:15:13.422419
x-axis motor temp,23.0,2025-07-29 13:15:13.422419
x-axis motor crest,3.1,2025-07-29 13:15:13.422419
voltage,132.6,2025-07-29 13:15:13.422419
current,11.446666666666667,2025-07-29 13:15:13.422419
active power,1302.6666666666667,2025-07-29 13:15:13.422419
forward kWh,41.898,2025-07-29 13:15:13.422419
reverse kWh,1.2693333333333332,2025-07-29 13:15:13.422419
frequency,59.99,2025-07-29 13:15:13.422419
power factor,0.7866666666666667,2025-07-29 13:15:13.422419
featureId,UNAVAILABLE,2025-07-29 13:15:14.422634
partKindId,7606F116-3463-4EEF-96CC-1AC408FAA001,2025-07-29 13:15:14.422634
processKindId,1BFABEA4-68A9-484B-AE13-2E0BF9278D50,2025-07-29 13:15:14.422634
A_Axis_Load,7,2025-07-29 13:15:14.422634
A_Position,0.000668021023909704,2025-07-29 13:15:14.422634
C_Axis_Load,3,2025-07-29 13:15:14.422634
C_Position,30.0005,2025-07-29 13:15:14.422634
Machine_Time,2711540.494,2025-07-29 13:15:14.422634
Spindle_Time,739504.062,2025-07-29 13:15:14.422634
Feed_Override,100,2025-07-29 13:15:14.422634
Feed_Rate,71.25,2025-07-29 13:15:14.422634
Program_Runtime_Seconds,44,2025-07-29 13:15:14.422634
Rapid_Override,100,2025-07-29 13:15:14.422634
Rapid_Speed,0,2025-07-29 13:15:14.422634
S_Axis_Load,1,2025-07-29 13:15:14.422634
Spindle_Override,100,2025-07-29 13:15:14.422634
Spindle_Speed,9792,2025-07-29 13:15:14.422634
X_Axis_Load,0,2025-07-29 13:15:14.422634
X_Position,351.830401588627,2025-07-29 13:15:14.422634
Y_Axis_Load,9,2025-07-29 13:15:14.422634
Y_Position,270.212029158618,2025-07-29 13:15:14.422634
Z_Axis_Load,32,2025-07-29 13:15:14.422634
Z_Position,-344.448324190344,2025-07-29 13:15:14.422634
COR_Status,1,2025-07-29 13:15:14.422634
Controller_Mode,AUTO,2025-07-29 13:15:14.422634
EStop_State,ARMED,2025-07-29 13:15:14.422634
Machine_Mode,5,2025-07-29 13:15:14.422634
Block_Number,166,2025-07-29 13:15:14.422634
Current_Tool,6,2025-07-29 13:15:14.422634
Part_Count,19,2025-07-29 13:15:14.422634
Program_Name_Running,000473_A_A_PROGRAM_2.NC,2025-07-29 13:15:14.422634
spindle motor v_rms,0.9,2025-07-29 13:15:14.422634
spindle motor a_peak,19300,2025-07-29 13:15:14.422634
spindle motor a_rms,4100,2025-07-29 13:15:14.422634
spindle motor temp,35.9,2025-07-29 13:15:14.422634
spindle motor crest,4.7,2025-07-29 13:15:14.422634
z-axis bearing v_rms,0.4,2025-07-29 13:15:14.422634
z-axis bearing a_peak,11100,2025-07-29 13:15:14.422634
z-axis bearing a_rms,3400,2025-07-29 13:15:14.422634
z-axis bearing temp,24.2,2025-07-29 13:15:14.422634
z-axis bearing crest,3.3,2025-07-29 13:15:14.422634
z-axis motor v_rms,1.4,2025-07-29 13:15:14.422634
z-axis motor a_peak,5700,2025-07-29 13:15:14.422634
z-axis motor a_rms,1800,2025-07-29 13:15:14.422634
z-axis motor temp,29.6,2025-07-29 13:15:14.422634
z-axis motor crest,3.2,2025-07-29 13:15:14.422634
y-axis bearing v_rms,0.8,2025-07-29 13:15:14.422634
y-axis bearing a_peak,8700,2025-07-29 13:15:14.422634
y-axis bearing a_rms,2700,2025-07-29 13:15:14.422634
y-axis bearing temp,22.8,2025-07-29 13:15:14.422634
y-axis bearing crest,3.2,2025-07-29 13:15:14.422634
y-axis motor v_rms,1.3,2025-07-29 13:15:14.422634
y-axis motor a_peak,14200,2025-07-29 13:15:14.422634
y-axis motor a_rms,3900,2025-07-29 13:15:14.422634
y-axis motor temp,25.3,2025-07-29 13:15:14.422634
y-axis motor crest,3.7,2025-07-29 13:15:14.422634
x-axis motor v_rms,0.9,2025-07-29 13:15:14.422634
x-axis motor a_peak,600,2025-07-29 13:15:14.422634
x-axis motor a_rms,200,2025-07-29 13:15:14.422634
x-axis motor temp,23.0,2025-07-29 13:15:14.422634
x-axis motor crest,3.4,2025-07-29 13:15:14.422634
voltage,132.53333333333333,2025-07-29 13:15:14.422634
current,12.49,2025-07-29 13:15:14.422634
active power,1424.6666666666667,2025-07-29 13:15:14.422634
forward kWh,41.89966666666667,2025-07-29 13:15:14.422634
reverse kWh,1.2693333333333332,2025-07-29 13:15:14.422634
frequency,59.99,2025-07-29 13:15:14.422634
power factor,0.8266666666666667,2025-07-29 13:15:14.422634
featureId,UNAVAILABLE,2025-07-29 13:15:19.143922
partKindId,7606F116-3463-4EEF-96CC-1AC408FAA001,2025-07-29 13:15:19.143922
processKindId,1BFABEA4-68A9-484B-AE13-2E0BF9278D50,2025-07-29 13:15:19.143922
A_Axis_Load,7,2025-07-29 13:15:19.143922
A_Position,0.000668021023909704,2025-07-29 13:15:19.143922
C_Axis_Load,3,2025-07-29 13:15:19.143922
C_Position,30.0015,2025-07-29 13:15:19.143922
Machine_Time,2711540.494,2025-07-29 13:15:19.143922
Spindle_Time,739504.062,2025-07-29 13:15:19.143922
Feed_Override,100,2025-07-29 13:15:19.143922
Feed_Rate,71.23333,2025-07-29 13:15:19.143922
Program_Runtime_Seconds,48,2025-07-29 13:15:19.143922
Rapid_Override,100,2025-07-29 13:15:19.143922
Rapid_Speed,0,2025-07-29 13:15:19.143922
S_Axis_Load,0,2025-07-29 13:15:19.143922
Spindle_Override,100,2025-07-29 13:15:19.143922
Spindle_Speed,9792,2025-07-29 13:15:19.143922
X_Axis_Load,1,2025-07-29 13:15:19.143922
X_Position,396.279966308328,2025-07-29 13:15:19.143922
Y_Axis_Load,8,2025-07-29 13:15:19.143922
Y_Position,242.108389432377,2025-07-29 13:15:19.143922
Z_Axis_Load,31,2025-07-29 13:15:19.143922
Z_Position,-344.448266976546,2025-07-29 13:15:19.143922
COR_Status,1,2025-07-29 13:15:19.143922
Controller_Mode,AUTO,2025-07-29 13:15:19.143922
EStop_State,ARMED,2025-07-29 13:15:19.143922
Machine_Mode,5,2025-07-29 13:15:19.143922
Block_Number,176,2025-07-29 13:15:19.143922
Current_Tool,6,2025-07-29 13:15:19.143922
Part_Count,19,2025-07-29 13:15:19.143922
Program_Name_Running,000473_A_A_PROGRAM_2.NC,2025-07-29 13:15:19.143922
spindle motor v_rms,0.8,2025-07-29 13:15:19.143922
spindle motor a_peak,16100,2025-07-29 13:15:19.143922
spindle motor a_rms,3100,2025-07-29 13:15:19.143922
spindle motor temp,35.9,2025-07-29 13:15:19.143922
spindle motor crest,5.2,2025-07-29 13:15:19.143922
z-axis bearing v_rms,0.4,2025-07-29 13:15:19.143922
z-axis bearing a_peak,12400,2025-07-29 13:15:19.143922
z-axis bearing a_rms,3300,2025-07-29 13:15:19.143922
z-axis bearing temp,24.2,2025-07-29 13:15:19.143922
z-axis bearing crest,3.8,2025-07-29 13:15:19.143922
z-axis motor v_rms,1.3,2025-07-29 13:15:19.143922
z-axis motor a_peak,6900,2025-07-29 13:15:19.143922
z-axis motor a_rms,1800,2025-07-29 13:15:19.143922
z-axis motor temp,29.6,2025-07-29 13:15:19.143922
z-axis motor crest,3.9,2025-07-29 13:15:19.143922
y-axis bearing v_rms,0.8,2025-07-29 13:15:19.143922
y-axis bearing a_peak,6100,2025-07-29 13:15:19.143922
y-axis bearing a_rms,2600,2025-07-29 13:15:19.143922
y-axis bearing temp,22.8,2025-07-29 13:15:19.143922
y-axis bearing crest,2.4,2025-07-29 13:15:19.143922
y-axis motor v_rms,1.4,2025-07-29 13:15:19.143922
y-axis motor a_peak,13400,2025-07-29 13:15:19.143922
y-axis motor a_rms,4300,2025-07-29 13:15:19.143922
y-axis motor temp,25.3,2025-07-29 13:15:19.143922
y-axis motor crest,3.2,2025-07-29 13:15:19.143922
x-axis motor v_rms,0.9,2025-07-29 13:15:19.143922
x-axis motor a_peak,600,2025-07-29 13:15:19.143922
x-axis motor a_rms,200,2025-07-29 13:15:19.143922
x-axis motor temp,23.0,2025-07-29 13:15:19.143922
x-axis motor crest,3.6,2025-07-29 13:15:19.143922
voltage,132.53333333333333,2025-07-29 13:15:19.143922
current,12.49,2025-07-29 13:15:19.143922
active power,1424.6666666666667,2025-07-29 13:15:19.143922
forward kWh,41.89966666666667,2025-07-29 13:15:19.143922
reverse kWh,1.2693333333333332,2025-07-29 13:15:19.143922
frequency,59.99,2025-07-29 13:15:19.143922
power factor,0.8266666666666667,2025-07-29 13:15:19.143922
featureId,UNAVAILABLE,2025-07-29 13:15:20.144108
partKindId,7606F116-3463-4EEF-96CC-1AC408FAA001,2025-07-29 13:15:20.144108
processKindId,1BFABEA4-68A9-484B-AE13-2E0BF9278D50,2025-07-29 13:15:20.144108
A_Axis_Load,7,2025-07-29 13:15:20.144108
A_Position,0.000668021023909704,2025-07-29 13:15:20.144108
C_Axis_Load,3,2025-07-29 13:15:20.144108
C_Position,30.0005,2025-07-29 13:15:20.144108
Machine_Time,2711540.494,2025-07-29 13:15:20.144108
Spindle_Time,739504.062,2025-07-29 13:15:20.144108
Feed_Override,100,2025-07-29 13:15:20.144108
Feed_Rate,71.25,2025-07-29 13:15:20.144108
Program_Runtime_Seconds,49,2025-07-29 13:15:20.144108
Rapid_Override,100,2025-07-29 13:15:20.144108
Rapid_Speed,0,2025-07-29 13:15:20.144108
S_Axis_Load,0,2025-07-29 13:15:20.144108
Spindle_Override,100,2025-07-29 13:15:20.144108
Spindle_Speed,9792,2025-07-29 13:15:20.144108
X_Axis_Load,0,2025-07-29 13:15:20.144108
X_Position,364.530412968963,2025-07-29 13:15:20.144108
Y_Axis_Load,9,2025-07-29 13:15:20.144108
Y_Position,259.47159847419,2025-07-29 13:15:20.144108
Z_Axis_Load,33,2025-07-29 13:15:20.144108
Z_Position,-344.448358518622,2025-07-29 13:15:20.144108
COR_Status,1,2025-07-29 13:15:20.144108
Controller_Mode,AUTO,2025-07-29 13:15:20.144108
EStop_State,ARMED,2025-07-29 13:15:20.144108
Machine_Mode,5,2025-07-29 13:15:20.144108
Block_Number,178,2025-07-29 13:15:20.144108
Current_Tool,6,2025-07-29 13:15:20.144108
Part_Count,19,2025-07-29 13:15:20.144108
Program_Name_Running,000473_A_A_PROGRAM_2.NC,2025-07-29 13:15:20.144108
spindle motor v_rms,1.0,2025-07-29 13:15:20.144108
spindle motor a_peak,15500,2025-07-29 13:15:20.144108
spindle motor a_rms,3600,2025-07-29 13:15:20.144108
spindle motor temp,35.9,2025-07-29 13:15:20.144108
spindle motor crest,4.3,2025-07-29 13:15:20.144108
z-axis bearing v_rms,0.4,2025-07-29 13:15:20.144108
z-axis bearing a_peak,11400,2025-07-29 13:15:20.144108
z-axis bearing a_rms,3200,2025-07-29 13:15:20.144108
z-axis bearing temp,24.2,2025-07-29 13:15:20.144108
z-axis bearing crest,3.6,2025-07-29 13:15:20.144108
z-axis motor v_rms,1.3,2025-07-29 13:15:20.144108
z-axis motor a_peak,5200,2025-07-29 13:15:20.144108
z-axis motor a_rms,1700,2025-07-29 13:15:20.144108
z-axis motor temp,29.6,2025-07-29 13:15:20.144108
z-axis motor crest,3.0,2025-07-29 13:15:20.144108
y-axis bearing v_rms,0.8,2025-07-29 13:15:20.144108
y-axis bearing a_peak,8000,2025-07-29 13:15:20.144108
y-axis bearing a_rms,2800,2025-07-29 13:15:20.144108
y-axis bearing temp,22.8,2025-07-29 13:15:20.144108
y-axis bearing crest,2.9,2025-07-29 13:15:20.144108
y-axis motor v_rms,1.3,2025-07-29 13:15:20.144108
y-axis motor a_peak,13900,2025-07-29 13:15:20.144108
y-axis motor a_rms,3900,2025-07-29 13:15:20.144108
y-axis motor temp,25.3,2025-07-29 13:15:20.144108
y-axis motor crest,3.6,2025-07-29 13:15:20.144108
x-axis motor v_rms,1.0,2025-07-29 13:15:20.144108
x-axis motor a_peak,700,2025-07-29 13:15:20.144108
x-axis motor a_rms,200,2025-07-29 13:15:20.144108
x-axis motor temp,23.0,2025-07-29 13:15:20.144108
x-axis motor crest,4.1,2025-07-29 13:15:20.144108
voltage,132.6,2025-07-29 13:15:20.144108
current,11.603333333333333,2025-07-29 13:15:20.144108
active power,1319.0,2025-07-29 13:15:20.144108
forward kWh,41.9,2025-07-29 13:15:20.144108
reverse kWh,1.2693333333333332,2025-07-29 13:15:20.144108
frequency,59.99,2025-07-29 13:15:20.144108
power factor,0.8300000000000001,2025-07-29 13:15:20.144108
featureId,UNAVAILABLE,2025-07-29 13:15:21.144260
partKindId,7606F116-3463-4EEF-96CC-1AC408FAA001,2025-07-29 13:15:21.144260
processKindId,1BFABEA4-68A9-484B-AE13-2E0BF9278D50,2025-07-29 13:15:21.144260
A_Axis_Load,7,2025-07-29 13:15:21.144260
A_Position,0.000668021023909704,2025-07-29 13:15:21.144260
C_Axis_Load,3,2025-07-29 13:15:21.144260
C_Position,30,2025-07-29 13:15:21.144260
Machine_Time,2711540.494,2025-07-29 13:15:21.144260
Spindle_Time,739504.062,2025-07-29 13:15:21.144260
Feed_Override,100,2025-07-29 13:15:21.144260
Feed_Rate,51.36667,2025-07-29 13:15:21.144260
Program_Runtime_Seconds,50,2025-07-29 13:15:21.144260
Rapid_Override,100,2025-07-29 13:15:21.144260
Rapid_Speed,0,2025-07-29 13:15:21.144260
S_Axis_Load,1,2025-07-29 13:15:21.144260
Spindle_Override,100,2025-07-29 13:15:21.144260
Spindle_Speed,9792,2025-07-29 13:15:21.144260
X_Axis_Load,1,2025-07-29 13:15:21.144260
X_Position,389.504329174657,2025-07-29 13:15:21.144260
Y_Axis_Load,9,2025-07-29 13:15:21.144260
Y_Position,244.320015949956,2025-07-29 13:15:21.144260
Z_Axis_Load,32,2025-07-29 13:15:21.144260
Z_Position,-344.448312747584,2025-07-29 13:15:21.144260
COR_Status,1,2025-07-29 13:15:21.144260
Controller_Mode,AUTO,2025-07-29 13:15:21.144260
EStop_State,ARMED,2025-07-29 13:15:21.144260
Machine_Mode,5,2025-07-29 13:15:21.144260
Block_Number,182,2025-07-29 13:15:21.144260
Current_Tool,6,2025-07-29 13:15:21.144260
Part_Count,19,2025-07-29 13:15:21.144260
Program_Name_Running,000473_A_A_PROGRAM_2.NC,2025-07-29 13:15:21.144260
spindle motor v_rms,1.0,2025-07-29 13:15:21.144260
spindle motor a_peak,20700,2025-07-29 13:15:21.144260
spindle motor a_rms,4100,2025-07-29 13:15:21.144260
spindle motor temp,35.9,2025-07-29 13:15:21.144260
spindle motor crest,5.0,2025-07-29 13:15:21.144260
z-axis bearing v_rms,0.4,2025-07-29 13:15:21.144260
z-axis bearing a_peak,13300,2025-07-29 13:15:21.144260
z-axis bearing a_rms,3700,2025-07-29 13:15:21.144260
z-axis bearing temp,24.2,2025-07-29 13:15:21.144260
z-axis bearing crest,3.6,2025-07-29 13:15:21.144260
z-axis motor v_rms,1.4,2025-07-29 13:15:21.144260
z-axis motor a_peak,6500,2025-07-29 13:15:21.144260
z-axis motor a_rms,1900,2025-07-29 13:15:21.144260
z-axis motor temp,29.6,2025-07-29 13:15:21.144260
z-axis motor crest,3.4,2025-07-29 13:15:21.144260
y-axis bearing v_rms,0.8,2025-07-29 13:15:21.144260
y-axis bearing a_peak,7700,2025-07-29 13:15:21.144260
y-axis bearing a_rms,2500,2025-07-29 13:15:21.144260
y-axis bearing temp,22.8,2025-07-29 13:15:21.144260
y-axis bearing crest,3.1,2025-07-29 13:15:21.144260
y-axis motor v_rms,1.3,2025-07-29 13:15:21.144260
y-axis motor a_peak,11800,2025-07-29 13:15:21.144260
y-axis motor a_rms,3800,2025-07-29 13:15:21.144260
y-axis motor temp,25.3,2025-07-29 13:15:21.144260
y-axis motor crest,3.1,2025-07-29 13:15:21.144260
x-axis motor v_rms,1.0,2025-07-29 13:15:21.144260
x-axis motor a_peak,700,2025-07-29 13:15:21.144260
x-axis motor a_rms,200,2025-07-29 13:15:21.144260
x-axis motor temp,23.0,2025-07-29 13:15:21.144260
x-axis motor crest,3.6,2025-07-29 13:15:21.144260
voltage,132.56666666666666,2025-07-29 13:15:21.144260
current,11.799999999999999,2025-07-29 13:15:21.144260
active power,1343.0,2025-07-29 13:15:21.144260
forward kWh,41.900333333333336,2025-07-29 13:15:21.144260
reverse kWh,1.2693333333333332,2025-07-29 13:15:21.144260
frequency,59.99,2025-07-29 13:15:21.144260
power factor,0.85,2025-07-29 13:15:21.144260
featureId,UNAVAILABLE,2025-07-29 13:15:22.144473
partKindId,7606F116-3463-4EEF-96CC-1AC408FAA001,2025-07-29 13:15:22.144473
processKindId,1BFABEA4-68A9-484B-AE13-2E0BF9278D50,2025-07-29 13:15:22.144473
A_Axis_Load,7,2025-07-29 13:15:22.144473
A_Position,0.000668021023909704,2025-07-29 13:15:22.144473
C_Axis_Load,3,2025-07-29 13:15:22.144473
C_Position,30.0005,2025-07-29 13:15:22.144473
Machine_Time,2711540.494,2025-07-29 13:15:22.144473
Spindle_Time,739504.062,2025-07-29 13:15:22.144473
Feed_Override,100,2025-07-29 13:15:22.144473
Feed_Rate,47.8,2025-07-29 13:15:22.144473
Program_Runtime_Seconds,51,2025-07-29 13:15:22.144473
Rapid_Override,100,2025-07-29 13:15:22.144473
Rapid_Speed,0,2025-07-29 13:15:22.144473
S_Axis_Load,0,2025-07-29 13:15:22.144473
Spindle_Override,100,2025-07-29 13:15:22.144473
Spindle_Speed,9792,2025-07-29 13:15:22.144473
X_Axis_Load,24,2025-07-29 13:15:22.144473
X_Position,382.99790842801,2025-07-29 13:15:22.144473
Y_Axis_Load,6,2025-07-29 13:15:22.144473
Y_Position,254.469709154739,2025-07-29 13:15:22.144473
Z_Axis_Load,33,2025-07-29 13:15:22.144473
Z_Position,-344.448266976546,2025-07-29 13:15:22.144473
COR_Status,1,2025-07-29 13:15:22.144473
Controller_Mode,AUTO,2025-07-29 13:15:22.144473
EStop_State,ARMED,2025-07-29 13:15:22.144473
Machine_Mode,5,2025-07-29 13:15:22.144473
Block_Number,186,2025-07-29 13:15:22.144473
Current_Tool,6,2025-07-29 13:15:22.144473
Part_Count,19,2025-07-29 13:15:22.144473
Program_Name_Running,000473_A_A_PROGRAM_2.NC,2025-07-29 13:15:22.144473
spindle motor v_rms,0.6,2025-07-29 13:15:22.144473
spindle motor a_peak,9200,2025-07-29 13:15:22.144473
spindle motor a_rms,2000,2025-07-29 13:15:22.144473
spindle motor temp,35.9,2025-07-29 13:15:22.144473
spindle motor crest,4.6,2025-07-29 13:15:22.144473
z-axis bearing v_rms,0.3,2025-07-29 13:15:22.144473
z-axis bearing a_peak,11000,2025-07-29 13:15:22.144473
z-axis bearing a_rms,1500,2025-07-29 13:15:22.144473
z-axis bearing temp,24.2,2025-07-29 13:15:22.144473
z-axis bearing crest,7.4,2025-07-29 13:15:22.144473
z-axis motor v_rms,1.5,2025-07-29 13:15:22.144473
z-axis motor a_peak,5100,2025-07-29 13:15:22.144473
z-axis motor a_rms,1600,2025-07-29 13:15:22.144473
z-axis motor temp,29.6,2025-07-29 13:15:22.144473
z-axis motor crest,3.2,2025-07-29 13:15:22.144473
y-axis bearing v_rms,0.4,2025-07-29 13:15:22.144473
y-axis bearing a_peak,6800,2025-07-29 13:15:22.144473
y-axis bearing a_rms,1300,2025-07-29 13:15:22.144473
y-axis bearing temp,22.8,2025-07-29 13:15:22.144473
y-axis bearing crest,5.2,2025-07-29 13:15:22.144473
y-axis motor v_rms,0.8,2025-07-29 13:15:22.144473
y-axis motor a_peak,10400,2025-07-29 13:15:22.144473
y-axis motor a_rms,2200,2025-07-29 13:15:22.144473
y-axis motor temp,25.3,2025-07-29 13:15:22.144473
y-axis motor crest,4.7,2025-07-29 13:15:22.144473
x-axis motor v_rms,1.3,2025-07-29 13:15:22.144473
x-axis motor a_peak,600,2025-07-29 13:15:22.144473
x-axis motor a_rms,200,2025-07-29 13:15:22.144473
x-axis motor temp,23.0,2025-07-29 13:15:22.144473
x-axis motor crest,3.8,2025-07-29 13:15:22.144473
voltage,132.6,2025-07-29 13:15:22.144473
current,11.423333333333334,2025-07-29 13:15:22.144473
active power,1274.6666666666667,2025-07-29 13:15:22.144473
forward kWh,41.901,2025-07-29 13:15:22.144473
reverse kWh,1.2693333333333332,2025-07-29 13:15:22.144473
frequency,59.99,2025-07-29 13:15:22.144473
power factor,0.8300000000000001,2025-07-29 13:15:22.144473
featureId,UNAVAILABLE,2025-07-29 13:15:23.144685
partKindId,7606F116-3463-4EEF-96CC-1AC408FAA001,2025-07-29 13:15:23.144685
processKindId,1BFABEA4-68A9-484B-AE13-2E0BF9278D50,2025-07-29 13:15:23.144685
A_Axis_Load,7,2025-07-29 13:15:23.144685
A_Position,0.000668021023909704,2025-07-29 13:15:23.144685
C_Axis_Load,3,2025-07-29 13:15:23.144685
C_Position,30.0005,2025-07-29 13:15:23.144685
Machine_Time,2711540.494,2025-07-29 13:15:23.144685
Spindle_Time,739504.062,2025-07-29 13:15:23.144685
Feed_Override,100,2025-07-29 13:15:23.144685
Feed_Rate,6.85,2025-07-29 13:15:23.144685
Program_Runtime_Seconds,52,2025-07-29 13:15:23.144685
Rapid_Override,100,2025-07-29 13:15:23.144685
Rapid_Speed,0,2025-07-29 13:15:23.144685
S_Axis_Load,1,2025-07-29 13:15:23.144685
Spindle_Override,100,2025-07-29 13:15:23.144685
Spindle_Speed,9792,2025-07-29 13:15:23.144685
X_Axis_Load,4,2025-07-29 13:15:23.144685
X_Position,387.644530261955,2025-07-29 13:15:23.144685
Y_Axis_Load,5,2025-07-29 13:15:23.144685
Y_Position,254.468835181434,2025-07-29 13:15:23.144685
Z_Axis_Load,3,2025-07-29 13:15:23.144685
Z_Position,-328.443535943039,2025-07-29 13:15:23.144685
COR_Status,1,2025-07-29 13:15:23.144685
Controller_Mode,AUTO,2025-07-29 13:15:23.144685
EStop_State,ARMED,2025-07-29 13:15:23.144685
Machine_Mode,5,2025-07-29 13:15:23.144685
Block_Number,194,2025-07-29 13:15:23.144685
Current_Tool,6,2025-07-29 13:15:23.144685
Part_Count,19,2025-07-29 13:15:23.144685
Program_Name_Running,000473_A_A_PROGRAM_2.NC,2025-07-29 13:15:23.144685
spindle motor v_rms,0.6,2025-07-29 13:15:23.144685
spindle motor a_peak,3900,2025-07-29 13:15:23.144685
spindle motor a_rms,1200,2025-07-29 13:15:23.144685
spindle motor temp,35.9,2025-07-29 13:15:23.144685
spindle motor crest,3.2,2025-07-29 13:15:23.144685
z-axis bearing v_rms,0.3,2025-07-29 13:15:23.144685
z-axis bearing a_peak,6200,2025-07-29 13:15:23.144685
z-axis bearing a_rms,700,2025-07-29 13:15:23.144685
z-axis bearing temp,24.2,2025-07-29 13:15:23.144685
z-axis bearing crest,8.8,2025-07-29 13:15:23.144685
z-axis motor v_rms,1.6,2025-07-29 13:15:23.144685
z-axis motor a_peak,22300,2025-07-29 13:15:23.144685
z-axis motor a_rms,3300,2025-07-29 13:15:23.144685
z-axis motor temp,29.6,2025-07-29 13:15:23.144685
z-axis motor crest,6.7,2025-07-29 13:15:23.144685
y-axis bearing v_rms,0.1,2025-07-29 13:15:23.144685
y-axis bearing a_peak,500,2025-07-29 13:15:23.144685
y-axis bearing a_rms,100,2025-07-29 13:15:23.144685
y-axis bearing temp,22.8,2025-07-29 13:15:23.144685
y-axis bearing crest,4.0,2025-07-29 13:15:23.144685
y-axis motor v_rms,0.6,2025-07-29 13:15:23.144685
y-axis motor a_peak,3600,2025-07-29 13:15:23.144685
y-axis motor a_rms,1600,2025-07-29 13:15:23.144685
y-axis motor temp,25.3,2025-07-29 13:15:23.144685
y-axis motor crest,2.3,2025-07-29 13:15:23.144685
x-axis motor v_rms,0.2,2025-07-29 13:15:23.144685
x-axis motor a_peak,500,2025-07-29 13:15:23.144685
x-axis motor a_rms,200,2025-07-29 13:15:23.144685
x-axis motor temp,23.0,2025-07-29 13:15:23.144685
x-axis motor crest,2.5,2025-07-29 13:15:23.144685
voltage,132.63333333333335,2025-07-29 13:15:23.144685
current,10.523333333333333,2025-07-29 13:15:23.144685
active power,1107.6666666666667,2025-07-29 13:15:23.144685
forward kWh,41.90133333333333,2025-07-29 13:15:23.144685
reverse kWh,1.2693333333333332,2025-07-29 13:15:23.144685
frequency,59.99,2025-07-29 13:15:23.144685
power factor,0.7933333333333333,2025-07-29 13:15:23.144685
featureId,UNAVAILABLE,2025-07-29 13:15:24.144897
partKindId,7606F116-3463-4EEF-96CC-1AC408FAA001,2025-07-29 13:15:24.144897
processKindId,NONE,2025-07-29 13:15:24.144897
A_Axis_Load,7,2025-07-29 13:15:24.144897
A_Position,0.000668021023909704,2025-07-29 13:15:24.144897
C_Axis_Load,3,2025-07-29 13:15:24.144897
C_Position,30.0005,2025-07-29 13:15:24.144897
Machine_Time,2711540.494,2025-07-29 13:15:24.144897
Spindle_Time,739504.062,2025-07-29 13:15:24.144897
Feed_Override,100,2025-07-29 13:15:24.144897
Feed_Rate,271.35,2025-07-29 13:15:24.144897
Program_Runtime_Seconds,53,2025-07-29 13:15:24.144897
Rapid_Override,100,2025-07-29 13:15:24.144897
Rapid_Speed,0,2025-07-29 13:15:24.144897
S_Axis_Load,5,2025-07-29 13:15:24.144897
Spindle_Override,100,2025-07-29 13:15:24.144897
Spindle_Speed,9507.98438386999,2025-07-29 13:15:24.144897
X_Axis_Load,3,2025-07-29 13:15:24.144897
X_Position,387.644427257769,2025-07-29 13:15:24.144897
Y_Axis_Load,4,2025-07-29 13:15:24.144897
Y_Position,254.468800848677,2025-07-29 13:15:24.144897
Z_Axis_Load,75,2025-07-29 13:15:24.144897
Z_Position,-266.434155459664,2025-07-29 13:15:24.144897
COR_Status,1,2025-07-29 13:15:24.144897
Controller_Mode,AUTO,2025-07-29 13:15:24.144897
EStop_State,ARMED,2025-07-29 13:15:24.144897
Machine_Mode,5,2025-07-29 13:15:24.144897
Block_Number,199,2025-07-29 13:15:24.144897
Current_Tool,6,2025-07-29 13:15:24.144897
Part_Count,19,2025-07-29 13:15:24.144897
Program_Name_Running,000473_A_A_PROGRAM_2.NC,2025-07-29 13:15:24.144897
spindle motor v_rms,0.6,2025-07-29 13:15:24.144897
spindle motor a_peak,9100,2025-07-29 13:15:24.144897
spindle motor a_rms,2300,2025-07-29 13:15:24.144897
spindle motor temp,35.9,2025-07-29 13:15:24.144897
spindle motor crest,3.9,2025-07-29 13:15:24.144897
z-axis bearing v_rms,0.2,2025-07-29 13:15:24.144897
z-axis bearing a_peak,18600,2025-07-29 13:15:24.144897
z-axis bearing a_rms,3000,2025-07-29 13:15:24.144897
z-axis bearing temp,24.2,2025-07-29 13:15:24.144897
z-axis bearing crest,6.1,2025-07-29 13:15:24.144897
z-axis motor v_rms,1.2,2025-07-29 13:15:24.144897
z-axis motor a_peak,51700,2025-07-29 13:15:24.144897
z-axis motor a_rms,9500,2025-07-29 13:15:24.144897
z-axis motor temp,29.6,2025-07-29 13:15:24.144897
z-axis motor crest,5.4,2025-07-29 13:15:24.144897
y-axis bearing v_rms,0.1,2025-07-29 13:15:24.144897
y-axis bearing a_peak,1700,2025-07-29 13:15:24.144897
y-axis bearing a_rms,300,2025-07-29 13:15:24.144897
y-axis bearing temp,22.8,2025-07-29 13:15:24.144897
y-axis bearing crest,6.1,2025-07-29 13:15:24.144897
y-axis motor v_rms,0.3,2025-07-29 13:15:24.144897
y-axis motor a_peak,20000,2025-07-29 13:15:24.144897
y-axis motor a_rms,2800,2025-07-29 13:15:24.144897
y-axis motor temp,25.3,2025-07-29 13:15:24.144897
y-axis motor crest,7.2,2025-07-29 13:15:24.144897
x-axis motor v_rms,0.6,2025-07-29 13:15:24.144897
x-axis motor a_peak,800,2025-07-29 13:15:24.144897
x-axis motor a_rms,200,2025-07-29 13:15:24.144897
x-axis motor temp,23.0,2025-07-29 13:15:24.144897
x-axis motor crest,3.8,2025-07-29 13:15:24.144897
voltage,132.73333333333332,2025-07-29 13:15:24.144897
current,8.846666666666666,2025-07-29 13:15:24.144897
active power,953.0,2025-07-29 13:15:24.144897
forward kWh,41.90133333333333,2025-07-29 13:15:24.144897
reverse kWh,1.2693333333333332,2025-07-29 13:15:24.144897
frequency,59.99,2025-07-29 13:15:24.144897
power factor,0.8066666666666666,2025-07-29 13:15:24.144897
featureId,UNAVAILABLE,2025-07-29 13:15:25.145087
partKindId,7606F116-3463-4EEF-96CC-1AC408FAA001,2025-07-29 13:15:25.145087
processKindId,NONE,2025-07-29 13:15:25.145087
A_Axis_Load,7,2025-07-29 13:15:25.145087
A_Position,0.000668021023909704,2025-07-29 13:15:25.145087
C_Axis_Load,3,2025-07-29 13:15:25.145087
C_Position,30.0005,2025-07-29 13:15:25.145087
Machine_Time,2711540.494,2025-07-29 13:15:25.145087
Spindle_Time,739504.062,2025-07-29 13:15:25.145087
Feed_Override,100,2025-07-29 13:15:25.145087
Feed_Rate,290.7333,2025-07-29 13:15:25.145087
Program_Runtime_Seconds,54,2025-07-29 13:15:25.145087
Rapid_Override,100,2025-07-29 13:15:25.145087
Rapid_Speed,0,2025-07-29 13:15:25.145087
S_Axis_Load,8,2025-07-29 13:15:25.145087
Spindle_Override,100,2025-07-29 13:15:25.145087
Spindle_Speed,8135.55151146905,2025-07-29 13:15:25.145087
X_Axis_Load,60,2025-07-29 13:15:25.145087
X_Position,75.6079254405762,2025-07-29 13:15:25.145087
Y_Axis_Load,28,2025-07-29 13:15:25.145087
Y_Position,455.761679694649,2025-07-29 13:15:25.145087
Z_Axis_Load,37,2025-07-29 13:15:25.145087
Z_Position,-244.72021454406,2025-07-29 13:15:25.145087
COR_Status,1,2025-07-29 13:15:25.145087
Controller_Mode,AUTO,2025-07-29 13:15:25.145087
EStop_State,ARMED,2025-07-29 13:15:25.145087
Machine_Mode,5,2025-07-29 13:15:25.145087
Block_Number,200,2025-07-29 13:15:25.145087
Current_Tool,6,2025-07-29 13:15:25.145087
Part_Count,19,2025-07-29 13:15:25.145087
Program_Name_Running,000473_A_A_PROGRAM_2.NC,2025-07-29 13:15:25.145087
spindle motor v_rms,0.3,2025-07-29 13:15:25.145087
spindle motor a_peak,12100,2025-07-29 13:15:25.145087
spindle motor a_rms,3100,2025-07-29 13:15:25.145087
spindle motor temp,35.9,2025-07-29 13:15:25.145087
spindle motor crest,3.9,2025-07-29 13:15:25.145087
z-axis bearing v_rms,0.2,2025-07-29 13:15:25.145087
z-axis bearing a_peak,2400,2025-07-29 13:15:25.145087
z-axis bearing a_rms,400,2025-07-29 13:15:25.145087
z-axis bearing temp,24.2,2025-07-29 13:15:25.145087
z-axis bearing crest,6.0,2025-07-29 13:15:25.145087
z-axis motor v_rms,0.4,2025-07-29 13:15:25.145087
z-axis motor a_peak,1600,2025-07-29 13:15:25.145087
z-axis motor a_rms,700,2025-07-29 13:15:25.145087
z-axis motor temp,29.6,2025-07-29 13:15:25.145087
z-axis motor crest,2.5,2025-07-29 13:15:25.145087
y-axis bearing v_rms,0.1,2025-07-29 13:15:25.145087
y-axis bearing a_peak,1900,2025-07-29 13:15:25.145087
y-axis bearing a_rms,200,2025-07-29 13:15:25.145087
y-axis bearing temp,22.8,2025-07-29 13:15:25.145087
y-axis bearing crest,10.6,2025-07-29 13:15:25.145087
y-axis motor v_rms,0.2,2025-07-29 13:15:25.145087
y-axis motor a_peak,7300,2025-07-29 13:15:25.145087
y-axis motor a_rms,700,2025-07-29 13:15:25.145087
y-axis motor temp,25.3,2025-07-29 13:15:25.145087
y-axis motor crest,10.5,2025-07-29 13:15:25.145087
x-axis motor v_rms,0.4,2025-07-29 13:15:25.145087
x-axis motor a_peak,500,2025-07-29 13:15:25.145087
x-axis motor a_rms,100,2025-07-29 13:15:25.145087
x-axis motor temp,23.0,2025-07-29 13:15:25.145087
x-axis motor crest,3.3,2025-07-29 13:15:25.145087
voltage,134.2,2025-07-29 13:15:25.145087
current,19.39,2025-07-29 13:15:25.145087
active power,-1969.6666666666667,2025-07-29 13:15:25.145087
forward kWh,41.90133333333333,2025-07-29 13:15:25.145087
reverse kWh,1.2693333333333332,2025-07-29 13:15:25.145087
frequency,60.0,2025-07-29 13:15:25.145087
power factor,0.7533333333333333,2025-07-29 13:15:25.145087
featureId,UNAVAILABLE,2025-07-29 13:15:26.145311
partKindId,7606F116-3463-4EEF-96CC-1AC408FAA001,2025-07-29 13:15:26.145311
processKindId,NONE,2025-07-29 13:15:26.145311
A_Axis_Load,7,2025-07-29 13:15:26.145311
A_Position,0.000668021023909704,2025-07-29 13:15:26.145311
C_Axis_Load,3,2025-07-29 13:15:26.145311
C_Position,30.0005,2025-07-29 13:15:26.145311
Machine_Time,2711540.494,2025-07-29 13:15:26.145311
Spindle_Time,739504.062,2025-07-29 13:15:26.145311
Feed_Override,100,2025-07-29 13:15:26.145311
Feed_Rate,0,2025-07-29 13:15:26.145311
Program_Runtime_Seconds,55,2025-07-29 13:15:26.145311
Rapid_Override,100,2025-07-29 13:15:26.145311
Rapid_Speed,0,2025-07-29 13:15:26.145311
S_Axis_Load,11,2025-07-29 13:15:26.145311
Spindle_Override,100,2025-07-29 13:15:26.145311
Spindle_Speed,6524.37547892309,2025-07-29 13:15:26.145311
X_Axis_Load,6,2025-07-29 13:15:26.145311
X_Position,75.6053846538513,2025-07-29 13:15:26.145311
Y_Axis_Load,5,2025-07-29 13:15:26.145311
Y_Position,455.763797015502,2025-07-29 13:15:26.145311
Z_Axis_Load,37,2025-07-29 13:15:26.145311
Z_Position,-244.720191657021,2025-07-29 13:15:26.145311
COR_Status,1,2025-07-29 13:15:26.145311
Controller_Mode,AUTO,2025-07-29 13:15:26.145311
EStop_State,ARMED,2025-07-29 13:15:26.145311
Machine_Mode,5,2025-07-29 13:15:26.145311
Block_Number,205,2025-07-29 13:15:26.145311
Current_Tool,6,2025-07-29 13:15:26.145311
Part_Count,19,2025-07-29 13:15:26.145311
Program_Name_Running,000473_A_A_PROGRAM_2.NC,2025-07-29 13:15:26.145311
spindle motor v_rms,0.2,2025-07-29 13:15:26.145311
spindle motor a_peak,9500,2025-07-29 13:15:26.145311
spindle motor a_rms,2400,2025-07-29 13:15:26.145311
spindle motor temp,35.9,2025-07-29 13:15:26.145311
spindle motor crest,4.1,2025-07-29 13:15:26.145311
z-axis bearing v_rms,0.1,2025-07-29 13:15:26.145311
z-axis bearing a_peak,1200,2025-07-29 13:15:26.145311
z-axis bearing a_rms,300,2025-07-29 13:15:26.145311
z-axis bearing temp,24.2,2025-07-29 13:15:26.145311
z-axis bearing crest,4.0,2025-07-29 13:15:26.145311
z-axis motor v_rms,0.2,2025-07-29 13:15:26.145311
z-axis motor a_peak,1400,2025-07-29 13:15:26.145311
z-axis motor a_rms,600,2025-07-29 13:15:26.145311
z-axis motor temp,29.6,2025-07-29 13:15:26.145311
z-axis motor crest,2.3,2025-07-29 13:15:26.145311
y-axis bearing v_rms,0.1,2025-07-29 13:15:26.145311
y-axis bearing a_peak,300,2025-07-29 13:15:26.145311
y-axis bearing a_rms,100,2025-07-29 13:15:26.145311
y-axis bearing temp,22.8,2025-07-29 13:15:26.145311
y-axis bearing crest,4.0,2025-07-29 13:15:26.145311
y-axis motor v_rms,0.1,2025-07-29 13:15:26.145311
y-axis motor a_peak,1000,2025-07-29 13:15:26.145311
y-axis motor a_rms,300,2025-07-29 13:15:26.145311
y-axis motor temp,25.3,2025-07-29 13:15:26.145311
y-axis motor crest,3.8,2025-07-29 13:15:26.145311
x-axis motor v_rms,0.1,2025-07-29 13:15:26.145311
x-axis motor a_peak,200,2025-07-29 13:15:26.145311
x-axis motor a_rms,100,2025-07-29 13:15:26.145311
x-axis motor temp,23.0,2025-07-29 13:15:26.145311
x-axis motor crest,4.2,2025-07-29 13:15:26.145311
voltage,134.9,2025-07-29 13:15:26.145311
current,27.366666666666664,2025-07-29 13:15:26.145311
active power,-3323.0,2025-07-29 13:15:26.145311
forward kWh,41.90133333333333,2025-07-29 13:15:26.145311
reverse kWh,1.2693333333333332,2025-07-29 13:15:26.145311
frequency,60.0,2025-07-29 13:15:26.145311
power factor,0.9499999999999998,2025-07-29 13:15:26.145311
featureId,UNAVAILABLE,2025-07-29 13:15:27.145464
partKindId,7606F116-3463-4EEF-96CC-1AC408FAA001,2025-07-29 13:15:27.145464
processKindId,NONE,2025-07-29 13:15:27.145464
A_Axis_Load,7,2025-07-29 13:15:27.145464
A_Position,0.000668021023909704,2025-07-29 13:15:27.145464
C_Axis_Load,3,2025-07-29 13:15:27.145464
C_Position,30.0005,2025-07-29 13:15:27.145464
Machine_Time,2711540.494,2025-07-29 13:15:27.145464
Spindle_Time,739504.062,2025-07-29 13:15:27.145464
Feed_Override,100,2025-07-29 13:15:27.145464
Feed_Rate,0,2025-07-29 13:15:27.145464
Program_Runtime_Seconds,56,2025-07-29 13:15:27.145464
Rapid_Override,100,2025-07-29 13:15:27.145464
Rapid_Speed,0,2025-07-29 13:15:27.145464
S_Axis_Load,18,2025-07-29 13:15:27.145464
Spindle_Override,100,2025-07-29 13:15:27.145464
Spindle_Speed,4194.74046440088,2025-07-29 13:15:27.145464
X_Axis_Load,6,2025-07-29 13:15:27.145464
X_Position,75.6053960988366,2025-07-29 13:15:27.145464
Y_Axis_Load,5,2025-07-29 13:15:27.145464
Y_Position,455.76380846048,2025-07-29 13:15:27.145464
Z_Axis_Load,37,2025-07-29 13:15:27.145464
Z_Position,-244.720191657021,2025-07-29 13:15:27.145464
COR_Status,1,2025-07-29 13:15:27.145464
Controller_Mode,AUTO,2025-07-29 13:15:27.145464
EStop_State,ARMED,2025-07-29 13:15:27.145464
Machine_Mode,5,2025-07-29 13:15:27.145464
Block_Number,205,2025-07-29 13:15:27.145464
Current_Tool,6,2025-07-29 13:15:27.145464
Part_Count,19,2025-07-29 13:15:27.145464
Program_Name_Running,000473_A_A_PROGRAM_2.NC,2025-07-29 13:15:27.145464
spindle motor v_rms,0.2,2025-07-29 13:15:27.145464
spindle motor a_peak,8400,2025-07-29 13:15:27.145464
spindle motor a_rms,2800,2025-07-29 13:15:27.145464
spindle motor temp,35.9,2025-07-29 13:15:27.145464
spindle motor crest,3.0,2025-07-29 13:15:27.145464
z-axis bearing v_rms,0.0,2025-07-29 13:15:27.145464
z-axis bearing a_peak,1300,2025-07-29 13:15:27.145464
z-axis bearing a_rms,300,2025-07-29 13:15:27.145464
z-axis bearing temp,24.2,2025-07-29 13:15:27.145464
z-axis bearing crest,4.6,2025-07-29 13:15:27.145464
z-axis motor v_rms,0.1,2025-07-29 13:15:27.145464
z-axis motor a_peak,1200,2025-07-29 13:15:27.145464
z-axis motor a_rms,600,2025-07-29 13:15:27.145464
z-axis motor temp,29.6,2025-07-29 13:15:27.145464
z-axis motor crest,2.0,2025-07-29 13:15:27.145464
y-axis bearing v_rms,0.0,2025-07-29 13:15:27.145464
y-axis bearing a_peak,300,2025-07-29 13:15:27.145464
y-axis bearing a_rms,100,2025-07-29 13:15:27.145464
y-axis bearing temp,22.8,2025-07-29 13:15:27.145464
y-axis bearing crest,4.5,2025-07-29 13:15:27.145464
y-axis motor v_rms,0.1,2025-07-29 13:15:27.145464
y-axis motor a_peak,900,2025-07-29 13:15:27.145464
y-axis motor a_rms,200,2025-07-29 13:15:27.145464
y-axis motor temp,25.3,2025-07-29 13:15:27.145464
y-axis motor crest,3.9,2025-07-29 13:15:27.145464
x-axis motor v_rms,0.1,2025-07-29 13:15:27.145464
x-axis motor a_peak,200,2025-07-29 13:15:27.145464
x-axis motor a_rms,0,2025-07-29 13:15:27.145464
x-axis motor temp,23.0,2025-07-29 13:15:27.145464
x-axis motor crest,4.4,2025-07-29 13:15:27.145464
voltage,134.9,2025-07-29 13:15:27.145464
current,27.366666666666664,2025-07-29 13:15:27.145464
active power,-3323.0,2025-07-29 13:15:27.145464
forward kWh,41.90133333333333,2025-07-29 13:15:27.145464
reverse kWh,1.2693333333333332,2025-07-29 13:15:27.145464
frequency,60.0,2025-07-29 13:15:27.145464
power factor,0.9499999999999998,2025-07-29 13:15:27.145464
featureId,UNAVAILABLE,2025-07-29 13:15:28.145657
partKindId,7606F116-3463-4EEF-96CC-1AC408FAA001,2025-07-29 13:15:28.145657
processKindId,NONE,2025-07-29 13:15:28.145657
A_Axis_Load,7,2025-07-29 13:15:28.145657
A_Position,0.000668021023909704,2025-07-29 13:15:28.145657
C_Axis_Load,3,2025-07-29 13:15:28.145657
C_Position,30.0005,2025-07-29 13:15:28.145657
Machine_Time,2711540.494,2025-07-29 13:15:28.145657
Spindle_Time,739504.062,2025-07-29 13:15:28.145657
Feed_Override,100,2025-07-29 13:15:28.145657
Feed_Rate,0,2025-07-29 13:15:28.145657
Program_Runtime_Seconds,57,2025-07-29 13:15:28.145657
Rapid_Override,100,2025-07-29 13:15:28.145657
Rapid_Speed,0,2025-07-29 13:15:28.145657
S_Axis_Load,0,2025-07-29 13:15:28.145657
Spindle_Override,100,2025-07-29 13:15:28.145657
Spindle_Speed,248.8,2025-07-29 13:15:28.145657
X_Axis_Load,5,2025-07-29 13:15:28.145657
X_Position,75.6054075438218,2025-07-29 13:15:28.145657
Y_Axis_Load,5,2025-07-29 13:15:28.145657
Y_Position,455.763797015502,2025-07-29 13:15:28.145657
Z_Axis_Load,37,2025-07-29 13:15:28.145657
Z_Position,-241.761080586769,2025-07-29 13:15:28.145657
COR_Status,1,2025-07-29 13:15:28.145657
Controller_Mode,AUTO,2025-07-29 13:15:28.145657
EStop_State,ARMED,2025-07-29 13:15:28.145657
Machine_Mode,5,2025-07-29 13:15:28.145657
Block_Number,205,2025-07-29 13:15:28.145657
Current_Tool,6,2025-07-29 13:15:28.145657
Part_Count,19,2025-07-29 13:15:28.145657
Program_Name_Running,000473_A_A_PROGRAM_2.NC,2025-07-29 13:15:28.145657
spindle motor v_rms,0.1,2025-07-29 13:15:28.145657
spindle motor a_peak,6900,2025-07-29 13:15:28.145657
spindle motor a_rms,1400,2025-07-29 13:15:28.145657
spindle motor temp,35.9,2025-07-29 13:15:28.145657
spindle motor crest,5.0,2025-07-29 13:15:28.145657
z-axis bearing v_rms,0.0,2025-07-29 13:15:28.145657
z-axis bearing a_peak,18400,2025-07-29 13:15:28.145657
z-axis bearing a_rms,2100,2025-07-29 13:15:28.145657
z-axis bearing temp,24.2,2025-07-29 13:15:28.145657
z-axis bearing crest,8.7,2025-07-29 13:15:28.145657
z-axis motor v_rms,0.7,2025-07-29 13:15:28.145657
z-axis motor a_peak,55200,2025-07-29 13:15:28.145657
z-axis motor a_rms,9100,2025-07-29 13:15:28.145657
z-axis motor temp,29.6,2025-07-29 13:15:28.145657
z-axis motor crest,6.1,2025-07-29 13:15:28.145657
y-axis bearing v_rms,0.0,2025-07-29 13:15:28.145657
y-axis bearing a_peak,2300,2025-07-29 13:15:28.145657
y-axis bearing a_rms,300,2025-07-29 13:15:28.145657
y-axis bearing temp,22.8,2025-07-29 13:15:28.145657
y-axis bearing crest,8.7,2025-07-29 13:15:28.145657
y-axis motor v_rms,0.1,2025-07-29 13:15:28.145657
y-axis motor a_peak,2300,2025-07-29 13:15:28.145657
y-axis motor a_rms,400,2025-07-29 13:15:28.145657
y-axis motor temp,25.3,2025-07-29 13:15:28.145657
y-axis motor crest,6.0,2025-07-29 13:15:28.145657
x-axis motor v_rms,0.1,2025-07-29 13:15:28.145657
x-axis motor a_peak,300,2025-07-29 13:15:28.145657
x-axis motor a_rms,100,2025-07-29 13:15:28.145657
x-axis motor temp,23.0,2025-07-29 13:15:28.145657
x-axis motor crest,5.4,2025-07-29 13:15:28.145657
voltage,135.0,2025-07-29 13:15:28.145657
current,28.596666666666668,2025-07-29 13:15:28.145657
active power,-3489.3333333333335,2025-07-29 13:15:28.145657
forward kWh,41.90133333333333,2025-07-29 13:15:28.145657
reverse kWh,1.2703333333333333,2025-07-29 13:15:28.145657
frequency,60.0,2025-07-29 13:15:28.145657
power factor,0.9133333333333334,2025-07-29 13:15:28.145657
featureId,UNAVAILABLE,2025-07-29 13:15:29.145807
partKindId,7606F116-3463-4EEF-96CC-1AC408FAA001,2025-07-29 13:15:29.145807
processKindId,NONE,2025-07-29 13:15:29.145807
A_Axis_Load,7,2025-07-29 13:15:29.145807
A_Position,0.000668021023909704,2025-07-29 13:15:29.145807
C_Axis_Load,3,2025-07-29 13:15:29.145807
C_Position,30.0005,2025-07-29 13:15:29.145807
Machine_Time,2711540.494,2025-07-29 13:15:29.145807
Spindle_Time,739504.062,2025-07-29 13:15:29.145807
Feed_Override,100,2025-07-29 13:15:29.145807
Feed_Rate,0,2025-07-29 13:15:29.145807
Program_Runtime_Seconds,58,2025-07-29 13:15:29.145807
Rapid_Override,100,2025-07-29 13:15:29.145807
Rapid_Speed,0,2025-07-29 13:15:29.145807
S_Axis_Load,0,2025-07-29 13:15:29.145807
Spindle_Override,100,2025-07-29 13:15:29.145807
Spindle_Speed,0,2025-07-29 13:15:29.145807
X_Axis_Load,5,2025-07-29 13:15:29.145807
X_Position,75.6053960988366,2025-07-29 13:15:29.145807
Y_Axis_Load,5,2025-07-29 13:15:29.145807
Y_Position,455.76380846048,2025-07-29 13:15:29.145807
Z_Axis_Load,40,2025-07-29 13:15:29.145807
Z_Position,-99.866975380482,2025-07-29 13:15:29.145807
COR_Status,1,2025-07-29 13:15:29.145807
Controller_Mode,AUTO,2025-07-29 13:15:29.145807
EStop_State,ARMED,2025-07-29 13:15:29.145807
Machine_Mode,5,2025-07-29 13:15:29.145807
Block_Number,205,2025-07-29 13:15:29.145807
Current_Tool,6,2025-07-29 13:15:29.145807
Part_Count,19,2025-07-29 13:15:29.145807
Program_Name_Running,000473_A_A_PROGRAM_2.NC,2025-07-29 13:15:29.145807
spindle motor v_rms,0.1,2025-07-29 13:15:29.145807
spindle motor a_peak,1600,2025-07-29 13:15:29.145807
spindle motor a_rms,800,2025-07-29 13:15:29.145807
spindle motor temp,35.9,2025-07-29 13:15:29.145807
spindle motor crest,1.9,2025-07-29 13:15:29.145807
z-axis bearing v_rms,0.0,2025-07-29 13:15:29.145807
z-axis bearing a_peak,3000,2025-07-29 13:15:29.145807
z-axis bearing a_rms,200,2025-07-29 13:15:29.145807
z-axis bearing temp,24.2,2025-07-29 13:15:29.145807
z-axis bearing crest,15.0,2025-07-29 13:15:29.145807
z-axis motor v_rms,0.1,2025-07-29 13:15:29.145807
z-axis motor a_peak,1100,2025-07-29 13:15:29.145807
z-axis motor a_rms,200,2025-07-29 13:15:29.145807
z-axis motor temp,29.6,2025-07-29 13:15:29.145807
z-axis motor crest,5.9,2025-07-29 13:15:29.145807
y-axis bearing v_rms,0.0,2025-07-29 13:15:29.145807
y-axis bearing a_peak,1100,2025-07-29 13:15:29.145807
y-axis bearing a_rms,100,2025-07-29 13:15:29.145807
y-axis bearing temp,22.8,2025-07-29 13:15:29.145807
y-axis bearing crest,12.3,2025-07-29 13:15:29.145807
y-axis motor v_rms,0.1,2025-07-29 13:15:29.145807
y-axis motor a_peak,1100,2025-07-29 13:15:29.145807
y-axis motor a_rms,200,2025-07-29 13:15:29.145807
y-axis motor temp,25.3,2025-07-29 13:15:29.145807
y-axis motor crest,5.7,2025-07-29 13:15:29.145807
x-axis motor v_rms,0.1,2025-07-29 13:15:29.145807
x-axis motor a_peak,400,2025-07-29 13:15:29.145807
x-axis motor a_rms,100,2025-07-29 13:15:29.145807
x-axis motor temp,23.0,2025-07-29 13:15:29.145807
x-axis motor crest,5.6,2025-07-29 13:15:29.145807
voltage,134.73333333333332,2025-07-29 13:15:29.145807
current,24.75,2025-07-29 13:15:29.145807
active power,-2814.3333333333335,2025-07-29 13:15:29.145807
forward kWh,41.90133333333333,2025-07-29 13:15:29.145807
reverse kWh,1.2703333333333333,2025-07-29 13:15:29.145807
frequency,59.99,2025-07-29 13:15:29.145807
power factor,0.4733333333333334,2025-07-29 13:15:29.145807
featureId,UNAVAILABLE,2025-07-29 13:15:30.145953
partKindId,7606F116-3463-4EEF-96CC-1AC408FAA001,2025-07-29 13:15:30.145953
processKindId,NONE,2025-07-29 13:15:30.145953
A_Axis_Load,7,2025-07-29 13:15:30.145953
A_Position,0.000668021023909704,2025-07-29 13:15:30.145953
C_Axis_Load,3,2025-07-29 13:15:30.145953
C_Position,30.0005,2025-07-29 13:15:30.145953
Machine_Time,2711900.98,2025-07-29 13:15:30.145953
Spindle_Time,739504.062,2025-07-29 13:15:30.145953
Feed_Override,100,2025-07-29 13:15:30.145953
Feed_Rate,0,2025-07-29 13:15:30.145953
Program_Runtime_Seconds,59,2025-07-29 13:15:30.145953
Rapid_Override,100,2025-07-29 13:15:30.145953
Rapid_Speed,0,2025-07-29 13:15:30.145953
S_Axis_Load,1,2025-07-29 13:15:30.145953
Spindle_Override,100,2025-07-29 13:15:30.145953
Spindle_Speed,0,2025-07-29 13:15:30.145953
X_Axis_Load,5,2025-07-29 13:15:30.145953
X_Position,75.6053960988366,2025-07-29 13:15:30.145953
Y_Axis_Load,5,2025-07-29 13:15:30.145953
Y_Position,455.763774125547,2025-07-29 13:15:30.145953
Z_Axis_Load,37,2025-07-29 13:15:30.145953
Z_Position,-99.8670097108772,2025-07-29 13:15:30.145953
COR_Status,1,2025-07-29 13:15:30.145953
Controller_Mode,AUTO,2025-07-29 13:15:30.145953
EStop_State,ARMED,2025-07-29 13:15:30.145953
Machine_Mode,5,2025-07-29 13:15:30.145953
Block_Number,205,2025-07-29 13:15:30.145953
Current_Tool,0,2025-07-29 13:15:30.145953
Part_Count,19,2025-07-29 13:15:30.145953
Program_Name_Running,000473_A_A_PROGRAM_2.NC,2025-07-29 13:15:30.145953
spindle motor v_rms,0.2,2025-07-29 13:15:30.145953
spindle motor a_peak,5300,2025-07-29 13:15:30.145953
spindle motor a_rms,900,2025-07-29 13:15:30.145953
spindle motor temp,35.9,2025-07-29 13:15:30.145953
spindle motor crest,6.1,2025-07-29 13:15:30.145953
z-axis bearing v_rms,0.1,2025-07-29 13:15:30.145953
z-axis bearing a_peak,5200,2025-07-29 13:15:30.145953
z-axis bearing a_rms,400,2025-07-29 13:15:30.145953
z-axis bearing temp,24.2,2025-07-29 13:15:30.145953
z-axis bearing crest,12.7,2025-07-29 13:15:30.145953
z-axis motor v_rms,0.3,2025-07-29 13:15:30.145953
z-axis motor a_peak,1900,2025-07-29 13:15:30.145953
z-axis motor a_rms,300,2025-07-29 13:15:30.145953
z-axis motor temp,29.6,2025-07-29 13:15:30.145953
z-axis motor crest,6.9,2025-07-29 13:15:30.145953
y-axis bearing v_rms,0.1,2025-07-29 13:15:30.145953
y-axis bearing a_peak,1200,2025-07-29 13:15:30.145953
y-axis bearing a_rms,100,2025-07-29 13:15:30.145953
y-axis bearing temp,22.8,2025-07-29 13:15:30.145953
y-axis bearing crest,10.0,2025-07-29 13:15:30.145953
y-axis motor v_rms,0.1,2025-07-29 13:15:30.145953
y-axis motor a_peak,2100,2025-07-29 13:15:30.145953
y-axis motor a_rms,200,2025-07-29 13:15:30.145953
y-axis motor temp,25.3,2025-07-29 13:15:30.145953
y-axis motor crest,8.7,2025-07-29 13:15:30.145953
x-axis motor v_rms,0.2,2025-07-29 13:15:30.145953
x-axis motor a_peak,400,2025-07-29 13:15:30.145953
x-axis motor a_rms,100,2025-07-29 13:15:30.145953
x-axis motor temp,23.0,2025-07-29 13:15:30.145953
x-axis motor crest,5.1,2025-07-29 13:15:30.145953
voltage,132.76666666666665,2025-07-29 13:15:30.145953
current,13.07,2025-07-29 13:15:30.145953
active power,1201.6666666666667,2025-07-29 13:15:30.145953
forward kWh,41.90133333333333,2025-07-29 13:15:30.145953
reverse kWh,1.2703333333333333,2025-07-29 13:15:30.145953
frequency,60.0,2025-07-29 13:15:30.145953
power factor,0.5,2025-07-29 13:15:30.145953
featureId,UNAVAILABLE,2025-07-29 13:15:31.146147
partKindId,7606F116-3463-4EEF-96CC-1AC408FAA001,2025-07-29 13:15:31.146147
processKindId,NONE,2025-07-29 13:15:31.146147
A_Axis_Load,7,2025-07-29 13:15:31.146147
A_Position,0.000668021023909704,2025-07-29 13:15:31.146147
C_Axis_Load,3,2025-07-29 13:15:31.146147
C_Position,30.0005,2025-07-29 13:15:31.146147
Machine_Time,2711900.98,2025-07-29 13:15:31.146147
Spindle_Time,739504.062,2025-07-29 13:15:31.146147
Feed_Override,100,2025-07-29 13:15:31.146147
Feed_Rate,0,2025-07-29 13:15:31.146147
Program_Runtime_Seconds,0,2025-07-29 13:15:31.146147
Rapid_Override,100,2025-07-29 13:15:31.146147
Rapid_Speed,0,2025-07-29 13:15:31.146147
S_Axis_Load,1,2025-07-29 13:15:31.146147
Spindle_Override,100,2025-07-29 13:15:31.146147
Spindle_Speed,0,2025-07-29 13:15:31.146147
X_Axis_Load,5,2025-07-29 13:15:31.146147
X_Position,75.6053960988366,2025-07-29 13:15:31.146147
Y_Axis_Load,5,2025-07-29 13:15:31.146147
Y_Position,455.763751235592,2025-07-29 13:15:31.146147
Z_Axis_Load,31,2025-07-29 13:15:31.146147
Z_Position,-99.8676276579913,2025-07-29 13:15:31.146147
COR_Status,1,2025-07-29 13:15:31.146147
Controller_Mode,AUTO,2025-07-29 13:15:31.146147
EStop_State,ARMED,2025-07-29 13:15:31.146147
Machine_Mode,5,2025-07-29 13:15:31.146147
Block_Number,205,2025-07-29 13:15:31.146147
Current_Tool,4,2025-07-29 13:15:31.146147
Part_Count,19,2025-07-29 13:15:31.146147
Program_Name_Running,000473_A_A_PROGRAM_2.NC,2025-07-29 13:15:31.146147
spindle motor v_rms,0.3,2025-07-29 13:15:31.146147
spindle motor a_peak,16300,2025-07-29 13:15:31.146147
spindle motor a_rms,1000,2025-07-29 13:15:31.146147
spindle motor temp,35.9,2025-07-29 13:15:31.146147
spindle motor crest,16.6,2025-07-29 13:15:31.146147
z-axis bearing v_rms,0.2,2025-07-29 13:15:31.146147
z-axis bearing a_peak,11200,2025-07-29 13:15:31.146147
z-axis bearing a_rms,600,2025-07-29 13:15:31.146147
z-axis bearing temp,24.2,2025-07-29 13:15:31.146147
z-axis bearing crest,19.3,2025-07-29 13:15:31.146147
z-axis motor v_rms,0.5,2025-07-29 13:15:31.146147
z-axis motor a_peak,3600,2025-07-29 13:15:31.146147
z-axis motor a_rms,300,2025-07-29 13:15:31.146147
z-axis motor temp,29.6,2025-07-29 13:15:31.146147
z-axis motor crest,12.0,2025-07-29 13:15:31.146147
y-axis bearing v_rms,0.2,2025-07-29 13:15:31.146147
y-axis bearing a_peak,1100,2025-07-29 13:15:31.146147
y-axis bearing a_rms,100,2025-07-29 13:15:31.146147
y-axis bearing temp,22.8,2025-07-29 13:15:31.146147
y-axis bearing crest,8.7,2025-07-29 13:15:31.146147
y-axis motor v_rms,0.1,2025-07-29 13:15:31.146147
y-axis motor a_peak,2500,2025-07-29 13:15:31.146147
y-axis motor a_rms,300,2025-07-29 13:15:31.146147
y-axis motor temp,25.3,2025-07-29 13:15:31.146147
y-axis motor crest,8.1,2025-07-29 13:15:31.146147
x-axis motor v_rms,0.2,2025-07-29 13:15:31.146147
x-axis motor a_peak,500,2025-07-29 13:15:31.146147
x-axis motor a_rms,100,2025-07-29 13:15:31.146147
x-axis motor temp,23.0,2025-07-29 13:15:31.146147
x-axis motor crest,5.4,2025-07-29 13:15:31.146147
voltage,133.0,2025-07-29 13:15:31.146147
current,5.1433333333333335,2025-07-29 13:15:31.146147
active power,583.0,2025-07-29 13:15:31.146147
forward kWh,41.90133333333333,2025-07-29 13:15:31.146147
reverse kWh,1.2703333333333333,2025-07-29 13:15:31.146147
frequency,60.0,2025-07-29 13:15:31.146147
power factor,0.62,2025-07-29 13:15:31.146147
featureId,UNAVAILABLE,2025-07-29 13:15:32.146341
partKindId,7606F116-3463-4EEF-96CC-1AC408FAA001,2025-07-29 13:15:32.146341
processKindId,C5A68CD3-BCDF-4119-B596-9FAC41AAB033,2025-07-29 13:15:32.146341
A_Axis_Load,7,2025-07-29 13:15:32.146341
A_Position,0.000668021023909704,2025-07-29 13:15:32.146341
C_Axis_Load,3,2025-07-29 13:15:32.146341
C_Position,30.0005,2025-07-29 13:15:32.146341
Machine_Time,2711900.98,2025-07-29 13:15:32.146341
Spindle_Time,739504.062,2025-07-29 13:15:32.146341
Feed_Override,100,2025-07-29 13:15:32.146341
Feed_Rate,381.0333,2025-07-29 13:15:32.146341
Program_Runtime_Seconds,1,2025-07-29 13:15:32.146341
Rapid_Override,100,2025-07-29 13:15:32.146341
Rapid_Speed,0,2025-07-29 13:15:32.146341
S_Axis_Load,18,2025-07-29 13:15:32.146341
Spindle_Override,100,2025-07-29 13:15:32.146341
Spindle_Speed,470.793086738817,2025-07-29 13:15:32.146341
X_Axis_Load,82,2025-07-29 13:15:32.146341
X_Position,132.914624575959,2025-07-29 13:15:32.146341
Y_Axis_Load,47,2025-07-29 13:15:32.146341
Y_Position,415.160438477327,2025-07-29 13:15:32.146341
Z_Axis_Load,38,2025-07-29 13:15:32.146341
Z_Position,-99.8669982674121,2025-07-29 13:15:32.146341
COR_Status,1,2025-07-29 13:15:32.146341
Controller_Mode,AUTO,2025-07-29 13:15:32.146341
EStop_State,ARMED,2025-07-29 13:15:32.146341
Machine_Mode,5,2025-07-29 13:15:32.146341
Block_Number,207,2025-07-29 13:15:32.146341
Current_Tool,4,2025-07-29 13:15:32.146341
Part_Count,19,2025-07-29 13:15:32.146341
Program_Name_Running,000473_A_A_PROGRAM_2.NC,2025-07-29 13:15:32.146341
spindle motor v_rms,0.1,2025-07-29 13:15:32.146341
spindle motor a_peak,8000,2025-07-29 13:15:32.146341
spindle motor a_rms,1800,2025-07-29 13:15:32.146341
spindle motor temp,35.9,2025-07-29 13:15:32.146341
spindle motor crest,4.5,2025-07-29 13:15:32.146341
z-axis bearing v_rms,0.0,2025-07-29 13:15:32.146341
z-axis bearing a_peak,3100,2025-07-29 13:15:32.146341
z-axis bearing a_rms,600,2025-07-29 13:15:32.146341
z-axis bearing temp,24.2,2025-07-29 13:15:32.146341
z-axis bearing crest,5.2,2025-07-29 13:15:32.146341
z-axis motor v_rms,0.1,2025-07-29 13:15:32.146341
z-axis motor a_peak,800,2025-07-29 13:15:32.146341
z-axis motor a_rms,200,2025-07-29 13:15:32.146341
z-axis motor temp,29.6,2025-07-29 13:15:32.146341
z-axis motor crest,4.5,2025-07-29 13:15:32.146341
y-axis bearing v_rms,0.1,2025-07-29 13:15:32.146341
y-axis bearing a_peak,6300,2025-07-29 13:15:32.146341
y-axis bearing a_rms,1100,2025-07-29 13:15:32.146341
y-axis bearing temp,22.8,2025-07-29 13:15:32.146341
y-axis bearing crest,5.5,2025-07-29 13:15:32.146341
y-axis motor v_rms,0.3,2025-07-29 13:15:32.146341
y-axis motor a_peak,29400,2025-07-29 13:15:32.146341
y-axis motor a_rms,8600,2025-07-29 13:15:32.146341
y-axis motor temp,25.3,2025-07-29 13:15:32.146341
y-axis motor crest,3.4,2025-07-29 13:15:32.146341
x-axis motor v_rms,0.4,2025-07-29 13:15:32.146341
x-axis motor a_peak,700,2025-07-29 13:15:32.146341
x-axis motor a_rms,200,2025-07-29 13:15:32.146341
x-axis motor temp,23.0,2025-07-29 13:15:32.146341
x-axis motor crest,4.0,2025-07-29 13:15:32.146341
voltage,132.9,2025-07-29 13:15:32.146341
current,5.88,2025-07-29 13:15:32.146341
active power,678.0,2025-07-29 13:15:32.146341
forward kWh,41.90133333333333,2025-07-29 13:15:32.146341
reverse kWh,1.2703333333333333,2025-07-29 13:15:32.146341
frequency,60.0,2025-07-29 13:15:32.146341
power factor,0.8300000000000001,2025-07-29 13:15:32.146341
featureId,UNAVAILABLE,2025-07-29 13:15:33.146530
partKindId,7606F116-3463-4EEF-96CC-1AC408FAA001,2025-07-29 13:15:33.146530
processKindId,C5A68CD3-BCDF-4119-B596-9FAC41AAB033,2025-07-29 13:15:33.146530
A_Axis_Load,7,2025-07-29 13:15:33.146530
A_Position,0.000668021023909704,2025-07-29 13:15:33.146530
C_Axis_Load,3,2025-07-29 13:15:33.146530
C_Position,30.0005,2025-07-29 13:15:33.146530
Machine_Time,2711900.98,2025-07-29 13:15:33.146530
Spindle_Time,739504.062,2025-07-29 13:15:33.146530
Feed_Override,100,2025-07-29 13:15:33.146530
Feed_Rate,521.0167,2025-07-29 13:15:33.146530
Program_Runtime_Seconds,2,2025-07-29 13:15:33.146530
Rapid_Override,100,2025-07-29 13:15:33.146530
Rapid_Speed,0,2025-07-29 13:15:33.146530
S_Axis_Load,23,2025-07-29 13:15:33.146530
Spindle_Override,100,2025-07-29 13:15:33.146530
Spindle_Speed,4046.03832824313,2025-07-29 13:15:33.146530
X_Axis_Load,6,2025-07-29 13:15:33.146530
X_Position,362.40442738759,2025-07-29 13:15:33.146530
Y_Axis_Load,6,2025-07-29 13:15:33.146530
Y_Position,252.563753773453,2025-07-29 13:15:33.146530
Z_Axis_Load,35,2025-07-29 13:15:33.146530
Z_Position,-226.49194104028,2025-07-29 13:15:33.146530
COR_Status,1,2025-07-29 13:15:33.146530
Controller_Mode,AUTO,2025-07-29 13:15:33.146530
EStop_State,ARMED,2025-07-29 13:15:33.146530
Machine_Mode,5,2025-07-29 13:15:33.146530
Block_Number,208,2025-07-29 13:15:33.146530
Current_Tool,4,2025-07-29 13:15:33.146530
Part_Count,19,2025-07-29 13:15:33.146530
Program_Name_Running,000473_A_A_PROGRAM_2.NC,2025-07-29 13:15:33.146530
spindle motor v_rms,0.2,2025-07-29 13:15:33.146530
spindle motor a_peak,12000,2025-07-29 13:15:33.146530
spindle motor a_rms,2500,2025-07-29 13:15:33.146530
spindle motor temp,35.9,2025-07-29 13:15:33.146530
spindle motor crest,4.8,2025-07-29 13:15:33.146530
z-axis bearing v_rms,0.1,2025-07-29 13:15:33.146530
z-axis bearing a_peak,27500,2025-07-29 13:15:33.146530
z-axis bearing a_rms,6500,2025-07-29 13:15:33.146530
z-axis bearing temp,24.2,2025-07-29 13:15:33.146530
z-axis bearing crest,4.2,2025-07-29 13:15:33.146530
z-axis motor v_rms,1.4,2025-07-29 13:15:33.146530
z-axis motor a_peak,56100,2025-07-29 13:15:33.146530
z-axis motor a_rms,14900,2025-07-29 13:15:33.146530
z-axis motor temp,29.6,2025-07-29 13:15:33.146530
z-axis motor crest,3.7,2025-07-29 13:15:33.146530
y-axis bearing v_rms,0.1,2025-07-29 13:15:33.146530
y-axis bearing a_peak,1900,2025-07-29 13:15:33.146530
y-axis bearing a_rms,400,2025-07-29 13:15:33.146530
y-axis bearing temp,22.8,2025-07-29 13:15:33.146530
y-axis bearing crest,4.9,2025-07-29 13:15:33.146530
y-axis motor v_rms,0.2,2025-07-29 13:15:33.146530
y-axis motor a_peak,2800,2025-07-29 13:15:33.146530
y-axis motor a_rms,700,2025-07-29 13:15:33.146530
y-axis motor temp,25.3,2025-07-29 13:15:33.146530
y-axis motor crest,4.2,2025-07-29 13:15:33.146530
x-axis motor v_rms,0.1,2025-07-29 13:15:33.146530
x-axis motor a_peak,300,2025-07-29 13:15:33.146530
x-axis motor a_rms,100,2025-07-29 13:15:33.146530
x-axis motor temp,23.0,2025-07-29 13:15:33.146530
x-axis motor crest,3.9,2025-07-29 13:15:33.146530
voltage,133.0,2025-07-29 13:15:33.146530
current,5.346666666666667,2025-07-29 13:15:33.146530
active power,597.3333333333334,2025-07-29 13:15:33.146530
forward kWh,41.90133333333333,2025-07-29 13:15:33.146530
reverse kWh,1.2703333333333333,2025-07-29 13:15:33.146530
frequency,60.0,2025-07-29 13:15:33.146530
power factor,0.6833333333333332,2025-07-29 13:15:33.146530
featureId,UNAVAILABLE,2025-07-29 13:15:34.146699
partKindId,7606F116-3463-4EEF-96CC-1AC408FAA001,2025-07-29 13:15:34.146699
processKindId,C5A68CD3-BCDF-4119-B596-9FAC41AAB033,2025-07-29 13:15:34.146699
A_Axis_Load,7,2025-07-29 13:15:34.146699
A_Position,0.000668021023909704,2025-07-29 13:15:34.146699
C_Axis_Load,3,2025-07-29 13:15:34.146699
C_Position,30.0005,2025-07-29 13:15:34.146699
Machine_Time,2711900.98,2025-07-29 13:15:34.146699
Spindle_Time,739504.062,2025-07-29 13:15:34.146699
Feed_Override,100,2025-07-29 13:15:34.146699
Feed_Rate,0,2025-07-29 13:15:34.146699
Program_Runtime_Seconds,3,2025-07-29 13:15:34.146699
Rapid_Override,100,2025-07-29 13:15:34.146699
Rapid_Speed,0,2025-07-29 13:15:34.146699
S_Axis_Load,13,2025-07-29 13:15:34.146699
Spindle_Override,100,2025-07-29 13:15:34.146699
Spindle_Speed,6420,2025-07-29 13:15:34.146699
X_Axis_Load,5,2025-07-29 13:15:34.146699
X_Position,362.404393055578,2025-07-29 13:15:34.146699
Y_Axis_Load,5,2025-07-29 13:15:34.146699
Y_Position,252.563799549553,2025-07-29 13:15:34.146699
Z_Axis_Load,21,2025-07-29 13:15:34.146699
Z_Position,-344.736441431954,2025-07-29 13:15:34.146699
COR_Status,1,2025-07-29 13:15:34.146699
Controller_Mode,AUTO,2025-07-29 13:15:34.146699
EStop_State,ARMED,2025-07-29 13:15:34.146699
Machine_Mode,5,2025-07-29 13:15:34.146699
Block_Number,210,2025-07-29 13:15:34.146699
Current_Tool,4,2025-07-29 13:15:34.146699
Part_Count,19,2025-07-29 13:15:34.146699
Program_Name_Running,000473_A_A_PROGRAM_2.NC,2025-07-29 13:15:34.146699
spindle motor v_rms,0.3,2025-07-29 13:15:34.146699
spindle motor a_peak,6900,2025-07-29 13:15:34.146699
spindle motor a_rms,1500,2025-07-29 13:15:34.146699
spindle motor temp,35.9,2025-07-29 13:15:34.146699
spindle motor crest,4.5,2025-07-29 13:15:34.146699
z-axis bearing v_rms,0.1,2025-07-29 13:15:34.146699
z-axis bearing a_peak,1100,2025-07-29 13:15:34.146699
z-axis bearing a_rms,300,2025-07-29 13:15:34.146699
z-axis bearing temp,24.2,2025-07-29 13:15:34.146699
z-axis bearing crest,4.2,2025-07-29 13:15:34.146699
z-axis motor v_rms,0.2,2025-07-29 13:15:34.146699
z-axis motor a_peak,5400,2025-07-29 13:15:34.146699
z-axis motor a_rms,500,2025-07-29 13:15:34.146699
z-axis motor temp,29.6,2025-07-29 13:15:34.146699
z-axis motor crest,10.8,2025-07-29 13:15:34.146699
y-axis bearing v_rms,0.1,2025-07-29 13:15:34.146699
y-axis bearing a_peak,300,2025-07-29 13:15:34.146699
y-axis bearing a_rms,100,2025-07-29 13:15:34.146699
y-axis bearing temp,22.8,2025-07-29 13:15:34.146699
y-axis bearing crest,3.7,2025-07-29 13:15:34.146699
y-axis motor v_rms,0.2,2025-07-29 13:15:34.146699
y-axis motor a_peak,1800,2025-07-29 13:15:34.146699
y-axis motor a_rms,400,2025-07-29 13:15:34.146699
y-axis motor temp,25.3,2025-07-29 13:15:34.146699
y-axis motor crest,4.5,2025-07-29 13:15:34.146699
x-axis motor v_rms,0.1,2025-07-29 13:15:34.146699
x-axis motor a_peak,300,2025-07-29 13:15:34.146699
x-axis motor a_rms,100,2025-07-29 13:15:34.146699
x-axis motor temp,23.0,2025-07-29 13:15:34.146699
x-axis motor crest,3.8,2025-07-29 13:15:34.146699
voltage,131.1,2025-07-29 13:15:34.146699
current,36.92666666666667,2025-07-29 13:15:34.146699
active power,4097.333333333333,2025-07-29 13:15:34.146699
forward kWh,41.90133333333333,2025-07-29 13:15:34.146699
reverse kWh,1.2703333333333333,2025-07-29 13:15:34.146699
frequency,60.0,2025-07-29 13:15:34.146699
power factor,1.0,2025-07-29 13:15:34.146699
featureId,UNAVAILABLE,2025-07-29 13:15:35.147003
partKindId,7606F116-3463-4EEF-96CC-1AC408FAA001,2025-07-29 13:15:35.147003
processKindId,C5A68CD3-BCDF-4119-B596-9FAC41AAB033,2025-07-29 13:15:35.147003
A_Axis_Load,7,2025-07-29 13:15:35.147003
A_Position,0.000668021023909704,2025-07-29 13:15:35.147003
C_Axis_Load,3,2025-07-29 13:15:35.147003
C_Position,30.0005,2025-07-29 13:15:35.147003
Machine_Time,2711900.98,2025-07-29 13:15:35.147003
Spindle_Time,739504.062,2025-07-29 13:15:35.147003
Feed_Override,100,2025-07-29 13:15:35.147003
Feed_Rate,151.65,2025-07-29 13:15:35.147003
Program_Runtime_Seconds,4,2025-07-29 13:15:35.147003
Rapid_Override,100,2025-07-29 13:15:35.147003
Rapid_Speed,0,2025-07-29 13:15:35.147003
S_Axis_Load,1,2025-07-29 13:15:35.147003
Spindle_Override,100,2025-07-29 13:15:35.147003
Spindle_Speed,6420,2025-07-29 13:15:35.147003
X_Axis_Load,26,2025-07-29 13:15:35.147003
X_Position,396.008870735727,2025-07-29 13:15:35.147003
Y_Axis_Load,5,2025-07-29 13:15:35.147003
Y_Position,252.563788105528,2025-07-29 13:15:35.147003
Z_Axis_Load,39,2025-07-29 13:15:35.147003
Z_Position,-338.099160322374,2025-07-29 13:15:35.147003
COR_Status,1,2025-07-29 13:15:35.147003
Controller_Mode,AUTO,2025-07-29 13:15:35.147003
EStop_State,ARMED,2025-07-29 13:15:35.147003
Machine_Mode,5,2025-07-29 13:15:35.147003
Block_Number,213,2025-07-29 13:15:35.147003
Current_Tool,4,2025-07-29 13:15:35.147003
Part_Count,19,2025-07-29 13:15:35.147003
Program_Name_Running,000473_A_A_PROGRAM_2.NC,2025-07-29 13:15:35.147003
spindle motor v_rms,0.2,2025-07-29 13:15:35.147003
spindle motor a_peak,2400,2025-07-29 13:15:35.147003
spindle motor a_rms,600,2025-07-29 13:15:35.147003
spindle motor temp,35.9,2025-07-29 13:15:35.147003
spindle motor crest,3.8,2025-07-29 13:15:35.147003
z-axis bearing v_rms,0.1,2025-07-29 13:15:35.147003
z-axis bearing a_peak,2400,2025-07-29 13:15:35.147003
z-axis bearing a_rms,300,2025-07-29 13:15:35.147003
z-axis bearing temp,24.2,2025-07-29 13:15:35.147003
z-axis bearing crest,7.6,2025-07-29 13:15:35.147003
z-axis motor v_rms,0.2,2025-07-29 13:15:35.147003
z-axis motor a_peak,4200,2025-07-29 13:15:35.147003
z-axis motor a_rms,700,2025-07-29 13:15:35.147003
z-axis motor temp,29.6,2025-07-29 13:15:35.147003
z-axis motor crest,5.9,2025-07-29 13:15:35.147003
y-axis bearing v_rms,0.1,2025-07-29 13:15:35.147003
y-axis bearing a_peak,600,2025-07-29 13:15:35.147003
y-axis bearing a_rms,100,2025-07-29 13:15:35.147003
y-axis bearing temp,22.8,2025-07-29 13:15:35.147003
y-axis bearing crest,5.7,2025-07-29 13:15:35.147003
y-axis motor v_rms,0.1,2025-07-29 13:15:35.147003
y-axis motor a_peak,1200,2025-07-29 13:15:35.147003
y-axis motor a_rms,400,2025-07-29 13:15:35.147003
y-axis motor temp,25.3,2025-07-29 13:15:35.147003
y-axis motor crest,3.4,2025-07-29 13:15:35.147003
x-axis motor v_rms,0.1,2025-07-29 13:15:35.147003
x-axis motor a_peak,300,2025-07-29 13:15:35.147003
x-axis motor a_rms,100,2025-07-29 13:15:35.147003
x-axis motor temp,23.0,2025-07-29 13:15:35.147003
x-axis motor crest,3.8,2025-07-29 13:15:35.147003
voltage,130.1,2025-07-29 13:15:35.147003
current,48.85,2025-07-29 13:15:35.147003
active power,5818.333333333333,2025-07-29 13:15:35.147003
forward kWh,41.903666666666666,2025-07-29 13:15:35.147003
reverse kWh,1.2703333333333333,2025-07-29 13:15:35.147003
frequency,60.0,2025-07-29 13:15:35.147003
power factor,0.8966666666666666,2025-07-29 13:15:35.147003
featureId,UNAVAILABLE,2025-07-29 13:15:36.147262
partKindId,7606F116-3463-4EEF-96CC-1AC408FAA001,2025-07-29 13:15:36.147262
processKindId,C5A68CD3-BCDF-4119-B596-9FAC41AAB033,2025-07-29 13:15:36.147262
A_Axis_Load,7,2025-07-29 13:15:36.147262
A_Position,0.000668021023909704,2025-07-29 13:15:36.147262
C_Axis_Load,3,2025-07-29 13:15:36.147262
C_Position,30.0005,2025-07-29 13:15:36.147262
Machine_Time,2711900.98,2025-07-29 13:15:36.147262
Spindle_Time,739504.062,2025-07-29 13:15:36.147262
Feed_Override,100,2025-07-29 13:15:36.147262
Feed_Rate,8.316667,2025-07-29 13:15:36.147262
Program_Runtime_Seconds,5,2025-07-29 13:15:36.147262
Rapid_Override,100,2025-07-29 13:15:36.147262
Rapid_Speed,0,2025-07-29 13:15:36.147262
S_Axis_Load,0,2025-07-29 13:15:36.147262
Spindle_Override,100,2025-07-29 13:15:36.147262
Spindle_Speed,6420,2025-07-29 13:15:36.147262
X_Axis_Load,6,2025-07-29 13:15:36.147262
X_Position,398.406304609424,2025-07-29 13:15:36.147262
Y_Axis_Load,5,2025-07-29 13:15:36.147262
Y_Position,252.563799549553,2025-07-29 13:15:36.147262
Z_Axis_Load,24,2025-07-29 13:15:36.147262
Z_Position,-354.572154321298,2025-07-29 13:15:36.147262
COR_Status,1,2025-07-29 13:15:36.147262
Controller_Mode,AUTO,2025-07-29 13:15:36.147262
EStop_State,ARMED,2025-07-29 13:15:36.147262
Machine_Mode,5,2025-07-29 13:15:36.147262
Block_Number,215,2025-07-29 13:15:36.147262
Current_Tool,4,2025-07-29 13:15:36.147262
Part_Count,19,2025-07-29 13:15:36.147262
Program_Name_Running,000473_A_A_PROGRAM_2.NC,2025-07-29 13:15:36.147262
spindle motor v_rms,0.3,2025-07-29 13:15:36.147262
spindle motor a_peak,3100,2025-07-29 13:15:36.147262
spindle motor a_rms,700,2025-07-29 13:15:36.147262
spindle motor temp,35.9,2025-07-29 13:15:36.147262
spindle motor crest,4.7,2025-07-29 13:15:36.147262
z-axis bearing v_rms,0.1,2025-07-29 13:15:36.147262
z-axis bearing a_peak,6100,2025-07-29 13:15:36.147262
z-axis bearing a_rms,700,2025-07-29 13:15:36.147262
z-axis bearing temp,24.2,2025-07-29 13:15:36.147262
z-axis bearing crest,8.4,2025-07-29 13:15:36.147262
z-axis motor v_rms,0.3,2025-07-29 13:15:36.147262
z-axis motor a_peak,17600,2025-07-29 13:15:36.147262
z-axis motor a_rms,2800,2025-07-29 13:15:36.147262
z-axis motor temp,29.6,2025-07-29 13:15:36.147262
z-axis motor crest,6.3,2025-07-29 13:15:36.147262
y-axis bearing v_rms,0.1,2025-07-29 13:15:36.147262
y-axis bearing a_peak,400,2025-07-29 13:15:36.147262
y-axis bearing a_rms,100,2025-07-29 13:15:36.147262
y-axis bearing temp,22.8,2025-07-29 13:15:36.147262
y-axis bearing crest,4.2,2025-07-29 13:15:36.147262
y-axis motor v_rms,0.2,2025-07-29 13:15:36.147262
y-axis motor a_peak,1200,2025-07-29 13:15:36.147262
y-axis motor a_rms,400,2025-07-29 13:15:36.147262
y-axis motor temp,25.3,2025-07-29 13:15:36.147262
y-axis motor crest,3.2,2025-07-29 13:15:36.147262
x-axis motor v_rms,0.1,2025-07-29 13:15:36.147262
x-axis motor a_peak,300,2025-07-29 13:15:36.147262
x-axis motor a_rms,100,2025-07-29 13:15:36.147262
x-axis motor temp,23.0,2025-07-29 13:15:36.147262
x-axis motor crest,3.6,2025-07-29 13:15:36.147262
voltage,132.70000000000002,2025-07-29 13:15:36.147262
current,8.863333333333335,2025-07-29 13:15:36.147262
active power,1000.6666666666666,2025-07-29 13:15:36.147262
forward kWh,41.903666666666666,2025-07-29 13:15:36.147262
reverse kWh,1.2703333333333333,2025-07-29 13:15:36.147262
frequency,60.0,2025-07-29 13:15:36.147262
power factor,0.8566666666666668,2025-07-29 13:15:36.147262
featureId,UNAVAILABLE,2025-07-29 13:15:37.147456
partKindId,7606F116-3463-4EEF-96CC-1AC408FAA001,2025-07-29 13:15:37.147456
processKindId,NONE,2025-07-29 13:15:37.147456
A_Axis_Load,7,2025-07-29 13:15:37.147456
A_Position,0.000668021023909704,2025-07-29 13:15:37.147456
C_Axis_Load,3,2025-07-29 13:15:37.147456
C_Position,30.0005,2025-07-29 13:15:37.147456
Machine_Time,2711900.98,2025-07-29 13:15:37.147456
Spindle_Time,739504.062,2025-07-29 13:15:37.147456
Feed_Override,100,2025-07-29 13:15:37.147456
Feed_Rate,401.0333,2025-07-29 13:15:37.147456
Program_Runtime_Seconds,6,2025-07-29 13:15:37.147456
Rapid_Override,100,2025-07-29 13:15:37.147456
Rapid_Speed,0,2025-07-29 13:15:37.147456
S_Axis_Load,13,2025-07-29 13:15:37.147456
Spindle_Override,100,2025-07-29 13:15:37.147456
Spindle_Speed,5685.81683192321,2025-07-29 13:15:37.147456
X_Axis_Load,5,2025-07-29 13:15:37.147456
X_Position,398.406293164515,2025-07-29 13:15:37.147456
Y_Axis_Load,5,2025-07-29 13:15:37.147456
Y_Position,252.563799549553,2025-07-29 13:15:37.147456
Z_Axis_Load,94,2025-07-29 13:15:37.147456
Z_Position,-250.38196452346,2025-07-29 13:15:37.147456
COR_Status,1,2025-07-29 13:15:37.147456
Controller_Mode,AUTO,2025-07-29 13:15:37.147456
EStop_State,ARMED,2025-07-29 13:15:37.147456
Machine_Mode,5,2025-07-29 13:15:37.147456
Block_Number,222,2025-07-29 13:15:37.147456
Current_Tool,4,2025-07-29 13:15:37.147456
Part_Count,19,2025-07-29 13:15:37.147456
Program_Name_Running,000473_A_A_PROGRAM_2.NC,2025-07-29 13:15:37.147456
spindle motor v_rms,0.2,2025-07-29 13:15:37.147456
spindle motor a_peak,8900,2025-07-29 13:15:37.147456
spindle motor a_rms,2600,2025-07-29 13:15:37.147456
spindle motor temp,35.9,2025-07-29 13:15:37.147456
spindle motor crest,3.4,2025-07-29 13:15:37.147456
z-axis bearing v_rms,0.1,2025-07-29 13:15:37.147456
z-axis bearing a_peak,21800,2025-07-29 13:15:37.147456
z-axis bearing a_rms,3300,2025-07-29 13:15:37.147456
z-axis bearing temp,24.2,2025-07-29 13:15:37.147456
z-axis bearing crest,6.7,2025-07-29 13:15:37.147456
z-axis motor v_rms,0.8,2025-07-29 13:15:37.147456
z-axis motor a_peak,58700,2025-07-29 13:15:37.147456
z-axis motor a_rms,9600,2025-07-29 13:15:37.147456
z-axis motor temp,29.6,2025-07-29 13:15:37.147456
z-axis motor crest,6.1,2025-07-29 13:15:37.147456
y-axis bearing v_rms,0.1,2025-07-29 13:15:37.147456
y-axis bearing a_peak,1300,2025-07-29 13:15:37.147456
y-axis bearing a_rms,300,2025-07-29 13:15:37.147456
y-axis bearing temp,22.8,2025-07-29 13:15:37.147456
y-axis bearing crest,5.2,2025-07-29 13:15:37.147456
y-axis motor v_rms,0.2,2025-07-29 13:15:37.147456
y-axis motor a_peak,20000,2025-07-29 13:15:37.147456
y-axis motor a_rms,2700,2025-07-29 13:15:37.147456
y-axis motor temp,25.3,2025-07-29 13:15:37.147456
y-axis motor crest,7.4,2025-07-29 13:15:37.147456
x-axis motor v_rms,0.5,2025-07-29 13:15:37.147456
x-axis motor a_peak,800,2025-07-29 13:15:37.147456
x-axis motor a_rms,100,2025-07-29 13:15:37.147456
x-axis motor temp,23.0,2025-07-29 13:15:37.147456
x-axis motor crest,6.3,2025-07-29 13:15:37.147456
voltage,132.73333333333332,2025-07-29 13:15:37.147456
current,7.919999999999999,2025-07-29 13:15:37.147456
active power,912.6666666666666,2025-07-29 13:15:37.147456
forward kWh,41.903666666666666,2025-07-29 13:15:37.147456
reverse kWh,1.2703333333333333,2025-07-29 13:15:37.147456
frequency,60.0,2025-07-29 13:15:37.147456
power factor,0.9500000000000001,2025-07-29 13:15:37.147456
featureId,UNAVAILABLE,2025-07-29 13:15:38.147648
partKindId,7606F116-3463-4EEF-96CC-1AC408FAA001,2025-07-29 13:15:38.147648
processKindId,NONE,2025-07-29 13:15:38.147648
A_Axis_Load,7,2025-07-29 13:15:38.147648
A_Position,0.000668021023909704,2025-07-29 13:15:38.147648
C_Axis_Load,3,2025-07-29 13:15:38.147648
C_Position,30.0005,2025-07-29 13:15:38.147648
Machine_Time,2711900.98,2025-07-29 13:15:38.147648
Spindle_Time,739504.062,2025-07-29 13:15:38.147648
Feed_Override,100,2025-07-29 13:15:38.147648
Feed_Rate,448.5167,2025-07-29 13:15:38.147648
Program_Runtime_Seconds,7,2025-07-29 13:15:38.147648
Rapid_Override,100,2025-07-29 13:15:38.147648
Rapid_Speed,0,2025-07-29 13:15:38.147648
S_Axis_Load,24,2025-07-29 13:15:38.147648
Spindle_Override,100,2025-07-29 13:15:38.147648
Spindle_Speed,2701.58433421635,2025-07-29 13:15:38.147648
X_Axis_Load,111,2025-07-29 13:15:38.147648
X_Position,75.6144834171227,2025-07-29 13:15:38.147648
Y_Axis_Load,49,2025-07-29 13:15:38.147648
Y_Position,455.756746909309,2025-07-29 13:15:38.147648
Z_Axis_Load,38,2025-07-29 13:15:38.147648
Z_Position,-248.513294991638,2025-07-29 13:15:38.147648
COR_Status,1,2025-07-29 13:15:38.147648
Controller_Mode,AUTO,2025-07-29 13:15:38.147648
EStop_State,ARMED,2025-07-29 13:15:38.147648
Machine_Mode,5,2025-07-29 13:15:38.147648
Block_Number,223,2025-07-29 13:15:38.147648
Current_Tool,4,2025-07-29 13:15:38.147648
Part_Count,19,2025-07-29 13:15:38.147648
Program_Name_Running,000473_A_A_PROGRAM_2.NC,2025-07-29 13:15:38.147648
spindle motor v_rms,0.3,2025-07-29 13:15:38.147648
spindle motor a_peak,10800,2025-07-29 13:15:38.147648
spindle motor a_rms,3500,2025-07-29 13:15:38.147648
spindle motor temp,35.9,2025-07-29 13:15:38.147648
spindle motor crest,3.1,2025-07-29 13:15:38.147648
z-axis bearing v_rms,0.2,2025-07-29 13:15:38.147648
z-axis bearing a_peak,3000,2025-07-29 13:15:38.147648
z-axis bearing a_rms,500,2025-07-29 13:15:38.147648
z-axis bearing temp,24.2,2025-07-29 13:15:38.147648
z-axis bearing crest,6.1,2025-07-29 13:15:38.147648
z-axis motor v_rms,0.3,2025-07-29 13:15:38.147648
z-axis motor a_peak,1000,2025-07-29 13:15:38.147648
z-axis motor a_rms,400,2025-07-29 13:15:38.147648
z-axis motor temp,29.6,2025-07-29 13:15:38.147648
z-axis motor crest,2.8,2025-07-29 13:15:38.147648
y-axis bearing v_rms,0.1,2025-07-29 13:15:38.147648
y-axis bearing a_peak,3500,2025-07-29 13:15:38.147648
y-axis bearing a_rms,400,2025-07-29 13:15:38.147648
y-axis bearing temp,22.8,2025-07-29 13:15:38.147648
y-axis bearing crest,9.6,2025-07-29 13:15:38.147648
y-axis motor v_rms,0.1,2025-07-29 13:15:38.147648
y-axis motor a_peak,20800,2025-07-29 13:15:38.147648
y-axis motor a_rms,1700,2025-07-29 13:15:38.147648
y-axis motor temp,25.3,2025-07-29 13:15:38.147648
y-axis motor crest,12.3,2025-07-29 13:15:38.147648
x-axis motor v_rms,0.5,2025-07-29 13:15:38.147648
x-axis motor a_peak,1000,2025-07-29 13:15:38.147648
x-axis motor a_rms,100,2025-07-29 13:15:38.147648
x-axis motor temp,23.0,2025-07-29 13:15:38.147648
x-axis motor crest,10.0,2025-07-29 13:15:38.147648
voltage,133.03333333333333,2025-07-29 13:15:38.147648
current,11.633333333333333,2025-07-29 13:15:38.147648
active power,226.33333333333334,2025-07-29 13:15:38.147648
forward kWh,41.903666666666666,2025-07-29 13:15:38.147648
reverse kWh,1.2703333333333333,2025-07-29 13:15:38.147648
frequency,60.0,2025-07-29 13:15:38.147648
power factor,1.0,2025-07-29 13:15:38.147648
featureId,UNAVAILABLE,2025-07-29 13:15:39.147844
partKindId,7606F116-3463-4EEF-96CC-1AC408FAA001,2025-07-29 13:15:39.147844
processKindId,NONE,2025-07-29 13:15:39.147844
A_Axis_Load,7,2025-07-29 13:15:39.147844
A_Position,0.000668021023909704,2025-07-29 13:15:39.147844
C_Axis_Load,3,2025-07-29 13:15:39.147844
C_Position,30.0005,2025-07-29 13:15:39.147844
Machine_Time,2711900.98,2025-07-29 13:15:39.147844
Spindle_Time,739504.062,2025-07-29 13:15:39.147844
Feed_Override,100,2025-07-29 13:15:39.147844
Feed_Rate,473.1833,2025-07-29 13:15:39.147844
Program_Runtime_Seconds,8,2025-07-29 13:15:39.147844
Rapid_Override,100,2025-07-29 13:15:39.147844
Rapid_Speed,0,2025-07-29 13:15:39.147844
S_Axis_Load,0,2025-07-29 13:15:39.147844
Spindle_Override,100,2025-07-29 13:15:39.147844
Spindle_Speed,248.8,2025-07-29 13:15:39.147844
X_Axis_Load,6,2025-07-29 13:15:39.147844
X_Position,75.6053960988366,2025-07-29 13:15:39.147844
Y_Axis_Load,5,2025-07-29 13:15:39.147844
Y_Position,455.76380846048,2025-07-29 13:15:39.147844
Z_Axis_Load,28,2025-07-29 13:15:39.147844
Z_Position,-123.503439533128,2025-07-29 13:15:39.147844
COR_Status,1,2025-07-29 13:15:39.147844
Controller_Mode,AUTO,2025-07-29 13:15:39.147844
EStop_State,ARMED,2025-07-29 13:15:39.147844
Machine_Mode,5,2025-07-29 13:15:39.147844
Block_Number,228,2025-07-29 13:15:39.147844
Current_Tool,4,2025-07-29 13:15:39.147844
Part_Count,19,2025-07-29 13:15:39.147844
Program_Name_Running,000473_A_A_PROGRAM_2.NC,2025-07-29 13:15:39.147844
spindle motor v_rms,0.1,2025-07-29 13:15:39.147844
spindle motor a_peak,13800,2025-07-29 13:15:39.147844
spindle motor a_rms,2800,2025-07-29 13:15:39.147844
spindle motor temp,35.9,2025-07-29 13:15:39.147844
spindle motor crest,4.9,2025-07-29 13:15:39.147844
z-axis bearing v_rms,0.1,2025-07-29 13:15:39.147844
z-axis bearing a_peak,25800,2025-07-29 13:15:39.147844
z-axis bearing a_rms,4500,2025-07-29 13:15:39.147844
z-axis bearing temp,24.2,2025-07-29 13:15:39.147844
z-axis bearing crest,5.8,2025-07-29 13:15:39.147844
z-axis motor v_rms,1.0,2025-07-29 13:15:39.147844
z-axis motor a_peak,57700,2025-07-29 13:15:39.147844
z-axis motor a_rms,11400,2025-07-29 13:15:39.147844
z-axis motor temp,29.6,2025-07-29 13:15:39.147844
z-axis motor crest,5.1,2025-07-29 13:15:39.147844
y-axis bearing v_rms,0.0,2025-07-29 13:15:39.147844
y-axis bearing a_peak,1600,2025-07-29 13:15:39.147844
y-axis bearing a_rms,300,2025-07-29 13:15:39.147844
y-axis bearing temp,22.8,2025-07-29 13:15:39.147844
y-axis bearing crest,6.0,2025-07-29 13:15:39.147844
y-axis motor v_rms,0.1,2025-07-29 13:15:39.147844
y-axis motor a_peak,3200,2025-07-29 13:15:39.147844
y-axis motor a_rms,400,2025-07-29 13:15:39.147844
y-axis motor temp,25.3,2025-07-29 13:15:39.147844
y-axis motor crest,8.3,2025-07-29 13:15:39.147844
x-axis motor v_rms,0.1,2025-07-29 13:15:39.147844
x-axis motor a_peak,200,2025-07-29 13:15:39.147844
x-axis motor a_rms,0,2025-07-29 13:15:39.147844
x-axis motor temp,23.0,2025-07-29 13:15:39.147844
x-axis motor crest,4.2,2025-07-29 13:15:39.147844
voltage,133.36666666666667,2025-07-29 13:15:39.147844
current,14.07,2025-07-29 13:15:39.147844
active power,-420.0,2025-07-29 13:15:39.147844
forward kWh,41.903666666666666,2025-07-29 13:15:39.147844
reverse kWh,1.2703333333333333,2025-07-29 13:15:39.147844
frequency,59.99,2025-07-29 13:15:39.147844
power factor,0.14,2025-07-29 13:15:39.147844
featureId,UNAVAILABLE,2025-07-29 13:15:40.147994
partKindId,7606F116-3463-4EEF-96CC-1AC408FAA001,2025-07-29 13:15:40.147994
processKindId,NONE,2025-07-29 13:15:40.147994
A_Axis_Load,7,2025-07-29 13:15:40.147994
A_Position,0.000668021023909704,2025-07-29 13:15:40.147994
C_Axis_Load,3,2025-07-29 13:15:40.147994
C_Position,30.0005,2025-07-29 13:15:40.147994
Machine_Time,2711900.98,2025-07-29 13:15:40.147994
Spindle_Time,739504.062,2025-07-29 13:15:40.147994
Feed_Override,100,2025-07-29 13:15:40.147994
Feed_Rate,0,2025-07-29 13:15:40.147994
Program_Runtime_Seconds,9,2025-07-29 13:15:40.147994
Rapid_Override,100,2025-07-29 13:15:40.147994
Rapid_Speed,0,2025-07-29 13:15:40.147994
S_Axis_Load,0,2025-07-29 13:15:40.147994
Spindle_Override,100,2025-07-29 13:15:40.147994
Spindle_Speed,0,2025-07-29 13:15:40.147994
X_Axis_Load,6,2025-07-29 13:15:40.147994
X_Position,75.6053960988366,2025-07-29 13:15:40.147994
Y_Axis_Load,5,2025-07-29 13:15:40.147994
Y_Position,455.763797015502,2025-07-29 13:15:40.147994
Z_Axis_Load,40,2025-07-29 13:15:40.147994
Z_Position,-99.8669982674121,2025-07-29 13:15:40.147994
COR_Status,1,2025-07-29 13:15:40.147994
Controller_Mode,AUTO,2025-07-29 13:15:40.147994
EStop_State,ARMED,2025-07-29 13:15:40.147994
Machine_Mode,5,2025-07-29 13:15:40.147994
Block_Number,228,2025-07-29 13:15:40.147994
Current_Tool,4,2025-07-29 13:15:40.147994
Part_Count,19,2025-07-29 13:15:40.147994
Program_Name_Running,000473_A_A_PROGRAM_2.NC,2025-07-29 13:15:40.147994
spindle motor v_rms,0.1,2025-07-29 13:15:40.147994
spindle motor a_peak,700,2025-07-29 13:15:40.147994
spindle motor a_rms,200,2025-07-29 13:15:40.147994
spindle motor temp,35.9,2025-07-29 13:15:40.147994
spindle motor crest,3.3,2025-07-29 13:15:40.147994
z-axis bearing v_rms,0.1,2025-07-29 13:15:40.147994
z-axis bearing a_peak,300,2025-07-29 13:15:40.147994
z-axis bearing a_rms,100,2025-07-29 13:15:40.147994
z-axis bearing temp,24.2,2025-07-29 13:15:40.147994
z-axis bearing crest,4.4,2025-07-29 13:15:40.147994
z-axis motor v_rms,0.1,2025-07-29 13:15:40.147994
z-axis motor a_peak,500,2025-07-29 13:15:40.147994
z-axis motor a_rms,100,2025-07-29 13:15:40.147994
z-axis motor temp,29.6,2025-07-29 13:15:40.147994
z-axis motor crest,3.3,2025-07-29 13:15:40.147994
y-axis bearing v_rms,0.0,2025-07-29 13:15:40.147994
y-axis bearing a_peak,200,2025-07-29 13:15:40.147994
y-axis bearing a_rms,100,2025-07-29 13:15:40.147994
y-axis bearing temp,22.8,2025-07-29 13:15:40.147994
y-axis bearing crest,4.0,2025-07-29 13:15:40.147994
y-axis motor v_rms,0.1,2025-07-29 13:15:40.147994
y-axis motor a_peak,400,2025-07-29 13:15:40.147994
y-axis motor a_rms,100,2025-07-29 13:15:40.147994
y-axis motor temp,25.3,2025-07-29 13:15:40.147994
y-axis motor crest,3.8,2025-07-29 13:15:40.147994
x-axis motor v_rms,0.0,2025-07-29 13:15:40.147994
x-axis motor a_peak,200,2025-07-29 13:15:40.147994
x-axis motor a_rms,0,2025-07-29 13:15:40.147994
x-axis motor temp,23.0,2025-07-29 13:15:40.147994
x-axis motor crest,3.8,2025-07-29 13:15:40.147994
voltage,133.36666666666667,2025-07-29 13:15:40.147994
current,14.07,2025-07-29 13:15:40.147994
active power,-420.0,2025-07-29 13:15:40.147994
forward kWh,41.903666666666666,2025-07-29 13:15:40.147994
reverse kWh,1.2703333333333333,2025-07-29 13:15:40.147994
frequency,59.99,2025-07-29 13:15:40.147994
power factor,0.14,2025-07-29 13:15:40.147994
featureId,UNAVAILABLE,2025-07-29 13:15:41.148146
partKindId,7606F116-3463-4EEF-96CC-1AC408FAA001,2025-07-29 13:15:41.148146
processKindId,NONE,2025-07-29 13:15:41.148146
A_Axis_Load,7,2025-07-29 13:15:41.148146
A_Position,0.000668021023909704,2025-07-29 13:15:41.148146
C_Axis_Load,3,2025-07-29 13:15:41.148146
C_Position,30.0005,2025-07-29 13:15:41.148146
Machine_Time,2711900.98,2025-07-29 13:15:41.148146
Spindle_Time,739504.062,2025-07-29 13:15:41.148146
Feed_Override,100,2025-07-29 13:15:41.148146
Feed_Rate,0,2025-07-29 13:15:41.148146
Program_Runtime_Seconds,10,2025-07-29 13:15:41.148146
Rapid_Override,100,2025-07-29 13:15:41.148146
Rapid_Speed,0,2025-07-29 13:15:41.148146
S_Axis_Load,1,2025-07-29 13:15:41.148146
Spindle_Override,100,2025-07-29 13:15:41.148146
Spindle_Speed,0,2025-07-29 13:15:41.148146
X_Axis_Load,6,2025-07-29 13:15:41.148146
X_Position,75.6053960988366,2025-07-29 13:15:41.148146
Y_Axis_Load,5,2025-07-29 13:15:41.148146
Y_Position,455.763797015502,2025-07-29 13:15:41.148146
Z_Axis_Load,40,2025-07-29 13:15:41.148146
Z_Position,-99.8669982674121,2025-07-29 13:15:41.148146
COR_Status,1,2025-07-29 13:15:41.148146
Controller_Mode,AUTO,2025-07-29 13:15:41.148146
EStop_State,ARMED,2025-07-29 13:15:41.148146
Machine_Mode,5,2025-07-29 13:15:41.148146
Block_Number,228,2025-07-29 13:15:41.148146
Current_Tool,4,2025-07-29 13:15:41.148146
Part_Count,19,2025-07-29 13:15:41.148146
Program_Name_Running,000473_A_A_PROGRAM_2.NC,2025-07-29 13:15:41.148146
spindle motor v_rms,0.1,2025-07-29 13:15:41.148146
spindle motor a_peak,700,2025-07-29 13:15:41.148146
spindle motor a_rms,200,2025-07-29 13:15:41.148146
spindle motor temp,35.9,2025-07-29 13:15:41.148146
spindle motor crest,3.1,2025-07-29 13:15:41.148146
z-axis bearing v_rms,0.0,2025-07-29 13:15:41.148146
z-axis bearing a_peak,500,2025-07-29 13:15:41.148146
z-axis bearing a_rms,100,2025-07-29 13:15:41.148146
z-axis bearing temp,24.2,2025-07-29 13:15:41.148146
z-axis bearing crest,6.3,2025-07-29 13:15:41.148146
z-axis motor v_rms,0.1,2025-07-29 13:15:41.148146
z-axis motor a_peak,500,2025-07-29 13:15:41.148146
z-axis motor a_rms,100,2025-07-29 13:15:41.148146
z-axis motor temp,29.6,2025-07-29 13:15:41.148146
z-axis motor crest,3.2,2025-07-29 13:15:41.148146
y-axis bearing v_rms,0.0,2025-07-29 13:15:41.148146
y-axis bearing a_peak,200,2025-07-29 13:15:41.148146
y-axis bearing a_rms,100,2025-07-29 13:15:41.148146
y-axis bearing temp,22.8,2025-07-29 13:15:41.148146
y-axis bearing crest,4.0,2025-07-29 13:15:41.148146
y-axis motor v_rms,0.1,2025-07-29 13:15:41.148146
y-axis motor a_peak,500,2025-07-29 13:15:41.148146
y-axis motor a_rms,100,2025-07-29 13:15:41.148146
y-axis motor temp,25.3,2025-07-29 13:15:41.148146
y-axis motor crest,3.9,2025-07-29 13:15:41.148146
x-axis motor v_rms,0.0,2025-07-29 13:15:41.148146
x-axis motor a_peak,200,2025-07-29 13:15:41.148146
x-axis motor a_rms,0,2025-07-29 13:15:41.148146
x-axis motor temp,23.0,2025-07-29 13:15:41.148146
x-axis motor crest,4.0,2025-07-29 13:15:41.148146
voltage,132.79999999999998,2025-07-29 13:15:41.148146
current,6.133333333333333,2025-07-29 13:15:41.148146
active power,655.0,2025-07-29 13:15:41.148146
forward kWh,41.903666666666666,2025-07-29 13:15:41.148146
reverse kWh,1.2703333333333333,2025-07-29 13:15:41.148146
frequency,60.0,2025-07-29 13:15:41.148146
power factor,0.81,2025-07-29 13:15:41.148146
featureId,UNAVAILABLE,2025-07-29 13:15:42.148401
partKindId,7606F116-3463-4EEF-96CC-1AC408FAA001,2025-07-29 13:15:42.148401
processKindId,NONE,2025-07-29 13:15:42.148401
A_Axis_Load,7,2025-07-29 13:15:42.148401
A_Position,0.000668021023909704,2025-07-29 13:15:42.148401
C_Axis_Load,3,2025-07-29 13:15:42.148401
C_Position,30.0005,2025-07-29 13:15:42.148401
Machine_Time,2711900.98,2025-07-29 13:15:42.148401
Spindle_Time,739504.062,2025-07-29 13:15:42.148401
Feed_Override,100,2025-07-29 13:15:42.148401
Feed_Rate,0,2025-07-29 13:15:42.148401
Program_Runtime_Seconds,11,2025-07-29 13:15:42.148401
Rapid_Override,100,2025-07-29 13:15:42.148401
Rapid_Speed,0,2025-07-29 13:15:42.148401
S_Axis_Load,1,2025-07-29 13:15:42.148401
Spindle_Override,100,2025-07-29 13:15:42.148401
Spindle_Speed,0,2025-07-29 13:15:42.148401
X_Axis_Load,6,2025-07-29 13:15:42.148401
X_Position,75.6053960988366,2025-07-29 13:15:42.148401
Y_Axis_Load,5,2025-07-29 13:15:42.148401
Y_Position,455.763797015502,2025-07-29 13:15:42.148401
Z_Axis_Load,40,2025-07-29 13:15:42.148401
Z_Position,-99.8669982674121,2025-07-29 13:15:42.148401
COR_Status,1,2025-07-29 13:15:42.148401
Controller_Mode,AUTO,2025-07-29 13:15:42.148401
EStop_State,ARMED,2025-07-29 13:15:42.148401
Machine_Mode,5,2025-07-29 13:15:42.148401
Block_Number,228,2025-07-29 13:15:42.148401
Current_Tool,4,2025-07-29 13:15:42.148401
Part_Count,19,2025-07-29 13:15:42.148401
Program_Name_Running,000473_A_A_PROGRAM_2.NC,2025-07-29 13:15:42.148401
spindle motor v_rms,0.1,2025-07-29 13:15:42.148401
spindle motor a_peak,700,2025-07-29 13:15:42.148401
spindle motor a_rms,200,2025-07-29 13:15:42.148401
spindle motor temp,35.9,2025-07-29 13:15:42.148401
spindle motor crest,3.3,2025-07-29 13:15:42.148401
z-axis bearing v_rms,0.0,2025-07-29 13:15:42.148401
z-axis bearing a_peak,500,2025-07-29 13:15:42.148401
z-axis bearing a_rms,100,2025-07-29 13:15:42.148401
z-axis bearing temp,24.2,2025-07-29 13:15:42.148401
z-axis bearing crest,6.7,2025-07-29 13:15:42.148401
z-axis motor v_rms,0.1,2025-07-29 13:15:42.148401
z-axis motor a_peak,500,2025-07-29 13:15:42.148401
z-axis motor a_rms,100,2025-07-29 13:15:42.148401
z-axis motor temp,29.6,2025-07-29 13:15:42.148401
z-axis motor crest,3.4,2025-07-29 13:15:42.148401
y-axis bearing v_rms,0.0,2025-07-29 13:15:42.148401
y-axis bearing a_peak,200,2025-07-29 13:15:42.148401
y-axis bearing a_rms,100,2025-07-29 13:15:42.148401
y-axis bearing temp,22.8,2025-07-29 13:15:42.148401
y-axis bearing crest,3.7,2025-07-29 13:15:42.148401
y-axis motor v_rms,0.1,2025-07-29 13:15:42.148401
y-axis motor a_peak,400,2025-07-29 13:15:42.148401
y-axis motor a_rms,100,2025-07-29 13:15:42.148401
y-axis motor temp,25.3,2025-07-29 13:15:42.148401
y-axis motor crest,4.2,2025-07-29 13:15:42.148401
x-axis motor v_rms,0.0,2025-07-29 13:15:42.148401
x-axis motor a_peak,200,2025-07-29 13:15:42.148401
x-axis motor a_rms,0,2025-07-29 13:15:42.148401
x-axis motor temp,23.0,2025-07-29 13:15:42.148401
x-axis motor crest,3.9,2025-07-29 13:15:42.148401
voltage,132.79999999999998,2025-07-29 13:15:42.148401
current,6.0200000000000005,2025-07-29 13:15:42.148401
active power,634.6666666666666,2025-07-29 13:15:42.148401
forward kWh,41.903666666666666,2025-07-29 13:15:42.148401
reverse kWh,1.2703333333333333,2025-07-29 13:15:42.148401
frequency,60.0,2025-07-29 13:15:42.148401
power factor,0.7733333333333333,2025-07-29 13:15:42.148401
featureId,UNAVAILABLE,2025-07-29 13:15:45.590963
partKindId,7606F116-3463-4EEF-96CC-1AC408FAA001,2025-07-29 13:15:45.590963
processKindId,NONE,2025-07-29 13:15:45.590963
A_Axis_Load,7,2025-07-29 13:15:45.590963
A_Position,0.000668021023909704,2025-07-29 13:15:45.590963
C_Axis_Load,3,2025-07-29 13:15:45.590963
C_Position,30.0005,2025-07-29 13:15:45.590963
Machine_Time,2711900.98,2025-07-29 13:15:45.590963
Spindle_Time,739504.062,2025-07-29 13:15:45.590963
Feed_Override,100,2025-07-29 13:15:45.590963
Feed_Rate,0,2025-07-29 13:15:45.590963
Program_Runtime_Seconds,15,2025-07-29 13:15:45.590963
Rapid_Override,100,2025-07-29 13:15:45.590963
Rapid_Speed,0,2025-07-29 13:15:45.590963
S_Axis_Load,0,2025-07-29 13:15:45.590963
Spindle_Override,100,2025-07-29 13:15:45.590963
Spindle_Speed,0,2025-07-29 13:15:45.590963
X_Axis_Load,5,2025-07-29 13:15:45.590963
X_Position,75.6053960988366,2025-07-29 13:15:45.590963
Y_Axis_Load,5,2025-07-29 13:15:45.590963
Y_Position,455.763797015502,2025-07-29 13:15:45.590963
Z_Axis_Load,40,2025-07-29 13:15:45.590963
Z_Position,-99.8669982674121,2025-07-29 13:15:45.590963
COR_Status,1,2025-07-29 13:15:45.590963
Controller_Mode,AUTO,2025-07-29 13:15:45.590963
EStop_State,ARMED,2025-07-29 13:15:45.590963
Machine_Mode,5,2025-07-29 13:15:45.590963
Block_Number,228,2025-07-29 13:15:45.590963
Current_Tool,4,2025-07-29 13:15:45.590963
Part_Count,19,2025-07-29 13:15:45.590963
Program_Name_Running,000473_A_A_PROGRAM_2.NC,2025-07-29 13:15:45.590963
spindle motor v_rms,0.1,2025-07-29 13:15:45.590963
spindle motor a_peak,700,2025-07-29 13:15:45.590963
spindle motor a_rms,200,2025-07-29 13:15:45.590963
spindle motor temp,35.9,2025-07-29 13:15:45.590963
spindle motor crest,3.2,2025-07-29 13:15:45.590963
z-axis bearing v_rms,0.0,2025-07-29 13:15:45.590963
z-axis bearing a_peak,300,2025-07-29 13:15:45.590963
z-axis bearing a_rms,100,2025-07-29 13:15:45.590963
z-axis bearing temp,24.2,2025-07-29 13:15:45.590963
z-axis bearing crest,4.5,2025-07-29 13:15:45.590963
z-axis motor v_rms,0.1,2025-07-29 13:15:45.590963
z-axis motor a_peak,500,2025-07-29 13:15:45.590963
z-axis motor a_rms,100,2025-07-29 13:15:45.590963
z-axis motor temp,29.6,2025-07-29 13:15:45.590963
z-axis motor crest,3.6,2025-07-29 13:15:45.590963
y-axis bearing v_rms,0.0,2025-07-29 13:15:45.590963
y-axis bearing a_peak,200,2025-07-29 13:15:45.590963
y-axis bearing a_rms,100,2025-07-29 13:15:45.590963
y-axis bearing temp,22.8,2025-07-29 13:15:45.590963
y-axis bearing crest,4.4,2025-07-29 13:15:45.590963
y-axis motor v_rms,0.1,2025-07-29 13:15:45.590963
y-axis motor a_peak,300,2025-07-29 13:15:45.590963
y-axis motor a_rms,100,2025-07-29 13:15:45.590963
y-axis motor temp,25.3,2025-07-29 13:15:45.590963
y-axis motor crest,3.7,2025-07-29 13:15:45.590963
x-axis motor v_rms,0.0,2025-07-29 13:15:45.590963
x-axis motor a_peak,200,2025-07-29 13:15:45.590963
x-axis motor a_rms,0,2025-07-29 13:15:45.590963
x-axis motor temp,23.0,2025-07-29 13:15:45.590963
x-axis motor crest,3.9,2025-07-29 13:15:45.590963
voltage,132.79999999999998,2025-07-29 13:15:45.590963
current,6.173333333333333,2025-07-29 13:15:45.590963
active power,658.0,2025-07-29 13:15:45.590963
forward kWh,41.904,2025-07-29 13:15:45.590963
reverse kWh,1.2703333333333333,2025-07-29 13:15:45.590963
frequency,60.0,2025-07-29 13:15:45.590963
power factor,0.7966666666666667,2025-07-29 13:15:45.590963
featureId,UNAVAILABLE,2025-07-29 13:15:46.894922
partKindId,7606F116-3463-4EEF-96CC-1AC408FAA001,2025-07-29 13:15:46.894922
processKindId,NONE,2025-07-29 13:15:46.894922
A_Axis_Load,7,2025-07-29 13:15:46.894922
A_Position,0.000668021023909704,2025-07-29 13:15:46.894922
C_Axis_Load,3,2025-07-29 13:15:46.894922
C_Position,30.0005,2025-07-29 13:15:46.894922
Machine_Time,2711900.98,2025-07-29 13:15:46.894922
Spindle_Time,739504.062,2025-07-29 13:15:46.894922
Feed_Override,100,2025-07-29 13:15:46.894922
Feed_Rate,0,2025-07-29 13:15:46.894922
Program_Runtime_Seconds,16,2025-07-29 13:15:46.894922
Rapid_Override,100,2025-07-29 13:15:46.894922
Rapid_Speed,0,2025-07-29 13:15:46.894922
S_Axis_Load,0,2025-07-29 13:15:46.894922
Spindle_Override,100,2025-07-29 13:15:46.894922
Spindle_Speed,0,2025-07-29 13:15:46.894922
X_Axis_Load,5,2025-07-29 13:15:46.894922
X_Position,75.6054075438218,2025-07-29 13:15:46.894922
Y_Axis_Load,5,2025-07-29 13:15:46.894922
Y_Position,455.763797015502,2025-07-29 13:15:46.894922
Z_Axis_Load,40,2025-07-29 13:15:46.894922
Z_Position,-99.8669982674121,2025-07-29 13:15:46.894922
COR_Status,1,2025-07-29 13:15:46.894922
Controller_Mode,AUTO,2025-07-29 13:15:46.894922
EStop_State,ARMED,2025-07-29 13:15:46.894922
Machine_Mode,5,2025-07-29 13:15:46.894922
Block_Number,228,2025-07-29 13:15:46.894922
Current_Tool,4,2025-07-29 13:15:46.894922
Part_Count,19,2025-07-29 13:15:46.894922
Program_Name_Running,000473_A_A_PROGRAM_2.NC,2025-07-29 13:15:46.894922
spindle motor v_rms,0.1,2025-07-29 13:15:46.894922
spindle motor a_peak,700,2025-07-29 13:15:46.894922
spindle motor a_rms,200,2025-07-29 13:15:46.894922
spindle motor temp,35.9,2025-07-29 13:15:46.894922
spindle motor crest,3.0,2025-07-29 13:15:46.894922
z-axis bearing v_rms,0.0,2025-07-29 13:15:46.894922
z-axis bearing a_peak,400,2025-07-29 13:15:46.894922
z-axis bearing a_rms,100,2025-07-29 13:15:46.894922
z-axis bearing temp,24.2,2025-07-29 13:15:46.894922
z-axis bearing crest,5.2,2025-07-29 13:15:46.894922
z-axis motor v_rms,0.1,2025-07-29 13:15:46.894922
z-axis motor a_peak,500,2025-07-29 13:15:46.894922
z-axis motor a_rms,100,2025-07-29 13:15:46.894922
z-axis motor temp,29.6,2025-07-29 13:15:46.894922
z-axis motor crest,3.5,2025-07-29 13:15:46.894922
y-axis bearing v_rms,0.0,2025-07-29 13:15:46.894922
y-axis bearing a_peak,200,2025-07-29 13:15:46.894922
y-axis bearing a_rms,100,2025-07-29 13:15:46.894922
y-axis bearing temp,22.8,2025-07-29 13:15:46.894922
y-axis bearing crest,3.9,2025-07-29 13:15:46.894922
y-axis motor v_rms,0.1,2025-07-29 13:15:46.894922
y-axis motor a_peak,400,2025-07-29 13:15:46.894922
y-axis motor a_rms,100,2025-07-29 13:15:46.894922
y-axis motor temp,25.3,2025-07-29 13:15:46.894922
y-axis motor crest,3.8,2025-07-29 13:15:46.894922
x-axis motor v_rms,0.0,2025-07-29 13:15:46.894922
x-axis motor a_peak,200,2025-07-29 13:15:46.894922
x-axis motor a_rms,0,2025-07-29 13:15:46.894922
x-axis motor temp,23.0,2025-07-29 13:15:46.894922
x-axis motor crest,4.0,2025-07-29 13:15:46.894922
voltage,132.86666666666667,2025-07-29 13:15:46.894922
current,6.086666666666666,2025-07-29 13:15:46.894922
active power,644.3333333333334,2025-07-29 13:15:46.894922
forward kWh,41.904,2025-07-29 13:15:46.894922
reverse kWh,1.2703333333333333,2025-07-29 13:15:46.894922
frequency,60.0,2025-07-29 13:15:46.894922
power factor,0.7833333333333333,2025-07-29 13:15:46.894922
featureId,UNAVAILABLE,2025-07-29 13:15:49.506802
partKindId,7606F116-3463-4EEF-96CC-1AC408FAA001,2025-07-29 13:15:49.506802
processKindId,NONE,2025-07-29 13:15:49.506802
A_Axis_Load,7,2025-07-29 13:15:49.506802
A_Position,0.000668021023909704,2025-07-29 13:15:49.506802
C_Axis_Load,3,2025-07-29 13:15:49.506802
C_Position,30.0005,2025-07-29 13:15:49.506802
Machine_Time,2711900.98,2025-07-29 13:15:49.506802
Spindle_Time,739504.062,2025-07-29 13:15:49.506802
Feed_Override,100,2025-07-29 13:15:49.506802
Feed_Rate,0,2025-07-29 13:15:49.506802
Program_Runtime_Seconds,19,2025-07-29 13:15:49.506802
Rapid_Override,100,2025-07-29 13:15:49.506802
Rapid_Speed,0,2025-07-29 13:15:49.506802
S_Axis_Load,0,2025-07-29 13:15:49.506802
Spindle_Override,100,2025-07-29 13:15:49.506802
Spindle_Speed,0,2025-07-29 13:15:49.506802
X_Axis_Load,5,2025-07-29 13:15:49.506802
X_Position,75.6053960988366,2025-07-29 13:15:49.506802
Y_Axis_Load,5,2025-07-29 13:15:49.506802
Y_Position,455.763797015502,2025-07-29 13:15:49.506802
Z_Axis_Load,40,2025-07-29 13:15:49.506802
Z_Position,-99.8669982674121,2025-07-29 13:15:49.506802
COR_Status,1,2025-07-29 13:15:49.506802
Controller_Mode,AUTO,2025-07-29 13:15:49.506802
EStop_State,ARMED,2025-07-29 13:15:49.506802
Machine_Mode,5,2025-07-29 13:15:49.506802
Block_Number,228,2025-07-29 13:15:49.506802
Current_Tool,4,2025-07-29 13:15:49.506802
Part_Count,19,2025-07-29 13:15:49.506802
Program_Name_Running,000473_A_A_PROGRAM_2.NC,2025-07-29 13:15:49.506802
spindle motor v_rms,0.1,2025-07-29 13:15:49.506802
spindle motor a_peak,700,2025-07-29 13:15:49.506802
spindle motor a_rms,200,2025-07-29 13:15:49.506802
spindle motor temp,35.9,2025-07-29 13:15:49.506802
spindle motor crest,3.1,2025-07-29 13:15:49.506802
z-axis bearing v_rms,0.0,2025-07-29 13:15:49.506802
z-axis bearing a_peak,300,2025-07-29 13:15:49.506802
z-axis bearing a_rms,100,2025-07-29 13:15:49.506802
z-axis bearing temp,24.2,2025-07-29 13:15:49.506802
z-axis bearing crest,5.0,2025-07-29 13:15:49.506802
z-axis motor v_rms,0.1,2025-07-29 13:15:49.506802
z-axis motor a_peak,500,2025-07-29 13:15:49.506802
z-axis motor a_rms,100,2025-07-29 13:15:49.506802
z-axis motor temp,29.6,2025-07-29 13:15:49.506802
z-axis motor crest,3.5,2025-07-29 13:15:49.506802
y-axis bearing v_rms,0.0,2025-07-29 13:15:49.506802
y-axis bearing a_peak,200,2025-07-29 13:15:49.506802
y-axis bearing a_rms,100,2025-07-29 13:15:49.506802
y-axis bearing temp,22.8,2025-07-29 13:15:49.506802
y-axis bearing crest,3.9,2025-07-29 13:15:49.506802
y-axis motor v_rms,0.1,2025-07-29 13:15:49.506802
y-axis motor a_peak,400,2025-07-29 13:15:49.506802
y-axis motor a_rms,100,2025-07-29 13:15:49.506802
y-axis motor temp,25.3,2025-07-29 13:15:49.506802
y-axis motor crest,3.8,2025-07-29 13:15:49.506802
x-axis motor v_rms,0.0,2025-07-29 13:15:49.506802
x-axis motor a_peak,200,2025-07-29 13:15:49.506802
x-axis motor a_rms,0,2025-07-29 13:15:49.506802
x-axis motor temp,23.0,2025-07-29 13:15:49.506802
x-axis motor crest,3.9,2025-07-29 13:15:49.506802
voltage,132.86666666666667,2025-07-29 13:15:49.506802
current,6.073333333333333,2025-07-29 13:15:49.506802
active power,641.3333333333334,2025-07-29 13:15:49.506802
forward kWh,41.90533333333333,2025-07-29 13:15:49.506802
reverse kWh,1.2703333333333333,2025-07-29 13:15:49.506802
frequency,60.0,2025-07-29 13:15:49.506802
power factor,0.8033333333333333,2025-07-29 13:15:49.506802
featureId,UNAVAILABLE,2025-07-29 13:15:50.506952
partKindId,7606F116-3463-4EEF-96CC-1AC408FAA001,2025-07-29 13:15:50.506952
processKindId,NONE,2025-07-29 13:15:50.506952
A_Axis_Load,7,2025-07-29 13:15:50.506952
A_Position,0.000668021023909704,2025-07-29 13:15:50.506952
C_Axis_Load,3,2025-07-29 13:15:50.506952
C_Position,30.0005,2025-07-29 13:15:50.506952
Machine_Time,2711900.98,2025-07-29 13:15:50.506952
Spindle_Time,739504.062,2025-07-29 13:15:50.506952
Feed_Override,100,2025-07-29 13:15:50.506952
Feed_Rate,0,2025-07-29 13:15:50.506952
Program_Runtime_Seconds,19,2025-07-29 13:15:50.506952
Rapid_Override,100,2025-07-29 13:15:50.506952
Rapid_Speed,0,2025-07-29 13:15:50.506952
S_Axis_Load,2,2025-07-29 13:15:50.506952
Spindle_Override,100,2025-07-29 13:15:50.506952
Spindle_Speed,0,2025-07-29 13:15:50.506952
X_Axis_Load,5,2025-07-29 13:15:50.506952
X_Position,75.6053960988366,2025-07-29 13:15:50.506952
Y_Axis_Load,5,2025-07-29 13:15:50.506952
Y_Position,455.763797015502,2025-07-29 13:15:50.506952
Z_Axis_Load,40,2025-07-29 13:15:50.506952
Z_Position,-99.8669982674121,2025-07-29 13:15:50.506952
COR_Status,1,2025-07-29 13:15:50.506952
Controller_Mode,AUTO,2025-07-29 13:15:50.506952
EStop_State,ARMED,2025-07-29 13:15:50.506952
Machine_Mode,5,2025-07-29 13:15:50.506952
Block_Number,228,2025-07-29 13:15:50.506952
Current_Tool,4,2025-07-29 13:15:50.506952
Part_Count,19,2025-07-29 13:15:50.506952
Program_Name_Running,000473_A_A_PROGRAM_2.NC,2025-07-29 13:15:50.506952
spindle motor v_rms,0.1,2025-07-29 13:15:50.506952
spindle motor a_peak,700,2025-07-29 13:15:50.506952
spindle motor a_rms,200,2025-07-29 13:15:50.506952
spindle motor temp,35.9,2025-07-29 13:15:50.506952
spindle motor crest,3.2,2025-07-29 13:15:50.506952
z-axis bearing v_rms,0.1,2025-07-29 13:15:50.506952
z-axis bearing a_peak,500,2025-07-29 13:15:50.506952
z-axis bearing a_rms,100,2025-07-29 13:15:50.506952
z-axis bearing temp,24.2,2025-07-29 13:15:50.506952
z-axis bearing crest,6.3,2025-07-29 13:15:50.506952
z-axis motor v_rms,0.1,2025-07-29 13:15:50.506952
z-axis motor a_peak,500,2025-07-29 13:15:50.506952
z-axis motor a_rms,200,2025-07-29 13:15:50.506952
z-axis motor temp,29.6,2025-07-29 13:15:50.506952
z-axis motor crest,3.5,2025-07-29 13:15:50.506952
y-axis bearing v_rms,0.0,2025-07-29 13:15:50.506952
y-axis bearing a_peak,700,2025-07-29 13:15:50.506952
y-axis bearing a_rms,100,2025-07-29 13:15:50.506952
y-axis bearing temp,22.8,2025-07-29 13:15:50.506952
y-axis bearing crest,9.3,2025-07-29 13:15:50.506952
y-axis motor v_rms,0.1,2025-07-29 13:15:50.506952
y-axis motor a_peak,900,2025-07-29 13:15:50.506952
y-axis motor a_rms,100,2025-07-29 13:15:50.506952
y-axis motor temp,25.3,2025-07-29 13:15:50.506952
y-axis motor crest,6.4,2025-07-29 13:15:50.506952
x-axis motor v_rms,0.0,2025-07-29 13:15:50.506952
x-axis motor a_peak,300,2025-07-29 13:15:50.506952
x-axis motor a_rms,0,2025-07-29 13:15:50.506952
x-axis motor temp,23.0,2025-07-29 13:15:50.506952
x-axis motor crest,5.4,2025-07-29 13:15:50.506952
voltage,132.79999999999998,2025-07-29 13:15:50.506952
current,6.046666666666667,2025-07-29 13:15:50.506952
active power,636.6666666666666,2025-07-29 13:15:50.506952
forward kWh,41.90533333333333,2025-07-29 13:15:50.506952
reverse kWh,1.2703333333333333,2025-07-29 13:15:50.506952
frequency,60.0,2025-07-29 13:15:50.506952
power factor,0.7933333333333333,2025-07-29 13:15:50.506952
featureId,UNAVAILABLE,2025-07-29 13:15:51.507145
partKindId,7606F116-3463-4EEF-96CC-1AC408FAA001,2025-07-29 13:15:51.507145
processKindId,NONE,2025-07-29 13:15:51.507145
A_Axis_Load,7,2025-07-29 13:15:51.507145
A_Position,0.000668021023909704,2025-07-29 13:15:51.507145
C_Axis_Load,3,2025-07-29 13:15:51.507145
C_Position,30.0005,2025-07-29 13:15:51.507145
Machine_Time,2711900.98,2025-07-29 13:15:51.507145
Spindle_Time,739504.062,2025-07-29 13:15:51.507145
Feed_Override,100,2025-07-29 13:15:51.507145
Feed_Rate,0,2025-07-29 13:15:51.507145
Program_Runtime_Seconds,21,2025-07-29 13:15:51.507145
Rapid_Override,100,2025-07-29 13:15:51.507145
Rapid_Speed,0,2025-07-29 13:15:51.507145
S_Axis_Load,2,2025-07-29 13:15:51.507145
Spindle_Override,100,2025-07-29 13:15:51.507145
Spindle_Speed,0,2025-07-29 13:15:51.507145
X_Axis_Load,5,2025-07-29 13:15:51.507145
X_Position,75.6053960988366,2025-07-29 13:15:51.507145
Y_Axis_Load,5,2025-07-29 13:15:51.507145
Y_Position,455.76380846048,2025-07-29 13:15:51.507145
Z_Axis_Load,40,2025-07-29 13:15:51.507145
Z_Position,-99.8669982674121,2025-07-29 13:15:51.507145
COR_Status,1,2025-07-29 13:15:51.507145
Controller_Mode,AUTO,2025-07-29 13:15:51.507145
EStop_State,ARMED,2025-07-29 13:15:51.507145
Machine_Mode,5,2025-07-29 13:15:51.507145
Block_Number,228,2025-07-29 13:15:51.507145
Current_Tool,4,2025-07-29 13:15:51.507145
Part_Count,19,2025-07-29 13:15:51.507145
Program_Name_Running,000473_A_A_PROGRAM_2.NC,2025-07-29 13:15:51.507145
spindle motor v_rms,0.0,2025-07-29 13:15:51.507145
spindle motor a_peak,700,2025-07-29 13:15:51.507145
spindle motor a_rms,200,2025-07-29 13:15:51.507145
spindle motor temp,35.9,2025-07-29 13:15:51.507145
spindle motor crest,3.2,2025-07-29 13:15:51.507145
z-axis bearing v_rms,0.1,2025-07-29 13:15:51.507145
z-axis bearing a_peak,500,2025-07-29 13:15:51.507145
z-axis bearing a_rms,100,2025-07-29 13:15:51.507145
z-axis bearing temp,24.2,2025-07-29 13:15:51.507145
z-axis bearing crest,7.0,2025-07-29 13:15:51.507145
z-axis motor v_rms,0.1,2025-07-29 13:15:51.507145
z-axis motor a_peak,600,2025-07-29 13:15:51.507145
z-axis motor a_rms,200,2025-07-29 13:15:51.507145
z-axis motor temp,29.6,2025-07-29 13:15:51.507145
z-axis motor crest,3.7,2025-07-29 13:15:51.507145
y-axis bearing v_rms,0.0,2025-07-29 13:15:51.507145
y-axis bearing a_peak,600,2025-07-29 13:15:51.507145
y-axis bearing a_rms,100,2025-07-29 13:15:51.507145
y-axis bearing temp,22.8,2025-07-29 13:15:51.507145
y-axis bearing crest,9.9,2025-07-29 13:15:51.507145
y-axis motor v_rms,0.1,2025-07-29 13:15:51.507145
y-axis motor a_peak,1000,2025-07-29 13:15:51.507145
y-axis motor a_rms,100,2025-07-29 13:15:51.507145
y-axis motor temp,25.3,2025-07-29 13:15:51.507145
y-axis motor crest,8.1,2025-07-29 13:15:51.507145
x-axis motor v_rms,0.1,2025-07-29 13:15:51.507145
x-axis motor a_peak,300,2025-07-29 13:15:51.507145
x-axis motor a_rms,100,2025-07-29 13:15:51.507145
x-axis motor temp,23.0,2025-07-29 13:15:51.507145
x-axis motor crest,6.1,2025-07-29 13:15:51.507145
voltage,132.83333333333334,2025-07-29 13:15:51.507145
current,6.146666666666667,2025-07-29 13:15:51.507145
active power,653.0,2025-07-29 13:15:51.507145
forward kWh,41.90533333333333,2025-07-29 13:15:51.507145
reverse kWh,1.2703333333333333,2025-07-29 13:15:51.507145
frequency,60.0,2025-07-29 13:15:51.507145
power factor,0.7866666666666666,2025-07-29 13:15:51.507145
featureId,UNAVAILABLE,2025-07-29 13:15:52.507440
partKindId,7606F116-3463-4EEF-96CC-1AC408FAA001,2025-07-29 13:15:52.507440
processKindId,NONE,2025-07-29 13:15:52.507440
A_Axis_Load,7,2025-07-29 13:15:52.507440
A_Position,0.000668021023909704,2025-07-29 13:15:52.507440
C_Axis_Load,3,2025-07-29 13:15:52.507440
C_Position,30.0005,2025-07-29 13:15:52.507440
Machine_Time,2711900.98,2025-07-29 13:15:52.507440
Spindle_Time,739504.062,2025-07-29 13:15:52.507440
Feed_Override,100,2025-07-29 13:15:52.507440
Feed_Rate,0,2025-07-29 13:15:52.507440
Program_Runtime_Seconds,22,2025-07-29 13:15:52.507440
Rapid_Override,100,2025-07-29 13:15:52.507440
Rapid_Speed,0,2025-07-29 13:15:52.507440
S_Axis_Load,0,2025-07-29 13:15:52.507440
Spindle_Override,100,2025-07-29 13:15:52.507440
Spindle_Speed,0,2025-07-29 13:15:52.507440
X_Axis_Load,5,2025-07-29 13:15:52.507440
X_Position,75.6053960988366,2025-07-29 13:15:52.507440
Y_Axis_Load,5,2025-07-29 13:15:52.507440
Y_Position,455.76380846048,2025-07-29 13:15:52.507440
Z_Axis_Load,38,2025-07-29 13:15:52.507440
Z_Position,-99.8669639370169,2025-07-29 13:15:52.507440
COR_Status,1,2025-07-29 13:15:52.507440
Controller_Mode,AUTO,2025-07-29 13:15:52.507440
EStop_State,ARMED,2025-07-29 13:15:52.507440
Machine_Mode,5,2025-07-29 13:15:52.507440
Block_Number,228,2025-07-29 13:15:52.507440
Current_Tool,4,2025-07-29 13:15:52.507440
Part_Count,19,2025-07-29 13:15:52.507440
Program_Name_Running,000473_A_A_PROGRAM_2.NC,2025-07-29 13:15:52.507440
spindle motor v_rms,0.2,2025-07-29 13:15:52.507440
spindle motor a_peak,2000,2025-07-29 13:15:52.507440
spindle motor a_rms,300,2025-07-29 13:15:52.507440
spindle motor temp,35.9,2025-07-29 13:15:52.507440
spindle motor crest,7.3,2025-07-29 13:15:52.507440
z-axis bearing v_rms,0.1,2025-07-29 13:15:52.507440
z-axis bearing a_peak,3700,2025-07-29 13:15:52.507440
z-axis bearing a_rms,300,2025-07-29 13:15:52.507440
z-axis bearing temp,24.2,2025-07-29 13:15:52.507440
z-axis bearing crest,11.0,2025-07-29 13:15:52.507440
z-axis motor v_rms,0.3,2025-07-29 13:15:52.507440
z-axis motor a_peak,2100,2025-07-29 13:15:52.507440
z-axis motor a_rms,300,2025-07-29 13:15:52.507440
z-axis motor temp,29.6,2025-07-29 13:15:52.507440
z-axis motor crest,6.7,2025-07-29 13:15:52.507440
y-axis bearing v_rms,0.1,2025-07-29 13:15:52.507440
y-axis bearing a_peak,1000,2025-07-29 13:15:52.507440
y-axis bearing a_rms,100,2025-07-29 13:15:52.507440
y-axis bearing temp,22.8,2025-07-29 13:15:52.507440
y-axis bearing crest,9.7,2025-07-29 13:15:52.507440
y-axis motor v_rms,0.1,2025-07-29 13:15:52.507440
y-axis motor a_peak,2100,2025-07-29 13:15:52.507440
y-axis motor a_rms,200,2025-07-29 13:15:52.507440
y-axis motor temp,25.3,2025-07-29 13:15:52.507440
y-axis motor crest,9.3,2025-07-29 13:15:52.507440
x-axis motor v_rms,0.2,2025-07-29 13:15:52.507440
x-axis motor a_peak,400,2025-07-29 13:15:52.507440
x-axis motor a_rms,100,2025-07-29 13:15:52.507440
x-axis motor temp,23.0,2025-07-29 13:15:52.507440
x-axis motor crest,5.2,2025-07-29 13:15:52.507440
voltage,133.03333333333333,2025-07-29 13:15:52.507440
current,4.723333333333334,2025-07-29 13:15:52.507440
active power,544.6666666666666,2025-07-29 13:15:52.507440
forward kWh,41.90533333333333,2025-07-29 13:15:52.507440
reverse kWh,1.2703333333333333,2025-07-29 13:15:52.507440
frequency,60.0,2025-07-29 13:15:52.507440
power factor,0.8466666666666667,2025-07-29 13:15:52.507440
featureId,UNAVAILABLE,2025-07-29 13:15:53.507591
partKindId,7606F116-3463-4EEF-96CC-1AC408FAA001,2025-07-29 13:15:53.507591
processKindId,NONE,2025-07-29 13:15:53.507591
A_Axis_Load,7,2025-07-29 13:15:53.507591
A_Position,0.000668021023909704,2025-07-29 13:15:53.507591
C_Axis_Load,3,2025-07-29 13:15:53.507591
C_Position,30.0005,2025-07-29 13:15:53.507591
Machine_Time,2711900.98,2025-07-29 13:15:53.507591
Spindle_Time,739504.062,2025-07-29 13:15:53.507591
Feed_Override,100,2025-07-29 13:15:53.507591
Feed_Rate,0,2025-07-29 13:15:53.507591
Program_Runtime_Seconds,23,2025-07-29 13:15:53.507591
Rapid_Override,100,2025-07-29 13:15:53.507591
Rapid_Speed,0,2025-07-29 13:15:53.507591
S_Axis_Load,0,2025-07-29 13:15:53.507591
Spindle_Override,100,2025-07-29 13:15:53.507591
Spindle_Speed,0,2025-07-29 13:15:53.507591
X_Axis_Load,5,2025-07-29 13:15:53.507591
X_Position,75.6054075438218,2025-07-29 13:15:53.507591
Y_Axis_Load,4,2025-07-29 13:15:53.507591
Y_Position,455.763831350435,2025-07-29 13:15:53.507591
Z_Axis_Load,36,2025-07-29 13:15:53.507591
Z_Position,-99.8668151719709,2025-07-29 13:15:53.507591
COR_Status,1,2025-07-29 13:15:53.507591
Controller_Mode,AUTO,2025-07-29 13:15:53.507591
EStop_State,ARMED,2025-07-29 13:15:53.507591
Machine_Mode,5,2025-07-29 13:15:53.507591
Block_Number,228,2025-07-29 13:15:53.507591
Current_Tool,86,2025-07-29 13:15:53.507591
Part_Count,19,2025-07-29 13:15:53.507591
Program_Name_Running,000473_A_A_PROGRAM_2.NC,2025-07-29 13:15:53.507591
spindle motor v_rms,0.2,2025-07-29 13:15:53.507591
spindle motor a_peak,13000,2025-07-29 13:15:53.507591
spindle motor a_rms,700,2025-07-29 13:15:53.507591
spindle motor temp,35.9,2025-07-29 13:15:53.507591
spindle motor crest,17.4,2025-07-29 13:15:53.507591
z-axis bearing v_rms,0.1,2025-07-29 13:15:53.507591
z-axis bearing a_peak,8500,2025-07-29 13:15:53.507591
z-axis bearing a_rms,700,2025-07-29 13:15:53.507591
z-axis bearing temp,24.2,2025-07-29 13:15:53.507591
z-axis bearing crest,12.6,2025-07-29 13:15:53.507591
z-axis motor v_rms,0.3,2025-07-29 13:15:53.507591
z-axis motor a_peak,4300,2025-07-29 13:15:53.507591
z-axis motor a_rms,400,2025-07-29 13:15:53.507591
z-axis motor temp,29.6,2025-07-29 13:15:53.507591
z-axis motor crest,10.9,2025-07-29 13:15:53.507591
y-axis bearing v_rms,0.1,2025-07-29 13:15:53.507591
y-axis bearing a_peak,1500,2025-07-29 13:15:53.507591
y-axis bearing a_rms,100,2025-07-29 13:15:53.507591
y-axis bearing temp,22.8,2025-07-29 13:15:53.507591
y-axis bearing crest,9.9,2025-07-29 13:15:53.507591
y-axis motor v_rms,0.2,2025-07-29 13:15:53.507591
y-axis motor a_peak,2800,2025-07-29 13:15:53.507591
y-axis motor a_rms,400,2025-07-29 13:15:53.507591
y-axis motor temp,25.3,2025-07-29 13:15:53.507591
y-axis motor crest,7.6,2025-07-29 13:15:53.507591
x-axis motor v_rms,0.2,2025-07-29 13:15:53.507591
x-axis motor a_peak,400,2025-07-29 13:15:53.507591
x-axis motor a_rms,100,2025-07-29 13:15:53.507591
x-axis motor temp,23.0,2025-07-29 13:15:53.507591
x-axis motor crest,4.9,2025-07-29 13:15:53.507591
voltage,132.9,2025-07-29 13:15:53.507591
current,5.7,2025-07-29 13:15:53.507591
active power,578.6666666666666,2025-07-29 13:15:53.507591
forward kWh,41.906,2025-07-29 13:15:53.507591
reverse kWh,1.2703333333333333,2025-07-29 13:15:53.507591
frequency,59.99,2025-07-29 13:15:53.507591
power factor,0.7466666666666666,2025-07-29 13:15:53.507591
featureId,UNAVAILABLE,2025-07-29 13:15:54.872295
partKindId,7606F116-3463-4EEF-96CC-1AC408FAA001,2025-07-29 13:15:54.872295
processKindId,0279764B-BF92-4F75-8255-A1BD34484848,2025-07-29 13:15:54.872295
A_Axis_Load,7,2025-07-29 13:15:54.872295
A_Position,0.000668021023909704,2025-07-29 13:15:54.872295
C_Axis_Load,3,2025-07-29 13:15:54.872295
C_Position,30.0005,2025-07-29 13:15:54.872295
Machine_Time,2711900.98,2025-07-29 13:15:54.872295
Spindle_Time,739504.062,2025-07-29 13:15:54.872295
Feed_Override,100,2025-07-29 13:15:54.872295
Feed_Rate,0,2025-07-29 13:15:54.872295
Program_Runtime_Seconds,24,2025-07-29 13:15:54.872295
Rapid_Override,100,2025-07-29 13:15:54.872295
Rapid_Speed,0,2025-07-29 13:15:54.872295
S_Axis_Load,0,2025-07-29 13:15:54.872295
Spindle_Override,100,2025-07-29 13:15:54.872295
Spindle_Speed,0,2025-07-29 13:15:54.872295
X_Axis_Load,5,2025-07-29 13:15:54.872295
X_Position,77.6608225181786,2025-07-29 13:15:54.872295
Y_Axis_Load,4,2025-07-29 13:15:54.872295
Y_Position,454.309534500292,2025-07-29 13:15:54.872295
Z_Axis_Load,35,2025-07-29 13:15:54.872295
Z_Position,-99.8669982674121,2025-07-29 13:15:54.872295
COR_Status,1,2025-07-29 13:15:54.872295
Controller_Mode,AUTO,2025-07-29 13:15:54.872295
EStop_State,ARMED,2025-07-29 13:15:54.872295
Machine_Mode,5,2025-07-29 13:15:54.872295
Block_Number,230,2025-07-29 13:15:54.872295
Current_Tool,86,2025-07-29 13:15:54.872295
Part_Count,19,2025-07-29 13:15:54.872295
Program_Name_Running,O9735.FNC,2025-07-29 13:15:54.872295
spindle motor v_rms,0.1,2025-07-29 13:15:54.872295
spindle motor a_peak,8500,2025-07-29 13:15:54.872295
spindle motor a_rms,1700,2025-07-29 13:15:54.872295
spindle motor temp,35.9,2025-07-29 13:15:54.872295
spindle motor crest,5.1,2025-07-29 13:15:54.872295
z-axis bearing v_rms,0.1,2025-07-29 13:15:54.872295
z-axis bearing a_peak,2800,2025-07-29 13:15:54.872295
z-axis bearing a_rms,500,2025-07-29 13:15:54.872295
z-axis bearing temp,24.2,2025-07-29 13:15:54.872295
z-axis bearing crest,6.0,2025-07-29 13:15:54.872295
z-axis motor v_rms,0.1,2025-07-29 13:15:54.872295
z-axis motor a_peak,800,2025-07-29 13:15:54.872295
z-axis motor a_rms,200,2025-07-29 13:15:54.872295
z-axis motor temp,29.6,2025-07-29 13:15:54.872295
z-axis motor crest,4.4,2025-07-29 13:15:54.872295
y-axis bearing v_rms,0.1,2025-07-29 13:15:54.872295
y-axis bearing a_peak,5800,2025-07-29 13:15:54.872295
y-axis bearing a_rms,1000,2025-07-29 13:15:54.872295
y-axis bearing temp,22.8,2025-07-29 13:15:54.872295
y-axis bearing crest,5.8,2025-07-29 13:15:54.872295
y-axis motor v_rms,0.3,2025-07-29 13:15:54.872295
y-axis motor a_peak,28700,2025-07-29 13:15:54.872295
y-axis motor a_rms,7900,2025-07-29 13:15:54.872295
y-axis motor temp,25.3,2025-07-29 13:15:54.872295
y-axis motor crest,3.6,2025-07-29 13:15:54.872295
x-axis motor v_rms,0.4,2025-07-29 13:15:54.872295
x-axis motor a_peak,700,2025-07-29 13:15:54.872295
x-axis motor a_rms,200,2025-07-29 13:15:54.872295
x-axis motor temp,23.0,2025-07-29 13:15:54.872295
x-axis motor crest,4.8,2025-07-29 13:15:54.872295
voltage,131.76666666666668,2025-07-29 13:15:54.872295
current,26.656666666666666,2025-07-29 13:15:54.872295
active power,2980.3333333333335,2025-07-29 13:15:54.872295
forward kWh,41.907666666666664,2025-07-29 13:15:54.872295
reverse kWh,1.2703333333333333,2025-07-29 13:15:54.872295
frequency,59.99,2025-07-29 13:15:54.872295
power factor,1.0,2025-07-29 13:15:54.872295
featureId,UNAVAILABLE,2025-07-29 13:15:56.876815
partKindId,7606F116-3463-4EEF-96CC-1AC408FAA001,2025-07-29 13:15:56.876815
processKindId,0279764B-BF92-4F75-8255-A1BD34484848,2025-07-29 13:15:56.876815
A_Axis_Load,7,2025-07-29 13:15:56.876815
A_Position,0.000668021023909704,2025-07-29 13:15:56.876815
C_Axis_Load,3,2025-07-29 13:15:56.876815
C_Position,30.0005,2025-07-29 13:15:56.876815
Machine_Time,2711900.98,2025-07-29 13:15:56.876815
Spindle_Time,739504.062,2025-07-29 13:15:56.876815
Feed_Override,100,2025-07-29 13:15:56.876815
Feed_Rate,0,2025-07-29 13:15:56.876815
Program_Runtime_Seconds,26,2025-07-29 13:15:56.876815
Rapid_Override,100,2025-07-29 13:15:56.876815
Rapid_Speed,0,2025-07-29 13:15:56.876815
S_Axis_Load,14,2025-07-29 13:15:56.876815
Spindle_Override,100,2025-07-29 13:15:56.876815
Spindle_Speed,5835.02241340342,2025-07-29 13:15:56.876815
X_Axis_Load,5,2025-07-29 13:15:56.876815
X_Position,362.404404499582,2025-07-29 13:15:56.876815
Y_Axis_Load,5,2025-07-29 13:15:56.876815
Y_Position,252.563799549553,2025-07-29 13:15:56.876815
Z_Axis_Load,28,2025-07-29 13:15:56.876815
Z_Position,-295.737594191104,2025-07-29 13:15:56.876815
COR_Status,1,2025-07-29 13:15:56.876815
Controller_Mode,AUTO,2025-07-29 13:15:56.876815
EStop_State,ARMED,2025-07-29 13:15:56.876815
Machine_Mode,5,2025-07-29 13:15:56.876815
Block_Number,233,2025-07-29 13:15:56.876815
Current_Tool,86,2025-07-29 13:15:56.876815
Part_Count,19,2025-07-29 13:15:56.876815
Program_Name_Running,000473_A_A_PROGRAM_2.NC,2025-07-29 13:15:56.876815
spindle motor v_rms,0.2,2025-07-29 13:15:56.876815
spindle motor a_peak,6700,2025-07-29 13:15:56.876815
spindle motor a_rms,2100,2025-07-29 13:15:56.876815
spindle motor temp,35.9,2025-07-29 13:15:56.876815
spindle motor crest,3.3,2025-07-29 13:15:56.876815
z-axis bearing v_rms,0.1,2025-07-29 13:15:56.876815
z-axis bearing a_peak,1400,2025-07-29 13:15:56.876815
z-axis bearing a_rms,300,2025-07-29 13:15:56.876815
z-axis bearing temp,24.2,2025-07-29 13:15:56.876815
z-axis bearing crest,4.6,2025-07-29 13:15:56.876815
z-axis motor v_rms,0.1,2025-07-29 13:15:56.876815
z-axis motor a_peak,1600,2025-07-29 13:15:56.876815
z-axis motor a_rms,200,2025-07-29 13:15:56.876815
z-axis motor temp,29.6,2025-07-29 13:15:56.876815
z-axis motor crest,7.7,2025-07-29 13:15:56.876815
y-axis bearing v_rms,0.1,2025-07-29 13:15:56.876815
y-axis bearing a_peak,400,2025-07-29 13:15:56.876815
y-axis bearing a_rms,100,2025-07-29 13:15:56.876815
y-axis bearing temp,22.8,2025-07-29 13:15:56.876815
y-axis bearing crest,4.3,2025-07-29 13:15:56.876815
y-axis motor v_rms,0.2,2025-07-29 13:15:56.876815
y-axis motor a_peak,1500,2025-07-29 13:15:56.876815
y-axis motor a_rms,500,2025-07-29 13:15:56.876815
y-axis motor temp,25.3,2025-07-29 13:15:56.876815
y-axis motor crest,3.2,2025-07-29 13:15:56.876815
x-axis motor v_rms,0.1,2025-07-29 13:15:56.876815
x-axis motor a_peak,200,2025-07-29 13:15:56.876815
x-axis motor a_rms,100,2025-07-29 13:15:56.876815
x-axis motor temp,23.0,2025-07-29 13:15:56.876815
x-axis motor crest,3.4,2025-07-29 13:15:56.876815
voltage,131.76666666666668,2025-07-29 13:15:56.876815
current,26.656666666666666,2025-07-29 13:15:56.876815
active power,2980.3333333333335,2025-07-29 13:15:56.876815
forward kWh,41.907666666666664,2025-07-29 13:15:56.876815
reverse kWh,1.2703333333333333,2025-07-29 13:15:56.876815
frequency,59.99,2025-07-29 13:15:56.876815
power factor,1.0,2025-07-29 13:15:56.876815
featureId,UNAVAILABLE,2025-07-29 13:15:58.490878
partKindId,7606F116-3463-4EEF-96CC-1AC408FAA001,2025-07-29 13:15:58.490878
processKindId,0279764B-BF92-4F75-8255-A1BD34484848,2025-07-29 13:15:58.490878
A_Axis_Load,7,2025-07-29 13:15:58.490878
A_Position,0.000668021023909704,2025-07-29 13:15:58.490878
C_Axis_Load,3,2025-07-29 13:15:58.490878
C_Position,30.0005,2025-07-29 13:15:58.490878
Machine_Time,2711900.98,2025-07-29 13:15:58.490878
Spindle_Time,739504.062,2025-07-29 13:15:58.490878
Feed_Override,100,2025-07-29 13:15:58.490878
Feed_Rate,70.41667,2025-07-29 13:15:58.490878
Program_Runtime_Seconds,27,2025-07-29 13:15:58.490878
Rapid_Override,100,2025-07-29 13:15:58.490878
Rapid_Speed,0,2025-07-29 13:15:58.490878
S_Axis_Load,1,2025-07-29 13:15:58.490878
Spindle_Override,100,2025-07-29 13:15:58.490878
Spindle_Speed,6914,2025-07-29 13:15:58.490878
X_Axis_Load,7,2025-07-29 13:15:58.490878
X_Position,398.40589259268,2025-07-29 13:15:58.490878
Y_Axis_Load,5,2025-07-29 13:15:58.490878
Y_Position,252.563788105528,2025-07-29 13:15:58.490878
Z_Axis_Load,34,2025-07-29 13:15:58.490878
Z_Position,-292.856361658242,2025-07-29 13:15:58.490878
COR_Status,1,2025-07-29 13:15:58.490878
Controller_Mode,AUTO,2025-07-29 13:15:58.490878
EStop_State,ARMED,2025-07-29 13:15:58.490878
Machine_Mode,5,2025-07-29 13:15:58.490878
Block_Number,237,2025-07-29 13:15:58.490878
Current_Tool,86,2025-07-29 13:15:58.490878
Part_Count,19,2025-07-29 13:15:58.490878
Program_Name_Running,000473_A_A_PROGRAM_2.NC,2025-07-29 13:15:58.490878
spindle motor v_rms,0.3,2025-07-29 13:15:58.490878
spindle motor a_peak,2800,2025-07-29 13:15:58.490878
spindle motor a_rms,700,2025-07-29 13:15:58.490878
spindle motor temp,35.9,2025-07-29 13:15:58.490878
spindle motor crest,4.0,2025-07-29 13:15:58.490878
z-axis bearing v_rms,0.1,2025-07-29 13:15:58.490878
z-axis bearing a_peak,4100,2025-07-29 13:15:58.490878
z-axis bearing a_rms,500,2025-07-29 13:15:58.490878
z-axis bearing temp,24.2,2025-07-29 13:15:58.490878
z-axis bearing crest,8.0,2025-07-29 13:15:58.490878
z-axis motor v_rms,0.3,2025-07-29 13:15:58.490878
z-axis motor a_peak,11900,2025-07-29 13:15:58.490878
z-axis motor a_rms,1900,2025-07-29 13:15:58.490878
z-axis motor temp,29.6,2025-07-29 13:15:58.490878
z-axis motor crest,6.4,2025-07-29 13:15:58.490878
y-axis bearing v_rms,0.1,2025-07-29 13:15:58.490878
y-axis bearing a_peak,400,2025-07-29 13:15:58.490878
y-axis bearing a_rms,100,2025-07-29 13:15:58.490878
y-axis bearing temp,22.8,2025-07-29 13:15:58.490878
y-axis bearing crest,5.2,2025-07-29 13:15:58.490878
y-axis motor v_rms,0.1,2025-07-29 13:15:58.490878
y-axis motor a_peak,900,2025-07-29 13:15:58.490878
y-axis motor a_rms,300,2025-07-29 13:15:58.490878
y-axis motor temp,25.3,2025-07-29 13:15:58.490878
y-axis motor crest,3.1,2025-07-29 13:15:58.490878
x-axis motor v_rms,0.1,2025-07-29 13:15:58.490878
x-axis motor a_peak,200,2025-07-29 13:15:58.490878
x-axis motor a_rms,100,2025-07-29 13:15:58.490878
x-axis motor temp,23.0,2025-07-29 13:15:58.490878
x-axis motor crest,3.8,2025-07-29 13:15:58.490878
voltage,132.79999999999998,2025-07-29 13:15:58.490878
current,7.760000000000001,2025-07-29 13:15:58.490878
active power,908.0,2025-07-29 13:15:58.490878
forward kWh,41.909666666666666,2025-07-29 13:15:58.490878
reverse kWh,1.2703333333333333,2025-07-29 13:15:58.490878
frequency,60.0,2025-07-29 13:15:58.490878
power factor,0.96,2025-07-29 13:15:58.490878
featureId,UNAVAILABLE,2025-07-29 13:16:00.955209
partKindId,7606F116-3463-4EEF-96CC-1AC408FAA001,2025-07-29 13:16:00.955209
processKindId,NONE,2025-07-29 13:16:00.955209
A_Axis_Load,7,2025-07-29 13:16:00.955209
A_Position,0.000668021023909704,2025-07-29 13:16:00.955209
C_Axis_Load,3,2025-07-29 13:16:00.955209
C_Position,30.0005,2025-07-29 13:16:00.955209
Machine_Time,2711900.98,2025-07-29 13:16:00.955209
Spindle_Time,739504.062,2025-07-29 13:16:00.955209
Feed_Override,100,2025-07-29 13:16:00.955209
Feed_Rate,622.7667,2025-07-29 13:16:00.955209
Program_Runtime_Seconds,30,2025-07-29 13:16:00.955209
Rapid_Override,100,2025-07-29 13:16:00.955209
Rapid_Speed,0,2025-07-29 13:16:00.955209
S_Axis_Load,14,2025-07-29 13:16:00.955209
Spindle_Override,100,2025-07-29 13:16:00.955209
Spindle_Speed,5202.95424495105,2025-07-29 13:16:00.955209
X_Axis_Load,82,2025-07-29 13:16:00.955209
X_Position,291.335519416576,2025-07-29 13:16:00.955209
Y_Axis_Load,43,2025-07-29 13:16:00.955209
Y_Position,319.964162229848,2025-07-29 13:16:00.955209
Z_Axis_Load,39,2025-07-29 13:16:00.955209
Z_Position,-197.904383916679,2025-07-29 13:16:00.955209
COR_Status,1,2025-07-29 13:16:00.955209
Controller_Mode,AUTO,2025-07-29 13:16:00.955209
EStop_State,ARMED,2025-07-29 13:16:00.955209
Machine_Mode,5,2025-07-29 13:16:00.955209
Block_Number,246,2025-07-29 13:16:00.955209
Current_Tool,86,2025-07-29 13:16:00.955209
Part_Count,19,2025-07-29 13:16:00.955209
Program_Name_Running,000473_A_A_PROGRAM_2.NC,2025-07-29 13:16:00.955209
spindle motor v_rms,0.2,2025-07-29 13:16:00.955209
spindle motor a_peak,8100,2025-07-29 13:16:00.955209
spindle motor a_rms,2700,2025-07-29 13:16:00.955209
spindle motor temp,35.9,2025-07-29 13:16:00.955209
spindle motor crest,3.0,2025-07-29 13:16:00.955209
z-axis bearing v_rms,0.1,2025-07-29 13:16:00.955209
z-axis bearing a_peak,2800,2025-07-29 13:16:00.955209
z-axis bearing a_rms,700,2025-07-29 13:16:00.955209
z-axis bearing temp,24.2,2025-07-29 13:16:00.955209
z-axis bearing crest,3.7,2025-07-29 13:16:00.955209
z-axis motor v_rms,0.3,2025-07-29 13:16:00.955209
z-axis motor a_peak,1500,2025-07-29 13:16:00.955209
z-axis motor a_rms,600,2025-07-29 13:16:00.955209
z-axis motor temp,29.6,2025-07-29 13:16:00.955209
z-axis motor crest,2.3,2025-07-29 13:16:00.955209
y-axis bearing v_rms,0.1,2025-07-29 13:16:00.955209
y-axis bearing a_peak,4800,2025-07-29 13:16:00.955209
y-axis bearing a_rms,1100,2025-07-29 13:16:00.955209
y-axis bearing temp,22.8,2025-07-29 13:16:00.955209
y-axis bearing crest,4.3,2025-07-29 13:16:00.955209
y-axis motor v_rms,0.3,2025-07-29 13:16:00.955209
y-axis motor a_peak,24100,2025-07-29 13:16:00.955209
y-axis motor a_rms,6800,2025-07-29 13:16:00.955209
y-axis motor temp,25.3,2025-07-29 13:16:00.955209
y-axis motor crest,3.5,2025-07-29 13:16:00.955209
x-axis motor v_rms,0.7,2025-07-29 13:16:00.955209
x-axis motor a_peak,1400,2025-07-29 13:16:00.955209
x-axis motor a_rms,200,2025-07-29 13:16:00.955209
x-axis motor temp,23.0,2025-07-29 13:16:00.955209
x-axis motor crest,6.0,2025-07-29 13:16:00.955209
voltage,132.79999999999998,2025-07-29 13:16:00.955209
current,8.15,2025-07-29 13:16:00.955209
active power,882.6666666666666,2025-07-29 13:16:00.955209
forward kWh,41.909666666666666,2025-07-29 13:16:00.955209
reverse kWh,1.2703333333333333,2025-07-29 13:16:00.955209
frequency,59.99,2025-07-29 13:16:00.955209
power factor,0.4166666666666667,2025-07-29 13:16:00.955209
featureId,UNAVAILABLE,2025-07-29 13:16:01.955357
partKindId,7606F116-3463-4EEF-96CC-1AC408FAA001,2025-07-29 13:16:01.955357
processKindId,NONE,2025-07-29 13:16:01.955357
A_Axis_Load,7,2025-07-29 13:16:01.955357
A_Position,0.000668021023909704,2025-07-29 13:16:01.955357
C_Axis_Load,3,2025-07-29 13:16:01.955357
C_Position,30.0005,2025-07-29 13:16:01.955357
Machine_Time,2711900.98,2025-07-29 13:16:01.955357
Spindle_Time,739504.062,2025-07-29 13:16:01.955357
Feed_Override,100,2025-07-29 13:16:01.955357
Feed_Rate,0,2025-07-29 13:16:01.955357
Program_Runtime_Seconds,31,2025-07-29 13:16:01.955357
Rapid_Override,100,2025-07-29 13:16:01.955357
Rapid_Speed,0,2025-07-29 13:16:01.955357
S_Axis_Load,41,2025-07-29 13:16:01.955357
Spindle_Override,100,2025-07-29 13:16:01.955357
Spindle_Speed,1778.07067188114,2025-07-29 13:16:01.955357
X_Axis_Load,6,2025-07-29 13:16:01.955357
X_Position,75.6053846538513,2025-07-29 13:16:01.955357
Y_Axis_Load,5,2025-07-29 13:16:01.955357
Y_Position,455.763831350435,2025-07-29 13:16:01.955357
Z_Axis_Load,39,2025-07-29 13:16:01.955357
Z_Position,-197.904406807131,2025-07-29 13:16:01.955357
COR_Status,1,2025-07-29 13:16:01.955357
Controller_Mode,AUTO,2025-07-29 13:16:01.955357
EStop_State,ARMED,2025-07-29 13:16:01.955357
Machine_Mode,5,2025-07-29 13:16:01.955357
Block_Number,251,2025-07-29 13:16:01.955357
Current_Tool,86,2025-07-29 13:16:01.955357
Part_Count,19,2025-07-29 13:16:01.955357
Program_Name_Running,000473_A_A_PROGRAM_2.NC,2025-07-29 13:16:01.955357
spindle motor v_rms,0.1,2025-07-29 13:16:01.955357
spindle motor a_peak,11900,2025-07-29 13:16:01.955357
spindle motor a_rms,3200,2025-07-29 13:16:01.955357
spindle motor temp,35.9,2025-07-29 13:16:01.955357
spindle motor crest,3.7,2025-07-29 13:16:01.955357
z-axis bearing v_rms,0.1,2025-07-29 13:16:01.955357
z-axis bearing a_peak,800,2025-07-29 13:16:01.955357
z-axis bearing a_rms,200,2025-07-29 13:16:01.955357
z-axis bearing temp,24.2,2025-07-29 13:16:01.955357
z-axis bearing crest,4.9,2025-07-29 13:16:01.955357
z-axis motor v_rms,0.1,2025-07-29 13:16:01.955357
z-axis motor a_peak,3000,2025-07-29 13:16:01.955357
z-axis motor a_rms,700,2025-07-29 13:16:01.955357
z-axis motor temp,29.6,2025-07-29 13:16:01.955357
z-axis motor crest,4.0,2025-07-29 13:16:01.955357
y-axis bearing v_rms,0.0,2025-07-29 13:16:01.955357
y-axis bearing a_peak,500,2025-07-29 13:16:01.955357
y-axis bearing a_rms,100,2025-07-29 13:16:01.955357
y-axis bearing temp,22.8,2025-07-29 13:16:01.955357
y-axis bearing crest,7.3,2025-07-29 13:16:01.955357
y-axis motor v_rms,0.1,2025-07-29 13:16:01.955357
y-axis motor a_peak,500,2025-07-29 13:16:01.955357
y-axis motor a_rms,100,2025-07-29 13:16:01.955357
y-axis motor temp,25.3,2025-07-29 13:16:01.955357
y-axis motor crest,4.3,2025-07-29 13:16:01.955357
x-axis motor v_rms,0.0,2025-07-29 13:16:01.955357
x-axis motor a_peak,200,2025-07-29 13:16:01.955357
x-axis motor a_rms,0,2025-07-29 13:16:01.955357
x-axis motor temp,23.0,2025-07-29 13:16:01.955357
x-axis motor crest,4.9,2025-07-29 13:16:01.955357
voltage,134.6,2025-07-29 13:16:01.955357
current,23.78333333333333,2025-07-29 13:16:01.955357
active power,-2729.3333333333335,2025-07-29 13:16:01.955357
forward kWh,41.909666666666666,2025-07-29 13:16:01.955357
reverse kWh,1.2703333333333333,2025-07-29 13:16:01.955357
frequency,59.99,2025-07-29 13:16:01.955357
power factor,0.7833333333333333,2025-07-29 13:16:01.955357
featureId,UNAVAILABLE,2025-07-29 13:16:02.955649
partKindId,7606F116-3463-4EEF-96CC-1AC408FAA001,2025-07-29 13:16:02.955649
processKindId,NONE,2025-07-29 13:16:02.955649
A_Axis_Load,7,2025-07-29 13:16:02.955649
A_Position,0.000668021023909704,2025-07-29 13:16:02.955649
C_Axis_Load,3,2025-07-29 13:16:02.955649
C_Position,30.0005,2025-07-29 13:16:02.955649
Machine_Time,2711900.98,2025-07-29 13:16:02.955649
Spindle_Time,739504.062,2025-07-29 13:16:02.955649
Feed_Override,100,2025-07-29 13:16:02.955649
Feed_Rate,0,2025-07-29 13:16:02.955649
Program_Runtime_Seconds,32,2025-07-29 13:16:02.955649
Rapid_Override,100,2025-07-29 13:16:02.955649
Rapid_Speed,0,2025-07-29 13:16:02.955649
S_Axis_Load,0,2025-07-29 13:16:02.955649
Spindle_Override,100,2025-07-29 13:16:02.955649
Spindle_Speed,4.89695320561379E-09,2025-07-29 13:16:02.955649
X_Axis_Load,6,2025-07-29 13:16:02.955649
X_Position,75.6053960988366,2025-07-29 13:16:02.955649
Y_Axis_Load,5,2025-07-29 13:16:02.955649
Y_Position,455.763797015502,2025-07-29 13:16:02.955649
Z_Axis_Load,41,2025-07-29 13:16:02.955649
Z_Position,-99.8669410500867,2025-07-29 13:16:02.955649
COR_Status,1,2025-07-29 13:16:02.955649
Controller_Mode,AUTO,2025-07-29 13:16:02.955649
EStop_State,ARMED,2025-07-29 13:16:02.955649
Machine_Mode,5,2025-07-29 13:16:02.955649
Block_Number,251,2025-07-29 13:16:02.955649
Current_Tool,86,2025-07-29 13:16:02.955649
Part_Count,19,2025-07-29 13:16:02.955649
Program_Name_Running,000473_A_A_PROGRAM_2.NC,2025-07-29 13:16:02.955649
spindle motor v_rms,0.1,2025-07-29 13:16:02.955649
spindle motor a_peak,9500,2025-07-29 13:16:02.955649
spindle motor a_rms,2000,2025-07-29 13:16:02.955649
spindle motor temp,35.9,2025-07-29 13:16:02.955649
spindle motor crest,4.6,2025-07-29 13:16:02.955649
z-axis bearing v_rms,0.1,2025-07-29 13:16:02.955649
z-axis bearing a_peak,700,2025-07-29 13:16:02.955649
z-axis bearing a_rms,100,2025-07-29 13:16:02.955649
z-axis bearing temp,24.2,2025-07-29 13:16:02.955649
z-axis bearing crest,7.9,2025-07-29 13:16:02.955649
z-axis motor v_rms,0.1,2025-07-29 13:16:02.955649
z-axis motor a_peak,900,2025-07-29 13:16:02.955649
z-axis motor a_rms,200,2025-07-29 13:16:02.955649
z-axis motor temp,29.6,2025-07-29 13:16:02.955649
z-axis motor crest,5.5,2025-07-29 13:16:02.955649
y-axis bearing v_rms,0.0,2025-07-29 13:16:02.955649
y-axis bearing a_peak,200,2025-07-29 13:16:02.955649
y-axis bearing a_rms,100,2025-07-29 13:16:02.955649
y-axis bearing temp,22.8,2025-07-29 13:16:02.955649
y-axis bearing crest,3.8,2025-07-29 13:16:02.955649
y-axis motor v_rms,0.1,2025-07-29 13:16:02.955649
y-axis motor a_peak,500,2025-07-29 13:16:02.955649
y-axis motor a_rms,100,2025-07-29 13:16:02.955649
y-axis motor temp,25.3,2025-07-29 13:16:02.955649
y-axis motor crest,3.9,2025-07-29 13:16:02.955649
x-axis motor v_rms,0.0,2025-07-29 13:16:02.955649
x-axis motor a_peak,200,2025-07-29 13:16:02.955649
x-axis motor a_rms,0,2025-07-29 13:16:02.955649
x-axis motor temp,23.0,2025-07-29 13:16:02.955649
x-axis motor crest,4.7,2025-07-29 13:16:02.955649
voltage,132.86666666666667,2025-07-29 13:16:02.955649
current,6.13,2025-07-29 13:16:02.955649
active power,649.0,2025-07-29 13:16:02.955649
forward kWh,41.909666666666666,2025-07-29 13:16:02.955649
reverse kWh,1.2703333333333333,2025-07-29 13:16:02.955649
frequency,59.99,2025-07-29 13:16:02.955649
power factor,0.79,2025-07-29 13:16:02.955649
featureId,UNAVAILABLE,2025-07-29 13:16:08.525104
partKindId,7606F116-3463-4EEF-96CC-1AC408FAA001,2025-07-29 13:16:08.525104
processKindId,NONE,2025-07-29 13:16:08.525104
A_Axis_Load,7,2025-07-29 13:16:08.525104
A_Position,0.000668021023909704,2025-07-29 13:16:08.525104
C_Axis_Load,3,2025-07-29 13:16:08.525104
C_Position,30.0005,2025-07-29 13:16:08.525104
Machine_Time,2711900.98,2025-07-29 13:16:08.525104
Spindle_Time,739504.062,2025-07-29 13:16:08.525104
Feed_Override,100,2025-07-29 13:16:08.525104
Feed_Rate,0,2025-07-29 13:16:08.525104
Program_Runtime_Seconds,38,2025-07-29 13:16:08.525104
Rapid_Override,100,2025-07-29 13:16:08.525104
Rapid_Speed,0,2025-07-29 13:16:08.525104
S_Axis_Load,0,2025-07-29 13:16:08.525104
Spindle_Override,100,2025-07-29 13:16:08.525104
Spindle_Speed,0,2025-07-29 13:16:08.525104
X_Axis_Load,5,2025-07-29 13:16:08.525104
X_Position,75.6053960988366,2025-07-29 13:16:08.525104
Y_Axis_Load,5,2025-07-29 13:16:08.525104
Y_Position,455.763797015502,2025-07-29 13:16:08.525104
Z_Axis_Load,40,2025-07-29 13:16:08.525104
Z_Position,-99.8669982674121,2025-07-29 13:16:08.525104
COR_Status,1,2025-07-29 13:16:08.525104
Controller_Mode,AUTO,2025-07-29 13:16:08.525104
EStop_State,ARMED,2025-07-29 13:16:08.525104
Machine_Mode,5,2025-07-29 13:16:08.525104
Block_Number,251,2025-07-29 13:16:08.525104
Current_Tool,86,2025-07-29 13:16:08.525104
Part_Count,19,2025-07-29 13:16:08.525104
Program_Name_Running,000473_A_A_PROGRAM_2.NC,2025-07-29 13:16:08.525104
spindle motor v_rms,0.0,2025-07-29 13:16:08.525104
spindle motor a_peak,1400,2025-07-29 13:16:08.525104
spindle motor a_rms,800,2025-07-29 13:16:08.525104
spindle motor temp,35.9,2025-07-29 13:16:08.525104
spindle motor crest,1.8,2025-07-29 13:16:08.525104
z-axis bearing v_rms,0.0,2025-07-29 13:16:08.525104
z-axis bearing a_peak,500,2025-07-29 13:16:08.525104
z-axis bearing a_rms,100,2025-07-29 13:16:08.525104
z-axis bearing temp,24.2,2025-07-29 13:16:08.525104
z-axis bearing crest,7.5,2025-07-29 13:16:08.525104
z-axis motor v_rms,0.1,2025-07-29 13:16:08.525104
z-axis motor a_peak,600,2025-07-29 13:16:08.525104
z-axis motor a_rms,200,2025-07-29 13:16:08.525104
z-axis motor temp,29.6,2025-07-29 13:16:08.525104
z-axis motor crest,3.6,2025-07-29 13:16:08.525104
y-axis bearing v_rms,0.0,2025-07-29 13:16:08.525104
y-axis bearing a_peak,200,2025-07-29 13:16:08.525104
y-axis bearing a_rms,100,2025-07-29 13:16:08.525104
y-axis bearing temp,22.8,2025-07-29 13:16:08.525104
y-axis bearing crest,4.6,2025-07-29 13:16:08.525104
y-axis motor v_rms,0.1,2025-07-29 13:16:08.525104
y-axis motor a_peak,500,2025-07-29 13:16:08.525104
y-axis motor a_rms,100,2025-07-29 13:16:08.525104
y-axis motor temp,25.3,2025-07-29 13:16:08.525104
y-axis motor crest,4.1,2025-07-29 13:16:08.525104
x-axis motor v_rms,0.0,2025-07-29 13:16:08.525104
x-axis motor a_peak,200,2025-07-29 13:16:08.525104
x-axis motor a_rms,0,2025-07-29 13:16:08.525104
x-axis motor temp,23.0,2025-07-29 13:16:08.525104
x-axis motor crest,3.8,2025-07-29 13:16:08.525104
voltage,132.83333333333334,2025-07-29 13:16:08.525104
current,6.126666666666666,2025-07-29 13:16:08.525104
active power,647.6666666666666,2025-07-29 13:16:08.525104
forward kWh,41.909666666666666,2025-07-29 13:16:08.525104
reverse kWh,1.2703333333333333,2025-07-29 13:16:08.525104
frequency,59.99,2025-07-29 13:16:08.525104
power factor,0.79,2025-07-29 13:16:08.525104
featureId,UNAVAILABLE,2025-07-29 13:16:09.525332
partKindId,7606F116-3463-4EEF-96CC-1AC408FAA001,2025-07-29 13:16:09.525332
processKindId,NONE,2025-07-29 13:16:09.525332
A_Axis_Load,7,2025-07-29 13:16:09.525332
A_Position,0.000668021023909704,2025-07-29 13:16:09.525332
C_Axis_Load,3,2025-07-29 13:16:09.525332
C_Position,30.0005,2025-07-29 13:16:09.525332
Machine_Time,2711900.98,2025-07-29 13:16:09.525332
Spindle_Time,739504.062,2025-07-29 13:16:09.525332
Feed_Override,100,2025-07-29 13:16:09.525332
Feed_Rate,0,2025-07-29 13:16:09.525332
Program_Runtime_Seconds,39,2025-07-29 13:16:09.525332
Rapid_Override,100,2025-07-29 13:16:09.525332
Rapid_Speed,0,2025-07-29 13:16:09.525332
S_Axis_Load,1,2025-07-29 13:16:09.525332
Spindle_Override,100,2025-07-29 13:16:09.525332
Spindle_Speed,0,2025-07-29 13:16:09.525332
X_Axis_Load,6,2025-07-29 13:16:09.525332
X_Position,75.6053960988366,2025-07-29 13:16:09.525332
Y_Axis_Load,5,2025-07-29 13:16:09.525332
Y_Position,455.763797015502,2025-07-29 13:16:09.525332
Z_Axis_Load,40,2025-07-29 13:16:09.525332
Z_Position,-99.8669982674121,2025-07-29 13:16:09.525332
COR_Status,1,2025-07-29 13:16:09.525332
Controller_Mode,AUTO,2025-07-29 13:16:09.525332
EStop_State,ARMED,2025-07-29 13:16:09.525332
Machine_Mode,5,2025-07-29 13:16:09.525332
Block_Number,251,2025-07-29 13:16:09.525332
Current_Tool,86,2025-07-29 13:16:09.525332
Part_Count,19,2025-07-29 13:16:09.525332
Program_Name_Running,000473_A_A_PROGRAM_2.NC,2025-07-29 13:16:09.525332
spindle motor v_rms,0.1,2025-07-29 13:16:09.525332
spindle motor a_peak,1300,2025-07-29 13:16:09.525332
spindle motor a_rms,800,2025-07-29 13:16:09.525332
spindle motor temp,35.9,2025-07-29 13:16:09.525332
spindle motor crest,1.8,2025-07-29 13:16:09.525332
z-axis bearing v_rms,0.1,2025-07-29 13:16:09.525332
z-axis bearing a_peak,400,2025-07-29 13:16:09.525332
z-axis bearing a_rms,100,2025-07-29 13:16:09.525332
z-axis bearing temp,24.2,2025-07-29 13:16:09.525332
z-axis bearing crest,5.9,2025-07-29 13:16:09.525332
z-axis motor v_rms,0.1,2025-07-29 13:16:09.525332
z-axis motor a_peak,600,2025-07-29 13:16:09.525332
z-axis motor a_rms,200,2025-07-29 13:16:09.525332
z-axis motor temp,29.6,2025-07-29 13:16:09.525332
z-axis motor crest,3.7,2025-07-29 13:16:09.525332
y-axis bearing v_rms,0.0,2025-07-29 13:16:09.525332
y-axis bearing a_peak,200,2025-07-29 13:16:09.525332
y-axis bearing a_rms,100,2025-07-29 13:16:09.525332
y-axis bearing temp,22.8,2025-07-29 13:16:09.525332
y-axis bearing crest,4.2,2025-07-29 13:16:09.525332
y-axis motor v_rms,0.1,2025-07-29 13:16:09.525332
y-axis motor a_peak,500,2025-07-29 13:16:09.525332
y-axis motor a_rms,100,2025-07-29 13:16:09.525332
y-axis motor temp,25.3,2025-07-29 13:16:09.525332
y-axis motor crest,3.9,2025-07-29 13:16:09.525332
x-axis motor v_rms,0.0,2025-07-29 13:16:09.525332
x-axis motor a_peak,200,2025-07-29 13:16:09.525332
x-axis motor a_rms,0,2025-07-29 13:16:09.525332
x-axis motor temp,23.0,2025-07-29 13:16:09.525332
x-axis motor crest,3.9,2025-07-29 13:16:09.525332
voltage,132.86666666666667,2025-07-29 13:16:09.525332
current,6.153333333333333,2025-07-29 13:16:09.525332
active power,643.0,2025-07-29 13:16:09.525332
forward kWh,41.909666666666666,2025-07-29 13:16:09.525332
reverse kWh,1.2703333333333333,2025-07-29 13:16:09.525332
frequency,59.99,2025-07-29 13:16:09.525332
power factor,0.7799999999999999,2025-07-29 13:16:09.525332
featureId,UNAVAILABLE,2025-07-29 13:16:10.884627
partKindId,7606F116-3463-4EEF-96CC-1AC408FAA001,2025-07-29 13:16:10.884627
processKindId,NONE,2025-07-29 13:16:10.884627
A_Axis_Load,7,2025-07-29 13:16:10.884627
A_Position,0.000668021023909704,2025-07-29 13:16:10.884627
C_Axis_Load,3,2025-07-29 13:16:10.884627
C_Position,30.0005,2025-07-29 13:16:10.884627
Machine_Time,2711900.98,2025-07-29 13:16:10.884627
Spindle_Time,739504.062,2025-07-29 13:16:10.884627
Feed_Override,100,2025-07-29 13:16:10.884627
Feed_Rate,0,2025-07-29 13:16:10.884627
Program_Runtime_Seconds,40,2025-07-29 13:16:10.884627
Rapid_Override,100,2025-07-29 13:16:10.884627
Rapid_Speed,0,2025-07-29 13:16:10.884627
S_Axis_Load,2,2025-07-29 13:16:10.884627
Spindle_Override,100,2025-07-29 13:16:10.884627
Spindle_Speed,0,2025-07-29 13:16:10.884627
X_Axis_Load,5,2025-07-29 13:16:10.884627
X_Position,75.6053960988366,2025-07-29 13:16:10.884627
Y_Axis_Load,5,2025-07-29 13:16:10.884627
Y_Position,455.76380846048,2025-07-29 13:16:10.884627
Z_Axis_Load,40,2025-07-29 13:16:10.884627
Z_Position,-99.8669982674121,2025-07-29 13:16:10.884627
COR_Status,1,2025-07-29 13:16:10.884627
Controller_Mode,AUTO,2025-07-29 13:16:10.884627
EStop_State,ARMED,2025-07-29 13:16:10.884627
Machine_Mode,5,2025-07-29 13:16:10.884627
Block_Number,251,2025-07-29 13:16:10.884627
Current_Tool,86,2025-07-29 13:16:10.884627
Part_Count,19,2025-07-29 13:16:10.884627
Program_Name_Running,000473_A_A_PROGRAM_2.NC,2025-07-29 13:16:10.884627
spindle motor v_rms,0.1,2025-07-29 13:16:10.884627
spindle motor a_peak,1300,2025-07-29 13:16:10.884627
spindle motor a_rms,800,2025-07-29 13:16:10.884627
spindle motor temp,35.9,2025-07-29 13:16:10.884627
spindle motor crest,1.8,2025-07-29 13:16:10.884627
z-axis bearing v_rms,0.0,2025-07-29 13:16:10.884627
z-axis bearing a_peak,400,2025-07-29 13:16:10.884627
z-axis bearing a_rms,100,2025-07-29 13:16:10.884627
z-axis bearing temp,24.2,2025-07-29 13:16:10.884627
z-axis bearing crest,5.4,2025-07-29 13:16:10.884627
z-axis motor v_rms,0.1,2025-07-29 13:16:10.884627
z-axis motor a_peak,600,2025-07-29 13:16:10.884627
z-axis motor a_rms,200,2025-07-29 13:16:10.884627
z-axis motor temp,29.6,2025-07-29 13:16:10.884627
z-axis motor crest,3.9,2025-07-29 13:16:10.884627
y-axis bearing v_rms,0.0,2025-07-29 13:16:10.884627
y-axis bearing a_peak,200,2025-07-29 13:16:10.884627
y-axis bearing a_rms,100,2025-07-29 13:16:10.884627
y-axis bearing temp,22.8,2025-07-29 13:16:10.884627
y-axis bearing crest,4.5,2025-07-29 13:16:10.884627
y-axis motor v_rms,0.1,2025-07-29 13:16:10.884627
y-axis motor a_peak,400,2025-07-29 13:16:10.884627
y-axis motor a_rms,100,2025-07-29 13:16:10.884627
y-axis motor temp,25.3,2025-07-29 13:16:10.884627
y-axis motor crest,4.0,2025-07-29 13:16:10.884627
x-axis motor v_rms,0.0,2025-07-29 13:16:10.884627
x-axis motor a_peak,200,2025-07-29 13:16:10.884627
x-axis motor a_rms,0,2025-07-29 13:16:10.884627
x-axis motor temp,22.9,2025-07-29 13:16:10.884627
x-axis motor crest,4.1,2025-07-29 13:16:10.884627
voltage,132.83333333333334,2025-07-29 13:16:10.884627
current,6.096666666666667,2025-07-29 13:16:10.884627
active power,641.6666666666666,2025-07-29 13:16:10.884627
forward kWh,41.910333333333334,2025-07-29 13:16:10.884627
reverse kWh,1.2703333333333333,2025-07-29 13:16:10.884627
frequency,59.99,2025-07-29 13:16:10.884627
power factor,0.7733333333333333,2025-07-29 13:16:10.884627
featureId,UNAVAILABLE,2025-07-29 13:16:13.447194
partKindId,7606F116-3463-4EEF-96CC-1AC408FAA001,2025-07-29 13:16:13.447194
processKindId,NONE,2025-07-29 13:16:13.447194
A_Axis_Load,7,2025-07-29 13:16:13.447194
A_Position,0.000668021023909704,2025-07-29 13:16:13.447194
C_Axis_Load,3,2025-07-29 13:16:13.447194
C_Position,30.0005,2025-07-29 13:16:13.447194
Machine_Time,2711900.98,2025-07-29 13:16:13.447194
Spindle_Time,739504.062,2025-07-29 13:16:13.447194
Feed_Override,100,2025-07-29 13:16:13.447194
Feed_Rate,0,2025-07-29 13:16:13.447194
Program_Runtime_Seconds,43,2025-07-29 13:16:13.447194
Rapid_Override,100,2025-07-29 13:16:13.447194
Rapid_Speed,0,2025-07-29 13:16:13.447194
S_Axis_Load,1,2025-07-29 13:16:13.447194
Spindle_Override,100,2025-07-29 13:16:13.447194
Spindle_Speed,0,2025-07-29 13:16:13.447194
X_Axis_Load,5,2025-07-29 13:16:13.447194
X_Position,75.6053960988366,2025-07-29 13:16:13.447194
Y_Axis_Load,5,2025-07-29 13:16:13.447194
Y_Position,455.76380846048,2025-07-29 13:16:13.447194
Z_Axis_Load,42,2025-07-29 13:16:13.447194
Z_Position,-99.866529085344,2025-07-29 13:16:13.447194
COR_Status,1,2025-07-29 13:16:13.447194
Controller_Mode,AUTO,2025-07-29 13:16:13.447194
EStop_State,ARMED,2025-07-29 13:16:13.447194
Machine_Mode,5,2025-07-29 13:16:13.447194
Block_Number,251,2025-07-29 13:16:13.447194
Current_Tool,86,2025-07-29 13:16:13.447194
Part_Count,19,2025-07-29 13:16:13.447194
Program_Name_Running,000473_A_A_PROGRAM_2.NC,2025-07-29 13:16:13.447194
spindle motor v_rms,0.2,2025-07-29 13:16:13.447194
spindle motor a_peak,17600,2025-07-29 13:16:13.447194
spindle motor a_rms,1000,2025-07-29 13:16:13.447194
spindle motor temp,35.9,2025-07-29 13:16:13.447194
spindle motor crest,18.3,2025-07-29 13:16:13.447194
z-axis bearing v_rms,0.1,2025-07-29 13:16:13.447194
z-axis bearing a_peak,3900,2025-07-29 13:16:13.447194
z-axis bearing a_rms,300,2025-07-29 13:16:13.447194
z-axis bearing temp,24.2,2025-07-29 13:16:13.447194
z-axis bearing crest,14.4,2025-07-29 13:16:13.447194
z-axis motor v_rms,0.2,2025-07-29 13:16:13.447194
z-axis motor a_peak,1500,2025-07-29 13:16:13.447194
z-axis motor a_rms,200,2025-07-29 13:16:13.447194
z-axis motor temp,29.6,2025-07-29 13:16:13.447194
z-axis motor crest,7.4,2025-07-29 13:16:13.447194
y-axis bearing v_rms,0.1,2025-07-29 13:16:13.447194
y-axis bearing a_peak,1300,2025-07-29 13:16:13.447194
y-axis bearing a_rms,100,2025-07-29 13:16:13.447194
y-axis bearing temp,22.8,2025-07-29 13:16:13.447194
y-axis bearing crest,10.3,2025-07-29 13:16:13.447194
y-axis motor v_rms,0.2,2025-07-29 13:16:13.447194
y-axis motor a_peak,2000,2025-07-29 13:16:13.447194
y-axis motor a_rms,300,2025-07-29 13:16:13.447194
y-axis motor temp,25.3,2025-07-29 13:16:13.447194
y-axis motor crest,7.2,2025-07-29 13:16:13.447194
x-axis motor v_rms,0.3,2025-07-29 13:16:13.447194
x-axis motor a_peak,500,2025-07-29 13:16:13.447194
x-axis motor a_rms,100,2025-07-29 13:16:13.447194
x-axis motor temp,22.9,2025-07-29 13:16:13.447194
x-axis motor crest,4.9,2025-07-29 13:16:13.447194
voltage,133.0,2025-07-29 13:16:13.447194
current,5.706666666666666,2025-07-29 13:16:13.447194
active power,607.6666666666666,2025-07-29 13:16:13.447194
forward kWh,41.91166666666667,2025-07-29 13:16:13.447194
reverse kWh,1.2703333333333333,2025-07-29 13:16:13.447194
frequency,59.99,2025-07-29 13:16:13.447194
power factor,0.8566666666666668,2025-07-29 13:16:13.447194
featureId,UNAVAILABLE,2025-07-29 13:16:18.166987
partKindId,7606F116-3463-4EEF-96CC-1AC408FAA001,2025-07-29 13:16:18.166987
processKindId,E5EDCE94-46C8-449C-9FA0-71F22978959A,2025-07-29 13:16:18.166987
A_Axis_Load,7,2025-07-29 13:16:18.166987
A_Position,0.000668021023909704,2025-07-29 13:16:18.166987
C_Axis_Load,3,2025-07-29 13:16:18.166987
C_Position,30.0005,2025-07-29 13:16:18.166987
Machine_Time,2711900.98,2025-07-29 13:16:18.166987
Spindle_Time,739504.062,2025-07-29 13:16:18.166987
Feed_Override,100,2025-07-29 13:16:18.166987
Feed_Rate,0,2025-07-29 13:16:18.166987
Program_Runtime_Seconds,47,2025-07-29 13:16:18.166987
Rapid_Override,100,2025-07-29 13:16:18.166987
Rapid_Speed,0,2025-07-29 13:16:18.166987
S_Axis_Load,12,2025-07-29 13:16:18.166987
Spindle_Override,100,2025-07-29 13:16:18.166987
Spindle_Speed,6709.21599551677,2025-07-29 13:16:18.166987
X_Axis_Load,5,2025-07-29 13:16:18.166987
X_Position,362.404404499582,2025-07-29 13:16:18.166987
Y_Axis_Load,5,2025-07-29 13:16:18.166987
Y_Position,252.563799549553,2025-07-29 13:16:18.166987
Z_Axis_Load,29,2025-07-29 13:16:18.166987
Z_Position,-342.932101341955,2025-07-29 13:16:18.166987
COR_Status,1,2025-07-29 13:16:18.166987
Controller_Mode,AUTO,2025-07-29 13:16:18.166987
EStop_State,ARMED,2025-07-29 13:16:18.166987
Machine_Mode,5,2025-07-29 13:16:18.166987
Block_Number,256,2025-07-29 13:16:18.166987
Current_Tool,7,2025-07-29 13:16:18.166987
Part_Count,19,2025-07-29 13:16:18.166987
Program_Name_Running,000473_A_A_PROGRAM_2.NC,2025-07-29 13:16:18.166987
spindle motor v_rms,0.2,2025-07-29 13:16:18.166987
spindle motor a_peak,8600,2025-07-29 13:16:18.166987
spindle motor a_rms,2300,2025-07-29 13:16:18.166987
spindle motor temp,35.9,2025-07-29 13:16:18.166987
spindle motor crest,3.7,2025-07-29 13:16:18.166987
z-axis bearing v_rms,0.1,2025-07-29 13:16:18.166987
z-axis bearing a_peak,1200,2025-07-29 13:16:18.166987
z-axis bearing a_rms,300,2025-07-29 13:16:18.166987
z-axis bearing temp,24.2,2025-07-29 13:16:18.166987
z-axis bearing crest,3.8,2025-07-29 13:16:18.166987
z-axis motor v_rms,0.2,2025-07-29 13:16:18.166987
z-axis motor a_peak,600,2025-07-29 13:16:18.166987
z-axis motor a_rms,200,2025-07-29 13:16:18.166987
z-axis motor temp,29.6,2025-07-29 13:16:18.166987
z-axis motor crest,3.8,2025-07-29 13:16:18.166987
y-axis bearing v_rms,0.1,2025-07-29 13:16:18.166987
y-axis bearing a_peak,400,2025-07-29 13:16:18.166987
y-axis bearing a_rms,100,2025-07-29 13:16:18.166987
y-axis bearing temp,22.8,2025-07-29 13:16:18.166987
y-axis bearing crest,3.7,2025-07-29 13:16:18.166987
y-axis motor v_rms,0.2,2025-07-29 13:16:18.166987
y-axis motor a_peak,1700,2025-07-29 13:16:18.166987
y-axis motor a_rms,500,2025-07-29 13:16:18.166987
y-axis motor temp,25.3,2025-07-29 13:16:18.166987
y-axis motor crest,3.3,2025-07-29 13:16:18.166987
x-axis motor v_rms,0.1,2025-07-29 13:16:18.166987
x-axis motor a_peak,300,2025-07-29 13:16:18.166987
x-axis motor a_rms,100,2025-07-29 13:16:18.166987
x-axis motor temp,22.9,2025-07-29 13:16:18.166987
x-axis motor crest,3.4,2025-07-29 13:16:18.166987
voltage,130.23333333333332,2025-07-29 13:16:18.166987
current,48.413333333333334,2025-07-29 13:16:18.166987
active power,5681.0,2025-07-29 13:16:18.166987
forward kWh,41.91266666666667,2025-07-29 13:16:18.166987
reverse kWh,1.2703333333333333,2025-07-29 13:16:18.166987
frequency,59.99,2025-07-29 13:16:18.166987
power factor,1.0,2025-07-29 13:16:18.166987
featureId,UNAVAILABLE,2025-07-29 13:16:19.167188
partKindId,7606F116-3463-4EEF-96CC-1AC408FAA001,2025-07-29 13:16:19.167188
processKindId,E5EDCE94-46C8-449C-9FA0-71F22978959A,2025-07-29 13:16:19.167188
A_Axis_Load,7,2025-07-29 13:16:19.167188
A_Position,0.000668021023909704,2025-07-29 13:16:19.167188
C_Axis_Load,3,2025-07-29 13:16:19.167188
C_Position,30.0005,2025-07-29 13:16:19.167188
Machine_Time,2711900.98,2025-07-29 13:16:19.167188
Spindle_Time,739504.062,2025-07-29 13:16:19.167188
Feed_Override,100,2025-07-29 13:16:19.167188
Feed_Rate,0,2025-07-29 13:16:19.167188
Program_Runtime_Seconds,48,2025-07-29 13:16:19.167188
Rapid_Override,100,2025-07-29 13:16:19.167188
Rapid_Speed,0,2025-07-29 13:16:19.167188
S_Axis_Load,9,2025-07-29 13:16:19.167188
Spindle_Override,100,2025-07-29 13:16:19.167188
Spindle_Speed,8251.79091381317,2025-07-29 13:16:19.167188
X_Axis_Load,4,2025-07-29 13:16:19.167188
X_Position,362.404415943586,2025-07-29 13:16:19.167188
Y_Axis_Load,5,2025-07-29 13:16:19.167188
Y_Position,252.563810993578,2025-07-29 13:16:19.167188
Z_Axis_Load,29,2025-07-29 13:16:19.167188
Z_Position,-342.932147112994,2025-07-29 13:16:19.167188
COR_Status,1,2025-07-29 13:16:19.167188
Controller_Mode,AUTO,2025-07-29 13:16:19.167188
EStop_State,ARMED,2025-07-29 13:16:19.167188
Machine_Mode,5,2025-07-29 13:16:19.167188
Block_Number,256,2025-07-29 13:16:19.167188
Current_Tool,7,2025-07-29 13:16:19.167188
Part_Count,19,2025-07-29 13:16:19.167188
Program_Name_Running,000473_A_A_PROGRAM_2.NC,2025-07-29 13:16:19.167188
spindle motor v_rms,0.3,2025-07-29 13:16:19.167188
spindle motor a_peak,10800,2025-07-29 13:16:19.167188
spindle motor a_rms,2900,2025-07-29 13:16:19.167188
spindle motor temp,35.9,2025-07-29 13:16:19.167188
spindle motor crest,3.7,2025-07-29 13:16:19.167188
z-axis bearing v_rms,0.1,2025-07-29 13:16:19.167188
z-axis bearing a_peak,1100,2025-07-29 13:16:19.167188
z-axis bearing a_rms,300,2025-07-29 13:16:19.167188
z-axis bearing temp,24.2,2025-07-29 13:16:19.167188
z-axis bearing crest,4.2,2025-07-29 13:16:19.167188
z-axis motor v_rms,0.3,2025-07-29 13:16:19.167188
z-axis motor a_peak,900,2025-07-29 13:16:19.167188
z-axis motor a_rms,300,2025-07-29 13:16:19.167188
z-axis motor temp,29.6,2025-07-29 13:16:19.167188
z-axis motor crest,2.9,2025-07-29 13:16:19.167188
y-axis bearing v_rms,0.1,2025-07-29 13:16:19.167188
y-axis bearing a_peak,400,2025-07-29 13:16:19.167188
y-axis bearing a_rms,100,2025-07-29 13:16:19.167188
y-axis bearing temp,22.8,2025-07-29 13:16:19.167188
y-axis bearing crest,3.9,2025-07-29 13:16:19.167188
y-axis motor v_rms,0.3,2025-07-29 13:16:19.167188
y-axis motor a_peak,2200,2025-07-29 13:16:19.167188
y-axis motor a_rms,700,2025-07-29 13:16:19.167188
y-axis motor temp,25.4,2025-07-29 13:16:19.167188
y-axis motor crest,3.0,2025-07-29 13:16:19.167188
x-axis motor v_rms,0.1,2025-07-29 13:16:19.167188
x-axis motor a_peak,400,2025-07-29 13:16:19.167188
x-axis motor a_rms,100,2025-07-29 13:16:19.167188
x-axis motor temp,22.9,2025-07-29 13:16:19.167188
x-axis motor crest,3.2,2025-07-29 13:16:19.167188
voltage,130.0666666666667,2025-07-29 13:16:19.167188
current,48.916666666666664,2025-07-29 13:16:19.167188
active power,5894.333333333333,2025-07-29 13:16:19.167188
forward kWh,41.916666666666664,2025-07-29 13:16:19.167188
reverse kWh,1.2703333333333333,2025-07-29 13:16:19.167188
frequency,59.99,2025-07-29 13:16:19.167188
power factor,0.9266666666666667,2025-07-29 13:16:19.167188
featureId,UNAVAILABLE,2025-07-29 13:16:20.509977
partKindId,7606F116-3463-4EEF-96CC-1AC408FAA001,2025-07-29 13:16:20.509977
processKindId,E5EDCE94-46C8-449C-9FA0-71F22978959A,2025-07-29 13:16:20.509977
A_Axis_Load,7,2025-07-29 13:16:20.509977
A_Position,0.000668021023909704,2025-07-29 13:16:20.509977
C_Axis_Load,3,2025-07-29 13:16:20.509977
C_Position,30.0005,2025-07-29 13:16:20.509977
Machine_Time,2711900.98,2025-07-29 13:16:20.509977
Spindle_Time,739504.062,2025-07-29 13:16:20.509977
Feed_Override,100,2025-07-29 13:16:20.509977
Feed_Rate,0,2025-07-29 13:16:20.509977
Program_Runtime_Seconds,50,2025-07-29 13:16:20.509977
Rapid_Override,100,2025-07-29 13:16:20.509977
Rapid_Speed,0,2025-07-29 13:16:20.509977
S_Axis_Load,5,2025-07-29 13:16:20.509977
Spindle_Override,100,2025-07-29 13:16:20.509977
Spindle_Speed,9720.8259287283,2025-07-29 13:16:20.509977
X_Axis_Load,4,2025-07-29 13:16:20.509977
X_Position,362.40442738759,2025-07-29 13:16:20.509977
Y_Axis_Load,5,2025-07-29 13:16:20.509977
Y_Position,252.563799549553,2025-07-29 13:16:20.509977
Z_Axis_Load,30,2025-07-29 13:16:20.509977
Z_Position,-342.932147112994,2025-07-29 13:16:20.509977
COR_Status,1,2025-07-29 13:16:20.509977
Controller_Mode,AUTO,2025-07-29 13:16:20.509977
EStop_State,ARMED,2025-07-29 13:16:20.509977
Machine_Mode,5,2025-07-29 13:16:20.509977
Block_Number,256,2025-07-29 13:16:20.509977
Current_Tool,7,2025-07-29 13:16:20.509977
Part_Count,19,2025-07-29 13:16:20.509977
Program_Name_Running,000473_A_A_PROGRAM_2.NC,2025-07-29 13:16:20.509977
spindle motor v_rms,0.6,2025-07-29 13:16:20.509977
spindle motor a_peak,7400,2025-07-29 13:16:20.509977
spindle motor a_rms,2200,2025-07-29 13:16:20.509977
spindle motor temp,35.9,2025-07-29 13:16:20.509977
spindle motor crest,3.4,2025-07-29 13:16:20.509977
z-axis bearing v_rms,0.2,2025-07-29 13:16:20.509977
z-axis bearing a_peak,1700,2025-07-29 13:16:20.509977
z-axis bearing a_rms,500,2025-07-29 13:16:20.509977
z-axis bearing temp,24.2,2025-07-29 13:16:20.509977
z-axis bearing crest,3.4,2025-07-29 13:16:20.509977
z-axis motor v_rms,1.3,2025-07-29 13:16:20.509977
z-axis motor a_peak,2700,2025-07-29 13:16:20.509977
z-axis motor a_rms,1400,2025-07-29 13:16:20.509977
z-axis motor temp,29.6,2025-07-29 13:16:20.509977
z-axis motor crest,2.0,2025-07-29 13:16:20.509977
y-axis bearing v_rms,0.1,2025-07-29 13:16:20.509977
y-axis bearing a_peak,400,2025-07-29 13:16:20.509977
y-axis bearing a_rms,100,2025-07-29 13:16:20.509977
y-axis bearing temp,22.8,2025-07-29 13:16:20.509977
y-axis bearing crest,3.8,2025-07-29 13:16:20.509977
y-axis motor v_rms,0.7,2025-07-29 13:16:20.509977
y-axis motor a_peak,4000,2025-07-29 13:16:20.509977
y-axis motor a_rms,1700,2025-07-29 13:16:20.509977
y-axis motor temp,25.4,2025-07-29 13:16:20.509977
y-axis motor crest,2.4,2025-07-29 13:16:20.509977
x-axis motor v_rms,0.2,2025-07-29 13:16:20.509977
x-axis motor a_peak,600,2025-07-29 13:16:20.509977
x-axis motor a_rms,200,2025-07-29 13:16:20.509977
x-axis motor temp,22.9,2025-07-29 13:16:20.509977
x-axis motor crest,2.5,2025-07-29 13:16:20.509977
voltage,130.46666666666667,2025-07-29 13:16:20.509977
current,44.25666666666667,2025-07-29 13:16:20.509977
active power,5097.666666666667,2025-07-29 13:16:20.509977
forward kWh,41.91766666666666,2025-07-29 13:16:20.509977
reverse kWh,1.2703333333333333,2025-07-29 13:16:20.509977
frequency,59.99,2025-07-29 13:16:20.509977
power factor,0.8833333333333333,2025-07-29 13:16:20.509977
featureId,UNAVAILABLE,2025-07-29 13:16:21.510263
partKindId,7606F116-3463-4EEF-96CC-1AC408FAA001,2025-07-29 13:16:21.510263
processKindId,E5EDCE94-46C8-449C-9FA0-71F22978959A,2025-07-29 13:16:21.510263
A_Axis_Load,7,2025-07-29 13:16:21.510263
A_Position,0.000668021023909704,2025-07-29 13:16:21.510263
C_Axis_Load,3,2025-07-29 13:16:21.510263
C_Position,30.0005,2025-07-29 13:16:21.510263
Machine_Time,2711900.98,2025-07-29 13:16:21.510263
Spindle_Time,739504.062,2025-07-29 13:16:21.510263
Feed_Override,100,2025-07-29 13:16:21.510263
Feed_Rate,0,2025-07-29 13:16:21.510263
Program_Runtime_Seconds,50,2025-07-29 13:16:21.510263
Rapid_Override,100,2025-07-29 13:16:21.510263
Rapid_Speed,0,2025-07-29 13:16:21.510263
S_Axis_Load,4,2025-07-29 13:16:21.510263
Spindle_Override,100,2025-07-29 13:16:21.510263
Spindle_Speed,10421.9533415692,2025-07-29 13:16:21.510263
X_Axis_Load,5,2025-07-29 13:16:21.510263
X_Position,362.404358723566,2025-07-29 13:16:21.510263
Y_Axis_Load,5,2025-07-29 13:16:21.510263
Y_Position,252.563799549553,2025-07-29 13:16:21.510263
Z_Axis_Load,30,2025-07-29 13:16:21.510263
Z_Position,-342.932089899196,2025-07-29 13:16:21.510263
COR_Status,1,2025-07-29 13:16:21.510263
Controller_Mode,AUTO,2025-07-29 13:16:21.510263
EStop_State,ARMED,2025-07-29 13:16:21.510263
Machine_Mode,5,2025-07-29 13:16:21.510263
Block_Number,256,2025-07-29 13:16:21.510263
Current_Tool,7,2025-07-29 13:16:21.510263
Part_Count,19,2025-07-29 13:16:21.510263
Program_Name_Running,000473_A_A_PROGRAM_2.NC,2025-07-29 13:16:21.510263
spindle motor v_rms,0.5,2025-07-29 13:16:21.510263
spindle motor a_peak,7200,2025-07-29 13:16:21.510263
spindle motor a_rms,2200,2025-07-29 13:16:21.510263
spindle motor temp,35.9,2025-07-29 13:16:21.510263
spindle motor crest,3.3,2025-07-29 13:16:21.510263
z-axis bearing v_rms,0.2,2025-07-29 13:16:21.510263
z-axis bearing a_peak,1700,2025-07-29 13:16:21.510263
z-axis bearing a_rms,600,2025-07-29 13:16:21.510263
z-axis bearing temp,24.2,2025-07-29 13:16:21.510263
z-axis bearing crest,2.6,2025-07-29 13:16:21.510263
z-axis motor v_rms,1.2,2025-07-29 13:16:21.510263
z-axis motor a_peak,3200,2025-07-29 13:16:21.510263
z-axis motor a_rms,1300,2025-07-29 13:16:21.510263
z-axis motor temp,29.6,2025-07-29 13:16:21.510263
z-axis motor crest,2.4,2025-07-29 13:16:21.510263
y-axis bearing v_rms,0.1,2025-07-29 13:16:21.510263
y-axis bearing a_peak,300,2025-07-29 13:16:21.510263
y-axis bearing a_rms,100,2025-07-29 13:16:21.510263
y-axis bearing temp,22.8,2025-07-29 13:16:21.510263
y-axis bearing crest,3.6,2025-07-29 13:16:21.510263
y-axis motor v_rms,0.5,2025-07-29 13:16:21.510263
y-axis motor a_peak,3900,2025-07-29 13:16:21.510263
y-axis motor a_rms,1300,2025-07-29 13:16:21.510263
y-axis motor temp,25.4,2025-07-29 13:16:21.510263
y-axis motor crest,2.9,2025-07-29 13:16:21.510263
x-axis motor v_rms,0.1,2025-07-29 13:16:21.510263
x-axis motor a_peak,400,2025-07-29 13:16:21.510263
x-axis motor a_rms,100,2025-07-29 13:16:21.510263
x-axis motor temp,22.9,2025-07-29 13:16:21.510263
x-axis motor crest,3.3,2025-07-29 13:16:21.510263
voltage,130.96666666666667,2025-07-29 13:16:21.510263
current,36.11333333333334,2025-07-29 13:16:21.510263
active power,4341.0,2025-07-29 13:16:21.510263
forward kWh,41.91833333333333,2025-07-29 13:16:21.510263
reverse kWh,1.2703333333333333,2025-07-29 13:16:21.510263
frequency,59.99,2025-07-29 13:16:21.510263
power factor,0.8833333333333333,2025-07-29 13:16:21.510263
featureId,UNAVAILABLE,2025-07-29 13:16:22.510538
partKindId,7606F116-3463-4EEF-96CC-1AC408FAA001,2025-07-29 13:16:22.510538
processKindId,E5EDCE94-46C8-449C-9FA0-71F22978959A,2025-07-29 13:16:22.510538
A_Axis_Load,7,2025-07-29 13:16:22.510538
A_Position,0.000668021023909704,2025-07-29 13:16:22.510538
C_Axis_Load,3,2025-07-29 13:16:22.510538
C_Position,30.0005,2025-07-29 13:16:22.510538
Machine_Time,2711900.98,2025-07-29 13:16:22.510538
Spindle_Time,739504.062,2025-07-29 13:16:22.510538
Feed_Override,100,2025-07-29 13:16:22.510538
Feed_Rate,20.61667,2025-07-29 13:16:22.510538
Program_Runtime_Seconds,52,2025-07-29 13:16:22.510538
Rapid_Override,100,2025-07-29 13:16:22.510538
Rapid_Speed,0,2025-07-29 13:16:22.510538
S_Axis_Load,3,2025-07-29 13:16:22.510538
Spindle_Override,100,2025-07-29 13:16:22.510538
Spindle_Speed,12000,2025-07-29 13:16:22.510538
X_Axis_Load,9,2025-07-29 13:16:22.510538
X_Position,360.32193928971,2025-07-29 13:16:22.510538
Y_Axis_Load,1,2025-07-29 13:16:22.510538
Y_Position,253.412911880993,2025-07-29 13:16:22.510538
Z_Axis_Load,26,2025-07-29 13:16:22.510538
Z_Position,-343.118618321909,2025-07-29 13:16:22.510538
COR_Status,1,2025-07-29 13:16:22.510538
Controller_Mode,AUTO,2025-07-29 13:16:22.510538
EStop_State,ARMED,2025-07-29 13:16:22.510538
Machine_Mode,5,2025-07-29 13:16:22.510538
Block_Number,258,2025-07-29 13:16:22.510538
Current_Tool,7,2025-07-29 13:16:22.510538
Part_Count,19,2025-07-29 13:16:22.510538
Program_Name_Running,000473_A_A_PROGRAM_2.NC,2025-07-29 13:16:22.510538
spindle motor v_rms,0.5,2025-07-29 13:16:22.510538
spindle motor a_peak,7400,2025-07-29 13:16:22.510538
spindle motor a_rms,2200,2025-07-29 13:16:22.510538
spindle motor temp,35.9,2025-07-29 13:16:22.510538
spindle motor crest,3.3,2025-07-29 13:16:22.510538
z-axis bearing v_rms,0.2,2025-07-29 13:16:22.510538
z-axis bearing a_peak,1500,2025-07-29 13:16:22.510538
z-axis bearing a_rms,500,2025-07-29 13:16:22.510538
z-axis bearing temp,24.2,2025-07-29 13:16:22.510538
z-axis bearing crest,3.3,2025-07-29 13:16:22.510538
z-axis motor v_rms,0.7,2025-07-29 13:16:22.510538
z-axis motor a_peak,3000,2025-07-29 13:16:22.510538
z-axis motor a_rms,800,2025-07-29 13:16:22.510538
z-axis motor temp,29.6,2025-07-29 13:16:22.510538
z-axis motor crest,3.6,2025-07-29 13:16:22.510538
y-axis bearing v_rms,0.1,2025-07-29 13:16:22.510538
y-axis bearing a_peak,500,2025-07-29 13:16:22.510538
y-axis bearing a_rms,100,2025-07-29 13:16:22.510538
y-axis bearing temp,22.8,2025-07-29 13:16:22.510538
y-axis bearing crest,3.5,2025-07-29 13:16:22.510538
y-axis motor v_rms,0.6,2025-07-29 13:16:22.510538
y-axis motor a_peak,4800,2025-07-29 13:16:22.510538
y-axis motor a_rms,1600,2025-07-29 13:16:22.510538
y-axis motor temp,25.4,2025-07-29 13:16:22.510538
y-axis motor crest,3.1,2025-07-29 13:16:22.510538
x-axis motor v_rms,0.2,2025-07-29 13:16:22.510538
x-axis motor a_peak,500,2025-07-29 13:16:22.510538
x-axis motor a_rms,200,2025-07-29 13:16:22.510538
x-axis motor temp,22.9,2025-07-29 13:16:22.510538
x-axis motor crest,3.0,2025-07-29 13:16:22.510538
voltage,131.36666666666667,2025-07-29 13:16:22.510538
current,30.653333333333336,2025-07-29 13:16:22.510538
active power,3666.6666666666665,2025-07-29 13:16:22.510538
forward kWh,41.919333333333334,2025-07-29 13:16:22.510538
reverse kWh,1.2703333333333333,2025-07-29 13:16:22.510538
frequency,59.99,2025-07-29 13:16:22.510538
power factor,0.88,2025-07-29 13:16:22.510538
