Dataname,Value,Time
filament_temp,28.1,2025-09-10 12:58:00.244975
bed_temp,37.4,2025-09-10 12:58:00.244975
current,1.88,2025-09-10 12:58:00.244975
power,224.5,2025-09-10 12:58:00.244975
voltage,120.06,2025-09-10 12:58:00.244975
filament_temp,28.5,2025-09-10 12:58:00.745168
bed_temp,37.8,2025-09-10 12:58:00.745168
current,1.88,2025-09-10 12:58:00.745168
power,224.5,2025-09-10 12:58:00.745168
voltage,120.06,2025-09-10 12:58:00.745168
filament_temp,28.5,2025-09-10 12:58:01.245393
bed_temp,37.8,2025-09-10 12:58:01.245393
current,1.88,2025-09-10 12:58:01.245393
power,224.5,2025-09-10 12:58:01.245393
voltage,120.06,2025-09-10 12:58:01.245393
filament_temp,28.5,2025-09-10 12:58:01.745621
bed_temp,37.8,2025-09-10 12:58:01.745621
current,1.88,2025-09-10 12:58:01.745621
power,224.5,2025-09-10 12:58:01.745621
voltage,120.06,2025-09-10 12:58:01.745621
filament_temp,28.5,2025-09-10 12:58:02.245857
bed_temp,37.8,2025-09-10 12:58:02.245857
current,1.88,2025-09-10 12:58:02.245857
power,224.5,2025-09-10 12:58:02.245857
voltage,120.06,2025-09-10 12:58:02.245857
filament_temp,28.2,2025-09-10 12:58:02.746082
bed_temp,39.1,2025-09-10 12:58:02.746082
current,1.88,2025-09-10 12:58:02.746082
power,224.5,2025-09-10 12:58:02.746082
voltage,120.06,2025-09-10 12:58:02.746082
filament_temp,28.2,2025-09-10 12:58:03.246327
bed_temp,39.1,2025-09-10 12:58:03.246327
current,1.88,2025-09-10 12:58:03.246327
power,224.5,2025-09-10 12:58:03.246327
voltage,120.06,2025-09-10 12:58:03.246327
filament_temp,28.2,2025-09-10 12:58:03.746513
bed_temp,39.1,2025-09-10 12:58:03.746513
current,1.88,2025-09-10 12:58:03.746513
power,224.5,2025-09-10 12:58:03.746513
voltage,120.06,2025-09-10 12:58:03.746513
filament_temp,28.2,2025-09-10 12:58:04.246709
bed_temp,39.1,2025-09-10 12:58:04.246709
current,1.88,2025-09-10 12:58:04.246709
power,224.5,2025-09-10 12:58:04.246709
voltage,120.06,2025-09-10 12:58:04.246709
filament_temp,27.6,2025-09-10 12:58:04.746905
bed_temp,38.7,2025-09-10 12:58:04.746905
current,1.88,2025-09-10 12:58:04.746905
power,224.5,2025-09-10 12:58:04.746905
voltage,120.06,2025-09-10 12:58:04.746905
filament_temp,27.6,2025-09-10 12:58:05.247118
bed_temp,38.7,2025-09-10 12:58:05.247118
current,1.88,2025-09-10 12:58:05.247118
power,224.5,2025-09-10 12:58:05.247118
voltage,120.06,2025-09-10 12:58:05.247118
filament_temp,27.6,2025-09-10 12:58:05.747330
bed_temp,38.7,2025-09-10 12:58:05.747330
current,1.88,2025-09-10 12:58:05.747330
power,224.5,2025-09-10 12:58:05.747330
voltage,120.06,2025-09-10 12:58:05.747330
filament_temp,27.6,2025-09-10 12:58:06.247543
bed_temp,38.7,2025-09-10 12:58:06.247543
current,1.88,2025-09-10 12:58:06.247543
power,224.5,2025-09-10 12:58:06.247543
voltage,120.06,2025-09-10 12:58:06.247543
filament_temp,28.1,2025-09-10 12:58:06.747758
bed_temp,39.7,2025-09-10 12:58:06.747758
current,1.88,2025-09-10 12:58:06.747758
power,224.5,2025-09-10 12:58:06.747758
voltage,120.06,2025-09-10 12:58:06.747758
filament_temp,28.1,2025-09-10 12:58:07.247964
bed_temp,39.7,2025-09-10 12:58:07.247964
current,1.88,2025-09-10 12:58:07.247964
power,220.7,2025-09-10 12:58:07.247964
voltage,120.06,2025-09-10 12:58:07.247964
filament_temp,28.1,2025-09-10 12:58:07.748190
bed_temp,39.7,2025-09-10 12:58:07.748190
current,1.88,2025-09-10 12:58:07.748190
power,220.7,2025-09-10 12:58:07.748190
voltage,120.06,2025-09-10 12:58:07.748190
filament_temp,28.1,2025-09-10 12:58:08.248379
bed_temp,39.7,2025-09-10 12:58:08.248379
current,1.88,2025-09-10 12:58:08.248379
power,220.7,2025-09-10 12:58:08.248379
voltage,120.06,2025-09-10 12:58:08.248379
filament_temp,28.2,2025-09-10 12:58:08.748612
bed_temp,39.1,2025-09-10 12:58:08.748612
current,1.88,2025-09-10 12:58:08.748612
power,220.7,2025-09-10 12:58:08.748612
voltage,120.06,2025-09-10 12:58:08.748612
filament_temp,28.2,2025-09-10 12:58:09.248839
bed_temp,39.1,2025-09-10 12:58:09.248839
current,1.88,2025-09-10 12:58:09.248839
power,220.7,2025-09-10 12:58:09.248839
voltage,120.06,2025-09-10 12:58:09.248839
filament_temp,28.2,2025-09-10 12:58:09.749067
bed_temp,39.1,2025-09-10 12:58:09.749067
current,1.88,2025-09-10 12:58:09.749067
power,220.7,2025-09-10 12:58:09.749067
voltage,120.06,2025-09-10 12:58:09.749067
filament_temp,28.2,2025-09-10 12:58:10.249293
bed_temp,39.1,2025-09-10 12:58:10.249293
current,1.88,2025-09-10 12:58:10.249293
power,220.7,2025-09-10 12:58:10.249293
voltage,120.06,2025-09-10 12:58:10.249293
filament_temp,28.1,2025-09-10 12:58:10.749512
bed_temp,39.7,2025-09-10 12:58:10.749512
current,1.88,2025-09-10 12:58:10.749512
power,220.7,2025-09-10 12:58:10.749512
voltage,120.06,2025-09-10 12:58:10.749512
filament_temp,28.1,2025-09-10 12:58:11.249730
bed_temp,39.7,2025-09-10 12:58:11.249730
current,1.88,2025-09-10 12:58:11.249730
power,220.7,2025-09-10 12:58:11.249730
voltage,120.06,2025-09-10 12:58:11.249730
filament_temp,28.1,2025-09-10 12:58:11.749943
bed_temp,39.7,2025-09-10 12:58:11.749943
current,1.88,2025-09-10 12:58:11.749943
power,220.7,2025-09-10 12:58:11.749943
voltage,120.06,2025-09-10 12:58:11.749943
filament_temp,28.1,2025-09-10 12:58:12.250137
bed_temp,39.7,2025-09-10 12:58:12.250137
current,1.88,2025-09-10 12:58:12.250137
power,220.7,2025-09-10 12:58:12.250137
voltage,120.06,2025-09-10 12:58:12.250137
filament_temp,28.1,2025-09-10 12:58:12.750332
bed_temp,39.9,2025-09-10 12:58:12.750332
current,1.88,2025-09-10 12:58:12.750332
power,220.7,2025-09-10 12:58:12.750332
voltage,120.06,2025-09-10 12:58:12.750332
filament_temp,28.1,2025-09-10 12:58:13.250538
bed_temp,39.9,2025-09-10 12:58:13.250538
current,1.88,2025-09-10 12:58:13.250538
power,220.7,2025-09-10 12:58:13.250538
voltage,120.06,2025-09-10 12:58:13.250538
filament_temp,28.1,2025-09-10 12:58:13.750770
bed_temp,39.9,2025-09-10 12:58:13.750770
current,1.88,2025-09-10 12:58:13.750770
power,220.7,2025-09-10 12:58:13.750770
voltage,120.06,2025-09-10 12:58:13.750770
filament_temp,28.1,2025-09-10 12:58:14.251007
bed_temp,39.9,2025-09-10 12:58:14.251007
current,1.88,2025-09-10 12:58:14.251007
power,220.7,2025-09-10 12:58:14.251007
voltage,120.06,2025-09-10 12:58:14.251007
filament_temp,27.2,2025-09-10 12:58:14.751232
bed_temp,40.6,2025-09-10 12:58:14.751232
current,1.88,2025-09-10 12:58:14.751232
power,220.7,2025-09-10 12:58:14.751232
voltage,120.06,2025-09-10 12:58:14.751232
filament_temp,27.2,2025-09-10 12:58:15.251476
bed_temp,40.6,2025-09-10 12:58:15.251476
current,1.88,2025-09-10 12:58:15.251476
power,220.7,2025-09-10 12:58:15.251476
voltage,120.06,2025-09-10 12:58:15.251476
filament_temp,27.2,2025-09-10 12:58:15.751720
bed_temp,40.6,2025-09-10 12:58:15.751720
current,1.88,2025-09-10 12:58:15.751720
power,220.7,2025-09-10 12:58:15.751720
voltage,120.06,2025-09-10 12:58:15.751720
filament_temp,27.2,2025-09-10 12:58:16.251965
bed_temp,40.6,2025-09-10 12:58:16.251965
current,1.88,2025-09-10 12:58:16.251965
power,220.7,2025-09-10 12:58:16.251965
voltage,120.06,2025-09-10 12:58:16.251965
filament_temp,28.1,2025-09-10 12:58:16.752169
bed_temp,41.8,2025-09-10 12:58:16.752169
current,1.88,2025-09-10 12:58:16.752169
power,220.7,2025-09-10 12:58:16.752169
voltage,120.06,2025-09-10 12:58:16.752169
filament_temp,28.1,2025-09-10 12:58:17.252413
bed_temp,41.8,2025-09-10 12:58:17.252413
current,1.88,2025-09-10 12:58:17.252413
power,220.7,2025-09-10 12:58:17.252413
voltage,120.06,2025-09-10 12:58:17.252413
filament_temp,28.1,2025-09-10 12:58:17.752642
bed_temp,41.8,2025-09-10 12:58:17.752642
current,1.88,2025-09-10 12:58:17.752642
power,220.7,2025-09-10 12:58:17.752642
voltage,120.06,2025-09-10 12:58:17.752642
filament_temp,28.1,2025-09-10 12:58:18.252891
bed_temp,41.8,2025-09-10 12:58:18.252891
current,1.88,2025-09-10 12:58:18.252891
power,220.7,2025-09-10 12:58:18.252891
voltage,120.06,2025-09-10 12:58:18.252891
filament_temp,27.8,2025-09-10 12:58:18.753085
bed_temp,41.5,2025-09-10 12:58:18.753085
current,1.88,2025-09-10 12:58:18.753085
power,220.7,2025-09-10 12:58:18.753085
voltage,120.06,2025-09-10 12:58:18.753085
filament_temp,27.8,2025-09-10 12:58:19.253301
bed_temp,41.5,2025-09-10 12:58:19.253301
current,1.88,2025-09-10 12:58:19.253301
power,220.7,2025-09-10 12:58:19.253301
voltage,120.06,2025-09-10 12:58:19.253301
filament_temp,27.8,2025-09-10 12:58:19.753522
bed_temp,41.5,2025-09-10 12:58:19.753522
current,1.88,2025-09-10 12:58:19.753522
power,220.7,2025-09-10 12:58:19.753522
voltage,120.06,2025-09-10 12:58:19.753522
filament_temp,27.8,2025-09-10 12:58:20.253742
bed_temp,41.5,2025-09-10 12:58:20.253742
current,1.88,2025-09-10 12:58:20.253742
power,220.7,2025-09-10 12:58:20.253742
voltage,120.06,2025-09-10 12:58:20.253742
filament_temp,27.6,2025-09-10 12:58:20.753946
bed_temp,41.8,2025-09-10 12:58:20.753946
current,1.88,2025-09-10 12:58:20.753946
power,220.7,2025-09-10 12:58:20.753946
voltage,120.06,2025-09-10 12:58:20.753946
filament_temp,27.6,2025-09-10 12:58:21.254178
bed_temp,41.8,2025-09-10 12:58:21.254178
current,1.88,2025-09-10 12:58:21.254178
power,220.7,2025-09-10 12:58:21.254178
voltage,120.06,2025-09-10 12:58:21.254178
filament_temp,27.6,2025-09-10 12:58:21.754365
bed_temp,41.8,2025-09-10 12:58:21.754365
current,1.88,2025-09-10 12:58:21.754365
power,220.7,2025-09-10 12:58:21.754365
voltage,120.06,2025-09-10 12:58:21.754365
filament_temp,27.6,2025-09-10 12:58:22.254601
bed_temp,41.8,2025-09-10 12:58:22.254601
current,1.88,2025-09-10 12:58:22.254601
power,220.7,2025-09-10 12:58:22.254601
voltage,120.06,2025-09-10 12:58:22.254601
filament_temp,28.1,2025-09-10 12:58:22.754819
bed_temp,41.6,2025-09-10 12:58:22.754819
current,1.88,2025-09-10 12:58:22.754819
power,220.7,2025-09-10 12:58:22.754819
voltage,120.06,2025-09-10 12:58:22.754819
filament_temp,28.1,2025-09-10 12:58:23.255046
bed_temp,41.6,2025-09-10 12:58:23.255046
current,1.88,2025-09-10 12:58:23.255046
power,220.7,2025-09-10 12:58:23.255046
voltage,120.06,2025-09-10 12:58:23.255046
filament_temp,28.1,2025-09-10 12:58:23.755294
bed_temp,41.6,2025-09-10 12:58:23.755294
current,1.88,2025-09-10 12:58:23.755294
power,220.7,2025-09-10 12:58:23.755294
voltage,120.06,2025-09-10 12:58:23.755294
filament_temp,28.1,2025-09-10 12:58:24.255537
bed_temp,41.6,2025-09-10 12:58:24.255537
current,1.88,2025-09-10 12:58:24.255537
power,220.7,2025-09-10 12:58:24.255537
voltage,120.06,2025-09-10 12:58:24.255537
filament_temp,27.8,2025-09-10 12:58:24.755802
bed_temp,42.1,2025-09-10 12:58:24.755802
current,1.88,2025-09-10 12:58:24.755802
power,220.7,2025-09-10 12:58:24.755802
voltage,120.06,2025-09-10 12:58:24.755802
filament_temp,27.8,2025-09-10 12:58:25.256006
bed_temp,42.1,2025-09-10 12:58:25.256006
current,1.88,2025-09-10 12:58:25.256006
power,220.7,2025-09-10 12:58:25.256006
voltage,120.06,2025-09-10 12:58:25.256006
filament_temp,27.8,2025-09-10 12:58:25.756235
bed_temp,42.1,2025-09-10 12:58:25.756235
current,1.88,2025-09-10 12:58:25.756235
power,220.7,2025-09-10 12:58:25.756235
voltage,120.06,2025-09-10 12:58:25.756235
filament_temp,27.8,2025-09-10 12:58:26.256455
bed_temp,42.1,2025-09-10 12:58:26.256455
current,1.88,2025-09-10 12:58:26.256455
power,220.7,2025-09-10 12:58:26.256455
voltage,120.06,2025-09-10 12:58:26.256455
filament_temp,27.4,2025-09-10 12:58:26.756685
bed_temp,43.1,2025-09-10 12:58:26.756685
current,1.88,2025-09-10 12:58:26.756685
power,220.7,2025-09-10 12:58:26.756685
voltage,120.06,2025-09-10 12:58:26.756685
filament_temp,27.4,2025-09-10 12:58:27.256913
bed_temp,43.1,2025-09-10 12:58:27.256913
current,1.88,2025-09-10 12:58:27.256913
power,220.7,2025-09-10 12:58:27.256913
voltage,120.06,2025-09-10 12:58:27.256913
filament_temp,27.4,2025-09-10 12:58:27.757142
bed_temp,43.1,2025-09-10 12:58:27.757142
current,1.88,2025-09-10 12:58:27.757142
power,220.7,2025-09-10 12:58:27.757142
voltage,120.06,2025-09-10 12:58:27.757142
filament_temp,27.4,2025-09-10 12:58:28.257353
bed_temp,43.1,2025-09-10 12:58:28.257353
current,1.88,2025-09-10 12:58:28.257353
power,220.7,2025-09-10 12:58:28.257353
voltage,120.06,2025-09-10 12:58:28.257353
filament_temp,27.8,2025-09-10 12:58:28.757561
bed_temp,43.2,2025-09-10 12:58:28.757561
current,1.88,2025-09-10 12:58:28.757561
power,220.7,2025-09-10 12:58:28.757561
voltage,120.06,2025-09-10 12:58:28.757561
filament_temp,27.8,2025-09-10 12:58:29.257745
bed_temp,43.2,2025-09-10 12:58:29.257745
current,1.88,2025-09-10 12:58:29.257745
power,220.7,2025-09-10 12:58:29.257745
voltage,120.06,2025-09-10 12:58:29.257745
filament_temp,27.8,2025-09-10 12:58:29.757931
bed_temp,43.2,2025-09-10 12:58:29.757931
current,1.88,2025-09-10 12:58:29.757931
power,220.7,2025-09-10 12:58:29.757931
voltage,120.06,2025-09-10 12:58:29.757931
filament_temp,27.8,2025-09-10 12:58:30.258158
bed_temp,43.2,2025-09-10 12:58:30.258158
current,1.88,2025-09-10 12:58:30.258158
power,220.7,2025-09-10 12:58:30.258158
voltage,120.06,2025-09-10 12:58:30.258158
filament_temp,27.6,2025-09-10 12:58:30.758366
bed_temp,43.1,2025-09-10 12:58:30.758366
current,1.88,2025-09-10 12:58:30.758366
power,220.7,2025-09-10 12:58:30.758366
voltage,120.06,2025-09-10 12:58:30.758366
filament_temp,27.6,2025-09-10 12:58:31.258576
bed_temp,43.1,2025-09-10 12:58:31.258576
current,1.88,2025-09-10 12:58:31.258576
power,220.7,2025-09-10 12:58:31.258576
voltage,120.06,2025-09-10 12:58:31.258576
filament_temp,27.6,2025-09-10 12:58:31.758803
bed_temp,43.1,2025-09-10 12:58:31.758803
current,1.88,2025-09-10 12:58:31.758803
power,220.7,2025-09-10 12:58:31.758803
voltage,120.06,2025-09-10 12:58:31.758803
filament_temp,27.6,2025-09-10 12:58:32.259052
bed_temp,43.1,2025-09-10 12:58:32.259052
current,1.88,2025-09-10 12:58:32.259052
power,220.7,2025-09-10 12:58:32.259052
voltage,120.06,2025-09-10 12:58:32.259052
filament_temp,27.2,2025-09-10 12:58:32.759289
bed_temp,43.7,2025-09-10 12:58:32.759289
current,1.88,2025-09-10 12:58:32.759289
power,220.7,2025-09-10 12:58:32.759289
voltage,120.06,2025-09-10 12:58:32.759289
filament_temp,27.2,2025-09-10 12:58:33.259505
bed_temp,43.7,2025-09-10 12:58:33.259505
current,1.88,2025-09-10 12:58:33.259505
power,220.7,2025-09-10 12:58:33.259505
voltage,120.06,2025-09-10 12:58:33.259505
filament_temp,27.2,2025-09-10 12:58:33.759735
bed_temp,43.7,2025-09-10 12:58:33.759735
current,1.88,2025-09-10 12:58:33.759735
power,220.7,2025-09-10 12:58:33.759735
voltage,120.06,2025-09-10 12:58:33.759735
filament_temp,27.2,2025-09-10 12:58:34.259956
bed_temp,43.7,2025-09-10 12:58:34.259956
current,1.88,2025-09-10 12:58:34.259956
power,220.7,2025-09-10 12:58:34.259956
voltage,120.06,2025-09-10 12:58:34.259956
filament_temp,27.6,2025-09-10 12:58:34.760173
bed_temp,43.5,2025-09-10 12:58:34.760173
current,1.88,2025-09-10 12:58:34.760173
power,217,2025-09-10 12:58:34.760173
voltage,120.06,2025-09-10 12:58:34.760173
filament_temp,27.6,2025-09-10 12:58:35.260408
bed_temp,43.5,2025-09-10 12:58:35.260408
current,1.88,2025-09-10 12:58:35.260408
power,217,2025-09-10 12:58:35.260408
voltage,120.06,2025-09-10 12:58:35.260408
filament_temp,27.6,2025-09-10 12:58:35.760636
bed_temp,43.5,2025-09-10 12:58:35.760636
current,1.88,2025-09-10 12:58:35.760636
power,217,2025-09-10 12:58:35.760636
voltage,120.06,2025-09-10 12:58:35.760636
filament_temp,27.6,2025-09-10 12:58:36.260883
bed_temp,43.5,2025-09-10 12:58:36.260883
current,1.88,2025-09-10 12:58:36.260883
power,217,2025-09-10 12:58:36.260883
voltage,120.06,2025-09-10 12:58:36.260883
filament_temp,27.4,2025-09-10 12:58:36.761126
bed_temp,44.3,2025-09-10 12:58:36.761126
current,1.88,2025-09-10 12:58:36.761126
power,217,2025-09-10 12:58:36.761126
voltage,120.06,2025-09-10 12:58:36.761126
filament_temp,27.4,2025-09-10 12:58:37.261370
bed_temp,44.3,2025-09-10 12:58:37.261370
current,1.88,2025-09-10 12:58:37.261370
power,217,2025-09-10 12:58:37.261370
voltage,120.06,2025-09-10 12:58:37.261370
filament_temp,27.4,2025-09-10 12:58:37.761597
bed_temp,44.3,2025-09-10 12:58:37.761597
current,1.88,2025-09-10 12:58:37.761597
power,217,2025-09-10 12:58:37.761597
voltage,120.06,2025-09-10 12:58:37.761597
filament_temp,27.4,2025-09-10 12:58:38.261799
bed_temp,44.3,2025-09-10 12:58:38.261799
current,1.88,2025-09-10 12:58:38.261799
power,217,2025-09-10 12:58:38.261799
voltage,120.06,2025-09-10 12:58:38.261799
filament_temp,27.4,2025-09-10 12:58:38.762029
bed_temp,44.4,2025-09-10 12:58:38.762029
current,1.88,2025-09-10 12:58:38.762029
power,217,2025-09-10 12:58:38.762029
voltage,120.06,2025-09-10 12:58:38.762029
filament_temp,27.4,2025-09-10 12:58:39.262235
bed_temp,44.4,2025-09-10 12:58:39.262235
current,1.88,2025-09-10 12:58:39.262235
power,217,2025-09-10 12:58:39.262235
voltage,120.06,2025-09-10 12:58:39.262235
filament_temp,27.4,2025-09-10 12:58:39.762448
bed_temp,44.4,2025-09-10 12:58:39.762448
current,1.88,2025-09-10 12:58:39.762448
power,217,2025-09-10 12:58:39.762448
voltage,120.06,2025-09-10 12:58:39.762448
filament_temp,27.4,2025-09-10 12:58:40.262691
bed_temp,44.4,2025-09-10 12:58:40.262691
current,1.88,2025-09-10 12:58:40.262691
power,217,2025-09-10 12:58:40.262691
voltage,120.06,2025-09-10 12:58:40.262691
filament_temp,27.9,2025-09-10 12:58:40.762908
bed_temp,44.7,2025-09-10 12:58:40.762908
current,1.88,2025-09-10 12:58:40.762908
power,217,2025-09-10 12:58:40.762908
voltage,120.06,2025-09-10 12:58:40.762908
filament_temp,27.9,2025-09-10 12:58:41.263096
bed_temp,44.7,2025-09-10 12:58:41.263096
current,1.88,2025-09-10 12:58:41.263096
power,217,2025-09-10 12:58:41.263096
voltage,120.06,2025-09-10 12:58:41.263096
filament_temp,27.9,2025-09-10 12:58:41.763337
bed_temp,44.7,2025-09-10 12:58:41.763337
current,1.88,2025-09-10 12:58:41.763337
power,217,2025-09-10 12:58:41.763337
voltage,120.06,2025-09-10 12:58:41.763337
filament_temp,27.9,2025-09-10 12:58:42.263580
bed_temp,44.7,2025-09-10 12:58:42.263580
current,1.88,2025-09-10 12:58:42.263580
power,217,2025-09-10 12:58:42.263580
voltage,120.06,2025-09-10 12:58:42.263580
filament_temp,27.4,2025-09-10 12:58:42.763825
bed_temp,45.3,2025-09-10 12:58:42.763825
current,1.88,2025-09-10 12:58:42.763825
power,217,2025-09-10 12:58:42.763825
voltage,120.06,2025-09-10 12:58:42.763825
filament_temp,27.4,2025-09-10 12:58:43.264030
bed_temp,45.3,2025-09-10 12:58:43.264030
current,1.88,2025-09-10 12:58:43.264030
power,217,2025-09-10 12:58:43.264030
voltage,120.06,2025-09-10 12:58:43.264030
filament_temp,27.4,2025-09-10 12:58:43.764226
bed_temp,45.3,2025-09-10 12:58:43.764226
current,1.88,2025-09-10 12:58:43.764226
power,217,2025-09-10 12:58:43.764226
voltage,120.06,2025-09-10 12:58:43.764226
filament_temp,27.4,2025-09-10 12:58:44.264470
bed_temp,45.3,2025-09-10 12:58:44.264470
current,1.88,2025-09-10 12:58:44.264470
power,217,2025-09-10 12:58:44.264470
voltage,120.06,2025-09-10 12:58:44.264470
filament_temp,26.6,2025-09-10 12:58:44.764714
bed_temp,46.2,2025-09-10 12:58:44.764714
current,1.88,2025-09-10 12:58:44.764714
power,217,2025-09-10 12:58:44.764714
voltage,120.06,2025-09-10 12:58:44.764714
filament_temp,26.6,2025-09-10 12:58:45.264943
bed_temp,46.2,2025-09-10 12:58:45.264943
current,1.88,2025-09-10 12:58:45.264943
power,217,2025-09-10 12:58:45.264943
voltage,120.06,2025-09-10 12:58:45.264943
filament_temp,26.6,2025-09-10 12:58:45.765150
bed_temp,46.2,2025-09-10 12:58:45.765150
current,1.88,2025-09-10 12:58:45.765150
power,217,2025-09-10 12:58:45.765150
voltage,120.06,2025-09-10 12:58:45.765150
filament_temp,26.6,2025-09-10 12:58:46.265394
bed_temp,46.2,2025-09-10 12:58:46.265394
current,1.88,2025-09-10 12:58:46.265394
power,217,2025-09-10 12:58:46.265394
voltage,120.06,2025-09-10 12:58:46.265394
filament_temp,27.1,2025-09-10 12:58:46.765621
bed_temp,45.3,2025-09-10 12:58:46.765621
current,1.88,2025-09-10 12:58:46.765621
power,217,2025-09-10 12:58:46.765621
voltage,120.06,2025-09-10 12:58:46.765621
filament_temp,27.1,2025-09-10 12:58:47.265849
bed_temp,45.3,2025-09-10 12:58:47.265849
current,1.88,2025-09-10 12:58:47.265849
power,217,2025-09-10 12:58:47.265849
voltage,120.06,2025-09-10 12:58:47.265849
filament_temp,27.1,2025-09-10 12:58:47.766049
bed_temp,45.3,2025-09-10 12:58:47.766049
current,1.88,2025-09-10 12:58:47.766049
power,217,2025-09-10 12:58:47.766049
voltage,120.06,2025-09-10 12:58:47.766049
filament_temp,27.1,2025-09-10 12:58:48.266287
bed_temp,45.3,2025-09-10 12:58:48.266287
current,1.88,2025-09-10 12:58:48.266287
power,217,2025-09-10 12:58:48.266287
voltage,120.06,2025-09-10 12:58:48.266287
filament_temp,27.5,2025-09-10 12:58:48.766498
bed_temp,46.5,2025-09-10 12:58:48.766498
current,1.88,2025-09-10 12:58:48.766498
power,217,2025-09-10 12:58:48.766498
voltage,120.06,2025-09-10 12:58:48.766498
filament_temp,27.5,2025-09-10 12:58:49.266727
bed_temp,46.5,2025-09-10 12:58:49.266727
current,1.88,2025-09-10 12:58:49.266727
power,217,2025-09-10 12:58:49.266727
voltage,120.06,2025-09-10 12:58:49.266727
filament_temp,27.5,2025-09-10 12:58:49.766914
bed_temp,46.5,2025-09-10 12:58:49.766914
current,1.88,2025-09-10 12:58:49.766914
power,217,2025-09-10 12:58:49.766914
voltage,120.06,2025-09-10 12:58:49.766914
filament_temp,27.5,2025-09-10 12:58:50.267119
bed_temp,46.5,2025-09-10 12:58:50.267119
current,1.88,2025-09-10 12:58:50.267119
power,217,2025-09-10 12:58:50.267119
voltage,120.06,2025-09-10 12:58:50.267119
filament_temp,27.1,2025-09-10 12:58:50.767323
bed_temp,46.8,2025-09-10 12:58:50.767323
current,1.88,2025-09-10 12:58:50.767323
power,217,2025-09-10 12:58:50.767323
voltage,120.06,2025-09-10 12:58:50.767323
filament_temp,27.1,2025-09-10 12:58:51.267552
bed_temp,46.8,2025-09-10 12:58:51.267552
current,1.88,2025-09-10 12:58:51.267552
power,217,2025-09-10 12:58:51.267552
voltage,120.06,2025-09-10 12:58:51.267552
filament_temp,27.1,2025-09-10 12:58:51.767820
bed_temp,46.8,2025-09-10 12:58:51.767820
current,1.88,2025-09-10 12:58:51.767820
power,217,2025-09-10 12:58:51.767820
voltage,120.06,2025-09-10 12:58:51.767820
filament_temp,27.1,2025-09-10 12:58:52.268034
bed_temp,46.8,2025-09-10 12:58:52.268034
current,1.88,2025-09-10 12:58:52.268034
power,217,2025-09-10 12:58:52.268034
voltage,120.06,2025-09-10 12:58:52.268034
filament_temp,27.4,2025-09-10 12:58:52.768264
bed_temp,47.2,2025-09-10 12:58:52.768264
current,1.88,2025-09-10 12:58:52.768264
power,217,2025-09-10 12:58:52.768264
voltage,120.06,2025-09-10 12:58:52.768264
filament_temp,27.4,2025-09-10 12:58:53.268486
bed_temp,47.2,2025-09-10 12:58:53.268486
current,1.88,2025-09-10 12:58:53.268486
power,217,2025-09-10 12:58:53.268486
voltage,120.06,2025-09-10 12:58:53.268486
filament_temp,27.4,2025-09-10 12:58:53.768729
bed_temp,47.2,2025-09-10 12:58:53.768729
current,1.88,2025-09-10 12:58:53.768729
power,217,2025-09-10 12:58:53.768729
voltage,120.06,2025-09-10 12:58:53.768729
filament_temp,27.4,2025-09-10 12:58:54.268953
bed_temp,47.2,2025-09-10 12:58:54.268953
current,1.88,2025-09-10 12:58:54.268953
power,217,2025-09-10 12:58:54.268953
voltage,120.06,2025-09-10 12:58:54.268953
filament_temp,27.2,2025-09-10 12:58:54.769127
bed_temp,46.9,2025-09-10 12:58:54.769127
current,1.88,2025-09-10 12:58:54.769127
power,217,2025-09-10 12:58:54.769127
voltage,120.06,2025-09-10 12:58:54.769127
filament_temp,27.2,2025-09-10 12:58:55.269355
bed_temp,46.9,2025-09-10 12:58:55.269355
current,1.88,2025-09-10 12:58:55.269355
power,217,2025-09-10 12:58:55.269355
voltage,120.06,2025-09-10 12:58:55.269355
filament_temp,27.2,2025-09-10 12:58:55.769519
bed_temp,46.9,2025-09-10 12:58:55.769519
current,1.88,2025-09-10 12:58:55.769519
power,217,2025-09-10 12:58:55.769519
voltage,120.06,2025-09-10 12:58:55.769519
filament_temp,27.2,2025-09-10 12:58:56.269724
bed_temp,46.9,2025-09-10 12:58:56.269724
current,1.88,2025-09-10 12:58:56.269724
power,217,2025-09-10 12:58:56.269724
voltage,120.06,2025-09-10 12:58:56.269724
filament_temp,27.2,2025-09-10 12:58:56.769930
bed_temp,47.4,2025-09-10 12:58:56.769930
current,1.88,2025-09-10 12:58:56.769930
power,217,2025-09-10 12:58:56.769930
voltage,120.06,2025-09-10 12:58:56.769930
filament_temp,27.2,2025-09-10 12:58:57.270147
bed_temp,47.4,2025-09-10 12:58:57.270147
current,1.88,2025-09-10 12:58:57.270147
power,217,2025-09-10 12:58:57.270147
voltage,120.06,2025-09-10 12:58:57.270147
filament_temp,27.2,2025-09-10 12:58:57.770365
bed_temp,47.4,2025-09-10 12:58:57.770365
current,1.88,2025-09-10 12:58:57.770365
power,217,2025-09-10 12:58:57.770365
voltage,120.06,2025-09-10 12:58:57.770365
filament_temp,27.2,2025-09-10 12:58:58.270589
bed_temp,47.4,2025-09-10 12:58:58.270589
current,1.88,2025-09-10 12:58:58.270589
power,217,2025-09-10 12:58:58.270589
voltage,120.06,2025-09-10 12:58:58.270589
filament_temp,27.2,2025-09-10 12:58:58.770815
bed_temp,47.9,2025-09-10 12:58:58.770815
current,1.88,2025-09-10 12:58:58.770815
power,217,2025-09-10 12:58:58.770815
voltage,120.06,2025-09-10 12:58:58.770815
filament_temp,27.2,2025-09-10 12:58:59.271050
bed_temp,47.9,2025-09-10 12:58:59.271050
current,1.88,2025-09-10 12:58:59.271050
power,217,2025-09-10 12:58:59.271050
voltage,120.06,2025-09-10 12:58:59.271050
filament_temp,27.2,2025-09-10 12:58:59.771293
bed_temp,47.9,2025-09-10 12:58:59.771293
current,1.88,2025-09-10 12:58:59.771293
power,217,2025-09-10 12:58:59.771293
voltage,120.06,2025-09-10 12:58:59.771293
filament_temp,27.2,2025-09-10 12:59:00.271485
bed_temp,47.9,2025-09-10 12:59:00.271485
current,1.88,2025-09-10 12:59:00.271485
power,217,2025-09-10 12:59:00.271485
voltage,120.06,2025-09-10 12:59:00.271485
filament_temp,27.4,2025-09-10 12:59:00.771717
bed_temp,48.5,2025-09-10 12:59:00.771717
current,1.88,2025-09-10 12:59:00.771717
power,217,2025-09-10 12:59:00.771717
voltage,120.06,2025-09-10 12:59:00.771717
filament_temp,27.4,2025-09-10 12:59:01.271851
bed_temp,48.5,2025-09-10 12:59:01.271851
current,1.88,2025-09-10 12:59:01.271851
power,217,2025-09-10 12:59:01.271851
voltage,120.06,2025-09-10 12:59:01.271851
filament_temp,27.4,2025-09-10 12:59:01.772090
bed_temp,48.5,2025-09-10 12:59:01.772090
current,1.88,2025-09-10 12:59:01.772090
power,217,2025-09-10 12:59:01.772090
voltage,120.06,2025-09-10 12:59:01.772090
filament_temp,27.4,2025-09-10 12:59:02.272339
bed_temp,48.5,2025-09-10 12:59:02.272339
current,1.88,2025-09-10 12:59:02.272339
power,217,2025-09-10 12:59:02.272339
voltage,120.06,2025-09-10 12:59:02.272339
filament_temp,26.6,2025-09-10 12:59:02.772574
bed_temp,48.5,2025-09-10 12:59:02.772574
current,1.88,2025-09-10 12:59:02.772574
power,217,2025-09-10 12:59:02.772574
voltage,120.06,2025-09-10 12:59:02.772574
filament_temp,26.6,2025-09-10 12:59:03.272819
bed_temp,48.5,2025-09-10 12:59:03.272819
current,1.88,2025-09-10 12:59:03.272819
power,217,2025-09-10 12:59:03.272819
voltage,120.06,2025-09-10 12:59:03.272819
filament_temp,26.6,2025-09-10 12:59:03.773057
bed_temp,48.5,2025-09-10 12:59:03.773057
current,1.88,2025-09-10 12:59:03.773057
power,217,2025-09-10 12:59:03.773057
voltage,120.06,2025-09-10 12:59:03.773057
filament_temp,26.6,2025-09-10 12:59:04.273295
bed_temp,48.5,2025-09-10 12:59:04.273295
current,1.88,2025-09-10 12:59:04.273295
power,217,2025-09-10 12:59:04.273295
voltage,120.06,2025-09-10 12:59:04.273295
filament_temp,27.1,2025-09-10 12:59:04.773504
bed_temp,49.1,2025-09-10 12:59:04.773504
current,1.88,2025-09-10 12:59:04.773504
power,217,2025-09-10 12:59:04.773504
voltage,120.06,2025-09-10 12:59:04.773504
filament_temp,27.1,2025-09-10 12:59:05.273724
bed_temp,49.1,2025-09-10 12:59:05.273724
current,1.88,2025-09-10 12:59:05.273724
power,217,2025-09-10 12:59:05.273724
voltage,120.06,2025-09-10 12:59:05.273724
filament_temp,27.1,2025-09-10 12:59:05.773942
bed_temp,49.1,2025-09-10 12:59:05.773942
current,1.88,2025-09-10 12:59:05.773942
power,217,2025-09-10 12:59:05.773942
voltage,120.06,2025-09-10 12:59:05.773942
filament_temp,27.1,2025-09-10 12:59:06.274184
bed_temp,49.1,2025-09-10 12:59:06.274184
current,1.88,2025-09-10 12:59:06.274184
power,217,2025-09-10 12:59:06.274184
voltage,120.06,2025-09-10 12:59:06.274184
filament_temp,26.3,2025-09-10 12:59:06.774428
bed_temp,49.9,2025-09-10 12:59:06.774428
current,1.88,2025-09-10 12:59:06.774428
power,217,2025-09-10 12:59:06.774428
voltage,120.06,2025-09-10 12:59:06.774428
filament_temp,26.3,2025-09-10 12:59:07.274655
bed_temp,49.9,2025-09-10 12:59:07.274655
current,1.88,2025-09-10 12:59:07.274655
power,213.4,2025-09-10 12:59:07.274655
voltage,120.06,2025-09-10 12:59:07.274655
filament_temp,26.3,2025-09-10 12:59:07.774900
bed_temp,49.9,2025-09-10 12:59:07.774900
current,1.88,2025-09-10 12:59:07.774900
power,213.4,2025-09-10 12:59:07.774900
voltage,120.06,2025-09-10 12:59:07.774900
filament_temp,26.3,2025-09-10 12:59:08.275137
bed_temp,49.9,2025-09-10 12:59:08.275137
current,1.88,2025-09-10 12:59:08.275137
power,213.4,2025-09-10 12:59:08.275137
voltage,120.06,2025-09-10 12:59:08.275137
filament_temp,27.1,2025-09-10 12:59:08.775338
bed_temp,50.0,2025-09-10 12:59:08.775338
current,1.88,2025-09-10 12:59:08.775338
power,213.4,2025-09-10 12:59:08.775338
voltage,120.06,2025-09-10 12:59:08.775338
filament_temp,27.1,2025-09-10 12:59:09.275580
bed_temp,50.0,2025-09-10 12:59:09.275580
current,1.88,2025-09-10 12:59:09.275580
power,213.4,2025-09-10 12:59:09.275580
voltage,120.06,2025-09-10 12:59:09.275580
filament_temp,27.1,2025-09-10 12:59:09.775809
bed_temp,50.0,2025-09-10 12:59:09.775809
current,1.88,2025-09-10 12:59:09.775809
power,213.4,2025-09-10 12:59:09.775809
voltage,120.06,2025-09-10 12:59:09.775809
filament_temp,27.1,2025-09-10 12:59:10.276047
bed_temp,50.0,2025-09-10 12:59:10.276047
current,1.88,2025-09-10 12:59:10.276047
power,213.4,2025-09-10 12:59:10.276047
voltage,120.06,2025-09-10 12:59:10.276047
filament_temp,27.5,2025-09-10 12:59:10.776292
bed_temp,49.4,2025-09-10 12:59:10.776292
current,1.88,2025-09-10 12:59:10.776292
power,213.4,2025-09-10 12:59:10.776292
voltage,120.06,2025-09-10 12:59:10.776292
filament_temp,27.5,2025-09-10 12:59:11.276542
bed_temp,49.4,2025-09-10 12:59:11.276542
current,1.88,2025-09-10 12:59:11.276542
power,213.4,2025-09-10 12:59:11.276542
voltage,120.06,2025-09-10 12:59:11.276542
filament_temp,27.5,2025-09-10 12:59:11.776771
bed_temp,49.4,2025-09-10 12:59:11.776771
current,1.88,2025-09-10 12:59:11.776771
power,213.4,2025-09-10 12:59:11.776771
voltage,120.06,2025-09-10 12:59:11.776771
filament_temp,27.5,2025-09-10 12:59:12.276998
bed_temp,49.4,2025-09-10 12:59:12.276998
current,1.88,2025-09-10 12:59:12.276998
power,213.4,2025-09-10 12:59:12.276998
voltage,120.06,2025-09-10 12:59:12.276998
filament_temp,29.9,2025-09-10 12:59:12.777225
bed_temp,50.6,2025-09-10 12:59:12.777225
current,1.78,2025-09-10 12:59:12.777225
power,213.4,2025-09-10 12:59:12.777225
voltage,120.06,2025-09-10 12:59:12.777225
filament_temp,29.9,2025-09-10 12:59:13.277413
bed_temp,50.6,2025-09-10 12:59:13.277413
current,1.78,2025-09-10 12:59:13.277413
power,213.4,2025-09-10 12:59:13.277413
voltage,120.06,2025-09-10 12:59:13.277413
filament_temp,29.9,2025-09-10 12:59:13.777624
bed_temp,50.6,2025-09-10 12:59:13.777624
current,1.78,2025-09-10 12:59:13.777624
power,213.4,2025-09-10 12:59:13.777624
voltage,120.06,2025-09-10 12:59:13.777624
filament_temp,29.9,2025-09-10 12:59:14.277788
bed_temp,50.6,2025-09-10 12:59:14.277788
current,1.78,2025-09-10 12:59:14.277788
power,213.4,2025-09-10 12:59:14.277788
voltage,120.06,2025-09-10 12:59:14.277788
filament_temp,34.9,2025-09-10 12:59:14.778021
bed_temp,50.9,2025-09-10 12:59:14.778021
current,1.78,2025-09-10 12:59:14.778021
power,213.4,2025-09-10 12:59:14.778021
voltage,120.06,2025-09-10 12:59:14.778021
filament_temp,34.9,2025-09-10 12:59:15.278263
bed_temp,50.9,2025-09-10 12:59:15.278263
current,1.78,2025-09-10 12:59:15.278263
power,213.4,2025-09-10 12:59:15.278263
voltage,120.06,2025-09-10 12:59:15.278263
filament_temp,34.9,2025-09-10 12:59:15.778496
bed_temp,50.9,2025-09-10 12:59:15.778496
current,1.78,2025-09-10 12:59:15.778496
power,213.4,2025-09-10 12:59:15.778496
voltage,120.06,2025-09-10 12:59:15.778496
filament_temp,34.9,2025-09-10 12:59:16.278712
bed_temp,50.9,2025-09-10 12:59:16.278712
current,1.78,2025-09-10 12:59:16.278712
power,213.4,2025-09-10 12:59:16.278712
voltage,120.06,2025-09-10 12:59:16.278712
filament_temp,42.8,2025-09-10 12:59:16.778931
bed_temp,51.3,2025-09-10 12:59:16.778931
current,1.78,2025-09-10 12:59:16.778931
power,213.4,2025-09-10 12:59:16.778931
voltage,120.06,2025-09-10 12:59:16.778931
filament_temp,42.8,2025-09-10 12:59:17.279186
bed_temp,51.3,2025-09-10 12:59:17.279186
current,1.78,2025-09-10 12:59:17.279186
power,213.4,2025-09-10 12:59:17.279186
voltage,120.06,2025-09-10 12:59:17.279186
filament_temp,42.8,2025-09-10 12:59:17.779417
bed_temp,51.3,2025-09-10 12:59:17.779417
current,1.78,2025-09-10 12:59:17.779417
power,213.4,2025-09-10 12:59:17.779417
voltage,120.06,2025-09-10 12:59:17.779417
filament_temp,42.8,2025-09-10 12:59:18.279627
bed_temp,51.3,2025-09-10 12:59:18.279627
current,1.78,2025-09-10 12:59:18.279627
power,213.4,2025-09-10 12:59:18.279627
voltage,120.06,2025-09-10 12:59:18.279627
filament_temp,50.0,2025-09-10 12:59:18.779861
bed_temp,51.3,2025-09-10 12:59:18.779861
current,1.78,2025-09-10 12:59:18.779861
power,248.3,2025-09-10 12:59:18.779861
voltage,120.06,2025-09-10 12:59:18.779861
filament_temp,50.0,2025-09-10 12:59:19.280061
bed_temp,51.3,2025-09-10 12:59:19.280061
current,2.1,2025-09-10 12:59:19.280061
power,248.3,2025-09-10 12:59:19.280061
voltage,120.06,2025-09-10 12:59:19.280061
filament_temp,50.0,2025-09-10 12:59:19.780303
bed_temp,51.3,2025-09-10 12:59:19.780303
current,2.1,2025-09-10 12:59:19.780303
power,248.3,2025-09-10 12:59:19.780303
voltage,120.06,2025-09-10 12:59:19.780303
filament_temp,50.0,2025-09-10 12:59:20.280536
bed_temp,51.3,2025-09-10 12:59:20.280536
current,2.1,2025-09-10 12:59:20.280536
power,248.3,2025-09-10 12:59:20.280536
voltage,120.06,2025-09-10 12:59:20.280536
filament_temp,57.6,2025-09-10 12:59:20.780764
bed_temp,52.2,2025-09-10 12:59:20.780764
current,2.1,2025-09-10 12:59:20.780764
power,248.3,2025-09-10 12:59:20.780764
voltage,120.06,2025-09-10 12:59:20.780764
filament_temp,57.6,2025-09-10 12:59:21.281006
bed_temp,52.2,2025-09-10 12:59:21.281006
current,2.1,2025-09-10 12:59:21.281006
power,248.3,2025-09-10 12:59:21.281006
voltage,120.06,2025-09-10 12:59:21.281006
filament_temp,57.6,2025-09-10 12:59:21.781251
bed_temp,52.2,2025-09-10 12:59:21.781251
current,2.1,2025-09-10 12:59:21.781251
power,248.3,2025-09-10 12:59:21.781251
voltage,120.06,2025-09-10 12:59:21.781251
filament_temp,57.6,2025-09-10 12:59:22.281485
bed_temp,52.2,2025-09-10 12:59:22.281485
current,2.1,2025-09-10 12:59:22.281485
power,248.3,2025-09-10 12:59:22.281485
voltage,120.06,2025-09-10 12:59:22.281485
filament_temp,67.8,2025-09-10 12:59:22.781696
bed_temp,52.1,2025-09-10 12:59:22.781696
current,2.1,2025-09-10 12:59:22.781696
power,248.3,2025-09-10 12:59:22.781696
voltage,120.06,2025-09-10 12:59:22.781696
filament_temp,67.8,2025-09-10 12:59:23.281929
bed_temp,52.1,2025-09-10 12:59:23.281929
current,2.1,2025-09-10 12:59:23.281929
power,248.3,2025-09-10 12:59:23.281929
voltage,120.06,2025-09-10 12:59:23.281929
filament_temp,67.8,2025-09-10 12:59:23.782167
bed_temp,52.1,2025-09-10 12:59:23.782167
current,2.1,2025-09-10 12:59:23.782167
power,248.3,2025-09-10 12:59:23.782167
voltage,120.06,2025-09-10 12:59:23.782167
filament_temp,67.8,2025-09-10 12:59:24.282370
bed_temp,52.1,2025-09-10 12:59:24.282370
current,2.1,2025-09-10 12:59:24.282370
power,248.3,2025-09-10 12:59:24.282370
voltage,120.06,2025-09-10 12:59:24.282370
filament_temp,76.9,2025-09-10 12:59:24.782595
bed_temp,51.0,2025-09-10 12:59:24.782595
current,2.1,2025-09-10 12:59:24.782595
power,248.3,2025-09-10 12:59:24.782595
voltage,120.06,2025-09-10 12:59:24.782595
filament_temp,76.9,2025-09-10 12:59:25.282825
bed_temp,51.0,2025-09-10 12:59:25.282825
current,2.1,2025-09-10 12:59:25.282825
power,248.3,2025-09-10 12:59:25.282825
voltage,120.06,2025-09-10 12:59:25.282825
filament_temp,76.9,2025-09-10 12:59:25.783056
bed_temp,51.0,2025-09-10 12:59:25.783056
current,2.1,2025-09-10 12:59:25.783056
power,248.3,2025-09-10 12:59:25.783056
voltage,120.06,2025-09-10 12:59:25.783056
filament_temp,76.9,2025-09-10 12:59:26.283287
bed_temp,51.0,2025-09-10 12:59:26.283287
current,2.1,2025-09-10 12:59:26.283287
power,248.3,2025-09-10 12:59:26.283287
voltage,120.06,2025-09-10 12:59:26.283287
filament_temp,86.3,2025-09-10 12:59:26.783479
bed_temp,52.2,2025-09-10 12:59:26.783479
current,2.1,2025-09-10 12:59:26.783479
power,248.3,2025-09-10 12:59:26.783479
voltage,120.06,2025-09-10 12:59:26.783479
filament_temp,86.3,2025-09-10 12:59:27.283691
bed_temp,52.2,2025-09-10 12:59:27.283691
current,2.1,2025-09-10 12:59:27.283691
power,248.3,2025-09-10 12:59:27.283691
voltage,120.06,2025-09-10 12:59:27.283691
filament_temp,86.3,2025-09-10 12:59:27.783922
bed_temp,52.2,2025-09-10 12:59:27.783922
current,2.1,2025-09-10 12:59:27.783922
power,248.3,2025-09-10 12:59:27.783922
voltage,120.06,2025-09-10 12:59:27.783922
filament_temp,86.3,2025-09-10 12:59:28.284163
bed_temp,52.2,2025-09-10 12:59:28.284163
current,2.1,2025-09-10 12:59:28.284163
power,248.3,2025-09-10 12:59:28.284163
voltage,120.06,2025-09-10 12:59:28.284163
filament_temp,94.3,2025-09-10 12:59:28.784405
bed_temp,53.5,2025-09-10 12:59:28.784405
current,2.1,2025-09-10 12:59:28.784405
power,248.3,2025-09-10 12:59:28.784405
voltage,120.06,2025-09-10 12:59:28.784405
filament_temp,94.3,2025-09-10 12:59:29.284648
bed_temp,53.5,2025-09-10 12:59:29.284648
current,2.1,2025-09-10 12:59:29.284648
power,248.3,2025-09-10 12:59:29.284648
voltage,120.06,2025-09-10 12:59:29.284648
filament_temp,94.3,2025-09-10 12:59:29.784905
bed_temp,53.5,2025-09-10 12:59:29.784905
current,2.1,2025-09-10 12:59:29.784905
power,248.3,2025-09-10 12:59:29.784905
voltage,120.06,2025-09-10 12:59:29.784905
filament_temp,94.3,2025-09-10 12:59:30.285104
bed_temp,53.5,2025-09-10 12:59:30.285104
current,2.1,2025-09-10 12:59:30.285104
power,248.3,2025-09-10 12:59:30.285104
voltage,120.06,2025-09-10 12:59:30.285104
filament_temp,102.5,2025-09-10 12:59:30.785322
bed_temp,53.8,2025-09-10 12:59:30.785322
current,2.1,2025-09-10 12:59:30.785322
power,248.3,2025-09-10 12:59:30.785322
voltage,120.06,2025-09-10 12:59:30.785322
filament_temp,102.5,2025-09-10 12:59:31.285531
bed_temp,53.8,2025-09-10 12:59:31.285531
current,2.1,2025-09-10 12:59:31.285531
power,248.3,2025-09-10 12:59:31.285531
voltage,120.06,2025-09-10 12:59:31.285531
filament_temp,102.5,2025-09-10 12:59:31.785764
bed_temp,53.8,2025-09-10 12:59:31.785764
current,2.1,2025-09-10 12:59:31.785764
power,248.3,2025-09-10 12:59:31.785764
voltage,120.06,2025-09-10 12:59:31.785764
filament_temp,102.5,2025-09-10 12:59:32.285951
bed_temp,53.8,2025-09-10 12:59:32.285951
current,2.1,2025-09-10 12:59:32.285951
power,248.3,2025-09-10 12:59:32.285951
voltage,120.06,2025-09-10 12:59:32.285951
filament_temp,111.0,2025-09-10 12:59:32.786164
bed_temp,52.9,2025-09-10 12:59:32.786164
current,2.1,2025-09-10 12:59:32.786164
power,248.3,2025-09-10 12:59:32.786164
voltage,120.06,2025-09-10 12:59:32.786164
filament_temp,111.0,2025-09-10 12:59:33.286353
bed_temp,52.9,2025-09-10 12:59:33.286353
current,2.1,2025-09-10 12:59:33.286353
power,248.3,2025-09-10 12:59:33.286353
voltage,120.06,2025-09-10 12:59:33.286353
filament_temp,111.0,2025-09-10 12:59:33.786584
bed_temp,52.9,2025-09-10 12:59:33.786584
current,2.1,2025-09-10 12:59:33.786584
power,248.3,2025-09-10 12:59:33.786584
voltage,120.06,2025-09-10 12:59:33.786584
filament_temp,111.0,2025-09-10 12:59:34.286764
bed_temp,52.9,2025-09-10 12:59:34.286764
current,2.1,2025-09-10 12:59:34.286764
power,248.3,2025-09-10 12:59:34.286764
voltage,120.06,2025-09-10 12:59:34.286764
filament_temp,119.7,2025-09-10 12:59:34.786993
bed_temp,52.9,2025-09-10 12:59:34.786993
current,2.1,2025-09-10 12:59:34.786993
power,248.3,2025-09-10 12:59:34.786993
voltage,120.06,2025-09-10 12:59:34.786993
filament_temp,119.7,2025-09-10 12:59:35.287216
bed_temp,52.9,2025-09-10 12:59:35.287216
current,2.1,2025-09-10 12:59:35.287216
power,248.3,2025-09-10 12:59:35.287216
voltage,120.06,2025-09-10 12:59:35.287216
filament_temp,119.7,2025-09-10 12:59:35.787441
bed_temp,52.9,2025-09-10 12:59:35.787441
current,2.1,2025-09-10 12:59:35.787441
power,248.3,2025-09-10 12:59:35.787441
voltage,120.06,2025-09-10 12:59:35.787441
filament_temp,119.7,2025-09-10 12:59:36.287669
bed_temp,52.9,2025-09-10 12:59:36.287669
current,2.1,2025-09-10 12:59:36.287669
power,248.3,2025-09-10 12:59:36.287669
voltage,120.06,2025-09-10 12:59:36.287669
filament_temp,127.3,2025-09-10 12:59:36.787896
bed_temp,54.3,2025-09-10 12:59:36.787896
current,2.1,2025-09-10 12:59:36.787896
power,248.3,2025-09-10 12:59:36.787896
voltage,120.06,2025-09-10 12:59:36.787896
filament_temp,127.3,2025-09-10 12:59:37.288144
bed_temp,54.3,2025-09-10 12:59:37.288144
current,2.1,2025-09-10 12:59:37.288144
power,248.3,2025-09-10 12:59:37.288144
voltage,120.06,2025-09-10 12:59:37.288144
filament_temp,127.3,2025-09-10 12:59:37.788388
bed_temp,54.3,2025-09-10 12:59:37.788388
current,2.1,2025-09-10 12:59:37.788388
power,248.3,2025-09-10 12:59:37.788388
voltage,120.06,2025-09-10 12:59:37.788388
filament_temp,127.3,2025-09-10 12:59:38.288632
bed_temp,54.3,2025-09-10 12:59:38.288632
current,2.1,2025-09-10 12:59:38.288632
power,248.3,2025-09-10 12:59:38.288632
voltage,120.06,2025-09-10 12:59:38.288632
filament_temp,135.8,2025-09-10 12:59:38.788874
bed_temp,54.4,2025-09-10 12:59:38.788874
current,2.1,2025-09-10 12:59:38.788874
power,248.3,2025-09-10 12:59:38.788874
voltage,120.06,2025-09-10 12:59:38.788874
filament_temp,135.8,2025-09-10 12:59:39.289075
bed_temp,54.4,2025-09-10 12:59:39.289075
current,2.1,2025-09-10 12:59:39.289075
power,248.3,2025-09-10 12:59:39.289075
voltage,120.06,2025-09-10 12:59:39.289075
filament_temp,135.8,2025-09-10 12:59:39.789277
bed_temp,54.4,2025-09-10 12:59:39.789277
current,2.1,2025-09-10 12:59:39.789277
power,248.3,2025-09-10 12:59:39.789277
voltage,120.06,2025-09-10 12:59:39.789277
filament_temp,135.8,2025-09-10 12:59:40.289500
bed_temp,54.4,2025-09-10 12:59:40.289500
current,2.1,2025-09-10 12:59:40.289500
power,248.3,2025-09-10 12:59:40.289500
voltage,120.06,2025-09-10 12:59:40.289500
filament_temp,142.7,2025-09-10 12:59:40.789727
bed_temp,55.0,2025-09-10 12:59:40.789727
current,2.1,2025-09-10 12:59:40.789727
power,248.3,2025-09-10 12:59:40.789727
voltage,120.06,2025-09-10 12:59:40.789727
filament_temp,142.7,2025-09-10 12:59:41.290026
bed_temp,55.0,2025-09-10 12:59:41.290026
current,2.1,2025-09-10 12:59:41.290026
power,248.3,2025-09-10 12:59:41.290026
voltage,120.06,2025-09-10 12:59:41.290026
filament_temp,142.7,2025-09-10 12:59:41.790286
bed_temp,55.0,2025-09-10 12:59:41.790286
current,2.1,2025-09-10 12:59:41.790286
power,248.3,2025-09-10 12:59:41.790286
voltage,120.06,2025-09-10 12:59:41.790286
filament_temp,142.7,2025-09-10 12:59:42.290526
bed_temp,55.0,2025-09-10 12:59:42.290526
current,2.1,2025-09-10 12:59:42.290526
power,248.3,2025-09-10 12:59:42.290526
voltage,120.06,2025-09-10 12:59:42.290526
filament_temp,151.3,2025-09-10 12:59:42.790748
bed_temp,55.0,2025-09-10 12:59:42.790748
current,2.1,2025-09-10 12:59:42.790748
power,248.3,2025-09-10 12:59:42.790748
voltage,120.06,2025-09-10 12:59:42.790748
filament_temp,151.3,2025-09-10 12:59:43.290981
bed_temp,55.0,2025-09-10 12:59:43.290981
current,2.1,2025-09-10 12:59:43.290981
power,248.3,2025-09-10 12:59:43.290981
voltage,120.06,2025-09-10 12:59:43.290981
filament_temp,151.3,2025-09-10 12:59:43.791184
bed_temp,55.0,2025-09-10 12:59:43.791184
current,2.1,2025-09-10 12:59:43.791184
power,248.3,2025-09-10 12:59:43.791184
voltage,120.06,2025-09-10 12:59:43.791184
filament_temp,151.3,2025-09-10 12:59:44.291401
bed_temp,55.0,2025-09-10 12:59:44.291401
current,2.1,2025-09-10 12:59:44.291401
power,248.3,2025-09-10 12:59:44.291401
voltage,120.06,2025-09-10 12:59:44.291401
filament_temp,159.1,2025-09-10 12:59:44.791625
bed_temp,55.6,2025-09-10 12:59:44.791625
current,2.1,2025-09-10 12:59:44.791625
power,248.3,2025-09-10 12:59:44.791625
voltage,120.06,2025-09-10 12:59:44.791625
filament_temp,159.1,2025-09-10 12:59:45.291856
bed_temp,55.6,2025-09-10 12:59:45.291856
current,2.1,2025-09-10 12:59:45.291856
power,248.3,2025-09-10 12:59:45.291856
voltage,120.06,2025-09-10 12:59:45.291856
filament_temp,159.1,2025-09-10 12:59:45.792106
bed_temp,55.6,2025-09-10 12:59:45.792106
current,2.1,2025-09-10 12:59:45.792106
power,248.3,2025-09-10 12:59:45.792106
voltage,120.06,2025-09-10 12:59:45.792106
filament_temp,159.1,2025-09-10 12:59:46.292350
bed_temp,55.6,2025-09-10 12:59:46.292350
current,2.1,2025-09-10 12:59:46.292350
power,248.3,2025-09-10 12:59:46.292350
voltage,120.06,2025-09-10 12:59:46.292350
filament_temp,166.9,2025-09-10 12:59:46.792580
bed_temp,55.6,2025-09-10 12:59:46.792580
current,2.1,2025-09-10 12:59:46.792580
power,248.3,2025-09-10 12:59:46.792580
voltage,120.06,2025-09-10 12:59:46.792580
filament_temp,166.9,2025-09-10 12:59:47.292815
bed_temp,55.6,2025-09-10 12:59:47.292815
current,2.1,2025-09-10 12:59:47.292815
power,248.3,2025-09-10 12:59:47.292815
voltage,120.06,2025-09-10 12:59:47.292815
filament_temp,166.9,2025-09-10 12:59:47.793027
bed_temp,55.6,2025-09-10 12:59:47.793027
current,2.1,2025-09-10 12:59:47.793027
power,248.3,2025-09-10 12:59:47.793027
voltage,120.06,2025-09-10 12:59:47.793027
filament_temp,166.9,2025-09-10 12:59:48.293242
bed_temp,55.6,2025-09-10 12:59:48.293242
current,2.1,2025-09-10 12:59:48.293242
power,248.3,2025-09-10 12:59:48.293242
voltage,120.06,2025-09-10 12:59:48.293242
filament_temp,173.6,2025-09-10 12:59:48.793462
bed_temp,56.3,2025-09-10 12:59:48.793462
current,2.1,2025-09-10 12:59:48.793462
power,248.3,2025-09-10 12:59:48.793462
voltage,120.06,2025-09-10 12:59:48.793462
filament_temp,173.6,2025-09-10 12:59:49.293679
bed_temp,56.3,2025-09-10 12:59:49.293679
current,2.1,2025-09-10 12:59:49.293679
power,248.3,2025-09-10 12:59:49.293679
voltage,120.06,2025-09-10 12:59:49.293679
filament_temp,173.6,2025-09-10 12:59:49.793894
bed_temp,56.3,2025-09-10 12:59:49.793894
current,2.1,2025-09-10 12:59:49.793894
power,248.3,2025-09-10 12:59:49.793894
voltage,120.06,2025-09-10 12:59:49.793894
filament_temp,173.6,2025-09-10 12:59:50.294140
bed_temp,56.3,2025-09-10 12:59:50.294140
current,2.1,2025-09-10 12:59:50.294140
power,248.3,2025-09-10 12:59:50.294140
voltage,120.06,2025-09-10 12:59:50.294140
filament_temp,182.0,2025-09-10 12:59:50.794355
bed_temp,56.5,2025-09-10 12:59:50.794355
current,2.1,2025-09-10 12:59:50.794355
power,248.3,2025-09-10 12:59:50.794355
voltage,120.06,2025-09-10 12:59:50.794355
filament_temp,182.0,2025-09-10 12:59:51.294598
bed_temp,56.5,2025-09-10 12:59:51.294598
current,2.1,2025-09-10 12:59:51.294598
power,248.3,2025-09-10 12:59:51.294598
voltage,120.06,2025-09-10 12:59:51.294598
filament_temp,182.0,2025-09-10 12:59:51.794838
bed_temp,56.5,2025-09-10 12:59:51.794838
current,2.1,2025-09-10 12:59:51.794838
power,248.3,2025-09-10 12:59:51.794838
voltage,120.06,2025-09-10 12:59:51.794838
filament_temp,182.0,2025-09-10 12:59:52.295041
bed_temp,56.5,2025-09-10 12:59:52.295041
current,2.1,2025-09-10 12:59:52.295041
power,248.3,2025-09-10 12:59:52.295041
voltage,120.06,2025-09-10 12:59:52.295041
filament_temp,188.8,2025-09-10 12:59:52.795243
bed_temp,55.9,2025-09-10 12:59:52.795243
current,2.1,2025-09-10 12:59:52.795243
power,248.3,2025-09-10 12:59:52.795243
voltage,120.06,2025-09-10 12:59:52.795243
filament_temp,188.8,2025-09-10 12:59:53.295467
bed_temp,55.9,2025-09-10 12:59:53.295467
current,2.1,2025-09-10 12:59:53.295467
power,248.3,2025-09-10 12:59:53.295467
voltage,120.06,2025-09-10 12:59:53.295467
filament_temp,188.8,2025-09-10 12:59:53.795708
bed_temp,55.9,2025-09-10 12:59:53.795708
current,2.1,2025-09-10 12:59:53.795708
power,248.3,2025-09-10 12:59:53.795708
voltage,120.06,2025-09-10 12:59:53.795708
filament_temp,188.8,2025-09-10 12:59:54.295952
bed_temp,55.9,2025-09-10 12:59:54.295952
current,2.1,2025-09-10 12:59:54.295952
power,248.3,2025-09-10 12:59:54.295952
voltage,120.06,2025-09-10 12:59:54.295952
filament_temp,195.0,2025-09-10 12:59:54.796196
bed_temp,56.9,2025-09-10 12:59:54.796196
current,2.1,2025-09-10 12:59:54.796196
power,248.3,2025-09-10 12:59:54.796196
voltage,120.06,2025-09-10 12:59:54.796196
filament_temp,195.0,2025-09-10 12:59:55.296441
bed_temp,56.9,2025-09-10 12:59:55.296441
current,2.1,2025-09-10 12:59:55.296441
power,248.3,2025-09-10 12:59:55.296441
voltage,120.06,2025-09-10 12:59:55.296441
filament_temp,195.0,2025-09-10 12:59:55.796687
bed_temp,56.9,2025-09-10 12:59:55.796687
current,2.1,2025-09-10 12:59:55.796687
power,248.3,2025-09-10 12:59:55.796687
voltage,120.06,2025-09-10 12:59:55.796687
filament_temp,195.0,2025-09-10 12:59:56.296936
bed_temp,56.9,2025-09-10 12:59:56.296936
current,2.1,2025-09-10 12:59:56.296936
power,248.3,2025-09-10 12:59:56.296936
voltage,120.06,2025-09-10 12:59:56.296936
filament_temp,201.9,2025-09-10 12:59:56.797180
bed_temp,56.2,2025-09-10 12:59:56.797180
current,2.1,2025-09-10 12:59:56.797180
power,248.3,2025-09-10 12:59:56.797180
voltage,120.06,2025-09-10 12:59:56.797180
filament_temp,201.9,2025-09-10 12:59:57.297385
bed_temp,56.2,2025-09-10 12:59:57.297385
current,2.1,2025-09-10 12:59:57.297385
power,248.3,2025-09-10 12:59:57.297385
voltage,120.06,2025-09-10 12:59:57.297385
filament_temp,201.9,2025-09-10 12:59:57.797566
bed_temp,56.2,2025-09-10 12:59:57.797566
current,2.1,2025-09-10 12:59:57.797566
power,248.3,2025-09-10 12:59:57.797566
voltage,120.06,2025-09-10 12:59:57.797566
filament_temp,201.9,2025-09-10 12:59:58.297796
bed_temp,56.2,2025-09-10 12:59:58.297796
current,2.1,2025-09-10 12:59:58.297796
power,248.3,2025-09-10 12:59:58.297796
voltage,120.06,2025-09-10 12:59:58.297796
filament_temp,208.4,2025-09-10 12:59:58.798039
bed_temp,56.9,2025-09-10 12:59:58.798039
current,2.1,2025-09-10 12:59:58.798039
power,248.3,2025-09-10 12:59:58.798039
voltage,120.06,2025-09-10 12:59:58.798039
filament_temp,208.4,2025-09-10 12:59:59.298282
bed_temp,56.9,2025-09-10 12:59:59.298282
current,2.1,2025-09-10 12:59:59.298282
power,248.3,2025-09-10 12:59:59.298282
voltage,120.06,2025-09-10 12:59:59.298282
filament_temp,208.4,2025-09-10 12:59:59.798507
bed_temp,56.9,2025-09-10 12:59:59.798507
current,2.1,2025-09-10 12:59:59.798507
power,248.3,2025-09-10 12:59:59.798507
voltage,120.06,2025-09-10 12:59:59.798507
filament_temp,208.4,2025-09-10 13:00:00.298746
bed_temp,56.9,2025-09-10 13:00:00.298746
current,2.1,2025-09-10 13:00:00.298746
power,248.3,2025-09-10 13:00:00.298746
voltage,120.06,2025-09-10 13:00:00.298746
filament_temp,215.2,2025-09-10 13:00:00.798974
bed_temp,56.6,2025-09-10 13:00:00.798974
current,2.1,2025-09-10 13:00:00.798974
power,248.3,2025-09-10 13:00:00.798974
voltage,120.06,2025-09-10 13:00:00.798974
filament_temp,215.2,2025-09-10 13:00:01.299179
bed_temp,56.6,2025-09-10 13:00:01.299179
current,2.1,2025-09-10 13:00:01.299179
power,248.3,2025-09-10 13:00:01.299179
voltage,120.06,2025-09-10 13:00:01.299179
filament_temp,215.2,2025-09-10 13:00:01.799405
bed_temp,56.6,2025-09-10 13:00:01.799405
current,2.1,2025-09-10 13:00:01.799405
power,248.3,2025-09-10 13:00:01.799405
voltage,120.06,2025-09-10 13:00:01.799405
filament_temp,215.2,2025-09-10 13:00:02.299595
bed_temp,56.6,2025-09-10 13:00:02.299595
current,2.1,2025-09-10 13:00:02.299595
power,248.3,2025-09-10 13:00:02.299595
voltage,120.06,2025-09-10 13:00:02.299595
filament_temp,220.0,2025-09-10 13:00:02.799825
bed_temp,57.2,2025-09-10 13:00:02.799825
current,2.1,2025-09-10 13:00:02.799825
power,248.3,2025-09-10 13:00:02.799825
voltage,120.06,2025-09-10 13:00:02.799825
filament_temp,220.0,2025-09-10 13:00:03.300060
bed_temp,57.2,2025-09-10 13:00:03.300060
current,2.1,2025-09-10 13:00:03.300060
power,248.3,2025-09-10 13:00:03.300060
voltage,120.06,2025-09-10 13:00:03.300060
filament_temp,220.0,2025-09-10 13:00:03.800304
bed_temp,57.2,2025-09-10 13:00:03.800304
current,2.1,2025-09-10 13:00:03.800304
power,248.3,2025-09-10 13:00:03.800304
voltage,120.06,2025-09-10 13:00:03.800304
filament_temp,220.0,2025-09-10 13:00:04.300548
bed_temp,57.2,2025-09-10 13:00:04.300548
current,2.1,2025-09-10 13:00:04.300548
power,248.3,2025-09-10 13:00:04.300548
voltage,120.06,2025-09-10 13:00:04.300548
filament_temp,225.3,2025-09-10 13:00:04.800776
bed_temp,57.9,2025-09-10 13:00:04.800776
current,2.1,2025-09-10 13:00:04.800776
power,242.2,2025-09-10 13:00:04.800776
voltage,120.06,2025-09-10 13:00:04.800776
filament_temp,225.3,2025-09-10 13:00:05.300983
bed_temp,57.9,2025-09-10 13:00:05.300983
current,2.1,2025-09-10 13:00:05.300983
power,242.2,2025-09-10 13:00:05.300983
voltage,120.06,2025-09-10 13:00:05.300983
filament_temp,225.3,2025-09-10 13:00:05.801218
bed_temp,57.9,2025-09-10 13:00:05.801218
current,2.1,2025-09-10 13:00:05.801218
power,240.9,2025-09-10 13:00:05.801218
voltage,120.06,2025-09-10 13:00:05.801218
filament_temp,225.3,2025-09-10 13:00:06.301429
bed_temp,57.9,2025-09-10 13:00:06.301429
current,2.1,2025-09-10 13:00:06.301429
power,234.3,2025-09-10 13:00:06.301429
voltage,120.06,2025-09-10 13:00:06.301429
filament_temp,225.3,2025-09-10 13:00:06.801657
bed_temp,57.9,2025-09-10 13:00:06.801657
current,1.96,2025-09-10 13:00:06.801657
power,234.3,2025-09-10 13:00:06.801657
voltage,120.06,2025-09-10 13:00:06.801657
filament_temp,225.3,2025-09-10 13:00:07.301887
bed_temp,57.9,2025-09-10 13:00:07.301887
current,1.96,2025-09-10 13:00:07.301887
power,228.2,2025-09-10 13:00:07.301887
voltage,120.06,2025-09-10 13:00:07.301887
filament_temp,225.3,2025-09-10 13:00:07.802114
bed_temp,57.9,2025-09-10 13:00:07.802114
current,1.96,2025-09-10 13:00:07.802114
power,235.5,2025-09-10 13:00:07.802114
voltage,120.06,2025-09-10 13:00:07.802114
filament_temp,225.3,2025-09-10 13:00:08.302344
bed_temp,57.9,2025-09-10 13:00:08.302344
current,1.96,2025-09-10 13:00:08.302344
power,235.5,2025-09-10 13:00:08.302344
voltage,120.06,2025-09-10 13:00:08.302344
filament_temp,225.3,2025-09-10 13:00:08.802579
bed_temp,57.9,2025-09-10 13:00:08.802579
current,1.96,2025-09-10 13:00:08.802579
power,235.5,2025-09-10 13:00:08.802579
voltage,120.06,2025-09-10 13:00:08.802579
filament_temp,225.3,2025-09-10 13:00:09.302809
bed_temp,57.9,2025-09-10 13:00:09.302809
current,1.96,2025-09-10 13:00:09.302809
power,235.5,2025-09-10 13:00:09.302809
voltage,120.06,2025-09-10 13:00:09.302809
filament_temp,225.3,2025-09-10 13:00:09.803012
bed_temp,57.9,2025-09-10 13:00:09.803012
current,1.96,2025-09-10 13:00:09.803012
power,235.5,2025-09-10 13:00:09.803012
voltage,120.06,2025-09-10 13:00:09.803012
filament_temp,225.3,2025-09-10 13:00:10.303204
bed_temp,57.9,2025-09-10 13:00:10.303204
current,1.96,2025-09-10 13:00:10.303204
power,235.5,2025-09-10 13:00:10.303204
voltage,120.06,2025-09-10 13:00:10.303204
filament_temp,225.3,2025-09-10 13:00:10.803433
bed_temp,57.9,2025-09-10 13:00:10.803433
current,1.96,2025-09-10 13:00:10.803433
power,235.5,2025-09-10 13:00:10.803433
voltage,120.06,2025-09-10 13:00:10.803433
filament_temp,225.3,2025-09-10 13:00:11.303671
bed_temp,57.9,2025-09-10 13:00:11.303671
current,1.96,2025-09-10 13:00:11.303671
power,225.4,2025-09-10 13:00:11.303671
voltage,120.06,2025-09-10 13:00:11.303671
filament_temp,225.3,2025-09-10 13:00:11.803899
bed_temp,57.9,2025-09-10 13:00:11.803899
current,1.96,2025-09-10 13:00:11.803899
power,225.4,2025-09-10 13:00:11.803899
voltage,120.06,2025-09-10 13:00:11.803899
filament_temp,225.3,2025-09-10 13:00:12.304144
bed_temp,57.9,2025-09-10 13:00:12.304144
current,1.96,2025-09-10 13:00:12.304144
power,220,2025-09-10 13:00:12.304144
voltage,120.06,2025-09-10 13:00:12.304144
filament_temp,225.3,2025-09-10 13:00:12.804390
bed_temp,57.9,2025-09-10 13:00:12.804390
current,1.96,2025-09-10 13:00:12.804390
power,220.5,2025-09-10 13:00:12.804390
voltage,120.06,2025-09-10 13:00:12.804390
filament_temp,235.8,2025-09-10 13:00:13.304634
bed_temp,59.0,2025-09-10 13:00:13.304634
current,1.96,2025-09-10 13:00:13.304634
power,220.5,2025-09-10 13:00:13.304634
voltage,120.06,2025-09-10 13:00:13.304634
filament_temp,235.8,2025-09-10 13:00:13.804878
bed_temp,59.0,2025-09-10 13:00:13.804878
current,1.81,2025-09-10 13:00:13.804878
power,220.5,2025-09-10 13:00:13.804878
voltage,120.06,2025-09-10 13:00:13.804878
filament_temp,235.8,2025-09-10 13:00:14.305087
bed_temp,59.0,2025-09-10 13:00:14.305087
current,1.81,2025-09-10 13:00:14.305087
power,217,2025-09-10 13:00:14.305087
voltage,120.06,2025-09-10 13:00:14.305087
filament_temp,235.8,2025-09-10 13:00:14.805323
bed_temp,59.0,2025-09-10 13:00:14.805323
current,1.81,2025-09-10 13:00:14.805323
power,224.7,2025-09-10 13:00:14.805323
voltage,120.06,2025-09-10 13:00:14.805323
filament_temp,235.8,2025-09-10 13:00:15.305515
bed_temp,59.0,2025-09-10 13:00:15.305515
current,1.81,2025-09-10 13:00:15.305515
power,223.7,2025-09-10 13:00:15.305515
voltage,120.06,2025-09-10 13:00:15.305515
filament_temp,235.8,2025-09-10 13:00:15.805710
bed_temp,59.0,2025-09-10 13:00:15.805710
current,1.81,2025-09-10 13:00:15.805710
power,223.7,2025-09-10 13:00:15.805710
voltage,120.06,2025-09-10 13:00:15.805710
filament_temp,235.8,2025-09-10 13:00:16.305938
bed_temp,59.0,2025-09-10 13:00:16.305938
current,1.81,2025-09-10 13:00:16.305938
power,223.7,2025-09-10 13:00:16.305938
voltage,120.06,2025-09-10 13:00:16.305938
filament_temp,235.8,2025-09-10 13:00:16.806147
bed_temp,59.0,2025-09-10 13:00:16.806147
current,1.81,2025-09-10 13:00:16.806147
power,218.2,2025-09-10 13:00:16.806147
voltage,120.06,2025-09-10 13:00:16.806147
filament_temp,235.8,2025-09-10 13:00:17.306389
bed_temp,59.0,2025-09-10 13:00:17.306389
current,1.81,2025-09-10 13:00:17.306389
power,228,2025-09-10 13:00:17.306389
voltage,120.06,2025-09-10 13:00:17.306389
filament_temp,235.8,2025-09-10 13:00:17.806591
bed_temp,59.0,2025-09-10 13:00:17.806591
current,1.81,2025-09-10 13:00:17.806591
power,228,2025-09-10 13:00:17.806591
voltage,120.06,2025-09-10 13:00:17.806591
filament_temp,235.8,2025-09-10 13:00:18.306830
bed_temp,59.0,2025-09-10 13:00:18.306830
current,1.81,2025-09-10 13:00:18.306830
power,228,2025-09-10 13:00:18.306830
voltage,120.06,2025-09-10 13:00:18.306830
filament_temp,235.8,2025-09-10 13:00:18.807065
bed_temp,59.0,2025-09-10 13:00:18.807065
current,1.81,2025-09-10 13:00:18.807065
power,228,2025-09-10 13:00:18.807065
voltage,120.06,2025-09-10 13:00:18.807065
filament_temp,235.8,2025-09-10 13:00:19.307280
bed_temp,59.0,2025-09-10 13:00:19.307280
current,1.81,2025-09-10 13:00:19.307280
power,228,2025-09-10 13:00:19.307280
voltage,120.06,2025-09-10 13:00:19.307280
filament_temp,235.8,2025-09-10 13:00:19.807514
bed_temp,59.0,2025-09-10 13:00:19.807514
current,1.81,2025-09-10 13:00:19.807514
power,228,2025-09-10 13:00:19.807514
voltage,120.06,2025-09-10 13:00:19.807514
filament_temp,235.8,2025-09-10 13:00:20.307740
bed_temp,59.0,2025-09-10 13:00:20.307740
current,1.81,2025-09-10 13:00:20.307740
power,228,2025-09-10 13:00:20.307740
voltage,120.06,2025-09-10 13:00:20.307740
filament_temp,235.8,2025-09-10 13:00:20.807984
bed_temp,59.0,2025-09-10 13:00:20.807984
current,1.81,2025-09-10 13:00:20.807984
power,228,2025-09-10 13:00:20.807984
voltage,120.06,2025-09-10 13:00:20.807984
filament_temp,235.8,2025-09-10 13:00:21.308212
bed_temp,59.0,2025-09-10 13:00:21.308212
current,1.81,2025-09-10 13:00:21.308212
power,227.5,2025-09-10 13:00:21.308212
voltage,120.06,2025-09-10 13:00:21.308212
filament_temp,235.8,2025-09-10 13:00:21.808397
bed_temp,59.0,2025-09-10 13:00:21.808397
current,1.81,2025-09-10 13:00:21.808397
power,227.5,2025-09-10 13:00:21.808397
voltage,120.06,2025-09-10 13:00:21.808397
filament_temp,235.8,2025-09-10 13:00:22.308625
bed_temp,59.0,2025-09-10 13:00:22.308625
current,1.81,2025-09-10 13:00:22.308625
power,227.5,2025-09-10 13:00:22.308625
voltage,120.06,2025-09-10 13:00:22.308625
filament_temp,235.8,2025-09-10 13:00:22.808852
bed_temp,59.0,2025-09-10 13:00:22.808852
current,1.81,2025-09-10 13:00:22.808852
power,227.5,2025-09-10 13:00:22.808852
voltage,120.06,2025-09-10 13:00:22.808852
filament_temp,235.8,2025-09-10 13:00:23.309042
bed_temp,59.0,2025-09-10 13:00:23.309042
current,1.81,2025-09-10 13:00:23.309042
power,227.5,2025-09-10 13:00:23.309042
voltage,120.06,2025-09-10 13:00:23.309042
filament_temp,235.8,2025-09-10 13:00:23.809272
bed_temp,59.0,2025-09-10 13:00:23.809272
current,1.96,2025-09-10 13:00:23.809272
power,227.5,2025-09-10 13:00:23.809272
voltage,120.06,2025-09-10 13:00:23.809272
filament_temp,235.8,2025-09-10 13:00:24.309393
bed_temp,59.0,2025-09-10 13:00:24.309393
current,1.96,2025-09-10 13:00:24.309393
power,227.5,2025-09-10 13:00:24.309393
voltage,120.06,2025-09-10 13:00:24.309393
filament_temp,235.8,2025-09-10 13:00:24.809604
bed_temp,59.0,2025-09-10 13:00:24.809604
current,1.96,2025-09-10 13:00:24.809604
power,219.6,2025-09-10 13:00:24.809604
voltage,120.06,2025-09-10 13:00:24.809604
filament_temp,235.8,2025-09-10 13:00:25.309843
bed_temp,59.0,2025-09-10 13:00:25.309843
current,1.96,2025-09-10 13:00:25.309843
power,225.4,2025-09-10 13:00:25.309843
voltage,120.06,2025-09-10 13:00:25.309843
filament_temp,235.8,2025-09-10 13:00:25.810016
bed_temp,59.0,2025-09-10 13:00:25.810016
current,1.96,2025-09-10 13:00:25.810016
power,225.4,2025-09-10 13:00:25.810016
voltage,120.06,2025-09-10 13:00:25.810016
filament_temp,235.8,2025-09-10 13:00:26.310256
bed_temp,59.0,2025-09-10 13:00:26.310256
current,1.96,2025-09-10 13:00:26.310256
power,225.4,2025-09-10 13:00:26.310256
voltage,120.06,2025-09-10 13:00:26.310256
filament_temp,235.8,2025-09-10 13:00:26.810410
bed_temp,59.0,2025-09-10 13:00:26.810410
current,1.96,2025-09-10 13:00:26.810410
power,225.4,2025-09-10 13:00:26.810410
voltage,120.06,2025-09-10 13:00:26.810410
filament_temp,233.0,2025-09-10 13:00:27.310651
bed_temp,60.2,2025-09-10 13:00:27.310651
current,1.96,2025-09-10 13:00:27.310651
power,225.4,2025-09-10 13:00:27.310651
voltage,120.06,2025-09-10 13:00:27.310651
filament_temp,233.0,2025-09-10 13:00:27.810887
bed_temp,60.2,2025-09-10 13:00:27.810887
current,1.96,2025-09-10 13:00:27.810887
power,222.6,2025-09-10 13:00:27.810887
voltage,120.06,2025-09-10 13:00:27.810887
filament_temp,233.0,2025-09-10 13:00:28.311121
bed_temp,60.2,2025-09-10 13:00:28.311121
current,1.96,2025-09-10 13:00:28.311121
power,222.6,2025-09-10 13:00:28.311121
voltage,120.06,2025-09-10 13:00:28.311121
filament_temp,233.0,2025-09-10 13:00:28.811322
bed_temp,60.2,2025-09-10 13:00:28.811322
current,1.96,2025-09-10 13:00:28.811322
power,222.6,2025-09-10 13:00:28.811322
voltage,120.06,2025-09-10 13:00:28.811322
filament_temp,232.8,2025-09-10 13:00:29.311527
bed_temp,60.0,2025-09-10 13:00:29.311527
current,1.96,2025-09-10 13:00:29.311527
power,222.6,2025-09-10 13:00:29.311527
voltage,120.06,2025-09-10 13:00:29.311527
filament_temp,232.8,2025-09-10 13:00:29.811674
bed_temp,59.9,2025-09-10 13:00:29.811674
current,1.96,2025-09-10 13:00:29.811674
power,222.6,2025-09-10 13:00:29.811674
voltage,120.06,2025-09-10 13:00:29.811674
filament_temp,232.8,2025-09-10 13:00:30.311866
bed_temp,59.9,2025-09-10 13:00:30.311866
current,1.79,2025-09-10 13:00:30.311866
power,222.6,2025-09-10 13:00:30.311866
voltage,120.06,2025-09-10 13:00:30.311866
filament_temp,233.2,2025-09-10 13:00:30.812080
bed_temp,59.7,2025-09-10 13:00:30.812080
current,1.79,2025-09-10 13:00:30.812080
power,211.6,2025-09-10 13:00:30.812080
voltage,120.06,2025-09-10 13:00:30.812080
filament_temp,233.2,2025-09-10 13:00:31.312274
bed_temp,59.7,2025-09-10 13:00:31.312274
current,1.79,2025-09-10 13:00:31.312274
power,211.6,2025-09-10 13:00:31.312274
voltage,120.06,2025-09-10 13:00:31.312274
filament_temp,233.2,2025-09-10 13:00:31.812503
bed_temp,59.7,2025-09-10 13:00:31.812503
current,1.79,2025-09-10 13:00:31.812503
power,211.6,2025-09-10 13:00:31.812503
voltage,120.06,2025-09-10 13:00:31.812503
filament_temp,233.2,2025-09-10 13:00:32.312699
bed_temp,59.7,2025-09-10 13:00:32.312699
current,1.79,2025-09-10 13:00:32.312699
power,211.6,2025-09-10 13:00:32.312699
voltage,120.06,2025-09-10 13:00:32.312699
filament_temp,232.8,2025-09-10 13:00:32.812933
bed_temp,59.6,2025-09-10 13:00:32.812933
current,1.79,2025-09-10 13:00:32.812933
power,211.6,2025-09-10 13:00:32.812933
voltage,120.06,2025-09-10 13:00:32.812933
filament_temp,232.8,2025-09-10 13:00:33.313122
bed_temp,59.6,2025-09-10 13:00:33.313122
current,1.79,2025-09-10 13:00:33.313122
power,211.6,2025-09-10 13:00:33.313122
voltage,120.06,2025-09-10 13:00:33.313122
filament_temp,232.8,2025-09-10 13:00:33.813308
bed_temp,59.6,2025-09-10 13:00:33.813308
current,1.79,2025-09-10 13:00:33.813308
power,211.6,2025-09-10 13:00:33.813308
voltage,120.06,2025-09-10 13:00:33.813308
filament_temp,232.8,2025-09-10 13:00:34.313503
bed_temp,59.6,2025-09-10 13:00:34.313503
current,1.79,2025-09-10 13:00:34.313503
power,211.6,2025-09-10 13:00:34.313503
voltage,120.06,2025-09-10 13:00:34.313503
filament_temp,232.2,2025-09-10 13:00:34.813712
bed_temp,59.7,2025-09-10 13:00:34.813712
current,0.45,2025-09-10 13:00:34.813712
power,211.6,2025-09-10 13:00:34.813712
voltage,120.06,2025-09-10 13:00:34.813712
filament_temp,232.2,2025-09-10 13:00:35.313899
bed_temp,59.7,2025-09-10 13:00:35.313899
current,0.45,2025-09-10 13:00:35.313899
power,47.7,2025-09-10 13:00:35.313899
voltage,120.06,2025-09-10 13:00:35.313899
filament_temp,232.2,2025-09-10 13:00:35.814120
bed_temp,59.7,2025-09-10 13:00:35.814120
current,0.45,2025-09-10 13:00:35.814120
power,47.7,2025-09-10 13:00:35.814120
voltage,120.06,2025-09-10 13:00:35.814120
filament_temp,232.2,2025-09-10 13:00:36.314306
bed_temp,59.7,2025-09-10 13:00:36.314306
current,0.45,2025-09-10 13:00:36.314306
power,47.7,2025-09-10 13:00:36.314306
voltage,120.06,2025-09-10 13:00:36.314306
filament_temp,231.3,2025-09-10 13:00:36.814515
bed_temp,59.7,2025-09-10 13:00:36.814515
current,0.45,2025-09-10 13:00:36.814515
power,47.7,2025-09-10 13:00:36.814515
voltage,120.06,2025-09-10 13:00:36.814515
filament_temp,231.3,2025-09-10 13:00:37.314744
bed_temp,59.7,2025-09-10 13:00:37.314744
current,0.45,2025-09-10 13:00:37.314744
power,47.7,2025-09-10 13:00:37.314744
voltage,120.06,2025-09-10 13:00:37.314744
filament_temp,231.3,2025-09-10 13:00:37.814979
bed_temp,59.7,2025-09-10 13:00:37.814979
current,1.79,2025-09-10 13:00:37.814979
power,47.7,2025-09-10 13:00:37.814979
voltage,120.06,2025-09-10 13:00:37.814979
filament_temp,231.3,2025-09-10 13:00:38.315177
bed_temp,59.7,2025-09-10 13:00:38.315177
current,1.79,2025-09-10 13:00:38.315177
power,212.4,2025-09-10 13:00:38.315177
voltage,120.06,2025-09-10 13:00:38.315177
filament_temp,231.3,2025-09-10 13:00:38.815378
bed_temp,59.7,2025-09-10 13:00:38.815378
current,1.79,2025-09-10 13:00:38.815378
power,212.4,2025-09-10 13:00:38.815378
voltage,120.06,2025-09-10 13:00:38.815378
filament_temp,230.3,2025-09-10 13:00:39.315576
bed_temp,60.3,2025-09-10 13:00:39.315576
current,1.79,2025-09-10 13:00:39.315576
power,212.4,2025-09-10 13:00:39.315576
voltage,120.06,2025-09-10 13:00:39.315576
filament_temp,230.3,2025-09-10 13:00:39.815767
bed_temp,60.3,2025-09-10 13:00:39.815767
current,1.79,2025-09-10 13:00:39.815767
power,212.4,2025-09-10 13:00:39.815767
voltage,120.06,2025-09-10 13:00:39.815767
filament_temp,230.3,2025-09-10 13:00:40.315987
bed_temp,60.3,2025-09-10 13:00:40.315987
current,1.79,2025-09-10 13:00:40.315987
power,212.4,2025-09-10 13:00:40.315987
voltage,120.06,2025-09-10 13:00:40.315987
filament_temp,230.0,2025-09-10 13:00:40.816178
bed_temp,59.4,2025-09-10 13:00:40.816178
current,1.79,2025-09-10 13:00:40.816178
power,212.4,2025-09-10 13:00:40.816178
voltage,120.06,2025-09-10 13:00:40.816178
filament_temp,230.0,2025-09-10 13:00:41.316400
bed_temp,59.4,2025-09-10 13:00:41.316400
current,1.79,2025-09-10 13:00:41.316400
power,212.4,2025-09-10 13:00:41.316400
voltage,120.06,2025-09-10 13:00:41.316400
filament_temp,230.0,2025-09-10 13:00:41.816639
bed_temp,59.4,2025-09-10 13:00:41.816639
current,1.92,2025-09-10 13:00:41.816639
power,212.4,2025-09-10 13:00:41.816639
voltage,120.06,2025-09-10 13:00:41.816639
filament_temp,230.0,2025-09-10 13:00:42.316791
bed_temp,59.4,2025-09-10 13:00:42.316791
current,1.92,2025-09-10 13:00:42.316791
power,212.4,2025-09-10 13:00:42.316791
voltage,120.06,2025-09-10 13:00:42.316791
filament_temp,228.3,2025-09-10 13:00:42.817037
bed_temp,59.9,2025-09-10 13:00:42.817037
current,1.92,2025-09-10 13:00:42.817037
power,212.4,2025-09-10 13:00:42.817037
voltage,120.06,2025-09-10 13:00:42.817037
filament_temp,228.3,2025-09-10 13:00:43.317225
bed_temp,59.9,2025-09-10 13:00:43.317225
current,1.92,2025-09-10 13:00:43.317225
power,212.4,2025-09-10 13:00:43.317225
voltage,120.06,2025-09-10 13:00:43.317225
filament_temp,228.3,2025-09-10 13:00:43.817431
bed_temp,59.9,2025-09-10 13:00:43.817431
current,1.92,2025-09-10 13:00:43.817431
power,212.4,2025-09-10 13:00:43.817431
voltage,120.06,2025-09-10 13:00:43.817431
filament_temp,228.3,2025-09-10 13:00:44.317623
bed_temp,59.9,2025-09-10 13:00:44.317623
current,1.92,2025-09-10 13:00:44.317623
power,212.4,2025-09-10 13:00:44.317623
voltage,120.06,2025-09-10 13:00:44.317623
filament_temp,228.3,2025-09-10 13:00:44.817826
bed_temp,60.5,2025-09-10 13:00:44.817826
current,1.92,2025-09-10 13:00:44.817826
power,212.4,2025-09-10 13:00:44.817826
voltage,120.06,2025-09-10 13:00:44.817826
filament_temp,228.3,2025-09-10 13:00:45.318040
bed_temp,60.5,2025-09-10 13:00:45.318040
current,1.92,2025-09-10 13:00:45.318040
power,212.4,2025-09-10 13:00:45.318040
voltage,120.06,2025-09-10 13:00:45.318040
filament_temp,228.3,2025-09-10 13:00:45.818238
bed_temp,60.5,2025-09-10 13:00:45.818238
current,1.92,2025-09-10 13:00:45.818238
power,212.4,2025-09-10 13:00:45.818238
voltage,120.06,2025-09-10 13:00:45.818238
filament_temp,228.3,2025-09-10 13:00:46.318441
bed_temp,60.5,2025-09-10 13:00:46.318441
current,1.92,2025-09-10 13:00:46.318441
power,212.4,2025-09-10 13:00:46.318441
voltage,120.06,2025-09-10 13:00:46.318441
filament_temp,228.3,2025-09-10 13:00:46.818643
bed_temp,59.9,2025-09-10 13:00:46.818643
current,1.92,2025-09-10 13:00:46.818643
power,212.4,2025-09-10 13:00:46.818643
voltage,120.06,2025-09-10 13:00:46.818643
filament_temp,228.3,2025-09-10 13:00:47.318879
bed_temp,59.9,2025-09-10 13:00:47.318879
current,1.92,2025-09-10 13:00:47.318879
power,212.4,2025-09-10 13:00:47.318879
voltage,120.06,2025-09-10 13:00:47.318879
filament_temp,228.3,2025-09-10 13:00:47.819056
bed_temp,59.9,2025-09-10 13:00:47.819056
current,1.92,2025-09-10 13:00:47.819056
power,212.4,2025-09-10 13:00:47.819056
voltage,120.06,2025-09-10 13:00:47.819056
filament_temp,228.3,2025-09-10 13:00:48.319288
bed_temp,59.9,2025-09-10 13:00:48.319288
current,1.92,2025-09-10 13:00:48.319288
power,212.4,2025-09-10 13:00:48.319288
voltage,120.06,2025-09-10 13:00:48.319288
filament_temp,228.3,2025-09-10 13:00:48.819488
bed_temp,59.9,2025-09-10 13:00:48.819488
current,1.92,2025-09-10 13:00:48.819488
power,212.4,2025-09-10 13:00:48.819488
voltage,120.06,2025-09-10 13:00:48.819488
filament_temp,228.8,2025-09-10 13:00:49.319690
bed_temp,60.0,2025-09-10 13:00:49.319690
current,1.92,2025-09-10 13:00:49.319690
power,50.3,2025-09-10 13:00:49.319690
voltage,120.06,2025-09-10 13:00:49.319690
filament_temp,228.8,2025-09-10 13:00:49.819913
bed_temp,60.0,2025-09-10 13:00:49.819913
current,1.92,2025-09-10 13:00:49.819913
power,50.3,2025-09-10 13:00:49.819913
voltage,120.06,2025-09-10 13:00:49.819913
filament_temp,228.8,2025-09-10 13:00:50.320131
bed_temp,60.0,2025-09-10 13:00:50.320131
current,1.92,2025-09-10 13:00:50.320131
power,50.3,2025-09-10 13:00:50.320131
voltage,120.06,2025-09-10 13:00:50.320131
filament_temp,228.5,2025-09-10 13:00:50.820334
bed_temp,60.2,2025-09-10 13:00:50.820334
current,1.92,2025-09-10 13:00:50.820334
power,50.3,2025-09-10 13:00:50.820334
voltage,120.06,2025-09-10 13:00:50.820334
filament_temp,228.5,2025-09-10 13:00:51.320542
bed_temp,60.2,2025-09-10 13:00:51.320542
current,1.92,2025-09-10 13:00:51.320542
power,50.3,2025-09-10 13:00:51.320542
voltage,120.06,2025-09-10 13:00:51.320542
filament_temp,228.5,2025-09-10 13:00:51.820730
bed_temp,60.2,2025-09-10 13:00:51.820730
current,1.92,2025-09-10 13:00:51.820730
power,50.3,2025-09-10 13:00:51.820730
voltage,120.06,2025-09-10 13:00:51.820730
filament_temp,228.5,2025-09-10 13:00:52.320968
bed_temp,60.2,2025-09-10 13:00:52.320968
current,1.92,2025-09-10 13:00:52.320968
power,50.3,2025-09-10 13:00:52.320968
voltage,120.06,2025-09-10 13:00:52.320968
filament_temp,228.8,2025-09-10 13:00:52.821209
bed_temp,60.6,2025-09-10 13:00:52.821209
current,1.92,2025-09-10 13:00:52.821209
power,50.3,2025-09-10 13:00:52.821209
voltage,120.06,2025-09-10 13:00:52.821209
filament_temp,228.8,2025-09-10 13:00:53.321410
bed_temp,60.6,2025-09-10 13:00:53.321410
current,1.92,2025-09-10 13:00:53.321410
power,50.3,2025-09-10 13:00:53.321410
voltage,120.06,2025-09-10 13:00:53.321410
filament_temp,228.8,2025-09-10 13:00:53.821646
bed_temp,60.6,2025-09-10 13:00:53.821646
current,1.92,2025-09-10 13:00:53.821646
power,50.3,2025-09-10 13:00:53.821646
voltage,120.06,2025-09-10 13:00:53.821646
filament_temp,228.8,2025-09-10 13:00:54.321889
bed_temp,60.6,2025-09-10 13:00:54.321889
current,1.92,2025-09-10 13:00:54.321889
power,50.3,2025-09-10 13:00:54.321889
voltage,120.06,2025-09-10 13:00:54.321889
filament_temp,227.7,2025-09-10 13:00:54.822127
bed_temp,59.6,2025-09-10 13:00:54.822127
current,1.92,2025-09-10 13:00:54.822127
power,228.7,2025-09-10 13:00:54.822127
voltage,120.06,2025-09-10 13:00:54.822127
filament_temp,227.7,2025-09-10 13:00:55.322368
bed_temp,59.6,2025-09-10 13:00:55.322368
current,1.92,2025-09-10 13:00:55.322368
power,228.7,2025-09-10 13:00:55.322368
voltage,120.06,2025-09-10 13:00:55.322368
filament_temp,227.7,2025-09-10 13:00:55.822611
bed_temp,59.6,2025-09-10 13:00:55.822611
current,1.92,2025-09-10 13:00:55.822611
power,228.7,2025-09-10 13:00:55.822611
voltage,120.06,2025-09-10 13:00:55.822611
filament_temp,227.7,2025-09-10 13:00:56.322854
bed_temp,59.6,2025-09-10 13:00:56.322854
current,1.92,2025-09-10 13:00:56.322854
power,228.7,2025-09-10 13:00:56.322854
voltage,120.06,2025-09-10 13:00:56.322854
filament_temp,227.7,2025-09-10 13:00:56.823054
bed_temp,59.4,2025-09-10 13:00:56.823054
current,1.92,2025-09-10 13:00:56.823054
power,228.7,2025-09-10 13:00:56.823054
voltage,120.06,2025-09-10 13:00:56.823054
filament_temp,227.7,2025-09-10 13:00:57.323209
bed_temp,59.4,2025-09-10 13:00:57.323209
current,1.92,2025-09-10 13:00:57.323209
power,228.7,2025-09-10 13:00:57.323209
voltage,120.06,2025-09-10 13:00:57.323209
filament_temp,227.7,2025-09-10 13:00:57.823386
bed_temp,59.4,2025-09-10 13:00:57.823386
current,1.92,2025-09-10 13:00:57.823386
power,228.7,2025-09-10 13:00:57.823386
voltage,120.06,2025-09-10 13:00:57.823386
filament_temp,227.7,2025-09-10 13:00:58.323582
bed_temp,59.4,2025-09-10 13:00:58.323582
current,1.92,2025-09-10 13:00:58.323582
power,230.4,2025-09-10 13:00:58.323582
voltage,120.06,2025-09-10 13:00:58.323582
filament_temp,229.8,2025-09-10 13:00:58.823809
bed_temp,60.3,2025-09-10 13:00:58.823809
current,1.92,2025-09-10 13:00:58.823809
power,230.4,2025-09-10 13:00:58.823809
voltage,120.06,2025-09-10 13:00:58.823809
filament_temp,229.8,2025-09-10 13:00:59.324016
bed_temp,60.3,2025-09-10 13:00:59.324016
current,1.92,2025-09-10 13:00:59.324016
power,230.4,2025-09-10 13:00:59.324016
voltage,120.06,2025-09-10 13:00:59.324016
filament_temp,229.8,2025-09-10 13:00:59.824236
bed_temp,60.3,2025-09-10 13:00:59.824236
current,1.92,2025-09-10 13:00:59.824236
power,230.4,2025-09-10 13:00:59.824236
voltage,120.06,2025-09-10 13:00:59.824236
filament_temp,229.8,2025-09-10 13:01:00.324459
bed_temp,60.3,2025-09-10 13:01:00.324459
current,1.92,2025-09-10 13:01:00.324459
power,230.4,2025-09-10 13:01:00.324459
voltage,120.06,2025-09-10 13:01:00.324459
filament_temp,229.5,2025-09-10 13:01:00.824684
bed_temp,59.7,2025-09-10 13:01:00.824684
current,1.92,2025-09-10 13:01:00.824684
power,230.4,2025-09-10 13:01:00.824684
voltage,120.06,2025-09-10 13:01:00.824684
filament_temp,229.5,2025-09-10 13:01:01.324882
bed_temp,59.7,2025-09-10 13:01:01.324882
current,1.92,2025-09-10 13:01:01.324882
power,230.4,2025-09-10 13:01:01.324882
voltage,120.06,2025-09-10 13:01:01.324882
filament_temp,229.5,2025-09-10 13:01:01.825040
bed_temp,59.7,2025-09-10 13:01:01.825040
current,1.92,2025-09-10 13:01:01.825040
power,230.4,2025-09-10 13:01:01.825040
voltage,120.06,2025-09-10 13:01:01.825040
filament_temp,229.5,2025-09-10 13:01:02.325235
bed_temp,59.7,2025-09-10 13:01:02.325235
current,1.92,2025-09-10 13:01:02.325235
power,230.4,2025-09-10 13:01:02.325235
voltage,120.06,2025-09-10 13:01:02.325235
filament_temp,229.5,2025-09-10 13:01:02.825398
bed_temp,60.8,2025-09-10 13:01:02.825398
current,1.92,2025-09-10 13:01:02.825398
power,230.4,2025-09-10 13:01:02.825398
voltage,120.06,2025-09-10 13:01:02.825398
filament_temp,229.5,2025-09-10 13:01:03.325634
bed_temp,60.8,2025-09-10 13:01:03.325634
current,1.92,2025-09-10 13:01:03.325634
power,230.4,2025-09-10 13:01:03.325634
voltage,120.06,2025-09-10 13:01:03.325634
filament_temp,229.5,2025-09-10 13:01:03.825800
bed_temp,60.8,2025-09-10 13:01:03.825800
current,1.92,2025-09-10 13:01:03.825800
power,230.4,2025-09-10 13:01:03.825800
voltage,120.06,2025-09-10 13:01:03.825800
filament_temp,229.5,2025-09-10 13:01:04.326032
bed_temp,60.8,2025-09-10 13:01:04.326032
current,1.92,2025-09-10 13:01:04.326032
power,230.4,2025-09-10 13:01:04.326032
voltage,120.06,2025-09-10 13:01:04.326032
filament_temp,229.5,2025-09-10 13:01:04.826246
bed_temp,59.6,2025-09-10 13:01:04.826246
current,1.92,2025-09-10 13:01:04.826246
power,230.4,2025-09-10 13:01:04.826246
voltage,120.06,2025-09-10 13:01:04.826246
filament_temp,229.5,2025-09-10 13:01:05.326474
bed_temp,59.6,2025-09-10 13:01:05.326474
current,1.92,2025-09-10 13:01:05.326474
power,230.4,2025-09-10 13:01:05.326474
voltage,120.06,2025-09-10 13:01:05.326474
filament_temp,229.5,2025-09-10 13:01:05.826701
bed_temp,59.6,2025-09-10 13:01:05.826701
current,1.92,2025-09-10 13:01:05.826701
power,230.4,2025-09-10 13:01:05.826701
voltage,120.06,2025-09-10 13:01:05.826701
filament_temp,229.5,2025-09-10 13:01:06.326934
bed_temp,59.6,2025-09-10 13:01:06.326934
current,1.92,2025-09-10 13:01:06.326934
power,230.4,2025-09-10 13:01:06.326934
voltage,120.06,2025-09-10 13:01:06.326934
filament_temp,229.0,2025-09-10 13:01:06.827141
bed_temp,59.7,2025-09-10 13:01:06.827141
current,1.92,2025-09-10 13:01:06.827141
power,58,2025-09-10 13:01:06.827141
voltage,120.06,2025-09-10 13:01:06.827141
filament_temp,229.0,2025-09-10 13:01:07.327376
bed_temp,59.7,2025-09-10 13:01:07.327376
current,1.92,2025-09-10 13:01:07.327376
power,58,2025-09-10 13:01:07.327376
voltage,120.06,2025-09-10 13:01:07.327376
filament_temp,229.0,2025-09-10 13:01:07.827613
bed_temp,59.7,2025-09-10 13:01:07.827613
current,1.92,2025-09-10 13:01:07.827613
power,58,2025-09-10 13:01:07.827613
voltage,120.06,2025-09-10 13:01:07.827613
filament_temp,229.0,2025-09-10 13:01:08.327855
bed_temp,59.7,2025-09-10 13:01:08.327855
current,2.02,2025-09-10 13:01:08.327855
power,58,2025-09-10 13:01:08.327855
voltage,120.06,2025-09-10 13:01:08.327855
filament_temp,229.5,2025-09-10 13:01:08.828088
bed_temp,59.7,2025-09-10 13:01:08.828088
current,2.02,2025-09-10 13:01:08.828088
power,238.6,2025-09-10 13:01:08.828088
voltage,120.06,2025-09-10 13:01:08.828088
filament_temp,229.5,2025-09-10 13:01:09.328328
bed_temp,59.7,2025-09-10 13:01:09.328328
current,2.02,2025-09-10 13:01:09.328328
power,238.6,2025-09-10 13:01:09.328328
voltage,120.06,2025-09-10 13:01:09.328328
filament_temp,229.5,2025-09-10 13:01:09.828570
bed_temp,59.7,2025-09-10 13:01:09.828570
current,2.02,2025-09-10 13:01:09.828570
power,234.2,2025-09-10 13:01:09.828570
voltage,120.06,2025-09-10 13:01:09.828570
filament_temp,229.5,2025-09-10 13:01:10.328805
bed_temp,59.7,2025-09-10 13:01:10.328805
current,2.02,2025-09-10 13:01:10.328805
power,223.2,2025-09-10 13:01:10.328805
voltage,120.06,2025-09-10 13:01:10.328805
filament_temp,229.5,2025-09-10 13:01:10.828999
bed_temp,59.9,2025-09-10 13:01:10.828999
current,2.02,2025-09-10 13:01:10.828999
power,223.2,2025-09-10 13:01:10.828999
voltage,120.06,2025-09-10 13:01:10.828999
filament_temp,229.5,2025-09-10 13:01:11.329235
bed_temp,59.9,2025-09-10 13:01:11.329235
current,2.02,2025-09-10 13:01:11.329235
power,223.2,2025-09-10 13:01:11.329235
voltage,120.06,2025-09-10 13:01:11.329235
filament_temp,229.5,2025-09-10 13:01:11.829468
bed_temp,59.9,2025-09-10 13:01:11.829468
current,2.02,2025-09-10 13:01:11.829468
power,223.2,2025-09-10 13:01:11.829468
voltage,120.06,2025-09-10 13:01:11.829468
filament_temp,229.5,2025-09-10 13:01:12.329713
bed_temp,59.9,2025-09-10 13:01:12.329713
current,2.02,2025-09-10 13:01:12.329713
power,223.2,2025-09-10 13:01:12.329713
voltage,120.06,2025-09-10 13:01:12.329713
filament_temp,229.7,2025-09-10 13:01:12.829957
bed_temp,60.5,2025-09-10 13:01:12.829957
current,2.02,2025-09-10 13:01:12.829957
power,223.2,2025-09-10 13:01:12.829957
voltage,120.06,2025-09-10 13:01:12.829957
filament_temp,229.7,2025-09-10 13:01:13.330192
bed_temp,60.5,2025-09-10 13:01:13.330192
current,2.02,2025-09-10 13:01:13.330192
power,223.2,2025-09-10 13:01:13.330192
voltage,120.06,2025-09-10 13:01:13.330192
filament_temp,229.7,2025-09-10 13:01:13.830434
bed_temp,60.5,2025-09-10 13:01:13.830434
current,2.02,2025-09-10 13:01:13.830434
power,223.2,2025-09-10 13:01:13.830434
voltage,120.06,2025-09-10 13:01:13.830434
filament_temp,229.7,2025-09-10 13:01:14.330677
bed_temp,60.5,2025-09-10 13:01:14.330677
current,2.02,2025-09-10 13:01:14.330677
power,223.2,2025-09-10 13:01:14.330677
voltage,120.06,2025-09-10 13:01:14.330677
filament_temp,229.7,2025-09-10 13:01:14.830901
bed_temp,59.7,2025-09-10 13:01:14.830901
current,2.02,2025-09-10 13:01:14.830901
power,223.2,2025-09-10 13:01:14.830901
voltage,120.06,2025-09-10 13:01:14.830901
filament_temp,229.7,2025-09-10 13:01:15.331101
bed_temp,59.7,2025-09-10 13:01:15.331101
current,0.57,2025-09-10 13:01:15.331101
power,223.2,2025-09-10 13:01:15.331101
voltage,120.06,2025-09-10 13:01:15.331101
filament_temp,229.7,2025-09-10 13:01:15.831314
bed_temp,59.7,2025-09-10 13:01:15.831314
current,0.57,2025-09-10 13:01:15.831314
power,59.5,2025-09-10 13:01:15.831314
voltage,120.06,2025-09-10 13:01:15.831314
filament_temp,229.7,2025-09-10 13:01:16.331549
bed_temp,59.7,2025-09-10 13:01:16.331549
current,0.57,2025-09-10 13:01:16.331549
power,59.5,2025-09-10 13:01:16.331549
voltage,120.06,2025-09-10 13:01:16.331549
filament_temp,230.2,2025-09-10 13:01:16.831808
bed_temp,59.6,2025-09-10 13:01:16.831808
current,0.57,2025-09-10 13:01:16.831808
power,59.5,2025-09-10 13:01:16.831808
voltage,120.06,2025-09-10 13:01:16.831808
filament_temp,230.2,2025-09-10 13:01:17.332048
bed_temp,59.6,2025-09-10 13:01:17.332048
current,0.57,2025-09-10 13:01:17.332048
power,59.5,2025-09-10 13:01:17.332048
voltage,120.06,2025-09-10 13:01:17.332048
filament_temp,230.2,2025-09-10 13:01:17.832240
bed_temp,59.6,2025-09-10 13:01:17.832240
current,0.57,2025-09-10 13:01:17.832240
power,59.5,2025-09-10 13:01:17.832240
voltage,120.06,2025-09-10 13:01:17.832240
filament_temp,230.2,2025-09-10 13:01:18.332478
bed_temp,59.6,2025-09-10 13:01:18.332478
current,0.57,2025-09-10 13:01:18.332478
power,226.2,2025-09-10 13:01:18.332478
voltage,120.06,2025-09-10 13:01:18.332478
filament_temp,229.2,2025-09-10 13:01:18.832742
bed_temp,60.0,2025-09-10 13:01:18.832742
current,0.57,2025-09-10 13:01:18.832742
power,226.2,2025-09-10 13:01:18.832742
voltage,120.06,2025-09-10 13:01:18.832742
filament_temp,229.2,2025-09-10 13:01:19.332978
bed_temp,60.0,2025-09-10 13:01:19.332978
current,0.57,2025-09-10 13:01:19.332978
power,226.2,2025-09-10 13:01:19.332978
voltage,120.06,2025-09-10 13:01:19.332978
filament_temp,229.2,2025-09-10 13:01:19.833196
bed_temp,60.0,2025-09-10 13:01:19.833196
current,0.57,2025-09-10 13:01:19.833196
power,226.2,2025-09-10 13:01:19.833196
voltage,120.06,2025-09-10 13:01:19.833196
filament_temp,229.2,2025-09-10 13:01:20.333374
bed_temp,60.0,2025-09-10 13:01:20.333374
current,0.57,2025-09-10 13:01:20.333374
power,226.2,2025-09-10 13:01:20.333374
voltage,120.06,2025-09-10 13:01:20.333374
filament_temp,230.2,2025-09-10 13:01:20.833635
bed_temp,60.3,2025-09-10 13:01:20.833635
current,1.89,2025-09-10 13:01:20.833635
power,226.2,2025-09-10 13:01:20.833635
voltage,120.06,2025-09-10 13:01:20.833635
filament_temp,230.2,2025-09-10 13:01:21.333870
bed_temp,60.3,2025-09-10 13:01:21.333870
current,1.89,2025-09-10 13:01:21.333870
power,226.2,2025-09-10 13:01:21.333870
voltage,120.06,2025-09-10 13:01:21.333870
filament_temp,230.2,2025-09-10 13:01:21.834124
bed_temp,60.3,2025-09-10 13:01:21.834124
current,1.89,2025-09-10 13:01:21.834124
power,232.6,2025-09-10 13:01:21.834124
voltage,120.06,2025-09-10 13:01:21.834124
filament_temp,230.2,2025-09-10 13:01:22.334387
bed_temp,60.3,2025-09-10 13:01:22.334387
current,1.89,2025-09-10 13:01:22.334387
power,232.6,2025-09-10 13:01:22.334387
voltage,120.06,2025-09-10 13:01:22.334387
filament_temp,230.8,2025-09-10 13:01:22.834622
bed_temp,60.5,2025-09-10 13:01:22.834622
current,1.89,2025-09-10 13:01:22.834622
power,232.6,2025-09-10 13:01:22.834622
voltage,120.06,2025-09-10 13:01:22.834622
filament_temp,230.8,2025-09-10 13:01:23.334933
bed_temp,60.5,2025-09-10 13:01:23.334933
current,1.89,2025-09-10 13:01:23.334933
power,232.6,2025-09-10 13:01:23.334933
voltage,120.06,2025-09-10 13:01:23.334933
filament_temp,230.8,2025-09-10 13:01:23.835171
bed_temp,60.5,2025-09-10 13:01:23.835171
current,1.89,2025-09-10 13:01:23.835171
power,232.6,2025-09-10 13:01:23.835171
voltage,120.06,2025-09-10 13:01:23.835171
filament_temp,230.8,2025-09-10 13:01:24.335371
bed_temp,60.5,2025-09-10 13:01:24.335371
current,1.89,2025-09-10 13:01:24.335371
power,232.6,2025-09-10 13:01:24.335371
voltage,120.06,2025-09-10 13:01:24.335371
filament_temp,230.2,2025-09-10 13:01:24.835625
bed_temp,60.2,2025-09-10 13:01:24.835625
current,1.89,2025-09-10 13:01:24.835625
power,232.6,2025-09-10 13:01:24.835625
voltage,120.06,2025-09-10 13:01:24.835625
filament_temp,230.2,2025-09-10 13:01:25.335879
bed_temp,60.2,2025-09-10 13:01:25.335879
current,1.89,2025-09-10 13:01:25.335879
power,232.6,2025-09-10 13:01:25.335879
voltage,120.06,2025-09-10 13:01:25.335879
filament_temp,230.2,2025-09-10 13:01:25.836143
bed_temp,60.2,2025-09-10 13:01:25.836143
current,1.89,2025-09-10 13:01:25.836143
power,232.6,2025-09-10 13:01:25.836143
voltage,120.06,2025-09-10 13:01:25.836143
filament_temp,230.2,2025-09-10 13:01:26.336407
bed_temp,60.2,2025-09-10 13:01:26.336407
current,1.89,2025-09-10 13:01:26.336407
power,232.6,2025-09-10 13:01:26.336407
voltage,120.06,2025-09-10 13:01:26.336407
filament_temp,231.2,2025-09-10 13:01:26.836639
bed_temp,59.6,2025-09-10 13:01:26.836639
current,1.89,2025-09-10 13:01:26.836639
power,232.6,2025-09-10 13:01:26.836639
voltage,120.06,2025-09-10 13:01:26.836639
filament_temp,231.2,2025-09-10 13:01:27.336881
bed_temp,59.6,2025-09-10 13:01:27.336881
current,1.89,2025-09-10 13:01:27.336881
power,232.6,2025-09-10 13:01:27.336881
voltage,120.06,2025-09-10 13:01:27.336881
filament_temp,231.2,2025-09-10 13:01:27.837114
bed_temp,59.6,2025-09-10 13:01:27.837114
current,1.89,2025-09-10 13:01:27.837114
power,232.6,2025-09-10 13:01:27.837114
voltage,120.06,2025-09-10 13:01:27.837114
filament_temp,231.2,2025-09-10 13:01:28.337313
bed_temp,59.6,2025-09-10 13:01:28.337313
current,1.89,2025-09-10 13:01:28.337313
power,232.6,2025-09-10 13:01:28.337313
voltage,120.06,2025-09-10 13:01:28.337313
filament_temp,230.5,2025-09-10 13:01:28.837527
bed_temp,59.6,2025-09-10 13:01:28.837527
current,1.89,2025-09-10 13:01:28.837527
power,232.6,2025-09-10 13:01:28.837527
voltage,120.06,2025-09-10 13:01:28.837527
filament_temp,230.5,2025-09-10 13:01:29.337784
bed_temp,59.6,2025-09-10 13:01:29.337784
current,1.89,2025-09-10 13:01:29.337784
power,232.6,2025-09-10 13:01:29.337784
voltage,120.06,2025-09-10 13:01:29.337784
filament_temp,230.5,2025-09-10 13:01:29.838014
bed_temp,59.6,2025-09-10 13:01:29.838014
current,1.89,2025-09-10 13:01:29.838014
power,232.6,2025-09-10 13:01:29.838014
voltage,120.06,2025-09-10 13:01:29.838014
filament_temp,230.5,2025-09-10 13:01:30.338279
bed_temp,59.6,2025-09-10 13:01:30.338279
current,1.89,2025-09-10 13:01:30.338279
power,232.6,2025-09-10 13:01:30.338279
voltage,120.06,2025-09-10 13:01:30.338279
filament_temp,229.7,2025-09-10 13:01:30.838543
bed_temp,59.6,2025-09-10 13:01:30.838543
current,1.89,2025-09-10 13:01:30.838543
power,232.6,2025-09-10 13:01:30.838543
voltage,120.06,2025-09-10 13:01:30.838543
filament_temp,229.7,2025-09-10 13:01:31.338777
bed_temp,59.6,2025-09-10 13:01:31.338777
current,1.89,2025-09-10 13:01:31.338777
power,232.6,2025-09-10 13:01:31.338777
voltage,120.06,2025-09-10 13:01:31.338777
filament_temp,229.7,2025-09-10 13:01:31.839083
bed_temp,59.6,2025-09-10 13:01:31.839083
current,1.89,2025-09-10 13:01:31.839083
power,232.6,2025-09-10 13:01:31.839083
voltage,120.06,2025-09-10 13:01:31.839083
filament_temp,229.7,2025-09-10 13:01:32.339317
bed_temp,59.6,2025-09-10 13:01:32.339317
current,1.89,2025-09-10 13:01:32.339317
power,232.6,2025-09-10 13:01:32.339317
voltage,120.06,2025-09-10 13:01:32.339317
filament_temp,230.3,2025-09-10 13:01:32.839544
bed_temp,59.9,2025-09-10 13:01:32.839544
current,1.89,2025-09-10 13:01:32.839544
power,232.6,2025-09-10 13:01:32.839544
voltage,120.06,2025-09-10 13:01:32.839544
filament_temp,230.3,2025-09-10 13:01:33.339744
bed_temp,59.9,2025-09-10 13:01:33.339744
current,1.89,2025-09-10 13:01:33.339744
power,232.6,2025-09-10 13:01:33.339744
voltage,120.06,2025-09-10 13:01:33.339744
filament_temp,230.3,2025-09-10 13:01:33.839918
bed_temp,59.9,2025-09-10 13:01:33.839918
current,1.89,2025-09-10 13:01:33.839918
power,232.6,2025-09-10 13:01:33.839918
voltage,120.06,2025-09-10 13:01:33.839918
filament_temp,230.3,2025-09-10 13:01:34.340109
bed_temp,59.9,2025-09-10 13:01:34.340109
current,0.6,2025-09-10 13:01:34.340109
power,232.6,2025-09-10 13:01:34.340109
voltage,120.06,2025-09-10 13:01:34.340109
filament_temp,230.0,2025-09-10 13:01:34.840301
bed_temp,60.0,2025-09-10 13:01:34.840301
current,0.6,2025-09-10 13:01:34.840301
power,232.6,2025-09-10 13:01:34.840301
voltage,120.06,2025-09-10 13:01:34.840301
filament_temp,230.0,2025-09-10 13:01:35.340567
bed_temp,60.0,2025-09-10 13:01:35.340567
current,0.6,2025-09-10 13:01:35.340567
power,232.6,2025-09-10 13:01:35.340567
voltage,120.06,2025-09-10 13:01:35.340567
filament_temp,230.0,2025-09-10 13:01:35.840801
bed_temp,60.0,2025-09-10 13:01:35.840801
current,0.6,2025-09-10 13:01:35.840801
power,232.6,2025-09-10 13:01:35.840801
voltage,120.06,2025-09-10 13:01:35.840801
filament_temp,230.0,2025-09-10 13:01:36.341064
bed_temp,60.0,2025-09-10 13:01:36.341064
current,0.6,2025-09-10 13:01:36.341064
power,232.6,2025-09-10 13:01:36.341064
voltage,120.06,2025-09-10 13:01:36.341064
filament_temp,230.5,2025-09-10 13:01:36.841297
bed_temp,60.3,2025-09-10 13:01:36.841297
current,0.6,2025-09-10 13:01:36.841297
power,232.6,2025-09-10 13:01:36.841297
voltage,120.06,2025-09-10 13:01:36.841297
filament_temp,230.5,2025-09-10 13:01:37.341537
bed_temp,60.3,2025-09-10 13:01:37.341537
current,0.6,2025-09-10 13:01:37.341537
power,232.6,2025-09-10 13:01:37.341537
voltage,120.06,2025-09-10 13:01:37.341537
filament_temp,230.5,2025-09-10 13:01:37.841803
bed_temp,60.3,2025-09-10 13:01:37.841803
current,0.6,2025-09-10 13:01:37.841803
power,232.6,2025-09-10 13:01:37.841803
voltage,120.06,2025-09-10 13:01:37.841803
filament_temp,230.5,2025-09-10 13:01:38.342032
bed_temp,60.3,2025-09-10 13:01:38.342032
current,0.6,2025-09-10 13:01:38.342032
power,232.6,2025-09-10 13:01:38.342032
voltage,120.06,2025-09-10 13:01:38.342032
filament_temp,229.2,2025-09-10 13:01:38.842280
bed_temp,60.3,2025-09-10 13:01:38.842280
current,0.6,2025-09-10 13:01:38.842280
power,232.6,2025-09-10 13:01:38.842280
voltage,120.06,2025-09-10 13:01:38.842280
filament_temp,229.2,2025-09-10 13:01:39.342541
bed_temp,60.3,2025-09-10 13:01:39.342541
current,0.6,2025-09-10 13:01:39.342541
power,232.6,2025-09-10 13:01:39.342541
voltage,120.06,2025-09-10 13:01:39.342541
filament_temp,229.2,2025-09-10 13:01:39.842774
bed_temp,60.3,2025-09-10 13:01:39.842774
current,0.6,2025-09-10 13:01:39.842774
power,232.6,2025-09-10 13:01:39.842774
voltage,120.06,2025-09-10 13:01:39.842774
filament_temp,229.2,2025-09-10 13:01:40.343009
bed_temp,60.3,2025-09-10 13:01:40.343009
current,0.6,2025-09-10 13:01:40.343009
power,232.6,2025-09-10 13:01:40.343009
voltage,120.06,2025-09-10 13:01:40.343009
filament_temp,230.2,2025-09-10 13:01:40.843244
bed_temp,60.9,2025-09-10 13:01:40.843244
current,0.6,2025-09-10 13:01:40.843244
power,232.6,2025-09-10 13:01:40.843244
voltage,120.06,2025-09-10 13:01:40.843244
filament_temp,230.2,2025-09-10 13:01:41.343456
bed_temp,60.9,2025-09-10 13:01:41.343456
current,0.6,2025-09-10 13:01:41.343456
power,232.6,2025-09-10 13:01:41.343456
voltage,120.06,2025-09-10 13:01:41.343456
filament_temp,230.2,2025-09-10 13:01:41.843709
bed_temp,60.9,2025-09-10 13:01:41.843709
current,0.6,2025-09-10 13:01:41.843709
power,232.6,2025-09-10 13:01:41.843709
voltage,120.06,2025-09-10 13:01:41.843709
filament_temp,230.2,2025-09-10 13:01:42.343909
bed_temp,60.9,2025-09-10 13:01:42.343909
current,0.6,2025-09-10 13:01:42.343909
power,232.6,2025-09-10 13:01:42.343909
voltage,120.06,2025-09-10 13:01:42.343909
filament_temp,230.0,2025-09-10 13:01:42.844094
bed_temp,59.7,2025-09-10 13:01:42.844094
current,0.6,2025-09-10 13:01:42.844094
power,232.6,2025-09-10 13:01:42.844094
voltage,120.06,2025-09-10 13:01:42.844094
filament_temp,230.0,2025-09-10 13:01:43.344359
bed_temp,59.7,2025-09-10 13:01:43.344359
current,0.6,2025-09-10 13:01:43.344359
power,232.6,2025-09-10 13:01:43.344359
voltage,120.06,2025-09-10 13:01:43.344359
filament_temp,230.0,2025-09-10 13:01:43.844590
bed_temp,59.7,2025-09-10 13:01:43.844590
current,0.6,2025-09-10 13:01:43.844590
power,232.6,2025-09-10 13:01:43.844590
voltage,120.06,2025-09-10 13:01:43.844590
filament_temp,230.0,2025-09-10 13:01:44.344827
bed_temp,59.7,2025-09-10 13:01:44.344827
current,0.6,2025-09-10 13:01:44.344827
power,232.6,2025-09-10 13:01:44.344827
voltage,120.06,2025-09-10 13:01:44.344827
filament_temp,230.7,2025-09-10 13:01:44.845037
bed_temp,59.9,2025-09-10 13:01:44.845037
current,0.6,2025-09-10 13:01:44.845037
power,232.6,2025-09-10 13:01:44.845037
voltage,120.06,2025-09-10 13:01:44.845037
filament_temp,230.7,2025-09-10 13:01:45.345236
bed_temp,59.9,2025-09-10 13:01:45.345236
current,0.6,2025-09-10 13:01:45.345236
power,232.6,2025-09-10 13:01:45.345236
voltage,120.06,2025-09-10 13:01:45.345236
filament_temp,230.7,2025-09-10 13:01:45.845437
bed_temp,59.9,2025-09-10 13:01:45.845437
current,0.6,2025-09-10 13:01:45.845437
power,232.6,2025-09-10 13:01:45.845437
voltage,120.06,2025-09-10 13:01:45.845437
filament_temp,230.7,2025-09-10 13:01:46.345662
bed_temp,59.9,2025-09-10 13:01:46.345662
current,0.6,2025-09-10 13:01:46.345662
power,232.6,2025-09-10 13:01:46.345662
voltage,120.06,2025-09-10 13:01:46.345662
filament_temp,230.7,2025-09-10 13:01:46.845927
bed_temp,59.9,2025-09-10 13:01:46.845927
current,0.6,2025-09-10 13:01:46.845927
power,232.6,2025-09-10 13:01:46.845927
voltage,120.06,2025-09-10 13:01:46.845927
filament_temp,230.8,2025-09-10 13:01:47.346189
bed_temp,58.5,2025-09-10 13:01:47.346189
current,1.87,2025-09-10 13:01:47.346189
power,232.6,2025-09-10 13:01:47.346189
voltage,120.06,2025-09-10 13:01:47.346189
filament_temp,230.8,2025-09-10 13:01:47.846450
bed_temp,58.5,2025-09-10 13:01:47.846450
current,1.87,2025-09-10 13:01:47.846450
power,232.6,2025-09-10 13:01:47.846450
voltage,120.06,2025-09-10 13:01:47.846450
filament_temp,230.8,2025-09-10 13:01:48.346712
bed_temp,58.5,2025-09-10 13:01:48.346712
current,1.87,2025-09-10 13:01:48.346712
power,232.6,2025-09-10 13:01:48.346712
voltage,120.06,2025-09-10 13:01:48.346712
filament_temp,230.3,2025-09-10 13:01:48.846977
bed_temp,59.0,2025-09-10 13:01:48.846977
current,1.87,2025-09-10 13:01:48.846977
power,232.6,2025-09-10 13:01:48.846977
voltage,120.06,2025-09-10 13:01:48.846977
filament_temp,230.3,2025-09-10 13:01:49.347241
bed_temp,59.0,2025-09-10 13:01:49.347241
current,1.87,2025-09-10 13:01:49.347241
power,232.6,2025-09-10 13:01:49.347241
voltage,120.06,2025-09-10 13:01:49.347241
filament_temp,230.3,2025-09-10 13:01:49.847505
bed_temp,59.0,2025-09-10 13:01:49.847505
current,1.87,2025-09-10 13:01:49.847505
power,222.2,2025-09-10 13:01:49.847505
voltage,120.06,2025-09-10 13:01:49.847505
filament_temp,230.3,2025-09-10 13:01:50.347703
bed_temp,59.0,2025-09-10 13:01:50.347703
current,1.87,2025-09-10 13:01:50.347703
power,222.2,2025-09-10 13:01:50.347703
voltage,120.06,2025-09-10 13:01:50.347703
filament_temp,229.2,2025-09-10 13:01:50.847914
bed_temp,60.2,2025-09-10 13:01:50.847914
current,1.87,2025-09-10 13:01:50.847914
power,222.2,2025-09-10 13:01:50.847914
voltage,120.06,2025-09-10 13:01:50.847914
filament_temp,229.2,2025-09-10 13:01:51.348104
bed_temp,60.2,2025-09-10 13:01:51.348104
current,1.87,2025-09-10 13:01:51.348104
power,222.2,2025-09-10 13:01:51.348104
voltage,120.06,2025-09-10 13:01:51.348104
filament_temp,229.2,2025-09-10 13:01:51.848293
bed_temp,60.2,2025-09-10 13:01:51.848293
current,1.87,2025-09-10 13:01:51.848293
power,222.2,2025-09-10 13:01:51.848293
voltage,120.06,2025-09-10 13:01:51.848293
filament_temp,229.2,2025-09-10 13:01:52.348503
bed_temp,60.2,2025-09-10 13:01:52.348503
current,1.87,2025-09-10 13:01:52.348503
power,222.2,2025-09-10 13:01:52.348503
voltage,120.06,2025-09-10 13:01:52.348503
filament_temp,229.7,2025-09-10 13:01:52.848739
bed_temp,58.7,2025-09-10 13:01:52.848739
current,1.87,2025-09-10 13:01:52.848739
power,222.2,2025-09-10 13:01:52.848739
voltage,120.06,2025-09-10 13:01:52.848739
filament_temp,229.7,2025-09-10 13:01:53.348976
bed_temp,58.7,2025-09-10 13:01:53.348976
current,1.87,2025-09-10 13:01:53.348976
power,222.2,2025-09-10 13:01:53.348976
voltage,120.06,2025-09-10 13:01:53.348976
filament_temp,229.7,2025-09-10 13:01:53.849239
bed_temp,58.7,2025-09-10 13:01:53.849239
current,1.87,2025-09-10 13:01:53.849239
power,222.2,2025-09-10 13:01:53.849239
voltage,120.06,2025-09-10 13:01:53.849239
filament_temp,229.7,2025-09-10 13:01:54.349475
bed_temp,58.7,2025-09-10 13:01:54.349475
current,1.87,2025-09-10 13:01:54.349475
power,222.2,2025-09-10 13:01:54.349475
voltage,120.06,2025-09-10 13:01:54.349475
filament_temp,230.5,2025-09-10 13:01:54.849739
bed_temp,59.7,2025-09-10 13:01:54.849739
current,1.87,2025-09-10 13:01:54.849739
power,222.2,2025-09-10 13:01:54.849739
voltage,120.06,2025-09-10 13:01:54.849739
filament_temp,230.5,2025-09-10 13:01:55.349973
bed_temp,59.7,2025-09-10 13:01:55.349973
current,1.87,2025-09-10 13:01:55.349973
power,222.2,2025-09-10 13:01:55.349973
voltage,120.06,2025-09-10 13:01:55.349973
filament_temp,230.5,2025-09-10 13:01:55.850235
bed_temp,59.7,2025-09-10 13:01:55.850235
current,1.87,2025-09-10 13:01:55.850235
power,222.2,2025-09-10 13:01:55.850235
voltage,120.06,2025-09-10 13:01:55.850235
filament_temp,230.5,2025-09-10 13:01:56.350473
bed_temp,59.7,2025-09-10 13:01:56.350473
current,1.87,2025-09-10 13:01:56.350473
power,222.2,2025-09-10 13:01:56.350473
voltage,120.06,2025-09-10 13:01:56.350473
filament_temp,229.5,2025-09-10 13:01:56.850738
bed_temp,59.7,2025-09-10 13:01:56.850738
current,1.87,2025-09-10 13:01:56.850738
power,61.8,2025-09-10 13:01:56.850738
voltage,120.06,2025-09-10 13:01:56.850738
filament_temp,229.5,2025-09-10 13:01:57.351002
bed_temp,59.7,2025-09-10 13:01:57.351002
current,1.87,2025-09-10 13:01:57.351002
power,61.8,2025-09-10 13:01:57.351002
voltage,120.06,2025-09-10 13:01:57.351002
filament_temp,229.5,2025-09-10 13:01:57.851267
bed_temp,59.7,2025-09-10 13:01:57.851267
current,1.87,2025-09-10 13:01:57.851267
power,61.8,2025-09-10 13:01:57.851267
voltage,120.06,2025-09-10 13:01:57.851267
filament_temp,229.5,2025-09-10 13:01:58.351460
bed_temp,59.7,2025-09-10 13:01:58.351460
current,1.87,2025-09-10 13:01:58.351460
power,61.8,2025-09-10 13:01:58.351460
voltage,120.06,2025-09-10 13:01:58.351460
filament_temp,230.3,2025-09-10 13:01:58.851696
bed_temp,60.0,2025-09-10 13:01:58.851696
current,1.87,2025-09-10 13:01:58.851696
power,218.8,2025-09-10 13:01:58.851696
voltage,120.06,2025-09-10 13:01:58.851696
filament_temp,230.3,2025-09-10 13:01:59.351895
bed_temp,60.0,2025-09-10 13:01:59.351895
current,1.87,2025-09-10 13:01:59.351895
power,218.8,2025-09-10 13:01:59.351895
voltage,120.06,2025-09-10 13:01:59.351895
filament_temp,230.3,2025-09-10 13:01:59.852131
bed_temp,60.0,2025-09-10 13:01:59.852131
current,1.87,2025-09-10 13:01:59.852131
power,218.8,2025-09-10 13:01:59.852131
voltage,120.06,2025-09-10 13:01:59.852131
filament_temp,230.3,2025-09-10 13:02:00.352375
bed_temp,60.0,2025-09-10 13:02:00.352375
current,1.87,2025-09-10 13:02:00.352375
power,218.8,2025-09-10 13:02:00.352375
voltage,120.06,2025-09-10 13:02:00.352375
filament_temp,229.8,2025-09-10 13:02:00.852622
bed_temp,60.8,2025-09-10 13:02:00.852622
current,1.87,2025-09-10 13:02:00.852622
power,218.8,2025-09-10 13:02:00.852622
voltage,120.06,2025-09-10 13:02:00.852622
filament_temp,229.8,2025-09-10 13:02:01.352861
bed_temp,60.8,2025-09-10 13:02:01.352861
current,1.87,2025-09-10 13:02:01.352861
power,218.8,2025-09-10 13:02:01.352861
voltage,120.06,2025-09-10 13:02:01.352861
filament_temp,229.8,2025-09-10 13:02:01.853100
bed_temp,60.8,2025-09-10 13:02:01.853100
current,1.87,2025-09-10 13:02:01.853100
power,218.8,2025-09-10 13:02:01.853100
voltage,120.06,2025-09-10 13:02:01.853100
filament_temp,229.8,2025-09-10 13:02:02.353331
bed_temp,60.8,2025-09-10 13:02:02.353331
current,1.87,2025-09-10 13:02:02.353331
power,218.8,2025-09-10 13:02:02.353331
voltage,120.06,2025-09-10 13:02:02.353331
filament_temp,229.8,2025-09-10 13:02:02.853526
bed_temp,60.8,2025-09-10 13:02:02.853526
current,1.87,2025-09-10 13:02:02.853526
power,218.8,2025-09-10 13:02:02.853526
voltage,120.06,2025-09-10 13:02:02.853526
filament_temp,230.0,2025-09-10 13:02:03.353722
bed_temp,60.2,2025-09-10 13:02:03.353722
current,1.87,2025-09-10 13:02:03.353722
power,218.8,2025-09-10 13:02:03.353722
voltage,120.06,2025-09-10 13:02:03.353722
filament_temp,230.0,2025-09-10 13:02:03.853894
bed_temp,60.2,2025-09-10 13:02:03.853894
current,1.87,2025-09-10 13:02:03.853894
power,218.8,2025-09-10 13:02:03.853894
voltage,120.06,2025-09-10 13:02:03.853894
filament_temp,230.0,2025-09-10 13:02:04.354134
bed_temp,60.2,2025-09-10 13:02:04.354134
current,1.87,2025-09-10 13:02:04.354134
power,218.8,2025-09-10 13:02:04.354134
voltage,120.06,2025-09-10 13:02:04.354134
filament_temp,229.8,2025-09-10 13:02:04.854376
bed_temp,59.6,2025-09-10 13:02:04.854376
current,1.87,2025-09-10 13:02:04.854376
power,218.8,2025-09-10 13:02:04.854376
voltage,120.06,2025-09-10 13:02:04.854376
filament_temp,229.8,2025-09-10 13:02:05.354566
bed_temp,59.6,2025-09-10 13:02:05.354566
current,1.87,2025-09-10 13:02:05.354566
power,218.8,2025-09-10 13:02:05.354566
voltage,120.06,2025-09-10 13:02:05.354566
filament_temp,229.8,2025-09-10 13:02:05.854799
bed_temp,59.6,2025-09-10 13:02:05.854799
current,1.87,2025-09-10 13:02:05.854799
power,218.8,2025-09-10 13:02:05.854799
voltage,120.06,2025-09-10 13:02:05.854799
filament_temp,229.8,2025-09-10 13:02:06.355022
bed_temp,59.6,2025-09-10 13:02:06.355022
current,1.87,2025-09-10 13:02:06.355022
power,218.8,2025-09-10 13:02:06.355022
voltage,120.06,2025-09-10 13:02:06.355022
filament_temp,230.5,2025-09-10 13:02:06.855208
bed_temp,60.5,2025-09-10 13:02:06.855208
current,1.87,2025-09-10 13:02:06.855208
power,218.8,2025-09-10 13:02:06.855208
voltage,120.06,2025-09-10 13:02:06.855208
filament_temp,230.5,2025-09-10 13:02:07.355398
bed_temp,60.5,2025-09-10 13:02:07.355398
current,1.87,2025-09-10 13:02:07.355398
power,218.8,2025-09-10 13:02:07.355398
voltage,120.06,2025-09-10 13:02:07.355398
filament_temp,230.5,2025-09-10 13:02:07.855585
bed_temp,60.5,2025-09-10 13:02:07.855585
current,1.87,2025-09-10 13:02:07.855585
power,218.8,2025-09-10 13:02:07.855585
voltage,120.06,2025-09-10 13:02:07.855585
filament_temp,230.5,2025-09-10 13:02:08.355821
bed_temp,60.5,2025-09-10 13:02:08.355821
current,1.87,2025-09-10 13:02:08.355821
power,218.8,2025-09-10 13:02:08.355821
voltage,120.06,2025-09-10 13:02:08.355821
filament_temp,229.8,2025-09-10 13:02:08.856054
bed_temp,59.6,2025-09-10 13:02:08.856054
current,1.87,2025-09-10 13:02:08.856054
power,218.8,2025-09-10 13:02:08.856054
voltage,120.06,2025-09-10 13:02:08.856054
filament_temp,229.8,2025-09-10 13:02:09.356288
bed_temp,59.6,2025-09-10 13:02:09.356288
current,1.87,2025-09-10 13:02:09.356288
power,218.8,2025-09-10 13:02:09.356288
voltage,120.06,2025-09-10 13:02:09.356288
filament_temp,229.8,2025-09-10 13:02:09.856531
bed_temp,59.6,2025-09-10 13:02:09.856531
current,1.87,2025-09-10 13:02:09.856531
power,218.8,2025-09-10 13:02:09.856531
voltage,120.06,2025-09-10 13:02:09.856531
filament_temp,229.8,2025-09-10 13:02:10.356775
bed_temp,59.6,2025-09-10 13:02:10.356775
current,1.87,2025-09-10 13:02:10.356775
power,218.8,2025-09-10 13:02:10.356775
voltage,120.06,2025-09-10 13:02:10.356775
filament_temp,230.0,2025-09-10 13:02:10.857010
bed_temp,58.4,2025-09-10 13:02:10.857010
current,1.87,2025-09-10 13:02:10.857010
power,218.8,2025-09-10 13:02:10.857010
voltage,120.06,2025-09-10 13:02:10.857010
filament_temp,230.0,2025-09-10 13:02:11.357227
bed_temp,58.4,2025-09-10 13:02:11.357227
current,1.87,2025-09-10 13:02:11.357227
power,218.8,2025-09-10 13:02:11.357227
voltage,120.06,2025-09-10 13:02:11.357227
filament_temp,230.0,2025-09-10 13:02:11.857460
bed_temp,58.4,2025-09-10 13:02:11.857460
current,1.87,2025-09-10 13:02:11.857460
power,218.8,2025-09-10 13:02:11.857460
voltage,120.06,2025-09-10 13:02:11.857460
filament_temp,230.0,2025-09-10 13:02:12.357663
bed_temp,58.4,2025-09-10 13:02:12.357663
current,1.87,2025-09-10 13:02:12.357663
power,218.8,2025-09-10 13:02:12.357663
voltage,120.06,2025-09-10 13:02:12.357663
filament_temp,229.8,2025-09-10 13:02:12.857898
bed_temp,58.5,2025-09-10 13:02:12.857898
current,1.87,2025-09-10 13:02:12.857898
power,218.8,2025-09-10 13:02:12.857898
voltage,120.06,2025-09-10 13:02:12.857898
filament_temp,229.8,2025-09-10 13:02:13.358137
bed_temp,58.5,2025-09-10 13:02:13.358137
current,1.87,2025-09-10 13:02:13.358137
power,218.8,2025-09-10 13:02:13.358137
voltage,120.06,2025-09-10 13:02:13.358137
filament_temp,229.8,2025-09-10 13:02:13.858381
bed_temp,58.5,2025-09-10 13:02:13.858381
current,1.87,2025-09-10 13:02:13.858381
power,218.8,2025-09-10 13:02:13.858381
voltage,120.06,2025-09-10 13:02:13.858381
filament_temp,229.8,2025-09-10 13:02:14.358614
bed_temp,58.5,2025-09-10 13:02:14.358614
current,1.98,2025-09-10 13:02:14.358614
power,218.8,2025-09-10 13:02:14.358614
voltage,120.06,2025-09-10 13:02:14.358614
filament_temp,230.8,2025-09-10 13:02:14.858858
bed_temp,59.4,2025-09-10 13:02:14.858858
current,1.98,2025-09-10 13:02:14.858858
power,218.8,2025-09-10 13:02:14.858858
voltage,120.06,2025-09-10 13:02:14.858858
filament_temp,230.8,2025-09-10 13:02:15.359103
bed_temp,59.4,2025-09-10 13:02:15.359103
current,1.98,2025-09-10 13:02:15.359103
power,218.8,2025-09-10 13:02:15.359103
voltage,120.06,2025-09-10 13:02:15.359103
filament_temp,230.8,2025-09-10 13:02:15.859316
bed_temp,59.4,2025-09-10 13:02:15.859316
current,1.98,2025-09-10 13:02:15.859316
power,218.8,2025-09-10 13:02:15.859316
voltage,120.06,2025-09-10 13:02:15.859316
filament_temp,230.8,2025-09-10 13:02:16.359556
bed_temp,59.4,2025-09-10 13:02:16.359556
current,1.98,2025-09-10 13:02:16.359556
power,218.8,2025-09-10 13:02:16.359556
voltage,120.06,2025-09-10 13:02:16.359556
filament_temp,229.8,2025-09-10 13:02:16.859797
bed_temp,59.9,2025-09-10 13:02:16.859797
current,1.98,2025-09-10 13:02:16.859797
power,218.8,2025-09-10 13:02:16.859797
voltage,120.06,2025-09-10 13:02:16.859797
filament_temp,229.8,2025-09-10 13:02:17.360024
bed_temp,59.9,2025-09-10 13:02:17.360024
current,1.98,2025-09-10 13:02:17.360024
power,218.8,2025-09-10 13:02:17.360024
voltage,120.06,2025-09-10 13:02:17.360024
filament_temp,229.8,2025-09-10 13:02:17.860254
bed_temp,59.9,2025-09-10 13:02:17.860254
current,1.98,2025-09-10 13:02:17.860254
power,218.8,2025-09-10 13:02:17.860254
voltage,120.06,2025-09-10 13:02:17.860254
filament_temp,229.8,2025-09-10 13:02:18.360489
bed_temp,59.9,2025-09-10 13:02:18.360489
current,1.98,2025-09-10 13:02:18.360489
power,218.8,2025-09-10 13:02:18.360489
voltage,120.06,2025-09-10 13:02:18.360489
filament_temp,230.3,2025-09-10 13:02:18.860716
bed_temp,60.0,2025-09-10 13:02:18.860716
current,1.98,2025-09-10 13:02:18.860716
power,218.8,2025-09-10 13:02:18.860716
voltage,120.06,2025-09-10 13:02:18.860716
filament_temp,230.3,2025-09-10 13:02:19.360943
bed_temp,60.0,2025-09-10 13:02:19.360943
current,1.98,2025-09-10 13:02:19.360943
power,218.8,2025-09-10 13:02:19.360943
voltage,120.06,2025-09-10 13:02:19.360943
filament_temp,230.3,2025-09-10 13:02:19.861170
bed_temp,60.0,2025-09-10 13:02:19.861170
current,1.98,2025-09-10 13:02:19.861170
power,218.8,2025-09-10 13:02:19.861170
voltage,120.06,2025-09-10 13:02:19.861170
filament_temp,230.3,2025-09-10 13:02:20.361408
bed_temp,60.0,2025-09-10 13:02:20.361408
current,1.98,2025-09-10 13:02:20.361408
power,60.7,2025-09-10 13:02:20.361408
voltage,120.06,2025-09-10 13:02:20.361408
filament_temp,229.3,2025-09-10 13:02:20.861635
bed_temp,59.9,2025-09-10 13:02:20.861635
current,1.98,2025-09-10 13:02:20.861635
power,60.7,2025-09-10 13:02:20.861635
voltage,120.06,2025-09-10 13:02:20.861635
filament_temp,229.3,2025-09-10 13:02:21.361866
bed_temp,59.9,2025-09-10 13:02:21.361866
current,1.98,2025-09-10 13:02:21.361866
power,60.7,2025-09-10 13:02:21.361866
voltage,120.06,2025-09-10 13:02:21.361866
filament_temp,229.3,2025-09-10 13:02:21.862092
bed_temp,59.9,2025-09-10 13:02:21.862092
current,1.98,2025-09-10 13:02:21.862092
power,60.7,2025-09-10 13:02:21.862092
voltage,120.06,2025-09-10 13:02:21.862092
filament_temp,229.3,2025-09-10 13:02:22.362328
bed_temp,59.9,2025-09-10 13:02:22.362328
current,1.98,2025-09-10 13:02:22.362328
power,60.7,2025-09-10 13:02:22.362328
voltage,120.06,2025-09-10 13:02:22.362328
filament_temp,229.3,2025-09-10 13:02:22.862556
bed_temp,60.9,2025-09-10 13:02:22.862556
current,1.98,2025-09-10 13:02:22.862556
power,60.7,2025-09-10 13:02:22.862556
voltage,120.06,2025-09-10 13:02:22.862556
filament_temp,229.3,2025-09-10 13:02:23.362782
bed_temp,60.9,2025-09-10 13:02:23.362782
current,1.98,2025-09-10 13:02:23.362782
power,60.7,2025-09-10 13:02:23.362782
voltage,120.06,2025-09-10 13:02:23.362782
filament_temp,229.3,2025-09-10 13:02:23.863009
bed_temp,60.9,2025-09-10 13:02:23.863009
current,1.98,2025-09-10 13:02:23.863009
power,229.7,2025-09-10 13:02:23.863009
voltage,120.06,2025-09-10 13:02:23.863009
filament_temp,229.3,2025-09-10 13:02:24.363196
bed_temp,60.9,2025-09-10 13:02:24.363196
current,1.98,2025-09-10 13:02:24.363196
power,229.7,2025-09-10 13:02:24.363196
voltage,120.06,2025-09-10 13:02:24.363196
filament_temp,229.3,2025-09-10 13:02:24.863376
bed_temp,59.7,2025-09-10 13:02:24.863376
current,1.98,2025-09-10 13:02:24.863376
power,229.7,2025-09-10 13:02:24.863376
voltage,120.06,2025-09-10 13:02:24.863376
filament_temp,229.3,2025-09-10 13:02:25.363604
bed_temp,59.7,2025-09-10 13:02:25.363604
current,1.98,2025-09-10 13:02:25.363604
power,229.7,2025-09-10 13:02:25.363604
voltage,120.06,2025-09-10 13:02:25.363604
filament_temp,229.3,2025-09-10 13:02:25.863823
bed_temp,59.7,2025-09-10 13:02:25.863823
current,1.98,2025-09-10 13:02:25.863823
power,229.7,2025-09-10 13:02:25.863823
voltage,120.06,2025-09-10 13:02:25.863823
filament_temp,229.3,2025-09-10 13:02:26.364051
bed_temp,59.7,2025-09-10 13:02:26.364051
current,1.98,2025-09-10 13:02:26.364051
power,229.7,2025-09-10 13:02:26.364051
voltage,120.06,2025-09-10 13:02:26.364051
filament_temp,229.7,2025-09-10 13:02:26.864283
bed_temp,59.4,2025-09-10 13:02:26.864283
current,1.98,2025-09-10 13:02:26.864283
power,229.7,2025-09-10 13:02:26.864283
voltage,120.06,2025-09-10 13:02:26.864283
filament_temp,229.7,2025-09-10 13:02:27.364512
bed_temp,59.4,2025-09-10 13:02:27.364512
current,1.98,2025-09-10 13:02:27.364512
power,229.7,2025-09-10 13:02:27.364512
voltage,120.06,2025-09-10 13:02:27.364512
filament_temp,229.7,2025-09-10 13:02:27.864740
bed_temp,59.4,2025-09-10 13:02:27.864740
current,1.98,2025-09-10 13:02:27.864740
power,229.7,2025-09-10 13:02:27.864740
voltage,120.06,2025-09-10 13:02:27.864740
filament_temp,229.7,2025-09-10 13:02:28.364967
bed_temp,59.4,2025-09-10 13:02:28.364967
current,1.98,2025-09-10 13:02:28.364967
power,229.7,2025-09-10 13:02:28.364967
voltage,120.06,2025-09-10 13:02:28.364967
filament_temp,230.5,2025-09-10 13:02:28.865153
bed_temp,59.1,2025-09-10 13:02:28.865153
current,1.98,2025-09-10 13:02:28.865153
power,229.7,2025-09-10 13:02:28.865153
voltage,120.06,2025-09-10 13:02:28.865153
filament_temp,230.5,2025-09-10 13:02:29.365341
bed_temp,59.1,2025-09-10 13:02:29.365341
current,1.98,2025-09-10 13:02:29.365341
power,229.7,2025-09-10 13:02:29.365341
voltage,120.06,2025-09-10 13:02:29.365341
filament_temp,230.5,2025-09-10 13:02:29.865550
bed_temp,59.1,2025-09-10 13:02:29.865550
current,1.98,2025-09-10 13:02:29.865550
power,229.7,2025-09-10 13:02:29.865550
voltage,120.06,2025-09-10 13:02:29.865550
filament_temp,230.5,2025-09-10 13:02:30.365787
bed_temp,59.1,2025-09-10 13:02:30.365787
current,1.98,2025-09-10 13:02:30.365787
power,229.7,2025-09-10 13:02:30.365787
voltage,120.06,2025-09-10 13:02:30.365787
filament_temp,230.7,2025-09-10 13:02:30.866022
bed_temp,59.7,2025-09-10 13:02:30.866022
current,1.98,2025-09-10 13:02:30.866022
power,229.7,2025-09-10 13:02:30.866022
voltage,120.06,2025-09-10 13:02:30.866022
filament_temp,230.7,2025-09-10 13:02:31.366266
bed_temp,59.7,2025-09-10 13:02:31.366266
current,1.98,2025-09-10 13:02:31.366266
power,229.7,2025-09-10 13:02:31.366266
voltage,120.06,2025-09-10 13:02:31.366266
filament_temp,230.7,2025-09-10 13:02:31.866491
bed_temp,59.7,2025-09-10 13:02:31.866491
current,1.86,2025-09-10 13:02:31.866491
power,229.7,2025-09-10 13:02:31.866491
voltage,120.06,2025-09-10 13:02:31.866491
filament_temp,230.7,2025-09-10 13:02:32.366715
bed_temp,59.7,2025-09-10 13:02:32.366715
current,1.86,2025-09-10 13:02:32.366715
power,229.2,2025-09-10 13:02:32.366715
voltage,120.06,2025-09-10 13:02:32.366715
filament_temp,230.0,2025-09-10 13:02:32.866948
bed_temp,60.3,2025-09-10 13:02:32.866948
current,1.86,2025-09-10 13:02:32.866948
power,229.2,2025-09-10 13:02:32.866948
voltage,120.06,2025-09-10 13:02:32.866948
filament_temp,230.0,2025-09-10 13:02:33.367181
bed_temp,60.3,2025-09-10 13:02:33.367181
current,1.86,2025-09-10 13:02:33.367181
power,61.8,2025-09-10 13:02:33.367181
voltage,120.06,2025-09-10 13:02:33.367181
filament_temp,230.0,2025-09-10 13:02:33.867401
bed_temp,60.3,2025-09-10 13:02:33.867401
current,0.59,2025-09-10 13:02:33.867401
power,61.8,2025-09-10 13:02:33.867401
voltage,120.06,2025-09-10 13:02:33.867401
filament_temp,230.0,2025-09-10 13:02:34.367638
bed_temp,60.3,2025-09-10 13:02:34.367638
current,0.59,2025-09-10 13:02:34.367638
power,61.8,2025-09-10 13:02:34.367638
voltage,120.06,2025-09-10 13:02:34.367638
filament_temp,229.8,2025-09-10 13:02:34.867877
bed_temp,60.5,2025-09-10 13:02:34.867877
current,0.59,2025-09-10 13:02:34.867877
power,61.8,2025-09-10 13:02:34.867877
voltage,120.06,2025-09-10 13:02:34.867877
filament_temp,229.8,2025-09-10 13:02:35.368122
bed_temp,60.5,2025-09-10 13:02:35.368122
current,0.59,2025-09-10 13:02:35.368122
power,61.8,2025-09-10 13:02:35.368122
voltage,120.06,2025-09-10 13:02:35.368122
filament_temp,229.8,2025-09-10 13:02:35.868368
bed_temp,60.5,2025-09-10 13:02:35.868368
current,0.59,2025-09-10 13:02:35.868368
power,61.8,2025-09-10 13:02:35.868368
voltage,120.06,2025-09-10 13:02:35.868368
filament_temp,229.8,2025-09-10 13:02:36.368612
bed_temp,60.5,2025-09-10 13:02:36.368612
current,0.59,2025-09-10 13:02:36.368612
power,61.8,2025-09-10 13:02:36.368612
voltage,120.06,2025-09-10 13:02:36.368612
filament_temp,230.2,2025-09-10 13:02:36.868850
bed_temp,60.8,2025-09-10 13:02:36.868850
current,0.59,2025-09-10 13:02:36.868850
power,61.8,2025-09-10 13:02:36.868850
voltage,120.06,2025-09-10 13:02:36.868850
filament_temp,230.2,2025-09-10 13:02:37.369096
bed_temp,60.8,2025-09-10 13:02:37.369096
current,0.59,2025-09-10 13:02:37.369096
power,61.8,2025-09-10 13:02:37.369096
voltage,120.06,2025-09-10 13:02:37.369096
filament_temp,230.2,2025-09-10 13:02:37.869325
bed_temp,60.8,2025-09-10 13:02:37.869325
current,1.84,2025-09-10 13:02:37.869325
power,61.8,2025-09-10 13:02:37.869325
voltage,120.06,2025-09-10 13:02:37.869325
filament_temp,230.2,2025-09-10 13:02:38.369553
bed_temp,60.8,2025-09-10 13:02:38.369553
current,1.84,2025-09-10 13:02:38.369553
power,61.8,2025-09-10 13:02:38.369553
voltage,120.06,2025-09-10 13:02:38.369553
filament_temp,231.0,2025-09-10 13:02:38.869788
bed_temp,58.7,2025-09-10 13:02:38.869788
current,1.84,2025-09-10 13:02:38.869788
power,61.8,2025-09-10 13:02:38.869788
voltage,120.06,2025-09-10 13:02:38.869788
filament_temp,231.0,2025-09-10 13:02:39.370012
bed_temp,58.7,2025-09-10 13:02:39.370012
current,1.84,2025-09-10 13:02:39.370012
power,61.8,2025-09-10 13:02:39.370012
voltage,120.06,2025-09-10 13:02:39.370012
filament_temp,231.0,2025-09-10 13:02:39.870239
bed_temp,58.7,2025-09-10 13:02:39.870239
current,1.84,2025-09-10 13:02:39.870239
power,61.8,2025-09-10 13:02:39.870239
voltage,120.06,2025-09-10 13:02:39.870239
filament_temp,231.0,2025-09-10 13:02:40.370483
bed_temp,58.7,2025-09-10 13:02:40.370483
current,1.84,2025-09-10 13:02:40.370483
power,61.8,2025-09-10 13:02:40.370483
voltage,120.06,2025-09-10 13:02:40.370483
filament_temp,231.0,2025-09-10 13:02:40.870713
bed_temp,58.7,2025-09-10 13:02:40.870713
current,1.84,2025-09-10 13:02:40.870713
power,61.8,2025-09-10 13:02:40.870713
voltage,120.06,2025-09-10 13:02:40.870713
filament_temp,230.0,2025-09-10 13:02:41.370940
bed_temp,59.3,2025-09-10 13:02:41.370940
current,1.84,2025-09-10 13:02:41.370940
power,61.8,2025-09-10 13:02:41.370940
voltage,120.06,2025-09-10 13:02:41.370940
filament_temp,230.0,2025-09-10 13:02:41.871141
bed_temp,59.3,2025-09-10 13:02:41.871141
current,1.84,2025-09-10 13:02:41.871141
power,228.8,2025-09-10 13:02:41.871141
voltage,120.06,2025-09-10 13:02:41.871141
filament_temp,230.0,2025-09-10 13:02:42.371324
bed_temp,59.3,2025-09-10 13:02:42.371324
current,1.84,2025-09-10 13:02:42.371324
power,228.8,2025-09-10 13:02:42.371324
voltage,120.06,2025-09-10 13:02:42.371324
filament_temp,229.5,2025-09-10 13:02:42.871533
bed_temp,58.7,2025-09-10 13:02:42.871533
current,1.84,2025-09-10 13:02:42.871533
power,228.8,2025-09-10 13:02:42.871533
voltage,120.06,2025-09-10 13:02:42.871533
filament_temp,229.5,2025-09-10 13:02:43.371760
bed_temp,58.7,2025-09-10 13:02:43.371760
current,1.84,2025-09-10 13:02:43.371760
power,228.8,2025-09-10 13:02:43.371760
voltage,120.06,2025-09-10 13:02:43.371760
filament_temp,229.5,2025-09-10 13:02:43.871987
bed_temp,58.7,2025-09-10 13:02:43.871987
current,1.84,2025-09-10 13:02:43.871987
power,228.8,2025-09-10 13:02:43.871987
voltage,120.06,2025-09-10 13:02:43.871987
filament_temp,229.5,2025-09-10 13:02:44.372215
bed_temp,58.7,2025-09-10 13:02:44.372215
current,1.84,2025-09-10 13:02:44.372215
power,228.8,2025-09-10 13:02:44.372215
voltage,120.06,2025-09-10 13:02:44.372215
filament_temp,230.0,2025-09-10 13:02:44.872454
bed_temp,60.0,2025-09-10 13:02:44.872454
current,1.84,2025-09-10 13:02:44.872454
power,228.8,2025-09-10 13:02:44.872454
voltage,120.06,2025-09-10 13:02:44.872454
filament_temp,230.0,2025-09-10 13:02:45.372684
bed_temp,60.0,2025-09-10 13:02:45.372684
current,1.84,2025-09-10 13:02:45.372684
power,228.8,2025-09-10 13:02:45.372684
voltage,120.06,2025-09-10 13:02:45.372684
filament_temp,230.0,2025-09-10 13:02:45.872869
bed_temp,60.0,2025-09-10 13:02:45.872869
current,1.84,2025-09-10 13:02:45.872869
power,228.8,2025-09-10 13:02:45.872869
voltage,120.06,2025-09-10 13:02:45.872869
filament_temp,230.0,2025-09-10 13:02:46.373079
bed_temp,60.0,2025-09-10 13:02:46.373079
current,1.84,2025-09-10 13:02:46.373079
power,228.8,2025-09-10 13:02:46.373079
voltage,120.06,2025-09-10 13:02:46.373079
filament_temp,230.0,2025-09-10 13:02:46.873300
bed_temp,59.1,2025-09-10 13:02:46.873300
current,1.84,2025-09-10 13:02:46.873300
power,228.8,2025-09-10 13:02:46.873300
voltage,120.06,2025-09-10 13:02:46.873300
filament_temp,230.0,2025-09-10 13:02:47.373538
bed_temp,59.1,2025-09-10 13:02:47.373538
current,1.84,2025-09-10 13:02:47.373538
power,228.8,2025-09-10 13:02:47.373538
voltage,120.06,2025-09-10 13:02:47.373538
filament_temp,230.0,2025-09-10 13:02:47.873765
bed_temp,59.1,2025-09-10 13:02:47.873765
current,1.84,2025-09-10 13:02:47.873765
power,228.8,2025-09-10 13:02:47.873765
voltage,120.06,2025-09-10 13:02:47.873765
filament_temp,230.0,2025-09-10 13:02:48.373988
bed_temp,59.1,2025-09-10 13:02:48.373988
current,1.84,2025-09-10 13:02:48.373988
power,228.8,2025-09-10 13:02:48.373988
voltage,120.06,2025-09-10 13:02:48.373988
filament_temp,230.0,2025-09-10 13:02:48.874217
bed_temp,59.3,2025-09-10 13:02:48.874217
current,1.84,2025-09-10 13:02:48.874217
power,228.8,2025-09-10 13:02:48.874217
voltage,120.06,2025-09-10 13:02:48.874217
filament_temp,230.0,2025-09-10 13:02:49.374428
bed_temp,59.3,2025-09-10 13:02:49.374428
current,1.84,2025-09-10 13:02:49.374428
power,228.8,2025-09-10 13:02:49.374428
voltage,120.06,2025-09-10 13:02:49.374428
filament_temp,230.0,2025-09-10 13:02:49.874652
bed_temp,59.3,2025-09-10 13:02:49.874652
current,1.84,2025-09-10 13:02:49.874652
power,228.8,2025-09-10 13:02:49.874652
voltage,120.06,2025-09-10 13:02:49.874652
filament_temp,230.0,2025-09-10 13:02:50.374877
bed_temp,59.3,2025-09-10 13:02:50.374877
current,1.84,2025-09-10 13:02:50.374877
power,228.8,2025-09-10 13:02:50.374877
voltage,120.06,2025-09-10 13:02:50.374877
filament_temp,230.0,2025-09-10 13:02:50.875106
bed_temp,59.4,2025-09-10 13:02:50.875106
current,1.84,2025-09-10 13:02:50.875106
power,228.8,2025-09-10 13:02:50.875106
voltage,120.06,2025-09-10 13:02:50.875106
filament_temp,230.0,2025-09-10 13:02:51.375330
bed_temp,59.4,2025-09-10 13:02:51.375330
current,1.84,2025-09-10 13:02:51.375330
power,228.8,2025-09-10 13:02:51.375330
voltage,120.06,2025-09-10 13:02:51.375330
filament_temp,230.0,2025-09-10 13:02:51.875555
bed_temp,59.4,2025-09-10 13:02:51.875555
current,1.84,2025-09-10 13:02:51.875555
power,228.8,2025-09-10 13:02:51.875555
voltage,120.06,2025-09-10 13:02:51.875555
filament_temp,230.0,2025-09-10 13:02:52.375808
bed_temp,59.4,2025-09-10 13:02:52.375808
current,1.84,2025-09-10 13:02:52.375808
power,228.8,2025-09-10 13:02:52.375808
voltage,120.06,2025-09-10 13:02:52.375808
filament_temp,229.5,2025-09-10 13:02:52.876053
bed_temp,60.2,2025-09-10 13:02:52.876053
current,1.84,2025-09-10 13:02:52.876053
power,228.8,2025-09-10 13:02:52.876053
voltage,120.06,2025-09-10 13:02:52.876053
filament_temp,229.5,2025-09-10 13:02:53.376290
bed_temp,60.2,2025-09-10 13:02:53.376290
current,1.84,2025-09-10 13:02:53.376290
power,228.8,2025-09-10 13:02:53.376290
voltage,120.06,2025-09-10 13:02:53.376290
filament_temp,229.5,2025-09-10 13:02:53.876517
bed_temp,60.2,2025-09-10 13:02:53.876517
current,1.84,2025-09-10 13:02:53.876517
power,228.8,2025-09-10 13:02:53.876517
voltage,120.06,2025-09-10 13:02:53.876517
filament_temp,229.5,2025-09-10 13:02:54.376711
bed_temp,60.2,2025-09-10 13:02:54.376711
current,1.84,2025-09-10 13:02:54.376711
power,228.8,2025-09-10 13:02:54.376711
voltage,120.06,2025-09-10 13:02:54.376711
filament_temp,230.2,2025-09-10 13:02:54.876869
bed_temp,60.0,2025-09-10 13:02:54.876869
current,1.84,2025-09-10 13:02:54.876869
power,228.8,2025-09-10 13:02:54.876869
voltage,120.06,2025-09-10 13:02:54.876869
filament_temp,230.2,2025-09-10 13:02:55.377053
bed_temp,60.0,2025-09-10 13:02:55.377053
current,1.84,2025-09-10 13:02:55.377053
power,228.8,2025-09-10 13:02:55.377053
voltage,120.06,2025-09-10 13:02:55.377053
filament_temp,230.2,2025-09-10 13:02:55.877223
bed_temp,60.0,2025-09-10 13:02:55.877223
current,1.84,2025-09-10 13:02:55.877223
power,228.8,2025-09-10 13:02:55.877223
voltage,120.06,2025-09-10 13:02:55.877223
filament_temp,230.2,2025-09-10 13:02:56.377458
bed_temp,60.0,2025-09-10 13:02:56.377458
current,1.84,2025-09-10 13:02:56.377458
power,228.8,2025-09-10 13:02:56.377458
voltage,120.06,2025-09-10 13:02:56.377458
filament_temp,230.0,2025-09-10 13:02:56.877691
bed_temp,59.3,2025-09-10 13:02:56.877691
current,1.84,2025-09-10 13:02:56.877691
power,228.8,2025-09-10 13:02:56.877691
voltage,120.06,2025-09-10 13:02:56.877691
filament_temp,230.0,2025-09-10 13:02:57.377934
bed_temp,59.3,2025-09-10 13:02:57.377934
current,1.84,2025-09-10 13:02:57.377934
power,228.8,2025-09-10 13:02:57.377934
voltage,120.06,2025-09-10 13:02:57.377934
filament_temp,230.0,2025-09-10 13:02:57.878180
bed_temp,59.3,2025-09-10 13:02:57.878180
current,1.84,2025-09-10 13:02:57.878180
power,228.8,2025-09-10 13:02:57.878180
voltage,120.06,2025-09-10 13:02:57.878180
filament_temp,230.0,2025-09-10 13:02:58.378422
bed_temp,59.3,2025-09-10 13:02:58.378422
current,1.84,2025-09-10 13:02:58.378422
power,228.8,2025-09-10 13:02:58.378422
voltage,120.06,2025-09-10 13:02:58.378422
filament_temp,230.0,2025-09-10 13:02:58.878653
bed_temp,59.3,2025-09-10 13:02:58.878653
current,1.84,2025-09-10 13:02:58.878653
power,228.8,2025-09-10 13:02:58.878653
voltage,120.06,2025-09-10 13:02:58.878653
filament_temp,230.0,2025-09-10 13:02:59.378851
bed_temp,59.3,2025-09-10 13:02:59.378851
current,1.84,2025-09-10 13:02:59.378851
power,228.8,2025-09-10 13:02:59.378851
voltage,120.06,2025-09-10 13:02:59.378851
filament_temp,230.0,2025-09-10 13:02:59.879034
bed_temp,59.3,2025-09-10 13:02:59.879034
current,1.84,2025-09-10 13:02:59.879034
power,228.8,2025-09-10 13:02:59.879034
voltage,120.06,2025-09-10 13:02:59.879034
filament_temp,230.0,2025-09-10 13:03:00.379228
bed_temp,59.3,2025-09-10 13:03:00.379228
current,1.84,2025-09-10 13:03:00.379228
power,228.8,2025-09-10 13:03:00.379228
voltage,120.06,2025-09-10 13:03:00.379228
filament_temp,229.8,2025-09-10 13:03:00.879460
bed_temp,59.9,2025-09-10 13:03:00.879460
current,1.84,2025-09-10 13:03:00.879460
power,228.8,2025-09-10 13:03:00.879460
voltage,120.06,2025-09-10 13:03:00.879460
filament_temp,229.8,2025-09-10 13:03:01.379692
bed_temp,59.9,2025-09-10 13:03:01.379692
current,1.84,2025-09-10 13:03:01.379692
power,228.8,2025-09-10 13:03:01.379692
voltage,120.06,2025-09-10 13:03:01.379692
filament_temp,229.8,2025-09-10 13:03:01.879907
bed_temp,59.9,2025-09-10 13:03:01.879907
current,1.84,2025-09-10 13:03:01.879907
power,228.8,2025-09-10 13:03:01.879907
voltage,120.06,2025-09-10 13:03:01.879907
filament_temp,229.8,2025-09-10 13:03:02.380115
bed_temp,59.9,2025-09-10 13:03:02.380115
current,1.84,2025-09-10 13:03:02.380115
power,228.8,2025-09-10 13:03:02.380115
voltage,120.06,2025-09-10 13:03:02.380115
filament_temp,229.3,2025-09-10 13:03:02.880282
bed_temp,59.7,2025-09-10 13:03:02.880282
current,1.84,2025-09-10 13:03:02.880282
power,228.8,2025-09-10 13:03:02.880282
voltage,120.06,2025-09-10 13:03:02.880282
filament_temp,229.3,2025-09-10 13:03:03.380451
bed_temp,59.7,2025-09-10 13:03:03.380451
current,0.51,2025-09-10 13:03:03.380451
power,228.8,2025-09-10 13:03:03.380451
voltage,120.06,2025-09-10 13:03:03.380451
filament_temp,229.3,2025-09-10 13:03:03.880705
bed_temp,59.7,2025-09-10 13:03:03.880705
current,0.51,2025-09-10 13:03:03.880705
power,228.8,2025-09-10 13:03:03.880705
voltage,120.06,2025-09-10 13:03:03.880705
filament_temp,229.3,2025-09-10 13:03:04.380927
bed_temp,59.7,2025-09-10 13:03:04.380927
current,0.51,2025-09-10 13:03:04.380927
power,228.8,2025-09-10 13:03:04.380927
voltage,120.06,2025-09-10 13:03:04.380927
filament_temp,229.8,2025-09-10 13:03:04.881163
bed_temp,59.4,2025-09-10 13:03:04.881163
current,0.51,2025-09-10 13:03:04.881163
power,228.8,2025-09-10 13:03:04.881163
voltage,120.06,2025-09-10 13:03:04.881163
filament_temp,229.8,2025-09-10 13:03:05.381396
bed_temp,59.4,2025-09-10 13:03:05.381396
current,0.51,2025-09-10 13:03:05.381396
power,228.8,2025-09-10 13:03:05.381396
voltage,120.06,2025-09-10 13:03:05.381396
filament_temp,229.8,2025-09-10 13:03:05.881644
bed_temp,59.4,2025-09-10 13:03:05.881644
current,0.51,2025-09-10 13:03:05.881644
power,228.8,2025-09-10 13:03:05.881644
voltage,120.06,2025-09-10 13:03:05.881644
filament_temp,229.8,2025-09-10 13:03:06.381886
bed_temp,59.4,2025-09-10 13:03:06.381886
current,0.51,2025-09-10 13:03:06.381886
power,228.8,2025-09-10 13:03:06.381886
voltage,120.06,2025-09-10 13:03:06.381886
filament_temp,229.7,2025-09-10 13:03:06.882131
bed_temp,60.9,2025-09-10 13:03:06.882131
current,0.51,2025-09-10 13:03:06.882131
power,228.8,2025-09-10 13:03:06.882131
voltage,120.06,2025-09-10 13:03:06.882131
filament_temp,229.7,2025-09-10 13:03:07.382376
bed_temp,60.9,2025-09-10 13:03:07.382376
current,0.51,2025-09-10 13:03:07.382376
power,228.8,2025-09-10 13:03:07.382376
voltage,120.06,2025-09-10 13:03:07.382376
filament_temp,229.7,2025-09-10 13:03:07.882578
bed_temp,60.9,2025-09-10 13:03:07.882578
current,0.51,2025-09-10 13:03:07.882578
power,228.8,2025-09-10 13:03:07.882578
voltage,120.06,2025-09-10 13:03:07.882578
filament_temp,229.7,2025-09-10 13:03:08.382817
bed_temp,60.9,2025-09-10 13:03:08.382817
current,1.95,2025-09-10 13:03:08.382817
power,228.8,2025-09-10 13:03:08.382817
voltage,120.06,2025-09-10 13:03:08.382817
filament_temp,229.8,2025-09-10 13:03:08.883058
bed_temp,60.0,2025-09-10 13:03:08.883058
current,1.95,2025-09-10 13:03:08.883058
power,228.8,2025-09-10 13:03:08.883058
voltage,120.06,2025-09-10 13:03:08.883058
filament_temp,229.8,2025-09-10 13:03:09.383296
bed_temp,60.0,2025-09-10 13:03:09.383296
current,1.95,2025-09-10 13:03:09.383296
power,228.8,2025-09-10 13:03:09.383296
voltage,120.06,2025-09-10 13:03:09.383296
filament_temp,229.8,2025-09-10 13:03:09.883525
bed_temp,60.0,2025-09-10 13:03:09.883525
current,1.95,2025-09-10 13:03:09.883525
power,228.8,2025-09-10 13:03:09.883525
voltage,120.06,2025-09-10 13:03:09.883525
filament_temp,229.8,2025-09-10 13:03:10.383760
bed_temp,60.0,2025-09-10 13:03:10.383760
current,1.95,2025-09-10 13:03:10.383760
power,220.6,2025-09-10 13:03:10.383760
voltage,120.06,2025-09-10 13:03:10.383760
filament_temp,230.5,2025-09-10 13:03:10.883962
bed_temp,59.3,2025-09-10 13:03:10.883962
current,1.95,2025-09-10 13:03:10.883962
power,220.6,2025-09-10 13:03:10.883962
voltage,120.06,2025-09-10 13:03:10.883962
filament_temp,230.5,2025-09-10 13:03:11.384198
bed_temp,59.3,2025-09-10 13:03:11.384198
current,1.95,2025-09-10 13:03:11.384198
power,220.6,2025-09-10 13:03:11.384198
voltage,120.06,2025-09-10 13:03:11.384198
filament_temp,230.5,2025-09-10 13:03:11.884429
bed_temp,59.3,2025-09-10 13:03:11.884429
current,1.95,2025-09-10 13:03:11.884429
power,220.6,2025-09-10 13:03:11.884429
voltage,120.06,2025-09-10 13:03:11.884429
filament_temp,230.5,2025-09-10 13:03:12.384617
bed_temp,59.3,2025-09-10 13:03:12.384617
current,1.95,2025-09-10 13:03:12.384617
power,220.6,2025-09-10 13:03:12.384617
voltage,120.06,2025-09-10 13:03:12.384617
filament_temp,229.8,2025-09-10 13:03:12.884835
bed_temp,60.2,2025-09-10 13:03:12.884835
current,1.95,2025-09-10 13:03:12.884835
power,220.6,2025-09-10 13:03:12.884835
voltage,120.06,2025-09-10 13:03:12.884835
filament_temp,229.8,2025-09-10 13:03:13.385051
bed_temp,60.2,2025-09-10 13:03:13.385051
current,1.95,2025-09-10 13:03:13.385051
power,220.6,2025-09-10 13:03:13.385051
voltage,120.06,2025-09-10 13:03:13.385051
filament_temp,229.8,2025-09-10 13:03:13.885281
bed_temp,60.2,2025-09-10 13:03:13.885281
current,1.95,2025-09-10 13:03:13.885281
power,220.6,2025-09-10 13:03:13.885281
voltage,120.06,2025-09-10 13:03:13.885281
filament_temp,229.8,2025-09-10 13:03:14.385505
bed_temp,60.2,2025-09-10 13:03:14.385505
current,1.95,2025-09-10 13:03:14.385505
power,220.6,2025-09-10 13:03:14.385505
voltage,120.06,2025-09-10 13:03:14.385505
filament_temp,229.8,2025-09-10 13:03:14.885731
bed_temp,59.6,2025-09-10 13:03:14.885731
current,1.95,2025-09-10 13:03:14.885731
power,220.6,2025-09-10 13:03:14.885731
voltage,120.06,2025-09-10 13:03:14.885731
filament_temp,229.8,2025-09-10 13:03:15.385952
bed_temp,59.6,2025-09-10 13:03:15.385952
current,1.95,2025-09-10 13:03:15.385952
power,220.6,2025-09-10 13:03:15.385952
voltage,120.06,2025-09-10 13:03:15.385952
filament_temp,229.8,2025-09-10 13:03:15.886171
bed_temp,59.6,2025-09-10 13:03:15.886171
current,1.95,2025-09-10 13:03:15.886171
power,220.6,2025-09-10 13:03:15.886171
voltage,120.06,2025-09-10 13:03:15.886171
filament_temp,229.8,2025-09-10 13:03:16.386392
bed_temp,59.6,2025-09-10 13:03:16.386392
current,1.95,2025-09-10 13:03:16.386392
power,220.6,2025-09-10 13:03:16.386392
voltage,120.06,2025-09-10 13:03:16.386392
filament_temp,230.2,2025-09-10 13:03:16.886602
bed_temp,59.0,2025-09-10 13:03:16.886602
current,1.95,2025-09-10 13:03:16.886602
power,220.6,2025-09-10 13:03:16.886602
voltage,120.06,2025-09-10 13:03:16.886602
filament_temp,230.2,2025-09-10 13:03:17.386835
bed_temp,59.0,2025-09-10 13:03:17.386835
current,1.95,2025-09-10 13:03:17.386835
power,220.6,2025-09-10 13:03:17.386835
voltage,120.06,2025-09-10 13:03:17.386835
filament_temp,230.2,2025-09-10 13:03:17.887063
bed_temp,59.0,2025-09-10 13:03:17.887063
current,1.95,2025-09-10 13:03:17.887063
power,220.6,2025-09-10 13:03:17.887063
voltage,120.06,2025-09-10 13:03:17.887063
filament_temp,230.2,2025-09-10 13:03:18.387299
bed_temp,59.0,2025-09-10 13:03:18.387299
current,1.95,2025-09-10 13:03:18.387299
power,220.6,2025-09-10 13:03:18.387299
voltage,120.06,2025-09-10 13:03:18.387299
filament_temp,230.8,2025-09-10 13:03:18.887532
bed_temp,58.4,2025-09-10 13:03:18.887532
current,1.95,2025-09-10 13:03:18.887532
power,220.6,2025-09-10 13:03:18.887532
voltage,120.06,2025-09-10 13:03:18.887532
filament_temp,230.8,2025-09-10 13:03:19.387703
bed_temp,58.4,2025-09-10 13:03:19.387703
current,1.95,2025-09-10 13:03:19.387703
power,220.6,2025-09-10 13:03:19.387703
voltage,120.06,2025-09-10 13:03:19.387703
filament_temp,230.8,2025-09-10 13:03:19.887828
bed_temp,58.4,2025-09-10 13:03:19.887828
current,1.95,2025-09-10 13:03:19.887828
power,229.6,2025-09-10 13:03:19.887828
voltage,120.06,2025-09-10 13:03:19.887828
filament_temp,230.8,2025-09-10 13:03:20.388059
bed_temp,58.4,2025-09-10 13:03:20.388059
current,1.95,2025-09-10 13:03:20.388059
power,229.6,2025-09-10 13:03:20.388059
voltage,120.06,2025-09-10 13:03:20.388059
filament_temp,230.2,2025-09-10 13:03:20.888301
bed_temp,59.0,2025-09-10 13:03:20.888301
current,1.95,2025-09-10 13:03:20.888301
power,229.6,2025-09-10 13:03:20.888301
voltage,120.06,2025-09-10 13:03:20.888301
filament_temp,230.2,2025-09-10 13:03:21.388530
bed_temp,59.0,2025-09-10 13:03:21.388530
current,1.95,2025-09-10 13:03:21.388530
power,229.6,2025-09-10 13:03:21.388530
voltage,120.06,2025-09-10 13:03:21.388530
filament_temp,230.2,2025-09-10 13:03:21.888768
bed_temp,59.0,2025-09-10 13:03:21.888768
current,1.95,2025-09-10 13:03:21.888768
power,229.6,2025-09-10 13:03:21.888768
voltage,120.06,2025-09-10 13:03:21.888768
filament_temp,230.2,2025-09-10 13:03:22.388997
bed_temp,59.0,2025-09-10 13:03:22.388997
current,1.95,2025-09-10 13:03:22.388997
power,229.6,2025-09-10 13:03:22.388997
voltage,120.06,2025-09-10 13:03:22.388997
filament_temp,229.2,2025-09-10 13:03:22.889224
bed_temp,58.2,2025-09-10 13:03:22.889224
current,1.95,2025-09-10 13:03:22.889224
power,229.6,2025-09-10 13:03:22.889224
voltage,120.06,2025-09-10 13:03:22.889224
filament_temp,229.2,2025-09-10 13:03:23.389449
bed_temp,58.2,2025-09-10 13:03:23.389449
current,1.95,2025-09-10 13:03:23.389449
power,229.6,2025-09-10 13:03:23.389449
voltage,120.06,2025-09-10 13:03:23.389449
filament_temp,229.2,2025-09-10 13:03:23.889685
bed_temp,58.2,2025-09-10 13:03:23.889685
current,1.95,2025-09-10 13:03:23.889685
power,229.6,2025-09-10 13:03:23.889685
voltage,120.06,2025-09-10 13:03:23.889685
filament_temp,229.2,2025-09-10 13:03:24.389923
bed_temp,58.2,2025-09-10 13:03:24.389923
current,1.95,2025-09-10 13:03:24.389923
power,229.6,2025-09-10 13:03:24.389923
voltage,120.06,2025-09-10 13:03:24.389923
filament_temp,230.3,2025-09-10 13:03:24.890160
bed_temp,59.9,2025-09-10 13:03:24.890160
current,1.95,2025-09-10 13:03:24.890160
power,229.6,2025-09-10 13:03:24.890160
voltage,120.06,2025-09-10 13:03:24.890160
filament_temp,230.3,2025-09-10 13:03:25.390358
bed_temp,59.9,2025-09-10 13:03:25.390358
current,1.95,2025-09-10 13:03:25.390358
power,229.6,2025-09-10 13:03:25.390358
voltage,120.06,2025-09-10 13:03:25.390358
filament_temp,230.3,2025-09-10 13:03:25.890557
bed_temp,59.9,2025-09-10 13:03:25.890557
current,1.95,2025-09-10 13:03:25.890557
power,229.6,2025-09-10 13:03:25.890557
voltage,120.06,2025-09-10 13:03:25.890557
filament_temp,230.3,2025-09-10 13:03:26.390797
bed_temp,59.9,2025-09-10 13:03:26.390797
current,1.95,2025-09-10 13:03:26.390797
power,229.6,2025-09-10 13:03:26.390797
voltage,120.06,2025-09-10 13:03:26.390797
filament_temp,230.0,2025-09-10 13:03:26.891038
bed_temp,59.7,2025-09-10 13:03:26.891038
current,1.95,2025-09-10 13:03:26.891038
power,229.6,2025-09-10 13:03:26.891038
voltage,120.06,2025-09-10 13:03:26.891038
filament_temp,230.0,2025-09-10 13:03:27.391278
bed_temp,59.7,2025-09-10 13:03:27.391278
current,1.95,2025-09-10 13:03:27.391278
power,229.6,2025-09-10 13:03:27.391278
voltage,120.06,2025-09-10 13:03:27.391278
filament_temp,230.0,2025-09-10 13:03:27.891519
bed_temp,59.7,2025-09-10 13:03:27.891519
current,1.95,2025-09-10 13:03:27.891519
power,229.6,2025-09-10 13:03:27.891519
voltage,120.06,2025-09-10 13:03:27.891519
filament_temp,230.0,2025-09-10 13:03:28.391763
bed_temp,59.7,2025-09-10 13:03:28.391763
current,1.95,2025-09-10 13:03:28.391763
power,229.6,2025-09-10 13:03:28.391763
voltage,120.06,2025-09-10 13:03:28.391763
filament_temp,230.2,2025-09-10 13:03:28.892005
bed_temp,59.4,2025-09-10 13:03:28.892005
current,1.95,2025-09-10 13:03:28.892005
power,229.6,2025-09-10 13:03:28.892005
voltage,120.06,2025-09-10 13:03:28.892005
filament_temp,230.2,2025-09-10 13:03:29.392249
bed_temp,59.4,2025-09-10 13:03:29.392249
current,1.95,2025-09-10 13:03:29.392249
power,229.6,2025-09-10 13:03:29.392249
voltage,120.06,2025-09-10 13:03:29.392249
filament_temp,230.2,2025-09-10 13:03:29.892476
bed_temp,59.4,2025-09-10 13:03:29.892476
current,1.95,2025-09-10 13:03:29.892476
power,229.6,2025-09-10 13:03:29.892476
voltage,120.06,2025-09-10 13:03:29.892476
filament_temp,230.2,2025-09-10 13:03:30.392679
bed_temp,59.4,2025-09-10 13:03:30.392679
current,1.95,2025-09-10 13:03:30.392679
power,229.6,2025-09-10 13:03:30.392679
voltage,120.06,2025-09-10 13:03:30.392679
filament_temp,230.3,2025-09-10 13:03:30.892922
bed_temp,59.6,2025-09-10 13:03:30.892922
current,1.95,2025-09-10 13:03:30.892922
power,229.6,2025-09-10 13:03:30.892922
voltage,120.06,2025-09-10 13:03:30.892922
filament_temp,230.3,2025-09-10 13:03:31.393146
bed_temp,59.6,2025-09-10 13:03:31.393146
current,1.95,2025-09-10 13:03:31.393146
power,229.6,2025-09-10 13:03:31.393146
voltage,120.06,2025-09-10 13:03:31.393146
filament_temp,230.3,2025-09-10 13:03:31.893373
bed_temp,59.6,2025-09-10 13:03:31.893373
current,1.95,2025-09-10 13:03:31.893373
power,229.6,2025-09-10 13:03:31.893373
voltage,120.06,2025-09-10 13:03:31.893373
filament_temp,230.3,2025-09-10 13:03:32.393598
bed_temp,59.6,2025-09-10 13:03:32.393598
current,1.95,2025-09-10 13:03:32.393598
power,229.6,2025-09-10 13:03:32.393598
voltage,120.06,2025-09-10 13:03:32.393598
filament_temp,229.2,2025-09-10 13:03:32.893831
bed_temp,60.3,2025-09-10 13:03:32.893831
current,1.95,2025-09-10 13:03:32.893831
power,229.6,2025-09-10 13:03:32.893831
voltage,120.06,2025-09-10 13:03:32.893831
filament_temp,229.2,2025-09-10 13:03:33.394052
bed_temp,60.3,2025-09-10 13:03:33.394052
current,1.95,2025-09-10 13:03:33.394052
power,229.6,2025-09-10 13:03:33.394052
voltage,120.06,2025-09-10 13:03:33.394052
filament_temp,229.2,2025-09-10 13:03:33.894245
bed_temp,60.3,2025-09-10 13:03:33.894245
current,1.95,2025-09-10 13:03:33.894245
power,229.6,2025-09-10 13:03:33.894245
voltage,120.06,2025-09-10 13:03:33.894245
filament_temp,229.2,2025-09-10 13:03:34.394478
bed_temp,60.3,2025-09-10 13:03:34.394478
current,1.95,2025-09-10 13:03:34.394478
power,54,2025-09-10 13:03:34.394478
voltage,120.06,2025-09-10 13:03:34.394478
filament_temp,229.5,2025-09-10 13:03:34.894689
bed_temp,59.6,2025-09-10 13:03:34.894689
current,1.95,2025-09-10 13:03:34.894689
power,54,2025-09-10 13:03:34.894689
voltage,120.06,2025-09-10 13:03:34.894689
filament_temp,229.5,2025-09-10 13:03:35.394927
bed_temp,59.6,2025-09-10 13:03:35.394927
current,1.95,2025-09-10 13:03:35.394927
power,54,2025-09-10 13:03:35.394927
voltage,120.06,2025-09-10 13:03:35.394927
filament_temp,229.5,2025-09-10 13:03:35.895144
bed_temp,59.6,2025-09-10 13:03:35.895144
current,1.95,2025-09-10 13:03:35.895144
power,54,2025-09-10 13:03:35.895144
voltage,120.06,2025-09-10 13:03:35.895144
filament_temp,229.5,2025-09-10 13:03:36.395370
bed_temp,59.6,2025-09-10 13:03:36.395370
current,1.95,2025-09-10 13:03:36.395370
power,54,2025-09-10 13:03:36.395370
voltage,120.06,2025-09-10 13:03:36.395370
filament_temp,229.7,2025-09-10 13:03:36.895603
bed_temp,59.7,2025-09-10 13:03:36.895603
current,1.95,2025-09-10 13:03:36.895603
power,54,2025-09-10 13:03:36.895603
voltage,120.06,2025-09-10 13:03:36.895603
filament_temp,229.7,2025-09-10 13:03:37.395846
bed_temp,59.7,2025-09-10 13:03:37.395846
current,1.95,2025-09-10 13:03:37.395846
power,54,2025-09-10 13:03:37.395846
voltage,120.06,2025-09-10 13:03:37.395846
filament_temp,229.7,2025-09-10 13:03:37.896082
bed_temp,59.7,2025-09-10 13:03:37.896082
current,1.95,2025-09-10 13:03:37.896082
power,54,2025-09-10 13:03:37.896082
voltage,120.06,2025-09-10 13:03:37.896082
filament_temp,229.7,2025-09-10 13:03:38.396268
bed_temp,59.7,2025-09-10 13:03:38.396268
current,1.95,2025-09-10 13:03:38.396268
power,54,2025-09-10 13:03:38.396268
voltage,120.06,2025-09-10 13:03:38.396268
filament_temp,230.2,2025-09-10 13:03:38.896464
bed_temp,59.4,2025-09-10 13:03:38.896464
current,1.95,2025-09-10 13:03:38.896464
power,54,2025-09-10 13:03:38.896464
voltage,120.06,2025-09-10 13:03:38.896464
filament_temp,230.2,2025-09-10 13:03:39.396688
bed_temp,59.4,2025-09-10 13:03:39.396688
current,1.95,2025-09-10 13:03:39.396688
power,54,2025-09-10 13:03:39.396688
voltage,120.06,2025-09-10 13:03:39.396688
filament_temp,230.2,2025-09-10 13:03:39.896922
bed_temp,59.4,2025-09-10 13:03:39.896922
current,1.95,2025-09-10 13:03:39.896922
power,54,2025-09-10 13:03:39.896922
voltage,120.06,2025-09-10 13:03:39.896922
filament_temp,230.2,2025-09-10 13:03:40.397157
bed_temp,59.4,2025-09-10 13:03:40.397157
current,1.95,2025-09-10 13:03:40.397157
power,54,2025-09-10 13:03:40.397157
voltage,120.06,2025-09-10 13:03:40.397157
filament_temp,230.2,2025-09-10 13:03:40.897390
bed_temp,59.4,2025-09-10 13:03:40.897390
current,1.95,2025-09-10 13:03:40.897390
power,54,2025-09-10 13:03:40.897390
voltage,120.06,2025-09-10 13:03:40.897390
filament_temp,230.2,2025-09-10 13:03:41.397613
bed_temp,59.9,2025-09-10 13:03:41.397613
current,1.95,2025-09-10 13:03:41.397613
power,54,2025-09-10 13:03:41.397613
voltage,120.06,2025-09-10 13:03:41.397613
filament_temp,230.2,2025-09-10 13:03:41.897850
bed_temp,59.9,2025-09-10 13:03:41.897850
current,1.95,2025-09-10 13:03:41.897850
power,54,2025-09-10 13:03:41.897850
voltage,120.06,2025-09-10 13:03:41.897850
filament_temp,230.2,2025-09-10 13:03:42.398076
bed_temp,59.9,2025-09-10 13:03:42.398076
current,1.95,2025-09-10 13:03:42.398076
power,54,2025-09-10 13:03:42.398076
voltage,120.06,2025-09-10 13:03:42.398076
filament_temp,230.8,2025-09-10 13:03:42.898268
bed_temp,59.6,2025-09-10 13:03:42.898268
current,1.95,2025-09-10 13:03:42.898268
power,54,2025-09-10 13:03:42.898268
voltage,120.06,2025-09-10 13:03:42.898268
filament_temp,230.8,2025-09-10 13:03:43.398492
bed_temp,59.6,2025-09-10 13:03:43.398492
current,1.95,2025-09-10 13:03:43.398492
power,54,2025-09-10 13:03:43.398492
voltage,120.06,2025-09-10 13:03:43.398492
filament_temp,230.8,2025-09-10 13:03:43.898719
bed_temp,59.6,2025-09-10 13:03:43.898719
current,1.95,2025-09-10 13:03:43.898719
power,54,2025-09-10 13:03:43.898719
voltage,120.06,2025-09-10 13:03:43.898719
filament_temp,230.8,2025-09-10 13:03:44.398953
bed_temp,59.6,2025-09-10 13:03:44.398953
current,1.95,2025-09-10 13:03:44.398953
power,54,2025-09-10 13:03:44.398953
voltage,120.06,2025-09-10 13:03:44.398953
filament_temp,230.3,2025-09-10 13:03:44.899190
bed_temp,59.7,2025-09-10 13:03:44.899190
current,1.95,2025-09-10 13:03:44.899190
power,54,2025-09-10 13:03:44.899190
voltage,120.06,2025-09-10 13:03:44.899190
filament_temp,230.3,2025-09-10 13:03:45.399424
bed_temp,59.7,2025-09-10 13:03:45.399424
current,1.95,2025-09-10 13:03:45.399424
power,219.3,2025-09-10 13:03:45.399424
voltage,120.06,2025-09-10 13:03:45.399424
filament_temp,230.3,2025-09-10 13:03:45.899659
bed_temp,59.7,2025-09-10 13:03:45.899659
current,1.95,2025-09-10 13:03:45.899659
power,219.3,2025-09-10 13:03:45.899659
voltage,120.06,2025-09-10 13:03:45.899659
filament_temp,230.3,2025-09-10 13:03:46.399891
bed_temp,59.7,2025-09-10 13:03:46.399891
current,1.95,2025-09-10 13:03:46.399891
power,219.3,2025-09-10 13:03:46.399891
voltage,120.06,2025-09-10 13:03:46.399891
filament_temp,231.0,2025-09-10 13:03:46.900125
bed_temp,60.0,2025-09-10 13:03:46.900125
current,1.95,2025-09-10 13:03:46.900125
power,219.3,2025-09-10 13:03:46.900125
voltage,120.06,2025-09-10 13:03:46.900125
filament_temp,231.0,2025-09-10 13:03:47.400359
bed_temp,60.0,2025-09-10 13:03:47.400359
current,1.95,2025-09-10 13:03:47.400359
power,219.3,2025-09-10 13:03:47.400359
voltage,120.06,2025-09-10 13:03:47.400359
filament_temp,231.0,2025-09-10 13:03:47.900572
bed_temp,60.0,2025-09-10 13:03:47.900572
current,1.95,2025-09-10 13:03:47.900572
power,231,2025-09-10 13:03:47.900572
voltage,120.06,2025-09-10 13:03:47.900572
filament_temp,231.0,2025-09-10 13:03:48.400819
bed_temp,60.0,2025-09-10 13:03:48.400819
current,1.95,2025-09-10 13:03:48.400819
power,231,2025-09-10 13:03:48.400819
voltage,120.06,2025-09-10 13:03:48.400819
filament_temp,230.8,2025-09-10 13:03:48.901023
bed_temp,59.6,2025-09-10 13:03:48.901023
current,1.95,2025-09-10 13:03:48.901023
power,231,2025-09-10 13:03:48.901023
voltage,120.06,2025-09-10 13:03:48.901023
filament_temp,230.8,2025-09-10 13:03:49.401265
bed_temp,59.6,2025-09-10 13:03:49.401265
current,1.95,2025-09-10 13:03:49.401265
power,231,2025-09-10 13:03:49.401265
voltage,120.06,2025-09-10 13:03:49.401265
filament_temp,230.8,2025-09-10 13:03:49.901509
bed_temp,59.6,2025-09-10 13:03:49.901509
current,1.95,2025-09-10 13:03:49.901509
power,231,2025-09-10 13:03:49.901509
voltage,120.06,2025-09-10 13:03:49.901509
filament_temp,230.8,2025-09-10 13:03:50.401751
bed_temp,59.6,2025-09-10 13:03:50.401751
current,1.95,2025-09-10 13:03:50.401751
power,231,2025-09-10 13:03:50.401751
voltage,120.06,2025-09-10 13:03:50.401751
filament_temp,230.3,2025-09-10 13:03:50.901990
bed_temp,59.0,2025-09-10 13:03:50.901990
current,1.95,2025-09-10 13:03:50.901990
power,231,2025-09-10 13:03:50.901990
voltage,120.06,2025-09-10 13:03:50.901990
filament_temp,230.3,2025-09-10 13:03:51.402193
bed_temp,59.0,2025-09-10 13:03:51.402193
current,1.95,2025-09-10 13:03:51.402193
power,231,2025-09-10 13:03:51.402193
voltage,120.06,2025-09-10 13:03:51.402193
filament_temp,230.3,2025-09-10 13:03:51.902413
bed_temp,59.0,2025-09-10 13:03:51.902413
current,1.95,2025-09-10 13:03:51.902413
power,231,2025-09-10 13:03:51.902413
voltage,120.06,2025-09-10 13:03:51.902413
filament_temp,230.3,2025-09-10 13:03:52.402629
bed_temp,59.0,2025-09-10 13:03:52.402629
current,1.95,2025-09-10 13:03:52.402629
power,231,2025-09-10 13:03:52.402629
voltage,120.06,2025-09-10 13:03:52.402629
filament_temp,229.7,2025-09-10 13:03:52.902861
bed_temp,59.9,2025-09-10 13:03:52.902861
current,1.95,2025-09-10 13:03:52.902861
power,231,2025-09-10 13:03:52.902861
voltage,120.06,2025-09-10 13:03:52.902861
filament_temp,229.7,2025-09-10 13:03:53.403104
bed_temp,59.9,2025-09-10 13:03:53.403104
current,1.95,2025-09-10 13:03:53.403104
power,231,2025-09-10 13:03:53.403104
voltage,120.06,2025-09-10 13:03:53.403104
filament_temp,229.7,2025-09-10 13:03:53.903347
bed_temp,59.9,2025-09-10 13:03:53.903347
current,1.95,2025-09-10 13:03:53.903347
power,231,2025-09-10 13:03:53.903347
voltage,120.06,2025-09-10 13:03:53.903347
filament_temp,229.7,2025-09-10 13:03:54.403575
bed_temp,59.9,2025-09-10 13:03:54.403575
current,1.95,2025-09-10 13:03:54.403575
power,231,2025-09-10 13:03:54.403575
voltage,120.06,2025-09-10 13:03:54.403575
filament_temp,229.5,2025-09-10 13:03:54.903818
bed_temp,60.2,2025-09-10 13:03:54.903818
current,1.95,2025-09-10 13:03:54.903818
power,231,2025-09-10 13:03:54.903818
voltage,120.06,2025-09-10 13:03:54.903818
filament_temp,229.5,2025-09-10 13:03:55.404061
bed_temp,60.2,2025-09-10 13:03:55.404061
current,1.95,2025-09-10 13:03:55.404061
power,231,2025-09-10 13:03:55.404061
voltage,120.06,2025-09-10 13:03:55.404061
filament_temp,229.5,2025-09-10 13:03:55.904264
bed_temp,60.2,2025-09-10 13:03:55.904264
current,1.95,2025-09-10 13:03:55.904264
power,231,2025-09-10 13:03:55.904264
voltage,120.06,2025-09-10 13:03:55.904264
filament_temp,229.5,2025-09-10 13:03:56.404466
bed_temp,60.2,2025-09-10 13:03:56.404466
current,1.95,2025-09-10 13:03:56.404466
power,231,2025-09-10 13:03:56.404466
voltage,120.06,2025-09-10 13:03:56.404466
filament_temp,229.0,2025-09-10 13:03:56.904710
bed_temp,59.1,2025-09-10 13:03:56.904710
current,1.95,2025-09-10 13:03:56.904710
power,231,2025-09-10 13:03:56.904710
voltage,120.06,2025-09-10 13:03:56.904710
filament_temp,229.0,2025-09-10 13:03:57.404943
bed_temp,59.1,2025-09-10 13:03:57.404943
current,1.95,2025-09-10 13:03:57.404943
power,220.8,2025-09-10 13:03:57.404943
voltage,120.06,2025-09-10 13:03:57.404943
filament_temp,229.0,2025-09-10 13:03:57.905170
bed_temp,59.1,2025-09-10 13:03:57.905170
current,1.95,2025-09-10 13:03:57.905170
power,234.1,2025-09-10 13:03:57.905170
voltage,120.06,2025-09-10 13:03:57.905170
filament_temp,229.0,2025-09-10 13:03:58.405413
bed_temp,59.1,2025-09-10 13:03:58.405413
current,1.95,2025-09-10 13:03:58.405413
power,234.1,2025-09-10 13:03:58.405413
voltage,120.06,2025-09-10 13:03:58.405413
filament_temp,229.2,2025-09-10 13:03:58.905644
bed_temp,59.1,2025-09-10 13:03:58.905644
current,1.95,2025-09-10 13:03:58.905644
power,234.1,2025-09-10 13:03:58.905644
voltage,120.06,2025-09-10 13:03:58.905644
filament_temp,229.2,2025-09-10 13:03:59.405883
bed_temp,59.1,2025-09-10 13:03:59.405883
current,1.95,2025-09-10 13:03:59.405883
power,234.1,2025-09-10 13:03:59.405883
voltage,120.06,2025-09-10 13:03:59.405883
filament_temp,229.2,2025-09-10 13:03:59.906126
bed_temp,59.1,2025-09-10 13:03:59.906126
current,1.95,2025-09-10 13:03:59.906126
power,234.1,2025-09-10 13:03:59.906126
voltage,120.06,2025-09-10 13:03:59.906126
filament_temp,229.2,2025-09-10 13:04:00.406348
bed_temp,59.1,2025-09-10 13:04:00.406348
current,1.95,2025-09-10 13:04:00.406348
power,234.1,2025-09-10 13:04:00.406348
voltage,120.06,2025-09-10 13:04:00.406348
filament_temp,229.3,2025-09-10 13:04:00.906567
bed_temp,60.0,2025-09-10 13:04:00.906567
current,1.95,2025-09-10 13:04:00.906567
power,234.1,2025-09-10 13:04:00.906567
voltage,120.06,2025-09-10 13:04:00.906567
filament_temp,229.3,2025-09-10 13:04:01.406796
bed_temp,60.0,2025-09-10 13:04:01.406796
current,1.95,2025-09-10 13:04:01.406796
power,234.1,2025-09-10 13:04:01.406796
voltage,120.06,2025-09-10 13:04:01.406796
filament_temp,229.3,2025-09-10 13:04:01.907033
bed_temp,60.0,2025-09-10 13:04:01.907033
current,1.95,2025-09-10 13:04:01.907033
power,234.1,2025-09-10 13:04:01.907033
voltage,120.06,2025-09-10 13:04:01.907033
filament_temp,229.3,2025-09-10 13:04:02.407265
bed_temp,60.0,2025-09-10 13:04:02.407265
current,1.95,2025-09-10 13:04:02.407265
power,234.1,2025-09-10 13:04:02.407265
voltage,120.06,2025-09-10 13:04:02.407265
filament_temp,230.5,2025-09-10 13:04:02.907507
bed_temp,59.7,2025-09-10 13:04:02.907507
current,1.95,2025-09-10 13:04:02.907507
power,234.1,2025-09-10 13:04:02.907507
voltage,120.06,2025-09-10 13:04:02.907507
filament_temp,230.5,2025-09-10 13:04:03.407733
bed_temp,59.7,2025-09-10 13:04:03.407733
current,1.95,2025-09-10 13:04:03.407733
power,234.1,2025-09-10 13:04:03.407733
voltage,120.06,2025-09-10 13:04:03.407733
filament_temp,230.5,2025-09-10 13:04:03.907977
bed_temp,59.7,2025-09-10 13:04:03.907977
current,1.95,2025-09-10 13:04:03.907977
power,234.1,2025-09-10 13:04:03.907977
voltage,120.06,2025-09-10 13:04:03.907977
filament_temp,230.5,2025-09-10 13:04:04.408200
bed_temp,59.7,2025-09-10 13:04:04.408200
current,1.95,2025-09-10 13:04:04.408200
power,234.1,2025-09-10 13:04:04.408200
voltage,120.06,2025-09-10 13:04:04.408200
filament_temp,230.3,2025-09-10 13:04:04.908430
bed_temp,60.0,2025-09-10 13:04:04.908430
current,1.95,2025-09-10 13:04:04.908430
power,234.1,2025-09-10 13:04:04.908430
voltage,120.06,2025-09-10 13:04:04.908430
filament_temp,230.3,2025-09-10 13:04:05.408634
bed_temp,60.0,2025-09-10 13:04:05.408634
current,1.95,2025-09-10 13:04:05.408634
power,234.1,2025-09-10 13:04:05.408634
voltage,120.06,2025-09-10 13:04:05.408634
filament_temp,230.3,2025-09-10 13:04:05.908863
bed_temp,60.0,2025-09-10 13:04:05.908863
current,0.59,2025-09-10 13:04:05.908863
power,234.1,2025-09-10 13:04:05.908863
voltage,120.06,2025-09-10 13:04:05.908863
filament_temp,230.3,2025-09-10 13:04:06.409049
bed_temp,60.0,2025-09-10 13:04:06.409049
current,0.59,2025-09-10 13:04:06.409049
power,234.1,2025-09-10 13:04:06.409049
voltage,120.06,2025-09-10 13:04:06.409049
filament_temp,230.7,2025-09-10 13:04:06.909286
bed_temp,59.7,2025-09-10 13:04:06.909286
current,0.59,2025-09-10 13:04:06.909286
power,234.1,2025-09-10 13:04:06.909286
voltage,120.06,2025-09-10 13:04:06.909286
filament_temp,230.7,2025-09-10 13:04:07.409515
bed_temp,59.7,2025-09-10 13:04:07.409515
current,0.59,2025-09-10 13:04:07.409515
power,234.1,2025-09-10 13:04:07.409515
voltage,120.06,2025-09-10 13:04:07.409515
filament_temp,230.7,2025-09-10 13:04:07.909740
bed_temp,59.7,2025-09-10 13:04:07.909740
current,0.59,2025-09-10 13:04:07.909740
power,234.1,2025-09-10 13:04:07.909740
voltage,120.06,2025-09-10 13:04:07.909740
filament_temp,230.7,2025-09-10 13:04:08.409959
bed_temp,59.7,2025-09-10 13:04:08.409959
current,0.59,2025-09-10 13:04:08.409959
power,234.1,2025-09-10 13:04:08.409959
voltage,120.06,2025-09-10 13:04:08.409959
filament_temp,230.7,2025-09-10 13:04:08.910173
bed_temp,60.2,2025-09-10 13:04:08.910173
current,0.59,2025-09-10 13:04:08.910173
power,234.1,2025-09-10 13:04:08.910173
voltage,120.06,2025-09-10 13:04:08.910173
filament_temp,230.7,2025-09-10 13:04:09.410393
bed_temp,60.2,2025-09-10 13:04:09.410393
current,0.59,2025-09-10 13:04:09.410393
power,234.1,2025-09-10 13:04:09.410393
voltage,120.06,2025-09-10 13:04:09.410393
filament_temp,230.7,2025-09-10 13:04:09.910571
bed_temp,60.2,2025-09-10 13:04:09.910571
current,0.59,2025-09-10 13:04:09.910571
power,234.1,2025-09-10 13:04:09.910571
voltage,120.06,2025-09-10 13:04:09.910571
filament_temp,230.7,2025-09-10 13:04:10.410808
bed_temp,60.2,2025-09-10 13:04:10.410808
current,0.59,2025-09-10 13:04:10.410808
power,234.1,2025-09-10 13:04:10.410808
voltage,120.06,2025-09-10 13:04:10.410808
filament_temp,229.5,2025-09-10 13:04:10.911038
bed_temp,59.4,2025-09-10 13:04:10.911038
current,1.83,2025-09-10 13:04:10.911038
power,234.1,2025-09-10 13:04:10.911038
voltage,120.06,2025-09-10 13:04:10.911038
filament_temp,229.5,2025-09-10 13:04:11.411231
bed_temp,59.4,2025-09-10 13:04:11.411231
current,1.83,2025-09-10 13:04:11.411231
power,215.2,2025-09-10 13:04:11.411231
voltage,120.06,2025-09-10 13:04:11.411231
filament_temp,229.5,2025-09-10 13:04:11.911458
bed_temp,59.4,2025-09-10 13:04:11.911458
current,1.83,2025-09-10 13:04:11.911458
power,215.2,2025-09-10 13:04:11.911458
voltage,120.06,2025-09-10 13:04:11.911458
filament_temp,229.5,2025-09-10 13:04:12.411693
bed_temp,59.4,2025-09-10 13:04:12.411693
current,1.83,2025-09-10 13:04:12.411693
power,215.2,2025-09-10 13:04:12.411693
voltage,120.06,2025-09-10 13:04:12.411693
filament_temp,229.8,2025-09-10 13:04:12.911940
bed_temp,59.6,2025-09-10 13:04:12.911940
current,1.83,2025-09-10 13:04:12.911940
power,215.2,2025-09-10 13:04:12.911940
voltage,120.06,2025-09-10 13:04:12.911940
filament_temp,229.8,2025-09-10 13:04:13.412142
bed_temp,59.6,2025-09-10 13:04:13.412142
current,1.83,2025-09-10 13:04:13.412142
power,215.2,2025-09-10 13:04:13.412142
voltage,120.06,2025-09-10 13:04:13.412142
filament_temp,229.8,2025-09-10 13:04:13.912363
bed_temp,59.6,2025-09-10 13:04:13.912363
current,1.83,2025-09-10 13:04:13.912363
power,227.1,2025-09-10 13:04:13.912363
voltage,120.06,2025-09-10 13:04:13.912363
filament_temp,229.8,2025-09-10 13:04:14.412607
bed_temp,59.6,2025-09-10 13:04:14.412607
current,1.83,2025-09-10 13:04:14.412607
power,227.1,2025-09-10 13:04:14.412607
voltage,120.06,2025-09-10 13:04:14.412607
filament_temp,230.0,2025-09-10 13:04:14.912847
bed_temp,59.7,2025-09-10 13:04:14.912847
current,1.83,2025-09-10 13:04:14.912847
power,227.1,2025-09-10 13:04:14.912847
voltage,120.06,2025-09-10 13:04:14.912847
filament_temp,230.0,2025-09-10 13:04:15.412998
bed_temp,59.7,2025-09-10 13:04:15.412998
current,1.83,2025-09-10 13:04:15.412998
power,227.1,2025-09-10 13:04:15.412998
voltage,120.06,2025-09-10 13:04:15.412998
filament_temp,230.0,2025-09-10 13:04:15.913227
bed_temp,59.7,2025-09-10 13:04:15.913227
current,1.83,2025-09-10 13:04:15.913227
power,227.1,2025-09-10 13:04:15.913227
voltage,120.06,2025-09-10 13:04:15.913227
filament_temp,230.0,2025-09-10 13:04:16.413492
bed_temp,59.7,2025-09-10 13:04:16.413492
current,1.83,2025-09-10 13:04:16.413492
power,227.1,2025-09-10 13:04:16.413492
voltage,120.06,2025-09-10 13:04:16.413492
filament_temp,229.7,2025-09-10 13:04:16.913753
bed_temp,59.9,2025-09-10 13:04:16.913753
current,1.83,2025-09-10 13:04:16.913753
power,227.1,2025-09-10 13:04:16.913753
voltage,120.06,2025-09-10 13:04:16.913753
filament_temp,229.7,2025-09-10 13:04:17.414014
bed_temp,59.9,2025-09-10 13:04:17.414014
current,1.83,2025-09-10 13:04:17.414014
power,227.1,2025-09-10 13:04:17.414014
voltage,120.06,2025-09-10 13:04:17.414014
filament_temp,229.7,2025-09-10 13:04:17.914249
bed_temp,59.9,2025-09-10 13:04:17.914249
current,1.83,2025-09-10 13:04:17.914249
power,227.1,2025-09-10 13:04:17.914249
voltage,120.06,2025-09-10 13:04:17.914249
filament_temp,229.7,2025-09-10 13:04:18.414482
bed_temp,59.9,2025-09-10 13:04:18.414482
current,1.83,2025-09-10 13:04:18.414482
power,227.1,2025-09-10 13:04:18.414482
voltage,120.06,2025-09-10 13:04:18.414482
filament_temp,230.3,2025-09-10 13:04:18.914736
bed_temp,60.2,2025-09-10 13:04:18.914736
current,1.83,2025-09-10 13:04:18.914736
power,227.1,2025-09-10 13:04:18.914736
voltage,120.06,2025-09-10 13:04:18.914736
filament_temp,230.3,2025-09-10 13:04:19.414987
bed_temp,60.2,2025-09-10 13:04:19.414987
current,1.83,2025-09-10 13:04:19.414987
power,227.1,2025-09-10 13:04:19.414987
voltage,120.06,2025-09-10 13:04:19.414987
filament_temp,230.3,2025-09-10 13:04:19.915252
bed_temp,60.2,2025-09-10 13:04:19.915252
current,1.83,2025-09-10 13:04:19.915252
power,227.1,2025-09-10 13:04:19.915252
voltage,120.06,2025-09-10 13:04:19.915252
filament_temp,230.3,2025-09-10 13:04:20.415515
bed_temp,60.2,2025-09-10 13:04:20.415515
current,1.83,2025-09-10 13:04:20.415515
power,227.1,2025-09-10 13:04:20.415515
voltage,120.06,2025-09-10 13:04:20.415515
filament_temp,229.8,2025-09-10 13:04:20.915797
bed_temp,60.0,2025-09-10 13:04:20.915797
current,1.83,2025-09-10 13:04:20.915797
power,227.1,2025-09-10 13:04:20.915797
voltage,120.06,2025-09-10 13:04:20.915797
filament_temp,229.8,2025-09-10 13:04:21.415910
bed_temp,60.0,2025-09-10 13:04:21.415910
current,1.83,2025-09-10 13:04:21.415910
power,227.1,2025-09-10 13:04:21.415910
voltage,120.06,2025-09-10 13:04:21.415910
filament_temp,229.8,2025-09-10 13:04:21.916093
bed_temp,60.0,2025-09-10 13:04:21.916093
current,1.83,2025-09-10 13:04:21.916093
power,227.1,2025-09-10 13:04:21.916093
voltage,120.06,2025-09-10 13:04:21.916093
filament_temp,229.8,2025-09-10 13:04:22.416318
bed_temp,60.0,2025-09-10 13:04:22.416318
current,1.83,2025-09-10 13:04:22.416318
power,227.1,2025-09-10 13:04:22.416318
voltage,120.06,2025-09-10 13:04:22.416318
filament_temp,229.8,2025-09-10 13:04:22.916499
bed_temp,58.7,2025-09-10 13:04:22.916499
current,1.83,2025-09-10 13:04:22.916499
power,227.1,2025-09-10 13:04:22.916499
voltage,120.06,2025-09-10 13:04:22.916499
filament_temp,229.8,2025-09-10 13:04:23.416731
bed_temp,58.7,2025-09-10 13:04:23.416731
current,1.83,2025-09-10 13:04:23.416731
power,227.1,2025-09-10 13:04:23.416731
voltage,120.06,2025-09-10 13:04:23.416731
filament_temp,229.8,2025-09-10 13:04:23.916998
bed_temp,58.7,2025-09-10 13:04:23.916998
current,1.83,2025-09-10 13:04:23.916998
power,227.1,2025-09-10 13:04:23.916998
voltage,120.06,2025-09-10 13:04:23.916998
filament_temp,229.8,2025-09-10 13:04:24.417261
bed_temp,58.7,2025-09-10 13:04:24.417261
current,1.83,2025-09-10 13:04:24.417261
power,227.1,2025-09-10 13:04:24.417261
voltage,120.06,2025-09-10 13:04:24.417261
filament_temp,230.0,2025-09-10 13:04:24.917522
bed_temp,59.6,2025-09-10 13:04:24.917522
current,1.83,2025-09-10 13:04:24.917522
power,227.1,2025-09-10 13:04:24.917522
voltage,120.06,2025-09-10 13:04:24.917522
filament_temp,230.0,2025-09-10 13:04:25.417785
bed_temp,59.6,2025-09-10 13:04:25.417785
current,1.83,2025-09-10 13:04:25.417785
power,227.1,2025-09-10 13:04:25.417785
voltage,120.06,2025-09-10 13:04:25.417785
filament_temp,230.0,2025-09-10 13:04:25.918047
bed_temp,59.6,2025-09-10 13:04:25.918047
current,1.83,2025-09-10 13:04:25.918047
power,227.1,2025-09-10 13:04:25.918047
voltage,120.06,2025-09-10 13:04:25.918047
filament_temp,230.0,2025-09-10 13:04:26.418280
bed_temp,59.6,2025-09-10 13:04:26.418280
current,1.83,2025-09-10 13:04:26.418280
power,227.1,2025-09-10 13:04:26.418280
voltage,120.06,2025-09-10 13:04:26.418280
filament_temp,231.3,2025-09-10 13:04:26.918542
bed_temp,59.6,2025-09-10 13:04:26.918542
current,1.83,2025-09-10 13:04:26.918542
power,227.1,2025-09-10 13:04:26.918542
voltage,120.06,2025-09-10 13:04:26.918542
filament_temp,231.3,2025-09-10 13:04:27.418797
bed_temp,59.6,2025-09-10 13:04:27.418797
current,1.83,2025-09-10 13:04:27.418797
power,227.1,2025-09-10 13:04:27.418797
voltage,120.06,2025-09-10 13:04:27.418797
filament_temp,231.3,2025-09-10 13:04:27.919062
bed_temp,59.6,2025-09-10 13:04:27.919062
current,1.94,2025-09-10 13:04:27.919062
power,227.1,2025-09-10 13:04:27.919062
voltage,120.06,2025-09-10 13:04:27.919062
filament_temp,231.3,2025-09-10 13:04:28.419298
bed_temp,59.6,2025-09-10 13:04:28.419298
current,1.94,2025-09-10 13:04:28.419298
power,227.1,2025-09-10 13:04:28.419298
voltage,120.06,2025-09-10 13:04:28.419298
filament_temp,230.7,2025-09-10 13:04:28.919563
bed_temp,59.0,2025-09-10 13:04:28.919563
current,1.94,2025-09-10 13:04:28.919563
power,227.1,2025-09-10 13:04:28.919563
voltage,120.06,2025-09-10 13:04:28.919563
filament_temp,230.7,2025-09-10 13:04:29.419826
bed_temp,59.0,2025-09-10 13:04:29.419826
current,1.94,2025-09-10 13:04:29.419826
power,227.1,2025-09-10 13:04:29.419826
voltage,120.06,2025-09-10 13:04:29.419826
filament_temp,230.7,2025-09-10 13:04:29.919985
bed_temp,59.0,2025-09-10 13:04:29.919985
current,1.94,2025-09-10 13:04:29.919985
power,227.1,2025-09-10 13:04:29.919985
voltage,120.06,2025-09-10 13:04:29.919985
filament_temp,230.7,2025-09-10 13:04:30.420175
bed_temp,59.0,2025-09-10 13:04:30.420175
current,1.94,2025-09-10 13:04:30.420175
power,227.1,2025-09-10 13:04:30.420175
voltage,120.06,2025-09-10 13:04:30.420175
filament_temp,230.2,2025-09-10 13:04:30.920365
bed_temp,58.8,2025-09-10 13:04:30.920365
current,1.94,2025-09-10 13:04:30.920365
power,227.1,2025-09-10 13:04:30.920365
voltage,120.06,2025-09-10 13:04:30.920365
filament_temp,230.2,2025-09-10 13:04:31.420632
bed_temp,58.8,2025-09-10 13:04:31.420632
current,0.5,2025-09-10 13:04:31.420632
power,227.1,2025-09-10 13:04:31.420632
voltage,120.06,2025-09-10 13:04:31.420632
filament_temp,230.2,2025-09-10 13:04:31.920848
bed_temp,58.8,2025-09-10 13:04:31.920848
current,0.5,2025-09-10 13:04:31.920848
power,227.1,2025-09-10 13:04:31.920848
voltage,120.06,2025-09-10 13:04:31.920848
filament_temp,230.2,2025-09-10 13:04:32.421099
bed_temp,58.8,2025-09-10 13:04:32.421099
current,0.5,2025-09-10 13:04:32.421099
power,227.1,2025-09-10 13:04:32.421099
voltage,120.06,2025-09-10 13:04:32.421099
filament_temp,230.7,2025-09-10 13:04:32.921365
bed_temp,58.7,2025-09-10 13:04:32.921365
current,0.5,2025-09-10 13:04:32.921365
power,227.1,2025-09-10 13:04:32.921365
voltage,120.06,2025-09-10 13:04:32.921365
filament_temp,230.7,2025-09-10 13:04:33.421562
bed_temp,58.7,2025-09-10 13:04:33.421562
current,1.82,2025-09-10 13:04:33.421562
power,227.1,2025-09-10 13:04:33.421562
voltage,120.06,2025-09-10 13:04:33.421562
filament_temp,230.7,2025-09-10 13:04:33.921827
bed_temp,58.7,2025-09-10 13:04:33.921827
current,1.82,2025-09-10 13:04:33.921827
power,227.1,2025-09-10 13:04:33.921827
voltage,120.06,2025-09-10 13:04:33.921827
filament_temp,230.7,2025-09-10 13:04:34.422025
bed_temp,58.7,2025-09-10 13:04:34.422025
current,1.82,2025-09-10 13:04:34.422025
power,227.1,2025-09-10 13:04:34.422025
voltage,120.06,2025-09-10 13:04:34.422025
filament_temp,229.8,2025-09-10 13:04:34.922261
bed_temp,59.4,2025-09-10 13:04:34.922261
current,1.82,2025-09-10 13:04:34.922261
power,227.1,2025-09-10 13:04:34.922261
voltage,120.06,2025-09-10 13:04:34.922261
filament_temp,229.8,2025-09-10 13:04:35.422502
bed_temp,59.4,2025-09-10 13:04:35.422502
current,1.94,2025-09-10 13:04:35.422502
power,227.1,2025-09-10 13:04:35.422502
voltage,120.06,2025-09-10 13:04:35.422502
filament_temp,229.8,2025-09-10 13:04:35.922722
bed_temp,59.4,2025-09-10 13:04:35.922722
current,1.94,2025-09-10 13:04:35.922722
power,234.2,2025-09-10 13:04:35.922722
voltage,120.06,2025-09-10 13:04:35.922722
filament_temp,229.8,2025-09-10 13:04:36.422958
bed_temp,59.4,2025-09-10 13:04:36.422958
current,1.94,2025-09-10 13:04:36.422958
power,234.2,2025-09-10 13:04:36.422958
voltage,120.06,2025-09-10 13:04:36.422958
filament_temp,229.5,2025-09-10 13:04:36.923201
bed_temp,59.7,2025-09-10 13:04:36.923201
current,1.94,2025-09-10 13:04:36.923201
power,234.2,2025-09-10 13:04:36.923201
voltage,120.06,2025-09-10 13:04:36.923201
filament_temp,229.5,2025-09-10 13:04:37.423464
bed_temp,59.7,2025-09-10 13:04:37.423464
current,1.94,2025-09-10 13:04:37.423464
power,234.2,2025-09-10 13:04:37.423464
voltage,120.06,2025-09-10 13:04:37.423464
filament_temp,229.5,2025-09-10 13:04:37.923698
bed_temp,59.7,2025-09-10 13:04:37.923698
current,1.94,2025-09-10 13:04:37.923698
power,234.2,2025-09-10 13:04:37.923698
voltage,120.06,2025-09-10 13:04:37.923698
filament_temp,229.5,2025-09-10 13:04:38.423866
bed_temp,59.7,2025-09-10 13:04:38.423866
current,1.94,2025-09-10 13:04:38.423866
power,234.2,2025-09-10 13:04:38.423866
voltage,120.06,2025-09-10 13:04:38.423866
filament_temp,230.3,2025-09-10 13:04:38.924134
bed_temp,59.7,2025-09-10 13:04:38.924134
current,1.94,2025-09-10 13:04:38.924134
power,234.2,2025-09-10 13:04:38.924134
voltage,120.06,2025-09-10 13:04:38.924134
filament_temp,230.3,2025-09-10 13:04:39.424368
bed_temp,59.7,2025-09-10 13:04:39.424368
current,1.94,2025-09-10 13:04:39.424368
power,220.7,2025-09-10 13:04:39.424368
voltage,120.06,2025-09-10 13:04:39.424368
filament_temp,230.3,2025-09-10 13:04:39.924602
bed_temp,59.7,2025-09-10 13:04:39.924602
current,1.94,2025-09-10 13:04:39.924602
power,220.7,2025-09-10 13:04:39.924602
voltage,120.06,2025-09-10 13:04:39.924602
filament_temp,230.3,2025-09-10 13:04:40.424864
bed_temp,59.7,2025-09-10 13:04:40.424864
current,1.94,2025-09-10 13:04:40.424864
power,220.7,2025-09-10 13:04:40.424864
voltage,120.06,2025-09-10 13:04:40.424864
filament_temp,229.3,2025-09-10 13:04:40.925089
bed_temp,60.0,2025-09-10 13:04:40.925089
current,1.94,2025-09-10 13:04:40.925089
power,220.7,2025-09-10 13:04:40.925089
voltage,120.06,2025-09-10 13:04:40.925089
filament_temp,229.3,2025-09-10 13:04:41.425267
bed_temp,60.0,2025-09-10 13:04:41.425267
current,1.94,2025-09-10 13:04:41.425267
power,220.7,2025-09-10 13:04:41.425267
voltage,120.06,2025-09-10 13:04:41.425267
filament_temp,229.3,2025-09-10 13:04:41.925533
bed_temp,60.0,2025-09-10 13:04:41.925533
current,1.94,2025-09-10 13:04:41.925533
power,220.7,2025-09-10 13:04:41.925533
voltage,120.06,2025-09-10 13:04:41.925533
filament_temp,229.3,2025-09-10 13:04:42.425731
bed_temp,60.0,2025-09-10 13:04:42.425731
current,1.94,2025-09-10 13:04:42.425731
power,220.7,2025-09-10 13:04:42.425731
voltage,120.06,2025-09-10 13:04:42.425731
filament_temp,229.8,2025-09-10 13:04:42.926001
bed_temp,60.2,2025-09-10 13:04:42.926001
current,1.94,2025-09-10 13:04:42.926001
power,220.7,2025-09-10 13:04:42.926001
voltage,120.06,2025-09-10 13:04:42.926001
filament_temp,229.8,2025-09-10 13:04:43.426265
bed_temp,60.2,2025-09-10 13:04:43.426265
current,1.94,2025-09-10 13:04:43.426265
power,220.7,2025-09-10 13:04:43.426265
voltage,120.06,2025-09-10 13:04:43.426265
filament_temp,229.8,2025-09-10 13:04:43.926500
bed_temp,60.2,2025-09-10 13:04:43.926500
current,1.94,2025-09-10 13:04:43.926500
power,220.7,2025-09-10 13:04:43.926500
voltage,120.06,2025-09-10 13:04:43.926500
filament_temp,229.8,2025-09-10 13:04:44.426699
bed_temp,60.2,2025-09-10 13:04:44.426699
current,1.94,2025-09-10 13:04:44.426699
power,220.7,2025-09-10 13:04:44.426699
voltage,120.06,2025-09-10 13:04:44.426699
filament_temp,230.2,2025-09-10 13:04:44.926958
bed_temp,60.2,2025-09-10 13:04:44.926958
current,1.94,2025-09-10 13:04:44.926958
power,220.7,2025-09-10 13:04:44.926958
voltage,120.06,2025-09-10 13:04:44.926958
filament_temp,230.2,2025-09-10 13:04:45.427218
bed_temp,60.2,2025-09-10 13:04:45.427218
current,1.94,2025-09-10 13:04:45.427218
power,220.7,2025-09-10 13:04:45.427218
voltage,120.06,2025-09-10 13:04:45.427218
filament_temp,230.2,2025-09-10 13:04:45.927482
bed_temp,60.2,2025-09-10 13:04:45.927482
current,0.58,2025-09-10 13:04:45.927482
power,220.7,2025-09-10 13:04:45.927482
voltage,120.06,2025-09-10 13:04:45.927482
filament_temp,230.2,2025-09-10 13:04:46.427724
bed_temp,60.2,2025-09-10 13:04:46.427724
current,0.58,2025-09-10 13:04:46.427724
power,59.8,2025-09-10 13:04:46.427724
voltage,120.06,2025-09-10 13:04:46.427724
filament_temp,229.7,2025-09-10 13:04:46.927913
bed_temp,60.0,2025-09-10 13:04:46.927913
current,0.58,2025-09-10 13:04:46.927913
power,59.8,2025-09-10 13:04:46.927913
voltage,120.06,2025-09-10 13:04:46.927913
filament_temp,229.7,2025-09-10 13:04:47.428177
bed_temp,60.0,2025-09-10 13:04:47.428177
current,0.58,2025-09-10 13:04:47.428177
power,59.8,2025-09-10 13:04:47.428177
voltage,120.06,2025-09-10 13:04:47.428177
filament_temp,229.7,2025-09-10 13:04:47.928440
bed_temp,60.0,2025-09-10 13:04:47.928440
current,0.58,2025-09-10 13:04:47.928440
power,59.8,2025-09-10 13:04:47.928440
voltage,120.06,2025-09-10 13:04:47.928440
filament_temp,229.7,2025-09-10 13:04:48.428672
bed_temp,60.0,2025-09-10 13:04:48.428672
current,0.58,2025-09-10 13:04:48.428672
power,59.8,2025-09-10 13:04:48.428672
voltage,120.06,2025-09-10 13:04:48.428672
filament_temp,231.0,2025-09-10 13:04:48.928895
bed_temp,58.7,2025-09-10 13:04:48.928895
current,0.58,2025-09-10 13:04:48.928895
power,59.8,2025-09-10 13:04:48.928895
voltage,120.06,2025-09-10 13:04:48.928895
filament_temp,231.0,2025-09-10 13:04:49.429147
bed_temp,58.7,2025-09-10 13:04:49.429147
current,0.58,2025-09-10 13:04:49.429147
power,59.8,2025-09-10 13:04:49.429147
voltage,120.06,2025-09-10 13:04:49.429147
filament_temp,231.0,2025-09-10 13:04:49.929283
bed_temp,58.7,2025-09-10 13:04:49.929283
current,1.94,2025-09-10 13:04:49.929283
power,217.9,2025-09-10 13:04:49.929283
voltage,120.06,2025-09-10 13:04:49.929283
filament_temp,231.0,2025-09-10 13:04:50.429545
bed_temp,58.7,2025-09-10 13:04:50.429545
current,1.94,2025-09-10 13:04:50.429545
power,217.9,2025-09-10 13:04:50.429545
voltage,120.06,2025-09-10 13:04:50.429545
filament_temp,229.3,2025-09-10 13:04:50.929806
bed_temp,59.9,2025-09-10 13:04:50.929806
current,1.94,2025-09-10 13:04:50.929806
power,217.9,2025-09-10 13:04:50.929806
voltage,120.06,2025-09-10 13:04:50.929806
filament_temp,229.3,2025-09-10 13:04:51.430069
bed_temp,59.9,2025-09-10 13:04:51.430069
current,1.94,2025-09-10 13:04:51.430069
power,229.9,2025-09-10 13:04:51.430069
voltage,120.06,2025-09-10 13:04:51.430069
filament_temp,229.3,2025-09-10 13:04:51.930332
bed_temp,59.9,2025-09-10 13:04:51.930332
current,1.94,2025-09-10 13:04:51.930332
power,229.9,2025-09-10 13:04:51.930332
voltage,120.06,2025-09-10 13:04:51.930332
filament_temp,229.3,2025-09-10 13:04:52.430530
bed_temp,59.9,2025-09-10 13:04:52.430530
current,1.94,2025-09-10 13:04:52.430530
power,229.9,2025-09-10 13:04:52.430530
voltage,120.06,2025-09-10 13:04:52.430530
filament_temp,230.3,2025-09-10 13:04:52.930764
bed_temp,59.3,2025-09-10 13:04:52.930764
current,1.94,2025-09-10 13:04:52.930764
power,229.9,2025-09-10 13:04:52.930764
voltage,120.06,2025-09-10 13:04:52.930764
filament_temp,230.3,2025-09-10 13:04:53.430943
bed_temp,59.3,2025-09-10 13:04:53.430943
current,1.94,2025-09-10 13:04:53.430943
power,229.9,2025-09-10 13:04:53.430943
voltage,120.06,2025-09-10 13:04:53.430943
filament_temp,230.3,2025-09-10 13:04:53.931209
bed_temp,59.3,2025-09-10 13:04:53.931209
current,1.94,2025-09-10 13:04:53.931209
power,229.9,2025-09-10 13:04:53.931209
voltage,120.06,2025-09-10 13:04:53.931209
filament_temp,230.3,2025-09-10 13:04:54.431475
bed_temp,59.3,2025-09-10 13:04:54.431475
current,1.94,2025-09-10 13:04:54.431475
power,229.9,2025-09-10 13:04:54.431475
voltage,120.06,2025-09-10 13:04:54.431475
filament_temp,229.7,2025-09-10 13:04:54.931633
bed_temp,59.9,2025-09-10 13:04:54.931633
current,1.94,2025-09-10 13:04:54.931633
power,229.9,2025-09-10 13:04:54.931633
voltage,120.06,2025-09-10 13:04:54.931633
filament_temp,229.7,2025-09-10 13:04:55.431889
bed_temp,59.9,2025-09-10 13:04:55.431889
current,1.94,2025-09-10 13:04:55.431889
power,229.9,2025-09-10 13:04:55.431889
voltage,120.06,2025-09-10 13:04:55.431889
filament_temp,229.7,2025-09-10 13:04:55.932078
bed_temp,59.9,2025-09-10 13:04:55.932078
current,1.94,2025-09-10 13:04:55.932078
power,229.9,2025-09-10 13:04:55.932078
voltage,120.06,2025-09-10 13:04:55.932078
filament_temp,229.7,2025-09-10 13:04:56.432343
bed_temp,59.9,2025-09-10 13:04:56.432343
current,1.94,2025-09-10 13:04:56.432343
power,229.9,2025-09-10 13:04:56.432343
voltage,120.06,2025-09-10 13:04:56.432343
filament_temp,229.7,2025-09-10 13:04:56.932596
bed_temp,59.4,2025-09-10 13:04:56.932596
current,1.94,2025-09-10 13:04:56.932596
power,229.9,2025-09-10 13:04:56.932596
voltage,120.06,2025-09-10 13:04:56.932596
filament_temp,229.7,2025-09-10 13:04:57.432827
bed_temp,59.4,2025-09-10 13:04:57.432827
current,1.94,2025-09-10 13:04:57.432827
power,229,2025-09-10 13:04:57.432827
voltage,120.06,2025-09-10 13:04:57.432827
filament_temp,229.7,2025-09-10 13:04:57.933101
bed_temp,59.4,2025-09-10 13:04:57.933101
current,1.94,2025-09-10 13:04:57.933101
power,229,2025-09-10 13:04:57.933101
voltage,120.06,2025-09-10 13:04:57.933101
filament_temp,229.7,2025-09-10 13:04:58.433348
bed_temp,59.4,2025-09-10 13:04:58.433348
current,1.94,2025-09-10 13:04:58.433348
power,229,2025-09-10 13:04:58.433348
voltage,120.06,2025-09-10 13:04:58.433348
filament_temp,229.8,2025-09-10 13:04:58.933544
bed_temp,59.4,2025-09-10 13:04:58.933544
current,1.94,2025-09-10 13:04:58.933544
power,229,2025-09-10 13:04:58.933544
voltage,120.06,2025-09-10 13:04:58.933544
filament_temp,229.8,2025-09-10 13:04:59.433809
bed_temp,59.4,2025-09-10 13:04:59.433809
current,1.94,2025-09-10 13:04:59.433809
power,229,2025-09-10 13:04:59.433809
voltage,120.06,2025-09-10 13:04:59.433809
filament_temp,229.8,2025-09-10 13:04:59.934075
bed_temp,59.4,2025-09-10 13:04:59.934075
current,0.59,2025-09-10 13:04:59.934075
power,229,2025-09-10 13:04:59.934075
voltage,120.06,2025-09-10 13:04:59.934075
filament_temp,229.8,2025-09-10 13:05:00.434333
bed_temp,59.4,2025-09-10 13:05:00.434333
current,0.59,2025-09-10 13:05:00.434333
power,229,2025-09-10 13:05:00.434333
voltage,120.06,2025-09-10 13:05:00.434333
filament_temp,229.7,2025-09-10 13:05:00.934585
bed_temp,59.6,2025-09-10 13:05:00.934585
current,0.59,2025-09-10 13:05:00.934585
power,229,2025-09-10 13:05:00.934585
voltage,120.06,2025-09-10 13:05:00.934585
filament_temp,229.7,2025-09-10 13:05:01.434819
bed_temp,59.6,2025-09-10 13:05:01.434819
current,0.59,2025-09-10 13:05:01.434819
power,229,2025-09-10 13:05:01.434819
voltage,120.06,2025-09-10 13:05:01.434819
filament_temp,229.7,2025-09-10 13:05:01.935054
bed_temp,59.6,2025-09-10 13:05:01.935054
current,0.59,2025-09-10 13:05:01.935054
power,229,2025-09-10 13:05:01.935054
voltage,120.06,2025-09-10 13:05:01.935054
filament_temp,229.7,2025-09-10 13:05:02.435320
bed_temp,59.6,2025-09-10 13:05:02.435320
current,0.59,2025-09-10 13:05:02.435320
power,229,2025-09-10 13:05:02.435320
voltage,120.06,2025-09-10 13:05:02.435320
filament_temp,230.5,2025-09-10 13:05:02.935538
bed_temp,58.8,2025-09-10 13:05:02.935538
current,0.59,2025-09-10 13:05:02.935538
power,229,2025-09-10 13:05:02.935538
voltage,120.06,2025-09-10 13:05:02.935538
filament_temp,230.5,2025-09-10 13:05:03.435804
bed_temp,58.8,2025-09-10 13:05:03.435804
current,0.59,2025-09-10 13:05:03.435804
power,229,2025-09-10 13:05:03.435804
voltage,120.06,2025-09-10 13:05:03.435804
filament_temp,230.5,2025-09-10 13:05:03.936067
bed_temp,58.8,2025-09-10 13:05:03.936067
current,0.59,2025-09-10 13:05:03.936067
power,229,2025-09-10 13:05:03.936067
voltage,120.06,2025-09-10 13:05:03.936067
filament_temp,230.5,2025-09-10 13:05:04.436331
bed_temp,58.8,2025-09-10 13:05:04.436331
current,0.59,2025-09-10 13:05:04.436331
power,229,2025-09-10 13:05:04.436331
voltage,120.06,2025-09-10 13:05:04.436331
filament_temp,230.2,2025-09-10 13:05:04.936597
bed_temp,59.9,2025-09-10 13:05:04.936597
current,0.59,2025-09-10 13:05:04.936597
power,229,2025-09-10 13:05:04.936597
voltage,120.06,2025-09-10 13:05:04.936597
filament_temp,230.2,2025-09-10 13:05:05.436816
bed_temp,59.9,2025-09-10 13:05:05.436816
current,0.59,2025-09-10 13:05:05.436816
power,229,2025-09-10 13:05:05.436816
voltage,120.06,2025-09-10 13:05:05.436816
filament_temp,230.2,2025-09-10 13:05:05.937013
bed_temp,59.9,2025-09-10 13:05:05.937013
current,0.59,2025-09-10 13:05:05.937013
power,229,2025-09-10 13:05:05.937013
voltage,120.06,2025-09-10 13:05:05.937013
filament_temp,230.2,2025-09-10 13:05:06.437234
bed_temp,59.9,2025-09-10 13:05:06.437234
current,0.59,2025-09-10 13:05:06.437234
power,229,2025-09-10 13:05:06.437234
voltage,120.06,2025-09-10 13:05:06.437234
filament_temp,229.8,2025-09-10 13:05:06.937499
bed_temp,60.6,2025-09-10 13:05:06.937499
current,0.59,2025-09-10 13:05:06.937499
power,229,2025-09-10 13:05:06.937499
voltage,120.06,2025-09-10 13:05:06.937499
filament_temp,229.8,2025-09-10 13:05:07.437762
bed_temp,60.6,2025-09-10 13:05:07.437762
current,0.59,2025-09-10 13:05:07.437762
power,229,2025-09-10 13:05:07.437762
voltage,120.06,2025-09-10 13:05:07.437762
filament_temp,229.8,2025-09-10 13:05:07.938023
bed_temp,60.6,2025-09-10 13:05:07.938023
current,0.59,2025-09-10 13:05:07.938023
power,229,2025-09-10 13:05:07.938023
voltage,120.06,2025-09-10 13:05:07.938023
filament_temp,229.8,2025-09-10 13:05:08.438290
bed_temp,60.6,2025-09-10 13:05:08.438290
current,0.59,2025-09-10 13:05:08.438290
power,229,2025-09-10 13:05:08.438290
voltage,121.11,2025-09-10 13:05:08.438290
filament_temp,229.7,2025-09-10 13:05:08.938556
bed_temp,61.4,2025-09-10 13:05:08.938556
current,0.59,2025-09-10 13:05:08.938556
power,229,2025-09-10 13:05:08.938556
voltage,121.11,2025-09-10 13:05:08.938556
filament_temp,229.7,2025-09-10 13:05:09.438819
bed_temp,61.4,2025-09-10 13:05:09.438819
current,0.59,2025-09-10 13:05:09.438819
power,229,2025-09-10 13:05:09.438819
voltage,121.11,2025-09-10 13:05:09.438819
filament_temp,229.7,2025-09-10 13:05:09.939053
bed_temp,61.4,2025-09-10 13:05:09.939053
current,0.59,2025-09-10 13:05:09.939053
power,229,2025-09-10 13:05:09.939053
voltage,121.11,2025-09-10 13:05:09.939053
filament_temp,229.7,2025-09-10 13:05:10.439201
bed_temp,61.4,2025-09-10 13:05:10.439201
current,1.86,2025-09-10 13:05:10.439201
power,229,2025-09-10 13:05:10.439201
voltage,121.11,2025-09-10 13:05:10.439201
filament_temp,230.5,2025-09-10 13:05:10.939453
bed_temp,59.6,2025-09-10 13:05:10.939453
current,1.86,2025-09-10 13:05:10.939453
power,229,2025-09-10 13:05:10.939453
voltage,121.11,2025-09-10 13:05:10.939453
filament_temp,230.5,2025-09-10 13:05:11.439717
bed_temp,59.6,2025-09-10 13:05:11.439717
current,1.86,2025-09-10 13:05:11.439717
power,229,2025-09-10 13:05:11.439717
voltage,121.11,2025-09-10 13:05:11.439717
filament_temp,230.5,2025-09-10 13:05:11.939987
bed_temp,59.6,2025-09-10 13:05:11.939987
current,1.86,2025-09-10 13:05:11.939987
power,229,2025-09-10 13:05:11.939987
voltage,121.11,2025-09-10 13:05:11.939987
filament_temp,230.5,2025-09-10 13:05:12.440251
bed_temp,59.6,2025-09-10 13:05:12.440251
current,1.86,2025-09-10 13:05:12.440251
power,229,2025-09-10 13:05:12.440251
voltage,121.11,2025-09-10 13:05:12.440251
filament_temp,230.5,2025-09-10 13:05:12.940514
bed_temp,59.6,2025-09-10 13:05:12.940514
current,1.86,2025-09-10 13:05:12.940514
power,229,2025-09-10 13:05:12.940514
voltage,121.11,2025-09-10 13:05:12.940514
filament_temp,230.2,2025-09-10 13:05:13.440744
bed_temp,59.3,2025-09-10 13:05:13.440744
current,1.86,2025-09-10 13:05:13.440744
power,229,2025-09-10 13:05:13.440744
voltage,121.11,2025-09-10 13:05:13.440744
filament_temp,230.2,2025-09-10 13:05:13.940967
bed_temp,59.3,2025-09-10 13:05:13.940967
current,1.86,2025-09-10 13:05:13.940967
power,229,2025-09-10 13:05:13.940967
voltage,121.11,2025-09-10 13:05:13.940967
filament_temp,230.2,2025-09-10 13:05:14.441190
bed_temp,59.3,2025-09-10 13:05:14.441190
current,1.86,2025-09-10 13:05:14.441190
power,229,2025-09-10 13:05:14.441190
voltage,121.11,2025-09-10 13:05:14.441190
filament_temp,229.5,2025-09-10 13:05:14.941457
bed_temp,59.7,2025-09-10 13:05:14.941457
current,1.86,2025-09-10 13:05:14.941457
power,229,2025-09-10 13:05:14.941457
voltage,121.11,2025-09-10 13:05:14.941457
filament_temp,229.5,2025-09-10 13:05:15.441621
bed_temp,59.7,2025-09-10 13:05:15.441621
current,1.86,2025-09-10 13:05:15.441621
power,229,2025-09-10 13:05:15.441621
voltage,121.11,2025-09-10 13:05:15.441621
filament_temp,229.5,2025-09-10 13:05:15.941867
bed_temp,59.7,2025-09-10 13:05:15.941867
current,0.57,2025-09-10 13:05:15.941867
power,229,2025-09-10 13:05:15.941867
voltage,121.11,2025-09-10 13:05:15.941867
filament_temp,229.5,2025-09-10 13:05:16.442131
bed_temp,59.7,2025-09-10 13:05:16.442131
current,0.57,2025-09-10 13:05:16.442131
power,229,2025-09-10 13:05:16.442131
voltage,121.11,2025-09-10 13:05:16.442131
filament_temp,230.8,2025-09-10 13:05:16.942395
bed_temp,60.5,2025-09-10 13:05:16.942395
current,0.57,2025-09-10 13:05:16.942395
power,229,2025-09-10 13:05:16.942395
voltage,121.11,2025-09-10 13:05:16.942395
filament_temp,230.8,2025-09-10 13:05:17.442658
bed_temp,60.5,2025-09-10 13:05:17.442658
current,0.57,2025-09-10 13:05:17.442658
power,229,2025-09-10 13:05:17.442658
voltage,121.11,2025-09-10 13:05:17.442658
filament_temp,230.8,2025-09-10 13:05:17.942892
bed_temp,60.5,2025-09-10 13:05:17.942892
current,0.57,2025-09-10 13:05:17.942892
power,229,2025-09-10 13:05:17.942892
voltage,121.11,2025-09-10 13:05:17.942892
filament_temp,230.8,2025-09-10 13:05:18.443128
bed_temp,60.5,2025-09-10 13:05:18.443128
current,0.57,2025-09-10 13:05:18.443128
power,229,2025-09-10 13:05:18.443128
voltage,121.11,2025-09-10 13:05:18.443128
filament_temp,229.5,2025-09-10 13:05:18.943367
bed_temp,60.3,2025-09-10 13:05:18.943367
current,0.57,2025-09-10 13:05:18.943367
power,229,2025-09-10 13:05:18.943367
voltage,121.11,2025-09-10 13:05:18.943367
filament_temp,229.5,2025-09-10 13:05:19.443586
bed_temp,60.3,2025-09-10 13:05:19.443586
current,0.57,2025-09-10 13:05:19.443586
power,229,2025-09-10 13:05:19.443586
voltage,121.11,2025-09-10 13:05:19.443586
filament_temp,229.5,2025-09-10 13:05:19.943836
bed_temp,60.3,2025-09-10 13:05:19.943836
current,1.94,2025-09-10 13:05:19.943836
power,229,2025-09-10 13:05:19.943836
voltage,121.11,2025-09-10 13:05:19.943836
filament_temp,229.5,2025-09-10 13:05:20.444079
bed_temp,60.3,2025-09-10 13:05:20.444079
current,1.94,2025-09-10 13:05:20.444079
power,229,2025-09-10 13:05:20.444079
voltage,121.11,2025-09-10 13:05:20.444079
filament_temp,230.3,2025-09-10 13:05:20.944239
bed_temp,60.2,2025-09-10 13:05:20.944239
current,1.94,2025-09-10 13:05:20.944239
power,229,2025-09-10 13:05:20.944239
voltage,121.11,2025-09-10 13:05:20.944239
filament_temp,230.3,2025-09-10 13:05:21.444503
bed_temp,60.2,2025-09-10 13:05:21.444503
current,1.94,2025-09-10 13:05:21.444503
power,229,2025-09-10 13:05:21.444503
voltage,121.11,2025-09-10 13:05:21.444503
filament_temp,230.3,2025-09-10 13:05:21.944737
bed_temp,60.2,2025-09-10 13:05:21.944737
current,1.94,2025-09-10 13:05:21.944737
power,229,2025-09-10 13:05:21.944737
voltage,121.11,2025-09-10 13:05:21.944737
filament_temp,230.3,2025-09-10 13:05:22.444949
bed_temp,60.2,2025-09-10 13:05:22.444949
current,1.94,2025-09-10 13:05:22.444949
power,219.9,2025-09-10 13:05:22.444949
voltage,121.11,2025-09-10 13:05:22.444949
filament_temp,229.7,2025-09-10 13:05:22.945171
bed_temp,59.7,2025-09-10 13:05:22.945171
current,1.94,2025-09-10 13:05:22.945171
power,219.9,2025-09-10 13:05:22.945171
voltage,121.11,2025-09-10 13:05:22.945171
filament_temp,229.7,2025-09-10 13:05:23.445367
bed_temp,59.7,2025-09-10 13:05:23.445367
current,1.94,2025-09-10 13:05:23.445367
power,230.8,2025-09-10 13:05:23.445367
voltage,121.11,2025-09-10 13:05:23.445367
filament_temp,229.7,2025-09-10 13:05:23.945609
bed_temp,59.7,2025-09-10 13:05:23.945609
current,1.94,2025-09-10 13:05:23.945609
power,230.8,2025-09-10 13:05:23.945609
voltage,121.11,2025-09-10 13:05:23.945609
filament_temp,229.7,2025-09-10 13:05:24.445837
bed_temp,59.7,2025-09-10 13:05:24.445837
current,1.94,2025-09-10 13:05:24.445837
power,230.8,2025-09-10 13:05:24.445837
voltage,121.11,2025-09-10 13:05:24.445837
filament_temp,230.3,2025-09-10 13:05:24.946075
bed_temp,59.9,2025-09-10 13:05:24.946075
current,1.94,2025-09-10 13:05:24.946075
power,230.8,2025-09-10 13:05:24.946075
voltage,121.11,2025-09-10 13:05:24.946075
filament_temp,230.3,2025-09-10 13:05:25.446300
bed_temp,59.9,2025-09-10 13:05:25.446300
current,1.94,2025-09-10 13:05:25.446300
power,230.8,2025-09-10 13:05:25.446300
voltage,121.11,2025-09-10 13:05:25.446300
filament_temp,230.3,2025-09-10 13:05:25.946551
bed_temp,59.9,2025-09-10 13:05:25.946551
current,1.94,2025-09-10 13:05:25.946551
power,230.8,2025-09-10 13:05:25.946551
voltage,121.11,2025-09-10 13:05:25.946551
filament_temp,230.3,2025-09-10 13:05:26.446777
bed_temp,59.9,2025-09-10 13:05:26.446777
current,1.94,2025-09-10 13:05:26.446777
power,230.8,2025-09-10 13:05:26.446777
voltage,121.11,2025-09-10 13:05:26.446777
filament_temp,230.0,2025-09-10 13:05:26.947005
bed_temp,59.9,2025-09-10 13:05:26.947005
current,1.94,2025-09-10 13:05:26.947005
power,230.8,2025-09-10 13:05:26.947005
voltage,121.11,2025-09-10 13:05:26.947005
filament_temp,230.0,2025-09-10 13:05:27.447215
bed_temp,59.9,2025-09-10 13:05:27.447215
current,1.94,2025-09-10 13:05:27.447215
power,230.8,2025-09-10 13:05:27.447215
voltage,121.11,2025-09-10 13:05:27.447215
filament_temp,230.0,2025-09-10 13:05:27.947416
bed_temp,59.9,2025-09-10 13:05:27.947416
current,1.94,2025-09-10 13:05:27.947416
power,230.8,2025-09-10 13:05:27.947416
voltage,121.11,2025-09-10 13:05:27.947416
filament_temp,230.0,2025-09-10 13:05:28.447643
bed_temp,59.9,2025-09-10 13:05:28.447643
current,1.94,2025-09-10 13:05:28.447643
power,230.8,2025-09-10 13:05:28.447643
voltage,121.11,2025-09-10 13:05:28.447643
filament_temp,229.7,2025-09-10 13:05:28.947852
bed_temp,59.3,2025-09-10 13:05:28.947852
current,1.94,2025-09-10 13:05:28.947852
power,230.8,2025-09-10 13:05:28.947852
voltage,121.11,2025-09-10 13:05:28.947852
filament_temp,229.7,2025-09-10 13:05:29.448097
bed_temp,59.3,2025-09-10 13:05:29.448097
current,1.94,2025-09-10 13:05:29.448097
power,230.8,2025-09-10 13:05:29.448097
voltage,121.11,2025-09-10 13:05:29.448097
filament_temp,229.7,2025-09-10 13:05:29.948313
bed_temp,59.3,2025-09-10 13:05:29.948313
current,1.94,2025-09-10 13:05:29.948313
power,230.8,2025-09-10 13:05:29.948313
voltage,121.11,2025-09-10 13:05:29.948313
filament_temp,229.7,2025-09-10 13:05:30.448545
bed_temp,59.3,2025-09-10 13:05:30.448545
current,1.94,2025-09-10 13:05:30.448545
power,230.8,2025-09-10 13:05:30.448545
voltage,121.11,2025-09-10 13:05:30.448545
filament_temp,230.2,2025-09-10 13:05:30.948775
bed_temp,59.9,2025-09-10 13:05:30.948775
current,1.94,2025-09-10 13:05:30.948775
power,230.8,2025-09-10 13:05:30.948775
voltage,121.11,2025-09-10 13:05:30.948775
filament_temp,230.2,2025-09-10 13:05:31.448945
bed_temp,59.9,2025-09-10 13:05:31.448945
current,1.94,2025-09-10 13:05:31.448945
power,230.8,2025-09-10 13:05:31.448945
voltage,121.11,2025-09-10 13:05:31.448945
filament_temp,230.2,2025-09-10 13:05:31.949185
bed_temp,59.9,2025-09-10 13:05:31.949185
current,1.94,2025-09-10 13:05:31.949185
power,230.8,2025-09-10 13:05:31.949185
voltage,121.11,2025-09-10 13:05:31.949185
filament_temp,230.2,2025-09-10 13:05:32.449399
bed_temp,59.9,2025-09-10 13:05:32.449399
current,1.94,2025-09-10 13:05:32.449399
power,230.8,2025-09-10 13:05:32.449399
voltage,121.11,2025-09-10 13:05:32.449399
filament_temp,230.2,2025-09-10 13:05:32.949632
bed_temp,60.0,2025-09-10 13:05:32.949632
current,1.94,2025-09-10 13:05:32.949632
power,230.8,2025-09-10 13:05:32.949632
voltage,121.11,2025-09-10 13:05:32.949632
filament_temp,230.2,2025-09-10 13:05:33.449878
bed_temp,60.0,2025-09-10 13:05:33.449878
current,1.94,2025-09-10 13:05:33.449878
power,230.8,2025-09-10 13:05:33.449878
voltage,121.11,2025-09-10 13:05:33.449878
filament_temp,230.2,2025-09-10 13:05:33.950088
bed_temp,60.0,2025-09-10 13:05:33.950088
current,1.94,2025-09-10 13:05:33.950088
power,230.8,2025-09-10 13:05:33.950088
voltage,121.11,2025-09-10 13:05:33.950088
filament_temp,230.2,2025-09-10 13:05:34.450289
bed_temp,60.0,2025-09-10 13:05:34.450289
current,1.94,2025-09-10 13:05:34.450289
power,230.8,2025-09-10 13:05:34.450289
voltage,121.11,2025-09-10 13:05:34.450289
filament_temp,230.5,2025-09-10 13:05:34.950534
bed_temp,59.1,2025-09-10 13:05:34.950534
current,1.94,2025-09-10 13:05:34.950534
power,230.8,2025-09-10 13:05:34.950534
voltage,121.11,2025-09-10 13:05:34.950534
filament_temp,230.5,2025-09-10 13:05:35.450760
bed_temp,59.1,2025-09-10 13:05:35.450760
current,1.94,2025-09-10 13:05:35.450760
power,230.8,2025-09-10 13:05:35.450760
voltage,121.11,2025-09-10 13:05:35.450760
filament_temp,230.5,2025-09-10 13:05:35.950964
bed_temp,59.1,2025-09-10 13:05:35.950964
current,1.94,2025-09-10 13:05:35.950964
power,230.8,2025-09-10 13:05:35.950964
voltage,121.11,2025-09-10 13:05:35.950964
filament_temp,230.5,2025-09-10 13:05:36.451190
bed_temp,59.1,2025-09-10 13:05:36.451190
current,1.94,2025-09-10 13:05:36.451190
power,230.8,2025-09-10 13:05:36.451190
voltage,121.11,2025-09-10 13:05:36.451190
filament_temp,230.8,2025-09-10 13:05:36.951339
bed_temp,59.9,2025-09-10 13:05:36.951339
current,1.94,2025-09-10 13:05:36.951339
power,230.8,2025-09-10 13:05:36.951339
voltage,121.11,2025-09-10 13:05:36.951339
filament_temp,230.8,2025-09-10 13:05:37.451568
bed_temp,59.9,2025-09-10 13:05:37.451568
current,1.94,2025-09-10 13:05:37.451568
power,230.8,2025-09-10 13:05:37.451568
voltage,121.11,2025-09-10 13:05:37.451568
filament_temp,230.8,2025-09-10 13:05:37.951814
bed_temp,59.9,2025-09-10 13:05:37.951814
current,1.94,2025-09-10 13:05:37.951814
power,230.8,2025-09-10 13:05:37.951814
voltage,121.11,2025-09-10 13:05:37.951814
filament_temp,230.8,2025-09-10 13:05:38.452047
bed_temp,59.9,2025-09-10 13:05:38.452047
current,1.94,2025-09-10 13:05:38.452047
power,218.6,2025-09-10 13:05:38.452047
voltage,121.11,2025-09-10 13:05:38.452047
filament_temp,230.8,2025-09-10 13:05:38.952281
bed_temp,59.9,2025-09-10 13:05:38.952281
current,1.94,2025-09-10 13:05:38.952281
power,218.6,2025-09-10 13:05:38.952281
voltage,121.11,2025-09-10 13:05:38.952281
filament_temp,230.8,2025-09-10 13:05:39.452510
bed_temp,59.9,2025-09-10 13:05:39.452510
current,1.94,2025-09-10 13:05:39.452510
power,218.6,2025-09-10 13:05:39.452510
voltage,121.11,2025-09-10 13:05:39.452510
filament_temp,230.8,2025-09-10 13:05:39.952731
bed_temp,59.9,2025-09-10 13:05:39.952731
current,1.94,2025-09-10 13:05:39.952731
power,218.6,2025-09-10 13:05:39.952731
voltage,121.11,2025-09-10 13:05:39.952731
filament_temp,230.8,2025-09-10 13:05:40.452920
bed_temp,59.9,2025-09-10 13:05:40.452920
current,1.94,2025-09-10 13:05:40.452920
power,218.6,2025-09-10 13:05:40.452920
voltage,121.11,2025-09-10 13:05:40.452920
filament_temp,229.7,2025-09-10 13:05:40.953158
bed_temp,60.2,2025-09-10 13:05:40.953158
current,1.94,2025-09-10 13:05:40.953158
power,218.6,2025-09-10 13:05:40.953158
voltage,121.11,2025-09-10 13:05:40.953158
filament_temp,229.7,2025-09-10 13:05:41.453366
bed_temp,60.2,2025-09-10 13:05:41.453366
current,1.94,2025-09-10 13:05:41.453366
power,218.6,2025-09-10 13:05:41.453366
voltage,121.11,2025-09-10 13:05:41.453366
filament_temp,229.7,2025-09-10 13:05:41.953596
bed_temp,60.2,2025-09-10 13:05:41.953596
current,1.94,2025-09-10 13:05:41.953596
power,218.6,2025-09-10 13:05:41.953596
voltage,121.11,2025-09-10 13:05:41.953596
filament_temp,229.7,2025-09-10 13:05:42.453803
bed_temp,60.2,2025-09-10 13:05:42.453803
current,1.94,2025-09-10 13:05:42.453803
power,218.6,2025-09-10 13:05:42.453803
voltage,121.11,2025-09-10 13:05:42.453803
filament_temp,230.3,2025-09-10 13:05:42.954033
bed_temp,60.0,2025-09-10 13:05:42.954033
current,1.94,2025-09-10 13:05:42.954033
power,218.6,2025-09-10 13:05:42.954033
voltage,121.11,2025-09-10 13:05:42.954033
filament_temp,230.3,2025-09-10 13:05:43.454258
bed_temp,60.0,2025-09-10 13:05:43.454258
current,1.94,2025-09-10 13:05:43.454258
power,218.6,2025-09-10 13:05:43.454258
voltage,121.11,2025-09-10 13:05:43.454258
filament_temp,230.3,2025-09-10 13:05:43.954477
bed_temp,60.0,2025-09-10 13:05:43.954477
current,1.94,2025-09-10 13:05:43.954477
power,218.6,2025-09-10 13:05:43.954477
voltage,121.11,2025-09-10 13:05:43.954477
filament_temp,230.3,2025-09-10 13:05:44.454664
bed_temp,60.0,2025-09-10 13:05:44.454664
current,1.94,2025-09-10 13:05:44.454664
power,218.6,2025-09-10 13:05:44.454664
voltage,121.11,2025-09-10 13:05:44.454664
filament_temp,230.0,2025-09-10 13:05:44.954851
bed_temp,59.4,2025-09-10 13:05:44.954851
current,1.94,2025-09-10 13:05:44.954851
power,218.6,2025-09-10 13:05:44.954851
voltage,121.11,2025-09-10 13:05:44.954851
filament_temp,230.0,2025-09-10 13:05:45.455065
bed_temp,59.4,2025-09-10 13:05:45.455065
current,1.94,2025-09-10 13:05:45.455065
power,218.6,2025-09-10 13:05:45.455065
voltage,121.11,2025-09-10 13:05:45.455065
filament_temp,230.0,2025-09-10 13:05:45.955290
bed_temp,59.4,2025-09-10 13:05:45.955290
current,1.94,2025-09-10 13:05:45.955290
power,229.8,2025-09-10 13:05:45.955290
voltage,121.11,2025-09-10 13:05:45.955290
filament_temp,230.0,2025-09-10 13:05:46.455528
bed_temp,59.4,2025-09-10 13:05:46.455528
current,1.94,2025-09-10 13:05:46.455528
power,229.8,2025-09-10 13:05:46.455528
voltage,121.11,2025-09-10 13:05:46.455528
filament_temp,229.7,2025-09-10 13:05:46.955764
bed_temp,59.9,2025-09-10 13:05:46.955764
current,1.94,2025-09-10 13:05:46.955764
power,229.8,2025-09-10 13:05:46.955764
voltage,121.11,2025-09-10 13:05:46.955764
filament_temp,229.7,2025-09-10 13:05:47.455991
bed_temp,59.9,2025-09-10 13:05:47.455991
current,1.94,2025-09-10 13:05:47.455991
power,229.8,2025-09-10 13:05:47.455991
voltage,121.11,2025-09-10 13:05:47.455991
filament_temp,229.7,2025-09-10 13:05:47.956217
bed_temp,59.9,2025-09-10 13:05:47.956217
current,1.94,2025-09-10 13:05:47.956217
power,229.8,2025-09-10 13:05:47.956217
voltage,121.11,2025-09-10 13:05:47.956217
filament_temp,229.7,2025-09-10 13:05:48.456449
bed_temp,59.9,2025-09-10 13:05:48.456449
current,1.94,2025-09-10 13:05:48.456449
power,229.8,2025-09-10 13:05:48.456449
voltage,121.11,2025-09-10 13:05:48.456449
filament_temp,230.2,2025-09-10 13:05:48.956666
bed_temp,59.1,2025-09-10 13:05:48.956666
current,1.94,2025-09-10 13:05:48.956666
power,229.8,2025-09-10 13:05:48.956666
voltage,121.11,2025-09-10 13:05:48.956666
filament_temp,230.2,2025-09-10 13:05:49.456848
bed_temp,59.1,2025-09-10 13:05:49.456848
current,1.94,2025-09-10 13:05:49.456848
power,229.8,2025-09-10 13:05:49.456848
voltage,121.11,2025-09-10 13:05:49.456848
filament_temp,230.2,2025-09-10 13:05:49.957056
bed_temp,59.1,2025-09-10 13:05:49.957056
current,1.94,2025-09-10 13:05:49.957056
power,229.8,2025-09-10 13:05:49.957056
voltage,121.11,2025-09-10 13:05:49.957056
filament_temp,230.2,2025-09-10 13:05:50.457276
bed_temp,59.1,2025-09-10 13:05:50.457276
current,1.94,2025-09-10 13:05:50.457276
power,229.8,2025-09-10 13:05:50.457276
voltage,121.11,2025-09-10 13:05:50.457276
filament_temp,230.0,2025-09-10 13:05:50.957510
bed_temp,60.3,2025-09-10 13:05:50.957510
current,1.94,2025-09-10 13:05:50.957510
power,229.8,2025-09-10 13:05:50.957510
voltage,121.11,2025-09-10 13:05:50.957510
filament_temp,230.0,2025-09-10 13:05:51.457744
bed_temp,60.3,2025-09-10 13:05:51.457744
current,1.94,2025-09-10 13:05:51.457744
power,229.8,2025-09-10 13:05:51.457744
voltage,121.11,2025-09-10 13:05:51.457744
filament_temp,230.0,2025-09-10 13:05:51.957962
bed_temp,60.3,2025-09-10 13:05:51.957962
current,1.94,2025-09-10 13:05:51.957962
power,229.8,2025-09-10 13:05:51.957962
voltage,121.11,2025-09-10 13:05:51.957962
filament_temp,230.0,2025-09-10 13:05:52.458203
bed_temp,60.3,2025-09-10 13:05:52.458203
current,1.94,2025-09-10 13:05:52.458203
power,229.8,2025-09-10 13:05:52.458203
voltage,121.11,2025-09-10 13:05:52.458203
filament_temp,229.3,2025-09-10 13:05:52.958438
bed_temp,60.6,2025-09-10 13:05:52.958438
current,1.94,2025-09-10 13:05:52.958438
power,229.8,2025-09-10 13:05:52.958438
voltage,121.11,2025-09-10 13:05:52.958438
filament_temp,229.3,2025-09-10 13:05:53.458623
bed_temp,60.6,2025-09-10 13:05:53.458623
current,1.94,2025-09-10 13:05:53.458623
power,229.8,2025-09-10 13:05:53.458623
voltage,121.11,2025-09-10 13:05:53.458623
filament_temp,229.3,2025-09-10 13:05:53.958859
bed_temp,60.6,2025-09-10 13:05:53.958859
current,1.94,2025-09-10 13:05:53.958859
power,229.8,2025-09-10 13:05:53.958859
voltage,121.11,2025-09-10 13:05:53.958859
filament_temp,229.3,2025-09-10 13:05:54.459086
bed_temp,60.6,2025-09-10 13:05:54.459086
current,1.94,2025-09-10 13:05:54.459086
power,229.8,2025-09-10 13:05:54.459086
voltage,121.11,2025-09-10 13:05:54.459086
filament_temp,229.5,2025-09-10 13:05:54.959315
bed_temp,59.1,2025-09-10 13:05:54.959315
current,1.94,2025-09-10 13:05:54.959315
power,229.8,2025-09-10 13:05:54.959315
voltage,121.11,2025-09-10 13:05:54.959315
filament_temp,229.5,2025-09-10 13:05:55.459548
bed_temp,59.1,2025-09-10 13:05:55.459548
current,1.94,2025-09-10 13:05:55.459548
power,229.8,2025-09-10 13:05:55.459548
voltage,121.11,2025-09-10 13:05:55.459548
filament_temp,229.5,2025-09-10 13:05:55.959772
bed_temp,59.1,2025-09-10 13:05:55.959772
current,1.94,2025-09-10 13:05:55.959772
power,229.8,2025-09-10 13:05:55.959772
voltage,121.11,2025-09-10 13:05:55.959772
filament_temp,229.5,2025-09-10 13:05:56.460017
bed_temp,59.1,2025-09-10 13:05:56.460017
current,1.94,2025-09-10 13:05:56.460017
power,229.8,2025-09-10 13:05:56.460017
voltage,121.11,2025-09-10 13:05:56.460017
filament_temp,230.5,2025-09-10 13:05:56.960243
bed_temp,59.9,2025-09-10 13:05:56.960243
current,1.84,2025-09-10 13:05:56.960243
power,229.8,2025-09-10 13:05:56.960243
voltage,121.11,2025-09-10 13:05:56.960243
filament_temp,230.5,2025-09-10 13:05:57.460468
bed_temp,59.9,2025-09-10 13:05:57.460468
current,1.84,2025-09-10 13:05:57.460468
power,229.8,2025-09-10 13:05:57.460468
voltage,121.11,2025-09-10 13:05:57.460468
filament_temp,230.5,2025-09-10 13:05:57.960639
bed_temp,59.9,2025-09-10 13:05:57.960639
current,1.84,2025-09-10 13:05:57.960639
power,229.8,2025-09-10 13:05:57.960639
voltage,121.11,2025-09-10 13:05:57.960639
filament_temp,230.5,2025-09-10 13:05:58.460853
bed_temp,59.9,2025-09-10 13:05:58.460853
current,1.84,2025-09-10 13:05:58.460853
power,229.8,2025-09-10 13:05:58.460853
voltage,121.11,2025-09-10 13:05:58.460853
filament_temp,231.0,2025-09-10 13:05:58.961082
bed_temp,60.3,2025-09-10 13:05:58.961082
current,1.84,2025-09-10 13:05:58.961082
power,217.4,2025-09-10 13:05:58.961082
voltage,121.11,2025-09-10 13:05:58.961082
filament_temp,231.0,2025-09-10 13:05:59.461309
bed_temp,60.3,2025-09-10 13:05:59.461309
current,1.84,2025-09-10 13:05:59.461309
power,226.7,2025-09-10 13:05:59.461309
voltage,121.11,2025-09-10 13:05:59.461309
filament_temp,231.0,2025-09-10 13:05:59.961539
bed_temp,60.3,2025-09-10 13:05:59.961539
current,1.84,2025-09-10 13:05:59.961539
power,226.7,2025-09-10 13:05:59.961539
voltage,121.11,2025-09-10 13:05:59.961539
filament_temp,231.0,2025-09-10 13:06:00.461772
bed_temp,60.3,2025-09-10 13:06:00.461772
current,1.84,2025-09-10 13:06:00.461772
power,226.7,2025-09-10 13:06:00.461772
voltage,121.11,2025-09-10 13:06:00.461772
filament_temp,230.2,2025-09-10 13:06:00.962002
bed_temp,60.5,2025-09-10 13:06:00.962002
current,1.84,2025-09-10 13:06:00.962002
power,226.7,2025-09-10 13:06:00.962002
voltage,121.11,2025-09-10 13:06:00.962002
filament_temp,230.2,2025-09-10 13:06:01.462212
bed_temp,60.5,2025-09-10 13:06:01.462212
current,1.84,2025-09-10 13:06:01.462212
power,226.7,2025-09-10 13:06:01.462212
voltage,121.11,2025-09-10 13:06:01.462212
filament_temp,230.2,2025-09-10 13:06:01.962411
bed_temp,60.5,2025-09-10 13:06:01.962411
current,1.84,2025-09-10 13:06:01.962411
power,216.8,2025-09-10 13:06:01.962411
voltage,121.11,2025-09-10 13:06:01.962411
filament_temp,230.2,2025-09-10 13:06:02.462622
bed_temp,60.5,2025-09-10 13:06:02.462622
current,1.84,2025-09-10 13:06:02.462622
power,216.8,2025-09-10 13:06:02.462622
voltage,121.11,2025-09-10 13:06:02.462622
filament_temp,229.8,2025-09-10 13:06:02.962840
bed_temp,60.6,2025-09-10 13:06:02.962840
current,1.94,2025-09-10 13:06:02.962840
power,216.8,2025-09-10 13:06:02.962840
voltage,121.11,2025-09-10 13:06:02.962840
filament_temp,229.8,2025-09-10 13:06:03.463067
bed_temp,60.6,2025-09-10 13:06:03.463067
current,1.94,2025-09-10 13:06:03.463067
power,229.9,2025-09-10 13:06:03.463067
voltage,121.11,2025-09-10 13:06:03.463067
filament_temp,229.8,2025-09-10 13:06:03.963289
bed_temp,60.6,2025-09-10 13:06:03.963289
current,1.94,2025-09-10 13:06:03.963289
power,229.9,2025-09-10 13:06:03.963289
voltage,121.11,2025-09-10 13:06:03.963289
filament_temp,229.8,2025-09-10 13:06:04.463520
bed_temp,60.6,2025-09-10 13:06:04.463520
current,1.94,2025-09-10 13:06:04.463520
power,229.9,2025-09-10 13:06:04.463520
voltage,121.11,2025-09-10 13:06:04.463520
filament_temp,229.3,2025-09-10 13:06:04.963748
bed_temp,59.7,2025-09-10 13:06:04.963748
current,1.94,2025-09-10 13:06:04.963748
power,229.9,2025-09-10 13:06:04.963748
voltage,121.11,2025-09-10 13:06:04.963748
filament_temp,229.3,2025-09-10 13:06:05.463963
bed_temp,59.7,2025-09-10 13:06:05.463963
current,1.94,2025-09-10 13:06:05.463963
power,229.9,2025-09-10 13:06:05.463963
voltage,121.11,2025-09-10 13:06:05.463963
filament_temp,229.3,2025-09-10 13:06:05.964170
bed_temp,59.7,2025-09-10 13:06:05.964170
current,1.94,2025-09-10 13:06:05.964170
power,229.9,2025-09-10 13:06:05.964170
voltage,121.11,2025-09-10 13:06:05.964170
filament_temp,229.3,2025-09-10 13:06:06.464379
bed_temp,59.7,2025-09-10 13:06:06.464379
current,1.94,2025-09-10 13:06:06.464379
power,229.9,2025-09-10 13:06:06.464379
voltage,121.11,2025-09-10 13:06:06.464379
filament_temp,229.5,2025-09-10 13:06:06.964607
bed_temp,59.6,2025-09-10 13:06:06.964607
current,1.94,2025-09-10 13:06:06.964607
power,229.9,2025-09-10 13:06:06.964607
voltage,121.11,2025-09-10 13:06:06.964607
filament_temp,229.5,2025-09-10 13:06:07.464832
bed_temp,59.6,2025-09-10 13:06:07.464832
current,1.94,2025-09-10 13:06:07.464832
power,229.9,2025-09-10 13:06:07.464832
voltage,121.11,2025-09-10 13:06:07.464832
filament_temp,229.5,2025-09-10 13:06:07.965035
bed_temp,59.6,2025-09-10 13:06:07.965035
current,0.58,2025-09-10 13:06:07.965035
power,229.9,2025-09-10 13:06:07.965035
voltage,121.11,2025-09-10 13:06:07.965035
filament_temp,229.5,2025-09-10 13:06:08.465260
bed_temp,59.6,2025-09-10 13:06:08.465260
current,0.58,2025-09-10 13:06:08.465260
power,52.3,2025-09-10 13:06:08.465260
voltage,121.11,2025-09-10 13:06:08.465260
filament_temp,229.8,2025-09-10 13:06:08.965473
bed_temp,59.4,2025-09-10 13:06:08.965473
current,0.58,2025-09-10 13:06:08.965473
power,52.3,2025-09-10 13:06:08.965473
voltage,121.11,2025-09-10 13:06:08.965473
filament_temp,229.8,2025-09-10 13:06:09.465653
bed_temp,59.4,2025-09-10 13:06:09.465653
current,0.58,2025-09-10 13:06:09.465653
power,52.3,2025-09-10 13:06:09.465653
voltage,121.11,2025-09-10 13:06:09.465653
filament_temp,229.8,2025-09-10 13:06:09.965860
bed_temp,59.4,2025-09-10 13:06:09.965860
current,0.58,2025-09-10 13:06:09.965860
power,52.3,2025-09-10 13:06:09.965860
voltage,121.11,2025-09-10 13:06:09.965860
filament_temp,229.8,2025-09-10 13:06:10.466048
bed_temp,59.4,2025-09-10 13:06:10.466048
current,0.58,2025-09-10 13:06:10.466048
power,52.3,2025-09-10 13:06:10.466048
voltage,121.11,2025-09-10 13:06:10.466048
filament_temp,228.8,2025-09-10 13:06:10.966280
bed_temp,59.3,2025-09-10 13:06:10.966280
current,0.58,2025-09-10 13:06:10.966280
power,61.2,2025-09-10 13:06:10.966280
voltage,121.11,2025-09-10 13:06:10.966280
filament_temp,228.8,2025-09-10 13:06:11.466474
bed_temp,59.3,2025-09-10 13:06:11.466474
current,0.58,2025-09-10 13:06:11.466474
power,61.2,2025-09-10 13:06:11.466474
voltage,121.11,2025-09-10 13:06:11.466474
filament_temp,228.8,2025-09-10 13:06:11.966709
bed_temp,59.3,2025-09-10 13:06:11.966709
current,0.58,2025-09-10 13:06:11.966709
power,61.2,2025-09-10 13:06:11.966709
voltage,121.11,2025-09-10 13:06:11.966709
filament_temp,228.8,2025-09-10 13:06:12.466935
bed_temp,59.3,2025-09-10 13:06:12.466935
current,0.58,2025-09-10 13:06:12.466935
power,61.2,2025-09-10 13:06:12.466935
voltage,121.11,2025-09-10 13:06:12.466935
filament_temp,229.8,2025-09-10 13:06:12.967178
bed_temp,59.9,2025-09-10 13:06:12.967178
current,0.58,2025-09-10 13:06:12.967178
power,61.2,2025-09-10 13:06:12.967178
voltage,121.11,2025-09-10 13:06:12.967178
filament_temp,229.8,2025-09-10 13:06:13.467410
bed_temp,59.9,2025-09-10 13:06:13.467410
current,0.58,2025-09-10 13:06:13.467410
power,61.2,2025-09-10 13:06:13.467410
voltage,121.11,2025-09-10 13:06:13.467410
filament_temp,229.8,2025-09-10 13:06:13.967625
bed_temp,59.9,2025-09-10 13:06:13.967625
current,0.58,2025-09-10 13:06:13.967625
power,61.2,2025-09-10 13:06:13.967625
voltage,121.11,2025-09-10 13:06:13.967625
filament_temp,229.8,2025-09-10 13:06:14.467850
bed_temp,59.9,2025-09-10 13:06:14.467850
current,1.96,2025-09-10 13:06:14.467850
power,61.2,2025-09-10 13:06:14.467850
voltage,121.11,2025-09-10 13:06:14.467850
filament_temp,230.0,2025-09-10 13:06:14.968067
bed_temp,59.7,2025-09-10 13:06:14.968067
current,1.96,2025-09-10 13:06:14.968067
power,230.6,2025-09-10 13:06:14.968067
voltage,121.11,2025-09-10 13:06:14.968067
filament_temp,230.0,2025-09-10 13:06:15.468290
bed_temp,59.7,2025-09-10 13:06:15.468290
current,1.96,2025-09-10 13:06:15.468290
power,230.6,2025-09-10 13:06:15.468290
voltage,121.11,2025-09-10 13:06:15.468290
filament_temp,230.0,2025-09-10 13:06:15.968468
bed_temp,59.7,2025-09-10 13:06:15.968468
current,1.96,2025-09-10 13:06:15.968468
power,230.6,2025-09-10 13:06:15.968468
voltage,121.11,2025-09-10 13:06:15.968468
filament_temp,230.0,2025-09-10 13:06:16.468695
bed_temp,59.7,2025-09-10 13:06:16.468695
current,1.96,2025-09-10 13:06:16.468695
power,230.6,2025-09-10 13:06:16.468695
voltage,121.11,2025-09-10 13:06:16.468695
filament_temp,230.3,2025-09-10 13:06:16.968937
bed_temp,60.5,2025-09-10 13:06:16.968937
current,1.96,2025-09-10 13:06:16.968937
power,230.6,2025-09-10 13:06:16.968937
voltage,121.11,2025-09-10 13:06:16.968937
filament_temp,230.3,2025-09-10 13:06:17.469114
bed_temp,60.5,2025-09-10 13:06:17.469114
current,1.96,2025-09-10 13:06:17.469114
power,230.6,2025-09-10 13:06:17.469114
voltage,121.11,2025-09-10 13:06:17.469114
filament_temp,230.3,2025-09-10 13:06:17.969341
bed_temp,60.5,2025-09-10 13:06:17.969341
current,1.96,2025-09-10 13:06:17.969341
power,218.8,2025-09-10 13:06:17.969341
voltage,121.11,2025-09-10 13:06:17.969341
filament_temp,230.3,2025-09-10 13:06:18.469566
bed_temp,60.5,2025-09-10 13:06:18.469566
current,1.96,2025-09-10 13:06:18.469566
power,218.8,2025-09-10 13:06:18.469566
voltage,121.11,2025-09-10 13:06:18.469566
filament_temp,230.8,2025-09-10 13:06:18.969780
bed_temp,59.9,2025-09-10 13:06:18.969780
current,1.96,2025-09-10 13:06:18.969780
power,226.8,2025-09-10 13:06:18.969780
voltage,121.11,2025-09-10 13:06:18.969780
filament_temp,230.8,2025-09-10 13:06:19.469968
bed_temp,59.9,2025-09-10 13:06:19.469968
current,1.96,2025-09-10 13:06:19.469968
power,226.8,2025-09-10 13:06:19.469968
voltage,121.11,2025-09-10 13:06:19.469968
filament_temp,230.8,2025-09-10 13:06:19.970159
bed_temp,59.9,2025-09-10 13:06:19.970159
current,1.96,2025-09-10 13:06:19.970159
power,226.8,2025-09-10 13:06:19.970159
voltage,121.11,2025-09-10 13:06:19.970159
filament_temp,230.8,2025-09-10 13:06:20.470387
bed_temp,59.9,2025-09-10 13:06:20.470387
current,1.96,2025-09-10 13:06:20.470387
power,226.8,2025-09-10 13:06:20.470387
voltage,121.11,2025-09-10 13:06:20.470387
filament_temp,230.3,2025-09-10 13:06:20.970625
bed_temp,60.3,2025-09-10 13:06:20.970625
current,1.96,2025-09-10 13:06:20.970625
power,226.8,2025-09-10 13:06:20.970625
voltage,121.11,2025-09-10 13:06:20.970625
filament_temp,230.3,2025-09-10 13:06:21.470835
bed_temp,60.3,2025-09-10 13:06:21.470835
current,1.96,2025-09-10 13:06:21.470835
power,226.8,2025-09-10 13:06:21.470835
voltage,121.11,2025-09-10 13:06:21.470835
filament_temp,230.3,2025-09-10 13:06:21.971060
bed_temp,60.3,2025-09-10 13:06:21.971060
current,1.96,2025-09-10 13:06:21.971060
power,226.8,2025-09-10 13:06:21.971060
voltage,121.11,2025-09-10 13:06:21.971060
filament_temp,230.3,2025-09-10 13:06:22.471288
bed_temp,60.3,2025-09-10 13:06:22.471288
current,1.96,2025-09-10 13:06:22.471288
power,226.8,2025-09-10 13:06:22.471288
voltage,121.11,2025-09-10 13:06:22.471288
filament_temp,230.2,2025-09-10 13:06:22.971518
bed_temp,60.3,2025-09-10 13:06:22.971518
current,1.96,2025-09-10 13:06:22.971518
power,226.8,2025-09-10 13:06:22.971518
voltage,121.11,2025-09-10 13:06:22.971518
filament_temp,230.2,2025-09-10 13:06:23.471743
bed_temp,60.3,2025-09-10 13:06:23.471743
current,1.96,2025-09-10 13:06:23.471743
power,226.8,2025-09-10 13:06:23.471743
voltage,121.11,2025-09-10 13:06:23.471743
filament_temp,230.2,2025-09-10 13:06:23.971971
bed_temp,60.3,2025-09-10 13:06:23.971971
current,1.96,2025-09-10 13:06:23.971971
power,226.8,2025-09-10 13:06:23.971971
voltage,121.11,2025-09-10 13:06:23.971971
filament_temp,230.2,2025-09-10 13:06:24.472198
bed_temp,60.3,2025-09-10 13:06:24.472198
current,1.96,2025-09-10 13:06:24.472198
power,226.8,2025-09-10 13:06:24.472198
voltage,121.11,2025-09-10 13:06:24.472198
filament_temp,230.5,2025-09-10 13:06:24.972432
bed_temp,59.3,2025-09-10 13:06:24.972432
current,1.96,2025-09-10 13:06:24.972432
power,226.8,2025-09-10 13:06:24.972432
voltage,121.11,2025-09-10 13:06:24.972432
filament_temp,230.5,2025-09-10 13:06:25.472659
bed_temp,59.3,2025-09-10 13:06:25.472659
current,1.96,2025-09-10 13:06:25.472659
power,226.8,2025-09-10 13:06:25.472659
voltage,121.11,2025-09-10 13:06:25.472659
filament_temp,230.5,2025-09-10 13:06:25.972916
bed_temp,59.3,2025-09-10 13:06:25.972916
current,1.96,2025-09-10 13:06:25.972916
power,226.8,2025-09-10 13:06:25.972916
voltage,121.11,2025-09-10 13:06:25.972916
filament_temp,230.5,2025-09-10 13:06:26.473140
bed_temp,59.3,2025-09-10 13:06:26.473140
current,1.96,2025-09-10 13:06:26.473140
power,226.8,2025-09-10 13:06:26.473140
voltage,121.11,2025-09-10 13:06:26.473140
filament_temp,230.3,2025-09-10 13:06:26.973337
bed_temp,59.6,2025-09-10 13:06:26.973337
current,1.96,2025-09-10 13:06:26.973337
power,226.8,2025-09-10 13:06:26.973337
voltage,121.11,2025-09-10 13:06:26.973337
filament_temp,230.3,2025-09-10 13:06:27.473548
bed_temp,59.6,2025-09-10 13:06:27.473548
current,1.96,2025-09-10 13:06:27.473548
power,226.8,2025-09-10 13:06:27.473548
voltage,121.11,2025-09-10 13:06:27.473548
filament_temp,230.3,2025-09-10 13:06:27.973731
bed_temp,59.6,2025-09-10 13:06:27.973731
current,1.96,2025-09-10 13:06:27.973731
power,60.9,2025-09-10 13:06:27.973731
voltage,121.11,2025-09-10 13:06:27.973731
filament_temp,230.3,2025-09-10 13:06:28.473952
bed_temp,59.6,2025-09-10 13:06:28.473952
current,1.96,2025-09-10 13:06:28.473952
power,60.9,2025-09-10 13:06:28.473952
voltage,121.11,2025-09-10 13:06:28.473952
filament_temp,230.0,2025-09-10 13:06:28.974159
bed_temp,60.0,2025-09-10 13:06:28.974159
current,1.96,2025-09-10 13:06:28.974159
power,60.9,2025-09-10 13:06:28.974159
voltage,121.11,2025-09-10 13:06:28.974159
filament_temp,230.0,2025-09-10 13:06:29.474369
bed_temp,60.0,2025-09-10 13:06:29.474369
current,1.96,2025-09-10 13:06:29.474369
power,60.9,2025-09-10 13:06:29.474369
voltage,121.11,2025-09-10 13:06:29.474369
filament_temp,230.0,2025-09-10 13:06:29.974585
bed_temp,60.0,2025-09-10 13:06:29.974585
current,1.96,2025-09-10 13:06:29.974585
power,60.9,2025-09-10 13:06:29.974585
voltage,121.11,2025-09-10 13:06:29.974585
filament_temp,230.0,2025-09-10 13:06:30.474823
bed_temp,60.0,2025-09-10 13:06:30.474823
current,1.96,2025-09-10 13:06:30.474823
power,231.3,2025-09-10 13:06:30.474823
voltage,121.11,2025-09-10 13:06:30.474823
filament_temp,230.5,2025-09-10 13:06:30.975057
bed_temp,60.0,2025-09-10 13:06:30.975057
current,1.96,2025-09-10 13:06:30.975057
power,231.3,2025-09-10 13:06:30.975057
voltage,121.11,2025-09-10 13:06:30.975057
filament_temp,230.5,2025-09-10 13:06:31.475291
bed_temp,60.0,2025-09-10 13:06:31.475291
current,1.96,2025-09-10 13:06:31.475291
power,231.3,2025-09-10 13:06:31.475291
voltage,121.11,2025-09-10 13:06:31.475291
filament_temp,230.5,2025-09-10 13:06:31.975496
bed_temp,60.0,2025-09-10 13:06:31.975496
current,1.96,2025-09-10 13:06:31.975496
power,231.3,2025-09-10 13:06:31.975496
voltage,121.11,2025-09-10 13:06:31.975496
filament_temp,230.5,2025-09-10 13:06:32.475730
bed_temp,60.0,2025-09-10 13:06:32.475730
current,1.96,2025-09-10 13:06:32.475730
power,231.3,2025-09-10 13:06:32.475730
voltage,121.11,2025-09-10 13:06:32.475730
filament_temp,229.5,2025-09-10 13:06:32.975944
bed_temp,59.6,2025-09-10 13:06:32.975944
current,1.96,2025-09-10 13:06:32.975944
power,231.3,2025-09-10 13:06:32.975944
voltage,121.11,2025-09-10 13:06:32.975944
filament_temp,229.5,2025-09-10 13:06:33.476169
bed_temp,59.6,2025-09-10 13:06:33.476169
current,1.96,2025-09-10 13:06:33.476169
power,231.3,2025-09-10 13:06:33.476169
voltage,121.11,2025-09-10 13:06:33.476169
filament_temp,229.5,2025-09-10 13:06:33.976408
bed_temp,59.6,2025-09-10 13:06:33.976408
current,1.96,2025-09-10 13:06:33.976408
power,231.3,2025-09-10 13:06:33.976408
voltage,121.11,2025-09-10 13:06:33.976408
filament_temp,229.5,2025-09-10 13:06:34.476636
bed_temp,59.6,2025-09-10 13:06:34.476636
current,1.96,2025-09-10 13:06:34.476636
power,231.3,2025-09-10 13:06:34.476636
voltage,121.11,2025-09-10 13:06:34.476636
filament_temp,229.5,2025-09-10 13:06:34.976880
bed_temp,59.7,2025-09-10 13:06:34.976880
current,1.96,2025-09-10 13:06:34.976880
power,231.3,2025-09-10 13:06:34.976880
voltage,121.11,2025-09-10 13:06:34.976880
filament_temp,229.5,2025-09-10 13:06:35.477089
bed_temp,59.7,2025-09-10 13:06:35.477089
current,1.96,2025-09-10 13:06:35.477089
power,231.3,2025-09-10 13:06:35.477089
voltage,121.11,2025-09-10 13:06:35.477089
filament_temp,229.5,2025-09-10 13:06:35.977330
bed_temp,59.7,2025-09-10 13:06:35.977330
current,1.96,2025-09-10 13:06:35.977330
power,231.3,2025-09-10 13:06:35.977330
voltage,121.11,2025-09-10 13:06:35.977330
filament_temp,229.5,2025-09-10 13:06:36.477532
bed_temp,59.7,2025-09-10 13:06:36.477532
current,1.96,2025-09-10 13:06:36.477532
power,231.3,2025-09-10 13:06:36.477532
voltage,121.11,2025-09-10 13:06:36.477532
filament_temp,229.5,2025-09-10 13:06:36.977773
bed_temp,59.6,2025-09-10 13:06:36.977773
current,1.96,2025-09-10 13:06:36.977773
power,231.3,2025-09-10 13:06:36.977773
voltage,121.11,2025-09-10 13:06:36.977773
filament_temp,229.5,2025-09-10 13:06:37.478015
bed_temp,59.6,2025-09-10 13:06:37.478015
current,0.54,2025-09-10 13:06:37.478015
power,231.3,2025-09-10 13:06:37.478015
voltage,121.11,2025-09-10 13:06:37.478015
filament_temp,229.5,2025-09-10 13:06:37.978241
bed_temp,59.6,2025-09-10 13:06:37.978241
current,0.54,2025-09-10 13:06:37.978241
power,231.3,2025-09-10 13:06:37.978241
voltage,121.11,2025-09-10 13:06:37.978241
filament_temp,229.5,2025-09-10 13:06:38.478472
bed_temp,59.6,2025-09-10 13:06:38.478472
current,0.54,2025-09-10 13:06:38.478472
power,231.3,2025-09-10 13:06:38.478472
voltage,121.11,2025-09-10 13:06:38.478472
filament_temp,229.8,2025-09-10 13:06:38.978700
bed_temp,60.0,2025-09-10 13:06:38.978700
current,1.84,2025-09-10 13:06:38.978700
power,231.3,2025-09-10 13:06:38.978700
voltage,121.11,2025-09-10 13:06:38.978700
filament_temp,229.8,2025-09-10 13:06:39.478912
bed_temp,60.0,2025-09-10 13:06:39.478912
current,1.84,2025-09-10 13:06:39.478912
power,231.3,2025-09-10 13:06:39.478912
voltage,121.11,2025-09-10 13:06:39.478912
filament_temp,229.8,2025-09-10 13:06:39.979122
bed_temp,60.0,2025-09-10 13:06:39.979122
current,1.84,2025-09-10 13:06:39.979122
power,226.3,2025-09-10 13:06:39.979122
voltage,121.11,2025-09-10 13:06:39.979122
filament_temp,229.8,2025-09-10 13:06:40.479329
bed_temp,60.0,2025-09-10 13:06:40.479329
current,1.84,2025-09-10 13:06:40.479329
power,226.3,2025-09-10 13:06:40.479329
voltage,121.11,2025-09-10 13:06:40.479329
filament_temp,230.5,2025-09-10 13:06:40.979571
bed_temp,60.8,2025-09-10 13:06:40.979571
current,1.84,2025-09-10 13:06:40.979571
power,226.3,2025-09-10 13:06:40.979571
voltage,121.11,2025-09-10 13:06:40.979571
filament_temp,230.5,2025-09-10 13:06:41.479760
bed_temp,60.8,2025-09-10 13:06:41.479760
current,1.84,2025-09-10 13:06:41.479760
power,226.3,2025-09-10 13:06:41.479760
voltage,121.11,2025-09-10 13:06:41.479760
filament_temp,230.5,2025-09-10 13:06:41.979893
bed_temp,60.8,2025-09-10 13:06:41.979893
current,1.84,2025-09-10 13:06:41.979893
power,226.3,2025-09-10 13:06:41.979893
voltage,121.11,2025-09-10 13:06:41.979893
filament_temp,230.5,2025-09-10 13:06:42.480029
bed_temp,60.8,2025-09-10 13:06:42.480029
current,1.84,2025-09-10 13:06:42.480029
power,226.3,2025-09-10 13:06:42.480029
voltage,121.11,2025-09-10 13:06:42.480029
filament_temp,230.2,2025-09-10 13:06:42.980275
bed_temp,60.8,2025-09-10 13:06:42.980275
current,1.95,2025-09-10 13:06:42.980275
power,226.3,2025-09-10 13:06:42.980275
voltage,121.11,2025-09-10 13:06:42.980275
filament_temp,230.2,2025-09-10 13:06:43.480500
bed_temp,60.8,2025-09-10 13:06:43.480500
current,1.95,2025-09-10 13:06:43.480500
power,225.7,2025-09-10 13:06:43.480500
voltage,121.11,2025-09-10 13:06:43.480500
filament_temp,230.2,2025-09-10 13:06:43.980724
bed_temp,60.8,2025-09-10 13:06:43.980724
current,1.95,2025-09-10 13:06:43.980724
power,225.7,2025-09-10 13:06:43.980724
voltage,121.11,2025-09-10 13:06:43.980724
filament_temp,230.2,2025-09-10 13:06:44.480955
bed_temp,60.8,2025-09-10 13:06:44.480955
current,1.95,2025-09-10 13:06:44.480955
power,225.7,2025-09-10 13:06:44.480955
voltage,121.11,2025-09-10 13:06:44.480955
filament_temp,231.2,2025-09-10 13:06:44.981180
bed_temp,60.5,2025-09-10 13:06:44.981180
current,1.95,2025-09-10 13:06:44.981180
power,225.7,2025-09-10 13:06:44.981180
voltage,121.11,2025-09-10 13:06:44.981180
filament_temp,231.2,2025-09-10 13:06:45.481365
bed_temp,60.5,2025-09-10 13:06:45.481365
current,1.95,2025-09-10 13:06:45.481365
power,225.7,2025-09-10 13:06:45.481365
voltage,121.11,2025-09-10 13:06:45.481365
filament_temp,231.2,2025-09-10 13:06:45.981575
bed_temp,60.5,2025-09-10 13:06:45.981575
current,1.95,2025-09-10 13:06:45.981575
power,225.7,2025-09-10 13:06:45.981575
voltage,121.11,2025-09-10 13:06:45.981575
filament_temp,231.2,2025-09-10 13:06:46.481775
bed_temp,60.5,2025-09-10 13:06:46.481775
current,1.95,2025-09-10 13:06:46.481775
power,225.7,2025-09-10 13:06:46.481775
voltage,121.11,2025-09-10 13:06:46.481775
filament_temp,230.3,2025-09-10 13:06:46.981996
bed_temp,60.2,2025-09-10 13:06:46.981996
current,1.95,2025-09-10 13:06:46.981996
power,225.7,2025-09-10 13:06:46.981996
voltage,121.11,2025-09-10 13:06:46.981996
filament_temp,230.3,2025-09-10 13:06:47.482207
bed_temp,60.2,2025-09-10 13:06:47.482207
current,1.95,2025-09-10 13:06:47.482207
power,225.7,2025-09-10 13:06:47.482207
voltage,121.11,2025-09-10 13:06:47.482207
filament_temp,230.3,2025-09-10 13:06:47.982414
bed_temp,60.2,2025-09-10 13:06:47.982414
current,1.95,2025-09-10 13:06:47.982414
power,225.7,2025-09-10 13:06:47.982414
voltage,121.11,2025-09-10 13:06:47.982414
filament_temp,230.3,2025-09-10 13:06:48.482624
bed_temp,60.2,2025-09-10 13:06:48.482624
current,1.95,2025-09-10 13:06:48.482624
power,225.7,2025-09-10 13:06:48.482624
voltage,121.11,2025-09-10 13:06:48.482624
filament_temp,230.5,2025-09-10 13:06:48.982868
bed_temp,59.3,2025-09-10 13:06:48.982868
current,1.95,2025-09-10 13:06:48.982868
power,225.7,2025-09-10 13:06:48.982868
voltage,121.11,2025-09-10 13:06:48.982868
filament_temp,230.5,2025-09-10 13:06:49.483096
bed_temp,59.3,2025-09-10 13:06:49.483096
current,1.95,2025-09-10 13:06:49.483096
power,225.7,2025-09-10 13:06:49.483096
voltage,121.11,2025-09-10 13:06:49.483096
filament_temp,230.5,2025-09-10 13:06:49.983281
bed_temp,59.3,2025-09-10 13:06:49.983281
current,1.95,2025-09-10 13:06:49.983281
power,225.7,2025-09-10 13:06:49.983281
voltage,121.11,2025-09-10 13:06:49.983281
filament_temp,230.5,2025-09-10 13:06:50.483493
bed_temp,59.3,2025-09-10 13:06:50.483493
current,1.95,2025-09-10 13:06:50.483493
power,225.7,2025-09-10 13:06:50.483493
voltage,121.11,2025-09-10 13:06:50.483493
filament_temp,229.5,2025-09-10 13:06:50.983732
bed_temp,60.5,2025-09-10 13:06:50.983732
current,1.95,2025-09-10 13:06:50.983732
power,225.7,2025-09-10 13:06:50.983732
voltage,121.11,2025-09-10 13:06:50.983732
filament_temp,229.5,2025-09-10 13:06:51.483919
bed_temp,60.5,2025-09-10 13:06:51.483919
current,1.95,2025-09-10 13:06:51.483919
power,225.7,2025-09-10 13:06:51.483919
voltage,121.11,2025-09-10 13:06:51.483919
filament_temp,229.5,2025-09-10 13:06:51.984137
bed_temp,60.5,2025-09-10 13:06:51.984137
current,1.95,2025-09-10 13:06:51.984137
power,225.7,2025-09-10 13:06:51.984137
voltage,121.11,2025-09-10 13:06:51.984137
filament_temp,229.5,2025-09-10 13:06:52.484373
bed_temp,60.5,2025-09-10 13:06:52.484373
current,1.95,2025-09-10 13:06:52.484373
power,225.7,2025-09-10 13:06:52.484373
voltage,121.11,2025-09-10 13:06:52.484373
filament_temp,229.7,2025-09-10 13:06:52.984618
bed_temp,60.3,2025-09-10 13:06:52.984618
current,1.95,2025-09-10 13:06:52.984618
power,225.7,2025-09-10 13:06:52.984618
voltage,121.11,2025-09-10 13:06:52.984618
filament_temp,229.7,2025-09-10 13:06:53.484851
bed_temp,60.3,2025-09-10 13:06:53.484851
current,1.95,2025-09-10 13:06:53.484851
power,225.7,2025-09-10 13:06:53.484851
voltage,121.11,2025-09-10 13:06:53.484851
filament_temp,229.7,2025-09-10 13:06:53.985016
bed_temp,60.3,2025-09-10 13:06:53.985016
current,1.95,2025-09-10 13:06:53.985016
power,225.7,2025-09-10 13:06:53.985016
voltage,121.11,2025-09-10 13:06:53.985016
filament_temp,229.7,2025-09-10 13:06:54.485208
bed_temp,60.3,2025-09-10 13:06:54.485208
current,1.95,2025-09-10 13:06:54.485208
power,225.7,2025-09-10 13:06:54.485208
voltage,121.11,2025-09-10 13:06:54.485208
filament_temp,229.5,2025-09-10 13:06:54.985408
bed_temp,60.0,2025-09-10 13:06:54.985408
current,1.95,2025-09-10 13:06:54.985408
power,225.7,2025-09-10 13:06:54.985408
voltage,121.11,2025-09-10 13:06:54.985408
filament_temp,229.5,2025-09-10 13:06:55.485637
bed_temp,60.0,2025-09-10 13:06:55.485637
current,1.95,2025-09-10 13:06:55.485637
power,225.7,2025-09-10 13:06:55.485637
voltage,121.11,2025-09-10 13:06:55.485637
filament_temp,229.5,2025-09-10 13:06:55.985862
bed_temp,60.0,2025-09-10 13:06:55.985862
current,1.95,2025-09-10 13:06:55.985862
power,225.7,2025-09-10 13:06:55.985862
voltage,121.11,2025-09-10 13:06:55.985862
filament_temp,229.5,2025-09-10 13:06:56.486089
bed_temp,60.0,2025-09-10 13:06:56.486089
current,1.95,2025-09-10 13:06:56.486089
power,225.7,2025-09-10 13:06:56.486089
voltage,121.11,2025-09-10 13:06:56.486089
filament_temp,229.3,2025-09-10 13:06:56.986302
bed_temp,59.9,2025-09-10 13:06:56.986302
current,1.95,2025-09-10 13:06:56.986302
power,226.5,2025-09-10 13:06:56.986302
voltage,121.11,2025-09-10 13:06:56.986302
filament_temp,229.3,2025-09-10 13:06:57.486546
bed_temp,59.9,2025-09-10 13:06:57.486546
current,1.95,2025-09-10 13:06:57.486546
power,226.5,2025-09-10 13:06:57.486546
voltage,121.11,2025-09-10 13:06:57.486546
filament_temp,229.3,2025-09-10 13:06:57.986747
bed_temp,59.9,2025-09-10 13:06:57.986747
current,1.95,2025-09-10 13:06:57.986747
power,226.5,2025-09-10 13:06:57.986747
voltage,121.11,2025-09-10 13:06:57.986747
filament_temp,229.3,2025-09-10 13:06:58.486953
bed_temp,59.9,2025-09-10 13:06:58.486953
current,1.95,2025-09-10 13:06:58.486953
power,226.5,2025-09-10 13:06:58.486953
voltage,121.11,2025-09-10 13:06:58.486953
filament_temp,229.2,2025-09-10 13:06:58.987184
bed_temp,59.1,2025-09-10 13:06:58.987184
current,1.95,2025-09-10 13:06:58.987184
power,226.5,2025-09-10 13:06:58.987184
voltage,121.11,2025-09-10 13:06:58.987184
filament_temp,229.2,2025-09-10 13:06:59.487410
bed_temp,59.1,2025-09-10 13:06:59.487410
current,1.95,2025-09-10 13:06:59.487410
power,226.5,2025-09-10 13:06:59.487410
voltage,121.11,2025-09-10 13:06:59.487410
filament_temp,229.2,2025-09-10 13:06:59.987637
bed_temp,59.1,2025-09-10 13:06:59.987637
current,1.95,2025-09-10 13:06:59.987637
power,226.5,2025-09-10 13:06:59.987637
voltage,121.11,2025-09-10 13:06:59.987637
filament_temp,229.2,2025-09-10 13:07:00.487863
bed_temp,59.1,2025-09-10 13:07:00.487863
current,1.95,2025-09-10 13:07:00.487863
power,226.5,2025-09-10 13:07:00.487863
voltage,121.11,2025-09-10 13:07:00.487863
filament_temp,229.3,2025-09-10 13:07:00.988082
bed_temp,60.0,2025-09-10 13:07:00.988082
current,1.95,2025-09-10 13:07:00.988082
power,226.5,2025-09-10 13:07:00.988082
voltage,121.11,2025-09-10 13:07:00.988082
filament_temp,229.3,2025-09-10 13:07:01.488315
bed_temp,60.0,2025-09-10 13:07:01.488315
current,1.95,2025-09-10 13:07:01.488315
power,226.5,2025-09-10 13:07:01.488315
voltage,121.11,2025-09-10 13:07:01.488315
filament_temp,229.3,2025-09-10 13:07:01.988549
bed_temp,60.0,2025-09-10 13:07:01.988549
current,1.95,2025-09-10 13:07:01.988549
power,226.5,2025-09-10 13:07:01.988549
voltage,121.11,2025-09-10 13:07:01.988549
filament_temp,229.3,2025-09-10 13:07:02.488769
bed_temp,60.0,2025-09-10 13:07:02.488769
current,1.95,2025-09-10 13:07:02.488769
power,226.5,2025-09-10 13:07:02.488769
voltage,121.11,2025-09-10 13:07:02.488769
filament_temp,229.7,2025-09-10 13:07:02.988986
bed_temp,60.3,2025-09-10 13:07:02.988986
current,1.95,2025-09-10 13:07:02.988986
power,226.5,2025-09-10 13:07:02.988986
voltage,121.11,2025-09-10 13:07:02.988986
filament_temp,229.7,2025-09-10 13:07:03.489203
bed_temp,60.3,2025-09-10 13:07:03.489203
current,1.95,2025-09-10 13:07:03.489203
power,226.5,2025-09-10 13:07:03.489203
voltage,121.11,2025-09-10 13:07:03.489203
filament_temp,229.7,2025-09-10 13:07:03.989415
bed_temp,60.3,2025-09-10 13:07:03.989415
current,1.95,2025-09-10 13:07:03.989415
power,226.5,2025-09-10 13:07:03.989415
voltage,121.11,2025-09-10 13:07:03.989415
filament_temp,229.7,2025-09-10 13:07:04.489624
bed_temp,60.3,2025-09-10 13:07:04.489624
current,0.58,2025-09-10 13:07:04.489624
power,226.5,2025-09-10 13:07:04.489624
voltage,121.11,2025-09-10 13:07:04.489624
filament_temp,230.7,2025-09-10 13:07:04.989849
bed_temp,60.2,2025-09-10 13:07:04.989849
current,0.58,2025-09-10 13:07:04.989849
power,226.5,2025-09-10 13:07:04.989849
voltage,121.11,2025-09-10 13:07:04.989849
filament_temp,230.7,2025-09-10 13:07:05.490076
bed_temp,60.2,2025-09-10 13:07:05.490076
current,0.58,2025-09-10 13:07:05.490076
power,226.5,2025-09-10 13:07:05.490076
voltage,121.11,2025-09-10 13:07:05.490076
filament_temp,230.7,2025-09-10 13:07:05.990314
bed_temp,60.2,2025-09-10 13:07:05.990314
current,0.58,2025-09-10 13:07:05.990314
power,226.5,2025-09-10 13:07:05.990314
voltage,121.11,2025-09-10 13:07:05.990314
filament_temp,230.7,2025-09-10 13:07:06.490540
bed_temp,60.2,2025-09-10 13:07:06.490540
current,0.58,2025-09-10 13:07:06.490540
power,226.5,2025-09-10 13:07:06.490540
voltage,121.11,2025-09-10 13:07:06.490540
filament_temp,230.2,2025-09-10 13:07:06.990756
bed_temp,59.9,2025-09-10 13:07:06.990756
current,0.58,2025-09-10 13:07:06.990756
power,226.5,2025-09-10 13:07:06.990756
voltage,121.11,2025-09-10 13:07:06.990756
filament_temp,230.2,2025-09-10 13:07:07.490969
bed_temp,59.9,2025-09-10 13:07:07.490969
current,0.58,2025-09-10 13:07:07.490969
power,226.5,2025-09-10 13:07:07.490969
voltage,121.11,2025-09-10 13:07:07.490969
filament_temp,230.2,2025-09-10 13:07:07.991182
bed_temp,59.9,2025-09-10 13:07:07.991182
current,0.58,2025-09-10 13:07:07.991182
power,226.5,2025-09-10 13:07:07.991182
voltage,121.11,2025-09-10 13:07:07.991182
filament_temp,230.2,2025-09-10 13:07:08.491410
bed_temp,59.9,2025-09-10 13:07:08.491410
current,0.58,2025-09-10 13:07:08.491410
power,226.5,2025-09-10 13:07:08.491410
voltage,121.11,2025-09-10 13:07:08.491410
filament_temp,230.2,2025-09-10 13:07:08.991621
bed_temp,58.8,2025-09-10 13:07:08.991621
current,0.58,2025-09-10 13:07:08.991621
power,226.5,2025-09-10 13:07:08.991621
voltage,121.11,2025-09-10 13:07:08.991621
filament_temp,230.2,2025-09-10 13:07:09.491852
bed_temp,58.8,2025-09-10 13:07:09.491852
current,0.58,2025-09-10 13:07:09.491852
power,226.5,2025-09-10 13:07:09.491852
voltage,121.11,2025-09-10 13:07:09.491852
filament_temp,230.2,2025-09-10 13:07:09.992043
bed_temp,58.8,2025-09-10 13:07:09.992043
current,0.58,2025-09-10 13:07:09.992043
power,226.5,2025-09-10 13:07:09.992043
voltage,121.11,2025-09-10 13:07:09.992043
filament_temp,230.2,2025-09-10 13:07:10.492268
bed_temp,58.8,2025-09-10 13:07:10.492268
current,0.58,2025-09-10 13:07:10.492268
power,226.5,2025-09-10 13:07:10.492268
voltage,121.11,2025-09-10 13:07:10.492268
filament_temp,230.7,2025-09-10 13:07:10.992496
bed_temp,59.6,2025-09-10 13:07:10.992496
current,0.58,2025-09-10 13:07:10.992496
power,226.5,2025-09-10 13:07:10.992496
voltage,121.11,2025-09-10 13:07:10.992496
filament_temp,230.7,2025-09-10 13:07:11.492695
bed_temp,59.6,2025-09-10 13:07:11.492695
current,0.47,2025-09-10 13:07:11.492695
power,226.5,2025-09-10 13:07:11.492695
voltage,121.11,2025-09-10 13:07:11.492695
filament_temp,230.7,2025-09-10 13:07:11.992929
bed_temp,59.6,2025-09-10 13:07:11.992929
current,0.47,2025-09-10 13:07:11.992929
power,226.5,2025-09-10 13:07:11.992929
voltage,121.11,2025-09-10 13:07:11.992929
filament_temp,230.7,2025-09-10 13:07:12.493134
bed_temp,59.6,2025-09-10 13:07:12.493134
current,0.47,2025-09-10 13:07:12.493134
power,226.5,2025-09-10 13:07:12.493134
voltage,121.11,2025-09-10 13:07:12.493134
filament_temp,230.7,2025-09-10 13:07:12.993362
bed_temp,60.2,2025-09-10 13:07:12.993362
current,0.47,2025-09-10 13:07:12.993362
power,226.5,2025-09-10 13:07:12.993362
voltage,121.11,2025-09-10 13:07:12.993362
filament_temp,230.7,2025-09-10 13:07:13.493574
bed_temp,60.2,2025-09-10 13:07:13.493574
current,0.47,2025-09-10 13:07:13.493574
power,226.5,2025-09-10 13:07:13.493574
voltage,121.11,2025-09-10 13:07:13.493574
filament_temp,230.7,2025-09-10 13:07:13.993808
bed_temp,60.2,2025-09-10 13:07:13.993808
current,0.47,2025-09-10 13:07:13.993808
power,226.5,2025-09-10 13:07:13.993808
voltage,121.11,2025-09-10 13:07:13.993808
filament_temp,230.7,2025-09-10 13:07:14.494041
bed_temp,60.2,2025-09-10 13:07:14.494041
current,0.47,2025-09-10 13:07:14.494041
power,226.5,2025-09-10 13:07:14.494041
voltage,121.11,2025-09-10 13:07:14.494041
filament_temp,229.3,2025-09-10 13:07:14.994250
bed_temp,60.9,2025-09-10 13:07:14.994250
current,0.47,2025-09-10 13:07:14.994250
power,226.5,2025-09-10 13:07:14.994250
voltage,121.11,2025-09-10 13:07:14.994250
filament_temp,229.3,2025-09-10 13:07:15.494432
bed_temp,60.9,2025-09-10 13:07:15.494432
current,1.86,2025-09-10 13:07:15.494432
power,226.5,2025-09-10 13:07:15.494432
voltage,121.11,2025-09-10 13:07:15.494432
filament_temp,229.3,2025-09-10 13:07:15.994622
bed_temp,60.9,2025-09-10 13:07:15.994622
current,1.86,2025-09-10 13:07:15.994622
power,220.2,2025-09-10 13:07:15.994622
voltage,121.11,2025-09-10 13:07:15.994622
filament_temp,229.3,2025-09-10 13:07:16.494823
bed_temp,60.9,2025-09-10 13:07:16.494823
current,1.86,2025-09-10 13:07:16.494823
power,220.2,2025-09-10 13:07:16.494823
voltage,121.11,2025-09-10 13:07:16.494823
filament_temp,229.8,2025-09-10 13:07:16.995062
bed_temp,60.6,2025-09-10 13:07:16.995062
current,1.86,2025-09-10 13:07:16.995062
power,220.2,2025-09-10 13:07:16.995062
voltage,121.11,2025-09-10 13:07:16.995062
filament_temp,229.8,2025-09-10 13:07:17.495300
bed_temp,60.6,2025-09-10 13:07:17.495300
current,1.86,2025-09-10 13:07:17.495300
power,220.2,2025-09-10 13:07:17.495300
voltage,121.11,2025-09-10 13:07:17.495300
filament_temp,229.8,2025-09-10 13:07:17.995542
bed_temp,60.6,2025-09-10 13:07:17.995542
current,1.86,2025-09-10 13:07:17.995542
power,220.2,2025-09-10 13:07:17.995542
voltage,121.11,2025-09-10 13:07:17.995542
filament_temp,229.8,2025-09-10 13:07:18.495805
bed_temp,60.6,2025-09-10 13:07:18.495805
current,1.86,2025-09-10 13:07:18.495805
power,220.2,2025-09-10 13:07:18.495805
voltage,121.11,2025-09-10 13:07:18.495805
filament_temp,228.7,2025-09-10 13:07:18.996052
bed_temp,60.2,2025-09-10 13:07:18.996052
current,1.86,2025-09-10 13:07:18.996052
power,220.2,2025-09-10 13:07:18.996052
voltage,121.11,2025-09-10 13:07:18.996052
filament_temp,228.7,2025-09-10 13:07:19.496298
bed_temp,60.2,2025-09-10 13:07:19.496298
current,1.86,2025-09-10 13:07:19.496298
power,220.2,2025-09-10 13:07:19.496298
voltage,121.11,2025-09-10 13:07:19.496298
filament_temp,228.7,2025-09-10 13:07:19.996497
bed_temp,60.2,2025-09-10 13:07:19.996497
current,1.86,2025-09-10 13:07:19.996497
power,227.3,2025-09-10 13:07:19.996497
voltage,121.11,2025-09-10 13:07:19.996497
filament_temp,228.7,2025-09-10 13:07:20.496703
bed_temp,60.2,2025-09-10 13:07:20.496703
current,1.86,2025-09-10 13:07:20.496703
power,227.3,2025-09-10 13:07:20.496703
voltage,121.11,2025-09-10 13:07:20.496703
filament_temp,229.7,2025-09-10 13:07:20.996941
bed_temp,60.3,2025-09-10 13:07:20.996941
current,1.86,2025-09-10 13:07:20.996941
power,227.3,2025-09-10 13:07:20.996941
voltage,121.11,2025-09-10 13:07:20.996941
filament_temp,229.7,2025-09-10 13:07:21.497169
bed_temp,60.3,2025-09-10 13:07:21.497169
current,1.86,2025-09-10 13:07:21.497169
power,227.3,2025-09-10 13:07:21.497169
voltage,121.11,2025-09-10 13:07:21.497169
filament_temp,229.7,2025-09-10 13:07:21.997382
bed_temp,60.3,2025-09-10 13:07:21.997382
current,1.86,2025-09-10 13:07:21.997382
power,227.3,2025-09-10 13:07:21.997382
voltage,121.11,2025-09-10 13:07:21.997382
filament_temp,229.7,2025-09-10 13:07:22.497617
bed_temp,60.3,2025-09-10 13:07:22.497617
current,1.86,2025-09-10 13:07:22.497617
power,227.3,2025-09-10 13:07:22.497617
voltage,121.11,2025-09-10 13:07:22.497617
filament_temp,229.8,2025-09-10 13:07:22.997836
bed_temp,59.9,2025-09-10 13:07:22.997836
current,1.86,2025-09-10 13:07:22.997836
power,227.3,2025-09-10 13:07:22.997836
voltage,121.11,2025-09-10 13:07:22.997836
filament_temp,229.8,2025-09-10 13:07:23.498054
bed_temp,59.9,2025-09-10 13:07:23.498054
current,1.86,2025-09-10 13:07:23.498054
power,227.3,2025-09-10 13:07:23.498054
voltage,121.11,2025-09-10 13:07:23.498054
filament_temp,229.8,2025-09-10 13:07:23.998271
bed_temp,59.9,2025-09-10 13:07:23.998271
current,1.86,2025-09-10 13:07:23.998271
power,227.3,2025-09-10 13:07:23.998271
voltage,121.11,2025-09-10 13:07:23.998271
filament_temp,229.8,2025-09-10 13:07:24.498504
bed_temp,59.9,2025-09-10 13:07:24.498504
current,1.86,2025-09-10 13:07:24.498504
power,227.3,2025-09-10 13:07:24.498504
voltage,121.11,2025-09-10 13:07:24.498504
filament_temp,228.8,2025-09-10 13:07:24.998702
bed_temp,60.0,2025-09-10 13:07:24.998702
current,1.86,2025-09-10 13:07:24.998702
power,227.3,2025-09-10 13:07:24.998702
voltage,121.11,2025-09-10 13:07:24.998702
filament_temp,228.8,2025-09-10 13:07:25.498920
bed_temp,60.0,2025-09-10 13:07:25.498920
current,1.86,2025-09-10 13:07:25.498920
power,227.3,2025-09-10 13:07:25.498920
voltage,121.11,2025-09-10 13:07:25.498920
filament_temp,228.8,2025-09-10 13:07:25.999159
bed_temp,60.0,2025-09-10 13:07:25.999159
current,1.86,2025-09-10 13:07:25.999159
power,227.3,2025-09-10 13:07:25.999159
voltage,121.11,2025-09-10 13:07:25.999159
filament_temp,228.8,2025-09-10 13:07:26.499404
bed_temp,60.0,2025-09-10 13:07:26.499404
current,1.86,2025-09-10 13:07:26.499404
power,227.3,2025-09-10 13:07:26.499404
voltage,121.11,2025-09-10 13:07:26.499404
filament_temp,229.3,2025-09-10 13:07:26.999649
bed_temp,59.9,2025-09-10 13:07:26.999649
current,1.86,2025-09-10 13:07:26.999649
power,227.3,2025-09-10 13:07:26.999649
voltage,121.11,2025-09-10 13:07:26.999649
filament_temp,229.3,2025-09-10 13:07:27.499878
bed_temp,59.9,2025-09-10 13:07:27.499878
current,1.86,2025-09-10 13:07:27.499878
power,227.3,2025-09-10 13:07:27.499878
voltage,121.11,2025-09-10 13:07:27.499878
filament_temp,229.3,2025-09-10 13:07:28.000120
bed_temp,59.9,2025-09-10 13:07:28.000120
current,1.86,2025-09-10 13:07:28.000120
power,227.3,2025-09-10 13:07:28.000120
voltage,121.11,2025-09-10 13:07:28.000120
filament_temp,229.3,2025-09-10 13:07:28.500362
bed_temp,59.9,2025-09-10 13:07:28.500362
current,1.86,2025-09-10 13:07:28.500362
power,227.3,2025-09-10 13:07:28.500362
voltage,121.11,2025-09-10 13:07:28.500362
filament_temp,230.5,2025-09-10 13:07:29.000605
bed_temp,59.7,2025-09-10 13:07:29.000605
current,1.86,2025-09-10 13:07:29.000605
power,227.3,2025-09-10 13:07:29.000605
voltage,121.11,2025-09-10 13:07:29.000605
filament_temp,230.5,2025-09-10 13:07:29.500831
bed_temp,59.7,2025-09-10 13:07:29.500831
current,1.86,2025-09-10 13:07:29.500831
power,227.3,2025-09-10 13:07:29.500831
voltage,121.11,2025-09-10 13:07:29.500831
filament_temp,230.5,2025-09-10 13:07:30.001033
bed_temp,59.7,2025-09-10 13:07:30.001033
current,1.86,2025-09-10 13:07:30.001033
power,227.3,2025-09-10 13:07:30.001033
voltage,121.11,2025-09-10 13:07:30.001033
filament_temp,230.5,2025-09-10 13:07:30.501248
bed_temp,59.7,2025-09-10 13:07:30.501248
current,1.86,2025-09-10 13:07:30.501248
power,227.3,2025-09-10 13:07:30.501248
voltage,121.11,2025-09-10 13:07:30.501248
filament_temp,229.3,2025-09-10 13:07:31.001475
bed_temp,60.8,2025-09-10 13:07:31.001475
current,1.86,2025-09-10 13:07:31.001475
power,227.3,2025-09-10 13:07:31.001475
voltage,121.11,2025-09-10 13:07:31.001475
filament_temp,229.3,2025-09-10 13:07:31.501702
bed_temp,60.8,2025-09-10 13:07:31.501702
current,1.86,2025-09-10 13:07:31.501702
power,227.3,2025-09-10 13:07:31.501702
voltage,121.11,2025-09-10 13:07:31.501702
filament_temp,229.3,2025-09-10 13:07:32.001913
bed_temp,60.8,2025-09-10 13:07:32.001913
current,1.86,2025-09-10 13:07:32.001913
power,227.3,2025-09-10 13:07:32.001913
voltage,121.11,2025-09-10 13:07:32.001913
filament_temp,229.3,2025-09-10 13:07:32.502127
bed_temp,60.8,2025-09-10 13:07:32.502127
current,1.86,2025-09-10 13:07:32.502127
power,227.3,2025-09-10 13:07:32.502127
voltage,121.11,2025-09-10 13:07:32.502127
filament_temp,230.8,2025-09-10 13:07:33.002310
bed_temp,60.6,2025-09-10 13:07:33.002310
current,1.86,2025-09-10 13:07:33.002310
power,227.3,2025-09-10 13:07:33.002310
voltage,121.11,2025-09-10 13:07:33.002310
filament_temp,230.8,2025-09-10 13:07:33.502533
bed_temp,60.6,2025-09-10 13:07:33.502533
current,1.86,2025-09-10 13:07:33.502533
power,227.3,2025-09-10 13:07:33.502533
voltage,121.11,2025-09-10 13:07:33.502533
filament_temp,230.8,2025-09-10 13:07:34.002760
bed_temp,60.6,2025-09-10 13:07:34.002760
current,1.86,2025-09-10 13:07:34.002760
power,227.3,2025-09-10 13:07:34.002760
voltage,121.11,2025-09-10 13:07:34.002760
filament_temp,230.8,2025-09-10 13:07:34.502984
bed_temp,60.6,2025-09-10 13:07:34.502984
current,1.86,2025-09-10 13:07:34.502984
power,227.3,2025-09-10 13:07:34.502984
voltage,121.11,2025-09-10 13:07:34.502984
filament_temp,229.5,2025-09-10 13:07:35.003198
bed_temp,60.2,2025-09-10 13:07:35.003198
current,1.86,2025-09-10 13:07:35.003198
power,227,2025-09-10 13:07:35.003198
voltage,121.11,2025-09-10 13:07:35.003198
filament_temp,229.5,2025-09-10 13:07:35.503426
bed_temp,60.2,2025-09-10 13:07:35.503426
current,1.86,2025-09-10 13:07:35.503426
power,227,2025-09-10 13:07:35.503426
voltage,121.11,2025-09-10 13:07:35.503426
filament_temp,229.5,2025-09-10 13:07:36.003657
bed_temp,60.2,2025-09-10 13:07:36.003657
current,1.86,2025-09-10 13:07:36.003657
power,227,2025-09-10 13:07:36.003657
voltage,121.11,2025-09-10 13:07:36.003657
filament_temp,229.5,2025-09-10 13:07:36.503892
bed_temp,60.2,2025-09-10 13:07:36.503892
current,1.86,2025-09-10 13:07:36.503892
power,227,2025-09-10 13:07:36.503892
voltage,121.11,2025-09-10 13:07:36.503892
filament_temp,229.5,2025-09-10 13:07:37.004128
bed_temp,60.0,2025-09-10 13:07:37.004128
current,1.86,2025-09-10 13:07:37.004128
power,227,2025-09-10 13:07:37.004128
voltage,121.11,2025-09-10 13:07:37.004128
filament_temp,229.5,2025-09-10 13:07:37.504315
bed_temp,60.0,2025-09-10 13:07:37.504315
current,1.86,2025-09-10 13:07:37.504315
power,227,2025-09-10 13:07:37.504315
voltage,121.11,2025-09-10 13:07:37.504315
filament_temp,229.5,2025-09-10 13:07:38.004505
bed_temp,60.0,2025-09-10 13:07:38.004505
current,1.86,2025-09-10 13:07:38.004505
power,227,2025-09-10 13:07:38.004505
voltage,121.11,2025-09-10 13:07:38.004505
filament_temp,229.5,2025-09-10 13:07:38.504732
bed_temp,60.0,2025-09-10 13:07:38.504732
current,1.86,2025-09-10 13:07:38.504732
power,227,2025-09-10 13:07:38.504732
voltage,121.11,2025-09-10 13:07:38.504732
filament_temp,229.0,2025-09-10 13:07:39.004963
bed_temp,59.9,2025-09-10 13:07:39.004963
current,1.86,2025-09-10 13:07:39.004963
power,227,2025-09-10 13:07:39.004963
voltage,121.11,2025-09-10 13:07:39.004963
filament_temp,229.0,2025-09-10 13:07:39.505191
bed_temp,59.9,2025-09-10 13:07:39.505191
current,1.86,2025-09-10 13:07:39.505191
power,227,2025-09-10 13:07:39.505191
voltage,121.11,2025-09-10 13:07:39.505191
filament_temp,229.0,2025-09-10 13:07:40.005419
bed_temp,59.9,2025-09-10 13:07:40.005419
current,1.86,2025-09-10 13:07:40.005419
power,227,2025-09-10 13:07:40.005419
voltage,121.11,2025-09-10 13:07:40.005419
filament_temp,229.0,2025-09-10 13:07:40.505636
bed_temp,59.9,2025-09-10 13:07:40.505636
current,1.86,2025-09-10 13:07:40.505636
power,227,2025-09-10 13:07:40.505636
voltage,121.11,2025-09-10 13:07:40.505636
filament_temp,231.2,2025-09-10 13:07:41.005863
bed_temp,60.5,2025-09-10 13:07:41.005863
current,1.86,2025-09-10 13:07:41.005863
power,227,2025-09-10 13:07:41.005863
voltage,121.11,2025-09-10 13:07:41.005863
filament_temp,231.2,2025-09-10 13:07:41.506074
bed_temp,60.5,2025-09-10 13:07:41.506074
current,0.59,2025-09-10 13:07:41.506074
power,227,2025-09-10 13:07:41.506074
voltage,121.11,2025-09-10 13:07:41.506074
filament_temp,231.2,2025-09-10 13:07:42.006288
bed_temp,60.5,2025-09-10 13:07:42.006288
current,0.59,2025-09-10 13:07:42.006288
power,227,2025-09-10 13:07:42.006288
voltage,121.11,2025-09-10 13:07:42.006288
filament_temp,231.2,2025-09-10 13:07:42.506500
bed_temp,60.5,2025-09-10 13:07:42.506500
current,0.59,2025-09-10 13:07:42.506500
power,227,2025-09-10 13:07:42.506500
voltage,121.11,2025-09-10 13:07:42.506500
filament_temp,230.3,2025-09-10 13:07:43.006707
bed_temp,60.2,2025-09-10 13:07:43.006707
current,0.59,2025-09-10 13:07:43.006707
power,227,2025-09-10 13:07:43.006707
voltage,121.11,2025-09-10 13:07:43.006707
filament_temp,230.3,2025-09-10 13:07:43.506934
bed_temp,60.2,2025-09-10 13:07:43.506934
current,0.59,2025-09-10 13:07:43.506934
power,227,2025-09-10 13:07:43.506934
voltage,121.11,2025-09-10 13:07:43.506934
filament_temp,230.3,2025-09-10 13:07:44.007152
bed_temp,60.2,2025-09-10 13:07:44.007152
current,0.59,2025-09-10 13:07:44.007152
power,227,2025-09-10 13:07:44.007152
voltage,121.11,2025-09-10 13:07:44.007152
filament_temp,230.3,2025-09-10 13:07:44.507386
bed_temp,60.2,2025-09-10 13:07:44.507386
current,1.96,2025-09-10 13:07:44.507386
power,227,2025-09-10 13:07:44.507386
voltage,121.11,2025-09-10 13:07:44.507386
filament_temp,229.2,2025-09-10 13:07:45.007604
bed_temp,59.3,2025-09-10 13:07:45.007604
current,1.96,2025-09-10 13:07:45.007604
power,227,2025-09-10 13:07:45.007604
voltage,121.11,2025-09-10 13:07:45.007604
filament_temp,229.2,2025-09-10 13:07:45.507822
bed_temp,59.3,2025-09-10 13:07:45.507822
current,1.96,2025-09-10 13:07:45.507822
power,227,2025-09-10 13:07:45.507822
voltage,121.11,2025-09-10 13:07:45.507822
filament_temp,229.2,2025-09-10 13:07:46.008021
bed_temp,59.3,2025-09-10 13:07:46.008021
current,1.96,2025-09-10 13:07:46.008021
power,227,2025-09-10 13:07:46.008021
voltage,121.11,2025-09-10 13:07:46.008021
filament_temp,229.2,2025-09-10 13:07:46.508255
bed_temp,59.3,2025-09-10 13:07:46.508255
current,1.96,2025-09-10 13:07:46.508255
power,227,2025-09-10 13:07:46.508255
voltage,121.11,2025-09-10 13:07:46.508255
filament_temp,230.2,2025-09-10 13:07:47.008493
bed_temp,60.3,2025-09-10 13:07:47.008493
current,1.96,2025-09-10 13:07:47.008493
power,227,2025-09-10 13:07:47.008493
voltage,121.11,2025-09-10 13:07:47.008493
filament_temp,230.2,2025-09-10 13:07:47.508730
bed_temp,60.3,2025-09-10 13:07:47.508730
current,1.96,2025-09-10 13:07:47.508730
power,227,2025-09-10 13:07:47.508730
voltage,121.11,2025-09-10 13:07:47.508730
filament_temp,230.2,2025-09-10 13:07:48.008956
bed_temp,60.3,2025-09-10 13:07:48.008956
current,1.96,2025-09-10 13:07:48.008956
power,227,2025-09-10 13:07:48.008956
voltage,121.11,2025-09-10 13:07:48.008956
filament_temp,230.2,2025-09-10 13:07:48.509219
bed_temp,60.3,2025-09-10 13:07:48.509219
current,1.85,2025-09-10 13:07:48.509219
power,227,2025-09-10 13:07:48.509219
voltage,121.11,2025-09-10 13:07:48.509219
filament_temp,229.8,2025-09-10 13:07:49.009439
bed_temp,59.0,2025-09-10 13:07:49.009439
current,1.85,2025-09-10 13:07:49.009439
power,219,2025-09-10 13:07:49.009439
voltage,121.11,2025-09-10 13:07:49.009439
filament_temp,229.8,2025-09-10 13:07:49.509667
bed_temp,59.0,2025-09-10 13:07:49.509667
current,1.85,2025-09-10 13:07:49.509667
power,219,2025-09-10 13:07:49.509667
voltage,121.11,2025-09-10 13:07:49.509667
filament_temp,229.8,2025-09-10 13:07:50.009893
bed_temp,59.0,2025-09-10 13:07:50.009893
current,1.85,2025-09-10 13:07:50.009893
power,219,2025-09-10 13:07:50.009893
voltage,121.11,2025-09-10 13:07:50.009893
filament_temp,229.8,2025-09-10 13:07:50.510095
bed_temp,59.0,2025-09-10 13:07:50.510095
current,1.85,2025-09-10 13:07:50.510095
power,219,2025-09-10 13:07:50.510095
voltage,121.11,2025-09-10 13:07:50.510095
filament_temp,230.2,2025-09-10 13:07:51.010336
bed_temp,59.6,2025-09-10 13:07:51.010336
current,1.85,2025-09-10 13:07:51.010336
power,219,2025-09-10 13:07:51.010336
voltage,121.11,2025-09-10 13:07:51.010336
filament_temp,230.2,2025-09-10 13:07:51.510564
bed_temp,59.6,2025-09-10 13:07:51.510564
current,1.85,2025-09-10 13:07:51.510564
power,53,2025-09-10 13:07:51.510564
voltage,121.11,2025-09-10 13:07:51.510564
filament_temp,230.2,2025-09-10 13:07:52.010780
bed_temp,59.6,2025-09-10 13:07:52.010780
current,1.85,2025-09-10 13:07:52.010780
power,53,2025-09-10 13:07:52.010780
voltage,121.11,2025-09-10 13:07:52.010780
filament_temp,230.2,2025-09-10 13:07:52.511007
bed_temp,59.6,2025-09-10 13:07:52.511007
current,1.85,2025-09-10 13:07:52.511007
power,53,2025-09-10 13:07:52.511007
voltage,121.11,2025-09-10 13:07:52.511007
filament_temp,229.3,2025-09-10 13:07:53.011234
bed_temp,60.0,2025-09-10 13:07:53.011234
current,1.85,2025-09-10 13:07:53.011234
power,60,2025-09-10 13:07:53.011234
voltage,121.11,2025-09-10 13:07:53.011234
filament_temp,229.3,2025-09-10 13:07:53.511460
bed_temp,60.0,2025-09-10 13:07:53.511460
current,1.85,2025-09-10 13:07:53.511460
power,60,2025-09-10 13:07:53.511460
voltage,121.11,2025-09-10 13:07:53.511460
filament_temp,229.3,2025-09-10 13:07:54.011669
bed_temp,60.0,2025-09-10 13:07:54.011669
current,1.85,2025-09-10 13:07:54.011669
power,60,2025-09-10 13:07:54.011669
voltage,121.11,2025-09-10 13:07:54.011669
filament_temp,229.3,2025-09-10 13:07:54.511882
bed_temp,60.0,2025-09-10 13:07:54.511882
current,1.85,2025-09-10 13:07:54.511882
power,60,2025-09-10 13:07:54.511882
voltage,121.11,2025-09-10 13:07:54.511882
filament_temp,229.8,2025-09-10 13:07:55.012106
bed_temp,59.6,2025-09-10 13:07:55.012106
current,1.85,2025-09-10 13:07:55.012106
power,60,2025-09-10 13:07:55.012106
voltage,121.11,2025-09-10 13:07:55.012106
filament_temp,229.8,2025-09-10 13:07:55.512336
bed_temp,59.6,2025-09-10 13:07:55.512336
current,1.85,2025-09-10 13:07:55.512336
power,60,2025-09-10 13:07:55.512336
voltage,121.11,2025-09-10 13:07:55.512336
filament_temp,229.8,2025-09-10 13:07:56.012544
bed_temp,59.6,2025-09-10 13:07:56.012544
current,1.85,2025-09-10 13:07:56.012544
power,60,2025-09-10 13:07:56.012544
voltage,121.11,2025-09-10 13:07:56.012544
filament_temp,229.8,2025-09-10 13:07:56.512779
bed_temp,59.6,2025-09-10 13:07:56.512779
current,1.85,2025-09-10 13:07:56.512779
power,60,2025-09-10 13:07:56.512779
voltage,121.11,2025-09-10 13:07:56.512779
filament_temp,229.7,2025-09-10 13:07:57.012999
bed_temp,61.6,2025-09-10 13:07:57.012999
current,1.85,2025-09-10 13:07:57.012999
power,60,2025-09-10 13:07:57.012999
voltage,121.11,2025-09-10 13:07:57.012999
filament_temp,229.7,2025-09-10 13:07:57.513219
bed_temp,61.6,2025-09-10 13:07:57.513219
current,1.85,2025-09-10 13:07:57.513219
power,60,2025-09-10 13:07:57.513219
voltage,121.11,2025-09-10 13:07:57.513219
filament_temp,229.7,2025-09-10 13:07:58.013432
bed_temp,61.6,2025-09-10 13:07:58.013432
current,1.85,2025-09-10 13:07:58.013432
power,60,2025-09-10 13:07:58.013432
voltage,121.11,2025-09-10 13:07:58.013432
filament_temp,229.7,2025-09-10 13:07:58.513641
bed_temp,61.6,2025-09-10 13:07:58.513641
current,1.85,2025-09-10 13:07:58.513641
power,60,2025-09-10 13:07:58.513641
voltage,121.11,2025-09-10 13:07:58.513641
filament_temp,229.2,2025-09-10 13:07:59.013826
bed_temp,60.3,2025-09-10 13:07:59.013826
current,1.85,2025-09-10 13:07:59.013826
power,60,2025-09-10 13:07:59.013826
voltage,121.11,2025-09-10 13:07:59.013826
filament_temp,229.2,2025-09-10 13:07:59.514028
bed_temp,60.3,2025-09-10 13:07:59.514028
current,1.85,2025-09-10 13:07:59.514028
power,60,2025-09-10 13:07:59.514028
voltage,121.11,2025-09-10 13:07:59.514028
filament_temp,229.2,2025-09-10 13:08:00.014238
bed_temp,60.3,2025-09-10 13:08:00.014238
current,1.85,2025-09-10 13:08:00.014238
power,217,2025-09-10 13:08:00.014238
voltage,121.11,2025-09-10 13:08:00.014238
filament_temp,229.2,2025-09-10 13:08:00.514465
bed_temp,60.3,2025-09-10 13:08:00.514465
current,1.85,2025-09-10 13:08:00.514465
power,217,2025-09-10 13:08:00.514465
voltage,121.11,2025-09-10 13:08:00.514465
filament_temp,229.8,2025-09-10 13:08:01.014674
bed_temp,60.2,2025-09-10 13:08:01.014674
current,1.85,2025-09-10 13:08:01.014674
power,217,2025-09-10 13:08:01.014674
voltage,121.11,2025-09-10 13:08:01.014674
filament_temp,229.8,2025-09-10 13:08:01.514903
bed_temp,60.2,2025-09-10 13:08:01.514903
current,1.85,2025-09-10 13:08:01.514903
power,217,2025-09-10 13:08:01.514903
voltage,121.11,2025-09-10 13:08:01.514903
filament_temp,229.8,2025-09-10 13:08:02.015130
bed_temp,60.2,2025-09-10 13:08:02.015130
current,1.85,2025-09-10 13:08:02.015130
power,217,2025-09-10 13:08:02.015130
voltage,121.11,2025-09-10 13:08:02.015130
filament_temp,229.8,2025-09-10 13:08:02.515341
bed_temp,60.2,2025-09-10 13:08:02.515341
current,1.85,2025-09-10 13:08:02.515341
power,217,2025-09-10 13:08:02.515341
voltage,121.11,2025-09-10 13:08:02.515341
filament_temp,230.2,2025-09-10 13:08:03.015551
bed_temp,59.7,2025-09-10 13:08:03.015551
current,1.85,2025-09-10 13:08:03.015551
power,217,2025-09-10 13:08:03.015551
voltage,121.11,2025-09-10 13:08:03.015551
filament_temp,230.2,2025-09-10 13:08:03.515755
bed_temp,59.7,2025-09-10 13:08:03.515755
current,1.85,2025-09-10 13:08:03.515755
power,217,2025-09-10 13:08:03.515755
voltage,121.11,2025-09-10 13:08:03.515755
filament_temp,230.2,2025-09-10 13:08:04.015953
bed_temp,59.7,2025-09-10 13:08:04.015953
current,1.85,2025-09-10 13:08:04.015953
power,217,2025-09-10 13:08:04.015953
voltage,121.11,2025-09-10 13:08:04.015953
filament_temp,230.2,2025-09-10 13:08:04.516170
bed_temp,59.7,2025-09-10 13:08:04.516170
current,1.85,2025-09-10 13:08:04.516170
power,217,2025-09-10 13:08:04.516170
voltage,121.11,2025-09-10 13:08:04.516170
filament_temp,230.8,2025-09-10 13:08:05.016344
bed_temp,59.9,2025-09-10 13:08:05.016344
current,1.85,2025-09-10 13:08:05.016344
power,229.4,2025-09-10 13:08:05.016344
voltage,121.11,2025-09-10 13:08:05.016344
filament_temp,230.8,2025-09-10 13:08:05.516555
bed_temp,59.9,2025-09-10 13:08:05.516555
current,1.85,2025-09-10 13:08:05.516555
power,229.4,2025-09-10 13:08:05.516555
voltage,121.11,2025-09-10 13:08:05.516555
filament_temp,230.8,2025-09-10 13:08:06.016789
bed_temp,59.9,2025-09-10 13:08:06.016789
current,1.85,2025-09-10 13:08:06.016789
power,229.4,2025-09-10 13:08:06.016789
voltage,121.11,2025-09-10 13:08:06.016789
filament_temp,230.8,2025-09-10 13:08:06.517024
bed_temp,59.9,2025-09-10 13:08:06.517024
current,1.85,2025-09-10 13:08:06.517024
power,229.4,2025-09-10 13:08:06.517024
voltage,121.11,2025-09-10 13:08:06.517024
filament_temp,230.0,2025-09-10 13:08:07.017236
bed_temp,60.6,2025-09-10 13:08:07.017236
current,1.85,2025-09-10 13:08:07.017236
power,229.4,2025-09-10 13:08:07.017236
voltage,121.11,2025-09-10 13:08:07.017236
filament_temp,230.0,2025-09-10 13:08:07.517452
bed_temp,60.6,2025-09-10 13:08:07.517452
current,1.85,2025-09-10 13:08:07.517452
power,229.4,2025-09-10 13:08:07.517452
voltage,121.11,2025-09-10 13:08:07.517452
filament_temp,230.0,2025-09-10 13:08:08.017644
bed_temp,60.6,2025-09-10 13:08:08.017644
current,1.85,2025-09-10 13:08:08.017644
power,229.4,2025-09-10 13:08:08.017644
voltage,121.11,2025-09-10 13:08:08.017644
filament_temp,230.0,2025-09-10 13:08:08.517862
bed_temp,60.6,2025-09-10 13:08:08.517862
current,1.85,2025-09-10 13:08:08.517862
power,229.4,2025-09-10 13:08:08.517862
voltage,121.11,2025-09-10 13:08:08.517862
filament_temp,231.3,2025-09-10 13:08:09.018060
bed_temp,60.2,2025-09-10 13:08:09.018060
current,1.85,2025-09-10 13:08:09.018060
power,229.4,2025-09-10 13:08:09.018060
voltage,121.11,2025-09-10 13:08:09.018060
filament_temp,231.3,2025-09-10 13:08:09.518271
bed_temp,60.2,2025-09-10 13:08:09.518271
current,1.85,2025-09-10 13:08:09.518271
power,229.4,2025-09-10 13:08:09.518271
voltage,121.11,2025-09-10 13:08:09.518271
filament_temp,231.3,2025-09-10 13:08:10.018514
bed_temp,60.2,2025-09-10 13:08:10.018514
current,1.85,2025-09-10 13:08:10.018514
power,218.5,2025-09-10 13:08:10.018514
voltage,121.11,2025-09-10 13:08:10.018514
filament_temp,231.3,2025-09-10 13:08:10.518742
bed_temp,60.2,2025-09-10 13:08:10.518742
current,1.85,2025-09-10 13:08:10.518742
power,218.5,2025-09-10 13:08:10.518742
voltage,121.11,2025-09-10 13:08:10.518742
filament_temp,230.3,2025-09-10 13:08:11.018969
bed_temp,59.7,2025-09-10 13:08:11.018969
current,1.85,2025-09-10 13:08:11.018969
power,218.5,2025-09-10 13:08:11.018969
voltage,121.11,2025-09-10 13:08:11.018969
filament_temp,230.3,2025-09-10 13:08:11.519215
bed_temp,59.7,2025-09-10 13:08:11.519215
current,1.85,2025-09-10 13:08:11.519215
power,227.8,2025-09-10 13:08:11.519215
voltage,121.11,2025-09-10 13:08:11.519215
filament_temp,230.3,2025-09-10 13:08:12.019418
bed_temp,59.7,2025-09-10 13:08:12.019418
current,1.85,2025-09-10 13:08:12.019418
power,227.8,2025-09-10 13:08:12.019418
voltage,121.11,2025-09-10 13:08:12.019418
filament_temp,230.3,2025-09-10 13:08:12.519659
bed_temp,59.7,2025-09-10 13:08:12.519659
current,1.85,2025-09-10 13:08:12.519659
power,227.8,2025-09-10 13:08:12.519659
voltage,121.11,2025-09-10 13:08:12.519659
filament_temp,230.8,2025-09-10 13:08:13.019906
bed_temp,59.3,2025-09-10 13:08:13.019906
current,1.85,2025-09-10 13:08:13.019906
power,227.8,2025-09-10 13:08:13.019906
voltage,121.11,2025-09-10 13:08:13.019906
filament_temp,230.8,2025-09-10 13:08:13.520148
bed_temp,59.3,2025-09-10 13:08:13.520148
current,1.85,2025-09-10 13:08:13.520148
power,227.8,2025-09-10 13:08:13.520148
voltage,121.11,2025-09-10 13:08:13.520148
filament_temp,230.8,2025-09-10 13:08:14.020375
bed_temp,59.3,2025-09-10 13:08:14.020375
current,1.85,2025-09-10 13:08:14.020375
power,227.8,2025-09-10 13:08:14.020375
voltage,121.11,2025-09-10 13:08:14.020375
filament_temp,230.8,2025-09-10 13:08:14.520602
bed_temp,59.3,2025-09-10 13:08:14.520602
current,1.85,2025-09-10 13:08:14.520602
power,227.8,2025-09-10 13:08:14.520602
voltage,121.11,2025-09-10 13:08:14.520602
filament_temp,230.0,2025-09-10 13:08:15.020812
bed_temp,59.6,2025-09-10 13:08:15.020812
current,1.85,2025-09-10 13:08:15.020812
power,227.8,2025-09-10 13:08:15.020812
voltage,121.11,2025-09-10 13:08:15.020812
filament_temp,230.0,2025-09-10 13:08:15.521043
bed_temp,59.6,2025-09-10 13:08:15.521043
current,1.85,2025-09-10 13:08:15.521043
power,227.8,2025-09-10 13:08:15.521043
voltage,121.11,2025-09-10 13:08:15.521043
filament_temp,230.0,2025-09-10 13:08:16.021272
bed_temp,59.6,2025-09-10 13:08:16.021272
current,1.85,2025-09-10 13:08:16.021272
power,60.8,2025-09-10 13:08:16.021272
voltage,121.11,2025-09-10 13:08:16.021272
filament_temp,230.0,2025-09-10 13:08:16.521461
bed_temp,59.6,2025-09-10 13:08:16.521461
current,1.85,2025-09-10 13:08:16.521461
power,60.8,2025-09-10 13:08:16.521461
voltage,121.11,2025-09-10 13:08:16.521461
filament_temp,229.8,2025-09-10 13:08:17.021686
bed_temp,59.4,2025-09-10 13:08:17.021686
current,1.85,2025-09-10 13:08:17.021686
power,60.8,2025-09-10 13:08:17.021686
voltage,121.11,2025-09-10 13:08:17.021686
filament_temp,229.8,2025-09-10 13:08:17.521898
bed_temp,59.4,2025-09-10 13:08:17.521898
current,1.85,2025-09-10 13:08:17.521898
power,60.8,2025-09-10 13:08:17.521898
voltage,121.11,2025-09-10 13:08:17.521898
filament_temp,229.8,2025-09-10 13:08:18.022116
bed_temp,59.4,2025-09-10 13:08:18.022116
current,1.85,2025-09-10 13:08:18.022116
power,60.8,2025-09-10 13:08:18.022116
voltage,121.11,2025-09-10 13:08:18.022116
filament_temp,229.8,2025-09-10 13:08:18.522322
bed_temp,59.4,2025-09-10 13:08:18.522322
current,1.85,2025-09-10 13:08:18.522322
power,60.8,2025-09-10 13:08:18.522322
voltage,121.11,2025-09-10 13:08:18.522322
filament_temp,229.5,2025-09-10 13:08:19.022549
bed_temp,60.0,2025-09-10 13:08:19.022549
current,1.85,2025-09-10 13:08:19.022549
power,60.8,2025-09-10 13:08:19.022549
voltage,121.11,2025-09-10 13:08:19.022549
filament_temp,229.5,2025-09-10 13:08:19.522771
bed_temp,60.0,2025-09-10 13:08:19.522771
current,1.85,2025-09-10 13:08:19.522771
power,60.8,2025-09-10 13:08:19.522771
voltage,121.11,2025-09-10 13:08:19.522771
filament_temp,229.5,2025-09-10 13:08:20.022997
bed_temp,60.0,2025-09-10 13:08:20.022997
current,1.85,2025-09-10 13:08:20.022997
power,60.8,2025-09-10 13:08:20.022997
voltage,121.11,2025-09-10 13:08:20.022997
filament_temp,229.5,2025-09-10 13:08:20.523200
bed_temp,60.0,2025-09-10 13:08:20.523200
current,1.85,2025-09-10 13:08:20.523200
power,60.8,2025-09-10 13:08:20.523200
voltage,121.11,2025-09-10 13:08:20.523200
filament_temp,230.0,2025-09-10 13:08:21.023428
bed_temp,60.3,2025-09-10 13:08:21.023428
current,1.85,2025-09-10 13:08:21.023428
power,60.8,2025-09-10 13:08:21.023428
voltage,121.11,2025-09-10 13:08:21.023428
filament_temp,230.0,2025-09-10 13:08:21.523657
bed_temp,60.3,2025-09-10 13:08:21.523657
current,1.85,2025-09-10 13:08:21.523657
power,229.7,2025-09-10 13:08:21.523657
voltage,121.11,2025-09-10 13:08:21.523657
filament_temp,230.0,2025-09-10 13:08:22.023909
bed_temp,60.3,2025-09-10 13:08:22.023909
current,1.85,2025-09-10 13:08:22.023909
power,229.7,2025-09-10 13:08:22.023909
voltage,121.11,2025-09-10 13:08:22.023909
filament_temp,230.0,2025-09-10 13:08:22.524138
bed_temp,60.3,2025-09-10 13:08:22.524138
current,1.85,2025-09-10 13:08:22.524138
power,229.7,2025-09-10 13:08:22.524138
voltage,121.11,2025-09-10 13:08:22.524138
filament_temp,229.3,2025-09-10 13:08:23.024354
bed_temp,60.5,2025-09-10 13:08:23.024354
current,1.85,2025-09-10 13:08:23.024354
power,229.7,2025-09-10 13:08:23.024354
voltage,121.11,2025-09-10 13:08:23.024354
filament_temp,229.3,2025-09-10 13:08:23.524568
bed_temp,60.5,2025-09-10 13:08:23.524568
current,1.85,2025-09-10 13:08:23.524568
power,229.7,2025-09-10 13:08:23.524568
voltage,121.11,2025-09-10 13:08:23.524568
filament_temp,229.3,2025-09-10 13:08:24.024813
bed_temp,60.5,2025-09-10 13:08:24.024813
current,1.85,2025-09-10 13:08:24.024813
power,229.7,2025-09-10 13:08:24.024813
voltage,121.11,2025-09-10 13:08:24.024813
filament_temp,229.3,2025-09-10 13:08:24.525044
bed_temp,60.5,2025-09-10 13:08:24.525044
current,1.85,2025-09-10 13:08:24.525044
power,229.7,2025-09-10 13:08:24.525044
voltage,121.11,2025-09-10 13:08:24.525044
filament_temp,229.8,2025-09-10 13:08:25.025253
bed_temp,60.5,2025-09-10 13:08:25.025253
current,1.85,2025-09-10 13:08:25.025253
power,229.7,2025-09-10 13:08:25.025253
voltage,121.11,2025-09-10 13:08:25.025253
filament_temp,229.8,2025-09-10 13:08:25.525484
bed_temp,60.5,2025-09-10 13:08:25.525484
current,1.85,2025-09-10 13:08:25.525484
power,229.7,2025-09-10 13:08:25.525484
voltage,121.11,2025-09-10 13:08:25.525484
filament_temp,229.8,2025-09-10 13:08:26.025706
bed_temp,60.5,2025-09-10 13:08:26.025706
current,1.85,2025-09-10 13:08:26.025706
power,229.7,2025-09-10 13:08:26.025706
voltage,121.11,2025-09-10 13:08:26.025706
filament_temp,229.8,2025-09-10 13:08:26.525925
bed_temp,60.5,2025-09-10 13:08:26.525925
current,1.85,2025-09-10 13:08:26.525925
power,229.7,2025-09-10 13:08:26.525925
voltage,121.11,2025-09-10 13:08:26.525925
filament_temp,230.3,2025-09-10 13:08:27.026137
bed_temp,60.2,2025-09-10 13:08:27.026137
current,1.85,2025-09-10 13:08:27.026137
power,229.7,2025-09-10 13:08:27.026137
voltage,121.11,2025-09-10 13:08:27.026137
filament_temp,230.3,2025-09-10 13:08:27.526349
bed_temp,60.2,2025-09-10 13:08:27.526349
current,1.85,2025-09-10 13:08:27.526349
power,225.4,2025-09-10 13:08:27.526349
voltage,121.11,2025-09-10 13:08:27.526349
filament_temp,230.3,2025-09-10 13:08:28.026565
bed_temp,60.2,2025-09-10 13:08:28.026565
current,1.85,2025-09-10 13:08:28.026565
power,225.4,2025-09-10 13:08:28.026565
voltage,121.11,2025-09-10 13:08:28.026565
filament_temp,230.3,2025-09-10 13:08:28.526801
bed_temp,60.2,2025-09-10 13:08:28.526801
current,1.85,2025-09-10 13:08:28.526801
power,225.4,2025-09-10 13:08:28.526801
voltage,121.11,2025-09-10 13:08:28.526801
filament_temp,229.5,2025-09-10 13:08:29.027018
bed_temp,59.9,2025-09-10 13:08:29.027018
current,1.85,2025-09-10 13:08:29.027018
power,225.4,2025-09-10 13:08:29.027018
voltage,121.11,2025-09-10 13:08:29.027018
filament_temp,229.5,2025-09-10 13:08:29.527210
bed_temp,59.9,2025-09-10 13:08:29.527210
current,1.85,2025-09-10 13:08:29.527210
power,225.4,2025-09-10 13:08:29.527210
voltage,121.11,2025-09-10 13:08:29.527210
filament_temp,229.5,2025-09-10 13:08:30.027423
bed_temp,59.9,2025-09-10 13:08:30.027423
current,1.85,2025-09-10 13:08:30.027423
power,225.4,2025-09-10 13:08:30.027423
voltage,121.11,2025-09-10 13:08:30.027423
filament_temp,229.5,2025-09-10 13:08:30.527640
bed_temp,59.9,2025-09-10 13:08:30.527640
current,1.85,2025-09-10 13:08:30.527640
power,225.4,2025-09-10 13:08:30.527640
voltage,121.11,2025-09-10 13:08:30.527640
filament_temp,230.7,2025-09-10 13:08:31.027877
bed_temp,59.9,2025-09-10 13:08:31.027877
current,1.85,2025-09-10 13:08:31.027877
power,225.4,2025-09-10 13:08:31.027877
voltage,121.11,2025-09-10 13:08:31.027877
filament_temp,230.7,2025-09-10 13:08:31.528119
bed_temp,59.9,2025-09-10 13:08:31.528119
current,1.85,2025-09-10 13:08:31.528119
power,225.4,2025-09-10 13:08:31.528119
voltage,121.11,2025-09-10 13:08:31.528119
filament_temp,230.7,2025-09-10 13:08:32.028366
bed_temp,59.9,2025-09-10 13:08:32.028366
current,1.85,2025-09-10 13:08:32.028366
power,225.4,2025-09-10 13:08:32.028366
voltage,121.11,2025-09-10 13:08:32.028366
filament_temp,230.7,2025-09-10 13:08:32.528596
bed_temp,59.9,2025-09-10 13:08:32.528596
current,1.85,2025-09-10 13:08:32.528596
power,225.4,2025-09-10 13:08:32.528596
voltage,121.11,2025-09-10 13:08:32.528596
filament_temp,230.7,2025-09-10 13:08:33.028837
bed_temp,60.5,2025-09-10 13:08:33.028837
current,1.85,2025-09-10 13:08:33.028837
power,225.4,2025-09-10 13:08:33.028837
voltage,121.11,2025-09-10 13:08:33.028837
filament_temp,230.7,2025-09-10 13:08:33.529044
bed_temp,60.5,2025-09-10 13:08:33.529044
current,1.85,2025-09-10 13:08:33.529044
power,225.4,2025-09-10 13:08:33.529044
voltage,121.11,2025-09-10 13:08:33.529044
filament_temp,230.7,2025-09-10 13:08:34.029246
bed_temp,60.5,2025-09-10 13:08:34.029246
current,1.85,2025-09-10 13:08:34.029246
power,225.4,2025-09-10 13:08:34.029246
voltage,121.11,2025-09-10 13:08:34.029246
filament_temp,230.7,2025-09-10 13:08:34.529464
bed_temp,60.5,2025-09-10 13:08:34.529464
current,1.85,2025-09-10 13:08:34.529464
power,225.4,2025-09-10 13:08:34.529464
voltage,121.11,2025-09-10 13:08:34.529464
filament_temp,230.7,2025-09-10 13:08:35.029692
bed_temp,59.6,2025-09-10 13:08:35.029692
current,1.85,2025-09-10 13:08:35.029692
power,225.4,2025-09-10 13:08:35.029692
voltage,121.11,2025-09-10 13:08:35.029692
filament_temp,230.7,2025-09-10 13:08:35.529910
bed_temp,59.6,2025-09-10 13:08:35.529910
current,1.85,2025-09-10 13:08:35.529910
power,225.4,2025-09-10 13:08:35.529910
voltage,121.11,2025-09-10 13:08:35.529910
filament_temp,230.7,2025-09-10 13:08:36.030137
bed_temp,59.6,2025-09-10 13:08:36.030137
current,1.85,2025-09-10 13:08:36.030137
power,225.4,2025-09-10 13:08:36.030137
voltage,121.11,2025-09-10 13:08:36.030137
filament_temp,230.7,2025-09-10 13:08:36.530365
bed_temp,59.6,2025-09-10 13:08:36.530365
current,1.85,2025-09-10 13:08:36.530365
power,225.4,2025-09-10 13:08:36.530365
voltage,121.11,2025-09-10 13:08:36.530365
filament_temp,230.5,2025-09-10 13:08:37.030591
bed_temp,61.1,2025-09-10 13:08:37.030591
current,1.85,2025-09-10 13:08:37.030591
power,60.6,2025-09-10 13:08:37.030591
voltage,121.11,2025-09-10 13:08:37.030591
filament_temp,230.5,2025-09-10 13:08:37.530833
bed_temp,61.1,2025-09-10 13:08:37.530833
current,1.85,2025-09-10 13:08:37.530833
power,60.6,2025-09-10 13:08:37.530833
voltage,121.11,2025-09-10 13:08:37.530833
filament_temp,230.5,2025-09-10 13:08:38.031073
bed_temp,61.1,2025-09-10 13:08:38.031073
current,1.85,2025-09-10 13:08:38.031073
power,60.6,2025-09-10 13:08:38.031073
voltage,121.11,2025-09-10 13:08:38.031073
filament_temp,230.5,2025-09-10 13:08:38.531278
bed_temp,61.1,2025-09-10 13:08:38.531278
current,1.85,2025-09-10 13:08:38.531278
power,60.6,2025-09-10 13:08:38.531278
voltage,121.11,2025-09-10 13:08:38.531278
filament_temp,230.2,2025-09-10 13:08:39.031504
bed_temp,59.3,2025-09-10 13:08:39.031504
current,1.85,2025-09-10 13:08:39.031504
power,60.6,2025-09-10 13:08:39.031504
voltage,121.11,2025-09-10 13:08:39.031504
filament_temp,230.2,2025-09-10 13:08:39.531745
bed_temp,59.3,2025-09-10 13:08:39.531745
current,1.85,2025-09-10 13:08:39.531745
power,60.6,2025-09-10 13:08:39.531745
voltage,121.11,2025-09-10 13:08:39.531745
filament_temp,230.2,2025-09-10 13:08:40.031942
bed_temp,59.3,2025-09-10 13:08:40.031942
current,1.85,2025-09-10 13:08:40.031942
power,60.6,2025-09-10 13:08:40.031942
voltage,121.11,2025-09-10 13:08:40.031942
filament_temp,230.2,2025-09-10 13:08:40.532153
bed_temp,59.3,2025-09-10 13:08:40.532153
current,1.97,2025-09-10 13:08:40.532153
power,60.6,2025-09-10 13:08:40.532153
voltage,121.11,2025-09-10 13:08:40.532153
filament_temp,230.3,2025-09-10 13:08:41.032379
bed_temp,60.3,2025-09-10 13:08:41.032379
current,1.97,2025-09-10 13:08:41.032379
power,228.7,2025-09-10 13:08:41.032379
voltage,121.11,2025-09-10 13:08:41.032379
filament_temp,230.3,2025-09-10 13:08:41.532620
bed_temp,60.3,2025-09-10 13:08:41.532620
current,1.97,2025-09-10 13:08:41.532620
power,228.7,2025-09-10 13:08:41.532620
voltage,121.11,2025-09-10 13:08:41.532620
filament_temp,230.3,2025-09-10 13:08:42.032866
bed_temp,60.3,2025-09-10 13:08:42.032866
current,1.97,2025-09-10 13:08:42.032866
power,228.7,2025-09-10 13:08:42.032866
voltage,121.11,2025-09-10 13:08:42.032866
filament_temp,230.3,2025-09-10 13:08:42.533051
bed_temp,60.3,2025-09-10 13:08:42.533051
current,1.97,2025-09-10 13:08:42.533051
power,228.7,2025-09-10 13:08:42.533051
voltage,121.11,2025-09-10 13:08:42.533051
filament_temp,229.2,2025-09-10 13:08:43.033280
bed_temp,59.9,2025-09-10 13:08:43.033280
current,1.97,2025-09-10 13:08:43.033280
power,228.7,2025-09-10 13:08:43.033280
voltage,121.11,2025-09-10 13:08:43.033280
filament_temp,229.2,2025-09-10 13:08:43.533494
bed_temp,59.9,2025-09-10 13:08:43.533494
current,1.97,2025-09-10 13:08:43.533494
power,228.7,2025-09-10 13:08:43.533494
voltage,121.11,2025-09-10 13:08:43.533494
filament_temp,229.2,2025-09-10 13:08:44.033707
bed_temp,59.9,2025-09-10 13:08:44.033707
current,1.97,2025-09-10 13:08:44.033707
power,228.7,2025-09-10 13:08:44.033707
voltage,121.11,2025-09-10 13:08:44.033707
filament_temp,229.2,2025-09-10 13:08:44.533929
bed_temp,59.9,2025-09-10 13:08:44.533929
current,1.97,2025-09-10 13:08:44.533929
power,228.7,2025-09-10 13:08:44.533929
voltage,121.11,2025-09-10 13:08:44.533929
filament_temp,229.5,2025-09-10 13:08:45.034146
bed_temp,59.3,2025-09-10 13:08:45.034146
current,1.97,2025-09-10 13:08:45.034146
power,228.7,2025-09-10 13:08:45.034146
voltage,121.11,2025-09-10 13:08:45.034146
filament_temp,229.5,2025-09-10 13:08:45.534363
bed_temp,59.3,2025-09-10 13:08:45.534363
current,1.97,2025-09-10 13:08:45.534363
power,228.7,2025-09-10 13:08:45.534363
voltage,121.11,2025-09-10 13:08:45.534363
filament_temp,229.5,2025-09-10 13:08:46.034573
bed_temp,59.3,2025-09-10 13:08:46.034573
current,1.97,2025-09-10 13:08:46.034573
power,228.7,2025-09-10 13:08:46.034573
voltage,121.11,2025-09-10 13:08:46.034573
filament_temp,229.5,2025-09-10 13:08:46.534800
bed_temp,59.3,2025-09-10 13:08:46.534800
current,1.97,2025-09-10 13:08:46.534800
power,228.7,2025-09-10 13:08:46.534800
voltage,121.11,2025-09-10 13:08:46.534800
filament_temp,230.3,2025-09-10 13:08:47.034987
bed_temp,59.7,2025-09-10 13:08:47.034987
current,1.97,2025-09-10 13:08:47.034987
power,228.7,2025-09-10 13:08:47.034987
voltage,121.11,2025-09-10 13:08:47.034987
filament_temp,230.3,2025-09-10 13:08:47.535183
bed_temp,59.7,2025-09-10 13:08:47.535183
current,1.97,2025-09-10 13:08:47.535183
power,228.7,2025-09-10 13:08:47.535183
voltage,121.11,2025-09-10 13:08:47.535183
filament_temp,230.3,2025-09-10 13:08:48.035391
bed_temp,59.7,2025-09-10 13:08:48.035391
current,1.97,2025-09-10 13:08:48.035391
power,228.7,2025-09-10 13:08:48.035391
voltage,121.11,2025-09-10 13:08:48.035391
filament_temp,230.3,2025-09-10 13:08:48.535621
bed_temp,59.7,2025-09-10 13:08:48.535621
current,1.97,2025-09-10 13:08:48.535621
power,228.7,2025-09-10 13:08:48.535621
voltage,121.11,2025-09-10 13:08:48.535621
filament_temp,230.0,2025-09-10 13:08:49.035843
bed_temp,60.8,2025-09-10 13:08:49.035843
current,1.97,2025-09-10 13:08:49.035843
power,228.7,2025-09-10 13:08:49.035843
voltage,121.11,2025-09-10 13:08:49.035843
filament_temp,230.0,2025-09-10 13:08:49.536076
bed_temp,60.8,2025-09-10 13:08:49.536076
current,1.97,2025-09-10 13:08:49.536076
power,228.7,2025-09-10 13:08:49.536076
voltage,121.11,2025-09-10 13:08:49.536076
filament_temp,230.0,2025-09-10 13:08:50.036299
bed_temp,60.8,2025-09-10 13:08:50.036299
current,1.97,2025-09-10 13:08:50.036299
power,228.7,2025-09-10 13:08:50.036299
voltage,121.11,2025-09-10 13:08:50.036299
filament_temp,230.0,2025-09-10 13:08:50.536534
bed_temp,60.8,2025-09-10 13:08:50.536534
current,1.97,2025-09-10 13:08:50.536534
power,228.7,2025-09-10 13:08:50.536534
voltage,121.11,2025-09-10 13:08:50.536534
filament_temp,230.0,2025-09-10 13:08:51.036768
bed_temp,60.5,2025-09-10 13:08:51.036768
current,1.97,2025-09-10 13:08:51.036768
power,228.7,2025-09-10 13:08:51.036768
voltage,121.11,2025-09-10 13:08:51.036768
filament_temp,230.0,2025-09-10 13:08:51.536975
bed_temp,60.5,2025-09-10 13:08:51.536975
current,1.97,2025-09-10 13:08:51.536975
power,228.7,2025-09-10 13:08:51.536975
voltage,121.11,2025-09-10 13:08:51.536975
filament_temp,230.0,2025-09-10 13:08:52.037199
bed_temp,60.5,2025-09-10 13:08:52.037199
current,1.97,2025-09-10 13:08:52.037199
power,228.7,2025-09-10 13:08:52.037199
voltage,121.11,2025-09-10 13:08:52.037199
filament_temp,230.0,2025-09-10 13:08:52.537415
bed_temp,60.5,2025-09-10 13:08:52.537415
current,1.97,2025-09-10 13:08:52.537415
power,228.7,2025-09-10 13:08:52.537415
voltage,121.11,2025-09-10 13:08:52.537415
filament_temp,230.0,2025-09-10 13:08:53.037636
bed_temp,61.6,2025-09-10 13:08:53.037636
current,1.97,2025-09-10 13:08:53.037636
power,228.7,2025-09-10 13:08:53.037636
voltage,121.11,2025-09-10 13:08:53.037636
filament_temp,230.0,2025-09-10 13:08:53.537864
bed_temp,61.6,2025-09-10 13:08:53.537864
current,1.97,2025-09-10 13:08:53.537864
power,51.9,2025-09-10 13:08:53.537864
voltage,121.11,2025-09-10 13:08:53.537864
filament_temp,230.0,2025-09-10 13:08:54.038088
bed_temp,61.6,2025-09-10 13:08:54.038088
current,0.55,2025-09-10 13:08:54.038088
power,51.9,2025-09-10 13:08:54.038088
voltage,121.11,2025-09-10 13:08:54.038088
filament_temp,230.0,2025-09-10 13:08:54.538314
bed_temp,61.6,2025-09-10 13:08:54.538314
current,0.55,2025-09-10 13:08:54.538314
power,51.9,2025-09-10 13:08:54.538314
voltage,121.11,2025-09-10 13:08:54.538314
filament_temp,230.5,2025-09-10 13:08:55.038516
bed_temp,60.0,2025-09-10 13:08:55.038516
current,0.55,2025-09-10 13:08:55.038516
power,51.9,2025-09-10 13:08:55.038516
voltage,121.11,2025-09-10 13:08:55.038516
filament_temp,230.5,2025-09-10 13:08:55.538762
bed_temp,60.0,2025-09-10 13:08:55.538762
current,0.55,2025-09-10 13:08:55.538762
power,51.9,2025-09-10 13:08:55.538762
voltage,121.11,2025-09-10 13:08:55.538762
filament_temp,230.5,2025-09-10 13:08:56.038962
bed_temp,60.0,2025-09-10 13:08:56.038962
current,0.55,2025-09-10 13:08:56.038962
power,51.9,2025-09-10 13:08:56.038962
voltage,121.11,2025-09-10 13:08:56.038962
filament_temp,230.5,2025-09-10 13:08:56.539207
bed_temp,60.0,2025-09-10 13:08:56.539207
current,0.55,2025-09-10 13:08:56.539207
power,51.9,2025-09-10 13:08:56.539207
voltage,121.11,2025-09-10 13:08:56.539207
filament_temp,230.2,2025-09-10 13:08:57.039451
bed_temp,61.4,2025-09-10 13:08:57.039451
current,0.55,2025-09-10 13:08:57.039451
power,51.9,2025-09-10 13:08:57.039451
voltage,121.11,2025-09-10 13:08:57.039451
filament_temp,230.2,2025-09-10 13:08:57.539692
bed_temp,61.4,2025-09-10 13:08:57.539692
current,0.55,2025-09-10 13:08:57.539692
power,51.9,2025-09-10 13:08:57.539692
voltage,121.11,2025-09-10 13:08:57.539692
filament_temp,230.2,2025-09-10 13:08:58.039921
bed_temp,61.4,2025-09-10 13:08:58.039921
current,0.55,2025-09-10 13:08:58.039921
power,51.9,2025-09-10 13:08:58.039921
voltage,121.11,2025-09-10 13:08:58.039921
filament_temp,230.2,2025-09-10 13:08:58.540167
bed_temp,61.4,2025-09-10 13:08:58.540167
current,0.55,2025-09-10 13:08:58.540167
power,51.9,2025-09-10 13:08:58.540167
voltage,121.11,2025-09-10 13:08:58.540167
filament_temp,229.8,2025-09-10 13:08:59.040404
bed_temp,60.2,2025-09-10 13:08:59.040404
current,0.55,2025-09-10 13:08:59.040404
power,51.9,2025-09-10 13:08:59.040404
voltage,121.11,2025-09-10 13:08:59.040404
filament_temp,229.8,2025-09-10 13:08:59.540634
bed_temp,60.2,2025-09-10 13:08:59.540634
current,0.55,2025-09-10 13:08:59.540634
power,227.9,2025-09-10 13:08:59.540634
voltage,121.11,2025-09-10 13:08:59.540634
filament_temp,229.8,2025-09-10 13:09:00.040837
bed_temp,60.2,2025-09-10 13:09:00.040837
current,0.55,2025-09-10 13:09:00.040837
power,227.9,2025-09-10 13:09:00.040837
voltage,121.11,2025-09-10 13:09:00.040837
filament_temp,229.8,2025-09-10 13:09:00.541052
bed_temp,60.2,2025-09-10 13:09:00.541052
current,0.55,2025-09-10 13:09:00.541052
power,227.9,2025-09-10 13:09:00.541052
voltage,121.11,2025-09-10 13:09:00.541052
filament_temp,231.2,2025-09-10 13:09:01.041269
bed_temp,59.9,2025-09-10 13:09:01.041269
current,0.55,2025-09-10 13:09:01.041269
power,227.9,2025-09-10 13:09:01.041269
voltage,121.11,2025-09-10 13:09:01.041269
filament_temp,231.2,2025-09-10 13:09:01.541523
bed_temp,59.9,2025-09-10 13:09:01.541523
current,0.55,2025-09-10 13:09:01.541523
power,227.9,2025-09-10 13:09:01.541523
voltage,121.11,2025-09-10 13:09:01.541523
filament_temp,231.2,2025-09-10 13:09:02.041750
bed_temp,59.9,2025-09-10 13:09:02.041750
current,0.55,2025-09-10 13:09:02.041750
power,227.9,2025-09-10 13:09:02.041750
voltage,121.11,2025-09-10 13:09:02.041750
filament_temp,231.2,2025-09-10 13:09:02.541975
bed_temp,59.9,2025-09-10 13:09:02.541975
current,0.55,2025-09-10 13:09:02.541975
power,227.9,2025-09-10 13:09:02.541975
voltage,121.11,2025-09-10 13:09:02.541975
filament_temp,229.2,2025-09-10 13:09:03.042195
bed_temp,59.0,2025-09-10 13:09:03.042195
current,0.55,2025-09-10 13:09:03.042195
power,227.9,2025-09-10 13:09:03.042195
voltage,121.11,2025-09-10 13:09:03.042195
filament_temp,229.2,2025-09-10 13:09:03.542414
bed_temp,59.0,2025-09-10 13:09:03.542414
current,0.55,2025-09-10 13:09:03.542414
power,227.9,2025-09-10 13:09:03.542414
voltage,121.11,2025-09-10 13:09:03.542414
filament_temp,229.2,2025-09-10 13:09:04.042659
bed_temp,59.0,2025-09-10 13:09:04.042659
current,0.55,2025-09-10 13:09:04.042659
power,227.9,2025-09-10 13:09:04.042659
voltage,121.11,2025-09-10 13:09:04.042659
filament_temp,229.2,2025-09-10 13:09:04.542883
bed_temp,59.0,2025-09-10 13:09:04.542883
current,0.55,2025-09-10 13:09:04.542883
power,227.9,2025-09-10 13:09:04.542883
voltage,121.11,2025-09-10 13:09:04.542883
filament_temp,230.2,2025-09-10 13:09:05.043110
bed_temp,59.4,2025-09-10 13:09:05.043110
current,0.55,2025-09-10 13:09:05.043110
power,227.9,2025-09-10 13:09:05.043110
voltage,121.11,2025-09-10 13:09:05.043110
filament_temp,230.2,2025-09-10 13:09:05.543320
bed_temp,59.4,2025-09-10 13:09:05.543320
current,0.55,2025-09-10 13:09:05.543320
power,227.9,2025-09-10 13:09:05.543320
voltage,121.11,2025-09-10 13:09:05.543320
filament_temp,230.2,2025-09-10 13:09:06.043501
bed_temp,59.4,2025-09-10 13:09:06.043501
current,1.86,2025-09-10 13:09:06.043501
power,227.9,2025-09-10 13:09:06.043501
voltage,121.11,2025-09-10 13:09:06.043501
filament_temp,230.2,2025-09-10 13:09:06.543730
bed_temp,59.4,2025-09-10 13:09:06.543730
current,1.86,2025-09-10 13:09:06.543730
power,229,2025-09-10 13:09:06.543730
voltage,121.11,2025-09-10 13:09:06.543730
filament_temp,229.8,2025-09-10 13:09:07.043968
bed_temp,60.0,2025-09-10 13:09:07.043968
current,1.86,2025-09-10 13:09:07.043968
power,229,2025-09-10 13:09:07.043968
voltage,121.11,2025-09-10 13:09:07.043968
filament_temp,229.8,2025-09-10 13:09:07.544208
bed_temp,60.0,2025-09-10 13:09:07.544208
current,1.86,2025-09-10 13:09:07.544208
power,229,2025-09-10 13:09:07.544208
voltage,121.11,2025-09-10 13:09:07.544208
filament_temp,229.8,2025-09-10 13:09:08.044452
bed_temp,60.0,2025-09-10 13:09:08.044452
current,1.86,2025-09-10 13:09:08.044452
power,229,2025-09-10 13:09:08.044452
voltage,121.11,2025-09-10 13:09:08.044452
filament_temp,229.8,2025-09-10 13:09:08.544686
bed_temp,60.0,2025-09-10 13:09:08.544686
current,1.86,2025-09-10 13:09:08.544686
power,215.8,2025-09-10 13:09:08.544686
voltage,121.11,2025-09-10 13:09:08.544686
filament_temp,230.5,2025-09-10 13:09:09.044928
bed_temp,59.6,2025-09-10 13:09:09.044928
current,1.86,2025-09-10 13:09:09.044928
power,215.8,2025-09-10 13:09:09.044928
voltage,121.11,2025-09-10 13:09:09.044928
filament_temp,230.5,2025-09-10 13:09:09.545141
bed_temp,59.6,2025-09-10 13:09:09.545141
current,1.86,2025-09-10 13:09:09.545141
power,215.8,2025-09-10 13:09:09.545141
voltage,121.11,2025-09-10 13:09:09.545141
filament_temp,230.5,2025-09-10 13:09:10.045341
bed_temp,59.6,2025-09-10 13:09:10.045341
current,0.6,2025-09-10 13:09:10.045341
power,215.8,2025-09-10 13:09:10.045341
voltage,121.11,2025-09-10 13:09:10.045341
filament_temp,230.5,2025-09-10 13:09:10.545562
bed_temp,59.6,2025-09-10 13:09:10.545562
current,0.6,2025-09-10 13:09:10.545562
power,215.8,2025-09-10 13:09:10.545562
voltage,121.11,2025-09-10 13:09:10.545562
filament_temp,229.8,2025-09-10 13:09:11.045789
bed_temp,59.9,2025-09-10 13:09:11.045789
current,0.6,2025-09-10 13:09:11.045789
power,215.8,2025-09-10 13:09:11.045789
voltage,121.11,2025-09-10 13:09:11.045789
filament_temp,229.8,2025-09-10 13:09:11.546017
bed_temp,59.9,2025-09-10 13:09:11.546017
current,0.6,2025-09-10 13:09:11.546017
power,215.8,2025-09-10 13:09:11.546017
voltage,121.11,2025-09-10 13:09:11.546017
filament_temp,229.8,2025-09-10 13:09:12.046220
bed_temp,59.9,2025-09-10 13:09:12.046220
current,0.6,2025-09-10 13:09:12.046220
power,215.8,2025-09-10 13:09:12.046220
voltage,121.11,2025-09-10 13:09:12.046220
filament_temp,229.8,2025-09-10 13:09:12.546460
bed_temp,59.9,2025-09-10 13:09:12.546460
current,0.6,2025-09-10 13:09:12.546460
power,215.8,2025-09-10 13:09:12.546460
voltage,121.11,2025-09-10 13:09:12.546460
filament_temp,229.2,2025-09-10 13:09:13.046672
bed_temp,60.2,2025-09-10 13:09:13.046672
current,0.6,2025-09-10 13:09:13.046672
power,215.8,2025-09-10 13:09:13.046672
voltage,121.11,2025-09-10 13:09:13.046672
filament_temp,229.2,2025-09-10 13:09:13.546915
bed_temp,60.2,2025-09-10 13:09:13.546915
current,0.6,2025-09-10 13:09:13.546915
power,215.8,2025-09-10 13:09:13.546915
voltage,121.11,2025-09-10 13:09:13.546915
filament_temp,229.2,2025-09-10 13:09:14.047160
bed_temp,60.2,2025-09-10 13:09:14.047160
current,0.6,2025-09-10 13:09:14.047160
power,215.8,2025-09-10 13:09:14.047160
voltage,121.11,2025-09-10 13:09:14.047160
filament_temp,229.2,2025-09-10 13:09:14.547395
bed_temp,60.2,2025-09-10 13:09:14.547395
current,1.98,2025-09-10 13:09:14.547395
power,215.8,2025-09-10 13:09:14.547395
voltage,121.11,2025-09-10 13:09:14.547395
filament_temp,229.7,2025-09-10 13:09:15.047594
bed_temp,60.3,2025-09-10 13:09:15.047594
current,1.98,2025-09-10 13:09:15.047594
power,233,2025-09-10 13:09:15.047594
voltage,121.11,2025-09-10 13:09:15.047594
filament_temp,229.7,2025-09-10 13:09:15.547770
bed_temp,60.3,2025-09-10 13:09:15.547770
current,1.86,2025-09-10 13:09:15.547770
power,233,2025-09-10 13:09:15.547770
voltage,121.11,2025-09-10 13:09:15.547770
filament_temp,229.7,2025-09-10 13:09:16.047955
bed_temp,60.3,2025-09-10 13:09:16.047955
current,1.86,2025-09-10 13:09:16.047955
power,233,2025-09-10 13:09:16.047955
voltage,121.11,2025-09-10 13:09:16.047955
filament_temp,229.7,2025-09-10 13:09:16.548200
bed_temp,60.3,2025-09-10 13:09:16.548200
current,1.86,2025-09-10 13:09:16.548200
power,220,2025-09-10 13:09:16.548200
voltage,121.11,2025-09-10 13:09:16.548200
filament_temp,230.5,2025-09-10 13:09:17.048443
bed_temp,59.4,2025-09-10 13:09:17.048443
current,1.86,2025-09-10 13:09:17.048443
power,231.1,2025-09-10 13:09:17.048443
voltage,121.11,2025-09-10 13:09:17.048443
filament_temp,230.5,2025-09-10 13:09:17.548648
bed_temp,59.4,2025-09-10 13:09:17.548648
current,1.86,2025-09-10 13:09:17.548648
power,229.3,2025-09-10 13:09:17.548648
voltage,121.11,2025-09-10 13:09:17.548648
filament_temp,230.5,2025-09-10 13:09:18.048853
bed_temp,59.4,2025-09-10 13:09:18.048853
current,1.86,2025-09-10 13:09:18.048853
power,229.3,2025-09-10 13:09:18.048853
voltage,121.11,2025-09-10 13:09:18.048853
filament_temp,230.5,2025-09-10 13:09:18.549075
bed_temp,59.4,2025-09-10 13:09:18.549075
current,1.86,2025-09-10 13:09:18.549075
power,229.3,2025-09-10 13:09:18.549075
voltage,121.11,2025-09-10 13:09:18.549075
filament_temp,230.2,2025-09-10 13:09:19.049296
bed_temp,61.2,2025-09-10 13:09:19.049296
current,1.86,2025-09-10 13:09:19.049296
power,229.3,2025-09-10 13:09:19.049296
voltage,121.11,2025-09-10 13:09:19.049296
filament_temp,230.2,2025-09-10 13:09:19.549523
bed_temp,61.2,2025-09-10 13:09:19.549523
current,1.86,2025-09-10 13:09:19.549523
power,229.3,2025-09-10 13:09:19.549523
voltage,121.11,2025-09-10 13:09:19.549523
filament_temp,230.2,2025-09-10 13:09:20.049751
bed_temp,61.2,2025-09-10 13:09:20.049751
current,1.86,2025-09-10 13:09:20.049751
power,229.3,2025-09-10 13:09:20.049751
voltage,121.11,2025-09-10 13:09:20.049751
filament_temp,230.2,2025-09-10 13:09:20.549972
bed_temp,61.2,2025-09-10 13:09:20.549972
current,1.86,2025-09-10 13:09:20.549972
power,229.3,2025-09-10 13:09:20.549972
voltage,121.11,2025-09-10 13:09:20.549972
filament_temp,230.0,2025-09-10 13:09:21.050193
bed_temp,60.6,2025-09-10 13:09:21.050193
current,1.86,2025-09-10 13:09:21.050193
power,229.3,2025-09-10 13:09:21.050193
voltage,121.11,2025-09-10 13:09:21.050193
filament_temp,230.0,2025-09-10 13:09:21.550433
bed_temp,60.6,2025-09-10 13:09:21.550433
current,1.86,2025-09-10 13:09:21.550433
power,229.3,2025-09-10 13:09:21.550433
voltage,121.11,2025-09-10 13:09:21.550433
filament_temp,230.0,2025-09-10 13:09:22.050637
bed_temp,60.6,2025-09-10 13:09:22.050637
current,1.86,2025-09-10 13:09:22.050637
power,229.3,2025-09-10 13:09:22.050637
voltage,121.11,2025-09-10 13:09:22.050637
filament_temp,230.0,2025-09-10 13:09:22.550882
bed_temp,60.6,2025-09-10 13:09:22.550882
current,1.86,2025-09-10 13:09:22.550882
power,216.8,2025-09-10 13:09:22.550882
voltage,121.11,2025-09-10 13:09:22.550882
filament_temp,230.2,2025-09-10 13:09:23.051114
bed_temp,60.0,2025-09-10 13:09:23.051114
current,1.86,2025-09-10 13:09:23.051114
power,216.8,2025-09-10 13:09:23.051114
voltage,121.11,2025-09-10 13:09:23.051114
filament_temp,230.2,2025-09-10 13:09:23.551353
bed_temp,60.0,2025-09-10 13:09:23.551353
current,1.86,2025-09-10 13:09:23.551353
power,216.8,2025-09-10 13:09:23.551353
voltage,121.11,2025-09-10 13:09:23.551353
filament_temp,230.2,2025-09-10 13:09:24.051554
bed_temp,60.0,2025-09-10 13:09:24.051554
current,1.86,2025-09-10 13:09:24.051554
power,227.5,2025-09-10 13:09:24.051554
voltage,121.11,2025-09-10 13:09:24.051554
filament_temp,230.2,2025-09-10 13:09:24.551809
bed_temp,60.0,2025-09-10 13:09:24.551809
current,1.86,2025-09-10 13:09:24.551809
power,227.5,2025-09-10 13:09:24.551809
voltage,121.11,2025-09-10 13:09:24.551809
filament_temp,229.8,2025-09-10 13:09:25.052046
bed_temp,60.3,2025-09-10 13:09:25.052046
current,1.86,2025-09-10 13:09:25.052046
power,227.5,2025-09-10 13:09:25.052046
voltage,121.11,2025-09-10 13:09:25.052046
filament_temp,229.8,2025-09-10 13:09:25.552273
bed_temp,60.3,2025-09-10 13:09:25.552273
current,1.86,2025-09-10 13:09:25.552273
power,215.6,2025-09-10 13:09:25.552273
voltage,121.11,2025-09-10 13:09:25.552273
filament_temp,229.8,2025-09-10 13:09:26.052488
bed_temp,60.3,2025-09-10 13:09:26.052488
current,1.86,2025-09-10 13:09:26.052488
power,215.6,2025-09-10 13:09:26.052488
voltage,121.11,2025-09-10 13:09:26.052488
filament_temp,229.8,2025-09-10 13:09:26.552689
bed_temp,60.3,2025-09-10 13:09:26.552689
current,1.86,2025-09-10 13:09:26.552689
power,215.6,2025-09-10 13:09:26.552689
voltage,121.11,2025-09-10 13:09:26.552689
filament_temp,230.0,2025-09-10 13:09:27.052928
bed_temp,59.1,2025-09-10 13:09:27.052928
current,1.86,2025-09-10 13:09:27.052928
power,215.6,2025-09-10 13:09:27.052928
voltage,121.11,2025-09-10 13:09:27.052928
filament_temp,230.0,2025-09-10 13:09:27.553126
bed_temp,59.1,2025-09-10 13:09:27.553126
current,1.86,2025-09-10 13:09:27.553126
power,215.6,2025-09-10 13:09:27.553126
voltage,121.11,2025-09-10 13:09:27.553126
filament_temp,230.0,2025-09-10 13:09:28.053362
bed_temp,59.1,2025-09-10 13:09:28.053362
current,1.86,2025-09-10 13:09:28.053362
power,215.6,2025-09-10 13:09:28.053362
voltage,121.11,2025-09-10 13:09:28.053362
filament_temp,230.0,2025-09-10 13:09:28.553586
bed_temp,59.1,2025-09-10 13:09:28.553586
current,1.86,2025-09-10 13:09:28.553586
power,215.6,2025-09-10 13:09:28.553586
voltage,121.11,2025-09-10 13:09:28.553586
filament_temp,229.2,2025-09-10 13:09:29.053779
bed_temp,59.1,2025-09-10 13:09:29.053779
current,1.86,2025-09-10 13:09:29.053779
power,215.6,2025-09-10 13:09:29.053779
voltage,121.11,2025-09-10 13:09:29.053779
filament_temp,229.2,2025-09-10 13:09:29.554025
bed_temp,59.1,2025-09-10 13:09:29.554025
current,1.86,2025-09-10 13:09:29.554025
power,215.6,2025-09-10 13:09:29.554025
voltage,121.11,2025-09-10 13:09:29.554025
filament_temp,229.2,2025-09-10 13:09:30.054252
bed_temp,59.1,2025-09-10 13:09:30.054252
current,1.86,2025-09-10 13:09:30.054252
power,215.6,2025-09-10 13:09:30.054252
voltage,121.11,2025-09-10 13:09:30.054252
filament_temp,229.2,2025-09-10 13:09:30.554446
bed_temp,59.1,2025-09-10 13:09:30.554446
current,1.86,2025-09-10 13:09:30.554446
power,215.6,2025-09-10 13:09:30.554446
voltage,121.11,2025-09-10 13:09:30.554446
filament_temp,229.5,2025-09-10 13:09:31.054675
bed_temp,60.2,2025-09-10 13:09:31.054675
current,1.86,2025-09-10 13:09:31.054675
power,215.6,2025-09-10 13:09:31.054675
voltage,121.11,2025-09-10 13:09:31.054675
filament_temp,229.5,2025-09-10 13:09:31.554913
bed_temp,60.2,2025-09-10 13:09:31.554913
current,1.86,2025-09-10 13:09:31.554913
power,215.6,2025-09-10 13:09:31.554913
voltage,121.11,2025-09-10 13:09:31.554913
filament_temp,229.5,2025-09-10 13:09:32.055138
bed_temp,60.2,2025-09-10 13:09:32.055138
current,1.86,2025-09-10 13:09:32.055138
power,215.6,2025-09-10 13:09:32.055138
voltage,121.11,2025-09-10 13:09:32.055138
filament_temp,229.5,2025-09-10 13:09:32.555377
bed_temp,60.2,2025-09-10 13:09:32.555377
current,1.86,2025-09-10 13:09:32.555377
power,215.6,2025-09-10 13:09:32.555377
voltage,121.11,2025-09-10 13:09:32.555377
filament_temp,230.2,2025-09-10 13:09:33.055618
bed_temp,59.7,2025-09-10 13:09:33.055618
current,1.86,2025-09-10 13:09:33.055618
power,215.6,2025-09-10 13:09:33.055618
voltage,121.11,2025-09-10 13:09:33.055618
filament_temp,230.2,2025-09-10 13:09:33.555868
bed_temp,59.7,2025-09-10 13:09:33.555868
current,1.86,2025-09-10 13:09:33.555868
power,215.6,2025-09-10 13:09:33.555868
voltage,121.11,2025-09-10 13:09:33.555868
filament_temp,230.2,2025-09-10 13:09:34.056096
bed_temp,59.7,2025-09-10 13:09:34.056096
current,1.86,2025-09-10 13:09:34.056096
power,215.6,2025-09-10 13:09:34.056096
voltage,121.11,2025-09-10 13:09:34.056096
filament_temp,230.2,2025-09-10 13:09:34.556289
bed_temp,59.7,2025-09-10 13:09:34.556289
current,1.86,2025-09-10 13:09:34.556289
power,215.6,2025-09-10 13:09:34.556289
voltage,121.11,2025-09-10 13:09:34.556289
filament_temp,230.0,2025-09-10 13:09:35.056493
bed_temp,59.6,2025-09-10 13:09:35.056493
current,1.86,2025-09-10 13:09:35.056493
power,215.6,2025-09-10 13:09:35.056493
voltage,121.11,2025-09-10 13:09:35.056493
filament_temp,230.0,2025-09-10 13:09:35.556689
bed_temp,59.6,2025-09-10 13:09:35.556689
current,1.86,2025-09-10 13:09:35.556689
power,215.6,2025-09-10 13:09:35.556689
voltage,121.11,2025-09-10 13:09:35.556689
filament_temp,230.0,2025-09-10 13:09:36.056895
bed_temp,59.6,2025-09-10 13:09:36.056895
current,1.86,2025-09-10 13:09:36.056895
power,215.6,2025-09-10 13:09:36.056895
voltage,121.11,2025-09-10 13:09:36.056895
filament_temp,230.0,2025-09-10 13:09:36.557088
bed_temp,59.6,2025-09-10 13:09:36.557088
current,1.86,2025-09-10 13:09:36.557088
power,215.6,2025-09-10 13:09:36.557088
voltage,121.11,2025-09-10 13:09:36.557088
filament_temp,230.3,2025-09-10 13:09:37.057315
bed_temp,58.2,2025-09-10 13:09:37.057315
current,1.86,2025-09-10 13:09:37.057315
power,215.6,2025-09-10 13:09:37.057315
voltage,121.11,2025-09-10 13:09:37.057315
filament_temp,230.3,2025-09-10 13:09:37.557552
bed_temp,58.2,2025-09-10 13:09:37.557552
current,1.86,2025-09-10 13:09:37.557552
power,215.6,2025-09-10 13:09:37.557552
voltage,121.11,2025-09-10 13:09:37.557552
filament_temp,230.3,2025-09-10 13:09:38.057781
bed_temp,58.2,2025-09-10 13:09:38.057781
current,1.86,2025-09-10 13:09:38.057781
power,215.6,2025-09-10 13:09:38.057781
voltage,121.11,2025-09-10 13:09:38.057781
filament_temp,230.3,2025-09-10 13:09:38.558020
bed_temp,58.2,2025-09-10 13:09:38.558020
current,1.86,2025-09-10 13:09:38.558020
power,215.6,2025-09-10 13:09:38.558020
voltage,121.11,2025-09-10 13:09:38.558020
filament_temp,230.2,2025-09-10 13:09:39.058264
bed_temp,59.0,2025-09-10 13:09:39.058264
current,1.86,2025-09-10 13:09:39.058264
power,215.6,2025-09-10 13:09:39.058264
voltage,121.11,2025-09-10 13:09:39.058264
filament_temp,230.2,2025-09-10 13:09:39.558349
bed_temp,59.0,2025-09-10 13:09:39.558349
current,1.86,2025-09-10 13:09:39.558349
power,215.6,2025-09-10 13:09:39.558349
voltage,121.11,2025-09-10 13:09:39.558349
filament_temp,230.2,2025-09-10 13:09:40.058539
bed_temp,59.0,2025-09-10 13:09:40.058539
current,1.86,2025-09-10 13:09:40.058539
power,215.6,2025-09-10 13:09:40.058539
voltage,121.11,2025-09-10 13:09:40.058539
filament_temp,230.2,2025-09-10 13:09:40.558739
bed_temp,59.0,2025-09-10 13:09:40.558739
current,1.86,2025-09-10 13:09:40.558739
power,215.6,2025-09-10 13:09:40.558739
voltage,121.11,2025-09-10 13:09:40.558739
filament_temp,230.8,2025-09-10 13:09:41.058954
bed_temp,59.3,2025-09-10 13:09:41.058954
current,1.86,2025-09-10 13:09:41.058954
power,215.6,2025-09-10 13:09:41.058954
voltage,121.11,2025-09-10 13:09:41.058954
filament_temp,230.8,2025-09-10 13:09:41.559201
bed_temp,59.3,2025-09-10 13:09:41.559201
current,1.86,2025-09-10 13:09:41.559201
power,215.6,2025-09-10 13:09:41.559201
voltage,121.11,2025-09-10 13:09:41.559201
filament_temp,230.8,2025-09-10 13:09:42.059406
bed_temp,59.3,2025-09-10 13:09:42.059406
current,1.86,2025-09-10 13:09:42.059406
power,215.6,2025-09-10 13:09:42.059406
voltage,121.11,2025-09-10 13:09:42.059406
filament_temp,230.8,2025-09-10 13:09:42.559645
bed_temp,59.3,2025-09-10 13:09:42.559645
current,1.86,2025-09-10 13:09:42.559645
power,215.6,2025-09-10 13:09:42.559645
voltage,121.11,2025-09-10 13:09:42.559645
filament_temp,229.7,2025-09-10 13:09:43.059886
bed_temp,59.3,2025-09-10 13:09:43.059886
current,1.86,2025-09-10 13:09:43.059886
power,215.6,2025-09-10 13:09:43.059886
voltage,121.11,2025-09-10 13:09:43.059886
filament_temp,229.7,2025-09-10 13:09:43.560088
bed_temp,59.3,2025-09-10 13:09:43.560088
current,1.86,2025-09-10 13:09:43.560088
power,215.6,2025-09-10 13:09:43.560088
voltage,121.11,2025-09-10 13:09:43.560088
filament_temp,229.7,2025-09-10 13:09:44.060274
bed_temp,59.3,2025-09-10 13:09:44.060274
current,1.86,2025-09-10 13:09:44.060274
power,215.6,2025-09-10 13:09:44.060274
voltage,121.11,2025-09-10 13:09:44.060274
filament_temp,229.7,2025-09-10 13:09:44.560512
bed_temp,59.3,2025-09-10 13:09:44.560512
current,1.86,2025-09-10 13:09:44.560512
power,228.5,2025-09-10 13:09:44.560512
voltage,121.11,2025-09-10 13:09:44.560512
filament_temp,230.5,2025-09-10 13:09:45.060737
bed_temp,58.7,2025-09-10 13:09:45.060737
current,1.86,2025-09-10 13:09:45.060737
power,228.5,2025-09-10 13:09:45.060737
voltage,121.11,2025-09-10 13:09:45.060737
filament_temp,230.5,2025-09-10 13:09:45.560964
bed_temp,58.7,2025-09-10 13:09:45.560964
current,1.86,2025-09-10 13:09:45.560964
power,226.8,2025-09-10 13:09:45.560964
voltage,121.11,2025-09-10 13:09:45.560964
filament_temp,230.5,2025-09-10 13:09:46.061110
bed_temp,58.7,2025-09-10 13:09:46.061110
current,1.86,2025-09-10 13:09:46.061110
power,226.8,2025-09-10 13:09:46.061110
voltage,121.11,2025-09-10 13:09:46.061110
filament_temp,230.5,2025-09-10 13:09:46.561320
bed_temp,58.7,2025-09-10 13:09:46.561320
current,1.86,2025-09-10 13:09:46.561320
power,216.5,2025-09-10 13:09:46.561320
voltage,121.11,2025-09-10 13:09:46.561320
filament_temp,230.2,2025-09-10 13:09:47.061564
bed_temp,59.4,2025-09-10 13:09:47.061564
current,1.86,2025-09-10 13:09:47.061564
power,216.5,2025-09-10 13:09:47.061564
voltage,121.11,2025-09-10 13:09:47.061564
filament_temp,230.2,2025-09-10 13:09:47.561805
bed_temp,59.4,2025-09-10 13:09:47.561805
current,1.86,2025-09-10 13:09:47.561805
power,216.5,2025-09-10 13:09:47.561805
voltage,121.11,2025-09-10 13:09:47.561805
filament_temp,230.2,2025-09-10 13:09:48.062026
bed_temp,59.4,2025-09-10 13:09:48.062026
current,1.86,2025-09-10 13:09:48.062026
power,216.5,2025-09-10 13:09:48.062026
voltage,121.11,2025-09-10 13:09:48.062026
filament_temp,230.2,2025-09-10 13:09:48.562211
bed_temp,59.4,2025-09-10 13:09:48.562211
current,1.86,2025-09-10 13:09:48.562211
power,216.5,2025-09-10 13:09:48.562211
voltage,121.11,2025-09-10 13:09:48.562211
filament_temp,229.7,2025-09-10 13:09:49.062451
bed_temp,60.5,2025-09-10 13:09:49.062451
current,1.86,2025-09-10 13:09:49.062451
power,216.5,2025-09-10 13:09:49.062451
voltage,121.11,2025-09-10 13:09:49.062451
filament_temp,229.7,2025-09-10 13:09:49.562677
bed_temp,60.5,2025-09-10 13:09:49.562677
current,1.86,2025-09-10 13:09:49.562677
power,216.5,2025-09-10 13:09:49.562677
voltage,121.11,2025-09-10 13:09:49.562677
filament_temp,229.7,2025-09-10 13:09:50.062884
bed_temp,60.5,2025-09-10 13:09:50.062884
current,1.86,2025-09-10 13:09:50.062884
power,216.5,2025-09-10 13:09:50.062884
voltage,121.11,2025-09-10 13:09:50.062884
filament_temp,229.7,2025-09-10 13:09:50.563113
bed_temp,60.5,2025-09-10 13:09:50.563113
current,1.86,2025-09-10 13:09:50.563113
power,216.5,2025-09-10 13:09:50.563113
voltage,121.11,2025-09-10 13:09:50.563113
filament_temp,229.5,2025-09-10 13:09:51.063351
bed_temp,59.9,2025-09-10 13:09:51.063351
current,1.86,2025-09-10 13:09:51.063351
power,216.5,2025-09-10 13:09:51.063351
voltage,121.11,2025-09-10 13:09:51.063351
filament_temp,229.5,2025-09-10 13:09:51.563576
bed_temp,59.9,2025-09-10 13:09:51.563576
current,1.86,2025-09-10 13:09:51.563576
power,216.5,2025-09-10 13:09:51.563576
voltage,121.11,2025-09-10 13:09:51.563576
filament_temp,229.5,2025-09-10 13:09:52.063818
bed_temp,59.9,2025-09-10 13:09:52.063818
current,1.86,2025-09-10 13:09:52.063818
power,216.5,2025-09-10 13:09:52.063818
voltage,121.11,2025-09-10 13:09:52.063818
filament_temp,229.5,2025-09-10 13:09:52.564042
bed_temp,59.9,2025-09-10 13:09:52.564042
current,1.86,2025-09-10 13:09:52.564042
power,216.5,2025-09-10 13:09:52.564042
voltage,121.11,2025-09-10 13:09:52.564042
filament_temp,230.0,2025-09-10 13:09:53.064269
bed_temp,59.7,2025-09-10 13:09:53.064269
current,1.86,2025-09-10 13:09:53.064269
power,216.5,2025-09-10 13:09:53.064269
voltage,121.11,2025-09-10 13:09:53.064269
filament_temp,230.0,2025-09-10 13:09:53.564457
bed_temp,59.7,2025-09-10 13:09:53.564457
current,1.86,2025-09-10 13:09:53.564457
power,216.5,2025-09-10 13:09:53.564457
voltage,121.11,2025-09-10 13:09:53.564457
filament_temp,230.0,2025-09-10 13:09:54.064654
bed_temp,59.7,2025-09-10 13:09:54.064654
current,1.86,2025-09-10 13:09:54.064654
power,216.5,2025-09-10 13:09:54.064654
voltage,121.11,2025-09-10 13:09:54.064654
filament_temp,230.0,2025-09-10 13:09:54.564898
bed_temp,59.7,2025-09-10 13:09:54.564898
current,1.86,2025-09-10 13:09:54.564898
power,216.5,2025-09-10 13:09:54.564898
voltage,121.11,2025-09-10 13:09:54.564898
filament_temp,229.8,2025-09-10 13:09:55.065137
bed_temp,59.7,2025-09-10 13:09:55.065137
current,1.86,2025-09-10 13:09:55.065137
power,216.5,2025-09-10 13:09:55.065137
voltage,121.11,2025-09-10 13:09:55.065137
filament_temp,229.8,2025-09-10 13:09:55.565364
bed_temp,59.7,2025-09-10 13:09:55.565364
current,1.86,2025-09-10 13:09:55.565364
power,216.5,2025-09-10 13:09:55.565364
voltage,121.11,2025-09-10 13:09:55.565364
filament_temp,229.8,2025-09-10 13:09:56.065587
bed_temp,59.7,2025-09-10 13:09:56.065587
current,1.86,2025-09-10 13:09:56.065587
power,216.5,2025-09-10 13:09:56.065587
voltage,121.11,2025-09-10 13:09:56.065587
filament_temp,229.8,2025-09-10 13:09:56.565792
bed_temp,59.7,2025-09-10 13:09:56.565792
current,1.86,2025-09-10 13:09:56.565792
power,216.5,2025-09-10 13:09:56.565792
voltage,121.11,2025-09-10 13:09:56.565792
filament_temp,229.3,2025-09-10 13:09:57.065997
bed_temp,60.0,2025-09-10 13:09:57.065997
current,1.86,2025-09-10 13:09:57.065997
power,216.5,2025-09-10 13:09:57.065997
voltage,121.11,2025-09-10 13:09:57.065997
filament_temp,229.3,2025-09-10 13:09:57.566226
bed_temp,60.0,2025-09-10 13:09:57.566226
current,1.86,2025-09-10 13:09:57.566226
power,216.5,2025-09-10 13:09:57.566226
voltage,121.11,2025-09-10 13:09:57.566226
filament_temp,229.3,2025-09-10 13:09:58.066445
bed_temp,60.0,2025-09-10 13:09:58.066445
current,1.86,2025-09-10 13:09:58.066445
power,216.5,2025-09-10 13:09:58.066445
voltage,121.11,2025-09-10 13:09:58.066445
filament_temp,229.3,2025-09-10 13:09:58.566676
bed_temp,60.0,2025-09-10 13:09:58.566676
current,1.86,2025-09-10 13:09:58.566676
power,216.5,2025-09-10 13:09:58.566676
voltage,121.11,2025-09-10 13:09:58.566676
filament_temp,230.2,2025-09-10 13:09:59.066916
bed_temp,61.2,2025-09-10 13:09:59.066916
current,1.86,2025-09-10 13:09:59.066916
power,216.5,2025-09-10 13:09:59.066916
voltage,121.11,2025-09-10 13:09:59.066916
filament_temp,230.2,2025-09-10 13:09:59.567137
bed_temp,61.2,2025-09-10 13:09:59.567137
current,1.86,2025-09-10 13:09:59.567137
power,216.5,2025-09-10 13:09:59.567137
voltage,121.11,2025-09-10 13:09:59.567137
filament_temp,230.2,2025-09-10 13:10:00.067295
bed_temp,61.2,2025-09-10 13:10:00.067295
current,1.86,2025-09-10 13:10:00.067295
power,216.5,2025-09-10 13:10:00.067295
voltage,121.11,2025-09-10 13:10:00.067295
filament_temp,230.2,2025-09-10 13:10:00.567514
bed_temp,61.2,2025-09-10 13:10:00.567514
current,1.86,2025-09-10 13:10:00.567514
power,216.5,2025-09-10 13:10:00.567514
voltage,121.11,2025-09-10 13:10:00.567514
filament_temp,230.5,2025-09-10 13:10:01.067753
bed_temp,60.6,2025-09-10 13:10:01.067753
current,1.86,2025-09-10 13:10:01.067753
power,216.5,2025-09-10 13:10:01.067753
voltage,121.11,2025-09-10 13:10:01.067753
filament_temp,230.5,2025-09-10 13:10:01.567962
bed_temp,60.6,2025-09-10 13:10:01.567962
current,1.86,2025-09-10 13:10:01.567962
power,216.5,2025-09-10 13:10:01.567962
voltage,121.11,2025-09-10 13:10:01.567962
filament_temp,230.5,2025-09-10 13:10:02.068137
bed_temp,60.6,2025-09-10 13:10:02.068137
current,1.86,2025-09-10 13:10:02.068137
power,216.5,2025-09-10 13:10:02.068137
voltage,121.11,2025-09-10 13:10:02.068137
filament_temp,230.5,2025-09-10 13:10:02.568365
bed_temp,60.6,2025-09-10 13:10:02.568365
current,1.86,2025-09-10 13:10:02.568365
power,216.5,2025-09-10 13:10:02.568365
voltage,121.11,2025-09-10 13:10:02.568365
filament_temp,230.2,2025-09-10 13:10:03.068609
bed_temp,59.7,2025-09-10 13:10:03.068609
current,1.86,2025-09-10 13:10:03.068609
power,216.5,2025-09-10 13:10:03.068609
voltage,121.11,2025-09-10 13:10:03.068609
filament_temp,230.2,2025-09-10 13:10:03.568835
bed_temp,59.7,2025-09-10 13:10:03.568835
current,1.86,2025-09-10 13:10:03.568835
power,216.5,2025-09-10 13:10:03.568835
voltage,121.11,2025-09-10 13:10:03.568835
filament_temp,230.2,2025-09-10 13:10:04.069070
bed_temp,59.7,2025-09-10 13:10:04.069070
current,1.86,2025-09-10 13:10:04.069070
power,216.5,2025-09-10 13:10:04.069070
voltage,121.11,2025-09-10 13:10:04.069070
filament_temp,230.2,2025-09-10 13:10:04.569224
bed_temp,59.7,2025-09-10 13:10:04.569224
current,0.54,2025-09-10 13:10:04.569224
power,216.5,2025-09-10 13:10:04.569224
voltage,121.11,2025-09-10 13:10:04.569224
filament_temp,230.8,2025-09-10 13:10:05.069425
bed_temp,60.0,2025-09-10 13:10:05.069425
current,0.54,2025-09-10 13:10:05.069425
power,216.5,2025-09-10 13:10:05.069425
voltage,121.11,2025-09-10 13:10:05.069425
filament_temp,230.8,2025-09-10 13:10:05.569635
bed_temp,60.0,2025-09-10 13:10:05.569635
current,1.94,2025-09-10 13:10:05.569635
power,216.5,2025-09-10 13:10:05.569635
voltage,121.11,2025-09-10 13:10:05.569635
filament_temp,230.8,2025-09-10 13:10:06.069830
bed_temp,60.0,2025-09-10 13:10:06.069830
current,1.94,2025-09-10 13:10:06.069830
power,228.2,2025-09-10 13:10:06.069830
voltage,121.11,2025-09-10 13:10:06.069830
filament_temp,230.8,2025-09-10 13:10:06.570055
bed_temp,60.0,2025-09-10 13:10:06.570055
current,1.94,2025-09-10 13:10:06.570055
power,228.2,2025-09-10 13:10:06.570055
voltage,121.11,2025-09-10 13:10:06.570055
filament_temp,231.2,2025-09-10 13:10:07.070295
bed_temp,59.3,2025-09-10 13:10:07.070295
current,1.94,2025-09-10 13:10:07.070295
power,228.2,2025-09-10 13:10:07.070295
voltage,121.11,2025-09-10 13:10:07.070295
filament_temp,231.2,2025-09-10 13:10:07.570502
bed_temp,59.3,2025-09-10 13:10:07.570502
current,1.94,2025-09-10 13:10:07.570502
power,219,2025-09-10 13:10:07.570502
voltage,121.11,2025-09-10 13:10:07.570502
filament_temp,231.2,2025-09-10 13:10:08.070730
bed_temp,59.3,2025-09-10 13:10:08.070730
current,1.94,2025-09-10 13:10:08.070730
power,219,2025-09-10 13:10:08.070730
voltage,121.11,2025-09-10 13:10:08.070730
filament_temp,231.2,2025-09-10 13:10:08.570962
bed_temp,59.3,2025-09-10 13:10:08.570962
current,1.94,2025-09-10 13:10:08.570962
power,219,2025-09-10 13:10:08.570962
voltage,121.11,2025-09-10 13:10:08.570962
filament_temp,230.2,2025-09-10 13:10:09.071204
bed_temp,58.8,2025-09-10 13:10:09.071204
current,1.94,2025-09-10 13:10:09.071204
power,219,2025-09-10 13:10:09.071204
voltage,121.11,2025-09-10 13:10:09.071204
filament_temp,230.2,2025-09-10 13:10:09.571390
bed_temp,58.8,2025-09-10 13:10:09.571390
current,1.94,2025-09-10 13:10:09.571390
power,219,2025-09-10 13:10:09.571390
voltage,121.11,2025-09-10 13:10:09.571390
filament_temp,230.2,2025-09-10 13:10:10.071577
bed_temp,58.8,2025-09-10 13:10:10.071577
current,1.94,2025-09-10 13:10:10.071577
power,226.9,2025-09-10 13:10:10.071577
voltage,121.11,2025-09-10 13:10:10.071577
filament_temp,230.2,2025-09-10 13:10:10.571747
bed_temp,58.8,2025-09-10 13:10:10.571747
current,1.94,2025-09-10 13:10:10.571747
power,225.7,2025-09-10 13:10:10.571747
voltage,121.11,2025-09-10 13:10:10.571747
filament_temp,230.5,2025-09-10 13:10:11.071918
bed_temp,58.8,2025-09-10 13:10:11.071918
current,1.94,2025-09-10 13:10:11.071918
power,225.4,2025-09-10 13:10:11.071918
voltage,121.11,2025-09-10 13:10:11.071918
filament_temp,230.5,2025-09-10 13:10:11.572155
bed_temp,58.8,2025-09-10 13:10:11.572155
current,1.94,2025-09-10 13:10:11.572155
power,225.4,2025-09-10 13:10:11.572155
voltage,121.11,2025-09-10 13:10:11.572155
filament_temp,230.5,2025-09-10 13:10:12.072360
bed_temp,58.8,2025-09-10 13:10:12.072360
current,1.94,2025-09-10 13:10:12.072360
power,225.4,2025-09-10 13:10:12.072360
voltage,121.11,2025-09-10 13:10:12.072360
filament_temp,230.5,2025-09-10 13:10:12.572595
bed_temp,58.8,2025-09-10 13:10:12.572595
current,1.94,2025-09-10 13:10:12.572595
power,225.4,2025-09-10 13:10:12.572595
voltage,121.11,2025-09-10 13:10:12.572595
filament_temp,230.7,2025-09-10 13:10:13.072837
bed_temp,59.1,2025-09-10 13:10:13.072837
current,1.94,2025-09-10 13:10:13.072837
power,225.4,2025-09-10 13:10:13.072837
voltage,121.11,2025-09-10 13:10:13.072837
filament_temp,230.7,2025-09-10 13:10:13.572981
bed_temp,59.1,2025-09-10 13:10:13.572981
current,1.94,2025-09-10 13:10:13.572981
power,225.4,2025-09-10 13:10:13.572981
voltage,121.11,2025-09-10 13:10:13.572981
filament_temp,230.7,2025-09-10 13:10:14.073183
bed_temp,59.1,2025-09-10 13:10:14.073183
current,1.94,2025-09-10 13:10:14.073183
power,225.4,2025-09-10 13:10:14.073183
voltage,121.11,2025-09-10 13:10:14.073183
filament_temp,230.7,2025-09-10 13:10:14.573378
bed_temp,59.1,2025-09-10 13:10:14.573378
current,1.94,2025-09-10 13:10:14.573378
power,225.4,2025-09-10 13:10:14.573378
voltage,121.11,2025-09-10 13:10:14.573378
filament_temp,229.8,2025-09-10 13:10:15.073607
bed_temp,59.1,2025-09-10 13:10:15.073607
current,1.94,2025-09-10 13:10:15.073607
power,225.4,2025-09-10 13:10:15.073607
voltage,121.11,2025-09-10 13:10:15.073607
filament_temp,229.8,2025-09-10 13:10:15.573834
bed_temp,59.1,2025-09-10 13:10:15.573834
current,1.94,2025-09-10 13:10:15.573834
power,225.4,2025-09-10 13:10:15.573834
voltage,121.11,2025-09-10 13:10:15.573834
filament_temp,229.8,2025-09-10 13:10:16.074022
bed_temp,59.1,2025-09-10 13:10:16.074022
current,0.53,2025-09-10 13:10:16.074022
power,225.4,2025-09-10 13:10:16.074022
voltage,121.11,2025-09-10 13:10:16.074022
filament_temp,229.8,2025-09-10 13:10:16.574253
bed_temp,59.1,2025-09-10 13:10:16.574253
current,0.53,2025-09-10 13:10:16.574253
power,225.4,2025-09-10 13:10:16.574253
voltage,121.11,2025-09-10 13:10:16.574253
filament_temp,230.3,2025-09-10 13:10:17.074492
bed_temp,60.0,2025-09-10 13:10:17.074492
current,0.53,2025-09-10 13:10:17.074492
power,225.4,2025-09-10 13:10:17.074492
voltage,121.11,2025-09-10 13:10:17.074492
filament_temp,230.3,2025-09-10 13:10:17.574726
bed_temp,60.0,2025-09-10 13:10:17.574726
current,0.53,2025-09-10 13:10:17.574726
power,225.4,2025-09-10 13:10:17.574726
voltage,121.11,2025-09-10 13:10:17.574726
filament_temp,230.3,2025-09-10 13:10:18.074955
bed_temp,60.0,2025-09-10 13:10:18.074955
current,0.53,2025-09-10 13:10:18.074955
power,225.4,2025-09-10 13:10:18.074955
voltage,121.11,2025-09-10 13:10:18.074955
filament_temp,230.3,2025-09-10 13:10:18.575209
bed_temp,60.0,2025-09-10 13:10:18.575209
current,0.53,2025-09-10 13:10:18.575209
power,225.4,2025-09-10 13:10:18.575209
voltage,121.11,2025-09-10 13:10:18.575209
filament_temp,230.2,2025-09-10 13:10:19.075435
bed_temp,60.3,2025-09-10 13:10:19.075435
current,0.53,2025-09-10 13:10:19.075435
power,225.4,2025-09-10 13:10:19.075435
voltage,121.11,2025-09-10 13:10:19.075435
filament_temp,230.2,2025-09-10 13:10:19.575648
bed_temp,60.3,2025-09-10 13:10:19.575648
current,0.53,2025-09-10 13:10:19.575648
power,225.4,2025-09-10 13:10:19.575648
voltage,121.11,2025-09-10 13:10:19.575648
filament_temp,230.2,2025-09-10 13:10:20.075853
bed_temp,60.3,2025-09-10 13:10:20.075853
current,0.53,2025-09-10 13:10:20.075853
power,225.4,2025-09-10 13:10:20.075853
voltage,121.11,2025-09-10 13:10:20.075853
filament_temp,230.2,2025-09-10 13:10:20.576102
bed_temp,60.3,2025-09-10 13:10:20.576102
current,1.87,2025-09-10 13:10:20.576102
power,225.4,2025-09-10 13:10:20.576102
voltage,121.11,2025-09-10 13:10:20.576102
filament_temp,230.0,2025-09-10 13:10:21.076344
bed_temp,59.9,2025-09-10 13:10:21.076344
current,1.87,2025-09-10 13:10:21.076344
power,232.4,2025-09-10 13:10:21.076344
voltage,121.11,2025-09-10 13:10:21.076344
filament_temp,230.0,2025-09-10 13:10:21.576588
bed_temp,59.9,2025-09-10 13:10:21.576588
current,1.87,2025-09-10 13:10:21.576588
power,232.4,2025-09-10 13:10:21.576588
voltage,121.11,2025-09-10 13:10:21.576588
filament_temp,230.0,2025-09-10 13:10:22.076826
bed_temp,59.9,2025-09-10 13:10:22.076826
current,1.87,2025-09-10 13:10:22.076826
power,232.4,2025-09-10 13:10:22.076826
voltage,121.11,2025-09-10 13:10:22.076826
filament_temp,230.0,2025-09-10 13:10:22.577025
bed_temp,59.9,2025-09-10 13:10:22.577025
current,1.87,2025-09-10 13:10:22.577025
power,232.4,2025-09-10 13:10:22.577025
voltage,121.11,2025-09-10 13:10:22.577025
filament_temp,229.2,2025-09-10 13:10:23.077250
bed_temp,60.3,2025-09-10 13:10:23.077250
current,1.87,2025-09-10 13:10:23.077250
power,232.4,2025-09-10 13:10:23.077250
voltage,121.11,2025-09-10 13:10:23.077250
filament_temp,229.2,2025-09-10 13:10:23.577459
bed_temp,60.3,2025-09-10 13:10:23.577459
current,1.87,2025-09-10 13:10:23.577459
power,232.4,2025-09-10 13:10:23.577459
voltage,121.11,2025-09-10 13:10:23.577459
filament_temp,229.2,2025-09-10 13:10:24.077652
bed_temp,60.3,2025-09-10 13:10:24.077652
current,1.87,2025-09-10 13:10:24.077652
power,232.4,2025-09-10 13:10:24.077652
voltage,121.11,2025-09-10 13:10:24.077652
filament_temp,229.2,2025-09-10 13:10:24.577880
bed_temp,60.3,2025-09-10 13:10:24.577880
current,1.87,2025-09-10 13:10:24.577880
power,232.4,2025-09-10 13:10:24.577880
voltage,121.11,2025-09-10 13:10:24.577880
filament_temp,229.5,2025-09-10 13:10:25.078125
bed_temp,60.5,2025-09-10 13:10:25.078125
current,1.87,2025-09-10 13:10:25.078125
power,232.4,2025-09-10 13:10:25.078125
voltage,121.11,2025-09-10 13:10:25.078125
filament_temp,229.5,2025-09-10 13:10:25.578433
bed_temp,60.5,2025-09-10 13:10:25.578433
current,1.87,2025-09-10 13:10:25.578433
power,232.4,2025-09-10 13:10:25.578433
voltage,121.11,2025-09-10 13:10:25.578433
filament_temp,229.5,2025-09-10 13:10:26.078636
bed_temp,60.5,2025-09-10 13:10:26.078636
current,1.87,2025-09-10 13:10:26.078636
power,232.4,2025-09-10 13:10:26.078636
voltage,121.11,2025-09-10 13:10:26.078636
filament_temp,229.5,2025-09-10 13:10:26.578862
bed_temp,60.5,2025-09-10 13:10:26.578862
current,1.87,2025-09-10 13:10:26.578862
power,232.4,2025-09-10 13:10:26.578862
voltage,121.11,2025-09-10 13:10:26.578862
filament_temp,229.7,2025-09-10 13:10:27.079048
bed_temp,59.3,2025-09-10 13:10:27.079048
current,1.87,2025-09-10 13:10:27.079048
power,232.4,2025-09-10 13:10:27.079048
voltage,121.11,2025-09-10 13:10:27.079048
filament_temp,229.7,2025-09-10 13:10:27.579231
bed_temp,59.3,2025-09-10 13:10:27.579231
current,1.87,2025-09-10 13:10:27.579231
power,232.4,2025-09-10 13:10:27.579231
voltage,121.11,2025-09-10 13:10:27.579231
filament_temp,229.7,2025-09-10 13:10:28.079417
bed_temp,59.3,2025-09-10 13:10:28.079417
current,1.87,2025-09-10 13:10:28.079417
power,232.4,2025-09-10 13:10:28.079417
voltage,121.11,2025-09-10 13:10:28.079417
filament_temp,229.7,2025-09-10 13:10:28.579645
bed_temp,59.3,2025-09-10 13:10:28.579645
current,1.87,2025-09-10 13:10:28.579645
power,232.4,2025-09-10 13:10:28.579645
voltage,121.11,2025-09-10 13:10:28.579645
filament_temp,229.5,2025-09-10 13:10:29.079889
bed_temp,60.0,2025-09-10 13:10:29.079889
current,1.87,2025-09-10 13:10:29.079889
power,232.4,2025-09-10 13:10:29.079889
voltage,121.11,2025-09-10 13:10:29.079889
filament_temp,229.5,2025-09-10 13:10:29.580116
bed_temp,60.0,2025-09-10 13:10:29.580116
current,1.87,2025-09-10 13:10:29.580116
power,232.4,2025-09-10 13:10:29.580116
voltage,121.11,2025-09-10 13:10:29.580116
filament_temp,229.5,2025-09-10 13:10:30.080317
bed_temp,60.0,2025-09-10 13:10:30.080317
current,1.87,2025-09-10 13:10:30.080317
power,232.4,2025-09-10 13:10:30.080317
voltage,121.11,2025-09-10 13:10:30.080317
filament_temp,229.5,2025-09-10 13:10:30.580544
bed_temp,60.0,2025-09-10 13:10:30.580544
current,1.87,2025-09-10 13:10:30.580544
power,232.4,2025-09-10 13:10:30.580544
voltage,121.11,2025-09-10 13:10:30.580544
filament_temp,229.7,2025-09-10 13:10:31.080781
bed_temp,59.6,2025-09-10 13:10:31.080781
current,1.87,2025-09-10 13:10:31.080781
power,232.4,2025-09-10 13:10:31.080781
voltage,121.11,2025-09-10 13:10:31.080781
filament_temp,229.7,2025-09-10 13:10:31.580951
bed_temp,59.6,2025-09-10 13:10:31.580951
current,1.87,2025-09-10 13:10:31.580951
power,232.4,2025-09-10 13:10:31.580951
voltage,121.11,2025-09-10 13:10:31.580951
filament_temp,229.7,2025-09-10 13:10:32.081146
bed_temp,59.6,2025-09-10 13:10:32.081146
current,1.87,2025-09-10 13:10:32.081146
power,232.4,2025-09-10 13:10:32.081146
voltage,121.11,2025-09-10 13:10:32.081146
filament_temp,229.7,2025-09-10 13:10:32.581382
bed_temp,59.6,2025-09-10 13:10:32.581382
current,1.87,2025-09-10 13:10:32.581382
power,232.4,2025-09-10 13:10:32.581382
voltage,121.11,2025-09-10 13:10:32.581382
filament_temp,229.3,2025-09-10 13:10:33.081622
bed_temp,59.1,2025-09-10 13:10:33.081622
current,1.87,2025-09-10 13:10:33.081622
power,232.4,2025-09-10 13:10:33.081622
voltage,121.11,2025-09-10 13:10:33.081622
filament_temp,229.3,2025-09-10 13:10:33.581847
bed_temp,59.1,2025-09-10 13:10:33.581847
current,1.87,2025-09-10 13:10:33.581847
power,232.4,2025-09-10 13:10:33.581847
voltage,121.11,2025-09-10 13:10:33.581847
filament_temp,229.3,2025-09-10 13:10:34.082052
bed_temp,59.1,2025-09-10 13:10:34.082052
current,1.87,2025-09-10 13:10:34.082052
power,232.4,2025-09-10 13:10:34.082052
voltage,121.11,2025-09-10 13:10:34.082052
filament_temp,229.3,2025-09-10 13:10:34.582287
bed_temp,59.1,2025-09-10 13:10:34.582287
current,1.87,2025-09-10 13:10:34.582287
power,232.4,2025-09-10 13:10:34.582287
voltage,121.11,2025-09-10 13:10:34.582287
filament_temp,229.8,2025-09-10 13:10:35.082531
bed_temp,59.3,2025-09-10 13:10:35.082531
current,1.87,2025-09-10 13:10:35.082531
power,232.4,2025-09-10 13:10:35.082531
voltage,121.11,2025-09-10 13:10:35.082531
filament_temp,229.8,2025-09-10 13:10:35.582757
bed_temp,59.3,2025-09-10 13:10:35.582757
current,1.87,2025-09-10 13:10:35.582757
power,232.4,2025-09-10 13:10:35.582757
voltage,121.11,2025-09-10 13:10:35.582757
filament_temp,229.8,2025-09-10 13:10:36.082988
bed_temp,59.3,2025-09-10 13:10:36.082988
current,1.87,2025-09-10 13:10:36.082988
power,232.4,2025-09-10 13:10:36.082988
voltage,121.11,2025-09-10 13:10:36.082988
filament_temp,229.8,2025-09-10 13:10:36.583207
bed_temp,59.3,2025-09-10 13:10:36.583207
current,1.87,2025-09-10 13:10:36.583207
power,232.4,2025-09-10 13:10:36.583207
voltage,121.11,2025-09-10 13:10:36.583207
filament_temp,230.7,2025-09-10 13:10:37.083451
bed_temp,59.9,2025-09-10 13:10:37.083451
current,1.99,2025-09-10 13:10:37.083451
power,232.4,2025-09-10 13:10:37.083451
voltage,121.11,2025-09-10 13:10:37.083451
filament_temp,230.7,2025-09-10 13:10:37.583686
bed_temp,59.9,2025-09-10 13:10:37.583686
current,1.99,2025-09-10 13:10:37.583686
power,232.4,2025-09-10 13:10:37.583686
voltage,121.11,2025-09-10 13:10:37.583686
filament_temp,230.7,2025-09-10 13:10:38.083912
bed_temp,59.9,2025-09-10 13:10:38.083912
current,1.99,2025-09-10 13:10:38.083912
power,232.4,2025-09-10 13:10:38.083912
voltage,121.11,2025-09-10 13:10:38.083912
filament_temp,230.7,2025-09-10 13:10:38.584131
bed_temp,59.9,2025-09-10 13:10:38.584131
current,1.99,2025-09-10 13:10:38.584131
power,232.4,2025-09-10 13:10:38.584131
voltage,121.11,2025-09-10 13:10:38.584131
filament_temp,229.8,2025-09-10 13:10:39.084341
bed_temp,60.5,2025-09-10 13:10:39.084341
current,1.99,2025-09-10 13:10:39.084341
power,226.4,2025-09-10 13:10:39.084341
voltage,121.11,2025-09-10 13:10:39.084341
filament_temp,229.8,2025-09-10 13:10:39.584585
bed_temp,60.5,2025-09-10 13:10:39.584585
current,1.99,2025-09-10 13:10:39.584585
power,226.4,2025-09-10 13:10:39.584585
voltage,121.11,2025-09-10 13:10:39.584585
filament_temp,229.8,2025-09-10 13:10:40.084815
bed_temp,60.5,2025-09-10 13:10:40.084815
current,1.99,2025-09-10 13:10:40.084815
power,226.4,2025-09-10 13:10:40.084815
voltage,121.11,2025-09-10 13:10:40.084815
filament_temp,229.8,2025-09-10 13:10:40.585023
bed_temp,60.5,2025-09-10 13:10:40.585023
current,1.99,2025-09-10 13:10:40.585023
power,226.4,2025-09-10 13:10:40.585023
voltage,121.11,2025-09-10 13:10:40.585023
filament_temp,230.5,2025-09-10 13:10:41.085237
bed_temp,60.6,2025-09-10 13:10:41.085237
current,1.99,2025-09-10 13:10:41.085237
power,226.4,2025-09-10 13:10:41.085237
voltage,121.11,2025-09-10 13:10:41.085237
filament_temp,230.5,2025-09-10 13:10:41.585467
bed_temp,60.6,2025-09-10 13:10:41.585467
current,1.99,2025-09-10 13:10:41.585467
power,226.4,2025-09-10 13:10:41.585467
voltage,121.11,2025-09-10 13:10:41.585467
filament_temp,230.5,2025-09-10 13:10:42.085694
bed_temp,60.6,2025-09-10 13:10:42.085694
current,1.99,2025-09-10 13:10:42.085694
power,226.4,2025-09-10 13:10:42.085694
voltage,121.11,2025-09-10 13:10:42.085694
filament_temp,230.5,2025-09-10 13:10:42.585937
bed_temp,60.6,2025-09-10 13:10:42.585937
current,1.99,2025-09-10 13:10:42.585937
power,226.4,2025-09-10 13:10:42.585937
voltage,121.11,2025-09-10 13:10:42.585937
filament_temp,230.2,2025-09-10 13:10:43.086178
bed_temp,60.5,2025-09-10 13:10:43.086178
current,1.99,2025-09-10 13:10:43.086178
power,226.4,2025-09-10 13:10:43.086178
voltage,121.11,2025-09-10 13:10:43.086178
filament_temp,230.2,2025-09-10 13:10:43.586422
bed_temp,60.5,2025-09-10 13:10:43.586422
current,0.49,2025-09-10 13:10:43.586422
power,226.4,2025-09-10 13:10:43.586422
voltage,121.11,2025-09-10 13:10:43.586422
filament_temp,230.2,2025-09-10 13:10:44.086626
bed_temp,60.5,2025-09-10 13:10:44.086626
current,0.49,2025-09-10 13:10:44.086626
power,226.4,2025-09-10 13:10:44.086626
voltage,121.11,2025-09-10 13:10:44.086626
filament_temp,230.2,2025-09-10 13:10:44.586830
bed_temp,60.5,2025-09-10 13:10:44.586830
current,0.49,2025-09-10 13:10:44.586830
power,226.4,2025-09-10 13:10:44.586830
voltage,121.11,2025-09-10 13:10:44.586830
filament_temp,230.3,2025-09-10 13:10:45.087042
bed_temp,60.5,2025-09-10 13:10:45.087042
current,1.83,2025-09-10 13:10:45.087042
power,226.4,2025-09-10 13:10:45.087042
voltage,121.11,2025-09-10 13:10:45.087042
filament_temp,230.3,2025-09-10 13:10:45.587261
bed_temp,60.5,2025-09-10 13:10:45.587261
current,1.83,2025-09-10 13:10:45.587261
power,226.4,2025-09-10 13:10:45.587261
voltage,121.11,2025-09-10 13:10:45.587261
filament_temp,230.3,2025-09-10 13:10:46.087458
bed_temp,60.5,2025-09-10 13:10:46.087458
current,1.83,2025-09-10 13:10:46.087458
power,226.4,2025-09-10 13:10:46.087458
voltage,121.11,2025-09-10 13:10:46.087458
filament_temp,230.3,2025-09-10 13:10:46.587669
bed_temp,60.5,2025-09-10 13:10:46.587669
current,1.83,2025-09-10 13:10:46.587669
power,226.4,2025-09-10 13:10:46.587669
voltage,121.11,2025-09-10 13:10:46.587669
filament_temp,230.2,2025-09-10 13:10:47.087913
bed_temp,60.2,2025-09-10 13:10:47.087913
current,1.83,2025-09-10 13:10:47.087913
power,226.4,2025-09-10 13:10:47.087913
voltage,121.11,2025-09-10 13:10:47.087913
filament_temp,230.2,2025-09-10 13:10:47.588137
bed_temp,60.2,2025-09-10 13:10:47.588137
current,1.83,2025-09-10 13:10:47.588137
power,226.4,2025-09-10 13:10:47.588137
voltage,121.11,2025-09-10 13:10:47.588137
filament_temp,230.2,2025-09-10 13:10:48.088323
bed_temp,60.2,2025-09-10 13:10:48.088323
current,1.83,2025-09-10 13:10:48.088323
power,226.4,2025-09-10 13:10:48.088323
voltage,121.11,2025-09-10 13:10:48.088323
filament_temp,230.2,2025-09-10 13:10:48.588509
bed_temp,60.2,2025-09-10 13:10:48.588509
current,1.83,2025-09-10 13:10:48.588509
power,226.4,2025-09-10 13:10:48.588509
voltage,121.11,2025-09-10 13:10:48.588509
filament_temp,229.5,2025-09-10 13:10:49.088710
bed_temp,61.1,2025-09-10 13:10:49.088710
current,1.83,2025-09-10 13:10:49.088710
power,225.7,2025-09-10 13:10:49.088710
voltage,121.11,2025-09-10 13:10:49.088710
filament_temp,229.5,2025-09-10 13:10:49.588924
bed_temp,61.1,2025-09-10 13:10:49.588924
current,1.83,2025-09-10 13:10:49.588924
power,225.7,2025-09-10 13:10:49.588924
voltage,121.11,2025-09-10 13:10:49.588924
filament_temp,229.5,2025-09-10 13:10:50.089117
bed_temp,61.1,2025-09-10 13:10:50.089117
current,1.93,2025-09-10 13:10:50.089117
power,225.7,2025-09-10 13:10:50.089117
voltage,121.11,2025-09-10 13:10:50.089117
filament_temp,229.5,2025-09-10 13:10:50.589325
bed_temp,61.1,2025-09-10 13:10:50.589325
current,1.93,2025-09-10 13:10:50.589325
power,225.7,2025-09-10 13:10:50.589325
voltage,121.11,2025-09-10 13:10:50.589325
filament_temp,230.3,2025-09-10 13:10:51.089561
bed_temp,60.5,2025-09-10 13:10:51.089561
current,1.93,2025-09-10 13:10:51.089561
power,225.7,2025-09-10 13:10:51.089561
voltage,121.11,2025-09-10 13:10:51.089561
filament_temp,230.3,2025-09-10 13:10:51.589794
bed_temp,60.5,2025-09-10 13:10:51.589794
current,1.93,2025-09-10 13:10:51.589794
power,225.7,2025-09-10 13:10:51.589794
voltage,121.11,2025-09-10 13:10:51.589794
filament_temp,230.3,2025-09-10 13:10:52.089978
bed_temp,60.5,2025-09-10 13:10:52.089978
current,1.93,2025-09-10 13:10:52.089978
power,225.7,2025-09-10 13:10:52.089978
voltage,121.11,2025-09-10 13:10:52.089978
filament_temp,230.3,2025-09-10 13:10:52.590188
bed_temp,60.5,2025-09-10 13:10:52.590188
current,1.93,2025-09-10 13:10:52.590188
power,225.7,2025-09-10 13:10:52.590188
voltage,121.11,2025-09-10 13:10:52.590188
filament_temp,230.2,2025-09-10 13:10:53.090376
bed_temp,60.8,2025-09-10 13:10:53.090376
current,1.93,2025-09-10 13:10:53.090376
power,225.7,2025-09-10 13:10:53.090376
voltage,121.11,2025-09-10 13:10:53.090376
filament_temp,230.2,2025-09-10 13:10:53.590569
bed_temp,60.8,2025-09-10 13:10:53.590569
current,1.93,2025-09-10 13:10:53.590569
power,225.7,2025-09-10 13:10:53.590569
voltage,121.11,2025-09-10 13:10:53.590569
filament_temp,230.2,2025-09-10 13:10:54.090762
bed_temp,60.8,2025-09-10 13:10:54.090762
current,1.93,2025-09-10 13:10:54.090762
power,225.7,2025-09-10 13:10:54.090762
voltage,121.11,2025-09-10 13:10:54.090762
filament_temp,230.2,2025-09-10 13:10:54.590989
bed_temp,60.8,2025-09-10 13:10:54.590989
current,1.93,2025-09-10 13:10:54.590989
power,225.7,2025-09-10 13:10:54.590989
voltage,121.11,2025-09-10 13:10:54.590989
filament_temp,230.8,2025-09-10 13:10:55.091297
bed_temp,61.1,2025-09-10 13:10:55.091297
current,1.93,2025-09-10 13:10:55.091297
power,225.7,2025-09-10 13:10:55.091297
voltage,121.11,2025-09-10 13:10:55.091297
filament_temp,230.8,2025-09-10 13:10:55.591541
bed_temp,61.1,2025-09-10 13:10:55.591541
current,1.93,2025-09-10 13:10:55.591541
power,225.7,2025-09-10 13:10:55.591541
voltage,121.11,2025-09-10 13:10:55.591541
filament_temp,230.8,2025-09-10 13:10:56.091798
bed_temp,61.1,2025-09-10 13:10:56.091798
current,1.93,2025-09-10 13:10:56.091798
power,225.7,2025-09-10 13:10:56.091798
voltage,121.11,2025-09-10 13:10:56.091798
filament_temp,230.8,2025-09-10 13:10:56.592042
bed_temp,61.1,2025-09-10 13:10:56.592042
current,1.93,2025-09-10 13:10:56.592042
power,225.7,2025-09-10 13:10:56.592042
voltage,121.11,2025-09-10 13:10:56.592042
filament_temp,230.0,2025-09-10 13:10:57.092305
bed_temp,60.5,2025-09-10 13:10:57.092305
current,1.93,2025-09-10 13:10:57.092305
power,225.7,2025-09-10 13:10:57.092305
voltage,121.11,2025-09-10 13:10:57.092305
filament_temp,230.0,2025-09-10 13:10:57.592548
bed_temp,60.5,2025-09-10 13:10:57.592548
current,1.93,2025-09-10 13:10:57.592548
power,225.7,2025-09-10 13:10:57.592548
voltage,121.11,2025-09-10 13:10:57.592548
filament_temp,230.0,2025-09-10 13:10:58.092748
bed_temp,60.5,2025-09-10 13:10:58.092748
current,1.93,2025-09-10 13:10:58.092748
power,225.7,2025-09-10 13:10:58.092748
voltage,121.11,2025-09-10 13:10:58.092748
filament_temp,230.0,2025-09-10 13:10:58.592969
bed_temp,60.5,2025-09-10 13:10:58.592969
current,1.93,2025-09-10 13:10:58.592969
power,225.7,2025-09-10 13:10:58.592969
voltage,121.11,2025-09-10 13:10:58.592969
filament_temp,230.0,2025-09-10 13:10:59.093208
bed_temp,60.2,2025-09-10 13:10:59.093208
current,1.93,2025-09-10 13:10:59.093208
power,225.7,2025-09-10 13:10:59.093208
voltage,121.11,2025-09-10 13:10:59.093208
filament_temp,230.0,2025-09-10 13:10:59.593426
bed_temp,60.2,2025-09-10 13:10:59.593426
current,1.93,2025-09-10 13:10:59.593426
power,225.7,2025-09-10 13:10:59.593426
voltage,121.11,2025-09-10 13:10:59.593426
filament_temp,230.0,2025-09-10 13:11:00.093617
bed_temp,60.2,2025-09-10 13:11:00.093617
current,1.93,2025-09-10 13:11:00.093617
power,225.7,2025-09-10 13:11:00.093617
voltage,121.11,2025-09-10 13:11:00.093617
filament_temp,230.0,2025-09-10 13:11:00.593849
bed_temp,60.2,2025-09-10 13:11:00.593849
current,1.93,2025-09-10 13:11:00.593849
power,225.7,2025-09-10 13:11:00.593849
voltage,121.11,2025-09-10 13:11:00.593849
filament_temp,230.7,2025-09-10 13:11:01.094087
bed_temp,60.8,2025-09-10 13:11:01.094087
current,1.93,2025-09-10 13:11:01.094087
power,225.7,2025-09-10 13:11:01.094087
voltage,121.11,2025-09-10 13:11:01.094087
filament_temp,230.7,2025-09-10 13:11:01.594316
bed_temp,60.8,2025-09-10 13:11:01.594316
current,1.93,2025-09-10 13:11:01.594316
power,225.7,2025-09-10 13:11:01.594316
voltage,121.11,2025-09-10 13:11:01.594316
filament_temp,230.7,2025-09-10 13:11:02.094482
bed_temp,60.8,2025-09-10 13:11:02.094482
current,1.93,2025-09-10 13:11:02.094482
power,225.7,2025-09-10 13:11:02.094482
voltage,121.11,2025-09-10 13:11:02.094482
filament_temp,230.7,2025-09-10 13:11:02.594700
bed_temp,60.8,2025-09-10 13:11:02.594700
current,1.93,2025-09-10 13:11:02.594700
power,225.7,2025-09-10 13:11:02.594700
voltage,121.11,2025-09-10 13:11:02.594700
filament_temp,229.3,2025-09-10 13:11:03.094944
bed_temp,60.9,2025-09-10 13:11:03.094944
current,1.93,2025-09-10 13:11:03.094944
power,225.7,2025-09-10 13:11:03.094944
voltage,121.11,2025-09-10 13:11:03.094944
filament_temp,229.3,2025-09-10 13:11:03.595180
bed_temp,60.9,2025-09-10 13:11:03.595180
current,1.93,2025-09-10 13:11:03.595180
power,225.7,2025-09-10 13:11:03.595180
voltage,121.11,2025-09-10 13:11:03.595180
filament_temp,229.3,2025-09-10 13:11:04.095424
bed_temp,60.9,2025-09-10 13:11:04.095424
current,0.53,2025-09-10 13:11:04.095424
power,225.7,2025-09-10 13:11:04.095424
voltage,121.11,2025-09-10 13:11:04.095424
filament_temp,229.3,2025-09-10 13:11:04.595667
bed_temp,60.9,2025-09-10 13:11:04.595667
current,0.53,2025-09-10 13:11:04.595667
power,225.7,2025-09-10 13:11:04.595667
voltage,121.11,2025-09-10 13:11:04.595667
filament_temp,229.7,2025-09-10 13:11:05.095901
bed_temp,61.4,2025-09-10 13:11:05.095901
current,0.53,2025-09-10 13:11:05.095901
power,225.7,2025-09-10 13:11:05.095901
voltage,121.11,2025-09-10 13:11:05.095901
filament_temp,229.7,2025-09-10 13:11:05.596122
bed_temp,61.4,2025-09-10 13:11:05.596122
current,0.53,2025-09-10 13:11:05.596122
power,225.7,2025-09-10 13:11:05.596122
voltage,121.11,2025-09-10 13:11:05.596122
filament_temp,229.7,2025-09-10 13:11:06.096289
bed_temp,61.4,2025-09-10 13:11:06.096289
current,1.86,2025-09-10 13:11:06.096289
power,225.7,2025-09-10 13:11:06.096289
voltage,121.11,2025-09-10 13:11:06.096289
filament_temp,229.7,2025-09-10 13:11:06.596530
bed_temp,61.4,2025-09-10 13:11:06.596530
current,1.86,2025-09-10 13:11:06.596530
power,227.2,2025-09-10 13:11:06.596530
voltage,121.11,2025-09-10 13:11:06.596530
filament_temp,230.5,2025-09-10 13:11:07.096756
bed_temp,60.5,2025-09-10 13:11:07.096756
current,1.86,2025-09-10 13:11:07.096756
power,217.2,2025-09-10 13:11:07.096756
voltage,121.11,2025-09-10 13:11:07.096756
filament_temp,230.5,2025-09-10 13:11:07.596974
bed_temp,60.5,2025-09-10 13:11:07.596974
current,1.86,2025-09-10 13:11:07.596974
power,228,2025-09-10 13:11:07.596974
voltage,121.11,2025-09-10 13:11:07.596974
filament_temp,230.5,2025-09-10 13:11:08.097198
bed_temp,60.5,2025-09-10 13:11:08.097198
current,1.86,2025-09-10 13:11:08.097198
power,228,2025-09-10 13:11:08.097198
voltage,121.11,2025-09-10 13:11:08.097198
filament_temp,230.5,2025-09-10 13:11:08.597406
bed_temp,60.5,2025-09-10 13:11:08.597406
current,1.86,2025-09-10 13:11:08.597406
power,224.5,2025-09-10 13:11:08.597406
voltage,121.11,2025-09-10 13:11:08.597406
filament_temp,230.7,2025-09-10 13:11:09.097631
bed_temp,60.2,2025-09-10 13:11:09.097631
current,1.86,2025-09-10 13:11:09.097631
power,224.5,2025-09-10 13:11:09.097631
voltage,121.11,2025-09-10 13:11:09.097631
filament_temp,230.7,2025-09-10 13:11:09.597876
bed_temp,60.2,2025-09-10 13:11:09.597876
current,1.96,2025-09-10 13:11:09.597876
power,224.5,2025-09-10 13:11:09.597876
voltage,121.11,2025-09-10 13:11:09.597876
filament_temp,230.7,2025-09-10 13:11:10.098092
bed_temp,60.2,2025-09-10 13:11:10.098092
current,1.96,2025-09-10 13:11:10.098092
power,226.5,2025-09-10 13:11:10.098092
voltage,121.11,2025-09-10 13:11:10.098092
filament_temp,230.7,2025-09-10 13:11:10.598279
bed_temp,60.2,2025-09-10 13:11:10.598279
current,1.96,2025-09-10 13:11:10.598279
power,226.5,2025-09-10 13:11:10.598279
voltage,121.11,2025-09-10 13:11:10.598279
filament_temp,229.3,2025-09-10 13:11:11.098470
bed_temp,59.0,2025-09-10 13:11:11.098470
current,1.96,2025-09-10 13:11:11.098470
power,226.5,2025-09-10 13:11:11.098470
voltage,121.11,2025-09-10 13:11:11.098470
filament_temp,229.3,2025-09-10 13:11:11.598678
bed_temp,59.0,2025-09-10 13:11:11.598678
current,1.96,2025-09-10 13:11:11.598678
power,226.5,2025-09-10 13:11:11.598678
voltage,121.11,2025-09-10 13:11:11.598678
filament_temp,229.3,2025-09-10 13:11:12.098893
bed_temp,59.0,2025-09-10 13:11:12.098893
current,1.96,2025-09-10 13:11:12.098893
power,226.5,2025-09-10 13:11:12.098893
voltage,121.11,2025-09-10 13:11:12.098893
filament_temp,229.3,2025-09-10 13:11:12.599127
bed_temp,59.0,2025-09-10 13:11:12.599127
current,1.96,2025-09-10 13:11:12.599127
power,226.5,2025-09-10 13:11:12.599127
voltage,121.11,2025-09-10 13:11:12.599127
filament_temp,229.5,2025-09-10 13:11:13.099350
bed_temp,59.1,2025-09-10 13:11:13.099350
current,1.96,2025-09-10 13:11:13.099350
power,226.5,2025-09-10 13:11:13.099350
voltage,121.11,2025-09-10 13:11:13.099350
filament_temp,229.5,2025-09-10 13:11:13.599581
bed_temp,59.1,2025-09-10 13:11:13.599581
current,1.96,2025-09-10 13:11:13.599581
power,226.5,2025-09-10 13:11:13.599581
voltage,121.11,2025-09-10 13:11:13.599581
filament_temp,229.5,2025-09-10 13:11:14.099764
bed_temp,59.1,2025-09-10 13:11:14.099764
current,1.96,2025-09-10 13:11:14.099764
power,226.5,2025-09-10 13:11:14.099764
voltage,121.11,2025-09-10 13:11:14.099764
filament_temp,229.5,2025-09-10 13:11:14.599951
bed_temp,59.1,2025-09-10 13:11:14.599951
current,1.96,2025-09-10 13:11:14.599951
power,226.5,2025-09-10 13:11:14.599951
voltage,121.11,2025-09-10 13:11:14.599951
filament_temp,230.0,2025-09-10 13:11:15.100146
bed_temp,59.6,2025-09-10 13:11:15.100146
current,1.96,2025-09-10 13:11:15.100146
power,226.5,2025-09-10 13:11:15.100146
voltage,121.11,2025-09-10 13:11:15.100146
filament_temp,230.0,2025-09-10 13:11:15.600364
bed_temp,59.6,2025-09-10 13:11:15.600364
current,1.96,2025-09-10 13:11:15.600364
power,226.5,2025-09-10 13:11:15.600364
voltage,121.11,2025-09-10 13:11:15.600364
filament_temp,230.0,2025-09-10 13:11:16.100605
bed_temp,59.6,2025-09-10 13:11:16.100605
current,1.96,2025-09-10 13:11:16.100605
power,226.5,2025-09-10 13:11:16.100605
voltage,121.11,2025-09-10 13:11:16.100605
filament_temp,230.0,2025-09-10 13:11:16.600833
bed_temp,59.6,2025-09-10 13:11:16.600833
current,1.96,2025-09-10 13:11:16.600833
power,226.5,2025-09-10 13:11:16.600833
voltage,121.11,2025-09-10 13:11:16.600833
filament_temp,231.2,2025-09-10 13:11:17.101075
bed_temp,59.0,2025-09-10 13:11:17.101075
current,1.96,2025-09-10 13:11:17.101075
power,226.5,2025-09-10 13:11:17.101075
voltage,121.11,2025-09-10 13:11:17.101075
filament_temp,231.2,2025-09-10 13:11:17.601315
bed_temp,59.0,2025-09-10 13:11:17.601315
current,1.96,2025-09-10 13:11:17.601315
power,226.5,2025-09-10 13:11:17.601315
voltage,121.11,2025-09-10 13:11:17.601315
filament_temp,231.2,2025-09-10 13:11:18.101566
bed_temp,59.0,2025-09-10 13:11:18.101566
current,1.96,2025-09-10 13:11:18.101566
power,226.5,2025-09-10 13:11:18.101566
voltage,121.11,2025-09-10 13:11:18.101566
filament_temp,231.2,2025-09-10 13:11:18.601772
bed_temp,59.0,2025-09-10 13:11:18.601772
current,1.96,2025-09-10 13:11:18.601772
power,226.5,2025-09-10 13:11:18.601772
voltage,121.11,2025-09-10 13:11:18.601772
filament_temp,229.2,2025-09-10 13:11:19.101994
bed_temp,60.0,2025-09-10 13:11:19.101994
current,1.96,2025-09-10 13:11:19.101994
power,226.5,2025-09-10 13:11:19.101994
voltage,121.11,2025-09-10 13:11:19.101994
filament_temp,229.2,2025-09-10 13:11:19.602230
bed_temp,60.0,2025-09-10 13:11:19.602230
current,1.96,2025-09-10 13:11:19.602230
power,226.5,2025-09-10 13:11:19.602230
voltage,121.11,2025-09-10 13:11:19.602230
filament_temp,229.2,2025-09-10 13:11:20.102457
bed_temp,60.0,2025-09-10 13:11:20.102457
current,1.96,2025-09-10 13:11:20.102457
power,226.5,2025-09-10 13:11:20.102457
voltage,121.11,2025-09-10 13:11:20.102457
filament_temp,229.2,2025-09-10 13:11:20.602714
bed_temp,60.0,2025-09-10 13:11:20.602714
current,1.96,2025-09-10 13:11:20.602714
power,226.5,2025-09-10 13:11:20.602714
voltage,121.11,2025-09-10 13:11:20.602714
filament_temp,229.3,2025-09-10 13:11:21.102955
bed_temp,60.5,2025-09-10 13:11:21.102955
current,1.96,2025-09-10 13:11:21.102955
power,226.5,2025-09-10 13:11:21.102955
voltage,121.11,2025-09-10 13:11:21.102955
filament_temp,229.3,2025-09-10 13:11:21.603197
bed_temp,60.5,2025-09-10 13:11:21.603197
current,1.96,2025-09-10 13:11:21.603197
power,226.5,2025-09-10 13:11:21.603197
voltage,121.11,2025-09-10 13:11:21.603197
filament_temp,229.3,2025-09-10 13:11:22.103439
bed_temp,60.5,2025-09-10 13:11:22.103439
current,1.96,2025-09-10 13:11:22.103439
power,226.5,2025-09-10 13:11:22.103439
voltage,121.11,2025-09-10 13:11:22.103439
filament_temp,229.3,2025-09-10 13:11:22.603673
bed_temp,60.5,2025-09-10 13:11:22.603673
current,1.96,2025-09-10 13:11:22.603673
power,226.5,2025-09-10 13:11:22.603673
voltage,121.11,2025-09-10 13:11:22.603673
filament_temp,229.2,2025-09-10 13:11:23.103913
bed_temp,60.6,2025-09-10 13:11:23.103913
current,1.96,2025-09-10 13:11:23.103913
power,226.5,2025-09-10 13:11:23.103913
voltage,121.11,2025-09-10 13:11:23.103913
filament_temp,229.2,2025-09-10 13:11:23.604110
bed_temp,60.6,2025-09-10 13:11:23.604110
current,1.96,2025-09-10 13:11:23.604110
power,226.5,2025-09-10 13:11:23.604110
voltage,121.11,2025-09-10 13:11:23.604110
filament_temp,229.2,2025-09-10 13:11:24.104313
bed_temp,60.6,2025-09-10 13:11:24.104313
current,1.96,2025-09-10 13:11:24.104313
power,226.5,2025-09-10 13:11:24.104313
voltage,121.11,2025-09-10 13:11:24.104313
filament_temp,229.2,2025-09-10 13:11:24.604512
bed_temp,60.6,2025-09-10 13:11:24.604512
current,1.96,2025-09-10 13:11:24.604512
power,226.5,2025-09-10 13:11:24.604512
voltage,121.11,2025-09-10 13:11:24.604512
filament_temp,229.5,2025-09-10 13:11:25.104751
bed_temp,60.9,2025-09-10 13:11:25.104751
current,1.96,2025-09-10 13:11:25.104751
power,226.5,2025-09-10 13:11:25.104751
voltage,121.11,2025-09-10 13:11:25.104751
filament_temp,229.5,2025-09-10 13:11:25.604954
bed_temp,60.9,2025-09-10 13:11:25.604954
current,1.96,2025-09-10 13:11:25.604954
power,226.5,2025-09-10 13:11:25.604954
voltage,121.11,2025-09-10 13:11:25.604954
filament_temp,229.5,2025-09-10 13:11:26.105172
bed_temp,60.9,2025-09-10 13:11:26.105172
current,1.96,2025-09-10 13:11:26.105172
power,226.5,2025-09-10 13:11:26.105172
voltage,121.11,2025-09-10 13:11:26.105172
filament_temp,229.5,2025-09-10 13:11:26.605389
bed_temp,60.9,2025-09-10 13:11:26.605389
current,1.96,2025-09-10 13:11:26.605389
power,226.5,2025-09-10 13:11:26.605389
voltage,121.11,2025-09-10 13:11:26.605389
filament_temp,229.2,2025-09-10 13:11:27.105631
bed_temp,59.9,2025-09-10 13:11:27.105631
current,1.96,2025-09-10 13:11:27.105631
power,226.5,2025-09-10 13:11:27.105631
voltage,121.11,2025-09-10 13:11:27.105631
filament_temp,229.2,2025-09-10 13:11:27.605873
bed_temp,59.9,2025-09-10 13:11:27.605873
current,1.96,2025-09-10 13:11:27.605873
power,226.5,2025-09-10 13:11:27.605873
voltage,121.11,2025-09-10 13:11:27.605873
filament_temp,229.2,2025-09-10 13:11:28.106113
bed_temp,59.9,2025-09-10 13:11:28.106113
current,1.96,2025-09-10 13:11:28.106113
power,226.5,2025-09-10 13:11:28.106113
voltage,121.11,2025-09-10 13:11:28.106113
filament_temp,229.2,2025-09-10 13:11:28.606335
bed_temp,59.9,2025-09-10 13:11:28.606335
current,1.96,2025-09-10 13:11:28.606335
power,226.5,2025-09-10 13:11:28.606335
voltage,121.11,2025-09-10 13:11:28.606335
filament_temp,229.8,2025-09-10 13:11:29.106571
bed_temp,60.2,2025-09-10 13:11:29.106571
current,1.96,2025-09-10 13:11:29.106571
power,226.5,2025-09-10 13:11:29.106571
voltage,121.11,2025-09-10 13:11:29.106571
filament_temp,229.8,2025-09-10 13:11:29.606793
bed_temp,60.2,2025-09-10 13:11:29.606793
current,1.96,2025-09-10 13:11:29.606793
power,226.5,2025-09-10 13:11:29.606793
voltage,121.11,2025-09-10 13:11:29.606793
filament_temp,229.8,2025-09-10 13:11:30.107036
bed_temp,60.2,2025-09-10 13:11:30.107036
current,1.96,2025-09-10 13:11:30.107036
power,226.5,2025-09-10 13:11:30.107036
voltage,121.11,2025-09-10 13:11:30.107036
filament_temp,229.8,2025-09-10 13:11:30.607261
bed_temp,60.2,2025-09-10 13:11:30.607261
current,1.96,2025-09-10 13:11:30.607261
power,226.5,2025-09-10 13:11:30.607261
voltage,121.11,2025-09-10 13:11:30.607261
filament_temp,230.0,2025-09-10 13:11:31.107485
bed_temp,60.5,2025-09-10 13:11:31.107485
current,1.96,2025-09-10 13:11:31.107485
power,226.5,2025-09-10 13:11:31.107485
voltage,121.11,2025-09-10 13:11:31.107485
filament_temp,230.0,2025-09-10 13:11:31.607703
bed_temp,60.5,2025-09-10 13:11:31.607703
current,1.96,2025-09-10 13:11:31.607703
power,226.5,2025-09-10 13:11:31.607703
voltage,121.11,2025-09-10 13:11:31.607703
filament_temp,230.0,2025-09-10 13:11:32.107953
bed_temp,60.5,2025-09-10 13:11:32.107953
current,1.96,2025-09-10 13:11:32.107953
power,226.5,2025-09-10 13:11:32.107953
voltage,121.11,2025-09-10 13:11:32.107953
filament_temp,230.0,2025-09-10 13:11:32.608163
bed_temp,60.5,2025-09-10 13:11:32.608163
current,1.96,2025-09-10 13:11:32.608163
power,226.5,2025-09-10 13:11:32.608163
voltage,121.11,2025-09-10 13:11:32.608163
filament_temp,230.3,2025-09-10 13:11:33.108386
bed_temp,58.8,2025-09-10 13:11:33.108386
current,1.96,2025-09-10 13:11:33.108386
power,226.5,2025-09-10 13:11:33.108386
voltage,121.11,2025-09-10 13:11:33.108386
filament_temp,230.3,2025-09-10 13:11:33.608612
bed_temp,58.8,2025-09-10 13:11:33.608612
current,1.96,2025-09-10 13:11:33.608612
power,226.5,2025-09-10 13:11:33.608612
voltage,121.11,2025-09-10 13:11:33.608612
filament_temp,230.3,2025-09-10 13:11:34.108852
bed_temp,58.8,2025-09-10 13:11:34.108852
current,1.96,2025-09-10 13:11:34.108852
power,226.5,2025-09-10 13:11:34.108852
voltage,121.11,2025-09-10 13:11:34.108852
filament_temp,230.3,2025-09-10 13:11:34.609097
bed_temp,58.8,2025-09-10 13:11:34.609097
current,1.96,2025-09-10 13:11:34.609097
power,226.5,2025-09-10 13:11:34.609097
voltage,121.11,2025-09-10 13:11:34.609097
filament_temp,230.5,2025-09-10 13:11:35.109338
bed_temp,59.1,2025-09-10 13:11:35.109338
current,1.96,2025-09-10 13:11:35.109338
power,226.5,2025-09-10 13:11:35.109338
voltage,121.11,2025-09-10 13:11:35.109338
filament_temp,230.5,2025-09-10 13:11:35.609554
bed_temp,59.1,2025-09-10 13:11:35.609554
current,1.96,2025-09-10 13:11:35.609554
power,226.5,2025-09-10 13:11:35.609554
voltage,121.11,2025-09-10 13:11:35.609554
filament_temp,230.5,2025-09-10 13:11:36.109784
bed_temp,59.1,2025-09-10 13:11:36.109784
current,1.96,2025-09-10 13:11:36.109784
power,226.5,2025-09-10 13:11:36.109784
voltage,121.11,2025-09-10 13:11:36.109784
filament_temp,230.5,2025-09-10 13:11:36.609999
bed_temp,59.1,2025-09-10 13:11:36.609999
current,0.59,2025-09-10 13:11:36.609999
power,226.5,2025-09-10 13:11:36.609999
voltage,121.11,2025-09-10 13:11:36.609999
filament_temp,229.7,2025-09-10 13:11:37.110192
bed_temp,60.0,2025-09-10 13:11:37.110192
current,0.59,2025-09-10 13:11:37.110192
power,226.5,2025-09-10 13:11:37.110192
voltage,121.11,2025-09-10 13:11:37.110192
filament_temp,229.7,2025-09-10 13:11:37.610408
bed_temp,60.0,2025-09-10 13:11:37.610408
current,0.59,2025-09-10 13:11:37.610408
power,226.5,2025-09-10 13:11:37.610408
voltage,121.11,2025-09-10 13:11:37.610408
filament_temp,229.7,2025-09-10 13:11:38.110643
bed_temp,60.0,2025-09-10 13:11:38.110643
current,0.59,2025-09-10 13:11:38.110643
power,226.5,2025-09-10 13:11:38.110643
voltage,121.11,2025-09-10 13:11:38.110643
filament_temp,229.7,2025-09-10 13:11:38.610885
bed_temp,60.0,2025-09-10 13:11:38.610885
current,0.59,2025-09-10 13:11:38.610885
power,226.5,2025-09-10 13:11:38.610885
voltage,121.11,2025-09-10 13:11:38.610885
filament_temp,230.8,2025-09-10 13:11:39.111125
bed_temp,59.7,2025-09-10 13:11:39.111125
current,0.59,2025-09-10 13:11:39.111125
power,226.5,2025-09-10 13:11:39.111125
voltage,121.11,2025-09-10 13:11:39.111125
filament_temp,230.8,2025-09-10 13:11:39.611367
bed_temp,59.7,2025-09-10 13:11:39.611367
current,0.59,2025-09-10 13:11:39.611367
power,226.5,2025-09-10 13:11:39.611367
voltage,121.11,2025-09-10 13:11:39.611367
filament_temp,230.8,2025-09-10 13:11:40.111608
bed_temp,59.7,2025-09-10 13:11:40.111608
current,0.59,2025-09-10 13:11:40.111608
power,226.5,2025-09-10 13:11:40.111608
voltage,121.11,2025-09-10 13:11:40.111608
filament_temp,230.8,2025-09-10 13:11:40.611850
bed_temp,59.7,2025-09-10 13:11:40.611850
current,0.59,2025-09-10 13:11:40.611850
power,226.5,2025-09-10 13:11:40.611850
voltage,121.11,2025-09-10 13:11:40.611850
filament_temp,230.0,2025-09-10 13:11:41.112075
bed_temp,59.9,2025-09-10 13:11:41.112075
current,1.96,2025-09-10 13:11:41.112075
power,226.5,2025-09-10 13:11:41.112075
voltage,121.11,2025-09-10 13:11:41.112075
filament_temp,230.0,2025-09-10 13:11:41.612298
bed_temp,59.9,2025-09-10 13:11:41.612298
current,1.96,2025-09-10 13:11:41.612298
power,232.1,2025-09-10 13:11:41.612298
voltage,121.11,2025-09-10 13:11:41.612298
filament_temp,230.0,2025-09-10 13:11:42.112540
bed_temp,59.9,2025-09-10 13:11:42.112540
current,1.96,2025-09-10 13:11:42.112540
power,232.1,2025-09-10 13:11:42.112540
voltage,121.11,2025-09-10 13:11:42.112540
filament_temp,230.0,2025-09-10 13:11:42.612765
bed_temp,59.9,2025-09-10 13:11:42.612765
current,1.96,2025-09-10 13:11:42.612765
power,232.1,2025-09-10 13:11:42.612765
voltage,121.11,2025-09-10 13:11:42.612765
filament_temp,230.0,2025-09-10 13:11:43.112960
bed_temp,60.5,2025-09-10 13:11:43.112960
current,1.96,2025-09-10 13:11:43.112960
power,232.1,2025-09-10 13:11:43.112960
voltage,121.11,2025-09-10 13:11:43.112960
filament_temp,230.0,2025-09-10 13:11:43.613183
bed_temp,60.5,2025-09-10 13:11:43.613183
current,1.96,2025-09-10 13:11:43.613183
power,228.7,2025-09-10 13:11:43.613183
voltage,121.11,2025-09-10 13:11:43.613183
filament_temp,230.0,2025-09-10 13:11:44.113411
bed_temp,60.5,2025-09-10 13:11:44.113411
current,1.96,2025-09-10 13:11:44.113411
power,228.7,2025-09-10 13:11:44.113411
voltage,121.11,2025-09-10 13:11:44.113411
filament_temp,230.0,2025-09-10 13:11:44.613623
bed_temp,60.5,2025-09-10 13:11:44.613623
current,1.96,2025-09-10 13:11:44.613623
power,228.7,2025-09-10 13:11:44.613623
voltage,121.11,2025-09-10 13:11:44.613623
filament_temp,230.5,2025-09-10 13:11:45.113838
bed_temp,60.5,2025-09-10 13:11:45.113838
current,1.96,2025-09-10 13:11:45.113838
power,228.7,2025-09-10 13:11:45.113838
voltage,121.11,2025-09-10 13:11:45.113838
filament_temp,230.5,2025-09-10 13:11:45.614068
bed_temp,60.5,2025-09-10 13:11:45.614068
current,1.96,2025-09-10 13:11:45.614068
power,228.7,2025-09-10 13:11:45.614068
voltage,121.11,2025-09-10 13:11:45.614068
filament_temp,230.5,2025-09-10 13:11:46.114302
bed_temp,60.5,2025-09-10 13:11:46.114302
current,1.96,2025-09-10 13:11:46.114302
power,228.7,2025-09-10 13:11:46.114302
voltage,121.11,2025-09-10 13:11:46.114302
filament_temp,230.5,2025-09-10 13:11:46.614537
bed_temp,60.5,2025-09-10 13:11:46.614537
current,1.96,2025-09-10 13:11:46.614537
power,228.7,2025-09-10 13:11:46.614537
voltage,121.11,2025-09-10 13:11:46.614537
filament_temp,229.5,2025-09-10 13:11:47.114775
bed_temp,59.7,2025-09-10 13:11:47.114775
current,1.96,2025-09-10 13:11:47.114775
power,228.7,2025-09-10 13:11:47.114775
voltage,121.11,2025-09-10 13:11:47.114775
filament_temp,229.5,2025-09-10 13:11:47.615017
bed_temp,59.7,2025-09-10 13:11:47.615017
current,1.96,2025-09-10 13:11:47.615017
power,228.7,2025-09-10 13:11:47.615017
voltage,121.11,2025-09-10 13:11:47.615017
filament_temp,229.5,2025-09-10 13:11:48.115253
bed_temp,59.7,2025-09-10 13:11:48.115253
current,1.96,2025-09-10 13:11:48.115253
power,228.7,2025-09-10 13:11:48.115253
voltage,121.11,2025-09-10 13:11:48.115253
filament_temp,229.5,2025-09-10 13:11:48.615493
bed_temp,59.7,2025-09-10 13:11:48.615493
current,1.96,2025-09-10 13:11:48.615493
power,228.7,2025-09-10 13:11:48.615493
voltage,121.11,2025-09-10 13:11:48.615493
filament_temp,229.0,2025-09-10 13:11:49.115732
bed_temp,59.6,2025-09-10 13:11:49.115732
current,1.96,2025-09-10 13:11:49.115732
power,228.7,2025-09-10 13:11:49.115732
voltage,121.11,2025-09-10 13:11:49.115732
filament_temp,229.0,2025-09-10 13:11:49.615889
bed_temp,59.6,2025-09-10 13:11:49.615889
current,1.96,2025-09-10 13:11:49.615889
power,228.7,2025-09-10 13:11:49.615889
voltage,121.11,2025-09-10 13:11:49.615889
filament_temp,229.0,2025-09-10 13:11:50.116127
bed_temp,59.6,2025-09-10 13:11:50.116127
current,1.96,2025-09-10 13:11:50.116127
power,228.7,2025-09-10 13:11:50.116127
voltage,121.11,2025-09-10 13:11:50.116127
filament_temp,229.0,2025-09-10 13:11:50.616299
bed_temp,59.6,2025-09-10 13:11:50.616299
current,1.96,2025-09-10 13:11:50.616299
power,228.7,2025-09-10 13:11:50.616299
voltage,121.11,2025-09-10 13:11:50.616299
filament_temp,228.8,2025-09-10 13:11:51.116530
bed_temp,60.3,2025-09-10 13:11:51.116530
current,1.96,2025-09-10 13:11:51.116530
power,228.7,2025-09-10 13:11:51.116530
voltage,121.11,2025-09-10 13:11:51.116530
filament_temp,228.8,2025-09-10 13:11:51.616761
bed_temp,60.3,2025-09-10 13:11:51.616761
current,1.96,2025-09-10 13:11:51.616761
power,228.7,2025-09-10 13:11:51.616761
voltage,121.11,2025-09-10 13:11:51.616761
filament_temp,228.8,2025-09-10 13:11:52.116957
bed_temp,60.3,2025-09-10 13:11:52.116957
current,1.96,2025-09-10 13:11:52.116957
power,228.7,2025-09-10 13:11:52.116957
voltage,121.11,2025-09-10 13:11:52.116957
filament_temp,228.8,2025-09-10 13:11:52.617183
bed_temp,60.3,2025-09-10 13:11:52.617183
current,1.96,2025-09-10 13:11:52.617183
power,228.7,2025-09-10 13:11:52.617183
voltage,121.11,2025-09-10 13:11:52.617183
filament_temp,229.0,2025-09-10 13:11:53.117404
bed_temp,59.4,2025-09-10 13:11:53.117404
current,1.96,2025-09-10 13:11:53.117404
power,228.7,2025-09-10 13:11:53.117404
voltage,121.11,2025-09-10 13:11:53.117404
filament_temp,229.0,2025-09-10 13:11:53.617589
bed_temp,59.4,2025-09-10 13:11:53.617589
current,0.55,2025-09-10 13:11:53.617589
power,228.7,2025-09-10 13:11:53.617589
voltage,121.11,2025-09-10 13:11:53.617589
filament_temp,229.0,2025-09-10 13:11:54.117826
bed_temp,59.4,2025-09-10 13:11:54.117826
current,0.55,2025-09-10 13:11:54.117826
power,228.7,2025-09-10 13:11:54.117826
voltage,121.11,2025-09-10 13:11:54.117826
filament_temp,229.0,2025-09-10 13:11:54.618030
bed_temp,59.4,2025-09-10 13:11:54.618030
current,0.55,2025-09-10 13:11:54.618030
power,228.7,2025-09-10 13:11:54.618030
voltage,121.11,2025-09-10 13:11:54.618030
filament_temp,229.8,2025-09-10 13:11:55.118240
bed_temp,58.7,2025-09-10 13:11:55.118240
current,0.55,2025-09-10 13:11:55.118240
power,228.7,2025-09-10 13:11:55.118240
voltage,121.11,2025-09-10 13:11:55.118240
filament_temp,229.8,2025-09-10 13:11:55.618467
bed_temp,58.7,2025-09-10 13:11:55.618467
current,0.55,2025-09-10 13:11:55.618467
power,228.7,2025-09-10 13:11:55.618467
voltage,121.11,2025-09-10 13:11:55.618467
filament_temp,229.8,2025-09-10 13:11:56.118695
bed_temp,58.7,2025-09-10 13:11:56.118695
current,0.55,2025-09-10 13:11:56.118695
power,228.7,2025-09-10 13:11:56.118695
voltage,121.11,2025-09-10 13:11:56.118695
filament_temp,229.8,2025-09-10 13:11:56.618907
bed_temp,58.7,2025-09-10 13:11:56.618907
current,1.91,2025-09-10 13:11:56.618907
power,228.7,2025-09-10 13:11:56.618907
voltage,121.11,2025-09-10 13:11:56.618907
filament_temp,230.8,2025-09-10 13:11:57.119148
bed_temp,59.3,2025-09-10 13:11:57.119148
current,1.91,2025-09-10 13:11:57.119148
power,228.7,2025-09-10 13:11:57.119148
voltage,121.11,2025-09-10 13:11:57.119148
filament_temp,230.8,2025-09-10 13:11:57.619379
bed_temp,59.3,2025-09-10 13:11:57.619379
current,1.91,2025-09-10 13:11:57.619379
power,228.7,2025-09-10 13:11:57.619379
voltage,121.11,2025-09-10 13:11:57.619379
filament_temp,230.8,2025-09-10 13:11:58.119566
bed_temp,59.3,2025-09-10 13:11:58.119566
current,1.91,2025-09-10 13:11:58.119566
power,228.7,2025-09-10 13:11:58.119566
voltage,121.11,2025-09-10 13:11:58.119566
filament_temp,230.8,2025-09-10 13:11:58.619747
bed_temp,59.3,2025-09-10 13:11:58.619747
current,1.91,2025-09-10 13:11:58.619747
power,228.7,2025-09-10 13:11:58.619747
voltage,121.11,2025-09-10 13:11:58.619747
filament_temp,230.5,2025-09-10 13:11:59.119933
bed_temp,60.5,2025-09-10 13:11:59.119933
current,1.91,2025-09-10 13:11:59.119933
power,228.7,2025-09-10 13:11:59.119933
voltage,121.11,2025-09-10 13:11:59.119933
filament_temp,230.5,2025-09-10 13:11:59.620166
bed_temp,60.5,2025-09-10 13:11:59.620166
current,1.91,2025-09-10 13:11:59.620166
power,225.3,2025-09-10 13:11:59.620166
voltage,121.11,2025-09-10 13:11:59.620166
filament_temp,230.5,2025-09-10 13:12:00.120333
bed_temp,60.5,2025-09-10 13:12:00.120333
current,1.91,2025-09-10 13:12:00.120333
power,225.3,2025-09-10 13:12:00.120333
voltage,121.11,2025-09-10 13:12:00.120333
filament_temp,230.5,2025-09-10 13:12:00.620560
bed_temp,60.5,2025-09-10 13:12:00.620560
current,1.91,2025-09-10 13:12:00.620560
power,225.3,2025-09-10 13:12:00.620560
voltage,121.11,2025-09-10 13:12:00.620560
filament_temp,230.3,2025-09-10 13:12:01.120766
bed_temp,60.2,2025-09-10 13:12:01.120766
current,0.58,2025-09-10 13:12:01.120766
power,225.3,2025-09-10 13:12:01.120766
voltage,121.11,2025-09-10 13:12:01.120766
filament_temp,230.3,2025-09-10 13:12:01.621017
bed_temp,60.2,2025-09-10 13:12:01.621017
current,0.58,2025-09-10 13:12:01.621017
power,225.3,2025-09-10 13:12:01.621017
voltage,121.11,2025-09-10 13:12:01.621017
filament_temp,230.3,2025-09-10 13:12:02.121188
bed_temp,60.2,2025-09-10 13:12:02.121188
current,0.58,2025-09-10 13:12:02.121188
power,225.3,2025-09-10 13:12:02.121188
voltage,121.11,2025-09-10 13:12:02.121188
filament_temp,230.3,2025-09-10 13:12:02.621386
bed_temp,60.2,2025-09-10 13:12:02.621386
current,0.58,2025-09-10 13:12:02.621386
power,225.3,2025-09-10 13:12:02.621386
voltage,121.11,2025-09-10 13:12:02.621386
filament_temp,230.2,2025-09-10 13:12:03.121622
bed_temp,60.3,2025-09-10 13:12:03.121622
current,0.58,2025-09-10 13:12:03.121622
power,225.3,2025-09-10 13:12:03.121622
voltage,121.11,2025-09-10 13:12:03.121622
filament_temp,230.2,2025-09-10 13:12:03.621821
bed_temp,60.3,2025-09-10 13:12:03.621821
current,0.58,2025-09-10 13:12:03.621821
power,225.3,2025-09-10 13:12:03.621821
voltage,121.11,2025-09-10 13:12:03.621821
filament_temp,230.2,2025-09-10 13:12:04.122053
bed_temp,60.3,2025-09-10 13:12:04.122053
current,0.58,2025-09-10 13:12:04.122053
power,225.3,2025-09-10 13:12:04.122053
voltage,121.11,2025-09-10 13:12:04.122053
filament_temp,230.2,2025-09-10 13:12:04.622292
bed_temp,60.3,2025-09-10 13:12:04.622292
current,0.58,2025-09-10 13:12:04.622292
power,225.3,2025-09-10 13:12:04.622292
voltage,121.11,2025-09-10 13:12:04.622292
filament_temp,230.0,2025-09-10 13:12:05.122534
bed_temp,60.5,2025-09-10 13:12:05.122534
current,0.58,2025-09-10 13:12:05.122534
power,225.3,2025-09-10 13:12:05.122534
voltage,121.11,2025-09-10 13:12:05.122534
filament_temp,230.0,2025-09-10 13:12:05.622766
bed_temp,60.5,2025-09-10 13:12:05.622766
current,0.58,2025-09-10 13:12:05.622766
power,225.3,2025-09-10 13:12:05.622766
voltage,121.11,2025-09-10 13:12:05.622766
filament_temp,230.0,2025-09-10 13:12:06.122995
bed_temp,60.5,2025-09-10 13:12:06.122995
current,0.58,2025-09-10 13:12:06.122995
power,225.3,2025-09-10 13:12:06.122995
voltage,121.11,2025-09-10 13:12:06.122995
filament_temp,230.0,2025-09-10 13:12:06.623228
bed_temp,60.5,2025-09-10 13:12:06.623228
current,0.58,2025-09-10 13:12:06.623228
power,225.3,2025-09-10 13:12:06.623228
voltage,121.11,2025-09-10 13:12:06.623228
filament_temp,230.2,2025-09-10 13:12:07.123422
bed_temp,59.7,2025-09-10 13:12:07.123422
current,0.58,2025-09-10 13:12:07.123422
power,225.3,2025-09-10 13:12:07.123422
voltage,121.11,2025-09-10 13:12:07.123422
filament_temp,230.2,2025-09-10 13:12:07.623638
bed_temp,59.7,2025-09-10 13:12:07.623638
current,0.58,2025-09-10 13:12:07.623638
power,225.3,2025-09-10 13:12:07.623638
voltage,121.11,2025-09-10 13:12:07.623638
filament_temp,230.2,2025-09-10 13:12:08.123882
bed_temp,59.7,2025-09-10 13:12:08.123882
current,0.58,2025-09-10 13:12:08.123882
power,225.3,2025-09-10 13:12:08.123882
voltage,121.11,2025-09-10 13:12:08.123882
filament_temp,230.2,2025-09-10 13:12:08.624122
bed_temp,59.7,2025-09-10 13:12:08.624122
current,0.58,2025-09-10 13:12:08.624122
power,225.3,2025-09-10 13:12:08.624122
voltage,121.11,2025-09-10 13:12:08.624122
filament_temp,229.7,2025-09-10 13:12:09.124380
bed_temp,59.6,2025-09-10 13:12:09.124380
current,0.58,2025-09-10 13:12:09.124380
power,225.3,2025-09-10 13:12:09.124380
voltage,121.11,2025-09-10 13:12:09.124380
filament_temp,229.7,2025-09-10 13:12:09.624624
bed_temp,59.6,2025-09-10 13:12:09.624624
current,0.58,2025-09-10 13:12:09.624624
power,225.3,2025-09-10 13:12:09.624624
voltage,121.11,2025-09-10 13:12:09.624624
filament_temp,229.7,2025-09-10 13:12:10.124861
bed_temp,59.6,2025-09-10 13:12:10.124861
current,0.58,2025-09-10 13:12:10.124861
power,225.3,2025-09-10 13:12:10.124861
voltage,121.11,2025-09-10 13:12:10.124861
filament_temp,229.7,2025-09-10 13:12:10.625060
bed_temp,59.6,2025-09-10 13:12:10.625060
current,1.88,2025-09-10 13:12:10.625060
power,225.3,2025-09-10 13:12:10.625060
voltage,121.11,2025-09-10 13:12:10.625060
filament_temp,229.5,2025-09-10 13:12:11.125264
bed_temp,60.0,2025-09-10 13:12:11.125264
current,1.88,2025-09-10 13:12:11.125264
power,225.3,2025-09-10 13:12:11.125264
voltage,121.11,2025-09-10 13:12:11.125264
filament_temp,229.5,2025-09-10 13:12:11.625510
bed_temp,60.0,2025-09-10 13:12:11.625510
current,1.88,2025-09-10 13:12:11.625510
power,225.3,2025-09-10 13:12:11.625510
voltage,121.11,2025-09-10 13:12:11.625510
filament_temp,229.5,2025-09-10 13:12:12.125736
bed_temp,60.0,2025-09-10 13:12:12.125736
current,1.88,2025-09-10 13:12:12.125736
power,225.3,2025-09-10 13:12:12.125736
voltage,121.11,2025-09-10 13:12:12.125736
filament_temp,229.5,2025-09-10 13:12:12.625969
bed_temp,60.0,2025-09-10 13:12:12.625969
current,1.88,2025-09-10 13:12:12.625969
power,225.3,2025-09-10 13:12:12.625969
voltage,121.11,2025-09-10 13:12:12.625969
filament_temp,229.5,2025-09-10 13:12:13.126213
bed_temp,59.3,2025-09-10 13:12:13.126213
current,1.88,2025-09-10 13:12:13.126213
power,225.3,2025-09-10 13:12:13.126213
voltage,121.11,2025-09-10 13:12:13.126213
filament_temp,229.5,2025-09-10 13:12:13.626458
bed_temp,59.3,2025-09-10 13:12:13.626458
current,1.88,2025-09-10 13:12:13.626458
power,225.3,2025-09-10 13:12:13.626458
voltage,121.11,2025-09-10 13:12:13.626458
filament_temp,229.5,2025-09-10 13:12:14.126670
bed_temp,59.3,2025-09-10 13:12:14.126670
current,1.88,2025-09-10 13:12:14.126670
power,225.3,2025-09-10 13:12:14.126670
voltage,121.11,2025-09-10 13:12:14.126670
filament_temp,229.5,2025-09-10 13:12:14.626897
bed_temp,59.3,2025-09-10 13:12:14.626897
current,1.88,2025-09-10 13:12:14.626897
power,225.3,2025-09-10 13:12:14.626897
voltage,121.11,2025-09-10 13:12:14.626897
filament_temp,229.5,2025-09-10 13:12:15.127126
bed_temp,59.9,2025-09-10 13:12:15.127126
current,1.88,2025-09-10 13:12:15.127126
power,225.8,2025-09-10 13:12:15.127126
voltage,121.11,2025-09-10 13:12:15.127126
filament_temp,229.5,2025-09-10 13:12:15.627355
bed_temp,59.9,2025-09-10 13:12:15.627355
current,1.88,2025-09-10 13:12:15.627355
power,225.8,2025-09-10 13:12:15.627355
voltage,121.11,2025-09-10 13:12:15.627355
filament_temp,229.5,2025-09-10 13:12:16.127540
bed_temp,59.9,2025-09-10 13:12:16.127540
current,1.88,2025-09-10 13:12:16.127540
power,225.8,2025-09-10 13:12:16.127540
voltage,121.11,2025-09-10 13:12:16.127540
filament_temp,229.5,2025-09-10 13:12:16.627753
bed_temp,59.9,2025-09-10 13:12:16.627753
current,1.88,2025-09-10 13:12:16.627753
power,225.8,2025-09-10 13:12:16.627753
voltage,121.11,2025-09-10 13:12:16.627753
filament_temp,230.8,2025-09-10 13:12:17.127990
bed_temp,60.3,2025-09-10 13:12:17.127990
current,1.88,2025-09-10 13:12:17.127990
power,225.8,2025-09-10 13:12:17.127990
voltage,121.11,2025-09-10 13:12:17.127990
filament_temp,230.8,2025-09-10 13:12:17.628195
bed_temp,60.3,2025-09-10 13:12:17.628195
current,1.88,2025-09-10 13:12:17.628195
power,225.8,2025-09-10 13:12:17.628195
voltage,121.11,2025-09-10 13:12:17.628195
filament_temp,230.8,2025-09-10 13:12:18.128391
bed_temp,60.3,2025-09-10 13:12:18.128391
current,1.88,2025-09-10 13:12:18.128391
power,225.8,2025-09-10 13:12:18.128391
voltage,121.11,2025-09-10 13:12:18.128391
filament_temp,230.8,2025-09-10 13:12:18.628637
bed_temp,60.3,2025-09-10 13:12:18.628637
current,1.88,2025-09-10 13:12:18.628637
power,225.8,2025-09-10 13:12:18.628637
voltage,121.11,2025-09-10 13:12:18.628637
filament_temp,230.2,2025-09-10 13:12:19.128877
bed_temp,59.6,2025-09-10 13:12:19.128877
current,1.88,2025-09-10 13:12:19.128877
power,225.8,2025-09-10 13:12:19.128877
voltage,121.11,2025-09-10 13:12:19.128877
filament_temp,230.2,2025-09-10 13:12:19.629071
bed_temp,59.6,2025-09-10 13:12:19.629071
current,1.88,2025-09-10 13:12:19.629071
power,225.8,2025-09-10 13:12:19.629071
voltage,121.11,2025-09-10 13:12:19.629071
filament_temp,230.2,2025-09-10 13:12:20.129265
bed_temp,59.6,2025-09-10 13:12:20.129265
current,1.88,2025-09-10 13:12:20.129265
power,225.8,2025-09-10 13:12:20.129265
voltage,121.11,2025-09-10 13:12:20.129265
filament_temp,230.2,2025-09-10 13:12:20.629456
bed_temp,59.6,2025-09-10 13:12:20.629456
current,1.88,2025-09-10 13:12:20.629456
power,225.8,2025-09-10 13:12:20.629456
voltage,121.11,2025-09-10 13:12:20.629456
filament_temp,230.0,2025-09-10 13:12:21.129690
bed_temp,59.7,2025-09-10 13:12:21.129690
current,1.88,2025-09-10 13:12:21.129690
power,225.8,2025-09-10 13:12:21.129690
voltage,121.11,2025-09-10 13:12:21.129690
filament_temp,230.0,2025-09-10 13:12:21.629930
bed_temp,59.7,2025-09-10 13:12:21.629930
current,1.88,2025-09-10 13:12:21.629930
power,225.8,2025-09-10 13:12:21.629930
voltage,121.11,2025-09-10 13:12:21.629930
filament_temp,230.0,2025-09-10 13:12:22.130170
bed_temp,59.7,2025-09-10 13:12:22.130170
current,1.88,2025-09-10 13:12:22.130170
power,60,2025-09-10 13:12:22.130170
voltage,121.11,2025-09-10 13:12:22.130170
filament_temp,230.0,2025-09-10 13:12:22.630392
bed_temp,59.7,2025-09-10 13:12:22.630392
current,1.88,2025-09-10 13:12:22.630392
power,60,2025-09-10 13:12:22.630392
voltage,121.11,2025-09-10 13:12:22.630392
filament_temp,230.3,2025-09-10 13:12:23.130608
bed_temp,59.4,2025-09-10 13:12:23.130608
current,1.88,2025-09-10 13:12:23.130608
power,60,2025-09-10 13:12:23.130608
voltage,121.11,2025-09-10 13:12:23.130608
filament_temp,230.3,2025-09-10 13:12:23.630842
bed_temp,59.4,2025-09-10 13:12:23.630842
current,1.88,2025-09-10 13:12:23.630842
power,60,2025-09-10 13:12:23.630842
voltage,121.11,2025-09-10 13:12:23.630842
filament_temp,230.3,2025-09-10 13:12:24.131074
bed_temp,59.4,2025-09-10 13:12:24.131074
current,0.58,2025-09-10 13:12:24.131074
power,60,2025-09-10 13:12:24.131074
voltage,121.11,2025-09-10 13:12:24.131074
filament_temp,230.3,2025-09-10 13:12:24.631276
bed_temp,59.4,2025-09-10 13:12:24.631276
current,0.58,2025-09-10 13:12:24.631276
power,60,2025-09-10 13:12:24.631276
voltage,121.11,2025-09-10 13:12:24.631276
filament_temp,229.5,2025-09-10 13:12:25.131511
bed_temp,60.6,2025-09-10 13:12:25.131511
current,0.58,2025-09-10 13:12:25.131511
power,60,2025-09-10 13:12:25.131511
voltage,121.11,2025-09-10 13:12:25.131511
filament_temp,229.5,2025-09-10 13:12:25.631744
bed_temp,60.6,2025-09-10 13:12:25.631744
current,0.58,2025-09-10 13:12:25.631744
power,60,2025-09-10 13:12:25.631744
voltage,121.11,2025-09-10 13:12:25.631744
filament_temp,229.5,2025-09-10 13:12:26.131975
bed_temp,60.6,2025-09-10 13:12:26.131975
current,0.58,2025-09-10 13:12:26.131975
power,60,2025-09-10 13:12:26.131975
voltage,121.11,2025-09-10 13:12:26.131975
filament_temp,229.5,2025-09-10 13:12:26.632217
bed_temp,60.6,2025-09-10 13:12:26.632217
current,0.58,2025-09-10 13:12:26.632217
power,60,2025-09-10 13:12:26.632217
voltage,121.11,2025-09-10 13:12:26.632217
filament_temp,229.7,2025-09-10 13:12:27.132451
bed_temp,59.4,2025-09-10 13:12:27.132451
current,1.86,2025-09-10 13:12:27.132451
power,60,2025-09-10 13:12:27.132451
voltage,121.11,2025-09-10 13:12:27.132451
filament_temp,229.7,2025-09-10 13:12:27.632680
bed_temp,59.4,2025-09-10 13:12:27.632680
current,1.86,2025-09-10 13:12:27.632680
power,230,2025-09-10 13:12:27.632680
voltage,121.11,2025-09-10 13:12:27.632680
filament_temp,229.7,2025-09-10 13:12:28.132910
bed_temp,59.4,2025-09-10 13:12:28.132910
current,1.86,2025-09-10 13:12:28.132910
power,230,2025-09-10 13:12:28.132910
voltage,121.11,2025-09-10 13:12:28.132910
filament_temp,229.7,2025-09-10 13:12:28.633102
bed_temp,59.4,2025-09-10 13:12:28.633102
current,1.86,2025-09-10 13:12:28.633102
power,224.8,2025-09-10 13:12:28.633102
voltage,121.11,2025-09-10 13:12:28.633102
filament_temp,230.7,2025-09-10 13:12:29.133329
bed_temp,60.0,2025-09-10 13:12:29.133329
current,1.86,2025-09-10 13:12:29.133329
power,224.8,2025-09-10 13:12:29.133329
voltage,121.11,2025-09-10 13:12:29.133329
filament_temp,230.7,2025-09-10 13:12:29.633548
bed_temp,60.0,2025-09-10 13:12:29.633548
current,1.86,2025-09-10 13:12:29.633548
power,224.8,2025-09-10 13:12:29.633548
voltage,121.11,2025-09-10 13:12:29.633548
filament_temp,230.7,2025-09-10 13:12:30.133790
bed_temp,60.0,2025-09-10 13:12:30.133790
current,1.86,2025-09-10 13:12:30.133790
power,224.8,2025-09-10 13:12:30.133790
voltage,121.11,2025-09-10 13:12:30.133790
filament_temp,230.7,2025-09-10 13:12:30.634032
bed_temp,60.0,2025-09-10 13:12:30.634032
current,1.86,2025-09-10 13:12:30.634032
power,224.8,2025-09-10 13:12:30.634032
voltage,121.11,2025-09-10 13:12:30.634032
filament_temp,229.7,2025-09-10 13:12:31.134277
bed_temp,59.4,2025-09-10 13:12:31.134277
current,0.59,2025-09-10 13:12:31.134277
power,224.8,2025-09-10 13:12:31.134277
voltage,121.11,2025-09-10 13:12:31.134277
filament_temp,229.7,2025-09-10 13:12:31.634520
bed_temp,59.4,2025-09-10 13:12:31.634520
current,0.59,2025-09-10 13:12:31.634520
power,224.8,2025-09-10 13:12:31.634520
voltage,121.11,2025-09-10 13:12:31.634520
filament_temp,229.7,2025-09-10 13:12:32.134753
bed_temp,59.4,2025-09-10 13:12:32.134753
current,0.59,2025-09-10 13:12:32.134753
power,224.8,2025-09-10 13:12:32.134753
voltage,121.11,2025-09-10 13:12:32.134753
filament_temp,229.7,2025-09-10 13:12:32.634957
bed_temp,59.4,2025-09-10 13:12:32.634957
current,0.59,2025-09-10 13:12:32.634957
power,224.8,2025-09-10 13:12:32.634957
voltage,121.11,2025-09-10 13:12:32.634957
filament_temp,229.7,2025-09-10 13:12:33.135162
bed_temp,59.4,2025-09-10 13:12:33.135162
current,0.59,2025-09-10 13:12:33.135162
power,224.8,2025-09-10 13:12:33.135162
voltage,121.11,2025-09-10 13:12:33.135162
filament_temp,229.7,2025-09-10 13:12:33.635366
bed_temp,59.4,2025-09-10 13:12:33.635366
current,0.59,2025-09-10 13:12:33.635366
power,224.8,2025-09-10 13:12:33.635366
voltage,121.11,2025-09-10 13:12:33.635366
filament_temp,229.7,2025-09-10 13:12:34.135576
bed_temp,59.4,2025-09-10 13:12:34.135576
current,0.59,2025-09-10 13:12:34.135576
power,224.8,2025-09-10 13:12:34.135576
voltage,121.11,2025-09-10 13:12:34.135576
filament_temp,229.7,2025-09-10 13:12:34.635820
bed_temp,59.4,2025-09-10 13:12:34.635820
current,0.59,2025-09-10 13:12:34.635820
power,224.8,2025-09-10 13:12:34.635820
voltage,121.11,2025-09-10 13:12:34.635820
filament_temp,229.8,2025-09-10 13:12:35.136045
bed_temp,59.4,2025-09-10 13:12:35.136045
current,0.59,2025-09-10 13:12:35.136045
power,224.8,2025-09-10 13:12:35.136045
voltage,121.11,2025-09-10 13:12:35.136045
filament_temp,229.8,2025-09-10 13:12:35.636275
bed_temp,59.4,2025-09-10 13:12:35.636275
current,1.82,2025-09-10 13:12:35.636275
power,224.8,2025-09-10 13:12:35.636275
voltage,121.11,2025-09-10 13:12:35.636275
filament_temp,229.8,2025-09-10 13:12:36.136501
bed_temp,59.4,2025-09-10 13:12:36.136501
current,1.82,2025-09-10 13:12:36.136501
power,224.8,2025-09-10 13:12:36.136501
voltage,121.11,2025-09-10 13:12:36.136501
filament_temp,229.8,2025-09-10 13:12:36.636727
bed_temp,59.4,2025-09-10 13:12:36.636727
current,1.82,2025-09-10 13:12:36.636727
power,224.8,2025-09-10 13:12:36.636727
voltage,121.11,2025-09-10 13:12:36.636727
filament_temp,230.2,2025-09-10 13:12:37.136963
bed_temp,60.2,2025-09-10 13:12:37.136963
current,1.82,2025-09-10 13:12:37.136963
power,224.8,2025-09-10 13:12:37.136963
voltage,121.11,2025-09-10 13:12:37.136963
filament_temp,230.2,2025-09-10 13:12:37.637184
bed_temp,60.2,2025-09-10 13:12:37.637184
current,1.82,2025-09-10 13:12:37.637184
power,224.8,2025-09-10 13:12:37.637184
voltage,121.11,2025-09-10 13:12:37.637184
filament_temp,230.2,2025-09-10 13:12:38.137399
bed_temp,60.2,2025-09-10 13:12:38.137399
current,1.82,2025-09-10 13:12:38.137399
power,230,2025-09-10 13:12:38.137399
voltage,121.11,2025-09-10 13:12:38.137399
filament_temp,230.2,2025-09-10 13:12:38.637607
bed_temp,60.2,2025-09-10 13:12:38.637607
current,1.82,2025-09-10 13:12:38.637607
power,230,2025-09-10 13:12:38.637607
voltage,121.11,2025-09-10 13:12:38.637607
filament_temp,229.3,2025-09-10 13:12:39.137834
bed_temp,60.0,2025-09-10 13:12:39.137834
current,1.82,2025-09-10 13:12:39.137834
power,230,2025-09-10 13:12:39.137834
voltage,121.11,2025-09-10 13:12:39.137834
filament_temp,229.3,2025-09-10 13:12:39.638060
bed_temp,60.0,2025-09-10 13:12:39.638060
current,1.82,2025-09-10 13:12:39.638060
power,230,2025-09-10 13:12:39.638060
voltage,121.11,2025-09-10 13:12:39.638060
filament_temp,229.3,2025-09-10 13:12:40.138289
bed_temp,60.0,2025-09-10 13:12:40.138289
current,1.82,2025-09-10 13:12:40.138289
power,216.6,2025-09-10 13:12:40.138289
voltage,121.11,2025-09-10 13:12:40.138289
filament_temp,229.3,2025-09-10 13:12:40.638514
bed_temp,60.0,2025-09-10 13:12:40.638514
current,1.82,2025-09-10 13:12:40.638514
power,216.6,2025-09-10 13:12:40.638514
voltage,121.11,2025-09-10 13:12:40.638514
filament_temp,229.3,2025-09-10 13:12:41.138757
bed_temp,60.0,2025-09-10 13:12:41.138757
current,1.82,2025-09-10 13:12:41.138757
power,216.6,2025-09-10 13:12:41.138757
voltage,121.11,2025-09-10 13:12:41.138757
filament_temp,229.3,2025-09-10 13:12:41.638946
bed_temp,60.0,2025-09-10 13:12:41.638946
current,0.5,2025-09-10 13:12:41.638946
power,216.6,2025-09-10 13:12:41.638946
voltage,121.11,2025-09-10 13:12:41.638946
filament_temp,229.3,2025-09-10 13:12:42.139128
bed_temp,60.0,2025-09-10 13:12:42.139128
current,0.5,2025-09-10 13:12:42.139128
power,216.6,2025-09-10 13:12:42.139128
voltage,121.11,2025-09-10 13:12:42.139128
filament_temp,229.3,2025-09-10 13:12:42.639337
bed_temp,60.0,2025-09-10 13:12:42.639337
current,0.5,2025-09-10 13:12:42.639337
power,216.6,2025-09-10 13:12:42.639337
voltage,121.11,2025-09-10 13:12:42.639337
filament_temp,229.8,2025-09-10 13:12:43.139544
bed_temp,60.6,2025-09-10 13:12:43.139544
current,0.5,2025-09-10 13:12:43.139544
power,216.6,2025-09-10 13:12:43.139544
voltage,121.11,2025-09-10 13:12:43.139544
filament_temp,229.8,2025-09-10 13:12:43.639770
bed_temp,60.6,2025-09-10 13:12:43.639770
current,0.5,2025-09-10 13:12:43.639770
power,216.6,2025-09-10 13:12:43.639770
voltage,121.11,2025-09-10 13:12:43.639770
filament_temp,229.8,2025-09-10 13:12:44.139998
bed_temp,60.6,2025-09-10 13:12:44.139998
current,0.5,2025-09-10 13:12:44.139998
power,216.6,2025-09-10 13:12:44.139998
voltage,121.11,2025-09-10 13:12:44.139998
filament_temp,229.8,2025-09-10 13:12:44.640228
bed_temp,60.6,2025-09-10 13:12:44.640228
current,0.5,2025-09-10 13:12:44.640228
power,216.6,2025-09-10 13:12:44.640228
voltage,121.11,2025-09-10 13:12:44.640228
filament_temp,231.0,2025-09-10 13:12:45.140456
bed_temp,60.0,2025-09-10 13:12:45.140456
current,0.5,2025-09-10 13:12:45.140456
power,216.6,2025-09-10 13:12:45.140456
voltage,121.11,2025-09-10 13:12:45.140456
filament_temp,231.0,2025-09-10 13:12:45.640690
bed_temp,60.0,2025-09-10 13:12:45.640690
current,0.5,2025-09-10 13:12:45.640690
power,216.6,2025-09-10 13:12:45.640690
voltage,121.11,2025-09-10 13:12:45.640690
filament_temp,231.0,2025-09-10 13:12:46.140881
bed_temp,60.0,2025-09-10 13:12:46.140881
current,0.5,2025-09-10 13:12:46.140881
power,216.6,2025-09-10 13:12:46.140881
voltage,121.11,2025-09-10 13:12:46.140881
filament_temp,231.0,2025-09-10 13:12:46.641113
bed_temp,60.0,2025-09-10 13:12:46.641113
current,0.5,2025-09-10 13:12:46.641113
power,216.6,2025-09-10 13:12:46.641113
voltage,121.11,2025-09-10 13:12:46.641113
filament_temp,229.8,2025-09-10 13:12:47.141334
bed_temp,58.7,2025-09-10 13:12:47.141334
current,0.5,2025-09-10 13:12:47.141334
power,216.6,2025-09-10 13:12:47.141334
voltage,121.11,2025-09-10 13:12:47.141334
filament_temp,229.8,2025-09-10 13:12:47.641573
bed_temp,58.7,2025-09-10 13:12:47.641573
current,0.5,2025-09-10 13:12:47.641573
power,216.6,2025-09-10 13:12:47.641573
voltage,121.11,2025-09-10 13:12:47.641573
filament_temp,229.8,2025-09-10 13:12:48.141773
bed_temp,58.7,2025-09-10 13:12:48.141773
current,0.5,2025-09-10 13:12:48.141773
power,222.9,2025-09-10 13:12:48.141773
voltage,121.11,2025-09-10 13:12:48.141773
filament_temp,229.8,2025-09-10 13:12:48.642018
bed_temp,58.7,2025-09-10 13:12:48.642018
current,0.5,2025-09-10 13:12:48.642018
power,222.9,2025-09-10 13:12:48.642018
voltage,121.11,2025-09-10 13:12:48.642018
filament_temp,230.2,2025-09-10 13:12:49.142260
bed_temp,59.4,2025-09-10 13:12:49.142260
current,0.5,2025-09-10 13:12:49.142260
power,222.9,2025-09-10 13:12:49.142260
voltage,121.11,2025-09-10 13:12:49.142260
filament_temp,230.2,2025-09-10 13:12:49.642495
bed_temp,59.4,2025-09-10 13:12:49.642495
current,0.5,2025-09-10 13:12:49.642495
power,222.9,2025-09-10 13:12:49.642495
voltage,121.11,2025-09-10 13:12:49.642495
filament_temp,230.2,2025-09-10 13:12:50.142677
bed_temp,59.4,2025-09-10 13:12:50.142677
current,0.5,2025-09-10 13:12:50.142677
power,222.9,2025-09-10 13:12:50.142677
voltage,121.11,2025-09-10 13:12:50.142677
filament_temp,230.2,2025-09-10 13:12:50.642872
bed_temp,59.4,2025-09-10 13:12:50.642872
current,0.5,2025-09-10 13:12:50.642872
power,222.9,2025-09-10 13:12:50.642872
voltage,121.11,2025-09-10 13:12:50.642872
filament_temp,229.8,2025-09-10 13:12:51.143109
bed_temp,59.7,2025-09-10 13:12:51.143109
current,0.5,2025-09-10 13:12:51.143109
power,222.9,2025-09-10 13:12:51.143109
voltage,121.11,2025-09-10 13:12:51.143109
filament_temp,229.8,2025-09-10 13:12:51.643344
bed_temp,59.7,2025-09-10 13:12:51.643344
current,0.5,2025-09-10 13:12:51.643344
power,222.9,2025-09-10 13:12:51.643344
voltage,121.11,2025-09-10 13:12:51.643344
filament_temp,229.8,2025-09-10 13:12:52.143566
bed_temp,59.7,2025-09-10 13:12:52.143566
current,0.5,2025-09-10 13:12:52.143566
power,222.9,2025-09-10 13:12:52.143566
voltage,121.11,2025-09-10 13:12:52.143566
filament_temp,229.8,2025-09-10 13:12:52.643812
bed_temp,59.7,2025-09-10 13:12:52.643812
current,0.5,2025-09-10 13:12:52.643812
power,222.9,2025-09-10 13:12:52.643812
voltage,121.11,2025-09-10 13:12:52.643812
filament_temp,230.5,2025-09-10 13:12:53.144056
bed_temp,59.7,2025-09-10 13:12:53.144056
current,0.5,2025-09-10 13:12:53.144056
power,222.9,2025-09-10 13:12:53.144056
voltage,121.11,2025-09-10 13:12:53.144056
filament_temp,230.5,2025-09-10 13:12:53.644302
bed_temp,59.7,2025-09-10 13:12:53.644302
current,1.88,2025-09-10 13:12:53.644302
power,222.9,2025-09-10 13:12:53.644302
voltage,121.11,2025-09-10 13:12:53.644302
filament_temp,230.5,2025-09-10 13:12:54.144531
bed_temp,59.7,2025-09-10 13:12:54.144531
current,1.88,2025-09-10 13:12:54.144531
power,222.9,2025-09-10 13:12:54.144531
voltage,121.11,2025-09-10 13:12:54.144531
filament_temp,230.5,2025-09-10 13:12:54.644774
bed_temp,59.7,2025-09-10 13:12:54.644774
current,1.88,2025-09-10 13:12:54.644774
power,229.4,2025-09-10 13:12:54.644774
voltage,121.11,2025-09-10 13:12:54.644774
filament_temp,229.7,2025-09-10 13:12:55.144994
bed_temp,59.4,2025-09-10 13:12:55.144994
current,1.88,2025-09-10 13:12:55.144994
power,229.4,2025-09-10 13:12:55.144994
voltage,121.11,2025-09-10 13:12:55.144994
filament_temp,229.7,2025-09-10 13:12:55.645238
bed_temp,59.4,2025-09-10 13:12:55.645238
current,1.88,2025-09-10 13:12:55.645238
power,229.4,2025-09-10 13:12:55.645238
voltage,121.11,2025-09-10 13:12:55.645238
filament_temp,229.7,2025-09-10 13:12:56.145461
bed_temp,59.4,2025-09-10 13:12:56.145461
current,1.88,2025-09-10 13:12:56.145461
power,229.4,2025-09-10 13:12:56.145461
voltage,121.11,2025-09-10 13:12:56.145461
filament_temp,229.7,2025-09-10 13:12:56.645700
bed_temp,59.4,2025-09-10 13:12:56.645700
current,1.88,2025-09-10 13:12:56.645700
power,229.4,2025-09-10 13:12:56.645700
voltage,121.11,2025-09-10 13:12:56.645700
filament_temp,229.3,2025-09-10 13:12:57.145944
bed_temp,59.9,2025-09-10 13:12:57.145944
current,1.88,2025-09-10 13:12:57.145944
power,60.7,2025-09-10 13:12:57.145944
voltage,121.11,2025-09-10 13:12:57.145944
filament_temp,229.3,2025-09-10 13:12:57.646182
bed_temp,59.9,2025-09-10 13:12:57.646182
current,1.88,2025-09-10 13:12:57.646182
power,60.7,2025-09-10 13:12:57.646182
voltage,121.11,2025-09-10 13:12:57.646182
filament_temp,229.3,2025-09-10 13:12:58.146408
bed_temp,59.9,2025-09-10 13:12:58.146408
current,1.88,2025-09-10 13:12:58.146408
power,60.7,2025-09-10 13:12:58.146408
voltage,121.11,2025-09-10 13:12:58.146408
filament_temp,229.3,2025-09-10 13:12:58.646637
bed_temp,59.9,2025-09-10 13:12:58.646637
current,1.88,2025-09-10 13:12:58.646637
power,60.7,2025-09-10 13:12:58.646637
voltage,121.11,2025-09-10 13:12:58.646637
filament_temp,230.7,2025-09-10 13:12:59.146868
bed_temp,59.4,2025-09-10 13:12:59.146868
current,1.88,2025-09-10 13:12:59.146868
power,60.7,2025-09-10 13:12:59.146868
voltage,121.11,2025-09-10 13:12:59.146868
filament_temp,230.7,2025-09-10 13:12:59.647047
bed_temp,59.4,2025-09-10 13:12:59.647047
current,0.56,2025-09-10 13:12:59.647047
power,60.7,2025-09-10 13:12:59.647047
voltage,121.11,2025-09-10 13:12:59.647047
filament_temp,230.7,2025-09-10 13:13:00.147207
bed_temp,59.4,2025-09-10 13:13:00.147207
current,0.56,2025-09-10 13:13:00.147207
power,60.7,2025-09-10 13:13:00.147207
voltage,121.11,2025-09-10 13:13:00.147207
filament_temp,230.7,2025-09-10 13:13:00.647437
bed_temp,59.4,2025-09-10 13:13:00.647437
current,0.56,2025-09-10 13:13:00.647437
power,226.8,2025-09-10 13:13:00.647437
voltage,121.11,2025-09-10 13:13:00.647437
filament_temp,230.7,2025-09-10 13:13:01.147681
bed_temp,59.6,2025-09-10 13:13:01.147681
current,0.56,2025-09-10 13:13:01.147681
power,226.8,2025-09-10 13:13:01.147681
voltage,121.11,2025-09-10 13:13:01.147681
filament_temp,230.7,2025-09-10 13:13:01.647878
bed_temp,59.6,2025-09-10 13:13:01.647878
current,0.56,2025-09-10 13:13:01.647878
power,226.8,2025-09-10 13:13:01.647878
voltage,121.11,2025-09-10 13:13:01.647878
filament_temp,230.7,2025-09-10 13:13:02.148107
bed_temp,59.6,2025-09-10 13:13:02.148107
current,1.84,2025-09-10 13:13:02.148107
power,226.8,2025-09-10 13:13:02.148107
voltage,121.11,2025-09-10 13:13:02.148107
filament_temp,230.7,2025-09-10 13:13:02.648353
bed_temp,59.6,2025-09-10 13:13:02.648353
current,1.84,2025-09-10 13:13:02.648353
power,226.8,2025-09-10 13:13:02.648353
voltage,121.11,2025-09-10 13:13:02.648353
filament_temp,231.2,2025-09-10 13:13:03.148598
bed_temp,59.4,2025-09-10 13:13:03.148598
current,1.84,2025-09-10 13:13:03.148598
power,226.8,2025-09-10 13:13:03.148598
voltage,121.11,2025-09-10 13:13:03.148598
filament_temp,231.2,2025-09-10 13:13:03.648828
bed_temp,59.4,2025-09-10 13:13:03.648828
current,1.84,2025-09-10 13:13:03.648828
power,226.8,2025-09-10 13:13:03.648828
voltage,121.11,2025-09-10 13:13:03.648828
filament_temp,231.2,2025-09-10 13:13:04.149023
bed_temp,59.4,2025-09-10 13:13:04.149023
current,1.84,2025-09-10 13:13:04.149023
power,226.8,2025-09-10 13:13:04.149023
voltage,121.11,2025-09-10 13:13:04.149023
filament_temp,231.2,2025-09-10 13:13:04.649251
bed_temp,59.4,2025-09-10 13:13:04.649251
current,1.84,2025-09-10 13:13:04.649251
power,226.8,2025-09-10 13:13:04.649251
voltage,121.11,2025-09-10 13:13:04.649251
filament_temp,230.8,2025-09-10 13:13:05.149489
bed_temp,58.7,2025-09-10 13:13:05.149489
current,1.84,2025-09-10 13:13:05.149489
power,226.8,2025-09-10 13:13:05.149489
voltage,121.11,2025-09-10 13:13:05.149489
filament_temp,230.8,2025-09-10 13:13:05.649694
bed_temp,58.7,2025-09-10 13:13:05.649694
current,1.84,2025-09-10 13:13:05.649694
power,226.8,2025-09-10 13:13:05.649694
voltage,121.11,2025-09-10 13:13:05.649694
filament_temp,230.8,2025-09-10 13:13:06.149932
bed_temp,58.7,2025-09-10 13:13:06.149932
current,1.84,2025-09-10 13:13:06.149932
power,226.8,2025-09-10 13:13:06.149932
voltage,121.11,2025-09-10 13:13:06.149932
filament_temp,230.8,2025-09-10 13:13:06.650160
bed_temp,58.7,2025-09-10 13:13:06.650160
current,1.84,2025-09-10 13:13:06.650160
power,226.8,2025-09-10 13:13:06.650160
voltage,121.11,2025-09-10 13:13:06.650160
filament_temp,230.0,2025-09-10 13:13:07.150395
bed_temp,59.0,2025-09-10 13:13:07.150395
current,1.84,2025-09-10 13:13:07.150395
power,226.8,2025-09-10 13:13:07.150395
voltage,121.11,2025-09-10 13:13:07.150395
filament_temp,230.0,2025-09-10 13:13:07.650621
bed_temp,59.0,2025-09-10 13:13:07.650621
current,1.84,2025-09-10 13:13:07.650621
power,226.8,2025-09-10 13:13:07.650621
voltage,121.11,2025-09-10 13:13:07.650621
filament_temp,230.0,2025-09-10 13:13:08.150853
bed_temp,59.0,2025-09-10 13:13:08.150853
current,0.49,2025-09-10 13:13:08.150853
power,226.8,2025-09-10 13:13:08.150853
voltage,121.11,2025-09-10 13:13:08.150853
filament_temp,230.0,2025-09-10 13:13:08.651035
bed_temp,59.0,2025-09-10 13:13:08.651035
current,0.49,2025-09-10 13:13:08.651035
power,226.8,2025-09-10 13:13:08.651035
voltage,121.11,2025-09-10 13:13:08.651035
filament_temp,229.2,2025-09-10 13:13:09.151269
bed_temp,59.9,2025-09-10 13:13:09.151269
current,0.49,2025-09-10 13:13:09.151269
power,226.8,2025-09-10 13:13:09.151269
voltage,121.11,2025-09-10 13:13:09.151269
filament_temp,229.2,2025-09-10 13:13:09.651491
bed_temp,59.9,2025-09-10 13:13:09.651491
current,0.49,2025-09-10 13:13:09.651491
power,226.8,2025-09-10 13:13:09.651491
voltage,121.11,2025-09-10 13:13:09.651491
filament_temp,229.2,2025-09-10 13:13:10.151720
bed_temp,59.9,2025-09-10 13:13:10.151720
current,0.49,2025-09-10 13:13:10.151720
power,226.8,2025-09-10 13:13:10.151720
voltage,121.11,2025-09-10 13:13:10.151720
filament_temp,229.2,2025-09-10 13:13:10.651950
bed_temp,59.9,2025-09-10 13:13:10.651950
current,1.98,2025-09-10 13:13:10.651950
power,226.8,2025-09-10 13:13:10.651950
voltage,121.11,2025-09-10 13:13:10.651950
filament_temp,229.8,2025-09-10 13:13:11.152188
bed_temp,60.2,2025-09-10 13:13:11.152188
current,1.98,2025-09-10 13:13:11.152188
power,231.9,2025-09-10 13:13:11.152188
voltage,121.11,2025-09-10 13:13:11.152188
filament_temp,229.8,2025-09-10 13:13:11.652494
bed_temp,60.2,2025-09-10 13:13:11.652494
current,1.98,2025-09-10 13:13:11.652494
power,231.9,2025-09-10 13:13:11.652494
voltage,121.11,2025-09-10 13:13:11.652494
filament_temp,229.8,2025-09-10 13:13:12.152681
bed_temp,60.2,2025-09-10 13:13:12.152681
current,1.98,2025-09-10 13:13:12.152681
power,231.9,2025-09-10 13:13:12.152681
voltage,121.11,2025-09-10 13:13:12.152681
filament_temp,229.8,2025-09-10 13:13:12.652908
bed_temp,60.2,2025-09-10 13:13:12.652908
current,1.98,2025-09-10 13:13:12.652908
power,231.9,2025-09-10 13:13:12.652908
voltage,121.11,2025-09-10 13:13:12.652908
filament_temp,230.0,2025-09-10 13:13:13.153121
bed_temp,60.5,2025-09-10 13:13:13.153121
current,1.98,2025-09-10 13:13:13.153121
power,231.9,2025-09-10 13:13:13.153121
voltage,121.11,2025-09-10 13:13:13.153121
filament_temp,230.0,2025-09-10 13:13:13.653352
bed_temp,60.5,2025-09-10 13:13:13.653352
current,1.98,2025-09-10 13:13:13.653352
power,231.3,2025-09-10 13:13:13.653352
voltage,121.11,2025-09-10 13:13:13.653352
filament_temp,230.0,2025-09-10 13:13:14.153539
bed_temp,60.5,2025-09-10 13:13:14.153539
current,1.98,2025-09-10 13:13:14.153539
power,231.3,2025-09-10 13:13:14.153539
voltage,121.11,2025-09-10 13:13:14.153539
filament_temp,230.0,2025-09-10 13:13:14.653767
bed_temp,60.5,2025-09-10 13:13:14.653767
current,1.98,2025-09-10 13:13:14.653767
power,231.3,2025-09-10 13:13:14.653767
voltage,121.11,2025-09-10 13:13:14.653767
filament_temp,229.3,2025-09-10 13:13:15.154009
bed_temp,60.5,2025-09-10 13:13:15.154009
current,1.98,2025-09-10 13:13:15.154009
power,231.3,2025-09-10 13:13:15.154009
voltage,121.11,2025-09-10 13:13:15.154009
filament_temp,229.3,2025-09-10 13:13:15.654243
bed_temp,60.5,2025-09-10 13:13:15.654243
current,1.98,2025-09-10 13:13:15.654243
power,231.3,2025-09-10 13:13:15.654243
voltage,121.11,2025-09-10 13:13:15.654243
filament_temp,229.3,2025-09-10 13:13:16.154467
bed_temp,60.5,2025-09-10 13:13:16.154467
current,1.98,2025-09-10 13:13:16.154467
power,231.3,2025-09-10 13:13:16.154467
voltage,121.11,2025-09-10 13:13:16.154467
filament_temp,229.3,2025-09-10 13:13:16.654661
bed_temp,60.5,2025-09-10 13:13:16.654661
current,1.98,2025-09-10 13:13:16.654661
power,231.3,2025-09-10 13:13:16.654661
voltage,121.11,2025-09-10 13:13:16.654661
filament_temp,229.2,2025-09-10 13:13:17.154850
bed_temp,60.0,2025-09-10 13:13:17.154850
current,1.98,2025-09-10 13:13:17.154850
power,218.2,2025-09-10 13:13:17.154850
voltage,121.11,2025-09-10 13:13:17.154850
filament_temp,229.2,2025-09-10 13:13:17.655096
bed_temp,60.0,2025-09-10 13:13:17.655096
current,1.98,2025-09-10 13:13:17.655096
power,218.2,2025-09-10 13:13:17.655096
voltage,121.11,2025-09-10 13:13:17.655096
filament_temp,229.2,2025-09-10 13:13:18.155310
bed_temp,60.0,2025-09-10 13:13:18.155310
current,1.98,2025-09-10 13:13:18.155310
power,218.2,2025-09-10 13:13:18.155310
voltage,121.11,2025-09-10 13:13:18.155310
filament_temp,229.2,2025-09-10 13:13:18.655556
bed_temp,60.0,2025-09-10 13:13:18.655556
current,1.98,2025-09-10 13:13:18.655556
power,218.2,2025-09-10 13:13:18.655556
voltage,121.11,2025-09-10 13:13:18.655556
filament_temp,229.3,2025-09-10 13:13:19.155759
bed_temp,59.9,2025-09-10 13:13:19.155759
current,1.98,2025-09-10 13:13:19.155759
power,218.2,2025-09-10 13:13:19.155759
voltage,121.11,2025-09-10 13:13:19.155759
filament_temp,229.3,2025-09-10 13:13:19.656005
bed_temp,59.9,2025-09-10 13:13:19.656005
current,1.98,2025-09-10 13:13:19.656005
power,218.2,2025-09-10 13:13:19.656005
voltage,121.11,2025-09-10 13:13:19.656005
filament_temp,229.3,2025-09-10 13:13:20.156238
bed_temp,59.9,2025-09-10 13:13:20.156238
current,1.98,2025-09-10 13:13:20.156238
power,218.2,2025-09-10 13:13:20.156238
voltage,121.11,2025-09-10 13:13:20.156238
filament_temp,229.3,2025-09-10 13:13:20.656478
bed_temp,59.9,2025-09-10 13:13:20.656478
current,1.98,2025-09-10 13:13:20.656478
power,218.2,2025-09-10 13:13:20.656478
voltage,121.11,2025-09-10 13:13:20.656478
filament_temp,230.8,2025-09-10 13:13:21.156707
bed_temp,59.0,2025-09-10 13:13:21.156707
current,1.98,2025-09-10 13:13:21.156707
power,218.2,2025-09-10 13:13:21.156707
voltage,121.11,2025-09-10 13:13:21.156707
filament_temp,230.8,2025-09-10 13:13:21.656950
bed_temp,59.0,2025-09-10 13:13:21.656950
current,1.98,2025-09-10 13:13:21.656950
power,218.2,2025-09-10 13:13:21.656950
voltage,121.11,2025-09-10 13:13:21.656950
filament_temp,230.8,2025-09-10 13:13:22.157190
bed_temp,59.0,2025-09-10 13:13:22.157190
current,1.98,2025-09-10 13:13:22.157190
power,218.2,2025-09-10 13:13:22.157190
voltage,121.11,2025-09-10 13:13:22.157190
filament_temp,230.8,2025-09-10 13:13:22.657419
bed_temp,59.0,2025-09-10 13:13:22.657419
current,1.98,2025-09-10 13:13:22.657419
power,218.2,2025-09-10 13:13:22.657419
voltage,121.11,2025-09-10 13:13:22.657419
filament_temp,230.3,2025-09-10 13:13:23.157646
bed_temp,60.0,2025-09-10 13:13:23.157646
current,1.98,2025-09-10 13:13:23.157646
power,218.2,2025-09-10 13:13:23.157646
voltage,121.11,2025-09-10 13:13:23.157646
filament_temp,230.3,2025-09-10 13:13:23.657891
bed_temp,60.0,2025-09-10 13:13:23.657891
current,1.98,2025-09-10 13:13:23.657891
power,218.2,2025-09-10 13:13:23.657891
voltage,121.11,2025-09-10 13:13:23.657891
filament_temp,230.3,2025-09-10 13:13:24.158125
bed_temp,60.0,2025-09-10 13:13:24.158125
current,1.98,2025-09-10 13:13:24.158125
power,218.2,2025-09-10 13:13:24.158125
voltage,121.11,2025-09-10 13:13:24.158125
filament_temp,230.3,2025-09-10 13:13:24.658367
bed_temp,60.0,2025-09-10 13:13:24.658367
current,1.98,2025-09-10 13:13:24.658367
power,218.2,2025-09-10 13:13:24.658367
voltage,121.11,2025-09-10 13:13:24.658367
filament_temp,230.2,2025-09-10 13:13:25.158612
bed_temp,58.7,2025-09-10 13:13:25.158612
current,1.98,2025-09-10 13:13:25.158612
power,218.2,2025-09-10 13:13:25.158612
voltage,121.11,2025-09-10 13:13:25.158612
filament_temp,230.2,2025-09-10 13:13:25.658812
bed_temp,58.7,2025-09-10 13:13:25.658812
current,1.98,2025-09-10 13:13:25.658812
power,218.2,2025-09-10 13:13:25.658812
voltage,121.11,2025-09-10 13:13:25.658812
filament_temp,230.2,2025-09-10 13:13:26.159019
bed_temp,58.7,2025-09-10 13:13:26.159019
current,1.98,2025-09-10 13:13:26.159019
power,218.2,2025-09-10 13:13:26.159019
voltage,121.11,2025-09-10 13:13:26.159019
filament_temp,230.2,2025-09-10 13:13:26.659243
bed_temp,58.7,2025-09-10 13:13:26.659243
current,1.98,2025-09-10 13:13:26.659243
power,218.2,2025-09-10 13:13:26.659243
voltage,121.11,2025-09-10 13:13:26.659243
filament_temp,230.0,2025-09-10 13:13:27.159477
bed_temp,59.9,2025-09-10 13:13:27.159477
current,1.98,2025-09-10 13:13:27.159477
power,218.2,2025-09-10 13:13:27.159477
voltage,121.11,2025-09-10 13:13:27.159477
filament_temp,230.0,2025-09-10 13:13:27.659703
bed_temp,59.9,2025-09-10 13:13:27.659703
current,1.87,2025-09-10 13:13:27.659703
power,218.2,2025-09-10 13:13:27.659703
voltage,121.11,2025-09-10 13:13:27.659703
filament_temp,230.0,2025-09-10 13:13:28.159928
bed_temp,59.9,2025-09-10 13:13:28.159928
current,1.87,2025-09-10 13:13:28.159928
power,227.6,2025-09-10 13:13:28.159928
voltage,121.11,2025-09-10 13:13:28.159928
filament_temp,230.0,2025-09-10 13:13:28.660153
bed_temp,59.9,2025-09-10 13:13:28.660153
current,1.87,2025-09-10 13:13:28.660153
power,227.6,2025-09-10 13:13:28.660153
voltage,121.11,2025-09-10 13:13:28.660153
filament_temp,230.3,2025-09-10 13:13:29.160387
bed_temp,59.4,2025-09-10 13:13:29.160387
current,1.87,2025-09-10 13:13:29.160387
power,227.6,2025-09-10 13:13:29.160387
voltage,121.11,2025-09-10 13:13:29.160387
filament_temp,230.3,2025-09-10 13:13:29.660581
bed_temp,59.4,2025-09-10 13:13:29.660581
current,1.87,2025-09-10 13:13:29.660581
power,227.6,2025-09-10 13:13:29.660581
voltage,121.11,2025-09-10 13:13:29.660581
filament_temp,230.3,2025-09-10 13:13:30.160792
bed_temp,59.4,2025-09-10 13:13:30.160792
current,1.87,2025-09-10 13:13:30.160792
power,227.6,2025-09-10 13:13:30.160792
voltage,121.11,2025-09-10 13:13:30.160792
filament_temp,230.3,2025-09-10 13:13:30.660956
bed_temp,59.4,2025-09-10 13:13:30.660956
current,1.87,2025-09-10 13:13:30.660956
power,227.6,2025-09-10 13:13:30.660956
voltage,121.11,2025-09-10 13:13:30.660956
filament_temp,231.0,2025-09-10 13:13:31.161191
bed_temp,58.7,2025-09-10 13:13:31.161191
current,1.87,2025-09-10 13:13:31.161191
power,227.6,2025-09-10 13:13:31.161191
voltage,121.11,2025-09-10 13:13:31.161191
filament_temp,231.0,2025-09-10 13:13:31.661409
bed_temp,58.7,2025-09-10 13:13:31.661409
current,1.87,2025-09-10 13:13:31.661409
power,227.6,2025-09-10 13:13:31.661409
voltage,121.11,2025-09-10 13:13:31.661409
filament_temp,231.0,2025-09-10 13:13:32.161633
bed_temp,58.7,2025-09-10 13:13:32.161633
current,1.87,2025-09-10 13:13:32.161633
power,227.6,2025-09-10 13:13:32.161633
voltage,121.11,2025-09-10 13:13:32.161633
filament_temp,231.0,2025-09-10 13:13:32.661864
bed_temp,58.7,2025-09-10 13:13:32.661864
current,0.58,2025-09-10 13:13:32.661864
power,227.6,2025-09-10 13:13:32.661864
voltage,121.11,2025-09-10 13:13:32.661864
filament_temp,230.5,2025-09-10 13:13:33.162086
bed_temp,59.1,2025-09-10 13:13:33.162086
current,0.58,2025-09-10 13:13:33.162086
power,227.6,2025-09-10 13:13:33.162086
voltage,121.11,2025-09-10 13:13:33.162086
filament_temp,230.5,2025-09-10 13:13:33.662305
bed_temp,59.1,2025-09-10 13:13:33.662305
current,0.58,2025-09-10 13:13:33.662305
power,227.6,2025-09-10 13:13:33.662305
voltage,121.11,2025-09-10 13:13:33.662305
filament_temp,230.5,2025-09-10 13:13:34.162488
bed_temp,59.1,2025-09-10 13:13:34.162488
current,0.58,2025-09-10 13:13:34.162488
power,227.6,2025-09-10 13:13:34.162488
voltage,121.11,2025-09-10 13:13:34.162488
filament_temp,230.5,2025-09-10 13:13:34.662654
bed_temp,59.1,2025-09-10 13:13:34.662654
current,0.58,2025-09-10 13:13:34.662654
power,227.6,2025-09-10 13:13:34.662654
voltage,121.11,2025-09-10 13:13:34.662654
filament_temp,230.3,2025-09-10 13:13:35.162860
bed_temp,60.3,2025-09-10 13:13:35.162860
current,0.58,2025-09-10 13:13:35.162860
power,227.6,2025-09-10 13:13:35.162860
voltage,121.11,2025-09-10 13:13:35.162860
filament_temp,230.3,2025-09-10 13:13:35.663112
bed_temp,60.3,2025-09-10 13:13:35.663112
current,0.58,2025-09-10 13:13:35.663112
power,227.6,2025-09-10 13:13:35.663112
voltage,121.11,2025-09-10 13:13:35.663112
filament_temp,230.3,2025-09-10 13:13:36.163374
bed_temp,60.3,2025-09-10 13:13:36.163374
current,1.88,2025-09-10 13:13:36.163374
power,227.6,2025-09-10 13:13:36.163374
voltage,121.11,2025-09-10 13:13:36.163374
filament_temp,230.3,2025-09-10 13:13:36.663636
bed_temp,60.3,2025-09-10 13:13:36.663636
current,1.88,2025-09-10 13:13:36.663636
power,221.7,2025-09-10 13:13:36.663636
voltage,121.11,2025-09-10 13:13:36.663636
filament_temp,229.0,2025-09-10 13:13:37.163899
bed_temp,59.7,2025-09-10 13:13:37.163899
current,1.88,2025-09-10 13:13:37.163899
power,221.7,2025-09-10 13:13:37.163899
voltage,121.11,2025-09-10 13:13:37.163899
filament_temp,229.0,2025-09-10 13:13:37.664164
bed_temp,59.7,2025-09-10 13:13:37.664164
current,1.88,2025-09-10 13:13:37.664164
power,221.7,2025-09-10 13:13:37.664164
voltage,121.11,2025-09-10 13:13:37.664164
filament_temp,229.0,2025-09-10 13:13:38.164399
bed_temp,59.7,2025-09-10 13:13:38.164399
current,1.88,2025-09-10 13:13:38.164399
power,221.7,2025-09-10 13:13:38.164399
voltage,121.11,2025-09-10 13:13:38.164399
filament_temp,229.0,2025-09-10 13:13:38.664595
bed_temp,59.7,2025-09-10 13:13:38.664595
current,1.88,2025-09-10 13:13:38.664595
power,221.7,2025-09-10 13:13:38.664595
voltage,121.11,2025-09-10 13:13:38.664595
filament_temp,230.0,2025-09-10 13:13:39.164850
bed_temp,59.0,2025-09-10 13:13:39.164850
current,1.88,2025-09-10 13:13:39.164850
power,221.7,2025-09-10 13:13:39.164850
voltage,121.11,2025-09-10 13:13:39.164850
filament_temp,230.0,2025-09-10 13:13:39.664985
bed_temp,59.0,2025-09-10 13:13:39.664985
current,1.88,2025-09-10 13:13:39.664985
power,221.7,2025-09-10 13:13:39.664985
voltage,121.11,2025-09-10 13:13:39.664985
filament_temp,230.0,2025-09-10 13:13:40.165153
bed_temp,59.0,2025-09-10 13:13:40.165153
current,1.88,2025-09-10 13:13:40.165153
power,221.7,2025-09-10 13:13:40.165153
voltage,121.11,2025-09-10 13:13:40.165153
filament_temp,230.0,2025-09-10 13:13:40.665417
bed_temp,59.0,2025-09-10 13:13:40.665417
current,1.88,2025-09-10 13:13:40.665417
power,221.7,2025-09-10 13:13:40.665417
voltage,121.11,2025-09-10 13:13:40.665417
filament_temp,230.0,2025-09-10 13:13:41.165679
bed_temp,58.8,2025-09-10 13:13:41.165679
current,1.88,2025-09-10 13:13:41.165679
power,221.7,2025-09-10 13:13:41.165679
voltage,121.11,2025-09-10 13:13:41.165679
filament_temp,230.0,2025-09-10 13:13:41.665942
bed_temp,58.8,2025-09-10 13:13:41.665942
current,1.88,2025-09-10 13:13:41.665942
power,221.7,2025-09-10 13:13:41.665942
voltage,121.11,2025-09-10 13:13:41.665942
filament_temp,230.0,2025-09-10 13:13:42.166204
bed_temp,58.8,2025-09-10 13:13:42.166204
current,1.88,2025-09-10 13:13:42.166204
power,221.7,2025-09-10 13:13:42.166204
voltage,121.11,2025-09-10 13:13:42.166204
filament_temp,230.0,2025-09-10 13:13:42.666438
bed_temp,58.8,2025-09-10 13:13:42.666438
current,1.88,2025-09-10 13:13:42.666438
power,221.7,2025-09-10 13:13:42.666438
voltage,121.11,2025-09-10 13:13:42.666438
filament_temp,229.8,2025-09-10 13:13:43.166672
bed_temp,59.7,2025-09-10 13:13:43.166672
current,1.88,2025-09-10 13:13:43.166672
power,221.7,2025-09-10 13:13:43.166672
voltage,121.11,2025-09-10 13:13:43.166672
filament_temp,229.8,2025-09-10 13:13:43.666890
bed_temp,59.7,2025-09-10 13:13:43.666890
current,1.88,2025-09-10 13:13:43.666890
power,221.7,2025-09-10 13:13:43.666890
voltage,121.11,2025-09-10 13:13:43.666890
filament_temp,229.8,2025-09-10 13:13:44.167123
bed_temp,59.7,2025-09-10 13:13:44.167123
current,1.88,2025-09-10 13:13:44.167123
power,221.7,2025-09-10 13:13:44.167123
voltage,121.11,2025-09-10 13:13:44.167123
filament_temp,229.8,2025-09-10 13:13:44.667388
bed_temp,59.7,2025-09-10 13:13:44.667388
current,1.88,2025-09-10 13:13:44.667388
power,221.7,2025-09-10 13:13:44.667388
voltage,121.11,2025-09-10 13:13:44.667388
filament_temp,230.2,2025-09-10 13:13:45.167624
bed_temp,58.8,2025-09-10 13:13:45.167624
current,1.88,2025-09-10 13:13:45.167624
power,221.7,2025-09-10 13:13:45.167624
voltage,121.11,2025-09-10 13:13:45.167624
filament_temp,230.2,2025-09-10 13:13:45.667878
bed_temp,58.8,2025-09-10 13:13:45.667878
current,1.88,2025-09-10 13:13:45.667878
power,221.7,2025-09-10 13:13:45.667878
voltage,121.11,2025-09-10 13:13:45.667878
filament_temp,230.2,2025-09-10 13:13:46.168106
bed_temp,58.8,2025-09-10 13:13:46.168106
current,1.88,2025-09-10 13:13:46.168106
power,221.7,2025-09-10 13:13:46.168106
voltage,121.11,2025-09-10 13:13:46.168106
filament_temp,230.2,2025-09-10 13:13:46.668345
bed_temp,58.8,2025-09-10 13:13:46.668345
current,1.88,2025-09-10 13:13:46.668345
power,221.7,2025-09-10 13:13:46.668345
voltage,121.11,2025-09-10 13:13:46.668345
filament_temp,230.0,2025-09-10 13:13:47.168589
bed_temp,59.1,2025-09-10 13:13:47.168589
current,1.88,2025-09-10 13:13:47.168589
power,221.7,2025-09-10 13:13:47.168589
voltage,121.11,2025-09-10 13:13:47.168589
filament_temp,230.0,2025-09-10 13:13:47.668787
bed_temp,59.1,2025-09-10 13:13:47.668787
current,1.88,2025-09-10 13:13:47.668787
power,221.7,2025-09-10 13:13:47.668787
voltage,121.11,2025-09-10 13:13:47.668787
filament_temp,230.0,2025-09-10 13:13:48.169027
bed_temp,59.1,2025-09-10 13:13:48.169027
current,1.88,2025-09-10 13:13:48.169027
power,231.2,2025-09-10 13:13:48.169027
voltage,121.11,2025-09-10 13:13:48.169027
filament_temp,230.0,2025-09-10 13:13:48.669248
bed_temp,59.1,2025-09-10 13:13:48.669248
current,1.88,2025-09-10 13:13:48.669248
power,231.2,2025-09-10 13:13:48.669248
voltage,121.11,2025-09-10 13:13:48.669248
filament_temp,229.5,2025-09-10 13:13:49.169487
bed_temp,60.0,2025-09-10 13:13:49.169487
current,1.88,2025-09-10 13:13:49.169487
power,231.2,2025-09-10 13:13:49.169487
voltage,121.11,2025-09-10 13:13:49.169487
filament_temp,229.5,2025-09-10 13:13:49.669690
bed_temp,60.0,2025-09-10 13:13:49.669690
current,1.88,2025-09-10 13:13:49.669690
power,231.2,2025-09-10 13:13:49.669690
voltage,121.11,2025-09-10 13:13:49.669690
filament_temp,229.5,2025-09-10 13:13:50.169914
bed_temp,60.0,2025-09-10 13:13:50.169914
current,1.88,2025-09-10 13:13:50.169914
power,231.2,2025-09-10 13:13:50.169914
voltage,121.11,2025-09-10 13:13:50.169914
filament_temp,229.5,2025-09-10 13:13:50.670138
bed_temp,60.0,2025-09-10 13:13:50.670138
current,1.88,2025-09-10 13:13:50.670138
power,231.2,2025-09-10 13:13:50.670138
voltage,121.11,2025-09-10 13:13:50.670138
filament_temp,230.3,2025-09-10 13:13:51.170363
bed_temp,60.2,2025-09-10 13:13:51.170363
current,1.88,2025-09-10 13:13:51.170363
power,231.2,2025-09-10 13:13:51.170363
voltage,121.11,2025-09-10 13:13:51.170363
filament_temp,230.3,2025-09-10 13:13:51.670587
bed_temp,60.2,2025-09-10 13:13:51.670587
current,1.88,2025-09-10 13:13:51.670587
power,231.2,2025-09-10 13:13:51.670587
voltage,121.11,2025-09-10 13:13:51.670587
filament_temp,230.3,2025-09-10 13:13:52.170786
bed_temp,60.2,2025-09-10 13:13:52.170786
current,1.88,2025-09-10 13:13:52.170786
power,216.1,2025-09-10 13:13:52.170786
voltage,121.11,2025-09-10 13:13:52.170786
filament_temp,230.3,2025-09-10 13:13:52.670956
bed_temp,60.2,2025-09-10 13:13:52.670956
current,1.88,2025-09-10 13:13:52.670956
power,228,2025-09-10 13:13:52.670956
voltage,121.11,2025-09-10 13:13:52.670956
filament_temp,230.0,2025-09-10 13:13:53.171205
bed_temp,59.7,2025-09-10 13:13:53.171205
current,1.88,2025-09-10 13:13:53.171205
power,228,2025-09-10 13:13:53.171205
voltage,121.11,2025-09-10 13:13:53.171205
filament_temp,230.0,2025-09-10 13:13:53.671448
bed_temp,59.7,2025-09-10 13:13:53.671448
current,1.88,2025-09-10 13:13:53.671448
power,228,2025-09-10 13:13:53.671448
voltage,121.11,2025-09-10 13:13:53.671448
filament_temp,230.0,2025-09-10 13:13:54.171680
bed_temp,59.7,2025-09-10 13:13:54.171680
current,1.88,2025-09-10 13:13:54.171680
power,228,2025-09-10 13:13:54.171680
voltage,121.11,2025-09-10 13:13:54.171680
filament_temp,230.0,2025-09-10 13:13:54.671915
bed_temp,59.7,2025-09-10 13:13:54.671915
current,1.88,2025-09-10 13:13:54.671915
power,228,2025-09-10 13:13:54.671915
voltage,121.11,2025-09-10 13:13:54.671915
filament_temp,229.5,2025-09-10 13:13:55.172159
bed_temp,59.9,2025-09-10 13:13:55.172159
current,1.88,2025-09-10 13:13:55.172159
power,228,2025-09-10 13:13:55.172159
voltage,121.11,2025-09-10 13:13:55.172159
filament_temp,229.5,2025-09-10 13:13:55.672365
bed_temp,59.9,2025-09-10 13:13:55.672365
current,1.88,2025-09-10 13:13:55.672365
power,228,2025-09-10 13:13:55.672365
voltage,121.11,2025-09-10 13:13:55.672365
filament_temp,229.5,2025-09-10 13:13:56.172593
bed_temp,59.9,2025-09-10 13:13:56.172593
current,1.88,2025-09-10 13:13:56.172593
power,228,2025-09-10 13:13:56.172593
voltage,121.11,2025-09-10 13:13:56.172593
filament_temp,229.5,2025-09-10 13:13:56.672822
bed_temp,59.9,2025-09-10 13:13:56.672822
current,1.88,2025-09-10 13:13:56.672822
power,228,2025-09-10 13:13:56.672822
voltage,121.11,2025-09-10 13:13:56.672822
filament_temp,230.3,2025-09-10 13:13:57.173059
bed_temp,60.0,2025-09-10 13:13:57.173059
current,1.88,2025-09-10 13:13:57.173059
power,228,2025-09-10 13:13:57.173059
voltage,121.11,2025-09-10 13:13:57.173059
filament_temp,230.3,2025-09-10 13:13:57.673303
bed_temp,60.0,2025-09-10 13:13:57.673303
current,1.88,2025-09-10 13:13:57.673303
power,228,2025-09-10 13:13:57.673303
voltage,121.11,2025-09-10 13:13:57.673303
filament_temp,230.3,2025-09-10 13:13:58.173544
bed_temp,60.0,2025-09-10 13:13:58.173544
current,1.88,2025-09-10 13:13:58.173544
power,228,2025-09-10 13:13:58.173544
voltage,121.11,2025-09-10 13:13:58.173544
filament_temp,230.3,2025-09-10 13:13:58.673785
bed_temp,60.0,2025-09-10 13:13:58.673785
current,1.88,2025-09-10 13:13:58.673785
power,61.3,2025-09-10 13:13:58.673785
voltage,121.11,2025-09-10 13:13:58.673785
filament_temp,229.7,2025-09-10 13:13:59.174025
bed_temp,59.3,2025-09-10 13:13:59.174025
current,1.88,2025-09-10 13:13:59.174025
power,61.3,2025-09-10 13:13:59.174025
voltage,121.11,2025-09-10 13:13:59.174025
filament_temp,229.7,2025-09-10 13:13:59.674245
bed_temp,59.3,2025-09-10 13:13:59.674245
current,1.88,2025-09-10 13:13:59.674245
power,61.3,2025-09-10 13:13:59.674245
voltage,121.11,2025-09-10 13:13:59.674245
filament_temp,229.7,2025-09-10 13:14:00.174401
bed_temp,59.3,2025-09-10 13:14:00.174401
current,1.88,2025-09-10 13:14:00.174401
power,61.3,2025-09-10 13:14:00.174401
voltage,121.11,2025-09-10 13:14:00.174401
filament_temp,229.7,2025-09-10 13:14:00.674591
bed_temp,59.3,2025-09-10 13:14:00.674591
current,1.88,2025-09-10 13:14:00.674591
power,61.3,2025-09-10 13:14:00.674591
voltage,121.11,2025-09-10 13:14:00.674591
filament_temp,230.0,2025-09-10 13:14:01.174794
bed_temp,57.8,2025-09-10 13:14:01.174794
current,1.88,2025-09-10 13:14:01.174794
power,61.3,2025-09-10 13:14:01.174794
voltage,121.11,2025-09-10 13:14:01.174794
filament_temp,230.0,2025-09-10 13:14:01.675026
bed_temp,57.8,2025-09-10 13:14:01.675026
current,1.88,2025-09-10 13:14:01.675026
power,61.3,2025-09-10 13:14:01.675026
voltage,121.11,2025-09-10 13:14:01.675026
filament_temp,230.0,2025-09-10 13:14:02.175192
bed_temp,57.8,2025-09-10 13:14:02.175192
current,1.88,2025-09-10 13:14:02.175192
power,232.4,2025-09-10 13:14:02.175192
voltage,121.11,2025-09-10 13:14:02.175192
filament_temp,230.0,2025-09-10 13:14:02.675430
bed_temp,57.8,2025-09-10 13:14:02.675430
current,1.88,2025-09-10 13:14:02.675430
power,232.4,2025-09-10 13:14:02.675430
voltage,121.11,2025-09-10 13:14:02.675430
filament_temp,230.2,2025-09-10 13:14:03.175664
bed_temp,58.7,2025-09-10 13:14:03.175664
current,1.88,2025-09-10 13:14:03.175664
power,232.4,2025-09-10 13:14:03.175664
voltage,121.11,2025-09-10 13:14:03.175664
filament_temp,230.2,2025-09-10 13:14:03.675900
bed_temp,58.7,2025-09-10 13:14:03.675900
current,1.88,2025-09-10 13:14:03.675900
power,232.4,2025-09-10 13:14:03.675900
voltage,121.11,2025-09-10 13:14:03.675900
filament_temp,230.2,2025-09-10 13:14:04.176086
bed_temp,58.7,2025-09-10 13:14:04.176086
current,1.88,2025-09-10 13:14:04.176086
power,232.4,2025-09-10 13:14:04.176086
voltage,121.11,2025-09-10 13:14:04.176086
filament_temp,230.2,2025-09-10 13:14:04.676323
bed_temp,58.7,2025-09-10 13:14:04.676323
current,1.88,2025-09-10 13:14:04.676323
power,232.4,2025-09-10 13:14:04.676323
voltage,121.11,2025-09-10 13:14:04.676323
filament_temp,229.8,2025-09-10 13:14:05.176548
bed_temp,59.3,2025-09-10 13:14:05.176548
current,1.88,2025-09-10 13:14:05.176548
power,232.4,2025-09-10 13:14:05.176548
voltage,121.11,2025-09-10 13:14:05.176548
filament_temp,229.8,2025-09-10 13:14:05.676786
bed_temp,59.3,2025-09-10 13:14:05.676786
current,1.88,2025-09-10 13:14:05.676786
power,232.4,2025-09-10 13:14:05.676786
voltage,121.11,2025-09-10 13:14:05.676786
filament_temp,229.8,2025-09-10 13:14:06.177014
bed_temp,59.3,2025-09-10 13:14:06.177014
current,0.58,2025-09-10 13:14:06.177014
power,232.4,2025-09-10 13:14:06.177014
voltage,121.11,2025-09-10 13:14:06.177014
filament_temp,229.8,2025-09-10 13:14:06.677239
bed_temp,59.3,2025-09-10 13:14:06.677239
current,0.58,2025-09-10 13:14:06.677239
power,232.4,2025-09-10 13:14:06.677239
voltage,121.11,2025-09-10 13:14:06.677239
filament_temp,229.7,2025-09-10 13:14:07.177482
bed_temp,59.7,2025-09-10 13:14:07.177482
current,0.58,2025-09-10 13:14:07.177482
power,232.4,2025-09-10 13:14:07.177482
voltage,121.11,2025-09-10 13:14:07.177482
filament_temp,229.7,2025-09-10 13:14:07.677725
bed_temp,59.7,2025-09-10 13:14:07.677725
current,0.58,2025-09-10 13:14:07.677725
power,232.4,2025-09-10 13:14:07.677725
voltage,121.11,2025-09-10 13:14:07.677725
filament_temp,229.7,2025-09-10 13:14:08.177945
bed_temp,59.7,2025-09-10 13:14:08.177945
current,0.58,2025-09-10 13:14:08.177945
power,232.4,2025-09-10 13:14:08.177945
voltage,121.11,2025-09-10 13:14:08.177945
filament_temp,229.7,2025-09-10 13:14:08.678173
bed_temp,59.7,2025-09-10 13:14:08.678173
current,0.58,2025-09-10 13:14:08.678173
power,232.4,2025-09-10 13:14:08.678173
voltage,121.11,2025-09-10 13:14:08.678173
filament_temp,230.8,2025-09-10 13:14:09.178374
bed_temp,59.6,2025-09-10 13:14:09.178374
current,0.58,2025-09-10 13:14:09.178374
power,232.4,2025-09-10 13:14:09.178374
voltage,121.11,2025-09-10 13:14:09.178374
filament_temp,230.8,2025-09-10 13:14:09.678564
bed_temp,59.6,2025-09-10 13:14:09.678564
current,0.58,2025-09-10 13:14:09.678564
power,232.4,2025-09-10 13:14:09.678564
voltage,121.11,2025-09-10 13:14:09.678564
filament_temp,230.8,2025-09-10 13:14:10.178792
bed_temp,59.6,2025-09-10 13:14:10.178792
current,0.58,2025-09-10 13:14:10.178792
power,232.4,2025-09-10 13:14:10.178792
voltage,121.11,2025-09-10 13:14:10.178792
filament_temp,230.8,2025-09-10 13:14:10.679027
bed_temp,59.6,2025-09-10 13:14:10.679027
current,0.58,2025-09-10 13:14:10.679027
power,232.4,2025-09-10 13:14:10.679027
voltage,121.11,2025-09-10 13:14:10.679027
filament_temp,230.7,2025-09-10 13:14:11.179251
bed_temp,60.5,2025-09-10 13:14:11.179251
current,1.92,2025-09-10 13:14:11.179251
power,232.4,2025-09-10 13:14:11.179251
voltage,121.11,2025-09-10 13:14:11.179251
filament_temp,230.7,2025-09-10 13:14:11.679478
bed_temp,60.5,2025-09-10 13:14:11.679478
current,1.92,2025-09-10 13:14:11.679478
power,232.4,2025-09-10 13:14:11.679478
voltage,121.11,2025-09-10 13:14:11.679478
filament_temp,230.7,2025-09-10 13:14:12.179706
bed_temp,60.5,2025-09-10 13:14:12.179706
current,1.92,2025-09-10 13:14:12.179706
power,223.2,2025-09-10 13:14:12.179706
voltage,121.11,2025-09-10 13:14:12.179706
filament_temp,230.7,2025-09-10 13:14:12.679940
bed_temp,60.5,2025-09-10 13:14:12.679940
current,1.92,2025-09-10 13:14:12.679940
power,223.2,2025-09-10 13:14:12.679940
voltage,121.11,2025-09-10 13:14:12.679940
filament_temp,229.0,2025-09-10 13:14:13.180137
bed_temp,59.3,2025-09-10 13:14:13.180137
current,1.92,2025-09-10 13:14:13.180137
power,223.2,2025-09-10 13:14:13.180137
voltage,121.11,2025-09-10 13:14:13.180137
filament_temp,229.0,2025-09-10 13:14:13.680355
bed_temp,59.3,2025-09-10 13:14:13.680355
current,1.92,2025-09-10 13:14:13.680355
power,215.9,2025-09-10 13:14:13.680355
voltage,121.11,2025-09-10 13:14:13.680355
filament_temp,229.0,2025-09-10 13:14:14.180584
bed_temp,59.3,2025-09-10 13:14:14.180584
current,1.92,2025-09-10 13:14:14.180584
power,215.9,2025-09-10 13:14:14.180584
voltage,121.11,2025-09-10 13:14:14.180584
filament_temp,229.0,2025-09-10 13:14:14.680812
bed_temp,59.3,2025-09-10 13:14:14.680812
current,1.92,2025-09-10 13:14:14.680812
power,215.9,2025-09-10 13:14:14.680812
voltage,121.11,2025-09-10 13:14:14.680812
filament_temp,230.0,2025-09-10 13:14:15.180991
bed_temp,58.8,2025-09-10 13:14:15.180991
current,1.92,2025-09-10 13:14:15.180991
power,224.8,2025-09-10 13:14:15.180991
voltage,121.11,2025-09-10 13:14:15.180991
filament_temp,230.0,2025-09-10 13:14:15.681234
bed_temp,58.8,2025-09-10 13:14:15.681234
current,1.92,2025-09-10 13:14:15.681234
power,224.8,2025-09-10 13:14:15.681234
voltage,121.11,2025-09-10 13:14:15.681234
filament_temp,230.0,2025-09-10 13:14:16.181461
bed_temp,58.8,2025-09-10 13:14:16.181461
current,1.92,2025-09-10 13:14:16.181461
power,224.8,2025-09-10 13:14:16.181461
voltage,121.11,2025-09-10 13:14:16.181461
filament_temp,230.0,2025-09-10 13:14:16.681694
bed_temp,58.8,2025-09-10 13:14:16.681694
current,1.92,2025-09-10 13:14:16.681694
power,224.8,2025-09-10 13:14:16.681694
voltage,121.11,2025-09-10 13:14:16.681694
filament_temp,229.7,2025-09-10 13:14:17.181938
bed_temp,58.7,2025-09-10 13:14:17.181938
current,1.92,2025-09-10 13:14:17.181938
power,224.8,2025-09-10 13:14:17.181938
voltage,121.11,2025-09-10 13:14:17.181938
filament_temp,229.7,2025-09-10 13:14:17.682156
bed_temp,58.7,2025-09-10 13:14:17.682156
current,1.92,2025-09-10 13:14:17.682156
power,224.8,2025-09-10 13:14:17.682156
voltage,121.11,2025-09-10 13:14:17.682156
filament_temp,229.7,2025-09-10 13:14:18.182388
bed_temp,58.7,2025-09-10 13:14:18.182388
current,1.92,2025-09-10 13:14:18.182388
power,224.8,2025-09-10 13:14:18.182388
voltage,121.11,2025-09-10 13:14:18.182388
filament_temp,229.7,2025-09-10 13:14:18.682626
bed_temp,58.7,2025-09-10 13:14:18.682626
current,1.92,2025-09-10 13:14:18.682626
power,224.8,2025-09-10 13:14:18.682626
voltage,121.11,2025-09-10 13:14:18.682626
filament_temp,230.3,2025-09-10 13:14:19.182857
bed_temp,60.5,2025-09-10 13:14:19.182857
current,1.92,2025-09-10 13:14:19.182857
power,224.8,2025-09-10 13:14:19.182857
voltage,121.11,2025-09-10 13:14:19.182857
filament_temp,230.3,2025-09-10 13:14:19.683101
bed_temp,60.5,2025-09-10 13:14:19.683101
current,1.92,2025-09-10 13:14:19.683101
power,224.8,2025-09-10 13:14:19.683101
voltage,121.11,2025-09-10 13:14:19.683101
filament_temp,230.3,2025-09-10 13:14:20.183332
bed_temp,60.5,2025-09-10 13:14:20.183332
current,1.92,2025-09-10 13:14:20.183332
power,224.8,2025-09-10 13:14:20.183332
voltage,121.11,2025-09-10 13:14:20.183332
filament_temp,230.3,2025-09-10 13:14:20.683572
bed_temp,60.5,2025-09-10 13:14:20.683572
current,1.92,2025-09-10 13:14:20.683572
power,224.8,2025-09-10 13:14:20.683572
voltage,121.11,2025-09-10 13:14:20.683572
filament_temp,229.3,2025-09-10 13:14:21.183815
bed_temp,60.3,2025-09-10 13:14:21.183815
current,1.92,2025-09-10 13:14:21.183815
power,224.8,2025-09-10 13:14:21.183815
voltage,121.11,2025-09-10 13:14:21.183815
filament_temp,229.3,2025-09-10 13:14:21.683975
bed_temp,60.3,2025-09-10 13:14:21.683975
current,1.92,2025-09-10 13:14:21.683975
power,224.8,2025-09-10 13:14:21.683975
voltage,121.11,2025-09-10 13:14:21.683975
filament_temp,229.3,2025-09-10 13:14:22.184216
bed_temp,60.3,2025-09-10 13:14:22.184216
current,1.92,2025-09-10 13:14:22.184216
power,224.8,2025-09-10 13:14:22.184216
voltage,121.11,2025-09-10 13:14:22.184216
filament_temp,229.3,2025-09-10 13:14:22.684429
bed_temp,60.3,2025-09-10 13:14:22.684429
current,1.92,2025-09-10 13:14:22.684429
power,224.8,2025-09-10 13:14:22.684429
voltage,121.11,2025-09-10 13:14:22.684429
filament_temp,230.7,2025-09-10 13:14:23.184662
bed_temp,59.4,2025-09-10 13:14:23.184662
current,1.92,2025-09-10 13:14:23.184662
power,218.8,2025-09-10 13:14:23.184662
voltage,121.11,2025-09-10 13:14:23.184662
filament_temp,230.7,2025-09-10 13:14:23.684915
bed_temp,59.4,2025-09-10 13:14:23.684915
current,1.92,2025-09-10 13:14:23.684915
power,229.3,2025-09-10 13:14:23.684915
voltage,121.11,2025-09-10 13:14:23.684915
filament_temp,230.7,2025-09-10 13:14:24.185102
bed_temp,59.4,2025-09-10 13:14:24.185102
current,1.92,2025-09-10 13:14:24.185102
power,229.6,2025-09-10 13:14:24.185102
voltage,121.11,2025-09-10 13:14:24.185102
filament_temp,230.7,2025-09-10 13:14:24.685341
bed_temp,59.4,2025-09-10 13:14:24.685341
current,1.92,2025-09-10 13:14:24.685341
power,225.5,2025-09-10 13:14:24.685341
voltage,121.11,2025-09-10 13:14:24.685341
filament_temp,231.0,2025-09-10 13:14:25.185584
bed_temp,59.9,2025-09-10 13:14:25.185584
current,1.92,2025-09-10 13:14:25.185584
power,215.3,2025-09-10 13:14:25.185584
voltage,121.11,2025-09-10 13:14:25.185584
filament_temp,231.0,2025-09-10 13:14:25.685820
bed_temp,59.9,2025-09-10 13:14:25.685820
current,1.92,2025-09-10 13:14:25.685820
power,215.3,2025-09-10 13:14:25.685820
voltage,121.11,2025-09-10 13:14:25.685820
filament_temp,231.0,2025-09-10 13:14:26.186019
bed_temp,59.9,2025-09-10 13:14:26.186019
current,1.92,2025-09-10 13:14:26.186019
power,215.3,2025-09-10 13:14:26.186019
voltage,121.11,2025-09-10 13:14:26.186019
filament_temp,231.0,2025-09-10 13:14:26.686214
bed_temp,59.9,2025-09-10 13:14:26.686214
current,1.92,2025-09-10 13:14:26.686214
power,215.3,2025-09-10 13:14:26.686214
voltage,121.11,2025-09-10 13:14:26.686214
filament_temp,230.8,2025-09-10 13:14:27.186436
bed_temp,59.4,2025-09-10 13:14:27.186436
current,1.92,2025-09-10 13:14:27.186436
power,215.3,2025-09-10 13:14:27.186436
voltage,121.11,2025-09-10 13:14:27.186436
filament_temp,230.8,2025-09-10 13:14:27.686664
bed_temp,59.4,2025-09-10 13:14:27.686664
current,1.92,2025-09-10 13:14:27.686664
power,215.3,2025-09-10 13:14:27.686664
voltage,121.11,2025-09-10 13:14:27.686664
filament_temp,230.8,2025-09-10 13:14:28.186907
bed_temp,59.4,2025-09-10 13:14:28.186907
current,1.92,2025-09-10 13:14:28.186907
power,215.3,2025-09-10 13:14:28.186907
voltage,121.11,2025-09-10 13:14:28.186907
filament_temp,230.8,2025-09-10 13:14:28.687153
bed_temp,59.4,2025-09-10 13:14:28.687153
current,1.92,2025-09-10 13:14:28.687153
power,215.3,2025-09-10 13:14:28.687153
voltage,121.11,2025-09-10 13:14:28.687153
filament_temp,230.7,2025-09-10 13:14:29.187388
bed_temp,60.0,2025-09-10 13:14:29.187388
current,1.92,2025-09-10 13:14:29.187388
power,215.3,2025-09-10 13:14:29.187388
voltage,121.11,2025-09-10 13:14:29.187388
filament_temp,230.7,2025-09-10 13:14:29.687623
bed_temp,60.0,2025-09-10 13:14:29.687623
current,1.92,2025-09-10 13:14:29.687623
power,215.3,2025-09-10 13:14:29.687623
voltage,121.11,2025-09-10 13:14:29.687623
filament_temp,230.7,2025-09-10 13:14:30.187868
bed_temp,60.0,2025-09-10 13:14:30.187868
current,1.92,2025-09-10 13:14:30.187868
power,228.1,2025-09-10 13:14:30.187868
voltage,121.11,2025-09-10 13:14:30.187868
filament_temp,230.7,2025-09-10 13:14:30.688072
bed_temp,60.0,2025-09-10 13:14:30.688072
current,1.92,2025-09-10 13:14:30.688072
power,228.1,2025-09-10 13:14:30.688072
voltage,121.11,2025-09-10 13:14:30.688072
filament_temp,231.3,2025-09-10 13:14:31.188280
bed_temp,59.3,2025-09-10 13:14:31.188280
current,1.92,2025-09-10 13:14:31.188280
power,228.1,2025-09-10 13:14:31.188280
voltage,121.11,2025-09-10 13:14:31.188280
filament_temp,231.3,2025-09-10 13:14:31.688517
bed_temp,59.3,2025-09-10 13:14:31.688517
current,1.92,2025-09-10 13:14:31.688517
power,228.1,2025-09-10 13:14:31.688517
voltage,121.11,2025-09-10 13:14:31.688517
filament_temp,231.3,2025-09-10 13:14:32.188754
bed_temp,59.3,2025-09-10 13:14:32.188754
current,1.92,2025-09-10 13:14:32.188754
power,228.1,2025-09-10 13:14:32.188754
voltage,121.11,2025-09-10 13:14:32.188754
filament_temp,231.3,2025-09-10 13:14:32.688995
bed_temp,59.3,2025-09-10 13:14:32.688995
current,1.92,2025-09-10 13:14:32.688995
power,228.1,2025-09-10 13:14:32.688995
voltage,121.11,2025-09-10 13:14:32.688995
filament_temp,230.0,2025-09-10 13:14:33.189236
bed_temp,59.6,2025-09-10 13:14:33.189236
current,1.92,2025-09-10 13:14:33.189236
power,228.1,2025-09-10 13:14:33.189236
voltage,121.11,2025-09-10 13:14:33.189236
filament_temp,230.0,2025-09-10 13:14:33.689460
bed_temp,59.6,2025-09-10 13:14:33.689460
current,1.92,2025-09-10 13:14:33.689460
power,228.1,2025-09-10 13:14:33.689460
voltage,121.11,2025-09-10 13:14:33.689460
filament_temp,230.0,2025-09-10 13:14:34.189685
bed_temp,59.6,2025-09-10 13:14:34.189685
current,1.92,2025-09-10 13:14:34.189685
power,228.1,2025-09-10 13:14:34.189685
voltage,121.11,2025-09-10 13:14:34.189685
filament_temp,230.0,2025-09-10 13:14:34.689877
bed_temp,59.6,2025-09-10 13:14:34.689877
current,1.92,2025-09-10 13:14:34.689877
power,228.1,2025-09-10 13:14:34.689877
voltage,121.11,2025-09-10 13:14:34.689877
filament_temp,229.2,2025-09-10 13:14:35.190080
bed_temp,60.0,2025-09-10 13:14:35.190080
current,1.92,2025-09-10 13:14:35.190080
power,228.1,2025-09-10 13:14:35.190080
voltage,121.11,2025-09-10 13:14:35.190080
filament_temp,229.2,2025-09-10 13:14:35.690312
bed_temp,60.0,2025-09-10 13:14:35.690312
current,1.8,2025-09-10 13:14:35.690312
power,228.1,2025-09-10 13:14:35.690312
voltage,121.11,2025-09-10 13:14:35.690312
filament_temp,229.2,2025-09-10 13:14:36.190546
bed_temp,60.0,2025-09-10 13:14:36.190546
current,1.8,2025-09-10 13:14:36.190546
power,228.1,2025-09-10 13:14:36.190546
voltage,121.11,2025-09-10 13:14:36.190546
filament_temp,229.2,2025-09-10 13:14:36.690794
bed_temp,60.0,2025-09-10 13:14:36.690794
current,1.8,2025-09-10 13:14:36.690794
power,228.1,2025-09-10 13:14:36.690794
voltage,121.11,2025-09-10 13:14:36.690794
filament_temp,230.0,2025-09-10 13:14:37.191037
bed_temp,60.0,2025-09-10 13:14:37.191037
current,1.8,2025-09-10 13:14:37.191037
power,228.1,2025-09-10 13:14:37.191037
voltage,121.11,2025-09-10 13:14:37.191037
filament_temp,230.0,2025-09-10 13:14:37.691231
bed_temp,60.0,2025-09-10 13:14:37.691231
current,1.8,2025-09-10 13:14:37.691231
power,228.1,2025-09-10 13:14:37.691231
voltage,121.11,2025-09-10 13:14:37.691231
filament_temp,230.0,2025-09-10 13:14:38.191472
bed_temp,60.0,2025-09-10 13:14:38.191472
current,1.8,2025-09-10 13:14:38.191472
power,228.1,2025-09-10 13:14:38.191472
voltage,121.11,2025-09-10 13:14:38.191472
filament_temp,230.0,2025-09-10 13:14:38.691715
bed_temp,60.0,2025-09-10 13:14:38.691715
current,1.8,2025-09-10 13:14:38.691715
power,228.1,2025-09-10 13:14:38.691715
voltage,121.11,2025-09-10 13:14:38.691715
filament_temp,228.7,2025-09-10 13:14:39.191932
bed_temp,59.9,2025-09-10 13:14:39.191932
current,1.8,2025-09-10 13:14:39.191932
power,228.1,2025-09-10 13:14:39.191932
voltage,121.11,2025-09-10 13:14:39.191932
filament_temp,228.7,2025-09-10 13:14:39.692059
bed_temp,59.9,2025-09-10 13:14:39.692059
current,1.91,2025-09-10 13:14:39.692059
power,228.1,2025-09-10 13:14:39.692059
voltage,121.11,2025-09-10 13:14:39.692059
filament_temp,228.7,2025-09-10 13:14:40.192244
bed_temp,59.9,2025-09-10 13:14:40.192244
current,1.91,2025-09-10 13:14:40.192244
power,228.1,2025-09-10 13:14:40.192244
voltage,121.11,2025-09-10 13:14:40.192244
filament_temp,228.7,2025-09-10 13:14:40.692492
bed_temp,59.9,2025-09-10 13:14:40.692492
current,1.91,2025-09-10 13:14:40.692492
power,228.1,2025-09-10 13:14:40.692492
voltage,121.11,2025-09-10 13:14:40.692492
filament_temp,229.8,2025-09-10 13:14:41.192735
bed_temp,59.6,2025-09-10 13:14:41.192735
current,1.91,2025-09-10 13:14:41.192735
power,228.1,2025-09-10 13:14:41.192735
voltage,121.11,2025-09-10 13:14:41.192735
filament_temp,229.8,2025-09-10 13:14:41.692976
bed_temp,59.6,2025-09-10 13:14:41.692976
current,1.91,2025-09-10 13:14:41.692976
power,228.1,2025-09-10 13:14:41.692976
voltage,121.11,2025-09-10 13:14:41.692976
filament_temp,229.8,2025-09-10 13:14:42.193214
bed_temp,59.6,2025-09-10 13:14:42.193214
current,1.91,2025-09-10 13:14:42.193214
power,228.1,2025-09-10 13:14:42.193214
voltage,121.11,2025-09-10 13:14:42.193214
filament_temp,229.8,2025-09-10 13:14:42.693469
bed_temp,59.6,2025-09-10 13:14:42.693469
current,1.91,2025-09-10 13:14:42.693469
power,228.1,2025-09-10 13:14:42.693469
voltage,121.11,2025-09-10 13:14:42.693469
filament_temp,230.3,2025-09-10 13:14:43.193710
bed_temp,59.3,2025-09-10 13:14:43.193710
current,1.91,2025-09-10 13:14:43.193710
power,228.1,2025-09-10 13:14:43.193710
voltage,121.11,2025-09-10 13:14:43.193710
filament_temp,230.3,2025-09-10 13:14:43.693911
bed_temp,59.3,2025-09-10 13:14:43.693911
current,1.91,2025-09-10 13:14:43.693911
power,228.1,2025-09-10 13:14:43.693911
voltage,121.11,2025-09-10 13:14:43.693911
filament_temp,230.3,2025-09-10 13:14:44.194134
bed_temp,59.3,2025-09-10 13:14:44.194134
current,1.91,2025-09-10 13:14:44.194134
power,228.1,2025-09-10 13:14:44.194134
voltage,121.11,2025-09-10 13:14:44.194134
filament_temp,230.3,2025-09-10 13:14:44.694369
bed_temp,59.3,2025-09-10 13:14:44.694369
current,1.91,2025-09-10 13:14:44.694369
power,228.1,2025-09-10 13:14:44.694369
voltage,121.11,2025-09-10 13:14:44.694369
filament_temp,230.0,2025-09-10 13:14:45.194608
bed_temp,59.1,2025-09-10 13:14:45.194608
current,1.91,2025-09-10 13:14:45.194608
power,228.1,2025-09-10 13:14:45.194608
voltage,121.11,2025-09-10 13:14:45.194608
filament_temp,230.0,2025-09-10 13:14:45.694851
bed_temp,59.1,2025-09-10 13:14:45.694851
current,1.91,2025-09-10 13:14:45.694851
power,228.1,2025-09-10 13:14:45.694851
voltage,121.11,2025-09-10 13:14:45.694851
filament_temp,230.0,2025-09-10 13:14:46.195092
bed_temp,59.1,2025-09-10 13:14:46.195092
current,1.91,2025-09-10 13:14:46.195092
power,228.1,2025-09-10 13:14:46.195092
voltage,121.11,2025-09-10 13:14:46.195092
filament_temp,230.0,2025-09-10 13:14:46.695319
bed_temp,59.1,2025-09-10 13:14:46.695319
current,1.91,2025-09-10 13:14:46.695319
power,228.1,2025-09-10 13:14:46.695319
voltage,121.11,2025-09-10 13:14:46.695319
filament_temp,230.0,2025-09-10 13:14:47.195507
bed_temp,59.9,2025-09-10 13:14:47.195507
current,1.91,2025-09-10 13:14:47.195507
power,228.1,2025-09-10 13:14:47.195507
voltage,121.11,2025-09-10 13:14:47.195507
filament_temp,230.0,2025-09-10 13:14:47.695700
bed_temp,59.9,2025-09-10 13:14:47.695700
current,1.91,2025-09-10 13:14:47.695700
power,228.1,2025-09-10 13:14:47.695700
voltage,121.11,2025-09-10 13:14:47.695700
filament_temp,230.0,2025-09-10 13:14:48.195929
bed_temp,59.9,2025-09-10 13:14:48.195929
current,1.91,2025-09-10 13:14:48.195929
power,228.1,2025-09-10 13:14:48.195929
voltage,121.11,2025-09-10 13:14:48.195929
filament_temp,230.0,2025-09-10 13:14:48.696160
bed_temp,59.9,2025-09-10 13:14:48.696160
current,1.91,2025-09-10 13:14:48.696160
power,228.1,2025-09-10 13:14:48.696160
voltage,121.11,2025-09-10 13:14:48.696160
filament_temp,229.8,2025-09-10 13:14:49.196351
bed_temp,59.1,2025-09-10 13:14:49.196351
current,1.91,2025-09-10 13:14:49.196351
power,228.1,2025-09-10 13:14:49.196351
voltage,121.11,2025-09-10 13:14:49.196351
filament_temp,229.8,2025-09-10 13:14:49.696564
bed_temp,59.1,2025-09-10 13:14:49.696564
current,1.91,2025-09-10 13:14:49.696564
power,228.1,2025-09-10 13:14:49.696564
voltage,121.11,2025-09-10 13:14:49.696564
filament_temp,229.8,2025-09-10 13:14:50.196798
bed_temp,59.1,2025-09-10 13:14:50.196798
current,1.91,2025-09-10 13:14:50.196798
power,228.1,2025-09-10 13:14:50.196798
voltage,121.11,2025-09-10 13:14:50.196798
filament_temp,229.8,2025-09-10 13:14:50.697066
bed_temp,59.1,2025-09-10 13:14:50.697066
current,1.91,2025-09-10 13:14:50.697066
power,228.1,2025-09-10 13:14:50.697066
voltage,121.11,2025-09-10 13:14:50.697066
filament_temp,230.2,2025-09-10 13:14:51.197329
bed_temp,59.9,2025-09-10 13:14:51.197329
current,1.91,2025-09-10 13:14:51.197329
power,228.1,2025-09-10 13:14:51.197329
voltage,121.11,2025-09-10 13:14:51.197329
filament_temp,230.2,2025-09-10 13:14:51.697590
bed_temp,59.9,2025-09-10 13:14:51.697590
current,1.91,2025-09-10 13:14:51.697590
power,228.1,2025-09-10 13:14:51.697590
voltage,121.11,2025-09-10 13:14:51.697590
filament_temp,230.2,2025-09-10 13:14:52.197830
bed_temp,59.9,2025-09-10 13:14:52.197830
current,1.91,2025-09-10 13:14:52.197830
power,228.1,2025-09-10 13:14:52.197830
voltage,121.11,2025-09-10 13:14:52.197830
filament_temp,230.2,2025-09-10 13:14:52.698039
bed_temp,59.9,2025-09-10 13:14:52.698039
current,1.91,2025-09-10 13:14:52.698039
power,228.1,2025-09-10 13:14:52.698039
voltage,121.11,2025-09-10 13:14:52.698039
filament_temp,231.2,2025-09-10 13:14:53.198255
bed_temp,59.9,2025-09-10 13:14:53.198255
current,1.91,2025-09-10 13:14:53.198255
power,228.1,2025-09-10 13:14:53.198255
voltage,121.11,2025-09-10 13:14:53.198255
filament_temp,231.2,2025-09-10 13:14:53.698494
bed_temp,59.9,2025-09-10 13:14:53.698494
current,1.91,2025-09-10 13:14:53.698494
power,228.1,2025-09-10 13:14:53.698494
voltage,121.11,2025-09-10 13:14:53.698494
filament_temp,231.2,2025-09-10 13:14:54.198739
bed_temp,59.9,2025-09-10 13:14:54.198739
current,1.91,2025-09-10 13:14:54.198739
power,228.1,2025-09-10 13:14:54.198739
voltage,121.11,2025-09-10 13:14:54.198739
filament_temp,231.2,2025-09-10 13:14:54.698980
bed_temp,59.9,2025-09-10 13:14:54.698980
current,1.91,2025-09-10 13:14:54.698980
power,228.1,2025-09-10 13:14:54.698980
voltage,121.11,2025-09-10 13:14:54.698980
filament_temp,229.7,2025-09-10 13:14:55.199218
bed_temp,60.2,2025-09-10 13:14:55.199218
current,1.91,2025-09-10 13:14:55.199218
power,228.1,2025-09-10 13:14:55.199218
voltage,121.11,2025-09-10 13:14:55.199218
filament_temp,229.7,2025-09-10 13:14:55.699453
bed_temp,60.2,2025-09-10 13:14:55.699453
current,1.91,2025-09-10 13:14:55.699453
power,228.1,2025-09-10 13:14:55.699453
voltage,121.11,2025-09-10 13:14:55.699453
filament_temp,229.7,2025-09-10 13:14:56.199696
bed_temp,60.2,2025-09-10 13:14:56.199696
current,1.91,2025-09-10 13:14:56.199696
power,228.1,2025-09-10 13:14:56.199696
voltage,121.11,2025-09-10 13:14:56.199696
filament_temp,229.7,2025-09-10 13:14:56.699893
bed_temp,60.2,2025-09-10 13:14:56.699893
current,1.91,2025-09-10 13:14:56.699893
power,228.7,2025-09-10 13:14:56.699893
voltage,121.11,2025-09-10 13:14:56.699893
filament_temp,229.7,2025-09-10 13:14:57.200088
bed_temp,60.3,2025-09-10 13:14:57.200088
current,1.91,2025-09-10 13:14:57.200088
power,228.7,2025-09-10 13:14:57.200088
voltage,121.11,2025-09-10 13:14:57.200088
filament_temp,229.7,2025-09-10 13:14:57.700324
bed_temp,60.3,2025-09-10 13:14:57.700324
current,1.91,2025-09-10 13:14:57.700324
power,228.7,2025-09-10 13:14:57.700324
voltage,121.11,2025-09-10 13:14:57.700324
filament_temp,229.7,2025-09-10 13:14:58.200565
bed_temp,60.3,2025-09-10 13:14:58.200565
current,1.91,2025-09-10 13:14:58.200565
power,228.7,2025-09-10 13:14:58.200565
voltage,121.11,2025-09-10 13:14:58.200565
filament_temp,229.7,2025-09-10 13:14:58.700809
bed_temp,60.3,2025-09-10 13:14:58.700809
current,1.91,2025-09-10 13:14:58.700809
power,228.7,2025-09-10 13:14:58.700809
voltage,121.11,2025-09-10 13:14:58.700809
filament_temp,229.8,2025-09-10 13:14:59.201045
bed_temp,60.5,2025-09-10 13:14:59.201045
current,1.91,2025-09-10 13:14:59.201045
power,228.7,2025-09-10 13:14:59.201045
voltage,121.11,2025-09-10 13:14:59.201045
filament_temp,229.8,2025-09-10 13:14:59.701282
bed_temp,60.5,2025-09-10 13:14:59.701282
current,1.91,2025-09-10 13:14:59.701282
power,228.7,2025-09-10 13:14:59.701282
voltage,121.11,2025-09-10 13:14:59.701282
filament_temp,229.8,2025-09-10 13:15:00.201458
bed_temp,60.5,2025-09-10 13:15:00.201458
current,1.91,2025-09-10 13:15:00.201458
power,228.7,2025-09-10 13:15:00.201458
voltage,121.11,2025-09-10 13:15:00.201458
filament_temp,229.8,2025-09-10 13:15:00.701695
bed_temp,60.5,2025-09-10 13:15:00.701695
current,1.91,2025-09-10 13:15:00.701695
power,228.7,2025-09-10 13:15:00.701695
voltage,121.11,2025-09-10 13:15:00.701695
filament_temp,229.8,2025-09-10 13:15:01.201910
bed_temp,60.5,2025-09-10 13:15:01.201910
current,1.91,2025-09-10 13:15:01.201910
power,228.7,2025-09-10 13:15:01.201910
voltage,121.11,2025-09-10 13:15:01.201910
filament_temp,229.8,2025-09-10 13:15:01.702145
bed_temp,60.5,2025-09-10 13:15:01.702145
current,1.91,2025-09-10 13:15:01.702145
power,228.7,2025-09-10 13:15:01.702145
voltage,121.11,2025-09-10 13:15:01.702145
filament_temp,229.8,2025-09-10 13:15:02.202313
bed_temp,60.5,2025-09-10 13:15:02.202313
current,1.91,2025-09-10 13:15:02.202313
power,228.7,2025-09-10 13:15:02.202313
voltage,121.11,2025-09-10 13:15:02.202313
filament_temp,229.8,2025-09-10 13:15:02.702560
bed_temp,60.5,2025-09-10 13:15:02.702560
current,1.91,2025-09-10 13:15:02.702560
power,228.7,2025-09-10 13:15:02.702560
voltage,121.11,2025-09-10 13:15:02.702560
filament_temp,229.2,2025-09-10 13:15:03.202804
bed_temp,60.0,2025-09-10 13:15:03.202804
current,1.91,2025-09-10 13:15:03.202804
power,228,2025-09-10 13:15:03.202804
voltage,121.11,2025-09-10 13:15:03.202804
filament_temp,229.2,2025-09-10 13:15:03.703050
bed_temp,60.0,2025-09-10 13:15:03.703050
current,1.91,2025-09-10 13:15:03.703050
power,228,2025-09-10 13:15:03.703050
voltage,121.11,2025-09-10 13:15:03.703050
filament_temp,229.2,2025-09-10 13:15:04.203316
bed_temp,60.0,2025-09-10 13:15:04.203316
current,1.91,2025-09-10 13:15:04.203316
power,228,2025-09-10 13:15:04.203316
voltage,121.11,2025-09-10 13:15:04.203316
filament_temp,229.2,2025-09-10 13:15:04.703559
bed_temp,60.0,2025-09-10 13:15:04.703559
current,1.91,2025-09-10 13:15:04.703559
power,228,2025-09-10 13:15:04.703559
voltage,121.11,2025-09-10 13:15:04.703559
filament_temp,229.8,2025-09-10 13:15:05.203813
bed_temp,60.3,2025-09-10 13:15:05.203813
current,1.91,2025-09-10 13:15:05.203813
power,228,2025-09-10 13:15:05.203813
voltage,121.11,2025-09-10 13:15:05.203813
filament_temp,229.8,2025-09-10 13:15:05.704019
bed_temp,60.3,2025-09-10 13:15:05.704019
current,1.91,2025-09-10 13:15:05.704019
power,228,2025-09-10 13:15:05.704019
voltage,121.11,2025-09-10 13:15:05.704019
filament_temp,229.8,2025-09-10 13:15:06.204192
bed_temp,60.3,2025-09-10 13:15:06.204192
current,1.91,2025-09-10 13:15:06.204192
power,228,2025-09-10 13:15:06.204192
voltage,121.11,2025-09-10 13:15:06.204192
filament_temp,229.8,2025-09-10 13:15:06.704424
bed_temp,60.3,2025-09-10 13:15:06.704424
current,1.91,2025-09-10 13:15:06.704424
power,228,2025-09-10 13:15:06.704424
voltage,121.11,2025-09-10 13:15:06.704424
filament_temp,229.7,2025-09-10 13:15:07.204667
bed_temp,60.9,2025-09-10 13:15:07.204667
current,1.91,2025-09-10 13:15:07.204667
power,228,2025-09-10 13:15:07.204667
voltage,121.11,2025-09-10 13:15:07.204667
filament_temp,229.7,2025-09-10 13:15:07.704942
bed_temp,60.9,2025-09-10 13:15:07.704942
current,1.91,2025-09-10 13:15:07.704942
power,228,2025-09-10 13:15:07.704942
voltage,121.11,2025-09-10 13:15:07.704942
filament_temp,229.7,2025-09-10 13:15:08.205187
bed_temp,60.9,2025-09-10 13:15:08.205187
current,1.91,2025-09-10 13:15:08.205187
power,228,2025-09-10 13:15:08.205187
voltage,121.11,2025-09-10 13:15:08.205187
filament_temp,229.7,2025-09-10 13:15:08.705419
bed_temp,60.9,2025-09-10 13:15:08.705419
current,1.91,2025-09-10 13:15:08.705419
power,228,2025-09-10 13:15:08.705419
voltage,121.11,2025-09-10 13:15:08.705419
filament_temp,229.0,2025-09-10 13:15:09.205648
bed_temp,59.3,2025-09-10 13:15:09.205648
current,1.91,2025-09-10 13:15:09.205648
power,228,2025-09-10 13:15:09.205648
voltage,121.11,2025-09-10 13:15:09.205648
filament_temp,229.0,2025-09-10 13:15:09.705838
bed_temp,59.3,2025-09-10 13:15:09.705838
current,1.91,2025-09-10 13:15:09.705838
power,228,2025-09-10 13:15:09.705838
voltage,121.11,2025-09-10 13:15:09.705838
filament_temp,229.0,2025-09-10 13:15:10.206029
bed_temp,59.3,2025-09-10 13:15:10.206029
current,1.91,2025-09-10 13:15:10.206029
power,228,2025-09-10 13:15:10.206029
voltage,121.11,2025-09-10 13:15:10.206029
filament_temp,229.0,2025-09-10 13:15:10.706261
bed_temp,59.3,2025-09-10 13:15:10.706261
current,1.91,2025-09-10 13:15:10.706261
power,228,2025-09-10 13:15:10.706261
voltage,121.11,2025-09-10 13:15:10.706261
filament_temp,229.7,2025-09-10 13:15:11.206495
bed_temp,60.8,2025-09-10 13:15:11.206495
current,1.91,2025-09-10 13:15:11.206495
power,228,2025-09-10 13:15:11.206495
voltage,121.11,2025-09-10 13:15:11.206495
filament_temp,229.7,2025-09-10 13:15:11.706740
bed_temp,60.8,2025-09-10 13:15:11.706740
current,1.91,2025-09-10 13:15:11.706740
power,60.8,2025-09-10 13:15:11.706740
voltage,121.11,2025-09-10 13:15:11.706740
filament_temp,229.7,2025-09-10 13:15:12.206982
bed_temp,60.8,2025-09-10 13:15:12.206982
current,1.91,2025-09-10 13:15:12.206982
power,60.8,2025-09-10 13:15:12.206982
voltage,121.11,2025-09-10 13:15:12.206982
filament_temp,229.7,2025-09-10 13:15:12.707207
bed_temp,60.8,2025-09-10 13:15:12.707207
current,0.58,2025-09-10 13:15:12.707207
power,60.8,2025-09-10 13:15:12.707207
voltage,121.11,2025-09-10 13:15:12.707207
filament_temp,229.8,2025-09-10 13:15:13.207449
bed_temp,58.7,2025-09-10 13:15:13.207449
current,0.58,2025-09-10 13:15:13.207449
power,60.8,2025-09-10 13:15:13.207449
voltage,121.11,2025-09-10 13:15:13.207449
filament_temp,229.8,2025-09-10 13:15:13.707634
bed_temp,58.7,2025-09-10 13:15:13.707634
current,0.58,2025-09-10 13:15:13.707634
power,60.8,2025-09-10 13:15:13.707634
voltage,121.11,2025-09-10 13:15:13.707634
filament_temp,229.8,2025-09-10 13:15:14.207853
bed_temp,58.7,2025-09-10 13:15:14.207853
current,0.58,2025-09-10 13:15:14.207853
power,60.8,2025-09-10 13:15:14.207853
voltage,121.11,2025-09-10 13:15:14.207853
filament_temp,229.8,2025-09-10 13:15:14.708052
bed_temp,58.7,2025-09-10 13:15:14.708052
current,0.58,2025-09-10 13:15:14.708052
power,60.8,2025-09-10 13:15:14.708052
voltage,121.11,2025-09-10 13:15:14.708052
filament_temp,229.8,2025-09-10 13:15:15.208292
bed_temp,60.2,2025-09-10 13:15:15.208292
current,0.58,2025-09-10 13:15:15.208292
power,60.8,2025-09-10 13:15:15.208292
voltage,121.11,2025-09-10 13:15:15.208292
filament_temp,229.8,2025-09-10 13:15:15.708523
bed_temp,60.2,2025-09-10 13:15:15.708523
current,0.58,2025-09-10 13:15:15.708523
power,60.8,2025-09-10 13:15:15.708523
voltage,121.11,2025-09-10 13:15:15.708523
filament_temp,229.8,2025-09-10 13:15:16.208743
bed_temp,60.2,2025-09-10 13:15:16.208743
current,1.98,2025-09-10 13:15:16.208743
power,60.8,2025-09-10 13:15:16.208743
voltage,121.11,2025-09-10 13:15:16.208743
filament_temp,229.8,2025-09-10 13:15:16.708970
bed_temp,60.2,2025-09-10 13:15:16.708970
current,1.98,2025-09-10 13:15:16.708970
power,60.8,2025-09-10 13:15:16.708970
voltage,121.11,2025-09-10 13:15:16.708970
filament_temp,230.3,2025-09-10 13:15:17.209203
bed_temp,59.9,2025-09-10 13:15:17.209203
current,1.98,2025-09-10 13:15:17.209203
power,228.9,2025-09-10 13:15:17.209203
voltage,121.11,2025-09-10 13:15:17.209203
filament_temp,230.3,2025-09-10 13:15:17.709437
bed_temp,59.9,2025-09-10 13:15:17.709437
current,1.98,2025-09-10 13:15:17.709437
power,228.9,2025-09-10 13:15:17.709437
voltage,121.11,2025-09-10 13:15:17.709437
filament_temp,230.3,2025-09-10 13:15:18.209628
bed_temp,59.9,2025-09-10 13:15:18.209628
current,1.98,2025-09-10 13:15:18.209628
power,228.9,2025-09-10 13:15:18.209628
voltage,121.11,2025-09-10 13:15:18.209628
filament_temp,230.3,2025-09-10 13:15:18.709829
bed_temp,59.9,2025-09-10 13:15:18.709829
current,1.98,2025-09-10 13:15:18.709829
power,228.9,2025-09-10 13:15:18.709829
voltage,121.11,2025-09-10 13:15:18.709829
filament_temp,231.3,2025-09-10 13:15:19.210042
bed_temp,60.6,2025-09-10 13:15:19.210042
current,1.98,2025-09-10 13:15:19.210042
power,228.9,2025-09-10 13:15:19.210042
voltage,121.11,2025-09-10 13:15:19.210042
filament_temp,231.3,2025-09-10 13:15:19.710285
bed_temp,60.6,2025-09-10 13:15:19.710285
current,1.98,2025-09-10 13:15:19.710285
power,228.9,2025-09-10 13:15:19.710285
voltage,121.11,2025-09-10 13:15:19.710285
filament_temp,231.3,2025-09-10 13:15:20.210521
bed_temp,60.6,2025-09-10 13:15:20.210521
current,1.98,2025-09-10 13:15:20.210521
power,228.9,2025-09-10 13:15:20.210521
voltage,121.11,2025-09-10 13:15:20.210521
filament_temp,231.3,2025-09-10 13:15:20.710750
bed_temp,60.6,2025-09-10 13:15:20.710750
current,1.98,2025-09-10 13:15:20.710750
power,228.9,2025-09-10 13:15:20.710750
voltage,121.11,2025-09-10 13:15:20.710750
filament_temp,230.7,2025-09-10 13:15:21.210984
bed_temp,59.7,2025-09-10 13:15:21.210984
current,0.56,2025-09-10 13:15:21.210984
power,228.9,2025-09-10 13:15:21.210984
voltage,121.11,2025-09-10 13:15:21.210984
filament_temp,230.7,2025-09-10 13:15:21.711226
bed_temp,59.7,2025-09-10 13:15:21.711226
current,0.56,2025-09-10 13:15:21.711226
power,228.9,2025-09-10 13:15:21.711226
voltage,121.11,2025-09-10 13:15:21.711226
filament_temp,230.7,2025-09-10 13:15:22.211470
bed_temp,59.7,2025-09-10 13:15:22.211470
current,0.56,2025-09-10 13:15:22.211470
power,228.9,2025-09-10 13:15:22.211470
voltage,121.11,2025-09-10 13:15:22.211470
filament_temp,230.7,2025-09-10 13:15:22.711679
bed_temp,59.7,2025-09-10 13:15:22.711679
current,0.56,2025-09-10 13:15:22.711679
power,228.9,2025-09-10 13:15:22.711679
voltage,121.11,2025-09-10 13:15:22.711679
filament_temp,230.0,2025-09-10 13:15:23.211896
bed_temp,59.9,2025-09-10 13:15:23.211896
current,0.56,2025-09-10 13:15:23.211896
power,228.9,2025-09-10 13:15:23.211896
voltage,121.11,2025-09-10 13:15:23.211896
filament_temp,230.0,2025-09-10 13:15:23.712075
bed_temp,59.9,2025-09-10 13:15:23.712075
current,0.56,2025-09-10 13:15:23.712075
power,228.9,2025-09-10 13:15:23.712075
voltage,121.11,2025-09-10 13:15:23.712075
filament_temp,230.0,2025-09-10 13:15:24.212303
bed_temp,59.9,2025-09-10 13:15:24.212303
current,0.56,2025-09-10 13:15:24.212303
power,228.9,2025-09-10 13:15:24.212303
voltage,121.11,2025-09-10 13:15:24.212303
filament_temp,230.0,2025-09-10 13:15:24.712542
bed_temp,59.9,2025-09-10 13:15:24.712542
current,0.56,2025-09-10 13:15:24.712542
power,228.9,2025-09-10 13:15:24.712542
voltage,121.11,2025-09-10 13:15:24.712542
filament_temp,230.2,2025-09-10 13:15:25.212784
bed_temp,60.8,2025-09-10 13:15:25.212784
current,0.56,2025-09-10 13:15:25.212784
power,228.9,2025-09-10 13:15:25.212784
voltage,121.11,2025-09-10 13:15:25.212784
filament_temp,230.2,2025-09-10 13:15:25.713026
bed_temp,60.8,2025-09-10 13:15:25.713026
current,0.56,2025-09-10 13:15:25.713026
power,228.9,2025-09-10 13:15:25.713026
voltage,121.11,2025-09-10 13:15:25.713026
filament_temp,230.2,2025-09-10 13:15:26.213271
bed_temp,60.8,2025-09-10 13:15:26.213271
current,0.56,2025-09-10 13:15:26.213271
power,228.9,2025-09-10 13:15:26.213271
voltage,121.11,2025-09-10 13:15:26.213271
filament_temp,230.2,2025-09-10 13:15:26.713495
bed_temp,60.8,2025-09-10 13:15:26.713495
current,1.84,2025-09-10 13:15:26.713495
power,228.9,2025-09-10 13:15:26.713495
voltage,121.11,2025-09-10 13:15:26.713495
filament_temp,230.3,2025-09-10 13:15:27.213692
bed_temp,61.1,2025-09-10 13:15:27.213692
current,1.84,2025-09-10 13:15:27.213692
power,228.9,2025-09-10 13:15:27.213692
voltage,121.11,2025-09-10 13:15:27.213692
filament_temp,230.3,2025-09-10 13:15:27.713923
bed_temp,61.1,2025-09-10 13:15:27.713923
current,1.84,2025-09-10 13:15:27.713923
power,228.9,2025-09-10 13:15:27.713923
voltage,121.11,2025-09-10 13:15:27.713923
filament_temp,230.3,2025-09-10 13:15:28.214155
bed_temp,61.1,2025-09-10 13:15:28.214155
current,1.84,2025-09-10 13:15:28.214155
power,228.9,2025-09-10 13:15:28.214155
voltage,121.11,2025-09-10 13:15:28.214155
filament_temp,230.3,2025-09-10 13:15:28.714381
bed_temp,61.1,2025-09-10 13:15:28.714381
current,1.84,2025-09-10 13:15:28.714381
power,218.1,2025-09-10 13:15:28.714381
voltage,121.11,2025-09-10 13:15:28.714381
filament_temp,229.7,2025-09-10 13:15:29.214611
bed_temp,59.9,2025-09-10 13:15:29.214611
current,1.84,2025-09-10 13:15:29.214611
power,218.1,2025-09-10 13:15:29.214611
voltage,121.11,2025-09-10 13:15:29.214611
filament_temp,229.7,2025-09-10 13:15:29.714854
bed_temp,59.9,2025-09-10 13:15:29.714854
current,1.84,2025-09-10 13:15:29.714854
power,218.1,2025-09-10 13:15:29.714854
voltage,121.11,2025-09-10 13:15:29.714854
filament_temp,229.7,2025-09-10 13:15:30.215069
bed_temp,59.9,2025-09-10 13:15:30.215069
current,1.84,2025-09-10 13:15:30.215069
power,218.1,2025-09-10 13:15:30.215069
voltage,121.11,2025-09-10 13:15:30.215069
filament_temp,229.7,2025-09-10 13:15:30.715294
bed_temp,59.9,2025-09-10 13:15:30.715294
current,1.84,2025-09-10 13:15:30.715294
power,218.1,2025-09-10 13:15:30.715294
voltage,121.11,2025-09-10 13:15:30.715294
filament_temp,228.3,2025-09-10 13:15:31.215518
bed_temp,59.4,2025-09-10 13:15:31.215518
current,1.84,2025-09-10 13:15:31.215518
power,218.1,2025-09-10 13:15:31.215518
voltage,121.11,2025-09-10 13:15:31.215518
filament_temp,228.3,2025-09-10 13:15:31.715738
bed_temp,59.4,2025-09-10 13:15:31.715738
current,1.84,2025-09-10 13:15:31.715738
power,218.1,2025-09-10 13:15:31.715738
voltage,121.11,2025-09-10 13:15:31.715738
filament_temp,228.3,2025-09-10 13:15:32.215965
bed_temp,59.4,2025-09-10 13:15:32.215965
current,1.84,2025-09-10 13:15:32.215965
power,218.1,2025-09-10 13:15:32.215965
voltage,121.11,2025-09-10 13:15:32.215965
filament_temp,228.3,2025-09-10 13:15:32.716193
bed_temp,59.4,2025-09-10 13:15:32.716193
current,0.51,2025-09-10 13:15:32.716193
power,218.1,2025-09-10 13:15:32.716193
voltage,121.11,2025-09-10 13:15:32.716193
filament_temp,229.5,2025-09-10 13:15:33.216435
bed_temp,59.9,2025-09-10 13:15:33.216435
current,0.51,2025-09-10 13:15:33.216435
power,218.1,2025-09-10 13:15:33.216435
voltage,121.11,2025-09-10 13:15:33.216435
filament_temp,229.5,2025-09-10 13:15:33.716678
bed_temp,59.9,2025-09-10 13:15:33.716678
current,0.51,2025-09-10 13:15:33.716678
power,218.1,2025-09-10 13:15:33.716678
voltage,121.11,2025-09-10 13:15:33.716678
filament_temp,229.5,2025-09-10 13:15:34.216917
bed_temp,59.9,2025-09-10 13:15:34.216917
current,0.51,2025-09-10 13:15:34.216917
power,218.1,2025-09-10 13:15:34.216917
voltage,121.11,2025-09-10 13:15:34.216917
filament_temp,229.5,2025-09-10 13:15:34.717144
bed_temp,59.9,2025-09-10 13:15:34.717144
current,0.51,2025-09-10 13:15:34.717144
power,218.1,2025-09-10 13:15:34.717144
voltage,121.11,2025-09-10 13:15:34.717144
filament_temp,229.3,2025-09-10 13:15:35.217336
bed_temp,60.5,2025-09-10 13:15:35.217336
current,0.51,2025-09-10 13:15:35.217336
power,218.1,2025-09-10 13:15:35.217336
voltage,121.11,2025-09-10 13:15:35.217336
filament_temp,229.3,2025-09-10 13:15:35.717538
bed_temp,60.5,2025-09-10 13:15:35.717538
current,0.51,2025-09-10 13:15:35.717538
power,218.1,2025-09-10 13:15:35.717538
voltage,121.11,2025-09-10 13:15:35.717538
filament_temp,229.3,2025-09-10 13:15:36.217736
bed_temp,60.5,2025-09-10 13:15:36.217736
current,1.95,2025-09-10 13:15:36.217736
power,218.1,2025-09-10 13:15:36.217736
voltage,121.11,2025-09-10 13:15:36.217736
filament_temp,229.3,2025-09-10 13:15:36.717947
bed_temp,60.5,2025-09-10 13:15:36.717947
current,1.95,2025-09-10 13:15:36.717947
power,218.1,2025-09-10 13:15:36.717947
voltage,121.11,2025-09-10 13:15:36.717947
filament_temp,229.8,2025-09-10 13:15:37.218187
bed_temp,59.0,2025-09-10 13:15:37.218187
current,1.95,2025-09-10 13:15:37.218187
power,227.8,2025-09-10 13:15:37.218187
voltage,121.11,2025-09-10 13:15:37.218187
filament_temp,229.8,2025-09-10 13:15:37.718417
bed_temp,59.0,2025-09-10 13:15:37.718417
current,1.95,2025-09-10 13:15:37.718417
power,229.4,2025-09-10 13:15:37.718417
voltage,121.11,2025-09-10 13:15:37.718417
filament_temp,229.8,2025-09-10 13:15:38.218662
bed_temp,59.0,2025-09-10 13:15:38.218662
current,1.95,2025-09-10 13:15:38.218662
power,229.4,2025-09-10 13:15:38.218662
voltage,121.11,2025-09-10 13:15:38.218662
filament_temp,229.8,2025-09-10 13:15:38.718883
bed_temp,59.0,2025-09-10 13:15:38.718883
current,1.95,2025-09-10 13:15:38.718883
power,229.4,2025-09-10 13:15:38.718883
voltage,121.11,2025-09-10 13:15:38.718883
filament_temp,230.8,2025-09-10 13:15:39.219110
bed_temp,60.5,2025-09-10 13:15:39.219110
current,1.95,2025-09-10 13:15:39.219110
power,229.4,2025-09-10 13:15:39.219110
voltage,121.11,2025-09-10 13:15:39.219110
filament_temp,230.8,2025-09-10 13:15:39.719352
bed_temp,60.5,2025-09-10 13:15:39.719352
current,1.95,2025-09-10 13:15:39.719352
power,229.4,2025-09-10 13:15:39.719352
voltage,121.11,2025-09-10 13:15:39.719352
filament_temp,230.8,2025-09-10 13:15:40.219552
bed_temp,60.5,2025-09-10 13:15:40.219552
current,1.8,2025-09-10 13:15:40.219552
power,229.4,2025-09-10 13:15:40.219552
voltage,121.11,2025-09-10 13:15:40.219552
filament_temp,230.8,2025-09-10 13:15:40.719806
bed_temp,60.5,2025-09-10 13:15:40.719806
current,1.8,2025-09-10 13:15:40.719806
power,214.2,2025-09-10 13:15:40.719806
voltage,121.11,2025-09-10 13:15:40.719806
filament_temp,230.5,2025-09-10 13:15:41.220119
bed_temp,59.3,2025-09-10 13:15:41.220119
current,1.8,2025-09-10 13:15:41.220119
power,214.2,2025-09-10 13:15:41.220119
voltage,121.11,2025-09-10 13:15:41.220119
filament_temp,230.5,2025-09-10 13:15:41.720358
bed_temp,59.3,2025-09-10 13:15:41.720358
current,1.8,2025-09-10 13:15:41.720358
power,214.2,2025-09-10 13:15:41.720358
voltage,121.11,2025-09-10 13:15:41.720358
filament_temp,230.5,2025-09-10 13:15:42.220584
bed_temp,59.3,2025-09-10 13:15:42.220584
current,1.8,2025-09-10 13:15:42.220584
power,214.2,2025-09-10 13:15:42.220584
voltage,121.11,2025-09-10 13:15:42.220584
filament_temp,230.5,2025-09-10 13:15:42.720812
bed_temp,59.3,2025-09-10 13:15:42.720812
current,1.8,2025-09-10 13:15:42.720812
power,214.2,2025-09-10 13:15:42.720812
voltage,121.11,2025-09-10 13:15:42.720812
filament_temp,230.5,2025-09-10 13:15:43.221045
bed_temp,59.6,2025-09-10 13:15:43.221045
current,1.8,2025-09-10 13:15:43.221045
power,214.2,2025-09-10 13:15:43.221045
voltage,121.11,2025-09-10 13:15:43.221045
filament_temp,230.5,2025-09-10 13:15:43.721287
bed_temp,59.6,2025-09-10 13:15:43.721287
current,1.8,2025-09-10 13:15:43.721287
power,214.2,2025-09-10 13:15:43.721287
voltage,121.11,2025-09-10 13:15:43.721287
filament_temp,230.5,2025-09-10 13:15:44.221516
bed_temp,59.6,2025-09-10 13:15:44.221516
current,1.8,2025-09-10 13:15:44.221516
power,214.2,2025-09-10 13:15:44.221516
voltage,121.11,2025-09-10 13:15:44.221516
filament_temp,230.5,2025-09-10 13:15:44.721745
bed_temp,59.6,2025-09-10 13:15:44.721745
current,1.8,2025-09-10 13:15:44.721745
power,214.2,2025-09-10 13:15:44.721745
voltage,121.11,2025-09-10 13:15:44.721745
filament_temp,230.8,2025-09-10 13:15:45.221980
bed_temp,58.8,2025-09-10 13:15:45.221980
current,1.8,2025-09-10 13:15:45.221980
power,214.2,2025-09-10 13:15:45.221980
voltage,121.11,2025-09-10 13:15:45.221980
filament_temp,230.8,2025-09-10 13:15:45.722215
bed_temp,58.8,2025-09-10 13:15:45.722215
current,1.8,2025-09-10 13:15:45.722215
power,214.2,2025-09-10 13:15:45.722215
voltage,121.11,2025-09-10 13:15:45.722215
filament_temp,230.8,2025-09-10 13:15:46.222449
bed_temp,58.8,2025-09-10 13:15:46.222449
current,1.94,2025-09-10 13:15:46.222449
power,214.2,2025-09-10 13:15:46.222449
voltage,121.11,2025-09-10 13:15:46.222449
filament_temp,230.8,2025-09-10 13:15:46.722687
bed_temp,58.8,2025-09-10 13:15:46.722687
current,1.94,2025-09-10 13:15:46.722687
power,214.2,2025-09-10 13:15:46.722687
voltage,121.11,2025-09-10 13:15:46.722687
filament_temp,230.5,2025-09-10 13:15:47.222926
bed_temp,58.8,2025-09-10 13:15:47.222926
current,1.94,2025-09-10 13:15:47.222926
power,214.2,2025-09-10 13:15:47.222926
voltage,121.11,2025-09-10 13:15:47.222926
filament_temp,230.5,2025-09-10 13:15:47.723168
bed_temp,58.8,2025-09-10 13:15:47.723168
current,1.94,2025-09-10 13:15:47.723168
power,214.2,2025-09-10 13:15:47.723168
voltage,121.11,2025-09-10 13:15:47.723168
filament_temp,230.5,2025-09-10 13:15:48.223410
bed_temp,58.8,2025-09-10 13:15:48.223410
current,1.94,2025-09-10 13:15:48.223410
power,214.2,2025-09-10 13:15:48.223410
voltage,121.11,2025-09-10 13:15:48.223410
filament_temp,230.5,2025-09-10 13:15:48.723612
bed_temp,58.8,2025-09-10 13:15:48.723612
current,1.94,2025-09-10 13:15:48.723612
power,214.2,2025-09-10 13:15:48.723612
voltage,121.11,2025-09-10 13:15:48.723612
filament_temp,231.2,2025-09-10 13:15:49.223836
bed_temp,59.6,2025-09-10 13:15:49.223836
current,1.94,2025-09-10 13:15:49.223836
power,214.2,2025-09-10 13:15:49.223836
voltage,121.11,2025-09-10 13:15:49.223836
filament_temp,231.2,2025-09-10 13:15:49.724054
bed_temp,59.6,2025-09-10 13:15:49.724054
current,1.94,2025-09-10 13:15:49.724054
power,214.2,2025-09-10 13:15:49.724054
voltage,121.11,2025-09-10 13:15:49.724054
filament_temp,231.2,2025-09-10 13:15:50.224287
bed_temp,59.6,2025-09-10 13:15:50.224287
current,1.94,2025-09-10 13:15:50.224287
power,214.2,2025-09-10 13:15:50.224287
voltage,121.11,2025-09-10 13:15:50.224287
filament_temp,231.2,2025-09-10 13:15:50.724512
bed_temp,59.6,2025-09-10 13:15:50.724512
current,1.94,2025-09-10 13:15:50.724512
power,214.2,2025-09-10 13:15:50.724512
voltage,121.11,2025-09-10 13:15:50.724512
filament_temp,230.5,2025-09-10 13:15:51.224743
bed_temp,59.6,2025-09-10 13:15:51.224743
current,1.94,2025-09-10 13:15:51.224743
power,214.2,2025-09-10 13:15:51.224743
voltage,121.11,2025-09-10 13:15:51.224743
filament_temp,230.5,2025-09-10 13:15:51.724986
bed_temp,59.6,2025-09-10 13:15:51.724986
current,1.94,2025-09-10 13:15:51.724986
power,214.2,2025-09-10 13:15:51.724986
voltage,121.11,2025-09-10 13:15:51.724986
filament_temp,230.5,2025-09-10 13:15:52.225215
bed_temp,59.6,2025-09-10 13:15:52.225215
current,1.94,2025-09-10 13:15:52.225215
power,214.2,2025-09-10 13:15:52.225215
voltage,121.11,2025-09-10 13:15:52.225215
filament_temp,230.5,2025-09-10 13:15:52.725444
bed_temp,59.6,2025-09-10 13:15:52.725444
current,1.94,2025-09-10 13:15:52.725444
power,214.2,2025-09-10 13:15:52.725444
voltage,121.11,2025-09-10 13:15:52.725444
filament_temp,230.7,2025-09-10 13:15:53.225627
bed_temp,60.0,2025-09-10 13:15:53.225627
current,1.94,2025-09-10 13:15:53.225627
power,214.2,2025-09-10 13:15:53.225627
voltage,121.11,2025-09-10 13:15:53.225627
filament_temp,230.7,2025-09-10 13:15:53.725822
bed_temp,60.0,2025-09-10 13:15:53.725822
current,1.94,2025-09-10 13:15:53.725822
power,214.2,2025-09-10 13:15:53.725822
voltage,121.11,2025-09-10 13:15:53.725822
filament_temp,230.7,2025-09-10 13:15:54.226047
bed_temp,60.0,2025-09-10 13:15:54.226047
current,1.94,2025-09-10 13:15:54.226047
power,214.2,2025-09-10 13:15:54.226047
voltage,121.11,2025-09-10 13:15:54.226047
filament_temp,230.7,2025-09-10 13:15:54.726271
bed_temp,60.0,2025-09-10 13:15:54.726271
current,0.55,2025-09-10 13:15:54.726271
power,214.2,2025-09-10 13:15:54.726271
voltage,121.11,2025-09-10 13:15:54.726271
filament_temp,229.0,2025-09-10 13:15:55.226506
bed_temp,61.1,2025-09-10 13:15:55.226506
current,0.55,2025-09-10 13:15:55.226506
power,214.2,2025-09-10 13:15:55.226506
voltage,121.11,2025-09-10 13:15:55.226506
filament_temp,229.0,2025-09-10 13:15:55.726748
bed_temp,61.1,2025-09-10 13:15:55.726748
current,0.55,2025-09-10 13:15:55.726748
power,214.2,2025-09-10 13:15:55.726748
voltage,121.11,2025-09-10 13:15:55.726748
filament_temp,229.0,2025-09-10 13:15:56.226980
bed_temp,61.1,2025-09-10 13:15:56.226980
current,0.55,2025-09-10 13:15:56.226980
power,214.2,2025-09-10 13:15:56.226980
voltage,121.11,2025-09-10 13:15:56.226980
filament_temp,229.0,2025-09-10 13:15:56.727211
bed_temp,61.1,2025-09-10 13:15:56.727211
current,0.55,2025-09-10 13:15:56.727211
power,214.2,2025-09-10 13:15:56.727211
voltage,121.11,2025-09-10 13:15:56.727211
filament_temp,228.7,2025-09-10 13:15:57.227404
bed_temp,60.8,2025-09-10 13:15:57.227404
current,0.55,2025-09-10 13:15:57.227404
power,214.2,2025-09-10 13:15:57.227404
voltage,121.11,2025-09-10 13:15:57.227404
filament_temp,228.7,2025-09-10 13:15:57.727646
bed_temp,60.8,2025-09-10 13:15:57.727646
current,1.93,2025-09-10 13:15:57.727646
power,214.2,2025-09-10 13:15:57.727646
voltage,121.11,2025-09-10 13:15:57.727646
filament_temp,228.7,2025-09-10 13:15:58.227854
bed_temp,60.8,2025-09-10 13:15:58.227854
current,1.93,2025-09-10 13:15:58.227854
power,228.5,2025-09-10 13:15:58.227854
voltage,121.11,2025-09-10 13:15:58.227854
filament_temp,228.7,2025-09-10 13:15:58.728087
bed_temp,60.8,2025-09-10 13:15:58.728087
current,1.93,2025-09-10 13:15:58.728087
power,225.9,2025-09-10 13:15:58.728087
voltage,121.11,2025-09-10 13:15:58.728087
filament_temp,229.3,2025-09-10 13:15:59.228328
bed_temp,59.0,2025-09-10 13:15:59.228328
current,1.93,2025-09-10 13:15:59.228328
power,225.9,2025-09-10 13:15:59.228328
voltage,121.11,2025-09-10 13:15:59.228328
filament_temp,229.3,2025-09-10 13:15:59.728562
bed_temp,59.0,2025-09-10 13:15:59.728562
current,1.93,2025-09-10 13:15:59.728562
power,225.9,2025-09-10 13:15:59.728562
voltage,121.11,2025-09-10 13:15:59.728562
filament_temp,229.3,2025-09-10 13:16:00.228730
bed_temp,59.0,2025-09-10 13:16:00.228730
current,1.93,2025-09-10 13:16:00.228730
power,225.9,2025-09-10 13:16:00.228730
voltage,121.11,2025-09-10 13:16:00.228730
filament_temp,229.3,2025-09-10 13:16:00.728973
bed_temp,59.0,2025-09-10 13:16:00.728973
current,1.93,2025-09-10 13:16:00.728973
power,225.9,2025-09-10 13:16:00.728973
voltage,121.11,2025-09-10 13:16:00.728973
filament_temp,229.2,2025-09-10 13:16:01.229219
bed_temp,58.7,2025-09-10 13:16:01.229219
current,1.93,2025-09-10 13:16:01.229219
power,225.9,2025-09-10 13:16:01.229219
voltage,121.11,2025-09-10 13:16:01.229219
filament_temp,229.2,2025-09-10 13:16:01.729424
bed_temp,58.7,2025-09-10 13:16:01.729424
current,1.93,2025-09-10 13:16:01.729424
power,225.9,2025-09-10 13:16:01.729424
voltage,121.11,2025-09-10 13:16:01.729424
filament_temp,229.2,2025-09-10 13:16:02.229654
bed_temp,58.7,2025-09-10 13:16:02.229654
current,1.93,2025-09-10 13:16:02.229654
power,225.9,2025-09-10 13:16:02.229654
voltage,121.11,2025-09-10 13:16:02.229654
filament_temp,229.2,2025-09-10 13:16:02.729875
bed_temp,58.7,2025-09-10 13:16:02.729875
current,1.93,2025-09-10 13:16:02.729875
power,225.9,2025-09-10 13:16:02.729875
voltage,121.11,2025-09-10 13:16:02.729875
filament_temp,230.3,2025-09-10 13:16:03.230102
bed_temp,60.0,2025-09-10 13:16:03.230102
current,1.93,2025-09-10 13:16:03.230102
power,225.9,2025-09-10 13:16:03.230102
voltage,121.11,2025-09-10 13:16:03.230102
filament_temp,230.3,2025-09-10 13:16:03.730341
bed_temp,60.0,2025-09-10 13:16:03.730341
current,1.93,2025-09-10 13:16:03.730341
power,225.9,2025-09-10 13:16:03.730341
voltage,121.11,2025-09-10 13:16:03.730341
filament_temp,230.3,2025-09-10 13:16:04.230582
bed_temp,60.0,2025-09-10 13:16:04.230582
current,0.54,2025-09-10 13:16:04.230582
power,225.9,2025-09-10 13:16:04.230582
voltage,121.11,2025-09-10 13:16:04.230582
filament_temp,230.3,2025-09-10 13:16:04.730807
bed_temp,60.0,2025-09-10 13:16:04.730807
current,0.54,2025-09-10 13:16:04.730807
power,225.9,2025-09-10 13:16:04.730807
voltage,121.11,2025-09-10 13:16:04.730807
filament_temp,230.7,2025-09-10 13:16:05.231042
bed_temp,59.7,2025-09-10 13:16:05.231042
current,0.54,2025-09-10 13:16:05.231042
power,225.9,2025-09-10 13:16:05.231042
voltage,121.11,2025-09-10 13:16:05.231042
filament_temp,230.7,2025-09-10 13:16:05.731286
bed_temp,59.7,2025-09-10 13:16:05.731286
current,0.54,2025-09-10 13:16:05.731286
power,225.9,2025-09-10 13:16:05.731286
voltage,121.11,2025-09-10 13:16:05.731286
filament_temp,230.7,2025-09-10 13:16:06.231472
bed_temp,59.7,2025-09-10 13:16:06.231472
current,0.54,2025-09-10 13:16:06.231472
power,223.1,2025-09-10 13:16:06.231472
voltage,121.11,2025-09-10 13:16:06.231472
filament_temp,230.7,2025-09-10 13:16:06.731687
bed_temp,59.7,2025-09-10 13:16:06.731687
current,1.88,2025-09-10 13:16:06.731687
power,223.1,2025-09-10 13:16:06.731687
voltage,121.11,2025-09-10 13:16:06.731687
filament_temp,229.7,2025-09-10 13:16:07.231914
bed_temp,60.0,2025-09-10 13:16:07.231914
current,1.88,2025-09-10 13:16:07.231914
power,223.1,2025-09-10 13:16:07.231914
voltage,121.11,2025-09-10 13:16:07.231914
filament_temp,229.7,2025-09-10 13:16:07.732152
bed_temp,60.0,2025-09-10 13:16:07.732152
current,1.88,2025-09-10 13:16:07.732152
power,224.5,2025-09-10 13:16:07.732152
voltage,121.11,2025-09-10 13:16:07.732152
filament_temp,229.7,2025-09-10 13:16:08.232400
bed_temp,60.0,2025-09-10 13:16:08.232400
current,1.88,2025-09-10 13:16:08.232400
power,224.5,2025-09-10 13:16:08.232400
voltage,121.11,2025-09-10 13:16:08.232400
filament_temp,229.7,2025-09-10 13:16:08.732647
bed_temp,60.0,2025-09-10 13:16:08.732647
current,1.88,2025-09-10 13:16:08.732647
power,224.4,2025-09-10 13:16:08.732647
voltage,121.11,2025-09-10 13:16:08.732647
filament_temp,230.5,2025-09-10 13:16:09.232897
bed_temp,59.6,2025-09-10 13:16:09.232897
current,1.88,2025-09-10 13:16:09.232897
power,224.4,2025-09-10 13:16:09.232897
voltage,121.11,2025-09-10 13:16:09.232897
filament_temp,230.5,2025-09-10 13:16:09.733119
bed_temp,59.6,2025-09-10 13:16:09.733119
current,1.88,2025-09-10 13:16:09.733119
power,224.4,2025-09-10 13:16:09.733119
voltage,121.11,2025-09-10 13:16:09.733119
filament_temp,230.5,2025-09-10 13:16:10.233364
bed_temp,59.6,2025-09-10 13:16:10.233364
current,1.88,2025-09-10 13:16:10.233364
power,224.4,2025-09-10 13:16:10.233364
voltage,121.11,2025-09-10 13:16:10.233364
filament_temp,230.5,2025-09-10 13:16:10.733608
bed_temp,59.6,2025-09-10 13:16:10.733608
current,1.88,2025-09-10 13:16:10.733608
power,224.4,2025-09-10 13:16:10.733608
voltage,121.11,2025-09-10 13:16:10.733608
filament_temp,230.3,2025-09-10 13:16:11.233832
bed_temp,59.0,2025-09-10 13:16:11.233832
current,1.88,2025-09-10 13:16:11.233832
power,224.4,2025-09-10 13:16:11.233832
voltage,121.11,2025-09-10 13:16:11.233832
filament_temp,230.3,2025-09-10 13:16:11.734066
bed_temp,59.0,2025-09-10 13:16:11.734066
current,1.88,2025-09-10 13:16:11.734066
power,224.4,2025-09-10 13:16:11.734066
voltage,121.11,2025-09-10 13:16:11.734066
filament_temp,230.3,2025-09-10 13:16:12.234289
bed_temp,59.0,2025-09-10 13:16:12.234289
current,1.88,2025-09-10 13:16:12.234289
power,224.4,2025-09-10 13:16:12.234289
voltage,121.11,2025-09-10 13:16:12.234289
filament_temp,230.3,2025-09-10 13:16:12.734533
bed_temp,59.0,2025-09-10 13:16:12.734533
current,0.59,2025-09-10 13:16:12.734533
power,224.4,2025-09-10 13:16:12.734533
voltage,121.11,2025-09-10 13:16:12.734533
filament_temp,229.2,2025-09-10 13:16:13.234764
bed_temp,59.6,2025-09-10 13:16:13.234764
current,0.59,2025-09-10 13:16:13.234764
power,224.4,2025-09-10 13:16:13.234764
voltage,121.11,2025-09-10 13:16:13.234764
filament_temp,229.2,2025-09-10 13:16:13.735006
bed_temp,59.6,2025-09-10 13:16:13.735006
current,0.59,2025-09-10 13:16:13.735006
power,224.4,2025-09-10 13:16:13.735006
voltage,121.11,2025-09-10 13:16:13.735006
filament_temp,229.2,2025-09-10 13:16:14.235234
bed_temp,59.6,2025-09-10 13:16:14.235234
current,0.59,2025-09-10 13:16:14.235234
power,224.4,2025-09-10 13:16:14.235234
voltage,121.11,2025-09-10 13:16:14.235234
filament_temp,229.2,2025-09-10 13:16:14.735452
bed_temp,59.6,2025-09-10 13:16:14.735452
current,0.59,2025-09-10 13:16:14.735452
power,224.4,2025-09-10 13:16:14.735452
voltage,121.11,2025-09-10 13:16:14.735452
filament_temp,229.5,2025-09-10 13:16:15.235656
bed_temp,59.6,2025-09-10 13:16:15.235656
current,0.59,2025-09-10 13:16:15.235656
power,224.4,2025-09-10 13:16:15.235656
voltage,121.11,2025-09-10 13:16:15.235656
filament_temp,229.5,2025-09-10 13:16:15.735868
bed_temp,59.6,2025-09-10 13:16:15.735868
current,0.59,2025-09-10 13:16:15.735868
power,224.4,2025-09-10 13:16:15.735868
voltage,121.11,2025-09-10 13:16:15.735868
filament_temp,229.5,2025-09-10 13:16:16.236095
bed_temp,59.6,2025-09-10 13:16:16.236095
current,0.59,2025-09-10 13:16:16.236095
power,224.4,2025-09-10 13:16:16.236095
voltage,121.11,2025-09-10 13:16:16.236095
filament_temp,229.5,2025-09-10 13:16:16.736322
bed_temp,59.6,2025-09-10 13:16:16.736322
current,0.59,2025-09-10 13:16:16.736322
power,224.4,2025-09-10 13:16:16.736322
voltage,121.11,2025-09-10 13:16:16.736322
filament_temp,229.5,2025-09-10 13:16:17.236554
bed_temp,59.9,2025-09-10 13:16:17.236554
current,0.59,2025-09-10 13:16:17.236554
power,224.4,2025-09-10 13:16:17.236554
voltage,121.11,2025-09-10 13:16:17.236554
filament_temp,229.5,2025-09-10 13:16:17.736797
bed_temp,59.9,2025-09-10 13:16:17.736797
current,0.59,2025-09-10 13:16:17.736797
power,224.4,2025-09-10 13:16:17.736797
voltage,121.11,2025-09-10 13:16:17.736797
filament_temp,229.5,2025-09-10 13:16:18.237029
bed_temp,59.9,2025-09-10 13:16:18.237029
current,0.59,2025-09-10 13:16:18.237029
power,224.4,2025-09-10 13:16:18.237029
voltage,121.11,2025-09-10 13:16:18.237029
filament_temp,229.5,2025-09-10 13:16:18.737216
bed_temp,59.9,2025-09-10 13:16:18.737216
current,0.59,2025-09-10 13:16:18.737216
power,224.4,2025-09-10 13:16:18.737216
voltage,121.11,2025-09-10 13:16:18.737216
filament_temp,228.5,2025-09-10 13:16:19.237427
bed_temp,59.4,2025-09-10 13:16:19.237427
current,0.59,2025-09-10 13:16:19.237427
power,224.4,2025-09-10 13:16:19.237427
voltage,121.11,2025-09-10 13:16:19.237427
filament_temp,228.5,2025-09-10 13:16:19.737624
bed_temp,59.4,2025-09-10 13:16:19.737624
current,0.59,2025-09-10 13:16:19.737624
power,224.4,2025-09-10 13:16:19.737624
voltage,121.11,2025-09-10 13:16:19.737624
filament_temp,228.5,2025-09-10 13:16:20.237799
bed_temp,59.4,2025-09-10 13:16:20.237799
current,0.59,2025-09-10 13:16:20.237799
power,224.4,2025-09-10 13:16:20.237799
voltage,121.11,2025-09-10 13:16:20.237799
filament_temp,228.5,2025-09-10 13:16:20.738027
bed_temp,59.4,2025-09-10 13:16:20.738027
current,0.59,2025-09-10 13:16:20.738027
power,224.4,2025-09-10 13:16:20.738027
voltage,121.11,2025-09-10 13:16:20.738027
filament_temp,229.0,2025-09-10 13:16:21.238271
bed_temp,60.2,2025-09-10 13:16:21.238271
current,0.59,2025-09-10 13:16:21.238271
power,224.4,2025-09-10 13:16:21.238271
voltage,121.11,2025-09-10 13:16:21.238271
filament_temp,229.0,2025-09-10 13:16:21.738515
bed_temp,60.2,2025-09-10 13:16:21.738515
current,1.88,2025-09-10 13:16:21.738515
power,224.4,2025-09-10 13:16:21.738515
voltage,121.11,2025-09-10 13:16:21.738515
filament_temp,229.0,2025-09-10 13:16:22.238756
bed_temp,60.2,2025-09-10 13:16:22.238756
current,1.88,2025-09-10 13:16:22.238756
power,224.4,2025-09-10 13:16:22.238756
voltage,121.11,2025-09-10 13:16:22.238756
filament_temp,229.0,2025-09-10 13:16:22.739000
bed_temp,60.2,2025-09-10 13:16:22.739000
current,1.88,2025-09-10 13:16:22.739000
power,224.4,2025-09-10 13:16:22.739000
voltage,121.11,2025-09-10 13:16:22.739000
filament_temp,229.2,2025-09-10 13:16:23.239244
bed_temp,60.0,2025-09-10 13:16:23.239244
current,1.88,2025-09-10 13:16:23.239244
power,224.4,2025-09-10 13:16:23.239244
voltage,121.11,2025-09-10 13:16:23.239244
filament_temp,229.2,2025-09-10 13:16:23.739474
bed_temp,60.0,2025-09-10 13:16:23.739474
current,1.88,2025-09-10 13:16:23.739474
power,224.4,2025-09-10 13:16:23.739474
voltage,121.11,2025-09-10 13:16:23.739474
filament_temp,229.2,2025-09-10 13:16:24.239678
bed_temp,60.0,2025-09-10 13:16:24.239678
current,1.88,2025-09-10 13:16:24.239678
power,224.4,2025-09-10 13:16:24.239678
voltage,121.11,2025-09-10 13:16:24.239678
filament_temp,229.2,2025-09-10 13:16:24.739904
bed_temp,60.0,2025-09-10 13:16:24.739904
current,1.88,2025-09-10 13:16:24.739904
power,224.4,2025-09-10 13:16:24.739904
voltage,121.11,2025-09-10 13:16:24.739904
filament_temp,230.0,2025-09-10 13:16:25.240131
bed_temp,60.0,2025-09-10 13:16:25.240131
current,1.88,2025-09-10 13:16:25.240131
power,224.4,2025-09-10 13:16:25.240131
voltage,121.11,2025-09-10 13:16:25.240131
filament_temp,230.0,2025-09-10 13:16:25.740376
bed_temp,60.0,2025-09-10 13:16:25.740376
current,1.88,2025-09-10 13:16:25.740376
power,224.4,2025-09-10 13:16:25.740376
voltage,121.11,2025-09-10 13:16:25.740376
filament_temp,230.0,2025-09-10 13:16:26.240616
bed_temp,60.0,2025-09-10 13:16:26.240616
current,1.88,2025-09-10 13:16:26.240616
power,224.4,2025-09-10 13:16:26.240616
voltage,121.11,2025-09-10 13:16:26.240616
filament_temp,230.0,2025-09-10 13:16:26.740849
bed_temp,60.0,2025-09-10 13:16:26.740849
current,1.88,2025-09-10 13:16:26.740849
power,224.3,2025-09-10 13:16:26.740849
voltage,121.11,2025-09-10 13:16:26.740849
filament_temp,230.8,2025-09-10 13:16:27.241095
bed_temp,58.7,2025-09-10 13:16:27.241095
current,1.88,2025-09-10 13:16:27.241095
power,224.3,2025-09-10 13:16:27.241095
voltage,121.11,2025-09-10 13:16:27.241095
filament_temp,230.8,2025-09-10 13:16:27.741327
bed_temp,58.7,2025-09-10 13:16:27.741327
current,1.88,2025-09-10 13:16:27.741327
power,224.3,2025-09-10 13:16:27.741327
voltage,121.11,2025-09-10 13:16:27.741327
filament_temp,230.8,2025-09-10 13:16:28.241556
bed_temp,58.7,2025-09-10 13:16:28.241556
current,1.88,2025-09-10 13:16:28.241556
power,224.3,2025-09-10 13:16:28.241556
voltage,121.11,2025-09-10 13:16:28.241556
filament_temp,230.8,2025-09-10 13:16:28.741784
bed_temp,58.7,2025-09-10 13:16:28.741784
current,1.88,2025-09-10 13:16:28.741784
power,224.3,2025-09-10 13:16:28.741784
voltage,121.11,2025-09-10 13:16:28.741784
filament_temp,230.8,2025-09-10 13:16:29.242016
bed_temp,58.7,2025-09-10 13:16:29.242016
current,1.88,2025-09-10 13:16:29.242016
power,224.3,2025-09-10 13:16:29.242016
voltage,121.11,2025-09-10 13:16:29.242016
filament_temp,229.8,2025-09-10 13:16:29.742242
bed_temp,59.9,2025-09-10 13:16:29.742242
current,1.88,2025-09-10 13:16:29.742242
power,216.7,2025-09-10 13:16:29.742242
voltage,121.11,2025-09-10 13:16:29.742242
filament_temp,229.8,2025-09-10 13:16:30.242482
bed_temp,59.9,2025-09-10 13:16:30.242482
current,1.88,2025-09-10 13:16:30.242482
power,216.7,2025-09-10 13:16:30.242482
voltage,121.11,2025-09-10 13:16:30.242482
filament_temp,229.8,2025-09-10 13:16:30.742725
bed_temp,59.9,2025-09-10 13:16:30.742725
current,1.88,2025-09-10 13:16:30.742725
power,216.7,2025-09-10 13:16:30.742725
voltage,121.11,2025-09-10 13:16:30.742725
filament_temp,230.3,2025-09-10 13:16:31.242967
bed_temp,59.7,2025-09-10 13:16:31.242967
current,1.88,2025-09-10 13:16:31.242967
power,216.7,2025-09-10 13:16:31.242967
voltage,121.11,2025-09-10 13:16:31.242967
filament_temp,230.3,2025-09-10 13:16:31.743209
bed_temp,59.7,2025-09-10 13:16:31.743209
current,1.88,2025-09-10 13:16:31.743209
power,216.7,2025-09-10 13:16:31.743209
voltage,121.11,2025-09-10 13:16:31.743209
filament_temp,230.3,2025-09-10 13:16:32.243408
bed_temp,59.7,2025-09-10 13:16:32.243408
current,1.88,2025-09-10 13:16:32.243408
power,216.7,2025-09-10 13:16:32.243408
voltage,121.11,2025-09-10 13:16:32.243408
filament_temp,230.3,2025-09-10 13:16:32.743708
bed_temp,59.7,2025-09-10 13:16:32.743708
current,1.88,2025-09-10 13:16:32.743708
power,216.7,2025-09-10 13:16:32.743708
voltage,121.11,2025-09-10 13:16:32.743708
filament_temp,231.0,2025-09-10 13:16:33.243918
bed_temp,59.7,2025-09-10 13:16:33.243918
current,1.88,2025-09-10 13:16:33.243918
power,216.7,2025-09-10 13:16:33.243918
voltage,121.11,2025-09-10 13:16:33.243918
filament_temp,231.0,2025-09-10 13:16:33.744121
bed_temp,59.7,2025-09-10 13:16:33.744121
current,1.88,2025-09-10 13:16:33.744121
power,216.7,2025-09-10 13:16:33.744121
voltage,121.11,2025-09-10 13:16:33.744121
filament_temp,231.0,2025-09-10 13:16:34.244349
bed_temp,59.7,2025-09-10 13:16:34.244349
current,1.88,2025-09-10 13:16:34.244349
power,216.7,2025-09-10 13:16:34.244349
voltage,121.11,2025-09-10 13:16:34.244349
filament_temp,231.0,2025-09-10 13:16:34.744573
bed_temp,59.7,2025-09-10 13:16:34.744573
current,1.88,2025-09-10 13:16:34.744573
power,216.7,2025-09-10 13:16:34.744573
voltage,121.11,2025-09-10 13:16:34.744573
filament_temp,230.2,2025-09-10 13:16:35.244800
bed_temp,60.6,2025-09-10 13:16:35.244800
current,1.88,2025-09-10 13:16:35.244800
power,216.7,2025-09-10 13:16:35.244800
voltage,121.11,2025-09-10 13:16:35.244800
filament_temp,230.2,2025-09-10 13:16:35.745036
bed_temp,60.6,2025-09-10 13:16:35.745036
current,1.88,2025-09-10 13:16:35.745036
power,216.7,2025-09-10 13:16:35.745036
voltage,121.11,2025-09-10 13:16:35.745036
filament_temp,230.2,2025-09-10 13:16:36.245223
bed_temp,60.6,2025-09-10 13:16:36.245223
current,1.88,2025-09-10 13:16:36.245223
power,216.7,2025-09-10 13:16:36.245223
voltage,121.11,2025-09-10 13:16:36.245223
filament_temp,230.2,2025-09-10 13:16:36.745410
bed_temp,60.6,2025-09-10 13:16:36.745410
current,0.59,2025-09-10 13:16:36.745410
power,216.7,2025-09-10 13:16:36.745410
voltage,121.11,2025-09-10 13:16:36.745410
filament_temp,230.7,2025-09-10 13:16:37.245590
bed_temp,59.7,2025-09-10 13:16:37.245590
current,0.59,2025-09-10 13:16:37.245590
power,216.7,2025-09-10 13:16:37.245590
voltage,121.11,2025-09-10 13:16:37.245590
filament_temp,230.7,2025-09-10 13:16:37.745817
bed_temp,59.7,2025-09-10 13:16:37.745817
current,0.59,2025-09-10 13:16:37.745817
power,60.7,2025-09-10 13:16:37.745817
voltage,121.11,2025-09-10 13:16:37.745817
filament_temp,230.7,2025-09-10 13:16:38.246050
bed_temp,59.7,2025-09-10 13:16:38.246050
current,0.59,2025-09-10 13:16:38.246050
power,60.7,2025-09-10 13:16:38.246050
voltage,121.11,2025-09-10 13:16:38.246050
filament_temp,230.7,2025-09-10 13:16:38.746284
bed_temp,59.7,2025-09-10 13:16:38.746284
current,0.59,2025-09-10 13:16:38.746284
power,60.7,2025-09-10 13:16:38.746284
voltage,121.11,2025-09-10 13:16:38.746284
filament_temp,229.0,2025-09-10 13:16:39.246499
bed_temp,59.9,2025-09-10 13:16:39.246499
current,0.59,2025-09-10 13:16:39.246499
power,60.7,2025-09-10 13:16:39.246499
voltage,121.11,2025-09-10 13:16:39.246499
filament_temp,229.0,2025-09-10 13:16:39.746734
bed_temp,59.9,2025-09-10 13:16:39.746734
current,0.59,2025-09-10 13:16:39.746734
power,60.7,2025-09-10 13:16:39.746734
voltage,121.11,2025-09-10 13:16:39.746734
filament_temp,229.0,2025-09-10 13:16:40.246970
bed_temp,59.9,2025-09-10 13:16:40.246970
current,0.59,2025-09-10 13:16:40.246970
power,60.7,2025-09-10 13:16:40.246970
voltage,121.11,2025-09-10 13:16:40.246970
filament_temp,229.0,2025-09-10 13:16:40.747154
bed_temp,59.9,2025-09-10 13:16:40.747154
current,0.59,2025-09-10 13:16:40.747154
power,60.7,2025-09-10 13:16:40.747154
voltage,121.11,2025-09-10 13:16:40.747154
filament_temp,229.7,2025-09-10 13:16:41.247343
bed_temp,60.2,2025-09-10 13:16:41.247343
current,1.85,2025-09-10 13:16:41.247343
power,60.7,2025-09-10 13:16:41.247343
voltage,121.11,2025-09-10 13:16:41.247343
filament_temp,229.7,2025-09-10 13:16:41.747546
bed_temp,60.2,2025-09-10 13:16:41.747546
current,1.85,2025-09-10 13:16:41.747546
power,220.8,2025-09-10 13:16:41.747546
voltage,121.11,2025-09-10 13:16:41.747546
filament_temp,229.7,2025-09-10 13:16:42.247801
bed_temp,60.2,2025-09-10 13:16:42.247801
current,1.85,2025-09-10 13:16:42.247801
power,229,2025-09-10 13:16:42.247801
voltage,121.11,2025-09-10 13:16:42.247801
filament_temp,229.7,2025-09-10 13:16:42.748025
bed_temp,60.2,2025-09-10 13:16:42.748025
current,1.85,2025-09-10 13:16:42.748025
power,229,2025-09-10 13:16:42.748025
voltage,121.11,2025-09-10 13:16:42.748025
filament_temp,229.8,2025-09-10 13:16:43.248258
bed_temp,60.3,2025-09-10 13:16:43.248258
current,1.85,2025-09-10 13:16:43.248258
power,229,2025-09-10 13:16:43.248258
voltage,121.11,2025-09-10 13:16:43.248258
filament_temp,229.8,2025-09-10 13:16:43.748485
bed_temp,60.3,2025-09-10 13:16:43.748485
current,1.85,2025-09-10 13:16:43.748485
power,229,2025-09-10 13:16:43.748485
voltage,121.11,2025-09-10 13:16:43.748485
filament_temp,229.8,2025-09-10 13:16:44.248719
bed_temp,60.3,2025-09-10 13:16:44.248719
current,1.85,2025-09-10 13:16:44.248719
power,217.1,2025-09-10 13:16:44.248719
voltage,121.11,2025-09-10 13:16:44.248719
filament_temp,229.8,2025-09-10 13:16:44.748948
bed_temp,60.3,2025-09-10 13:16:44.748948
current,1.85,2025-09-10 13:16:44.748948
power,217.1,2025-09-10 13:16:44.748948
voltage,121.11,2025-09-10 13:16:44.748948
filament_temp,229.8,2025-09-10 13:16:45.249154
bed_temp,60.3,2025-09-10 13:16:45.249154
current,1.85,2025-09-10 13:16:45.249154
power,217.1,2025-09-10 13:16:45.249154
voltage,121.11,2025-09-10 13:16:45.249154
filament_temp,229.3,2025-09-10 13:16:45.749358
bed_temp,60.0,2025-09-10 13:16:45.749358
current,1.85,2025-09-10 13:16:45.749358
power,217.1,2025-09-10 13:16:45.749358
voltage,121.11,2025-09-10 13:16:45.749358
filament_temp,229.3,2025-09-10 13:16:46.249564
bed_temp,60.0,2025-09-10 13:16:46.249564
current,1.85,2025-09-10 13:16:46.249564
power,217.1,2025-09-10 13:16:46.249564
voltage,121.11,2025-09-10 13:16:46.249564
filament_temp,229.3,2025-09-10 13:16:46.749793
bed_temp,60.0,2025-09-10 13:16:46.749793
current,1.85,2025-09-10 13:16:46.749793
power,217.1,2025-09-10 13:16:46.749793
voltage,121.11,2025-09-10 13:16:46.749793
filament_temp,229.3,2025-09-10 13:16:47.250008
bed_temp,59.6,2025-09-10 13:16:47.250008
current,1.85,2025-09-10 13:16:47.250008
power,217.1,2025-09-10 13:16:47.250008
voltage,121.11,2025-09-10 13:16:47.250008
filament_temp,229.3,2025-09-10 13:16:47.750241
bed_temp,59.6,2025-09-10 13:16:47.750241
current,1.85,2025-09-10 13:16:47.750241
power,217.1,2025-09-10 13:16:47.750241
voltage,121.11,2025-09-10 13:16:47.750241
filament_temp,229.3,2025-09-10 13:16:48.250477
bed_temp,59.6,2025-09-10 13:16:48.250477
current,1.85,2025-09-10 13:16:48.250477
power,217.1,2025-09-10 13:16:48.250477
voltage,121.11,2025-09-10 13:16:48.250477
filament_temp,229.3,2025-09-10 13:16:48.750709
bed_temp,59.6,2025-09-10 13:16:48.750709
current,1.85,2025-09-10 13:16:48.750709
power,217.1,2025-09-10 13:16:48.750709
voltage,121.11,2025-09-10 13:16:48.750709
filament_temp,230.0,2025-09-10 13:16:49.250941
bed_temp,59.4,2025-09-10 13:16:49.250941
current,1.85,2025-09-10 13:16:49.250941
power,225,2025-09-10 13:16:49.250941
voltage,121.11,2025-09-10 13:16:49.250941
filament_temp,230.0,2025-09-10 13:16:49.751135
bed_temp,59.4,2025-09-10 13:16:49.751135
current,1.85,2025-09-10 13:16:49.751135
power,225,2025-09-10 13:16:49.751135
voltage,121.11,2025-09-10 13:16:49.751135
filament_temp,230.0,2025-09-10 13:16:50.251352
bed_temp,59.4,2025-09-10 13:16:50.251352
current,1.85,2025-09-10 13:16:50.251352
power,225,2025-09-10 13:16:50.251352
voltage,121.11,2025-09-10 13:16:50.251352
filament_temp,230.0,2025-09-10 13:16:50.751585
bed_temp,59.4,2025-09-10 13:16:50.751585
current,1.85,2025-09-10 13:16:50.751585
power,225,2025-09-10 13:16:50.751585
voltage,121.11,2025-09-10 13:16:50.751585
filament_temp,230.8,2025-09-10 13:16:51.251821
bed_temp,58.8,2025-09-10 13:16:51.251821
current,1.85,2025-09-10 13:16:51.251821
power,225,2025-09-10 13:16:51.251821
voltage,121.11,2025-09-10 13:16:51.251821
filament_temp,230.8,2025-09-10 13:16:51.752067
bed_temp,58.8,2025-09-10 13:16:51.752067
current,1.85,2025-09-10 13:16:51.752067
power,225,2025-09-10 13:16:51.752067
voltage,121.11,2025-09-10 13:16:51.752067
filament_temp,230.8,2025-09-10 13:16:52.252312
bed_temp,58.8,2025-09-10 13:16:52.252312
current,1.85,2025-09-10 13:16:52.252312
power,225,2025-09-10 13:16:52.252312
voltage,121.11,2025-09-10 13:16:52.252312
filament_temp,230.8,2025-09-10 13:16:52.752554
bed_temp,58.8,2025-09-10 13:16:52.752554
current,1.85,2025-09-10 13:16:52.752554
power,225,2025-09-10 13:16:52.752554
voltage,121.11,2025-09-10 13:16:52.752554
filament_temp,230.2,2025-09-10 13:16:53.252796
bed_temp,59.4,2025-09-10 13:16:53.252796
current,1.85,2025-09-10 13:16:53.252796
power,225,2025-09-10 13:16:53.252796
voltage,121.11,2025-09-10 13:16:53.252796
filament_temp,230.2,2025-09-10 13:16:53.752974
bed_temp,59.4,2025-09-10 13:16:53.752974
current,1.85,2025-09-10 13:16:53.752974
power,225,2025-09-10 13:16:53.752974
voltage,121.11,2025-09-10 13:16:53.752974
filament_temp,230.2,2025-09-10 13:16:54.253201
bed_temp,59.4,2025-09-10 13:16:54.253201
current,0.51,2025-09-10 13:16:54.253201
power,225,2025-09-10 13:16:54.253201
voltage,121.11,2025-09-10 13:16:54.253201
filament_temp,230.2,2025-09-10 13:16:54.753443
bed_temp,59.4,2025-09-10 13:16:54.753443
current,0.51,2025-09-10 13:16:54.753443
power,225,2025-09-10 13:16:54.753443
voltage,121.11,2025-09-10 13:16:54.753443
filament_temp,230.2,2025-09-10 13:16:55.253677
bed_temp,60.3,2025-09-10 13:16:55.253677
current,0.51,2025-09-10 13:16:55.253677
power,225,2025-09-10 13:16:55.253677
voltage,121.11,2025-09-10 13:16:55.253677
filament_temp,230.2,2025-09-10 13:16:55.753907
bed_temp,60.3,2025-09-10 13:16:55.753907
current,0.51,2025-09-10 13:16:55.753907
power,225,2025-09-10 13:16:55.753907
voltage,121.11,2025-09-10 13:16:55.753907
filament_temp,230.2,2025-09-10 13:16:56.254124
bed_temp,60.3,2025-09-10 13:16:56.254124
current,0.51,2025-09-10 13:16:56.254124
power,225,2025-09-10 13:16:56.254124
voltage,121.11,2025-09-10 13:16:56.254124
filament_temp,230.2,2025-09-10 13:16:56.754330
bed_temp,60.3,2025-09-10 13:16:56.754330
current,0.51,2025-09-10 13:16:56.754330
power,225,2025-09-10 13:16:56.754330
voltage,121.11,2025-09-10 13:16:56.754330
filament_temp,230.2,2025-09-10 13:16:57.254558
bed_temp,59.7,2025-09-10 13:16:57.254558
current,0.51,2025-09-10 13:16:57.254558
power,52.6,2025-09-10 13:16:57.254558
voltage,121.11,2025-09-10 13:16:57.254558
filament_temp,230.2,2025-09-10 13:16:57.754743
bed_temp,59.7,2025-09-10 13:16:57.754743
current,0.51,2025-09-10 13:16:57.754743
power,52.6,2025-09-10 13:16:57.754743
voltage,121.11,2025-09-10 13:16:57.754743
filament_temp,230.2,2025-09-10 13:16:58.254974
bed_temp,59.7,2025-09-10 13:16:58.254974
current,0.51,2025-09-10 13:16:58.254974
power,52.6,2025-09-10 13:16:58.254974
voltage,121.11,2025-09-10 13:16:58.254974
filament_temp,230.2,2025-09-10 13:16:58.755158
bed_temp,59.7,2025-09-10 13:16:58.755158
current,0.51,2025-09-10 13:16:58.755158
power,52.6,2025-09-10 13:16:58.755158
voltage,121.11,2025-09-10 13:16:58.755158
filament_temp,229.8,2025-09-10 13:16:59.255362
bed_temp,59.1,2025-09-10 13:16:59.255362
current,0.51,2025-09-10 13:16:59.255362
power,52.6,2025-09-10 13:16:59.255362
voltage,121.11,2025-09-10 13:16:59.255362
filament_temp,229.8,2025-09-10 13:16:59.755549
bed_temp,59.1,2025-09-10 13:16:59.755549
current,0.51,2025-09-10 13:16:59.755549
power,59.7,2025-09-10 13:16:59.755549
voltage,121.11,2025-09-10 13:16:59.755549
filament_temp,229.8,2025-09-10 13:17:00.255806
bed_temp,59.1,2025-09-10 13:17:00.255806
current,0.51,2025-09-10 13:17:00.255806
power,59.7,2025-09-10 13:17:00.255806
voltage,121.11,2025-09-10 13:17:00.255806
filament_temp,229.8,2025-09-10 13:17:00.755995
bed_temp,59.1,2025-09-10 13:17:00.755995
current,0.51,2025-09-10 13:17:00.755995
power,59.7,2025-09-10 13:17:00.755995
voltage,121.11,2025-09-10 13:17:00.755995
filament_temp,230.7,2025-09-10 13:17:01.256227
bed_temp,60.2,2025-09-10 13:17:01.256227
current,0.51,2025-09-10 13:17:01.256227
power,59.7,2025-09-10 13:17:01.256227
voltage,121.11,2025-09-10 13:17:01.256227
filament_temp,230.7,2025-09-10 13:17:01.756419
bed_temp,60.2,2025-09-10 13:17:01.756419
current,1.86,2025-09-10 13:17:01.756419
power,59.7,2025-09-10 13:17:01.756419
voltage,121.11,2025-09-10 13:17:01.756419
filament_temp,230.7,2025-09-10 13:17:02.256609
bed_temp,60.2,2025-09-10 13:17:02.256609
current,1.86,2025-09-10 13:17:02.256609
power,217.7,2025-09-10 13:17:02.256609
voltage,121.11,2025-09-10 13:17:02.256609
filament_temp,230.7,2025-09-10 13:17:02.756821
bed_temp,60.2,2025-09-10 13:17:02.756821
current,1.86,2025-09-10 13:17:02.756821
power,217.7,2025-09-10 13:17:02.756821
voltage,121.11,2025-09-10 13:17:02.756821
filament_temp,230.7,2025-09-10 13:17:03.257011
bed_temp,59.9,2025-09-10 13:17:03.257011
current,1.86,2025-09-10 13:17:03.257011
power,217.7,2025-09-10 13:17:03.257011
voltage,121.11,2025-09-10 13:17:03.257011
filament_temp,230.7,2025-09-10 13:17:03.757227
bed_temp,59.9,2025-09-10 13:17:03.757227
current,1.86,2025-09-10 13:17:03.757227
power,217.7,2025-09-10 13:17:03.757227
voltage,121.11,2025-09-10 13:17:03.757227
filament_temp,230.7,2025-09-10 13:17:04.257436
bed_temp,59.9,2025-09-10 13:17:04.257436
current,1.86,2025-09-10 13:17:04.257436
power,217.7,2025-09-10 13:17:04.257436
voltage,121.11,2025-09-10 13:17:04.257436
filament_temp,230.7,2025-09-10 13:17:04.757665
bed_temp,59.9,2025-09-10 13:17:04.757665
current,1.86,2025-09-10 13:17:04.757665
power,224.4,2025-09-10 13:17:04.757665
voltage,121.11,2025-09-10 13:17:04.757665
filament_temp,230.0,2025-09-10 13:17:05.257900
bed_temp,60.2,2025-09-10 13:17:05.257900
current,1.86,2025-09-10 13:17:05.257900
power,224.4,2025-09-10 13:17:05.257900
voltage,121.11,2025-09-10 13:17:05.257900
filament_temp,230.0,2025-09-10 13:17:05.758143
bed_temp,60.2,2025-09-10 13:17:05.758143
current,1.86,2025-09-10 13:17:05.758143
power,224.4,2025-09-10 13:17:05.758143
voltage,121.11,2025-09-10 13:17:05.758143
filament_temp,230.0,2025-09-10 13:17:06.258386
bed_temp,60.2,2025-09-10 13:17:06.258386
current,1.86,2025-09-10 13:17:06.258386
power,224.4,2025-09-10 13:17:06.258386
voltage,121.11,2025-09-10 13:17:06.258386
filament_temp,230.0,2025-09-10 13:17:06.758613
bed_temp,60.2,2025-09-10 13:17:06.758613
current,1.86,2025-09-10 13:17:06.758613
power,224.4,2025-09-10 13:17:06.758613
voltage,121.11,2025-09-10 13:17:06.758613
filament_temp,229.5,2025-09-10 13:17:07.258814
bed_temp,60.2,2025-09-10 13:17:07.258814
current,1.86,2025-09-10 13:17:07.258814
power,59.7,2025-09-10 13:17:07.258814
voltage,121.11,2025-09-10 13:17:07.258814
filament_temp,229.5,2025-09-10 13:17:07.759043
bed_temp,60.2,2025-09-10 13:17:07.759043
current,1.86,2025-09-10 13:17:07.759043
power,59.7,2025-09-10 13:17:07.759043
voltage,121.11,2025-09-10 13:17:07.759043
filament_temp,229.5,2025-09-10 13:17:08.259276
bed_temp,60.2,2025-09-10 13:17:08.259276
current,1.86,2025-09-10 13:17:08.259276
power,59.7,2025-09-10 13:17:08.259276
voltage,121.11,2025-09-10 13:17:08.259276
filament_temp,229.5,2025-09-10 13:17:08.759508
bed_temp,60.2,2025-09-10 13:17:08.759508
current,1.86,2025-09-10 13:17:08.759508
power,59.7,2025-09-10 13:17:08.759508
voltage,121.11,2025-09-10 13:17:08.759508
filament_temp,229.2,2025-09-10 13:17:09.259739
bed_temp,58.7,2025-09-10 13:17:09.259739
current,1.86,2025-09-10 13:17:09.259739
power,59.7,2025-09-10 13:17:09.259739
voltage,121.11,2025-09-10 13:17:09.259739
filament_temp,229.2,2025-09-10 13:17:09.759975
bed_temp,58.7,2025-09-10 13:17:09.759975
current,1.86,2025-09-10 13:17:09.759975
power,59.7,2025-09-10 13:17:09.759975
voltage,121.11,2025-09-10 13:17:09.759975
filament_temp,229.2,2025-09-10 13:17:10.260218
bed_temp,58.7,2025-09-10 13:17:10.260218
current,1.86,2025-09-10 13:17:10.260218
power,59.7,2025-09-10 13:17:10.260218
voltage,121.11,2025-09-10 13:17:10.260218
filament_temp,229.2,2025-09-10 13:17:10.760453
bed_temp,58.7,2025-09-10 13:17:10.760453
current,1.86,2025-09-10 13:17:10.760453
power,59.7,2025-09-10 13:17:10.760453
voltage,121.11,2025-09-10 13:17:10.760453
filament_temp,229.2,2025-09-10 13:17:11.260668
bed_temp,58.7,2025-09-10 13:17:11.260668
current,1.86,2025-09-10 13:17:11.260668
power,59.7,2025-09-10 13:17:11.260668
voltage,121.11,2025-09-10 13:17:11.260668
filament_temp,230.8,2025-09-10 13:17:11.760858
bed_temp,59.1,2025-09-10 13:17:11.760858
current,1.97,2025-09-10 13:17:11.760858
power,59.7,2025-09-10 13:17:11.760858
voltage,121.11,2025-09-10 13:17:11.760858
filament_temp,230.8,2025-09-10 13:17:12.261079
bed_temp,59.1,2025-09-10 13:17:12.261079
current,1.97,2025-09-10 13:17:12.261079
power,216.5,2025-09-10 13:17:12.261079
voltage,121.11,2025-09-10 13:17:12.261079
filament_temp,230.8,2025-09-10 13:17:12.761317
bed_temp,59.1,2025-09-10 13:17:12.761317
current,1.97,2025-09-10 13:17:12.761317
power,216.5,2025-09-10 13:17:12.761317
voltage,121.11,2025-09-10 13:17:12.761317
filament_temp,230.5,2025-09-10 13:17:13.261564
bed_temp,59.1,2025-09-10 13:17:13.261564
current,1.97,2025-09-10 13:17:13.261564
power,216.5,2025-09-10 13:17:13.261564
voltage,121.11,2025-09-10 13:17:13.261564
filament_temp,230.5,2025-09-10 13:17:13.761805
bed_temp,59.1,2025-09-10 13:17:13.761805
current,1.97,2025-09-10 13:17:13.761805
power,216.5,2025-09-10 13:17:13.761805
voltage,121.11,2025-09-10 13:17:13.761805
filament_temp,230.5,2025-09-10 13:17:14.262034
bed_temp,59.1,2025-09-10 13:17:14.262034
current,1.97,2025-09-10 13:17:14.262034
power,216.5,2025-09-10 13:17:14.262034
voltage,121.11,2025-09-10 13:17:14.262034
filament_temp,230.5,2025-09-10 13:17:14.762277
bed_temp,59.1,2025-09-10 13:17:14.762277
current,1.97,2025-09-10 13:17:14.762277
power,216.5,2025-09-10 13:17:14.762277
voltage,121.11,2025-09-10 13:17:14.762277
filament_temp,230.3,2025-09-10 13:17:15.262518
bed_temp,60.5,2025-09-10 13:17:15.262518
current,1.97,2025-09-10 13:17:15.262518
power,226,2025-09-10 13:17:15.262518
voltage,121.11,2025-09-10 13:17:15.262518
filament_temp,230.3,2025-09-10 13:17:15.762718
bed_temp,60.5,2025-09-10 13:17:15.762718
current,1.97,2025-09-10 13:17:15.762718
power,226,2025-09-10 13:17:15.762718
voltage,121.11,2025-09-10 13:17:15.762718
filament_temp,230.3,2025-09-10 13:17:16.262904
bed_temp,60.5,2025-09-10 13:17:16.262904
current,1.97,2025-09-10 13:17:16.262904
power,226,2025-09-10 13:17:16.262904
voltage,121.11,2025-09-10 13:17:16.262904
filament_temp,230.3,2025-09-10 13:17:16.763070
bed_temp,60.5,2025-09-10 13:17:16.763070
current,1.97,2025-09-10 13:17:16.763070
power,226,2025-09-10 13:17:16.763070
voltage,121.11,2025-09-10 13:17:16.763070
filament_temp,229.8,2025-09-10 13:17:17.263308
bed_temp,59.7,2025-09-10 13:17:17.263308
current,1.97,2025-09-10 13:17:17.263308
power,226,2025-09-10 13:17:17.263308
voltage,121.11,2025-09-10 13:17:17.263308
filament_temp,229.8,2025-09-10 13:17:17.763538
bed_temp,59.7,2025-09-10 13:17:17.763538
current,1.97,2025-09-10 13:17:17.763538
power,226,2025-09-10 13:17:17.763538
voltage,121.11,2025-09-10 13:17:17.763538
filament_temp,229.8,2025-09-10 13:17:18.263797
bed_temp,59.7,2025-09-10 13:17:18.263797
current,1.97,2025-09-10 13:17:18.263797
power,226,2025-09-10 13:17:18.263797
voltage,121.11,2025-09-10 13:17:18.263797
filament_temp,229.8,2025-09-10 13:17:18.764024
bed_temp,59.7,2025-09-10 13:17:18.764024
current,1.97,2025-09-10 13:17:18.764024
power,226,2025-09-10 13:17:18.764024
voltage,121.11,2025-09-10 13:17:18.764024
filament_temp,230.5,2025-09-10 13:17:19.264252
bed_temp,59.7,2025-09-10 13:17:19.264252
current,1.97,2025-09-10 13:17:19.264252
power,226,2025-09-10 13:17:19.264252
voltage,121.11,2025-09-10 13:17:19.264252
filament_temp,230.5,2025-09-10 13:17:19.764475
bed_temp,59.7,2025-09-10 13:17:19.764475
current,1.97,2025-09-10 13:17:19.764475
power,226,2025-09-10 13:17:19.764475
voltage,121.11,2025-09-10 13:17:19.764475
filament_temp,230.5,2025-09-10 13:17:20.264662
bed_temp,59.7,2025-09-10 13:17:20.264662
current,1.97,2025-09-10 13:17:20.264662
power,226,2025-09-10 13:17:20.264662
voltage,121.11,2025-09-10 13:17:20.264662
filament_temp,230.5,2025-09-10 13:17:20.764876
bed_temp,59.7,2025-09-10 13:17:20.764876
current,1.97,2025-09-10 13:17:20.764876
power,226,2025-09-10 13:17:20.764876
voltage,121.11,2025-09-10 13:17:20.764876
filament_temp,230.0,2025-09-10 13:17:21.265102
bed_temp,58.1,2025-09-10 13:17:21.265102
current,1.97,2025-09-10 13:17:21.265102
power,226,2025-09-10 13:17:21.265102
voltage,121.11,2025-09-10 13:17:21.265102
filament_temp,230.0,2025-09-10 13:17:21.765289
bed_temp,58.1,2025-09-10 13:17:21.765289
current,1.97,2025-09-10 13:17:21.765289
power,226,2025-09-10 13:17:21.765289
voltage,121.11,2025-09-10 13:17:21.765289
filament_temp,230.0,2025-09-10 13:17:22.265535
bed_temp,58.1,2025-09-10 13:17:22.265535
current,1.97,2025-09-10 13:17:22.265535
power,226,2025-09-10 13:17:22.265535
voltage,121.11,2025-09-10 13:17:22.265535
filament_temp,230.0,2025-09-10 13:17:22.765762
bed_temp,58.1,2025-09-10 13:17:22.765762
current,1.97,2025-09-10 13:17:22.765762
power,226,2025-09-10 13:17:22.765762
voltage,121.11,2025-09-10 13:17:22.765762
filament_temp,229.5,2025-09-10 13:17:23.265953
bed_temp,60.2,2025-09-10 13:17:23.265953
current,1.97,2025-09-10 13:17:23.265953
power,226,2025-09-10 13:17:23.265953
voltage,121.11,2025-09-10 13:17:23.265953
filament_temp,229.5,2025-09-10 13:17:23.766179
bed_temp,60.2,2025-09-10 13:17:23.766179
current,1.97,2025-09-10 13:17:23.766179
power,226,2025-09-10 13:17:23.766179
voltage,121.11,2025-09-10 13:17:23.766179
filament_temp,229.5,2025-09-10 13:17:24.266371
bed_temp,60.2,2025-09-10 13:17:24.266371
current,1.97,2025-09-10 13:17:24.266371
power,59.6,2025-09-10 13:17:24.266371
voltage,121.11,2025-09-10 13:17:24.266371
filament_temp,229.5,2025-09-10 13:17:24.766555
bed_temp,60.2,2025-09-10 13:17:24.766555
current,1.97,2025-09-10 13:17:24.766555
power,59.6,2025-09-10 13:17:24.766555
voltage,121.11,2025-09-10 13:17:24.766555
filament_temp,229.0,2025-09-10 13:17:25.266755
bed_temp,59.7,2025-09-10 13:17:25.266755
current,1.97,2025-09-10 13:17:25.266755
power,59.6,2025-09-10 13:17:25.266755
voltage,121.11,2025-09-10 13:17:25.266755
filament_temp,229.0,2025-09-10 13:17:25.766979
bed_temp,59.7,2025-09-10 13:17:25.766979
current,1.97,2025-09-10 13:17:25.766979
power,59.6,2025-09-10 13:17:25.766979
voltage,121.11,2025-09-10 13:17:25.766979
filament_temp,229.0,2025-09-10 13:17:26.267243
bed_temp,59.7,2025-09-10 13:17:26.267243
current,1.97,2025-09-10 13:17:26.267243
power,59.6,2025-09-10 13:17:26.267243
voltage,121.11,2025-09-10 13:17:26.267243
filament_temp,229.0,2025-09-10 13:17:26.767468
bed_temp,59.7,2025-09-10 13:17:26.767468
current,0.59,2025-09-10 13:17:26.767468
power,59.6,2025-09-10 13:17:26.767468
voltage,121.11,2025-09-10 13:17:26.767468
filament_temp,229.0,2025-09-10 13:17:27.267693
bed_temp,59.7,2025-09-10 13:17:27.267693
current,0.59,2025-09-10 13:17:27.267693
power,59.6,2025-09-10 13:17:27.267693
voltage,121.11,2025-09-10 13:17:27.267693
filament_temp,230.2,2025-09-10 13:17:27.767921
bed_temp,60.5,2025-09-10 13:17:27.767921
current,0.59,2025-09-10 13:17:27.767921
power,59.6,2025-09-10 13:17:27.767921
voltage,121.11,2025-09-10 13:17:27.767921
filament_temp,230.2,2025-09-10 13:17:28.268164
bed_temp,60.5,2025-09-10 13:17:28.268164
current,0.59,2025-09-10 13:17:28.268164
power,59.6,2025-09-10 13:17:28.268164
voltage,121.11,2025-09-10 13:17:28.268164
filament_temp,230.2,2025-09-10 13:17:28.768371
bed_temp,60.5,2025-09-10 13:17:28.768371
current,0.59,2025-09-10 13:17:28.768371
power,59.6,2025-09-10 13:17:28.768371
voltage,121.11,2025-09-10 13:17:28.768371
filament_temp,230.3,2025-09-10 13:17:29.268599
bed_temp,59.6,2025-09-10 13:17:29.268599
current,0.59,2025-09-10 13:17:29.268599
power,59.6,2025-09-10 13:17:29.268599
voltage,121.11,2025-09-10 13:17:29.268599
filament_temp,230.3,2025-09-10 13:17:29.768809
bed_temp,59.6,2025-09-10 13:17:29.768809
current,0.59,2025-09-10 13:17:29.768809
power,59.6,2025-09-10 13:17:29.768809
voltage,121.11,2025-09-10 13:17:29.768809
filament_temp,230.3,2025-09-10 13:17:30.269050
bed_temp,59.6,2025-09-10 13:17:30.269050
current,0.59,2025-09-10 13:17:30.269050
power,59.6,2025-09-10 13:17:30.269050
voltage,121.11,2025-09-10 13:17:30.269050
filament_temp,230.3,2025-09-10 13:17:30.769246
bed_temp,59.6,2025-09-10 13:17:30.769246
current,0.59,2025-09-10 13:17:30.769246
power,59.6,2025-09-10 13:17:30.769246
voltage,121.11,2025-09-10 13:17:30.769246
filament_temp,230.2,2025-09-10 13:17:31.269462
bed_temp,61.2,2025-09-10 13:17:31.269462
current,0.59,2025-09-10 13:17:31.269462
power,59.6,2025-09-10 13:17:31.269462
voltage,121.11,2025-09-10 13:17:31.269462
filament_temp,230.2,2025-09-10 13:17:31.769678
bed_temp,61.2,2025-09-10 13:17:31.769678
current,0.59,2025-09-10 13:17:31.769678
power,59.6,2025-09-10 13:17:31.769678
voltage,121.11,2025-09-10 13:17:31.769678
filament_temp,230.2,2025-09-10 13:17:32.269894
bed_temp,61.2,2025-09-10 13:17:32.269894
current,0.59,2025-09-10 13:17:32.269894
power,59.6,2025-09-10 13:17:32.269894
voltage,121.11,2025-09-10 13:17:32.269894
filament_temp,230.2,2025-09-10 13:17:32.770127
bed_temp,61.2,2025-09-10 13:17:32.770127
current,0.59,2025-09-10 13:17:32.770127
power,59.6,2025-09-10 13:17:32.770127
voltage,121.11,2025-09-10 13:17:32.770127
filament_temp,229.7,2025-09-10 13:17:33.270317
bed_temp,59.9,2025-09-10 13:17:33.270317
current,0.59,2025-09-10 13:17:33.270317
power,59.6,2025-09-10 13:17:33.270317
voltage,121.11,2025-09-10 13:17:33.270317
filament_temp,229.7,2025-09-10 13:17:33.770539
bed_temp,59.9,2025-09-10 13:17:33.770539
current,1.83,2025-09-10 13:17:33.770539
power,59.6,2025-09-10 13:17:33.770539
voltage,121.11,2025-09-10 13:17:33.770539
filament_temp,229.7,2025-09-10 13:17:34.270767
bed_temp,59.9,2025-09-10 13:17:34.270767
current,1.83,2025-09-10 13:17:34.270767
power,216.7,2025-09-10 13:17:34.270767
voltage,121.11,2025-09-10 13:17:34.270767
filament_temp,229.7,2025-09-10 13:17:34.771006
bed_temp,59.9,2025-09-10 13:17:34.771006
current,1.83,2025-09-10 13:17:34.771006
power,216.7,2025-09-10 13:17:34.771006
voltage,121.11,2025-09-10 13:17:34.771006
filament_temp,230.7,2025-09-10 13:17:35.271233
bed_temp,59.4,2025-09-10 13:17:35.271233
current,1.83,2025-09-10 13:17:35.271233
power,216.7,2025-09-10 13:17:35.271233
voltage,121.11,2025-09-10 13:17:35.271233
filament_temp,230.7,2025-09-10 13:17:35.771476
bed_temp,59.4,2025-09-10 13:17:35.771476
current,1.83,2025-09-10 13:17:35.771476
power,216.7,2025-09-10 13:17:35.771476
voltage,121.11,2025-09-10 13:17:35.771476
filament_temp,230.7,2025-09-10 13:17:36.271719
bed_temp,59.4,2025-09-10 13:17:36.271719
current,1.83,2025-09-10 13:17:36.271719
power,216.7,2025-09-10 13:17:36.271719
voltage,121.11,2025-09-10 13:17:36.271719
filament_temp,230.7,2025-09-10 13:17:36.771957
bed_temp,59.4,2025-09-10 13:17:36.771957
current,1.83,2025-09-10 13:17:36.771957
power,216.7,2025-09-10 13:17:36.771957
voltage,121.11,2025-09-10 13:17:36.771957
filament_temp,230.3,2025-09-10 13:17:37.272196
bed_temp,59.6,2025-09-10 13:17:37.272196
current,1.83,2025-09-10 13:17:37.272196
power,216.7,2025-09-10 13:17:37.272196
voltage,121.11,2025-09-10 13:17:37.272196
filament_temp,230.3,2025-09-10 13:17:37.772386
bed_temp,59.6,2025-09-10 13:17:37.772386
current,1.83,2025-09-10 13:17:37.772386
power,216.7,2025-09-10 13:17:37.772386
voltage,121.11,2025-09-10 13:17:37.772386
filament_temp,230.3,2025-09-10 13:17:38.272607
bed_temp,59.6,2025-09-10 13:17:38.272607
current,0.55,2025-09-10 13:17:38.272607
power,216.7,2025-09-10 13:17:38.272607
voltage,121.11,2025-09-10 13:17:38.272607
filament_temp,230.3,2025-09-10 13:17:38.772834
bed_temp,59.6,2025-09-10 13:17:38.772834
current,0.55,2025-09-10 13:17:38.772834
power,216.7,2025-09-10 13:17:38.772834
voltage,121.11,2025-09-10 13:17:38.772834
filament_temp,229.2,2025-09-10 13:17:39.273063
bed_temp,60.2,2025-09-10 13:17:39.273063
current,0.55,2025-09-10 13:17:39.273063
power,216.7,2025-09-10 13:17:39.273063
voltage,121.11,2025-09-10 13:17:39.273063
filament_temp,229.2,2025-09-10 13:17:39.773288
bed_temp,60.2,2025-09-10 13:17:39.773288
current,0.55,2025-09-10 13:17:39.773288
power,53.8,2025-09-10 13:17:39.773288
voltage,121.11,2025-09-10 13:17:39.773288
filament_temp,229.2,2025-09-10 13:17:40.273499
bed_temp,60.2,2025-09-10 13:17:40.273499
current,0.55,2025-09-10 13:17:40.273499
power,53.8,2025-09-10 13:17:40.273499
voltage,121.11,2025-09-10 13:17:40.273499
filament_temp,229.2,2025-09-10 13:17:40.773710
bed_temp,60.2,2025-09-10 13:17:40.773710
current,0.55,2025-09-10 13:17:40.773710
power,53.8,2025-09-10 13:17:40.773710
voltage,121.11,2025-09-10 13:17:40.773710
filament_temp,229.7,2025-09-10 13:17:41.273939
bed_temp,59.7,2025-09-10 13:17:41.273939
current,0.55,2025-09-10 13:17:41.273939
power,53.8,2025-09-10 13:17:41.273939
voltage,121.11,2025-09-10 13:17:41.273939
filament_temp,229.7,2025-09-10 13:17:41.774129
bed_temp,59.7,2025-09-10 13:17:41.774129
current,1.97,2025-09-10 13:17:41.774129
power,53.8,2025-09-10 13:17:41.774129
voltage,121.11,2025-09-10 13:17:41.774129
filament_temp,229.7,2025-09-10 13:17:42.274316
bed_temp,59.7,2025-09-10 13:17:42.274316
current,1.97,2025-09-10 13:17:42.274316
power,231.4,2025-09-10 13:17:42.274316
voltage,121.11,2025-09-10 13:17:42.274316
filament_temp,229.7,2025-09-10 13:17:42.774524
bed_temp,59.7,2025-09-10 13:17:42.774524
current,1.97,2025-09-10 13:17:42.774524
power,231.4,2025-09-10 13:17:42.774524
voltage,121.11,2025-09-10 13:17:42.774524
filament_temp,229.8,2025-09-10 13:17:43.274744
bed_temp,60.2,2025-09-10 13:17:43.274744
current,1.97,2025-09-10 13:17:43.274744
power,231.4,2025-09-10 13:17:43.274744
voltage,121.11,2025-09-10 13:17:43.274744
filament_temp,229.8,2025-09-10 13:17:43.774989
bed_temp,60.2,2025-09-10 13:17:43.774989
current,1.97,2025-09-10 13:17:43.774989
power,231.4,2025-09-10 13:17:43.774989
voltage,121.11,2025-09-10 13:17:43.774989
filament_temp,229.8,2025-09-10 13:17:44.275186
bed_temp,60.2,2025-09-10 13:17:44.275186
current,1.97,2025-09-10 13:17:44.275186
power,231.4,2025-09-10 13:17:44.275186
voltage,121.11,2025-09-10 13:17:44.275186
filament_temp,229.8,2025-09-10 13:17:44.775424
bed_temp,60.2,2025-09-10 13:17:44.775424
current,1.97,2025-09-10 13:17:44.775424
power,231.4,2025-09-10 13:17:44.775424
voltage,121.11,2025-09-10 13:17:44.775424
filament_temp,230.0,2025-09-10 13:17:45.275653
bed_temp,59.9,2025-09-10 13:17:45.275653
current,1.97,2025-09-10 13:17:45.275653
power,231.4,2025-09-10 13:17:45.275653
voltage,121.11,2025-09-10 13:17:45.275653
filament_temp,230.0,2025-09-10 13:17:45.775894
bed_temp,59.9,2025-09-10 13:17:45.775894
current,1.97,2025-09-10 13:17:45.775894
power,231.4,2025-09-10 13:17:45.775894
voltage,121.11,2025-09-10 13:17:45.775894
filament_temp,230.0,2025-09-10 13:17:46.276096
bed_temp,59.9,2025-09-10 13:17:46.276096
current,1.97,2025-09-10 13:17:46.276096
power,231.4,2025-09-10 13:17:46.276096
voltage,121.11,2025-09-10 13:17:46.276096
filament_temp,230.0,2025-09-10 13:17:46.776326
bed_temp,59.9,2025-09-10 13:17:46.776326
current,1.97,2025-09-10 13:17:46.776326
power,231.4,2025-09-10 13:17:46.776326
voltage,121.11,2025-09-10 13:17:46.776326
filament_temp,229.8,2025-09-10 13:17:47.276522
bed_temp,59.1,2025-09-10 13:17:47.276522
current,1.97,2025-09-10 13:17:47.276522
power,228.2,2025-09-10 13:17:47.276522
voltage,121.11,2025-09-10 13:17:47.276522
filament_temp,229.8,2025-09-10 13:17:47.776752
bed_temp,59.1,2025-09-10 13:17:47.776752
current,1.97,2025-09-10 13:17:47.776752
power,228.2,2025-09-10 13:17:47.776752
voltage,121.11,2025-09-10 13:17:47.776752
filament_temp,229.8,2025-09-10 13:17:48.277005
bed_temp,59.1,2025-09-10 13:17:48.277005
current,1.97,2025-09-10 13:17:48.277005
power,219.8,2025-09-10 13:17:48.277005
voltage,121.11,2025-09-10 13:17:48.277005
filament_temp,229.8,2025-09-10 13:17:48.777213
bed_temp,59.1,2025-09-10 13:17:48.777213
current,1.97,2025-09-10 13:17:48.777213
power,230.7,2025-09-10 13:17:48.777213
voltage,121.11,2025-09-10 13:17:48.777213
filament_temp,229.0,2025-09-10 13:17:49.277421
bed_temp,59.4,2025-09-10 13:17:49.277421
current,1.97,2025-09-10 13:17:49.277421
power,230.7,2025-09-10 13:17:49.277421
voltage,121.11,2025-09-10 13:17:49.277421
filament_temp,229.0,2025-09-10 13:17:49.777646
bed_temp,59.4,2025-09-10 13:17:49.777646
current,1.97,2025-09-10 13:17:49.777646
power,230.7,2025-09-10 13:17:49.777646
voltage,121.11,2025-09-10 13:17:49.777646
filament_temp,229.0,2025-09-10 13:17:50.277879
bed_temp,59.4,2025-09-10 13:17:50.277879
current,1.97,2025-09-10 13:17:50.277879
power,230.7,2025-09-10 13:17:50.277879
voltage,121.11,2025-09-10 13:17:50.277879
filament_temp,229.0,2025-09-10 13:17:50.778101
bed_temp,59.4,2025-09-10 13:17:50.778101
current,1.97,2025-09-10 13:17:50.778101
power,230.7,2025-09-10 13:17:50.778101
voltage,121.11,2025-09-10 13:17:50.778101
filament_temp,229.7,2025-09-10 13:17:51.278311
bed_temp,59.7,2025-09-10 13:17:51.278311
current,1.97,2025-09-10 13:17:51.278311
power,230.7,2025-09-10 13:17:51.278311
voltage,121.11,2025-09-10 13:17:51.278311
filament_temp,229.7,2025-09-10 13:17:51.778537
bed_temp,59.7,2025-09-10 13:17:51.778537
current,1.97,2025-09-10 13:17:51.778537
power,230.7,2025-09-10 13:17:51.778537
voltage,121.11,2025-09-10 13:17:51.778537
filament_temp,229.7,2025-09-10 13:17:52.278774
bed_temp,59.7,2025-09-10 13:17:52.278774
current,1.97,2025-09-10 13:17:52.278774
power,230.7,2025-09-10 13:17:52.278774
voltage,121.11,2025-09-10 13:17:52.278774
filament_temp,229.7,2025-09-10 13:17:52.779009
bed_temp,59.7,2025-09-10 13:17:52.779009
current,1.97,2025-09-10 13:17:52.779009
power,230.7,2025-09-10 13:17:52.779009
voltage,121.11,2025-09-10 13:17:52.779009
filament_temp,230.8,2025-09-10 13:17:53.279243
bed_temp,60.6,2025-09-10 13:17:53.279243
current,1.97,2025-09-10 13:17:53.279243
power,230.7,2025-09-10 13:17:53.279243
voltage,121.11,2025-09-10 13:17:53.279243
filament_temp,230.8,2025-09-10 13:17:53.779473
bed_temp,60.6,2025-09-10 13:17:53.779473
current,1.97,2025-09-10 13:17:53.779473
power,230.7,2025-09-10 13:17:53.779473
voltage,121.11,2025-09-10 13:17:53.779473
filament_temp,230.8,2025-09-10 13:17:54.279698
bed_temp,60.6,2025-09-10 13:17:54.279698
current,1.97,2025-09-10 13:17:54.279698
power,230.7,2025-09-10 13:17:54.279698
voltage,121.11,2025-09-10 13:17:54.279698
filament_temp,230.8,2025-09-10 13:17:54.779885
bed_temp,60.6,2025-09-10 13:17:54.779885
current,1.97,2025-09-10 13:17:54.779885
power,230.7,2025-09-10 13:17:54.779885
voltage,121.11,2025-09-10 13:17:54.779885
filament_temp,229.8,2025-09-10 13:17:55.280064
bed_temp,60.6,2025-09-10 13:17:55.280064
current,1.97,2025-09-10 13:17:55.280064
power,230.7,2025-09-10 13:17:55.280064
voltage,121.11,2025-09-10 13:17:55.280064
filament_temp,229.8,2025-09-10 13:17:55.780284
bed_temp,60.6,2025-09-10 13:17:55.780284
current,1.97,2025-09-10 13:17:55.780284
power,230.7,2025-09-10 13:17:55.780284
voltage,121.11,2025-09-10 13:17:55.780284
filament_temp,229.8,2025-09-10 13:17:56.280482
bed_temp,60.6,2025-09-10 13:17:56.280482
current,1.97,2025-09-10 13:17:56.280482
power,230.7,2025-09-10 13:17:56.280482
voltage,121.11,2025-09-10 13:17:56.280482
filament_temp,229.8,2025-09-10 13:17:56.780715
bed_temp,60.6,2025-09-10 13:17:56.780715
current,1.97,2025-09-10 13:17:56.780715
power,230.7,2025-09-10 13:17:56.780715
voltage,121.11,2025-09-10 13:17:56.780715
filament_temp,230.8,2025-09-10 13:17:57.280940
bed_temp,60.8,2025-09-10 13:17:57.280940
current,1.97,2025-09-10 13:17:57.280940
power,230.7,2025-09-10 13:17:57.280940
voltage,121.11,2025-09-10 13:17:57.280940
filament_temp,230.8,2025-09-10 13:17:57.781157
bed_temp,60.8,2025-09-10 13:17:57.781157
current,1.97,2025-09-10 13:17:57.781157
power,230.7,2025-09-10 13:17:57.781157
voltage,121.11,2025-09-10 13:17:57.781157
filament_temp,230.8,2025-09-10 13:17:58.281401
bed_temp,60.8,2025-09-10 13:17:58.281401
current,1.97,2025-09-10 13:17:58.281401
power,230.7,2025-09-10 13:17:58.281401
voltage,121.11,2025-09-10 13:17:58.281401
filament_temp,230.8,2025-09-10 13:17:58.781645
bed_temp,60.8,2025-09-10 13:17:58.781645
current,1.97,2025-09-10 13:17:58.781645
power,230.7,2025-09-10 13:17:58.781645
voltage,121.11,2025-09-10 13:17:58.781645
filament_temp,229.3,2025-09-10 13:17:59.281856
bed_temp,60.3,2025-09-10 13:17:59.281856
current,1.97,2025-09-10 13:17:59.281856
power,230.7,2025-09-10 13:17:59.281856
voltage,121.11,2025-09-10 13:17:59.281856
filament_temp,229.3,2025-09-10 13:17:59.782059
bed_temp,60.3,2025-09-10 13:17:59.782059
current,1.97,2025-09-10 13:17:59.782059
power,230.7,2025-09-10 13:17:59.782059
voltage,121.11,2025-09-10 13:17:59.782059
filament_temp,229.3,2025-09-10 13:18:00.282284
bed_temp,60.3,2025-09-10 13:18:00.282284
current,1.97,2025-09-10 13:18:00.282284
power,230.7,2025-09-10 13:18:00.282284
voltage,121.11,2025-09-10 13:18:00.282284
filament_temp,229.3,2025-09-10 13:18:00.782521
bed_temp,60.3,2025-09-10 13:18:00.782521
current,1.97,2025-09-10 13:18:00.782521
power,230.7,2025-09-10 13:18:00.782521
voltage,121.11,2025-09-10 13:18:00.782521
filament_temp,230.3,2025-09-10 13:18:01.282757
bed_temp,61.4,2025-09-10 13:18:01.282757
current,1.97,2025-09-10 13:18:01.282757
power,230.7,2025-09-10 13:18:01.282757
voltage,121.11,2025-09-10 13:18:01.282757
filament_temp,230.3,2025-09-10 13:18:01.783000
bed_temp,61.4,2025-09-10 13:18:01.783000
current,1.97,2025-09-10 13:18:01.783000
power,230.7,2025-09-10 13:18:01.783000
voltage,121.11,2025-09-10 13:18:01.783000
filament_temp,230.3,2025-09-10 13:18:02.283228
bed_temp,61.4,2025-09-10 13:18:02.283228
current,1.97,2025-09-10 13:18:02.283228
power,230.7,2025-09-10 13:18:02.283228
voltage,121.11,2025-09-10 13:18:02.283228
filament_temp,230.3,2025-09-10 13:18:02.783468
bed_temp,61.4,2025-09-10 13:18:02.783468
current,1.97,2025-09-10 13:18:02.783468
power,230.7,2025-09-10 13:18:02.783468
voltage,121.11,2025-09-10 13:18:02.783468
filament_temp,229.7,2025-09-10 13:18:03.283704
bed_temp,60.2,2025-09-10 13:18:03.283704
current,1.97,2025-09-10 13:18:03.283704
power,230.7,2025-09-10 13:18:03.283704
voltage,121.11,2025-09-10 13:18:03.283704
filament_temp,229.7,2025-09-10 13:18:03.783939
bed_temp,60.2,2025-09-10 13:18:03.783939
current,1.97,2025-09-10 13:18:03.783939
power,230.7,2025-09-10 13:18:03.783939
voltage,121.11,2025-09-10 13:18:03.783939
filament_temp,229.7,2025-09-10 13:18:04.284182
bed_temp,60.2,2025-09-10 13:18:04.284182
current,1.97,2025-09-10 13:18:04.284182
power,230.7,2025-09-10 13:18:04.284182
voltage,121.11,2025-09-10 13:18:04.284182
filament_temp,229.7,2025-09-10 13:18:04.784427
bed_temp,60.2,2025-09-10 13:18:04.784427
current,1.97,2025-09-10 13:18:04.784427
power,230.7,2025-09-10 13:18:04.784427
voltage,121.11,2025-09-10 13:18:04.784427
filament_temp,229.5,2025-09-10 13:18:05.284666
bed_temp,59.6,2025-09-10 13:18:05.284666
current,1.97,2025-09-10 13:18:05.284666
power,230.7,2025-09-10 13:18:05.284666
voltage,121.11,2025-09-10 13:18:05.284666
filament_temp,229.5,2025-09-10 13:18:05.784920
bed_temp,59.6,2025-09-10 13:18:05.784920
current,1.97,2025-09-10 13:18:05.784920
power,230.7,2025-09-10 13:18:05.784920
voltage,121.11,2025-09-10 13:18:05.784920
filament_temp,229.5,2025-09-10 13:18:06.285126
bed_temp,59.6,2025-09-10 13:18:06.285126
current,1.97,2025-09-10 13:18:06.285126
power,230.7,2025-09-10 13:18:06.285126
voltage,121.11,2025-09-10 13:18:06.285126
filament_temp,229.5,2025-09-10 13:18:06.785352
bed_temp,59.6,2025-09-10 13:18:06.785352
current,1.97,2025-09-10 13:18:06.785352
power,230.7,2025-09-10 13:18:06.785352
voltage,121.11,2025-09-10 13:18:06.785352
filament_temp,230.0,2025-09-10 13:18:07.285597
bed_temp,60.8,2025-09-10 13:18:07.285597
current,1.97,2025-09-10 13:18:07.285597
power,230.7,2025-09-10 13:18:07.285597
voltage,121.11,2025-09-10 13:18:07.285597
filament_temp,230.0,2025-09-10 13:18:07.785842
bed_temp,60.8,2025-09-10 13:18:07.785842
current,1.97,2025-09-10 13:18:07.785842
power,230.7,2025-09-10 13:18:07.785842
voltage,121.11,2025-09-10 13:18:07.785842
filament_temp,230.0,2025-09-10 13:18:08.286066
bed_temp,60.8,2025-09-10 13:18:08.286066
current,1.97,2025-09-10 13:18:08.286066
power,230.7,2025-09-10 13:18:08.286066
voltage,121.11,2025-09-10 13:18:08.286066
filament_temp,230.0,2025-09-10 13:18:08.786297
bed_temp,60.8,2025-09-10 13:18:08.786297
current,1.97,2025-09-10 13:18:08.786297
power,230.7,2025-09-10 13:18:08.786297
voltage,121.11,2025-09-10 13:18:08.786297
filament_temp,230.7,2025-09-10 13:18:09.286510
bed_temp,60.0,2025-09-10 13:18:09.286510
current,1.97,2025-09-10 13:18:09.286510
power,230.7,2025-09-10 13:18:09.286510
voltage,121.11,2025-09-10 13:18:09.286510
filament_temp,230.7,2025-09-10 13:18:09.786751
bed_temp,60.0,2025-09-10 13:18:09.786751
current,1.97,2025-09-10 13:18:09.786751
power,230.7,2025-09-10 13:18:09.786751
voltage,121.11,2025-09-10 13:18:09.786751
filament_temp,230.7,2025-09-10 13:18:10.286994
bed_temp,60.0,2025-09-10 13:18:10.286994
current,1.97,2025-09-10 13:18:10.286994
power,230.7,2025-09-10 13:18:10.286994
voltage,121.11,2025-09-10 13:18:10.286994
filament_temp,230.7,2025-09-10 13:18:10.787208
bed_temp,60.0,2025-09-10 13:18:10.787208
current,1.97,2025-09-10 13:18:10.787208
power,230.7,2025-09-10 13:18:10.787208
voltage,121.11,2025-09-10 13:18:10.787208
filament_temp,230.3,2025-09-10 13:18:11.287436
bed_temp,59.6,2025-09-10 13:18:11.287436
current,1.83,2025-09-10 13:18:11.287436
power,230.7,2025-09-10 13:18:11.287436
voltage,121.11,2025-09-10 13:18:11.287436
filament_temp,230.3,2025-09-10 13:18:11.787658
bed_temp,59.6,2025-09-10 13:18:11.787658
current,1.83,2025-09-10 13:18:11.787658
power,230.7,2025-09-10 13:18:11.787658
voltage,121.11,2025-09-10 13:18:11.787658
filament_temp,230.3,2025-09-10 13:18:12.287846
bed_temp,59.6,2025-09-10 13:18:12.287846
current,1.83,2025-09-10 13:18:12.287846
power,230.7,2025-09-10 13:18:12.287846
voltage,121.11,2025-09-10 13:18:12.287846
filament_temp,230.3,2025-09-10 13:18:12.788077
bed_temp,59.6,2025-09-10 13:18:12.788077
current,1.83,2025-09-10 13:18:12.788077
power,230.7,2025-09-10 13:18:12.788077
voltage,121.11,2025-09-10 13:18:12.788077
filament_temp,230.8,2025-09-10 13:18:13.288305
bed_temp,59.3,2025-09-10 13:18:13.288305
current,1.83,2025-09-10 13:18:13.288305
power,230.7,2025-09-10 13:18:13.288305
voltage,121.11,2025-09-10 13:18:13.288305
filament_temp,230.8,2025-09-10 13:18:13.788535
bed_temp,59.3,2025-09-10 13:18:13.788535
current,1.83,2025-09-10 13:18:13.788535
power,230.7,2025-09-10 13:18:13.788535
voltage,121.11,2025-09-10 13:18:13.788535
filament_temp,230.8,2025-09-10 13:18:14.288763
bed_temp,59.3,2025-09-10 13:18:14.288763
current,1.94,2025-09-10 13:18:14.288763
power,230.7,2025-09-10 13:18:14.288763
voltage,121.11,2025-09-10 13:18:14.288763
filament_temp,230.8,2025-09-10 13:18:14.788970
bed_temp,59.3,2025-09-10 13:18:14.788970
current,1.94,2025-09-10 13:18:14.788970
power,230.7,2025-09-10 13:18:14.788970
voltage,121.11,2025-09-10 13:18:14.788970
filament_temp,230.0,2025-09-10 13:18:15.289204
bed_temp,60.2,2025-09-10 13:18:15.289204
current,1.94,2025-09-10 13:18:15.289204
power,230.7,2025-09-10 13:18:15.289204
voltage,121.11,2025-09-10 13:18:15.289204
filament_temp,230.0,2025-09-10 13:18:15.789435
bed_temp,60.2,2025-09-10 13:18:15.789435
current,1.94,2025-09-10 13:18:15.789435
power,230.7,2025-09-10 13:18:15.789435
voltage,121.11,2025-09-10 13:18:15.789435
filament_temp,230.0,2025-09-10 13:18:16.289662
bed_temp,60.2,2025-09-10 13:18:16.289662
current,1.94,2025-09-10 13:18:16.289662
power,230.7,2025-09-10 13:18:16.289662
voltage,121.11,2025-09-10 13:18:16.289662
filament_temp,230.0,2025-09-10 13:18:16.789848
bed_temp,60.2,2025-09-10 13:18:16.789848
current,1.94,2025-09-10 13:18:16.789848
power,230.7,2025-09-10 13:18:16.789848
voltage,121.11,2025-09-10 13:18:16.789848
filament_temp,230.0,2025-09-10 13:18:17.290037
bed_temp,60.0,2025-09-10 13:18:17.290037
current,1.94,2025-09-10 13:18:17.290037
power,230.7,2025-09-10 13:18:17.290037
voltage,121.11,2025-09-10 13:18:17.290037
filament_temp,230.0,2025-09-10 13:18:17.790266
bed_temp,60.0,2025-09-10 13:18:17.790266
current,1.94,2025-09-10 13:18:17.790266
power,230.7,2025-09-10 13:18:17.790266
voltage,121.11,2025-09-10 13:18:17.790266
filament_temp,230.0,2025-09-10 13:18:18.290498
bed_temp,60.0,2025-09-10 13:18:18.290498
current,1.94,2025-09-10 13:18:18.290498
power,217.1,2025-09-10 13:18:18.290498
voltage,121.11,2025-09-10 13:18:18.290498
filament_temp,230.0,2025-09-10 13:18:18.790709
bed_temp,60.0,2025-09-10 13:18:18.790709
current,1.94,2025-09-10 13:18:18.790709
power,217.1,2025-09-10 13:18:18.790709
voltage,121.11,2025-09-10 13:18:18.790709
filament_temp,230.2,2025-09-10 13:18:19.290940
bed_temp,60.3,2025-09-10 13:18:19.290940
current,1.94,2025-09-10 13:18:19.290940
power,217.1,2025-09-10 13:18:19.290940
voltage,121.11,2025-09-10 13:18:19.290940
filament_temp,230.2,2025-09-10 13:18:19.791172
bed_temp,60.3,2025-09-10 13:18:19.791172
current,1.94,2025-09-10 13:18:19.791172
power,225.8,2025-09-10 13:18:19.791172
voltage,121.11,2025-09-10 13:18:19.791172
filament_temp,230.2,2025-09-10 13:18:20.291405
bed_temp,60.3,2025-09-10 13:18:20.291405
current,1.94,2025-09-10 13:18:20.291405
power,225.8,2025-09-10 13:18:20.291405
voltage,121.11,2025-09-10 13:18:20.291405
filament_temp,230.2,2025-09-10 13:18:20.791592
bed_temp,60.3,2025-09-10 13:18:20.791592
current,1.94,2025-09-10 13:18:20.791592
power,225.8,2025-09-10 13:18:20.791592
voltage,121.11,2025-09-10 13:18:20.791592
filament_temp,229.7,2025-09-10 13:18:21.291794
bed_temp,60.9,2025-09-10 13:18:21.291794
current,1.94,2025-09-10 13:18:21.291794
power,225.8,2025-09-10 13:18:21.291794
voltage,121.11,2025-09-10 13:18:21.291794
filament_temp,229.7,2025-09-10 13:18:21.792023
bed_temp,60.9,2025-09-10 13:18:21.792023
current,1.94,2025-09-10 13:18:21.792023
power,225.8,2025-09-10 13:18:21.792023
voltage,121.11,2025-09-10 13:18:21.792023
filament_temp,229.7,2025-09-10 13:18:22.292255
bed_temp,60.9,2025-09-10 13:18:22.292255
current,1.94,2025-09-10 13:18:22.292255
power,225.8,2025-09-10 13:18:22.292255
voltage,121.11,2025-09-10 13:18:22.292255
filament_temp,229.7,2025-09-10 13:18:22.792482
bed_temp,60.9,2025-09-10 13:18:22.792482
current,1.94,2025-09-10 13:18:22.792482
power,59.4,2025-09-10 13:18:22.792482
voltage,121.11,2025-09-10 13:18:22.792482
filament_temp,230.3,2025-09-10 13:18:23.292719
bed_temp,60.2,2025-09-10 13:18:23.292719
current,1.94,2025-09-10 13:18:23.292719
power,59.4,2025-09-10 13:18:23.292719
voltage,121.11,2025-09-10 13:18:23.292719
filament_temp,230.3,2025-09-10 13:18:23.792943
bed_temp,60.2,2025-09-10 13:18:23.792943
current,1.94,2025-09-10 13:18:23.792943
power,59.4,2025-09-10 13:18:23.792943
voltage,121.11,2025-09-10 13:18:23.792943
filament_temp,230.3,2025-09-10 13:18:24.293143
bed_temp,60.2,2025-09-10 13:18:24.293143
current,1.94,2025-09-10 13:18:24.293143
power,59.4,2025-09-10 13:18:24.293143
voltage,121.11,2025-09-10 13:18:24.293143
filament_temp,230.3,2025-09-10 13:18:24.793363
bed_temp,60.2,2025-09-10 13:18:24.793363
current,1.94,2025-09-10 13:18:24.793363
power,59.4,2025-09-10 13:18:24.793363
voltage,121.11,2025-09-10 13:18:24.793363
filament_temp,229.3,2025-09-10 13:18:25.293558
bed_temp,59.3,2025-09-10 13:18:25.293558
current,1.94,2025-09-10 13:18:25.293558
power,59.4,2025-09-10 13:18:25.293558
voltage,121.11,2025-09-10 13:18:25.293558
filament_temp,229.3,2025-09-10 13:18:25.793778
bed_temp,59.3,2025-09-10 13:18:25.793778
current,1.94,2025-09-10 13:18:25.793778
power,59.4,2025-09-10 13:18:25.793778
voltage,121.11,2025-09-10 13:18:25.793778
filament_temp,229.3,2025-09-10 13:18:26.294006
bed_temp,59.3,2025-09-10 13:18:26.294006
current,1.94,2025-09-10 13:18:26.294006
power,59.4,2025-09-10 13:18:26.294006
voltage,121.11,2025-09-10 13:18:26.294006
filament_temp,229.3,2025-09-10 13:18:26.794227
bed_temp,59.3,2025-09-10 13:18:26.794227
current,1.94,2025-09-10 13:18:26.794227
power,59.4,2025-09-10 13:18:26.794227
voltage,121.11,2025-09-10 13:18:26.794227
filament_temp,229.0,2025-09-10 13:18:27.294450
bed_temp,60.3,2025-09-10 13:18:27.294450
current,1.94,2025-09-10 13:18:27.294450
power,59.4,2025-09-10 13:18:27.294450
voltage,121.11,2025-09-10 13:18:27.294450
filament_temp,229.0,2025-09-10 13:18:27.794695
bed_temp,60.3,2025-09-10 13:18:27.794695
current,1.94,2025-09-10 13:18:27.794695
power,59.4,2025-09-10 13:18:27.794695
voltage,121.11,2025-09-10 13:18:27.794695
filament_temp,229.0,2025-09-10 13:18:28.294922
bed_temp,60.3,2025-09-10 13:18:28.294922
current,1.94,2025-09-10 13:18:28.294922
power,59.4,2025-09-10 13:18:28.294922
voltage,121.11,2025-09-10 13:18:28.294922
filament_temp,229.0,2025-09-10 13:18:28.795165
bed_temp,60.3,2025-09-10 13:18:28.795165
current,1.94,2025-09-10 13:18:28.795165
power,59.4,2025-09-10 13:18:28.795165
voltage,121.11,2025-09-10 13:18:28.795165
filament_temp,230.3,2025-09-10 13:18:29.295409
bed_temp,60.6,2025-09-10 13:18:29.295409
current,1.94,2025-09-10 13:18:29.295409
power,59.4,2025-09-10 13:18:29.295409
voltage,121.11,2025-09-10 13:18:29.295409
filament_temp,230.3,2025-09-10 13:18:29.795612
bed_temp,60.6,2025-09-10 13:18:29.795612
current,1.94,2025-09-10 13:18:29.795612
power,59.4,2025-09-10 13:18:29.795612
voltage,121.11,2025-09-10 13:18:29.795612
filament_temp,230.3,2025-09-10 13:18:30.295842
bed_temp,60.6,2025-09-10 13:18:30.295842
current,1.94,2025-09-10 13:18:30.295842
power,59.4,2025-09-10 13:18:30.295842
voltage,121.11,2025-09-10 13:18:30.295842
filament_temp,230.3,2025-09-10 13:18:30.796069
bed_temp,60.6,2025-09-10 13:18:30.796069
current,1.94,2025-09-10 13:18:30.796069
power,59.4,2025-09-10 13:18:30.796069
voltage,121.11,2025-09-10 13:18:30.796069
filament_temp,231.0,2025-09-10 13:18:31.296299
bed_temp,60.3,2025-09-10 13:18:31.296299
current,1.94,2025-09-10 13:18:31.296299
power,59.4,2025-09-10 13:18:31.296299
voltage,121.11,2025-09-10 13:18:31.296299
filament_temp,231.0,2025-09-10 13:18:31.796532
bed_temp,60.3,2025-09-10 13:18:31.796532
current,1.94,2025-09-10 13:18:31.796532
power,59.4,2025-09-10 13:18:31.796532
voltage,121.11,2025-09-10 13:18:31.796532
filament_temp,231.0,2025-09-10 13:18:32.296758
bed_temp,60.3,2025-09-10 13:18:32.296758
current,1.94,2025-09-10 13:18:32.296758
power,59.4,2025-09-10 13:18:32.296758
voltage,121.11,2025-09-10 13:18:32.296758
filament_temp,231.0,2025-09-10 13:18:32.796954
bed_temp,60.3,2025-09-10 13:18:32.796954
current,1.94,2025-09-10 13:18:32.796954
power,217.9,2025-09-10 13:18:32.796954
voltage,121.11,2025-09-10 13:18:32.796954
filament_temp,229.7,2025-09-10 13:18:33.297162
bed_temp,60.2,2025-09-10 13:18:33.297162
current,1.94,2025-09-10 13:18:33.297162
power,227.5,2025-09-10 13:18:33.297162
voltage,121.11,2025-09-10 13:18:33.297162
filament_temp,229.7,2025-09-10 13:18:33.797367
bed_temp,60.2,2025-09-10 13:18:33.797367
current,1.94,2025-09-10 13:18:33.797367
power,227.5,2025-09-10 13:18:33.797367
voltage,121.11,2025-09-10 13:18:33.797367
filament_temp,229.7,2025-09-10 13:18:34.297596
bed_temp,60.2,2025-09-10 13:18:34.297596
current,1.94,2025-09-10 13:18:34.297596
power,227.5,2025-09-10 13:18:34.297596
voltage,121.11,2025-09-10 13:18:34.297596
filament_temp,229.7,2025-09-10 13:18:34.797809
bed_temp,60.2,2025-09-10 13:18:34.797809
current,1.94,2025-09-10 13:18:34.797809
power,227.5,2025-09-10 13:18:34.797809
voltage,121.11,2025-09-10 13:18:34.797809
filament_temp,230.3,2025-09-10 13:18:35.298032
bed_temp,60.8,2025-09-10 13:18:35.298032
current,1.94,2025-09-10 13:18:35.298032
power,227.5,2025-09-10 13:18:35.298032
voltage,121.11,2025-09-10 13:18:35.298032
filament_temp,230.3,2025-09-10 13:18:35.798254
bed_temp,60.8,2025-09-10 13:18:35.798254
current,1.94,2025-09-10 13:18:35.798254
power,227.5,2025-09-10 13:18:35.798254
voltage,121.11,2025-09-10 13:18:35.798254
filament_temp,230.3,2025-09-10 13:18:36.298500
bed_temp,60.8,2025-09-10 13:18:36.298500
current,1.94,2025-09-10 13:18:36.298500
power,227.5,2025-09-10 13:18:36.298500
voltage,121.11,2025-09-10 13:18:36.298500
filament_temp,230.3,2025-09-10 13:18:36.798741
bed_temp,60.8,2025-09-10 13:18:36.798741
current,1.94,2025-09-10 13:18:36.798741
power,227.5,2025-09-10 13:18:36.798741
voltage,121.11,2025-09-10 13:18:36.798741
filament_temp,230.2,2025-09-10 13:18:37.298985
bed_temp,59.1,2025-09-10 13:18:37.298985
current,0.57,2025-09-10 13:18:37.298985
power,227.5,2025-09-10 13:18:37.298985
voltage,121.11,2025-09-10 13:18:37.298985
filament_temp,230.2,2025-09-10 13:18:37.799225
bed_temp,59.1,2025-09-10 13:18:37.799225
current,0.57,2025-09-10 13:18:37.799225
power,58.5,2025-09-10 13:18:37.799225
voltage,121.11,2025-09-10 13:18:37.799225
filament_temp,230.2,2025-09-10 13:18:38.299428
bed_temp,59.1,2025-09-10 13:18:38.299428
current,0.57,2025-09-10 13:18:38.299428
power,58.5,2025-09-10 13:18:38.299428
voltage,121.11,2025-09-10 13:18:38.299428
filament_temp,230.2,2025-09-10 13:18:38.799631
bed_temp,59.1,2025-09-10 13:18:38.799631
current,0.57,2025-09-10 13:18:38.799631
power,58.5,2025-09-10 13:18:38.799631
voltage,121.11,2025-09-10 13:18:38.799631
filament_temp,229.8,2025-09-10 13:18:39.299864
bed_temp,59.9,2025-09-10 13:18:39.299864
current,0.57,2025-09-10 13:18:39.299864
power,58.5,2025-09-10 13:18:39.299864
voltage,121.11,2025-09-10 13:18:39.299864
filament_temp,229.8,2025-09-10 13:18:39.800064
bed_temp,59.9,2025-09-10 13:18:39.800064
current,0.57,2025-09-10 13:18:39.800064
power,58.5,2025-09-10 13:18:39.800064
voltage,121.11,2025-09-10 13:18:39.800064
filament_temp,229.8,2025-09-10 13:18:40.300308
bed_temp,59.9,2025-09-10 13:18:40.300308
current,0.57,2025-09-10 13:18:40.300308
power,58.5,2025-09-10 13:18:40.300308
voltage,121.11,2025-09-10 13:18:40.300308
filament_temp,229.8,2025-09-10 13:18:40.800538
bed_temp,59.9,2025-09-10 13:18:40.800538
current,0.57,2025-09-10 13:18:40.800538
power,58.5,2025-09-10 13:18:40.800538
voltage,121.11,2025-09-10 13:18:40.800538
filament_temp,230.2,2025-09-10 13:18:41.300757
bed_temp,59.6,2025-09-10 13:18:41.300757
current,0.57,2025-09-10 13:18:41.300757
power,58.5,2025-09-10 13:18:41.300757
voltage,121.11,2025-09-10 13:18:41.300757
filament_temp,230.2,2025-09-10 13:18:41.800986
bed_temp,59.6,2025-09-10 13:18:41.800986
current,1.85,2025-09-10 13:18:41.800986
power,58.5,2025-09-10 13:18:41.800986
voltage,121.11,2025-09-10 13:18:41.800986
filament_temp,230.2,2025-09-10 13:18:42.301219
bed_temp,59.6,2025-09-10 13:18:42.301219
current,1.85,2025-09-10 13:18:42.301219
power,58.5,2025-09-10 13:18:42.301219
voltage,121.11,2025-09-10 13:18:42.301219
filament_temp,230.2,2025-09-10 13:18:42.801445
bed_temp,59.6,2025-09-10 13:18:42.801445
current,1.85,2025-09-10 13:18:42.801445
power,58.5,2025-09-10 13:18:42.801445
voltage,121.11,2025-09-10 13:18:42.801445
filament_temp,229.8,2025-09-10 13:18:43.301659
bed_temp,59.1,2025-09-10 13:18:43.301659
current,1.85,2025-09-10 13:18:43.301659
power,58.5,2025-09-10 13:18:43.301659
voltage,121.11,2025-09-10 13:18:43.301659
filament_temp,229.8,2025-09-10 13:18:43.801872
bed_temp,59.1,2025-09-10 13:18:43.801872
current,1.85,2025-09-10 13:18:43.801872
power,215.2,2025-09-10 13:18:43.801872
voltage,121.11,2025-09-10 13:18:43.801872
filament_temp,229.8,2025-09-10 13:18:44.302114
bed_temp,59.1,2025-09-10 13:18:44.302114
current,1.85,2025-09-10 13:18:44.302114
power,215.2,2025-09-10 13:18:44.302114
voltage,121.11,2025-09-10 13:18:44.302114
filament_temp,229.8,2025-09-10 13:18:44.802327
bed_temp,59.1,2025-09-10 13:18:44.802327
current,1.85,2025-09-10 13:18:44.802327
power,215.2,2025-09-10 13:18:44.802327
voltage,121.11,2025-09-10 13:18:44.802327
filament_temp,230.0,2025-09-10 13:18:45.302590
bed_temp,59.3,2025-09-10 13:18:45.302590
current,1.85,2025-09-10 13:18:45.302590
power,226,2025-09-10 13:18:45.302590
voltage,121.11,2025-09-10 13:18:45.302590
filament_temp,230.0,2025-09-10 13:18:45.802853
bed_temp,59.3,2025-09-10 13:18:45.802853
current,1.85,2025-09-10 13:18:45.802853
power,226,2025-09-10 13:18:45.802853
voltage,121.11,2025-09-10 13:18:45.802853
filament_temp,230.0,2025-09-10 13:18:46.303117
bed_temp,59.3,2025-09-10 13:18:46.303117
current,1.85,2025-09-10 13:18:46.303117
power,226,2025-09-10 13:18:46.303117
voltage,121.11,2025-09-10 13:18:46.303117
filament_temp,230.0,2025-09-10 13:18:46.803350
bed_temp,59.3,2025-09-10 13:18:46.803350
current,1.85,2025-09-10 13:18:46.803350
power,226,2025-09-10 13:18:46.803350
voltage,121.11,2025-09-10 13:18:46.803350
filament_temp,230.3,2025-09-10 13:18:47.303580
bed_temp,59.7,2025-09-10 13:18:47.303580
current,1.85,2025-09-10 13:18:47.303580
power,226,2025-09-10 13:18:47.303580
voltage,121.11,2025-09-10 13:18:47.303580
filament_temp,230.3,2025-09-10 13:18:47.803831
bed_temp,59.7,2025-09-10 13:18:47.803831
current,1.85,2025-09-10 13:18:47.803831
power,226,2025-09-10 13:18:47.803831
voltage,121.11,2025-09-10 13:18:47.803831
filament_temp,230.3,2025-09-10 13:18:48.303985
bed_temp,59.7,2025-09-10 13:18:48.303985
current,1.85,2025-09-10 13:18:48.303985
power,226,2025-09-10 13:18:48.303985
voltage,121.11,2025-09-10 13:18:48.303985
filament_temp,230.3,2025-09-10 13:18:48.804245
bed_temp,59.7,2025-09-10 13:18:48.804245
current,1.85,2025-09-10 13:18:48.804245
power,226,2025-09-10 13:18:48.804245
voltage,121.11,2025-09-10 13:18:48.804245
filament_temp,229.7,2025-09-10 13:18:49.304451
bed_temp,60.2,2025-09-10 13:18:49.304451
current,0.59,2025-09-10 13:18:49.304451
power,226,2025-09-10 13:18:49.304451
voltage,121.11,2025-09-10 13:18:49.304451
filament_temp,229.7,2025-09-10 13:18:49.804718
bed_temp,60.2,2025-09-10 13:18:49.804718
current,0.59,2025-09-10 13:18:49.804718
power,226,2025-09-10 13:18:49.804718
voltage,121.11,2025-09-10 13:18:49.804718
filament_temp,229.7,2025-09-10 13:18:50.304992
bed_temp,60.2,2025-09-10 13:18:50.304992
current,0.59,2025-09-10 13:18:50.304992
power,226,2025-09-10 13:18:50.304992
voltage,121.11,2025-09-10 13:18:50.304992
filament_temp,229.7,2025-09-10 13:18:50.805227
bed_temp,60.2,2025-09-10 13:18:50.805227
current,0.59,2025-09-10 13:18:50.805227
power,226,2025-09-10 13:18:50.805227
voltage,121.11,2025-09-10 13:18:50.805227
filament_temp,229.2,2025-09-10 13:18:51.305465
bed_temp,59.7,2025-09-10 13:18:51.305465
current,0.59,2025-09-10 13:18:51.305465
power,226,2025-09-10 13:18:51.305465
voltage,121.11,2025-09-10 13:18:51.305465
filament_temp,229.2,2025-09-10 13:18:51.805661
bed_temp,59.7,2025-09-10 13:18:51.805661
current,0.59,2025-09-10 13:18:51.805661
power,226,2025-09-10 13:18:51.805661
voltage,121.11,2025-09-10 13:18:51.805661
filament_temp,229.2,2025-09-10 13:18:52.305886
bed_temp,59.7,2025-09-10 13:18:52.305886
current,0.59,2025-09-10 13:18:52.305886
power,226,2025-09-10 13:18:52.305886
voltage,121.11,2025-09-10 13:18:52.305886
filament_temp,229.2,2025-09-10 13:18:52.806150
bed_temp,59.7,2025-09-10 13:18:52.806150
current,0.59,2025-09-10 13:18:52.806150
power,226,2025-09-10 13:18:52.806150
voltage,121.11,2025-09-10 13:18:52.806150
filament_temp,230.2,2025-09-10 13:18:53.306371
bed_temp,59.1,2025-09-10 13:18:53.306371
current,0.59,2025-09-10 13:18:53.306371
power,56.3,2025-09-10 13:18:53.306371
voltage,121.11,2025-09-10 13:18:53.306371
filament_temp,230.2,2025-09-10 13:18:53.806637
bed_temp,59.1,2025-09-10 13:18:53.806637
current,0.59,2025-09-10 13:18:53.806637
power,56.3,2025-09-10 13:18:53.806637
voltage,121.11,2025-09-10 13:18:53.806637
filament_temp,230.2,2025-09-10 13:18:54.306901
bed_temp,59.1,2025-09-10 13:18:54.306901
current,0.59,2025-09-10 13:18:54.306901
power,56.3,2025-09-10 13:18:54.306901
voltage,121.11,2025-09-10 13:18:54.306901
filament_temp,230.2,2025-09-10 13:18:54.807164
bed_temp,59.1,2025-09-10 13:18:54.807164
current,0.59,2025-09-10 13:18:54.807164
power,51.3,2025-09-10 13:18:54.807164
voltage,121.11,2025-09-10 13:18:54.807164
filament_temp,229.3,2025-09-10 13:18:55.307398
bed_temp,60.5,2025-09-10 13:18:55.307398
current,0.59,2025-09-10 13:18:55.307398
power,51.3,2025-09-10 13:18:55.307398
voltage,121.11,2025-09-10 13:18:55.307398
filament_temp,229.3,2025-09-10 13:18:55.807567
bed_temp,60.5,2025-09-10 13:18:55.807567
current,0.59,2025-09-10 13:18:55.807567
power,51.3,2025-09-10 13:18:55.807567
voltage,121.11,2025-09-10 13:18:55.807567
filament_temp,229.3,2025-09-10 13:18:56.307803
bed_temp,60.5,2025-09-10 13:18:56.307803
current,0.59,2025-09-10 13:18:56.307803
power,51.3,2025-09-10 13:18:56.307803
voltage,121.11,2025-09-10 13:18:56.307803
filament_temp,229.3,2025-09-10 13:18:56.807889
bed_temp,60.5,2025-09-10 13:18:56.807889
current,1.9,2025-09-10 13:18:56.807889
power,51.3,2025-09-10 13:18:56.807889
voltage,121.11,2025-09-10 13:18:56.807889
filament_temp,229.3,2025-09-10 13:18:57.308150
bed_temp,60.5,2025-09-10 13:18:57.308150
current,1.9,2025-09-10 13:18:57.308150
power,51.3,2025-09-10 13:18:57.308150
voltage,121.11,2025-09-10 13:18:57.308150
filament_temp,231.0,2025-09-10 13:18:57.808419
bed_temp,60.2,2025-09-10 13:18:57.808419
current,1.9,2025-09-10 13:18:57.808419
power,229.8,2025-09-10 13:18:57.808419
voltage,121.11,2025-09-10 13:18:57.808419
filament_temp,231.0,2025-09-10 13:18:58.308684
bed_temp,60.2,2025-09-10 13:18:58.308684
current,1.9,2025-09-10 13:18:58.308684
power,229.8,2025-09-10 13:18:58.308684
voltage,121.11,2025-09-10 13:18:58.308684
filament_temp,231.0,2025-09-10 13:18:58.808974
bed_temp,60.2,2025-09-10 13:18:58.808974
current,1.9,2025-09-10 13:18:58.808974
power,229.8,2025-09-10 13:18:58.808974
voltage,121.11,2025-09-10 13:18:58.808974
filament_temp,231.0,2025-09-10 13:18:59.309261
bed_temp,59.7,2025-09-10 13:18:59.309261
current,1.9,2025-09-10 13:18:59.309261
power,229.8,2025-09-10 13:18:59.309261
voltage,121.11,2025-09-10 13:18:59.309261
filament_temp,231.0,2025-09-10 13:18:59.809470
bed_temp,59.7,2025-09-10 13:18:59.809470
current,1.9,2025-09-10 13:18:59.809470
power,229.8,2025-09-10 13:18:59.809470
voltage,121.11,2025-09-10 13:18:59.809470
filament_temp,231.0,2025-09-10 13:19:00.309691
bed_temp,59.7,2025-09-10 13:19:00.309691
current,1.9,2025-09-10 13:19:00.309691
power,229.8,2025-09-10 13:19:00.309691
voltage,121.11,2025-09-10 13:19:00.309691
filament_temp,231.0,2025-09-10 13:19:00.809957
bed_temp,59.7,2025-09-10 13:19:00.809957
current,1.9,2025-09-10 13:19:00.809957
power,229.8,2025-09-10 13:19:00.809957
voltage,121.11,2025-09-10 13:19:00.809957
filament_temp,231.0,2025-09-10 13:19:01.310193
bed_temp,59.7,2025-09-10 13:19:01.310193
current,1.9,2025-09-10 13:19:01.310193
power,229.8,2025-09-10 13:19:01.310193
voltage,121.11,2025-09-10 13:19:01.310193
filament_temp,230.3,2025-09-10 13:19:01.810444
bed_temp,60.5,2025-09-10 13:19:01.810444
current,1.9,2025-09-10 13:19:01.810444
power,229.8,2025-09-10 13:19:01.810444
voltage,121.11,2025-09-10 13:19:01.810444
filament_temp,230.3,2025-09-10 13:19:02.310686
bed_temp,60.5,2025-09-10 13:19:02.310686
current,1.9,2025-09-10 13:19:02.310686
power,229.8,2025-09-10 13:19:02.310686
voltage,121.11,2025-09-10 13:19:02.310686
filament_temp,230.3,2025-09-10 13:19:02.810951
bed_temp,60.5,2025-09-10 13:19:02.810951
current,0.58,2025-09-10 13:19:02.810951
power,229.8,2025-09-10 13:19:02.810951
voltage,121.11,2025-09-10 13:19:02.810951
filament_temp,230.7,2025-09-10 13:19:03.311217
bed_temp,59.9,2025-09-10 13:19:03.311217
current,0.58,2025-09-10 13:19:03.311217
power,229.8,2025-09-10 13:19:03.311217
voltage,121.11,2025-09-10 13:19:03.311217
filament_temp,230.7,2025-09-10 13:19:03.811482
bed_temp,59.9,2025-09-10 13:19:03.811482
current,0.58,2025-09-10 13:19:03.811482
power,229.8,2025-09-10 13:19:03.811482
voltage,121.11,2025-09-10 13:19:03.811482
filament_temp,230.7,2025-09-10 13:19:04.311720
bed_temp,59.9,2025-09-10 13:19:04.311720
current,0.58,2025-09-10 13:19:04.311720
power,229.8,2025-09-10 13:19:04.311720
voltage,121.11,2025-09-10 13:19:04.311720
filament_temp,230.7,2025-09-10 13:19:04.811946
bed_temp,59.9,2025-09-10 13:19:04.811946
current,0.58,2025-09-10 13:19:04.811946
power,229.8,2025-09-10 13:19:04.811946
voltage,121.11,2025-09-10 13:19:04.811946
filament_temp,229.7,2025-09-10 13:19:05.312112
bed_temp,60.6,2025-09-10 13:19:05.312112
current,0.58,2025-09-10 13:19:05.312112
power,229.8,2025-09-10 13:19:05.312112
voltage,121.11,2025-09-10 13:19:05.312112
filament_temp,229.7,2025-09-10 13:19:05.812379
bed_temp,60.6,2025-09-10 13:19:05.812379
current,0.58,2025-09-10 13:19:05.812379
power,229.8,2025-09-10 13:19:05.812379
voltage,121.11,2025-09-10 13:19:05.812379
filament_temp,229.7,2025-09-10 13:19:06.312643
bed_temp,60.6,2025-09-10 13:19:06.312643
current,0.58,2025-09-10 13:19:06.312643
power,229.8,2025-09-10 13:19:06.312643
voltage,121.11,2025-09-10 13:19:06.312643
filament_temp,229.7,2025-09-10 13:19:06.812931
bed_temp,60.6,2025-09-10 13:19:06.812931
current,1.82,2025-09-10 13:19:06.812931
power,229.8,2025-09-10 13:19:06.812931
voltage,121.11,2025-09-10 13:19:06.812931
filament_temp,228.8,2025-09-10 13:19:07.313196
bed_temp,60.0,2025-09-10 13:19:07.313196
current,1.82,2025-09-10 13:19:07.313196
power,229.8,2025-09-10 13:19:07.313196
voltage,121.11,2025-09-10 13:19:07.313196
filament_temp,228.8,2025-09-10 13:19:07.813434
bed_temp,60.0,2025-09-10 13:19:07.813434
current,1.82,2025-09-10 13:19:07.813434
power,229.8,2025-09-10 13:19:07.813434
voltage,121.11,2025-09-10 13:19:07.813434
filament_temp,228.8,2025-09-10 13:19:08.313669
bed_temp,60.0,2025-09-10 13:19:08.313669
current,1.82,2025-09-10 13:19:08.313669
power,229.8,2025-09-10 13:19:08.313669
voltage,121.11,2025-09-10 13:19:08.313669
filament_temp,228.8,2025-09-10 13:19:08.813867
bed_temp,60.0,2025-09-10 13:19:08.813867
current,1.94,2025-09-10 13:19:08.813867
power,229.8,2025-09-10 13:19:08.813867
voltage,121.11,2025-09-10 13:19:08.813867
filament_temp,228.8,2025-09-10 13:19:09.314070
bed_temp,59.9,2025-09-10 13:19:09.314070
current,1.94,2025-09-10 13:19:09.314070
power,229.8,2025-09-10 13:19:09.314070
voltage,121.11,2025-09-10 13:19:09.314070
filament_temp,228.8,2025-09-10 13:19:09.814247
bed_temp,59.9,2025-09-10 13:19:09.814247
current,1.94,2025-09-10 13:19:09.814247
power,229.8,2025-09-10 13:19:09.814247
voltage,121.11,2025-09-10 13:19:09.814247
filament_temp,228.8,2025-09-10 13:19:10.314458
bed_temp,59.9,2025-09-10 13:19:10.314458
current,1.94,2025-09-10 13:19:10.314458
power,229.8,2025-09-10 13:19:10.314458
voltage,121.11,2025-09-10 13:19:10.314458
filament_temp,228.8,2025-09-10 13:19:10.814705
bed_temp,59.9,2025-09-10 13:19:10.814705
current,1.94,2025-09-10 13:19:10.814705
power,229.8,2025-09-10 13:19:10.814705
voltage,121.11,2025-09-10 13:19:10.814705
filament_temp,230.5,2025-09-10 13:19:11.314946
bed_temp,60.0,2025-09-10 13:19:11.314946
current,1.94,2025-09-10 13:19:11.314946
power,229.8,2025-09-10 13:19:11.314946
voltage,121.11,2025-09-10 13:19:11.314946
filament_temp,230.5,2025-09-10 13:19:11.815184
bed_temp,60.0,2025-09-10 13:19:11.815184
current,1.94,2025-09-10 13:19:11.815184
power,229.8,2025-09-10 13:19:11.815184
voltage,121.11,2025-09-10 13:19:11.815184
filament_temp,230.5,2025-09-10 13:19:12.315428
bed_temp,60.0,2025-09-10 13:19:12.315428
current,1.94,2025-09-10 13:19:12.315428
power,229.8,2025-09-10 13:19:12.315428
voltage,121.11,2025-09-10 13:19:12.315428
filament_temp,230.5,2025-09-10 13:19:12.815666
bed_temp,60.0,2025-09-10 13:19:12.815666
current,1.94,2025-09-10 13:19:12.815666
power,229.8,2025-09-10 13:19:12.815666
voltage,121.11,2025-09-10 13:19:12.815666
filament_temp,230.0,2025-09-10 13:19:13.315872
bed_temp,59.9,2025-09-10 13:19:13.315872
current,1.94,2025-09-10 13:19:13.315872
power,229.8,2025-09-10 13:19:13.315872
voltage,121.11,2025-09-10 13:19:13.315872
filament_temp,230.0,2025-09-10 13:19:13.816093
bed_temp,59.9,2025-09-10 13:19:13.816093
current,1.94,2025-09-10 13:19:13.816093
power,229.8,2025-09-10 13:19:13.816093
voltage,121.11,2025-09-10 13:19:13.816093
filament_temp,230.0,2025-09-10 13:19:14.316322
bed_temp,59.9,2025-09-10 13:19:14.316322
current,1.94,2025-09-10 13:19:14.316322
power,229.8,2025-09-10 13:19:14.316322
voltage,121.11,2025-09-10 13:19:14.316322
filament_temp,230.0,2025-09-10 13:19:14.816519
bed_temp,59.9,2025-09-10 13:19:14.816519
current,1.94,2025-09-10 13:19:14.816519
power,229.8,2025-09-10 13:19:14.816519
voltage,121.11,2025-09-10 13:19:14.816519
filament_temp,229.8,2025-09-10 13:19:15.316766
bed_temp,60.9,2025-09-10 13:19:15.316766
current,1.94,2025-09-10 13:19:15.316766
power,229.8,2025-09-10 13:19:15.316766
voltage,121.11,2025-09-10 13:19:15.316766
filament_temp,229.8,2025-09-10 13:19:15.817001
bed_temp,60.9,2025-09-10 13:19:15.817001
current,1.94,2025-09-10 13:19:15.817001
power,229.8,2025-09-10 13:19:15.817001
voltage,121.11,2025-09-10 13:19:15.817001
filament_temp,229.8,2025-09-10 13:19:16.317237
bed_temp,60.9,2025-09-10 13:19:16.317237
current,1.94,2025-09-10 13:19:16.317237
power,229.8,2025-09-10 13:19:16.317237
voltage,121.11,2025-09-10 13:19:16.317237
filament_temp,229.8,2025-09-10 13:19:16.817467
bed_temp,60.9,2025-09-10 13:19:16.817467
current,1.94,2025-09-10 13:19:16.817467
power,229.8,2025-09-10 13:19:16.817467
voltage,121.11,2025-09-10 13:19:16.817467
filament_temp,231.2,2025-09-10 13:19:17.317661
bed_temp,60.5,2025-09-10 13:19:17.317661
current,1.94,2025-09-10 13:19:17.317661
power,229.8,2025-09-10 13:19:17.317661
voltage,121.11,2025-09-10 13:19:17.317661
filament_temp,231.2,2025-09-10 13:19:17.817895
bed_temp,60.5,2025-09-10 13:19:17.817895
current,1.94,2025-09-10 13:19:17.817895
power,229.8,2025-09-10 13:19:17.817895
voltage,121.11,2025-09-10 13:19:17.817895
filament_temp,231.2,2025-09-10 13:19:18.318113
bed_temp,60.5,2025-09-10 13:19:18.318113
current,1.94,2025-09-10 13:19:18.318113
power,229.8,2025-09-10 13:19:18.318113
voltage,121.11,2025-09-10 13:19:18.318113
filament_temp,231.2,2025-09-10 13:19:18.818349
bed_temp,60.5,2025-09-10 13:19:18.818349
current,1.94,2025-09-10 13:19:18.818349
power,229.8,2025-09-10 13:19:18.818349
voltage,121.11,2025-09-10 13:19:18.818349
filament_temp,230.5,2025-09-10 13:19:19.318588
bed_temp,60.3,2025-09-10 13:19:19.318588
current,1.94,2025-09-10 13:19:19.318588
power,229.8,2025-09-10 13:19:19.318588
voltage,121.11,2025-09-10 13:19:19.318588
filament_temp,230.5,2025-09-10 13:19:19.818830
bed_temp,60.3,2025-09-10 13:19:19.818830
current,0.6,2025-09-10 13:19:19.818830
power,229.8,2025-09-10 13:19:19.818830
voltage,121.11,2025-09-10 13:19:19.818830
filament_temp,230.5,2025-09-10 13:19:20.319070
bed_temp,60.3,2025-09-10 13:19:20.319070
current,0.6,2025-09-10 13:19:20.319070
power,229.8,2025-09-10 13:19:20.319070
voltage,121.11,2025-09-10 13:19:20.319070
filament_temp,230.5,2025-09-10 13:19:20.819289
bed_temp,60.3,2025-09-10 13:19:20.819289
current,0.6,2025-09-10 13:19:20.819289
power,229.8,2025-09-10 13:19:20.819289
voltage,121.11,2025-09-10 13:19:20.819289
filament_temp,230.3,2025-09-10 13:19:21.319520
bed_temp,58.4,2025-09-10 13:19:21.319520
current,0.6,2025-09-10 13:19:21.319520
power,229.8,2025-09-10 13:19:21.319520
voltage,121.11,2025-09-10 13:19:21.319520
filament_temp,230.3,2025-09-10 13:19:21.819724
bed_temp,58.4,2025-09-10 13:19:21.819724
current,0.6,2025-09-10 13:19:21.819724
power,229.8,2025-09-10 13:19:21.819724
voltage,121.11,2025-09-10 13:19:21.819724
filament_temp,230.3,2025-09-10 13:19:22.319920
bed_temp,58.4,2025-09-10 13:19:22.319920
current,0.6,2025-09-10 13:19:22.319920
power,229.8,2025-09-10 13:19:22.319920
voltage,121.11,2025-09-10 13:19:22.319920
filament_temp,230.3,2025-09-10 13:19:22.820109
bed_temp,58.4,2025-09-10 13:19:22.820109
current,1.97,2025-09-10 13:19:22.820109
power,229.8,2025-09-10 13:19:22.820109
voltage,121.11,2025-09-10 13:19:22.820109
filament_temp,229.8,2025-09-10 13:19:23.320345
bed_temp,59.7,2025-09-10 13:19:23.320345
current,1.97,2025-09-10 13:19:23.320345
power,229.8,2025-09-10 13:19:23.320345
voltage,121.11,2025-09-10 13:19:23.320345
filament_temp,229.8,2025-09-10 13:19:23.820586
bed_temp,59.7,2025-09-10 13:19:23.820586
current,1.97,2025-09-10 13:19:23.820586
power,229.8,2025-09-10 13:19:23.820586
voltage,121.11,2025-09-10 13:19:23.820586
filament_temp,229.8,2025-09-10 13:19:24.320829
bed_temp,59.7,2025-09-10 13:19:24.320829
current,1.97,2025-09-10 13:19:24.320829
power,229.8,2025-09-10 13:19:24.320829
voltage,121.11,2025-09-10 13:19:24.320829
filament_temp,229.8,2025-09-10 13:19:24.821071
bed_temp,59.7,2025-09-10 13:19:24.821071
current,1.97,2025-09-10 13:19:24.821071
power,229.8,2025-09-10 13:19:24.821071
voltage,121.11,2025-09-10 13:19:24.821071
filament_temp,230.5,2025-09-10 13:19:25.321296
bed_temp,58.8,2025-09-10 13:19:25.321296
current,1.97,2025-09-10 13:19:25.321296
power,229.8,2025-09-10 13:19:25.321296
voltage,121.11,2025-09-10 13:19:25.321296
filament_temp,230.5,2025-09-10 13:19:25.821524
bed_temp,58.8,2025-09-10 13:19:25.821524
current,1.97,2025-09-10 13:19:25.821524
power,229.8,2025-09-10 13:19:25.821524
voltage,121.11,2025-09-10 13:19:25.821524
filament_temp,230.5,2025-09-10 13:19:26.321725
bed_temp,58.8,2025-09-10 13:19:26.321725
current,1.97,2025-09-10 13:19:26.321725
power,229.8,2025-09-10 13:19:26.321725
voltage,121.11,2025-09-10 13:19:26.321725
filament_temp,230.5,2025-09-10 13:19:26.821961
bed_temp,58.8,2025-09-10 13:19:26.821961
current,1.97,2025-09-10 13:19:26.821961
power,229.8,2025-09-10 13:19:26.821961
voltage,121.11,2025-09-10 13:19:26.821961
filament_temp,230.0,2025-09-10 13:19:27.322156
bed_temp,59.4,2025-09-10 13:19:27.322156
current,1.97,2025-09-10 13:19:27.322156
power,229.8,2025-09-10 13:19:27.322156
voltage,121.11,2025-09-10 13:19:27.322156
filament_temp,230.0,2025-09-10 13:19:27.822396
bed_temp,59.4,2025-09-10 13:19:27.822396
current,1.97,2025-09-10 13:19:27.822396
power,229.8,2025-09-10 13:19:27.822396
voltage,121.11,2025-09-10 13:19:27.822396
filament_temp,230.0,2025-09-10 13:19:28.322640
bed_temp,59.4,2025-09-10 13:19:28.322640
current,0.58,2025-09-10 13:19:28.322640
power,229.8,2025-09-10 13:19:28.322640
voltage,121.11,2025-09-10 13:19:28.322640
filament_temp,230.0,2025-09-10 13:19:28.822866
bed_temp,59.4,2025-09-10 13:19:28.822866
current,0.58,2025-09-10 13:19:28.822866
power,59.6,2025-09-10 13:19:28.822866
voltage,121.11,2025-09-10 13:19:28.822866
filament_temp,228.7,2025-09-10 13:19:29.323102
bed_temp,61.2,2025-09-10 13:19:29.323102
current,0.58,2025-09-10 13:19:29.323102
power,59.6,2025-09-10 13:19:29.323102
voltage,121.11,2025-09-10 13:19:29.323102
filament_temp,228.7,2025-09-10 13:19:29.823332
bed_temp,61.2,2025-09-10 13:19:29.823332
current,0.58,2025-09-10 13:19:29.823332
power,59.6,2025-09-10 13:19:29.823332
voltage,121.11,2025-09-10 13:19:29.823332
filament_temp,228.7,2025-09-10 13:19:30.323557
bed_temp,61.2,2025-09-10 13:19:30.323557
current,0.58,2025-09-10 13:19:30.323557
power,59.6,2025-09-10 13:19:30.323557
voltage,121.11,2025-09-10 13:19:30.323557
filament_temp,228.7,2025-09-10 13:19:30.823764
bed_temp,61.2,2025-09-10 13:19:30.823764
current,0.58,2025-09-10 13:19:30.823764
power,59.6,2025-09-10 13:19:30.823764
voltage,121.11,2025-09-10 13:19:30.823764
filament_temp,230.2,2025-09-10 13:19:31.323995
bed_temp,60.8,2025-09-10 13:19:31.323995
current,0.58,2025-09-10 13:19:31.323995
power,59.6,2025-09-10 13:19:31.323995
voltage,121.11,2025-09-10 13:19:31.323995
filament_temp,230.2,2025-09-10 13:19:31.824230
bed_temp,60.8,2025-09-10 13:19:31.824230
current,0.58,2025-09-10 13:19:31.824230
power,59.6,2025-09-10 13:19:31.824230
voltage,121.11,2025-09-10 13:19:31.824230
filament_temp,230.2,2025-09-10 13:19:32.324468
bed_temp,60.8,2025-09-10 13:19:32.324468
current,0.58,2025-09-10 13:19:32.324468
power,59.6,2025-09-10 13:19:32.324468
voltage,121.11,2025-09-10 13:19:32.324468
filament_temp,230.2,2025-09-10 13:19:32.824699
bed_temp,60.8,2025-09-10 13:19:32.824699
current,0.58,2025-09-10 13:19:32.824699
power,59.6,2025-09-10 13:19:32.824699
voltage,121.11,2025-09-10 13:19:32.824699
filament_temp,229.5,2025-09-10 13:19:33.324948
bed_temp,59.7,2025-09-10 13:19:33.324948
current,1.87,2025-09-10 13:19:33.324948
power,59.6,2025-09-10 13:19:33.324948
voltage,121.11,2025-09-10 13:19:33.324948
filament_temp,229.5,2025-09-10 13:19:33.825181
bed_temp,59.7,2025-09-10 13:19:33.825181
current,1.87,2025-09-10 13:19:33.825181
power,59.6,2025-09-10 13:19:33.825181
voltage,121.11,2025-09-10 13:19:33.825181
filament_temp,229.5,2025-09-10 13:19:34.325418
bed_temp,59.7,2025-09-10 13:19:34.325418
current,1.87,2025-09-10 13:19:34.325418
power,224.2,2025-09-10 13:19:34.325418
voltage,121.11,2025-09-10 13:19:34.325418
filament_temp,229.5,2025-09-10 13:19:34.825614
bed_temp,59.7,2025-09-10 13:19:34.825614
current,1.87,2025-09-10 13:19:34.825614
power,224.2,2025-09-10 13:19:34.825614
voltage,121.11,2025-09-10 13:19:34.825614
filament_temp,230.7,2025-09-10 13:19:35.325809
bed_temp,60.5,2025-09-10 13:19:35.325809
current,1.87,2025-09-10 13:19:35.325809
power,224.2,2025-09-10 13:19:35.325809
voltage,121.11,2025-09-10 13:19:35.325809
filament_temp,230.7,2025-09-10 13:19:35.826026
bed_temp,60.5,2025-09-10 13:19:35.826026
current,1.87,2025-09-10 13:19:35.826026
power,224.2,2025-09-10 13:19:35.826026
voltage,121.11,2025-09-10 13:19:35.826026
filament_temp,230.7,2025-09-10 13:19:36.326263
bed_temp,60.5,2025-09-10 13:19:36.326263
current,1.87,2025-09-10 13:19:36.326263
power,224.2,2025-09-10 13:19:36.326263
voltage,121.11,2025-09-10 13:19:36.326263
filament_temp,230.7,2025-09-10 13:19:36.826509
bed_temp,60.5,2025-09-10 13:19:36.826509
current,1.87,2025-09-10 13:19:36.826509
power,224.2,2025-09-10 13:19:36.826509
voltage,121.11,2025-09-10 13:19:36.826509
filament_temp,230.2,2025-09-10 13:19:37.326752
bed_temp,59.3,2025-09-10 13:19:37.326752
current,1.87,2025-09-10 13:19:37.326752
power,229.8,2025-09-10 13:19:37.326752
voltage,121.11,2025-09-10 13:19:37.326752
filament_temp,230.2,2025-09-10 13:19:37.826994
bed_temp,59.3,2025-09-10 13:19:37.826994
current,1.87,2025-09-10 13:19:37.826994
power,229.8,2025-09-10 13:19:37.826994
voltage,121.11,2025-09-10 13:19:37.826994
filament_temp,230.2,2025-09-10 13:19:38.327246
bed_temp,59.3,2025-09-10 13:19:38.327246
current,1.87,2025-09-10 13:19:38.327246
power,229.8,2025-09-10 13:19:38.327246
voltage,121.11,2025-09-10 13:19:38.327246
filament_temp,230.2,2025-09-10 13:19:38.827481
bed_temp,59.3,2025-09-10 13:19:38.827481
current,1.87,2025-09-10 13:19:38.827481
power,229.8,2025-09-10 13:19:38.827481
voltage,121.11,2025-09-10 13:19:38.827481
filament_temp,230.7,2025-09-10 13:19:39.327663
bed_temp,60.2,2025-09-10 13:19:39.327663
current,1.87,2025-09-10 13:19:39.327663
power,229.8,2025-09-10 13:19:39.327663
voltage,121.11,2025-09-10 13:19:39.327663
filament_temp,230.7,2025-09-10 13:19:39.827849
bed_temp,60.2,2025-09-10 13:19:39.827849
current,1.87,2025-09-10 13:19:39.827849
power,213.9,2025-09-10 13:19:39.827849
voltage,121.11,2025-09-10 13:19:39.827849
filament_temp,230.7,2025-09-10 13:19:40.328084
bed_temp,60.2,2025-09-10 13:19:40.328084
current,1.87,2025-09-10 13:19:40.328084
power,213.9,2025-09-10 13:19:40.328084
voltage,121.11,2025-09-10 13:19:40.328084
filament_temp,230.7,2025-09-10 13:19:40.828309
bed_temp,60.2,2025-09-10 13:19:40.828309
current,1.87,2025-09-10 13:19:40.828309
power,213.9,2025-09-10 13:19:40.828309
voltage,121.11,2025-09-10 13:19:40.828309
filament_temp,230.2,2025-09-10 13:19:41.328559
bed_temp,61.1,2025-09-10 13:19:41.328559
current,1.87,2025-09-10 13:19:41.328559
power,213.9,2025-09-10 13:19:41.328559
voltage,121.11,2025-09-10 13:19:41.328559
filament_temp,230.2,2025-09-10 13:19:41.828793
bed_temp,61.1,2025-09-10 13:19:41.828793
current,1.87,2025-09-10 13:19:41.828793
power,213.9,2025-09-10 13:19:41.828793
voltage,121.11,2025-09-10 13:19:41.828793
filament_temp,230.2,2025-09-10 13:19:42.328995
bed_temp,61.1,2025-09-10 13:19:42.328995
current,0.59,2025-09-10 13:19:42.328995
power,213.9,2025-09-10 13:19:42.328995
voltage,121.11,2025-09-10 13:19:42.328995
filament_temp,230.2,2025-09-10 13:19:42.829240
bed_temp,61.1,2025-09-10 13:19:42.829240
current,0.59,2025-09-10 13:19:42.829240
power,213.9,2025-09-10 13:19:42.829240
voltage,121.11,2025-09-10 13:19:42.829240
filament_temp,230.2,2025-09-10 13:19:43.329475
bed_temp,61.1,2025-09-10 13:19:43.329475
current,0.59,2025-09-10 13:19:43.329475
power,213.9,2025-09-10 13:19:43.329475
voltage,121.11,2025-09-10 13:19:43.329475
filament_temp,230.8,2025-09-10 13:19:43.829707
bed_temp,59.6,2025-09-10 13:19:43.829707
current,0.59,2025-09-10 13:19:43.829707
power,213.9,2025-09-10 13:19:43.829707
voltage,121.11,2025-09-10 13:19:43.829707
filament_temp,230.8,2025-09-10 13:19:44.329949
bed_temp,59.6,2025-09-10 13:19:44.329949
current,0.59,2025-09-10 13:19:44.329949
power,213.9,2025-09-10 13:19:44.329949
voltage,121.11,2025-09-10 13:19:44.329949
filament_temp,230.8,2025-09-10 13:19:44.830184
bed_temp,59.6,2025-09-10 13:19:44.830184
current,0.59,2025-09-10 13:19:44.830184
power,213.9,2025-09-10 13:19:44.830184
voltage,121.11,2025-09-10 13:19:44.830184
filament_temp,230.5,2025-09-10 13:19:45.330422
bed_temp,59.7,2025-09-10 13:19:45.330422
current,0.59,2025-09-10 13:19:45.330422
power,213.9,2025-09-10 13:19:45.330422
voltage,121.11,2025-09-10 13:19:45.330422
filament_temp,230.5,2025-09-10 13:19:45.830667
bed_temp,59.7,2025-09-10 13:19:45.830667
current,0.59,2025-09-10 13:19:45.830667
power,66.1,2025-09-10 13:19:45.830667
voltage,121.11,2025-09-10 13:19:45.830667
filament_temp,230.5,2025-09-10 13:19:46.330907
bed_temp,59.7,2025-09-10 13:19:46.330907
current,0.59,2025-09-10 13:19:46.330907
power,66.1,2025-09-10 13:19:46.330907
voltage,121.11,2025-09-10 13:19:46.330907
filament_temp,230.5,2025-09-10 13:19:46.831150
bed_temp,59.7,2025-09-10 13:19:46.831150
current,0.59,2025-09-10 13:19:46.831150
power,66.1,2025-09-10 13:19:46.831150
voltage,121.11,2025-09-10 13:19:46.831150
filament_temp,230.5,2025-09-10 13:19:47.331350
bed_temp,59.0,2025-09-10 13:19:47.331350
current,0.59,2025-09-10 13:19:47.331350
power,66.1,2025-09-10 13:19:47.331350
voltage,121.11,2025-09-10 13:19:47.331350
filament_temp,230.5,2025-09-10 13:19:47.831594
bed_temp,59.0,2025-09-10 13:19:47.831594
current,0.59,2025-09-10 13:19:47.831594
power,66.1,2025-09-10 13:19:47.831594
voltage,121.11,2025-09-10 13:19:47.831594
filament_temp,230.5,2025-09-10 13:19:48.331832
bed_temp,59.0,2025-09-10 13:19:48.331832
current,0.59,2025-09-10 13:19:48.331832
power,66.1,2025-09-10 13:19:48.331832
voltage,121.11,2025-09-10 13:19:48.331832
filament_temp,230.5,2025-09-10 13:19:48.831974
bed_temp,59.0,2025-09-10 13:19:48.831974
current,0.59,2025-09-10 13:19:48.831974
power,66.1,2025-09-10 13:19:48.831974
voltage,121.11,2025-09-10 13:19:48.831974
filament_temp,230.2,2025-09-10 13:19:49.332213
bed_temp,59.3,2025-09-10 13:19:49.332213
current,0.59,2025-09-10 13:19:49.332213
power,66.1,2025-09-10 13:19:49.332213
voltage,121.11,2025-09-10 13:19:49.332213
filament_temp,230.2,2025-09-10 13:19:49.832413
bed_temp,59.3,2025-09-10 13:19:49.832413
current,0.59,2025-09-10 13:19:49.832413
power,57.6,2025-09-10 13:19:49.832413
voltage,121.11,2025-09-10 13:19:49.832413
filament_temp,230.2,2025-09-10 13:19:50.332643
bed_temp,59.3,2025-09-10 13:19:50.332643
current,0.59,2025-09-10 13:19:50.332643
power,57.6,2025-09-10 13:19:50.332643
voltage,121.11,2025-09-10 13:19:50.332643
filament_temp,230.2,2025-09-10 13:19:50.832885
bed_temp,59.3,2025-09-10 13:19:50.832885
current,0.59,2025-09-10 13:19:50.832885
power,57.6,2025-09-10 13:19:50.832885
voltage,121.11,2025-09-10 13:19:50.832885
filament_temp,229.3,2025-09-10 13:19:51.333107
bed_temp,59.3,2025-09-10 13:19:51.333107
current,0.59,2025-09-10 13:19:51.333107
power,57.6,2025-09-10 13:19:51.333107
voltage,121.11,2025-09-10 13:19:51.333107
filament_temp,229.3,2025-09-10 13:19:51.833331
bed_temp,59.3,2025-09-10 13:19:51.833331
current,0.59,2025-09-10 13:19:51.833331
power,57.6,2025-09-10 13:19:51.833331
voltage,121.11,2025-09-10 13:19:51.833331
filament_temp,229.3,2025-09-10 13:19:52.333523
bed_temp,59.3,2025-09-10 13:19:52.333523
current,0.59,2025-09-10 13:19:52.333523
power,57.6,2025-09-10 13:19:52.333523
voltage,121.11,2025-09-10 13:19:52.333523
filament_temp,229.3,2025-09-10 13:19:52.833676
bed_temp,59.3,2025-09-10 13:19:52.833676
current,0.59,2025-09-10 13:19:52.833676
power,57.6,2025-09-10 13:19:52.833676
voltage,121.11,2025-09-10 13:19:52.833676
filament_temp,228.8,2025-09-10 13:19:53.333910
bed_temp,57.9,2025-09-10 13:19:53.333910
current,0.59,2025-09-10 13:19:53.333910
power,57.6,2025-09-10 13:19:53.333910
voltage,121.11,2025-09-10 13:19:53.333910
filament_temp,228.8,2025-09-10 13:19:53.834144
bed_temp,57.9,2025-09-10 13:19:53.834144
current,0.59,2025-09-10 13:19:53.834144
power,57.6,2025-09-10 13:19:53.834144
voltage,121.11,2025-09-10 13:19:53.834144
filament_temp,228.8,2025-09-10 13:19:54.334374
bed_temp,57.9,2025-09-10 13:19:54.334374
current,0.59,2025-09-10 13:19:54.334374
power,57.6,2025-09-10 13:19:54.334374
voltage,121.11,2025-09-10 13:19:54.334374
filament_temp,228.8,2025-09-10 13:19:54.834618
bed_temp,57.9,2025-09-10 13:19:54.834618
current,0.59,2025-09-10 13:19:54.834618
power,57.6,2025-09-10 13:19:54.834618
voltage,121.11,2025-09-10 13:19:54.834618
filament_temp,229.0,2025-09-10 13:19:55.334840
bed_temp,59.7,2025-09-10 13:19:55.334840
current,1.93,2025-09-10 13:19:55.334840
power,57.6,2025-09-10 13:19:55.334840
voltage,121.11,2025-09-10 13:19:55.334840
filament_temp,229.0,2025-09-10 13:19:55.835030
bed_temp,59.7,2025-09-10 13:19:55.835030
current,1.93,2025-09-10 13:19:55.835030
power,226,2025-09-10 13:19:55.835030
voltage,121.11,2025-09-10 13:19:55.835030
filament_temp,229.0,2025-09-10 13:19:56.335264
bed_temp,59.7,2025-09-10 13:19:56.335264
current,1.93,2025-09-10 13:19:56.335264
power,226,2025-09-10 13:19:56.335264
voltage,121.11,2025-09-10 13:19:56.335264
filament_temp,229.0,2025-09-10 13:19:56.835459
bed_temp,59.7,2025-09-10 13:19:56.835459
current,1.93,2025-09-10 13:19:56.835459
power,226,2025-09-10 13:19:56.835459
voltage,121.11,2025-09-10 13:19:56.835459
filament_temp,229.0,2025-09-10 13:19:57.335677
bed_temp,60.2,2025-09-10 13:19:57.335677
current,1.93,2025-09-10 13:19:57.335677
power,226,2025-09-10 13:19:57.335677
voltage,121.11,2025-09-10 13:19:57.335677
filament_temp,229.0,2025-09-10 13:19:57.835881
bed_temp,60.2,2025-09-10 13:19:57.835881
current,1.93,2025-09-10 13:19:57.835881
power,226,2025-09-10 13:19:57.835881
voltage,121.11,2025-09-10 13:19:57.835881
filament_temp,229.0,2025-09-10 13:19:58.336116
bed_temp,60.2,2025-09-10 13:19:58.336116
current,1.93,2025-09-10 13:19:58.336116
power,226,2025-09-10 13:19:58.336116
voltage,121.11,2025-09-10 13:19:58.336116
filament_temp,229.0,2025-09-10 13:19:58.836356
bed_temp,60.2,2025-09-10 13:19:58.836356
current,1.93,2025-09-10 13:19:58.836356
power,226,2025-09-10 13:19:58.836356
voltage,121.11,2025-09-10 13:19:58.836356
filament_temp,229.0,2025-09-10 13:19:59.336597
bed_temp,60.2,2025-09-10 13:19:59.336597
current,1.93,2025-09-10 13:19:59.336597
power,226,2025-09-10 13:19:59.336597
voltage,121.11,2025-09-10 13:19:59.336597
filament_temp,230.0,2025-09-10 13:19:59.836824
bed_temp,59.7,2025-09-10 13:19:59.836824
current,1.93,2025-09-10 13:19:59.836824
power,60,2025-09-10 13:19:59.836824
voltage,121.11,2025-09-10 13:19:59.836824
filament_temp,230.0,2025-09-10 13:20:00.337058
bed_temp,59.7,2025-09-10 13:20:00.337058
current,1.93,2025-09-10 13:20:00.337058
power,60,2025-09-10 13:20:00.337058
voltage,121.11,2025-09-10 13:20:00.337058
filament_temp,230.0,2025-09-10 13:20:00.837245
bed_temp,59.7,2025-09-10 13:20:00.837245
current,1.93,2025-09-10 13:20:00.837245
power,60,2025-09-10 13:20:00.837245
voltage,121.11,2025-09-10 13:20:00.837245
filament_temp,230.3,2025-09-10 13:20:01.337471
bed_temp,59.4,2025-09-10 13:20:01.337471
current,1.93,2025-09-10 13:20:01.337471
power,60,2025-09-10 13:20:01.337471
voltage,121.11,2025-09-10 13:20:01.337471
filament_temp,230.3,2025-09-10 13:20:01.837676
bed_temp,59.4,2025-09-10 13:20:01.837676
current,1.93,2025-09-10 13:20:01.837676
power,60,2025-09-10 13:20:01.837676
voltage,121.11,2025-09-10 13:20:01.837676
filament_temp,230.3,2025-09-10 13:20:02.337910
bed_temp,59.4,2025-09-10 13:20:02.337910
current,1.93,2025-09-10 13:20:02.337910
power,60,2025-09-10 13:20:02.337910
voltage,121.11,2025-09-10 13:20:02.337910
filament_temp,230.3,2025-09-10 13:20:02.838155
bed_temp,59.4,2025-09-10 13:20:02.838155
current,1.93,2025-09-10 13:20:02.838155
power,229.4,2025-09-10 13:20:02.838155
voltage,121.11,2025-09-10 13:20:02.838155
filament_temp,229.7,2025-09-10 13:20:03.338384
bed_temp,60.3,2025-09-10 13:20:03.338384
current,1.93,2025-09-10 13:20:03.338384
power,229.4,2025-09-10 13:20:03.338384
voltage,121.11,2025-09-10 13:20:03.338384
filament_temp,229.7,2025-09-10 13:20:03.838617
bed_temp,60.3,2025-09-10 13:20:03.838617
current,1.93,2025-09-10 13:20:03.838617
power,229.4,2025-09-10 13:20:03.838617
voltage,121.11,2025-09-10 13:20:03.838617
filament_temp,229.7,2025-09-10 13:20:04.338819
bed_temp,60.3,2025-09-10 13:20:04.338819
current,1.93,2025-09-10 13:20:04.338819
power,229.4,2025-09-10 13:20:04.338819
voltage,121.11,2025-09-10 13:20:04.338819
filament_temp,229.7,2025-09-10 13:20:04.839054
bed_temp,60.3,2025-09-10 13:20:04.839054
current,1.93,2025-09-10 13:20:04.839054
power,229.4,2025-09-10 13:20:04.839054
voltage,121.11,2025-09-10 13:20:04.839054
filament_temp,229.7,2025-09-10 13:20:05.339250
bed_temp,60.3,2025-09-10 13:20:05.339250
current,1.93,2025-09-10 13:20:05.339250
power,229.4,2025-09-10 13:20:05.339250
voltage,121.11,2025-09-10 13:20:05.339250
filament_temp,229.7,2025-09-10 13:20:05.839459
bed_temp,59.7,2025-09-10 13:20:05.839459
current,1.93,2025-09-10 13:20:05.839459
power,229.4,2025-09-10 13:20:05.839459
voltage,121.11,2025-09-10 13:20:05.839459
filament_temp,229.7,2025-09-10 13:20:06.339609
bed_temp,59.7,2025-09-10 13:20:06.339609
current,1.93,2025-09-10 13:20:06.339609
power,229.4,2025-09-10 13:20:06.339609
voltage,121.11,2025-09-10 13:20:06.339609
filament_temp,229.7,2025-09-10 13:20:06.839844
bed_temp,59.7,2025-09-10 13:20:06.839844
current,1.93,2025-09-10 13:20:06.839844
power,229.4,2025-09-10 13:20:06.839844
voltage,121.11,2025-09-10 13:20:06.839844
filament_temp,229.7,2025-09-10 13:20:07.340092
bed_temp,59.6,2025-09-10 13:20:07.340092
current,1.93,2025-09-10 13:20:07.340092
power,229.4,2025-09-10 13:20:07.340092
voltage,121.11,2025-09-10 13:20:07.340092
filament_temp,229.7,2025-09-10 13:20:07.840336
bed_temp,59.6,2025-09-10 13:20:07.840336
current,1.93,2025-09-10 13:20:07.840336
power,229.4,2025-09-10 13:20:07.840336
voltage,121.11,2025-09-10 13:20:07.840336
filament_temp,229.7,2025-09-10 13:20:08.340580
bed_temp,59.6,2025-09-10 13:20:08.340580
current,1.93,2025-09-10 13:20:08.340580
power,229.4,2025-09-10 13:20:08.340580
voltage,121.11,2025-09-10 13:20:08.340580
filament_temp,229.7,2025-09-10 13:20:08.840826
bed_temp,59.6,2025-09-10 13:20:08.840826
current,1.93,2025-09-10 13:20:08.840826
power,229.4,2025-09-10 13:20:08.840826
voltage,121.11,2025-09-10 13:20:08.840826
filament_temp,230.0,2025-09-10 13:20:09.341068
bed_temp,60.0,2025-09-10 13:20:09.341068
current,1.93,2025-09-10 13:20:09.341068
power,225.7,2025-09-10 13:20:09.341068
voltage,121.11,2025-09-10 13:20:09.341068
filament_temp,230.0,2025-09-10 13:20:09.841254
bed_temp,60.0,2025-09-10 13:20:09.841254
current,1.93,2025-09-10 13:20:09.841254
power,225.7,2025-09-10 13:20:09.841254
voltage,121.11,2025-09-10 13:20:09.841254
filament_temp,230.0,2025-09-10 13:20:10.341485
bed_temp,60.0,2025-09-10 13:20:10.341485
current,1.93,2025-09-10 13:20:10.341485
power,225.7,2025-09-10 13:20:10.341485
voltage,121.11,2025-09-10 13:20:10.341485
filament_temp,230.0,2025-09-10 13:20:10.841717
bed_temp,60.0,2025-09-10 13:20:10.841717
current,1.93,2025-09-10 13:20:10.841717
power,225.7,2025-09-10 13:20:10.841717
voltage,121.11,2025-09-10 13:20:10.841717
filament_temp,230.3,2025-09-10 13:20:11.341956
bed_temp,59.6,2025-09-10 13:20:11.341956
current,1.93,2025-09-10 13:20:11.341956
power,225.7,2025-09-10 13:20:11.341956
voltage,121.11,2025-09-10 13:20:11.341956
filament_temp,230.3,2025-09-10 13:20:11.842164
bed_temp,59.6,2025-09-10 13:20:11.842164
current,1.93,2025-09-10 13:20:11.842164
power,213.9,2025-09-10 13:20:11.842164
voltage,121.11,2025-09-10 13:20:11.842164
filament_temp,230.3,2025-09-10 13:20:12.342394
bed_temp,59.6,2025-09-10 13:20:12.342394
current,1.93,2025-09-10 13:20:12.342394
power,213.9,2025-09-10 13:20:12.342394
voltage,121.11,2025-09-10 13:20:12.342394
filament_temp,230.3,2025-09-10 13:20:12.842637
bed_temp,59.6,2025-09-10 13:20:12.842637
current,1.93,2025-09-10 13:20:12.842637
power,213.9,2025-09-10 13:20:12.842637
voltage,121.11,2025-09-10 13:20:12.842637
filament_temp,230.2,2025-09-10 13:20:13.342863
bed_temp,60.6,2025-09-10 13:20:13.342863
current,1.93,2025-09-10 13:20:13.342863
power,213.9,2025-09-10 13:20:13.342863
voltage,121.11,2025-09-10 13:20:13.342863
filament_temp,230.2,2025-09-10 13:20:13.843076
bed_temp,60.6,2025-09-10 13:20:13.843076
current,1.93,2025-09-10 13:20:13.843076
power,213.9,2025-09-10 13:20:13.843076
voltage,121.11,2025-09-10 13:20:13.843076
filament_temp,230.2,2025-09-10 13:20:14.343266
bed_temp,60.6,2025-09-10 13:20:14.343266
current,1.93,2025-09-10 13:20:14.343266
power,213.9,2025-09-10 13:20:14.343266
voltage,121.11,2025-09-10 13:20:14.343266
filament_temp,230.2,2025-09-10 13:20:14.843454
bed_temp,60.6,2025-09-10 13:20:14.843454
current,1.93,2025-09-10 13:20:14.843454
power,213.9,2025-09-10 13:20:14.843454
voltage,121.11,2025-09-10 13:20:14.843454
filament_temp,229.5,2025-09-10 13:20:15.343680
bed_temp,60.6,2025-09-10 13:20:15.343680
current,1.93,2025-09-10 13:20:15.343680
power,213.9,2025-09-10 13:20:15.343680
voltage,121.11,2025-09-10 13:20:15.343680
filament_temp,229.5,2025-09-10 13:20:15.843906
bed_temp,60.6,2025-09-10 13:20:15.843906
current,1.93,2025-09-10 13:20:15.843906
power,213.9,2025-09-10 13:20:15.843906
voltage,121.11,2025-09-10 13:20:15.843906
filament_temp,229.5,2025-09-10 13:20:16.344097
bed_temp,60.6,2025-09-10 13:20:16.344097
current,1.93,2025-09-10 13:20:16.344097
power,213.9,2025-09-10 13:20:16.344097
voltage,121.11,2025-09-10 13:20:16.344097
filament_temp,229.5,2025-09-10 13:20:16.844341
bed_temp,60.6,2025-09-10 13:20:16.844341
current,1.93,2025-09-10 13:20:16.844341
power,213.9,2025-09-10 13:20:16.844341
voltage,121.11,2025-09-10 13:20:16.844341
filament_temp,229.8,2025-09-10 13:20:17.344565
bed_temp,60.6,2025-09-10 13:20:17.344565
current,1.93,2025-09-10 13:20:17.344565
power,213.9,2025-09-10 13:20:17.344565
voltage,121.11,2025-09-10 13:20:17.344565
filament_temp,229.8,2025-09-10 13:20:17.844790
bed_temp,60.6,2025-09-10 13:20:17.844790
current,1.93,2025-09-10 13:20:17.844790
power,50.9,2025-09-10 13:20:17.844790
voltage,121.11,2025-09-10 13:20:17.844790
filament_temp,229.8,2025-09-10 13:20:18.344999
bed_temp,60.6,2025-09-10 13:20:18.344999
current,1.93,2025-09-10 13:20:18.344999
power,50.9,2025-09-10 13:20:18.344999
voltage,121.11,2025-09-10 13:20:18.344999
filament_temp,229.8,2025-09-10 13:20:18.845199
bed_temp,60.6,2025-09-10 13:20:18.845199
current,1.93,2025-09-10 13:20:18.845199
power,50.9,2025-09-10 13:20:18.845199
voltage,121.11,2025-09-10 13:20:18.845199
filament_temp,229.8,2025-09-10 13:20:19.345411
bed_temp,60.5,2025-09-10 13:20:19.345411
current,1.93,2025-09-10 13:20:19.345411
power,50.9,2025-09-10 13:20:19.345411
voltage,121.11,2025-09-10 13:20:19.345411
filament_temp,229.8,2025-09-10 13:20:19.845648
bed_temp,60.5,2025-09-10 13:20:19.845648
current,1.93,2025-09-10 13:20:19.845648
power,50.9,2025-09-10 13:20:19.845648
voltage,121.11,2025-09-10 13:20:19.845648
filament_temp,229.8,2025-09-10 13:20:20.345879
bed_temp,60.5,2025-09-10 13:20:20.345879
current,1.93,2025-09-10 13:20:20.345879
power,50.9,2025-09-10 13:20:20.345879
voltage,121.11,2025-09-10 13:20:20.345879
filament_temp,229.8,2025-09-10 13:20:20.846123
bed_temp,60.5,2025-09-10 13:20:20.846123
current,1.93,2025-09-10 13:20:20.846123
power,50.9,2025-09-10 13:20:20.846123
voltage,121.11,2025-09-10 13:20:20.846123
filament_temp,229.8,2025-09-10 13:20:21.346366
bed_temp,59.3,2025-09-10 13:20:21.346366
current,1.93,2025-09-10 13:20:21.346366
power,50.9,2025-09-10 13:20:21.346366
voltage,121.11,2025-09-10 13:20:21.346366
filament_temp,229.8,2025-09-10 13:20:21.846592
bed_temp,59.3,2025-09-10 13:20:21.846592
current,1.93,2025-09-10 13:20:21.846592
power,50.9,2025-09-10 13:20:21.846592
voltage,121.11,2025-09-10 13:20:21.846592
filament_temp,229.8,2025-09-10 13:20:22.346820
bed_temp,59.3,2025-09-10 13:20:22.346820
current,1.93,2025-09-10 13:20:22.346820
power,50.9,2025-09-10 13:20:22.346820
voltage,121.11,2025-09-10 13:20:22.346820
filament_temp,229.8,2025-09-10 13:20:22.847049
bed_temp,59.3,2025-09-10 13:20:22.847049
current,0.59,2025-09-10 13:20:22.847049
power,50.9,2025-09-10 13:20:22.847049
voltage,121.11,2025-09-10 13:20:22.847049
filament_temp,229.7,2025-09-10 13:20:23.347272
bed_temp,59.7,2025-09-10 13:20:23.347272
current,0.59,2025-09-10 13:20:23.347272
power,61,2025-09-10 13:20:23.347272
voltage,121.11,2025-09-10 13:20:23.347272
filament_temp,229.7,2025-09-10 13:20:23.847498
bed_temp,59.7,2025-09-10 13:20:23.847498
current,0.59,2025-09-10 13:20:23.847498
power,61,2025-09-10 13:20:23.847498
voltage,121.11,2025-09-10 13:20:23.847498
filament_temp,229.7,2025-09-10 13:20:24.347683
bed_temp,59.7,2025-09-10 13:20:24.347683
current,0.59,2025-09-10 13:20:24.347683
power,61,2025-09-10 13:20:24.347683
voltage,121.11,2025-09-10 13:20:24.347683
filament_temp,229.7,2025-09-10 13:20:24.847904
bed_temp,59.7,2025-09-10 13:20:24.847904
current,0.59,2025-09-10 13:20:24.847904
power,61,2025-09-10 13:20:24.847904
voltage,121.11,2025-09-10 13:20:24.847904
filament_temp,229.5,2025-09-10 13:20:25.348058
bed_temp,60.3,2025-09-10 13:20:25.348058
current,0.59,2025-09-10 13:20:25.348058
power,61,2025-09-10 13:20:25.348058
voltage,121.11,2025-09-10 13:20:25.348058
filament_temp,229.5,2025-09-10 13:20:25.848274
bed_temp,60.3,2025-09-10 13:20:25.848274
current,0.59,2025-09-10 13:20:25.848274
power,61,2025-09-10 13:20:25.848274
voltage,121.11,2025-09-10 13:20:25.848274
filament_temp,229.5,2025-09-10 13:20:26.348516
bed_temp,60.3,2025-09-10 13:20:26.348516
current,0.59,2025-09-10 13:20:26.348516
power,61,2025-09-10 13:20:26.348516
voltage,121.11,2025-09-10 13:20:26.348516
filament_temp,229.5,2025-09-10 13:20:26.848743
bed_temp,60.3,2025-09-10 13:20:26.848743
current,0.59,2025-09-10 13:20:26.848743
power,61,2025-09-10 13:20:26.848743
voltage,121.11,2025-09-10 13:20:26.848743
filament_temp,230.8,2025-09-10 13:20:27.348883
bed_temp,59.0,2025-09-10 13:20:27.348883
current,0.59,2025-09-10 13:20:27.348883
power,61,2025-09-10 13:20:27.348883
voltage,121.11,2025-09-10 13:20:27.348883
filament_temp,230.8,2025-09-10 13:20:27.849096
bed_temp,59.0,2025-09-10 13:20:27.849096
current,0.59,2025-09-10 13:20:27.849096
power,61,2025-09-10 13:20:27.849096
voltage,121.11,2025-09-10 13:20:27.849096
filament_temp,230.8,2025-09-10 13:20:28.349334
bed_temp,59.0,2025-09-10 13:20:28.349334
current,0.59,2025-09-10 13:20:28.349334
power,61,2025-09-10 13:20:28.349334
voltage,121.11,2025-09-10 13:20:28.349334
filament_temp,230.8,2025-09-10 13:20:28.849558
bed_temp,59.0,2025-09-10 13:20:28.849558
current,1.96,2025-09-10 13:20:28.849558
power,61,2025-09-10 13:20:28.849558
voltage,121.11,2025-09-10 13:20:28.849558
filament_temp,230.7,2025-09-10 13:20:29.349784
bed_temp,59.3,2025-09-10 13:20:29.349784
current,1.96,2025-09-10 13:20:29.349784
power,229.5,2025-09-10 13:20:29.349784
voltage,121.11,2025-09-10 13:20:29.349784
filament_temp,230.7,2025-09-10 13:20:29.849992
bed_temp,59.3,2025-09-10 13:20:29.849992
current,1.96,2025-09-10 13:20:29.849992
power,229.5,2025-09-10 13:20:29.849992
voltage,121.11,2025-09-10 13:20:29.849992
filament_temp,230.7,2025-09-10 13:20:30.350234
bed_temp,59.3,2025-09-10 13:20:30.350234
current,1.96,2025-09-10 13:20:30.350234
power,229.5,2025-09-10 13:20:30.350234
voltage,121.11,2025-09-10 13:20:30.350234
filament_temp,230.7,2025-09-10 13:20:30.850461
bed_temp,59.3,2025-09-10 13:20:30.850461
current,1.96,2025-09-10 13:20:30.850461
power,229.5,2025-09-10 13:20:30.850461
voltage,121.11,2025-09-10 13:20:30.850461
filament_temp,229.8,2025-09-10 13:20:31.350645
bed_temp,59.0,2025-09-10 13:20:31.350645
current,1.96,2025-09-10 13:20:31.350645
power,229.5,2025-09-10 13:20:31.350645
voltage,121.11,2025-09-10 13:20:31.350645
filament_temp,229.8,2025-09-10 13:20:31.850832
bed_temp,59.0,2025-09-10 13:20:31.850832
current,1.96,2025-09-10 13:20:31.850832
power,226.8,2025-09-10 13:20:31.850832
voltage,121.11,2025-09-10 13:20:31.850832
filament_temp,229.8,2025-09-10 13:20:32.351047
bed_temp,59.0,2025-09-10 13:20:32.351047
current,1.96,2025-09-10 13:20:32.351047
power,224.5,2025-09-10 13:20:32.351047
voltage,121.11,2025-09-10 13:20:32.351047
filament_temp,229.8,2025-09-10 13:20:32.851273
bed_temp,59.0,2025-09-10 13:20:32.851273
current,1.96,2025-09-10 13:20:32.851273
power,224.5,2025-09-10 13:20:32.851273
voltage,121.11,2025-09-10 13:20:32.851273
filament_temp,230.7,2025-09-10 13:20:33.351498
bed_temp,60.3,2025-09-10 13:20:33.351498
current,1.96,2025-09-10 13:20:33.351498
power,217,2025-09-10 13:20:33.351498
voltage,121.11,2025-09-10 13:20:33.351498
filament_temp,230.7,2025-09-10 13:20:33.851726
bed_temp,60.3,2025-09-10 13:20:33.851726
current,1.96,2025-09-10 13:20:33.851726
power,217,2025-09-10 13:20:33.851726
voltage,121.11,2025-09-10 13:20:33.851726
filament_temp,230.7,2025-09-10 13:20:34.351970
bed_temp,60.3,2025-09-10 13:20:34.351970
current,1.96,2025-09-10 13:20:34.351970
power,227,2025-09-10 13:20:34.351970
voltage,121.11,2025-09-10 13:20:34.351970
filament_temp,230.7,2025-09-10 13:20:34.852213
bed_temp,60.3,2025-09-10 13:20:34.852213
current,1.96,2025-09-10 13:20:34.852213
power,227,2025-09-10 13:20:34.852213
voltage,121.11,2025-09-10 13:20:34.852213
filament_temp,230.3,2025-09-10 13:20:35.352438
bed_temp,60.8,2025-09-10 13:20:35.352438
current,1.96,2025-09-10 13:20:35.352438
power,227,2025-09-10 13:20:35.352438
voltage,121.11,2025-09-10 13:20:35.352438
filament_temp,230.3,2025-09-10 13:20:35.852622
bed_temp,60.8,2025-09-10 13:20:35.852622
current,1.96,2025-09-10 13:20:35.852622
power,227,2025-09-10 13:20:35.852622
voltage,121.11,2025-09-10 13:20:35.852622
filament_temp,230.3,2025-09-10 13:20:36.352856
bed_temp,60.8,2025-09-10 13:20:36.352856
current,1.96,2025-09-10 13:20:36.352856
power,227,2025-09-10 13:20:36.352856
voltage,121.11,2025-09-10 13:20:36.352856
filament_temp,230.3,2025-09-10 13:20:36.853082
bed_temp,60.8,2025-09-10 13:20:36.853082
current,1.96,2025-09-10 13:20:36.853082
power,227,2025-09-10 13:20:36.853082
voltage,121.11,2025-09-10 13:20:36.853082
filament_temp,229.8,2025-09-10 13:20:37.353292
bed_temp,59.9,2025-09-10 13:20:37.353292
current,1.96,2025-09-10 13:20:37.353292
power,227,2025-09-10 13:20:37.353292
voltage,121.11,2025-09-10 13:20:37.353292
filament_temp,229.8,2025-09-10 13:20:37.853525
bed_temp,59.9,2025-09-10 13:20:37.853525
current,1.96,2025-09-10 13:20:37.853525
power,227,2025-09-10 13:20:37.853525
voltage,121.11,2025-09-10 13:20:37.853525
filament_temp,229.8,2025-09-10 13:20:38.353756
bed_temp,59.9,2025-09-10 13:20:38.353756
current,0.49,2025-09-10 13:20:38.353756
power,227,2025-09-10 13:20:38.353756
voltage,121.11,2025-09-10 13:20:38.353756
filament_temp,229.8,2025-09-10 13:20:38.853991
bed_temp,59.9,2025-09-10 13:20:38.853991
current,0.49,2025-09-10 13:20:38.853991
power,227,2025-09-10 13:20:38.853991
voltage,121.11,2025-09-10 13:20:38.853991
filament_temp,229.5,2025-09-10 13:20:39.354155
bed_temp,60.3,2025-09-10 13:20:39.354155
current,0.49,2025-09-10 13:20:39.354155
power,227,2025-09-10 13:20:39.354155
voltage,121.11,2025-09-10 13:20:39.354155
filament_temp,229.5,2025-09-10 13:20:39.854350
bed_temp,60.3,2025-09-10 13:20:39.854350
current,0.49,2025-09-10 13:20:39.854350
power,227,2025-09-10 13:20:39.854350
voltage,121.11,2025-09-10 13:20:39.854350
filament_temp,229.5,2025-09-10 13:20:40.354540
bed_temp,60.3,2025-09-10 13:20:40.354540
current,0.49,2025-09-10 13:20:40.354540
power,227,2025-09-10 13:20:40.354540
voltage,121.11,2025-09-10 13:20:40.354540
filament_temp,229.5,2025-09-10 13:20:40.854724
bed_temp,60.3,2025-09-10 13:20:40.854724
current,0.49,2025-09-10 13:20:40.854724
power,227,2025-09-10 13:20:40.854724
voltage,121.11,2025-09-10 13:20:40.854724
filament_temp,229.5,2025-09-10 13:20:41.354954
bed_temp,60.3,2025-09-10 13:20:41.354954
current,0.49,2025-09-10 13:20:41.354954
power,49.4,2025-09-10 13:20:41.354954
voltage,121.11,2025-09-10 13:20:41.354954
filament_temp,230.3,2025-09-10 13:20:41.855183
bed_temp,60.8,2025-09-10 13:20:41.855183
current,0.49,2025-09-10 13:20:41.855183
power,49.4,2025-09-10 13:20:41.855183
voltage,121.11,2025-09-10 13:20:41.855183
filament_temp,230.3,2025-09-10 13:20:42.355422
bed_temp,60.8,2025-09-10 13:20:42.355422
current,1.86,2025-09-10 13:20:42.355422
power,49.4,2025-09-10 13:20:42.355422
voltage,121.11,2025-09-10 13:20:42.355422
filament_temp,230.3,2025-09-10 13:20:42.855648
bed_temp,60.8,2025-09-10 13:20:42.855648
current,1.86,2025-09-10 13:20:42.855648
power,221.6,2025-09-10 13:20:42.855648
voltage,121.11,2025-09-10 13:20:42.855648
filament_temp,230.2,2025-09-10 13:20:43.355849
bed_temp,61.6,2025-09-10 13:20:43.355849
current,1.86,2025-09-10 13:20:43.355849
power,221.6,2025-09-10 13:20:43.355849
voltage,121.11,2025-09-10 13:20:43.355849
filament_temp,230.2,2025-09-10 13:20:43.856003
bed_temp,61.6,2025-09-10 13:20:43.856003
current,1.97,2025-09-10 13:20:43.856003
power,221.6,2025-09-10 13:20:43.856003
voltage,121.11,2025-09-10 13:20:43.856003
filament_temp,230.2,2025-09-10 13:20:44.356203
bed_temp,61.6,2025-09-10 13:20:44.356203
current,1.97,2025-09-10 13:20:44.356203
power,228.9,2025-09-10 13:20:44.356203
voltage,121.11,2025-09-10 13:20:44.356203
filament_temp,230.2,2025-09-10 13:20:44.856449
bed_temp,61.6,2025-09-10 13:20:44.856449
current,1.97,2025-09-10 13:20:44.856449
power,228.9,2025-09-10 13:20:44.856449
voltage,121.11,2025-09-10 13:20:44.856449
filament_temp,230.0,2025-09-10 13:20:45.356674
bed_temp,59.3,2025-09-10 13:20:45.356674
current,1.85,2025-09-10 13:20:45.356674
power,228.9,2025-09-10 13:20:45.356674
voltage,121.11,2025-09-10 13:20:45.356674
filament_temp,230.0,2025-09-10 13:20:45.856900
bed_temp,59.3,2025-09-10 13:20:45.856900
current,1.85,2025-09-10 13:20:45.856900
power,228.9,2025-09-10 13:20:45.856900
voltage,121.11,2025-09-10 13:20:45.856900
filament_temp,230.0,2025-09-10 13:20:46.357086
bed_temp,59.3,2025-09-10 13:20:46.357086
current,1.85,2025-09-10 13:20:46.357086
power,228.9,2025-09-10 13:20:46.357086
voltage,121.11,2025-09-10 13:20:46.357086
filament_temp,230.0,2025-09-10 13:20:46.857331
bed_temp,59.3,2025-09-10 13:20:46.857331
current,1.85,2025-09-10 13:20:46.857331
power,228.9,2025-09-10 13:20:46.857331
voltage,121.11,2025-09-10 13:20:46.857331
filament_temp,231.2,2025-09-10 13:20:47.357539
bed_temp,60.3,2025-09-10 13:20:47.357539
current,1.85,2025-09-10 13:20:47.357539
power,228.9,2025-09-10 13:20:47.357539
voltage,121.11,2025-09-10 13:20:47.357539
filament_temp,231.2,2025-09-10 13:20:47.857766
bed_temp,60.3,2025-09-10 13:20:47.857766
current,1.85,2025-09-10 13:20:47.857766
power,228.9,2025-09-10 13:20:47.857766
voltage,121.11,2025-09-10 13:20:47.857766
filament_temp,231.2,2025-09-10 13:20:48.357997
bed_temp,60.3,2025-09-10 13:20:48.357997
current,1.85,2025-09-10 13:20:48.357997
power,228.9,2025-09-10 13:20:48.357997
voltage,121.11,2025-09-10 13:20:48.357997
filament_temp,231.2,2025-09-10 13:20:48.858206
bed_temp,60.3,2025-09-10 13:20:48.858206
current,1.85,2025-09-10 13:20:48.858206
power,228.9,2025-09-10 13:20:48.858206
voltage,121.11,2025-09-10 13:20:48.858206
filament_temp,230.5,2025-09-10 13:20:49.358381
bed_temp,60.0,2025-09-10 13:20:49.358381
current,1.85,2025-09-10 13:20:49.358381
power,228.9,2025-09-10 13:20:49.358381
voltage,121.11,2025-09-10 13:20:49.358381
filament_temp,230.5,2025-09-10 13:20:49.858601
bed_temp,60.0,2025-09-10 13:20:49.858601
current,1.85,2025-09-10 13:20:49.858601
power,228.9,2025-09-10 13:20:49.858601
voltage,121.11,2025-09-10 13:20:49.858601
filament_temp,230.5,2025-09-10 13:20:50.358831
bed_temp,60.0,2025-09-10 13:20:50.358831
current,1.85,2025-09-10 13:20:50.358831
power,228.9,2025-09-10 13:20:50.358831
voltage,121.11,2025-09-10 13:20:50.358831
filament_temp,230.5,2025-09-10 13:20:50.859023
bed_temp,60.0,2025-09-10 13:20:50.859023
current,1.85,2025-09-10 13:20:50.859023
power,228.9,2025-09-10 13:20:50.859023
voltage,121.11,2025-09-10 13:20:50.859023
filament_temp,231.2,2025-09-10 13:20:51.359251
bed_temp,60.2,2025-09-10 13:20:51.359251
current,1.85,2025-09-10 13:20:51.359251
power,228.9,2025-09-10 13:20:51.359251
voltage,121.11,2025-09-10 13:20:51.359251
filament_temp,231.2,2025-09-10 13:20:51.859473
bed_temp,60.2,2025-09-10 13:20:51.859473
current,1.85,2025-09-10 13:20:51.859473
power,228.9,2025-09-10 13:20:51.859473
voltage,121.11,2025-09-10 13:20:51.859473
filament_temp,231.2,2025-09-10 13:20:52.359696
bed_temp,60.2,2025-09-10 13:20:52.359696
current,1.85,2025-09-10 13:20:52.359696
power,228.9,2025-09-10 13:20:52.359696
voltage,121.11,2025-09-10 13:20:52.359696
filament_temp,231.2,2025-09-10 13:20:52.859884
bed_temp,60.2,2025-09-10 13:20:52.859884
current,1.85,2025-09-10 13:20:52.859884
power,228.9,2025-09-10 13:20:52.859884
voltage,121.11,2025-09-10 13:20:52.859884
filament_temp,230.5,2025-09-10 13:20:53.360070
bed_temp,60.6,2025-09-10 13:20:53.360070
current,1.85,2025-09-10 13:20:53.360070
power,228.9,2025-09-10 13:20:53.360070
voltage,121.11,2025-09-10 13:20:53.360070
filament_temp,230.5,2025-09-10 13:20:53.860295
bed_temp,60.6,2025-09-10 13:20:53.860295
current,1.85,2025-09-10 13:20:53.860295
power,228.9,2025-09-10 13:20:53.860295
voltage,121.11,2025-09-10 13:20:53.860295
filament_temp,230.5,2025-09-10 13:20:54.360529
bed_temp,60.6,2025-09-10 13:20:54.360529
current,1.85,2025-09-10 13:20:54.360529
power,228.9,2025-09-10 13:20:54.360529
voltage,121.11,2025-09-10 13:20:54.360529
filament_temp,230.5,2025-09-10 13:20:54.860754
bed_temp,60.6,2025-09-10 13:20:54.860754
current,1.85,2025-09-10 13:20:54.860754
power,228.9,2025-09-10 13:20:54.860754
voltage,121.11,2025-09-10 13:20:54.860754
filament_temp,229.8,2025-09-10 13:20:55.360996
bed_temp,59.9,2025-09-10 13:20:55.360996
current,1.95,2025-09-10 13:20:55.360996
power,228.9,2025-09-10 13:20:55.360996
voltage,121.11,2025-09-10 13:20:55.360996
filament_temp,229.8,2025-09-10 13:20:55.861204
bed_temp,59.9,2025-09-10 13:20:55.861204
current,1.95,2025-09-10 13:20:55.861204
power,228.9,2025-09-10 13:20:55.861204
voltage,121.11,2025-09-10 13:20:55.861204
filament_temp,229.8,2025-09-10 13:20:56.361409
bed_temp,59.9,2025-09-10 13:20:56.361409
current,1.95,2025-09-10 13:20:56.361409
power,228.9,2025-09-10 13:20:56.361409
voltage,121.11,2025-09-10 13:20:56.361409
filament_temp,229.8,2025-09-10 13:20:56.861617
bed_temp,59.9,2025-09-10 13:20:56.861617
current,1.95,2025-09-10 13:20:56.861617
power,228.9,2025-09-10 13:20:56.861617
voltage,121.11,2025-09-10 13:20:56.861617
filament_temp,229.7,2025-09-10 13:20:57.361838
bed_temp,59.7,2025-09-10 13:20:57.361838
current,1.95,2025-09-10 13:20:57.361838
power,228.9,2025-09-10 13:20:57.361838
voltage,121.11,2025-09-10 13:20:57.361838
filament_temp,229.7,2025-09-10 13:20:57.862060
bed_temp,59.7,2025-09-10 13:20:57.862060
current,1.95,2025-09-10 13:20:57.862060
power,228.9,2025-09-10 13:20:57.862060
voltage,121.11,2025-09-10 13:20:57.862060
filament_temp,229.7,2025-09-10 13:20:58.362264
bed_temp,59.7,2025-09-10 13:20:58.362264
current,1.95,2025-09-10 13:20:58.362264
power,228.9,2025-09-10 13:20:58.362264
voltage,121.11,2025-09-10 13:20:58.362264
filament_temp,229.7,2025-09-10 13:20:58.862491
bed_temp,59.7,2025-09-10 13:20:58.862491
current,1.95,2025-09-10 13:20:58.862491
power,228.9,2025-09-10 13:20:58.862491
voltage,121.11,2025-09-10 13:20:58.862491
filament_temp,229.3,2025-09-10 13:20:59.362722
bed_temp,60.6,2025-09-10 13:20:59.362722
current,1.95,2025-09-10 13:20:59.362722
power,228.9,2025-09-10 13:20:59.362722
voltage,121.11,2025-09-10 13:20:59.362722
filament_temp,229.3,2025-09-10 13:20:59.862925
bed_temp,60.6,2025-09-10 13:20:59.862925
current,1.95,2025-09-10 13:20:59.862925
power,228.9,2025-09-10 13:20:59.862925
voltage,121.11,2025-09-10 13:20:59.862925
filament_temp,229.3,2025-09-10 13:21:00.363151
bed_temp,60.6,2025-09-10 13:21:00.363151
current,1.95,2025-09-10 13:21:00.363151
power,228.9,2025-09-10 13:21:00.363151
voltage,121.11,2025-09-10 13:21:00.363151
filament_temp,229.3,2025-09-10 13:21:00.863384
bed_temp,60.6,2025-09-10 13:21:00.863384
current,1.95,2025-09-10 13:21:00.863384
power,228.9,2025-09-10 13:21:00.863384
voltage,121.11,2025-09-10 13:21:00.863384
filament_temp,230.3,2025-09-10 13:21:01.363607
bed_temp,59.3,2025-09-10 13:21:01.363607
current,1.95,2025-09-10 13:21:01.363607
power,228.9,2025-09-10 13:21:01.363607
voltage,121.11,2025-09-10 13:21:01.363607
filament_temp,230.3,2025-09-10 13:21:01.863799
bed_temp,59.3,2025-09-10 13:21:01.863799
current,1.95,2025-09-10 13:21:01.863799
power,228.9,2025-09-10 13:21:01.863799
voltage,121.11,2025-09-10 13:21:01.863799
filament_temp,230.3,2025-09-10 13:21:02.363998
bed_temp,59.3,2025-09-10 13:21:02.363998
current,1.95,2025-09-10 13:21:02.363998
power,228.9,2025-09-10 13:21:02.363998
voltage,121.11,2025-09-10 13:21:02.363998
filament_temp,230.3,2025-09-10 13:21:02.864225
bed_temp,59.3,2025-09-10 13:21:02.864225
current,1.95,2025-09-10 13:21:02.864225
power,228.9,2025-09-10 13:21:02.864225
voltage,121.11,2025-09-10 13:21:02.864225
filament_temp,230.2,2025-09-10 13:21:03.364439
bed_temp,59.7,2025-09-10 13:21:03.364439
current,1.95,2025-09-10 13:21:03.364439
power,228.9,2025-09-10 13:21:03.364439
voltage,121.11,2025-09-10 13:21:03.364439
filament_temp,230.2,2025-09-10 13:21:03.864667
bed_temp,59.7,2025-09-10 13:21:03.864667
current,1.95,2025-09-10 13:21:03.864667
power,228.9,2025-09-10 13:21:03.864667
voltage,121.11,2025-09-10 13:21:03.864667
filament_temp,230.2,2025-09-10 13:21:04.364894
bed_temp,59.7,2025-09-10 13:21:04.364894
current,1.95,2025-09-10 13:21:04.364894
power,228.9,2025-09-10 13:21:04.364894
voltage,121.11,2025-09-10 13:21:04.364894
filament_temp,230.2,2025-09-10 13:21:04.865026
bed_temp,59.7,2025-09-10 13:21:04.865026
current,1.95,2025-09-10 13:21:04.865026
power,228.9,2025-09-10 13:21:04.865026
voltage,121.11,2025-09-10 13:21:04.865026
filament_temp,229.8,2025-09-10 13:21:05.365250
bed_temp,59.9,2025-09-10 13:21:05.365250
current,1.95,2025-09-10 13:21:05.365250
power,228.9,2025-09-10 13:21:05.365250
voltage,121.11,2025-09-10 13:21:05.365250
filament_temp,229.8,2025-09-10 13:21:05.865435
bed_temp,59.9,2025-09-10 13:21:05.865435
current,1.95,2025-09-10 13:21:05.865435
power,228.9,2025-09-10 13:21:05.865435
voltage,121.11,2025-09-10 13:21:05.865435
filament_temp,229.8,2025-09-10 13:21:06.365658
bed_temp,59.9,2025-09-10 13:21:06.365658
current,1.95,2025-09-10 13:21:06.365658
power,228.9,2025-09-10 13:21:06.365658
voltage,121.11,2025-09-10 13:21:06.365658
filament_temp,229.8,2025-09-10 13:21:06.865900
bed_temp,59.9,2025-09-10 13:21:06.865900
current,1.95,2025-09-10 13:21:06.865900
power,228.9,2025-09-10 13:21:06.865900
voltage,121.11,2025-09-10 13:21:06.865900
filament_temp,228.3,2025-09-10 13:21:07.366125
bed_temp,60.2,2025-09-10 13:21:07.366125
current,1.95,2025-09-10 13:21:07.366125
power,228.9,2025-09-10 13:21:07.366125
voltage,121.11,2025-09-10 13:21:07.366125
filament_temp,228.3,2025-09-10 13:21:07.866335
bed_temp,60.2,2025-09-10 13:21:07.866335
current,1.95,2025-09-10 13:21:07.866335
power,228.9,2025-09-10 13:21:07.866335
voltage,121.11,2025-09-10 13:21:07.866335
filament_temp,228.3,2025-09-10 13:21:08.366561
bed_temp,60.2,2025-09-10 13:21:08.366561
current,1.95,2025-09-10 13:21:08.366561
power,228.9,2025-09-10 13:21:08.366561
voltage,121.11,2025-09-10 13:21:08.366561
filament_temp,228.3,2025-09-10 13:21:08.866775
bed_temp,60.2,2025-09-10 13:21:08.866775
current,1.95,2025-09-10 13:21:08.866775
power,228.9,2025-09-10 13:21:08.866775
voltage,121.11,2025-09-10 13:21:08.866775
filament_temp,230.3,2025-09-10 13:21:09.367005
bed_temp,60.6,2025-09-10 13:21:09.367005
current,1.95,2025-09-10 13:21:09.367005
power,228.9,2025-09-10 13:21:09.367005
voltage,121.11,2025-09-10 13:21:09.367005
filament_temp,230.3,2025-09-10 13:21:09.867211
bed_temp,60.6,2025-09-10 13:21:09.867211
current,0.58,2025-09-10 13:21:09.867211
power,228.9,2025-09-10 13:21:09.867211
voltage,121.11,2025-09-10 13:21:09.867211
filament_temp,230.3,2025-09-10 13:21:10.367444
bed_temp,60.6,2025-09-10 13:21:10.367444
current,0.58,2025-09-10 13:21:10.367444
power,228.9,2025-09-10 13:21:10.367444
voltage,121.11,2025-09-10 13:21:10.367444
filament_temp,230.3,2025-09-10 13:21:10.867670
bed_temp,60.6,2025-09-10 13:21:10.867670
current,0.58,2025-09-10 13:21:10.867670
power,228.9,2025-09-10 13:21:10.867670
voltage,121.11,2025-09-10 13:21:10.867670
filament_temp,230.2,2025-09-10 13:21:11.367894
bed_temp,60.6,2025-09-10 13:21:11.367894
current,0.58,2025-09-10 13:21:11.367894
power,228.9,2025-09-10 13:21:11.367894
voltage,121.11,2025-09-10 13:21:11.367894
filament_temp,230.2,2025-09-10 13:21:11.868127
bed_temp,60.6,2025-09-10 13:21:11.868127
current,0.58,2025-09-10 13:21:11.868127
power,228.9,2025-09-10 13:21:11.868127
voltage,121.11,2025-09-10 13:21:11.868127
filament_temp,230.2,2025-09-10 13:21:12.368369
bed_temp,60.6,2025-09-10 13:21:12.368369
current,0.58,2025-09-10 13:21:12.368369
power,228.9,2025-09-10 13:21:12.368369
voltage,121.11,2025-09-10 13:21:12.368369
filament_temp,230.2,2025-09-10 13:21:12.868602
bed_temp,60.6,2025-09-10 13:21:12.868602
current,0.58,2025-09-10 13:21:12.868602
power,228.9,2025-09-10 13:21:12.868602
voltage,121.11,2025-09-10 13:21:12.868602
filament_temp,230.0,2025-09-10 13:21:13.368848
bed_temp,61.6,2025-09-10 13:21:13.368848
current,1.92,2025-09-10 13:21:13.368848
power,228.9,2025-09-10 13:21:13.368848
voltage,121.11,2025-09-10 13:21:13.368848
filament_temp,230.0,2025-09-10 13:21:13.869090
bed_temp,61.6,2025-09-10 13:21:13.869090
current,1.92,2025-09-10 13:21:13.869090
power,228.9,2025-09-10 13:21:13.869090
voltage,121.11,2025-09-10 13:21:13.869090
filament_temp,230.0,2025-09-10 13:21:14.369305
bed_temp,61.6,2025-09-10 13:21:14.369305
current,1.92,2025-09-10 13:21:14.369305
power,228.9,2025-09-10 13:21:14.369305
voltage,121.11,2025-09-10 13:21:14.369305
filament_temp,230.0,2025-09-10 13:21:14.869509
bed_temp,61.6,2025-09-10 13:21:14.869509
current,1.92,2025-09-10 13:21:14.869509
power,228.9,2025-09-10 13:21:14.869509
voltage,121.11,2025-09-10 13:21:14.869509
filament_temp,230.2,2025-09-10 13:21:15.369692
bed_temp,59.9,2025-09-10 13:21:15.369692
current,1.92,2025-09-10 13:21:15.369692
power,228.9,2025-09-10 13:21:15.369692
voltage,121.11,2025-09-10 13:21:15.369692
filament_temp,230.2,2025-09-10 13:21:15.869930
bed_temp,59.9,2025-09-10 13:21:15.869930
current,1.92,2025-09-10 13:21:15.869930
power,228.9,2025-09-10 13:21:15.869930
voltage,121.11,2025-09-10 13:21:15.869930
filament_temp,230.2,2025-09-10 13:21:16.370156
bed_temp,59.9,2025-09-10 13:21:16.370156
current,1.92,2025-09-10 13:21:16.370156
power,228.9,2025-09-10 13:21:16.370156
voltage,121.11,2025-09-10 13:21:16.370156
filament_temp,230.2,2025-09-10 13:21:16.870383
bed_temp,59.9,2025-09-10 13:21:16.870383
current,1.92,2025-09-10 13:21:16.870383
power,228.9,2025-09-10 13:21:16.870383
voltage,121.11,2025-09-10 13:21:16.870383
filament_temp,230.7,2025-09-10 13:21:17.370631
bed_temp,59.9,2025-09-10 13:21:17.370631
current,1.92,2025-09-10 13:21:17.370631
power,228.9,2025-09-10 13:21:17.370631
voltage,121.11,2025-09-10 13:21:17.370631
filament_temp,230.7,2025-09-10 13:21:17.870844
bed_temp,59.9,2025-09-10 13:21:17.870844
current,1.92,2025-09-10 13:21:17.870844
power,228.9,2025-09-10 13:21:17.870844
voltage,121.11,2025-09-10 13:21:17.870844
filament_temp,230.7,2025-09-10 13:21:18.371069
bed_temp,59.9,2025-09-10 13:21:18.371069
current,1.92,2025-09-10 13:21:18.371069
power,228.9,2025-09-10 13:21:18.371069
voltage,121.11,2025-09-10 13:21:18.371069
filament_temp,230.7,2025-09-10 13:21:18.871296
bed_temp,59.9,2025-09-10 13:21:18.871296
current,1.92,2025-09-10 13:21:18.871296
power,228.9,2025-09-10 13:21:18.871296
voltage,121.11,2025-09-10 13:21:18.871296
filament_temp,230.2,2025-09-10 13:21:19.371479
bed_temp,59.0,2025-09-10 13:21:19.371479
current,1.92,2025-09-10 13:21:19.371479
power,228.9,2025-09-10 13:21:19.371479
voltage,121.11,2025-09-10 13:21:19.371479
filament_temp,230.2,2025-09-10 13:21:19.871689
bed_temp,59.0,2025-09-10 13:21:19.871689
current,1.92,2025-09-10 13:21:19.871689
power,228.9,2025-09-10 13:21:19.871689
voltage,121.11,2025-09-10 13:21:19.871689
filament_temp,230.2,2025-09-10 13:21:20.371918
bed_temp,59.0,2025-09-10 13:21:20.371918
current,1.92,2025-09-10 13:21:20.371918
power,228.9,2025-09-10 13:21:20.371918
voltage,121.11,2025-09-10 13:21:20.371918
filament_temp,230.2,2025-09-10 13:21:20.872148
bed_temp,59.0,2025-09-10 13:21:20.872148
current,1.92,2025-09-10 13:21:20.872148
power,228.9,2025-09-10 13:21:20.872148
voltage,121.11,2025-09-10 13:21:20.872148
filament_temp,230.0,2025-09-10 13:21:21.372372
bed_temp,59.3,2025-09-10 13:21:21.372372
current,1.92,2025-09-10 13:21:21.372372
power,228.9,2025-09-10 13:21:21.372372
voltage,121.11,2025-09-10 13:21:21.372372
filament_temp,230.0,2025-09-10 13:21:21.872604
bed_temp,59.3,2025-09-10 13:21:21.872604
current,0.58,2025-09-10 13:21:21.872604
power,228.9,2025-09-10 13:21:21.872604
voltage,121.11,2025-09-10 13:21:21.872604
filament_temp,230.0,2025-09-10 13:21:22.372853
bed_temp,59.3,2025-09-10 13:21:22.372853
current,0.58,2025-09-10 13:21:22.372853
power,60.8,2025-09-10 13:21:22.372853
voltage,121.11,2025-09-10 13:21:22.372853
filament_temp,230.0,2025-09-10 13:21:22.873021
bed_temp,59.3,2025-09-10 13:21:22.873021
current,0.58,2025-09-10 13:21:22.873021
power,60.8,2025-09-10 13:21:22.873021
voltage,121.11,2025-09-10 13:21:22.873021
filament_temp,230.0,2025-09-10 13:21:23.373207
bed_temp,58.7,2025-09-10 13:21:23.373207
current,1.86,2025-09-10 13:21:23.373207
power,60.8,2025-09-10 13:21:23.373207
voltage,121.11,2025-09-10 13:21:23.373207
filament_temp,230.0,2025-09-10 13:21:23.873397
bed_temp,58.7,2025-09-10 13:21:23.873397
current,1.86,2025-09-10 13:21:23.873397
power,60.8,2025-09-10 13:21:23.873397
voltage,121.11,2025-09-10 13:21:23.873397
filament_temp,230.0,2025-09-10 13:21:24.373590
bed_temp,58.7,2025-09-10 13:21:24.373590
current,1.86,2025-09-10 13:21:24.373590
power,60.8,2025-09-10 13:21:24.373590
voltage,121.11,2025-09-10 13:21:24.373590
filament_temp,230.0,2025-09-10 13:21:24.873803
bed_temp,58.7,2025-09-10 13:21:24.873803
current,1.86,2025-09-10 13:21:24.873803
power,60.8,2025-09-10 13:21:24.873803
voltage,121.11,2025-09-10 13:21:24.873803
filament_temp,229.5,2025-09-10 13:21:25.374027
bed_temp,59.9,2025-09-10 13:21:25.374027
current,1.86,2025-09-10 13:21:25.374027
power,60.8,2025-09-10 13:21:25.374027
voltage,121.11,2025-09-10 13:21:25.374027
filament_temp,229.5,2025-09-10 13:21:25.874270
bed_temp,59.9,2025-09-10 13:21:25.874270
current,1.86,2025-09-10 13:21:25.874270
power,60.8,2025-09-10 13:21:25.874270
voltage,121.11,2025-09-10 13:21:25.874270
filament_temp,229.5,2025-09-10 13:21:26.374477
bed_temp,59.9,2025-09-10 13:21:26.374477
current,1.86,2025-09-10 13:21:26.374477
power,60.8,2025-09-10 13:21:26.374477
voltage,121.11,2025-09-10 13:21:26.374477
filament_temp,229.5,2025-09-10 13:21:26.874719
bed_temp,59.9,2025-09-10 13:21:26.874719
current,1.86,2025-09-10 13:21:26.874719
power,60.8,2025-09-10 13:21:26.874719
voltage,121.11,2025-09-10 13:21:26.874719
filament_temp,230.2,2025-09-10 13:21:27.374962
bed_temp,60.0,2025-09-10 13:21:27.374962
current,1.86,2025-09-10 13:21:27.374962
power,60.8,2025-09-10 13:21:27.374962
voltage,121.11,2025-09-10 13:21:27.374962
filament_temp,230.2,2025-09-10 13:21:27.875164
bed_temp,60.0,2025-09-10 13:21:27.875164
current,1.86,2025-09-10 13:21:27.875164
power,60.8,2025-09-10 13:21:27.875164
voltage,121.11,2025-09-10 13:21:27.875164
filament_temp,230.2,2025-09-10 13:21:28.375377
bed_temp,60.0,2025-09-10 13:21:28.375377
current,1.86,2025-09-10 13:21:28.375377
power,60.8,2025-09-10 13:21:28.375377
voltage,121.11,2025-09-10 13:21:28.375377
filament_temp,230.2,2025-09-10 13:21:28.875556
bed_temp,60.0,2025-09-10 13:21:28.875556
current,1.86,2025-09-10 13:21:28.875556
power,60.8,2025-09-10 13:21:28.875556
voltage,121.11,2025-09-10 13:21:28.875556
filament_temp,229.8,2025-09-10 13:21:29.375740
bed_temp,60.2,2025-09-10 13:21:29.375740
current,1.86,2025-09-10 13:21:29.375740
power,60.8,2025-09-10 13:21:29.375740
voltage,121.11,2025-09-10 13:21:29.375740
filament_temp,229.8,2025-09-10 13:21:29.875985
bed_temp,60.2,2025-09-10 13:21:29.875985
current,1.86,2025-09-10 13:21:29.875985
power,60.8,2025-09-10 13:21:29.875985
voltage,121.11,2025-09-10 13:21:29.875985
filament_temp,229.8,2025-09-10 13:21:30.376216
bed_temp,60.2,2025-09-10 13:21:30.376216
current,1.86,2025-09-10 13:21:30.376216
power,60.8,2025-09-10 13:21:30.376216
voltage,121.11,2025-09-10 13:21:30.376216
filament_temp,229.8,2025-09-10 13:21:30.876459
bed_temp,60.2,2025-09-10 13:21:30.876459
current,1.86,2025-09-10 13:21:30.876459
power,60.8,2025-09-10 13:21:30.876459
voltage,121.11,2025-09-10 13:21:30.876459
filament_temp,229.8,2025-09-10 13:21:31.376690
bed_temp,59.9,2025-09-10 13:21:31.376690
current,1.86,2025-09-10 13:21:31.376690
power,60.8,2025-09-10 13:21:31.376690
voltage,121.11,2025-09-10 13:21:31.376690
filament_temp,229.8,2025-09-10 13:21:31.876933
bed_temp,59.9,2025-09-10 13:21:31.876933
current,1.86,2025-09-10 13:21:31.876933
power,60.8,2025-09-10 13:21:31.876933
voltage,121.11,2025-09-10 13:21:31.876933
filament_temp,229.8,2025-09-10 13:21:32.377131
bed_temp,59.9,2025-09-10 13:21:32.377131
current,1.86,2025-09-10 13:21:32.377131
power,60.8,2025-09-10 13:21:32.377131
voltage,121.11,2025-09-10 13:21:32.377131
filament_temp,229.8,2025-09-10 13:21:32.877345
bed_temp,59.9,2025-09-10 13:21:32.877345
current,1.86,2025-09-10 13:21:32.877345
power,60.8,2025-09-10 13:21:32.877345
voltage,121.11,2025-09-10 13:21:32.877345
filament_temp,230.0,2025-09-10 13:21:33.377571
bed_temp,60.3,2025-09-10 13:21:33.377571
current,1.86,2025-09-10 13:21:33.377571
power,60.8,2025-09-10 13:21:33.377571
voltage,121.11,2025-09-10 13:21:33.377571
filament_temp,230.0,2025-09-10 13:21:33.877796
bed_temp,60.3,2025-09-10 13:21:33.877796
current,1.86,2025-09-10 13:21:33.877796
power,60.8,2025-09-10 13:21:33.877796
voltage,121.11,2025-09-10 13:21:33.877796
filament_temp,230.0,2025-09-10 13:21:34.378020
bed_temp,60.3,2025-09-10 13:21:34.378020
current,0.58,2025-09-10 13:21:34.378020
power,60.8,2025-09-10 13:21:34.378020
voltage,121.11,2025-09-10 13:21:34.378020
filament_temp,230.0,2025-09-10 13:21:34.878249
bed_temp,60.3,2025-09-10 13:21:34.878249
current,0.58,2025-09-10 13:21:34.878249
power,60.8,2025-09-10 13:21:34.878249
voltage,121.11,2025-09-10 13:21:34.878249
filament_temp,230.2,2025-09-10 13:21:35.378491
bed_temp,59.6,2025-09-10 13:21:35.378491
current,0.58,2025-09-10 13:21:35.378491
power,60.8,2025-09-10 13:21:35.378491
voltage,121.11,2025-09-10 13:21:35.378491
filament_temp,230.2,2025-09-10 13:21:35.878731
bed_temp,59.6,2025-09-10 13:21:35.878731
current,0.58,2025-09-10 13:21:35.878731
power,60.8,2025-09-10 13:21:35.878731
voltage,121.11,2025-09-10 13:21:35.878731
filament_temp,230.2,2025-09-10 13:21:36.378932
bed_temp,59.6,2025-09-10 13:21:36.378932
current,0.58,2025-09-10 13:21:36.378932
power,60.8,2025-09-10 13:21:36.378932
voltage,121.11,2025-09-10 13:21:36.378932
filament_temp,230.2,2025-09-10 13:21:36.879173
bed_temp,59.6,2025-09-10 13:21:36.879173
current,0.58,2025-09-10 13:21:36.879173
power,60.8,2025-09-10 13:21:36.879173
voltage,121.11,2025-09-10 13:21:36.879173
filament_temp,230.2,2025-09-10 13:21:37.379398
bed_temp,59.4,2025-09-10 13:21:37.379398
current,0.58,2025-09-10 13:21:37.379398
power,60.8,2025-09-10 13:21:37.379398
voltage,121.11,2025-09-10 13:21:37.379398
filament_temp,230.2,2025-09-10 13:21:37.879624
bed_temp,59.4,2025-09-10 13:21:37.879624
current,1.95,2025-09-10 13:21:37.879624
power,60.8,2025-09-10 13:21:37.879624
voltage,121.11,2025-09-10 13:21:37.879624
filament_temp,230.2,2025-09-10 13:21:38.379849
bed_temp,59.4,2025-09-10 13:21:38.379849
current,1.95,2025-09-10 13:21:38.379849
power,225.6,2025-09-10 13:21:38.379849
voltage,121.11,2025-09-10 13:21:38.379849
filament_temp,230.2,2025-09-10 13:21:38.880075
bed_temp,59.4,2025-09-10 13:21:38.880075
current,1.84,2025-09-10 13:21:38.880075
power,225.6,2025-09-10 13:21:38.880075
voltage,121.11,2025-09-10 13:21:38.880075
filament_temp,230.2,2025-09-10 13:21:39.380299
bed_temp,59.9,2025-09-10 13:21:39.380299
current,1.84,2025-09-10 13:21:39.380299
power,225.6,2025-09-10 13:21:39.380299
voltage,121.11,2025-09-10 13:21:39.380299
filament_temp,230.2,2025-09-10 13:21:39.880525
bed_temp,59.9,2025-09-10 13:21:39.880525
current,1.96,2025-09-10 13:21:39.880525
power,225.6,2025-09-10 13:21:39.880525
voltage,121.11,2025-09-10 13:21:39.880525
filament_temp,230.2,2025-09-10 13:21:40.380755
bed_temp,59.9,2025-09-10 13:21:40.380755
current,1.96,2025-09-10 13:21:40.380755
power,225.6,2025-09-10 13:21:40.380755
voltage,121.11,2025-09-10 13:21:40.380755
filament_temp,230.2,2025-09-10 13:21:40.880887
bed_temp,59.9,2025-09-10 13:21:40.880887
current,1.96,2025-09-10 13:21:40.880887
power,225.6,2025-09-10 13:21:40.880887
voltage,121.11,2025-09-10 13:21:40.880887
filament_temp,229.8,2025-09-10 13:21:41.381080
bed_temp,59.9,2025-09-10 13:21:41.381080
current,1.96,2025-09-10 13:21:41.381080
power,225.6,2025-09-10 13:21:41.381080
voltage,121.11,2025-09-10 13:21:41.381080
filament_temp,229.8,2025-09-10 13:21:41.881289
bed_temp,59.9,2025-09-10 13:21:41.881289
current,1.96,2025-09-10 13:21:41.881289
power,225.6,2025-09-10 13:21:41.881289
voltage,121.11,2025-09-10 13:21:41.881289
filament_temp,229.8,2025-09-10 13:21:42.381499
bed_temp,59.9,2025-09-10 13:21:42.381499
current,1.96,2025-09-10 13:21:42.381499
power,225.6,2025-09-10 13:21:42.381499
voltage,121.11,2025-09-10 13:21:42.381499
filament_temp,229.8,2025-09-10 13:21:42.881707
bed_temp,59.9,2025-09-10 13:21:42.881707
current,1.96,2025-09-10 13:21:42.881707
power,225.6,2025-09-10 13:21:42.881707
voltage,121.11,2025-09-10 13:21:42.881707
filament_temp,229.0,2025-09-10 13:21:43.381938
bed_temp,59.9,2025-09-10 13:21:43.381938
current,1.96,2025-09-10 13:21:43.381938
power,225.6,2025-09-10 13:21:43.381938
voltage,121.11,2025-09-10 13:21:43.381938
filament_temp,229.0,2025-09-10 13:21:43.882144
bed_temp,59.9,2025-09-10 13:21:43.882144
current,1.96,2025-09-10 13:21:43.882144
power,225.6,2025-09-10 13:21:43.882144
voltage,121.11,2025-09-10 13:21:43.882144
filament_temp,229.0,2025-09-10 13:21:44.382351
bed_temp,59.9,2025-09-10 13:21:44.382351
current,1.96,2025-09-10 13:21:44.382351
power,225.6,2025-09-10 13:21:44.382351
voltage,121.11,2025-09-10 13:21:44.382351
filament_temp,229.0,2025-09-10 13:21:44.882538
bed_temp,59.9,2025-09-10 13:21:44.882538
current,1.96,2025-09-10 13:21:44.882538
power,225.6,2025-09-10 13:21:44.882538
voltage,121.11,2025-09-10 13:21:44.882538
filament_temp,229.5,2025-09-10 13:21:45.382742
bed_temp,59.3,2025-09-10 13:21:45.382742
current,1.96,2025-09-10 13:21:45.382742
power,225.6,2025-09-10 13:21:45.382742
voltage,121.11,2025-09-10 13:21:45.382742
filament_temp,229.5,2025-09-10 13:21:45.882963
bed_temp,59.3,2025-09-10 13:21:45.882963
current,1.96,2025-09-10 13:21:45.882963
power,225.6,2025-09-10 13:21:45.882963
voltage,121.11,2025-09-10 13:21:45.882963
filament_temp,229.5,2025-09-10 13:21:46.383194
bed_temp,59.3,2025-09-10 13:21:46.383194
current,1.96,2025-09-10 13:21:46.383194
power,225.6,2025-09-10 13:21:46.383194
voltage,121.11,2025-09-10 13:21:46.383194
filament_temp,229.5,2025-09-10 13:21:46.883402
bed_temp,59.3,2025-09-10 13:21:46.883402
current,1.96,2025-09-10 13:21:46.883402
power,225,2025-09-10 13:21:46.883402
voltage,121.11,2025-09-10 13:21:46.883402
filament_temp,229.0,2025-09-10 13:21:47.383611
bed_temp,58.8,2025-09-10 13:21:47.383611
current,1.96,2025-09-10 13:21:47.383611
power,225,2025-09-10 13:21:47.383611
voltage,121.11,2025-09-10 13:21:47.383611
filament_temp,229.0,2025-09-10 13:21:47.883852
bed_temp,58.8,2025-09-10 13:21:47.883852
current,1.96,2025-09-10 13:21:47.883852
power,225,2025-09-10 13:21:47.883852
voltage,121.11,2025-09-10 13:21:47.883852
filament_temp,229.0,2025-09-10 13:21:48.384096
bed_temp,58.8,2025-09-10 13:21:48.384096
current,1.96,2025-09-10 13:21:48.384096
power,225,2025-09-10 13:21:48.384096
voltage,121.11,2025-09-10 13:21:48.384096
filament_temp,229.0,2025-09-10 13:21:48.884321
bed_temp,58.8,2025-09-10 13:21:48.884321
current,1.96,2025-09-10 13:21:48.884321
power,225,2025-09-10 13:21:48.884321
voltage,121.11,2025-09-10 13:21:48.884321
filament_temp,230.0,2025-09-10 13:21:49.384523
bed_temp,59.1,2025-09-10 13:21:49.384523
current,1.96,2025-09-10 13:21:49.384523
power,225,2025-09-10 13:21:49.384523
voltage,121.11,2025-09-10 13:21:49.384523
filament_temp,230.0,2025-09-10 13:21:49.884719
bed_temp,59.1,2025-09-10 13:21:49.884719
current,1.96,2025-09-10 13:21:49.884719
power,225,2025-09-10 13:21:49.884719
voltage,121.11,2025-09-10 13:21:49.884719
filament_temp,230.0,2025-09-10 13:21:50.384943
bed_temp,59.1,2025-09-10 13:21:50.384943
current,1.96,2025-09-10 13:21:50.384943
power,225,2025-09-10 13:21:50.384943
voltage,121.11,2025-09-10 13:21:50.384943
filament_temp,230.0,2025-09-10 13:21:50.885139
bed_temp,59.1,2025-09-10 13:21:50.885139
current,1.96,2025-09-10 13:21:50.885139
power,225,2025-09-10 13:21:50.885139
voltage,121.11,2025-09-10 13:21:50.885139
filament_temp,230.3,2025-09-10 13:21:51.385356
bed_temp,60.2,2025-09-10 13:21:51.385356
current,1.96,2025-09-10 13:21:51.385356
power,225,2025-09-10 13:21:51.385356
voltage,121.11,2025-09-10 13:21:51.385356
filament_temp,230.3,2025-09-10 13:21:51.885572
bed_temp,60.2,2025-09-10 13:21:51.885572
current,1.96,2025-09-10 13:21:51.885572
power,225,2025-09-10 13:21:51.885572
voltage,121.11,2025-09-10 13:21:51.885572
filament_temp,230.3,2025-09-10 13:21:52.385806
bed_temp,60.2,2025-09-10 13:21:52.385806
current,1.96,2025-09-10 13:21:52.385806
power,225,2025-09-10 13:21:52.385806
voltage,121.11,2025-09-10 13:21:52.385806
filament_temp,230.3,2025-09-10 13:21:52.886019
bed_temp,60.2,2025-09-10 13:21:52.886019
current,1.96,2025-09-10 13:21:52.886019
power,225,2025-09-10 13:21:52.886019
voltage,121.11,2025-09-10 13:21:52.886019
filament_temp,229.8,2025-09-10 13:21:53.386252
bed_temp,60.0,2025-09-10 13:21:53.386252
current,1.96,2025-09-10 13:21:53.386252
power,225,2025-09-10 13:21:53.386252
voltage,121.11,2025-09-10 13:21:53.386252
filament_temp,229.8,2025-09-10 13:21:53.886447
bed_temp,60.0,2025-09-10 13:21:53.886447
current,1.96,2025-09-10 13:21:53.886447
power,225,2025-09-10 13:21:53.886447
voltage,121.11,2025-09-10 13:21:53.886447
filament_temp,229.8,2025-09-10 13:21:54.386657
bed_temp,60.0,2025-09-10 13:21:54.386657
current,1.96,2025-09-10 13:21:54.386657
power,225,2025-09-10 13:21:54.386657
voltage,121.11,2025-09-10 13:21:54.386657
filament_temp,229.8,2025-09-10 13:21:54.886864
bed_temp,60.0,2025-09-10 13:21:54.886864
current,1.96,2025-09-10 13:21:54.886864
power,225,2025-09-10 13:21:54.886864
voltage,121.11,2025-09-10 13:21:54.886864
filament_temp,230.7,2025-09-10 13:21:55.387100
bed_temp,60.2,2025-09-10 13:21:55.387100
current,1.96,2025-09-10 13:21:55.387100
power,225,2025-09-10 13:21:55.387100
voltage,121.11,2025-09-10 13:21:55.387100
filament_temp,230.7,2025-09-10 13:21:55.887342
bed_temp,60.2,2025-09-10 13:21:55.887342
current,1.96,2025-09-10 13:21:55.887342
power,225,2025-09-10 13:21:55.887342
voltage,121.11,2025-09-10 13:21:55.887342
filament_temp,230.7,2025-09-10 13:21:56.387581
bed_temp,60.2,2025-09-10 13:21:56.387581
current,1.96,2025-09-10 13:21:56.387581
power,225,2025-09-10 13:21:56.387581
voltage,121.11,2025-09-10 13:21:56.387581
filament_temp,230.7,2025-09-10 13:21:56.887823
bed_temp,60.2,2025-09-10 13:21:56.887823
current,1.96,2025-09-10 13:21:56.887823
power,225,2025-09-10 13:21:56.887823
voltage,121.11,2025-09-10 13:21:56.887823
filament_temp,229.7,2025-09-10 13:21:57.388063
bed_temp,59.7,2025-09-10 13:21:57.388063
current,1.96,2025-09-10 13:21:57.388063
power,225,2025-09-10 13:21:57.388063
voltage,121.11,2025-09-10 13:21:57.388063
filament_temp,229.7,2025-09-10 13:21:57.888287
bed_temp,59.7,2025-09-10 13:21:57.888287
current,1.96,2025-09-10 13:21:57.888287
power,225,2025-09-10 13:21:57.888287
voltage,121.11,2025-09-10 13:21:57.888287
filament_temp,229.7,2025-09-10 13:21:58.388511
bed_temp,59.7,2025-09-10 13:21:58.388511
current,1.96,2025-09-10 13:21:58.388511
power,60.2,2025-09-10 13:21:58.388511
voltage,121.11,2025-09-10 13:21:58.388511
filament_temp,229.7,2025-09-10 13:21:58.888670
bed_temp,59.7,2025-09-10 13:21:58.888670
current,1.96,2025-09-10 13:21:58.888670
power,60.2,2025-09-10 13:21:58.888670
voltage,121.11,2025-09-10 13:21:58.888670
filament_temp,229.7,2025-09-10 13:21:59.388897
bed_temp,60.5,2025-09-10 13:21:59.388897
current,1.96,2025-09-10 13:21:59.388897
power,60.2,2025-09-10 13:21:59.388897
voltage,121.11,2025-09-10 13:21:59.388897
filament_temp,229.7,2025-09-10 13:21:59.889098
bed_temp,60.5,2025-09-10 13:21:59.889098
current,1.96,2025-09-10 13:21:59.889098
power,60.2,2025-09-10 13:21:59.889098
voltage,121.11,2025-09-10 13:21:59.889098
filament_temp,229.7,2025-09-10 13:22:00.389323
bed_temp,60.5,2025-09-10 13:22:00.389323
current,1.96,2025-09-10 13:22:00.389323
power,60.2,2025-09-10 13:22:00.389323
voltage,121.11,2025-09-10 13:22:00.389323
filament_temp,229.7,2025-09-10 13:22:00.889546
bed_temp,60.5,2025-09-10 13:22:00.889546
current,1.96,2025-09-10 13:22:00.889546
power,60.2,2025-09-10 13:22:00.889546
voltage,121.11,2025-09-10 13:22:00.889546
filament_temp,230.8,2025-09-10 13:22:01.389750
bed_temp,60.8,2025-09-10 13:22:01.389750
current,0.5,2025-09-10 13:22:01.389750
power,60.2,2025-09-10 13:22:01.389750
voltage,121.11,2025-09-10 13:22:01.389750
filament_temp,230.8,2025-09-10 13:22:01.889960
bed_temp,60.8,2025-09-10 13:22:01.889960
current,0.5,2025-09-10 13:22:01.889960
power,48.4,2025-09-10 13:22:01.889960
voltage,121.11,2025-09-10 13:22:01.889960
filament_temp,230.8,2025-09-10 13:22:02.390169
bed_temp,60.8,2025-09-10 13:22:02.390169
current,0.5,2025-09-10 13:22:02.390169
power,48.4,2025-09-10 13:22:02.390169
voltage,121.11,2025-09-10 13:22:02.390169
filament_temp,230.8,2025-09-10 13:22:02.890371
bed_temp,60.8,2025-09-10 13:22:02.890371
current,0.5,2025-09-10 13:22:02.890371
power,48.4,2025-09-10 13:22:02.890371
voltage,121.11,2025-09-10 13:22:02.890371
filament_temp,230.0,2025-09-10 13:22:03.390583
bed_temp,61.2,2025-09-10 13:22:03.390583
current,0.5,2025-09-10 13:22:03.390583
power,48.4,2025-09-10 13:22:03.390583
voltage,121.11,2025-09-10 13:22:03.390583
filament_temp,230.0,2025-09-10 13:22:03.890813
bed_temp,61.2,2025-09-10 13:22:03.890813
current,0.5,2025-09-10 13:22:03.890813
power,48.4,2025-09-10 13:22:03.890813
voltage,121.11,2025-09-10 13:22:03.890813
filament_temp,230.0,2025-09-10 13:22:04.391044
bed_temp,61.2,2025-09-10 13:22:04.391044
current,1.84,2025-09-10 13:22:04.391044
power,48.4,2025-09-10 13:22:04.391044
voltage,121.11,2025-09-10 13:22:04.391044
filament_temp,230.0,2025-09-10 13:22:04.891286
bed_temp,61.2,2025-09-10 13:22:04.891286
current,1.84,2025-09-10 13:22:04.891286
power,217.5,2025-09-10 13:22:04.891286
voltage,121.11,2025-09-10 13:22:04.891286
filament_temp,229.7,2025-09-10 13:22:05.391510
bed_temp,60.2,2025-09-10 13:22:05.391510
current,1.84,2025-09-10 13:22:05.391510
power,217.5,2025-09-10 13:22:05.391510
voltage,121.11,2025-09-10 13:22:05.391510
filament_temp,229.7,2025-09-10 13:22:05.891737
bed_temp,60.2,2025-09-10 13:22:05.891737
current,1.84,2025-09-10 13:22:05.891737
power,226.4,2025-09-10 13:22:05.891737
voltage,121.11,2025-09-10 13:22:05.891737
filament_temp,229.7,2025-09-10 13:22:06.391957
bed_temp,60.2,2025-09-10 13:22:06.391957
current,1.84,2025-09-10 13:22:06.391957
power,226.4,2025-09-10 13:22:06.391957
voltage,121.11,2025-09-10 13:22:06.391957
filament_temp,229.7,2025-09-10 13:22:06.892162
bed_temp,60.2,2025-09-10 13:22:06.892162
current,1.84,2025-09-10 13:22:06.892162
power,226.4,2025-09-10 13:22:06.892162
voltage,121.11,2025-09-10 13:22:06.892162
filament_temp,230.7,2025-09-10 13:22:07.392360
bed_temp,59.4,2025-09-10 13:22:07.392360
current,1.84,2025-09-10 13:22:07.392360
power,226.4,2025-09-10 13:22:07.392360
voltage,121.11,2025-09-10 13:22:07.392360
filament_temp,230.7,2025-09-10 13:22:07.892580
bed_temp,59.4,2025-09-10 13:22:07.892580
current,1.84,2025-09-10 13:22:07.892580
power,226.4,2025-09-10 13:22:07.892580
voltage,121.11,2025-09-10 13:22:07.892580
filament_temp,230.7,2025-09-10 13:22:08.392806
bed_temp,59.4,2025-09-10 13:22:08.392806
current,1.84,2025-09-10 13:22:08.392806
power,226.4,2025-09-10 13:22:08.392806
voltage,121.11,2025-09-10 13:22:08.392806
filament_temp,230.7,2025-09-10 13:22:08.892966
bed_temp,59.4,2025-09-10 13:22:08.892966
current,1.84,2025-09-10 13:22:08.892966
power,226.4,2025-09-10 13:22:08.892966
voltage,121.11,2025-09-10 13:22:08.892966
filament_temp,229.3,2025-09-10 13:22:09.393172
bed_temp,60.3,2025-09-10 13:22:09.393172
current,1.84,2025-09-10 13:22:09.393172
power,226.4,2025-09-10 13:22:09.393172
voltage,121.11,2025-09-10 13:22:09.393172
filament_temp,229.3,2025-09-10 13:22:09.893380
bed_temp,60.3,2025-09-10 13:22:09.893380
current,1.84,2025-09-10 13:22:09.893380
power,226.4,2025-09-10 13:22:09.893380
voltage,121.11,2025-09-10 13:22:09.893380
filament_temp,229.3,2025-09-10 13:22:10.393586
bed_temp,60.3,2025-09-10 13:22:10.393586
current,1.84,2025-09-10 13:22:10.393586
power,226.4,2025-09-10 13:22:10.393586
voltage,121.11,2025-09-10 13:22:10.393586
filament_temp,229.3,2025-09-10 13:22:10.893795
bed_temp,60.3,2025-09-10 13:22:10.893795
current,1.84,2025-09-10 13:22:10.893795
power,226.4,2025-09-10 13:22:10.893795
voltage,121.11,2025-09-10 13:22:10.893795
filament_temp,229.0,2025-09-10 13:22:11.394003
bed_temp,59.9,2025-09-10 13:22:11.394003
current,1.84,2025-09-10 13:22:11.394003
power,226.4,2025-09-10 13:22:11.394003
voltage,121.11,2025-09-10 13:22:11.394003
filament_temp,229.0,2025-09-10 13:22:11.894213
bed_temp,59.9,2025-09-10 13:22:11.894213
current,1.84,2025-09-10 13:22:11.894213
power,226.4,2025-09-10 13:22:11.894213
voltage,121.11,2025-09-10 13:22:11.894213
filament_temp,229.0,2025-09-10 13:22:12.394455
bed_temp,59.9,2025-09-10 13:22:12.394455
current,1.84,2025-09-10 13:22:12.394455
power,226.4,2025-09-10 13:22:12.394455
voltage,121.11,2025-09-10 13:22:12.394455
filament_temp,229.0,2025-09-10 13:22:12.894668
bed_temp,59.9,2025-09-10 13:22:12.894668
current,1.84,2025-09-10 13:22:12.894668
power,226.4,2025-09-10 13:22:12.894668
voltage,121.11,2025-09-10 13:22:12.894668
filament_temp,229.7,2025-09-10 13:22:13.394878
bed_temp,59.9,2025-09-10 13:22:13.394878
current,1.84,2025-09-10 13:22:13.394878
power,226.4,2025-09-10 13:22:13.394878
voltage,121.11,2025-09-10 13:22:13.394878
filament_temp,229.7,2025-09-10 13:22:13.895086
bed_temp,59.9,2025-09-10 13:22:13.895086
current,1.84,2025-09-10 13:22:13.895086
power,226.4,2025-09-10 13:22:13.895086
voltage,121.11,2025-09-10 13:22:13.895086
filament_temp,229.7,2025-09-10 13:22:14.395306
bed_temp,59.9,2025-09-10 13:22:14.395306
current,1.84,2025-09-10 13:22:14.395306
power,226.4,2025-09-10 13:22:14.395306
voltage,121.11,2025-09-10 13:22:14.395306
filament_temp,229.7,2025-09-10 13:22:14.895530
bed_temp,59.9,2025-09-10 13:22:14.895530
current,1.95,2025-09-10 13:22:14.895530
power,226.4,2025-09-10 13:22:14.895530
voltage,121.11,2025-09-10 13:22:14.895530
filament_temp,229.7,2025-09-10 13:22:15.395723
bed_temp,59.9,2025-09-10 13:22:15.395723
current,1.95,2025-09-10 13:22:15.395723
power,226.4,2025-09-10 13:22:15.395723
voltage,121.11,2025-09-10 13:22:15.395723
filament_temp,230.2,2025-09-10 13:22:15.895941
bed_temp,60.5,2025-09-10 13:22:15.895941
current,1.95,2025-09-10 13:22:15.895941
power,226.4,2025-09-10 13:22:15.895941
voltage,121.11,2025-09-10 13:22:15.895941
filament_temp,230.2,2025-09-10 13:22:16.396149
bed_temp,60.5,2025-09-10 13:22:16.396149
current,1.95,2025-09-10 13:22:16.396149
power,226.4,2025-09-10 13:22:16.396149
voltage,121.11,2025-09-10 13:22:16.396149
filament_temp,230.2,2025-09-10 13:22:16.896373
bed_temp,60.5,2025-09-10 13:22:16.896373
current,1.95,2025-09-10 13:22:16.896373
power,226.4,2025-09-10 13:22:16.896373
voltage,121.11,2025-09-10 13:22:16.896373
filament_temp,230.2,2025-09-10 13:22:17.396601
bed_temp,59.6,2025-09-10 13:22:17.396601
current,1.95,2025-09-10 13:22:17.396601
power,226.4,2025-09-10 13:22:17.396601
voltage,121.11,2025-09-10 13:22:17.396601
filament_temp,230.2,2025-09-10 13:22:17.896827
bed_temp,59.6,2025-09-10 13:22:17.896827
current,1.95,2025-09-10 13:22:17.896827
power,226.4,2025-09-10 13:22:17.896827
voltage,121.11,2025-09-10 13:22:17.896827
filament_temp,230.2,2025-09-10 13:22:18.397034
bed_temp,59.6,2025-09-10 13:22:18.397034
current,1.95,2025-09-10 13:22:18.397034
power,226.4,2025-09-10 13:22:18.397034
voltage,121.11,2025-09-10 13:22:18.397034
filament_temp,230.2,2025-09-10 13:22:18.897260
bed_temp,59.6,2025-09-10 13:22:18.897260
current,1.95,2025-09-10 13:22:18.897260
power,226.4,2025-09-10 13:22:18.897260
voltage,121.11,2025-09-10 13:22:18.897260
filament_temp,230.0,2025-09-10 13:22:19.397484
bed_temp,59.9,2025-09-10 13:22:19.397484
current,1.95,2025-09-10 13:22:19.397484
power,227.6,2025-09-10 13:22:19.397484
voltage,121.11,2025-09-10 13:22:19.397484
filament_temp,230.0,2025-09-10 13:22:19.897669
bed_temp,59.9,2025-09-10 13:22:19.897669
current,1.95,2025-09-10 13:22:19.897669
power,227.6,2025-09-10 13:22:19.897669
voltage,121.11,2025-09-10 13:22:19.897669
filament_temp,230.0,2025-09-10 13:22:20.397908
bed_temp,59.9,2025-09-10 13:22:20.397908
current,1.95,2025-09-10 13:22:20.397908
power,227.6,2025-09-10 13:22:20.397908
voltage,121.11,2025-09-10 13:22:20.397908
filament_temp,230.0,2025-09-10 13:22:20.898129
bed_temp,59.9,2025-09-10 13:22:20.898129
current,1.95,2025-09-10 13:22:20.898129
power,227.6,2025-09-10 13:22:20.898129
voltage,121.11,2025-09-10 13:22:20.898129
filament_temp,229.5,2025-09-10 13:22:21.398357
bed_temp,60.6,2025-09-10 13:22:21.398357
current,1.95,2025-09-10 13:22:21.398357
power,227.6,2025-09-10 13:22:21.398357
voltage,121.11,2025-09-10 13:22:21.398357
filament_temp,229.5,2025-09-10 13:22:21.898568
bed_temp,60.6,2025-09-10 13:22:21.898568
current,1.95,2025-09-10 13:22:21.898568
power,227.6,2025-09-10 13:22:21.898568
voltage,121.11,2025-09-10 13:22:21.898568
filament_temp,229.5,2025-09-10 13:22:22.398793
bed_temp,60.6,2025-09-10 13:22:22.398793
current,1.95,2025-09-10 13:22:22.398793
power,227.6,2025-09-10 13:22:22.398793
voltage,121.11,2025-09-10 13:22:22.398793
filament_temp,229.5,2025-09-10 13:22:22.899018
bed_temp,60.6,2025-09-10 13:22:22.899018
current,1.95,2025-09-10 13:22:22.899018
power,227.6,2025-09-10 13:22:22.899018
voltage,121.11,2025-09-10 13:22:22.899018
filament_temp,230.5,2025-09-10 13:22:23.399230
bed_temp,60.6,2025-09-10 13:22:23.399230
current,1.95,2025-09-10 13:22:23.399230
power,227.6,2025-09-10 13:22:23.399230
voltage,121.11,2025-09-10 13:22:23.399230
filament_temp,230.5,2025-09-10 13:22:23.899456
bed_temp,60.6,2025-09-10 13:22:23.899456
current,1.95,2025-09-10 13:22:23.899456
power,227.6,2025-09-10 13:22:23.899456
voltage,121.11,2025-09-10 13:22:23.899456
filament_temp,230.5,2025-09-10 13:22:24.399678
bed_temp,60.6,2025-09-10 13:22:24.399678
current,1.95,2025-09-10 13:22:24.399678
power,227.6,2025-09-10 13:22:24.399678
voltage,121.11,2025-09-10 13:22:24.399678
filament_temp,230.5,2025-09-10 13:22:24.899886
bed_temp,60.6,2025-09-10 13:22:24.899886
current,1.95,2025-09-10 13:22:24.899886
power,227.6,2025-09-10 13:22:24.899886
voltage,121.11,2025-09-10 13:22:24.899886
filament_temp,230.5,2025-09-10 13:22:25.400114
bed_temp,59.3,2025-09-10 13:22:25.400114
current,1.95,2025-09-10 13:22:25.400114
power,227.6,2025-09-10 13:22:25.400114
voltage,121.11,2025-09-10 13:22:25.400114
filament_temp,230.5,2025-09-10 13:22:25.900339
bed_temp,59.3,2025-09-10 13:22:25.900339
current,1.95,2025-09-10 13:22:25.900339
power,227.6,2025-09-10 13:22:25.900339
voltage,121.11,2025-09-10 13:22:25.900339
filament_temp,230.5,2025-09-10 13:22:26.400545
bed_temp,59.3,2025-09-10 13:22:26.400545
current,1.95,2025-09-10 13:22:26.400545
power,59.5,2025-09-10 13:22:26.400545
voltage,121.11,2025-09-10 13:22:26.400545
filament_temp,230.5,2025-09-10 13:22:26.900793
bed_temp,59.3,2025-09-10 13:22:26.900793
current,1.95,2025-09-10 13:22:26.900793
power,59.5,2025-09-10 13:22:26.900793
voltage,121.11,2025-09-10 13:22:26.900793
filament_temp,230.0,2025-09-10 13:22:27.401012
bed_temp,58.7,2025-09-10 13:22:27.401012
current,1.95,2025-09-10 13:22:27.401012
power,59.5,2025-09-10 13:22:27.401012
voltage,121.11,2025-09-10 13:22:27.401012
filament_temp,230.0,2025-09-10 13:22:27.901237
bed_temp,58.7,2025-09-10 13:22:27.901237
current,1.95,2025-09-10 13:22:27.901237
power,59.5,2025-09-10 13:22:27.901237
voltage,121.11,2025-09-10 13:22:27.901237
filament_temp,230.0,2025-09-10 13:22:28.401427
bed_temp,58.7,2025-09-10 13:22:28.401427
current,1.95,2025-09-10 13:22:28.401427
power,224.9,2025-09-10 13:22:28.401427
voltage,121.11,2025-09-10 13:22:28.401427
filament_temp,230.0,2025-09-10 13:22:28.901628
bed_temp,58.7,2025-09-10 13:22:28.901628
current,1.84,2025-09-10 13:22:28.901628
power,224.9,2025-09-10 13:22:28.901628
voltage,121.11,2025-09-10 13:22:28.901628
filament_temp,231.0,2025-09-10 13:22:29.401840
bed_temp,59.3,2025-09-10 13:22:29.401840
current,1.84,2025-09-10 13:22:29.401840
power,223.5,2025-09-10 13:22:29.401840
voltage,121.11,2025-09-10 13:22:29.401840
filament_temp,231.0,2025-09-10 13:22:29.902048
bed_temp,59.3,2025-09-10 13:22:29.902048
current,1.84,2025-09-10 13:22:29.902048
power,223.5,2025-09-10 13:22:29.902048
voltage,121.11,2025-09-10 13:22:29.902048
filament_temp,231.0,2025-09-10 13:22:30.402269
bed_temp,59.3,2025-09-10 13:22:30.402269
current,1.84,2025-09-10 13:22:30.402269
power,223.5,2025-09-10 13:22:30.402269
voltage,121.11,2025-09-10 13:22:30.402269
filament_temp,231.0,2025-09-10 13:22:30.902487
bed_temp,59.3,2025-09-10 13:22:30.902487
current,1.84,2025-09-10 13:22:30.902487
power,218.4,2025-09-10 13:22:30.902487
voltage,121.11,2025-09-10 13:22:30.902487
filament_temp,231.0,2025-09-10 13:22:31.402692
bed_temp,59.3,2025-09-10 13:22:31.402692
current,1.84,2025-09-10 13:22:31.402692
power,225.6,2025-09-10 13:22:31.402692
voltage,121.11,2025-09-10 13:22:31.402692
filament_temp,230.2,2025-09-10 13:22:31.902903
bed_temp,57.9,2025-09-10 13:22:31.902903
current,1.84,2025-09-10 13:22:31.902903
power,225.6,2025-09-10 13:22:31.902903
voltage,121.11,2025-09-10 13:22:31.902903
filament_temp,230.2,2025-09-10 13:22:32.403089
bed_temp,57.9,2025-09-10 13:22:32.403089
current,1.84,2025-09-10 13:22:32.403089
power,225.6,2025-09-10 13:22:32.403089
voltage,121.11,2025-09-10 13:22:32.403089
filament_temp,230.2,2025-09-10 13:22:32.903313
bed_temp,57.9,2025-09-10 13:22:32.903313
current,1.84,2025-09-10 13:22:32.903313
power,225.6,2025-09-10 13:22:32.903313
voltage,121.11,2025-09-10 13:22:32.903313
filament_temp,230.8,2025-09-10 13:22:33.403508
bed_temp,59.3,2025-09-10 13:22:33.403508
current,1.84,2025-09-10 13:22:33.403508
power,225.6,2025-09-10 13:22:33.403508
voltage,121.11,2025-09-10 13:22:33.403508
filament_temp,230.8,2025-09-10 13:22:33.903712
bed_temp,59.3,2025-09-10 13:22:33.903712
current,1.84,2025-09-10 13:22:33.903712
power,225.6,2025-09-10 13:22:33.903712
voltage,121.11,2025-09-10 13:22:33.903712
filament_temp,230.8,2025-09-10 13:22:34.403942
bed_temp,59.3,2025-09-10 13:22:34.403942
current,1.84,2025-09-10 13:22:34.403942
power,225.6,2025-09-10 13:22:34.403942
voltage,121.11,2025-09-10 13:22:34.403942
filament_temp,230.8,2025-09-10 13:22:34.904109
bed_temp,59.3,2025-09-10 13:22:34.904109
current,1.84,2025-09-10 13:22:34.904109
power,225.6,2025-09-10 13:22:34.904109
voltage,121.11,2025-09-10 13:22:34.904109
filament_temp,230.5,2025-09-10 13:22:35.404342
bed_temp,60.0,2025-09-10 13:22:35.404342
current,1.84,2025-09-10 13:22:35.404342
power,225.6,2025-09-10 13:22:35.404342
voltage,121.11,2025-09-10 13:22:35.404342
filament_temp,230.5,2025-09-10 13:22:35.904573
bed_temp,60.0,2025-09-10 13:22:35.904573
current,1.84,2025-09-10 13:22:35.904573
power,225.6,2025-09-10 13:22:35.904573
voltage,121.11,2025-09-10 13:22:35.904573
filament_temp,230.5,2025-09-10 13:22:36.404800
bed_temp,60.0,2025-09-10 13:22:36.404800
current,1.84,2025-09-10 13:22:36.404800
power,225.6,2025-09-10 13:22:36.404800
voltage,121.11,2025-09-10 13:22:36.404800
filament_temp,230.5,2025-09-10 13:22:36.904983
bed_temp,60.0,2025-09-10 13:22:36.904983
current,1.84,2025-09-10 13:22:36.904983
power,225.6,2025-09-10 13:22:36.904983
voltage,121.11,2025-09-10 13:22:36.904983
filament_temp,230.0,2025-09-10 13:22:37.405171
bed_temp,59.6,2025-09-10 13:22:37.405171
current,1.84,2025-09-10 13:22:37.405171
power,225.6,2025-09-10 13:22:37.405171
voltage,121.11,2025-09-10 13:22:37.405171
filament_temp,230.0,2025-09-10 13:22:37.905381
bed_temp,59.6,2025-09-10 13:22:37.905381
current,1.84,2025-09-10 13:22:37.905381
power,225.6,2025-09-10 13:22:37.905381
voltage,121.11,2025-09-10 13:22:37.905381
filament_temp,230.0,2025-09-10 13:22:38.405597
bed_temp,59.6,2025-09-10 13:22:38.405597
current,1.84,2025-09-10 13:22:38.405597
power,225.6,2025-09-10 13:22:38.405597
voltage,121.11,2025-09-10 13:22:38.405597
filament_temp,230.0,2025-09-10 13:22:38.905817
bed_temp,59.6,2025-09-10 13:22:38.905817
current,1.84,2025-09-10 13:22:38.905817
power,225.6,2025-09-10 13:22:38.905817
voltage,121.11,2025-09-10 13:22:38.905817
filament_temp,230.0,2025-09-10 13:22:39.406045
bed_temp,60.6,2025-09-10 13:22:39.406045
current,1.84,2025-09-10 13:22:39.406045
power,225.6,2025-09-10 13:22:39.406045
voltage,121.11,2025-09-10 13:22:39.406045
filament_temp,230.0,2025-09-10 13:22:39.906286
bed_temp,60.6,2025-09-10 13:22:39.906286
current,1.84,2025-09-10 13:22:39.906286
power,225.6,2025-09-10 13:22:39.906286
voltage,121.11,2025-09-10 13:22:39.906286
filament_temp,230.0,2025-09-10 13:22:40.406519
bed_temp,60.6,2025-09-10 13:22:40.406519
current,1.84,2025-09-10 13:22:40.406519
power,225.6,2025-09-10 13:22:40.406519
voltage,121.11,2025-09-10 13:22:40.406519
filament_temp,230.0,2025-09-10 13:22:40.906756
bed_temp,60.6,2025-09-10 13:22:40.906756
current,1.84,2025-09-10 13:22:40.906756
power,225.6,2025-09-10 13:22:40.906756
voltage,121.11,2025-09-10 13:22:40.906756
filament_temp,228.7,2025-09-10 13:22:41.406997
bed_temp,60.2,2025-09-10 13:22:41.406997
current,1.84,2025-09-10 13:22:41.406997
power,225.6,2025-09-10 13:22:41.406997
voltage,121.11,2025-09-10 13:22:41.406997
filament_temp,228.7,2025-09-10 13:22:41.907220
bed_temp,60.2,2025-09-10 13:22:41.907220
current,1.95,2025-09-10 13:22:41.907220
power,225.6,2025-09-10 13:22:41.907220
voltage,121.11,2025-09-10 13:22:41.907220
filament_temp,228.7,2025-09-10 13:22:42.407463
bed_temp,60.2,2025-09-10 13:22:42.407463
current,1.95,2025-09-10 13:22:42.407463
power,225.6,2025-09-10 13:22:42.407463
voltage,121.11,2025-09-10 13:22:42.407463
filament_temp,228.7,2025-09-10 13:22:42.907693
bed_temp,60.2,2025-09-10 13:22:42.907693
current,1.95,2025-09-10 13:22:42.907693
power,225.6,2025-09-10 13:22:42.907693
voltage,121.11,2025-09-10 13:22:42.907693
filament_temp,229.8,2025-09-10 13:22:43.407924
bed_temp,60.5,2025-09-10 13:22:43.407924
current,1.95,2025-09-10 13:22:43.407924
power,225.6,2025-09-10 13:22:43.407924
voltage,121.11,2025-09-10 13:22:43.407924
filament_temp,229.8,2025-09-10 13:22:43.908168
bed_temp,60.5,2025-09-10 13:22:43.908168
current,1.95,2025-09-10 13:22:43.908168
power,225.6,2025-09-10 13:22:43.908168
voltage,121.11,2025-09-10 13:22:43.908168
filament_temp,229.8,2025-09-10 13:22:44.408411
bed_temp,60.5,2025-09-10 13:22:44.408411
current,1.95,2025-09-10 13:22:44.408411
power,225.6,2025-09-10 13:22:44.408411
voltage,121.11,2025-09-10 13:22:44.408411
filament_temp,229.8,2025-09-10 13:22:44.908653
bed_temp,60.5,2025-09-10 13:22:44.908653
current,1.95,2025-09-10 13:22:44.908653
power,225.6,2025-09-10 13:22:44.908653
voltage,121.11,2025-09-10 13:22:44.908653
filament_temp,230.0,2025-09-10 13:22:45.408896
bed_temp,60.2,2025-09-10 13:22:45.408896
current,1.95,2025-09-10 13:22:45.408896
power,225.6,2025-09-10 13:22:45.408896
voltage,121.11,2025-09-10 13:22:45.408896
filament_temp,230.0,2025-09-10 13:22:45.909092
bed_temp,60.2,2025-09-10 13:22:45.909092
current,1.95,2025-09-10 13:22:45.909092
power,225.6,2025-09-10 13:22:45.909092
voltage,121.11,2025-09-10 13:22:45.909092
filament_temp,230.0,2025-09-10 13:22:46.409319
bed_temp,60.2,2025-09-10 13:22:46.409319
current,1.95,2025-09-10 13:22:46.409319
power,225.6,2025-09-10 13:22:46.409319
voltage,121.11,2025-09-10 13:22:46.409319
filament_temp,230.0,2025-09-10 13:22:46.909547
bed_temp,60.2,2025-09-10 13:22:46.909547
current,1.95,2025-09-10 13:22:46.909547
power,225.6,2025-09-10 13:22:46.909547
voltage,121.11,2025-09-10 13:22:46.909547
filament_temp,230.5,2025-09-10 13:22:47.409782
bed_temp,60.2,2025-09-10 13:22:47.409782
current,1.95,2025-09-10 13:22:47.409782
power,225.6,2025-09-10 13:22:47.409782
voltage,121.11,2025-09-10 13:22:47.409782
filament_temp,230.5,2025-09-10 13:22:47.909988
bed_temp,60.2,2025-09-10 13:22:47.909988
current,1.95,2025-09-10 13:22:47.909988
power,225.6,2025-09-10 13:22:47.909988
voltage,121.11,2025-09-10 13:22:47.909988
filament_temp,230.5,2025-09-10 13:22:48.410209
bed_temp,60.2,2025-09-10 13:22:48.410209
current,0.47,2025-09-10 13:22:48.410209
power,225.6,2025-09-10 13:22:48.410209
voltage,121.11,2025-09-10 13:22:48.410209
filament_temp,230.5,2025-09-10 13:22:48.910430
bed_temp,60.2,2025-09-10 13:22:48.910430
current,0.47,2025-09-10 13:22:48.910430
power,50,2025-09-10 13:22:48.910430
voltage,121.11,2025-09-10 13:22:48.910430
filament_temp,231.2,2025-09-10 13:22:49.410663
bed_temp,59.9,2025-09-10 13:22:49.410663
current,0.47,2025-09-10 13:22:49.410663
power,50,2025-09-10 13:22:49.410663
voltage,121.11,2025-09-10 13:22:49.410663
filament_temp,231.2,2025-09-10 13:22:49.910897
bed_temp,59.9,2025-09-10 13:22:49.910897
current,0.47,2025-09-10 13:22:49.910897
power,50,2025-09-10 13:22:49.910897
voltage,121.11,2025-09-10 13:22:49.910897
filament_temp,231.2,2025-09-10 13:22:50.411163
bed_temp,59.9,2025-09-10 13:22:50.411163
current,0.47,2025-09-10 13:22:50.411163
power,50,2025-09-10 13:22:50.411163
voltage,121.11,2025-09-10 13:22:50.411163
filament_temp,231.2,2025-09-10 13:22:50.911372
bed_temp,59.9,2025-09-10 13:22:50.911372
current,0.47,2025-09-10 13:22:50.911372
power,50,2025-09-10 13:22:50.911372
voltage,121.11,2025-09-10 13:22:50.911372
filament_temp,230.2,2025-09-10 13:22:51.411592
bed_temp,59.7,2025-09-10 13:22:51.411592
current,0.47,2025-09-10 13:22:51.411592
power,50,2025-09-10 13:22:51.411592
voltage,121.11,2025-09-10 13:22:51.411592
filament_temp,230.2,2025-09-10 13:22:51.911838
bed_temp,59.7,2025-09-10 13:22:51.911838
current,0.47,2025-09-10 13:22:51.911838
power,50,2025-09-10 13:22:51.911838
voltage,121.11,2025-09-10 13:22:51.911838
filament_temp,230.2,2025-09-10 13:22:52.412108
bed_temp,59.7,2025-09-10 13:22:52.412108
current,0.47,2025-09-10 13:22:52.412108
power,50,2025-09-10 13:22:52.412108
voltage,121.11,2025-09-10 13:22:52.412108
filament_temp,230.2,2025-09-10 13:22:52.912299
bed_temp,59.7,2025-09-10 13:22:52.912299
current,0.47,2025-09-10 13:22:52.912299
power,50,2025-09-10 13:22:52.912299
voltage,121.11,2025-09-10 13:22:52.912299
filament_temp,230.0,2025-09-10 13:22:53.412564
bed_temp,60.6,2025-09-10 13:22:53.412564
current,0.47,2025-09-10 13:22:53.412564
power,50,2025-09-10 13:22:53.412564
voltage,121.11,2025-09-10 13:22:53.412564
filament_temp,230.0,2025-09-10 13:22:53.912759
bed_temp,60.6,2025-09-10 13:22:53.912759
current,0.47,2025-09-10 13:22:53.912759
power,50,2025-09-10 13:22:53.912759
voltage,121.11,2025-09-10 13:22:53.912759
filament_temp,230.0,2025-09-10 13:22:54.413016
bed_temp,60.6,2025-09-10 13:22:54.413016
current,0.47,2025-09-10 13:22:54.413016
power,50,2025-09-10 13:22:54.413016
voltage,121.11,2025-09-10 13:22:54.413016
filament_temp,230.0,2025-09-10 13:22:54.913250
bed_temp,60.6,2025-09-10 13:22:54.913250
current,0.47,2025-09-10 13:22:54.913250
power,50,2025-09-10 13:22:54.913250
voltage,121.11,2025-09-10 13:22:54.913250
filament_temp,229.5,2025-09-10 13:22:55.413505
bed_temp,60.5,2025-09-10 13:22:55.413505
current,1.94,2025-09-10 13:22:55.413505
power,50,2025-09-10 13:22:55.413505
voltage,121.11,2025-09-10 13:22:55.413505
filament_temp,229.5,2025-09-10 13:22:55.913759
bed_temp,60.5,2025-09-10 13:22:55.913759
current,1.94,2025-09-10 13:22:55.913759
power,230.7,2025-09-10 13:22:55.913759
voltage,121.11,2025-09-10 13:22:55.913759
filament_temp,229.5,2025-09-10 13:22:56.413989
bed_temp,60.5,2025-09-10 13:22:56.413989
current,1.94,2025-09-10 13:22:56.413989
power,230.7,2025-09-10 13:22:56.413989
voltage,121.11,2025-09-10 13:22:56.413989
filament_temp,229.5,2025-09-10 13:22:56.914206
bed_temp,60.5,2025-09-10 13:22:56.914206
current,1.94,2025-09-10 13:22:56.914206
power,230.7,2025-09-10 13:22:56.914206
voltage,121.11,2025-09-10 13:22:56.914206
filament_temp,229.5,2025-09-10 13:22:57.414442
bed_temp,60.5,2025-09-10 13:22:57.414442
current,1.94,2025-09-10 13:22:57.414442
power,230.7,2025-09-10 13:22:57.414442
voltage,121.11,2025-09-10 13:22:57.414442
filament_temp,229.2,2025-09-10 13:22:57.914657
bed_temp,59.4,2025-09-10 13:22:57.914657
current,1.94,2025-09-10 13:22:57.914657
power,230.7,2025-09-10 13:22:57.914657
voltage,121.11,2025-09-10 13:22:57.914657
filament_temp,229.2,2025-09-10 13:22:58.414868
bed_temp,59.4,2025-09-10 13:22:58.414868
current,1.94,2025-09-10 13:22:58.414868
power,230.7,2025-09-10 13:22:58.414868
voltage,121.11,2025-09-10 13:22:58.414868
filament_temp,229.2,2025-09-10 13:22:58.915061
bed_temp,59.4,2025-09-10 13:22:58.915061
current,1.94,2025-09-10 13:22:58.915061
power,230.7,2025-09-10 13:22:58.915061
voltage,121.11,2025-09-10 13:22:58.915061
filament_temp,229.5,2025-09-10 13:22:59.415249
bed_temp,60.5,2025-09-10 13:22:59.415249
current,1.94,2025-09-10 13:22:59.415249
power,230.7,2025-09-10 13:22:59.415249
voltage,121.11,2025-09-10 13:22:59.415249
filament_temp,229.5,2025-09-10 13:22:59.915464
bed_temp,60.5,2025-09-10 13:22:59.915464
current,1.94,2025-09-10 13:22:59.915464
power,230.7,2025-09-10 13:22:59.915464
voltage,121.11,2025-09-10 13:22:59.915464
filament_temp,229.5,2025-09-10 13:23:00.415691
bed_temp,60.5,2025-09-10 13:23:00.415691
current,1.94,2025-09-10 13:23:00.415691
power,230.7,2025-09-10 13:23:00.415691
voltage,121.11,2025-09-10 13:23:00.415691
filament_temp,229.5,2025-09-10 13:23:00.915928
bed_temp,60.5,2025-09-10 13:23:00.915928
current,1.94,2025-09-10 13:23:00.915928
power,230.7,2025-09-10 13:23:00.915928
voltage,121.11,2025-09-10 13:23:00.915928
filament_temp,230.2,2025-09-10 13:23:01.416170
bed_temp,60.0,2025-09-10 13:23:01.416170
current,1.94,2025-09-10 13:23:01.416170
power,230.7,2025-09-10 13:23:01.416170
voltage,121.11,2025-09-10 13:23:01.416170
filament_temp,230.2,2025-09-10 13:23:01.916381
bed_temp,60.0,2025-09-10 13:23:01.916381
current,1.94,2025-09-10 13:23:01.916381
power,218,2025-09-10 13:23:01.916381
voltage,121.11,2025-09-10 13:23:01.916381
filament_temp,230.2,2025-09-10 13:23:02.416625
bed_temp,60.0,2025-09-10 13:23:02.416625
current,1.94,2025-09-10 13:23:02.416625
power,218,2025-09-10 13:23:02.416625
voltage,121.11,2025-09-10 13:23:02.416625
filament_temp,230.2,2025-09-10 13:23:02.916885
bed_temp,60.0,2025-09-10 13:23:02.916885
current,1.94,2025-09-10 13:23:02.916885
power,218,2025-09-10 13:23:02.916885
voltage,121.11,2025-09-10 13:23:02.916885
filament_temp,230.0,2025-09-10 13:23:03.417089
bed_temp,61.1,2025-09-10 13:23:03.417089
current,1.94,2025-09-10 13:23:03.417089
power,218,2025-09-10 13:23:03.417089
voltage,121.11,2025-09-10 13:23:03.417089
filament_temp,230.0,2025-09-10 13:23:03.917330
bed_temp,61.1,2025-09-10 13:23:03.917330
current,1.94,2025-09-10 13:23:03.917330
power,218,2025-09-10 13:23:03.917330
voltage,121.11,2025-09-10 13:23:03.917330
filament_temp,230.0,2025-09-10 13:23:04.417546
bed_temp,61.1,2025-09-10 13:23:04.417546
current,1.94,2025-09-10 13:23:04.417546
power,218,2025-09-10 13:23:04.417546
voltage,121.11,2025-09-10 13:23:04.417546
filament_temp,230.0,2025-09-10 13:23:04.917766
bed_temp,61.1,2025-09-10 13:23:04.917766
current,1.94,2025-09-10 13:23:04.917766
power,218,2025-09-10 13:23:04.917766
voltage,121.11,2025-09-10 13:23:04.917766
filament_temp,231.0,2025-09-10 13:23:05.417978
bed_temp,59.6,2025-09-10 13:23:05.417978
current,1.94,2025-09-10 13:23:05.417978
power,218,2025-09-10 13:23:05.417978
voltage,121.11,2025-09-10 13:23:05.417978
filament_temp,231.0,2025-09-10 13:23:05.918223
bed_temp,59.6,2025-09-10 13:23:05.918223
current,1.94,2025-09-10 13:23:05.918223
power,218,2025-09-10 13:23:05.918223
voltage,121.11,2025-09-10 13:23:05.918223
filament_temp,231.0,2025-09-10 13:23:06.418467
bed_temp,59.6,2025-09-10 13:23:06.418467
current,1.94,2025-09-10 13:23:06.418467
power,218,2025-09-10 13:23:06.418467
voltage,121.11,2025-09-10 13:23:06.418467
filament_temp,231.0,2025-09-10 13:23:06.918712
bed_temp,59.6,2025-09-10 13:23:06.918712
current,1.94,2025-09-10 13:23:06.918712
power,218,2025-09-10 13:23:06.918712
voltage,121.11,2025-09-10 13:23:06.918712
filament_temp,230.7,2025-09-10 13:23:07.418954
bed_temp,61.4,2025-09-10 13:23:07.418954
current,1.94,2025-09-10 13:23:07.418954
power,218,2025-09-10 13:23:07.418954
voltage,121.11,2025-09-10 13:23:07.418954
filament_temp,230.7,2025-09-10 13:23:07.919157
bed_temp,61.4,2025-09-10 13:23:07.919157
current,1.94,2025-09-10 13:23:07.919157
power,218,2025-09-10 13:23:07.919157
voltage,121.11,2025-09-10 13:23:07.919157
filament_temp,230.7,2025-09-10 13:23:08.419368
bed_temp,61.4,2025-09-10 13:23:08.419368
current,1.94,2025-09-10 13:23:08.419368
power,218,2025-09-10 13:23:08.419368
voltage,121.11,2025-09-10 13:23:08.419368
filament_temp,230.7,2025-09-10 13:23:08.919605
bed_temp,61.4,2025-09-10 13:23:08.919605
current,1.94,2025-09-10 13:23:08.919605
power,218,2025-09-10 13:23:08.919605
voltage,121.11,2025-09-10 13:23:08.919605
filament_temp,230.8,2025-09-10 13:23:09.419840
bed_temp,60.6,2025-09-10 13:23:09.419840
current,1.94,2025-09-10 13:23:09.419840
power,218,2025-09-10 13:23:09.419840
voltage,121.11,2025-09-10 13:23:09.419840
filament_temp,230.8,2025-09-10 13:23:09.920086
bed_temp,60.6,2025-09-10 13:23:09.920086
current,1.94,2025-09-10 13:23:09.920086
power,218,2025-09-10 13:23:09.920086
voltage,121.11,2025-09-10 13:23:09.920086
filament_temp,230.8,2025-09-10 13:23:10.420317
bed_temp,60.6,2025-09-10 13:23:10.420317
current,1.94,2025-09-10 13:23:10.420317
power,218,2025-09-10 13:23:10.420317
voltage,121.11,2025-09-10 13:23:10.420317
filament_temp,230.8,2025-09-10 13:23:10.920560
bed_temp,60.6,2025-09-10 13:23:10.920560
current,1.94,2025-09-10 13:23:10.920560
power,218,2025-09-10 13:23:10.920560
voltage,121.11,2025-09-10 13:23:10.920560
filament_temp,230.5,2025-09-10 13:23:11.420762
bed_temp,61.1,2025-09-10 13:23:11.420762
current,1.94,2025-09-10 13:23:11.420762
power,218,2025-09-10 13:23:11.420762
voltage,121.11,2025-09-10 13:23:11.420762
filament_temp,230.5,2025-09-10 13:23:11.920980
bed_temp,61.1,2025-09-10 13:23:11.920980
current,1.94,2025-09-10 13:23:11.920980
power,218,2025-09-10 13:23:11.920980
voltage,121.11,2025-09-10 13:23:11.920980
filament_temp,230.5,2025-09-10 13:23:12.421180
bed_temp,61.1,2025-09-10 13:23:12.421180
current,1.94,2025-09-10 13:23:12.421180
power,218,2025-09-10 13:23:12.421180
voltage,121.11,2025-09-10 13:23:12.421180
filament_temp,230.5,2025-09-10 13:23:12.921401
bed_temp,61.1,2025-09-10 13:23:12.921401
current,1.94,2025-09-10 13:23:12.921401
power,218,2025-09-10 13:23:12.921401
voltage,121.11,2025-09-10 13:23:12.921401
filament_temp,230.5,2025-09-10 13:23:13.421609
bed_temp,61.1,2025-09-10 13:23:13.421609
current,1.94,2025-09-10 13:23:13.421609
power,218,2025-09-10 13:23:13.421609
voltage,121.11,2025-09-10 13:23:13.421609
filament_temp,229.5,2025-09-10 13:23:13.921819
bed_temp,60.0,2025-09-10 13:23:13.921819
current,1.94,2025-09-10 13:23:13.921819
power,218,2025-09-10 13:23:13.921819
voltage,121.11,2025-09-10 13:23:13.921819
filament_temp,229.5,2025-09-10 13:23:14.422030
bed_temp,60.0,2025-09-10 13:23:14.422030
current,1.94,2025-09-10 13:23:14.422030
power,218,2025-09-10 13:23:14.422030
voltage,121.11,2025-09-10 13:23:14.422030
filament_temp,229.5,2025-09-10 13:23:14.922255
bed_temp,60.0,2025-09-10 13:23:14.922255
current,1.94,2025-09-10 13:23:14.922255
power,218,2025-09-10 13:23:14.922255
voltage,121.11,2025-09-10 13:23:14.922255
filament_temp,229.5,2025-09-10 13:23:15.422467
bed_temp,58.7,2025-09-10 13:23:15.422467
current,1.94,2025-09-10 13:23:15.422467
power,218,2025-09-10 13:23:15.422467
voltage,121.11,2025-09-10 13:23:15.422467
filament_temp,229.5,2025-09-10 13:23:15.922695
bed_temp,58.7,2025-09-10 13:23:15.922695
current,1.94,2025-09-10 13:23:15.922695
power,218,2025-09-10 13:23:15.922695
voltage,121.11,2025-09-10 13:23:15.922695
filament_temp,229.5,2025-09-10 13:23:16.422878
bed_temp,58.7,2025-09-10 13:23:16.422878
current,1.94,2025-09-10 13:23:16.422878
power,229.6,2025-09-10 13:23:16.422878
voltage,121.11,2025-09-10 13:23:16.422878
filament_temp,229.5,2025-09-10 13:23:16.923079
bed_temp,58.7,2025-09-10 13:23:16.923079
current,1.94,2025-09-10 13:23:16.923079
power,229.6,2025-09-10 13:23:16.923079
voltage,121.11,2025-09-10 13:23:16.923079
filament_temp,229.2,2025-09-10 13:23:17.423286
bed_temp,58.2,2025-09-10 13:23:17.423286
current,1.94,2025-09-10 13:23:17.423286
power,229.6,2025-09-10 13:23:17.423286
voltage,121.11,2025-09-10 13:23:17.423286
filament_temp,229.2,2025-09-10 13:23:17.923515
bed_temp,58.2,2025-09-10 13:23:17.923515
current,1.94,2025-09-10 13:23:17.923515
power,229.6,2025-09-10 13:23:17.923515
voltage,121.11,2025-09-10 13:23:17.923515
filament_temp,229.2,2025-09-10 13:23:18.423726
bed_temp,58.2,2025-09-10 13:23:18.423726
current,1.94,2025-09-10 13:23:18.423726
power,229.6,2025-09-10 13:23:18.423726
voltage,121.11,2025-09-10 13:23:18.423726
filament_temp,229.2,2025-09-10 13:23:18.923954
bed_temp,58.2,2025-09-10 13:23:18.923954
current,1.94,2025-09-10 13:23:18.923954
power,229.6,2025-09-10 13:23:18.923954
voltage,121.11,2025-09-10 13:23:18.923954
filament_temp,230.5,2025-09-10 13:23:19.424164
bed_temp,58.8,2025-09-10 13:23:19.424164
current,1.94,2025-09-10 13:23:19.424164
power,229.6,2025-09-10 13:23:19.424164
voltage,121.11,2025-09-10 13:23:19.424164
filament_temp,230.5,2025-09-10 13:23:19.924405
bed_temp,58.8,2025-09-10 13:23:19.924405
current,1.94,2025-09-10 13:23:19.924405
power,229.6,2025-09-10 13:23:19.924405
voltage,121.11,2025-09-10 13:23:19.924405
filament_temp,230.5,2025-09-10 13:23:20.424635
bed_temp,58.8,2025-09-10 13:23:20.424635
current,1.94,2025-09-10 13:23:20.424635
power,229.6,2025-09-10 13:23:20.424635
voltage,121.11,2025-09-10 13:23:20.424635
filament_temp,230.5,2025-09-10 13:23:20.924865
bed_temp,58.8,2025-09-10 13:23:20.924865
current,1.94,2025-09-10 13:23:20.924865
power,229.6,2025-09-10 13:23:20.924865
voltage,121.11,2025-09-10 13:23:20.924865
filament_temp,229.7,2025-09-10 13:23:21.425074
bed_temp,59.4,2025-09-10 13:23:21.425074
current,1.94,2025-09-10 13:23:21.425074
power,229.6,2025-09-10 13:23:21.425074
voltage,121.11,2025-09-10 13:23:21.425074
filament_temp,229.7,2025-09-10 13:23:21.925295
bed_temp,59.4,2025-09-10 13:23:21.925295
current,1.94,2025-09-10 13:23:21.925295
power,229.6,2025-09-10 13:23:21.925295
voltage,121.11,2025-09-10 13:23:21.925295
filament_temp,229.7,2025-09-10 13:23:22.425525
bed_temp,59.4,2025-09-10 13:23:22.425525
current,1.94,2025-09-10 13:23:22.425525
power,229.6,2025-09-10 13:23:22.425525
voltage,121.11,2025-09-10 13:23:22.425525
filament_temp,229.7,2025-09-10 13:23:22.925736
bed_temp,59.4,2025-09-10 13:23:22.925736
current,1.94,2025-09-10 13:23:22.925736
power,229.6,2025-09-10 13:23:22.925736
voltage,121.11,2025-09-10 13:23:22.925736
filament_temp,229.8,2025-09-10 13:23:23.425956
bed_temp,60.0,2025-09-10 13:23:23.425956
current,1.94,2025-09-10 13:23:23.425956
power,229.6,2025-09-10 13:23:23.425956
voltage,121.11,2025-09-10 13:23:23.425956
filament_temp,229.8,2025-09-10 13:23:23.926166
bed_temp,60.0,2025-09-10 13:23:23.926166
current,1.94,2025-09-10 13:23:23.926166
power,229.6,2025-09-10 13:23:23.926166
voltage,121.11,2025-09-10 13:23:23.926166
filament_temp,229.8,2025-09-10 13:23:24.426378
bed_temp,60.0,2025-09-10 13:23:24.426378
current,1.94,2025-09-10 13:23:24.426378
power,229.6,2025-09-10 13:23:24.426378
voltage,121.11,2025-09-10 13:23:24.426378
filament_temp,229.8,2025-09-10 13:23:24.926594
bed_temp,60.0,2025-09-10 13:23:24.926594
current,1.94,2025-09-10 13:23:24.926594
power,229.6,2025-09-10 13:23:24.926594
voltage,121.11,2025-09-10 13:23:24.926594
filament_temp,229.2,2025-09-10 13:23:25.426781
bed_temp,60.0,2025-09-10 13:23:25.426781
current,1.94,2025-09-10 13:23:25.426781
power,229.6,2025-09-10 13:23:25.426781
voltage,121.11,2025-09-10 13:23:25.426781
filament_temp,229.2,2025-09-10 13:23:25.926993
bed_temp,60.0,2025-09-10 13:23:25.926993
current,1.94,2025-09-10 13:23:25.926993
power,229.6,2025-09-10 13:23:25.926993
voltage,121.11,2025-09-10 13:23:25.926993
filament_temp,229.2,2025-09-10 13:23:26.427224
bed_temp,60.0,2025-09-10 13:23:26.427224
current,1.94,2025-09-10 13:23:26.427224
power,229.6,2025-09-10 13:23:26.427224
voltage,121.11,2025-09-10 13:23:26.427224
filament_temp,229.2,2025-09-10 13:23:26.927444
bed_temp,60.0,2025-09-10 13:23:26.927444
current,1.94,2025-09-10 13:23:26.927444
power,229.6,2025-09-10 13:23:26.927444
voltage,121.11,2025-09-10 13:23:26.927444
filament_temp,230.0,2025-09-10 13:23:27.427673
bed_temp,59.6,2025-09-10 13:23:27.427673
current,1.94,2025-09-10 13:23:27.427673
power,229.6,2025-09-10 13:23:27.427673
voltage,121.11,2025-09-10 13:23:27.427673
filament_temp,230.0,2025-09-10 13:23:27.927913
bed_temp,59.6,2025-09-10 13:23:27.927913
current,1.94,2025-09-10 13:23:27.927913
power,229.6,2025-09-10 13:23:27.927913
voltage,121.11,2025-09-10 13:23:27.927913
filament_temp,230.0,2025-09-10 13:23:28.428158
bed_temp,59.6,2025-09-10 13:23:28.428158
current,1.94,2025-09-10 13:23:28.428158
power,229.6,2025-09-10 13:23:28.428158
voltage,121.11,2025-09-10 13:23:28.428158
filament_temp,230.0,2025-09-10 13:23:28.928395
bed_temp,59.6,2025-09-10 13:23:28.928395
current,1.94,2025-09-10 13:23:28.928395
power,229.6,2025-09-10 13:23:28.928395
voltage,121.11,2025-09-10 13:23:28.928395
filament_temp,230.3,2025-09-10 13:23:29.428594
bed_temp,59.7,2025-09-10 13:23:29.428594
current,1.94,2025-09-10 13:23:29.428594
power,59.2,2025-09-10 13:23:29.428594
voltage,121.11,2025-09-10 13:23:29.428594
filament_temp,230.3,2025-09-10 13:23:29.928815
bed_temp,59.7,2025-09-10 13:23:29.928815
current,1.94,2025-09-10 13:23:29.928815
power,59.2,2025-09-10 13:23:29.928815
voltage,121.11,2025-09-10 13:23:29.928815
filament_temp,230.3,2025-09-10 13:23:30.429032
bed_temp,59.7,2025-09-10 13:23:30.429032
current,1.94,2025-09-10 13:23:30.429032
power,59.2,2025-09-10 13:23:30.429032
voltage,121.11,2025-09-10 13:23:30.429032
filament_temp,230.3,2025-09-10 13:23:30.929264
bed_temp,59.7,2025-09-10 13:23:30.929264
current,1.94,2025-09-10 13:23:30.929264
power,59.2,2025-09-10 13:23:30.929264
voltage,121.11,2025-09-10 13:23:30.929264
filament_temp,230.3,2025-09-10 13:23:31.429475
bed_temp,58.8,2025-09-10 13:23:31.429475
current,1.94,2025-09-10 13:23:31.429475
power,59.2,2025-09-10 13:23:31.429475
voltage,121.11,2025-09-10 13:23:31.429475
filament_temp,230.3,2025-09-10 13:23:31.929720
bed_temp,58.8,2025-09-10 13:23:31.929720
current,1.94,2025-09-10 13:23:31.929720
power,59.2,2025-09-10 13:23:31.929720
voltage,121.11,2025-09-10 13:23:31.929720
filament_temp,230.3,2025-09-10 13:23:32.429945
bed_temp,58.8,2025-09-10 13:23:32.429945
current,1.94,2025-09-10 13:23:32.429945
power,59.2,2025-09-10 13:23:32.429945
voltage,121.11,2025-09-10 13:23:32.429945
filament_temp,230.3,2025-09-10 13:23:32.930171
bed_temp,58.8,2025-09-10 13:23:32.930171
current,1.94,2025-09-10 13:23:32.930171
power,59.2,2025-09-10 13:23:32.930171
voltage,121.11,2025-09-10 13:23:32.930171
filament_temp,230.0,2025-09-10 13:23:33.430388
bed_temp,60.0,2025-09-10 13:23:33.430388
current,1.94,2025-09-10 13:23:33.430388
power,59.2,2025-09-10 13:23:33.430388
voltage,121.11,2025-09-10 13:23:33.430388
filament_temp,230.0,2025-09-10 13:23:33.930628
bed_temp,60.0,2025-09-10 13:23:33.930628
current,1.94,2025-09-10 13:23:33.930628
power,59.2,2025-09-10 13:23:33.930628
voltage,121.11,2025-09-10 13:23:33.930628
filament_temp,230.0,2025-09-10 13:23:34.430843
bed_temp,60.0,2025-09-10 13:23:34.430843
current,1.94,2025-09-10 13:23:34.430843
power,59.2,2025-09-10 13:23:34.430843
voltage,121.11,2025-09-10 13:23:34.430843
filament_temp,230.0,2025-09-10 13:23:34.931082
bed_temp,60.0,2025-09-10 13:23:34.931082
current,1.94,2025-09-10 13:23:34.931082
power,59.2,2025-09-10 13:23:34.931082
voltage,121.11,2025-09-10 13:23:34.931082
filament_temp,230.0,2025-09-10 13:23:35.431324
bed_temp,60.0,2025-09-10 13:23:35.431324
current,1.94,2025-09-10 13:23:35.431324
power,59.2,2025-09-10 13:23:35.431324
voltage,121.11,2025-09-10 13:23:35.431324
filament_temp,230.0,2025-09-10 13:23:35.931561
bed_temp,60.0,2025-09-10 13:23:35.931561
current,1.94,2025-09-10 13:23:35.931561
power,59.2,2025-09-10 13:23:35.931561
voltage,121.11,2025-09-10 13:23:35.931561
filament_temp,230.0,2025-09-10 13:23:36.431813
bed_temp,60.0,2025-09-10 13:23:36.431813
current,1.94,2025-09-10 13:23:36.431813
power,59.2,2025-09-10 13:23:36.431813
voltage,121.11,2025-09-10 13:23:36.431813
filament_temp,230.0,2025-09-10 13:23:36.932048
bed_temp,60.0,2025-09-10 13:23:36.932048
current,1.94,2025-09-10 13:23:36.932048
power,59.2,2025-09-10 13:23:36.932048
voltage,121.11,2025-09-10 13:23:36.932048
filament_temp,230.7,2025-09-10 13:23:37.432290
bed_temp,59.1,2025-09-10 13:23:37.432290
current,1.94,2025-09-10 13:23:37.432290
power,59.2,2025-09-10 13:23:37.432290
voltage,121.11,2025-09-10 13:23:37.432290
filament_temp,230.7,2025-09-10 13:23:37.932529
bed_temp,59.1,2025-09-10 13:23:37.932529
current,1.94,2025-09-10 13:23:37.932529
power,59.2,2025-09-10 13:23:37.932529
voltage,121.11,2025-09-10 13:23:37.932529
filament_temp,230.7,2025-09-10 13:23:38.432722
bed_temp,59.1,2025-09-10 13:23:38.432722
current,1.94,2025-09-10 13:23:38.432722
power,59.2,2025-09-10 13:23:38.432722
voltage,121.11,2025-09-10 13:23:38.432722
filament_temp,230.7,2025-09-10 13:23:38.932937
bed_temp,59.1,2025-09-10 13:23:38.932937
current,1.94,2025-09-10 13:23:38.932937
power,59.2,2025-09-10 13:23:38.932937
voltage,121.11,2025-09-10 13:23:38.932937
filament_temp,230.7,2025-09-10 13:23:39.433181
bed_temp,60.9,2025-09-10 13:23:39.433181
current,1.94,2025-09-10 13:23:39.433181
power,59.2,2025-09-10 13:23:39.433181
voltage,121.11,2025-09-10 13:23:39.433181
filament_temp,230.7,2025-09-10 13:23:39.933401
bed_temp,60.9,2025-09-10 13:23:39.933401
current,1.94,2025-09-10 13:23:39.933401
power,59.2,2025-09-10 13:23:39.933401
voltage,121.11,2025-09-10 13:23:39.933401
filament_temp,230.7,2025-09-10 13:23:40.433647
bed_temp,60.9,2025-09-10 13:23:40.433647
current,1.94,2025-09-10 13:23:40.433647
power,59.2,2025-09-10 13:23:40.433647
voltage,121.11,2025-09-10 13:23:40.433647
filament_temp,230.7,2025-09-10 13:23:40.933873
bed_temp,60.9,2025-09-10 13:23:40.933873
current,1.94,2025-09-10 13:23:40.933873
power,59.2,2025-09-10 13:23:40.933873
voltage,121.11,2025-09-10 13:23:40.933873
filament_temp,229.8,2025-09-10 13:23:41.434098
bed_temp,60.6,2025-09-10 13:23:41.434098
current,1.94,2025-09-10 13:23:41.434098
power,59.2,2025-09-10 13:23:41.434098
voltage,121.11,2025-09-10 13:23:41.434098
filament_temp,229.8,2025-09-10 13:23:41.934323
bed_temp,60.6,2025-09-10 13:23:41.934323
current,1.94,2025-09-10 13:23:41.934323
power,59.2,2025-09-10 13:23:41.934323
voltage,121.11,2025-09-10 13:23:41.934323
filament_temp,229.8,2025-09-10 13:23:42.434527
bed_temp,60.6,2025-09-10 13:23:42.434527
current,1.94,2025-09-10 13:23:42.434527
power,59.2,2025-09-10 13:23:42.434527
voltage,121.11,2025-09-10 13:23:42.434527
filament_temp,229.8,2025-09-10 13:23:42.934769
bed_temp,60.6,2025-09-10 13:23:42.934769
current,1.94,2025-09-10 13:23:42.934769
power,59.2,2025-09-10 13:23:42.934769
voltage,121.11,2025-09-10 13:23:42.934769
filament_temp,229.8,2025-09-10 13:23:43.434998
bed_temp,60.6,2025-09-10 13:23:43.434998
current,1.94,2025-09-10 13:23:43.434998
power,59.2,2025-09-10 13:23:43.434998
voltage,121.11,2025-09-10 13:23:43.434998
filament_temp,229.8,2025-09-10 13:23:43.935225
bed_temp,60.6,2025-09-10 13:23:43.935225
current,1.94,2025-09-10 13:23:43.935225
power,59.2,2025-09-10 13:23:43.935225
voltage,121.11,2025-09-10 13:23:43.935225
filament_temp,229.8,2025-09-10 13:23:44.435456
bed_temp,60.6,2025-09-10 13:23:44.435456
current,1.94,2025-09-10 13:23:44.435456
power,59.2,2025-09-10 13:23:44.435456
voltage,121.11,2025-09-10 13:23:44.435456
filament_temp,229.8,2025-09-10 13:23:44.935685
bed_temp,60.6,2025-09-10 13:23:44.935685
current,1.94,2025-09-10 13:23:44.935685
power,59.2,2025-09-10 13:23:44.935685
voltage,121.11,2025-09-10 13:23:44.935685
filament_temp,230.5,2025-09-10 13:23:45.435914
bed_temp,59.7,2025-09-10 13:23:45.435914
current,1.94,2025-09-10 13:23:45.435914
power,59.2,2025-09-10 13:23:45.435914
voltage,121.11,2025-09-10 13:23:45.435914
filament_temp,230.5,2025-09-10 13:23:45.936142
bed_temp,59.7,2025-09-10 13:23:45.936142
current,1.94,2025-09-10 13:23:45.936142
power,59.2,2025-09-10 13:23:45.936142
voltage,121.11,2025-09-10 13:23:45.936142
filament_temp,230.5,2025-09-10 13:23:46.436370
bed_temp,59.7,2025-09-10 13:23:46.436370
current,1.94,2025-09-10 13:23:46.436370
power,59.2,2025-09-10 13:23:46.436370
voltage,121.11,2025-09-10 13:23:46.436370
filament_temp,230.5,2025-09-10 13:23:46.936586
bed_temp,59.7,2025-09-10 13:23:46.936586
current,1.94,2025-09-10 13:23:46.936586
power,59.2,2025-09-10 13:23:46.936586
voltage,121.11,2025-09-10 13:23:46.936586
filament_temp,229.2,2025-09-10 13:23:47.436816
bed_temp,60.6,2025-09-10 13:23:47.436816
current,1.94,2025-09-10 13:23:47.436816
power,49,2025-09-10 13:23:47.436816
voltage,121.11,2025-09-10 13:23:47.436816
filament_temp,229.2,2025-09-10 13:23:47.937027
bed_temp,60.6,2025-09-10 13:23:47.937027
current,1.94,2025-09-10 13:23:47.937027
power,49,2025-09-10 13:23:47.937027
voltage,121.11,2025-09-10 13:23:47.937027
filament_temp,229.2,2025-09-10 13:23:48.437262
bed_temp,60.6,2025-09-10 13:23:48.437262
current,1.94,2025-09-10 13:23:48.437262
power,49,2025-09-10 13:23:48.437262
voltage,121.11,2025-09-10 13:23:48.437262
filament_temp,229.2,2025-09-10 13:23:48.937485
bed_temp,60.6,2025-09-10 13:23:48.937485
current,1.94,2025-09-10 13:23:48.937485
power,229.5,2025-09-10 13:23:48.937485
voltage,121.11,2025-09-10 13:23:48.937485
filament_temp,229.7,2025-09-10 13:23:49.437729
bed_temp,61.2,2025-09-10 13:23:49.437729
current,1.94,2025-09-10 13:23:49.437729
power,229.5,2025-09-10 13:23:49.437729
voltage,121.11,2025-09-10 13:23:49.437729
filament_temp,229.7,2025-09-10 13:23:49.937949
bed_temp,61.2,2025-09-10 13:23:49.937949
current,1.94,2025-09-10 13:23:49.937949
power,229.5,2025-09-10 13:23:49.937949
voltage,121.11,2025-09-10 13:23:49.937949
filament_temp,229.7,2025-09-10 13:23:50.438171
bed_temp,61.2,2025-09-10 13:23:50.438171
current,1.94,2025-09-10 13:23:50.438171
power,229.5,2025-09-10 13:23:50.438171
voltage,121.11,2025-09-10 13:23:50.438171
filament_temp,229.7,2025-09-10 13:23:50.938417
bed_temp,61.2,2025-09-10 13:23:50.938417
current,1.94,2025-09-10 13:23:50.938417
power,226.3,2025-09-10 13:23:50.938417
voltage,121.11,2025-09-10 13:23:50.938417
filament_temp,230.0,2025-09-10 13:23:51.438639
bed_temp,60.0,2025-09-10 13:23:51.438639
current,1.94,2025-09-10 13:23:51.438639
power,226.3,2025-09-10 13:23:51.438639
voltage,121.11,2025-09-10 13:23:51.438639
filament_temp,230.0,2025-09-10 13:23:51.938876
bed_temp,60.0,2025-09-10 13:23:51.938876
current,1.94,2025-09-10 13:23:51.938876
power,226.3,2025-09-10 13:23:51.938876
voltage,121.11,2025-09-10 13:23:51.938876
filament_temp,230.0,2025-09-10 13:23:52.439116
bed_temp,60.0,2025-09-10 13:23:52.439116
current,1.94,2025-09-10 13:23:52.439116
power,226.3,2025-09-10 13:23:52.439116
voltage,121.11,2025-09-10 13:23:52.439116
filament_temp,230.0,2025-09-10 13:23:52.939350
bed_temp,60.0,2025-09-10 13:23:52.939350
current,1.94,2025-09-10 13:23:52.939350
power,226.3,2025-09-10 13:23:52.939350
voltage,121.11,2025-09-10 13:23:52.939350
filament_temp,230.0,2025-09-10 13:23:53.439558
bed_temp,59.4,2025-09-10 13:23:53.439558
current,1.94,2025-09-10 13:23:53.439558
power,226.3,2025-09-10 13:23:53.439558
voltage,121.11,2025-09-10 13:23:53.439558
filament_temp,230.0,2025-09-10 13:23:53.939770
bed_temp,59.4,2025-09-10 13:23:53.939770
current,1.94,2025-09-10 13:23:53.939770
power,226.3,2025-09-10 13:23:53.939770
voltage,121.11,2025-09-10 13:23:53.939770
filament_temp,230.0,2025-09-10 13:23:54.440012
bed_temp,59.4,2025-09-10 13:23:54.440012
current,1.94,2025-09-10 13:23:54.440012
power,226.3,2025-09-10 13:23:54.440012
voltage,121.11,2025-09-10 13:23:54.440012
filament_temp,230.0,2025-09-10 13:23:54.940239
bed_temp,59.4,2025-09-10 13:23:54.940239
current,1.94,2025-09-10 13:23:54.940239
power,226.3,2025-09-10 13:23:54.940239
voltage,121.11,2025-09-10 13:23:54.940239
filament_temp,230.0,2025-09-10 13:23:55.440465
bed_temp,59.4,2025-09-10 13:23:55.440465
current,1.94,2025-09-10 13:23:55.440465
power,226.3,2025-09-10 13:23:55.440465
voltage,121.11,2025-09-10 13:23:55.440465
filament_temp,230.3,2025-09-10 13:23:55.940666
bed_temp,60.3,2025-09-10 13:23:55.940666
current,1.94,2025-09-10 13:23:55.940666
power,226.3,2025-09-10 13:23:55.940666
voltage,121.11,2025-09-10 13:23:55.940666
filament_temp,230.3,2025-09-10 13:23:56.440863
bed_temp,60.3,2025-09-10 13:23:56.440863
current,1.94,2025-09-10 13:23:56.440863
power,226.3,2025-09-10 13:23:56.440863
voltage,121.11,2025-09-10 13:23:56.440863
filament_temp,230.3,2025-09-10 13:23:56.941042
bed_temp,60.3,2025-09-10 13:23:56.941042
current,1.94,2025-09-10 13:23:56.941042
power,52.4,2025-09-10 13:23:56.941042
voltage,121.11,2025-09-10 13:23:56.941042
filament_temp,230.0,2025-09-10 13:23:57.441281
bed_temp,60.0,2025-09-10 13:23:57.441281
current,1.94,2025-09-10 13:23:57.441281
power,52.4,2025-09-10 13:23:57.441281
voltage,121.11,2025-09-10 13:23:57.441281
filament_temp,230.0,2025-09-10 13:23:57.941502
bed_temp,60.0,2025-09-10 13:23:57.941502
current,1.94,2025-09-10 13:23:57.941502
power,52.4,2025-09-10 13:23:57.941502
voltage,121.11,2025-09-10 13:23:57.941502
filament_temp,230.0,2025-09-10 13:23:58.441719
bed_temp,60.0,2025-09-10 13:23:58.441719
current,1.94,2025-09-10 13:23:58.441719
power,52.4,2025-09-10 13:23:58.441719
voltage,121.11,2025-09-10 13:23:58.441719
filament_temp,230.0,2025-09-10 13:23:58.941930
bed_temp,60.0,2025-09-10 13:23:58.941930
current,1.94,2025-09-10 13:23:58.941930
power,225.6,2025-09-10 13:23:58.941930
voltage,121.11,2025-09-10 13:23:58.941930
filament_temp,230.0,2025-09-10 13:23:59.442168
bed_temp,60.6,2025-09-10 13:23:59.442168
current,1.94,2025-09-10 13:23:59.442168
power,225.6,2025-09-10 13:23:59.442168
voltage,121.11,2025-09-10 13:23:59.442168
filament_temp,230.0,2025-09-10 13:23:59.942392
bed_temp,60.6,2025-09-10 13:23:59.942392
current,1.94,2025-09-10 13:23:59.942392
power,225.6,2025-09-10 13:23:59.942392
voltage,121.11,2025-09-10 13:23:59.942392
filament_temp,230.0,2025-09-10 13:24:00.442610
bed_temp,60.6,2025-09-10 13:24:00.442610
current,1.94,2025-09-10 13:24:00.442610
power,225.6,2025-09-10 13:24:00.442610
voltage,121.11,2025-09-10 13:24:00.442610
filament_temp,230.0,2025-09-10 13:24:00.942830
bed_temp,60.6,2025-09-10 13:24:00.942830
current,1.84,2025-09-10 13:24:00.942830
power,225.6,2025-09-10 13:24:00.942830
voltage,121.11,2025-09-10 13:24:00.942830
filament_temp,229.5,2025-09-10 13:24:01.443051
bed_temp,60.6,2025-09-10 13:24:01.443051
current,1.84,2025-09-10 13:24:01.443051
power,225.1,2025-09-10 13:24:01.443051
voltage,121.11,2025-09-10 13:24:01.443051
filament_temp,229.5,2025-09-10 13:24:01.943244
bed_temp,60.6,2025-09-10 13:24:01.943244
current,1.84,2025-09-10 13:24:01.943244
power,225.1,2025-09-10 13:24:01.943244
voltage,121.11,2025-09-10 13:24:01.943244
filament_temp,229.5,2025-09-10 13:24:02.443486
bed_temp,60.6,2025-09-10 13:24:02.443486
current,1.84,2025-09-10 13:24:02.443486
power,225.1,2025-09-10 13:24:02.443486
voltage,121.11,2025-09-10 13:24:02.443486
filament_temp,229.5,2025-09-10 13:24:02.943731
bed_temp,60.6,2025-09-10 13:24:02.943731
current,1.84,2025-09-10 13:24:02.943731
power,215.5,2025-09-10 13:24:02.943731
voltage,121.11,2025-09-10 13:24:02.943731
filament_temp,229.3,2025-09-10 13:24:03.443976
bed_temp,60.5,2025-09-10 13:24:03.443976
current,1.84,2025-09-10 13:24:03.443976
power,218.6,2025-09-10 13:24:03.443976
voltage,121.11,2025-09-10 13:24:03.443976
filament_temp,229.3,2025-09-10 13:24:03.944222
bed_temp,60.5,2025-09-10 13:24:03.944222
current,1.95,2025-09-10 13:24:03.944222
power,218.6,2025-09-10 13:24:03.944222
voltage,121.11,2025-09-10 13:24:03.944222
filament_temp,229.3,2025-09-10 13:24:04.444451
bed_temp,60.5,2025-09-10 13:24:04.444451
current,1.95,2025-09-10 13:24:04.444451
power,231.7,2025-09-10 13:24:04.444451
voltage,121.11,2025-09-10 13:24:04.444451
filament_temp,229.3,2025-09-10 13:24:04.944678
bed_temp,60.5,2025-09-10 13:24:04.944678
current,1.83,2025-09-10 13:24:04.944678
power,231.7,2025-09-10 13:24:04.944678
voltage,121.11,2025-09-10 13:24:04.944678
filament_temp,229.7,2025-09-10 13:24:05.444921
bed_temp,60.6,2025-09-10 13:24:05.444921
current,1.83,2025-09-10 13:24:05.444921
power,216.6,2025-09-10 13:24:05.444921
voltage,121.11,2025-09-10 13:24:05.444921
filament_temp,229.7,2025-09-10 13:24:05.945161
bed_temp,60.6,2025-09-10 13:24:05.945161
current,1.83,2025-09-10 13:24:05.945161
power,216.6,2025-09-10 13:24:05.945161
voltage,121.11,2025-09-10 13:24:05.945161
filament_temp,229.7,2025-09-10 13:24:06.445417
bed_temp,60.6,2025-09-10 13:24:06.445417
current,1.83,2025-09-10 13:24:06.445417
power,216.6,2025-09-10 13:24:06.445417
voltage,121.11,2025-09-10 13:24:06.445417
filament_temp,229.7,2025-09-10 13:24:06.945662
bed_temp,60.6,2025-09-10 13:24:06.945662
current,1.83,2025-09-10 13:24:06.945662
power,216.6,2025-09-10 13:24:06.945662
voltage,121.11,2025-09-10 13:24:06.945662
filament_temp,229.2,2025-09-10 13:24:07.445885
bed_temp,61.1,2025-09-10 13:24:07.445885
current,1.83,2025-09-10 13:24:07.445885
power,216.6,2025-09-10 13:24:07.445885
voltage,121.11,2025-09-10 13:24:07.445885
filament_temp,229.2,2025-09-10 13:24:07.946129
bed_temp,61.1,2025-09-10 13:24:07.946129
current,1.83,2025-09-10 13:24:07.946129
power,216.6,2025-09-10 13:24:07.946129
voltage,121.11,2025-09-10 13:24:07.946129
filament_temp,229.2,2025-09-10 13:24:08.446356
bed_temp,61.1,2025-09-10 13:24:08.446356
current,1.83,2025-09-10 13:24:08.446356
power,51.4,2025-09-10 13:24:08.446356
voltage,121.11,2025-09-10 13:24:08.446356
filament_temp,229.2,2025-09-10 13:24:08.946600
bed_temp,61.1,2025-09-10 13:24:08.946600
current,1.83,2025-09-10 13:24:08.946600
power,51.4,2025-09-10 13:24:08.946600
voltage,121.11,2025-09-10 13:24:08.946600
filament_temp,229.5,2025-09-10 13:24:09.446827
bed_temp,61.2,2025-09-10 13:24:09.446827
current,0.59,2025-09-10 13:24:09.446827
power,51.4,2025-09-10 13:24:09.446827
voltage,121.11,2025-09-10 13:24:09.446827
filament_temp,229.5,2025-09-10 13:24:09.947063
bed_temp,61.2,2025-09-10 13:24:09.947063
current,0.59,2025-09-10 13:24:09.947063
power,51.4,2025-09-10 13:24:09.947063
voltage,121.11,2025-09-10 13:24:09.947063
filament_temp,229.5,2025-09-10 13:24:10.447281
bed_temp,61.2,2025-09-10 13:24:10.447281
current,0.59,2025-09-10 13:24:10.447281
power,51.4,2025-09-10 13:24:10.447281
voltage,121.11,2025-09-10 13:24:10.447281
filament_temp,229.5,2025-09-10 13:24:10.947490
bed_temp,61.2,2025-09-10 13:24:10.947490
current,0.59,2025-09-10 13:24:10.947490
power,51.4,2025-09-10 13:24:10.947490
voltage,121.11,2025-09-10 13:24:10.947490
filament_temp,230.2,2025-09-10 13:24:11.447729
bed_temp,60.5,2025-09-10 13:24:11.447729
current,0.59,2025-09-10 13:24:11.447729
power,51.4,2025-09-10 13:24:11.447729
voltage,121.11,2025-09-10 13:24:11.447729
filament_temp,230.2,2025-09-10 13:24:11.947968
bed_temp,60.5,2025-09-10 13:24:11.947968
current,0.59,2025-09-10 13:24:11.947968
power,51.4,2025-09-10 13:24:11.947968
voltage,121.11,2025-09-10 13:24:11.947968
filament_temp,230.2,2025-09-10 13:24:12.448207
bed_temp,60.5,2025-09-10 13:24:12.448207
current,0.59,2025-09-10 13:24:12.448207
power,51.4,2025-09-10 13:24:12.448207
voltage,121.11,2025-09-10 13:24:12.448207
filament_temp,230.2,2025-09-10 13:24:12.948402
bed_temp,60.5,2025-09-10 13:24:12.948402
current,0.59,2025-09-10 13:24:12.948402
power,51.4,2025-09-10 13:24:12.948402
voltage,121.11,2025-09-10 13:24:12.948402
filament_temp,230.8,2025-09-10 13:24:13.448642
bed_temp,60.9,2025-09-10 13:24:13.448642
current,0.59,2025-09-10 13:24:13.448642
power,51.4,2025-09-10 13:24:13.448642
voltage,121.11,2025-09-10 13:24:13.448642
filament_temp,230.8,2025-09-10 13:24:13.948881
bed_temp,60.9,2025-09-10 13:24:13.948881
current,0.59,2025-09-10 13:24:13.948881
power,60.3,2025-09-10 13:24:13.948881
voltage,121.11,2025-09-10 13:24:13.948881
filament_temp,230.8,2025-09-10 13:24:14.449109
bed_temp,60.9,2025-09-10 13:24:14.449109
current,0.59,2025-09-10 13:24:14.449109
power,60.3,2025-09-10 13:24:14.449109
voltage,121.11,2025-09-10 13:24:14.449109
filament_temp,230.8,2025-09-10 13:24:14.949335
bed_temp,60.9,2025-09-10 13:24:14.949335
current,0.59,2025-09-10 13:24:14.949335
power,60.3,2025-09-10 13:24:14.949335
voltage,121.11,2025-09-10 13:24:14.949335
filament_temp,231.0,2025-09-10 13:24:15.449544
bed_temp,60.5,2025-09-10 13:24:15.449544
current,0.59,2025-09-10 13:24:15.449544
power,60.3,2025-09-10 13:24:15.449544
voltage,121.11,2025-09-10 13:24:15.449544
filament_temp,231.0,2025-09-10 13:24:15.949777
bed_temp,60.5,2025-09-10 13:24:15.949777
current,0.59,2025-09-10 13:24:15.949777
power,60.3,2025-09-10 13:24:15.949777
voltage,121.11,2025-09-10 13:24:15.949777
filament_temp,231.0,2025-09-10 13:24:16.449985
bed_temp,60.5,2025-09-10 13:24:16.449985
current,0.59,2025-09-10 13:24:16.449985
power,60.3,2025-09-10 13:24:16.449985
voltage,121.11,2025-09-10 13:24:16.449985
filament_temp,231.0,2025-09-10 13:24:16.950208
bed_temp,60.5,2025-09-10 13:24:16.950208
current,0.59,2025-09-10 13:24:16.950208
power,60.3,2025-09-10 13:24:16.950208
voltage,121.11,2025-09-10 13:24:16.950208
filament_temp,230.7,2025-09-10 13:24:17.450393
bed_temp,59.9,2025-09-10 13:24:17.450393
current,0.59,2025-09-10 13:24:17.450393
power,60.3,2025-09-10 13:24:17.450393
voltage,121.11,2025-09-10 13:24:17.450393
filament_temp,230.7,2025-09-10 13:24:17.950609
bed_temp,59.9,2025-09-10 13:24:17.950609
current,0.59,2025-09-10 13:24:17.950609
power,60.3,2025-09-10 13:24:17.950609
voltage,121.11,2025-09-10 13:24:17.950609
filament_temp,230.7,2025-09-10 13:24:18.450844
bed_temp,59.9,2025-09-10 13:24:18.450844
current,1.85,2025-09-10 13:24:18.450844
power,60.3,2025-09-10 13:24:18.450844
voltage,121.11,2025-09-10 13:24:18.450844
filament_temp,230.7,2025-09-10 13:24:18.951072
bed_temp,59.9,2025-09-10 13:24:18.951072
current,1.85,2025-09-10 13:24:18.951072
power,225.5,2025-09-10 13:24:18.951072
voltage,121.11,2025-09-10 13:24:18.951072
filament_temp,229.8,2025-09-10 13:24:19.451291
bed_temp,59.7,2025-09-10 13:24:19.451291
current,1.85,2025-09-10 13:24:19.451291
power,225.5,2025-09-10 13:24:19.451291
voltage,121.11,2025-09-10 13:24:19.451291
filament_temp,229.8,2025-09-10 13:24:19.951524
bed_temp,59.7,2025-09-10 13:24:19.951524
current,1.85,2025-09-10 13:24:19.951524
power,225.5,2025-09-10 13:24:19.951524
voltage,121.11,2025-09-10 13:24:19.951524
filament_temp,229.8,2025-09-10 13:24:20.451753
bed_temp,59.7,2025-09-10 13:24:20.451753
current,1.85,2025-09-10 13:24:20.451753
power,225.5,2025-09-10 13:24:20.451753
voltage,121.11,2025-09-10 13:24:20.451753
filament_temp,229.8,2025-09-10 13:24:20.951995
bed_temp,59.7,2025-09-10 13:24:20.951995
current,1.85,2025-09-10 13:24:20.951995
power,225.5,2025-09-10 13:24:20.951995
voltage,121.11,2025-09-10 13:24:20.951995
filament_temp,229.3,2025-09-10 13:24:21.452178
bed_temp,61.2,2025-09-10 13:24:21.452178
current,1.85,2025-09-10 13:24:21.452178
power,225.5,2025-09-10 13:24:21.452178
voltage,121.11,2025-09-10 13:24:21.452178
filament_temp,229.3,2025-09-10 13:24:21.952407
bed_temp,61.2,2025-09-10 13:24:21.952407
current,1.85,2025-09-10 13:24:21.952407
power,225.5,2025-09-10 13:24:21.952407
voltage,121.11,2025-09-10 13:24:21.952407
filament_temp,229.3,2025-09-10 13:24:22.452632
bed_temp,61.2,2025-09-10 13:24:22.452632
current,1.85,2025-09-10 13:24:22.452632
power,230.7,2025-09-10 13:24:22.452632
voltage,121.11,2025-09-10 13:24:22.452632
filament_temp,229.3,2025-09-10 13:24:22.952866
bed_temp,61.2,2025-09-10 13:24:22.952866
current,1.85,2025-09-10 13:24:22.952866
power,230.7,2025-09-10 13:24:22.952866
voltage,121.11,2025-09-10 13:24:22.952866
filament_temp,230.0,2025-09-10 13:24:23.453095
bed_temp,60.5,2025-09-10 13:24:23.453095
current,1.85,2025-09-10 13:24:23.453095
power,230.7,2025-09-10 13:24:23.453095
voltage,121.11,2025-09-10 13:24:23.453095
filament_temp,230.0,2025-09-10 13:24:23.953336
bed_temp,60.5,2025-09-10 13:24:23.953336
current,1.85,2025-09-10 13:24:23.953336
power,214.8,2025-09-10 13:24:23.953336
voltage,121.11,2025-09-10 13:24:23.953336
filament_temp,230.0,2025-09-10 13:24:24.453561
bed_temp,60.5,2025-09-10 13:24:24.453561
current,1.85,2025-09-10 13:24:24.453561
power,214.8,2025-09-10 13:24:24.453561
voltage,121.11,2025-09-10 13:24:24.453561
filament_temp,230.0,2025-09-10 13:24:24.953741
bed_temp,60.5,2025-09-10 13:24:24.953741
current,1.85,2025-09-10 13:24:24.953741
power,230,2025-09-10 13:24:24.953741
voltage,121.11,2025-09-10 13:24:24.953741
filament_temp,229.0,2025-09-10 13:24:25.453983
bed_temp,60.5,2025-09-10 13:24:25.453983
current,1.85,2025-09-10 13:24:25.453983
power,230,2025-09-10 13:24:25.453983
voltage,121.11,2025-09-10 13:24:25.453983
filament_temp,229.0,2025-09-10 13:24:25.954208
bed_temp,60.5,2025-09-10 13:24:25.954208
current,1.85,2025-09-10 13:24:25.954208
power,230,2025-09-10 13:24:25.954208
voltage,121.11,2025-09-10 13:24:25.954208
filament_temp,229.0,2025-09-10 13:24:26.454391
bed_temp,60.5,2025-09-10 13:24:26.454391
current,1.85,2025-09-10 13:24:26.454391
power,230,2025-09-10 13:24:26.454391
voltage,121.11,2025-09-10 13:24:26.454391
filament_temp,229.0,2025-09-10 13:24:26.954630
bed_temp,60.5,2025-09-10 13:24:26.954630
current,1.85,2025-09-10 13:24:26.954630
power,230,2025-09-10 13:24:26.954630
voltage,121.11,2025-09-10 13:24:26.954630
filament_temp,229.5,2025-09-10 13:24:27.454857
bed_temp,60.0,2025-09-10 13:24:27.454857
current,1.85,2025-09-10 13:24:27.454857
power,230,2025-09-10 13:24:27.454857
voltage,121.11,2025-09-10 13:24:27.454857
filament_temp,229.5,2025-09-10 13:24:27.955082
bed_temp,60.0,2025-09-10 13:24:27.955082
current,1.85,2025-09-10 13:24:27.955082
power,230,2025-09-10 13:24:27.955082
voltage,121.11,2025-09-10 13:24:27.955082
filament_temp,229.5,2025-09-10 13:24:28.455289
bed_temp,60.0,2025-09-10 13:24:28.455289
current,1.85,2025-09-10 13:24:28.455289
power,230,2025-09-10 13:24:28.455289
voltage,121.11,2025-09-10 13:24:28.455289
filament_temp,229.5,2025-09-10 13:24:28.955534
bed_temp,60.0,2025-09-10 13:24:28.955534
current,1.85,2025-09-10 13:24:28.955534
power,230,2025-09-10 13:24:28.955534
voltage,121.11,2025-09-10 13:24:28.955534
filament_temp,229.3,2025-09-10 13:24:29.455752
bed_temp,59.0,2025-09-10 13:24:29.455752
current,1.85,2025-09-10 13:24:29.455752
power,230,2025-09-10 13:24:29.455752
voltage,121.11,2025-09-10 13:24:29.455752
filament_temp,229.3,2025-09-10 13:24:29.955921
bed_temp,59.0,2025-09-10 13:24:29.955921
current,1.85,2025-09-10 13:24:29.955921
power,230,2025-09-10 13:24:29.955921
voltage,121.11,2025-09-10 13:24:29.955921
filament_temp,229.3,2025-09-10 13:24:30.456114
bed_temp,59.0,2025-09-10 13:24:30.456114
current,1.85,2025-09-10 13:24:30.456114
power,230,2025-09-10 13:24:30.456114
voltage,121.11,2025-09-10 13:24:30.456114
filament_temp,229.3,2025-09-10 13:24:30.956324
bed_temp,59.0,2025-09-10 13:24:30.956324
current,1.85,2025-09-10 13:24:30.956324
power,230,2025-09-10 13:24:30.956324
voltage,121.11,2025-09-10 13:24:30.956324
filament_temp,229.5,2025-09-10 13:24:31.456556
bed_temp,60.0,2025-09-10 13:24:31.456556
current,1.85,2025-09-10 13:24:31.456556
power,230,2025-09-10 13:24:31.456556
voltage,121.11,2025-09-10 13:24:31.456556
filament_temp,229.5,2025-09-10 13:24:31.956782
bed_temp,60.0,2025-09-10 13:24:31.956782
current,1.85,2025-09-10 13:24:31.956782
power,230,2025-09-10 13:24:31.956782
voltage,121.11,2025-09-10 13:24:31.956782
filament_temp,229.5,2025-09-10 13:24:32.456995
bed_temp,60.0,2025-09-10 13:24:32.456995
current,1.85,2025-09-10 13:24:32.456995
power,230,2025-09-10 13:24:32.456995
voltage,121.11,2025-09-10 13:24:32.456995
filament_temp,229.5,2025-09-10 13:24:32.957205
bed_temp,60.0,2025-09-10 13:24:32.957205
current,1.85,2025-09-10 13:24:32.957205
power,230,2025-09-10 13:24:32.957205
voltage,121.11,2025-09-10 13:24:32.957205
filament_temp,229.5,2025-09-10 13:24:33.457414
bed_temp,59.3,2025-09-10 13:24:33.457414
current,1.85,2025-09-10 13:24:33.457414
power,230,2025-09-10 13:24:33.457414
voltage,121.11,2025-09-10 13:24:33.457414
filament_temp,229.5,2025-09-10 13:24:33.957622
bed_temp,59.3,2025-09-10 13:24:33.957622
current,1.85,2025-09-10 13:24:33.957622
power,230,2025-09-10 13:24:33.957622
voltage,121.11,2025-09-10 13:24:33.957622
filament_temp,229.5,2025-09-10 13:24:34.457806
bed_temp,59.3,2025-09-10 13:24:34.457806
current,1.85,2025-09-10 13:24:34.457806
power,230,2025-09-10 13:24:34.457806
voltage,121.11,2025-09-10 13:24:34.457806
filament_temp,229.5,2025-09-10 13:24:34.958011
bed_temp,59.3,2025-09-10 13:24:34.958011
current,1.85,2025-09-10 13:24:34.958011
power,230,2025-09-10 13:24:34.958011
voltage,121.11,2025-09-10 13:24:34.958011
filament_temp,231.3,2025-09-10 13:24:35.458222
bed_temp,59.4,2025-09-10 13:24:35.458222
current,1.85,2025-09-10 13:24:35.458222
power,230,2025-09-10 13:24:35.458222
voltage,121.11,2025-09-10 13:24:35.458222
filament_temp,231.3,2025-09-10 13:24:35.958430
bed_temp,59.4,2025-09-10 13:24:35.958430
current,1.85,2025-09-10 13:24:35.958430
power,230,2025-09-10 13:24:35.958430
voltage,121.11,2025-09-10 13:24:35.958430
filament_temp,231.3,2025-09-10 13:24:36.458639
bed_temp,59.4,2025-09-10 13:24:36.458639
current,1.85,2025-09-10 13:24:36.458639
power,230,2025-09-10 13:24:36.458639
voltage,121.11,2025-09-10 13:24:36.458639
filament_temp,231.3,2025-09-10 13:24:36.958830
bed_temp,59.4,2025-09-10 13:24:36.958830
current,1.85,2025-09-10 13:24:36.958830
power,230,2025-09-10 13:24:36.958830
voltage,121.11,2025-09-10 13:24:36.958830
filament_temp,230.3,2025-09-10 13:24:37.459042
bed_temp,60.5,2025-09-10 13:24:37.459042
current,1.85,2025-09-10 13:24:37.459042
power,230,2025-09-10 13:24:37.459042
voltage,121.11,2025-09-10 13:24:37.459042
filament_temp,230.3,2025-09-10 13:24:37.959252
bed_temp,60.5,2025-09-10 13:24:37.959252
current,1.85,2025-09-10 13:24:37.959252
power,230,2025-09-10 13:24:37.959252
voltage,121.11,2025-09-10 13:24:37.959252
filament_temp,230.3,2025-09-10 13:24:38.459482
bed_temp,60.5,2025-09-10 13:24:38.459482
current,1.85,2025-09-10 13:24:38.459482
power,230,2025-09-10 13:24:38.459482
voltage,121.11,2025-09-10 13:24:38.459482
filament_temp,230.3,2025-09-10 13:24:38.959674
bed_temp,60.5,2025-09-10 13:24:38.959674
current,1.85,2025-09-10 13:24:38.959674
power,230,2025-09-10 13:24:38.959674
voltage,121.11,2025-09-10 13:24:38.959674
filament_temp,231.0,2025-09-10 13:24:39.459885
bed_temp,59.4,2025-09-10 13:24:39.459885
current,1.85,2025-09-10 13:24:39.459885
power,225.6,2025-09-10 13:24:39.459885
voltage,121.11,2025-09-10 13:24:39.459885
filament_temp,231.0,2025-09-10 13:24:39.960078
bed_temp,59.4,2025-09-10 13:24:39.960078
current,1.85,2025-09-10 13:24:39.960078
power,225.6,2025-09-10 13:24:39.960078
voltage,121.11,2025-09-10 13:24:39.960078
filament_temp,231.0,2025-09-10 13:24:40.460305
bed_temp,59.4,2025-09-10 13:24:40.460305
current,1.85,2025-09-10 13:24:40.460305
power,225.6,2025-09-10 13:24:40.460305
voltage,121.11,2025-09-10 13:24:40.460305
filament_temp,231.0,2025-09-10 13:24:40.960544
bed_temp,59.4,2025-09-10 13:24:40.960544
current,1.85,2025-09-10 13:24:40.960544
power,225.6,2025-09-10 13:24:40.960544
voltage,121.11,2025-09-10 13:24:40.960544
filament_temp,230.7,2025-09-10 13:24:41.460781
bed_temp,60.3,2025-09-10 13:24:41.460781
current,1.85,2025-09-10 13:24:41.460781
power,225.6,2025-09-10 13:24:41.460781
voltage,121.11,2025-09-10 13:24:41.460781
filament_temp,230.7,2025-09-10 13:24:41.961009
bed_temp,60.3,2025-09-10 13:24:41.961009
current,1.85,2025-09-10 13:24:41.961009
power,225.6,2025-09-10 13:24:41.961009
voltage,121.11,2025-09-10 13:24:41.961009
filament_temp,230.7,2025-09-10 13:24:42.461236
bed_temp,60.3,2025-09-10 13:24:42.461236
current,1.85,2025-09-10 13:24:42.461236
power,213.5,2025-09-10 13:24:42.461236
voltage,121.11,2025-09-10 13:24:42.461236
filament_temp,230.7,2025-09-10 13:24:42.961469
bed_temp,60.3,2025-09-10 13:24:42.961469
current,1.85,2025-09-10 13:24:42.961469
power,213.5,2025-09-10 13:24:42.961469
voltage,121.11,2025-09-10 13:24:42.961469
filament_temp,231.0,2025-09-10 13:24:43.461670
bed_temp,59.1,2025-09-10 13:24:43.461670
current,1.85,2025-09-10 13:24:43.461670
power,213.5,2025-09-10 13:24:43.461670
voltage,121.11,2025-09-10 13:24:43.461670
filament_temp,231.0,2025-09-10 13:24:43.961879
bed_temp,59.1,2025-09-10 13:24:43.961879
current,1.85,2025-09-10 13:24:43.961879
power,213.5,2025-09-10 13:24:43.961879
voltage,121.11,2025-09-10 13:24:43.961879
filament_temp,231.0,2025-09-10 13:24:44.462074
bed_temp,59.1,2025-09-10 13:24:44.462074
current,1.85,2025-09-10 13:24:44.462074
power,213.5,2025-09-10 13:24:44.462074
voltage,121.11,2025-09-10 13:24:44.462074
filament_temp,231.0,2025-09-10 13:24:44.962284
bed_temp,59.1,2025-09-10 13:24:44.962284
current,1.85,2025-09-10 13:24:44.962284
power,213.5,2025-09-10 13:24:44.962284
voltage,121.11,2025-09-10 13:24:44.962284
filament_temp,231.0,2025-09-10 13:24:45.462511
bed_temp,59.1,2025-09-10 13:24:45.462511
current,1.85,2025-09-10 13:24:45.462511
power,213.5,2025-09-10 13:24:45.462511
voltage,121.11,2025-09-10 13:24:45.462511
filament_temp,231.0,2025-09-10 13:24:45.962720
bed_temp,59.1,2025-09-10 13:24:45.962720
current,1.85,2025-09-10 13:24:45.962720
power,213.5,2025-09-10 13:24:45.962720
voltage,121.11,2025-09-10 13:24:45.962720
filament_temp,231.0,2025-09-10 13:24:46.462945
bed_temp,59.1,2025-09-10 13:24:46.462945
current,1.85,2025-09-10 13:24:46.462945
power,213.5,2025-09-10 13:24:46.462945
voltage,121.11,2025-09-10 13:24:46.462945
filament_temp,231.0,2025-09-10 13:24:46.963174
bed_temp,59.1,2025-09-10 13:24:46.963174
current,1.85,2025-09-10 13:24:46.963174
power,213.5,2025-09-10 13:24:46.963174
voltage,121.11,2025-09-10 13:24:46.963174
filament_temp,231.0,2025-09-10 13:24:47.463373
bed_temp,59.1,2025-09-10 13:24:47.463373
current,1.85,2025-09-10 13:24:47.463373
power,213.5,2025-09-10 13:24:47.463373
voltage,121.11,2025-09-10 13:24:47.463373
filament_temp,230.8,2025-09-10 13:24:47.963583
bed_temp,60.6,2025-09-10 13:24:47.963583
current,1.85,2025-09-10 13:24:47.963583
power,213.5,2025-09-10 13:24:47.963583
voltage,121.11,2025-09-10 13:24:47.963583
filament_temp,230.8,2025-09-10 13:24:48.463808
bed_temp,60.6,2025-09-10 13:24:48.463808
current,1.97,2025-09-10 13:24:48.463808
power,213.5,2025-09-10 13:24:48.463808
voltage,121.11,2025-09-10 13:24:48.463808
filament_temp,230.8,2025-09-10 13:24:48.964032
bed_temp,60.6,2025-09-10 13:24:48.964032
current,1.97,2025-09-10 13:24:48.964032
power,230.3,2025-09-10 13:24:48.964032
voltage,121.11,2025-09-10 13:24:48.964032
filament_temp,230.3,2025-09-10 13:24:49.464258
bed_temp,59.7,2025-09-10 13:24:49.464258
current,1.97,2025-09-10 13:24:49.464258
power,230.3,2025-09-10 13:24:49.464258
voltage,121.11,2025-09-10 13:24:49.464258
filament_temp,230.3,2025-09-10 13:24:49.964485
bed_temp,59.7,2025-09-10 13:24:49.964485
current,1.97,2025-09-10 13:24:49.964485
power,230.3,2025-09-10 13:24:49.964485
voltage,121.11,2025-09-10 13:24:49.964485
filament_temp,230.3,2025-09-10 13:24:50.464712
bed_temp,59.7,2025-09-10 13:24:50.464712
current,1.97,2025-09-10 13:24:50.464712
power,230.3,2025-09-10 13:24:50.464712
voltage,121.11,2025-09-10 13:24:50.464712
filament_temp,230.3,2025-09-10 13:24:50.964955
bed_temp,59.7,2025-09-10 13:24:50.964955
current,1.97,2025-09-10 13:24:50.964955
power,230.3,2025-09-10 13:24:50.964955
voltage,121.11,2025-09-10 13:24:50.964955
filament_temp,229.8,2025-09-10 13:24:51.465158
bed_temp,61.1,2025-09-10 13:24:51.465158
current,1.97,2025-09-10 13:24:51.465158
power,230.3,2025-09-10 13:24:51.465158
voltage,121.11,2025-09-10 13:24:51.465158
filament_temp,229.8,2025-09-10 13:24:51.965345
bed_temp,61.1,2025-09-10 13:24:51.965345
current,1.97,2025-09-10 13:24:51.965345
power,230.3,2025-09-10 13:24:51.965345
voltage,121.11,2025-09-10 13:24:51.965345
filament_temp,229.8,2025-09-10 13:24:52.465570
bed_temp,61.1,2025-09-10 13:24:52.465570
current,1.97,2025-09-10 13:24:52.465570
power,230.3,2025-09-10 13:24:52.465570
voltage,121.11,2025-09-10 13:24:52.465570
filament_temp,229.8,2025-09-10 13:24:52.965788
bed_temp,61.1,2025-09-10 13:24:52.965788
current,1.97,2025-09-10 13:24:52.965788
power,230.3,2025-09-10 13:24:52.965788
voltage,121.11,2025-09-10 13:24:52.965788
filament_temp,230.0,2025-09-10 13:24:53.465998
bed_temp,60.2,2025-09-10 13:24:53.465998
current,1.97,2025-09-10 13:24:53.465998
power,230.3,2025-09-10 13:24:53.465998
voltage,121.11,2025-09-10 13:24:53.465998
filament_temp,230.0,2025-09-10 13:24:53.966207
bed_temp,60.2,2025-09-10 13:24:53.966207
current,1.97,2025-09-10 13:24:53.966207
power,230.3,2025-09-10 13:24:53.966207
voltage,121.11,2025-09-10 13:24:53.966207
filament_temp,230.0,2025-09-10 13:24:54.466415
bed_temp,60.2,2025-09-10 13:24:54.466415
current,1.97,2025-09-10 13:24:54.466415
power,230.3,2025-09-10 13:24:54.466415
voltage,121.11,2025-09-10 13:24:54.466415
filament_temp,230.0,2025-09-10 13:24:54.966644
bed_temp,60.2,2025-09-10 13:24:54.966644
current,1.97,2025-09-10 13:24:54.966644
power,230.3,2025-09-10 13:24:54.966644
voltage,121.11,2025-09-10 13:24:54.966644
filament_temp,230.0,2025-09-10 13:24:55.466858
bed_temp,60.8,2025-09-10 13:24:55.466858
current,1.97,2025-09-10 13:24:55.466858
power,230.3,2025-09-10 13:24:55.466858
voltage,121.11,2025-09-10 13:24:55.466858
filament_temp,230.0,2025-09-10 13:24:55.967067
bed_temp,60.8,2025-09-10 13:24:55.967067
current,1.97,2025-09-10 13:24:55.967067
power,230.3,2025-09-10 13:24:55.967067
voltage,121.11,2025-09-10 13:24:55.967067
filament_temp,230.0,2025-09-10 13:24:56.467252
bed_temp,60.8,2025-09-10 13:24:56.467252
current,1.97,2025-09-10 13:24:56.467252
power,230.3,2025-09-10 13:24:56.467252
voltage,121.11,2025-09-10 13:24:56.467252
filament_temp,230.0,2025-09-10 13:24:56.967463
bed_temp,60.8,2025-09-10 13:24:56.967463
current,1.97,2025-09-10 13:24:56.967463
power,230.3,2025-09-10 13:24:56.967463
voltage,121.11,2025-09-10 13:24:56.967463
filament_temp,229.8,2025-09-10 13:24:57.467661
bed_temp,60.5,2025-09-10 13:24:57.467661
current,1.97,2025-09-10 13:24:57.467661
power,230.3,2025-09-10 13:24:57.467661
voltage,121.11,2025-09-10 13:24:57.467661
filament_temp,229.8,2025-09-10 13:24:57.967873
bed_temp,60.5,2025-09-10 13:24:57.967873
current,1.97,2025-09-10 13:24:57.967873
power,230.3,2025-09-10 13:24:57.967873
voltage,121.11,2025-09-10 13:24:57.967873
filament_temp,229.8,2025-09-10 13:24:58.468073
bed_temp,60.5,2025-09-10 13:24:58.468073
current,1.84,2025-09-10 13:24:58.468073
power,230.3,2025-09-10 13:24:58.468073
voltage,121.11,2025-09-10 13:24:58.468073
filament_temp,229.8,2025-09-10 13:24:58.968300
bed_temp,60.5,2025-09-10 13:24:58.968300
current,1.84,2025-09-10 13:24:58.968300
power,224.6,2025-09-10 13:24:58.968300
voltage,121.11,2025-09-10 13:24:58.968300
filament_temp,230.7,2025-09-10 13:24:59.468516
bed_temp,61.4,2025-09-10 13:24:59.468516
current,1.84,2025-09-10 13:24:59.468516
power,224.6,2025-09-10 13:24:59.468516
voltage,121.11,2025-09-10 13:24:59.468516
filament_temp,230.7,2025-09-10 13:24:59.968729
bed_temp,61.4,2025-09-10 13:24:59.968729
current,1.84,2025-09-10 13:24:59.968729
power,224.6,2025-09-10 13:24:59.968729
voltage,121.11,2025-09-10 13:24:59.968729
filament_temp,230.7,2025-09-10 13:25:00.468871
bed_temp,61.4,2025-09-10 13:25:00.468871
current,1.84,2025-09-10 13:25:00.468871
power,224.6,2025-09-10 13:25:00.468871
voltage,121.11,2025-09-10 13:25:00.468871
filament_temp,230.7,2025-09-10 13:25:00.969059
bed_temp,61.4,2025-09-10 13:25:00.969059
current,1.84,2025-09-10 13:25:00.969059
power,224.6,2025-09-10 13:25:00.969059
voltage,121.11,2025-09-10 13:25:00.969059
filament_temp,230.7,2025-09-10 13:25:01.469259
bed_temp,61.4,2025-09-10 13:25:01.469259
current,1.84,2025-09-10 13:25:01.469259
power,224.6,2025-09-10 13:25:01.469259
voltage,121.11,2025-09-10 13:25:01.469259
filament_temp,230.7,2025-09-10 13:25:01.969481
bed_temp,61.4,2025-09-10 13:25:01.969481
current,1.84,2025-09-10 13:25:01.969481
power,224.6,2025-09-10 13:25:01.969481
voltage,121.11,2025-09-10 13:25:01.969481
filament_temp,230.7,2025-09-10 13:25:02.469697
bed_temp,61.4,2025-09-10 13:25:02.469697
current,1.84,2025-09-10 13:25:02.469697
power,224.6,2025-09-10 13:25:02.469697
voltage,121.11,2025-09-10 13:25:02.469697
filament_temp,230.7,2025-09-10 13:25:02.969925
bed_temp,61.4,2025-09-10 13:25:02.969925
current,1.84,2025-09-10 13:25:02.969925
power,224.6,2025-09-10 13:25:02.969925
voltage,121.11,2025-09-10 13:25:02.969925
filament_temp,230.7,2025-09-10 13:25:03.470145
bed_temp,61.4,2025-09-10 13:25:03.470145
current,1.84,2025-09-10 13:25:03.470145
power,224.6,2025-09-10 13:25:03.470145
voltage,121.11,2025-09-10 13:25:03.470145
filament_temp,230.7,2025-09-10 13:25:03.970353
bed_temp,61.4,2025-09-10 13:25:03.970353
current,1.84,2025-09-10 13:25:03.970353
power,224.6,2025-09-10 13:25:03.970353
voltage,121.11,2025-09-10 13:25:03.970353
filament_temp,230.7,2025-09-10 13:25:04.470569
bed_temp,61.4,2025-09-10 13:25:04.470569
current,1.84,2025-09-10 13:25:04.470569
power,224.6,2025-09-10 13:25:04.470569
voltage,121.11,2025-09-10 13:25:04.470569
filament_temp,230.7,2025-09-10 13:25:04.970755
bed_temp,61.4,2025-09-10 13:25:04.970755
current,1.84,2025-09-10 13:25:04.970755
power,224.6,2025-09-10 13:25:04.970755
voltage,121.11,2025-09-10 13:25:04.970755
filament_temp,230.7,2025-09-10 13:25:05.470991
bed_temp,61.4,2025-09-10 13:25:05.470991
current,1.84,2025-09-10 13:25:05.470991
power,224.6,2025-09-10 13:25:05.470991
voltage,121.11,2025-09-10 13:25:05.470991
filament_temp,230.7,2025-09-10 13:25:05.971196
bed_temp,61.4,2025-09-10 13:25:05.971196
current,1.84,2025-09-10 13:25:05.971196
power,224.6,2025-09-10 13:25:05.971196
voltage,121.11,2025-09-10 13:25:05.971196
filament_temp,230.7,2025-09-10 13:25:06.471436
bed_temp,61.4,2025-09-10 13:25:06.471436
current,1.84,2025-09-10 13:25:06.471436
power,224.6,2025-09-10 13:25:06.471436
voltage,121.11,2025-09-10 13:25:06.471436
filament_temp,230.7,2025-09-10 13:25:06.971621
bed_temp,61.4,2025-09-10 13:25:06.971621
current,1.84,2025-09-10 13:25:06.971621
power,224.6,2025-09-10 13:25:06.971621
voltage,121.11,2025-09-10 13:25:06.971621
filament_temp,230.7,2025-09-10 13:25:07.471839
bed_temp,61.4,2025-09-10 13:25:07.471839
current,1.84,2025-09-10 13:25:07.471839
power,224.6,2025-09-10 13:25:07.471839
voltage,121.11,2025-09-10 13:25:07.471839
filament_temp,230.7,2025-09-10 13:25:07.972030
bed_temp,61.4,2025-09-10 13:25:07.972030
current,1.84,2025-09-10 13:25:07.972030
power,224.6,2025-09-10 13:25:07.972030
voltage,121.11,2025-09-10 13:25:07.972030
filament_temp,230.7,2025-09-10 13:25:08.472257
bed_temp,61.4,2025-09-10 13:25:08.472257
current,1.84,2025-09-10 13:25:08.472257
power,224.6,2025-09-10 13:25:08.472257
voltage,121.11,2025-09-10 13:25:08.472257
filament_temp,230.7,2025-09-10 13:25:08.972496
bed_temp,61.4,2025-09-10 13:25:08.972496
current,1.84,2025-09-10 13:25:08.972496
power,224.6,2025-09-10 13:25:08.972496
voltage,121.11,2025-09-10 13:25:08.972496
filament_temp,230.7,2025-09-10 13:25:09.472709
bed_temp,61.4,2025-09-10 13:25:09.472709
current,1.84,2025-09-10 13:25:09.472709
power,224.6,2025-09-10 13:25:09.472709
voltage,121.11,2025-09-10 13:25:09.472709
filament_temp,230.7,2025-09-10 13:25:09.972899
bed_temp,61.4,2025-09-10 13:25:09.972899
current,1.84,2025-09-10 13:25:09.972899
power,230,2025-09-10 13:25:09.972899
voltage,121.11,2025-09-10 13:25:09.972899
filament_temp,230.7,2025-09-10 13:25:10.473128
bed_temp,61.4,2025-09-10 13:25:10.473128
current,1.84,2025-09-10 13:25:10.473128
power,230,2025-09-10 13:25:10.473128
voltage,121.11,2025-09-10 13:25:10.473128
filament_temp,230.7,2025-09-10 13:25:10.973338
bed_temp,61.4,2025-09-10 13:25:10.973338
current,1.84,2025-09-10 13:25:10.973338
power,230,2025-09-10 13:25:10.973338
voltage,121.11,2025-09-10 13:25:10.973338
filament_temp,230.7,2025-09-10 13:25:11.473555
bed_temp,61.4,2025-09-10 13:25:11.473555
current,1.84,2025-09-10 13:25:11.473555
power,230,2025-09-10 13:25:11.473555
voltage,121.11,2025-09-10 13:25:11.473555
filament_temp,230.7,2025-09-10 13:25:11.973765
bed_temp,61.4,2025-09-10 13:25:11.973765
current,1.84,2025-09-10 13:25:11.973765
power,230,2025-09-10 13:25:11.973765
voltage,121.11,2025-09-10 13:25:11.973765
filament_temp,230.7,2025-09-10 13:25:12.473988
bed_temp,61.4,2025-09-10 13:25:12.473988
current,1.84,2025-09-10 13:25:12.473988
power,230,2025-09-10 13:25:12.473988
voltage,121.11,2025-09-10 13:25:12.473988
filament_temp,230.7,2025-09-10 13:25:12.974216
bed_temp,61.4,2025-09-10 13:25:12.974216
current,1.84,2025-09-10 13:25:12.974216
power,230,2025-09-10 13:25:12.974216
voltage,121.11,2025-09-10 13:25:12.974216
filament_temp,230.7,2025-09-10 13:25:13.474402
bed_temp,61.4,2025-09-10 13:25:13.474402
current,1.84,2025-09-10 13:25:13.474402
power,230,2025-09-10 13:25:13.474402
voltage,121.11,2025-09-10 13:25:13.474402
filament_temp,230.7,2025-09-10 13:25:13.974612
bed_temp,61.4,2025-09-10 13:25:13.974612
current,1.84,2025-09-10 13:25:13.974612
power,230,2025-09-10 13:25:13.974612
voltage,121.11,2025-09-10 13:25:13.974612
filament_temp,230.7,2025-09-10 13:25:14.474823
bed_temp,61.4,2025-09-10 13:25:14.474823
current,1.84,2025-09-10 13:25:14.474823
power,230,2025-09-10 13:25:14.474823
voltage,121.11,2025-09-10 13:25:14.474823
filament_temp,230.7,2025-09-10 13:25:14.975051
bed_temp,61.4,2025-09-10 13:25:14.975051
current,1.84,2025-09-10 13:25:14.975051
power,230,2025-09-10 13:25:14.975051
voltage,121.11,2025-09-10 13:25:14.975051
filament_temp,230.7,2025-09-10 13:25:15.475260
bed_temp,61.4,2025-09-10 13:25:15.475260
current,1.84,2025-09-10 13:25:15.475260
power,230,2025-09-10 13:25:15.475260
voltage,121.11,2025-09-10 13:25:15.475260
filament_temp,230.7,2025-09-10 13:25:15.975471
bed_temp,61.4,2025-09-10 13:25:15.975471
current,1.84,2025-09-10 13:25:15.975471
power,230,2025-09-10 13:25:15.975471
voltage,121.11,2025-09-10 13:25:15.975471
filament_temp,230.7,2025-09-10 13:25:16.475679
bed_temp,61.4,2025-09-10 13:25:16.475679
current,1.84,2025-09-10 13:25:16.475679
power,230,2025-09-10 13:25:16.475679
voltage,121.11,2025-09-10 13:25:16.475679
filament_temp,230.7,2025-09-10 13:25:16.975900
bed_temp,61.4,2025-09-10 13:25:16.975900
current,1.84,2025-09-10 13:25:16.975900
power,230,2025-09-10 13:25:16.975900
voltage,121.11,2025-09-10 13:25:16.975900
filament_temp,230.7,2025-09-10 13:25:17.476109
bed_temp,61.4,2025-09-10 13:25:17.476109
current,1.84,2025-09-10 13:25:17.476109
power,230,2025-09-10 13:25:17.476109
voltage,121.11,2025-09-10 13:25:17.476109
filament_temp,230.7,2025-09-10 13:25:17.976296
bed_temp,61.4,2025-09-10 13:25:17.976296
current,1.84,2025-09-10 13:25:17.976296
power,230,2025-09-10 13:25:17.976296
voltage,121.11,2025-09-10 13:25:17.976296
filament_temp,230.7,2025-09-10 13:25:18.476483
bed_temp,61.4,2025-09-10 13:25:18.476483
current,1.84,2025-09-10 13:25:18.476483
power,230,2025-09-10 13:25:18.476483
voltage,121.11,2025-09-10 13:25:18.476483
filament_temp,230.7,2025-09-10 13:25:18.976695
bed_temp,61.4,2025-09-10 13:25:18.976695
current,1.84,2025-09-10 13:25:18.976695
power,230,2025-09-10 13:25:18.976695
voltage,121.11,2025-09-10 13:25:18.976695
filament_temp,230.7,2025-09-10 13:25:19.476925
bed_temp,61.4,2025-09-10 13:25:19.476925
current,1.84,2025-09-10 13:25:19.476925
power,230,2025-09-10 13:25:19.476925
voltage,121.11,2025-09-10 13:25:19.476925
filament_temp,230.7,2025-09-10 13:25:19.977138
bed_temp,61.4,2025-09-10 13:25:19.977138
current,1.84,2025-09-10 13:25:19.977138
power,230,2025-09-10 13:25:19.977138
voltage,121.11,2025-09-10 13:25:19.977138
filament_temp,230.7,2025-09-10 13:25:20.477349
bed_temp,61.4,2025-09-10 13:25:20.477349
current,1.84,2025-09-10 13:25:20.477349
power,230,2025-09-10 13:25:20.477349
voltage,121.11,2025-09-10 13:25:20.477349
filament_temp,230.7,2025-09-10 13:25:20.977572
bed_temp,61.4,2025-09-10 13:25:20.977572
current,1.84,2025-09-10 13:25:20.977572
power,230,2025-09-10 13:25:20.977572
voltage,121.11,2025-09-10 13:25:20.977572
filament_temp,230.7,2025-09-10 13:25:21.477801
bed_temp,61.4,2025-09-10 13:25:21.477801
current,1.84,2025-09-10 13:25:21.477801
power,230,2025-09-10 13:25:21.477801
voltage,121.11,2025-09-10 13:25:21.477801
filament_temp,230.7,2025-09-10 13:25:21.978017
bed_temp,61.4,2025-09-10 13:25:21.978017
current,1.84,2025-09-10 13:25:21.978017
power,230,2025-09-10 13:25:21.978017
voltage,121.11,2025-09-10 13:25:21.978017
filament_temp,230.7,2025-09-10 13:25:22.478234
bed_temp,61.4,2025-09-10 13:25:22.478234
current,1.84,2025-09-10 13:25:22.478234
power,230,2025-09-10 13:25:22.478234
voltage,121.11,2025-09-10 13:25:22.478234
filament_temp,230.7,2025-09-10 13:25:22.978422
bed_temp,61.4,2025-09-10 13:25:22.978422
current,1.84,2025-09-10 13:25:22.978422
power,220.4,2025-09-10 13:25:22.978422
voltage,121.11,2025-09-10 13:25:22.978422
filament_temp,230.7,2025-09-10 13:25:23.478628
bed_temp,61.4,2025-09-10 13:25:23.478628
current,1.84,2025-09-10 13:25:23.478628
power,220.4,2025-09-10 13:25:23.478628
voltage,121.11,2025-09-10 13:25:23.478628
filament_temp,230.7,2025-09-10 13:25:23.978848
bed_temp,61.4,2025-09-10 13:25:23.978848
current,1.84,2025-09-10 13:25:23.978848
power,220.4,2025-09-10 13:25:23.978848
voltage,121.11,2025-09-10 13:25:23.978848
filament_temp,230.7,2025-09-10 13:25:24.479066
bed_temp,61.4,2025-09-10 13:25:24.479066
current,1.84,2025-09-10 13:25:24.479066
power,220.4,2025-09-10 13:25:24.479066
voltage,121.11,2025-09-10 13:25:24.479066
filament_temp,230.7,2025-09-10 13:25:24.979301
bed_temp,61.4,2025-09-10 13:25:24.979301
current,1.84,2025-09-10 13:25:24.979301
power,220.4,2025-09-10 13:25:24.979301
voltage,121.11,2025-09-10 13:25:24.979301
filament_temp,230.7,2025-09-10 13:25:25.479522
bed_temp,61.4,2025-09-10 13:25:25.479522
current,1.84,2025-09-10 13:25:25.479522
power,220.4,2025-09-10 13:25:25.479522
voltage,121.11,2025-09-10 13:25:25.479522
filament_temp,230.7,2025-09-10 13:25:25.979732
bed_temp,61.4,2025-09-10 13:25:25.979732
current,1.84,2025-09-10 13:25:25.979732
power,218.4,2025-09-10 13:25:25.979732
voltage,121.11,2025-09-10 13:25:25.979732
filament_temp,230.7,2025-09-10 13:25:26.479876
bed_temp,61.4,2025-09-10 13:25:26.479876
current,1.84,2025-09-10 13:25:26.479876
power,218.4,2025-09-10 13:25:26.479876
voltage,121.11,2025-09-10 13:25:26.479876
filament_temp,230.7,2025-09-10 13:25:26.980072
bed_temp,61.4,2025-09-10 13:25:26.980072
current,1.84,2025-09-10 13:25:26.980072
power,218.4,2025-09-10 13:25:26.980072
voltage,121.11,2025-09-10 13:25:26.980072
filament_temp,230.7,2025-09-10 13:25:27.480317
bed_temp,61.4,2025-09-10 13:25:27.480317
current,1.84,2025-09-10 13:25:27.480317
power,218.4,2025-09-10 13:25:27.480317
voltage,121.11,2025-09-10 13:25:27.480317
filament_temp,230.7,2025-09-10 13:25:27.980529
bed_temp,61.4,2025-09-10 13:25:27.980529
current,1.84,2025-09-10 13:25:27.980529
power,218.4,2025-09-10 13:25:27.980529
voltage,121.11,2025-09-10 13:25:27.980529
filament_temp,230.7,2025-09-10 13:25:28.480756
bed_temp,61.4,2025-09-10 13:25:28.480756
current,1.84,2025-09-10 13:25:28.480756
power,218.4,2025-09-10 13:25:28.480756
voltage,121.11,2025-09-10 13:25:28.480756
filament_temp,230.7,2025-09-10 13:25:28.980972
bed_temp,61.4,2025-09-10 13:25:28.980972
current,1.84,2025-09-10 13:25:28.980972
power,218.4,2025-09-10 13:25:28.980972
voltage,121.11,2025-09-10 13:25:28.980972
filament_temp,230.3,2025-09-10 13:25:29.481185
bed_temp,59.6,2025-09-10 13:25:29.481185
current,1.84,2025-09-10 13:25:29.481185
power,49.4,2025-09-10 13:25:29.481185
voltage,121.11,2025-09-10 13:25:29.481185
filament_temp,230.3,2025-09-10 13:25:29.981427
bed_temp,59.6,2025-09-10 13:25:29.981427
current,1.84,2025-09-10 13:25:29.981427
power,49.4,2025-09-10 13:25:29.981427
voltage,121.11,2025-09-10 13:25:29.981427
filament_temp,230.3,2025-09-10 13:25:30.481626
bed_temp,59.6,2025-09-10 13:25:30.481626
current,1.84,2025-09-10 13:25:30.481626
power,49.4,2025-09-10 13:25:30.481626
voltage,121.11,2025-09-10 13:25:30.481626
filament_temp,230.3,2025-09-10 13:25:30.981864
bed_temp,59.6,2025-09-10 13:25:30.981864
current,1.84,2025-09-10 13:25:30.981864
power,49.4,2025-09-10 13:25:30.981864
voltage,121.11,2025-09-10 13:25:30.981864
filament_temp,230.2,2025-09-10 13:25:31.482016
bed_temp,60.0,2025-09-10 13:25:31.482016
current,1.84,2025-09-10 13:25:31.482016
power,49.4,2025-09-10 13:25:31.482016
voltage,121.11,2025-09-10 13:25:31.482016
filament_temp,230.2,2025-09-10 13:25:31.982177
bed_temp,60.0,2025-09-10 13:25:31.982177
current,0.5,2025-09-10 13:25:31.982177
power,49.4,2025-09-10 13:25:31.982177
voltage,121.11,2025-09-10 13:25:31.982177
filament_temp,230.2,2025-09-10 13:25:32.482356
bed_temp,60.0,2025-09-10 13:25:32.482356
current,0.5,2025-09-10 13:25:32.482356
power,49.4,2025-09-10 13:25:32.482356
voltage,121.11,2025-09-10 13:25:32.482356
filament_temp,230.2,2025-09-10 13:25:32.982571
bed_temp,60.0,2025-09-10 13:25:32.982571
current,0.5,2025-09-10 13:25:32.982571
power,49.4,2025-09-10 13:25:32.982571
voltage,121.11,2025-09-10 13:25:32.982571
filament_temp,229.3,2025-09-10 13:25:33.482777
bed_temp,59.7,2025-09-10 13:25:33.482777
current,1.96,2025-09-10 13:25:33.482777
power,49.4,2025-09-10 13:25:33.482777
voltage,121.11,2025-09-10 13:25:33.482777
filament_temp,229.3,2025-09-10 13:25:33.982940
bed_temp,59.7,2025-09-10 13:25:33.982940
current,1.96,2025-09-10 13:25:33.982940
power,228.9,2025-09-10 13:25:33.982940
voltage,121.11,2025-09-10 13:25:33.982940
filament_temp,229.3,2025-09-10 13:25:34.483156
bed_temp,59.7,2025-09-10 13:25:34.483156
current,1.96,2025-09-10 13:25:34.483156
power,228.9,2025-09-10 13:25:34.483156
voltage,121.11,2025-09-10 13:25:34.483156
filament_temp,229.3,2025-09-10 13:25:34.983340
bed_temp,59.7,2025-09-10 13:25:34.983340
current,1.96,2025-09-10 13:25:34.983340
power,228.9,2025-09-10 13:25:34.983340
voltage,121.11,2025-09-10 13:25:34.983340
filament_temp,229.5,2025-09-10 13:25:35.483538
bed_temp,59.3,2025-09-10 13:25:35.483538
current,1.96,2025-09-10 13:25:35.483538
power,228.9,2025-09-10 13:25:35.483538
voltage,121.11,2025-09-10 13:25:35.483538
filament_temp,229.5,2025-09-10 13:25:35.983727
bed_temp,59.3,2025-09-10 13:25:35.983727
current,1.96,2025-09-10 13:25:35.983727
power,228.9,2025-09-10 13:25:35.983727
voltage,121.11,2025-09-10 13:25:35.983727
filament_temp,229.5,2025-09-10 13:25:36.483886
bed_temp,59.3,2025-09-10 13:25:36.483886
current,1.96,2025-09-10 13:25:36.483886
power,228.9,2025-09-10 13:25:36.483886
voltage,121.11,2025-09-10 13:25:36.483886
filament_temp,229.5,2025-09-10 13:25:36.984122
bed_temp,59.3,2025-09-10 13:25:36.984122
current,1.84,2025-09-10 13:25:36.984122
power,228.9,2025-09-10 13:25:36.984122
voltage,121.11,2025-09-10 13:25:36.984122
filament_temp,229.7,2025-09-10 13:25:37.484350
bed_temp,59.7,2025-09-10 13:25:37.484350
current,1.84,2025-09-10 13:25:37.484350
power,222.3,2025-09-10 13:25:37.484350
voltage,121.11,2025-09-10 13:25:37.484350
filament_temp,229.7,2025-09-10 13:25:37.984576
bed_temp,59.7,2025-09-10 13:25:37.984576
current,1.84,2025-09-10 13:25:37.984576
power,222.3,2025-09-10 13:25:37.984576
voltage,121.11,2025-09-10 13:25:37.984576
filament_temp,229.7,2025-09-10 13:25:38.484794
bed_temp,59.7,2025-09-10 13:25:38.484794
current,1.84,2025-09-10 13:25:38.484794
power,222.3,2025-09-10 13:25:38.484794
voltage,121.11,2025-09-10 13:25:38.484794
filament_temp,229.7,2025-09-10 13:25:38.985018
bed_temp,59.7,2025-09-10 13:25:38.985018
current,1.84,2025-09-10 13:25:38.985018
power,215.2,2025-09-10 13:25:38.985018
voltage,121.11,2025-09-10 13:25:38.985018
filament_temp,229.2,2025-09-10 13:25:39.485171
bed_temp,58.5,2025-09-10 13:25:39.485171
current,1.84,2025-09-10 13:25:39.485171
power,215.2,2025-09-10 13:25:39.485171
voltage,121.11,2025-09-10 13:25:39.485171
filament_temp,229.2,2025-09-10 13:25:39.985354
bed_temp,58.5,2025-09-10 13:25:39.985354
current,1.84,2025-09-10 13:25:39.985354
power,215.2,2025-09-10 13:25:39.985354
voltage,121.11,2025-09-10 13:25:39.985354
filament_temp,229.2,2025-09-10 13:25:40.485515
bed_temp,58.5,2025-09-10 13:25:40.485515
current,1.84,2025-09-10 13:25:40.485515
power,225.8,2025-09-10 13:25:40.485515
voltage,121.11,2025-09-10 13:25:40.485515
filament_temp,229.2,2025-09-10 13:25:40.985701
bed_temp,58.5,2025-09-10 13:25:40.985701
current,1.84,2025-09-10 13:25:40.985701
power,225.8,2025-09-10 13:25:40.985701
voltage,121.11,2025-09-10 13:25:40.985701
filament_temp,229.3,2025-09-10 13:25:41.485876
bed_temp,59.9,2025-09-10 13:25:41.485876
current,1.84,2025-09-10 13:25:41.485876
power,225.8,2025-09-10 13:25:41.485876
voltage,121.11,2025-09-10 13:25:41.485876
filament_temp,229.3,2025-09-10 13:25:41.986118
bed_temp,59.9,2025-09-10 13:25:41.986118
current,1.84,2025-09-10 13:25:41.986118
power,216,2025-09-10 13:25:41.986118
voltage,121.11,2025-09-10 13:25:41.986118
filament_temp,229.3,2025-09-10 13:25:42.486336
bed_temp,59.9,2025-09-10 13:25:42.486336
current,1.84,2025-09-10 13:25:42.486336
power,216,2025-09-10 13:25:42.486336
voltage,121.11,2025-09-10 13:25:42.486336
filament_temp,229.3,2025-09-10 13:25:42.986555
bed_temp,59.9,2025-09-10 13:25:42.986555
current,1.84,2025-09-10 13:25:42.986555
power,216,2025-09-10 13:25:42.986555
voltage,121.11,2025-09-10 13:25:42.986555
filament_temp,229.8,2025-09-10 13:25:43.486789
bed_temp,59.6,2025-09-10 13:25:43.486789
current,1.84,2025-09-10 13:25:43.486789
power,216,2025-09-10 13:25:43.486789
voltage,121.11,2025-09-10 13:25:43.486789
filament_temp,229.8,2025-09-10 13:25:43.986980
bed_temp,59.6,2025-09-10 13:25:43.986980
current,1.84,2025-09-10 13:25:43.986980
power,216,2025-09-10 13:25:43.986980
voltage,121.11,2025-09-10 13:25:43.986980
filament_temp,229.8,2025-09-10 13:25:44.487169
bed_temp,59.6,2025-09-10 13:25:44.487169
current,1.84,2025-09-10 13:25:44.487169
power,216,2025-09-10 13:25:44.487169
voltage,121.11,2025-09-10 13:25:44.487169
filament_temp,229.8,2025-09-10 13:25:44.987388
bed_temp,59.6,2025-09-10 13:25:44.987388
current,1.84,2025-09-10 13:25:44.987388
power,216,2025-09-10 13:25:44.987388
voltage,121.11,2025-09-10 13:25:44.987388
filament_temp,229.8,2025-09-10 13:25:45.487599
bed_temp,59.6,2025-09-10 13:25:45.487599
current,1.84,2025-09-10 13:25:45.487599
power,216,2025-09-10 13:25:45.487599
voltage,121.11,2025-09-10 13:25:45.487599
filament_temp,230.2,2025-09-10 13:25:45.987821
bed_temp,59.9,2025-09-10 13:25:45.987821
current,1.84,2025-09-10 13:25:45.987821
power,216,2025-09-10 13:25:45.987821
voltage,121.11,2025-09-10 13:25:45.987821
filament_temp,230.2,2025-09-10 13:25:46.488024
bed_temp,59.9,2025-09-10 13:25:46.488024
current,1.84,2025-09-10 13:25:46.488024
power,216,2025-09-10 13:25:46.488024
voltage,121.11,2025-09-10 13:25:46.488024
filament_temp,230.2,2025-09-10 13:25:46.988248
bed_temp,59.9,2025-09-10 13:25:46.988248
current,1.84,2025-09-10 13:25:46.988248
power,216,2025-09-10 13:25:46.988248
voltage,121.11,2025-09-10 13:25:46.988248
filament_temp,230.8,2025-09-10 13:25:47.488494
bed_temp,60.3,2025-09-10 13:25:47.488494
current,1.84,2025-09-10 13:25:47.488494
power,216,2025-09-10 13:25:47.488494
voltage,121.11,2025-09-10 13:25:47.488494
filament_temp,230.8,2025-09-10 13:25:47.988718
bed_temp,60.3,2025-09-10 13:25:47.988718
current,0.5,2025-09-10 13:25:47.988718
power,216,2025-09-10 13:25:47.988718
voltage,121.11,2025-09-10 13:25:47.988718
filament_temp,230.8,2025-09-10 13:25:48.488873
bed_temp,60.3,2025-09-10 13:25:48.488873
current,0.5,2025-09-10 13:25:48.488873
power,53.1,2025-09-10 13:25:48.488873
voltage,121.11,2025-09-10 13:25:48.488873
filament_temp,230.8,2025-09-10 13:25:48.989073
bed_temp,60.3,2025-09-10 13:25:48.989073
current,0.5,2025-09-10 13:25:48.989073
power,215.5,2025-09-10 13:25:48.989073
voltage,121.11,2025-09-10 13:25:48.989073
filament_temp,230.3,2025-09-10 13:25:49.489278
bed_temp,60.3,2025-09-10 13:25:49.489278
current,0.5,2025-09-10 13:25:49.489278
power,215.5,2025-09-10 13:25:49.489278
voltage,121.11,2025-09-10 13:25:49.489278
filament_temp,230.3,2025-09-10 13:25:49.989487
bed_temp,60.3,2025-09-10 13:25:49.989487
current,0.5,2025-09-10 13:25:49.989487
power,215.5,2025-09-10 13:25:49.989487
voltage,121.11,2025-09-10 13:25:49.989487
filament_temp,230.3,2025-09-10 13:25:50.489698
bed_temp,60.3,2025-09-10 13:25:50.489698
current,1.84,2025-09-10 13:25:50.489698
power,215.5,2025-09-10 13:25:50.489698
voltage,121.11,2025-09-10 13:25:50.489698
filament_temp,230.3,2025-09-10 13:25:50.989907
bed_temp,60.3,2025-09-10 13:25:50.989907
current,1.84,2025-09-10 13:25:50.989907
power,215.5,2025-09-10 13:25:50.989907
voltage,121.11,2025-09-10 13:25:50.989907
filament_temp,230.0,2025-09-10 13:25:51.490133
bed_temp,59.4,2025-09-10 13:25:51.490133
current,1.84,2025-09-10 13:25:51.490133
power,226.7,2025-09-10 13:25:51.490133
voltage,121.11,2025-09-10 13:25:51.490133
filament_temp,230.0,2025-09-10 13:25:51.990340
bed_temp,59.4,2025-09-10 13:25:51.990340
current,1.84,2025-09-10 13:25:51.990340
power,226.7,2025-09-10 13:25:51.990340
voltage,121.11,2025-09-10 13:25:51.990340
filament_temp,230.0,2025-09-10 13:25:52.490537
bed_temp,59.4,2025-09-10 13:25:52.490537
current,1.84,2025-09-10 13:25:52.490537
power,226.7,2025-09-10 13:25:52.490537
voltage,121.11,2025-09-10 13:25:52.490537
filament_temp,230.0,2025-09-10 13:25:52.990748
bed_temp,59.4,2025-09-10 13:25:52.990748
current,1.84,2025-09-10 13:25:52.990748
power,226.7,2025-09-10 13:25:52.990748
voltage,121.11,2025-09-10 13:25:52.990748
filament_temp,228.8,2025-09-10 13:25:53.490942
bed_temp,59.0,2025-09-10 13:25:53.490942
current,1.84,2025-09-10 13:25:53.490942
power,226.5,2025-09-10 13:25:53.490942
voltage,121.11,2025-09-10 13:25:53.490942
filament_temp,228.8,2025-09-10 13:25:53.991167
bed_temp,59.0,2025-09-10 13:25:53.991167
current,1.84,2025-09-10 13:25:53.991167
power,226.5,2025-09-10 13:25:53.991167
voltage,121.11,2025-09-10 13:25:53.991167
filament_temp,228.8,2025-09-10 13:25:54.491375
bed_temp,59.0,2025-09-10 13:25:54.491375
current,1.84,2025-09-10 13:25:54.491375
power,226.5,2025-09-10 13:25:54.491375
voltage,121.11,2025-09-10 13:25:54.491375
filament_temp,228.8,2025-09-10 13:25:54.991593
bed_temp,59.0,2025-09-10 13:25:54.991593
current,1.84,2025-09-10 13:25:54.991593
power,226.5,2025-09-10 13:25:54.991593
voltage,121.11,2025-09-10 13:25:54.991593
filament_temp,230.5,2025-09-10 13:25:55.491838
bed_temp,58.7,2025-09-10 13:25:55.491838
current,1.84,2025-09-10 13:25:55.491838
power,226.5,2025-09-10 13:25:55.491838
voltage,121.11,2025-09-10 13:25:55.491838
filament_temp,230.5,2025-09-10 13:25:55.992028
bed_temp,58.7,2025-09-10 13:25:55.992028
current,1.84,2025-09-10 13:25:55.992028
power,226.5,2025-09-10 13:25:55.992028
voltage,121.11,2025-09-10 13:25:55.992028
filament_temp,230.5,2025-09-10 13:25:56.492237
bed_temp,58.7,2025-09-10 13:25:56.492237
current,1.84,2025-09-10 13:25:56.492237
power,226.5,2025-09-10 13:25:56.492237
voltage,121.11,2025-09-10 13:25:56.492237
filament_temp,230.5,2025-09-10 13:25:56.992440
bed_temp,58.7,2025-09-10 13:25:56.992440
current,1.84,2025-09-10 13:25:56.992440
power,226.5,2025-09-10 13:25:56.992440
voltage,121.11,2025-09-10 13:25:56.992440
filament_temp,229.3,2025-09-10 13:25:57.492675
bed_temp,59.3,2025-09-10 13:25:57.492675
current,1.84,2025-09-10 13:25:57.492675
power,226.5,2025-09-10 13:25:57.492675
voltage,121.11,2025-09-10 13:25:57.492675
filament_temp,229.3,2025-09-10 13:25:57.992902
bed_temp,59.3,2025-09-10 13:25:57.992902
current,1.84,2025-09-10 13:25:57.992902
power,226.5,2025-09-10 13:25:57.992902
voltage,121.11,2025-09-10 13:25:57.992902
filament_temp,229.3,2025-09-10 13:25:58.493110
bed_temp,59.3,2025-09-10 13:25:58.493110
current,1.84,2025-09-10 13:25:58.493110
power,226.5,2025-09-10 13:25:58.493110
voltage,121.11,2025-09-10 13:25:58.493110
filament_temp,229.3,2025-09-10 13:25:58.993330
bed_temp,59.3,2025-09-10 13:25:58.993330
current,1.84,2025-09-10 13:25:58.993330
power,226.5,2025-09-10 13:25:58.993330
voltage,121.11,2025-09-10 13:25:58.993330
filament_temp,229.7,2025-09-10 13:25:59.493554
bed_temp,59.6,2025-09-10 13:25:59.493554
current,1.84,2025-09-10 13:25:59.493554
power,226.5,2025-09-10 13:25:59.493554
voltage,121.11,2025-09-10 13:25:59.493554
filament_temp,229.7,2025-09-10 13:25:59.993765
bed_temp,59.6,2025-09-10 13:25:59.993765
current,1.84,2025-09-10 13:25:59.993765
power,226.5,2025-09-10 13:25:59.993765
voltage,121.11,2025-09-10 13:25:59.993765
filament_temp,229.7,2025-09-10 13:26:00.493975
bed_temp,59.6,2025-09-10 13:26:00.493975
current,1.84,2025-09-10 13:26:00.493975
power,60.9,2025-09-10 13:26:00.493975
voltage,121.11,2025-09-10 13:26:00.493975
filament_temp,229.7,2025-09-10 13:26:00.994202
bed_temp,59.6,2025-09-10 13:26:00.994202
current,1.84,2025-09-10 13:26:00.994202
power,60.9,2025-09-10 13:26:00.994202
voltage,121.11,2025-09-10 13:26:00.994202
filament_temp,230.2,2025-09-10 13:26:01.494391
bed_temp,59.7,2025-09-10 13:26:01.494391
current,1.84,2025-09-10 13:26:01.494391
power,60.9,2025-09-10 13:26:01.494391
voltage,121.11,2025-09-10 13:26:01.494391
filament_temp,230.2,2025-09-10 13:26:01.994621
bed_temp,59.7,2025-09-10 13:26:01.994621
current,1.84,2025-09-10 13:26:01.994621
power,60.9,2025-09-10 13:26:01.994621
voltage,121.11,2025-09-10 13:26:01.994621
filament_temp,230.2,2025-09-10 13:26:02.494826
bed_temp,59.7,2025-09-10 13:26:02.494826
current,1.84,2025-09-10 13:26:02.494826
power,60.9,2025-09-10 13:26:02.494826
voltage,121.11,2025-09-10 13:26:02.494826
filament_temp,230.2,2025-09-10 13:26:02.995042
bed_temp,59.7,2025-09-10 13:26:02.995042
current,1.84,2025-09-10 13:26:02.995042
power,60.9,2025-09-10 13:26:02.995042
voltage,121.11,2025-09-10 13:26:02.995042
filament_temp,229.5,2025-09-10 13:26:03.495258
bed_temp,60.6,2025-09-10 13:26:03.495258
current,1.84,2025-09-10 13:26:03.495258
power,60.9,2025-09-10 13:26:03.495258
voltage,121.11,2025-09-10 13:26:03.495258
filament_temp,229.5,2025-09-10 13:26:03.995475
bed_temp,60.6,2025-09-10 13:26:03.995475
current,1.84,2025-09-10 13:26:03.995475
power,60.9,2025-09-10 13:26:03.995475
voltage,121.11,2025-09-10 13:26:03.995475
filament_temp,229.5,2025-09-10 13:26:04.495663
bed_temp,60.6,2025-09-10 13:26:04.495663
current,1.84,2025-09-10 13:26:04.495663
power,60.9,2025-09-10 13:26:04.495663
voltage,121.11,2025-09-10 13:26:04.495663
filament_temp,229.5,2025-09-10 13:26:04.995908
bed_temp,60.6,2025-09-10 13:26:04.995908
current,1.84,2025-09-10 13:26:04.995908
power,230.8,2025-09-10 13:26:04.995908
voltage,121.11,2025-09-10 13:26:04.995908
filament_temp,230.2,2025-09-10 13:26:05.496101
bed_temp,60.0,2025-09-10 13:26:05.496101
current,1.84,2025-09-10 13:26:05.496101
power,214.1,2025-09-10 13:26:05.496101
voltage,121.11,2025-09-10 13:26:05.496101
filament_temp,230.2,2025-09-10 13:26:05.996299
bed_temp,60.0,2025-09-10 13:26:05.996299
current,1.84,2025-09-10 13:26:05.996299
power,214.1,2025-09-10 13:26:05.996299
voltage,121.11,2025-09-10 13:26:05.996299
filament_temp,230.2,2025-09-10 13:26:06.496512
bed_temp,60.0,2025-09-10 13:26:06.496512
current,1.84,2025-09-10 13:26:06.496512
power,230.3,2025-09-10 13:26:06.496512
voltage,121.11,2025-09-10 13:26:06.496512
filament_temp,230.2,2025-09-10 13:26:06.996739
bed_temp,60.0,2025-09-10 13:26:06.996739
current,1.84,2025-09-10 13:26:06.996739
power,215.5,2025-09-10 13:26:06.996739
voltage,121.11,2025-09-10 13:26:06.996739
filament_temp,230.0,2025-09-10 13:26:07.496959
bed_temp,59.9,2025-09-10 13:26:07.496959
current,1.84,2025-09-10 13:26:07.496959
power,215.5,2025-09-10 13:26:07.496959
voltage,121.11,2025-09-10 13:26:07.496959
filament_temp,230.0,2025-09-10 13:26:07.997174
bed_temp,59.9,2025-09-10 13:26:07.997174
current,1.84,2025-09-10 13:26:07.997174
power,224.4,2025-09-10 13:26:07.997174
voltage,121.11,2025-09-10 13:26:07.997174
filament_temp,230.0,2025-09-10 13:26:08.497384
bed_temp,59.9,2025-09-10 13:26:08.497384
current,1.84,2025-09-10 13:26:08.497384
power,224.4,2025-09-10 13:26:08.497384
voltage,121.11,2025-09-10 13:26:08.497384
filament_temp,230.0,2025-09-10 13:26:08.997612
bed_temp,59.9,2025-09-10 13:26:08.997612
current,1.84,2025-09-10 13:26:08.997612
power,224.4,2025-09-10 13:26:08.997612
voltage,121.11,2025-09-10 13:26:08.997612
filament_temp,230.8,2025-09-10 13:26:09.497832
bed_temp,60.8,2025-09-10 13:26:09.497832
current,1.84,2025-09-10 13:26:09.497832
power,224.4,2025-09-10 13:26:09.497832
voltage,121.11,2025-09-10 13:26:09.497832
filament_temp,230.8,2025-09-10 13:26:09.998017
bed_temp,60.8,2025-09-10 13:26:09.998017
current,1.84,2025-09-10 13:26:09.998017
power,224.4,2025-09-10 13:26:09.998017
voltage,121.11,2025-09-10 13:26:09.998017
filament_temp,230.8,2025-09-10 13:26:10.498221
bed_temp,60.8,2025-09-10 13:26:10.498221
current,1.84,2025-09-10 13:26:10.498221
power,215.1,2025-09-10 13:26:10.498221
voltage,121.11,2025-09-10 13:26:10.498221
filament_temp,230.8,2025-09-10 13:26:10.998446
bed_temp,60.8,2025-09-10 13:26:10.998446
current,1.84,2025-09-10 13:26:10.998446
power,215.1,2025-09-10 13:26:10.998446
voltage,121.11,2025-09-10 13:26:10.998446
filament_temp,230.8,2025-09-10 13:26:11.498671
bed_temp,60.8,2025-09-10 13:26:11.498671
current,1.84,2025-09-10 13:26:11.498671
power,215.1,2025-09-10 13:26:11.498671
voltage,121.11,2025-09-10 13:26:11.498671
filament_temp,229.8,2025-09-10 13:26:11.998899
bed_temp,60.3,2025-09-10 13:26:11.998899
current,1.84,2025-09-10 13:26:11.998899
power,225.9,2025-09-10 13:26:11.998899
voltage,121.11,2025-09-10 13:26:11.998899
filament_temp,229.8,2025-09-10 13:26:12.499107
bed_temp,60.3,2025-09-10 13:26:12.499107
current,1.84,2025-09-10 13:26:12.499107
power,225.9,2025-09-10 13:26:12.499107
voltage,121.11,2025-09-10 13:26:12.499107
filament_temp,229.8,2025-09-10 13:26:12.999332
bed_temp,60.3,2025-09-10 13:26:12.999332
current,1.84,2025-09-10 13:26:12.999332
power,225.9,2025-09-10 13:26:12.999332
voltage,121.11,2025-09-10 13:26:12.999332
filament_temp,230.5,2025-09-10 13:26:13.499575
bed_temp,60.5,2025-09-10 13:26:13.499575
current,1.84,2025-09-10 13:26:13.499575
power,225.9,2025-09-10 13:26:13.499575
voltage,121.11,2025-09-10 13:26:13.499575
filament_temp,230.5,2025-09-10 13:26:13.999822
bed_temp,60.5,2025-09-10 13:26:13.999822
current,1.84,2025-09-10 13:26:13.999822
power,225.9,2025-09-10 13:26:13.999822
voltage,121.11,2025-09-10 13:26:13.999822
filament_temp,230.5,2025-09-10 13:26:14.499999
bed_temp,60.5,2025-09-10 13:26:14.499999
current,1.84,2025-09-10 13:26:14.499999
power,225.9,2025-09-10 13:26:14.499999
voltage,121.11,2025-09-10 13:26:14.499999
filament_temp,230.5,2025-09-10 13:26:15.000226
bed_temp,60.5,2025-09-10 13:26:15.000226
current,1.84,2025-09-10 13:26:15.000226
power,225.9,2025-09-10 13:26:15.000226
voltage,121.11,2025-09-10 13:26:15.000226
filament_temp,230.2,2025-09-10 13:26:15.500437
bed_temp,60.9,2025-09-10 13:26:15.500437
current,1.84,2025-09-10 13:26:15.500437
power,225.9,2025-09-10 13:26:15.500437
voltage,121.11,2025-09-10 13:26:15.500437
filament_temp,230.2,2025-09-10 13:26:16.000647
bed_temp,60.9,2025-09-10 13:26:16.000647
current,1.84,2025-09-10 13:26:16.000647
power,225.9,2025-09-10 13:26:16.000647
voltage,121.11,2025-09-10 13:26:16.000647
filament_temp,230.2,2025-09-10 13:26:16.500857
bed_temp,60.9,2025-09-10 13:26:16.500857
current,1.84,2025-09-10 13:26:16.500857
power,225.9,2025-09-10 13:26:16.500857
voltage,121.11,2025-09-10 13:26:16.500857
filament_temp,230.2,2025-09-10 13:26:17.001062
bed_temp,60.9,2025-09-10 13:26:17.001062
current,1.84,2025-09-10 13:26:17.001062
power,225.9,2025-09-10 13:26:17.001062
voltage,121.11,2025-09-10 13:26:17.001062
filament_temp,228.7,2025-09-10 13:26:17.501273
bed_temp,60.5,2025-09-10 13:26:17.501273
current,1.84,2025-09-10 13:26:17.501273
power,225.9,2025-09-10 13:26:17.501273
voltage,121.11,2025-09-10 13:26:17.501273
filament_temp,228.7,2025-09-10 13:26:18.001482
bed_temp,60.5,2025-09-10 13:26:18.001482
current,1.84,2025-09-10 13:26:18.001482
power,225.9,2025-09-10 13:26:18.001482
voltage,121.11,2025-09-10 13:26:18.001482
filament_temp,228.7,2025-09-10 13:26:18.501692
bed_temp,60.5,2025-09-10 13:26:18.501692
current,1.84,2025-09-10 13:26:18.501692
power,225.9,2025-09-10 13:26:18.501692
voltage,121.11,2025-09-10 13:26:18.501692
filament_temp,228.7,2025-09-10 13:26:19.001878
bed_temp,60.5,2025-09-10 13:26:19.001878
current,1.84,2025-09-10 13:26:19.001878
power,225.9,2025-09-10 13:26:19.001878
voltage,121.11,2025-09-10 13:26:19.001878
filament_temp,229.5,2025-09-10 13:26:19.502088
bed_temp,59.4,2025-09-10 13:26:19.502088
current,1.84,2025-09-10 13:26:19.502088
power,225.9,2025-09-10 13:26:19.502088
voltage,121.11,2025-09-10 13:26:19.502088
filament_temp,229.5,2025-09-10 13:26:20.002244
bed_temp,59.4,2025-09-10 13:26:20.002244
current,1.84,2025-09-10 13:26:20.002244
power,225.9,2025-09-10 13:26:20.002244
voltage,121.11,2025-09-10 13:26:20.002244
filament_temp,229.5,2025-09-10 13:26:20.502452
bed_temp,59.4,2025-09-10 13:26:20.502452
current,1.84,2025-09-10 13:26:20.502452
power,225.9,2025-09-10 13:26:20.502452
voltage,121.11,2025-09-10 13:26:20.502452
filament_temp,229.5,2025-09-10 13:26:21.002680
bed_temp,59.4,2025-09-10 13:26:21.002680
current,1.84,2025-09-10 13:26:21.002680
power,225.9,2025-09-10 13:26:21.002680
voltage,121.11,2025-09-10 13:26:21.002680
filament_temp,228.7,2025-09-10 13:26:21.502908
bed_temp,58.8,2025-09-10 13:26:21.502908
current,1.84,2025-09-10 13:26:21.502908
power,225.9,2025-09-10 13:26:21.502908
voltage,121.11,2025-09-10 13:26:21.502908
filament_temp,228.7,2025-09-10 13:26:22.003129
bed_temp,58.8,2025-09-10 13:26:22.003129
current,1.84,2025-09-10 13:26:22.003129
power,225.9,2025-09-10 13:26:22.003129
voltage,121.11,2025-09-10 13:26:22.003129
filament_temp,228.7,2025-09-10 13:26:22.503339
bed_temp,58.8,2025-09-10 13:26:22.503339
current,1.84,2025-09-10 13:26:22.503339
power,225.9,2025-09-10 13:26:22.503339
voltage,121.11,2025-09-10 13:26:22.503339
filament_temp,228.7,2025-09-10 13:26:23.003519
bed_temp,58.8,2025-09-10 13:26:23.003519
current,1.84,2025-09-10 13:26:23.003519
power,225.9,2025-09-10 13:26:23.003519
voltage,121.11,2025-09-10 13:26:23.003519
filament_temp,228.7,2025-09-10 13:26:23.503705
bed_temp,58.8,2025-09-10 13:26:23.503705
current,1.84,2025-09-10 13:26:23.503705
power,225.9,2025-09-10 13:26:23.503705
voltage,121.11,2025-09-10 13:26:23.503705
filament_temp,229.7,2025-09-10 13:26:24.003918
bed_temp,59.4,2025-09-10 13:26:24.003918
current,1.84,2025-09-10 13:26:24.003918
power,225.9,2025-09-10 13:26:24.003918
voltage,121.11,2025-09-10 13:26:24.003918
filament_temp,229.7,2025-09-10 13:26:24.504128
bed_temp,59.4,2025-09-10 13:26:24.504128
current,1.84,2025-09-10 13:26:24.504128
power,225.9,2025-09-10 13:26:24.504128
voltage,121.11,2025-09-10 13:26:24.504128
filament_temp,229.7,2025-09-10 13:26:25.004340
bed_temp,59.4,2025-09-10 13:26:25.004340
current,1.84,2025-09-10 13:26:25.004340
power,225.9,2025-09-10 13:26:25.004340
voltage,121.11,2025-09-10 13:26:25.004340
filament_temp,229.5,2025-09-10 13:26:25.504526
bed_temp,59.0,2025-09-10 13:26:25.504526
current,1.84,2025-09-10 13:26:25.504526
power,225.9,2025-09-10 13:26:25.504526
voltage,121.11,2025-09-10 13:26:25.504526
filament_temp,229.5,2025-09-10 13:26:26.004761
bed_temp,59.0,2025-09-10 13:26:26.004761
current,1.84,2025-09-10 13:26:26.004761
power,225.9,2025-09-10 13:26:26.004761
voltage,121.11,2025-09-10 13:26:26.004761
filament_temp,229.5,2025-09-10 13:26:26.504974
bed_temp,59.0,2025-09-10 13:26:26.504974
current,1.84,2025-09-10 13:26:26.504974
power,225.9,2025-09-10 13:26:26.504974
voltage,121.11,2025-09-10 13:26:26.504974
filament_temp,229.5,2025-09-10 13:26:27.005192
bed_temp,59.0,2025-09-10 13:26:27.005192
current,1.84,2025-09-10 13:26:27.005192
power,60,2025-09-10 13:26:27.005192
voltage,121.11,2025-09-10 13:26:27.005192
filament_temp,230.3,2025-09-10 13:26:27.505385
bed_temp,59.3,2025-09-10 13:26:27.505385
current,1.84,2025-09-10 13:26:27.505385
power,60,2025-09-10 13:26:27.505385
voltage,121.11,2025-09-10 13:26:27.505385
filament_temp,230.3,2025-09-10 13:26:28.005581
bed_temp,59.3,2025-09-10 13:26:28.005581
current,1.84,2025-09-10 13:26:28.005581
power,60,2025-09-10 13:26:28.005581
voltage,121.11,2025-09-10 13:26:28.005581
filament_temp,230.3,2025-09-10 13:26:28.505777
bed_temp,59.3,2025-09-10 13:26:28.505777
current,1.84,2025-09-10 13:26:28.505777
power,60,2025-09-10 13:26:28.505777
voltage,121.11,2025-09-10 13:26:28.505777
filament_temp,230.3,2025-09-10 13:26:29.005995
bed_temp,59.3,2025-09-10 13:26:29.005995
current,1.84,2025-09-10 13:26:29.005995
power,60,2025-09-10 13:26:29.005995
voltage,121.11,2025-09-10 13:26:29.005995
filament_temp,230.5,2025-09-10 13:26:29.506196
bed_temp,59.3,2025-09-10 13:26:29.506196
current,1.84,2025-09-10 13:26:29.506196
power,226,2025-09-10 13:26:29.506196
voltage,121.11,2025-09-10 13:26:29.506196
filament_temp,230.5,2025-09-10 13:26:30.006423
bed_temp,59.3,2025-09-10 13:26:30.006423
current,1.84,2025-09-10 13:26:30.006423
power,226,2025-09-10 13:26:30.006423
voltage,121.11,2025-09-10 13:26:30.006423
filament_temp,230.5,2025-09-10 13:26:30.506632
bed_temp,59.3,2025-09-10 13:26:30.506632
current,1.84,2025-09-10 13:26:30.506632
power,226,2025-09-10 13:26:30.506632
voltage,121.11,2025-09-10 13:26:30.506632
filament_temp,230.5,2025-09-10 13:26:31.006843
bed_temp,59.3,2025-09-10 13:26:31.006843
current,1.84,2025-09-10 13:26:31.006843
power,226,2025-09-10 13:26:31.006843
voltage,121.11,2025-09-10 13:26:31.006843
filament_temp,230.7,2025-09-10 13:26:31.507076
bed_temp,60.2,2025-09-10 13:26:31.507076
current,1.84,2025-09-10 13:26:31.507076
power,226,2025-09-10 13:26:31.507076
voltage,121.11,2025-09-10 13:26:31.507076
filament_temp,230.7,2025-09-10 13:26:32.007301
bed_temp,60.2,2025-09-10 13:26:32.007301
current,1.84,2025-09-10 13:26:32.007301
power,226,2025-09-10 13:26:32.007301
voltage,121.11,2025-09-10 13:26:32.007301
filament_temp,230.7,2025-09-10 13:26:32.507529
bed_temp,60.2,2025-09-10 13:26:32.507529
current,1.84,2025-09-10 13:26:32.507529
power,226,2025-09-10 13:26:32.507529
voltage,121.11,2025-09-10 13:26:32.507529
filament_temp,230.7,2025-09-10 13:26:33.007741
bed_temp,60.2,2025-09-10 13:26:33.007741
current,1.84,2025-09-10 13:26:33.007741
power,226,2025-09-10 13:26:33.007741
voltage,121.11,2025-09-10 13:26:33.007741
filament_temp,231.2,2025-09-10 13:26:33.507968
bed_temp,60.5,2025-09-10 13:26:33.507968
current,1.84,2025-09-10 13:26:33.507968
power,226,2025-09-10 13:26:33.507968
voltage,121.11,2025-09-10 13:26:33.507968
filament_temp,231.2,2025-09-10 13:26:34.008108
bed_temp,60.5,2025-09-10 13:26:34.008108
current,1.84,2025-09-10 13:26:34.008108
power,226,2025-09-10 13:26:34.008108
voltage,121.11,2025-09-10 13:26:34.008108
filament_temp,231.2,2025-09-10 13:26:34.508273
bed_temp,60.5,2025-09-10 13:26:34.508273
current,1.84,2025-09-10 13:26:34.508273
power,226,2025-09-10 13:26:34.508273
voltage,121.11,2025-09-10 13:26:34.508273
filament_temp,231.2,2025-09-10 13:26:35.008505
bed_temp,60.5,2025-09-10 13:26:35.008505
current,1.84,2025-09-10 13:26:35.008505
power,226,2025-09-10 13:26:35.008505
voltage,121.11,2025-09-10 13:26:35.008505
filament_temp,231.2,2025-09-10 13:26:35.508713
bed_temp,60.3,2025-09-10 13:26:35.508713
current,1.84,2025-09-10 13:26:35.508713
power,46.4,2025-09-10 13:26:35.508713
voltage,121.11,2025-09-10 13:26:35.508713
filament_temp,231.2,2025-09-10 13:26:36.008921
bed_temp,60.3,2025-09-10 13:26:36.008921
current,1.84,2025-09-10 13:26:36.008921
power,46.4,2025-09-10 13:26:36.008921
voltage,121.11,2025-09-10 13:26:36.008921
filament_temp,231.2,2025-09-10 13:26:36.509143
bed_temp,60.3,2025-09-10 13:26:36.509143
current,1.84,2025-09-10 13:26:36.509143
power,46.4,2025-09-10 13:26:36.509143
voltage,121.11,2025-09-10 13:26:36.509143
filament_temp,231.2,2025-09-10 13:26:37.009353
bed_temp,60.3,2025-09-10 13:26:37.009353
current,1.84,2025-09-10 13:26:37.009353
power,46.4,2025-09-10 13:26:37.009353
voltage,121.11,2025-09-10 13:26:37.009353
filament_temp,230.5,2025-09-10 13:26:37.509571
bed_temp,60.2,2025-09-10 13:26:37.509571
current,1.84,2025-09-10 13:26:37.509571
power,46.4,2025-09-10 13:26:37.509571
voltage,121.11,2025-09-10 13:26:37.509571
filament_temp,230.5,2025-09-10 13:26:38.009777
bed_temp,60.2,2025-09-10 13:26:38.009777
current,1.84,2025-09-10 13:26:38.009777
power,46.4,2025-09-10 13:26:38.009777
voltage,121.11,2025-09-10 13:26:38.009777
filament_temp,230.5,2025-09-10 13:26:38.510006
bed_temp,60.2,2025-09-10 13:26:38.510006
current,1.84,2025-09-10 13:26:38.510006
power,46.4,2025-09-10 13:26:38.510006
voltage,121.11,2025-09-10 13:26:38.510006
filament_temp,230.5,2025-09-10 13:26:39.010249
bed_temp,60.2,2025-09-10 13:26:39.010249
current,1.84,2025-09-10 13:26:39.010249
power,46.4,2025-09-10 13:26:39.010249
voltage,121.11,2025-09-10 13:26:39.010249
filament_temp,230.8,2025-09-10 13:26:39.510455
bed_temp,59.9,2025-09-10 13:26:39.510455
current,1.84,2025-09-10 13:26:39.510455
power,231,2025-09-10 13:26:39.510455
voltage,121.11,2025-09-10 13:26:39.510455
filament_temp,230.8,2025-09-10 13:26:40.010698
bed_temp,59.9,2025-09-10 13:26:40.010698
current,1.84,2025-09-10 13:26:40.010698
power,231,2025-09-10 13:26:40.010698
voltage,121.11,2025-09-10 13:26:40.010698
filament_temp,230.8,2025-09-10 13:26:40.510896
bed_temp,59.9,2025-09-10 13:26:40.510896
current,1.84,2025-09-10 13:26:40.510896
power,231,2025-09-10 13:26:40.510896
voltage,121.11,2025-09-10 13:26:40.510896
filament_temp,230.8,2025-09-10 13:26:41.011133
bed_temp,59.9,2025-09-10 13:26:41.011133
current,1.84,2025-09-10 13:26:41.011133
power,231,2025-09-10 13:26:41.011133
voltage,121.11,2025-09-10 13:26:41.011133
filament_temp,229.7,2025-09-10 13:26:41.511360
bed_temp,59.6,2025-09-10 13:26:41.511360
current,1.84,2025-09-10 13:26:41.511360
power,231,2025-09-10 13:26:41.511360
voltage,121.11,2025-09-10 13:26:41.511360
filament_temp,229.7,2025-09-10 13:26:42.011583
bed_temp,59.6,2025-09-10 13:26:42.011583
current,1.95,2025-09-10 13:26:42.011583
power,231,2025-09-10 13:26:42.011583
voltage,121.11,2025-09-10 13:26:42.011583
filament_temp,229.7,2025-09-10 13:26:42.511798
bed_temp,59.6,2025-09-10 13:26:42.511798
current,1.95,2025-09-10 13:26:42.511798
power,231,2025-09-10 13:26:42.511798
voltage,121.11,2025-09-10 13:26:42.511798
filament_temp,229.7,2025-09-10 13:26:43.012025
bed_temp,59.6,2025-09-10 13:26:43.012025
current,1.95,2025-09-10 13:26:43.012025
power,231,2025-09-10 13:26:43.012025
voltage,121.11,2025-09-10 13:26:43.012025
filament_temp,229.3,2025-09-10 13:26:43.512235
bed_temp,61.4,2025-09-10 13:26:43.512235
current,1.83,2025-09-10 13:26:43.512235
power,231,2025-09-10 13:26:43.512235
voltage,121.11,2025-09-10 13:26:43.512235
filament_temp,229.3,2025-09-10 13:26:44.012453
bed_temp,61.4,2025-09-10 13:26:44.012453
current,1.83,2025-09-10 13:26:44.012453
power,215.1,2025-09-10 13:26:44.012453
voltage,121.11,2025-09-10 13:26:44.012453
filament_temp,229.3,2025-09-10 13:26:44.512664
bed_temp,61.4,2025-09-10 13:26:44.512664
current,1.83,2025-09-10 13:26:44.512664
power,215.1,2025-09-10 13:26:44.512664
voltage,121.11,2025-09-10 13:26:44.512664
filament_temp,229.3,2025-09-10 13:26:45.012881
bed_temp,61.4,2025-09-10 13:26:45.012881
current,1.83,2025-09-10 13:26:45.012881
power,215.1,2025-09-10 13:26:45.012881
voltage,121.11,2025-09-10 13:26:45.012881
filament_temp,230.0,2025-09-10 13:26:45.513064
bed_temp,61.4,2025-09-10 13:26:45.513064
current,1.83,2025-09-10 13:26:45.513064
power,59.1,2025-09-10 13:26:45.513064
voltage,121.11,2025-09-10 13:26:45.513064
filament_temp,230.0,2025-09-10 13:26:46.013271
bed_temp,61.4,2025-09-10 13:26:46.013271
current,1.83,2025-09-10 13:26:46.013271
power,59.1,2025-09-10 13:26:46.013271
voltage,121.11,2025-09-10 13:26:46.013271
filament_temp,230.0,2025-09-10 13:26:46.513500
bed_temp,61.4,2025-09-10 13:26:46.513500
current,1.83,2025-09-10 13:26:46.513500
power,53.6,2025-09-10 13:26:46.513500
voltage,121.11,2025-09-10 13:26:46.513500
filament_temp,230.0,2025-09-10 13:26:47.013706
bed_temp,61.4,2025-09-10 13:26:47.013706
current,1.83,2025-09-10 13:26:47.013706
power,53.6,2025-09-10 13:26:47.013706
voltage,121.11,2025-09-10 13:26:47.013706
filament_temp,229.0,2025-09-10 13:26:47.513920
bed_temp,61.1,2025-09-10 13:26:47.513920
current,1.83,2025-09-10 13:26:47.513920
power,53.6,2025-09-10 13:26:47.513920
voltage,121.11,2025-09-10 13:26:47.513920
filament_temp,229.0,2025-09-10 13:26:48.014141
bed_temp,61.1,2025-09-10 13:26:48.014141
current,0.54,2025-09-10 13:26:48.014141
power,53.6,2025-09-10 13:26:48.014141
voltage,121.11,2025-09-10 13:26:48.014141
filament_temp,229.0,2025-09-10 13:26:48.514352
bed_temp,61.1,2025-09-10 13:26:48.514352
current,0.54,2025-09-10 13:26:48.514352
power,53.6,2025-09-10 13:26:48.514352
voltage,121.11,2025-09-10 13:26:48.514352
filament_temp,229.0,2025-09-10 13:26:49.014583
bed_temp,61.1,2025-09-10 13:26:49.014583
current,0.54,2025-09-10 13:26:49.014583
power,53.6,2025-09-10 13:26:49.014583
voltage,121.11,2025-09-10 13:26:49.014583
filament_temp,230.0,2025-09-10 13:26:49.514778
bed_temp,60.9,2025-09-10 13:26:49.514778
current,0.54,2025-09-10 13:26:49.514778
power,53.6,2025-09-10 13:26:49.514778
voltage,121.11,2025-09-10 13:26:49.514778
filament_temp,230.0,2025-09-10 13:26:50.014969
bed_temp,60.9,2025-09-10 13:26:50.014969
current,1.83,2025-09-10 13:26:50.014969
power,53.6,2025-09-10 13:26:50.014969
voltage,121.11,2025-09-10 13:26:50.014969
filament_temp,230.0,2025-09-10 13:26:50.515188
bed_temp,60.9,2025-09-10 13:26:50.515188
current,1.83,2025-09-10 13:26:50.515188
power,218.4,2025-09-10 13:26:50.515188
voltage,121.11,2025-09-10 13:26:50.515188
filament_temp,230.0,2025-09-10 13:26:51.015409
bed_temp,60.9,2025-09-10 13:26:51.015409
current,1.83,2025-09-10 13:26:51.015409
power,218.4,2025-09-10 13:26:51.015409
voltage,121.11,2025-09-10 13:26:51.015409
filament_temp,230.2,2025-09-10 13:26:51.515621
bed_temp,59.9,2025-09-10 13:26:51.515621
current,1.83,2025-09-10 13:26:51.515621
power,228.3,2025-09-10 13:26:51.515621
voltage,121.11,2025-09-10 13:26:51.515621
filament_temp,230.2,2025-09-10 13:26:52.015855
bed_temp,59.9,2025-09-10 13:26:52.015855
current,1.83,2025-09-10 13:26:52.015855
power,228.3,2025-09-10 13:26:52.015855
voltage,121.11,2025-09-10 13:26:52.015855
filament_temp,230.2,2025-09-10 13:26:52.516056
bed_temp,59.9,2025-09-10 13:26:52.516056
current,1.83,2025-09-10 13:26:52.516056
power,228.3,2025-09-10 13:26:52.516056
voltage,121.11,2025-09-10 13:26:52.516056
filament_temp,230.2,2025-09-10 13:26:53.016259
bed_temp,59.9,2025-09-10 13:26:53.016259
current,1.83,2025-09-10 13:26:53.016259
power,228.3,2025-09-10 13:26:53.016259
voltage,121.11,2025-09-10 13:26:53.016259
filament_temp,230.3,2025-09-10 13:26:53.516447
bed_temp,60.2,2025-09-10 13:26:53.516447
current,1.95,2025-09-10 13:26:53.516447
power,228.3,2025-09-10 13:26:53.516447
voltage,121.11,2025-09-10 13:26:53.516447
filament_temp,230.3,2025-09-10 13:26:54.016640
bed_temp,60.2,2025-09-10 13:26:54.016640
current,1.95,2025-09-10 13:26:54.016640
power,226.2,2025-09-10 13:26:54.016640
voltage,121.11,2025-09-10 13:26:54.016640
filament_temp,230.3,2025-09-10 13:26:54.516894
bed_temp,60.2,2025-09-10 13:26:54.516894
current,1.95,2025-09-10 13:26:54.516894
power,226.2,2025-09-10 13:26:54.516894
voltage,121.11,2025-09-10 13:26:54.516894
filament_temp,230.3,2025-09-10 13:26:55.017096
bed_temp,60.2,2025-09-10 13:26:55.017096
current,1.95,2025-09-10 13:26:55.017096
power,226.2,2025-09-10 13:26:55.017096
voltage,121.11,2025-09-10 13:26:55.017096
filament_temp,229.8,2025-09-10 13:26:55.517309
bed_temp,59.9,2025-09-10 13:26:55.517309
current,1.95,2025-09-10 13:26:55.517309
power,226.2,2025-09-10 13:26:55.517309
voltage,121.11,2025-09-10 13:26:55.517309
filament_temp,229.8,2025-09-10 13:26:56.017534
bed_temp,59.9,2025-09-10 13:26:56.017534
current,1.95,2025-09-10 13:26:56.017534
power,226.2,2025-09-10 13:26:56.017534
voltage,121.11,2025-09-10 13:26:56.017534
filament_temp,229.8,2025-09-10 13:26:56.517744
bed_temp,59.9,2025-09-10 13:26:56.517744
current,1.95,2025-09-10 13:26:56.517744
power,226.2,2025-09-10 13:26:56.517744
voltage,121.11,2025-09-10 13:26:56.517744
filament_temp,229.8,2025-09-10 13:26:57.017981
bed_temp,59.9,2025-09-10 13:26:57.017981
current,1.95,2025-09-10 13:26:57.017981
power,226.2,2025-09-10 13:26:57.017981
voltage,121.11,2025-09-10 13:26:57.017981
filament_temp,230.8,2025-09-10 13:26:57.518200
bed_temp,60.8,2025-09-10 13:26:57.518200
current,1.95,2025-09-10 13:26:57.518200
power,226.2,2025-09-10 13:26:57.518200
voltage,121.11,2025-09-10 13:26:57.518200
filament_temp,230.8,2025-09-10 13:26:58.018415
bed_temp,60.8,2025-09-10 13:26:58.018415
current,1.95,2025-09-10 13:26:58.018415
power,226.2,2025-09-10 13:26:58.018415
voltage,121.11,2025-09-10 13:26:58.018415
filament_temp,230.8,2025-09-10 13:26:58.518633
bed_temp,60.8,2025-09-10 13:26:58.518633
current,1.95,2025-09-10 13:26:58.518633
power,226.2,2025-09-10 13:26:58.518633
voltage,121.11,2025-09-10 13:26:58.518633
filament_temp,230.8,2025-09-10 13:26:59.018846
bed_temp,60.8,2025-09-10 13:26:59.018846
current,1.95,2025-09-10 13:26:59.018846
power,226.2,2025-09-10 13:26:59.018846
voltage,121.11,2025-09-10 13:26:59.018846
filament_temp,231.0,2025-09-10 13:26:59.519066
bed_temp,60.9,2025-09-10 13:26:59.519066
current,1.95,2025-09-10 13:26:59.519066
power,226.2,2025-09-10 13:26:59.519066
voltage,121.11,2025-09-10 13:26:59.519066
filament_temp,231.0,2025-09-10 13:27:00.019293
bed_temp,60.9,2025-09-10 13:27:00.019293
current,1.95,2025-09-10 13:27:00.019293
power,226.2,2025-09-10 13:27:00.019293
voltage,121.11,2025-09-10 13:27:00.019293
filament_temp,231.0,2025-09-10 13:27:00.519519
bed_temp,60.9,2025-09-10 13:27:00.519519
current,1.95,2025-09-10 13:27:00.519519
power,226.2,2025-09-10 13:27:00.519519
voltage,121.11,2025-09-10 13:27:00.519519
filament_temp,231.0,2025-09-10 13:27:01.019727
bed_temp,60.9,2025-09-10 13:27:01.019727
current,1.95,2025-09-10 13:27:01.019727
power,226.2,2025-09-10 13:27:01.019727
voltage,121.11,2025-09-10 13:27:01.019727
filament_temp,230.3,2025-09-10 13:27:01.519955
bed_temp,61.2,2025-09-10 13:27:01.519955
current,1.95,2025-09-10 13:27:01.519955
power,49.5,2025-09-10 13:27:01.519955
voltage,121.11,2025-09-10 13:27:01.519955
filament_temp,230.3,2025-09-10 13:27:02.020197
bed_temp,61.2,2025-09-10 13:27:02.020197
current,0.58,2025-09-10 13:27:02.020197
power,49.5,2025-09-10 13:27:02.020197
voltage,121.11,2025-09-10 13:27:02.020197
filament_temp,230.3,2025-09-10 13:27:02.520381
bed_temp,61.2,2025-09-10 13:27:02.520381
current,0.58,2025-09-10 13:27:02.520381
power,49.5,2025-09-10 13:27:02.520381
voltage,121.11,2025-09-10 13:27:02.520381
filament_temp,230.3,2025-09-10 13:27:03.020545
bed_temp,61.2,2025-09-10 13:27:03.020545
current,0.58,2025-09-10 13:27:03.020545
power,49.5,2025-09-10 13:27:03.020545
voltage,121.11,2025-09-10 13:27:03.020545
filament_temp,230.3,2025-09-10 13:27:03.520747
bed_temp,60.8,2025-09-10 13:27:03.520747
current,0.58,2025-09-10 13:27:03.520747
power,49.5,2025-09-10 13:27:03.520747
voltage,121.11,2025-09-10 13:27:03.520747
filament_temp,230.3,2025-09-10 13:27:04.020972
bed_temp,60.8,2025-09-10 13:27:04.020972
current,1.8,2025-09-10 13:27:04.020972
power,49.5,2025-09-10 13:27:04.020972
voltage,121.11,2025-09-10 13:27:04.020972
filament_temp,230.3,2025-09-10 13:27:04.521181
bed_temp,60.8,2025-09-10 13:27:04.521181
current,1.8,2025-09-10 13:27:04.521181
power,49.5,2025-09-10 13:27:04.521181
voltage,121.11,2025-09-10 13:27:04.521181
filament_temp,230.3,2025-09-10 13:27:05.021402
bed_temp,60.8,2025-09-10 13:27:05.021402
current,1.8,2025-09-10 13:27:05.021402
power,49.5,2025-09-10 13:27:05.021402
voltage,121.11,2025-09-10 13:27:05.021402
filament_temp,230.5,2025-09-10 13:27:05.521610
bed_temp,59.9,2025-09-10 13:27:05.521610
current,1.92,2025-09-10 13:27:05.521610
power,49.5,2025-09-10 13:27:05.521610
voltage,121.11,2025-09-10 13:27:05.521610
filament_temp,230.5,2025-09-10 13:27:06.021821
bed_temp,59.9,2025-09-10 13:27:06.021821
current,1.92,2025-09-10 13:27:06.021821
power,229.4,2025-09-10 13:27:06.021821
voltage,121.11,2025-09-10 13:27:06.021821
filament_temp,230.5,2025-09-10 13:27:06.522019
bed_temp,59.9,2025-09-10 13:27:06.522019
current,1.92,2025-09-10 13:27:06.522019
power,229.4,2025-09-10 13:27:06.522019
voltage,121.11,2025-09-10 13:27:06.522019
filament_temp,230.5,2025-09-10 13:27:07.022228
bed_temp,59.9,2025-09-10 13:27:07.022228
current,1.92,2025-09-10 13:27:07.022228
power,229.4,2025-09-10 13:27:07.022228
voltage,121.11,2025-09-10 13:27:07.022228
filament_temp,230.0,2025-09-10 13:27:07.522439
bed_temp,60.8,2025-09-10 13:27:07.522439
current,1.92,2025-09-10 13:27:07.522439
power,229.4,2025-09-10 13:27:07.522439
voltage,121.11,2025-09-10 13:27:07.522439
filament_temp,230.0,2025-09-10 13:27:08.022627
bed_temp,60.8,2025-09-10 13:27:08.022627
current,1.92,2025-09-10 13:27:08.022627
power,229.4,2025-09-10 13:27:08.022627
voltage,121.11,2025-09-10 13:27:08.022627
filament_temp,230.0,2025-09-10 13:27:08.522836
bed_temp,60.8,2025-09-10 13:27:08.522836
current,1.92,2025-09-10 13:27:08.522836
power,227.3,2025-09-10 13:27:08.522836
voltage,121.11,2025-09-10 13:27:08.522836
filament_temp,230.0,2025-09-10 13:27:09.023057
bed_temp,60.8,2025-09-10 13:27:09.023057
current,1.92,2025-09-10 13:27:09.023057
power,227.3,2025-09-10 13:27:09.023057
voltage,121.11,2025-09-10 13:27:09.023057
filament_temp,230.0,2025-09-10 13:27:09.523273
bed_temp,60.8,2025-09-10 13:27:09.523273
current,1.92,2025-09-10 13:27:09.523273
power,227.3,2025-09-10 13:27:09.523273
voltage,121.11,2025-09-10 13:27:09.523273
filament_temp,230.0,2025-09-10 13:27:10.023483
bed_temp,60.8,2025-09-10 13:27:10.023483
current,1.92,2025-09-10 13:27:10.023483
power,227.3,2025-09-10 13:27:10.023483
voltage,121.11,2025-09-10 13:27:10.023483
filament_temp,230.0,2025-09-10 13:27:10.523692
bed_temp,60.8,2025-09-10 13:27:10.523692
current,1.92,2025-09-10 13:27:10.523692
power,227.3,2025-09-10 13:27:10.523692
voltage,121.11,2025-09-10 13:27:10.523692
filament_temp,230.0,2025-09-10 13:27:11.023914
bed_temp,60.8,2025-09-10 13:27:11.023914
current,1.92,2025-09-10 13:27:11.023914
power,227.3,2025-09-10 13:27:11.023914
voltage,121.11,2025-09-10 13:27:11.023914
filament_temp,230.0,2025-09-10 13:27:11.524106
bed_temp,60.8,2025-09-10 13:27:11.524106
current,1.92,2025-09-10 13:27:11.524106
power,227.3,2025-09-10 13:27:11.524106
voltage,121.11,2025-09-10 13:27:11.524106
filament_temp,230.0,2025-09-10 13:27:12.024268
bed_temp,60.8,2025-09-10 13:27:12.024268
current,1.92,2025-09-10 13:27:12.024268
power,227.3,2025-09-10 13:27:12.024268
voltage,121.11,2025-09-10 13:27:12.024268
filament_temp,230.0,2025-09-10 13:27:12.524485
bed_temp,60.8,2025-09-10 13:27:12.524485
current,1.92,2025-09-10 13:27:12.524485
power,227.3,2025-09-10 13:27:12.524485
voltage,121.11,2025-09-10 13:27:12.524485
filament_temp,230.0,2025-09-10 13:27:13.024692
bed_temp,60.8,2025-09-10 13:27:13.024692
current,1.92,2025-09-10 13:27:13.024692
power,227.3,2025-09-10 13:27:13.024692
voltage,121.11,2025-09-10 13:27:13.024692
filament_temp,230.0,2025-09-10 13:27:13.524910
bed_temp,60.8,2025-09-10 13:27:13.524910
current,1.92,2025-09-10 13:27:13.524910
power,227.3,2025-09-10 13:27:13.524910
voltage,121.11,2025-09-10 13:27:13.524910
filament_temp,230.0,2025-09-10 13:27:14.025122
bed_temp,60.8,2025-09-10 13:27:14.025122
current,1.92,2025-09-10 13:27:14.025122
power,227.3,2025-09-10 13:27:14.025122
voltage,121.11,2025-09-10 13:27:14.025122
filament_temp,230.0,2025-09-10 13:27:14.525356
bed_temp,60.8,2025-09-10 13:27:14.525356
current,1.92,2025-09-10 13:27:14.525356
power,227.3,2025-09-10 13:27:14.525356
voltage,121.11,2025-09-10 13:27:14.525356
filament_temp,230.0,2025-09-10 13:27:15.025539
bed_temp,60.8,2025-09-10 13:27:15.025539
current,1.92,2025-09-10 13:27:15.025539
power,227.3,2025-09-10 13:27:15.025539
voltage,121.11,2025-09-10 13:27:15.025539
filament_temp,230.0,2025-09-10 13:27:15.525766
bed_temp,60.8,2025-09-10 13:27:15.525766
current,1.92,2025-09-10 13:27:15.525766
power,227.3,2025-09-10 13:27:15.525766
voltage,121.11,2025-09-10 13:27:15.525766
filament_temp,230.0,2025-09-10 13:27:16.025982
bed_temp,60.8,2025-09-10 13:27:16.025982
current,1.92,2025-09-10 13:27:16.025982
power,227.3,2025-09-10 13:27:16.025982
voltage,121.11,2025-09-10 13:27:16.025982
filament_temp,230.0,2025-09-10 13:27:16.526201
bed_temp,60.8,2025-09-10 13:27:16.526201
current,1.92,2025-09-10 13:27:16.526201
power,227.3,2025-09-10 13:27:16.526201
voltage,121.11,2025-09-10 13:27:16.526201
filament_temp,230.0,2025-09-10 13:27:17.026432
bed_temp,60.8,2025-09-10 13:27:17.026432
current,1.92,2025-09-10 13:27:17.026432
power,227.3,2025-09-10 13:27:17.026432
voltage,121.11,2025-09-10 13:27:17.026432
filament_temp,230.0,2025-09-10 13:27:17.526657
bed_temp,60.8,2025-09-10 13:27:17.526657
current,0.25,2025-09-10 13:27:17.526657
power,227.3,2025-09-10 13:27:17.526657
voltage,121.11,2025-09-10 13:27:17.526657
filament_temp,230.0,2025-09-10 13:27:18.026868
bed_temp,60.8,2025-09-10 13:27:18.026868
current,0.25,2025-09-10 13:27:18.026868
power,27.2,2025-09-10 13:27:18.026868
voltage,121.11,2025-09-10 13:27:18.026868
filament_temp,226.5,2025-09-10 13:27:18.527085
bed_temp,58.7,2025-09-10 13:27:18.527085
current,0.25,2025-09-10 13:27:18.527085
power,27.2,2025-09-10 13:27:18.527085
voltage,121.11,2025-09-10 13:27:18.527085
filament_temp,226.5,2025-09-10 13:27:19.027294
bed_temp,58.7,2025-09-10 13:27:19.027294
current,0.25,2025-09-10 13:27:19.027294
power,27.2,2025-09-10 13:27:19.027294
voltage,121.11,2025-09-10 13:27:19.027294
filament_temp,227.2,2025-09-10 13:27:19.527510
bed_temp,59.6,2025-09-10 13:27:19.527510
current,0.25,2025-09-10 13:27:19.527510
power,27.2,2025-09-10 13:27:19.527510
voltage,121.11,2025-09-10 13:27:19.527510
filament_temp,227.2,2025-09-10 13:27:20.027736
bed_temp,59.6,2025-09-10 13:27:20.027736
current,0.25,2025-09-10 13:27:20.027736
power,27.2,2025-09-10 13:27:20.027736
voltage,121.11,2025-09-10 13:27:20.027736
filament_temp,227.2,2025-09-10 13:27:20.527943
bed_temp,59.6,2025-09-10 13:27:20.527943
current,0.25,2025-09-10 13:27:20.527943
power,27.2,2025-09-10 13:27:20.527943
voltage,121.11,2025-09-10 13:27:20.527943
filament_temp,227.2,2025-09-10 13:27:21.028126
bed_temp,59.6,2025-09-10 13:27:21.028126
current,0.25,2025-09-10 13:27:21.028126
power,27.2,2025-09-10 13:27:21.028126
voltage,121.11,2025-09-10 13:27:21.028126
filament_temp,227.2,2025-09-10 13:27:21.528347
bed_temp,59.6,2025-09-10 13:27:21.528347
current,0.25,2025-09-10 13:27:21.528347
power,27.2,2025-09-10 13:27:21.528347
voltage,121.11,2025-09-10 13:27:21.528347
filament_temp,227.2,2025-09-10 13:27:22.028572
bed_temp,59.6,2025-09-10 13:27:22.028572
current,0.25,2025-09-10 13:27:22.028572
power,27.2,2025-09-10 13:27:22.028572
voltage,121.11,2025-09-10 13:27:22.028572
filament_temp,227.2,2025-09-10 13:27:22.528798
bed_temp,59.6,2025-09-10 13:27:22.528798
current,0.25,2025-09-10 13:27:22.528798
power,27.2,2025-09-10 13:27:22.528798
voltage,121.11,2025-09-10 13:27:22.528798
filament_temp,227.2,2025-09-10 13:27:23.029027
bed_temp,59.6,2025-09-10 13:27:23.029027
current,0.25,2025-09-10 13:27:23.029027
power,27.2,2025-09-10 13:27:23.029027
voltage,121.11,2025-09-10 13:27:23.029027
filament_temp,227.2,2025-09-10 13:27:23.529255
bed_temp,59.6,2025-09-10 13:27:23.529255
current,0.25,2025-09-10 13:27:23.529255
power,27.2,2025-09-10 13:27:23.529255
voltage,121.11,2025-09-10 13:27:23.529255
filament_temp,227.2,2025-09-10 13:27:24.029455
bed_temp,59.6,2025-09-10 13:27:24.029455
current,0.25,2025-09-10 13:27:24.029455
power,27.2,2025-09-10 13:27:24.029455
voltage,121.11,2025-09-10 13:27:24.029455
filament_temp,219.4,2025-09-10 13:27:24.529699
bed_temp,59.1,2025-09-10 13:27:24.529699
current,0.25,2025-09-10 13:27:24.529699
power,27.2,2025-09-10 13:27:24.529699
voltage,121.11,2025-09-10 13:27:24.529699
filament_temp,219.4,2025-09-10 13:27:25.029924
bed_temp,59.1,2025-09-10 13:27:25.029924
current,0.25,2025-09-10 13:27:25.029924
power,27.2,2025-09-10 13:27:25.029924
voltage,121.11,2025-09-10 13:27:25.029924
filament_temp,219.4,2025-09-10 13:27:25.530149
bed_temp,59.1,2025-09-10 13:27:25.530149
current,0.25,2025-09-10 13:27:25.530149
power,27.2,2025-09-10 13:27:25.530149
voltage,121.11,2025-09-10 13:27:25.530149
filament_temp,219.4,2025-09-10 13:27:26.030357
bed_temp,59.1,2025-09-10 13:27:26.030357
current,0.07,2025-09-10 13:27:26.030357
power,27.2,2025-09-10 13:27:26.030357
voltage,121.11,2025-09-10 13:27:26.030357
filament_temp,219.4,2025-09-10 13:27:26.530579
bed_temp,59.1,2025-09-10 13:27:26.530579
current,0.07,2025-09-10 13:27:26.530579
power,27.2,2025-09-10 13:27:26.530579
voltage,121.11,2025-09-10 13:27:26.530579
filament_temp,219.4,2025-09-10 13:27:27.030787
bed_temp,59.1,2025-09-10 13:27:27.030787
current,0.07,2025-09-10 13:27:27.030787
power,27.2,2025-09-10 13:27:27.030787
voltage,121.11,2025-09-10 13:27:27.030787
filament_temp,219.4,2025-09-10 13:27:27.531014
bed_temp,59.1,2025-09-10 13:27:27.531014
current,0.07,2025-09-10 13:27:27.531014
power,27.2,2025-09-10 13:27:27.531014
voltage,121.11,2025-09-10 13:27:27.531014
filament_temp,219.4,2025-09-10 13:27:28.031224
bed_temp,59.1,2025-09-10 13:27:28.031224
current,0.07,2025-09-10 13:27:28.031224
power,27.2,2025-09-10 13:27:28.031224
voltage,121.11,2025-09-10 13:27:28.031224
filament_temp,219.4,2025-09-10 13:27:28.531449
bed_temp,59.1,2025-09-10 13:27:28.531449
current,0.07,2025-09-10 13:27:28.531449
power,3,2025-09-10 13:27:28.531449
voltage,121.11,2025-09-10 13:27:28.531449
filament_temp,219.4,2025-09-10 13:27:29.031646
bed_temp,59.1,2025-09-10 13:27:29.031646
current,0.07,2025-09-10 13:27:29.031646
power,3,2025-09-10 13:27:29.031646
voltage,121.11,2025-09-10 13:27:29.031646
filament_temp,212.5,2025-09-10 13:27:29.531865
bed_temp,59.1,2025-09-10 13:27:29.531865
current,0.07,2025-09-10 13:27:29.531865
power,3,2025-09-10 13:27:29.531865
voltage,121.11,2025-09-10 13:27:29.531865
filament_temp,212.5,2025-09-10 13:27:30.032058
bed_temp,59.1,2025-09-10 13:27:30.032058
current,0.07,2025-09-10 13:27:30.032058
power,3,2025-09-10 13:27:30.032058
voltage,121.11,2025-09-10 13:27:30.032058
filament_temp,212.5,2025-09-10 13:27:30.532269
bed_temp,59.1,2025-09-10 13:27:30.532269
current,0.07,2025-09-10 13:27:30.532269
power,3,2025-09-10 13:27:30.532269
voltage,121.11,2025-09-10 13:27:30.532269
filament_temp,212.5,2025-09-10 13:27:31.032483
bed_temp,59.1,2025-09-10 13:27:31.032483
current,0.07,2025-09-10 13:27:31.032483
power,3,2025-09-10 13:27:31.032483
voltage,121.11,2025-09-10 13:27:31.032483
filament_temp,212.5,2025-09-10 13:27:31.532709
bed_temp,59.1,2025-09-10 13:27:31.532709
current,0.07,2025-09-10 13:27:31.532709
power,3,2025-09-10 13:27:31.532709
voltage,121.11,2025-09-10 13:27:31.532709
filament_temp,212.5,2025-09-10 13:27:32.032916
bed_temp,59.1,2025-09-10 13:27:32.032916
current,0.07,2025-09-10 13:27:32.032916
power,3,2025-09-10 13:27:32.032916
voltage,121.11,2025-09-10 13:27:32.032916
filament_temp,212.5,2025-09-10 13:27:32.533106
bed_temp,59.1,2025-09-10 13:27:32.533106
current,0.07,2025-09-10 13:27:32.533106
power,3,2025-09-10 13:27:32.533106
voltage,121.11,2025-09-10 13:27:32.533106
filament_temp,212.5,2025-09-10 13:27:33.033305
bed_temp,59.1,2025-09-10 13:27:33.033305
current,0.07,2025-09-10 13:27:33.033305
power,3,2025-09-10 13:27:33.033305
voltage,121.11,2025-09-10 13:27:33.033305
filament_temp,212.5,2025-09-10 13:27:33.533511
bed_temp,59.1,2025-09-10 13:27:33.533511
current,0.07,2025-09-10 13:27:33.533511
power,3,2025-09-10 13:27:33.533511
voltage,121.11,2025-09-10 13:27:33.533511
filament_temp,212.5,2025-09-10 13:27:34.033731
bed_temp,59.1,2025-09-10 13:27:34.033731
current,0.07,2025-09-10 13:27:34.033731
power,3,2025-09-10 13:27:34.033731
voltage,121.11,2025-09-10 13:27:34.033731
filament_temp,203.8,2025-09-10 13:27:34.533944
bed_temp,57.5,2025-09-10 13:27:34.533944
current,0.07,2025-09-10 13:27:34.533944
power,3,2025-09-10 13:27:34.533944
voltage,121.11,2025-09-10 13:27:34.533944
filament_temp,203.8,2025-09-10 13:27:35.034165
bed_temp,57.5,2025-09-10 13:27:35.034165
current,0.07,2025-09-10 13:27:35.034165
power,3,2025-09-10 13:27:35.034165
voltage,121.11,2025-09-10 13:27:35.034165
filament_temp,203.8,2025-09-10 13:27:35.534374
bed_temp,57.5,2025-09-10 13:27:35.534374
current,0.07,2025-09-10 13:27:35.534374
power,3,2025-09-10 13:27:35.534374
voltage,121.11,2025-09-10 13:27:35.534374
filament_temp,203.8,2025-09-10 13:27:36.034602
bed_temp,57.5,2025-09-10 13:27:36.034602
current,0.07,2025-09-10 13:27:36.034602
power,3,2025-09-10 13:27:36.034602
voltage,121.11,2025-09-10 13:27:36.034602
filament_temp,203.8,2025-09-10 13:27:36.534812
bed_temp,57.5,2025-09-10 13:27:36.534812
current,0.07,2025-09-10 13:27:36.534812
power,3,2025-09-10 13:27:36.534812
voltage,121.11,2025-09-10 13:27:36.534812
filament_temp,203.8,2025-09-10 13:27:37.035006
bed_temp,57.5,2025-09-10 13:27:37.035006
current,0.07,2025-09-10 13:27:37.035006
power,3,2025-09-10 13:27:37.035006
voltage,121.11,2025-09-10 13:27:37.035006
filament_temp,203.8,2025-09-10 13:27:37.535241
bed_temp,57.5,2025-09-10 13:27:37.535241
current,0.07,2025-09-10 13:27:37.535241
power,3,2025-09-10 13:27:37.535241
voltage,121.11,2025-09-10 13:27:37.535241
filament_temp,203.8,2025-09-10 13:27:38.035453
bed_temp,57.5,2025-09-10 13:27:38.035453
current,0.07,2025-09-10 13:27:38.035453
power,3,2025-09-10 13:27:38.035453
voltage,121.11,2025-09-10 13:27:38.035453
filament_temp,203.8,2025-09-10 13:27:38.535665
bed_temp,57.5,2025-09-10 13:27:38.535665
current,0.07,2025-09-10 13:27:38.535665
power,3,2025-09-10 13:27:38.535665
voltage,121.11,2025-09-10 13:27:38.535665
filament_temp,203.8,2025-09-10 13:27:39.035902
bed_temp,57.5,2025-09-10 13:27:39.035902
current,0.07,2025-09-10 13:27:39.035902
power,3,2025-09-10 13:27:39.035902
voltage,121.11,2025-09-10 13:27:39.035902
filament_temp,198.1,2025-09-10 13:27:39.536138
bed_temp,58.2,2025-09-10 13:27:39.536138
current,0.07,2025-09-10 13:27:39.536138
power,3,2025-09-10 13:27:39.536138
voltage,121.11,2025-09-10 13:27:39.536138
filament_temp,198.1,2025-09-10 13:27:40.036365
bed_temp,58.2,2025-09-10 13:27:40.036365
current,0.07,2025-09-10 13:27:40.036365
power,3,2025-09-10 13:27:40.036365
voltage,121.11,2025-09-10 13:27:40.036365
filament_temp,198.1,2025-09-10 13:27:40.536575
bed_temp,58.2,2025-09-10 13:27:40.536575
current,0.07,2025-09-10 13:27:40.536575
power,3,2025-09-10 13:27:40.536575
voltage,121.11,2025-09-10 13:27:40.536575
filament_temp,198.1,2025-09-10 13:27:41.036772
bed_temp,58.2,2025-09-10 13:27:41.036772
current,0.07,2025-09-10 13:27:41.036772
power,3,2025-09-10 13:27:41.036772
voltage,121.11,2025-09-10 13:27:41.036772
filament_temp,198.1,2025-09-10 13:27:41.536992
bed_temp,58.2,2025-09-10 13:27:41.536992
current,0.07,2025-09-10 13:27:41.536992
power,3,2025-09-10 13:27:41.536992
voltage,121.11,2025-09-10 13:27:41.536992
filament_temp,198.1,2025-09-10 13:27:42.037184
bed_temp,58.2,2025-09-10 13:27:42.037184
current,0.07,2025-09-10 13:27:42.037184
power,3,2025-09-10 13:27:42.037184
voltage,121.11,2025-09-10 13:27:42.037184
filament_temp,198.1,2025-09-10 13:27:42.537369
bed_temp,58.2,2025-09-10 13:27:42.537369
current,0.07,2025-09-10 13:27:42.537369
power,3,2025-09-10 13:27:42.537369
voltage,121.11,2025-09-10 13:27:42.537369
filament_temp,198.1,2025-09-10 13:27:43.037566
bed_temp,58.2,2025-09-10 13:27:43.037566
current,0.07,2025-09-10 13:27:43.037566
power,3,2025-09-10 13:27:43.037566
voltage,121.11,2025-09-10 13:27:43.037566
filament_temp,198.1,2025-09-10 13:27:43.537779
bed_temp,58.2,2025-09-10 13:27:43.537779
current,0.07,2025-09-10 13:27:43.537779
power,3,2025-09-10 13:27:43.537779
voltage,121.11,2025-09-10 13:27:43.537779
filament_temp,198.1,2025-09-10 13:27:44.038025
bed_temp,58.2,2025-09-10 13:27:44.038025
current,0.07,2025-09-10 13:27:44.038025
power,3,2025-09-10 13:27:44.038025
voltage,121.11,2025-09-10 13:27:44.038025
filament_temp,191.7,2025-09-10 13:27:44.538250
bed_temp,57.6,2025-09-10 13:27:44.538250
current,0.07,2025-09-10 13:27:44.538250
power,3,2025-09-10 13:27:44.538250
voltage,121.11,2025-09-10 13:27:44.538250
filament_temp,191.7,2025-09-10 13:27:45.038476
bed_temp,57.6,2025-09-10 13:27:45.038476
current,0.07,2025-09-10 13:27:45.038476
power,3,2025-09-10 13:27:45.038476
voltage,121.11,2025-09-10 13:27:45.038476
filament_temp,191.7,2025-09-10 13:27:45.538675
bed_temp,57.6,2025-09-10 13:27:45.538675
current,0.07,2025-09-10 13:27:45.538675
power,3,2025-09-10 13:27:45.538675
voltage,121.11,2025-09-10 13:27:45.538675
filament_temp,191.7,2025-09-10 13:27:46.038880
bed_temp,57.6,2025-09-10 13:27:46.038880
current,0.07,2025-09-10 13:27:46.038880
power,3,2025-09-10 13:27:46.038880
voltage,121.11,2025-09-10 13:27:46.038880
filament_temp,191.7,2025-09-10 13:27:46.539112
bed_temp,57.6,2025-09-10 13:27:46.539112
current,0.07,2025-09-10 13:27:46.539112
power,3,2025-09-10 13:27:46.539112
voltage,121.11,2025-09-10 13:27:46.539112
filament_temp,191.7,2025-09-10 13:27:47.039327
bed_temp,57.6,2025-09-10 13:27:47.039327
current,0.07,2025-09-10 13:27:47.039327
power,3,2025-09-10 13:27:47.039327
voltage,121.11,2025-09-10 13:27:47.039327
filament_temp,191.7,2025-09-10 13:27:47.539532
bed_temp,57.6,2025-09-10 13:27:47.539532
current,0.07,2025-09-10 13:27:47.539532
power,3,2025-09-10 13:27:47.539532
voltage,121.11,2025-09-10 13:27:47.539532
filament_temp,191.7,2025-09-10 13:27:48.039754
bed_temp,57.6,2025-09-10 13:27:48.039754
current,0.07,2025-09-10 13:27:48.039754
power,3,2025-09-10 13:27:48.039754
voltage,121.11,2025-09-10 13:27:48.039754
filament_temp,191.7,2025-09-10 13:27:48.539922
bed_temp,57.6,2025-09-10 13:27:48.539922
current,0.07,2025-09-10 13:27:48.539922
power,3,2025-09-10 13:27:48.539922
voltage,121.11,2025-09-10 13:27:48.539922
filament_temp,191.7,2025-09-10 13:27:49.040113
bed_temp,57.6,2025-09-10 13:27:49.040113
current,0.07,2025-09-10 13:27:49.040113
power,3,2025-09-10 13:27:49.040113
voltage,121.11,2025-09-10 13:27:49.040113
filament_temp,186.1,2025-09-10 13:27:49.540323
bed_temp,58.5,2025-09-10 13:27:49.540323
current,0.07,2025-09-10 13:27:49.540323
power,3,2025-09-10 13:27:49.540323
voltage,121.11,2025-09-10 13:27:49.540323
filament_temp,186.1,2025-09-10 13:27:50.040507
bed_temp,58.5,2025-09-10 13:27:50.040507
current,0.07,2025-09-10 13:27:50.040507
power,3,2025-09-10 13:27:50.040507
voltage,121.11,2025-09-10 13:27:50.040507
filament_temp,186.1,2025-09-10 13:27:50.540715
bed_temp,58.5,2025-09-10 13:27:50.540715
current,0.07,2025-09-10 13:27:50.540715
power,3,2025-09-10 13:27:50.540715
voltage,121.11,2025-09-10 13:27:50.540715
filament_temp,186.1,2025-09-10 13:27:51.040922
bed_temp,58.5,2025-09-10 13:27:51.040922
current,0.07,2025-09-10 13:27:51.040922
power,3,2025-09-10 13:27:51.040922
voltage,121.11,2025-09-10 13:27:51.040922
filament_temp,186.1,2025-09-10 13:27:51.541115
bed_temp,58.5,2025-09-10 13:27:51.541115
current,0.07,2025-09-10 13:27:51.541115
power,3,2025-09-10 13:27:51.541115
voltage,121.11,2025-09-10 13:27:51.541115
filament_temp,186.1,2025-09-10 13:27:52.041355
bed_temp,58.5,2025-09-10 13:27:52.041355
current,0.07,2025-09-10 13:27:52.041355
power,3,2025-09-10 13:27:52.041355
voltage,121.11,2025-09-10 13:27:52.041355
filament_temp,186.1,2025-09-10 13:27:52.541580
bed_temp,58.5,2025-09-10 13:27:52.541580
current,0.07,2025-09-10 13:27:52.541580
power,3,2025-09-10 13:27:52.541580
voltage,121.11,2025-09-10 13:27:52.541580
filament_temp,186.1,2025-09-10 13:27:53.041804
bed_temp,58.5,2025-09-10 13:27:53.041804
current,0.07,2025-09-10 13:27:53.041804
power,3,2025-09-10 13:27:53.041804
voltage,121.11,2025-09-10 13:27:53.041804
filament_temp,186.1,2025-09-10 13:27:53.542031
bed_temp,58.5,2025-09-10 13:27:53.542031
current,0.07,2025-09-10 13:27:53.542031
power,3,2025-09-10 13:27:53.542031
voltage,121.11,2025-09-10 13:27:53.542031
filament_temp,186.1,2025-09-10 13:27:54.042247
bed_temp,58.5,2025-09-10 13:27:54.042247
current,0.07,2025-09-10 13:27:54.042247
power,3,2025-09-10 13:27:54.042247
voltage,121.11,2025-09-10 13:27:54.042247
filament_temp,178.3,2025-09-10 13:27:54.542450
bed_temp,57.5,2025-09-10 13:27:54.542450
current,0.07,2025-09-10 13:27:54.542450
power,3,2025-09-10 13:27:54.542450
voltage,121.11,2025-09-10 13:27:54.542450
filament_temp,178.3,2025-09-10 13:27:55.042681
bed_temp,57.5,2025-09-10 13:27:55.042681
current,0.07,2025-09-10 13:27:55.042681
power,3,2025-09-10 13:27:55.042681
voltage,121.11,2025-09-10 13:27:55.042681
filament_temp,178.3,2025-09-10 13:27:55.542898
bed_temp,57.5,2025-09-10 13:27:55.542898
current,0.07,2025-09-10 13:27:55.542898
power,3,2025-09-10 13:27:55.542898
voltage,121.11,2025-09-10 13:27:55.542898
filament_temp,178.3,2025-09-10 13:27:56.043113
bed_temp,57.5,2025-09-10 13:27:56.043113
current,0.07,2025-09-10 13:27:56.043113
power,3,2025-09-10 13:27:56.043113
voltage,121.11,2025-09-10 13:27:56.043113
filament_temp,178.3,2025-09-10 13:27:56.543323
bed_temp,57.5,2025-09-10 13:27:56.543323
current,0.07,2025-09-10 13:27:56.543323
power,3,2025-09-10 13:27:56.543323
voltage,121.11,2025-09-10 13:27:56.543323
filament_temp,178.3,2025-09-10 13:27:57.043544
bed_temp,57.5,2025-09-10 13:27:57.043544
current,0.07,2025-09-10 13:27:57.043544
power,3,2025-09-10 13:27:57.043544
voltage,121.11,2025-09-10 13:27:57.043544
filament_temp,178.3,2025-09-10 13:27:57.543770
bed_temp,57.5,2025-09-10 13:27:57.543770
current,0.07,2025-09-10 13:27:57.543770
power,3,2025-09-10 13:27:57.543770
voltage,121.11,2025-09-10 13:27:57.543770
filament_temp,178.3,2025-09-10 13:27:58.043961
bed_temp,57.5,2025-09-10 13:27:58.043961
current,0.07,2025-09-10 13:27:58.043961
power,3,2025-09-10 13:27:58.043961
voltage,121.11,2025-09-10 13:27:58.043961
filament_temp,178.3,2025-09-10 13:27:58.544203
bed_temp,57.5,2025-09-10 13:27:58.544203
current,0.07,2025-09-10 13:27:58.544203
power,3,2025-09-10 13:27:58.544203
voltage,121.11,2025-09-10 13:27:58.544203
filament_temp,173.6,2025-09-10 13:27:59.044445
bed_temp,57.6,2025-09-10 13:27:59.044445
current,0.07,2025-09-10 13:27:59.044445
power,3,2025-09-10 13:27:59.044445
voltage,121.11,2025-09-10 13:27:59.044445
filament_temp,173.6,2025-09-10 13:27:59.544667
bed_temp,57.6,2025-09-10 13:27:59.544667
current,0.07,2025-09-10 13:27:59.544667
power,3,2025-09-10 13:27:59.544667
voltage,121.11,2025-09-10 13:27:59.544667
filament_temp,173.6,2025-09-10 13:28:00.044927
bed_temp,57.6,2025-09-10 13:28:00.044927
current,0.07,2025-09-10 13:28:00.044927
power,3,2025-09-10 13:28:00.044927
voltage,121.11,2025-09-10 13:28:00.044927
filament_temp,173.6,2025-09-10 13:28:00.545143
bed_temp,57.6,2025-09-10 13:28:00.545143
current,0.07,2025-09-10 13:28:00.545143
power,3,2025-09-10 13:28:00.545143
voltage,121.11,2025-09-10 13:28:00.545143
filament_temp,173.6,2025-09-10 13:28:01.045347
bed_temp,57.6,2025-09-10 13:28:01.045347
current,0.07,2025-09-10 13:28:01.045347
power,3,2025-09-10 13:28:01.045347
voltage,121.11,2025-09-10 13:28:01.045347
filament_temp,173.6,2025-09-10 13:28:01.545554
bed_temp,57.6,2025-09-10 13:28:01.545554
current,0.07,2025-09-10 13:28:01.545554
power,3,2025-09-10 13:28:01.545554
voltage,121.11,2025-09-10 13:28:01.545554
filament_temp,173.6,2025-09-10 13:28:02.045795
bed_temp,57.6,2025-09-10 13:28:02.045795
current,0.07,2025-09-10 13:28:02.045795
power,3,2025-09-10 13:28:02.045795
voltage,121.11,2025-09-10 13:28:02.045795
filament_temp,173.6,2025-09-10 13:28:02.546001
bed_temp,57.6,2025-09-10 13:28:02.546001
current,0.07,2025-09-10 13:28:02.546001
power,3,2025-09-10 13:28:02.546001
voltage,121.11,2025-09-10 13:28:02.546001
filament_temp,173.6,2025-09-10 13:28:03.046205
bed_temp,57.6,2025-09-10 13:28:03.046205
current,0.07,2025-09-10 13:28:03.046205
power,3,2025-09-10 13:28:03.046205
voltage,121.11,2025-09-10 13:28:03.046205
filament_temp,173.6,2025-09-10 13:28:03.546426
bed_temp,57.6,2025-09-10 13:28:03.546426
current,0.07,2025-09-10 13:28:03.546426
power,3,2025-09-10 13:28:03.546426
voltage,121.11,2025-09-10 13:28:03.546426
filament_temp,169.4,2025-09-10 13:28:04.046655
bed_temp,56.9,2025-09-10 13:28:04.046655
current,0.07,2025-09-10 13:28:04.046655
power,3,2025-09-10 13:28:04.046655
voltage,121.11,2025-09-10 13:28:04.046655
filament_temp,169.4,2025-09-10 13:28:04.546871
bed_temp,56.9,2025-09-10 13:28:04.546871
current,0.07,2025-09-10 13:28:04.546871
power,3,2025-09-10 13:28:04.546871
voltage,121.11,2025-09-10 13:28:04.546871
filament_temp,169.4,2025-09-10 13:28:05.047109
bed_temp,56.9,2025-09-10 13:28:05.047109
current,0.07,2025-09-10 13:28:05.047109
power,3,2025-09-10 13:28:05.047109
voltage,121.11,2025-09-10 13:28:05.047109
filament_temp,169.4,2025-09-10 13:28:05.547332
bed_temp,56.9,2025-09-10 13:28:05.547332
current,0.07,2025-09-10 13:28:05.547332
power,3,2025-09-10 13:28:05.547332
voltage,121.11,2025-09-10 13:28:05.547332
filament_temp,169.4,2025-09-10 13:28:06.047556
bed_temp,56.9,2025-09-10 13:28:06.047556
current,0.07,2025-09-10 13:28:06.047556
power,3,2025-09-10 13:28:06.047556
voltage,121.11,2025-09-10 13:28:06.047556
filament_temp,169.4,2025-09-10 13:28:06.547803
bed_temp,56.9,2025-09-10 13:28:06.547803
current,0.07,2025-09-10 13:28:06.547803
power,3,2025-09-10 13:28:06.547803
voltage,121.11,2025-09-10 13:28:06.547803
filament_temp,169.4,2025-09-10 13:28:07.048030
bed_temp,56.9,2025-09-10 13:28:07.048030
current,0.07,2025-09-10 13:28:07.048030
power,3,2025-09-10 13:28:07.048030
voltage,121.11,2025-09-10 13:28:07.048030
filament_temp,169.4,2025-09-10 13:28:07.548258
bed_temp,56.9,2025-09-10 13:28:07.548258
current,0.07,2025-09-10 13:28:07.548258
power,3,2025-09-10 13:28:07.548258
voltage,121.11,2025-09-10 13:28:07.548258
filament_temp,169.4,2025-09-10 13:28:08.048501
bed_temp,56.9,2025-09-10 13:28:08.048501
current,0.07,2025-09-10 13:28:08.048501
power,3,2025-09-10 13:28:08.048501
voltage,121.11,2025-09-10 13:28:08.048501
filament_temp,169.4,2025-09-10 13:28:08.548725
bed_temp,56.9,2025-09-10 13:28:08.548725
current,0.07,2025-09-10 13:28:08.548725
power,3,2025-09-10 13:28:08.548725
voltage,121.11,2025-09-10 13:28:08.548725
filament_temp,163.4,2025-09-10 13:28:09.048946
bed_temp,57.6,2025-09-10 13:28:09.048946
current,0.07,2025-09-10 13:28:09.048946
power,3,2025-09-10 13:28:09.048946
voltage,121.11,2025-09-10 13:28:09.048946
filament_temp,163.4,2025-09-10 13:28:09.549169
bed_temp,57.6,2025-09-10 13:28:09.549169
current,0.07,2025-09-10 13:28:09.549169
power,3,2025-09-10 13:28:09.549169
voltage,121.11,2025-09-10 13:28:09.549169
filament_temp,163.4,2025-09-10 13:28:10.049393
bed_temp,57.6,2025-09-10 13:28:10.049393
current,0.07,2025-09-10 13:28:10.049393
power,3,2025-09-10 13:28:10.049393
voltage,121.11,2025-09-10 13:28:10.049393
filament_temp,163.4,2025-09-10 13:28:10.549618
bed_temp,57.6,2025-09-10 13:28:10.549618
current,0.07,2025-09-10 13:28:10.549618
power,3,2025-09-10 13:28:10.549618
voltage,121.11,2025-09-10 13:28:10.549618
filament_temp,163.4,2025-09-10 13:28:11.049840
bed_temp,57.6,2025-09-10 13:28:11.049840
current,0.07,2025-09-10 13:28:11.049840
power,3,2025-09-10 13:28:11.049840
voltage,121.11,2025-09-10 13:28:11.049840
filament_temp,163.4,2025-09-10 13:28:11.550062
bed_temp,57.6,2025-09-10 13:28:11.550062
current,0.07,2025-09-10 13:28:11.550062
power,3,2025-09-10 13:28:11.550062
voltage,121.11,2025-09-10 13:28:11.550062
filament_temp,163.4,2025-09-10 13:28:12.050287
bed_temp,57.6,2025-09-10 13:28:12.050287
current,0.07,2025-09-10 13:28:12.050287
power,3,2025-09-10 13:28:12.050287
voltage,121.11,2025-09-10 13:28:12.050287
filament_temp,163.4,2025-09-10 13:28:12.550516
bed_temp,57.6,2025-09-10 13:28:12.550516
current,0.07,2025-09-10 13:28:12.550516
power,3,2025-09-10 13:28:12.550516
voltage,121.11,2025-09-10 13:28:12.550516
filament_temp,163.4,2025-09-10 13:28:13.050725
bed_temp,57.6,2025-09-10 13:28:13.050725
current,0.07,2025-09-10 13:28:13.050725
power,3,2025-09-10 13:28:13.050725
voltage,121.11,2025-09-10 13:28:13.050725
filament_temp,163.4,2025-09-10 13:28:13.550940
bed_temp,57.6,2025-09-10 13:28:13.550940
current,0.07,2025-09-10 13:28:13.550940
power,3,2025-09-10 13:28:13.550940
voltage,121.11,2025-09-10 13:28:13.550940
filament_temp,158.0,2025-09-10 13:28:14.051169
bed_temp,57.4,2025-09-10 13:28:14.051169
current,0.07,2025-09-10 13:28:14.051169
power,3,2025-09-10 13:28:14.051169
voltage,121.11,2025-09-10 13:28:14.051169
filament_temp,158.0,2025-09-10 13:28:14.551440
bed_temp,57.4,2025-09-10 13:28:14.551440
current,0.07,2025-09-10 13:28:14.551440
power,3,2025-09-10 13:28:14.551440
voltage,121.11,2025-09-10 13:28:14.551440
filament_temp,158.0,2025-09-10 13:28:15.051683
bed_temp,57.4,2025-09-10 13:28:15.051683
current,0.07,2025-09-10 13:28:15.051683
power,3,2025-09-10 13:28:15.051683
voltage,121.11,2025-09-10 13:28:15.051683
filament_temp,158.0,2025-09-10 13:28:15.551892
bed_temp,57.4,2025-09-10 13:28:15.551892
current,0.07,2025-09-10 13:28:15.551892
power,3,2025-09-10 13:28:15.551892
voltage,121.11,2025-09-10 13:28:15.551892
filament_temp,158.0,2025-09-10 13:28:16.052075
bed_temp,57.4,2025-09-10 13:28:16.052075
current,0.07,2025-09-10 13:28:16.052075
power,3,2025-09-10 13:28:16.052075
voltage,121.11,2025-09-10 13:28:16.052075
filament_temp,158.0,2025-09-10 13:28:16.552321
bed_temp,57.4,2025-09-10 13:28:16.552321
current,0.07,2025-09-10 13:28:16.552321
power,3,2025-09-10 13:28:16.552321
voltage,121.11,2025-09-10 13:28:16.552321
filament_temp,158.0,2025-09-10 13:28:17.052519
bed_temp,57.4,2025-09-10 13:28:17.052519
current,0.07,2025-09-10 13:28:17.052519
power,3,2025-09-10 13:28:17.052519
voltage,121.11,2025-09-10 13:28:17.052519
filament_temp,158.0,2025-09-10 13:28:17.552741
bed_temp,57.4,2025-09-10 13:28:17.552741
current,0.07,2025-09-10 13:28:17.552741
power,3,2025-09-10 13:28:17.552741
voltage,121.11,2025-09-10 13:28:17.552741
filament_temp,158.0,2025-09-10 13:28:18.052999
bed_temp,57.4,2025-09-10 13:28:18.052999
current,0.07,2025-09-10 13:28:18.052999
power,3,2025-09-10 13:28:18.052999
voltage,121.11,2025-09-10 13:28:18.052999
filament_temp,158.0,2025-09-10 13:28:18.553225
bed_temp,57.4,2025-09-10 13:28:18.553225
current,0.07,2025-09-10 13:28:18.553225
power,3,2025-09-10 13:28:18.553225
voltage,121.11,2025-09-10 13:28:18.553225
filament_temp,154.2,2025-09-10 13:28:19.053466
bed_temp,56.6,2025-09-10 13:28:19.053466
current,0.07,2025-09-10 13:28:19.053466
power,3,2025-09-10 13:28:19.053466
voltage,121.11,2025-09-10 13:28:19.053466
filament_temp,154.2,2025-09-10 13:28:19.553676
bed_temp,56.6,2025-09-10 13:28:19.553676
current,0.07,2025-09-10 13:28:19.553676
power,3,2025-09-10 13:28:19.553676
voltage,121.11,2025-09-10 13:28:19.553676
filament_temp,154.2,2025-09-10 13:28:20.053916
bed_temp,56.6,2025-09-10 13:28:20.053916
current,0.07,2025-09-10 13:28:20.053916
power,3,2025-09-10 13:28:20.053916
voltage,121.11,2025-09-10 13:28:20.053916
filament_temp,154.2,2025-09-10 13:28:20.554098
bed_temp,56.6,2025-09-10 13:28:20.554098
current,0.07,2025-09-10 13:28:20.554098
power,3,2025-09-10 13:28:20.554098
voltage,121.11,2025-09-10 13:28:20.554098
filament_temp,154.2,2025-09-10 13:28:21.054312
bed_temp,56.6,2025-09-10 13:28:21.054312
current,0.07,2025-09-10 13:28:21.054312
power,3,2025-09-10 13:28:21.054312
voltage,121.11,2025-09-10 13:28:21.054312
filament_temp,154.2,2025-09-10 13:28:21.554526
bed_temp,56.6,2025-09-10 13:28:21.554526
current,0.07,2025-09-10 13:28:21.554526
power,3,2025-09-10 13:28:21.554526
voltage,121.11,2025-09-10 13:28:21.554526
filament_temp,154.2,2025-09-10 13:28:22.054734
bed_temp,56.6,2025-09-10 13:28:22.054734
current,0.07,2025-09-10 13:28:22.054734
power,3,2025-09-10 13:28:22.054734
voltage,121.11,2025-09-10 13:28:22.054734
filament_temp,154.2,2025-09-10 13:28:22.554960
bed_temp,56.6,2025-09-10 13:28:22.554960
current,0.07,2025-09-10 13:28:22.554960
power,3,2025-09-10 13:28:22.554960
voltage,121.11,2025-09-10 13:28:22.554960
filament_temp,154.2,2025-09-10 13:28:23.055183
bed_temp,56.6,2025-09-10 13:28:23.055183
current,0.07,2025-09-10 13:28:23.055183
power,3,2025-09-10 13:28:23.055183
voltage,121.11,2025-09-10 13:28:23.055183
filament_temp,154.2,2025-09-10 13:28:23.555392
bed_temp,56.6,2025-09-10 13:28:23.555392
current,0.07,2025-09-10 13:28:23.555392
power,3,2025-09-10 13:28:23.555392
voltage,121.11,2025-09-10 13:28:23.555392
filament_temp,149.2,2025-09-10 13:28:24.055634
bed_temp,56.6,2025-09-10 13:28:24.055634
current,0.07,2025-09-10 13:28:24.055634
power,3,2025-09-10 13:28:24.055634
voltage,121.11,2025-09-10 13:28:24.055634
filament_temp,149.2,2025-09-10 13:28:24.555859
bed_temp,56.6,2025-09-10 13:28:24.555859
current,0.07,2025-09-10 13:28:24.555859
power,3,2025-09-10 13:28:24.555859
voltage,121.11,2025-09-10 13:28:24.555859
filament_temp,149.2,2025-09-10 13:28:25.056072
bed_temp,56.6,2025-09-10 13:28:25.056072
current,0.07,2025-09-10 13:28:25.056072
power,3,2025-09-10 13:28:25.056072
voltage,121.11,2025-09-10 13:28:25.056072
filament_temp,149.2,2025-09-10 13:28:25.556287
bed_temp,56.6,2025-09-10 13:28:25.556287
current,0.07,2025-09-10 13:28:25.556287
power,3,2025-09-10 13:28:25.556287
voltage,121.11,2025-09-10 13:28:25.556287
filament_temp,149.2,2025-09-10 13:28:26.056500
bed_temp,56.6,2025-09-10 13:28:26.056500
current,0.07,2025-09-10 13:28:26.056500
power,3,2025-09-10 13:28:26.056500
voltage,121.11,2025-09-10 13:28:26.056500
filament_temp,149.2,2025-09-10 13:28:26.556708
bed_temp,56.6,2025-09-10 13:28:26.556708
current,0.07,2025-09-10 13:28:26.556708
power,3,2025-09-10 13:28:26.556708
voltage,121.11,2025-09-10 13:28:26.556708
filament_temp,149.2,2025-09-10 13:28:27.056959
bed_temp,56.6,2025-09-10 13:28:27.056959
current,0.07,2025-09-10 13:28:27.056959
power,3,2025-09-10 13:28:27.056959
voltage,121.11,2025-09-10 13:28:27.056959
filament_temp,149.2,2025-09-10 13:28:27.557183
bed_temp,56.6,2025-09-10 13:28:27.557183
current,0.07,2025-09-10 13:28:27.557183
power,3,2025-09-10 13:28:27.557183
voltage,121.11,2025-09-10 13:28:27.557183
filament_temp,149.2,2025-09-10 13:28:28.057408
bed_temp,56.6,2025-09-10 13:28:28.057408
current,0.07,2025-09-10 13:28:28.057408
power,3,2025-09-10 13:28:28.057408
voltage,121.11,2025-09-10 13:28:28.057408
filament_temp,149.2,2025-09-10 13:28:28.557623
bed_temp,56.6,2025-09-10 13:28:28.557623
current,0.07,2025-09-10 13:28:28.557623
power,3,2025-09-10 13:28:28.557623
voltage,121.11,2025-09-10 13:28:28.557623
filament_temp,144.7,2025-09-10 13:28:29.057823
bed_temp,56.3,2025-09-10 13:28:29.057823
current,0.07,2025-09-10 13:28:29.057823
power,3,2025-09-10 13:28:29.057823
voltage,121.11,2025-09-10 13:28:29.057823
filament_temp,144.7,2025-09-10 13:28:29.558014
bed_temp,56.3,2025-09-10 13:28:29.558014
current,0.07,2025-09-10 13:28:29.558014
power,3,2025-09-10 13:28:29.558014
voltage,121.11,2025-09-10 13:28:29.558014
filament_temp,144.7,2025-09-10 13:28:30.058231
bed_temp,56.3,2025-09-10 13:28:30.058231
current,0.07,2025-09-10 13:28:30.058231
power,3,2025-09-10 13:28:30.058231
voltage,121.11,2025-09-10 13:28:30.058231
filament_temp,144.7,2025-09-10 13:28:30.558445
bed_temp,56.3,2025-09-10 13:28:30.558445
current,0.07,2025-09-10 13:28:30.558445
power,3,2025-09-10 13:28:30.558445
voltage,121.11,2025-09-10 13:28:30.558445
filament_temp,144.7,2025-09-10 13:28:31.058665
bed_temp,56.3,2025-09-10 13:28:31.058665
current,0.07,2025-09-10 13:28:31.058665
power,3,2025-09-10 13:28:31.058665
voltage,121.11,2025-09-10 13:28:31.058665
filament_temp,144.7,2025-09-10 13:28:31.558891
bed_temp,56.3,2025-09-10 13:28:31.558891
current,0.07,2025-09-10 13:28:31.558891
power,3,2025-09-10 13:28:31.558891
voltage,121.11,2025-09-10 13:28:31.558891
filament_temp,144.7,2025-09-10 13:28:32.059114
bed_temp,56.3,2025-09-10 13:28:32.059114
current,0.07,2025-09-10 13:28:32.059114
power,3,2025-09-10 13:28:32.059114
voltage,121.11,2025-09-10 13:28:32.059114
filament_temp,144.7,2025-09-10 13:28:32.559340
bed_temp,56.3,2025-09-10 13:28:32.559340
current,0.07,2025-09-10 13:28:32.559340
power,3,2025-09-10 13:28:32.559340
voltage,121.11,2025-09-10 13:28:32.559340
filament_temp,144.7,2025-09-10 13:28:33.059580
bed_temp,56.3,2025-09-10 13:28:33.059580
current,0.07,2025-09-10 13:28:33.059580
power,3,2025-09-10 13:28:33.059580
voltage,121.11,2025-09-10 13:28:33.059580
filament_temp,144.7,2025-09-10 13:28:33.559793
bed_temp,56.3,2025-09-10 13:28:33.559793
current,0.07,2025-09-10 13:28:33.559793
power,3,2025-09-10 13:28:33.559793
voltage,121.11,2025-09-10 13:28:33.559793
filament_temp,140.8,2025-09-10 13:28:34.059973
bed_temp,56.5,2025-09-10 13:28:34.059973
current,0.07,2025-09-10 13:28:34.059973
power,3,2025-09-10 13:28:34.059973
voltage,121.11,2025-09-10 13:28:34.059973
filament_temp,140.8,2025-09-10 13:28:34.560198
bed_temp,56.5,2025-09-10 13:28:34.560198
current,0.07,2025-09-10 13:28:34.560198
power,3,2025-09-10 13:28:34.560198
voltage,121.11,2025-09-10 13:28:34.560198
filament_temp,140.8,2025-09-10 13:28:35.060431
bed_temp,56.5,2025-09-10 13:28:35.060431
current,0.07,2025-09-10 13:28:35.060431
power,3,2025-09-10 13:28:35.060431
voltage,121.11,2025-09-10 13:28:35.060431
filament_temp,140.8,2025-09-10 13:28:35.560674
bed_temp,56.5,2025-09-10 13:28:35.560674
current,0.07,2025-09-10 13:28:35.560674
power,3,2025-09-10 13:28:35.560674
voltage,121.11,2025-09-10 13:28:35.560674
filament_temp,140.8,2025-09-10 13:28:36.060928
bed_temp,56.5,2025-09-10 13:28:36.060928
current,0.07,2025-09-10 13:28:36.060928
power,3,2025-09-10 13:28:36.060928
voltage,121.11,2025-09-10 13:28:36.060928
filament_temp,140.8,2025-09-10 13:28:36.561154
bed_temp,56.5,2025-09-10 13:28:36.561154
current,0.07,2025-09-10 13:28:36.561154
power,3,2025-09-10 13:28:36.561154
voltage,121.11,2025-09-10 13:28:36.561154
filament_temp,140.8,2025-09-10 13:28:37.061335
bed_temp,56.5,2025-09-10 13:28:37.061335
current,0.07,2025-09-10 13:28:37.061335
power,3,2025-09-10 13:28:37.061335
voltage,121.11,2025-09-10 13:28:37.061335
filament_temp,140.8,2025-09-10 13:28:37.561561
bed_temp,56.5,2025-09-10 13:28:37.561561
current,0.07,2025-09-10 13:28:37.561561
power,3,2025-09-10 13:28:37.561561
voltage,121.11,2025-09-10 13:28:37.561561
filament_temp,140.8,2025-09-10 13:28:38.061785
bed_temp,56.5,2025-09-10 13:28:38.061785
current,0.07,2025-09-10 13:28:38.061785
power,3,2025-09-10 13:28:38.061785
voltage,121.11,2025-09-10 13:28:38.061785
filament_temp,140.8,2025-09-10 13:28:38.561991
bed_temp,56.5,2025-09-10 13:28:38.561991
current,0.07,2025-09-10 13:28:38.561991
power,3,2025-09-10 13:28:38.561991
voltage,121.11,2025-09-10 13:28:38.561991
filament_temp,136.1,2025-09-10 13:28:39.062219
bed_temp,55.7,2025-09-10 13:28:39.062219
current,0.07,2025-09-10 13:28:39.062219
power,3,2025-09-10 13:28:39.062219
voltage,121.11,2025-09-10 13:28:39.062219
filament_temp,136.1,2025-09-10 13:28:39.562438
bed_temp,55.7,2025-09-10 13:28:39.562438
current,0.07,2025-09-10 13:28:39.562438
power,3,2025-09-10 13:28:39.562438
voltage,121.11,2025-09-10 13:28:39.562438
filament_temp,136.1,2025-09-10 13:28:40.062664
bed_temp,55.7,2025-09-10 13:28:40.062664
current,0.07,2025-09-10 13:28:40.062664
power,3,2025-09-10 13:28:40.062664
voltage,121.11,2025-09-10 13:28:40.062664
filament_temp,136.1,2025-09-10 13:28:40.562898
bed_temp,55.7,2025-09-10 13:28:40.562898
current,0.07,2025-09-10 13:28:40.562898
power,3,2025-09-10 13:28:40.562898
voltage,121.11,2025-09-10 13:28:40.562898
filament_temp,136.1,2025-09-10 13:28:41.063120
bed_temp,55.7,2025-09-10 13:28:41.063120
current,0.07,2025-09-10 13:28:41.063120
power,3,2025-09-10 13:28:41.063120
voltage,121.11,2025-09-10 13:28:41.063120
filament_temp,136.1,2025-09-10 13:28:41.563338
bed_temp,55.7,2025-09-10 13:28:41.563338
current,0.07,2025-09-10 13:28:41.563338
power,3,2025-09-10 13:28:41.563338
voltage,121.11,2025-09-10 13:28:41.563338
filament_temp,136.1,2025-09-10 13:28:42.063574
bed_temp,55.7,2025-09-10 13:28:42.063574
current,0.07,2025-09-10 13:28:42.063574
power,3,2025-09-10 13:28:42.063574
voltage,121.11,2025-09-10 13:28:42.063574
filament_temp,136.1,2025-09-10 13:28:42.563810
bed_temp,55.7,2025-09-10 13:28:42.563810
current,0.07,2025-09-10 13:28:42.563810
power,3,2025-09-10 13:28:42.563810
voltage,121.11,2025-09-10 13:28:42.563810
filament_temp,136.1,2025-09-10 13:28:43.063985
bed_temp,55.7,2025-09-10 13:28:43.063985
current,0.07,2025-09-10 13:28:43.063985
power,3,2025-09-10 13:28:43.063985
voltage,121.11,2025-09-10 13:28:43.063985
filament_temp,136.1,2025-09-10 13:28:43.564219
bed_temp,55.7,2025-09-10 13:28:43.564219
current,0.07,2025-09-10 13:28:43.564219
power,3,2025-09-10 13:28:43.564219
voltage,121.11,2025-09-10 13:28:43.564219
filament_temp,133.0,2025-09-10 13:28:44.064435
bed_temp,55.7,2025-09-10 13:28:44.064435
current,0.07,2025-09-10 13:28:44.064435
power,3,2025-09-10 13:28:44.064435
voltage,121.11,2025-09-10 13:28:44.064435
filament_temp,133.0,2025-09-10 13:28:44.564661
bed_temp,55.7,2025-09-10 13:28:44.564661
current,0.07,2025-09-10 13:28:44.564661
power,3,2025-09-10 13:28:44.564661
voltage,121.11,2025-09-10 13:28:44.564661
filament_temp,133.0,2025-09-10 13:28:45.064915
bed_temp,55.7,2025-09-10 13:28:45.064915
current,0.07,2025-09-10 13:28:45.064915
power,3,2025-09-10 13:28:45.064915
voltage,121.11,2025-09-10 13:28:45.064915
filament_temp,133.0,2025-09-10 13:28:45.565129
bed_temp,55.7,2025-09-10 13:28:45.565129
current,0.07,2025-09-10 13:28:45.565129
power,3,2025-09-10 13:28:45.565129
voltage,121.11,2025-09-10 13:28:45.565129
filament_temp,133.0,2025-09-10 13:28:46.065351
bed_temp,55.7,2025-09-10 13:28:46.065351
current,0.07,2025-09-10 13:28:46.065351
power,3,2025-09-10 13:28:46.065351
voltage,121.11,2025-09-10 13:28:46.065351
filament_temp,133.0,2025-09-10 13:28:46.565545
bed_temp,55.7,2025-09-10 13:28:46.565545
current,0.07,2025-09-10 13:28:46.565545
power,3,2025-09-10 13:28:46.565545
voltage,121.11,2025-09-10 13:28:46.565545
filament_temp,133.0,2025-09-10 13:28:47.065769
bed_temp,55.7,2025-09-10 13:28:47.065769
current,0.07,2025-09-10 13:28:47.065769
power,3,2025-09-10 13:28:47.065769
voltage,121.11,2025-09-10 13:28:47.065769
filament_temp,133.0,2025-09-10 13:28:47.565989
bed_temp,55.7,2025-09-10 13:28:47.565989
current,0.07,2025-09-10 13:28:47.565989
power,3,2025-09-10 13:28:47.565989
voltage,121.11,2025-09-10 13:28:47.565989
filament_temp,133.0,2025-09-10 13:28:48.066204
bed_temp,55.7,2025-09-10 13:28:48.066204
current,0.07,2025-09-10 13:28:48.066204
power,3,2025-09-10 13:28:48.066204
voltage,121.11,2025-09-10 13:28:48.066204
filament_temp,133.0,2025-09-10 13:28:48.566440
bed_temp,55.7,2025-09-10 13:28:48.566440
current,0.07,2025-09-10 13:28:48.566440
power,3,2025-09-10 13:28:48.566440
voltage,121.11,2025-09-10 13:28:48.566440
filament_temp,128.4,2025-09-10 13:28:49.066665
bed_temp,55.9,2025-09-10 13:28:49.066665
current,0.07,2025-09-10 13:28:49.066665
power,3,2025-09-10 13:28:49.066665
voltage,121.11,2025-09-10 13:28:49.066665
filament_temp,128.4,2025-09-10 13:28:49.566875
bed_temp,55.9,2025-09-10 13:28:49.566875
current,0.07,2025-09-10 13:28:49.566875
power,3,2025-09-10 13:28:49.566875
voltage,121.11,2025-09-10 13:28:49.566875
filament_temp,128.4,2025-09-10 13:28:50.067100
bed_temp,55.9,2025-09-10 13:28:50.067100
current,0.07,2025-09-10 13:28:50.067100
power,3,2025-09-10 13:28:50.067100
voltage,121.11,2025-09-10 13:28:50.067100
filament_temp,128.4,2025-09-10 13:28:50.567329
bed_temp,55.9,2025-09-10 13:28:50.567329
current,0.07,2025-09-10 13:28:50.567329
power,3,2025-09-10 13:28:50.567329
voltage,121.11,2025-09-10 13:28:50.567329
filament_temp,128.4,2025-09-10 13:28:51.067541
bed_temp,55.9,2025-09-10 13:28:51.067541
current,0.07,2025-09-10 13:28:51.067541
power,3,2025-09-10 13:28:51.067541
voltage,121.11,2025-09-10 13:28:51.067541
filament_temp,128.4,2025-09-10 13:28:51.567726
bed_temp,55.9,2025-09-10 13:28:51.567726
current,0.07,2025-09-10 13:28:51.567726
power,3,2025-09-10 13:28:51.567726
voltage,121.11,2025-09-10 13:28:51.567726
filament_temp,128.4,2025-09-10 13:28:52.067874
bed_temp,55.9,2025-09-10 13:28:52.067874
current,0.07,2025-09-10 13:28:52.067874
power,3,2025-09-10 13:28:52.067874
voltage,121.11,2025-09-10 13:28:52.067874
filament_temp,128.4,2025-09-10 13:28:52.568090
bed_temp,55.9,2025-09-10 13:28:52.568090
current,0.07,2025-09-10 13:28:52.568090
power,3,2025-09-10 13:28:52.568090
voltage,121.11,2025-09-10 13:28:52.568090
filament_temp,128.4,2025-09-10 13:28:53.068317
bed_temp,55.9,2025-09-10 13:28:53.068317
current,0.07,2025-09-10 13:28:53.068317
power,3,2025-09-10 13:28:53.068317
voltage,121.11,2025-09-10 13:28:53.068317
filament_temp,128.4,2025-09-10 13:28:53.568550
bed_temp,55.9,2025-09-10 13:28:53.568550
current,0.07,2025-09-10 13:28:53.568550
power,3,2025-09-10 13:28:53.568550
voltage,121.11,2025-09-10 13:28:53.568550
filament_temp,124.2,2025-09-10 13:28:54.068793
bed_temp,54.6,2025-09-10 13:28:54.068793
current,0.07,2025-09-10 13:28:54.068793
power,3,2025-09-10 13:28:54.068793
voltage,121.11,2025-09-10 13:28:54.068793
filament_temp,124.2,2025-09-10 13:28:54.569031
bed_temp,54.6,2025-09-10 13:28:54.569031
current,0.07,2025-09-10 13:28:54.569031
power,3,2025-09-10 13:28:54.569031
voltage,121.11,2025-09-10 13:28:54.569031
filament_temp,124.2,2025-09-10 13:28:55.069232
bed_temp,54.6,2025-09-10 13:28:55.069232
current,0.07,2025-09-10 13:28:55.069232
power,3,2025-09-10 13:28:55.069232
voltage,121.11,2025-09-10 13:28:55.069232
filament_temp,124.2,2025-09-10 13:28:55.569405
bed_temp,54.6,2025-09-10 13:28:55.569405
current,0.07,2025-09-10 13:28:55.569405
power,3,2025-09-10 13:28:55.569405
voltage,121.11,2025-09-10 13:28:55.569405
filament_temp,124.2,2025-09-10 13:28:56.069615
bed_temp,54.6,2025-09-10 13:28:56.069615
current,0.07,2025-09-10 13:28:56.069615
power,3,2025-09-10 13:28:56.069615
voltage,121.11,2025-09-10 13:28:56.069615
filament_temp,124.2,2025-09-10 13:28:56.569827
bed_temp,54.6,2025-09-10 13:28:56.569827
current,0.07,2025-09-10 13:28:56.569827
power,3,2025-09-10 13:28:56.569827
voltage,121.11,2025-09-10 13:28:56.569827
filament_temp,124.2,2025-09-10 13:28:57.070061
bed_temp,54.6,2025-09-10 13:28:57.070061
current,0.07,2025-09-10 13:28:57.070061
power,3,2025-09-10 13:28:57.070061
voltage,121.11,2025-09-10 13:28:57.070061
filament_temp,124.2,2025-09-10 13:28:57.570285
bed_temp,54.6,2025-09-10 13:28:57.570285
current,0.07,2025-09-10 13:28:57.570285
power,3,2025-09-10 13:28:57.570285
voltage,121.11,2025-09-10 13:28:57.570285
filament_temp,124.2,2025-09-10 13:28:58.070510
bed_temp,54.6,2025-09-10 13:28:58.070510
current,0.07,2025-09-10 13:28:58.070510
power,3,2025-09-10 13:28:58.070510
voltage,121.11,2025-09-10 13:28:58.070510
filament_temp,124.2,2025-09-10 13:28:58.570734
bed_temp,54.6,2025-09-10 13:28:58.570734
current,0.07,2025-09-10 13:28:58.570734
power,3,2025-09-10 13:28:58.570734
voltage,121.11,2025-09-10 13:28:58.570734
filament_temp,121.9,2025-09-10 13:28:59.070959
bed_temp,55.0,2025-09-10 13:28:59.070959
current,0.07,2025-09-10 13:28:59.070959
power,3,2025-09-10 13:28:59.070959
voltage,121.11,2025-09-10 13:28:59.070959
filament_temp,121.9,2025-09-10 13:28:59.571170
bed_temp,55.0,2025-09-10 13:28:59.571170
current,0.07,2025-09-10 13:28:59.571170
power,3,2025-09-10 13:28:59.571170
voltage,121.11,2025-09-10 13:28:59.571170
